2026-09-27T00:27:21.286+03:00 [RUN] {"event":"start","pid":22133}
2026-09-27T00:27:21.286+03:00 [AGENT] {"console_log_path":"/tmp/chatter-main-bw500-20260926T212713Z.console.log","event":"ready","log_path":"/tmp/chatter-main-bw500-20260926T212713Z.log"}
2026-09-27T00:27:40.037+03:00 [AGENT REQUEST] {"id":1,"op":"discover","scope":"ble"}
2026-09-27T00:27:43.157+03:00 [AGENT RESPONSE] {"id":1,"ok":true,"result":{"devices":[{"detail":"44:1B:F6:8D:B7:A9","key":"ble-address:44:1b:f6:8d:b7:a9","kind":"ble","label":"BLE  LoRa-Chatter-1B44"},{"detail":"E0:72:A1:D5:4C:15","key":"ble-address:e0:72:a1:d5:4c:15","kind":"ble","label":"BLE  LoRa-Chatter-72E0"}]}}
2026-09-27T00:28:00.862+03:00 [AGENT REQUEST] {"id":2,"op":"open","device_key":"ble-address:44:1b:f6:8d:b7:a9","profile":"chatter"}
2026-09-27T00:28:00.882+03:00 [STATE] {"description":"ble:LoRa-Chatter-1B44 44:1B:F6:8D:B7:A9","device_key":"ble-address:44:1b:f6:8d:b7:a9","kind":"state","seq":1,"session":"s1","state":"reconnecting","timestamp":1790458080.8809235}
2026-09-27T00:28:06.164+03:00 [TX] {"data_b64":"L2lkCg==","description":"ble:LoRa-Chatter-1B44 44:1B:F6:8D:B7:A9","device_key":"ble-address:44:1b:f6:8d:b7:a9","kind":"tx","seq":2,"session":"s1","timestamp":1790458086.1643755,"tx_state":"connect-preamble-written"}
2026-09-27T00:28:06.164+03:00 [AGENT RESPONSE] {"id":2,"ok":true,"result":{"description":"ble:LoRa-Chatter-1B44 44:1B:F6:8D:B7:A9","device_key":"ble-address:44:1b:f6:8d:b7:a9","latest_seq":3,"profile":"chatter","session":"s1","state":"connected","streams":["chat","telemetry"]}}
2026-09-27T00:28:06.164+03:00 [STATE] {"description":"ble:LoRa-Chatter-1B44 44:1B:F6:8D:B7:A9","device_key":"ble-address:44:1b:f6:8d:b7:a9","kind":"state","seq":3,"session":"s1","state":"connected","timestamp":1790458086.1644282}
2026-09-27T00:28:06.164+03:00 [AGENT REQUEST] {"id":3,"op":"open","device_key":"ble-address:e0:72:a1:d5:4c:15","profile":"chatter"}
2026-09-27T00:28:06.166+03:00 [STATE] {"description":"ble:LoRa-Chatter-72E0 E0:72:A1:D5:4C:15","device_key":"ble-address:e0:72:a1:d5:4c:15","kind":"state","seq":1,"session":"s2","state":"reconnecting","timestamp":1790458086.1664662}
2026-09-27T00:28:06.252+03:00 [RX chat] {"data_b64":"W1NZU10gQ0hBVFRFUiBOT0RFIEw=","description":"ble:LoRa-Chatter-1B44 44:1B:F6:8D:B7:A9","device_key":"ble-address:44:1b:f6:8d:b7:a9","kind":"rx","seq":4,"session":"s1","stream":"chat","text":"[SYS] CHATTER NODE L","timestamp":1790458086.2525594}
2026-09-27T00:28:06.253+03:00 [RX chat] {"data_b64":"b1JhLUNoYXR0ZXItMUI0NAo=","description":"ble:LoRa-Chatter-1B44 44:1B:F6:8D:B7:A9","device_key":"ble-address:44:1b:f6:8d:b7:a9","kind":"rx","seq":5,"session":"s1","stream":"chat","text":"oRa-Chatter-1B44\n","timestamp":1790458086.2526498}
2026-09-27T00:28:06.433+03:00 [RX telemetry] {"data_b64":"ClNFU1NJT04gdD0yODgwcyBUWCA=","description":"ble:LoRa-Chatter-1B44 44:1B:F6:8D:B7:A9","device_key":"ble-address:44:1b:f6:8d:b7:a9","kind":"rx","seq":6,"session":"s1","stream":"telemetry","text":"\nSESSION t=2880s TX ","timestamp":1790458086.4326978}
2026-09-27T00:28:06.433+03:00 [RX telemetry] {"data_b64":"b2s9NDQgdXNlcj0yMyBlY2hvX3I=","description":"ble:LoRa-Chatter-1B44 44:1B:F6:8D:B7:A9","device_key":"ble-address:44:1b:f6:8d:b7:a9","kind":"rx","seq":7,"session":"s1","stream":"telemetry","text":"ok=44 user=23 echo_r","timestamp":1790458086.4327996}
2026-09-27T00:28:06.433+03:00 [RX telemetry] {"data_b64":"ZXE9MCBlY2hvX3JlcD0wIGhiPTA=","description":"ble:LoRa-Chatter-1B44 44:1B:F6:8D:B7:A9","device_key":"ble-address:44:1b:f6:8d:b7:a9","kind":"rx","seq":8,"session":"s1","stream":"telemetry","text":"eq=0 echo_rep=0 hb=0","timestamp":1790458086.4335713}
2026-09-27T00:28:06.434+03:00 [RX telemetry] {"data_b64":"KGlkbGU9MCkgZXJyPTAgc3RhcnQ=","description":"ble:LoRa-Chatter-1B44 44:1B:F6:8D:B7:A9","device_key":"ble-address:44:1b:f6:8d:b7:a9","kind":"rx","seq":9,"session":"s1","stream":"telemetry","text":"(idle=0) err=0 start","timestamp":1790458086.4341724}
2026-09-27T00:28:06.434+03:00 [RX telemetry] {"data_b64":"ZWQ9NDQgUlggb2s9NDQgdXNlcj0=","description":"ble:LoRa-Chatter-1B44 44:1B:F6:8D:B7:A9","device_key":"ble-address:44:1b:f6:8d:b7:a9","kind":"rx","seq":10,"session":"s1","stream":"telemetry","text":"ed=44 RX ok=44 user=","timestamp":1790458086.434795}
2026-09-27T00:28:06.435+03:00 [RX telemetry] {"data_b64":"MjEgZWNob19yZXE9MCBlY2hvX3I=","description":"ble:LoRa-Chatter-1B44 44:1B:F6:8D:B7:A9","device_key":"ble-address:44:1b:f6:8d:b7:a9","kind":"rx","seq":11,"session":"s1","stream":"telemetry","text":"21 echo_req=0 echo_r","timestamp":1790458086.4348545}
2026-09-27T00:28:06.436+03:00 [RX telemetry] {"data_b64":"ZXA9MCBoYj0wIGNyYz0yIGhkcj0=","description":"ble:LoRa-Chatter-1B44 44:1B:F6:8D:B7:A9","device_key":"ble-address:44:1b:f6:8d:b7:a9","kind":"rx","seq":12,"session":"s1","stream":"telemetry","text":"ep=0 hb=0 crc=2 hdr=","timestamp":1790458086.4358962}
2026-09-27T00:28:06.436+03:00 [RX telemetry] {"data_b64":"NCBiYWQ9MSByZWFkZXJyPTAgcmU=","description":"ble:LoRa-Chatter-1B44 44:1B:F6:8D:B7:A9","device_key":"ble-address:44:1b:f6:8d:b7:a9","kind":"rx","seq":13,"session":"s1","stream":"telemetry","text":"4 bad=1 readerr=0 re","timestamp":1790458086.4365294}
2026-09-27T00:28:06.436+03:00 [RX telemetry] {"data_b64":"cG9ydHM9NDQgUT0xMDAlIGRyb3A=","description":"ble:LoRa-Chatter-1B44 44:1B:F6:8D:B7:A9","device_key":"ble-address:44:1b:f6:8d:b7:a9","kind":"rx","seq":14,"session":"s1","stream":"telemetry","text":"ports=44 Q=100% drop","timestamp":1790458086.4365823}
2026-09-27T00:28:06.439+03:00 [RX telemetry] {"data_b64":"cz0wIGZhdGFsPTAK","description":"ble:LoRa-Chatter-1B44 44:1B:F6:8D:B7:A9","device_key":"ble-address:44:1b:f6:8d:b7:a9","kind":"rx","seq":15,"session":"s1","stream":"telemetry","text":"s=0 fatal=0\n","timestamp":1790458086.439386}
2026-09-27T00:28:06.439+03:00 [RX telemetry] {"data_b64":"U0VTU0lPTiBDT1VSVEVTWSB3aW4=","description":"ble:LoRa-Chatter-1B44 44:1B:F6:8D:B7:A9","device_key":"ble-address:44:1b:f6:8d:b7:a9","kind":"rx","seq":16,"session":"s1","stream":"telemetry","text":"SESSION COURTESY win","timestamp":1790458086.4394605}
2026-09-27T00:28:06.440+03:00 [RX telemetry] {"data_b64":"ZG93PTUwMDBtcyBwZWVyX3JlbGU=","description":"ble:LoRa-Chatter-1B44 44:1B:F6:8D:B7:A9","device_key":"ble-address:44:1b:f6:8d:b7:a9","kind":"rx","seq":17,"session":"s1","stream":"telemetry","text":"dow=5000ms peer_rele","timestamp":1790458086.4402392}
2026-09-27T00:28:06.440+03:00 [RX telemetry] {"data_b64":"YXNlPTAgZXhwaXJlZD0wIHlpZWw=","description":"ble:LoRa-Chatter-1B44 44:1B:F6:8D:B7:A9","device_key":"ble-address:44:1b:f6:8d:b7:a9","kind":"rx","seq":18,"session":"s1","stream":"telemetry","text":"ase=0 expired=0 yiel","timestamp":1790458086.440287}
2026-09-27T00:28:06.440+03:00 [RX telemetry] {"data_b64":"ZGluZz0wCg==","description":"ble:LoRa-Chatter-1B44 44:1B:F6:8D:B7:A9","device_key":"ble-address:44:1b:f6:8d:b7:a9","kind":"rx","seq":19,"session":"s1","stream":"telemetry","text":"ding=0\n","timestamp":1790458086.4403107}
2026-09-27T00:28:06.441+03:00 [RX telemetry] {"data_b64":"U0VTU0lPTiBESU8wX1RYIGFmZmU=","description":"ble:LoRa-Chatter-1B44 44:1B:F6:8D:B7:A9","device_key":"ble-address:44:1b:f6:8d:b7:a9","kind":"rx","seq":20,"session":"s1","stream":"telemetry","text":"SESSION DIO0_TX affe","timestamp":1790458086.4410548}
2026-09-27T00:28:06.441+03:00 [RX telemetry] {"data_b64":"Y3RlZD0wLzQ0IGVwaXNvZGVzPTA=","description":"ble:LoRa-Chatter-1B44 44:1B:F6:8D:B7:A9","device_key":"ble-address:44:1b:f6:8d:b7:a9","kind":"rx","seq":21,"session":"s1","stream":"telemetry","text":"cted=0/44 episodes=0","timestamp":1790458086.4414203}
2026-09-27T00:28:06.442+03:00 [RX telemetry] {"data_b64":"IGF2Z19hbGw9MC4wMCBhdmdfYWY=","description":"ble:LoRa-Chatter-1B44 44:1B:F6:8D:B7:A9","device_key":"ble-address:44:1b:f6:8d:b7:a9","kind":"rx","seq":22,"session":"s1","stream":"telemetry","text":" avg_all=0.00 avg_af","timestamp":1790458086.4420516}
2026-09-27T00:28:06.443+03:00 [RX telemetry] {"data_b64":"ZmVjdGVkPTAuMDAgaGlnaF9wb2w=","description":"ble:LoRa-Chatter-1B44 44:1B:F6:8D:B7:A9","device_key":"ble-address:44:1b:f6:8d:b7:a9","kind":"rx","seq":23,"session":"s1","stream":"telemetry","text":"fected=0.00 high_pol","timestamp":1790458086.4430556}
2026-09-27T00:28:06.443+03:00 [RX telemetry] {"data_b64":"bHM9MAo=","description":"ble:LoRa-Chatter-1B44 44:1B:F6:8D:B7:A9","device_key":"ble-address:44:1b:f6:8d:b7:a9","kind":"rx","seq":24,"session":"s1","stream":"telemetry","text":"ls=0\n","timestamp":1790458086.4437625}
2026-09-27T00:28:06.444+03:00 [RX telemetry] {"data_b64":"U0VTU0lPTiBSWF9QT0xMIHBvbGw=","description":"ble:LoRa-Chatter-1B44 44:1B:F6:8D:B7:A9","device_key":"ble-address:44:1b:f6:8d:b7:a9","kind":"rx","seq":25,"session":"s1","stream":"telemetry","text":"SESSION RX_POLL poll","timestamp":1790458086.443829}
2026-09-27T00:28:06.446+03:00 [RX telemetry] {"data_b64":"cz0yMTUzMDIxIHJ4ZG9uZT01MSA=","description":"ble:LoRa-Chatter-1B44 44:1B:F6:8D:B7:A9","device_key":"ble-address:44:1b:f6:8d:b7:a9","kind":"rx","seq":26,"session":"s1","stream":"telemetry","text":"s=2153021 rxdone=51 ","timestamp":1790458086.4461212}
2026-09-27T00:28:06.446+03:00 [RX telemetry] {"data_b64":"aW50ZXJ2YWw9MTAwMHVzIERJTzA=","description":"ble:LoRa-Chatter-1B44 44:1B:F6:8D:B7:A9","device_key":"ble-address:44:1b:f6:8d:b7:a9","kind":"rx","seq":27,"session":"s1","stream":"telemetry","text":"interval=1000us DIO0","timestamp":1790458086.446741}
2026-09-27T00:28:06.447+03:00 [RX telemetry] {"data_b64":"X1JYIGZhbHNlX2hpZ2hfZXA9MCA=","description":"ble:LoRa-Chatter-1B44 44:1B:F6:8D:B7:A9","device_key":"ble-address:44:1b:f6:8d:b7:a9","kind":"rx","seq":28,"session":"s1","stream":"telemetry","text":"_RX false_high_ep=0 ","timestamp":1790458086.4472692}
2026-09-27T00:28:06.447+03:00 [RX telemetry] {"data_b64":"aGlnaF9wb2xscz0wIHJ4ZG9uZV8=","description":"ble:LoRa-Chatter-1B44 44:1B:F6:8D:B7:A9","device_key":"ble-address:44:1b:f6:8d:b7:a9","kind":"rx","seq":29,"session":"s1","stream":"telemetry","text":"high_polls=0 rxdone_","timestamp":1790458086.447318}
2026-09-27T00:28:06.448+03:00 [RX telemetry] {"data_b64":"bG93PTEgaXNyPWRpc2FibGVkCg==","description":"ble:LoRa-Chatter-1B44 44:1B:F6:8D:B7:A9","device_key":"ble-address:44:1b:f6:8d:b7:a9","kind":"rx","seq":30,"session":"s1","stream":"telemetry","text":"low=1 isr=disabled\n","timestamp":1790458086.4485}
2026-09-27T00:28:11.032+03:00 [TX] {"data_b64":"L2lkCg==","description":"ble:LoRa-Chatter-72E0 E0:72:A1:D5:4C:15","device_key":"ble-address:e0:72:a1:d5:4c:15","kind":"tx","seq":2,"session":"s2","timestamp":1790458091.031953,"tx_state":"connect-preamble-written"}
2026-09-27T00:28:11.032+03:00 [AGENT RESPONSE] {"id":3,"ok":true,"result":{"description":"ble:LoRa-Chatter-72E0 E0:72:A1:D5:4C:15","device_key":"ble-address:e0:72:a1:d5:4c:15","latest_seq":3,"profile":"chatter","session":"s2","state":"connected","streams":["chat","telemetry"]}}
2026-09-27T00:28:11.032+03:00 [STATE] {"description":"ble:LoRa-Chatter-72E0 E0:72:A1:D5:4C:15","device_key":"ble-address:e0:72:a1:d5:4c:15","kind":"state","seq":3,"session":"s2","state":"connected","timestamp":1790458091.0320392}
2026-09-27T00:28:11.118+03:00 [RX chat] {"data_b64":"W1NZU10gQ0hBVFRFUiBOT0RFIEw=","description":"ble:LoRa-Chatter-72E0 E0:72:A1:D5:4C:15","device_key":"ble-address:e0:72:a1:d5:4c:15","kind":"rx","seq":4,"session":"s2","stream":"chat","text":"[SYS] CHATTER NODE L","timestamp":1790458091.118655}
2026-09-27T00:28:11.119+03:00 [RX chat] {"data_b64":"b1JhLUNoYXR0ZXItNzJFMAo=","description":"ble:LoRa-Chatter-72E0 E0:72:A1:D5:4C:15","device_key":"ble-address:e0:72:a1:d5:4c:15","kind":"rx","seq":5,"session":"s2","stream":"chat","text":"oRa-Chatter-72E0\n","timestamp":1790458091.1190236}
2026-09-27T00:28:26.690+03:00 [RX telemetry] {"data_b64":"ClNFU1NJT04gdD0yMTYwcyBUWCA=","description":"ble:LoRa-Chatter-72E0 E0:72:A1:D5:4C:15","device_key":"ble-address:e0:72:a1:d5:4c:15","kind":"rx","seq":6,"session":"s2","stream":"telemetry","text":"\nSESSION t=2160s TX ","timestamp":1790458106.6902137}
2026-09-27T00:28:26.690+03:00 [RX telemetry] {"data_b64":"b2s9MTggdXNlcj04IGVjaG9fcmU=","description":"ble:LoRa-Chatter-72E0 E0:72:A1:D5:4C:15","device_key":"ble-address:e0:72:a1:d5:4c:15","kind":"rx","seq":7,"session":"s2","stream":"telemetry","text":"ok=18 user=8 echo_re","timestamp":1790458106.690618}
2026-09-27T00:28:26.690+03:00 [RX telemetry] {"data_b64":"cT0wIGVjaG9fcmVwPTAgaGI9MCg=","description":"ble:LoRa-Chatter-72E0 E0:72:A1:D5:4C:15","device_key":"ble-address:e0:72:a1:d5:4c:15","kind":"rx","seq":8,"session":"s2","stream":"telemetry","text":"q=0 echo_rep=0 hb=0(","timestamp":1790458106.690648}
2026-09-27T00:28:26.693+03:00 [RX telemetry] {"data_b64":"aWRsZT0wKSBlcnI9MCBzdGFydGU=","description":"ble:LoRa-Chatter-72E0 E0:72:A1:D5:4C:15","device_key":"ble-address:e0:72:a1:d5:4c:15","kind":"rx","seq":9,"session":"s2","stream":"telemetry","text":"idle=0) err=0 starte","timestamp":1790458106.6929104}
2026-09-27T00:28:26.693+03:00 [RX telemetry] {"data_b64":"ZD0xOCBSWCBvaz0xOCB1c2VyPTE=","description":"ble:LoRa-Chatter-72E0 E0:72:A1:D5:4C:15","device_key":"ble-address:e0:72:a1:d5:4c:15","kind":"rx","seq":10,"session":"s2","stream":"telemetry","text":"d=18 RX ok=18 user=1","timestamp":1790458106.6932917}
2026-09-27T00:28:26.693+03:00 [RX telemetry] {"data_b64":"MCBlY2hvX3JlcT0wIGVjaG9fcmU=","description":"ble:LoRa-Chatter-72E0 E0:72:A1:D5:4C:15","device_key":"ble-address:e0:72:a1:d5:4c:15","kind":"rx","seq":11,"session":"s2","stream":"telemetry","text":"0 echo_req=0 echo_re","timestamp":1790458106.6933253}
2026-09-27T00:28:26.693+03:00 [RX telemetry] {"data_b64":"cD0wIGhiPTAgY3JjPTUgaGRyPTQ=","description":"ble:LoRa-Chatter-72E0 E0:72:A1:D5:4C:15","device_key":"ble-address:e0:72:a1:d5:4c:15","kind":"rx","seq":12,"session":"s2","stream":"telemetry","text":"p=0 hb=0 crc=5 hdr=4","timestamp":1790458106.693675}
2026-09-27T00:28:26.697+03:00 [RX telemetry] {"data_b64":"IGJhZD0wIHJlYWRlcnI9MCByZXA=","description":"ble:LoRa-Chatter-72E0 E0:72:A1:D5:4C:15","device_key":"ble-address:e0:72:a1:d5:4c:15","kind":"rx","seq":13,"session":"s2","stream":"telemetry","text":" bad=0 readerr=0 rep","timestamp":1790458106.69693}
2026-09-27T00:28:26.699+03:00 [RX telemetry] {"data_b64":"b3J0cz0xOCBRPTEwMCUgZHJvcHM=","description":"ble:LoRa-Chatter-72E0 E0:72:A1:D5:4C:15","device_key":"ble-address:e0:72:a1:d5:4c:15","kind":"rx","seq":14,"session":"s2","stream":"telemetry","text":"orts=18 Q=100% drops","timestamp":1790458106.698817}
2026-09-27T00:28:26.699+03:00 [RX telemetry] {"data_b64":"PTAgZmF0YWw9MAo=","description":"ble:LoRa-Chatter-72E0 E0:72:A1:D5:4C:15","device_key":"ble-address:e0:72:a1:d5:4c:15","kind":"rx","seq":15,"session":"s2","stream":"telemetry","text":"=0 fatal=0\n","timestamp":1790458106.6988611}
2026-09-27T00:28:26.699+03:00 [RX telemetry] {"data_b64":"U0VTU0lPTiBDT1VSVEVTWSB3aW4=","description":"ble:LoRa-Chatter-72E0 E0:72:A1:D5:4C:15","device_key":"ble-address:e0:72:a1:d5:4c:15","kind":"rx","seq":16,"session":"s2","stream":"telemetry","text":"SESSION COURTESY win","timestamp":1790458106.6988919}
2026-09-27T00:28:26.699+03:00 [RX telemetry] {"data_b64":"ZG93PTUwMDBtcyBwZWVyX3JlbGU=","description":"ble:LoRa-Chatter-72E0 E0:72:A1:D5:4C:15","device_key":"ble-address:e0:72:a1:d5:4c:15","kind":"rx","seq":17,"session":"s2","stream":"telemetry","text":"dow=5000ms peer_rele","timestamp":1790458106.698905}
2026-09-27T00:28:26.699+03:00 [RX telemetry] {"data_b64":"YXNlPTAgZXhwaXJlZD0wIHlpZWw=","description":"ble:LoRa-Chatter-72E0 E0:72:A1:D5:4C:15","device_key":"ble-address:e0:72:a1:d5:4c:15","kind":"rx","seq":18,"session":"s2","stream":"telemetry","text":"ase=0 expired=0 yiel","timestamp":1790458106.6989162}
2026-09-27T00:28:26.699+03:00 [RX telemetry] {"data_b64":"ZGluZz0wCg==","description":"ble:LoRa-Chatter-72E0 E0:72:A1:D5:4C:15","device_key":"ble-address:e0:72:a1:d5:4c:15","kind":"rx","seq":19,"session":"s2","stream":"telemetry","text":"ding=0\n","timestamp":1790458106.6989274}
2026-09-27T00:28:26.699+03:00 [RX telemetry] {"data_b64":"U0VTU0lPTiBESU8wX1RYIGFmZmU=","description":"ble:LoRa-Chatter-72E0 E0:72:A1:D5:4C:15","device_key":"ble-address:e0:72:a1:d5:4c:15","kind":"rx","seq":20,"session":"s2","stream":"telemetry","text":"SESSION DIO0_TX affe","timestamp":1790458106.6989398}
2026-09-27T00:28:26.699+03:00 [RX telemetry] {"data_b64":"Y3RlZD0wLzE4IGVwaXNvZGVzPTA=","description":"ble:LoRa-Chatter-72E0 E0:72:A1:D5:4C:15","device_key":"ble-address:e0:72:a1:d5:4c:15","kind":"rx","seq":21,"session":"s2","stream":"telemetry","text":"cted=0/18 episodes=0","timestamp":1790458106.6998043}
2026-09-27T00:28:26.700+03:00 [RX telemetry] {"data_b64":"IGF2Z19hbGw9MC4wMCBhdmdfYWY=","description":"ble:LoRa-Chatter-72E0 E0:72:A1:D5:4C:15","device_key":"ble-address:e0:72:a1:d5:4c:15","kind":"rx","seq":22,"session":"s2","stream":"telemetry","text":" avg_all=0.00 avg_af","timestamp":1790458106.700001}
2026-09-27T00:28:26.700+03:00 [RX telemetry] {"data_b64":"ZmVjdGVkPTAuMDAgaGlnaF9wb2w=","description":"ble:LoRa-Chatter-72E0 E0:72:A1:D5:4C:15","device_key":"ble-address:e0:72:a1:d5:4c:15","kind":"rx","seq":23,"session":"s2","stream":"telemetry","text":"fected=0.00 high_pol","timestamp":1790458106.7002594}
2026-09-27T00:28:26.703+03:00 [RX telemetry] {"data_b64":"bHM9MAo=","description":"ble:LoRa-Chatter-72E0 E0:72:A1:D5:4C:15","device_key":"ble-address:e0:72:a1:d5:4c:15","kind":"rx","seq":24,"session":"s2","stream":"telemetry","text":"ls=0\n","timestamp":1790458106.703351}
2026-09-27T00:28:26.703+03:00 [RX telemetry] {"data_b64":"U0VTU0lPTiBSWF9QT0xMIHBvbGw=","description":"ble:LoRa-Chatter-72E0 E0:72:A1:D5:4C:15","device_key":"ble-address:e0:72:a1:d5:4c:15","kind":"rx","seq":25,"session":"s2","stream":"telemetry","text":"SESSION RX_POLL poll","timestamp":1790458106.7038367}
2026-09-27T00:28:26.704+03:00 [RX telemetry] {"data_b64":"cz0xNTA3MDc2IHJ4ZG9uZT0yNyA=","description":"ble:LoRa-Chatter-72E0 E0:72:A1:D5:4C:15","device_key":"ble-address:e0:72:a1:d5:4c:15","kind":"rx","seq":26,"session":"s2","stream":"telemetry","text":"s=1507076 rxdone=27 ","timestamp":1790458106.7042246}
2026-09-27T00:28:26.704+03:00 [RX telemetry] {"data_b64":"aW50ZXJ2YWw9MTAwMHVzIERJTzA=","description":"ble:LoRa-Chatter-72E0 E0:72:A1:D5:4C:15","device_key":"ble-address:e0:72:a1:d5:4c:15","kind":"rx","seq":27,"session":"s2","stream":"telemetry","text":"interval=1000us DIO0","timestamp":1790458106.704261}
2026-09-27T00:28:26.704+03:00 [RX telemetry] {"data_b64":"X1JYIGZhbHNlX2hpZ2hfZXA9MCA=","description":"ble:LoRa-Chatter-72E0 E0:72:A1:D5:4C:15","device_key":"ble-address:e0:72:a1:d5:4c:15","kind":"rx","seq":28,"session":"s2","stream":"telemetry","text":"_RX false_high_ep=0 ","timestamp":1790458106.7042859}
2026-09-27T00:28:26.704+03:00 [RX telemetry] {"data_b64":"aGlnaF9wb2xscz0wIHJ4ZG9uZV8=","description":"ble:LoRa-Chatter-72E0 E0:72:A1:D5:4C:15","device_key":"ble-address:e0:72:a1:d5:4c:15","kind":"rx","seq":29,"session":"s2","stream":"telemetry","text":"high_polls=0 rxdone_","timestamp":1790458106.7047837}
2026-09-27T00:28:26.705+03:00 [RX telemetry] {"data_b64":"bG93PTAgaXNyPWRpc2FibGVkCg==","description":"ble:LoRa-Chatter-72E0 E0:72:A1:D5:4C:15","device_key":"ble-address:e0:72:a1:d5:4c:15","kind":"rx","seq":30,"session":"s2","stream":"telemetry","text":"low=0 isr=disabled\n","timestamp":1790458106.7050714}
2026-09-27T00:28:27.098+03:00 [RX telemetry] {"data_b64":"ClJYIENSQyBFUlJPUiBJUlE9MHg=","description":"ble:LoRa-Chatter-72E0 E0:72:A1:D5:4C:15","device_key":"ble-address:e0:72:a1:d5:4c:15","kind":"rx","seq":31,"session":"s2","stream":"telemetry","text":"\nRX CRC ERROR IRQ=0x","timestamp":1790458107.0971282}
2026-09-27T00:28:27.099+03:00 [RX telemetry] {"data_b64":"NzAgUlg9LTEyMC8tMTEgbGVuPTE=","description":"ble:LoRa-Chatter-72E0 E0:72:A1:D5:4C:15","device_key":"ble-address:e0:72:a1:d5:4c:15","kind":"rx","seq":32,"session":"s2","stream":"telemetry","text":"70 RX=-120/-11 len=1","timestamp":1790458107.098918}
2026-09-27T00:28:27.099+03:00 [RX telemetry] {"data_b64":"Cg==","description":"ble:LoRa-Chatter-72E0 E0:72:A1:D5:4C:15","device_key":"ble-address:e0:72:a1:d5:4c:15","kind":"rx","seq":33,"session":"s2","stream":"telemetry","text":"\n","timestamp":1790458107.0989978}
2026-09-27T00:28:31.706+03:00 [AGENT REQUEST] {"id":4,"op":"send_line","session":"s1","text":"/id"}
2026-09-27T00:28:31.706+03:00 [TX] {"data_b64":"L2lkCg==","device_key":"ble-address:44:1b:f6:8d:b7:a9","kind":"tx","seq":31,"session":"s1","text":"/id","timestamp":1790458111.706537,"tx_id":1,"tx_state":"queued"}
2026-09-27T00:28:31.707+03:00 [AGENT RESPONSE] {"id":4,"ok":true,"result":{"state":"queued","tx_id":1}}
2026-09-27T00:28:31.707+03:00 [AGENT REQUEST] {"id":5,"op":"send_line","session":"s1","text":"/version"}
2026-09-27T00:28:31.707+03:00 [TX] {"data_b64":"L3ZlcnNpb24K","device_key":"ble-address:44:1b:f6:8d:b7:a9","kind":"tx","seq":32,"session":"s1","text":"/version","timestamp":1790458111.7072074,"tx_id":2,"tx_state":"queued"}
2026-09-27T00:28:31.707+03:00 [AGENT RESPONSE] {"id":5,"ok":true,"result":{"state":"queued","tx_id":2}}
2026-09-27T00:28:31.707+03:00 [TX] {"data_b64":"L2lkCg==","description":"ble:LoRa-Chatter-1B44 44:1B:F6:8D:B7:A9","device_key":"ble-address:44:1b:f6:8d:b7:a9","kind":"tx","seq":33,"session":"s1","text":"/id","timestamp":1790458111.7075067,"tx_id":1,"tx_state":"written"}
2026-09-27T00:28:31.707+03:00 [AGENT REQUEST] {"id":6,"op":"send_line","session":"s1","text":"/config"}
2026-09-27T00:28:31.707+03:00 [TX] {"data_b64":"L2NvbmZpZwo=","device_key":"ble-address:44:1b:f6:8d:b7:a9","kind":"tx","seq":34,"session":"s1","text":"/config","timestamp":1790458111.70782,"tx_id":3,"tx_state":"queued"}
2026-09-27T00:28:31.707+03:00 [AGENT RESPONSE] {"id":6,"ok":true,"result":{"state":"queued","tx_id":3}}
2026-09-27T00:28:31.708+03:00 [AGENT REQUEST] {"id":7,"op":"send_line","session":"s2","text":"/id"}
2026-09-27T00:28:31.708+03:00 [TX] {"data_b64":"L3ZlcnNpb24K","description":"ble:LoRa-Chatter-1B44 44:1B:F6:8D:B7:A9","device_key":"ble-address:44:1b:f6:8d:b7:a9","kind":"tx","seq":35,"session":"s1","text":"/version","timestamp":1790458111.708025,"tx_id":2,"tx_state":"written"}
2026-09-27T00:28:31.708+03:00 [TX] {"data_b64":"L2lkCg==","device_key":"ble-address:e0:72:a1:d5:4c:15","kind":"tx","seq":34,"session":"s2","text":"/id","timestamp":1790458111.7082825,"tx_id":1,"tx_state":"queued"}
2026-09-27T00:28:31.708+03:00 [AGENT RESPONSE] {"id":7,"ok":true,"result":{"state":"queued","tx_id":1}}
2026-09-27T00:28:31.708+03:00 [TX] {"data_b64":"L2NvbmZpZwo=","description":"ble:LoRa-Chatter-1B44 44:1B:F6:8D:B7:A9","device_key":"ble-address:44:1b:f6:8d:b7:a9","kind":"tx","seq":36,"session":"s1","text":"/config","timestamp":1790458111.708557,"tx_id":3,"tx_state":"written"}
2026-09-27T00:28:31.709+03:00 [TX] {"data_b64":"L2lkCg==","description":"ble:LoRa-Chatter-72E0 E0:72:A1:D5:4C:15","device_key":"ble-address:e0:72:a1:d5:4c:15","kind":"tx","seq":35,"session":"s2","text":"/id","timestamp":1790458111.7089717,"tx_id":1,"tx_state":"written"}
2026-09-27T00:28:31.709+03:00 [AGENT REQUEST] {"id":8,"op":"send_line","session":"s2","text":"/version"}
2026-09-27T00:28:31.709+03:00 [TX] {"data_b64":"L3ZlcnNpb24K","device_key":"ble-address:e0:72:a1:d5:4c:15","kind":"tx","seq":36,"session":"s2","text":"/version","timestamp":1790458111.7091494,"tx_id":2,"tx_state":"queued"}
2026-09-27T00:28:31.709+03:00 [AGENT RESPONSE] {"id":8,"ok":true,"result":{"state":"queued","tx_id":2}}
2026-09-27T00:28:31.709+03:00 [AGENT REQUEST] {"id":9,"op":"send_line","session":"s2","text":"/config"}
2026-09-27T00:28:31.709+03:00 [TX] {"data_b64":"L2NvbmZpZwo=","device_key":"ble-address:e0:72:a1:d5:4c:15","kind":"tx","seq":37,"session":"s2","text":"/config","timestamp":1790458111.7094853,"tx_id":3,"tx_state":"queued"}
2026-09-27T00:28:31.709+03:00 [AGENT RESPONSE] {"id":9,"ok":true,"result":{"state":"queued","tx_id":3}}
2026-09-27T00:28:31.709+03:00 [TX] {"data_b64":"L3ZlcnNpb24K","description":"ble:LoRa-Chatter-72E0 E0:72:A1:D5:4C:15","device_key":"ble-address:e0:72:a1:d5:4c:15","kind":"tx","seq":38,"session":"s2","text":"/version","timestamp":1790458111.70959,"tx_id":2,"tx_state":"written"}
2026-09-27T00:28:31.709+03:00 [AGENT REQUEST] {"id":10,"op":"observe","cursors":{"s1":3,"s2":3},"timeout_ms":1000}
2026-09-27T00:28:31.710+03:00 [AGENT RESPONSE] {"id":10,"ok":true,"result":{"cursors":{"s1":36,"s2":39},"lines":[{"seq_first":4,"seq_last":5,"session":"s1","stream":"chat","text":"[SYS] CHATTER NODE LoRa-Chatter-1B44"},{"seq_first":6,"seq_last":6,"session":"s1","stream":"telemetry","text":""},{"seq_first":6,"seq_last":15,"session":"s1","stream":"telemetry","text":"SESSION t=2880s TX ok=44 user=23 echo_req=0 echo_rep=0 hb=0(idle=0) err=0 started=44 RX ok=44 user=21 echo_req=0 echo_rep=0 hb=0 crc=2 hdr=4 bad=1 readerr=0 reports=44 Q=100% drops=0 fatal=0"},{"seq_first":16,"seq_last":19,"session":"s1","stream":"telemetry","text":"SESSION COURTESY window=5000ms peer_release=0 expired=0 yielding=0"},{"seq_first":20,"seq_last":24,"session":"s1","stream":"telemetry","text":"SESSION DIO0_TX affected=0/44 episodes=0 avg_all=0.00 avg_affected=0.00 high_polls=0"},{"seq_first":25,"seq_last":30,"session":"s1","stream":"telemetry","text":"SESSION RX_POLL polls=2153021 rxdone=51 interval=1000us DIO0_RX false_high_ep=0 high_polls=0 rxdone_low=1 isr=disabled"},{"seq_first":4,"seq_last":5,"session":"s2","stream":"chat","text":"[SYS] CHATTER NODE LoRa-Chatter-72E0"},{"seq_first":6,"seq_last":6,"session":"s2","stream":"telemetry","text":""},{"seq_first":6,"seq_last":15,"session":"s2","stream":"telemetry","text":"SESSION t=2160s TX ok=18 user=8 echo_req=0 echo_rep=0 hb=0(idle=0) err=0 started=18 RX ok=18 user=10 echo_req=0 echo_rep=0 hb=0 crc=5 hdr=4 bad=0 readerr=0 reports=18 Q=100% drops=0 fatal=0"},{"seq_first":16,"seq_last":19,"session":"s2","stream":"telemetry","text":"SESSION COURTESY window=5000ms peer_release=0 expired=0 yielding=0"},{"seq_first":20,"seq_last":24,"session":"s2","stream":"telemetry","text":"SESSION DIO0_TX affected=0/18 episodes=0 avg_all=0.00 avg_affected=0.00 high_polls=0"},{"seq_first":25,"seq_last":30,"session":"s2","stream":"telemetry","text":"SESSION RX_POLL polls=1507076 rxdone=27 interval=1000us DIO0_RX false_high_ep=0 high_polls=0 rxdone_low=0 isr=disabled"},{"seq_first":31,"seq_last":31,"session":"s2","stream":"telemetry","text":""},{"seq_first":31,"seq_last":33,"session":"s2","stream":"telemetry","text":"RX CRC ERROR IRQ=0x70 RX=-120/-11 len=1"}],"timed_out":false}}
2026-09-27T00:28:31.710+03:00 [TX] {"data_b64":"L2NvbmZpZwo=","description":"ble:LoRa-Chatter-72E0 E0:72:A1:D5:4C:15","device_key":"ble-address:e0:72:a1:d5:4c:15","kind":"tx","seq":39,"session":"s2","text":"/config","timestamp":1790458111.7101505,"tx_id":3,"tx_state":"written"}
2026-09-27T00:28:31.773+03:00 [RX chat] {"data_b64":"W1NZU10gQ0hBVFRFUiBOT0RFIEw=","description":"ble:LoRa-Chatter-1B44 44:1B:F6:8D:B7:A9","device_key":"ble-address:44:1b:f6:8d:b7:a9","kind":"rx","seq":37,"session":"s1","stream":"chat","text":"[SYS] CHATTER NODE L","timestamp":1790458111.7723215}
2026-09-27T00:28:31.773+03:00 [RX chat] {"data_b64":"b1JhLUNoYXR0ZXItMUI0NAo=","description":"ble:LoRa-Chatter-1B44 44:1B:F6:8D:B7:A9","device_key":"ble-address:44:1b:f6:8d:b7:a9","kind":"rx","seq":38,"session":"s1","stream":"chat","text":"oRa-Chatter-1B44\n","timestamp":1790458111.7724726}
2026-09-27T00:28:31.773+03:00 [RX chat] {"data_b64":"W1NZU10gRklSTVdBUkUgQ2hhdHQ=","description":"ble:LoRa-Chatter-1B44 44:1B:F6:8D:B7:A9","device_key":"ble-address:44:1b:f6:8d:b7:a9","kind":"rx","seq":39,"session":"s1","stream":"chat","text":"[SYS] FIRMWARE Chatt","timestamp":1790458111.773229}
2026-09-27T00:28:31.774+03:00 [RX chat] {"data_b64":"ZXIgZ2l0PWI3NmZmYTA0YWI0N2E=","description":"ble:LoRa-Chatter-1B44 44:1B:F6:8D:B7:A9","device_key":"ble-address:44:1b:f6:8d:b7:a9","kind":"rx","seq":40,"session":"s1","stream":"chat","text":"er git=b76ffa04ab47a","timestamp":1790458111.7744308}
2026-09-27T00:28:31.775+03:00 [RX chat] {"data_b64":"M2YzNDRiODI3MDE1OWFiMjc0MjU=","description":"ble:LoRa-Chatter-1B44 44:1B:F6:8D:B7:A9","device_key":"ble-address:44:1b:f6:8d:b7:a9","kind":"rx","seq":41,"session":"s1","stream":"chat","text":"3f344b8270159ab27425","timestamp":1790458111.7745345}
2026-09-27T00:28:31.775+03:00 [RX chat] {"data_b64":"NmY2ZmY2MiBzdGF0ZT1kaXJ0eSA=","description":"ble:LoRa-Chatter-1B44 44:1B:F6:8D:B7:A9","device_key":"ble-address:44:1b:f6:8d:b7:a9","kind":"rx","seq":42,"session":"s1","stream":"chat","text":"6f6ff62 state=dirty ","timestamp":1790458111.775256}
2026-09-27T00:28:31.776+03:00 [RX chat] {"data_b64":"ZW52PWVzcDMyLXMzLW4xNnI4Cg==","description":"ble:LoRa-Chatter-1B44 44:1B:F6:8D:B7:A9","device_key":"ble-address:44:1b:f6:8d:b7:a9","kind":"rx","seq":43,"session":"s1","stream":"chat","text":"env=esp32-s3-n16r8\n","timestamp":1790458111.7753382}
2026-09-27T00:28:31.776+03:00 [RX chat] {"data_b64":"W1NZU10gRklSTVdBUkUgSU1BR0U=","description":"ble:LoRa-Chatter-1B44 44:1B:F6:8D:B7:A9","device_key":"ble-address:44:1b:f6:8d:b7:a9","kind":"rx","seq":44,"session":"s1","stream":"chat","text":"[SYS] FIRMWARE IMAGE","timestamp":1790458111.7763586}
2026-09-27T00:28:31.777+03:00 [RX chat] {"data_b64":"IHZhbGlkYXRpb25fc2hhMjU2PTU=","description":"ble:LoRa-Chatter-1B44 44:1B:F6:8D:B7:A9","device_key":"ble-address:44:1b:f6:8d:b7:a9","kind":"rx","seq":45,"session":"s1","stream":"chat","text":" validation_sha256=5","timestamp":1790458111.7768884}
2026-09-27T00:28:31.777+03:00 [RX chat] {"data_b64":"YjE5NzUzOTA1Nzk0NjM1NmNiOWI=","description":"ble:LoRa-Chatter-1B44 44:1B:F6:8D:B7:A9","device_key":"ble-address:44:1b:f6:8d:b7:a9","kind":"rx","seq":46,"session":"s1","stream":"chat","text":"b197539057946356cb9b","timestamp":1790458111.7775738}
2026-09-27T00:28:31.777+03:00 [RX chat] {"data_b64":"Mzc5YWFmYWFhZWY5NDg3YjUwMTQ=","description":"ble:LoRa-Chatter-1B44 44:1B:F6:8D:B7:A9","device_key":"ble-address:44:1b:f6:8d:b7:a9","kind":"rx","seq":47,"session":"s1","stream":"chat","text":"379aafaaaef9487b5014","timestamp":1790458111.7776444}
2026-09-27T00:28:31.778+03:00 [RX chat] {"data_b64":"NTJkNWM1MGM2YWRjOWFiYzZhZWU=","description":"ble:LoRa-Chatter-1B44 44:1B:F6:8D:B7:A9","device_key":"ble-address:44:1b:f6:8d:b7:a9","kind":"rx","seq":48,"session":"s1","stream":"chat","text":"52d5c50c6adc9abc6aee","timestamp":1790458111.7782931}
2026-09-27T00:28:31.778+03:00 [RX chat] {"data_b64":"YTg4IHN0YXR1cz1PSyBzbG90PTA=","description":"ble:LoRa-Chatter-1B44 44:1B:F6:8D:B7:A9","device_key":"ble-address:44:1b:f6:8d:b7:a9","kind":"rx","seq":49,"session":"s1","stream":"chat","text":"a88 status=OK slot=0","timestamp":1790458111.7787359}
2026-09-27T00:28:31.779+03:00 [RX chat] {"data_b64":"Cg==","description":"ble:LoRa-Chatter-1B44 44:1B:F6:8D:B7:A9","device_key":"ble-address:44:1b:f6:8d:b7:a9","kind":"rx","seq":50,"session":"s1","stream":"chat","text":"\n","timestamp":1790458111.7792182}
2026-09-27T00:28:31.780+03:00 [RX chat] {"data_b64":"W1NZU10gQlVJTEQgTUVUQSB0b28=","description":"ble:LoRa-Chatter-1B44 44:1B:F6:8D:B7:A9","device_key":"ble-address:44:1b:f6:8d:b7:a9","kind":"rx","seq":51,"session":"s1","stream":"chat","text":"[SYS] BUILD META too","timestamp":1790458111.7799723}
2026-09-27T00:28:31.780+03:00 [RX chat] {"data_b64":"bGNoYWluX3NoYTI1Nj1hMDg3Yzc=","description":"ble:LoRa-Chatter-1B44 44:1B:F6:8D:B7:A9","device_key":"ble-address:44:1b:f6:8d:b7:a9","kind":"rx","seq":52,"session":"s1","stream":"chat","text":"lchain_sha256=a087c7","timestamp":1790458111.7803683}
2026-09-27T00:28:31.780+03:00 [RX chat] {"data_b64":"M2MwMDk0ZjdkNWM3YmNlOTZkM2I=","description":"ble:LoRa-Chatter-1B44 44:1B:F6:8D:B7:A9","device_key":"ble-address:44:1b:f6:8d:b7:a9","kind":"rx","seq":53,"session":"s1","stream":"chat","text":"3c0094f7d5c7bce96d3b","timestamp":1790458111.7807481}
2026-09-27T00:28:31.782+03:00 [RX chat] {"data_b64":"NDRiNTM0OTM2MTUyNzE5MDczMGM=","description":"ble:LoRa-Chatter-1B44 44:1B:F6:8D:B7:A9","device_key":"ble-address:44:1b:f6:8d:b7:a9","kind":"rx","seq":54,"session":"s1","stream":"chat","text":"44b5349361527190730c","timestamp":1790458111.7820523}
2026-09-27T00:28:31.782+03:00 [RX chat] {"data_b64":"YWM3NmFhZjgwODcyODliYmZiIHA=","description":"ble:LoRa-Chatter-1B44 44:1B:F6:8D:B7:A9","device_key":"ble-address:44:1b:f6:8d:b7:a9","kind":"rx","seq":55,"session":"s1","stream":"chat","text":"ac76aaf8087289bbfb p","timestamp":1790458111.782472}
2026-09-27T00:28:31.782+03:00 [RX chat] {"data_b64":"aW89Ni4yLjAK","description":"ble:LoRa-Chatter-1B44 44:1B:F6:8D:B7:A9","device_key":"ble-address:44:1b:f6:8d:b7:a9","kind":"rx","seq":56,"session":"s1","stream":"chat","text":"io=6.2.0\n","timestamp":1790458111.782825}
2026-09-27T00:28:31.785+03:00 [RX chat] {"data_b64":"W1NZU10gQ0ZHIHNjaGVtYT0yIHM=","description":"ble:LoRa-Chatter-1B44 44:1B:F6:8D:B7:A9","device_key":"ble-address:44:1b:f6:8d:b7:a9","kind":"rx","seq":57,"session":"s1","stream":"chat","text":"[SYS] CFG schema=2 s","timestamp":1790458111.7847462}
2026-09-27T00:28:31.785+03:00 [RX chat] {"data_b64":"dG9yYWdlPU5WUyBmcmVxX29vYj0=","description":"ble:LoRa-Chatter-1B44 44:1B:F6:8D:B7:A9","device_key":"ble-address:44:1b:f6:8d:b7:a9","kind":"rx","seq":58,"session":"s1","stream":"chat","text":"torage=NVS freq_oob=","timestamp":1790458111.7853658}
2026-09-27T00:28:31.785+03:00 [RX chat] {"data_b64":"T0ZGCg==","description":"ble:LoRa-Chatter-1B44 44:1B:F6:8D:B7:A9","device_key":"ble-address:44:1b:f6:8d:b7:a9","kind":"rx","seq":59,"session":"s1","stream":"chat","text":"OFF\n","timestamp":1790458111.7854347}
2026-09-27T00:28:31.786+03:00 [RX chat] {"data_b64":"W1NZU10gQ0ZHIFJBRElPIHBvd2U=","description":"ble:LoRa-Chatter-1B44 44:1B:F6:8D:B7:A9","device_key":"ble-address:44:1b:f6:8d:b7:a9","kind":"rx","seq":60,"session":"s1","stream":"chat","text":"[SYS] CFG RADIO powe","timestamp":1790458111.7860687}
2026-09-27T00:28:31.786+03:00 [RX chat] {"data_b64":"cj0yIGRCbSBmcmVxPTQ3MCBNSHo=","description":"ble:LoRa-Chatter-1B44 44:1B:F6:8D:B7:A9","device_key":"ble-address:44:1b:f6:8d:b7:a9","kind":"rx","seq":61,"session":"s1","stream":"chat","text":"r=2 dBm freq=470 MHz","timestamp":1790458111.7866275}
2026-09-27T00:28:31.787+03:00 [RX chat] {"data_b64":"IHNmPTcgYnc9NTAwIGtIego=","description":"ble:LoRa-Chatter-1B44 44:1B:F6:8D:B7:A9","device_key":"ble-address:44:1b:f6:8d:b7:a9","kind":"rx","seq":62,"session":"s1","stream":"chat","text":" sf=7 bw=500 kHz\n","timestamp":1790458111.7866755}
2026-09-27T00:28:31.788+03:00 [RX chat] {"data_b64":"W1NZU10gQ0ZHIExJTksgaGVhcnQ=","description":"ble:LoRa-Chatter-1B44 44:1B:F6:8D:B7:A9","device_key":"ble-address:44:1b:f6:8d:b7:a9","kind":"rx","seq":63,"session":"s1","stream":"chat","text":"[SYS] CFG LINK heart","timestamp":1790458111.7880492}
2026-09-27T00:28:31.788+03:00 [RX chat] {"data_b64":"YmVhdD1PRkYgcmV0cnk9T04gYXQ=","description":"ble:LoRa-Chatter-1B44 44:1B:F6:8D:B7:A9","device_key":"ble-address:44:1b:f6:8d:b7:a9","kind":"rx","seq":64,"session":"s1","stream":"chat","text":"beat=OFF retry=ON at","timestamp":1790458111.7881813}
2026-09-27T00:28:31.788+03:00 [RX chat] {"data_b64":"dGVtcHRzPTUgZGlhZz1PRkYK","description":"ble:LoRa-Chatter-1B44 44:1B:F6:8D:B7:A9","device_key":"ble-address:44:1b:f6:8d:b7:a9","kind":"rx","seq":65,"session":"s1","stream":"chat","text":"tempts=5 diag=OFF\n","timestamp":1790458111.7886868}
2026-09-27T00:28:31.821+03:00 [RX chat] {"data_b64":"W1NZU10gQ0hBVFRFUiBOT0RFIEw=","description":"ble:LoRa-Chatter-72E0 E0:72:A1:D5:4C:15","device_key":"ble-address:e0:72:a1:d5:4c:15","kind":"rx","seq":40,"session":"s2","stream":"chat","text":"[SYS] CHATTER NODE L","timestamp":1790458111.8214395}
2026-09-27T00:28:31.822+03:00 [RX chat] {"data_b64":"b1JhLUNoYXR0ZXItNzJFMAo=","description":"ble:LoRa-Chatter-72E0 E0:72:A1:D5:4C:15","device_key":"ble-address:e0:72:a1:d5:4c:15","kind":"rx","seq":41,"session":"s2","stream":"chat","text":"oRa-Chatter-72E0\n","timestamp":1790458111.8215158}
2026-09-27T00:28:31.822+03:00 [RX chat] {"data_b64":"W1NZU10gRklSTVdBUkUgQ2hhdHQ=","description":"ble:LoRa-Chatter-72E0 E0:72:A1:D5:4C:15","device_key":"ble-address:e0:72:a1:d5:4c:15","kind":"rx","seq":42,"session":"s2","stream":"chat","text":"[SYS] FIRMWARE Chatt","timestamp":1790458111.8220026}
2026-09-27T00:28:31.822+03:00 [RX chat] {"data_b64":"ZXIgZ2l0PWI3NmZmYTA0YWI0N2E=","description":"ble:LoRa-Chatter-72E0 E0:72:A1:D5:4C:15","device_key":"ble-address:e0:72:a1:d5:4c:15","kind":"rx","seq":43,"session":"s2","stream":"chat","text":"er git=b76ffa04ab47a","timestamp":1790458111.822026}
2026-09-27T00:28:31.823+03:00 [RX chat] {"data_b64":"M2YzNDRiODI3MDE1OWFiMjc0MjU=","description":"ble:LoRa-Chatter-72E0 E0:72:A1:D5:4C:15","device_key":"ble-address:e0:72:a1:d5:4c:15","kind":"rx","seq":44,"session":"s2","stream":"chat","text":"3f344b8270159ab27425","timestamp":1790458111.8237867}
2026-09-27T00:28:31.824+03:00 [RX chat] {"data_b64":"NmY2ZmY2MiBzdGF0ZT1kaXJ0eSA=","description":"ble:LoRa-Chatter-72E0 E0:72:A1:D5:4C:15","device_key":"ble-address:e0:72:a1:d5:4c:15","kind":"rx","seq":45,"session":"s2","stream":"chat","text":"6f6ff62 state=dirty ","timestamp":1790458111.8240857}
2026-09-27T00:28:31.824+03:00 [RX chat] {"data_b64":"ZW52PWVzcDMyLXMzLW4xNnI4Cg==","description":"ble:LoRa-Chatter-72E0 E0:72:A1:D5:4C:15","device_key":"ble-address:e0:72:a1:d5:4c:15","kind":"rx","seq":46,"session":"s2","stream":"chat","text":"env=esp32-s3-n16r8\n","timestamp":1790458111.8241189}
2026-09-27T00:28:31.824+03:00 [RX chat] {"data_b64":"W1NZU10gRklSTVdBUkUgSU1BR0U=","description":"ble:LoRa-Chatter-72E0 E0:72:A1:D5:4C:15","device_key":"ble-address:e0:72:a1:d5:4c:15","kind":"rx","seq":47,"session":"s2","stream":"chat","text":"[SYS] FIRMWARE IMAGE","timestamp":1790458111.8245163}
2026-09-27T00:28:31.827+03:00 [RX chat] {"data_b64":"IHZhbGlkYXRpb25fc2hhMjU2PTU=","description":"ble:LoRa-Chatter-72E0 E0:72:A1:D5:4C:15","device_key":"ble-address:e0:72:a1:d5:4c:15","kind":"rx","seq":48,"session":"s2","stream":"chat","text":" validation_sha256=5","timestamp":1790458111.826993}
2026-09-27T00:28:31.827+03:00 [RX chat] {"data_b64":"YjE5NzUzOTA1Nzk0NjM1NmNiOWI=","description":"ble:LoRa-Chatter-72E0 E0:72:A1:D5:4C:15","device_key":"ble-address:e0:72:a1:d5:4c:15","kind":"rx","seq":49,"session":"s2","stream":"chat","text":"b197539057946356cb9b","timestamp":1790458111.827016}
2026-09-27T00:28:31.827+03:00 [RX chat] {"data_b64":"Mzc5YWFmYWFhZWY5NDg3YjUwMTQ=","description":"ble:LoRa-Chatter-72E0 E0:72:A1:D5:4C:15","device_key":"ble-address:e0:72:a1:d5:4c:15","kind":"rx","seq":50,"session":"s2","stream":"chat","text":"379aafaaaef9487b5014","timestamp":1790458111.8273668}
2026-09-27T00:28:31.827+03:00 [RX chat] {"data_b64":"NTJkNWM1MGM2YWRjOWFiYzZhZWU=","description":"ble:LoRa-Chatter-72E0 E0:72:A1:D5:4C:15","device_key":"ble-address:e0:72:a1:d5:4c:15","kind":"rx","seq":51,"session":"s2","stream":"chat","text":"52d5c50c6adc9abc6aee","timestamp":1790458111.8273878}
2026-09-27T00:28:31.829+03:00 [RX chat] {"data_b64":"YTg4IHN0YXR1cz1PSyBzbG90PTA=","description":"ble:LoRa-Chatter-72E0 E0:72:A1:D5:4C:15","device_key":"ble-address:e0:72:a1:d5:4c:15","kind":"rx","seq":52,"session":"s2","stream":"chat","text":"a88 status=OK slot=0","timestamp":1790458111.8297498}
2026-09-27T00:28:31.830+03:00 [RX chat] {"data_b64":"Cg==","description":"ble:LoRa-Chatter-72E0 E0:72:A1:D5:4C:15","device_key":"ble-address:e0:72:a1:d5:4c:15","kind":"rx","seq":53,"session":"s2","stream":"chat","text":"\n","timestamp":1790458111.8301697}
2026-09-27T00:28:31.830+03:00 [RX chat] {"data_b64":"W1NZU10gQlVJTEQgTUVUQSB0b28=","description":"ble:LoRa-Chatter-72E0 E0:72:A1:D5:4C:15","device_key":"ble-address:e0:72:a1:d5:4c:15","kind":"rx","seq":54,"session":"s2","stream":"chat","text":"[SYS] BUILD META too","timestamp":1790458111.830487}
2026-09-27T00:28:31.831+03:00 [RX chat] {"data_b64":"bGNoYWluX3NoYTI1Nj1hMDg3Yzc=","description":"ble:LoRa-Chatter-72E0 E0:72:A1:D5:4C:15","device_key":"ble-address:e0:72:a1:d5:4c:15","kind":"rx","seq":55,"session":"s2","stream":"chat","text":"lchain_sha256=a087c7","timestamp":1790458111.831782}
2026-09-27T00:28:31.832+03:00 [RX chat] {"data_b64":"M2MwMDk0ZjdkNWM3YmNlOTZkM2I=","description":"ble:LoRa-Chatter-72E0 E0:72:A1:D5:4C:15","device_key":"ble-address:e0:72:a1:d5:4c:15","kind":"rx","seq":56,"session":"s2","stream":"chat","text":"3c0094f7d5c7bce96d3b","timestamp":1790458111.8320446}
2026-09-27T00:28:31.832+03:00 [RX chat] {"data_b64":"NDRiNTM0OTM2MTUyNzE5MDczMGM=","description":"ble:LoRa-Chatter-72E0 E0:72:A1:D5:4C:15","device_key":"ble-address:e0:72:a1:d5:4c:15","kind":"rx","seq":57,"session":"s2","stream":"chat","text":"44b5349361527190730c","timestamp":1790458111.8320792}
2026-09-27T00:28:31.832+03:00 [RX chat] {"data_b64":"YWM3NmFhZjgwODcyODliYmZiIHA=","description":"ble:LoRa-Chatter-72E0 E0:72:A1:D5:4C:15","device_key":"ble-address:e0:72:a1:d5:4c:15","kind":"rx","seq":58,"session":"s2","stream":"chat","text":"ac76aaf8087289bbfb p","timestamp":1790458111.8324444}
2026-09-27T00:28:31.832+03:00 [RX chat] {"data_b64":"aW89Ni4yLjAK","description":"ble:LoRa-Chatter-72E0 E0:72:A1:D5:4C:15","device_key":"ble-address:e0:72:a1:d5:4c:15","kind":"rx","seq":59,"session":"s2","stream":"chat","text":"io=6.2.0\n","timestamp":1790458111.8324726}
2026-09-27T00:28:31.833+03:00 [RX chat] {"data_b64":"W1NZU10gQ0ZHIHNjaGVtYT0yIHM=","description":"ble:LoRa-Chatter-72E0 E0:72:A1:D5:4C:15","device_key":"ble-address:e0:72:a1:d5:4c:15","kind":"rx","seq":60,"session":"s2","stream":"chat","text":"[SYS] CFG schema=2 s","timestamp":1790458111.8337553}
2026-09-27T00:28:31.834+03:00 [RX chat] {"data_b64":"dG9yYWdlPU5WUyBmcmVxX29vYj0=","description":"ble:LoRa-Chatter-72E0 E0:72:A1:D5:4C:15","device_key":"ble-address:e0:72:a1:d5:4c:15","kind":"rx","seq":61,"session":"s2","stream":"chat","text":"torage=NVS freq_oob=","timestamp":1790458111.8340693}
2026-09-27T00:28:31.834+03:00 [RX chat] {"data_b64":"T0ZGCg==","description":"ble:LoRa-Chatter-72E0 E0:72:A1:D5:4C:15","device_key":"ble-address:e0:72:a1:d5:4c:15","kind":"rx","seq":62,"session":"s2","stream":"chat","text":"OFF\n","timestamp":1790458111.83429}
2026-09-27T00:28:31.836+03:00 [RX chat] {"data_b64":"W1NZU10gQ0ZHIFJBRElPIHBvd2U=","description":"ble:LoRa-Chatter-72E0 E0:72:A1:D5:4C:15","device_key":"ble-address:e0:72:a1:d5:4c:15","kind":"rx","seq":63,"session":"s2","stream":"chat","text":"[SYS] CFG RADIO powe","timestamp":1790458111.8367777}
2026-09-27T00:28:31.837+03:00 [RX chat] {"data_b64":"cj0yIGRCbSBmcmVxPTQ3MCBNSHo=","description":"ble:LoRa-Chatter-72E0 E0:72:A1:D5:4C:15","device_key":"ble-address:e0:72:a1:d5:4c:15","kind":"rx","seq":64,"session":"s2","stream":"chat","text":"r=2 dBm freq=470 MHz","timestamp":1790458111.8371847}
2026-09-27T00:28:31.837+03:00 [RX chat] {"data_b64":"IHNmPTcgYnc9NTAwIGtIego=","description":"ble:LoRa-Chatter-72E0 E0:72:A1:D5:4C:15","device_key":"ble-address:e0:72:a1:d5:4c:15","kind":"rx","seq":65,"session":"s2","stream":"chat","text":" sf=7 bw=500 kHz\n","timestamp":1790458111.8372107}
2026-09-27T00:28:31.837+03:00 [RX chat] {"data_b64":"W1NZU10gQ0ZHIExJTksgaGVhcnQ=","description":"ble:LoRa-Chatter-72E0 E0:72:A1:D5:4C:15","device_key":"ble-address:e0:72:a1:d5:4c:15","kind":"rx","seq":66,"session":"s2","stream":"chat","text":"[SYS] CFG LINK heart","timestamp":1790458111.8373058}
2026-09-27T00:28:31.838+03:00 [RX chat] {"data_b64":"YmVhdD1PRkYgcmV0cnk9T04gYXQ=","description":"ble:LoRa-Chatter-72E0 E0:72:A1:D5:4C:15","device_key":"ble-address:e0:72:a1:d5:4c:15","kind":"rx","seq":67,"session":"s2","stream":"chat","text":"beat=OFF retry=ON at","timestamp":1790458111.8387659}
2026-09-27T00:28:31.839+03:00 [RX chat] {"data_b64":"dGVtcHRzPTUgZGlhZz1PRkYK","description":"ble:LoRa-Chatter-72E0 E0:72:A1:D5:4C:15","device_key":"ble-address:e0:72:a1:d5:4c:15","kind":"rx","seq":68,"session":"s2","stream":"chat","text":"tempts=5 diag=OFF\n","timestamp":1790458111.8389964}
2026-09-27T00:28:46.926+03:00 [AGENT REQUEST] {"id":11,"op":"observe","cursors":{"s1":36,"s2":39},"timeout_ms":5000}
2026-09-27T00:28:46.926+03:00 [AGENT RESPONSE] {"id":11,"ok":true,"result":{"cursors":{"s1":65,"s2":68},"lines":[{"seq_first":37,"seq_last":38,"session":"s1","stream":"chat","text":"[SYS] CHATTER NODE LoRa-Chatter-1B44"},{"seq_first":39,"seq_last":43,"session":"s1","stream":"chat","text":"[SYS] FIRMWARE Chatter git=b76ffa04ab47a3f344b8270159ab274256f6ff62 state=dirty env=esp32-s3-n16r8"},{"seq_first":44,"seq_last":50,"session":"s1","stream":"chat","text":"[SYS] FIRMWARE IMAGE validation_sha256=5b197539057946356cb9b379aafaaaef9487b501452d5c50c6adc9abc6aeea88 status=OK slot=0"},{"seq_first":51,"seq_last":56,"session":"s1","stream":"chat","text":"[SYS] BUILD META toolchain_sha256=a087c73c0094f7d5c7bce96d3b44b5349361527190730cac76aaf8087289bbfb pio=6.2.0"},{"seq_first":57,"seq_last":59,"session":"s1","stream":"chat","text":"[SYS] CFG schema=2 storage=NVS freq_oob=OFF"},{"seq_first":60,"seq_last":62,"session":"s1","stream":"chat","text":"[SYS] CFG RADIO power=2 dBm freq=470 MHz sf=7 bw=500 kHz"},{"seq_first":63,"seq_last":65,"session":"s1","stream":"chat","text":"[SYS] CFG LINK heartbeat=OFF retry=ON attempts=5 diag=OFF"},{"seq_first":40,"seq_last":41,"session":"s2","stream":"chat","text":"[SYS] CHATTER NODE LoRa-Chatter-72E0"},{"seq_first":42,"seq_last":46,"session":"s2","stream":"chat","text":"[SYS] FIRMWARE Chatter git=b76ffa04ab47a3f344b8270159ab274256f6ff62 state=dirty env=esp32-s3-n16r8"},{"seq_first":47,"seq_last":53,"session":"s2","stream":"chat","text":"[SYS] FIRMWARE IMAGE validation_sha256=5b197539057946356cb9b379aafaaaef9487b501452d5c50c6adc9abc6aeea88 status=OK slot=0"},{"seq_first":54,"seq_last":59,"session":"s2","stream":"chat","text":"[SYS] BUILD META toolchain_sha256=a087c73c0094f7d5c7bce96d3b44b5349361527190730cac76aaf8087289bbfb pio=6.2.0"},{"seq_first":60,"seq_last":62,"session":"s2","stream":"chat","text":"[SYS] CFG schema=2 storage=NVS freq_oob=OFF"},{"seq_first":63,"seq_last":65,"session":"s2","stream":"chat","text":"[SYS] CFG RADIO power=2 dBm freq=470 MHz sf=7 bw=500 kHz"},{"seq_first":66,"seq_last":68,"session":"s2","stream":"chat","text":"[SYS] CFG LINK heartbeat=OFF retry=ON attempts=5 diag=OFF"}],"timed_out":false}}
2026-09-27T00:29:01.111+03:00 [AGENT REQUEST] {"id":12,"op":"observe","cursors":{"s1":65,"s2":68},"timeout_ms":5000}
2026-09-27T00:29:06.112+03:00 [AGENT RESPONSE] {"id":12,"ok":true,"result":{"cursors":{"s1":65,"s2":68},"lines":[],"timed_out":true}}
2026-09-27T00:29:06.427+03:00 [RX telemetry] {"data_b64":"ClNFU1NJT04gdD0yOTQwcyBUWCA=","description":"ble:LoRa-Chatter-1B44 44:1B:F6:8D:B7:A9","device_key":"ble-address:44:1b:f6:8d:b7:a9","kind":"rx","seq":66,"session":"s1","stream":"telemetry","text":"\nSESSION t=2940s TX ","timestamp":1790458146.427116}
2026-09-27T00:29:06.428+03:00 [RX telemetry] {"data_b64":"b2s9NDQgdXNlcj0yMyBlY2hvX3I=","description":"ble:LoRa-Chatter-1B44 44:1B:F6:8D:B7:A9","device_key":"ble-address:44:1b:f6:8d:b7:a9","kind":"rx","seq":67,"session":"s1","stream":"telemetry","text":"ok=44 user=23 echo_r","timestamp":1790458146.4272141}
2026-09-27T00:29:06.428+03:00 [RX telemetry] {"data_b64":"ZXE9MCBlY2hvX3JlcD0wIGhiPTA=","description":"ble:LoRa-Chatter-1B44 44:1B:F6:8D:B7:A9","device_key":"ble-address:44:1b:f6:8d:b7:a9","kind":"rx","seq":68,"session":"s1","stream":"telemetry","text":"eq=0 echo_rep=0 hb=0","timestamp":1790458146.428141}
2026-09-27T00:29:06.429+03:00 [RX telemetry] {"data_b64":"KGlkbGU9MCkgZXJyPTAgc3RhcnQ=","description":"ble:LoRa-Chatter-1B44 44:1B:F6:8D:B7:A9","device_key":"ble-address:44:1b:f6:8d:b7:a9","kind":"rx","seq":69,"session":"s1","stream":"telemetry","text":"(idle=0) err=0 start","timestamp":1790458146.4294538}
2026-09-27T00:29:06.430+03:00 [RX telemetry] {"data_b64":"ZWQ9NDQgUlggb2s9NDQgdXNlcj0=","description":"ble:LoRa-Chatter-1B44 44:1B:F6:8D:B7:A9","device_key":"ble-address:44:1b:f6:8d:b7:a9","kind":"rx","seq":70,"session":"s1","stream":"telemetry","text":"ed=44 RX ok=44 user=","timestamp":1790458146.4295502}
2026-09-27T00:29:06.430+03:00 [RX telemetry] {"data_b64":"MjEgZWNob19yZXE9MCBlY2hvX3I=","description":"ble:LoRa-Chatter-1B44 44:1B:F6:8D:B7:A9","device_key":"ble-address:44:1b:f6:8d:b7:a9","kind":"rx","seq":71,"session":"s1","stream":"telemetry","text":"21 echo_req=0 echo_r","timestamp":1790458146.4296203}
2026-09-27T00:29:06.432+03:00 [RX telemetry] {"data_b64":"ZXA9MCBoYj0wIGNyYz0yIGhkcj0=","description":"ble:LoRa-Chatter-1B44 44:1B:F6:8D:B7:A9","device_key":"ble-address:44:1b:f6:8d:b7:a9","kind":"rx","seq":72,"session":"s1","stream":"telemetry","text":"ep=0 hb=0 crc=2 hdr=","timestamp":1790458146.4317257}
2026-09-27T00:29:06.433+03:00 [RX telemetry] {"data_b64":"NCBiYWQ9MSByZWFkZXJyPTAgcmU=","description":"ble:LoRa-Chatter-1B44 44:1B:F6:8D:B7:A9","device_key":"ble-address:44:1b:f6:8d:b7:a9","kind":"rx","seq":73,"session":"s1","stream":"telemetry","text":"4 bad=1 readerr=0 re","timestamp":1790458146.4332404}
2026-09-27T00:29:06.434+03:00 [RX telemetry] {"data_b64":"cG9ydHM9NDQgUT0xMDAlIGRyb3A=","description":"ble:LoRa-Chatter-1B44 44:1B:F6:8D:B7:A9","device_key":"ble-address:44:1b:f6:8d:b7:a9","kind":"rx","seq":74,"session":"s1","stream":"telemetry","text":"ports=44 Q=100% drop","timestamp":1790458146.4333427}
2026-09-27T00:29:06.435+03:00 [RX telemetry] {"data_b64":"cz0wIGZhdGFsPTAK","description":"ble:LoRa-Chatter-1B44 44:1B:F6:8D:B7:A9","device_key":"ble-address:44:1b:f6:8d:b7:a9","kind":"rx","seq":75,"session":"s1","stream":"telemetry","text":"s=0 fatal=0\n","timestamp":1790458146.4341671}
2026-09-27T00:29:06.437+03:00 [RX telemetry] {"data_b64":"U0VTU0lPTiBDT1VSVEVTWSB3aW4=","description":"ble:LoRa-Chatter-1B44 44:1B:F6:8D:B7:A9","device_key":"ble-address:44:1b:f6:8d:b7:a9","kind":"rx","seq":76,"session":"s1","stream":"telemetry","text":"SESSION COURTESY win","timestamp":1790458146.4342895}
2026-09-27T00:29:06.437+03:00 [RX telemetry] {"data_b64":"ZG93PTUwMDBtcyBwZWVyX3JlbGU=","description":"ble:LoRa-Chatter-1B44 44:1B:F6:8D:B7:A9","device_key":"ble-address:44:1b:f6:8d:b7:a9","kind":"rx","seq":77,"session":"s1","stream":"telemetry","text":"dow=5000ms peer_rele","timestamp":1790458146.4355602}
2026-09-27T00:29:06.437+03:00 [RX telemetry] {"data_b64":"YXNlPTAgZXhwaXJlZD0wIHlpZWw=","description":"ble:LoRa-Chatter-1B44 44:1B:F6:8D:B7:A9","device_key":"ble-address:44:1b:f6:8d:b7:a9","kind":"rx","seq":78,"session":"s1","stream":"telemetry","text":"ase=0 expired=0 yiel","timestamp":1790458146.4357088}
2026-09-27T00:29:06.437+03:00 [RX telemetry] {"data_b64":"ZGluZz0wCg==","description":"ble:LoRa-Chatter-1B44 44:1B:F6:8D:B7:A9","device_key":"ble-address:44:1b:f6:8d:b7:a9","kind":"rx","seq":79,"session":"s1","stream":"telemetry","text":"ding=0\n","timestamp":1790458146.4364424}
2026-09-27T00:29:06.438+03:00 [RX telemetry] {"data_b64":"U0VTU0lPTiBESU8wX1RYIGFmZmU=","description":"ble:LoRa-Chatter-1B44 44:1B:F6:8D:B7:A9","device_key":"ble-address:44:1b:f6:8d:b7:a9","kind":"rx","seq":80,"session":"s1","stream":"telemetry","text":"SESSION DIO0_TX affe","timestamp":1790458146.4365377}
2026-09-27T00:29:06.438+03:00 [RX telemetry] {"data_b64":"Y3RlZD0wLzQ0IGVwaXNvZGVzPTA=","description":"ble:LoRa-Chatter-1B44 44:1B:F6:8D:B7:A9","device_key":"ble-address:44:1b:f6:8d:b7:a9","kind":"rx","seq":81,"session":"s1","stream":"telemetry","text":"cted=0/44 episodes=0","timestamp":1790458146.437266}
2026-09-27T00:29:06.439+03:00 [RX telemetry] {"data_b64":"IGF2Z19hbGw9MC4wMCBhdmdfYWY=","description":"ble:LoRa-Chatter-1B44 44:1B:F6:8D:B7:A9","device_key":"ble-address:44:1b:f6:8d:b7:a9","kind":"rx","seq":82,"session":"s1","stream":"telemetry","text":" avg_all=0.00 avg_af","timestamp":1790458146.438784}
2026-09-27T00:29:06.439+03:00 [RX telemetry] {"data_b64":"ZmVjdGVkPTAuMDAgaGlnaF9wb2w=","description":"ble:LoRa-Chatter-1B44 44:1B:F6:8D:B7:A9","device_key":"ble-address:44:1b:f6:8d:b7:a9","kind":"rx","seq":83,"session":"s1","stream":"telemetry","text":"fected=0.00 high_pol","timestamp":1790458146.4389029}
2026-09-27T00:29:06.440+03:00 [RX telemetry] {"data_b64":"bHM9MAo=","description":"ble:LoRa-Chatter-1B44 44:1B:F6:8D:B7:A9","device_key":"ble-address:44:1b:f6:8d:b7:a9","kind":"rx","seq":84,"session":"s1","stream":"telemetry","text":"ls=0\n","timestamp":1790458146.4398162}
2026-09-27T00:29:06.440+03:00 [RX telemetry] {"data_b64":"U0VTU0lPTiBSWF9QT0xMIHBvbGw=","description":"ble:LoRa-Chatter-1B44 44:1B:F6:8D:B7:A9","device_key":"ble-address:44:1b:f6:8d:b7:a9","kind":"rx","seq":85,"session":"s1","stream":"telemetry","text":"SESSION RX_POLL poll","timestamp":1790458146.4403312}
2026-09-27T00:29:06.441+03:00 [RX telemetry] {"data_b64":"cz0yMjEyNjI3IHJ4ZG9uZT01MSA=","description":"ble:LoRa-Chatter-1B44 44:1B:F6:8D:B7:A9","device_key":"ble-address:44:1b:f6:8d:b7:a9","kind":"rx","seq":86,"session":"s1","stream":"telemetry","text":"s=2212627 rxdone=51 ","timestamp":1790458146.4408398}
2026-09-27T00:29:06.441+03:00 [RX telemetry] {"data_b64":"aW50ZXJ2YWw9MTAwMHVzIERJTzA=","description":"ble:LoRa-Chatter-1B44 44:1B:F6:8D:B7:A9","device_key":"ble-address:44:1b:f6:8d:b7:a9","kind":"rx","seq":87,"session":"s1","stream":"telemetry","text":"interval=1000us DIO0","timestamp":1790458146.440908}
2026-09-27T00:29:06.441+03:00 [RX telemetry] {"data_b64":"X1JYIGZhbHNlX2hpZ2hfZXA9MCA=","description":"ble:LoRa-Chatter-1B44 44:1B:F6:8D:B7:A9","device_key":"ble-address:44:1b:f6:8d:b7:a9","kind":"rx","seq":88,"session":"s1","stream":"telemetry","text":"_RX false_high_ep=0 ","timestamp":1790458146.4413157}
2026-09-27T00:29:06.441+03:00 [RX telemetry] {"data_b64":"aGlnaF9wb2xscz0wIHJ4ZG9uZV8=","description":"ble:LoRa-Chatter-1B44 44:1B:F6:8D:B7:A9","device_key":"ble-address:44:1b:f6:8d:b7:a9","kind":"rx","seq":89,"session":"s1","stream":"telemetry","text":"high_polls=0 rxdone_","timestamp":1790458146.4413593}
2026-09-27T00:29:06.442+03:00 [RX telemetry] {"data_b64":"bG93PTEgaXNyPWRpc2FibGVkCg==","description":"ble:LoRa-Chatter-1B44 44:1B:F6:8D:B7:A9","device_key":"ble-address:44:1b:f6:8d:b7:a9","kind":"rx","seq":90,"session":"s1","stream":"telemetry","text":"low=1 isr=disabled\n","timestamp":1790458146.442091}
2026-09-27T00:29:26.685+03:00 [RX telemetry] {"data_b64":"ClNFU1NJT04gdD0yMjIwcyBUWCA=","description":"ble:LoRa-Chatter-72E0 E0:72:A1:D5:4C:15","device_key":"ble-address:e0:72:a1:d5:4c:15","kind":"rx","seq":69,"session":"s2","stream":"telemetry","text":"\nSESSION t=2220s TX ","timestamp":1790458166.6856585}
2026-09-27T00:29:26.687+03:00 [RX telemetry] {"data_b64":"b2s9MTggdXNlcj04IGVjaG9fcmU=","description":"ble:LoRa-Chatter-72E0 E0:72:A1:D5:4C:15","device_key":"ble-address:e0:72:a1:d5:4c:15","kind":"rx","seq":70,"session":"s2","stream":"telemetry","text":"ok=18 user=8 echo_re","timestamp":1790458166.6860862}
2026-09-27T00:29:26.687+03:00 [RX telemetry] {"data_b64":"cT0wIGVjaG9fcmVwPTAgaGI9MCg=","description":"ble:LoRa-Chatter-72E0 E0:72:A1:D5:4C:15","device_key":"ble-address:e0:72:a1:d5:4c:15","kind":"rx","seq":71,"session":"s2","stream":"telemetry","text":"q=0 echo_rep=0 hb=0(","timestamp":1790458166.6872003}
2026-09-27T00:29:26.687+03:00 [RX telemetry] {"data_b64":"aWRsZT0wKSBlcnI9MCBzdGFydGU=","description":"ble:LoRa-Chatter-72E0 E0:72:A1:D5:4C:15","device_key":"ble-address:e0:72:a1:d5:4c:15","kind":"rx","seq":72,"session":"s2","stream":"telemetry","text":"idle=0) err=0 starte","timestamp":1790458166.6872249}
2026-09-27T00:29:26.687+03:00 [RX telemetry] {"data_b64":"ZD0xOCBSWCBvaz0xOCB1c2VyPTE=","description":"ble:LoRa-Chatter-72E0 E0:72:A1:D5:4C:15","device_key":"ble-address:e0:72:a1:d5:4c:15","kind":"rx","seq":73,"session":"s2","stream":"telemetry","text":"d=18 RX ok=18 user=1","timestamp":1790458166.6872396}
2026-09-27T00:29:26.687+03:00 [RX telemetry] {"data_b64":"MCBlY2hvX3JlcT0wIGVjaG9fcmU=","description":"ble:LoRa-Chatter-72E0 E0:72:A1:D5:4C:15","device_key":"ble-address:e0:72:a1:d5:4c:15","kind":"rx","seq":74,"session":"s2","stream":"telemetry","text":"0 echo_req=0 echo_re","timestamp":1790458166.687252}
2026-09-27T00:29:26.687+03:00 [RX telemetry] {"data_b64":"cD0wIGhiPTAgY3JjPTYgaGRyPTQ=","description":"ble:LoRa-Chatter-72E0 E0:72:A1:D5:4C:15","device_key":"ble-address:e0:72:a1:d5:4c:15","kind":"rx","seq":75,"session":"s2","stream":"telemetry","text":"p=0 hb=0 crc=6 hdr=4","timestamp":1790458166.6872635}
2026-09-27T00:29:26.689+03:00 [RX telemetry] {"data_b64":"IGJhZD0wIHJlYWRlcnI9MCByZXA=","description":"ble:LoRa-Chatter-72E0 E0:72:A1:D5:4C:15","device_key":"ble-address:e0:72:a1:d5:4c:15","kind":"rx","seq":76,"session":"s2","stream":"telemetry","text":" bad=0 readerr=0 rep","timestamp":1790458166.6892676}
2026-09-27T00:29:26.689+03:00 [RX telemetry] {"data_b64":"b3J0cz0xOCBRPTEwMCUgZHJvcHM=","description":"ble:LoRa-Chatter-72E0 E0:72:A1:D5:4C:15","device_key":"ble-address:e0:72:a1:d5:4c:15","kind":"rx","seq":77,"session":"s2","stream":"telemetry","text":"orts=18 Q=100% drops","timestamp":1790458166.6897445}
2026-09-27T00:29:26.689+03:00 [RX telemetry] {"data_b64":"PTAgZmF0YWw9MAo=","description":"ble:LoRa-Chatter-72E0 E0:72:A1:D5:4C:15","device_key":"ble-address:e0:72:a1:d5:4c:15","kind":"rx","seq":78,"session":"s2","stream":"telemetry","text":"=0 fatal=0\n","timestamp":1790458166.6897726}
2026-09-27T00:29:26.689+03:00 [RX telemetry] {"data_b64":"U0VTU0lPTiBDT1VSVEVTWSB3aW4=","description":"ble:LoRa-Chatter-72E0 E0:72:A1:D5:4C:15","device_key":"ble-address:e0:72:a1:d5:4c:15","kind":"rx","seq":79,"session":"s2","stream":"telemetry","text":"SESSION COURTESY win","timestamp":1790458166.689794}
2026-09-27T00:29:26.690+03:00 [RX telemetry] {"data_b64":"ZG93PTUwMDBtcyBwZWVyX3JlbGU=","description":"ble:LoRa-Chatter-72E0 E0:72:A1:D5:4C:15","device_key":"ble-address:e0:72:a1:d5:4c:15","kind":"rx","seq":80,"session":"s2","stream":"telemetry","text":"dow=5000ms peer_rele","timestamp":1790458166.6908464}
2026-09-27T00:29:26.728+03:00 [RX telemetry] {"data_b64":"YXNlPTAgZXhwaXJlZD0wIHlpZWw=","description":"ble:LoRa-Chatter-72E0 E0:72:A1:D5:4C:15","device_key":"ble-address:e0:72:a1:d5:4c:15","kind":"rx","seq":81,"session":"s2","stream":"telemetry","text":"ase=0 expired=0 yiel","timestamp":1790458166.7283475}
2026-09-27T00:29:26.728+03:00 [RX telemetry] {"data_b64":"ZGluZz0wCg==","description":"ble:LoRa-Chatter-72E0 E0:72:A1:D5:4C:15","device_key":"ble-address:e0:72:a1:d5:4c:15","kind":"rx","seq":82,"session":"s2","stream":"telemetry","text":"ding=0\n","timestamp":1790458166.7284236}
2026-09-27T00:29:26.729+03:00 [RX telemetry] {"data_b64":"U0VTU0lPTiBESU8wX1RYIGFmZmU=","description":"ble:LoRa-Chatter-72E0 E0:72:A1:D5:4C:15","device_key":"ble-address:e0:72:a1:d5:4c:15","kind":"rx","seq":83,"session":"s2","stream":"telemetry","text":"SESSION DIO0_TX affe","timestamp":1790458166.7298884}
2026-09-27T00:29:26.730+03:00 [RX telemetry] {"data_b64":"Y3RlZD0wLzE4IGVwaXNvZGVzPTA=","description":"ble:LoRa-Chatter-72E0 E0:72:A1:D5:4C:15","device_key":"ble-address:e0:72:a1:d5:4c:15","kind":"rx","seq":84,"session":"s2","stream":"telemetry","text":"cted=0/18 episodes=0","timestamp":1790458166.7302127}
2026-09-27T00:29:26.730+03:00 [RX telemetry] {"data_b64":"IGF2Z19hbGw9MC4wMCBhdmdfYWY=","description":"ble:LoRa-Chatter-72E0 E0:72:A1:D5:4C:15","device_key":"ble-address:e0:72:a1:d5:4c:15","kind":"rx","seq":85,"session":"s2","stream":"telemetry","text":" avg_all=0.00 avg_af","timestamp":1790458166.7302349}
2026-09-27T00:29:26.731+03:00 [RX telemetry] {"data_b64":"ZmVjdGVkPTAuMDAgaGlnaF9wb2w=","description":"ble:LoRa-Chatter-72E0 E0:72:A1:D5:4C:15","device_key":"ble-address:e0:72:a1:d5:4c:15","kind":"rx","seq":86,"session":"s2","stream":"telemetry","text":"fected=0.00 high_pol","timestamp":1790458166.7317863}
2026-09-27T00:29:26.732+03:00 [RX telemetry] {"data_b64":"bHM9MAo=","description":"ble:LoRa-Chatter-72E0 E0:72:A1:D5:4C:15","device_key":"ble-address:e0:72:a1:d5:4c:15","kind":"rx","seq":87,"session":"s2","stream":"telemetry","text":"ls=0\n","timestamp":1790458166.7321022}
2026-09-27T00:29:26.732+03:00 [RX telemetry] {"data_b64":"U0VTU0lPTiBSWF9QT0xMIHBvbGw=","description":"ble:LoRa-Chatter-72E0 E0:72:A1:D5:4C:15","device_key":"ble-address:e0:72:a1:d5:4c:15","kind":"rx","seq":88,"session":"s2","stream":"telemetry","text":"SESSION RX_POLL poll","timestamp":1790458166.73214}
2026-09-27T00:29:26.733+03:00 [RX telemetry] {"data_b64":"cz0xNTY1MTgwIHJ4ZG9uZT0yOCA=","description":"ble:LoRa-Chatter-72E0 E0:72:A1:D5:4C:15","device_key":"ble-address:e0:72:a1:d5:4c:15","kind":"rx","seq":89,"session":"s2","stream":"telemetry","text":"s=1565180 rxdone=28 ","timestamp":1790458166.7337048}
2026-09-27T00:29:26.734+03:00 [RX telemetry] {"data_b64":"aW50ZXJ2YWw9MTAwMHVzIERJTzA=","description":"ble:LoRa-Chatter-72E0 E0:72:A1:D5:4C:15","device_key":"ble-address:e0:72:a1:d5:4c:15","kind":"rx","seq":90,"session":"s2","stream":"telemetry","text":"interval=1000us DIO0","timestamp":1790458166.7339947}
2026-09-27T00:29:26.734+03:00 [RX telemetry] {"data_b64":"X1JYIGZhbHNlX2hpZ2hfZXA9MCA=","description":"ble:LoRa-Chatter-72E0 E0:72:A1:D5:4C:15","device_key":"ble-address:e0:72:a1:d5:4c:15","kind":"rx","seq":91,"session":"s2","stream":"telemetry","text":"_RX false_high_ep=0 ","timestamp":1790458166.7340152}
2026-09-27T00:29:26.737+03:00 [RX telemetry] {"data_b64":"aGlnaF9wb2xscz0wIHJ4ZG9uZV8=","description":"ble:LoRa-Chatter-72E0 E0:72:A1:D5:4C:15","device_key":"ble-address:e0:72:a1:d5:4c:15","kind":"rx","seq":92,"session":"s2","stream":"telemetry","text":"high_polls=0 rxdone_","timestamp":1790458166.7368178}
2026-09-27T00:29:26.737+03:00 [RX telemetry] {"data_b64":"bG93PTAgaXNyPWRpc2FibGVkCg==","description":"ble:LoRa-Chatter-72E0 E0:72:A1:D5:4C:15","device_key":"ble-address:e0:72:a1:d5:4c:15","kind":"rx","seq":93,"session":"s2","stream":"telemetry","text":"low=0 isr=disabled\n","timestamp":1790458166.736896}
2026-09-27T00:29:27.871+03:00 [AGENT REQUEST] {"id":13,"op":"send_line","session":"s1","text":"/heartbeat off"}
2026-09-27T00:29:27.872+03:00 [TX] {"data_b64":"L2hlYXJ0YmVhdCBvZmYK","device_key":"ble-address:44:1b:f6:8d:b7:a9","kind":"tx","seq":91,"session":"s1","text":"/heartbeat off","timestamp":1790458167.8717265,"tx_id":4,"tx_state":"queued"}
2026-09-27T00:29:27.872+03:00 [AGENT RESPONSE] {"id":13,"ok":true,"result":{"state":"queued","tx_id":4}}
2026-09-27T00:29:27.872+03:00 [AGENT REQUEST] {"id":14,"op":"send_line","session":"s1","text":"/diag off"}
2026-09-27T00:29:27.872+03:00 [TX] {"data_b64":"L2RpYWcgb2ZmCg==","device_key":"ble-address:44:1b:f6:8d:b7:a9","kind":"tx","seq":92,"session":"s1","text":"/diag off","timestamp":1790458167.8723786,"tx_id":5,"tx_state":"queued"}
2026-09-27T00:29:27.872+03:00 [AGENT RESPONSE] {"id":14,"ok":true,"result":{"state":"queued","tx_id":5}}
2026-09-27T00:29:27.872+03:00 [AGENT REQUEST] {"id":15,"op":"send_line","session":"s1","text":"/echo-loop stop"}
2026-09-27T00:29:27.872+03:00 [TX] {"data_b64":"L2hlYXJ0YmVhdCBvZmYK","description":"ble:LoRa-Chatter-1B44 44:1B:F6:8D:B7:A9","device_key":"ble-address:44:1b:f6:8d:b7:a9","kind":"tx","seq":93,"session":"s1","text":"/heartbeat off","timestamp":1790458167.8726733,"tx_id":4,"tx_state":"written"}
2026-09-27T00:29:27.873+03:00 [AGENT RESPONSE] {"id":15,"ok":true,"result":{"state":"queued","tx_id":6}}
2026-09-27T00:29:27.873+03:00 [TX] {"data_b64":"L2VjaG8tbG9vcCBzdG9wCg==","device_key":"ble-address:44:1b:f6:8d:b7:a9","kind":"tx","seq":94,"session":"s1","text":"/echo-loop stop","timestamp":1790458167.8728828,"tx_id":6,"tx_state":"queued"}
2026-09-27T00:29:27.873+03:00 [TX] {"data_b64":"L2RpYWcgb2ZmCg==","description":"ble:LoRa-Chatter-1B44 44:1B:F6:8D:B7:A9","device_key":"ble-address:44:1b:f6:8d:b7:a9","kind":"tx","seq":95,"session":"s1","text":"/diag off","timestamp":1790458167.8730977,"tx_id":5,"tx_state":"written"}
2026-09-27T00:29:27.873+03:00 [AGENT REQUEST] {"id":16,"op":"send_line","session":"s2","text":"/heartbeat off"}
2026-09-27T00:29:27.873+03:00 [TX] {"data_b64":"L2VjaG8tbG9vcCBzdG9wCg==","description":"ble:LoRa-Chatter-1B44 44:1B:F6:8D:B7:A9","device_key":"ble-address:44:1b:f6:8d:b7:a9","kind":"tx","seq":96,"session":"s1","text":"/echo-loop stop","timestamp":1790458167.8734286,"tx_id":6,"tx_state":"written"}
2026-09-27T00:29:27.873+03:00 [TX] {"data_b64":"L2hlYXJ0YmVhdCBvZmYK","device_key":"ble-address:e0:72:a1:d5:4c:15","kind":"tx","seq":94,"session":"s2","text":"/heartbeat off","timestamp":1790458167.8734808,"tx_id":4,"tx_state":"queued"}
2026-09-27T00:29:27.873+03:00 [AGENT RESPONSE] {"id":16,"ok":true,"result":{"state":"queued","tx_id":4}}
2026-09-27T00:29:27.873+03:00 [AGENT REQUEST] {"id":17,"op":"send_line","session":"s2","text":"/diag off"}
2026-09-27T00:29:27.874+03:00 [AGENT RESPONSE] {"id":17,"ok":true,"result":{"state":"queued","tx_id":5}}
2026-09-27T00:29:27.874+03:00 [TX] {"data_b64":"L2RpYWcgb2ZmCg==","device_key":"ble-address:e0:72:a1:d5:4c:15","kind":"tx","seq":95,"session":"s2","text":"/diag off","timestamp":1790458167.8739173,"tx_id":5,"tx_state":"queued"}
2026-09-27T00:29:27.874+03:00 [TX] {"data_b64":"L2hlYXJ0YmVhdCBvZmYK","description":"ble:LoRa-Chatter-72E0 E0:72:A1:D5:4C:15","device_key":"ble-address:e0:72:a1:d5:4c:15","kind":"tx","seq":96,"session":"s2","text":"/heartbeat off","timestamp":1790458167.8740368,"tx_id":4,"tx_state":"written"}
2026-09-27T00:29:27.874+03:00 [AGENT REQUEST] {"id":18,"op":"send_line","session":"s2","text":"/echo-loop stop"}
2026-09-27T00:29:27.874+03:00 [AGENT RESPONSE] {"id":18,"ok":true,"result":{"state":"queued","tx_id":6}}
2026-09-27T00:29:27.874+03:00 [TX] {"data_b64":"L2VjaG8tbG9vcCBzdG9wCg==","device_key":"ble-address:e0:72:a1:d5:4c:15","kind":"tx","seq":97,"session":"s2","text":"/echo-loop stop","timestamp":1790458167.8743916,"tx_id":6,"tx_state":"queued"}
2026-09-27T00:29:27.874+03:00 [AGENT REQUEST] {"id":19,"op":"observe","cursors":{"s1":65,"s2":68},"timeout_ms":3000}
2026-09-27T00:29:27.875+03:00 [TX] {"data_b64":"L2RpYWcgb2ZmCg==","description":"ble:LoRa-Chatter-72E0 E0:72:A1:D5:4C:15","device_key":"ble-address:e0:72:a1:d5:4c:15","kind":"tx","seq":98,"session":"s2","text":"/diag off","timestamp":1790458167.8745582,"tx_id":5,"tx_state":"written"}
2026-09-27T00:29:27.875+03:00 [AGENT RESPONSE] {"id":19,"ok":true,"result":{"cursors":{"s1":96,"s2":98},"lines":[{"seq_first":66,"seq_last":66,"session":"s1","stream":"telemetry","text":""},{"seq_first":66,"seq_last":75,"session":"s1","stream":"telemetry","text":"SESSION t=2940s TX ok=44 user=23 echo_req=0 echo_rep=0 hb=0(idle=0) err=0 started=44 RX ok=44 user=21 echo_req=0 echo_rep=0 hb=0 crc=2 hdr=4 bad=1 readerr=0 reports=44 Q=100% drops=0 fatal=0"},{"seq_first":76,"seq_last":79,"session":"s1","stream":"telemetry","text":"SESSION COURTESY window=5000ms peer_release=0 expired=0 yielding=0"},{"seq_first":80,"seq_last":84,"session":"s1","stream":"telemetry","text":"SESSION DIO0_TX affected=0/44 episodes=0 avg_all=0.00 avg_affected=0.00 high_polls=0"},{"seq_first":85,"seq_last":90,"session":"s1","stream":"telemetry","text":"SESSION RX_POLL polls=2212627 rxdone=51 interval=1000us DIO0_RX false_high_ep=0 high_polls=0 rxdone_low=1 isr=disabled"},{"seq_first":69,"seq_last":69,"session":"s2","stream":"telemetry","text":""},{"seq_first":69,"seq_last":78,"session":"s2","stream":"telemetry","text":"SESSION t=2220s TX ok=18 user=8 echo_req=0 echo_rep=0 hb=0(idle=0) err=0 started=18 RX ok=18 user=10 echo_req=0 echo_rep=0 hb=0 crc=6 hdr=4 bad=0 readerr=0 reports=18 Q=100% drops=0 fatal=0"},{"seq_first":79,"seq_last":82,"session":"s2","stream":"telemetry","text":"SESSION COURTESY window=5000ms peer_release=0 expired=0 yielding=0"},{"seq_first":83,"seq_last":87,"session":"s2","stream":"telemetry","text":"SESSION DIO0_TX affected=0/18 episodes=0 avg_all=0.00 avg_affected=0.00 high_polls=0"},{"seq_first":88,"seq_last":93,"session":"s2","stream":"telemetry","text":"SESSION RX_POLL polls=1565180 rxdone=28 interval=1000us DIO0_RX false_high_ep=0 high_polls=0 rxdone_low=0 isr=disabled"}],"timed_out":false}}
2026-09-27T00:29:27.875+03:00 [TX] {"data_b64":"L2VjaG8tbG9vcCBzdG9wCg==","description":"ble:LoRa-Chatter-72E0 E0:72:A1:D5:4C:15","device_key":"ble-address:e0:72:a1:d5:4c:15","kind":"tx","seq":99,"session":"s2","text":"/echo-loop stop","timestamp":1790458167.8750863,"tx_id":6,"tx_state":"written"}
2026-09-27T00:29:27.944+03:00 [RX chat] {"data_b64":"W1NZU10gSEVBUlRCRUFUIE9GRgo=","description":"ble:LoRa-Chatter-1B44 44:1B:F6:8D:B7:A9","device_key":"ble-address:44:1b:f6:8d:b7:a9","kind":"rx","seq":97,"session":"s1","stream":"chat","text":"[SYS] HEARTBEAT OFF\n","timestamp":1790458167.9436316}
2026-09-27T00:29:27.944+03:00 [RX chat] {"data_b64":"W1NZU10gRElBRyBhbHJlYWR5IE8=","description":"ble:LoRa-Chatter-1B44 44:1B:F6:8D:B7:A9","device_key":"ble-address:44:1b:f6:8d:b7:a9","kind":"rx","seq":98,"session":"s1","stream":"chat","text":"[SYS] DIAG already O","timestamp":1790458167.943877}
2026-09-27T00:29:27.944+03:00 [RX chat] {"data_b64":"RkYK","description":"ble:LoRa-Chatter-1B44 44:1B:F6:8D:B7:A9","device_key":"ble-address:44:1b:f6:8d:b7:a9","kind":"rx","seq":99,"session":"s1","stream":"chat","text":"FF\n","timestamp":1790458167.943911}
2026-09-27T00:29:27.944+03:00 [RX chat] {"data_b64":"W1NZU10gSEVBUlRCRUFUIE9GRgo=","description":"ble:LoRa-Chatter-72E0 E0:72:A1:D5:4C:15","device_key":"ble-address:e0:72:a1:d5:4c:15","kind":"rx","seq":100,"session":"s2","stream":"chat","text":"[SYS] HEARTBEAT OFF\n","timestamp":1790458167.944493}
2026-09-27T00:29:27.944+03:00 [RX chat] {"data_b64":"W1NZU10gRUNITyBMT09QIGFscmU=","description":"ble:LoRa-Chatter-1B44 44:1B:F6:8D:B7:A9","device_key":"ble-address:44:1b:f6:8d:b7:a9","kind":"rx","seq":100,"session":"s1","stream":"chat","text":"[SYS] ECHO LOOP alre","timestamp":1790458167.943986}
2026-09-27T00:29:27.944+03:00 [RX chat] {"data_b64":"W1NZU10gRElBRyBhbHJlYWR5IE8=","description":"ble:LoRa-Chatter-72E0 E0:72:A1:D5:4C:15","device_key":"ble-address:e0:72:a1:d5:4c:15","kind":"rx","seq":101,"session":"s2","stream":"chat","text":"[SYS] DIAG already O","timestamp":1790458167.944636}
2026-09-27T00:29:27.944+03:00 [RX chat] {"data_b64":"YWR5IHN0b3BwZWQK","description":"ble:LoRa-Chatter-1B44 44:1B:F6:8D:B7:A9","device_key":"ble-address:44:1b:f6:8d:b7:a9","kind":"rx","seq":101,"session":"s1","stream":"chat","text":"ady stopped\n","timestamp":1790458167.9440293}
2026-09-27T00:29:27.944+03:00 [RX chat] {"data_b64":"RkYK","description":"ble:LoRa-Chatter-72E0 E0:72:A1:D5:4C:15","device_key":"ble-address:e0:72:a1:d5:4c:15","kind":"rx","seq":102,"session":"s2","stream":"chat","text":"FF\n","timestamp":1790458167.9446552}
2026-09-27T00:29:27.945+03:00 [RX chat] {"data_b64":"W1NZU10gRUNITyBMT09QIGFscmU=","description":"ble:LoRa-Chatter-72E0 E0:72:A1:D5:4C:15","device_key":"ble-address:e0:72:a1:d5:4c:15","kind":"rx","seq":103,"session":"s2","stream":"chat","text":"[SYS] ECHO LOOP alre","timestamp":1790458167.945774}
2026-09-27T00:29:27.946+03:00 [RX chat] {"data_b64":"YWR5IHN0b3BwZWQK","description":"ble:LoRa-Chatter-72E0 E0:72:A1:D5:4C:15","device_key":"ble-address:e0:72:a1:d5:4c:15","kind":"rx","seq":104,"session":"s2","stream":"chat","text":"ady stopped\n","timestamp":1790458167.946055}
2026-09-27T00:29:41.074+03:00 [AGENT REQUEST] {"id":20,"op":"observe","cursors":{"s1":96,"s2":98},"timeout_ms":5000}
2026-09-27T00:29:41.076+03:00 [AGENT RESPONSE] {"id":20,"ok":true,"result":{"cursors":{"s1":101,"s2":104},"lines":[{"seq_first":97,"seq_last":97,"session":"s1","stream":"chat","text":"[SYS] HEARTBEAT OFF"},{"seq_first":98,"seq_last":99,"session":"s1","stream":"chat","text":"[SYS] DIAG already OFF"},{"seq_first":100,"seq_last":101,"session":"s1","stream":"chat","text":"[SYS] ECHO LOOP already stopped"},{"seq_first":100,"seq_last":100,"session":"s2","stream":"chat","text":"[SYS] HEARTBEAT OFF"},{"seq_first":101,"seq_last":102,"session":"s2","stream":"chat","text":"[SYS] DIAG already OFF"},{"seq_first":103,"seq_last":104,"session":"s2","stream":"chat","text":"[SYS] ECHO LOOP already stopped"}],"timed_out":false}}
2026-09-27T00:29:55.500+03:00 [AGENT REQUEST] {"id":21,"op":"send_line","session":"s1","text":"/cancel all"}
2026-09-27T00:29:55.503+03:00 [TX] {"data_b64":"L2NhbmNlbCBhbGwK","device_key":"ble-address:44:1b:f6:8d:b7:a9","kind":"tx","seq":102,"session":"s1","text":"/cancel all","timestamp":1790458195.5007298,"tx_id":7,"tx_state":"queued"}
2026-09-27T00:29:55.505+03:00 [AGENT RESPONSE] {"id":21,"ok":true,"result":{"state":"queued","tx_id":7}}
2026-09-27T00:29:55.505+03:00 [AGENT REQUEST] {"id":22,"op":"send_line","session":"s2","text":"/cancel all"}
2026-09-27T00:29:55.508+03:00 [TX] {"data_b64":"L2NhbmNlbCBhbGwK","device_key":"ble-address:e0:72:a1:d5:4c:15","kind":"tx","seq":105,"session":"s2","text":"/cancel all","timestamp":1790458195.5061576,"tx_id":7,"tx_state":"queued"}
2026-09-27T00:29:55.509+03:00 [AGENT RESPONSE] {"id":22,"ok":true,"result":{"state":"queued","tx_id":7}}
2026-09-27T00:29:55.510+03:00 [AGENT REQUEST] {"id":23,"op":"observe","cursors":{"s1":101,"s2":104},"timeout_ms":5000}
2026-09-27T00:29:55.511+03:00 [AGENT RESPONSE] {"id":23,"ok":true,"result":{"cursors":{"s1":102,"s2":105},"lines":[],"timed_out":false}}
2026-09-27T00:29:55.511+03:00 [TX] {"data_b64":"L2NhbmNlbCBhbGwK","description":"ble:LoRa-Chatter-72E0 E0:72:A1:D5:4C:15","device_key":"ble-address:e0:72:a1:d5:4c:15","kind":"tx","seq":106,"session":"s2","text":"/cancel all","timestamp":1790458195.5112734,"tx_id":7,"tx_state":"written"}
2026-09-27T00:29:55.512+03:00 [TX] {"data_b64":"L2NhbmNlbCBhbGwK","description":"ble:LoRa-Chatter-1B44 44:1B:F6:8D:B7:A9","device_key":"ble-address:44:1b:f6:8d:b7:a9","kind":"tx","seq":103,"session":"s1","text":"/cancel all","timestamp":1790458195.5113702,"tx_id":7,"tx_state":"written"}
2026-09-27T00:29:55.573+03:00 [RX telemetry] {"data_b64":"REVMSVZFUlkgQ0FOQ0VMIEFMTCA=","description":"ble:LoRa-Chatter-1B44 44:1B:F6:8D:B7:A9","device_key":"ble-address:44:1b:f6:8d:b7:a9","kind":"rx","seq":104,"session":"s1","stream":"telemetry","text":"DELIVERY CANCEL ALL ","timestamp":1790458195.5727267}
2026-09-27T00:29:55.573+03:00 [RX telemetry] {"data_b64":"cGVuZGluZz1ub25lIHF1ZXVlX3I=","description":"ble:LoRa-Chatter-1B44 44:1B:F6:8D:B7:A9","device_key":"ble-address:44:1b:f6:8d:b7:a9","kind":"rx","seq":105,"session":"s1","stream":"telemetry","text":"pending=none queue_r","timestamp":1790458195.5734062}
2026-09-27T00:29:55.575+03:00 [RX telemetry] {"data_b64":"ZW1vdmVkPTAK","description":"ble:LoRa-Chatter-1B44 44:1B:F6:8D:B7:A9","device_key":"ble-address:44:1b:f6:8d:b7:a9","kind":"rx","seq":106,"session":"s1","stream":"telemetry","text":"emoved=0\n","timestamp":1790458195.5750818}
2026-09-27T00:29:55.575+03:00 [RX chat] {"data_b64":"W1NZU10gREVMSVZFUlkgQ0FOQ0U=","description":"ble:LoRa-Chatter-1B44 44:1B:F6:8D:B7:A9","device_key":"ble-address:44:1b:f6:8d:b7:a9","kind":"rx","seq":107,"session":"s1","stream":"chat","text":"[SYS] DELIVERY CANCE","timestamp":1790458195.57519}
2026-09-27T00:29:55.575+03:00 [RX chat] {"data_b64":"TDogbm90aGluZyBwZW5kaW5nCg==","description":"ble:LoRa-Chatter-1B44 44:1B:F6:8D:B7:A9","device_key":"ble-address:44:1b:f6:8d:b7:a9","kind":"rx","seq":108,"session":"s1","stream":"chat","text":"L: nothing pending\n","timestamp":1790458195.5752432}
2026-09-27T00:29:55.578+03:00 [RX telemetry] {"data_b64":"REVMSVZFUlkgQ0FOQ0VMIEFMTCA=","description":"ble:LoRa-Chatter-72E0 E0:72:A1:D5:4C:15","device_key":"ble-address:e0:72:a1:d5:4c:15","kind":"rx","seq":107,"session":"s2","stream":"telemetry","text":"DELIVERY CANCEL ALL ","timestamp":1790458195.5776184}
2026-09-27T00:29:55.579+03:00 [RX telemetry] {"data_b64":"cGVuZGluZz1ub25lIHF1ZXVlX3I=","description":"ble:LoRa-Chatter-72E0 E0:72:A1:D5:4C:15","device_key":"ble-address:e0:72:a1:d5:4c:15","kind":"rx","seq":108,"session":"s2","stream":"telemetry","text":"pending=none queue_r","timestamp":1790458195.5791183}
2026-09-27T00:29:55.579+03:00 [RX telemetry] {"data_b64":"ZW1vdmVkPTAK","description":"ble:LoRa-Chatter-72E0 E0:72:A1:D5:4C:15","device_key":"ble-address:e0:72:a1:d5:4c:15","kind":"rx","seq":109,"session":"s2","stream":"telemetry","text":"emoved=0\n","timestamp":1790458195.5795434}
2026-09-27T00:29:55.580+03:00 [RX chat] {"data_b64":"W1NZU10gREVMSVZFUlkgQ0FOQ0U=","description":"ble:LoRa-Chatter-72E0 E0:72:A1:D5:4C:15","device_key":"ble-address:e0:72:a1:d5:4c:15","kind":"rx","seq":110,"session":"s2","stream":"chat","text":"[SYS] DELIVERY CANCE","timestamp":1790458195.5804062}
2026-09-27T00:29:55.580+03:00 [RX chat] {"data_b64":"TDogbm90aGluZyBwZW5kaW5nCg==","description":"ble:LoRa-Chatter-72E0 E0:72:A1:D5:4C:15","device_key":"ble-address:e0:72:a1:d5:4c:15","kind":"rx","seq":111,"session":"s2","stream":"chat","text":"L: nothing pending\n","timestamp":1790458195.5804768}
2026-09-27T00:30:06.422+03:00 [RX telemetry] {"data_b64":"ClNFU1NJT04gdD0zMDAwcyBUWCA=","description":"ble:LoRa-Chatter-1B44 44:1B:F6:8D:B7:A9","device_key":"ble-address:44:1b:f6:8d:b7:a9","kind":"rx","seq":109,"session":"s1","stream":"telemetry","text":"\nSESSION t=3000s TX ","timestamp":1790458206.4220726}
2026-09-27T00:30:06.423+03:00 [RX telemetry] {"data_b64":"b2s9NDQgdXNlcj0yMyBlY2hvX3I=","description":"ble:LoRa-Chatter-1B44 44:1B:F6:8D:B7:A9","device_key":"ble-address:44:1b:f6:8d:b7:a9","kind":"rx","seq":110,"session":"s1","stream":"telemetry","text":"ok=44 user=23 echo_r","timestamp":1790458206.423333}
2026-09-27T00:30:06.423+03:00 [RX telemetry] {"data_b64":"ZXE9MCBlY2hvX3JlcD0wIGhiPTA=","description":"ble:LoRa-Chatter-1B44 44:1B:F6:8D:B7:A9","device_key":"ble-address:44:1b:f6:8d:b7:a9","kind":"rx","seq":111,"session":"s1","stream":"telemetry","text":"eq=0 echo_rep=0 hb=0","timestamp":1790458206.4233878}
2026-09-27T00:30:06.423+03:00 [RX telemetry] {"data_b64":"KGlkbGU9MCkgZXJyPTAgc3RhcnQ=","description":"ble:LoRa-Chatter-1B44 44:1B:F6:8D:B7:A9","device_key":"ble-address:44:1b:f6:8d:b7:a9","kind":"rx","seq":112,"session":"s1","stream":"telemetry","text":"(idle=0) err=0 start","timestamp":1790458206.4238212}
2026-09-27T00:30:06.424+03:00 [RX telemetry] {"data_b64":"ZWQ9NDQgUlggb2s9NDQgdXNlcj0=","description":"ble:LoRa-Chatter-1B44 44:1B:F6:8D:B7:A9","device_key":"ble-address:44:1b:f6:8d:b7:a9","kind":"rx","seq":113,"session":"s1","stream":"telemetry","text":"ed=44 RX ok=44 user=","timestamp":1790458206.4238687}
2026-09-27T00:30:06.424+03:00 [RX telemetry] {"data_b64":"MjEgZWNob19yZXE9MCBlY2hvX3I=","description":"ble:LoRa-Chatter-1B44 44:1B:F6:8D:B7:A9","device_key":"ble-address:44:1b:f6:8d:b7:a9","kind":"rx","seq":114,"session":"s1","stream":"telemetry","text":"21 echo_req=0 echo_r","timestamp":1790458206.4241853}
2026-09-27T00:30:06.424+03:00 [RX telemetry] {"data_b64":"ZXA9MCBoYj0wIGNyYz0yIGhkcj0=","description":"ble:LoRa-Chatter-1B44 44:1B:F6:8D:B7:A9","device_key":"ble-address:44:1b:f6:8d:b7:a9","kind":"rx","seq":115,"session":"s1","stream":"telemetry","text":"ep=0 hb=0 crc=2 hdr=","timestamp":1790458206.4242148}
2026-09-27T00:30:06.424+03:00 [RX telemetry] {"data_b64":"NCBiYWQ9MSByZWFkZXJyPTAgcmU=","description":"ble:LoRa-Chatter-1B44 44:1B:F6:8D:B7:A9","device_key":"ble-address:44:1b:f6:8d:b7:a9","kind":"rx","seq":116,"session":"s1","stream":"telemetry","text":"4 bad=1 readerr=0 re","timestamp":1790458206.4246817}
2026-09-27T00:30:06.424+03:00 [RX telemetry] {"data_b64":"cG9ydHM9NDQgUT0xMDAlIGRyb3A=","description":"ble:LoRa-Chatter-1B44 44:1B:F6:8D:B7:A9","device_key":"ble-address:44:1b:f6:8d:b7:a9","kind":"rx","seq":117,"session":"s1","stream":"telemetry","text":"ports=44 Q=100% drop","timestamp":1790458206.424712}
2026-09-27T00:30:06.425+03:00 [RX telemetry] {"data_b64":"cz0wIGZhdGFsPTAK","description":"ble:LoRa-Chatter-1B44 44:1B:F6:8D:B7:A9","device_key":"ble-address:44:1b:f6:8d:b7:a9","kind":"rx","seq":118,"session":"s1","stream":"telemetry","text":"s=0 fatal=0\n","timestamp":1790458206.424729}
2026-09-27T00:30:06.425+03:00 [RX telemetry] {"data_b64":"U0VTU0lPTiBDT1VSVEVTWSB3aW4=","description":"ble:LoRa-Chatter-1B44 44:1B:F6:8D:B7:A9","device_key":"ble-address:44:1b:f6:8d:b7:a9","kind":"rx","seq":119,"session":"s1","stream":"telemetry","text":"SESSION COURTESY win","timestamp":1790458206.4247515}
2026-09-27T00:30:06.467+03:00 [RX telemetry] {"data_b64":"ZG93PTUwMDBtcyBwZWVyX3JlbGU=","description":"ble:LoRa-Chatter-1B44 44:1B:F6:8D:B7:A9","device_key":"ble-address:44:1b:f6:8d:b7:a9","kind":"rx","seq":120,"session":"s1","stream":"telemetry","text":"dow=5000ms peer_rele","timestamp":1790458206.4672487}
2026-09-27T00:30:06.467+03:00 [RX telemetry] {"data_b64":"YXNlPTAgZXhwaXJlZD0wIHlpZWw=","description":"ble:LoRa-Chatter-1B44 44:1B:F6:8D:B7:A9","device_key":"ble-address:44:1b:f6:8d:b7:a9","kind":"rx","seq":121,"session":"s1","stream":"telemetry","text":"ase=0 expired=0 yiel","timestamp":1790458206.4673166}
2026-09-27T00:30:06.468+03:00 [RX telemetry] {"data_b64":"ZGluZz0wCg==","description":"ble:LoRa-Chatter-1B44 44:1B:F6:8D:B7:A9","device_key":"ble-address:44:1b:f6:8d:b7:a9","kind":"rx","seq":122,"session":"s1","stream":"telemetry","text":"ding=0\n","timestamp":1790458206.4680636}
2026-09-27T00:30:06.468+03:00 [RX telemetry] {"data_b64":"U0VTU0lPTiBESU8wX1RYIGFmZmU=","description":"ble:LoRa-Chatter-1B44 44:1B:F6:8D:B7:A9","device_key":"ble-address:44:1b:f6:8d:b7:a9","kind":"rx","seq":123,"session":"s1","stream":"telemetry","text":"SESSION DIO0_TX affe","timestamp":1790458206.4683719}
2026-09-27T00:30:06.468+03:00 [RX telemetry] {"data_b64":"Y3RlZD0wLzQ0IGVwaXNvZGVzPTA=","description":"ble:LoRa-Chatter-1B44 44:1B:F6:8D:B7:A9","device_key":"ble-address:44:1b:f6:8d:b7:a9","kind":"rx","seq":124,"session":"s1","stream":"telemetry","text":"cted=0/44 episodes=0","timestamp":1790458206.4684336}
2026-09-27T00:30:06.469+03:00 [RX telemetry] {"data_b64":"IGF2Z19hbGw9MC4wMCBhdmdfYWY=","description":"ble:LoRa-Chatter-1B44 44:1B:F6:8D:B7:A9","device_key":"ble-address:44:1b:f6:8d:b7:a9","kind":"rx","seq":125,"session":"s1","stream":"telemetry","text":" avg_all=0.00 avg_af","timestamp":1790458206.46873}
2026-09-27T00:30:06.469+03:00 [RX telemetry] {"data_b64":"ZmVjdGVkPTAuMDAgaGlnaF9wb2w=","description":"ble:LoRa-Chatter-1B44 44:1B:F6:8D:B7:A9","device_key":"ble-address:44:1b:f6:8d:b7:a9","kind":"rx","seq":126,"session":"s1","stream":"telemetry","text":"fected=0.00 high_pol","timestamp":1790458206.4687703}
2026-09-27T00:30:06.469+03:00 [RX telemetry] {"data_b64":"bHM9MAo=","description":"ble:LoRa-Chatter-1B44 44:1B:F6:8D:B7:A9","device_key":"ble-address:44:1b:f6:8d:b7:a9","kind":"rx","seq":127,"session":"s1","stream":"telemetry","text":"ls=0\n","timestamp":1790458206.4693518}
2026-09-27T00:30:06.469+03:00 [RX telemetry] {"data_b64":"U0VTU0lPTiBSWF9QT0xMIHBvbGw=","description":"ble:LoRa-Chatter-1B44 44:1B:F6:8D:B7:A9","device_key":"ble-address:44:1b:f6:8d:b7:a9","kind":"rx","seq":128,"session":"s1","stream":"telemetry","text":"SESSION RX_POLL poll","timestamp":1790458206.4694223}
2026-09-27T00:30:06.472+03:00 [RX telemetry] {"data_b64":"cz0yMjU5NjQ2IHJ4ZG9uZT01MSA=","description":"ble:LoRa-Chatter-1B44 44:1B:F6:8D:B7:A9","device_key":"ble-address:44:1b:f6:8d:b7:a9","kind":"rx","seq":129,"session":"s1","stream":"telemetry","text":"s=2259646 rxdone=51 ","timestamp":1790458206.4719129}
2026-09-27T00:30:06.472+03:00 [RX telemetry] {"data_b64":"aW50ZXJ2YWw9MTAwMHVzIERJTzA=","description":"ble:LoRa-Chatter-1B44 44:1B:F6:8D:B7:A9","device_key":"ble-address:44:1b:f6:8d:b7:a9","kind":"rx","seq":130,"session":"s1","stream":"telemetry","text":"interval=1000us DIO0","timestamp":1790458206.4724488}
2026-09-27T00:30:06.473+03:00 [RX telemetry] {"data_b64":"X1JYIGZhbHNlX2hpZ2hfZXA9MCA=","description":"ble:LoRa-Chatter-1B44 44:1B:F6:8D:B7:A9","device_key":"ble-address:44:1b:f6:8d:b7:a9","kind":"rx","seq":131,"session":"s1","stream":"telemetry","text":"_RX false_high_ep=0 ","timestamp":1790458206.4728212}
2026-09-27T00:30:06.474+03:00 [RX telemetry] {"data_b64":"aGlnaF9wb2xscz0wIHJ4ZG9uZV8=","description":"ble:LoRa-Chatter-1B44 44:1B:F6:8D:B7:A9","device_key":"ble-address:44:1b:f6:8d:b7:a9","kind":"rx","seq":132,"session":"s1","stream":"telemetry","text":"high_polls=0 rxdone_","timestamp":1790458206.4735594}
2026-09-27T00:30:06.477+03:00 [RX telemetry] {"data_b64":"bG93PTEgaXNyPWRpc2FibGVkCg==","description":"ble:LoRa-Chatter-1B44 44:1B:F6:8D:B7:A9","device_key":"ble-address:44:1b:f6:8d:b7:a9","kind":"rx","seq":133,"session":"s1","stream":"telemetry","text":"low=1 isr=disabled\n","timestamp":1790458206.4764426}
2026-09-27T00:30:08.377+03:00 [AGENT REQUEST] {"id":24,"op":"observe","cursors":{"s1":102,"s2":105},"timeout_ms":5000}
2026-09-27T00:30:08.379+03:00 [AGENT RESPONSE] {"id":24,"ok":true,"result":{"cursors":{"s1":133,"s2":111},"lines":[{"seq_first":104,"seq_last":106,"session":"s1","stream":"telemetry","text":"DELIVERY CANCEL ALL pending=none queue_removed=0"},{"seq_first":107,"seq_last":108,"session":"s1","stream":"chat","text":"[SYS] DELIVERY CANCEL: nothing pending"},{"seq_first":107,"seq_last":109,"session":"s2","stream":"telemetry","text":"DELIVERY CANCEL ALL pending=none queue_removed=0"},{"seq_first":110,"seq_last":111,"session":"s2","stream":"chat","text":"[SYS] DELIVERY CANCEL: nothing pending"},{"seq_first":109,"seq_last":109,"session":"s1","stream":"telemetry","text":""},{"seq_first":109,"seq_last":118,"session":"s1","stream":"telemetry","text":"SESSION t=3000s TX ok=44 user=23 echo_req=0 echo_rep=0 hb=0(idle=0) err=0 started=44 RX ok=44 user=21 echo_req=0 echo_rep=0 hb=0 crc=2 hdr=4 bad=1 readerr=0 reports=44 Q=100% drops=0 fatal=0"},{"seq_first":119,"seq_last":122,"session":"s1","stream":"telemetry","text":"SESSION COURTESY window=5000ms peer_release=0 expired=0 yielding=0"},{"seq_first":123,"seq_last":127,"session":"s1","stream":"telemetry","text":"SESSION DIO0_TX affected=0/44 episodes=0 avg_all=0.00 avg_affected=0.00 high_polls=0"},{"seq_first":128,"seq_last":133,"session":"s1","stream":"telemetry","text":"SESSION RX_POLL polls=2259646 rxdone=51 interval=1000us DIO0_RX false_high_ep=0 high_polls=0 rxdone_low=1 isr=disabled"}],"timed_out":false}}
2026-09-27T00:30:26.723+03:00 [RX telemetry] {"data_b64":"ClNFU1NJT04gdD0yMjgwcyBUWCA=","description":"ble:LoRa-Chatter-72E0 E0:72:A1:D5:4C:15","device_key":"ble-address:e0:72:a1:d5:4c:15","kind":"rx","seq":112,"session":"s2","stream":"telemetry","text":"\nSESSION t=2280s TX ","timestamp":1790458226.7225635}
2026-09-27T00:30:26.724+03:00 [RX telemetry] {"data_b64":"b2s9MTggdXNlcj04IGVjaG9fcmU=","description":"ble:LoRa-Chatter-72E0 E0:72:A1:D5:4C:15","device_key":"ble-address:e0:72:a1:d5:4c:15","kind":"rx","seq":113,"session":"s2","stream":"telemetry","text":"ok=18 user=8 echo_re","timestamp":1790458226.722712}
2026-09-27T00:30:26.724+03:00 [RX telemetry] {"data_b64":"cT0wIGVjaG9fcmVwPTAgaGI9MCg=","description":"ble:LoRa-Chatter-72E0 E0:72:A1:D5:4C:15","device_key":"ble-address:e0:72:a1:d5:4c:15","kind":"rx","seq":114,"session":"s2","stream":"telemetry","text":"q=0 echo_rep=0 hb=0(","timestamp":1790458226.7233553}
2026-09-27T00:30:26.724+03:00 [RX telemetry] {"data_b64":"aWRsZT0wKSBlcnI9MCBzdGFydGU=","description":"ble:LoRa-Chatter-72E0 E0:72:A1:D5:4C:15","device_key":"ble-address:e0:72:a1:d5:4c:15","kind":"rx","seq":115,"session":"s2","stream":"telemetry","text":"idle=0) err=0 starte","timestamp":1790458226.72347}
2026-09-27T00:30:26.726+03:00 [RX telemetry] {"data_b64":"ZD0xOCBSWCBvaz0xOCB1c2VyPTE=","description":"ble:LoRa-Chatter-72E0 E0:72:A1:D5:4C:15","device_key":"ble-address:e0:72:a1:d5:4c:15","kind":"rx","seq":116,"session":"s2","stream":"telemetry","text":"d=18 RX ok=18 user=1","timestamp":1790458226.7254262}
2026-09-27T00:30:26.726+03:00 [RX telemetry] {"data_b64":"MCBlY2hvX3JlcT0wIGVjaG9fcmU=","description":"ble:LoRa-Chatter-72E0 E0:72:A1:D5:4C:15","device_key":"ble-address:e0:72:a1:d5:4c:15","kind":"rx","seq":117,"session":"s2","stream":"telemetry","text":"0 echo_req=0 echo_re","timestamp":1790458226.7255526}
2026-09-27T00:30:26.726+03:00 [RX telemetry] {"data_b64":"cD0wIGhiPTAgY3JjPTYgaGRyPTQ=","description":"ble:LoRa-Chatter-72E0 E0:72:A1:D5:4C:15","device_key":"ble-address:e0:72:a1:d5:4c:15","kind":"rx","seq":118,"session":"s2","stream":"telemetry","text":"p=0 hb=0 crc=6 hdr=4","timestamp":1790458226.7263465}
2026-09-27T00:30:26.727+03:00 [RX telemetry] {"data_b64":"IGJhZD0wIHJlYWRlcnI9MCByZXA=","description":"ble:LoRa-Chatter-72E0 E0:72:A1:D5:4C:15","device_key":"ble-address:e0:72:a1:d5:4c:15","kind":"rx","seq":119,"session":"s2","stream":"telemetry","text":" bad=0 readerr=0 rep","timestamp":1790458226.7271435}
2026-09-27T00:30:26.728+03:00 [RX telemetry] {"data_b64":"b3J0cz0xOCBRPTEwMCUgZHJvcHM=","description":"ble:LoRa-Chatter-72E0 E0:72:A1:D5:4C:15","device_key":"ble-address:e0:72:a1:d5:4c:15","kind":"rx","seq":120,"session":"s2","stream":"telemetry","text":"orts=18 Q=100% drops","timestamp":1790458226.7280536}
2026-09-27T00:30:26.728+03:00 [RX telemetry] {"data_b64":"PTAgZmF0YWw9MAo=","description":"ble:LoRa-Chatter-72E0 E0:72:A1:D5:4C:15","device_key":"ble-address:e0:72:a1:d5:4c:15","kind":"rx","seq":121,"session":"s2","stream":"telemetry","text":"=0 fatal=0\n","timestamp":1790458226.728128}
2026-09-27T00:30:26.729+03:00 [RX telemetry] {"data_b64":"U0VTU0lPTiBDT1VSVEVTWSB3aW4=","description":"ble:LoRa-Chatter-72E0 E0:72:A1:D5:4C:15","device_key":"ble-address:e0:72:a1:d5:4c:15","kind":"rx","seq":122,"session":"s2","stream":"telemetry","text":"SESSION COURTESY win","timestamp":1790458226.7289064}
2026-09-27T00:30:26.729+03:00 [RX telemetry] {"data_b64":"ZG93PTUwMDBtcyBwZWVyX3JlbGU=","description":"ble:LoRa-Chatter-72E0 E0:72:A1:D5:4C:15","device_key":"ble-address:e0:72:a1:d5:4c:15","kind":"rx","seq":123,"session":"s2","stream":"telemetry","text":"dow=5000ms peer_rele","timestamp":1790458226.7290869}
2026-09-27T00:30:26.730+03:00 [RX telemetry] {"data_b64":"YXNlPTAgZXhwaXJlZD0wIHlpZWw=","description":"ble:LoRa-Chatter-72E0 E0:72:A1:D5:4C:15","device_key":"ble-address:e0:72:a1:d5:4c:15","kind":"rx","seq":124,"session":"s2","stream":"telemetry","text":"ase=0 expired=0 yiel","timestamp":1790458226.7298934}
2026-09-27T00:30:26.730+03:00 [RX telemetry] {"data_b64":"ZGluZz0wCg==","description":"ble:LoRa-Chatter-72E0 E0:72:A1:D5:4C:15","device_key":"ble-address:e0:72:a1:d5:4c:15","kind":"rx","seq":125,"session":"s2","stream":"telemetry","text":"ding=0\n","timestamp":1790458226.7299812}
2026-09-27T00:30:26.732+03:00 [RX telemetry] {"data_b64":"U0VTU0lPTiBESU8wX1RYIGFmZmU=","description":"ble:LoRa-Chatter-72E0 E0:72:A1:D5:4C:15","device_key":"ble-address:e0:72:a1:d5:4c:15","kind":"rx","seq":126,"session":"s2","stream":"telemetry","text":"SESSION DIO0_TX affe","timestamp":1790458226.7320912}
2026-09-27T00:30:26.732+03:00 [RX telemetry] {"data_b64":"Y3RlZD0wLzE4IGVwaXNvZGVzPTA=","description":"ble:LoRa-Chatter-72E0 E0:72:A1:D5:4C:15","device_key":"ble-address:e0:72:a1:d5:4c:15","kind":"rx","seq":127,"session":"s2","stream":"telemetry","text":"cted=0/18 episodes=0","timestamp":1790458226.732477}
2026-09-27T00:30:26.733+03:00 [RX telemetry] {"data_b64":"IGF2Z19hbGw9MC4wMCBhdmdfYWY=","description":"ble:LoRa-Chatter-72E0 E0:72:A1:D5:4C:15","device_key":"ble-address:e0:72:a1:d5:4c:15","kind":"rx","seq":128,"session":"s2","stream":"telemetry","text":" avg_all=0.00 avg_af","timestamp":1790458226.7325282}
2026-09-27T00:30:26.733+03:00 [RX telemetry] {"data_b64":"ZmVjdGVkPTAuMDAgaGlnaF9wb2w=","description":"ble:LoRa-Chatter-72E0 E0:72:A1:D5:4C:15","device_key":"ble-address:e0:72:a1:d5:4c:15","kind":"rx","seq":129,"session":"s2","stream":"telemetry","text":"fected=0.00 high_pol","timestamp":1790458226.7331717}
2026-09-27T00:30:26.733+03:00 [RX telemetry] {"data_b64":"bHM9MAo=","description":"ble:LoRa-Chatter-72E0 E0:72:A1:D5:4C:15","device_key":"ble-address:e0:72:a1:d5:4c:15","kind":"rx","seq":130,"session":"s2","stream":"telemetry","text":"ls=0\n","timestamp":1790458226.733226}
2026-09-27T00:30:26.734+03:00 [RX telemetry] {"data_b64":"U0VTU0lPTiBSWF9QT0xMIHBvbGw=","description":"ble:LoRa-Chatter-72E0 E0:72:A1:D5:4C:15","device_key":"ble-address:e0:72:a1:d5:4c:15","kind":"rx","seq":131,"session":"s2","stream":"telemetry","text":"SESSION RX_POLL poll","timestamp":1790458226.733916}
2026-09-27T00:30:26.734+03:00 [RX telemetry] {"data_b64":"cz0xNjE1ODQwIHJ4ZG9uZT0yOCA=","description":"ble:LoRa-Chatter-72E0 E0:72:A1:D5:4C:15","device_key":"ble-address:e0:72:a1:d5:4c:15","kind":"rx","seq":132,"session":"s2","stream":"telemetry","text":"s=1615840 rxdone=28 ","timestamp":1790458226.7343578}
2026-09-27T00:30:26.734+03:00 [RX telemetry] {"data_b64":"aW50ZXJ2YWw9MTAwMHVzIERJTzA=","description":"ble:LoRa-Chatter-72E0 E0:72:A1:D5:4C:15","device_key":"ble-address:e0:72:a1:d5:4c:15","kind":"rx","seq":133,"session":"s2","stream":"telemetry","text":"interval=1000us DIO0","timestamp":1790458226.734539}
2026-09-27T00:30:26.738+03:00 [RX telemetry] {"data_b64":"X1JYIGZhbHNlX2hpZ2hfZXA9MCA=","description":"ble:LoRa-Chatter-72E0 E0:72:A1:D5:4C:15","device_key":"ble-address:e0:72:a1:d5:4c:15","kind":"rx","seq":134,"session":"s2","stream":"telemetry","text":"_RX false_high_ep=0 ","timestamp":1790458226.7378106}
2026-09-27T00:30:26.739+03:00 [RX telemetry] {"data_b64":"aGlnaF9wb2xscz0wIHJ4ZG9uZV8=","description":"ble:LoRa-Chatter-72E0 E0:72:A1:D5:4C:15","device_key":"ble-address:e0:72:a1:d5:4c:15","kind":"rx","seq":135,"session":"s2","stream":"telemetry","text":"high_polls=0 rxdone_","timestamp":1790458226.7380006}
2026-09-27T00:30:26.739+03:00 [RX telemetry] {"data_b64":"bG93PTAgaXNyPWRpc2FibGVkCg==","description":"ble:LoRa-Chatter-72E0 E0:72:A1:D5:4C:15","device_key":"ble-address:e0:72:a1:d5:4c:15","kind":"rx","seq":136,"session":"s2","stream":"telemetry","text":"low=0 isr=disabled\n","timestamp":1790458226.7381139}
2026-09-27T00:30:28.106+03:00 [AGENT REQUEST] {"id":25,"op":"send_line","session":"s1","text":"/config"}
2026-09-27T00:30:28.109+03:00 [TX] {"data_b64":"L2NvbmZpZwo=","device_key":"ble-address:44:1b:f6:8d:b7:a9","kind":"tx","seq":134,"session":"s1","text":"/config","timestamp":1790458228.1077976,"tx_id":8,"tx_state":"queued"}
2026-09-27T00:30:28.109+03:00 [AGENT RESPONSE] {"id":25,"ok":true,"result":{"state":"queued","tx_id":8}}
2026-09-27T00:30:28.109+03:00 [AGENT REQUEST] {"id":26,"op":"send_line","session":"s2","text":"/config"}
2026-09-27T00:30:28.110+03:00 [AGENT RESPONSE] {"id":26,"ok":true,"result":{"state":"queued","tx_id":8}}
2026-09-27T00:30:28.110+03:00 [TX] {"data_b64":"L2NvbmZpZwo=","device_key":"ble-address:e0:72:a1:d5:4c:15","kind":"tx","seq":137,"session":"s2","text":"/config","timestamp":1790458228.1098838,"tx_id":8,"tx_state":"queued"}
2026-09-27T00:30:28.111+03:00 [TX] {"data_b64":"L2NvbmZpZwo=","description":"ble:LoRa-Chatter-1B44 44:1B:F6:8D:B7:A9","device_key":"ble-address:44:1b:f6:8d:b7:a9","kind":"tx","seq":135,"session":"s1","text":"/config","timestamp":1790458228.111141,"tx_id":8,"tx_state":"written"}
2026-09-27T00:30:28.112+03:00 [AGENT REQUEST] {"id":27,"op":"observe","cursors":{"s1":133,"s2":111},"timeout_ms":5000}
2026-09-27T00:30:28.112+03:00 [TX] {"data_b64":"L2NvbmZpZwo=","description":"ble:LoRa-Chatter-72E0 E0:72:A1:D5:4C:15","device_key":"ble-address:e0:72:a1:d5:4c:15","kind":"tx","seq":138,"session":"s2","text":"/config","timestamp":1790458228.111981,"tx_id":8,"tx_state":"written"}
2026-09-27T00:30:28.112+03:00 [AGENT RESPONSE] {"id":27,"ok":true,"result":{"cursors":{"s1":135,"s2":138},"lines":[{"seq_first":112,"seq_last":112,"session":"s2","stream":"telemetry","text":""},{"seq_first":112,"seq_last":121,"session":"s2","stream":"telemetry","text":"SESSION t=2280s TX ok=18 user=8 echo_req=0 echo_rep=0 hb=0(idle=0) err=0 started=18 RX ok=18 user=10 echo_req=0 echo_rep=0 hb=0 crc=6 hdr=4 bad=0 readerr=0 reports=18 Q=100% drops=0 fatal=0"},{"seq_first":122,"seq_last":125,"session":"s2","stream":"telemetry","text":"SESSION COURTESY window=5000ms peer_release=0 expired=0 yielding=0"},{"seq_first":126,"seq_last":130,"session":"s2","stream":"telemetry","text":"SESSION DIO0_TX affected=0/18 episodes=0 avg_all=0.00 avg_affected=0.00 high_polls=0"},{"seq_first":131,"seq_last":136,"session":"s2","stream":"telemetry","text":"SESSION RX_POLL polls=1615840 rxdone=28 interval=1000us DIO0_RX false_high_ep=0 high_polls=0 rxdone_low=0 isr=disabled"}],"timed_out":false}}
2026-09-27T00:30:28.208+03:00 [RX chat] {"data_b64":"W1NZU10gQ0ZHIHNjaGVtYT0yIHM=","description":"ble:LoRa-Chatter-1B44 44:1B:F6:8D:B7:A9","device_key":"ble-address:44:1b:f6:8d:b7:a9","kind":"rx","seq":136,"session":"s1","stream":"chat","text":"[SYS] CFG schema=2 s","timestamp":1790458228.2063715}
2026-09-27T00:30:28.208+03:00 [RX chat] {"data_b64":"dG9yYWdlPU5WUyBmcmVxX29vYj0=","description":"ble:LoRa-Chatter-1B44 44:1B:F6:8D:B7:A9","device_key":"ble-address:44:1b:f6:8d:b7:a9","kind":"rx","seq":137,"session":"s1","stream":"chat","text":"torage=NVS freq_oob=","timestamp":1790458228.2067719}
2026-09-27T00:30:28.208+03:00 [RX chat] {"data_b64":"T0ZGCg==","description":"ble:LoRa-Chatter-1B44 44:1B:F6:8D:B7:A9","device_key":"ble-address:44:1b:f6:8d:b7:a9","kind":"rx","seq":138,"session":"s1","stream":"chat","text":"OFF\n","timestamp":1790458228.2068307}
2026-09-27T00:30:28.208+03:00 [RX chat] {"data_b64":"W1NZU10gQ0ZHIFJBRElPIHBvd2U=","description":"ble:LoRa-Chatter-1B44 44:1B:F6:8D:B7:A9","device_key":"ble-address:44:1b:f6:8d:b7:a9","kind":"rx","seq":139,"session":"s1","stream":"chat","text":"[SYS] CFG RADIO powe","timestamp":1790458228.2076097}
2026-09-27T00:30:28.208+03:00 [RX chat] {"data_b64":"cj0yIGRCbSBmcmVxPTQ3MCBNSHo=","description":"ble:LoRa-Chatter-1B44 44:1B:F6:8D:B7:A9","device_key":"ble-address:44:1b:f6:8d:b7:a9","kind":"rx","seq":140,"session":"s1","stream":"chat","text":"r=2 dBm freq=470 MHz","timestamp":1790458228.2076764}
2026-09-27T00:30:28.208+03:00 [RX chat] {"data_b64":"IHNmPTcgYnc9NTAwIGtIego=","description":"ble:LoRa-Chatter-1B44 44:1B:F6:8D:B7:A9","device_key":"ble-address:44:1b:f6:8d:b7:a9","kind":"rx","seq":141,"session":"s1","stream":"chat","text":" sf=7 bw=500 kHz\n","timestamp":1790458228.2077656}
2026-09-27T00:30:28.208+03:00 [RX chat] {"data_b64":"W1NZU10gQ0ZHIExJTksgaGVhcnQ=","description":"ble:LoRa-Chatter-1B44 44:1B:F6:8D:B7:A9","device_key":"ble-address:44:1b:f6:8d:b7:a9","kind":"rx","seq":142,"session":"s1","stream":"chat","text":"[SYS] CFG LINK heart","timestamp":1790458228.2080865}
2026-09-27T00:30:28.208+03:00 [RX chat] {"data_b64":"YmVhdD1PRkYgcmV0cnk9T04gYXQ=","description":"ble:LoRa-Chatter-1B44 44:1B:F6:8D:B7:A9","device_key":"ble-address:44:1b:f6:8d:b7:a9","kind":"rx","seq":143,"session":"s1","stream":"chat","text":"beat=OFF retry=ON at","timestamp":1790458228.2081063}
2026-09-27T00:30:28.209+03:00 [RX chat] {"data_b64":"dGVtcHRzPTUgZGlhZz1PRkYK","description":"ble:LoRa-Chatter-1B44 44:1B:F6:8D:B7:A9","device_key":"ble-address:44:1b:f6:8d:b7:a9","kind":"rx","seq":144,"session":"s1","stream":"chat","text":"tempts=5 diag=OFF\n","timestamp":1790458228.2090805}
2026-09-27T00:30:28.257+03:00 [RX chat] {"data_b64":"W1NZU10gQ0ZHIHNjaGVtYT0yIHM=","description":"ble:LoRa-Chatter-72E0 E0:72:A1:D5:4C:15","device_key":"ble-address:e0:72:a1:d5:4c:15","kind":"rx","seq":139,"session":"s2","stream":"chat","text":"[SYS] CFG schema=2 s","timestamp":1790458228.2551837}
2026-09-27T00:30:28.257+03:00 [RX chat] {"data_b64":"dG9yYWdlPU5WUyBmcmVxX29vYj0=","description":"ble:LoRa-Chatter-72E0 E0:72:A1:D5:4C:15","device_key":"ble-address:e0:72:a1:d5:4c:15","kind":"rx","seq":140,"session":"s2","stream":"chat","text":"torage=NVS freq_oob=","timestamp":1790458228.2555842}
2026-09-27T00:30:28.258+03:00 [RX chat] {"data_b64":"T0ZGCg==","description":"ble:LoRa-Chatter-72E0 E0:72:A1:D5:4C:15","device_key":"ble-address:e0:72:a1:d5:4c:15","kind":"rx","seq":141,"session":"s2","stream":"chat","text":"OFF\n","timestamp":1790458228.2556524}
2026-09-27T00:30:28.258+03:00 [RX chat] {"data_b64":"W1NZU10gQ0ZHIFJBRElPIHBvd2U=","description":"ble:LoRa-Chatter-72E0 E0:72:A1:D5:4C:15","device_key":"ble-address:e0:72:a1:d5:4c:15","kind":"rx","seq":142,"session":"s2","stream":"chat","text":"[SYS] CFG RADIO powe","timestamp":1790458228.2573173}
2026-09-27T00:30:28.258+03:00 [RX chat] {"data_b64":"cj0yIGRCbSBmcmVxPTQ3MCBNSHo=","description":"ble:LoRa-Chatter-72E0 E0:72:A1:D5:4C:15","device_key":"ble-address:e0:72:a1:d5:4c:15","kind":"rx","seq":143,"session":"s2","stream":"chat","text":"r=2 dBm freq=470 MHz","timestamp":1790458228.2577698}
2026-09-27T00:30:28.259+03:00 [RX chat] {"data_b64":"IHNmPTcgYnc9NTAwIGtIego=","description":"ble:LoRa-Chatter-72E0 E0:72:A1:D5:4C:15","device_key":"ble-address:e0:72:a1:d5:4c:15","kind":"rx","seq":144,"session":"s2","stream":"chat","text":" sf=7 bw=500 kHz\n","timestamp":1790458228.257812}
2026-09-27T00:30:28.259+03:00 [RX chat] {"data_b64":"W1NZU10gQ0ZHIExJTksgaGVhcnQ=","description":"ble:LoRa-Chatter-72E0 E0:72:A1:D5:4C:15","device_key":"ble-address:e0:72:a1:d5:4c:15","kind":"rx","seq":145,"session":"s2","stream":"chat","text":"[SYS] CFG LINK heart","timestamp":1790458228.2581632}
2026-09-27T00:30:28.259+03:00 [RX chat] {"data_b64":"YmVhdD1PRkYgcmV0cnk9T04gYXQ=","description":"ble:LoRa-Chatter-72E0 E0:72:A1:D5:4C:15","device_key":"ble-address:e0:72:a1:d5:4c:15","kind":"rx","seq":146,"session":"s2","stream":"chat","text":"beat=OFF retry=ON at","timestamp":1790458228.258201}
2026-09-27T00:30:28.259+03:00 [RX chat] {"data_b64":"dGVtcHRzPTUgZGlhZz1PRkYK","description":"ble:LoRa-Chatter-72E0 E0:72:A1:D5:4C:15","device_key":"ble-address:e0:72:a1:d5:4c:15","kind":"rx","seq":147,"session":"s2","stream":"chat","text":"tempts=5 diag=OFF\n","timestamp":1790458228.2582264}
2026-09-27T00:30:42.881+03:00 [AGENT REQUEST] {"id":28,"op":"observe","cursors":{"s1":135,"s2":138},"timeout_ms":5000}
2026-09-27T00:30:42.881+03:00 [AGENT RESPONSE] {"id":28,"ok":true,"result":{"cursors":{"s1":144,"s2":147},"lines":[{"seq_first":136,"seq_last":138,"session":"s1","stream":"chat","text":"[SYS] CFG schema=2 storage=NVS freq_oob=OFF"},{"seq_first":139,"seq_last":141,"session":"s1","stream":"chat","text":"[SYS] CFG RADIO power=2 dBm freq=470 MHz sf=7 bw=500 kHz"},{"seq_first":142,"seq_last":144,"session":"s1","stream":"chat","text":"[SYS] CFG LINK heartbeat=OFF retry=ON attempts=5 diag=OFF"},{"seq_first":139,"seq_last":141,"session":"s2","stream":"chat","text":"[SYS] CFG schema=2 storage=NVS freq_oob=OFF"},{"seq_first":142,"seq_last":144,"session":"s2","stream":"chat","text":"[SYS] CFG RADIO power=2 dBm freq=470 MHz sf=7 bw=500 kHz"},{"seq_first":145,"seq_last":147,"session":"s2","stream":"chat","text":"[SYS] CFG LINK heartbeat=OFF retry=ON attempts=5 diag=OFF"}],"timed_out":false}}
2026-09-27T00:31:06.460+03:00 [RX telemetry] {"data_b64":"ClNFU1NJT04gdD0zMDYwcyBUWCA=","description":"ble:LoRa-Chatter-1B44 44:1B:F6:8D:B7:A9","device_key":"ble-address:44:1b:f6:8d:b7:a9","kind":"rx","seq":145,"session":"s1","stream":"telemetry","text":"\nSESSION t=3060s TX ","timestamp":1790458266.4597135}
2026-09-27T00:31:06.461+03:00 [RX telemetry] {"data_b64":"b2s9NDQgdXNlcj0yMyBlY2hvX3I=","description":"ble:LoRa-Chatter-1B44 44:1B:F6:8D:B7:A9","device_key":"ble-address:44:1b:f6:8d:b7:a9","kind":"rx","seq":146,"session":"s1","stream":"telemetry","text":"ok=44 user=23 echo_r","timestamp":1790458266.4608462}
2026-09-27T00:31:06.461+03:00 [RX telemetry] {"data_b64":"ZXE9MCBlY2hvX3JlcD0wIGhiPTA=","description":"ble:LoRa-Chatter-1B44 44:1B:F6:8D:B7:A9","device_key":"ble-address:44:1b:f6:8d:b7:a9","kind":"rx","seq":147,"session":"s1","stream":"telemetry","text":"eq=0 echo_rep=0 hb=0","timestamp":1790458266.4615088}
2026-09-27T00:31:06.461+03:00 [RX telemetry] {"data_b64":"KGlkbGU9MCkgZXJyPTAgc3RhcnQ=","description":"ble:LoRa-Chatter-1B44 44:1B:F6:8D:B7:A9","device_key":"ble-address:44:1b:f6:8d:b7:a9","kind":"rx","seq":148,"session":"s1","stream":"telemetry","text":"(idle=0) err=0 start","timestamp":1790458266.461547}
2026-09-27T00:31:06.462+03:00 [RX telemetry] {"data_b64":"ZWQ9NDQgUlggb2s9NDQgdXNlcj0=","description":"ble:LoRa-Chatter-1B44 44:1B:F6:8D:B7:A9","device_key":"ble-address:44:1b:f6:8d:b7:a9","kind":"rx","seq":149,"session":"s1","stream":"telemetry","text":"ed=44 RX ok=44 user=","timestamp":1790458266.461572}
2026-09-27T00:31:06.462+03:00 [RX telemetry] {"data_b64":"MjEgZWNob19yZXE9MCBlY2hvX3I=","description":"ble:LoRa-Chatter-1B44 44:1B:F6:8D:B7:A9","device_key":"ble-address:44:1b:f6:8d:b7:a9","kind":"rx","seq":150,"session":"s1","stream":"telemetry","text":"21 echo_req=0 echo_r","timestamp":1790458266.4616811}
2026-09-27T00:31:06.463+03:00 [RX telemetry] {"data_b64":"ZXA9MCBoYj0wIGNyYz0yIGhkcj0=","description":"ble:LoRa-Chatter-1B44 44:1B:F6:8D:B7:A9","device_key":"ble-address:44:1b:f6:8d:b7:a9","kind":"rx","seq":151,"session":"s1","stream":"telemetry","text":"ep=0 hb=0 crc=2 hdr=","timestamp":1790458266.463117}
2026-09-27T00:31:06.463+03:00 [RX telemetry] {"data_b64":"NCBiYWQ9MSByZWFkZXJyPTAgcmU=","description":"ble:LoRa-Chatter-1B44 44:1B:F6:8D:B7:A9","device_key":"ble-address:44:1b:f6:8d:b7:a9","kind":"rx","seq":152,"session":"s1","stream":"telemetry","text":"4 bad=1 readerr=0 re","timestamp":1790458266.4631631}
2026-09-27T00:31:06.463+03:00 [RX telemetry] {"data_b64":"cG9ydHM9NDQgUT0xMDAlIGRyb3A=","description":"ble:LoRa-Chatter-1B44 44:1B:F6:8D:B7:A9","device_key":"ble-address:44:1b:f6:8d:b7:a9","kind":"rx","seq":153,"session":"s1","stream":"telemetry","text":"ports=44 Q=100% drop","timestamp":1790458266.4632034}
2026-09-27T00:31:06.463+03:00 [RX telemetry] {"data_b64":"cz0wIGZhdGFsPTAK","description":"ble:LoRa-Chatter-1B44 44:1B:F6:8D:B7:A9","device_key":"ble-address:44:1b:f6:8d:b7:a9","kind":"rx","seq":154,"session":"s1","stream":"telemetry","text":"s=0 fatal=0\n","timestamp":1790458266.4632256}
2026-09-27T00:31:06.463+03:00 [RX telemetry] {"data_b64":"U0VTU0lPTiBDT1VSVEVTWSB3aW4=","description":"ble:LoRa-Chatter-1B44 44:1B:F6:8D:B7:A9","device_key":"ble-address:44:1b:f6:8d:b7:a9","kind":"rx","seq":155,"session":"s1","stream":"telemetry","text":"SESSION COURTESY win","timestamp":1790458266.4632628}
2026-09-27T00:31:06.469+03:00 [RX telemetry] {"data_b64":"ZG93PTUwMDBtcyBwZWVyX3JlbGU=","description":"ble:LoRa-Chatter-1B44 44:1B:F6:8D:B7:A9","device_key":"ble-address:44:1b:f6:8d:b7:a9","kind":"rx","seq":156,"session":"s1","stream":"telemetry","text":"dow=5000ms peer_rele","timestamp":1790458266.4691572}
2026-09-27T00:31:06.470+03:00 [RX telemetry] {"data_b64":"YXNlPTAgZXhwaXJlZD0wIHlpZWw=","description":"ble:LoRa-Chatter-1B44 44:1B:F6:8D:B7:A9","device_key":"ble-address:44:1b:f6:8d:b7:a9","kind":"rx","seq":157,"session":"s1","stream":"telemetry","text":"ase=0 expired=0 yiel","timestamp":1790458266.4692245}
2026-09-27T00:31:06.470+03:00 [RX telemetry] {"data_b64":"ZGluZz0wCg==","description":"ble:LoRa-Chatter-1B44 44:1B:F6:8D:B7:A9","device_key":"ble-address:44:1b:f6:8d:b7:a9","kind":"rx","seq":158,"session":"s1","stream":"telemetry","text":"ding=0\n","timestamp":1790458266.46925}
2026-09-27T00:31:06.470+03:00 [RX telemetry] {"data_b64":"U0VTU0lPTiBESU8wX1RYIGFmZmU=","description":"ble:LoRa-Chatter-1B44 44:1B:F6:8D:B7:A9","device_key":"ble-address:44:1b:f6:8d:b7:a9","kind":"rx","seq":159,"session":"s1","stream":"telemetry","text":"SESSION DIO0_TX affe","timestamp":1790458266.4692817}
2026-09-27T00:31:06.470+03:00 [RX telemetry] {"data_b64":"Y3RlZD0wLzQ0IGVwaXNvZGVzPTA=","description":"ble:LoRa-Chatter-1B44 44:1B:F6:8D:B7:A9","device_key":"ble-address:44:1b:f6:8d:b7:a9","kind":"rx","seq":160,"session":"s1","stream":"telemetry","text":"cted=0/44 episodes=0","timestamp":1790458266.4693036}
2026-09-27T00:31:06.470+03:00 [RX telemetry] {"data_b64":"IGF2Z19hbGw9MC4wMCBhdmdfYWY=","description":"ble:LoRa-Chatter-1B44 44:1B:F6:8D:B7:A9","device_key":"ble-address:44:1b:f6:8d:b7:a9","kind":"rx","seq":161,"session":"s1","stream":"telemetry","text":" avg_all=0.00 avg_af","timestamp":1790458266.4693224}
2026-09-27T00:31:06.470+03:00 [RX telemetry] {"data_b64":"ZmVjdGVkPTAuMDAgaGlnaF9wb2w=","description":"ble:LoRa-Chatter-1B44 44:1B:F6:8D:B7:A9","device_key":"ble-address:44:1b:f6:8d:b7:a9","kind":"rx","seq":162,"session":"s1","stream":"telemetry","text":"fected=0.00 high_pol","timestamp":1790458266.469341}
2026-09-27T00:31:06.470+03:00 [RX telemetry] {"data_b64":"bHM9MAo=","description":"ble:LoRa-Chatter-1B44 44:1B:F6:8D:B7:A9","device_key":"ble-address:44:1b:f6:8d:b7:a9","kind":"rx","seq":163,"session":"s1","stream":"telemetry","text":"ls=0\n","timestamp":1790458266.47047}
2026-09-27T00:31:06.477+03:00 [RX telemetry] {"data_b64":"U0VTU0lPTiBSWF9QT0xMIHBvbGw=","description":"ble:LoRa-Chatter-1B44 44:1B:F6:8D:B7:A9","device_key":"ble-address:44:1b:f6:8d:b7:a9","kind":"rx","seq":164,"session":"s1","stream":"telemetry","text":"SESSION RX_POLL poll","timestamp":1790458266.4760416}
2026-09-27T00:31:06.478+03:00 [RX telemetry] {"data_b64":"cz0yMjk5NjQ5IHJ4ZG9uZT01MSA=","description":"ble:LoRa-Chatter-1B44 44:1B:F6:8D:B7:A9","device_key":"ble-address:44:1b:f6:8d:b7:a9","kind":"rx","seq":165,"session":"s1","stream":"telemetry","text":"s=2299649 rxdone=51 ","timestamp":1790458266.4762254}
2026-09-27T00:31:06.478+03:00 [RX telemetry] {"data_b64":"aW50ZXJ2YWw9MTAwMHVzIERJTzA=","description":"ble:LoRa-Chatter-1B44 44:1B:F6:8D:B7:A9","device_key":"ble-address:44:1b:f6:8d:b7:a9","kind":"rx","seq":166,"session":"s1","stream":"telemetry","text":"interval=1000us DIO0","timestamp":1790458266.4762745}
2026-09-27T00:31:06.478+03:00 [RX telemetry] {"data_b64":"X1JYIGZhbHNlX2hpZ2hfZXA9MCA=","description":"ble:LoRa-Chatter-1B44 44:1B:F6:8D:B7:A9","device_key":"ble-address:44:1b:f6:8d:b7:a9","kind":"rx","seq":167,"session":"s1","stream":"telemetry","text":"_RX false_high_ep=0 ","timestamp":1790458266.476314}
2026-09-27T00:31:06.478+03:00 [RX telemetry] {"data_b64":"aGlnaF9wb2xscz0wIHJ4ZG9uZV8=","description":"ble:LoRa-Chatter-1B44 44:1B:F6:8D:B7:A9","device_key":"ble-address:44:1b:f6:8d:b7:a9","kind":"rx","seq":168,"session":"s1","stream":"telemetry","text":"high_polls=0 rxdone_","timestamp":1790458266.4763834}
2026-09-27T00:31:06.479+03:00 [RX telemetry] {"data_b64":"bG93PTEgaXNyPWRpc2FibGVkCg==","description":"ble:LoRa-Chatter-1B44 44:1B:F6:8D:B7:A9","device_key":"ble-address:44:1b:f6:8d:b7:a9","kind":"rx","seq":169,"session":"s1","stream":"telemetry","text":"low=1 isr=disabled\n","timestamp":1790458266.476417}
2026-09-27T00:31:20.269+03:00 [AGENT REQUEST] {"id":29,"op":"send_line","session":"s1","text":"/help"}
2026-09-27T00:31:20.270+03:00 [TX] {"data_b64":"L2hlbHAK","device_key":"ble-address:44:1b:f6:8d:b7:a9","kind":"tx","seq":170,"session":"s1","text":"/help","timestamp":1790458280.2696826,"tx_id":9,"tx_state":"queued"}
2026-09-27T00:31:20.270+03:00 [AGENT RESPONSE] {"id":29,"ok":true,"result":{"state":"queued","tx_id":9}}
2026-09-27T00:31:20.270+03:00 [AGENT REQUEST] {"id":30,"op":"observe","cursors":{"s1":144,"s2":147},"timeout_ms":3000}
2026-09-27T00:31:20.270+03:00 [AGENT RESPONSE] {"id":30,"ok":true,"result":{"cursors":{"s1":170,"s2":147},"lines":[{"seq_first":145,"seq_last":145,"session":"s1","stream":"telemetry","text":""},{"seq_first":145,"seq_last":154,"session":"s1","stream":"telemetry","text":"SESSION t=3060s TX ok=44 user=23 echo_req=0 echo_rep=0 hb=0(idle=0) err=0 started=44 RX ok=44 user=21 echo_req=0 echo_rep=0 hb=0 crc=2 hdr=4 bad=1 readerr=0 reports=44 Q=100% drops=0 fatal=0"},{"seq_first":155,"seq_last":158,"session":"s1","stream":"telemetry","text":"SESSION COURTESY window=5000ms peer_release=0 expired=0 yielding=0"},{"seq_first":159,"seq_last":163,"session":"s1","stream":"telemetry","text":"SESSION DIO0_TX affected=0/44 episodes=0 avg_all=0.00 avg_affected=0.00 high_polls=0"},{"seq_first":164,"seq_last":169,"session":"s1","stream":"telemetry","text":"SESSION RX_POLL polls=2299649 rxdone=51 interval=1000us DIO0_RX false_high_ep=0 high_polls=0 rxdone_low=1 isr=disabled"}],"timed_out":false}}
2026-09-27T00:31:20.271+03:00 [TX] {"data_b64":"L2hlbHAK","description":"ble:LoRa-Chatter-1B44 44:1B:F6:8D:B7:A9","device_key":"ble-address:44:1b:f6:8d:b7:a9","kind":"tx","seq":171,"session":"s1","text":"/help","timestamp":1790458280.271051,"tx_id":9,"tx_state":"written"}
2026-09-27T00:31:20.365+03:00 [RX chat] {"data_b64":"W1NZU10gQ0hBVFRFUiBIRUxQCg==","description":"ble:LoRa-Chatter-1B44 44:1B:F6:8D:B7:A9","device_key":"ble-address:44:1b:f6:8d:b7:a9","kind":"rx","seq":172,"session":"s1","stream":"chat","text":"[SYS] CHATTER HELP\n","timestamp":1790458280.3650272}
2026-09-27T00:31:20.365+03:00 [RX chat] {"data_b64":"W1NZU10gQ0hBVFRFUiBOT0RFIEw=","description":"ble:LoRa-Chatter-1B44 44:1B:F6:8D:B7:A9","device_key":"ble-address:44:1b:f6:8d:b7:a9","kind":"rx","seq":173,"session":"s1","stream":"chat","text":"[SYS] CHATTER NODE L","timestamp":1790458280.3652725}
2026-09-27T00:31:20.365+03:00 [RX chat] {"data_b64":"b1JhLUNoYXR0ZXItMUI0NAo=","description":"ble:LoRa-Chatter-1B44 44:1B:F6:8D:B7:A9","device_key":"ble-address:44:1b:f6:8d:b7:a9","kind":"rx","seq":174,"session":"s1","stream":"chat","text":"oRa-Chatter-1B44\n","timestamp":1790458280.3653011}
2026-09-27T00:31:20.365+03:00 [RX chat] {"data_b64":"W1NZU10gQ0hBVCBPVVRQVVQ6Cg==","description":"ble:LoRa-Chatter-1B44 44:1B:F6:8D:B7:A9","device_key":"ble-address:44:1b:f6:8d:b7:a9","kind":"rx","seq":175,"session":"s1","stream":"chat","text":"[SYS] CHAT OUTPUT:\n","timestamp":1790458280.365573}
2026-09-27T00:31:20.366+03:00 [RX chat] {"data_b64":"W1NZU10gICA+IHRleHQgICAgICA=","description":"ble:LoRa-Chatter-1B44 44:1B:F6:8D:B7:A9","device_key":"ble-address:44:1b:f6:8d:b7:a9","kind":"rx","seq":176,"session":"s1","stream":"chat","text":"[SYS]   > text      ","timestamp":1790458280.3659658}
2026-09-27T00:31:20.366+03:00 [RX chat] {"data_b64":"ICAgICAgICAgICAgICAgICBsb2M=","description":"ble:LoRa-Chatter-1B44 44:1B:F6:8D:B7:A9","device_key":"ble-address:44:1b:f6:8d:b7:a9","kind":"rx","seq":177,"session":"s1","stream":"chat","text":"                 loc","timestamp":1790458280.366225}
2026-09-27T00:31:20.366+03:00 [RX chat] {"data_b64":"YWwgVVNFUiBUWCBjb25maXJtZWQ=","description":"ble:LoRa-Chatter-1B44 44:1B:F6:8D:B7:A9","device_key":"ble-address:44:1b:f6:8d:b7:a9","kind":"rx","seq":178,"session":"s1","stream":"chat","text":"al USER TX confirmed","timestamp":1790458280.3663864}
2026-09-27T00:31:20.369+03:00 [RX chat] {"data_b64":"Cg==","description":"ble:LoRa-Chatter-1B44 44:1B:F6:8D:B7:A9","device_key":"ble-address:44:1b:f6:8d:b7:a9","kind":"rx","seq":179,"session":"s1","stream":"chat","text":"\n","timestamp":1790458280.3688586}
2026-09-27T00:31:20.369+03:00 [RX chat] {"data_b64":"W1NZU10gICA8IFtSU1NJL1NOUiA=","description":"ble:LoRa-Chatter-1B44 44:1B:F6:8D:B7:A9","device_key":"ble-address:44:1b:f6:8d:b7:a9","kind":"rx","seq":180,"session":"s1","stream":"chat","text":"[SYS]   < [RSSI/SNR ","timestamp":1790458280.3692088}
2026-09-27T00:31:20.369+03:00 [RX chat] {"data_b64":"UV0gdGV4dCAgICAgICAgICBVU0U=","description":"ble:LoRa-Chatter-1B44 44:1B:F6:8D:B7:A9","device_key":"ble-address:44:1b:f6:8d:b7:a9","kind":"rx","seq":181,"session":"s1","stream":"chat","text":"Q] text          USE","timestamp":1790458280.3695242}
2026-09-27T00:31:20.369+03:00 [RX chat] {"data_b64":"UiByZWNlaXZlZCBmcm9tIHBlZXI=","description":"ble:LoRa-Chatter-1B44 44:1B:F6:8D:B7:A9","device_key":"ble-address:44:1b:f6:8d:b7:a9","kind":"rx","seq":182,"session":"s1","stream":"chat","text":"R received from peer","timestamp":1790458280.3695455}
2026-09-27T00:31:20.369+03:00 [RX chat] {"data_b64":"Cg==","description":"ble:LoRa-Chatter-1B44 44:1B:F6:8D:B7:A9","device_key":"ble-address:44:1b:f6:8d:b7:a9","kind":"rx","seq":183,"session":"s1","stream":"chat","text":"\n","timestamp":1790458280.369559}
2026-09-27T00:31:20.373+03:00 [RX chat] {"data_b64":"W1NZU10gICA+IFtFQ0hPIFRYXSA=","description":"ble:LoRa-Chatter-1B44 44:1B:F6:8D:B7:A9","device_key":"ble-address:44:1b:f6:8d:b7:a9","kind":"rx","seq":184,"session":"s1","stream":"chat","text":"[SYS]   > [ECHO TX] ","timestamp":1790458280.3735526}
2026-09-27T00:31:20.373+03:00 [RX chat] {"data_b64":"dGV4dCAgICAgICAgICAgICBsb2M=","description":"ble:LoRa-Chatter-1B44 44:1B:F6:8D:B7:A9","device_key":"ble-address:44:1b:f6:8d:b7:a9","kind":"rx","seq":185,"session":"s1","stream":"chat","text":"text             loc","timestamp":1790458280.3736124}
2026-09-27T00:31:20.374+03:00 [RX chat] {"data_b64":"YWwgZWNobyBUWCBjb25maXJtZWQ=","description":"ble:LoRa-Chatter-1B44 44:1B:F6:8D:B7:A9","device_key":"ble-address:44:1b:f6:8d:b7:a9","kind":"rx","seq":186,"session":"s1","stream":"chat","text":"al echo TX confirmed","timestamp":1790458280.3736367}
2026-09-27T00:31:20.374+03:00 [RX chat] {"data_b64":"Cg==","description":"ble:LoRa-Chatter-1B44 44:1B:F6:8D:B7:A9","device_key":"ble-address:44:1b:f6:8d:b7:a9","kind":"rx","seq":187,"session":"s1","stream":"chat","text":"\n","timestamp":1790458280.3741698}
2026-09-27T00:31:20.375+03:00 [RX chat] {"data_b64":"W1NZU10gICA8IFtFQ0hPIFJTU0k=","description":"ble:LoRa-Chatter-1B44 44:1B:F6:8D:B7:A9","device_key":"ble-address:44:1b:f6:8d:b7:a9","kind":"rx","seq":188,"session":"s1","stream":"chat","text":"[SYS]   < [ECHO RSSI","timestamp":1790458280.3756394}
2026-09-27T00:31:20.375+03:00 [RX chat] {"data_b64":"L1NOUiBRXSB0ZXh0ICAgICBtYXQ=","description":"ble:LoRa-Chatter-1B44 44:1B:F6:8D:B7:A9","device_key":"ble-address:44:1b:f6:8d:b7:a9","kind":"rx","seq":189,"session":"s1","stream":"chat","text":"/SNR Q] text     mat","timestamp":1790458280.3758848}
2026-09-27T00:31:20.376+03:00 [RX chat] {"data_b64":"Y2hpbmcgZWNobyByZXBseSByZWM=","description":"ble:LoRa-Chatter-1B44 44:1B:F6:8D:B7:A9","device_key":"ble-address:44:1b:f6:8d:b7:a9","kind":"rx","seq":190,"session":"s1","stream":"chat","text":"ching echo reply rec","timestamp":1790458280.3759143}
2026-09-27T00:31:20.376+03:00 [RX chat] {"data_b64":"ZWl2ZWQK","description":"ble:LoRa-Chatter-1B44 44:1B:F6:8D:B7:A9","device_key":"ble-address:44:1b:f6:8d:b7:a9","kind":"rx","seq":191,"session":"s1","stream":"chat","text":"eived\n","timestamp":1790458280.376247}
2026-09-27T00:31:20.376+03:00 [RX chat] {"data_b64":"W1NZU10gICBbRUNIT10gTk8gUkU=","description":"ble:LoRa-Chatter-1B44 44:1B:F6:8D:B7:A9","device_key":"ble-address:44:1b:f6:8d:b7:a9","kind":"rx","seq":192,"session":"s1","stream":"chat","text":"[SYS]   [ECHO] NO RE","timestamp":1790458280.376498}
2026-09-27T00:31:20.376+03:00 [RX chat] {"data_b64":"U1BPTlNFICAgICAgICAgICBtYXQ=","description":"ble:LoRa-Chatter-1B44 44:1B:F6:8D:B7:A9","device_key":"ble-address:44:1b:f6:8d:b7:a9","kind":"rx","seq":193,"session":"s1","stream":"chat","text":"SPONSE           mat","timestamp":1790458280.3765156}
2026-09-27T00:31:20.377+03:00 [RX chat] {"data_b64":"Y2hpbmcgZWNobyByZXBseSB0aW0=","description":"ble:LoRa-Chatter-1B44 44:1B:F6:8D:B7:A9","device_key":"ble-address:44:1b:f6:8d:b7:a9","kind":"rx","seq":194,"session":"s1","stream":"chat","text":"ching echo reply tim","timestamp":1790458280.3778646}
2026-09-27T00:31:20.378+03:00 [RX chat] {"data_b64":"ZWQgb3V0Cg==","description":"ble:LoRa-Chatter-1B44 44:1B:F6:8D:B7:A9","device_key":"ble-address:44:1b:f6:8d:b7:a9","kind":"rx","seq":195,"session":"s1","stream":"chat","text":"ed out\n","timestamp":1790458280.3781006}
2026-09-27T00:31:20.378+03:00 [RX chat] {"data_b64":"W1NZU10gICBkZWxpdmVyeSByZXQ=","description":"ble:LoRa-Chatter-1B44 44:1B:F6:8D:B7:A9","device_key":"ble-address:44:1b:f6:8d:b7:a9","kind":"rx","seq":196,"session":"s1","stream":"chat","text":"[SYS]   delivery ret","timestamp":1790458280.3783967}
2026-09-27T00:31:20.378+03:00 [RX chat] {"data_b64":"cnkgZGV0YWlscyAgICAgICBURUw=","description":"ble:LoRa-Chatter-1B44 44:1B:F6:8D:B7:A9","device_key":"ble-address:44:1b:f6:8d:b7:a9","kind":"rx","seq":197,"session":"s1","stream":"chat","text":"ry details       TEL","timestamp":1790458280.3784215}
2026-09-27T00:31:20.380+03:00 [RX chat] {"data_b64":"RU1FVFJZIG9ubHkK","description":"ble:LoRa-Chatter-1B44 44:1B:F6:8D:B7:A9","device_key":"ble-address:44:1b:f6:8d:b7:a9","kind":"rx","seq":198,"session":"s1","stream":"chat","text":"EMETRY only\n","timestamp":1790458280.3807328}
2026-09-27T00:31:20.380+03:00 [RX chat] {"data_b64":"W1NZU10gICBSU1NJL1NOUj1kQm0=","description":"ble:LoRa-Chatter-1B44 44:1B:F6:8D:B7:A9","device_key":"ble-address:44:1b:f6:8d:b7:a9","kind":"rx","seq":199,"session":"s1","stream":"chat","text":"[SYS]   RSSI/SNR=dBm","timestamp":1790458280.3809402}
2026-09-27T00:31:20.381+03:00 [RX chat] {"data_b64":"L2RCLCBRPTAuLjEwMCByb2xsaW4=","description":"ble:LoRa-Chatter-1B44 44:1B:F6:8D:B7:A9","device_key":"ble-address:44:1b:f6:8d:b7:a9","kind":"rx","seq":200,"session":"s1","stream":"chat","text":"/dB, Q=0..100 rollin","timestamp":1790458280.3811152}
2026-09-27T00:31:20.381+03:00 [RX chat] {"data_b64":"ZyB0cmFuc2FjdGlvbiBsaW5rIHE=","description":"ble:LoRa-Chatter-1B44 44:1B:F6:8D:B7:A9","device_key":"ble-address:44:1b:f6:8d:b7:a9","kind":"rx","seq":201,"session":"s1","stream":"chat","text":"g transaction link q","timestamp":1790458280.3813367}
2026-09-27T00:31:20.457+03:00 [RX chat] {"data_b64":"dWFsaXR5Cg==","description":"ble:LoRa-Chatter-1B44 44:1B:F6:8D:B7:A9","device_key":"ble-address:44:1b:f6:8d:b7:a9","kind":"rx","seq":202,"session":"s1","stream":"chat","text":"uality\n","timestamp":1790458280.4564755}
2026-09-27T00:31:20.458+03:00 [RX chat] {"data_b64":"W1NZU10gSFVNQU4gQ09OU09MRSA=","description":"ble:LoRa-Chatter-1B44 44:1B:F6:8D:B7:A9","device_key":"ble-address:44:1b:f6:8d:b7:a9","kind":"rx","seq":203,"session":"s1","stream":"chat","text":"[SYS] HUMAN CONSOLE ","timestamp":1790458280.4575598}
2026-09-27T00:31:20.501+03:00 [RX chat] {"data_b64":"TU9ERVM6Cg==","description":"ble:LoRa-Chatter-1B44 44:1B:F6:8D:B7:A9","device_key":"ble-address:44:1b:f6:8d:b7:a9","kind":"rx","seq":204,"session":"s1","stream":"chat","text":"MODES:\n","timestamp":1790458280.5015342}
2026-09-27T00:31:20.501+03:00 [RX chat] {"data_b64":"W1NZU10gICBDSEFUICAgICAgIGM=","description":"ble:LoRa-Chatter-1B44 44:1B:F6:8D:B7:A9","device_key":"ble-address:44:1b:f6:8d:b7:a9","kind":"rx","seq":205,"session":"s1","stream":"chat","text":"[SYS]   CHAT       c","timestamp":1790458280.5017936}
2026-09-27T00:31:20.502+03:00 [RX chat] {"data_b64":"aGF0ICsgU1lTVEVNCg==","description":"ble:LoRa-Chatter-1B44 44:1B:F6:8D:B7:A9","device_key":"ble-address:44:1b:f6:8d:b7:a9","kind":"rx","seq":206,"session":"s1","stream":"chat","text":"hat + SYSTEM\n","timestamp":1790458280.50181}
2026-09-27T00:31:20.502+03:00 [RX chat] {"data_b64":"W1NZU10gICBURUxFTUVUUlkgIHQ=","description":"ble:LoRa-Chatter-1B44 44:1B:F6:8D:B7:A9","device_key":"ble-address:44:1b:f6:8d:b7:a9","kind":"rx","seq":207,"session":"s1","stream":"chat","text":"[SYS]   TELEMETRY  t","timestamp":1790458280.5019648}
2026-09-27T00:31:20.502+03:00 [RX chat] {"data_b64":"ZWxlbWV0cnkgKyBTWVNURU0K","description":"ble:LoRa-Chatter-1B44 44:1B:F6:8D:B7:A9","device_key":"ble-address:44:1b:f6:8d:b7:a9","kind":"rx","seq":208,"session":"s1","stream":"chat","text":"elemetry + SYSTEM\n","timestamp":1790458280.5019782}
2026-09-27T00:31:20.502+03:00 [RX chat] {"data_b64":"W1NZU10gICBCT1RIICAgICAgIGM=","description":"ble:LoRa-Chatter-1B44 44:1B:F6:8D:B7:A9","device_key":"ble-address:44:1b:f6:8d:b7:a9","kind":"rx","seq":209,"session":"s1","stream":"chat","text":"[SYS]   BOTH       c","timestamp":1790458280.502061}
2026-09-27T00:31:20.502+03:00 [RX chat] {"data_b64":"aGF0ICsgdGVsZW1ldHJ5ICsgU1k=","description":"ble:LoRa-Chatter-1B44 44:1B:F6:8D:B7:A9","device_key":"ble-address:44:1b:f6:8d:b7:a9","kind":"rx","seq":210,"session":"s1","stream":"chat","text":"hat + telemetry + SY","timestamp":1790458280.5020728}
2026-09-27T00:31:20.505+03:00 [RX chat] {"data_b64":"U1RFTQo=","description":"ble:LoRa-Chatter-1B44 44:1B:F6:8D:B7:A9","device_key":"ble-address:44:1b:f6:8d:b7:a9","kind":"rx","seq":211,"session":"s1","stream":"chat","text":"STEM\n","timestamp":1790458280.5049129}
2026-09-27T00:31:20.505+03:00 [RX chat] {"data_b64":"W1NZU10gICBCTEUgMDAwNCBtYWM=","description":"ble:LoRa-Chatter-1B44 44:1B:F6:8D:B7:A9","device_key":"ble-address:44:1b:f6:8d:b7:a9","kind":"rx","seq":212,"session":"s1","stream":"chat","text":"[SYS]   BLE 0004 mac","timestamp":1790458280.5052822}
2026-09-27T00:31:20.505+03:00 [RX chat] {"data_b64":"aGluZSB0ZWxlbWV0cnkgaXMgaW4=","description":"ble:LoRa-Chatter-1B44 44:1B:F6:8D:B7:A9","device_key":"ble-address:44:1b:f6:8d:b7:a9","kind":"rx","seq":213,"session":"s1","stream":"chat","text":"hine telemetry is in","timestamp":1790458280.5056515}
2026-09-27T00:31:20.505+03:00 [RX chat] {"data_b64":"ZGVwZW5kZW50IHdoZW4gc3Vic2M=","description":"ble:LoRa-Chatter-1B44 44:1B:F6:8D:B7:A9","device_key":"ble-address:44:1b:f6:8d:b7:a9","kind":"rx","seq":214,"session":"s1","stream":"chat","text":"dependent when subsc","timestamp":1790458280.505688}
2026-09-27T00:31:20.506+03:00 [RX chat] {"data_b64":"cmliZWQK","description":"ble:LoRa-Chatter-1B44 44:1B:F6:8D:B7:A9","device_key":"ble-address:44:1b:f6:8d:b7:a9","kind":"rx","seq":215,"session":"s1","stream":"chat","text":"ribed\n","timestamp":1790458280.5060673}
2026-09-27T00:31:20.507+03:00 [RX chat] {"data_b64":"W1NZU10gICBjdXJyZW50PUNIQVQ=","description":"ble:LoRa-Chatter-1B44 44:1B:F6:8D:B7:A9","device_key":"ble-address:44:1b:f6:8d:b7:a9","kind":"rx","seq":216,"session":"s1","stream":"chat","text":"[SYS]   current=CHAT","timestamp":1790458280.5066104}
2026-09-27T00:31:20.507+03:00 [RX chat] {"data_b64":"IGVjaG89T0ZGCg==","description":"ble:LoRa-Chatter-1B44 44:1B:F6:8D:B7:A9","device_key":"ble-address:44:1b:f6:8d:b7:a9","kind":"rx","seq":217,"session":"s1","stream":"chat","text":" echo=OFF\n","timestamp":1790458280.5066593}
2026-09-27T00:31:20.507+03:00 [RX chat] {"data_b64":"W1NZU10gQ09NTUFORFM6Cg==","description":"ble:LoRa-Chatter-1B44 44:1B:F6:8D:B7:A9","device_key":"ble-address:44:1b:f6:8d:b7:a9","kind":"rx","seq":218,"session":"s1","stream":"chat","text":"[SYS] COMMANDS:\n","timestamp":1790458280.5075288}
2026-09-27T00:31:20.507+03:00 [RX chat] {"data_b64":"W1NZU10gICAvaGVscCAgICAgICA=","description":"ble:LoRa-Chatter-1B44 44:1B:F6:8D:B7:A9","device_key":"ble-address:44:1b:f6:8d:b7:a9","kind":"rx","seq":219,"session":"s1","stream":"chat","text":"[SYS]   /help       ","timestamp":1790458280.5077307}
2026-09-27T00:31:20.510+03:00 [RX chat] {"data_b64":"c2hvdyB0aGlzIGhlbHAK","description":"ble:LoRa-Chatter-1B44 44:1B:F6:8D:B7:A9","device_key":"ble-address:44:1b:f6:8d:b7:a9","kind":"rx","seq":220,"session":"s1","stream":"chat","text":"show this help\n","timestamp":1790458280.5096097}
2026-09-27T00:31:20.510+03:00 [RX chat] {"data_b64":"W1NZU10gICAvaWQgICAgICAgICA=","description":"ble:LoRa-Chatter-1B44 44:1B:F6:8D:B7:A9","device_key":"ble-address:44:1b:f6:8d:b7:a9","kind":"rx","seq":221,"session":"s1","stream":"chat","text":"[SYS]   /id         ","timestamp":1790458280.5103245}
2026-09-27T00:31:20.510+03:00 [RX chat] {"data_b64":"c2hvdyBub2RlIGlkZW50aXR5Cg==","description":"ble:LoRa-Chatter-1B44 44:1B:F6:8D:B7:A9","device_key":"ble-address:44:1b:f6:8d:b7:a9","kind":"rx","seq":222,"session":"s1","stream":"chat","text":"show node identity\n","timestamp":1790458280.5103617}
2026-09-27T00:31:20.512+03:00 [RX chat] {"data_b64":"W1NZU10gICAvdmVyc2lvbiAgICA=","description":"ble:LoRa-Chatter-1B44 44:1B:F6:8D:B7:A9","device_key":"ble-address:44:1b:f6:8d:b7:a9","kind":"rx","seq":223,"session":"s1","stream":"chat","text":"[SYS]   /version    ","timestamp":1790458280.5116866}
2026-09-27T00:31:20.512+03:00 [RX chat] {"data_b64":"c2hvdyBmaXJtd2FyZSBwcm92ZW4=","description":"ble:LoRa-Chatter-1B44 44:1B:F6:8D:B7:A9","device_key":"ble-address:44:1b:f6:8d:b7:a9","kind":"rx","seq":224,"session":"s1","stream":"chat","text":"show firmware proven","timestamp":1790458280.5117831}
2026-09-27T00:31:20.512+03:00 [RX chat] {"data_b64":"YW5jZSAoL2Zpcm13YXJlIGFsaWE=","description":"ble:LoRa-Chatter-1B44 44:1B:F6:8D:B7:A9","device_key":"ble-address:44:1b:f6:8d:b7:a9","kind":"rx","seq":225,"session":"s1","stream":"chat","text":"ance (/firmware alia","timestamp":1790458280.5123262}
2026-09-27T00:31:20.512+03:00 [RX chat] {"data_b64":"cykK","description":"ble:LoRa-Chatter-1B44 44:1B:F6:8D:B7:A9","device_key":"ble-address:44:1b:f6:8d:b7:a9","kind":"rx","seq":226,"session":"s1","stream":"chat","text":"s)\n","timestamp":1790458280.5123572}
2026-09-27T00:31:20.514+03:00 [RX chat] {"data_b64":"W1NZU10gICAvcG93ZXIgICAgICA=","description":"ble:LoRa-Chatter-1B44 44:1B:F6:8D:B7:A9","device_key":"ble-address:44:1b:f6:8d:b7:a9","kind":"rx","seq":227,"session":"s1","stream":"chat","text":"[SYS]   /power      ","timestamp":1790458280.513956}
2026-09-27T00:31:20.588+03:00 [RX chat] {"data_b64":"c2hvdyBTWDEyNzggUEFfQk9PU1Q=","description":"ble:LoRa-Chatter-1B44 44:1B:F6:8D:B7:A9","device_key":"ble-address:44:1b:f6:8d:b7:a9","kind":"rx","seq":228,"session":"s1","stream":"chat","text":"show SX1278 PA_BOOST","timestamp":1790458280.5881848}
2026-09-27T00:31:20.634+03:00 [RX chat] {"data_b64":"IHNldHRpbmcK","description":"ble:LoRa-Chatter-1B44 44:1B:F6:8D:B7:A9","device_key":"ble-address:44:1b:f6:8d:b7:a9","kind":"rx","seq":229,"session":"s1","stream":"chat","text":" setting\n","timestamp":1790458280.634243}
2026-09-27T00:31:20.634+03:00 [RX chat] {"data_b64":"W1NZU10gICAvcG93ZXIgTiAgICA=","description":"ble:LoRa-Chatter-1B44 44:1B:F6:8D:B7:A9","device_key":"ble-address:44:1b:f6:8d:b7:a9","kind":"rx","seq":230,"session":"s1","stream":"chat","text":"[SYS]   /power N    ","timestamp":1790458280.6345196}
2026-09-27T00:31:20.634+03:00 [RX chat] {"data_b64":"c2V0L3BlcnNpc3QgTj0yLi4xNyA=","description":"ble:LoRa-Chatter-1B44 44:1B:F6:8D:B7:A9","device_key":"ble-address:44:1b:f6:8d:b7:a9","kind":"rx","seq":231,"session":"s1","stream":"chat","text":"set/persist N=2..17 ","timestamp":1790458280.634542}
2026-09-27T00:31:20.634+03:00 [RX chat] {"data_b64":"b3IgMjAgZEJtCg==","description":"ble:LoRa-Chatter-1B44 44:1B:F6:8D:B7:A9","device_key":"ble-address:44:1b:f6:8d:b7:a9","kind":"rx","seq":232,"session":"s1","stream":"chat","text":"or 20 dBm\n","timestamp":1790458280.6345558}
2026-09-27T00:31:20.636+03:00 [RX chat] {"data_b64":"W1NZU10gICAvZnJlcSAgICAgICA=","description":"ble:LoRa-Chatter-1B44 44:1B:F6:8D:B7:A9","device_key":"ble-address:44:1b:f6:8d:b7:a9","kind":"rx","seq":233,"session":"s1","stream":"chat","text":"[SYS]   /freq       ","timestamp":1790458280.636789}
2026-09-27T00:31:20.637+03:00 [RX chat] {"data_b64":"c2hvdyBmcmVxdWVuY3kgaW4gTUg=","description":"ble:LoRa-Chatter-1B44 44:1B:F6:8D:B7:A9","device_key":"ble-address:44:1b:f6:8d:b7:a9","kind":"rx","seq":234,"session":"s1","stream":"chat","text":"show frequency in MH","timestamp":1790458280.6371973}
2026-09-27T00:31:20.637+03:00 [RX chat] {"data_b64":"ego=","description":"ble:LoRa-Chatter-1B44 44:1B:F6:8D:B7:A9","device_key":"ble-address:44:1b:f6:8d:b7:a9","kind":"rx","seq":235,"session":"s1","stream":"chat","text":"z\n","timestamp":1790458280.637234}
2026-09-27T00:31:20.637+03:00 [RX chat] {"data_b64":"W1NZU10gICAvZnJlcSBNSHogICA=","description":"ble:LoRa-Chatter-1B44 44:1B:F6:8D:B7:A9","device_key":"ble-address:44:1b:f6:8d:b7:a9","kind":"rx","seq":236,"session":"s1","stream":"chat","text":"[SYS]   /freq MHz   ","timestamp":1790458280.6374056}
2026-09-27T00:31:20.637+03:00 [RX chat] {"data_b64":"c2V0L3BlcnNpc3QgZnJlcXVlbmM=","description":"ble:LoRa-Chatter-1B44 44:1B:F6:8D:B7:A9","device_key":"ble-address:44:1b:f6:8d:b7:a9","kind":"rx","seq":237,"session":"s1","stream":"chat","text":"set/persist frequenc","timestamp":1790458280.6375794}
2026-09-27T00:31:20.639+03:00 [RX chat] {"data_b64":"eTsgMSBrSHogcHJlY2lzaW9uLCA=","description":"ble:LoRa-Chatter-1B44 44:1B:F6:8D:B7:A9","device_key":"ble-address:44:1b:f6:8d:b7:a9","kind":"rx","seq":238,"session":"s1","stream":"chat","text":"y; 1 kHz precision, ","timestamp":1790458280.639754}
2026-09-27T00:31:20.640+03:00 [RX chat] {"data_b64":"dHJ1bmNhdGVzIGV4dHJhIGRlY2k=","description":"ble:LoRa-Chatter-1B44 44:1B:F6:8D:B7:A9","device_key":"ble-address:44:1b:f6:8d:b7:a9","kind":"rx","seq":239,"session":"s1","stream":"chat","text":"truncates extra deci","timestamp":1790458280.6400776}
2026-09-27T00:31:20.640+03:00 [RX chat] {"data_b64":"bWFscwo=","description":"ble:LoRa-Chatter-1B44 44:1B:F6:8D:B7:A9","device_key":"ble-address:44:1b:f6:8d:b7:a9","kind":"rx","seq":240,"session":"s1","stream":"chat","text":"mals\n","timestamp":1790458280.6403363}
2026-09-27T00:31:20.640+03:00 [RX chat] {"data_b64":"W1NZU10gICAvZnJlcS1vb2IgICA=","description":"ble:LoRa-Chatter-1B44 44:1B:F6:8D:B7:A9","device_key":"ble-address:44:1b:f6:8d:b7:a9","kind":"rx","seq":241,"session":"s1","stream":"chat","text":"[SYS]   /freq-oob   ","timestamp":1790458280.6404467}
2026-09-27T00:31:20.641+03:00 [RX chat] {"data_b64":"c2hvdyBleHBlcmltZW50YWwgb3U=","description":"ble:LoRa-Chatter-1B44 44:1B:F6:8D:B7:A9","device_key":"ble-address:44:1b:f6:8d:b7:a9","kind":"rx","seq":242,"session":"s1","stream":"chat","text":"show experimental ou","timestamp":1790458280.6418228}
2026-09-27T00:31:20.642+03:00 [RX chat] {"data_b64":"dC1vZi1iYW5kIGZsYWcK","description":"ble:LoRa-Chatter-1B44 44:1B:F6:8D:B7:A9","device_key":"ble-address:44:1b:f6:8d:b7:a9","kind":"rx","seq":243,"session":"s1","stream":"chat","text":"t-of-band flag\n","timestamp":1790458280.6421707}
2026-09-27T00:31:20.642+03:00 [RX chat] {"data_b64":"W1NZU10gICAvZnJlcS1vb2Igb24=","description":"ble:LoRa-Chatter-1B44 44:1B:F6:8D:B7:A9","device_key":"ble-address:44:1b:f6:8d:b7:a9","kind":"rx","seq":244,"session":"s1","stream":"chat","text":"[SYS]   /freq-oob on","timestamp":1790458280.6423192}
2026-09-27T00:31:20.644+03:00 [RX chat] {"data_b64":"fG9mZiBwZXJzaXN0IGZyZXF1ZW4=","description":"ble:LoRa-Chatter-1B44 44:1B:F6:8D:B7:A9","device_key":"ble-address:44:1b:f6:8d:b7:a9","kind":"rx","seq":245,"session":"s1","stream":"chat","text":"|off persist frequen","timestamp":1790458280.6440067}
2026-09-27T00:31:20.644+03:00 [RX chat] {"data_b64":"Y3ktcmFuZ2UgcG9saWN5Cg==","description":"ble:LoRa-Chatter-1B44 44:1B:F6:8D:B7:A9","device_key":"ble-address:44:1b:f6:8d:b7:a9","kind":"rx","seq":246,"session":"s1","stream":"chat","text":"cy-range policy\n","timestamp":1790458280.644398}
2026-09-27T00:31:20.644+03:00 [RX chat] {"data_b64":"W1NZU10gICAvc2YgL3NmIE4gICA=","description":"ble:LoRa-Chatter-1B44 44:1B:F6:8D:B7:A9","device_key":"ble-address:44:1b:f6:8d:b7:a9","kind":"rx","seq":247,"session":"s1","stream":"chat","text":"[SYS]   /sf /sf N   ","timestamp":1790458280.64456}
2026-09-27T00:31:20.647+03:00 [RX chat] {"data_b64":"c2hvdy9zZXQgU0YsIE49Ny4uMTI=","description":"ble:LoRa-Chatter-1B44 44:1B:F6:8D:B7:A9","device_key":"ble-address:44:1b:f6:8d:b7:a9","kind":"rx","seq":248,"session":"s1","stream":"chat","text":"show/set SF, N=7..12","timestamp":1790458280.6469667}
2026-09-27T00:31:20.727+03:00 [RX chat] {"data_b64":"Cg==","description":"ble:LoRa-Chatter-1B44 44:1B:F6:8D:B7:A9","device_key":"ble-address:44:1b:f6:8d:b7:a9","kind":"rx","seq":249,"session":"s1","stream":"chat","text":"\n","timestamp":1790458280.726062}
2026-09-27T00:31:20.727+03:00 [RX chat] {"data_b64":"W1NZU10gICAvYncgL2J3IEtIeiA=","description":"ble:LoRa-Chatter-1B44 44:1B:F6:8D:B7:A9","device_key":"ble-address:44:1b:f6:8d:b7:a9","kind":"rx","seq":250,"session":"s1","stream":"chat","text":"[SYS]   /bw /bw KHz ","timestamp":1790458280.7269692}
2026-09-27T00:31:20.727+03:00 [RX chat] {"data_b64":"c2hvdy9zZXQgQlc6IDcuOCAxMC4=","description":"ble:LoRa-Chatter-1B44 44:1B:F6:8D:B7:A9","device_key":"ble-address:44:1b:f6:8d:b7:a9","kind":"rx","seq":251,"session":"s1","stream":"chat","text":"show/set BW: 7.8 10.","timestamp":1790458280.7270255}
2026-09-27T00:31:20.727+03:00 [RX chat] {"data_b64":"NCAxNS42IDIwLjggMzEuMjUgNDE=","description":"ble:LoRa-Chatter-1B44 44:1B:F6:8D:B7:A9","device_key":"ble-address:44:1b:f6:8d:b7:a9","kind":"rx","seq":252,"session":"s1","stream":"chat","text":"4 15.6 20.8 31.25 41","timestamp":1790458280.7270632}
2026-09-27T00:31:20.769+03:00 [RX chat] {"data_b64":"LjcgNjIuNSAxMjUgMjUwIDUwMAo=","description":"ble:LoRa-Chatter-1B44 44:1B:F6:8D:B7:A9","device_key":"ble-address:44:1b:f6:8d:b7:a9","kind":"rx","seq":253,"session":"s1","stream":"chat","text":".7 62.5 125 250 500\n","timestamp":1790458280.7695575}
2026-09-27T00:31:20.770+03:00 [RX chat] {"data_b64":"W1NZU10gICAvY29uZmlnICAgICA=","description":"ble:LoRa-Chatter-1B44 44:1B:F6:8D:B7:A9","device_key":"ble-address:44:1b:f6:8d:b7:a9","kind":"rx","seq":254,"session":"s1","stream":"chat","text":"[SYS]   /config     ","timestamp":1790458280.7698393}
2026-09-27T00:31:20.770+03:00 [RX chat] {"data_b64":"c2hvdyBwZXJzaXN0ZWQgUEhZICs=","description":"ble:LoRa-Chatter-1B44 44:1B:F6:8D:B7:A9","device_key":"ble-address:44:1b:f6:8d:b7:a9","kind":"rx","seq":255,"session":"s1","stream":"chat","text":"show persisted PHY +","timestamp":1790458280.7698567}
2026-09-27T00:31:20.770+03:00 [RX chat] {"data_b64":"IHJ1bnRpbWUgbGluayBjb25maWc=","description":"ble:LoRa-Chatter-1B44 44:1B:F6:8D:B7:A9","device_key":"ble-address:44:1b:f6:8d:b7:a9","kind":"rx","seq":256,"session":"s1","stream":"chat","text":" runtime link config","timestamp":1790458280.76987}
2026-09-27T00:31:20.771+03:00 [RX chat] {"data_b64":"Cg==","description":"ble:LoRa-Chatter-1B44 44:1B:F6:8D:B7:A9","device_key":"ble-address:44:1b:f6:8d:b7:a9","kind":"rx","seq":257,"session":"s1","stream":"chat","text":"\n","timestamp":1790458280.7707934}
2026-09-27T00:31:20.771+03:00 [RX chat] {"data_b64":"W1NZU10gICAvY29uZmlnIHJlc2U=","description":"ble:LoRa-Chatter-1B44 44:1B:F6:8D:B7:A9","device_key":"ble-address:44:1b:f6:8d:b7:a9","kind":"rx","seq":258,"session":"s1","stream":"chat","text":"[SYS]   /config rese","timestamp":1790458280.7711058}
2026-09-27T00:31:20.771+03:00 [RX chat] {"data_b64":"dCByZXN0b3JlIHBlcnNpc3RlZCA=","description":"ble:LoRa-Chatter-1B44 44:1B:F6:8D:B7:A9","device_key":"ble-address:44:1b:f6:8d:b7:a9","kind":"rx","seq":259,"session":"s1","stream":"chat","text":"t restore persisted ","timestamp":1790458280.7713115}
2026-09-27T00:31:20.773+03:00 [RX chat] {"data_b64":"UEhZIGRlZmF1bHRzCg==","description":"ble:LoRa-Chatter-1B44 44:1B:F6:8D:B7:A9","device_key":"ble-address:44:1b:f6:8d:b7:a9","kind":"rx","seq":260,"session":"s1","stream":"chat","text":"PHY defaults\n","timestamp":1790458280.7729003}
2026-09-27T00:31:20.773+03:00 [RX chat] {"data_b64":"W1NZU10gICAvaGVhcnRiZWF0ICA=","description":"ble:LoRa-Chatter-1B44 44:1B:F6:8D:B7:A9","device_key":"ble-address:44:1b:f6:8d:b7:a9","kind":"rx","seq":261,"session":"s1","stream":"chat","text":"[SYS]   /heartbeat  ","timestamp":1790458280.7732844}
2026-09-27T00:31:20.773+03:00 [RX chat] {"data_b64":"c2hvdyBydW50aW1lIGhlYXJ0YmU=","description":"ble:LoRa-Chatter-1B44 44:1B:F6:8D:B7:A9","device_key":"ble-address:44:1b:f6:8d:b7:a9","kind":"rx","seq":262,"session":"s1","stream":"chat","text":"show runtime heartbe","timestamp":1790458280.7733178}
2026-09-27T00:31:20.776+03:00 [RX chat] {"data_b64":"YXQgc3RhdGUK","description":"ble:LoRa-Chatter-1B44 44:1B:F6:8D:B7:A9","device_key":"ble-address:44:1b:f6:8d:b7:a9","kind":"rx","seq":263,"session":"s1","stream":"chat","text":"at state\n","timestamp":1790458280.7758687}
2026-09-27T00:31:20.776+03:00 [RX chat] {"data_b64":"W1NZU10gICAvaGVhcnRiZWF0IG8=","description":"ble:LoRa-Chatter-1B44 44:1B:F6:8D:B7:A9","device_key":"ble-address:44:1b:f6:8d:b7:a9","kind":"rx","seq":264,"session":"s1","stream":"chat","text":"[SYS]   /heartbeat o","timestamp":1790458280.7762406}
2026-09-27T00:31:20.776+03:00 [RX chat] {"data_b64":"bnxvZmYgc2V0IHJ1bnRpbWUgaGU=","description":"ble:LoRa-Chatter-1B44 44:1B:F6:8D:B7:A9","device_key":"ble-address:44:1b:f6:8d:b7:a9","kind":"rx","seq":265,"session":"s1","stream":"chat","text":"n|off set runtime he","timestamp":1790458280.776263}
2026-09-27T00:31:20.776+03:00 [RX chat] {"data_b64":"YXJ0YmVhdCBzdGF0ZQo=","description":"ble:LoRa-Chatter-1B44 44:1B:F6:8D:B7:A9","device_key":"ble-address:44:1b:f6:8d:b7:a9","kind":"rx","seq":266,"session":"s1","stream":"chat","text":"artbeat state\n","timestamp":1790458280.7762756}
2026-09-27T00:31:20.776+03:00 [RX chat] {"data_b64":"W1NZU10gICAvZGlhZyAgICAgICA=","description":"ble:LoRa-Chatter-1B44 44:1B:F6:8D:B7:A9","device_key":"ble-address:44:1b:f6:8d:b7:a9","kind":"rx","seq":267,"session":"s1","stream":"chat","text":"[SYS]   /diag       ","timestamp":1790458280.776525}
2026-09-27T00:31:20.777+03:00 [RX chat] {"data_b64":"c2hvdyByYWRpbyBkaWFnbm9zdGk=","description":"ble:LoRa-Chatter-1B44 44:1B:F6:8D:B7:A9","device_key":"ble-address:44:1b:f6:8d:b7:a9","kind":"rx","seq":268,"session":"s1","stream":"chat","text":"show radio diagnosti","timestamp":1790458280.777737}
2026-09-27T00:31:20.778+03:00 [RX chat] {"data_b64":"YyBzdGF0ZQo=","description":"ble:LoRa-Chatter-1B44 44:1B:F6:8D:B7:A9","device_key":"ble-address:44:1b:f6:8d:b7:a9","kind":"rx","seq":269,"session":"s1","stream":"chat","text":"c state\n","timestamp":1790458280.778044}
2026-09-27T00:31:20.778+03:00 [RX chat] {"data_b64":"W1NZU10gICAvZGlhZyBvbnxvZmY=","description":"ble:LoRa-Chatter-1B44 44:1B:F6:8D:B7:A9","device_key":"ble-address:44:1b:f6:8d:b7:a9","kind":"rx","seq":270,"session":"s1","stream":"chat","text":"[SYS]   /diag on|off","timestamp":1790458280.7781453}
2026-09-27T00:31:20.779+03:00 [RX chat] {"data_b64":"IGVudGVyL2xlYXZlIHJhZGlvIGQ=","description":"ble:LoRa-Chatter-1B44 44:1B:F6:8D:B7:A9","device_key":"ble-address:44:1b:f6:8d:b7:a9","kind":"rx","seq":271,"session":"s1","stream":"chat","text":" enter/leave radio d","timestamp":1790458280.7797585}
2026-09-27T00:31:20.780+03:00 [RX chat] {"data_b64":"aWFnbm9zdGljIG1vZGUK","description":"ble:LoRa-Chatter-1B44 44:1B:F6:8D:B7:A9","device_key":"ble-address:44:1b:f6:8d:b7:a9","kind":"rx","seq":272,"session":"s1","stream":"chat","text":"iagnostic mode\n","timestamp":1790458280.7800872}
2026-09-27T00:31:20.780+03:00 [RX chat] {"data_b64":"W1NZU10gICAvZGlhZyBzaXplIE4=","description":"ble:LoRa-Chatter-1B44 44:1B:F6:8D:B7:A9","device_key":"ble-address:44:1b:f6:8d:b7:a9","kind":"rx","seq":273,"session":"s1","stream":"chat","text":"[SYS]   /diag size N","timestamp":1790458280.7802145}
2026-09-27T00:31:20.782+03:00 [RX chat] {"data_b64":"IHNldCB0b3RhbCBoZWFydGJlYXQ=","description":"ble:LoRa-Chatter-1B44 44:1B:F6:8D:B7:A9","device_key":"ble-address:44:1b:f6:8d:b7:a9","kind":"rx","seq":274,"session":"s1","stream":"chat","text":" set total heartbeat","timestamp":1790458280.7818735}
2026-09-27T00:31:20.782+03:00 [RX chat] {"data_b64":"IFJGIGZyYW1lIE49MTYuLjI1NSA=","description":"ble:LoRa-Chatter-1B44 44:1B:F6:8D:B7:A9","device_key":"ble-address:44:1b:f6:8d:b7:a9","kind":"rx","seq":275,"session":"s1","stream":"chat","text":" RF frame N=16..255 ","timestamp":1790458280.7820408}
2026-09-27T00:31:20.782+03:00 [RX chat] {"data_b64":"Ynl0ZXMK","description":"ble:LoRa-Chatter-1B44 44:1B:F6:8D:B7:A9","device_key":"ble-address:44:1b:f6:8d:b7:a9","kind":"rx","seq":276,"session":"s1","stream":"chat","text":"bytes\n","timestamp":1790458280.7823815}
2026-09-27T00:31:20.784+03:00 [RX chat] {"data_b64":"W1NZU10gICAvY2hhdCAgICAgICA=","description":"ble:LoRa-Chatter-1B44 44:1B:F6:8D:B7:A9","device_key":"ble-address:44:1b:f6:8d:b7:a9","kind":"rx","seq":277,"session":"s1","stream":"chat","text":"[SYS]   /chat       ","timestamp":1790458280.7847738}
2026-09-27T00:31:20.813+03:00 [RX chat] {"data_b64":"aHVtYW4gY29uc29sZSBDSEFUCg==","description":"ble:LoRa-Chatter-1B44 44:1B:F6:8D:B7:A9","device_key":"ble-address:44:1b:f6:8d:b7:a9","kind":"rx","seq":278,"session":"s1","stream":"chat","text":"human console CHAT\n","timestamp":1790458280.8132753}
2026-09-27T00:31:20.813+03:00 [RX chat] {"data_b64":"W1NZU10gICAvdGVsZSAgICAgICA=","description":"ble:LoRa-Chatter-1B44 44:1B:F6:8D:B7:A9","device_key":"ble-address:44:1b:f6:8d:b7:a9","kind":"rx","seq":279,"session":"s1","stream":"chat","text":"[SYS]   /tele       ","timestamp":1790458280.8136156}
2026-09-27T00:31:20.815+03:00 [RX chat] {"data_b64":"aHVtYW4gY29uc29sZSBURUxFTUU=","description":"ble:LoRa-Chatter-1B44 44:1B:F6:8D:B7:A9","device_key":"ble-address:44:1b:f6:8d:b7:a9","kind":"rx","seq":280,"session":"s1","stream":"chat","text":"human console TELEME","timestamp":1790458280.814955}
2026-09-27T00:31:20.815+03:00 [RX chat] {"data_b64":"VFJZCg==","description":"ble:LoRa-Chatter-1B44 44:1B:F6:8D:B7:A9","device_key":"ble-address:44:1b:f6:8d:b7:a9","kind":"rx","seq":281,"session":"s1","stream":"chat","text":"TRY\n","timestamp":1790458280.8153653}
2026-09-27T00:31:20.815+03:00 [RX chat] {"data_b64":"W1NZU10gICAvYm90aCAgICAgICA=","description":"ble:LoRa-Chatter-1B44 44:1B:F6:8D:B7:A9","device_key":"ble-address:44:1b:f6:8d:b7:a9","kind":"rx","seq":282,"session":"s1","stream":"chat","text":"[SYS]   /both       ","timestamp":1790458280.8155243}
2026-09-27T00:31:20.816+03:00 [RX chat] {"data_b64":"aHVtYW4gY29uc29sZSBCT1RICg==","description":"ble:LoRa-Chatter-1B44 44:1B:F6:8D:B7:A9","device_key":"ble-address:44:1b:f6:8d:b7:a9","kind":"rx","seq":283,"session":"s1","stream":"chat","text":"human console BOTH\n","timestamp":1790458280.8167586}
2026-09-27T00:31:20.817+03:00 [RX chat] {"data_b64":"W1NZU10gICAvZWNobyAgICAgICA=","description":"ble:LoRa-Chatter-1B44 44:1B:F6:8D:B7:A9","device_key":"ble-address:44:1b:f6:8d:b7:a9","kind":"rx","seq":284,"session":"s1","stream":"chat","text":"[SYS]   /echo       ","timestamp":1790458280.8170402}
2026-09-27T00:31:20.817+03:00 [RX chat] {"data_b64":"dG9nZ2xlIG1hbnVhbCBlY2hvIG0=","description":"ble:LoRa-Chatter-1B44 44:1B:F6:8D:B7:A9","device_key":"ble-address:44:1b:f6:8d:b7:a9","kind":"rx","seq":285,"session":"s1","stream":"chat","text":"toggle manual echo m","timestamp":1790458280.8172073}
2026-09-27T00:31:20.817+03:00 [RX chat] {"data_b64":"b2RlCg==","description":"ble:LoRa-Chatter-1B44 44:1B:F6:8D:B7:A9","device_key":"ble-address:44:1b:f6:8d:b7:a9","kind":"rx","seq":286,"session":"s1","stream":"chat","text":"ode\n","timestamp":1790458280.817417}
2026-09-27T00:31:20.818+03:00 [RX chat] {"data_b64":"W1NZU10gICAvZWNoby1sb29wICA=","description":"ble:LoRa-Chatter-1B44 44:1B:F6:8D:B7:A9","device_key":"ble-address:44:1b:f6:8d:b7:a9","kind":"rx","seq":287,"session":"s1","stream":"chat","text":"[SYS]   /echo-loop  ","timestamp":1790458280.81877}
2026-09-27T00:31:20.819+03:00 [RX chat] {"data_b64":"c2hvdyBjb250aW51b3VzIGVjaG8=","description":"ble:LoRa-Chatter-1B44 44:1B:F6:8D:B7:A9","device_key":"ble-address:44:1b:f6:8d:b7:a9","kind":"rx","seq":288,"session":"s1","stream":"chat","text":"show continuous echo","timestamp":1790458280.8191533}
2026-09-27T00:31:20.819+03:00 [RX chat] {"data_b64":"IHN0YXR1cwo=","description":"ble:LoRa-Chatter-1B44 44:1B:F6:8D:B7:A9","device_key":"ble-address:44:1b:f6:8d:b7:a9","kind":"rx","seq":289,"session":"s1","stream":"chat","text":" status\n","timestamp":1790458280.8191767}
2026-09-27T00:31:20.824+03:00 [RX chat] {"data_b64":"W1NZU10gICAvZWNoby1sb29wIE4=","description":"ble:LoRa-Chatter-1B44 44:1B:F6:8D:B7:A9","device_key":"ble-address:44:1b:f6:8d:b7:a9","kind":"rx","seq":290,"session":"s1","stream":"chat","text":"[SYS]   /echo-loop N","timestamp":1790458280.8235009}
2026-09-27T00:31:20.824+03:00 [RX chat] {"data_b64":"IHN0YXJ0IGNvbnRpbnVvdXMgZWM=","description":"ble:LoRa-Chatter-1B44 44:1B:F6:8D:B7:A9","device_key":"ble-address:44:1b:f6:8d:b7:a9","kind":"rx","seq":291,"session":"s1","stream":"chat","text":" start continuous ec","timestamp":1790458280.823652}
2026-09-27T00:31:20.824+03:00 [RX chat] {"data_b64":"aG8gd2l0aCBOPTEuLjIwMCBwYXk=","description":"ble:LoRa-Chatter-1B44 44:1B:F6:8D:B7:A9","device_key":"ble-address:44:1b:f6:8d:b7:a9","kind":"rx","seq":292,"session":"s1","stream":"chat","text":"ho with N=1..200 pay","timestamp":1790458280.8239326}
2026-09-27T00:31:20.824+03:00 [RX chat] {"data_b64":"bG9hZCBieXRlcwo=","description":"ble:LoRa-Chatter-1B44 44:1B:F6:8D:B7:A9","device_key":"ble-address:44:1b:f6:8d:b7:a9","kind":"rx","seq":293,"session":"s1","stream":"chat","text":"load bytes\n","timestamp":1790458280.8239613}
2026-09-27T00:31:20.824+03:00 [RX chat] {"data_b64":"W1NZU10gICAvZWNoby1sb29wIHM=","description":"ble:LoRa-Chatter-1B44 44:1B:F6:8D:B7:A9","device_key":"ble-address:44:1b:f6:8d:b7:a9","kind":"rx","seq":294,"session":"s1","stream":"chat","text":"[SYS]   /echo-loop s","timestamp":1790458280.8242123}
2026-09-27T00:31:20.824+03:00 [RX chat] {"data_b64":"dG9wIHN0b3Agc2NoZWR1bGluZyA=","description":"ble:LoRa-Chatter-1B44 44:1B:F6:8D:B7:A9","device_key":"ble-address:44:1b:f6:8d:b7:a9","kind":"rx","seq":295,"session":"s1","stream":"chat","text":"top stop scheduling ","timestamp":1790458280.8244832}
2026-09-27T00:31:20.824+03:00 [RX chat] {"data_b64":"Y29udGludW91cyBlY2hvIHJlcXU=","description":"ble:LoRa-Chatter-1B44 44:1B:F6:8D:B7:A9","device_key":"ble-address:44:1b:f6:8d:b7:a9","kind":"rx","seq":296,"session":"s1","stream":"chat","text":"continuous echo requ","timestamp":1790458280.8245108}
2026-09-27T00:31:20.825+03:00 [RX chat] {"data_b64":"ZXN0cwo=","description":"ble:LoRa-Chatter-1B44 44:1B:F6:8D:B7:A9","device_key":"ble-address:44:1b:f6:8d:b7:a9","kind":"rx","seq":297,"session":"s1","stream":"chat","text":"ests\n","timestamp":1790458280.8257723}
2026-09-27T00:31:20.826+03:00 [RX chat] {"data_b64":"W1NZU10gICAvY2FuY2VsICAgICA=","description":"ble:LoRa-Chatter-1B44 44:1B:F6:8D:B7:A9","device_key":"ble-address:44:1b:f6:8d:b7:a9","kind":"rx","seq":298,"session":"s1","stream":"chat","text":"[SYS]   /cancel     ","timestamp":1790458280.8261113}
2026-09-27T00:31:20.826+03:00 [RX chat] {"data_b64":"c3RvcCBjdXJyZW50IFVTRVIgZGU=","description":"ble:LoRa-Chatter-1B44 44:1B:F6:8D:B7:A9","device_key":"ble-address:44:1b:f6:8d:b7:a9","kind":"rx","seq":299,"session":"s1","stream":"chat","text":"stop current USER de","timestamp":1790458280.8261328}
2026-09-27T00:31:20.827+03:00 [RX chat] {"data_b64":"bGl2ZXJ5L3JldHJpZXMK","description":"ble:LoRa-Chatter-1B44 44:1B:F6:8D:B7:A9","device_key":"ble-address:44:1b:f6:8d:b7:a9","kind":"rx","seq":300,"session":"s1","stream":"chat","text":"livery/retries\n","timestamp":1790458280.827732}
2026-09-27T00:31:20.828+03:00 [RX chat] {"data_b64":"W1NZU10gICAvY2FuY2VsIGFsbCA=","description":"ble:LoRa-Chatter-1B44 44:1B:F6:8D:B7:A9","device_key":"ble-address:44:1b:f6:8d:b7:a9","kind":"rx","seq":301,"session":"s1","stream":"chat","text":"[SYS]   /cancel all ","timestamp":1790458280.828171}
2026-09-27T00:31:20.828+03:00 [RX chat] {"data_b64":"c3RvcCBjdXJyZW50IFVTRVIgYW4=","description":"ble:LoRa-Chatter-1B44 44:1B:F6:8D:B7:A9","device_key":"ble-address:44:1b:f6:8d:b7:a9","kind":"rx","seq":302,"session":"s1","stream":"chat","text":"stop current USER an","timestamp":1790458280.8281949}
2026-09-27T00:31:20.829+03:00 [RX chat] {"data_b64":"ZCBkaXNjYXJkIHF1ZXVlZCBVU0U=","description":"ble:LoRa-Chatter-1B44 44:1B:F6:8D:B7:A9","device_key":"ble-address:44:1b:f6:8d:b7:a9","kind":"rx","seq":303,"session":"s1","stream":"chat","text":"d discard queued USE","timestamp":1790458280.8297288}
2026-09-27T00:31:20.830+03:00 [RX chat] {"data_b64":"UnMK","description":"ble:LoRa-Chatter-1B44 44:1B:F6:8D:B7:A9","device_key":"ble-address:44:1b:f6:8d:b7:a9","kind":"rx","seq":304,"session":"s1","stream":"chat","text":"Rs\n","timestamp":1790458280.8300238}
2026-09-27T00:31:20.830+03:00 [RX chat] {"data_b64":"W1NZU10gICAvcmVib290ICAgICA=","description":"ble:LoRa-Chatter-1B44 44:1B:F6:8D:B7:A9","device_key":"ble-address:44:1b:f6:8d:b7:a9","kind":"rx","seq":305,"session":"s1","stream":"chat","text":"[SYS]   /reboot     ","timestamp":1790458280.8301537}
2026-09-27T00:31:20.830+03:00 [RX chat] {"data_b64":"cmVib290IEVTUDMyIGNvbnRyb2w=","description":"ble:LoRa-Chatter-1B44 44:1B:F6:8D:B7:A9","device_key":"ble-address:44:1b:f6:8d:b7:a9","kind":"rx","seq":306,"session":"s1","stream":"chat","text":"reboot ESP32 control","timestamp":1790458280.8302598}
2026-09-27T00:31:20.831+03:00 [RX chat] {"data_b64":"bGVyCg==","description":"ble:LoRa-Chatter-1B44 44:1B:F6:8D:B7:A9","device_key":"ble-address:44:1b:f6:8d:b7:a9","kind":"rx","seq":307,"session":"s1","stream":"chat","text":"ler\n","timestamp":1790458280.8316772}
2026-09-27T00:31:20.832+03:00 [RX chat] {"data_b64":"W1NZU10gUkFXIENPTlRST0xTICg=","description":"ble:LoRa-Chatter-1B44 44:1B:F6:8D:B7:A9","device_key":"ble-address:44:1b:f6:8d:b7:a9","kind":"rx","seq":308,"session":"s1","stream":"chat","text":"[SYS] RAW CONTROLS (","timestamp":1790458280.832021}
2026-09-27T00:31:20.832+03:00 [RX chat] {"data_b64":"SEVYKToK","description":"ble:LoRa-Chatter-1B44 44:1B:F6:8D:B7:A9","device_key":"ble-address:44:1b:f6:8d:b7:a9","kind":"rx","seq":309,"session":"s1","stream":"chat","text":"HEX):\n","timestamp":1790458280.8320427}
2026-09-27T00:31:20.833+03:00 [RX chat] {"data_b64":"W1NZU10gICAxNCAzMT1DSEFUICA=","description":"ble:LoRa-Chatter-1B44 44:1B:F6:8D:B7:A9","device_key":"ble-address:44:1b:f6:8d:b7:a9","kind":"rx","seq":310,"session":"s1","stream":"chat","text":"[SYS]   14 31=CHAT  ","timestamp":1790458280.83374}
2026-09-27T00:31:20.834+03:00 [RX chat] {"data_b64":"MTQgMzI9VEVMRU1FVFJZICAxNCA=","description":"ble:LoRa-Chatter-1B44 44:1B:F6:8D:B7:A9","device_key":"ble-address:44:1b:f6:8d:b7:a9","kind":"rx","seq":311,"session":"s1","stream":"chat","text":"14 32=TELEMETRY  14 ","timestamp":1790458280.833996}
2026-09-27T00:31:20.859+03:00 [RX chat] {"data_b64":"MzM9Qk9USCAgMTQgNjU9RUNITyA=","description":"ble:LoRa-Chatter-1B44 44:1B:F6:8D:B7:A9","device_key":"ble-address:44:1b:f6:8d:b7:a9","kind":"rx","seq":312,"session":"s1","stream":"chat","text":"33=BOTH  14 65=ECHO ","timestamp":1790458280.8593686}
2026-09-27T00:31:20.859+03:00 [RX chat] {"data_b64":"dG9nZ2xlCg==","description":"ble:LoRa-Chatter-1B44 44:1B:F6:8D:B7:A9","device_key":"ble-address:44:1b:f6:8d:b7:a9","kind":"rx","seq":313,"session":"s1","stream":"chat","text":"toggle\n","timestamp":1790458280.8594296}
2026-09-27T00:31:20.859+03:00 [RX chat] {"data_b64":"W1NZU10gQU5EUk9JRCBCTEUgVEU=","description":"ble:LoRa-Chatter-1B44 44:1B:F6:8D:B7:A9","device_key":"ble-address:44:1b:f6:8d:b7:a9","kind":"rx","seq":314,"session":"s1","stream":"chat","text":"[SYS] ANDROID BLE TE","timestamp":1790458280.859627}
2026-09-27T00:31:20.903+03:00 [RX chat] {"data_b64":"Uk1JTkFMIE1BQ1JPUzoK","description":"ble:LoRa-Chatter-1B44 44:1B:F6:8D:B7:A9","device_key":"ble-address:44:1b:f6:8d:b7:a9","kind":"rx","seq":315,"session":"s1","stream":"chat","text":"RMINAL MACROS:\n","timestamp":1790458280.903111}
2026-09-27T00:31:20.903+03:00 [RX chat] {"data_b64":"W1NZU10gICBIRVggbWFjcm8sIG4=","description":"ble:LoRa-Chatter-1B44 44:1B:F6:8D:B7:A9","device_key":"ble-address:44:1b:f6:8d:b7:a9","kind":"rx","seq":316,"session":"s1","stream":"chat","text":"[SYS]   HEX macro, n","timestamp":1790458280.9036539}
2026-09-27T00:31:20.905+03:00 [RX chat] {"data_b64":"byBFT0w6IDE0IDMxIC8gMTQgMzI=","description":"ble:LoRa-Chatter-1B44 44:1B:F6:8D:B7:A9","device_key":"ble-address:44:1b:f6:8d:b7:a9","kind":"rx","seq":317,"session":"s1","stream":"chat","text":"o EOL: 14 31 / 14 32","timestamp":1790458280.9048615}
2026-09-27T00:31:20.948+03:00 [RX chat] {"data_b64":"IC8gMTQgMzMgLyAxNCA2NQo=","description":"ble:LoRa-Chatter-1B44 44:1B:F6:8D:B7:A9","device_key":"ble-address:44:1b:f6:8d:b7:a9","kind":"rx","seq":318,"session":"s1","stream":"chat","text":" / 14 33 / 14 65\n","timestamp":1790458280.9482722}
2026-09-27T00:31:20.948+03:00 [RX chat] {"data_b64":"W1NZU10gICBvciBURVhUIG1hY3I=","description":"ble:LoRa-Chatter-1B44 44:1B:F6:8D:B7:A9","device_key":"ble-address:44:1b:f6:8d:b7:a9","kind":"rx","seq":319,"session":"s1","stream":"chat","text":"[SYS]   or TEXT macr","timestamp":1790458280.948491}
2026-09-27T00:31:20.949+03:00 [RX chat] {"data_b64":"byArIExGOiAvaGVscCAvaWQgL3Y=","description":"ble:LoRa-Chatter-1B44 44:1B:F6:8D:B7:A9","device_key":"ble-address:44:1b:f6:8d:b7:a9","kind":"rx","seq":320,"session":"s1","stream":"chat","text":"o + LF: /help /id /v","timestamp":1790458280.949816}
2026-09-27T00:31:20.950+03:00 [RX chat] {"data_b64":"ZXJzaW9uIC9wb3dlciAvZnJlcSA=","description":"ble:LoRa-Chatter-1B44 44:1B:F6:8D:B7:A9","device_key":"ble-address:44:1b:f6:8d:b7:a9","kind":"rx","seq":321,"session":"s1","stream":"chat","text":"ersion /power /freq ","timestamp":1790458280.9501848}
2026-09-27T00:31:20.950+03:00 [RX chat] {"data_b64":"L2ZyZXEtb29iIC9zZiAvYncgL2M=","description":"ble:LoRa-Chatter-1B44 44:1B:F6:8D:B7:A9","device_key":"ble-address:44:1b:f6:8d:b7:a9","kind":"rx","seq":322,"session":"s1","stream":"chat","text":"/freq-oob /sf /bw /c","timestamp":1790458280.9502106}
2026-09-27T00:31:20.951+03:00 [RX chat] {"data_b64":"b25maWcgL2hlYXJ0YmVhdCBvbnw=","description":"ble:LoRa-Chatter-1B44 44:1B:F6:8D:B7:A9","device_key":"ble-address:44:1b:f6:8d:b7:a9","kind":"rx","seq":323,"session":"s1","stream":"chat","text":"onfig /heartbeat on|","timestamp":1790458280.9517944}
2026-09-27T00:31:20.952+03:00 [RX chat] {"data_b64":"b2ZmIC9kaWFnIG9ufG9mZiAvZGk=","description":"ble:LoRa-Chatter-1B44 44:1B:F6:8D:B7:A9","device_key":"ble-address:44:1b:f6:8d:b7:a9","kind":"rx","seq":324,"session":"s1","stream":"chat","text":"off /diag on|off /di","timestamp":1790458280.9521406}
2026-09-27T00:31:20.952+03:00 [RX chat] {"data_b64":"YWcgc2l6ZSBOIC9jaGF0IC90ZWw=","description":"ble:LoRa-Chatter-1B44 44:1B:F6:8D:B7:A9","device_key":"ble-address:44:1b:f6:8d:b7:a9","kind":"rx","seq":325,"session":"s1","stream":"chat","text":"ag size N /chat /tel","timestamp":1790458280.9521616}
2026-09-27T00:31:20.953+03:00 [RX chat] {"data_b64":"ZSAvYm90aCAvZWNobyAvZWNoby0=","description":"ble:LoRa-Chatter-1B44 44:1B:F6:8D:B7:A9","device_key":"ble-address:44:1b:f6:8d:b7:a9","kind":"rx","seq":326,"session":"s1","stream":"chat","text":"e /both /echo /echo-","timestamp":1790458280.9537919}
2026-09-27T00:31:20.954+03:00 [RX chat] {"data_b64":"bG9vcCBOIC9lY2hvLWxvb3Agc3Q=","description":"ble:LoRa-Chatter-1B44 44:1B:F6:8D:B7:A9","device_key":"ble-address:44:1b:f6:8d:b7:a9","kind":"rx","seq":327,"session":"s1","stream":"chat","text":"loop N /echo-loop st","timestamp":1790458280.9541268}
2026-09-27T00:31:20.954+03:00 [RX chat] {"data_b64":"b3AgL2NhbmNlbCAvY2FuY2VsIGE=","description":"ble:LoRa-Chatter-1B44 44:1B:F6:8D:B7:A9","device_key":"ble-address:44:1b:f6:8d:b7:a9","kind":"rx","seq":328,"session":"s1","stream":"chat","text":"op /cancel /cancel a","timestamp":1790458280.9542675}
2026-09-27T00:31:20.957+03:00 [RX chat] {"data_b64":"bGwgL3JlYm9vdAo=","description":"ble:LoRa-Chatter-1B44 44:1B:F6:8D:B7:A9","device_key":"ble-address:44:1b:f6:8d:b7:a9","kind":"rx","seq":329,"session":"s1","stream":"chat","text":"ll /reboot\n","timestamp":1790458280.9569411}
2026-09-27T00:31:20.957+03:00 [RX chat] {"data_b64":"W1NZU10gICBOb3JkaWMgVUFSVCA=","description":"ble:LoRa-Chatter-1B44 44:1B:F6:8D:B7:A9","device_key":"ble-address:44:1b:f6:8d:b7:a9","kind":"rx","seq":330,"session":"s1","stream":"chat","text":"[SYS]   Nordic UART ","timestamp":1790458280.9575262}
2026-09-27T00:31:20.957+03:00 [RX chat] {"data_b64":"aHVtYW4gY29uc29sZT0wMDAzOyA=","description":"ble:LoRa-Chatter-1B44 44:1B:F6:8D:B7:A9","device_key":"ble-address:44:1b:f6:8d:b7:a9","kind":"rx","seq":331,"session":"s1","stream":"chat","text":"human console=0003; ","timestamp":1790458280.9575598}
2026-09-27T00:31:20.958+03:00 [RX chat] {"data_b64":"bWFjaGluZSB0ZWxlbWV0cnk9MDA=","description":"ble:LoRa-Chatter-1B44 44:1B:F6:8D:B7:A9","device_key":"ble-address:44:1b:f6:8d:b7:a9","kind":"rx","seq":332,"session":"s1","stream":"chat","text":"machine telemetry=00","timestamp":1790458280.9581738}
2026-09-27T00:31:20.958+03:00 [RX chat] {"data_b64":"MDQgb3B0aW9uYWwK","description":"ble:LoRa-Chatter-1B44 44:1B:F6:8D:B7:A9","device_key":"ble-address:44:1b:f6:8d:b7:a9","kind":"rx","seq":333,"session":"s1","stream":"chat","text":"04 optional\n","timestamp":1790458280.9584615}
2026-09-27T00:31:20.959+03:00 [RX chat] {"data_b64":"W1NZU10gQkxFIENMSUVOVDogbWE=","description":"ble:LoRa-Chatter-1B44 44:1B:F6:8D:B7:A9","device_key":"ble-address:44:1b:f6:8d:b7:a9","kind":"rx","seq":334,"session":"s1","stream":"chat","text":"[SYS] BLE CLIENT: ma","timestamp":1790458280.9589055}
2026-09-27T00:31:20.960+03:00 [RX chat] {"data_b64":"Y2hpbmUgdGVsZW1ldHJ5IDAwMDQ=","description":"ble:LoRa-Chatter-1B44 44:1B:F6:8D:B7:A9","device_key":"ble-address:44:1b:f6:8d:b7:a9","kind":"rx","seq":335,"session":"s1","stream":"chat","text":"chine telemetry 0004","timestamp":1790458280.960482}
2026-09-27T00:31:20.960+03:00 [RX chat] {"data_b64":"IHN1YnNjcmliZWQgaW4gYmFja2c=","description":"ble:LoRa-Chatter-1B44 44:1B:F6:8D:B7:A9","device_key":"ble-address:44:1b:f6:8d:b7:a9","kind":"rx","seq":336,"session":"s1","stream":"chat","text":" subscribed in backg","timestamp":1790458280.9606671}
2026-09-27T00:31:20.960+03:00 [RX chat] {"data_b64":"cm91bmQK","description":"ble:LoRa-Chatter-1B44 44:1B:F6:8D:B7:A9","device_key":"ble-address:44:1b:f6:8d:b7:a9","kind":"rx","seq":337,"session":"s1","stream":"chat","text":"round\n","timestamp":1790458280.9606822}
2026-09-27T00:31:26.715+03:00 [RX telemetry] {"data_b64":"ClNFU1NJT04gdD0yMzQwcyBUWCA=","description":"ble:LoRa-Chatter-72E0 E0:72:A1:D5:4C:15","device_key":"ble-address:e0:72:a1:d5:4c:15","kind":"rx","seq":148,"session":"s2","stream":"telemetry","text":"\nSESSION t=2340s TX ","timestamp":1790458286.7150004}
2026-09-27T00:31:26.715+03:00 [RX telemetry] {"data_b64":"b2s9MTggdXNlcj04IGVjaG9fcmU=","description":"ble:LoRa-Chatter-72E0 E0:72:A1:D5:4C:15","device_key":"ble-address:e0:72:a1:d5:4c:15","kind":"rx","seq":149,"session":"s2","stream":"telemetry","text":"ok=18 user=8 echo_re","timestamp":1790458286.7150939}
2026-09-27T00:31:26.716+03:00 [RX telemetry] {"data_b64":"cT0wIGVjaG9fcmVwPTAgaGI9MCg=","description":"ble:LoRa-Chatter-72E0 E0:72:A1:D5:4C:15","device_key":"ble-address:e0:72:a1:d5:4c:15","kind":"rx","seq":150,"session":"s2","stream":"telemetry","text":"q=0 echo_rep=0 hb=0(","timestamp":1790458286.716325}
2026-09-27T00:31:26.716+03:00 [RX telemetry] {"data_b64":"aWRsZT0wKSBlcnI9MCBzdGFydGU=","description":"ble:LoRa-Chatter-72E0 E0:72:A1:D5:4C:15","device_key":"ble-address:e0:72:a1:d5:4c:15","kind":"rx","seq":151,"session":"s2","stream":"telemetry","text":"idle=0) err=0 starte","timestamp":1790458286.7164197}
2026-09-27T00:31:26.717+03:00 [RX telemetry] {"data_b64":"ZD0xOCBSWCBvaz0xOCB1c2VyPTE=","description":"ble:LoRa-Chatter-72E0 E0:72:A1:D5:4C:15","device_key":"ble-address:e0:72:a1:d5:4c:15","kind":"rx","seq":152,"session":"s2","stream":"telemetry","text":"d=18 RX ok=18 user=1","timestamp":1790458286.7175448}
2026-09-27T00:31:26.718+03:00 [RX telemetry] {"data_b64":"MCBlY2hvX3JlcT0wIGVjaG9fcmU=","description":"ble:LoRa-Chatter-72E0 E0:72:A1:D5:4C:15","device_key":"ble-address:e0:72:a1:d5:4c:15","kind":"rx","seq":153,"session":"s2","stream":"telemetry","text":"0 echo_req=0 echo_re","timestamp":1790458286.7176535}
2026-09-27T00:31:26.719+03:00 [RX telemetry] {"data_b64":"cD0wIGhiPTAgY3JjPTYgaGRyPTQ=","description":"ble:LoRa-Chatter-72E0 E0:72:A1:D5:4C:15","device_key":"ble-address:e0:72:a1:d5:4c:15","kind":"rx","seq":154,"session":"s2","stream":"telemetry","text":"p=0 hb=0 crc=6 hdr=4","timestamp":1790458286.7187238}
2026-09-27T00:31:26.719+03:00 [RX telemetry] {"data_b64":"IGJhZD0wIHJlYWRlcnI9MCByZXA=","description":"ble:LoRa-Chatter-72E0 E0:72:A1:D5:4C:15","device_key":"ble-address:e0:72:a1:d5:4c:15","kind":"rx","seq":155,"session":"s2","stream":"telemetry","text":" bad=0 readerr=0 rep","timestamp":1790458286.7194712}
2026-09-27T00:31:26.720+03:00 [RX telemetry] {"data_b64":"b3J0cz0xOCBRPTEwMCUgZHJvcHM=","description":"ble:LoRa-Chatter-72E0 E0:72:A1:D5:4C:15","device_key":"ble-address:e0:72:a1:d5:4c:15","kind":"rx","seq":156,"session":"s2","stream":"telemetry","text":"orts=18 Q=100% drops","timestamp":1790458286.7199411}
2026-09-27T00:31:26.721+03:00 [RX telemetry] {"data_b64":"PTAgZmF0YWw9MAo=","description":"ble:LoRa-Chatter-72E0 E0:72:A1:D5:4C:15","device_key":"ble-address:e0:72:a1:d5:4c:15","kind":"rx","seq":157,"session":"s2","stream":"telemetry","text":"=0 fatal=0\n","timestamp":1790458286.7209632}
2026-09-27T00:31:26.722+03:00 [RX telemetry] {"data_b64":"U0VTU0lPTiBDT1VSVEVTWSB3aW4=","description":"ble:LoRa-Chatter-72E0 E0:72:A1:D5:4C:15","device_key":"ble-address:e0:72:a1:d5:4c:15","kind":"rx","seq":158,"session":"s2","stream":"telemetry","text":"SESSION COURTESY win","timestamp":1790458286.721354}
2026-09-27T00:31:26.722+03:00 [RX telemetry] {"data_b64":"ZG93PTUwMDBtcyBwZWVyX3JlbGU=","description":"ble:LoRa-Chatter-72E0 E0:72:A1:D5:4C:15","device_key":"ble-address:e0:72:a1:d5:4c:15","kind":"rx","seq":159,"session":"s2","stream":"telemetry","text":"dow=5000ms peer_rele","timestamp":1790458286.7221305}
2026-09-27T00:31:26.724+03:00 [RX telemetry] {"data_b64":"YXNlPTAgZXhwaXJlZD0wIHlpZWw=","description":"ble:LoRa-Chatter-72E0 E0:72:A1:D5:4C:15","device_key":"ble-address:e0:72:a1:d5:4c:15","kind":"rx","seq":160,"session":"s2","stream":"telemetry","text":"ase=0 expired=0 yiel","timestamp":1790458286.7245667}
2026-09-27T00:31:26.726+03:00 [RX telemetry] {"data_b64":"ZGluZz0wCg==","description":"ble:LoRa-Chatter-72E0 E0:72:A1:D5:4C:15","device_key":"ble-address:e0:72:a1:d5:4c:15","kind":"rx","seq":161,"session":"s2","stream":"telemetry","text":"ding=0\n","timestamp":1790458286.725439}
2026-09-27T00:31:26.726+03:00 [RX telemetry] {"data_b64":"U0VTU0lPTiBESU8wX1RYIGFmZmU=","description":"ble:LoRa-Chatter-72E0 E0:72:A1:D5:4C:15","device_key":"ble-address:e0:72:a1:d5:4c:15","kind":"rx","seq":162,"session":"s2","stream":"telemetry","text":"SESSION DIO0_TX affe","timestamp":1790458286.7260692}
2026-09-27T00:31:26.726+03:00 [RX telemetry] {"data_b64":"Y3RlZD0wLzE4IGVwaXNvZGVzPTA=","description":"ble:LoRa-Chatter-72E0 E0:72:A1:D5:4C:15","device_key":"ble-address:e0:72:a1:d5:4c:15","kind":"rx","seq":163,"session":"s2","stream":"telemetry","text":"cted=0/18 episodes=0","timestamp":1790458286.7261229}
2026-09-27T00:31:26.727+03:00 [RX telemetry] {"data_b64":"IGF2Z19hbGw9MC4wMCBhdmdfYWY=","description":"ble:LoRa-Chatter-72E0 E0:72:A1:D5:4C:15","device_key":"ble-address:e0:72:a1:d5:4c:15","kind":"rx","seq":164,"session":"s2","stream":"telemetry","text":" avg_all=0.00 avg_af","timestamp":1790458286.7270865}
2026-09-27T00:31:26.728+03:00 [RX telemetry] {"data_b64":"ZmVjdGVkPTAuMDAgaGlnaF9wb2w=","description":"ble:LoRa-Chatter-72E0 E0:72:A1:D5:4C:15","device_key":"ble-address:e0:72:a1:d5:4c:15","kind":"rx","seq":165,"session":"s2","stream":"telemetry","text":"fected=0.00 high_pol","timestamp":1790458286.7279005}
2026-09-27T00:31:26.728+03:00 [RX telemetry] {"data_b64":"bHM9MAo=","description":"ble:LoRa-Chatter-72E0 E0:72:A1:D5:4C:15","device_key":"ble-address:e0:72:a1:d5:4c:15","kind":"rx","seq":166,"session":"s2","stream":"telemetry","text":"ls=0\n","timestamp":1790458286.728483}
2026-09-27T00:31:26.729+03:00 [RX telemetry] {"data_b64":"U0VTU0lPTiBSWF9QT0xMIHBvbGw=","description":"ble:LoRa-Chatter-72E0 E0:72:A1:D5:4C:15","device_key":"ble-address:e0:72:a1:d5:4c:15","kind":"rx","seq":167,"session":"s2","stream":"telemetry","text":"SESSION RX_POLL poll","timestamp":1790458286.728918}
2026-09-27T00:31:26.729+03:00 [RX telemetry] {"data_b64":"cz0xNjc1NTM2IHJ4ZG9uZT0yOCA=","description":"ble:LoRa-Chatter-72E0 E0:72:A1:D5:4C:15","device_key":"ble-address:e0:72:a1:d5:4c:15","kind":"rx","seq":168,"session":"s2","stream":"telemetry","text":"s=1675536 rxdone=28 ","timestamp":1790458286.7293115}
2026-09-27T00:31:26.729+03:00 [RX telemetry] {"data_b64":"aW50ZXJ2YWw9MTAwMHVzIERJTzA=","description":"ble:LoRa-Chatter-72E0 E0:72:A1:D5:4C:15","device_key":"ble-address:e0:72:a1:d5:4c:15","kind":"rx","seq":169,"session":"s2","stream":"telemetry","text":"interval=1000us DIO0","timestamp":1790458286.729747}
2026-09-27T00:31:26.730+03:00 [RX telemetry] {"data_b64":"X1JYIGZhbHNlX2hpZ2hfZXA9MCA=","description":"ble:LoRa-Chatter-72E0 E0:72:A1:D5:4C:15","device_key":"ble-address:e0:72:a1:d5:4c:15","kind":"rx","seq":170,"session":"s2","stream":"telemetry","text":"_RX false_high_ep=0 ","timestamp":1790458286.7297924}
2026-09-27T00:31:26.730+03:00 [RX telemetry] {"data_b64":"aGlnaF9wb2xscz0wIHJ4ZG9uZV8=","description":"ble:LoRa-Chatter-72E0 E0:72:A1:D5:4C:15","device_key":"ble-address:e0:72:a1:d5:4c:15","kind":"rx","seq":171,"session":"s2","stream":"telemetry","text":"high_polls=0 rxdone_","timestamp":1790458286.7301445}
2026-09-27T00:31:26.731+03:00 [RX telemetry] {"data_b64":"bG93PTAgaXNyPWRpc2FibGVkCg==","description":"ble:LoRa-Chatter-72E0 E0:72:A1:D5:4C:15","device_key":"ble-address:e0:72:a1:d5:4c:15","kind":"rx","seq":172,"session":"s2","stream":"telemetry","text":"low=0 isr=disabled\n","timestamp":1790458286.7309597}
2026-09-27T00:31:32.755+03:00 [AGENT REQUEST] {"id":31,"op":"observe","cursors":{"s1":170,"s2":147},"timeout_ms":3000}
2026-09-27T00:31:32.756+03:00 [AGENT RESPONSE] {"id":31,"ok":true,"result":{"cursors":{"s1":337,"s2":172},"lines":[{"seq_first":172,"seq_last":172,"session":"s1","stream":"chat","text":"[SYS] CHATTER HELP"},{"seq_first":173,"seq_last":174,"session":"s1","stream":"chat","text":"[SYS] CHATTER NODE LoRa-Chatter-1B44"},{"seq_first":175,"seq_last":175,"session":"s1","stream":"chat","text":"[SYS] CHAT OUTPUT:"},{"seq_first":176,"seq_last":179,"session":"s1","stream":"chat","text":"[SYS]   > text                       local USER TX confirmed"},{"seq_first":180,"seq_last":183,"session":"s1","stream":"chat","text":"[SYS]   < [RSSI/SNR Q] text          USER received from peer"},{"seq_first":184,"seq_last":187,"session":"s1","stream":"chat","text":"[SYS]   > [ECHO TX] text             local echo TX confirmed"},{"seq_first":188,"seq_last":191,"session":"s1","stream":"chat","text":"[SYS]   < [ECHO RSSI/SNR Q] text     matching echo reply received"},{"seq_first":192,"seq_last":195,"session":"s1","stream":"chat","text":"[SYS]   [ECHO] NO RESPONSE           matching echo reply timed out"},{"seq_first":196,"seq_last":198,"session":"s1","stream":"chat","text":"[SYS]   delivery retry details       TELEMETRY only"},{"seq_first":199,"seq_last":202,"session":"s1","stream":"chat","text":"[SYS]   RSSI/SNR=dBm/dB, Q=0..100 rolling transaction link quality"},{"seq_first":203,"seq_last":204,"session":"s1","stream":"chat","text":"[SYS] HUMAN CONSOLE MODES:"},{"seq_first":205,"seq_last":206,"session":"s1","stream":"chat","text":"[SYS]   CHAT       chat + SYSTEM"},{"seq_first":207,"seq_last":208,"session":"s1","stream":"chat","text":"[SYS]   TELEMETRY  telemetry + SYSTEM"},{"seq_first":209,"seq_last":211,"session":"s1","stream":"chat","text":"[SYS]   BOTH       chat + telemetry + SYSTEM"},{"seq_first":212,"seq_last":215,"session":"s1","stream":"chat","text":"[SYS]   BLE 0004 machine telemetry is independent when subscribed"},{"seq_first":216,"seq_last":217,"session":"s1","stream":"chat","text":"[SYS]   current=CHAT echo=OFF"},{"seq_first":218,"seq_last":218,"session":"s1","stream":"chat","text":"[SYS] COMMANDS:"},{"seq_first":219,"seq_last":220,"session":"s1","stream":"chat","text":"[SYS]   /help       show this help"},{"seq_first":221,"seq_last":222,"session":"s1","stream":"chat","text":"[SYS]   /id         show node identity"},{"seq_first":223,"seq_last":226,"session":"s1","stream":"chat","text":"[SYS]   /version    show firmware provenance (/firmware alias)"},{"seq_first":227,"seq_last":229,"session":"s1","stream":"chat","text":"[SYS]   /power      show SX1278 PA_BOOST setting"},{"seq_first":230,"seq_last":232,"session":"s1","stream":"chat","text":"[SYS]   /power N    set/persist N=2..17 or 20 dBm"},{"seq_first":233,"seq_last":235,"session":"s1","stream":"chat","text":"[SYS]   /freq       show frequency in MHz"},{"seq_first":236,"seq_last":240,"session":"s1","stream":"chat","text":"[SYS]   /freq MHz   set/persist frequency; 1 kHz precision, truncates extra decimals"},{"seq_first":241,"seq_last":243,"session":"s1","stream":"chat","text":"[SYS]   /freq-oob   show experimental out-of-band flag"},{"seq_first":244,"seq_last":246,"session":"s1","stream":"chat","text":"[SYS]   /freq-oob on|off persist frequency-range policy"},{"seq_first":247,"seq_last":249,"session":"s1","stream":"chat","text":"[SYS]   /sf /sf N   show/set SF, N=7..12"},{"seq_first":250,"seq_last":253,"session":"s1","stream":"chat","text":"[SYS]   /bw /bw KHz show/set BW: 7.8 10.4 15.6 20.8 31.25 41.7 62.5 125 250 500"},{"seq_first":254,"seq_last":257,"session":"s1","stream":"chat","text":"[SYS]   /config     show persisted PHY + runtime link config"},{"seq_first":258,"seq_last":260,"session":"s1","stream":"chat","text":"[SYS]   /config reset restore persisted PHY defaults"},{"seq_first":261,"seq_last":263,"session":"s1","stream":"chat","text":"[SYS]   /heartbeat  show runtime heartbeat state"},{"seq_first":264,"seq_last":266,"session":"s1","stream":"chat","text":"[SYS]   /heartbeat on|off set runtime heartbeat state"},{"seq_first":267,"seq_last":269,"session":"s1","stream":"chat","text":"[SYS]   /diag       show radio diagnostic state"},{"seq_first":270,"seq_last":272,"session":"s1","stream":"chat","text":"[SYS]   /diag on|off enter/leave radio diagnostic mode"},{"seq_first":273,"seq_last":276,"session":"s1","stream":"chat","text":"[SYS]   /diag size N set total heartbeat RF frame N=16..255 bytes"},{"seq_first":277,"seq_last":278,"session":"s1","stream":"chat","text":"[SYS]   /chat       human console CHAT"},{"seq_first":279,"seq_last":281,"session":"s1","stream":"chat","text":"[SYS]   /tele       human console TELEMETRY"},{"seq_first":282,"seq_last":283,"session":"s1","stream":"chat","text":"[SYS]   /both       human console BOTH"},{"seq_first":284,"seq_last":286,"session":"s1","stream":"chat","text":"[SYS]   /echo       toggle manual echo mode"},{"seq_first":287,"seq_last":289,"session":"s1","stream":"chat","text":"[SYS]   /echo-loop  show continuous echo status"},{"seq_first":290,"seq_last":293,"session":"s1","stream":"chat","text":"[SYS]   /echo-loop N start continuous echo with N=1..200 payload bytes"},{"seq_first":294,"seq_last":297,"session":"s1","stream":"chat","text":"[SYS]   /echo-loop stop stop scheduling continuous echo requests"},{"seq_first":298,"seq_last":300,"session":"s1","stream":"chat","text":"[SYS]   /cancel     stop current USER delivery/retries"},{"seq_first":301,"seq_last":304,"session":"s1","stream":"chat","text":"[SYS]   /cancel all stop current USER and discard queued USERs"},{"seq_first":305,"seq_last":307,"session":"s1","stream":"chat","text":"[SYS]   /reboot     reboot ESP32 controller"},{"seq_first":308,"seq_last":309,"session":"s1","stream":"chat","text":"[SYS] RAW CONTROLS (HEX):"},{"seq_first":310,"seq_last":313,"session":"s1","stream":"chat","text":"[SYS]   14 31=CHAT  14 32=TELEMETRY  14 33=BOTH  14 65=ECHO toggle"},{"seq_first":314,"seq_last":315,"session":"s1","stream":"chat","text":"[SYS] ANDROID BLE TERMINAL MACROS:"},{"seq_first":316,"seq_last":318,"session":"s1","stream":"chat","text":"[SYS]   HEX macro, no EOL: 14 31 / 14 32 / 14 33 / 14 65"},{"seq_first":319,"seq_last":329,"session":"s1","stream":"chat","text":"[SYS]   or TEXT macro + LF: /help /id /version /power /freq /freq-oob /sf /bw /config /heartbeat on|off /diag on|off /diag size N /chat /tele /both /echo /echo-loop N /echo-loop stop /cancel /cancel all /reboot"},{"seq_first":330,"seq_last":333,"session":"s1","stream":"chat","text":"[SYS]   Nordic UART human console=0003; machine telemetry=0004 optional"},{"seq_first":334,"seq_last":337,"session":"s1","stream":"chat","text":"[SYS] BLE CLIENT: machine telemetry 0004 subscribed in background"},{"seq_first":148,"seq_last":148,"session":"s2","stream":"telemetry","text":""},{"seq_first":148,"seq_last":157,"session":"s2","stream":"telemetry","text":"SESSION t=2340s TX ok=18 user=8 echo_req=0 echo_rep=0 hb=0(idle=0) err=0 started=18 RX ok=18 user=10 echo_req=0 echo_rep=0 hb=0 crc=6 hdr=4 bad=0 readerr=0 reports=18 Q=100% drops=0 fatal=0"},{"seq_first":158,"seq_last":161,"session":"s2","stream":"telemetry","text":"SESSION COURTESY window=5000ms peer_release=0 expired=0 yielding=0"},{"seq_first":162,"seq_last":166,"session":"s2","stream":"telemetry","text":"SESSION DIO0_TX affected=0/18 episodes=0 avg_all=0.00 avg_affected=0.00 high_polls=0"},{"seq_first":167,"seq_last":172,"session":"s2","stream":"telemetry","text":"SESSION RX_POLL polls=1675536 rxdone=28 interval=1000us DIO0_RX false_high_ep=0 high_polls=0 rxdone_low=0 isr=disabled"}],"timed_out":false}}
2026-09-27T00:32:06.450+03:00 [RX telemetry] {"data_b64":"ClNFU1NJT04gdD0zMTIwcyBUWCA=","description":"ble:LoRa-Chatter-1B44 44:1B:F6:8D:B7:A9","device_key":"ble-address:44:1b:f6:8d:b7:a9","kind":"rx","seq":338,"session":"s1","stream":"telemetry","text":"\nSESSION t=3120s TX ","timestamp":1790458326.450524}
2026-09-27T00:32:06.451+03:00 [RX telemetry] {"data_b64":"b2s9NDQgdXNlcj0yMyBlY2hvX3I=","description":"ble:LoRa-Chatter-1B44 44:1B:F6:8D:B7:A9","device_key":"ble-address:44:1b:f6:8d:b7:a9","kind":"rx","seq":339,"session":"s1","stream":"telemetry","text":"ok=44 user=23 echo_r","timestamp":1790458326.450603}
2026-09-27T00:32:06.451+03:00 [RX telemetry] {"data_b64":"ZXE9MCBlY2hvX3JlcD0wIGhiPTA=","description":"ble:LoRa-Chatter-1B44 44:1B:F6:8D:B7:A9","device_key":"ble-address:44:1b:f6:8d:b7:a9","kind":"rx","seq":340,"session":"s1","stream":"telemetry","text":"eq=0 echo_rep=0 hb=0","timestamp":1790458326.4506278}
2026-09-27T00:32:06.451+03:00 [RX telemetry] {"data_b64":"KGlkbGU9MCkgZXJyPTAgc3RhcnQ=","description":"ble:LoRa-Chatter-1B44 44:1B:F6:8D:B7:A9","device_key":"ble-address:44:1b:f6:8d:b7:a9","kind":"rx","seq":341,"session":"s1","stream":"telemetry","text":"(idle=0) err=0 start","timestamp":1790458326.4510365}
2026-09-27T00:32:06.452+03:00 [RX telemetry] {"data_b64":"ZWQ9NDQgUlggb2s9NDQgdXNlcj0=","description":"ble:LoRa-Chatter-1B44 44:1B:F6:8D:B7:A9","device_key":"ble-address:44:1b:f6:8d:b7:a9","kind":"rx","seq":342,"session":"s1","stream":"telemetry","text":"ed=44 RX ok=44 user=","timestamp":1790458326.4519842}
2026-09-27T00:32:06.452+03:00 [RX telemetry] {"data_b64":"MjEgZWNob19yZXE9MCBlY2hvX3I=","description":"ble:LoRa-Chatter-1B44 44:1B:F6:8D:B7:A9","device_key":"ble-address:44:1b:f6:8d:b7:a9","kind":"rx","seq":343,"session":"s1","stream":"telemetry","text":"21 echo_req=0 echo_r","timestamp":1790458326.4523315}
2026-09-27T00:32:06.452+03:00 [RX telemetry] {"data_b64":"ZXA9MCBoYj0wIGNyYz0yIGhkcj0=","description":"ble:LoRa-Chatter-1B44 44:1B:F6:8D:B7:A9","device_key":"ble-address:44:1b:f6:8d:b7:a9","kind":"rx","seq":344,"session":"s1","stream":"telemetry","text":"ep=0 hb=0 crc=2 hdr=","timestamp":1790458326.4523578}
2026-09-27T00:32:06.454+03:00 [RX telemetry] {"data_b64":"NCBiYWQ9MSByZWFkZXJyPTAgcmU=","description":"ble:LoRa-Chatter-1B44 44:1B:F6:8D:B7:A9","device_key":"ble-address:44:1b:f6:8d:b7:a9","kind":"rx","seq":345,"session":"s1","stream":"telemetry","text":"4 bad=1 readerr=0 re","timestamp":1790458326.4538941}
2026-09-27T00:32:06.454+03:00 [RX telemetry] {"data_b64":"cG9ydHM9NDQgUT0xMDAlIGRyb3A=","description":"ble:LoRa-Chatter-1B44 44:1B:F6:8D:B7:A9","device_key":"ble-address:44:1b:f6:8d:b7:a9","kind":"rx","seq":346,"session":"s1","stream":"telemetry","text":"ports=44 Q=100% drop","timestamp":1790458326.4539278}
2026-09-27T00:32:06.454+03:00 [RX telemetry] {"data_b64":"cz0wIGZhdGFsPTAK","description":"ble:LoRa-Chatter-1B44 44:1B:F6:8D:B7:A9","device_key":"ble-address:44:1b:f6:8d:b7:a9","kind":"rx","seq":347,"session":"s1","stream":"telemetry","text":"s=0 fatal=0\n","timestamp":1790458326.4542108}
2026-09-27T00:32:06.460+03:00 [RX telemetry] {"data_b64":"U0VTU0lPTiBDT1VSVEVTWSB3aW4=","description":"ble:LoRa-Chatter-1B44 44:1B:F6:8D:B7:A9","device_key":"ble-address:44:1b:f6:8d:b7:a9","kind":"rx","seq":348,"session":"s1","stream":"telemetry","text":"SESSION COURTESY win","timestamp":1790458326.4600966}
2026-09-27T00:32:06.461+03:00 [RX telemetry] {"data_b64":"ZG93PTUwMDBtcyBwZWVyX3JlbGU=","description":"ble:LoRa-Chatter-1B44 44:1B:F6:8D:B7:A9","device_key":"ble-address:44:1b:f6:8d:b7:a9","kind":"rx","seq":349,"session":"s1","stream":"telemetry","text":"dow=5000ms peer_rele","timestamp":1790458326.4602804}
2026-09-27T00:32:06.461+03:00 [RX telemetry] {"data_b64":"YXNlPTAgZXhwaXJlZD0wIHlpZWw=","description":"ble:LoRa-Chatter-1B44 44:1B:F6:8D:B7:A9","device_key":"ble-address:44:1b:f6:8d:b7:a9","kind":"rx","seq":350,"session":"s1","stream":"telemetry","text":"ase=0 expired=0 yiel","timestamp":1790458326.4603026}
2026-09-27T00:32:06.461+03:00 [RX telemetry] {"data_b64":"ZGluZz0wCg==","description":"ble:LoRa-Chatter-1B44 44:1B:F6:8D:B7:A9","device_key":"ble-address:44:1b:f6:8d:b7:a9","kind":"rx","seq":351,"session":"s1","stream":"telemetry","text":"ding=0\n","timestamp":1790458326.4603233}
2026-09-27T00:32:06.461+03:00 [RX telemetry] {"data_b64":"U0VTU0lPTiBESU8wX1RYIGFmZmU=","description":"ble:LoRa-Chatter-1B44 44:1B:F6:8D:B7:A9","device_key":"ble-address:44:1b:f6:8d:b7:a9","kind":"rx","seq":352,"session":"s1","stream":"telemetry","text":"SESSION DIO0_TX affe","timestamp":1790458326.4603484}
2026-09-27T00:32:06.461+03:00 [RX telemetry] {"data_b64":"Y3RlZD0wLzQ0IGVwaXNvZGVzPTA=","description":"ble:LoRa-Chatter-1B44 44:1B:F6:8D:B7:A9","device_key":"ble-address:44:1b:f6:8d:b7:a9","kind":"rx","seq":353,"session":"s1","stream":"telemetry","text":"cted=0/44 episodes=0","timestamp":1790458326.4603612}
2026-09-27T00:32:06.461+03:00 [RX telemetry] {"data_b64":"IGF2Z19hbGw9MC4wMCBhdmdfYWY=","description":"ble:LoRa-Chatter-1B44 44:1B:F6:8D:B7:A9","device_key":"ble-address:44:1b:f6:8d:b7:a9","kind":"rx","seq":354,"session":"s1","stream":"telemetry","text":" avg_all=0.00 avg_af","timestamp":1790458326.460379}
2026-09-27T00:32:06.461+03:00 [RX telemetry] {"data_b64":"ZmVjdGVkPTAuMDAgaGlnaF9wb2w=","description":"ble:LoRa-Chatter-1B44 44:1B:F6:8D:B7:A9","device_key":"ble-address:44:1b:f6:8d:b7:a9","kind":"rx","seq":355,"session":"s1","stream":"telemetry","text":"fected=0.00 high_pol","timestamp":1790458326.4603908}
2026-09-27T00:32:06.462+03:00 [RX telemetry] {"data_b64":"bHM9MAo=","description":"ble:LoRa-Chatter-1B44 44:1B:F6:8D:B7:A9","device_key":"ble-address:44:1b:f6:8d:b7:a9","kind":"rx","seq":356,"session":"s1","stream":"telemetry","text":"ls=0\n","timestamp":1790458326.461921}
2026-09-27T00:32:06.462+03:00 [RX telemetry] {"data_b64":"U0VTU0lPTiBSWF9QT0xMIHBvbGw=","description":"ble:LoRa-Chatter-1B44 44:1B:F6:8D:B7:A9","device_key":"ble-address:44:1b:f6:8d:b7:a9","kind":"rx","seq":357,"session":"s1","stream":"telemetry","text":"SESSION RX_POLL poll","timestamp":1790458326.4619703}
2026-09-27T00:32:06.462+03:00 [RX telemetry] {"data_b64":"cz0yMzU4OTQ4IHJ4ZG9uZT01MSA=","description":"ble:LoRa-Chatter-1B44 44:1B:F6:8D:B7:A9","device_key":"ble-address:44:1b:f6:8d:b7:a9","kind":"rx","seq":358,"session":"s1","stream":"telemetry","text":"s=2358948 rxdone=51 ","timestamp":1790458326.4619908}
2026-09-27T00:32:06.462+03:00 [RX telemetry] {"data_b64":"aW50ZXJ2YWw9MTAwMHVzIERJTzA=","description":"ble:LoRa-Chatter-1B44 44:1B:F6:8D:B7:A9","device_key":"ble-address:44:1b:f6:8d:b7:a9","kind":"rx","seq":359,"session":"s1","stream":"telemetry","text":"interval=1000us DIO0","timestamp":1790458326.462796}
2026-09-27T00:32:06.463+03:00 [RX telemetry] {"data_b64":"X1JYIGZhbHNlX2hpZ2hfZXA9MCA=","description":"ble:LoRa-Chatter-1B44 44:1B:F6:8D:B7:A9","device_key":"ble-address:44:1b:f6:8d:b7:a9","kind":"rx","seq":360,"session":"s1","stream":"telemetry","text":"_RX false_high_ep=0 ","timestamp":1790458326.4631102}
2026-09-27T00:32:06.463+03:00 [RX telemetry] {"data_b64":"aGlnaF9wb2xscz0wIHJ4ZG9uZV8=","description":"ble:LoRa-Chatter-1B44 44:1B:F6:8D:B7:A9","device_key":"ble-address:44:1b:f6:8d:b7:a9","kind":"rx","seq":361,"session":"s1","stream":"telemetry","text":"high_polls=0 rxdone_","timestamp":1790458326.4631407}
2026-09-27T00:32:06.464+03:00 [RX telemetry] {"data_b64":"bG93PTEgaXNyPWRpc2FibGVkCg==","description":"ble:LoRa-Chatter-1B44 44:1B:F6:8D:B7:A9","device_key":"ble-address:44:1b:f6:8d:b7:a9","kind":"rx","seq":362,"session":"s1","stream":"telemetry","text":"low=1 isr=disabled\n","timestamp":1790458326.4647036}
2026-09-27T00:32:26.707+03:00 [RX telemetry] {"data_b64":"ClNFU1NJT04gdD0yNDAwcyBUWCA=","description":"ble:LoRa-Chatter-72E0 E0:72:A1:D5:4C:15","device_key":"ble-address:e0:72:a1:d5:4c:15","kind":"rx","seq":173,"session":"s2","stream":"telemetry","text":"\nSESSION t=2400s TX ","timestamp":1790458346.7069604}
2026-09-27T00:32:26.708+03:00 [RX telemetry] {"data_b64":"b2s9MTggdXNlcj04IGVjaG9fcmU=","description":"ble:LoRa-Chatter-72E0 E0:72:A1:D5:4C:15","device_key":"ble-address:e0:72:a1:d5:4c:15","kind":"rx","seq":174,"session":"s2","stream":"telemetry","text":"ok=18 user=8 echo_re","timestamp":1790458346.7077}
2026-09-27T00:32:26.709+03:00 [RX telemetry] {"data_b64":"cT0wIGVjaG9fcmVwPTAgaGI9MCg=","description":"ble:LoRa-Chatter-72E0 E0:72:A1:D5:4C:15","device_key":"ble-address:e0:72:a1:d5:4c:15","kind":"rx","seq":175,"session":"s2","stream":"telemetry","text":"q=0 echo_rep=0 hb=0(","timestamp":1790458346.7087739}
2026-09-27T00:32:26.710+03:00 [RX telemetry] {"data_b64":"aWRsZT0wKSBlcnI9MCBzdGFydGU=","description":"ble:LoRa-Chatter-72E0 E0:72:A1:D5:4C:15","device_key":"ble-address:e0:72:a1:d5:4c:15","kind":"rx","seq":176,"session":"s2","stream":"telemetry","text":"idle=0) err=0 starte","timestamp":1790458346.7097914}
2026-09-27T00:32:26.710+03:00 [RX telemetry] {"data_b64":"ZD0xOCBSWCBvaz0xOCB1c2VyPTE=","description":"ble:LoRa-Chatter-72E0 E0:72:A1:D5:4C:15","device_key":"ble-address:e0:72:a1:d5:4c:15","kind":"rx","seq":177,"session":"s2","stream":"telemetry","text":"d=18 RX ok=18 user=1","timestamp":1790458346.709897}
2026-09-27T00:32:26.711+03:00 [RX telemetry] {"data_b64":"MCBlY2hvX3JlcT0wIGVjaG9fcmU=","description":"ble:LoRa-Chatter-72E0 E0:72:A1:D5:4C:15","device_key":"ble-address:e0:72:a1:d5:4c:15","kind":"rx","seq":178,"session":"s2","stream":"telemetry","text":"0 echo_req=0 echo_re","timestamp":1790458346.7114687}
2026-09-27T00:32:26.712+03:00 [RX telemetry] {"data_b64":"cD0wIGhiPTAgY3JjPTYgaGRyPTQ=","description":"ble:LoRa-Chatter-72E0 E0:72:A1:D5:4C:15","device_key":"ble-address:e0:72:a1:d5:4c:15","kind":"rx","seq":179,"session":"s2","stream":"telemetry","text":"p=0 hb=0 crc=6 hdr=4","timestamp":1790458346.7116103}
2026-09-27T00:32:26.713+03:00 [RX telemetry] {"data_b64":"IGJhZD0wIHJlYWRlcnI9MCByZXA=","description":"ble:LoRa-Chatter-72E0 E0:72:A1:D5:4C:15","device_key":"ble-address:e0:72:a1:d5:4c:15","kind":"rx","seq":180,"session":"s2","stream":"telemetry","text":" bad=0 readerr=0 rep","timestamp":1790458346.7130988}
2026-09-27T00:32:26.713+03:00 [RX telemetry] {"data_b64":"b3J0cz0xOCBRPTEwMCUgZHJvcHM=","description":"ble:LoRa-Chatter-72E0 E0:72:A1:D5:4C:15","device_key":"ble-address:e0:72:a1:d5:4c:15","kind":"rx","seq":181,"session":"s2","stream":"telemetry","text":"orts=18 Q=100% drops","timestamp":1790458346.7132006}
2026-09-27T00:32:26.714+03:00 [RX telemetry] {"data_b64":"PTAgZmF0YWw9MAo=","description":"ble:LoRa-Chatter-72E0 E0:72:A1:D5:4C:15","device_key":"ble-address:e0:72:a1:d5:4c:15","kind":"rx","seq":182,"session":"s2","stream":"telemetry","text":"=0 fatal=0\n","timestamp":1790458346.714232}
2026-09-27T00:32:26.715+03:00 [RX telemetry] {"data_b64":"U0VTU0lPTiBDT1VSVEVTWSB3aW4=","description":"ble:LoRa-Chatter-72E0 E0:72:A1:D5:4C:15","device_key":"ble-address:e0:72:a1:d5:4c:15","kind":"rx","seq":183,"session":"s2","stream":"telemetry","text":"SESSION COURTESY win","timestamp":1790458346.7144496}
2026-09-27T00:32:26.715+03:00 [RX telemetry] {"data_b64":"ZG93PTUwMDBtcyBwZWVyX3JlbGU=","description":"ble:LoRa-Chatter-72E0 E0:72:A1:D5:4C:15","device_key":"ble-address:e0:72:a1:d5:4c:15","kind":"rx","seq":184,"session":"s2","stream":"telemetry","text":"dow=5000ms peer_rele","timestamp":1790458346.7145212}
2026-09-27T00:32:26.715+03:00 [RX telemetry] {"data_b64":"YXNlPTAgZXhwaXJlZD0wIHlpZWw=","description":"ble:LoRa-Chatter-72E0 E0:72:A1:D5:4C:15","device_key":"ble-address:e0:72:a1:d5:4c:15","kind":"rx","seq":185,"session":"s2","stream":"telemetry","text":"ase=0 expired=0 yiel","timestamp":1790458346.7147827}
2026-09-27T00:32:26.716+03:00 [RX telemetry] {"data_b64":"ZGluZz0wCg==","description":"ble:LoRa-Chatter-72E0 E0:72:A1:D5:4C:15","device_key":"ble-address:e0:72:a1:d5:4c:15","kind":"rx","seq":186,"session":"s2","stream":"telemetry","text":"ding=0\n","timestamp":1790458346.7156806}
2026-09-27T00:32:26.718+03:00 [RX telemetry] {"data_b64":"U0VTU0lPTiBESU8wX1RYIGFmZmU=","description":"ble:LoRa-Chatter-72E0 E0:72:A1:D5:4C:15","device_key":"ble-address:e0:72:a1:d5:4c:15","kind":"rx","seq":187,"session":"s2","stream":"telemetry","text":"SESSION DIO0_TX affe","timestamp":1790458346.7180576}
2026-09-27T00:32:26.718+03:00 [RX telemetry] {"data_b64":"Y3RlZD0wLzE4IGVwaXNvZGVzPTA=","description":"ble:LoRa-Chatter-72E0 E0:72:A1:D5:4C:15","device_key":"ble-address:e0:72:a1:d5:4c:15","kind":"rx","seq":188,"session":"s2","stream":"telemetry","text":"cted=0/18 episodes=0","timestamp":1790458346.718151}
2026-09-27T00:32:26.719+03:00 [RX telemetry] {"data_b64":"IGF2Z19hbGw9MC4wMCBhdmdfYWY=","description":"ble:LoRa-Chatter-72E0 E0:72:A1:D5:4C:15","device_key":"ble-address:e0:72:a1:d5:4c:15","kind":"rx","seq":189,"session":"s2","stream":"telemetry","text":" avg_all=0.00 avg_af","timestamp":1790458346.7191708}
2026-09-27T00:32:26.719+03:00 [RX telemetry] {"data_b64":"ZmVjdGVkPTAuMDAgaGlnaF9wb2w=","description":"ble:LoRa-Chatter-72E0 E0:72:A1:D5:4C:15","device_key":"ble-address:e0:72:a1:d5:4c:15","kind":"rx","seq":190,"session":"s2","stream":"telemetry","text":"fected=0.00 high_pol","timestamp":1790458346.719217}
2026-09-27T00:32:26.719+03:00 [RX telemetry] {"data_b64":"bHM9MAo=","description":"ble:LoRa-Chatter-72E0 E0:72:A1:D5:4C:15","device_key":"ble-address:e0:72:a1:d5:4c:15","kind":"rx","seq":191,"session":"s2","stream":"telemetry","text":"ls=0\n","timestamp":1790458346.7192442}
2026-09-27T00:32:26.720+03:00 [RX telemetry] {"data_b64":"U0VTU0lPTiBSWF9QT0xMIHBvbGw=","description":"ble:LoRa-Chatter-72E0 E0:72:A1:D5:4C:15","device_key":"ble-address:e0:72:a1:d5:4c:15","kind":"rx","seq":192,"session":"s2","stream":"telemetry","text":"SESSION RX_POLL poll","timestamp":1790458346.7192807}
2026-09-27T00:32:26.720+03:00 [RX telemetry] {"data_b64":"cz0xNzE1NTI1IHJ4ZG9uZT0yOCA=","description":"ble:LoRa-Chatter-72E0 E0:72:A1:D5:4C:15","device_key":"ble-address:e0:72:a1:d5:4c:15","kind":"rx","seq":193,"session":"s2","stream":"telemetry","text":"s=1715525 rxdone=28 ","timestamp":1790458346.7196524}
2026-09-27T00:32:26.720+03:00 [RX telemetry] {"data_b64":"aW50ZXJ2YWw9MTAwMHVzIERJTzA=","description":"ble:LoRa-Chatter-72E0 E0:72:A1:D5:4C:15","device_key":"ble-address:e0:72:a1:d5:4c:15","kind":"rx","seq":194,"session":"s2","stream":"telemetry","text":"interval=1000us DIO0","timestamp":1790458346.7201192}
2026-09-27T00:32:26.751+03:00 [RX telemetry] {"data_b64":"X1JYIGZhbHNlX2hpZ2hfZXA9MCA=","description":"ble:LoRa-Chatter-72E0 E0:72:A1:D5:4C:15","device_key":"ble-address:e0:72:a1:d5:4c:15","kind":"rx","seq":195,"session":"s2","stream":"telemetry","text":"_RX false_high_ep=0 ","timestamp":1790458346.751131}
2026-09-27T00:32:26.751+03:00 [RX telemetry] {"data_b64":"aGlnaF9wb2xscz0wIHJ4ZG9uZV8=","description":"ble:LoRa-Chatter-72E0 E0:72:A1:D5:4C:15","device_key":"ble-address:e0:72:a1:d5:4c:15","kind":"rx","seq":196,"session":"s2","stream":"telemetry","text":"high_polls=0 rxdone_","timestamp":1790458346.751192}
2026-09-27T00:32:26.754+03:00 [RX telemetry] {"data_b64":"bG93PTAgaXNyPWRpc2FibGVkCg==","description":"ble:LoRa-Chatter-72E0 E0:72:A1:D5:4C:15","device_key":"ble-address:e0:72:a1:d5:4c:15","kind":"rx","seq":197,"session":"s2","stream":"telemetry","text":"low=0 isr=disabled\n","timestamp":1790458346.754129}
2026-09-27T00:32:41.615+03:00 [AGENT REQUEST] {"id":32,"op":"send_line","session":"s1","text":"A"}
2026-09-27T00:32:41.616+03:00 [AGENT RESPONSE] {"id":32,"ok":true,"result":{"state":"queued","tx_id":10}}
2026-09-27T00:32:41.616+03:00 [TX] {"data_b64":"QQo=","device_key":"ble-address:44:1b:f6:8d:b7:a9","kind":"tx","seq":363,"session":"s1","text":"A","timestamp":1790458361.6158705,"tx_id":10,"tx_state":"queued"}
2026-09-27T00:32:41.616+03:00 [AGENT REQUEST] {"id":33,"op":"observe","cursors":{"s1":337,"s2":172},"timeout_ms":3000}
2026-09-27T00:32:41.617+03:00 [AGENT RESPONSE] {"id":33,"ok":true,"result":{"cursors":{"s1":364,"s2":197},"lines":[{"seq_first":338,"seq_last":338,"session":"s1","stream":"telemetry","text":""},{"seq_first":338,"seq_last":347,"session":"s1","stream":"telemetry","text":"SESSION t=3120s TX ok=44 user=23 echo_req=0 echo_rep=0 hb=0(idle=0) err=0 started=44 RX ok=44 user=21 echo_req=0 echo_rep=0 hb=0 crc=2 hdr=4 bad=1 readerr=0 reports=44 Q=100% drops=0 fatal=0"},{"seq_first":348,"seq_last":351,"session":"s1","stream":"telemetry","text":"SESSION COURTESY window=5000ms peer_release=0 expired=0 yielding=0"},{"seq_first":352,"seq_last":356,"session":"s1","stream":"telemetry","text":"SESSION DIO0_TX affected=0/44 episodes=0 avg_all=0.00 avg_affected=0.00 high_polls=0"},{"seq_first":357,"seq_last":362,"session":"s1","stream":"telemetry","text":"SESSION RX_POLL polls=2358948 rxdone=51 interval=1000us DIO0_RX false_high_ep=0 high_polls=0 rxdone_low=1 isr=disabled"},{"seq_first":173,"seq_last":173,"session":"s2","stream":"telemetry","text":""},{"seq_first":173,"seq_last":182,"session":"s2","stream":"telemetry","text":"SESSION t=2400s TX ok=18 user=8 echo_req=0 echo_rep=0 hb=0(idle=0) err=0 started=18 RX ok=18 user=10 echo_req=0 echo_rep=0 hb=0 crc=6 hdr=4 bad=0 readerr=0 reports=18 Q=100% drops=0 fatal=0"},{"seq_first":183,"seq_last":186,"session":"s2","stream":"telemetry","text":"SESSION COURTESY window=5000ms peer_release=0 expired=0 yielding=0"},{"seq_first":187,"seq_last":191,"session":"s2","stream":"telemetry","text":"SESSION DIO0_TX affected=0/18 episodes=0 avg_all=0.00 avg_affected=0.00 high_polls=0"},{"seq_first":192,"seq_last":197,"session":"s2","stream":"telemetry","text":"SESSION RX_POLL polls=1715525 rxdone=28 interval=1000us DIO0_RX false_high_ep=0 high_polls=0 rxdone_low=0 isr=disabled"}],"timed_out":false}}
2026-09-27T00:32:41.617+03:00 [TX] {"data_b64":"QQo=","description":"ble:LoRa-Chatter-1B44 44:1B:F6:8D:B7:A9","device_key":"ble-address:44:1b:f6:8d:b7:a9","kind":"tx","seq":364,"session":"s1","text":"A","timestamp":1790458361.6167927,"tx_id":10,"tx_state":"written"}
2026-09-27T00:32:41.689+03:00 [RX telemetry] {"data_b64":"REVMSVZFUlkgUVVFVUVEIHNvdXI=","description":"ble:LoRa-Chatter-1B44 44:1B:F6:8D:B7:A9","device_key":"ble-address:44:1b:f6:8d:b7:a9","kind":"rx","seq":365,"session":"s1","stream":"telemetry","text":"DELIVERY QUEUED sour","timestamp":1790458361.689155}
2026-09-27T00:32:41.689+03:00 [RX telemetry] {"data_b64":"Y2U9MiBieXRlcz0xIHdhaXRpbmc=","description":"ble:LoRa-Chatter-1B44 44:1B:F6:8D:B7:A9","device_key":"ble-address:44:1b:f6:8d:b7:a9","kind":"rx","seq":366,"session":"s1","stream":"telemetry","text":"ce=2 bytes=1 waiting","timestamp":1790458361.6892152}
2026-09-27T00:32:41.689+03:00 [RX telemetry] {"data_b64":"PTEvOCBpbl9mbGlnaHQ9MAo=","description":"ble:LoRa-Chatter-1B44 44:1B:F6:8D:B7:A9","device_key":"ble-address:44:1b:f6:8d:b7:a9","kind":"rx","seq":367,"session":"s1","stream":"telemetry","text":"=1/8 in_flight=0\n","timestamp":1790458361.6896868}
2026-09-27T00:32:41.689+03:00 [RX telemetry] {"data_b64":"ClRYIFVTRVIgc2VxPTQ0IGZyYW0=","description":"ble:LoRa-Chatter-1B44 44:1B:F6:8D:B7:A9","device_key":"ble-address:44:1b:f6:8d:b7:a9","kind":"rx","seq":368,"session":"s1","stream":"telemetry","text":"\nTX USER seq=44 fram","timestamp":1790458361.6897233}
2026-09-27T00:32:41.691+03:00 [RX telemetry] {"data_b64":"ZT0xM0IgdXNlcj0xQiBhdHRlbXA=","description":"ble:LoRa-Chatter-1B44 44:1B:F6:8D:B7:A9","device_key":"ble-address:44:1b:f6:8d:b7:a9","kind":"rx","seq":369,"session":"s1","stream":"telemetry","text":"e=13B user=1B attemp","timestamp":1790458361.6907952}
2026-09-27T00:32:41.691+03:00 [RX telemetry] {"data_b64":"dD0xLzUgT0sgdGltZT0xMyBtcwo=","description":"ble:LoRa-Chatter-1B44 44:1B:F6:8D:B7:A9","device_key":"ble-address:44:1b:f6:8d:b7:a9","kind":"rx","seq":370,"session":"s1","stream":"telemetry","text":"t=1/5 OK time=13 ms\n","timestamp":1790458361.6909342}
2026-09-27T00:32:41.691+03:00 [RX chat] {"data_b64":"PiBBCg==","description":"ble:LoRa-Chatter-1B44 44:1B:F6:8D:B7:A9","device_key":"ble-address:44:1b:f6:8d:b7:a9","kind":"rx","seq":371,"session":"s1","stream":"chat","text":"> A\n","timestamp":1790458361.6913085}
2026-09-27T00:32:41.695+03:00 [RX telemetry] {"data_b64":"REVMSVZFUlkgV0FJVF9BQ0sgdXM=","description":"ble:LoRa-Chatter-1B44 44:1B:F6:8D:B7:A9","device_key":"ble-address:44:1b:f6:8d:b7:a9","kind":"rx","seq":372,"session":"s1","stream":"telemetry","text":"DELIVERY WAIT_ACK us","timestamp":1790458361.6943657}
2026-09-27T00:32:41.695+03:00 [RX telemetry] {"data_b64":"ZXI9MEJDNy80NCBhdHRlbXB0PTE=","description":"ble:LoRa-Chatter-1B44 44:1B:F6:8D:B7:A9","device_key":"ble-address:44:1b:f6:8d:b7:a9","kind":"rx","seq":373,"session":"s1","stream":"telemetry","text":"er=0BC7/44 attempt=1","timestamp":1790458361.6945162}
2026-09-27T00:32:41.696+03:00 [RX telemetry] {"data_b64":"LzUgdGltZW91dD03MTJtcyBxdWU=","description":"ble:LoRa-Chatter-1B44 44:1B:F6:8D:B7:A9","device_key":"ble-address:44:1b:f6:8d:b7:a9","kind":"rx","seq":374,"session":"s1","stream":"telemetry","text":"/5 timeout=712ms que","timestamp":1790458361.6945431}
2026-09-27T00:32:41.696+03:00 [RX telemetry] {"data_b64":"dWU9MAo=","description":"ble:LoRa-Chatter-1B44 44:1B:F6:8D:B7:A9","device_key":"ble-address:44:1b:f6:8d:b7:a9","kind":"rx","seq":375,"session":"s1","stream":"telemetry","text":"ue=0\n","timestamp":1790458361.695815}
2026-09-27T00:32:41.738+03:00 [RX telemetry] {"data_b64":"UEVFUl9SRVBPUlQgb3VyX3NlcT0=","description":"ble:LoRa-Chatter-72E0 E0:72:A1:D5:4C:15","device_key":"ble-address:e0:72:a1:d5:4c:15","kind":"rx","seq":198,"session":"s2","stream":"telemetry","text":"PEER_REPORT our_seq=","timestamp":1790458361.7383602}
2026-09-27T00:32:41.738+03:00 [RX telemetry] {"data_b64":"MTcgVFg9LTUzLzUgUTEwMAo=","description":"ble:LoRa-Chatter-72E0 E0:72:A1:D5:4C:15","device_key":"ble-address:e0:72:a1:d5:4c:15","kind":"rx","seq":199,"session":"s2","stream":"telemetry","text":"17 TX=-53/5 Q100\n","timestamp":1790458361.7384033}
2026-09-27T00:32:41.738+03:00 [RX telemetry] {"data_b64":"ClJYIFVTRVIgc2Vzc2lvbj0wQkM=","description":"ble:LoRa-Chatter-72E0 E0:72:A1:D5:4C:15","device_key":"ble-address:e0:72:a1:d5:4c:15","kind":"rx","seq":200,"session":"s2","stream":"telemetry","text":"\nRX USER session=0BC","timestamp":1790458361.7384331}
2026-09-27T00:32:41.741+03:00 [RX telemetry] {"data_b64":"NyBzZXE9NDQgZnJhbWU9MTNCIHU=","description":"ble:LoRa-Chatter-72E0 E0:72:A1:D5:4C:15","device_key":"ble-address:e0:72:a1:d5:4c:15","kind":"rx","seq":201,"session":"s2","stream":"telemetry","text":"7 seq=44 frame=13B u","timestamp":1790458361.7409458}
2026-09-27T00:32:41.741+03:00 [RX telemetry] {"data_b64":"c2VyPTFCIFJYPS00NC82IFExMDA=","description":"ble:LoRa-Chatter-72E0 E0:72:A1:D5:4C:15","device_key":"ble-address:e0:72:a1:d5:4c:15","kind":"rx","seq":202,"session":"s2","stream":"telemetry","text":"ser=1B RX=-44/6 Q100","timestamp":1790458361.7411785}
2026-09-27T00:32:41.741+03:00 [RX telemetry] {"data_b64":"IGRpc3Bvc2l0aW9uPTAK","description":"ble:LoRa-Chatter-72E0 E0:72:A1:D5:4C:15","device_key":"ble-address:e0:72:a1:d5:4c:15","kind":"rx","seq":203,"session":"s2","stream":"telemetry","text":" disposition=0\n","timestamp":1790458361.7414906}
2026-09-27T00:32:41.741+03:00 [RX chat] {"data_b64":"PCBbLTQ0LzYgUTEwMF0gQQo=","description":"ble:LoRa-Chatter-72E0 E0:72:A1:D5:4C:15","device_key":"ble-address:e0:72:a1:d5:4c:15","kind":"rx","seq":204,"session":"s2","stream":"chat","text":"< [-44/6 Q100] A\n","timestamp":1790458361.7415273}
2026-09-27T00:32:41.916+03:00 [RX telemetry] {"data_b64":"UEVFUl9SRVBPUlQgb3VyX3NlcT0=","description":"ble:LoRa-Chatter-1B44 44:1B:F6:8D:B7:A9","device_key":"ble-address:44:1b:f6:8d:b7:a9","kind":"rx","seq":376,"session":"s1","stream":"telemetry","text":"PEER_REPORT our_seq=","timestamp":1790458361.9158053}
2026-09-27T00:32:41.917+03:00 [RX telemetry] {"data_b64":"NDQgVFg9LTQ0LzYgUTEwMAo=","description":"ble:LoRa-Chatter-1B44 44:1B:F6:8D:B7:A9","device_key":"ble-address:44:1b:f6:8d:b7:a9","kind":"rx","seq":377,"session":"s1","stream":"telemetry","text":"44 TX=-44/6 Q100\n","timestamp":1790458361.9169874}
2026-09-27T00:32:41.917+03:00 [RX telemetry] {"data_b64":"ClJYIEFDSyBzZXNzaW9uPTYzQTY=","description":"ble:LoRa-Chatter-1B44 44:1B:F6:8D:B7:A9","device_key":"ble-address:44:1b:f6:8d:b7:a9","kind":"rx","seq":378,"session":"s1","stream":"telemetry","text":"\nRX ACK session=63A6","timestamp":1790458361.9170656}
2026-09-27T00:32:41.920+03:00 [RX telemetry] {"data_b64":"ClRYIEFDSyBzZXE9MTggYWNrX3Q=","description":"ble:LoRa-Chatter-72E0 E0:72:A1:D5:4C:15","device_key":"ble-address:e0:72:a1:d5:4c:15","kind":"rx","seq":205,"session":"s2","stream":"telemetry","text":"\nTX ACK seq=18 ack_t","timestamp":1790458361.9195728}
2026-09-27T00:32:41.921+03:00 [RX telemetry] {"data_b64":"bz0wQkM3LzQ0IGZyYW1lPTE0QiA=","description":"ble:LoRa-Chatter-72E0 E0:72:A1:D5:4C:15","device_key":"ble-address:e0:72:a1:d5:4c:15","kind":"rx","seq":206,"session":"s2","stream":"telemetry","text":"o=0BC7/44 frame=14B ","timestamp":1790458361.9208565}
2026-09-27T00:32:41.921+03:00 [RX telemetry] {"data_b64":"T0sgdGltZT0xNCBtcyBndWFyZD0=","description":"ble:LoRa-Chatter-72E0 E0:72:A1:D5:4C:15","device_key":"ble-address:e0:72:a1:d5:4c:15","kind":"rx","seq":207,"session":"s2","stream":"telemetry","text":"OK time=14 ms guard=","timestamp":1790458361.9209545}
2026-09-27T00:32:41.922+03:00 [RX telemetry] {"data_b64":"NTAwbXMK","description":"ble:LoRa-Chatter-72E0 E0:72:A1:D5:4C:15","device_key":"ble-address:e0:72:a1:d5:4c:15","kind":"rx","seq":208,"session":"s2","stream":"telemetry","text":"500ms\n","timestamp":1790458361.9217608}
2026-09-27T00:32:41.963+03:00 [RX telemetry] {"data_b64":"IHNlcT0xOCBhY2tfdG89MEJDNy8=","description":"ble:LoRa-Chatter-1B44 44:1B:F6:8D:B7:A9","device_key":"ble-address:44:1b:f6:8d:b7:a9","kind":"rx","seq":379,"session":"s1","stream":"telemetry","text":" seq=18 ack_to=0BC7/","timestamp":1790458361.9625447}
2026-09-27T00:32:41.963+03:00 [RX telemetry] {"data_b64":"NDQgZnJhbWU9MTRCIFJYPS00Ni8=","description":"ble:LoRa-Chatter-1B44 44:1B:F6:8D:B7:A9","device_key":"ble-address:44:1b:f6:8d:b7:a9","kind":"rx","seq":380,"session":"s1","stream":"telemetry","text":"44 frame=14B RX=-46/","timestamp":1790458361.962638}
2026-09-27T00:32:41.963+03:00 [RX telemetry] {"data_b64":"NSBRMTAwCg==","description":"ble:LoRa-Chatter-1B44 44:1B:F6:8D:B7:A9","device_key":"ble-address:44:1b:f6:8d:b7:a9","kind":"rx","seq":381,"session":"s1","stream":"telemetry","text":"5 Q100\n","timestamp":1790458361.96268}
2026-09-27T00:32:42.003+03:00 [RX telemetry] {"data_b64":"REVMSVZFUlkgQUNLIHVzZXI9MEI=","description":"ble:LoRa-Chatter-1B44 44:1B:F6:8D:B7:A9","device_key":"ble-address:44:1b:f6:8d:b7:a9","kind":"rx","seq":382,"session":"s1","stream":"telemetry","text":"DELIVERY ACK user=0B","timestamp":1790458362.0036883}
2026-09-27T00:32:42.004+03:00 [RX telemetry] {"data_b64":"QzcvNDQgYXR0ZW1wdHM9MS81IGU=","description":"ble:LoRa-Chatter-1B44 44:1B:F6:8D:B7:A9","device_key":"ble-address:44:1b:f6:8d:b7:a9","kind":"rx","seq":383,"session":"s1","stream":"telemetry","text":"C7/44 attempts=1/5 e","timestamp":1790458362.0037572}
2026-09-27T00:32:42.005+03:00 [RX telemetry] {"data_b64":"bGFwc2VkPTIyMm1zIHF1ZXVlPTA=","description":"ble:LoRa-Chatter-1B44 44:1B:F6:8D:B7:A9","device_key":"ble-address:44:1b:f6:8d:b7:a9","kind":"rx","seq":384,"session":"s1","stream":"telemetry","text":"lapsed=222ms queue=0","timestamp":1790458362.0052817}
2026-09-27T00:32:42.050+03:00 [RX telemetry] {"data_b64":"Cg==","description":"ble:LoRa-Chatter-1B44 44:1B:F6:8D:B7:A9","device_key":"ble-address:44:1b:f6:8d:b7:a9","kind":"rx","seq":385,"session":"s1","stream":"telemetry","text":"\n","timestamp":1790458362.0499723}
2026-09-27T00:32:54.422+03:00 [AGENT REQUEST] {"id":34,"op":"observe","cursors":{"s1":364,"s2":197},"timeout_ms":5000}
2026-09-27T00:32:54.422+03:00 [AGENT RESPONSE] {"id":34,"ok":true,"result":{"cursors":{"s1":385,"s2":208},"lines":[{"seq_first":365,"seq_last":367,"session":"s1","stream":"telemetry","text":"DELIVERY QUEUED source=2 bytes=1 waiting=1/8 in_flight=0"},{"seq_first":368,"seq_last":368,"session":"s1","stream":"telemetry","text":""},{"seq_first":368,"seq_last":370,"session":"s1","stream":"telemetry","text":"TX USER seq=44 frame=13B user=1B attempt=1/5 OK time=13 ms"},{"seq_first":371,"seq_last":371,"session":"s1","stream":"chat","text":"> A"},{"seq_first":372,"seq_last":375,"session":"s1","stream":"telemetry","text":"DELIVERY WAIT_ACK user=0BC7/44 attempt=1/5 timeout=712ms queue=0"},{"seq_first":198,"seq_last":199,"session":"s2","stream":"telemetry","text":"PEER_REPORT our_seq=17 TX=-53/5 Q100"},{"seq_first":200,"seq_last":200,"session":"s2","stream":"telemetry","text":""},{"seq_first":200,"seq_last":203,"session":"s2","stream":"telemetry","text":"RX USER session=0BC7 seq=44 frame=13B user=1B RX=-44/6 Q100 disposition=0"},{"seq_first":204,"seq_last":204,"session":"s2","stream":"chat","text":"< [-44/6 Q100] A"},{"seq_first":376,"seq_last":377,"session":"s1","stream":"telemetry","text":"PEER_REPORT our_seq=44 TX=-44/6 Q100"},{"seq_first":378,"seq_last":378,"session":"s1","stream":"telemetry","text":""},{"seq_first":205,"seq_last":205,"session":"s2","stream":"telemetry","text":""},{"seq_first":205,"seq_last":208,"session":"s2","stream":"telemetry","text":"TX ACK seq=18 ack_to=0BC7/44 frame=14B OK time=14 ms guard=500ms"},{"seq_first":378,"seq_last":381,"session":"s1","stream":"telemetry","text":"RX ACK session=63A6 seq=18 ack_to=0BC7/44 frame=14B RX=-46/5 Q100"},{"seq_first":382,"seq_last":385,"session":"s1","stream":"telemetry","text":"DELIVERY ACK user=0BC7/44 attempts=1/5 elapsed=222ms queue=0"}],"timed_out":false}}
2026-09-27T00:33:06.443+03:00 [RX telemetry] {"data_b64":"ClNFU1NJT04gdD0zMTgwcyBUWCA=","description":"ble:LoRa-Chatter-1B44 44:1B:F6:8D:B7:A9","device_key":"ble-address:44:1b:f6:8d:b7:a9","kind":"rx","seq":386,"session":"s1","stream":"telemetry","text":"\nSESSION t=3180s TX ","timestamp":1790458386.4430175}
2026-09-27T00:33:06.444+03:00 [RX telemetry] {"data_b64":"b2s9NDUgdXNlcj0yNCBlY2hvX3I=","description":"ble:LoRa-Chatter-1B44 44:1B:F6:8D:B7:A9","device_key":"ble-address:44:1b:f6:8d:b7:a9","kind":"rx","seq":387,"session":"s1","stream":"telemetry","text":"ok=45 user=24 echo_r","timestamp":1790458386.4433281}
2026-09-27T00:33:06.444+03:00 [RX telemetry] {"data_b64":"ZXE9MCBlY2hvX3JlcD0wIGhiPTA=","description":"ble:LoRa-Chatter-1B44 44:1B:F6:8D:B7:A9","device_key":"ble-address:44:1b:f6:8d:b7:a9","kind":"rx","seq":388,"session":"s1","stream":"telemetry","text":"eq=0 echo_rep=0 hb=0","timestamp":1790458386.443385}
2026-09-27T00:33:06.446+03:00 [RX telemetry] {"data_b64":"KGlkbGU9MCkgZXJyPTAgc3RhcnQ=","description":"ble:LoRa-Chatter-1B44 44:1B:F6:8D:B7:A9","device_key":"ble-address:44:1b:f6:8d:b7:a9","kind":"rx","seq":389,"session":"s1","stream":"telemetry","text":"(idle=0) err=0 start","timestamp":1790458386.4465737}
2026-09-27T00:33:06.452+03:00 [RX telemetry] {"data_b64":"ZWQ9NDUgUlggb2s9NDUgdXNlcj0=","description":"ble:LoRa-Chatter-1B44 44:1B:F6:8D:B7:A9","device_key":"ble-address:44:1b:f6:8d:b7:a9","kind":"rx","seq":390,"session":"s1","stream":"telemetry","text":"ed=45 RX ok=45 user=","timestamp":1790458386.45201}
2026-09-27T00:33:06.453+03:00 [RX telemetry] {"data_b64":"MjEgZWNob19yZXE9MCBlY2hvX3I=","description":"ble:LoRa-Chatter-1B44 44:1B:F6:8D:B7:A9","device_key":"ble-address:44:1b:f6:8d:b7:a9","kind":"rx","seq":391,"session":"s1","stream":"telemetry","text":"21 echo_req=0 echo_r","timestamp":1790458386.452093}
2026-09-27T00:33:06.453+03:00 [RX telemetry] {"data_b64":"ZXA9MCBoYj0wIGNyYz0yIGhkcj0=","description":"ble:LoRa-Chatter-1B44 44:1B:F6:8D:B7:A9","device_key":"ble-address:44:1b:f6:8d:b7:a9","kind":"rx","seq":392,"session":"s1","stream":"telemetry","text":"ep=0 hb=0 crc=2 hdr=","timestamp":1790458386.4521406}
2026-09-27T00:33:06.453+03:00 [RX telemetry] {"data_b64":"NCBiYWQ9MSByZWFkZXJyPTAgcmU=","description":"ble:LoRa-Chatter-1B44 44:1B:F6:8D:B7:A9","device_key":"ble-address:44:1b:f6:8d:b7:a9","kind":"rx","seq":393,"session":"s1","stream":"telemetry","text":"4 bad=1 readerr=0 re","timestamp":1790458386.452184}
2026-09-27T00:33:06.453+03:00 [RX telemetry] {"data_b64":"cG9ydHM9NDUgUT0xMDAlIGRyb3A=","description":"ble:LoRa-Chatter-1B44 44:1B:F6:8D:B7:A9","device_key":"ble-address:44:1b:f6:8d:b7:a9","kind":"rx","seq":394,"session":"s1","stream":"telemetry","text":"ports=45 Q=100% drop","timestamp":1790458386.4522142}
2026-09-27T00:33:06.453+03:00 [RX telemetry] {"data_b64":"cz0wIGZhdGFsPTAK","description":"ble:LoRa-Chatter-1B44 44:1B:F6:8D:B7:A9","device_key":"ble-address:44:1b:f6:8d:b7:a9","kind":"rx","seq":395,"session":"s1","stream":"telemetry","text":"s=0 fatal=0\n","timestamp":1790458386.4522367}
2026-09-27T00:33:06.453+03:00 [RX telemetry] {"data_b64":"U0VTU0lPTiBDT1VSVEVTWSB3aW4=","description":"ble:LoRa-Chatter-1B44 44:1B:F6:8D:B7:A9","device_key":"ble-address:44:1b:f6:8d:b7:a9","kind":"rx","seq":396,"session":"s1","stream":"telemetry","text":"SESSION COURTESY win","timestamp":1790458386.4522703}
2026-09-27T00:33:06.454+03:00 [RX telemetry] {"data_b64":"ZG93PTUwMDBtcyBwZWVyX3JlbGU=","description":"ble:LoRa-Chatter-1B44 44:1B:F6:8D:B7:A9","device_key":"ble-address:44:1b:f6:8d:b7:a9","kind":"rx","seq":397,"session":"s1","stream":"telemetry","text":"dow=5000ms peer_rele","timestamp":1790458386.4522939}
2026-09-27T00:33:06.454+03:00 [RX telemetry] {"data_b64":"YXNlPTAgZXhwaXJlZD0wIHlpZWw=","description":"ble:LoRa-Chatter-1B44 44:1B:F6:8D:B7:A9","device_key":"ble-address:44:1b:f6:8d:b7:a9","kind":"rx","seq":398,"session":"s1","stream":"telemetry","text":"ase=0 expired=0 yiel","timestamp":1790458386.4523156}
2026-09-27T00:33:06.454+03:00 [RX telemetry] {"data_b64":"ZGluZz0wCg==","description":"ble:LoRa-Chatter-1B44 44:1B:F6:8D:B7:A9","device_key":"ble-address:44:1b:f6:8d:b7:a9","kind":"rx","seq":399,"session":"s1","stream":"telemetry","text":"ding=0\n","timestamp":1790458386.4523377}
2026-09-27T00:33:06.454+03:00 [RX telemetry] {"data_b64":"U0VTU0lPTiBESU8wX1RYIGFmZmU=","description":"ble:LoRa-Chatter-1B44 44:1B:F6:8D:B7:A9","device_key":"ble-address:44:1b:f6:8d:b7:a9","kind":"rx","seq":400,"session":"s1","stream":"telemetry","text":"SESSION DIO0_TX affe","timestamp":1790458386.452361}
2026-09-27T00:33:06.454+03:00 [RX telemetry] {"data_b64":"Y3RlZD0wLzQ1IGVwaXNvZGVzPTA=","description":"ble:LoRa-Chatter-1B44 44:1B:F6:8D:B7:A9","device_key":"ble-address:44:1b:f6:8d:b7:a9","kind":"rx","seq":401,"session":"s1","stream":"telemetry","text":"cted=0/45 episodes=0","timestamp":1790458386.4530702}
2026-09-27T00:33:06.454+03:00 [RX telemetry] {"data_b64":"IGF2Z19hbGw9MC4wMCBhdmdfYWY=","description":"ble:LoRa-Chatter-1B44 44:1B:F6:8D:B7:A9","device_key":"ble-address:44:1b:f6:8d:b7:a9","kind":"rx","seq":402,"session":"s1","stream":"telemetry","text":" avg_all=0.00 avg_af","timestamp":1790458386.4531252}
2026-09-27T00:33:06.455+03:00 [RX telemetry] {"data_b64":"ZmVjdGVkPTAuMDAgaGlnaF9wb2w=","description":"ble:LoRa-Chatter-1B44 44:1B:F6:8D:B7:A9","device_key":"ble-address:44:1b:f6:8d:b7:a9","kind":"rx","seq":403,"session":"s1","stream":"telemetry","text":"fected=0.00 high_pol","timestamp":1790458386.4531548}
2026-09-27T00:33:06.455+03:00 [RX telemetry] {"data_b64":"bHM9MAo=","description":"ble:LoRa-Chatter-1B44 44:1B:F6:8D:B7:A9","device_key":"ble-address:44:1b:f6:8d:b7:a9","kind":"rx","seq":404,"session":"s1","stream":"telemetry","text":"ls=0\n","timestamp":1790458386.4546342}
2026-09-27T00:33:06.455+03:00 [RX telemetry] {"data_b64":"U0VTU0lPTiBSWF9QT0xMIHBvbGw=","description":"ble:LoRa-Chatter-1B44 44:1B:F6:8D:B7:A9","device_key":"ble-address:44:1b:f6:8d:b7:a9","kind":"rx","seq":405,"session":"s1","stream":"telemetry","text":"SESSION RX_POLL poll","timestamp":1790458386.4546685}
2026-09-27T00:33:06.455+03:00 [RX telemetry] {"data_b64":"cz0yNDE4NTc2IHJ4ZG9uZT01MiA=","description":"ble:LoRa-Chatter-1B44 44:1B:F6:8D:B7:A9","device_key":"ble-address:44:1b:f6:8d:b7:a9","kind":"rx","seq":406,"session":"s1","stream":"telemetry","text":"s=2418576 rxdone=52 ","timestamp":1790458386.454689}
2026-09-27T00:33:06.456+03:00 [RX telemetry] {"data_b64":"aW50ZXJ2YWw9MTAwMHVzIERJTzA=","description":"ble:LoRa-Chatter-1B44 44:1B:F6:8D:B7:A9","device_key":"ble-address:44:1b:f6:8d:b7:a9","kind":"rx","seq":407,"session":"s1","stream":"telemetry","text":"interval=1000us DIO0","timestamp":1790458386.455969}
2026-09-27T00:33:06.456+03:00 [RX telemetry] {"data_b64":"X1JYIGZhbHNlX2hpZ2hfZXA9MCA=","description":"ble:LoRa-Chatter-1B44 44:1B:F6:8D:B7:A9","device_key":"ble-address:44:1b:f6:8d:b7:a9","kind":"rx","seq":408,"session":"s1","stream":"telemetry","text":"_RX false_high_ep=0 ","timestamp":1790458386.4564052}
2026-09-27T00:33:06.456+03:00 [RX telemetry] {"data_b64":"aGlnaF9wb2xscz0wIHJ4ZG9uZV8=","description":"ble:LoRa-Chatter-1B44 44:1B:F6:8D:B7:A9","device_key":"ble-address:44:1b:f6:8d:b7:a9","kind":"rx","seq":409,"session":"s1","stream":"telemetry","text":"high_polls=0 rxdone_","timestamp":1790458386.4564393}
2026-09-27T00:33:06.488+03:00 [RX telemetry] {"data_b64":"bG93PTEgaXNyPWRpc2FibGVkCg==","description":"ble:LoRa-Chatter-1B44 44:1B:F6:8D:B7:A9","device_key":"ble-address:44:1b:f6:8d:b7:a9","kind":"rx","seq":410,"session":"s1","stream":"telemetry","text":"low=1 isr=disabled\n","timestamp":1790458386.4876883}
2026-09-27T00:33:26.748+03:00 [RX telemetry] {"data_b64":"ClNFU1NJT04gdD0yNDYwcyBUWCA=","description":"ble:LoRa-Chatter-72E0 E0:72:A1:D5:4C:15","device_key":"ble-address:e0:72:a1:d5:4c:15","kind":"rx","seq":209,"session":"s2","stream":"telemetry","text":"\nSESSION t=2460s TX ","timestamp":1790458406.746802}
2026-09-27T00:33:26.748+03:00 [RX telemetry] {"data_b64":"b2s9MTkgdXNlcj04IGVjaG9fcmU=","description":"ble:LoRa-Chatter-72E0 E0:72:A1:D5:4C:15","device_key":"ble-address:e0:72:a1:d5:4c:15","kind":"rx","seq":210,"session":"s2","stream":"telemetry","text":"ok=19 user=8 echo_re","timestamp":1790458406.7471979}
2026-09-27T00:33:26.749+03:00 [RX telemetry] {"data_b64":"cT0wIGVjaG9fcmVwPTAgaGI9MCg=","description":"ble:LoRa-Chatter-72E0 E0:72:A1:D5:4C:15","device_key":"ble-address:e0:72:a1:d5:4c:15","kind":"rx","seq":211,"session":"s2","stream":"telemetry","text":"q=0 echo_rep=0 hb=0(","timestamp":1790458406.7473412}
2026-09-27T00:33:26.749+03:00 [RX telemetry] {"data_b64":"aWRsZT0wKSBlcnI9MCBzdGFydGU=","description":"ble:LoRa-Chatter-72E0 E0:72:A1:D5:4C:15","device_key":"ble-address:e0:72:a1:d5:4c:15","kind":"rx","seq":212,"session":"s2","stream":"telemetry","text":"idle=0) err=0 starte","timestamp":1790458406.7473915}
2026-09-27T00:33:26.749+03:00 [RX telemetry] {"data_b64":"ZD0xOSBSWCBvaz0xOSB1c2VyPTE=","description":"ble:LoRa-Chatter-72E0 E0:72:A1:D5:4C:15","device_key":"ble-address:e0:72:a1:d5:4c:15","kind":"rx","seq":213,"session":"s2","stream":"telemetry","text":"d=19 RX ok=19 user=1","timestamp":1790458406.748769}
2026-09-27T00:33:26.750+03:00 [RX telemetry] {"data_b64":"MSBlY2hvX3JlcT0wIGVjaG9fcmU=","description":"ble:LoRa-Chatter-72E0 E0:72:A1:D5:4C:15","device_key":"ble-address:e0:72:a1:d5:4c:15","kind":"rx","seq":214,"session":"s2","stream":"telemetry","text":"1 echo_req=0 echo_re","timestamp":1790458406.748823}
2026-09-27T00:33:26.750+03:00 [RX telemetry] {"data_b64":"cD0wIGhiPTAgY3JjPTYgaGRyPTQ=","description":"ble:LoRa-Chatter-72E0 E0:72:A1:D5:4C:15","device_key":"ble-address:e0:72:a1:d5:4c:15","kind":"rx","seq":215,"session":"s2","stream":"telemetry","text":"p=0 hb=0 crc=6 hdr=4","timestamp":1790458406.748852}
2026-09-27T00:33:26.750+03:00 [RX telemetry] {"data_b64":"IGJhZD0wIHJlYWRlcnI9MCByZXA=","description":"ble:LoRa-Chatter-72E0 E0:72:A1:D5:4C:15","device_key":"ble-address:e0:72:a1:d5:4c:15","kind":"rx","seq":216,"session":"s2","stream":"telemetry","text":" bad=0 readerr=0 rep","timestamp":1790458406.7488763}
2026-09-27T00:33:26.750+03:00 [RX telemetry] {"data_b64":"b3J0cz0xOSBRPTEwMCUgZHJvcHM=","description":"ble:LoRa-Chatter-72E0 E0:72:A1:D5:4C:15","device_key":"ble-address:e0:72:a1:d5:4c:15","kind":"rx","seq":217,"session":"s2","stream":"telemetry","text":"orts=19 Q=100% drops","timestamp":1790458406.7496138}
2026-09-27T00:33:26.750+03:00 [RX telemetry] {"data_b64":"PTAgZmF0YWw9MAo=","description":"ble:LoRa-Chatter-72E0 E0:72:A1:D5:4C:15","device_key":"ble-address:e0:72:a1:d5:4c:15","kind":"rx","seq":218,"session":"s2","stream":"telemetry","text":"=0 fatal=0\n","timestamp":1790458406.7498772}
2026-09-27T00:33:26.750+03:00 [RX telemetry] {"data_b64":"U0VTU0lPTiBDT1VSVEVTWSB3aW4=","description":"ble:LoRa-Chatter-72E0 E0:72:A1:D5:4C:15","device_key":"ble-address:e0:72:a1:d5:4c:15","kind":"rx","seq":219,"session":"s2","stream":"telemetry","text":"SESSION COURTESY win","timestamp":1790458406.7499628}
2026-09-27T00:33:26.752+03:00 [RX telemetry] {"data_b64":"ZG93PTUwMDBtcyBwZWVyX3JlbGU=","description":"ble:LoRa-Chatter-72E0 E0:72:A1:D5:4C:15","device_key":"ble-address:e0:72:a1:d5:4c:15","kind":"rx","seq":220,"session":"s2","stream":"telemetry","text":"dow=5000ms peer_rele","timestamp":1790458406.7521353}
2026-09-27T00:33:26.752+03:00 [RX telemetry] {"data_b64":"YXNlPTAgZXhwaXJlZD0wIHlpZWw=","description":"ble:LoRa-Chatter-72E0 E0:72:A1:D5:4C:15","device_key":"ble-address:e0:72:a1:d5:4c:15","kind":"rx","seq":221,"session":"s2","stream":"telemetry","text":"ase=0 expired=0 yiel","timestamp":1790458406.7526305}
2026-09-27T00:33:26.753+03:00 [RX telemetry] {"data_b64":"ZGluZz0wCg==","description":"ble:LoRa-Chatter-72E0 E0:72:A1:D5:4C:15","device_key":"ble-address:e0:72:a1:d5:4c:15","kind":"rx","seq":222,"session":"s2","stream":"telemetry","text":"ding=0\n","timestamp":1790458406.7526767}
2026-09-27T00:33:26.753+03:00 [RX telemetry] {"data_b64":"U0VTU0lPTiBESU8wX1RYIGFmZmU=","description":"ble:LoRa-Chatter-72E0 E0:72:A1:D5:4C:15","device_key":"ble-address:e0:72:a1:d5:4c:15","kind":"rx","seq":223,"session":"s2","stream":"telemetry","text":"SESSION DIO0_TX affe","timestamp":1790458406.753087}
2026-09-27T00:33:26.753+03:00 [RX telemetry] {"data_b64":"Y3RlZD0wLzE5IGVwaXNvZGVzPTA=","description":"ble:LoRa-Chatter-72E0 E0:72:A1:D5:4C:15","device_key":"ble-address:e0:72:a1:d5:4c:15","kind":"rx","seq":224,"session":"s2","stream":"telemetry","text":"cted=0/19 episodes=0","timestamp":1790458406.7531328}
2026-09-27T00:33:26.754+03:00 [RX telemetry] {"data_b64":"IGF2Z19hbGw9MC4wMCBhdmdfYWY=","description":"ble:LoRa-Chatter-72E0 E0:72:A1:D5:4C:15","device_key":"ble-address:e0:72:a1:d5:4c:15","kind":"rx","seq":225,"session":"s2","stream":"telemetry","text":" avg_all=0.00 avg_af","timestamp":1790458406.7538753}
2026-09-27T00:33:26.754+03:00 [RX telemetry] {"data_b64":"ZmVjdGVkPTAuMDAgaGlnaF9wb2w=","description":"ble:LoRa-Chatter-72E0 E0:72:A1:D5:4C:15","device_key":"ble-address:e0:72:a1:d5:4c:15","kind":"rx","seq":226,"session":"s2","stream":"telemetry","text":"fected=0.00 high_pol","timestamp":1790458406.7542841}
2026-09-27T00:33:26.754+03:00 [RX telemetry] {"data_b64":"bHM9MAo=","description":"ble:LoRa-Chatter-72E0 E0:72:A1:D5:4C:15","device_key":"ble-address:e0:72:a1:d5:4c:15","kind":"rx","seq":227,"session":"s2","stream":"telemetry","text":"ls=0\n","timestamp":1790458406.7543173}
2026-09-27T00:33:26.756+03:00 [RX telemetry] {"data_b64":"U0VTU0lPTiBSWF9QT0xMIHBvbGw=","description":"ble:LoRa-Chatter-72E0 E0:72:A1:D5:4C:15","device_key":"ble-address:e0:72:a1:d5:4c:15","kind":"rx","seq":228,"session":"s2","stream":"telemetry","text":"SESSION RX_POLL poll","timestamp":1790458406.756842}
2026-09-27T00:33:26.757+03:00 [RX telemetry] {"data_b64":"cz0xNzU1NTUxIHJ4ZG9uZT0yOSA=","description":"ble:LoRa-Chatter-72E0 E0:72:A1:D5:4C:15","device_key":"ble-address:e0:72:a1:d5:4c:15","kind":"rx","seq":229,"session":"s2","stream":"telemetry","text":"s=1755551 rxdone=29 ","timestamp":1790458406.757153}
2026-09-27T00:33:26.757+03:00 [RX telemetry] {"data_b64":"aW50ZXJ2YWw9MTAwMHVzIERJTzA=","description":"ble:LoRa-Chatter-72E0 E0:72:A1:D5:4C:15","device_key":"ble-address:e0:72:a1:d5:4c:15","kind":"rx","seq":230,"session":"s2","stream":"telemetry","text":"interval=1000us DIO0","timestamp":1790458406.7575185}
2026-09-27T00:33:26.757+03:00 [RX telemetry] {"data_b64":"X1JYIGZhbHNlX2hpZ2hfZXA9MCA=","description":"ble:LoRa-Chatter-72E0 E0:72:A1:D5:4C:15","device_key":"ble-address:e0:72:a1:d5:4c:15","kind":"rx","seq":231,"session":"s2","stream":"telemetry","text":"_RX false_high_ep=0 ","timestamp":1790458406.7575583}
2026-09-27T00:33:26.760+03:00 [RX telemetry] {"data_b64":"aGlnaF9wb2xscz0wIHJ4ZG9uZV8=","description":"ble:LoRa-Chatter-72E0 E0:72:A1:D5:4C:15","device_key":"ble-address:e0:72:a1:d5:4c:15","kind":"rx","seq":232,"session":"s2","stream":"telemetry","text":"high_polls=0 rxdone_","timestamp":1790458406.7599018}
2026-09-27T00:33:26.760+03:00 [RX telemetry] {"data_b64":"bG93PTAgaXNyPWRpc2FibGVkCg==","description":"ble:LoRa-Chatter-72E0 E0:72:A1:D5:4C:15","device_key":"ble-address:e0:72:a1:d5:4c:15","kind":"rx","seq":233,"session":"s2","stream":"telemetry","text":"low=0 isr=disabled\n","timestamp":1790458406.7607186}
2026-09-27T00:33:27.036+03:00 [AGENT REQUEST] {"id":35,"op":"send_line","session":"s1","text":"A"}
2026-09-27T00:33:27.036+03:00 [TX] {"data_b64":"QQo=","device_key":"ble-address:44:1b:f6:8d:b7:a9","kind":"tx","seq":411,"session":"s1","text":"A","timestamp":1790458407.0365133,"tx_id":11,"tx_state":"queued"}
2026-09-27T00:33:27.037+03:00 [AGENT RESPONSE] {"id":35,"ok":true,"result":{"state":"queued","tx_id":11}}
2026-09-27T00:33:27.037+03:00 [AGENT REQUEST] {"id":36,"op":"observe","cursors":{"s1":385,"s2":208},"timeout_ms":3000}
2026-09-27T00:33:27.037+03:00 [AGENT RESPONSE] {"id":36,"ok":true,"result":{"cursors":{"s1":411,"s2":233},"lines":[{"seq_first":386,"seq_last":386,"session":"s1","stream":"telemetry","text":""},{"seq_first":386,"seq_last":395,"session":"s1","stream":"telemetry","text":"SESSION t=3180s TX ok=45 user=24 echo_req=0 echo_rep=0 hb=0(idle=0) err=0 started=45 RX ok=45 user=21 echo_req=0 echo_rep=0 hb=0 crc=2 hdr=4 bad=1 readerr=0 reports=45 Q=100% drops=0 fatal=0"},{"seq_first":396,"seq_last":399,"session":"s1","stream":"telemetry","text":"SESSION COURTESY window=5000ms peer_release=0 expired=0 yielding=0"},{"seq_first":400,"seq_last":404,"session":"s1","stream":"telemetry","text":"SESSION DIO0_TX affected=0/45 episodes=0 avg_all=0.00 avg_affected=0.00 high_polls=0"},{"seq_first":405,"seq_last":410,"session":"s1","stream":"telemetry","text":"SESSION RX_POLL polls=2418576 rxdone=52 interval=1000us DIO0_RX false_high_ep=0 high_polls=0 rxdone_low=1 isr=disabled"},{"seq_first":209,"seq_last":209,"session":"s2","stream":"telemetry","text":""},{"seq_first":209,"seq_last":218,"session":"s2","stream":"telemetry","text":"SESSION t=2460s TX ok=19 user=8 echo_req=0 echo_rep=0 hb=0(idle=0) err=0 started=19 RX ok=19 user=11 echo_req=0 echo_rep=0 hb=0 crc=6 hdr=4 bad=0 readerr=0 reports=19 Q=100% drops=0 fatal=0"},{"seq_first":219,"seq_last":222,"session":"s2","stream":"telemetry","text":"SESSION COURTESY window=5000ms peer_release=0 expired=0 yielding=0"},{"seq_first":223,"seq_last":227,"session":"s2","stream":"telemetry","text":"SESSION DIO0_TX affected=0/19 episodes=0 avg_all=0.00 avg_affected=0.00 high_polls=0"},{"seq_first":228,"seq_last":233,"session":"s2","stream":"telemetry","text":"SESSION RX_POLL polls=1755551 rxdone=29 interval=1000us DIO0_RX false_high_ep=0 high_polls=0 rxdone_low=0 isr=disabled"}],"timed_out":false}}
2026-09-27T00:33:27.037+03:00 [TX] {"data_b64":"QQo=","description":"ble:LoRa-Chatter-1B44 44:1B:F6:8D:B7:A9","device_key":"ble-address:44:1b:f6:8d:b7:a9","kind":"tx","seq":412,"session":"s1","text":"A","timestamp":1790458407.0377283,"tx_id":11,"tx_state":"written"}
2026-09-27T00:33:27.100+03:00 [RX telemetry] {"data_b64":"REVMSVZFUlkgUVVFVUVEIHNvdXI=","description":"ble:LoRa-Chatter-1B44 44:1B:F6:8D:B7:A9","device_key":"ble-address:44:1b:f6:8d:b7:a9","kind":"rx","seq":413,"session":"s1","stream":"telemetry","text":"DELIVERY QUEUED sour","timestamp":1790458407.100364}
2026-09-27T00:33:27.101+03:00 [RX telemetry] {"data_b64":"Y2U9MiBieXRlcz0xIHdhaXRpbmc=","description":"ble:LoRa-Chatter-1B44 44:1B:F6:8D:B7:A9","device_key":"ble-address:44:1b:f6:8d:b7:a9","kind":"rx","seq":414,"session":"s1","stream":"telemetry","text":"ce=2 bytes=1 waiting","timestamp":1790458407.100495}
2026-09-27T00:33:27.101+03:00 [RX telemetry] {"data_b64":"PTEvOCBpbl9mbGlnaHQ9MAo=","description":"ble:LoRa-Chatter-1B44 44:1B:F6:8D:B7:A9","device_key":"ble-address:44:1b:f6:8d:b7:a9","kind":"rx","seq":415,"session":"s1","stream":"telemetry","text":"=1/8 in_flight=0\n","timestamp":1790458407.1015816}
2026-09-27T00:33:27.147+03:00 [RX telemetry] {"data_b64":"ClRYIFVTRVIgc2VxPTQ1IGZyYW0=","description":"ble:LoRa-Chatter-1B44 44:1B:F6:8D:B7:A9","device_key":"ble-address:44:1b:f6:8d:b7:a9","kind":"rx","seq":416,"session":"s1","stream":"telemetry","text":"\nTX USER seq=45 fram","timestamp":1790458407.1471803}
2026-09-27T00:33:27.148+03:00 [RX telemetry] {"data_b64":"ZT0xM0IgdXNlcj0xQiBhdHRlbXA=","description":"ble:LoRa-Chatter-1B44 44:1B:F6:8D:B7:A9","device_key":"ble-address:44:1b:f6:8d:b7:a9","kind":"rx","seq":417,"session":"s1","stream":"telemetry","text":"e=13B user=1B attemp","timestamp":1790458407.1481652}
2026-09-27T00:33:27.148+03:00 [RX telemetry] {"data_b64":"dD0xLzUgT0sgdGltZT0xMyBtcwo=","description":"ble:LoRa-Chatter-1B44 44:1B:F6:8D:B7:A9","device_key":"ble-address:44:1b:f6:8d:b7:a9","kind":"rx","seq":418,"session":"s1","stream":"telemetry","text":"t=1/5 OK time=13 ms\n","timestamp":1790458407.1481974}
2026-09-27T00:33:27.150+03:00 [RX telemetry] {"data_b64":"UEVFUl9SRVBPUlQgb3VyX3NlcT0=","description":"ble:LoRa-Chatter-72E0 E0:72:A1:D5:4C:15","device_key":"ble-address:e0:72:a1:d5:4c:15","kind":"rx","seq":234,"session":"s2","stream":"telemetry","text":"PEER_REPORT our_seq=","timestamp":1790458407.1499}
2026-09-27T00:33:27.150+03:00 [RX telemetry] {"data_b64":"MTggVFg9LTQ2LzUgUTEwMAo=","description":"ble:LoRa-Chatter-72E0 E0:72:A1:D5:4C:15","device_key":"ble-address:e0:72:a1:d5:4c:15","kind":"rx","seq":235,"session":"s2","stream":"telemetry","text":"18 TX=-46/5 Q100\n","timestamp":1790458407.1502318}
2026-09-27T00:33:27.150+03:00 [RX telemetry] {"data_b64":"ClJYIFVTRVIgc2Vzc2lvbj0wQkM=","description":"ble:LoRa-Chatter-72E0 E0:72:A1:D5:4C:15","device_key":"ble-address:e0:72:a1:d5:4c:15","kind":"rx","seq":236,"session":"s2","stream":"telemetry","text":"\nRX USER session=0BC","timestamp":1790458407.1506002}
2026-09-27T00:33:27.150+03:00 [RX telemetry] {"data_b64":"NyBzZXE9NDUgZnJhbWU9MTNCIHU=","description":"ble:LoRa-Chatter-72E0 E0:72:A1:D5:4C:15","device_key":"ble-address:e0:72:a1:d5:4c:15","kind":"rx","seq":237,"session":"s2","stream":"telemetry","text":"7 seq=45 frame=13B u","timestamp":1790458407.1506255}
2026-09-27T00:33:27.150+03:00 [RX telemetry] {"data_b64":"c2VyPTFCIFJYPS00NS81IFExMDA=","description":"ble:LoRa-Chatter-72E0 E0:72:A1:D5:4C:15","device_key":"ble-address:e0:72:a1:d5:4c:15","kind":"rx","seq":238,"session":"s2","stream":"telemetry","text":"ser=1B RX=-45/5 Q100","timestamp":1790458407.1506388}
2026-09-27T00:33:27.151+03:00 [RX telemetry] {"data_b64":"IGRpc3Bvc2l0aW9uPTAK","description":"ble:LoRa-Chatter-72E0 E0:72:A1:D5:4C:15","device_key":"ble-address:e0:72:a1:d5:4c:15","kind":"rx","seq":239,"session":"s2","stream":"telemetry","text":" disposition=0\n","timestamp":1790458407.1518018}
2026-09-27T00:33:27.152+03:00 [RX chat] {"data_b64":"PCBbLTQ1LzUgUTEwMF0gQQo=","description":"ble:LoRa-Chatter-72E0 E0:72:A1:D5:4C:15","device_key":"ble-address:e0:72:a1:d5:4c:15","kind":"rx","seq":240,"session":"s2","stream":"chat","text":"< [-45/5 Q100] A\n","timestamp":1790458407.152128}
2026-09-27T00:33:27.189+03:00 [RX chat] {"data_b64":"PiBBCg==","description":"ble:LoRa-Chatter-1B44 44:1B:F6:8D:B7:A9","device_key":"ble-address:44:1b:f6:8d:b7:a9","kind":"rx","seq":419,"session":"s1","stream":"chat","text":"> A\n","timestamp":1790458407.1893785}
2026-09-27T00:33:27.189+03:00 [RX telemetry] {"data_b64":"REVMSVZFUlkgV0FJVF9BQ0sgdXM=","description":"ble:LoRa-Chatter-1B44 44:1B:F6:8D:B7:A9","device_key":"ble-address:44:1b:f6:8d:b7:a9","kind":"rx","seq":420,"session":"s1","stream":"telemetry","text":"DELIVERY WAIT_ACK us","timestamp":1790458407.1897151}
2026-09-27T00:33:27.190+03:00 [RX telemetry] {"data_b64":"ZXI9MEJDNy80NSBhdHRlbXB0PTE=","description":"ble:LoRa-Chatter-1B44 44:1B:F6:8D:B7:A9","device_key":"ble-address:44:1b:f6:8d:b7:a9","kind":"rx","seq":421,"session":"s1","stream":"telemetry","text":"er=0BC7/45 attempt=1","timestamp":1790458407.1897492}
2026-09-27T00:33:27.190+03:00 [RX telemetry] {"data_b64":"LzUgdGltZW91dD03MTJtcyBxdWU=","description":"ble:LoRa-Chatter-1B44 44:1B:F6:8D:B7:A9","device_key":"ble-address:44:1b:f6:8d:b7:a9","kind":"rx","seq":422,"session":"s1","stream":"telemetry","text":"/5 timeout=712ms que","timestamp":1790458407.190777}
2026-09-27T00:33:27.234+03:00 [RX telemetry] {"data_b64":"dWU9MAo=","description":"ble:LoRa-Chatter-1B44 44:1B:F6:8D:B7:A9","device_key":"ble-address:44:1b:f6:8d:b7:a9","kind":"rx","seq":423,"session":"s1","stream":"telemetry","text":"ue=0\n","timestamp":1790458407.2337458}
2026-09-27T00:33:27.324+03:00 [RX telemetry] {"data_b64":"UEVFUl9SRVBPUlQgb3VyX3NlcT0=","description":"ble:LoRa-Chatter-1B44 44:1B:F6:8D:B7:A9","device_key":"ble-address:44:1b:f6:8d:b7:a9","kind":"rx","seq":424,"session":"s1","stream":"telemetry","text":"PEER_REPORT our_seq=","timestamp":1790458407.324145}
2026-09-27T00:33:27.324+03:00 [RX telemetry] {"data_b64":"NDUgVFg9LTQ1LzUgUTEwMAo=","description":"ble:LoRa-Chatter-1B44 44:1B:F6:8D:B7:A9","device_key":"ble-address:44:1b:f6:8d:b7:a9","kind":"rx","seq":425,"session":"s1","stream":"telemetry","text":"45 TX=-45/5 Q100\n","timestamp":1790458407.3242478}
2026-09-27T00:33:27.325+03:00 [RX telemetry] {"data_b64":"ClJYIEFDSyBzZXNzaW9uPTYzQTY=","description":"ble:LoRa-Chatter-1B44 44:1B:F6:8D:B7:A9","device_key":"ble-address:44:1b:f6:8d:b7:a9","kind":"rx","seq":426,"session":"s1","stream":"telemetry","text":"\nRX ACK session=63A6","timestamp":1790458407.325505}
2026-09-27T00:33:27.330+03:00 [RX telemetry] {"data_b64":"ClRYIEFDSyBzZXE9MTkgYWNrX3Q=","description":"ble:LoRa-Chatter-72E0 E0:72:A1:D5:4C:15","device_key":"ble-address:e0:72:a1:d5:4c:15","kind":"rx","seq":241,"session":"s2","stream":"telemetry","text":"\nTX ACK seq=19 ack_t","timestamp":1790458407.3304687}
2026-09-27T00:33:27.370+03:00 [RX telemetry] {"data_b64":"IHNlcT0xOSBhY2tfdG89MEJDNy8=","description":"ble:LoRa-Chatter-1B44 44:1B:F6:8D:B7:A9","device_key":"ble-address:44:1b:f6:8d:b7:a9","kind":"rx","seq":427,"session":"s1","stream":"telemetry","text":" seq=19 ack_to=0BC7/","timestamp":1790458407.3702428}
2026-09-27T00:33:27.371+03:00 [RX telemetry] {"data_b64":"NDUgZnJhbWU9MTRCIFJYPS00Ni8=","description":"ble:LoRa-Chatter-1B44 44:1B:F6:8D:B7:A9","device_key":"ble-address:44:1b:f6:8d:b7:a9","kind":"rx","seq":428,"session":"s1","stream":"telemetry","text":"45 frame=14B RX=-46/","timestamp":1790458407.370368}
2026-09-27T00:33:27.371+03:00 [RX telemetry] {"data_b64":"NSBRMTAwCg==","description":"ble:LoRa-Chatter-1B44 44:1B:F6:8D:B7:A9","device_key":"ble-address:44:1b:f6:8d:b7:a9","kind":"rx","seq":429,"session":"s1","stream":"telemetry","text":"5 Q100\n","timestamp":1790458407.3715975}
2026-09-27T00:33:27.377+03:00 [RX telemetry] {"data_b64":"bz0wQkM3LzQ1IGZyYW1lPTE0QiA=","description":"ble:LoRa-Chatter-72E0 E0:72:A1:D5:4C:15","device_key":"ble-address:e0:72:a1:d5:4c:15","kind":"rx","seq":242,"session":"s2","stream":"telemetry","text":"o=0BC7/45 frame=14B ","timestamp":1790458407.3767767}
2026-09-27T00:33:27.378+03:00 [RX telemetry] {"data_b64":"T0sgdGltZT0xNCBtcyBndWFyZD0=","description":"ble:LoRa-Chatter-72E0 E0:72:A1:D5:4C:15","device_key":"ble-address:e0:72:a1:d5:4c:15","kind":"rx","seq":243,"session":"s2","stream":"telemetry","text":"OK time=14 ms guard=","timestamp":1790458407.3782763}
2026-09-27T00:33:27.380+03:00 [RX telemetry] {"data_b64":"NTAwbXMK","description":"ble:LoRa-Chatter-72E0 E0:72:A1:D5:4C:15","device_key":"ble-address:e0:72:a1:d5:4c:15","kind":"rx","seq":244,"session":"s2","stream":"telemetry","text":"500ms\n","timestamp":1790458407.379662}
2026-09-27T00:33:27.415+03:00 [RX telemetry] {"data_b64":"REVMSVZFUlkgQUNLIHVzZXI9MEI=","description":"ble:LoRa-Chatter-1B44 44:1B:F6:8D:B7:A9","device_key":"ble-address:44:1b:f6:8d:b7:a9","kind":"rx","seq":430,"session":"s1","stream":"telemetry","text":"DELIVERY ACK user=0B","timestamp":1790458407.4148068}
2026-09-27T00:33:27.416+03:00 [RX telemetry] {"data_b64":"QzcvNDUgYXR0ZW1wdHM9MS81IGU=","description":"ble:LoRa-Chatter-1B44 44:1B:F6:8D:B7:A9","device_key":"ble-address:44:1b:f6:8d:b7:a9","kind":"rx","seq":431,"session":"s1","stream":"telemetry","text":"C7/45 attempts=1/5 e","timestamp":1790458407.4160838}
2026-09-27T00:33:27.416+03:00 [RX telemetry] {"data_b64":"bGFwc2VkPTIyMm1zIHF1ZXVlPTA=","description":"ble:LoRa-Chatter-1B44 44:1B:F6:8D:B7:A9","device_key":"ble-address:44:1b:f6:8d:b7:a9","kind":"rx","seq":432,"session":"s1","stream":"telemetry","text":"lapsed=222ms queue=0","timestamp":1790458407.4161487}
2026-09-27T00:33:27.459+03:00 [RX telemetry] {"data_b64":"Cg==","description":"ble:LoRa-Chatter-1B44 44:1B:F6:8D:B7:A9","device_key":"ble-address:44:1b:f6:8d:b7:a9","kind":"rx","seq":433,"session":"s1","stream":"telemetry","text":"\n","timestamp":1790458407.459247}
2026-09-27T00:33:31.041+03:00 [AGENT REQUEST] {"id":37,"op":"observe","cursors":{"s1":411,"s2":233},"timeout_ms":3000}
2026-09-27T00:33:31.042+03:00 [AGENT RESPONSE] {"id":37,"ok":true,"result":{"cursors":{"s1":433,"s2":244},"lines":[{"seq_first":413,"seq_last":415,"session":"s1","stream":"telemetry","text":"DELIVERY QUEUED source=2 bytes=1 waiting=1/8 in_flight=0"},{"seq_first":416,"seq_last":416,"session":"s1","stream":"telemetry","text":""},{"seq_first":416,"seq_last":418,"session":"s1","stream":"telemetry","text":"TX USER seq=45 frame=13B user=1B attempt=1/5 OK time=13 ms"},{"seq_first":234,"seq_last":235,"session":"s2","stream":"telemetry","text":"PEER_REPORT our_seq=18 TX=-46/5 Q100"},{"seq_first":236,"seq_last":236,"session":"s2","stream":"telemetry","text":""},{"seq_first":236,"seq_last":239,"session":"s2","stream":"telemetry","text":"RX USER session=0BC7 seq=45 frame=13B user=1B RX=-45/5 Q100 disposition=0"},{"seq_first":240,"seq_last":240,"session":"s2","stream":"chat","text":"< [-45/5 Q100] A"},{"seq_first":419,"seq_last":419,"session":"s1","stream":"chat","text":"> A"},{"seq_first":420,"seq_last":423,"session":"s1","stream":"telemetry","text":"DELIVERY WAIT_ACK user=0BC7/45 attempt=1/5 timeout=712ms queue=0"},{"seq_first":424,"seq_last":425,"session":"s1","stream":"telemetry","text":"PEER_REPORT our_seq=45 TX=-45/5 Q100"},{"seq_first":426,"seq_last":426,"session":"s1","stream":"telemetry","text":""},{"seq_first":241,"seq_last":241,"session":"s2","stream":"telemetry","text":""},{"seq_first":426,"seq_last":429,"session":"s1","stream":"telemetry","text":"RX ACK session=63A6 seq=19 ack_to=0BC7/45 frame=14B RX=-46/5 Q100"},{"seq_first":241,"seq_last":244,"session":"s2","stream":"telemetry","text":"TX ACK seq=19 ack_to=0BC7/45 frame=14B OK time=14 ms guard=500ms"},{"seq_first":430,"seq_last":433,"session":"s1","stream":"telemetry","text":"DELIVERY ACK user=0BC7/45 attempts=1/5 elapsed=222ms queue=0"}],"timed_out":false}}
2026-09-27T00:34:06.479+03:00 [RX telemetry] {"data_b64":"ClNFU1NJT04gdD0zMjQwcyBUWCA=","description":"ble:LoRa-Chatter-1B44 44:1B:F6:8D:B7:A9","device_key":"ble-address:44:1b:f6:8d:b7:a9","kind":"rx","seq":434,"session":"s1","stream":"telemetry","text":"\nSESSION t=3240s TX ","timestamp":1790458446.4793363}
2026-09-27T00:34:06.480+03:00 [RX telemetry] {"data_b64":"b2s9NDYgdXNlcj0yNSBlY2hvX3I=","description":"ble:LoRa-Chatter-1B44 44:1B:F6:8D:B7:A9","device_key":"ble-address:44:1b:f6:8d:b7:a9","kind":"rx","seq":435,"session":"s1","stream":"telemetry","text":"ok=46 user=25 echo_r","timestamp":1790458446.479392}
2026-09-27T00:34:06.480+03:00 [RX telemetry] {"data_b64":"ZXE9MCBlY2hvX3JlcD0wIGhiPTA=","description":"ble:LoRa-Chatter-1B44 44:1B:F6:8D:B7:A9","device_key":"ble-address:44:1b:f6:8d:b7:a9","kind":"rx","seq":436,"session":"s1","stream":"telemetry","text":"eq=0 echo_rep=0 hb=0","timestamp":1790458446.4795418}
2026-09-27T00:34:06.480+03:00 [RX telemetry] {"data_b64":"KGlkbGU9MCkgZXJyPTAgc3RhcnQ=","description":"ble:LoRa-Chatter-1B44 44:1B:F6:8D:B7:A9","device_key":"ble-address:44:1b:f6:8d:b7:a9","kind":"rx","seq":437,"session":"s1","stream":"telemetry","text":"(idle=0) err=0 start","timestamp":1790458446.479585}
2026-09-27T00:34:06.483+03:00 [RX telemetry] {"data_b64":"ZWQ9NDYgUlggb2s9NDYgdXNlcj0=","description":"ble:LoRa-Chatter-1B44 44:1B:F6:8D:B7:A9","device_key":"ble-address:44:1b:f6:8d:b7:a9","kind":"rx","seq":438,"session":"s1","stream":"telemetry","text":"ed=46 RX ok=46 user=","timestamp":1790458446.4825222}
2026-09-27T00:34:06.484+03:00 [RX telemetry] {"data_b64":"MjEgZWNob19yZXE9MCBlY2hvX3I=","description":"ble:LoRa-Chatter-1B44 44:1B:F6:8D:B7:A9","device_key":"ble-address:44:1b:f6:8d:b7:a9","kind":"rx","seq":439,"session":"s1","stream":"telemetry","text":"21 echo_req=0 echo_r","timestamp":1790458446.4840133}
2026-09-27T00:34:06.484+03:00 [RX telemetry] {"data_b64":"ZXA9MCBoYj0wIGNyYz0yIGhkcj0=","description":"ble:LoRa-Chatter-1B44 44:1B:F6:8D:B7:A9","device_key":"ble-address:44:1b:f6:8d:b7:a9","kind":"rx","seq":440,"session":"s1","stream":"telemetry","text":"ep=0 hb=0 crc=2 hdr=","timestamp":1790458446.4840596}
2026-09-27T00:34:06.485+03:00 [RX telemetry] {"data_b64":"NCBiYWQ9MSByZWFkZXJyPTAgcmU=","description":"ble:LoRa-Chatter-1B44 44:1B:F6:8D:B7:A9","device_key":"ble-address:44:1b:f6:8d:b7:a9","kind":"rx","seq":441,"session":"s1","stream":"telemetry","text":"4 bad=1 readerr=0 re","timestamp":1790458446.4846702}
2026-09-27T00:34:06.485+03:00 [RX telemetry] {"data_b64":"cG9ydHM9NDYgUT0xMDAlIGRyb3A=","description":"ble:LoRa-Chatter-1B44 44:1B:F6:8D:B7:A9","device_key":"ble-address:44:1b:f6:8d:b7:a9","kind":"rx","seq":442,"session":"s1","stream":"telemetry","text":"ports=46 Q=100% drop","timestamp":1790458446.4847152}
2026-09-27T00:34:06.485+03:00 [RX telemetry] {"data_b64":"cz0wIGZhdGFsPTAK","description":"ble:LoRa-Chatter-1B44 44:1B:F6:8D:B7:A9","device_key":"ble-address:44:1b:f6:8d:b7:a9","kind":"rx","seq":443,"session":"s1","stream":"telemetry","text":"s=0 fatal=0\n","timestamp":1790458446.4847553}
2026-09-27T00:34:06.485+03:00 [RX telemetry] {"data_b64":"U0VTU0lPTiBDT1VSVEVTWSB3aW4=","description":"ble:LoRa-Chatter-1B44 44:1B:F6:8D:B7:A9","device_key":"ble-address:44:1b:f6:8d:b7:a9","kind":"rx","seq":444,"session":"s1","stream":"telemetry","text":"SESSION COURTESY win","timestamp":1790458446.4856935}
2026-09-27T00:34:06.486+03:00 [RX telemetry] {"data_b64":"ZG93PTUwMDBtcyBwZWVyX3JlbGU=","description":"ble:LoRa-Chatter-1B44 44:1B:F6:8D:B7:A9","device_key":"ble-address:44:1b:f6:8d:b7:a9","kind":"rx","seq":445,"session":"s1","stream":"telemetry","text":"dow=5000ms peer_rele","timestamp":1790458446.4857333}
2026-09-27T00:34:06.486+03:00 [RX telemetry] {"data_b64":"YXNlPTAgZXhwaXJlZD0wIHlpZWw=","description":"ble:LoRa-Chatter-1B44 44:1B:F6:8D:B7:A9","device_key":"ble-address:44:1b:f6:8d:b7:a9","kind":"rx","seq":446,"session":"s1","stream":"telemetry","text":"ase=0 expired=0 yiel","timestamp":1790458446.4863734}
2026-09-27T00:34:06.487+03:00 [RX telemetry] {"data_b64":"ZGluZz0wCg==","description":"ble:LoRa-Chatter-1B44 44:1B:F6:8D:B7:A9","device_key":"ble-address:44:1b:f6:8d:b7:a9","kind":"rx","seq":447,"session":"s1","stream":"telemetry","text":"ding=0\n","timestamp":1790458446.4869711}
2026-09-27T00:34:06.487+03:00 [RX telemetry] {"data_b64":"U0VTU0lPTiBESU8wX1RYIGFmZmU=","description":"ble:LoRa-Chatter-1B44 44:1B:F6:8D:B7:A9","device_key":"ble-address:44:1b:f6:8d:b7:a9","kind":"rx","seq":448,"session":"s1","stream":"telemetry","text":"SESSION DIO0_TX affe","timestamp":1790458446.4870164}
2026-09-27T00:34:06.489+03:00 [RX telemetry] {"data_b64":"Y3RlZD0wLzQ2IGVwaXNvZGVzPTA=","description":"ble:LoRa-Chatter-1B44 44:1B:F6:8D:B7:A9","device_key":"ble-address:44:1b:f6:8d:b7:a9","kind":"rx","seq":449,"session":"s1","stream":"telemetry","text":"cted=0/46 episodes=0","timestamp":1790458446.4889297}
2026-09-27T00:34:06.489+03:00 [RX telemetry] {"data_b64":"IGF2Z19hbGw9MC4wMCBhdmdfYWY=","description":"ble:LoRa-Chatter-1B44 44:1B:F6:8D:B7:A9","device_key":"ble-address:44:1b:f6:8d:b7:a9","kind":"rx","seq":450,"session":"s1","stream":"telemetry","text":" avg_all=0.00 avg_af","timestamp":1790458446.4894474}
2026-09-27T00:34:06.489+03:00 [RX telemetry] {"data_b64":"ZmVjdGVkPTAuMDAgaGlnaF9wb2w=","description":"ble:LoRa-Chatter-1B44 44:1B:F6:8D:B7:A9","device_key":"ble-address:44:1b:f6:8d:b7:a9","kind":"rx","seq":451,"session":"s1","stream":"telemetry","text":"fected=0.00 high_pol","timestamp":1790458446.4894915}
2026-09-27T00:34:06.490+03:00 [RX telemetry] {"data_b64":"bHM9MAo=","description":"ble:LoRa-Chatter-1B44 44:1B:F6:8D:B7:A9","device_key":"ble-address:44:1b:f6:8d:b7:a9","kind":"rx","seq":452,"session":"s1","stream":"telemetry","text":"ls=0\n","timestamp":1790458446.4900377}
2026-09-27T00:34:06.490+03:00 [RX telemetry] {"data_b64":"U0VTU0lPTiBSWF9QT0xMIHBvbGw=","description":"ble:LoRa-Chatter-1B44 44:1B:F6:8D:B7:A9","device_key":"ble-address:44:1b:f6:8d:b7:a9","kind":"rx","seq":453,"session":"s1","stream":"telemetry","text":"SESSION RX_POLL poll","timestamp":1790458446.4900756}
2026-09-27T00:34:06.490+03:00 [RX telemetry] {"data_b64":"cz0yNDc4MTU3IHJ4ZG9uZT01MyA=","description":"ble:LoRa-Chatter-1B44 44:1B:F6:8D:B7:A9","device_key":"ble-address:44:1b:f6:8d:b7:a9","kind":"rx","seq":454,"session":"s1","stream":"telemetry","text":"s=2478157 rxdone=53 ","timestamp":1790458446.4907706}
2026-09-27T00:34:06.491+03:00 [RX telemetry] {"data_b64":"aW50ZXJ2YWw9MTAwMHVzIERJTzA=","description":"ble:LoRa-Chatter-1B44 44:1B:F6:8D:B7:A9","device_key":"ble-address:44:1b:f6:8d:b7:a9","kind":"rx","seq":455,"session":"s1","stream":"telemetry","text":"interval=1000us DIO0","timestamp":1790458446.4910932}
2026-09-27T00:34:06.497+03:00 [RX telemetry] {"data_b64":"X1JYIGZhbHNlX2hpZ2hfZXA9MCA=","description":"ble:LoRa-Chatter-1B44 44:1B:F6:8D:B7:A9","device_key":"ble-address:44:1b:f6:8d:b7:a9","kind":"rx","seq":456,"session":"s1","stream":"telemetry","text":"_RX false_high_ep=0 ","timestamp":1790458446.4963543}
2026-09-27T00:34:06.498+03:00 [RX telemetry] {"data_b64":"aGlnaF9wb2xscz0wIHJ4ZG9uZV8=","description":"ble:LoRa-Chatter-1B44 44:1B:F6:8D:B7:A9","device_key":"ble-address:44:1b:f6:8d:b7:a9","kind":"rx","seq":457,"session":"s1","stream":"telemetry","text":"high_polls=0 rxdone_","timestamp":1790458446.497529}
2026-09-27T00:34:06.498+03:00 [RX telemetry] {"data_b64":"bG93PTEgaXNyPWRpc2FibGVkCg==","description":"ble:LoRa-Chatter-1B44 44:1B:F6:8D:B7:A9","device_key":"ble-address:44:1b:f6:8d:b7:a9","kind":"rx","seq":458,"session":"s1","stream":"telemetry","text":"low=1 isr=disabled\n","timestamp":1790458446.4976432}
2026-09-27T00:34:20.570+03:00 [RX telemetry] {"data_b64":"ClJYIEhFQURFUiBFUlJPUiBJUlE=","description":"ble:LoRa-Chatter-72E0 E0:72:A1:D5:4C:15","device_key":"ble-address:e0:72:a1:d5:4c:15","kind":"rx","seq":245,"session":"s2","stream":"telemetry","text":"\nRX HEADER ERROR IRQ","timestamp":1790458460.5702581}
2026-09-27T00:34:20.570+03:00 [RX telemetry] {"data_b64":"PTB4NTAgUlg9LTEyMi8tMTIK","description":"ble:LoRa-Chatter-72E0 E0:72:A1:D5:4C:15","device_key":"ble-address:e0:72:a1:d5:4c:15","kind":"rx","seq":246,"session":"s2","stream":"telemetry","text":"=0x50 RX=-122/-12\n","timestamp":1790458460.5703208}
2026-09-27T00:34:26.735+03:00 [RX telemetry] {"data_b64":"ClNFU1NJT04gdD0yNTIwcyBUWCA=","description":"ble:LoRa-Chatter-72E0 E0:72:A1:D5:4C:15","device_key":"ble-address:e0:72:a1:d5:4c:15","kind":"rx","seq":247,"session":"s2","stream":"telemetry","text":"\nSESSION t=2520s TX ","timestamp":1790458466.7352765}
2026-09-27T00:34:26.735+03:00 [RX telemetry] {"data_b64":"b2s9MjAgdXNlcj04IGVjaG9fcmU=","description":"ble:LoRa-Chatter-72E0 E0:72:A1:D5:4C:15","device_key":"ble-address:e0:72:a1:d5:4c:15","kind":"rx","seq":248,"session":"s2","stream":"telemetry","text":"ok=20 user=8 echo_re","timestamp":1790458466.7353432}
2026-09-27T00:34:26.737+03:00 [RX telemetry] {"data_b64":"cT0wIGVjaG9fcmVwPTAgaGI9MCg=","description":"ble:LoRa-Chatter-72E0 E0:72:A1:D5:4C:15","device_key":"ble-address:e0:72:a1:d5:4c:15","kind":"rx","seq":249,"session":"s2","stream":"telemetry","text":"q=0 echo_rep=0 hb=0(","timestamp":1790458466.7369008}
2026-09-27T00:34:26.737+03:00 [RX telemetry] {"data_b64":"aWRsZT0wKSBlcnI9MCBzdGFydGU=","description":"ble:LoRa-Chatter-72E0 E0:72:A1:D5:4C:15","device_key":"ble-address:e0:72:a1:d5:4c:15","kind":"rx","seq":250,"session":"s2","stream":"telemetry","text":"idle=0) err=0 starte","timestamp":1790458466.7372215}
2026-09-27T00:34:26.737+03:00 [RX telemetry] {"data_b64":"ZD0yMCBSWCBvaz0yMCB1c2VyPTE=","description":"ble:LoRa-Chatter-72E0 E0:72:A1:D5:4C:15","device_key":"ble-address:e0:72:a1:d5:4c:15","kind":"rx","seq":251,"session":"s2","stream":"telemetry","text":"d=20 RX ok=20 user=1","timestamp":1790458466.7372541}
2026-09-27T00:34:26.738+03:00 [RX telemetry] {"data_b64":"MiBlY2hvX3JlcT0wIGVjaG9fcmU=","description":"ble:LoRa-Chatter-72E0 E0:72:A1:D5:4C:15","device_key":"ble-address:e0:72:a1:d5:4c:15","kind":"rx","seq":252,"session":"s2","stream":"telemetry","text":"2 echo_req=0 echo_re","timestamp":1790458466.7387538}
2026-09-27T00:34:26.739+03:00 [RX telemetry] {"data_b64":"cD0wIGhiPTAgY3JjPTYgaGRyPTU=","description":"ble:LoRa-Chatter-72E0 E0:72:A1:D5:4C:15","device_key":"ble-address:e0:72:a1:d5:4c:15","kind":"rx","seq":253,"session":"s2","stream":"telemetry","text":"p=0 hb=0 crc=6 hdr=5","timestamp":1790458466.738973}
2026-09-27T00:34:26.739+03:00 [RX telemetry] {"data_b64":"IGJhZD0wIHJlYWRlcnI9MCByZXA=","description":"ble:LoRa-Chatter-72E0 E0:72:A1:D5:4C:15","device_key":"ble-address:e0:72:a1:d5:4c:15","kind":"rx","seq":254,"session":"s2","stream":"telemetry","text":" bad=0 readerr=0 rep","timestamp":1790458466.7392128}
2026-09-27T00:34:26.740+03:00 [RX telemetry] {"data_b64":"b3J0cz0yMCBRPTEwMCUgZHJvcHM=","description":"ble:LoRa-Chatter-72E0 E0:72:A1:D5:4C:15","device_key":"ble-address:e0:72:a1:d5:4c:15","kind":"rx","seq":255,"session":"s2","stream":"telemetry","text":"orts=20 Q=100% drops","timestamp":1790458466.7407138}
2026-09-27T00:34:26.741+03:00 [RX telemetry] {"data_b64":"PTAgZmF0YWw9MAo=","description":"ble:LoRa-Chatter-72E0 E0:72:A1:D5:4C:15","device_key":"ble-address:e0:72:a1:d5:4c:15","kind":"rx","seq":256,"session":"s2","stream":"telemetry","text":"=0 fatal=0\n","timestamp":1790458466.740988}
2026-09-27T00:34:26.741+03:00 [RX telemetry] {"data_b64":"U0VTU0lPTiBDT1VSVEVTWSB3aW4=","description":"ble:LoRa-Chatter-72E0 E0:72:A1:D5:4C:15","device_key":"ble-address:e0:72:a1:d5:4c:15","kind":"rx","seq":257,"session":"s2","stream":"telemetry","text":"SESSION COURTESY win","timestamp":1790458466.741201}
2026-09-27T00:34:26.742+03:00 [RX telemetry] {"data_b64":"ZG93PTUwMDBtcyBwZWVyX3JlbGU=","description":"ble:LoRa-Chatter-72E0 E0:72:A1:D5:4C:15","device_key":"ble-address:e0:72:a1:d5:4c:15","kind":"rx","seq":258,"session":"s2","stream":"telemetry","text":"dow=5000ms peer_rele","timestamp":1790458466.7427192}
2026-09-27T00:34:26.743+03:00 [RX telemetry] {"data_b64":"YXNlPTAgZXhwaXJlZD0wIHlpZWw=","description":"ble:LoRa-Chatter-72E0 E0:72:A1:D5:4C:15","device_key":"ble-address:e0:72:a1:d5:4c:15","kind":"rx","seq":259,"session":"s2","stream":"telemetry","text":"ase=0 expired=0 yiel","timestamp":1790458466.7429447}
2026-09-27T00:34:26.743+03:00 [RX telemetry] {"data_b64":"ZGluZz0wCg==","description":"ble:LoRa-Chatter-72E0 E0:72:A1:D5:4C:15","device_key":"ble-address:e0:72:a1:d5:4c:15","kind":"rx","seq":260,"session":"s2","stream":"telemetry","text":"ding=0\n","timestamp":1790458466.7432122}
2026-09-27T00:34:26.743+03:00 [RX telemetry] {"data_b64":"U0VTU0lPTiBESU8wX1RYIGFmZmU=","description":"ble:LoRa-Chatter-72E0 E0:72:A1:D5:4C:15","device_key":"ble-address:e0:72:a1:d5:4c:15","kind":"rx","seq":261,"session":"s2","stream":"telemetry","text":"SESSION DIO0_TX affe","timestamp":1790458466.743235}
2026-09-27T00:34:26.744+03:00 [RX telemetry] {"data_b64":"Y3RlZD0wLzIwIGVwaXNvZGVzPTA=","description":"ble:LoRa-Chatter-72E0 E0:72:A1:D5:4C:15","device_key":"ble-address:e0:72:a1:d5:4c:15","kind":"rx","seq":262,"session":"s2","stream":"telemetry","text":"cted=0/20 episodes=0","timestamp":1790458466.7446887}
2026-09-27T00:34:26.744+03:00 [RX telemetry] {"data_b64":"IGF2Z19hbGw9MC4wMCBhdmdfYWY=","description":"ble:LoRa-Chatter-72E0 E0:72:A1:D5:4C:15","device_key":"ble-address:e0:72:a1:d5:4c:15","kind":"rx","seq":263,"session":"s2","stream":"telemetry","text":" avg_all=0.00 avg_af","timestamp":1790458466.7449083}
2026-09-27T00:34:26.747+03:00 [RX telemetry] {"data_b64":"ZmVjdGVkPTAuMDAgaGlnaF9wb2w=","description":"ble:LoRa-Chatter-72E0 E0:72:A1:D5:4C:15","device_key":"ble-address:e0:72:a1:d5:4c:15","kind":"rx","seq":264,"session":"s2","stream":"telemetry","text":"fected=0.00 high_pol","timestamp":1790458466.7466838}
2026-09-27T00:34:26.747+03:00 [RX telemetry] {"data_b64":"bHM9MAo=","description":"ble:LoRa-Chatter-72E0 E0:72:A1:D5:4C:15","device_key":"ble-address:e0:72:a1:d5:4c:15","kind":"rx","seq":265,"session":"s2","stream":"telemetry","text":"ls=0\n","timestamp":1790458466.7476578}
2026-09-27T00:34:26.747+03:00 [RX telemetry] {"data_b64":"U0VTU0lPTiBSWF9QT0xMIHBvbGw=","description":"ble:LoRa-Chatter-72E0 E0:72:A1:D5:4C:15","device_key":"ble-address:e0:72:a1:d5:4c:15","kind":"rx","seq":266,"session":"s2","stream":"telemetry","text":"SESSION RX_POLL poll","timestamp":1790458466.7476869}
2026-09-27T00:34:26.747+03:00 [RX telemetry] {"data_b64":"cz0xNzk1NjY3IHJ4ZG9uZT0zMSA=","description":"ble:LoRa-Chatter-72E0 E0:72:A1:D5:4C:15","device_key":"ble-address:e0:72:a1:d5:4c:15","kind":"rx","seq":267,"session":"s2","stream":"telemetry","text":"s=1795667 rxdone=31 ","timestamp":1790458466.7477007}
2026-09-27T00:34:26.748+03:00 [RX telemetry] {"data_b64":"aW50ZXJ2YWw9MTAwMHVzIERJTzA=","description":"ble:LoRa-Chatter-72E0 E0:72:A1:D5:4C:15","device_key":"ble-address:e0:72:a1:d5:4c:15","kind":"rx","seq":268,"session":"s2","stream":"telemetry","text":"interval=1000us DIO0","timestamp":1790458466.7486992}
2026-09-27T00:34:26.749+03:00 [RX telemetry] {"data_b64":"X1JYIGZhbHNlX2hpZ2hfZXA9MCA=","description":"ble:LoRa-Chatter-72E0 E0:72:A1:D5:4C:15","device_key":"ble-address:e0:72:a1:d5:4c:15","kind":"rx","seq":269,"session":"s2","stream":"telemetry","text":"_RX false_high_ep=0 ","timestamp":1790458466.7490113}
2026-09-27T00:34:26.749+03:00 [RX telemetry] {"data_b64":"aGlnaF9wb2xscz0wIHJ4ZG9uZV8=","description":"ble:LoRa-Chatter-72E0 E0:72:A1:D5:4C:15","device_key":"ble-address:e0:72:a1:d5:4c:15","kind":"rx","seq":270,"session":"s2","stream":"telemetry","text":"high_polls=0 rxdone_","timestamp":1790458466.749033}
2026-09-27T00:34:26.751+03:00 [RX telemetry] {"data_b64":"bG93PTAgaXNyPWRpc2FibGVkCg==","description":"ble:LoRa-Chatter-72E0 E0:72:A1:D5:4C:15","device_key":"ble-address:e0:72:a1:d5:4c:15","kind":"rx","seq":271,"session":"s2","stream":"telemetry","text":"low=0 isr=disabled\n","timestamp":1790458466.751736}
2026-09-27T00:35:06.223+03:00 [RX telemetry] {"data_b64":"ClNFU1NJT04gdD0zMzAwcyBUWCA=","description":"ble:LoRa-Chatter-1B44 44:1B:F6:8D:B7:A9","device_key":"ble-address:44:1b:f6:8d:b7:a9","kind":"rx","seq":459,"session":"s1","stream":"telemetry","text":"\nSESSION t=3300s TX ","timestamp":1790458506.2228937}
2026-09-27T00:35:06.224+03:00 [RX telemetry] {"data_b64":"b2s9NDYgdXNlcj0yNSBlY2hvX3I=","description":"ble:LoRa-Chatter-1B44 44:1B:F6:8D:B7:A9","device_key":"ble-address:44:1b:f6:8d:b7:a9","kind":"rx","seq":460,"session":"s1","stream":"telemetry","text":"ok=46 user=25 echo_r","timestamp":1790458506.2238946}
2026-09-27T00:35:06.224+03:00 [RX telemetry] {"data_b64":"ZXE9MCBlY2hvX3JlcD0wIGhiPTA=","description":"ble:LoRa-Chatter-1B44 44:1B:F6:8D:B7:A9","device_key":"ble-address:44:1b:f6:8d:b7:a9","kind":"rx","seq":461,"session":"s1","stream":"telemetry","text":"eq=0 echo_rep=0 hb=0","timestamp":1790458506.2239952}
2026-09-27T00:35:06.226+03:00 [RX telemetry] {"data_b64":"KGlkbGU9MCkgZXJyPTAgc3RhcnQ=","description":"ble:LoRa-Chatter-1B44 44:1B:F6:8D:B7:A9","device_key":"ble-address:44:1b:f6:8d:b7:a9","kind":"rx","seq":462,"session":"s1","stream":"telemetry","text":"(idle=0) err=0 start","timestamp":1790458506.2257042}
2026-09-27T00:35:06.227+03:00 [RX telemetry] {"data_b64":"ZWQ9NDYgUlggb2s9NDYgdXNlcj0=","description":"ble:LoRa-Chatter-1B44 44:1B:F6:8D:B7:A9","device_key":"ble-address:44:1b:f6:8d:b7:a9","kind":"rx","seq":463,"session":"s1","stream":"telemetry","text":"ed=46 RX ok=46 user=","timestamp":1790458506.2258162}
2026-09-27T00:35:06.227+03:00 [RX telemetry] {"data_b64":"MjEgZWNob19yZXE9MCBlY2hvX3I=","description":"ble:LoRa-Chatter-1B44 44:1B:F6:8D:B7:A9","device_key":"ble-address:44:1b:f6:8d:b7:a9","kind":"rx","seq":464,"session":"s1","stream":"telemetry","text":"21 echo_req=0 echo_r","timestamp":1790458506.226396}
2026-09-27T00:35:06.228+03:00 [RX telemetry] {"data_b64":"ZXA9MCBoYj0wIGNyYz0yIGhkcj0=","description":"ble:LoRa-Chatter-1B44 44:1B:F6:8D:B7:A9","device_key":"ble-address:44:1b:f6:8d:b7:a9","kind":"rx","seq":465,"session":"s1","stream":"telemetry","text":"ep=0 hb=0 crc=2 hdr=","timestamp":1790458506.2277606}
2026-09-27T00:35:06.228+03:00 [RX telemetry] {"data_b64":"NCBiYWQ9MSByZWFkZXJyPTAgcmU=","description":"ble:LoRa-Chatter-1B44 44:1B:F6:8D:B7:A9","device_key":"ble-address:44:1b:f6:8d:b7:a9","kind":"rx","seq":466,"session":"s1","stream":"telemetry","text":"4 bad=1 readerr=0 re","timestamp":1790458506.2278574}
2026-09-27T00:35:06.229+03:00 [RX telemetry] {"data_b64":"cG9ydHM9NDYgUT0xMDAlIGRyb3A=","description":"ble:LoRa-Chatter-1B44 44:1B:F6:8D:B7:A9","device_key":"ble-address:44:1b:f6:8d:b7:a9","kind":"rx","seq":467,"session":"s1","stream":"telemetry","text":"ports=46 Q=100% drop","timestamp":1790458506.228591}
2026-09-27T00:35:06.230+03:00 [RX telemetry] {"data_b64":"cz0wIGZhdGFsPTAK","description":"ble:LoRa-Chatter-1B44 44:1B:F6:8D:B7:A9","device_key":"ble-address:44:1b:f6:8d:b7:a9","kind":"rx","seq":468,"session":"s1","stream":"telemetry","text":"s=0 fatal=0\n","timestamp":1790458506.2300136}
2026-09-27T00:35:06.231+03:00 [RX telemetry] {"data_b64":"U0VTU0lPTiBDT1VSVEVTWSB3aW4=","description":"ble:LoRa-Chatter-1B44 44:1B:F6:8D:B7:A9","device_key":"ble-address:44:1b:f6:8d:b7:a9","kind":"rx","seq":469,"session":"s1","stream":"telemetry","text":"SESSION COURTESY win","timestamp":1790458506.2309008}
2026-09-27T00:35:06.232+03:00 [RX telemetry] {"data_b64":"ZG93PTUwMDBtcyBwZWVyX3JlbGU=","description":"ble:LoRa-Chatter-1B44 44:1B:F6:8D:B7:A9","device_key":"ble-address:44:1b:f6:8d:b7:a9","kind":"rx","seq":470,"session":"s1","stream":"telemetry","text":"dow=5000ms peer_rele","timestamp":1790458506.2323062}
2026-09-27T00:35:06.232+03:00 [RX telemetry] {"data_b64":"YXNlPTAgZXhwaXJlZD0wIHlpZWw=","description":"ble:LoRa-Chatter-1B44 44:1B:F6:8D:B7:A9","device_key":"ble-address:44:1b:f6:8d:b7:a9","kind":"rx","seq":471,"session":"s1","stream":"telemetry","text":"ase=0 expired=0 yiel","timestamp":1790458506.232432}
2026-09-27T00:35:06.234+03:00 [RX telemetry] {"data_b64":"ZGluZz0wCg==","description":"ble:LoRa-Chatter-1B44 44:1B:F6:8D:B7:A9","device_key":"ble-address:44:1b:f6:8d:b7:a9","kind":"rx","seq":472,"session":"s1","stream":"telemetry","text":"ding=0\n","timestamp":1790458506.2337985}
2026-09-27T00:35:06.235+03:00 [RX telemetry] {"data_b64":"U0VTU0lPTiBESU8wX1RYIGFmZmU=","description":"ble:LoRa-Chatter-1B44 44:1B:F6:8D:B7:A9","device_key":"ble-address:44:1b:f6:8d:b7:a9","kind":"rx","seq":473,"session":"s1","stream":"telemetry","text":"SESSION DIO0_TX affe","timestamp":1790458506.2338624}
2026-09-27T00:35:06.236+03:00 [RX telemetry] {"data_b64":"Y3RlZD0wLzQ2IGVwaXNvZGVzPTA=","description":"ble:LoRa-Chatter-1B44 44:1B:F6:8D:B7:A9","device_key":"ble-address:44:1b:f6:8d:b7:a9","kind":"rx","seq":474,"session":"s1","stream":"telemetry","text":"cted=0/46 episodes=0","timestamp":1790458506.2342854}
2026-09-27T00:35:06.236+03:00 [RX telemetry] {"data_b64":"IGF2Z19hbGw9MC4wMCBhdmdfYWY=","description":"ble:LoRa-Chatter-1B44 44:1B:F6:8D:B7:A9","device_key":"ble-address:44:1b:f6:8d:b7:a9","kind":"rx","seq":475,"session":"s1","stream":"telemetry","text":" avg_all=0.00 avg_af","timestamp":1790458506.2353961}
2026-09-27T00:35:06.236+03:00 [RX telemetry] {"data_b64":"ZmVjdGVkPTAuMDAgaGlnaF9wb2w=","description":"ble:LoRa-Chatter-1B44 44:1B:F6:8D:B7:A9","device_key":"ble-address:44:1b:f6:8d:b7:a9","kind":"rx","seq":476,"session":"s1","stream":"telemetry","text":"fected=0.00 high_pol","timestamp":1790458506.2355022}
2026-09-27T00:35:06.237+03:00 [RX telemetry] {"data_b64":"bHM9MAo=","description":"ble:LoRa-Chatter-1B44 44:1B:F6:8D:B7:A9","device_key":"ble-address:44:1b:f6:8d:b7:a9","kind":"rx","seq":477,"session":"s1","stream":"telemetry","text":"ls=0\n","timestamp":1790458506.2355614}
2026-09-27T00:35:06.237+03:00 [RX telemetry] {"data_b64":"U0VTU0lPTiBSWF9QT0xMIHBvbGw=","description":"ble:LoRa-Chatter-1B44 44:1B:F6:8D:B7:A9","device_key":"ble-address:44:1b:f6:8d:b7:a9","kind":"rx","seq":478,"session":"s1","stream":"telemetry","text":"SESSION RX_POLL poll","timestamp":1790458506.2356231}
2026-09-27T00:35:06.238+03:00 [RX telemetry] {"data_b64":"cz0yNTM3ODQwIHJ4ZG9uZT01MyA=","description":"ble:LoRa-Chatter-1B44 44:1B:F6:8D:B7:A9","device_key":"ble-address:44:1b:f6:8d:b7:a9","kind":"rx","seq":479,"session":"s1","stream":"telemetry","text":"s=2537840 rxdone=53 ","timestamp":1790458506.2378964}
2026-09-27T00:35:06.238+03:00 [RX telemetry] {"data_b64":"aW50ZXJ2YWw9MTAwMHVzIERJTzA=","description":"ble:LoRa-Chatter-1B44 44:1B:F6:8D:B7:A9","device_key":"ble-address:44:1b:f6:8d:b7:a9","kind":"rx","seq":480,"session":"s1","stream":"telemetry","text":"interval=1000us DIO0","timestamp":1790458506.2379801}
2026-09-27T00:35:06.238+03:00 [RX telemetry] {"data_b64":"X1JYIGZhbHNlX2hpZ2hfZXA9MCA=","description":"ble:LoRa-Chatter-1B44 44:1B:F6:8D:B7:A9","device_key":"ble-address:44:1b:f6:8d:b7:a9","kind":"rx","seq":481,"session":"s1","stream":"telemetry","text":"_RX false_high_ep=0 ","timestamp":1790458506.2380273}
2026-09-27T00:35:06.239+03:00 [RX telemetry] {"data_b64":"aGlnaF9wb2xscz0wIHJ4ZG9uZV8=","description":"ble:LoRa-Chatter-1B44 44:1B:F6:8D:B7:A9","device_key":"ble-address:44:1b:f6:8d:b7:a9","kind":"rx","seq":482,"session":"s1","stream":"telemetry","text":"high_polls=0 rxdone_","timestamp":1790458506.2392108}
2026-09-27T00:35:06.239+03:00 [RX telemetry] {"data_b64":"bG93PTEgaXNyPWRpc2FibGVkCg==","description":"ble:LoRa-Chatter-1B44 44:1B:F6:8D:B7:A9","device_key":"ble-address:44:1b:f6:8d:b7:a9","kind":"rx","seq":483,"session":"s1","stream":"telemetry","text":"low=1 isr=disabled\n","timestamp":1790458506.239292}
2026-09-27T00:35:07.616+03:00 [RX telemetry] {"data_b64":"ClJYIEhFQURFUiBFUlJPUiBJUlE=","description":"ble:LoRa-Chatter-1B44 44:1B:F6:8D:B7:A9","device_key":"ble-address:44:1b:f6:8d:b7:a9","kind":"rx","seq":484,"session":"s1","stream":"telemetry","text":"\nRX HEADER ERROR IRQ","timestamp":1790458507.6160486}
2026-09-27T00:35:07.616+03:00 [RX telemetry] {"data_b64":"PTB4NTAgUlg9LTExOC8tMTIK","description":"ble:LoRa-Chatter-1B44 44:1B:F6:8D:B7:A9","device_key":"ble-address:44:1b:f6:8d:b7:a9","kind":"rx","seq":485,"session":"s1","stream":"telemetry","text":"=0x50 RX=-118/-12\n","timestamp":1790458507.616196}
2026-09-27T00:35:26.449+03:00 [RX telemetry] {"data_b64":"ClNFU1NJT04gdD0yNTgwcyBUWCA=","description":"ble:LoRa-Chatter-72E0 E0:72:A1:D5:4C:15","device_key":"ble-address:e0:72:a1:d5:4c:15","kind":"rx","seq":272,"session":"s2","stream":"telemetry","text":"\nSESSION t=2580s TX ","timestamp":1790458526.4490728}
2026-09-27T00:35:26.450+03:00 [RX telemetry] {"data_b64":"b2s9MjAgdXNlcj04IGVjaG9fcmU=","description":"ble:LoRa-Chatter-72E0 E0:72:A1:D5:4C:15","device_key":"ble-address:e0:72:a1:d5:4c:15","kind":"rx","seq":273,"session":"s2","stream":"telemetry","text":"ok=20 user=8 echo_re","timestamp":1790458526.4499562}
2026-09-27T00:35:26.451+03:00 [RX telemetry] {"data_b64":"cT0wIGVjaG9fcmVwPTAgaGI9MCg=","description":"ble:LoRa-Chatter-72E0 E0:72:A1:D5:4C:15","device_key":"ble-address:e0:72:a1:d5:4c:15","kind":"rx","seq":274,"session":"s2","stream":"telemetry","text":"q=0 echo_rep=0 hb=0(","timestamp":1790458526.4509351}
2026-09-27T00:35:26.452+03:00 [RX telemetry] {"data_b64":"aWRsZT0wKSBlcnI9MCBzdGFydGU=","description":"ble:LoRa-Chatter-72E0 E0:72:A1:D5:4C:15","device_key":"ble-address:e0:72:a1:d5:4c:15","kind":"rx","seq":275,"session":"s2","stream":"telemetry","text":"idle=0) err=0 starte","timestamp":1790458526.4509954}
2026-09-27T00:35:26.452+03:00 [RX telemetry] {"data_b64":"ZD0yMCBSWCBvaz0yMCB1c2VyPTE=","description":"ble:LoRa-Chatter-72E0 E0:72:A1:D5:4C:15","device_key":"ble-address:e0:72:a1:d5:4c:15","kind":"rx","seq":276,"session":"s2","stream":"telemetry","text":"d=20 RX ok=20 user=1","timestamp":1790458526.4520183}
2026-09-27T00:35:26.452+03:00 [RX telemetry] {"data_b64":"MiBlY2hvX3JlcT0wIGVjaG9fcmU=","description":"ble:LoRa-Chatter-72E0 E0:72:A1:D5:4C:15","device_key":"ble-address:e0:72:a1:d5:4c:15","kind":"rx","seq":277,"session":"s2","stream":"telemetry","text":"2 echo_req=0 echo_re","timestamp":1790458526.4521139}
2026-09-27T00:35:26.453+03:00 [RX telemetry] {"data_b64":"cD0wIGhiPTAgY3JjPTYgaGRyPTU=","description":"ble:LoRa-Chatter-72E0 E0:72:A1:D5:4C:15","device_key":"ble-address:e0:72:a1:d5:4c:15","kind":"rx","seq":278,"session":"s2","stream":"telemetry","text":"p=0 hb=0 crc=6 hdr=5","timestamp":1790458526.4534545}
2026-09-27T00:35:26.458+03:00 [RX telemetry] {"data_b64":"IGJhZD0wIHJlYWRlcnI9MCByZXA=","description":"ble:LoRa-Chatter-72E0 E0:72:A1:D5:4C:15","device_key":"ble-address:e0:72:a1:d5:4c:15","kind":"rx","seq":279,"session":"s2","stream":"telemetry","text":" bad=0 readerr=0 rep","timestamp":1790458526.4584534}
2026-09-27T00:35:26.459+03:00 [RX telemetry] {"data_b64":"b3J0cz0yMCBRPTEwMCUgZHJvcHM=","description":"ble:LoRa-Chatter-72E0 E0:72:A1:D5:4C:15","device_key":"ble-address:e0:72:a1:d5:4c:15","kind":"rx","seq":280,"session":"s2","stream":"telemetry","text":"orts=20 Q=100% drops","timestamp":1790458526.4594352}
2026-09-27T00:35:26.459+03:00 [RX telemetry] {"data_b64":"PTAgZmF0YWw9MAo=","description":"ble:LoRa-Chatter-72E0 E0:72:A1:D5:4C:15","device_key":"ble-address:e0:72:a1:d5:4c:15","kind":"rx","seq":281,"session":"s2","stream":"telemetry","text":"=0 fatal=0\n","timestamp":1790458526.4594967}
2026-09-27T00:35:26.460+03:00 [RX telemetry] {"data_b64":"U0VTU0lPTiBDT1VSVEVTWSB3aW4=","description":"ble:LoRa-Chatter-72E0 E0:72:A1:D5:4C:15","device_key":"ble-address:e0:72:a1:d5:4c:15","kind":"rx","seq":282,"session":"s2","stream":"telemetry","text":"SESSION COURTESY win","timestamp":1790458526.4602842}
2026-09-27T00:35:26.461+03:00 [RX telemetry] {"data_b64":"ZG93PTUwMDBtcyBwZWVyX3JlbGU=","description":"ble:LoRa-Chatter-72E0 E0:72:A1:D5:4C:15","device_key":"ble-address:e0:72:a1:d5:4c:15","kind":"rx","seq":283,"session":"s2","stream":"telemetry","text":"dow=5000ms peer_rele","timestamp":1790458526.4603457}
2026-09-27T00:35:26.461+03:00 [RX telemetry] {"data_b64":"YXNlPTAgZXhwaXJlZD0wIHlpZWw=","description":"ble:LoRa-Chatter-72E0 E0:72:A1:D5:4C:15","device_key":"ble-address:e0:72:a1:d5:4c:15","kind":"rx","seq":284,"session":"s2","stream":"telemetry","text":"ase=0 expired=0 yiel","timestamp":1790458526.4605255}
2026-09-27T00:35:26.461+03:00 [RX telemetry] {"data_b64":"ZGluZz0wCg==","description":"ble:LoRa-Chatter-72E0 E0:72:A1:D5:4C:15","device_key":"ble-address:e0:72:a1:d5:4c:15","kind":"rx","seq":285,"session":"s2","stream":"telemetry","text":"ding=0\n","timestamp":1790458526.4614477}
2026-09-27T00:35:26.462+03:00 [RX telemetry] {"data_b64":"U0VTU0lPTiBESU8wX1RYIGFmZmU=","description":"ble:LoRa-Chatter-72E0 E0:72:A1:D5:4C:15","device_key":"ble-address:e0:72:a1:d5:4c:15","kind":"rx","seq":286,"session":"s2","stream":"telemetry","text":"SESSION DIO0_TX affe","timestamp":1790458526.461513}
2026-09-27T00:35:26.462+03:00 [RX telemetry] {"data_b64":"Y3RlZD0wLzIwIGVwaXNvZGVzPTA=","description":"ble:LoRa-Chatter-72E0 E0:72:A1:D5:4C:15","device_key":"ble-address:e0:72:a1:d5:4c:15","kind":"rx","seq":287,"session":"s2","stream":"telemetry","text":"cted=0/20 episodes=0","timestamp":1790458526.4618273}
2026-09-27T00:35:26.462+03:00 [RX telemetry] {"data_b64":"IGF2Z19hbGw9MC4wMCBhdmdfYWY=","description":"ble:LoRa-Chatter-72E0 E0:72:A1:D5:4C:15","device_key":"ble-address:e0:72:a1:d5:4c:15","kind":"rx","seq":288,"session":"s2","stream":"telemetry","text":" avg_all=0.00 avg_af","timestamp":1790458526.4622655}
2026-09-27T00:35:26.463+03:00 [RX telemetry] {"data_b64":"ZmVjdGVkPTAuMDAgaGlnaF9wb2w=","description":"ble:LoRa-Chatter-72E0 E0:72:A1:D5:4C:15","device_key":"ble-address:e0:72:a1:d5:4c:15","kind":"rx","seq":289,"session":"s2","stream":"telemetry","text":"fected=0.00 high_pol","timestamp":1790458526.462334}
2026-09-27T00:35:26.463+03:00 [RX telemetry] {"data_b64":"bHM9MAo=","description":"ble:LoRa-Chatter-72E0 E0:72:A1:D5:4C:15","device_key":"ble-address:e0:72:a1:d5:4c:15","kind":"rx","seq":290,"session":"s2","stream":"telemetry","text":"ls=0\n","timestamp":1790458526.4628677}
2026-09-27T00:35:26.463+03:00 [RX telemetry] {"data_b64":"U0VTU0lPTiBSWF9QT0xMIHBvbGw=","description":"ble:LoRa-Chatter-72E0 E0:72:A1:D5:4C:15","device_key":"ble-address:e0:72:a1:d5:4c:15","kind":"rx","seq":291,"session":"s2","stream":"telemetry","text":"SESSION RX_POLL poll","timestamp":1790458526.4629176}
2026-09-27T00:35:26.463+03:00 [RX telemetry] {"data_b64":"cz0xODU1NDU4IHJ4ZG9uZT0zMSA=","description":"ble:LoRa-Chatter-72E0 E0:72:A1:D5:4C:15","device_key":"ble-address:e0:72:a1:d5:4c:15","kind":"rx","seq":292,"session":"s2","stream":"telemetry","text":"s=1855458 rxdone=31 ","timestamp":1790458526.4632132}
2026-09-27T00:35:26.463+03:00 [RX telemetry] {"data_b64":"aW50ZXJ2YWw9MTAwMHVzIERJTzA=","description":"ble:LoRa-Chatter-72E0 E0:72:A1:D5:4C:15","device_key":"ble-address:e0:72:a1:d5:4c:15","kind":"rx","seq":293,"session":"s2","stream":"telemetry","text":"interval=1000us DIO0","timestamp":1790458526.4632387}
2026-09-27T00:35:26.493+03:00 [RX telemetry] {"data_b64":"X1JYIGZhbHNlX2hpZ2hfZXA9MCA=","description":"ble:LoRa-Chatter-72E0 E0:72:A1:D5:4C:15","device_key":"ble-address:e0:72:a1:d5:4c:15","kind":"rx","seq":294,"session":"s2","stream":"telemetry","text":"_RX false_high_ep=0 ","timestamp":1790458526.4933236}
2026-09-27T00:35:26.494+03:00 [RX telemetry] {"data_b64":"aGlnaF9wb2xscz0wIHJ4ZG9uZV8=","description":"ble:LoRa-Chatter-72E0 E0:72:A1:D5:4C:15","device_key":"ble-address:e0:72:a1:d5:4c:15","kind":"rx","seq":295,"session":"s2","stream":"telemetry","text":"high_polls=0 rxdone_","timestamp":1790458526.4938438}
2026-09-27T00:35:26.494+03:00 [RX telemetry] {"data_b64":"bG93PTAgaXNyPWRpc2FibGVkCg==","description":"ble:LoRa-Chatter-72E0 E0:72:A1:D5:4C:15","device_key":"ble-address:e0:72:a1:d5:4c:15","kind":"rx","seq":296,"session":"s2","stream":"telemetry","text":"low=0 isr=disabled\n","timestamp":1790458526.4940872}
2026-09-27T00:36:06.150+03:00 [RX telemetry] {"data_b64":"ClNFU1NJT04gdD0zMzYwcyBUWCA=","description":"ble:LoRa-Chatter-1B44 44:1B:F6:8D:B7:A9","device_key":"ble-address:44:1b:f6:8d:b7:a9","kind":"rx","seq":486,"session":"s1","stream":"telemetry","text":"\nSESSION t=3360s TX ","timestamp":1790458566.1503742}
2026-09-27T00:36:06.150+03:00 [RX telemetry] {"data_b64":"b2s9NDYgdXNlcj0yNSBlY2hvX3I=","description":"ble:LoRa-Chatter-1B44 44:1B:F6:8D:B7:A9","device_key":"ble-address:44:1b:f6:8d:b7:a9","kind":"rx","seq":487,"session":"s1","stream":"telemetry","text":"ok=46 user=25 echo_r","timestamp":1790458566.1505733}
2026-09-27T00:36:06.151+03:00 [RX telemetry] {"data_b64":"ZXE9MCBlY2hvX3JlcD0wIGhiPTA=","description":"ble:LoRa-Chatter-1B44 44:1B:F6:8D:B7:A9","device_key":"ble-address:44:1b:f6:8d:b7:a9","kind":"rx","seq":488,"session":"s1","stream":"telemetry","text":"eq=0 echo_rep=0 hb=0","timestamp":1790458566.1508973}
2026-09-27T00:36:06.152+03:00 [RX telemetry] {"data_b64":"KGlkbGU9MCkgZXJyPTAgc3RhcnQ=","description":"ble:LoRa-Chatter-1B44 44:1B:F6:8D:B7:A9","device_key":"ble-address:44:1b:f6:8d:b7:a9","kind":"rx","seq":489,"session":"s1","stream":"telemetry","text":"(idle=0) err=0 start","timestamp":1790458566.1518672}
2026-09-27T00:36:06.152+03:00 [RX telemetry] {"data_b64":"ZWQ9NDYgUlggb2s9NDYgdXNlcj0=","description":"ble:LoRa-Chatter-1B44 44:1B:F6:8D:B7:A9","device_key":"ble-address:44:1b:f6:8d:b7:a9","kind":"rx","seq":490,"session":"s1","stream":"telemetry","text":"ed=46 RX ok=46 user=","timestamp":1790458566.1524456}
2026-09-27T00:36:06.152+03:00 [RX telemetry] {"data_b64":"MjEgZWNob19yZXE9MCBlY2hvX3I=","description":"ble:LoRa-Chatter-1B44 44:1B:F6:8D:B7:A9","device_key":"ble-address:44:1b:f6:8d:b7:a9","kind":"rx","seq":491,"session":"s1","stream":"telemetry","text":"21 echo_req=0 echo_r","timestamp":1790458566.1524847}
2026-09-27T00:36:06.154+03:00 [RX telemetry] {"data_b64":"ZXA9MCBoYj0wIGNyYz0yIGhkcj0=","description":"ble:LoRa-Chatter-1B44 44:1B:F6:8D:B7:A9","device_key":"ble-address:44:1b:f6:8d:b7:a9","kind":"rx","seq":492,"session":"s1","stream":"telemetry","text":"ep=0 hb=0 crc=2 hdr=","timestamp":1790458566.1547484}
2026-09-27T00:36:06.155+03:00 [RX telemetry] {"data_b64":"NSBiYWQ9MSByZWFkZXJyPTAgcmU=","description":"ble:LoRa-Chatter-1B44 44:1B:F6:8D:B7:A9","device_key":"ble-address:44:1b:f6:8d:b7:a9","kind":"rx","seq":493,"session":"s1","stream":"telemetry","text":"5 bad=1 readerr=0 re","timestamp":1790458566.1548042}
2026-09-27T00:36:06.155+03:00 [RX telemetry] {"data_b64":"cG9ydHM9NDYgUT0xMDAlIGRyb3A=","description":"ble:LoRa-Chatter-1B44 44:1B:F6:8D:B7:A9","device_key":"ble-address:44:1b:f6:8d:b7:a9","kind":"rx","seq":494,"session":"s1","stream":"telemetry","text":"ports=46 Q=100% drop","timestamp":1790458566.1550965}
2026-09-27T00:36:06.159+03:00 [RX telemetry] {"data_b64":"cz0wIGZhdGFsPTAK","description":"ble:LoRa-Chatter-1B44 44:1B:F6:8D:B7:A9","device_key":"ble-address:44:1b:f6:8d:b7:a9","kind":"rx","seq":495,"session":"s1","stream":"telemetry","text":"s=0 fatal=0\n","timestamp":1790458566.1586242}
2026-09-27T00:36:06.160+03:00 [RX telemetry] {"data_b64":"U0VTU0lPTiBDT1VSVEVTWSB3aW4=","description":"ble:LoRa-Chatter-1B44 44:1B:F6:8D:B7:A9","device_key":"ble-address:44:1b:f6:8d:b7:a9","kind":"rx","seq":496,"session":"s1","stream":"telemetry","text":"SESSION COURTESY win","timestamp":1790458566.1598723}
2026-09-27T00:36:06.160+03:00 [RX telemetry] {"data_b64":"ZG93PTUwMDBtcyBwZWVyX3JlbGU=","description":"ble:LoRa-Chatter-1B44 44:1B:F6:8D:B7:A9","device_key":"ble-address:44:1b:f6:8d:b7:a9","kind":"rx","seq":497,"session":"s1","stream":"telemetry","text":"dow=5000ms peer_rele","timestamp":1790458566.1599288}
2026-09-27T00:36:06.160+03:00 [RX telemetry] {"data_b64":"YXNlPTAgZXhwaXJlZD0wIHlpZWw=","description":"ble:LoRa-Chatter-1B44 44:1B:F6:8D:B7:A9","device_key":"ble-address:44:1b:f6:8d:b7:a9","kind":"rx","seq":498,"session":"s1","stream":"telemetry","text":"ase=0 expired=0 yiel","timestamp":1790458566.1599557}
2026-09-27T00:36:06.161+03:00 [RX telemetry] {"data_b64":"ZGluZz0wCg==","description":"ble:LoRa-Chatter-1B44 44:1B:F6:8D:B7:A9","device_key":"ble-address:44:1b:f6:8d:b7:a9","kind":"rx","seq":499,"session":"s1","stream":"telemetry","text":"ding=0\n","timestamp":1790458566.1607296}
2026-09-27T00:36:06.161+03:00 [RX telemetry] {"data_b64":"U0VTU0lPTiBESU8wX1RYIGFmZmU=","description":"ble:LoRa-Chatter-1B44 44:1B:F6:8D:B7:A9","device_key":"ble-address:44:1b:f6:8d:b7:a9","kind":"rx","seq":500,"session":"s1","stream":"telemetry","text":"SESSION DIO0_TX affe","timestamp":1790458566.1607547}
2026-09-27T00:36:06.161+03:00 [RX telemetry] {"data_b64":"Y3RlZD0wLzQ2IGVwaXNvZGVzPTA=","description":"ble:LoRa-Chatter-1B44 44:1B:F6:8D:B7:A9","device_key":"ble-address:44:1b:f6:8d:b7:a9","kind":"rx","seq":501,"session":"s1","stream":"telemetry","text":"cted=0/46 episodes=0","timestamp":1790458566.1607697}
2026-09-27T00:36:06.161+03:00 [RX telemetry] {"data_b64":"IGF2Z19hbGw9MC4wMCBhdmdfYWY=","description":"ble:LoRa-Chatter-1B44 44:1B:F6:8D:B7:A9","device_key":"ble-address:44:1b:f6:8d:b7:a9","kind":"rx","seq":502,"session":"s1","stream":"telemetry","text":" avg_all=0.00 avg_af","timestamp":1790458566.1607864}
2026-09-27T00:36:06.163+03:00 [RX telemetry] {"data_b64":"ZmVjdGVkPTAuMDAgaGlnaF9wb2w=","description":"ble:LoRa-Chatter-1B44 44:1B:F6:8D:B7:A9","device_key":"ble-address:44:1b:f6:8d:b7:a9","kind":"rx","seq":503,"session":"s1","stream":"telemetry","text":"fected=0.00 high_pol","timestamp":1790458566.1633}
2026-09-27T00:36:06.163+03:00 [RX telemetry] {"data_b64":"bHM9MAo=","description":"ble:LoRa-Chatter-1B44 44:1B:F6:8D:B7:A9","device_key":"ble-address:44:1b:f6:8d:b7:a9","kind":"rx","seq":504,"session":"s1","stream":"telemetry","text":"ls=0\n","timestamp":1790458566.163641}
2026-09-27T00:36:06.163+03:00 [RX telemetry] {"data_b64":"U0VTU0lPTiBSWF9QT0xMIHBvbGw=","description":"ble:LoRa-Chatter-1B44 44:1B:F6:8D:B7:A9","device_key":"ble-address:44:1b:f6:8d:b7:a9","kind":"rx","seq":505,"session":"s1","stream":"telemetry","text":"SESSION RX_POLL poll","timestamp":1790458566.1636786}
2026-09-27T00:36:06.164+03:00 [RX telemetry] {"data_b64":"cz0yNTk3NDk4IHJ4ZG9uZT01NCA=","description":"ble:LoRa-Chatter-1B44 44:1B:F6:8D:B7:A9","device_key":"ble-address:44:1b:f6:8d:b7:a9","kind":"rx","seq":506,"session":"s1","stream":"telemetry","text":"s=2597498 rxdone=54 ","timestamp":1790458566.1637812}
2026-09-27T00:36:06.164+03:00 [RX telemetry] {"data_b64":"aW50ZXJ2YWw9MTAwMHVzIERJTzA=","description":"ble:LoRa-Chatter-1B44 44:1B:F6:8D:B7:A9","device_key":"ble-address:44:1b:f6:8d:b7:a9","kind":"rx","seq":507,"session":"s1","stream":"telemetry","text":"interval=1000us DIO0","timestamp":1790458566.1638048}
2026-09-27T00:36:06.164+03:00 [RX telemetry] {"data_b64":"X1JYIGZhbHNlX2hpZ2hfZXA9MCA=","description":"ble:LoRa-Chatter-1B44 44:1B:F6:8D:B7:A9","device_key":"ble-address:44:1b:f6:8d:b7:a9","kind":"rx","seq":508,"session":"s1","stream":"telemetry","text":"_RX false_high_ep=0 ","timestamp":1790458566.164182}
2026-09-27T00:36:06.165+03:00 [RX telemetry] {"data_b64":"aGlnaF9wb2xscz0wIHJ4ZG9uZV8=","description":"ble:LoRa-Chatter-1B44 44:1B:F6:8D:B7:A9","device_key":"ble-address:44:1b:f6:8d:b7:a9","kind":"rx","seq":509,"session":"s1","stream":"telemetry","text":"high_polls=0 rxdone_","timestamp":1790458566.1658497}
2026-09-27T00:36:06.166+03:00 [RX telemetry] {"data_b64":"bG93PTEgaXNyPWRpc2FibGVkCg==","description":"ble:LoRa-Chatter-1B44 44:1B:F6:8D:B7:A9","device_key":"ble-address:44:1b:f6:8d:b7:a9","kind":"rx","seq":510,"session":"s1","stream":"telemetry","text":"low=1 isr=disabled\n","timestamp":1790458566.166121}
2026-09-27T00:36:26.411+03:00 [RX telemetry] {"data_b64":"ClNFU1NJT04gdD0yNjQwcyBUWCA=","description":"ble:LoRa-Chatter-72E0 E0:72:A1:D5:4C:15","device_key":"ble-address:e0:72:a1:d5:4c:15","kind":"rx","seq":297,"session":"s2","stream":"telemetry","text":"\nSESSION t=2640s TX ","timestamp":1790458586.4112434}
2026-09-27T00:36:26.411+03:00 [RX telemetry] {"data_b64":"b2s9MjAgdXNlcj04IGVjaG9fcmU=","description":"ble:LoRa-Chatter-72E0 E0:72:A1:D5:4C:15","device_key":"ble-address:e0:72:a1:d5:4c:15","kind":"rx","seq":298,"session":"s2","stream":"telemetry","text":"ok=20 user=8 echo_re","timestamp":1790458586.4117377}
2026-09-27T00:36:26.411+03:00 [RX telemetry] {"data_b64":"cT0wIGVjaG9fcmVwPTAgaGI9MCg=","description":"ble:LoRa-Chatter-72E0 E0:72:A1:D5:4C:15","device_key":"ble-address:e0:72:a1:d5:4c:15","kind":"rx","seq":299,"session":"s2","stream":"telemetry","text":"q=0 echo_rep=0 hb=0(","timestamp":1790458586.4117694}
2026-09-27T00:36:26.412+03:00 [RX telemetry] {"data_b64":"aWRsZT0wKSBlcnI9MCBzdGFydGU=","description":"ble:LoRa-Chatter-72E0 E0:72:A1:D5:4C:15","device_key":"ble-address:e0:72:a1:d5:4c:15","kind":"rx","seq":300,"session":"s2","stream":"telemetry","text":"idle=0) err=0 starte","timestamp":1790458586.4128206}
2026-09-27T00:36:26.413+03:00 [RX telemetry] {"data_b64":"ZD0yMCBSWCBvaz0yMCB1c2VyPTE=","description":"ble:LoRa-Chatter-72E0 E0:72:A1:D5:4C:15","device_key":"ble-address:e0:72:a1:d5:4c:15","kind":"rx","seq":301,"session":"s2","stream":"telemetry","text":"d=20 RX ok=20 user=1","timestamp":1790458586.4131303}
2026-09-27T00:36:26.460+03:00 [RX telemetry] {"data_b64":"MiBlY2hvX3JlcT0wIGVjaG9fcmU=","description":"ble:LoRa-Chatter-72E0 E0:72:A1:D5:4C:15","device_key":"ble-address:e0:72:a1:d5:4c:15","kind":"rx","seq":302,"session":"s2","stream":"telemetry","text":"2 echo_req=0 echo_re","timestamp":1790458586.45993}
2026-09-27T00:36:26.462+03:00 [RX telemetry] {"data_b64":"cD0wIGhiPTAgY3JjPTYgaGRyPTU=","description":"ble:LoRa-Chatter-72E0 E0:72:A1:D5:4C:15","device_key":"ble-address:e0:72:a1:d5:4c:15","kind":"rx","seq":303,"session":"s2","stream":"telemetry","text":"p=0 hb=0 crc=6 hdr=5","timestamp":1790458586.4601576}
2026-09-27T00:36:26.463+03:00 [RX telemetry] {"data_b64":"IGJhZD0wIHJlYWRlcnI9MCByZXA=","description":"ble:LoRa-Chatter-72E0 E0:72:A1:D5:4C:15","device_key":"ble-address:e0:72:a1:d5:4c:15","kind":"rx","seq":304,"session":"s2","stream":"telemetry","text":" bad=0 readerr=0 rep","timestamp":1790458586.4601834}
2026-09-27T00:36:26.463+03:00 [RX telemetry] {"data_b64":"b3J0cz0yMCBRPTEwMCUgZHJvcHM=","description":"ble:LoRa-Chatter-72E0 E0:72:A1:D5:4C:15","device_key":"ble-address:e0:72:a1:d5:4c:15","kind":"rx","seq":305,"session":"s2","stream":"telemetry","text":"orts=20 Q=100% drops","timestamp":1790458586.4601998}
2026-09-27T00:36:26.463+03:00 [RX telemetry] {"data_b64":"PTAgZmF0YWw9MAo=","description":"ble:LoRa-Chatter-72E0 E0:72:A1:D5:4C:15","device_key":"ble-address:e0:72:a1:d5:4c:15","kind":"rx","seq":306,"session":"s2","stream":"telemetry","text":"=0 fatal=0\n","timestamp":1790458586.4628048}
2026-09-27T00:36:26.463+03:00 [RX telemetry] {"data_b64":"U0VTU0lPTiBDT1VSVEVTWSB3aW4=","description":"ble:LoRa-Chatter-72E0 E0:72:A1:D5:4C:15","device_key":"ble-address:e0:72:a1:d5:4c:15","kind":"rx","seq":307,"session":"s2","stream":"telemetry","text":"SESSION COURTESY win","timestamp":1790458586.4629626}
2026-09-27T00:36:26.463+03:00 [RX telemetry] {"data_b64":"ZG93PTUwMDBtcyBwZWVyX3JlbGU=","description":"ble:LoRa-Chatter-72E0 E0:72:A1:D5:4C:15","device_key":"ble-address:e0:72:a1:d5:4c:15","kind":"rx","seq":308,"session":"s2","stream":"telemetry","text":"dow=5000ms peer_rele","timestamp":1790458586.4630103}
2026-09-27T00:36:26.464+03:00 [RX telemetry] {"data_b64":"YXNlPTAgZXhwaXJlZD0wIHlpZWw=","description":"ble:LoRa-Chatter-72E0 E0:72:A1:D5:4C:15","device_key":"ble-address:e0:72:a1:d5:4c:15","kind":"rx","seq":309,"session":"s2","stream":"telemetry","text":"ase=0 expired=0 yiel","timestamp":1790458586.4630847}
2026-09-27T00:36:26.464+03:00 [RX telemetry] {"data_b64":"ZGluZz0wCg==","description":"ble:LoRa-Chatter-72E0 E0:72:A1:D5:4C:15","device_key":"ble-address:e0:72:a1:d5:4c:15","kind":"rx","seq":310,"session":"s2","stream":"telemetry","text":"ding=0\n","timestamp":1790458586.463534}
2026-09-27T00:36:26.464+03:00 [RX telemetry] {"data_b64":"U0VTU0lPTiBESU8wX1RYIGFmZmU=","description":"ble:LoRa-Chatter-72E0 E0:72:A1:D5:4C:15","device_key":"ble-address:e0:72:a1:d5:4c:15","kind":"rx","seq":311,"session":"s2","stream":"telemetry","text":"SESSION DIO0_TX affe","timestamp":1790458586.4635696}
2026-09-27T00:36:26.464+03:00 [RX telemetry] {"data_b64":"Y3RlZD0wLzIwIGVwaXNvZGVzPTA=","description":"ble:LoRa-Chatter-72E0 E0:72:A1:D5:4C:15","device_key":"ble-address:e0:72:a1:d5:4c:15","kind":"rx","seq":312,"session":"s2","stream":"telemetry","text":"cted=0/20 episodes=0","timestamp":1790458586.4635863}
2026-09-27T00:36:26.464+03:00 [RX telemetry] {"data_b64":"IGF2Z19hbGw9MC4wMCBhdmdfYWY=","description":"ble:LoRa-Chatter-72E0 E0:72:A1:D5:4C:15","device_key":"ble-address:e0:72:a1:d5:4c:15","kind":"rx","seq":313,"session":"s2","stream":"telemetry","text":" avg_all=0.00 avg_af","timestamp":1790458586.46435}
2026-09-27T00:36:26.464+03:00 [RX telemetry] {"data_b64":"ZmVjdGVkPTAuMDAgaGlnaF9wb2w=","description":"ble:LoRa-Chatter-72E0 E0:72:A1:D5:4C:15","device_key":"ble-address:e0:72:a1:d5:4c:15","kind":"rx","seq":314,"session":"s2","stream":"telemetry","text":"fected=0.00 high_pol","timestamp":1790458586.464395}
2026-09-27T00:36:26.464+03:00 [RX telemetry] {"data_b64":"bHM9MAo=","description":"ble:LoRa-Chatter-72E0 E0:72:A1:D5:4C:15","device_key":"ble-address:e0:72:a1:d5:4c:15","kind":"rx","seq":315,"session":"s2","stream":"telemetry","text":"ls=0\n","timestamp":1790458586.4644253}
2026-09-27T00:36:26.464+03:00 [RX telemetry] {"data_b64":"U0VTU0lPTiBSWF9QT0xMIHBvbGw=","description":"ble:LoRa-Chatter-72E0 E0:72:A1:D5:4C:15","device_key":"ble-address:e0:72:a1:d5:4c:15","kind":"rx","seq":316,"session":"s2","stream":"telemetry","text":"SESSION RX_POLL poll","timestamp":1790458586.4644513}
2026-09-27T00:36:26.465+03:00 [RX telemetry] {"data_b64":"cz0xODk1NDU0IHJ4ZG9uZT0zMSA=","description":"ble:LoRa-Chatter-72E0 E0:72:A1:D5:4C:15","device_key":"ble-address:e0:72:a1:d5:4c:15","kind":"rx","seq":317,"session":"s2","stream":"telemetry","text":"s=1895454 rxdone=31 ","timestamp":1790458586.4658506}
2026-09-27T00:36:26.466+03:00 [RX telemetry] {"data_b64":"aW50ZXJ2YWw9MTAwMHVzIERJTzA=","description":"ble:LoRa-Chatter-72E0 E0:72:A1:D5:4C:15","device_key":"ble-address:e0:72:a1:d5:4c:15","kind":"rx","seq":318,"session":"s2","stream":"telemetry","text":"interval=1000us DIO0","timestamp":1790458586.4661288}
2026-09-27T00:36:26.466+03:00 [RX telemetry] {"data_b64":"X1JYIGZhbHNlX2hpZ2hfZXA9MCA=","description":"ble:LoRa-Chatter-72E0 E0:72:A1:D5:4C:15","device_key":"ble-address:e0:72:a1:d5:4c:15","kind":"rx","seq":319,"session":"s2","stream":"telemetry","text":"_RX false_high_ep=0 ","timestamp":1790458586.4664402}
2026-09-27T00:36:26.467+03:00 [RX telemetry] {"data_b64":"aGlnaF9wb2xscz0wIHJ4ZG9uZV8=","description":"ble:LoRa-Chatter-72E0 E0:72:A1:D5:4C:15","device_key":"ble-address:e0:72:a1:d5:4c:15","kind":"rx","seq":320,"session":"s2","stream":"telemetry","text":"high_polls=0 rxdone_","timestamp":1790458586.467805}
2026-09-27T00:36:26.468+03:00 [RX telemetry] {"data_b64":"bG93PTAgaXNyPWRpc2FibGVkCg==","description":"ble:LoRa-Chatter-72E0 E0:72:A1:D5:4C:15","device_key":"ble-address:e0:72:a1:d5:4c:15","kind":"rx","seq":321,"session":"s2","stream":"telemetry","text":"low=0 isr=disabled\n","timestamp":1790458586.4680734}
2026-09-27T00:36:28.947+03:00 [AGENT REQUEST] {"id":38,"op":"send_line","session":"s1","text":"A"}
2026-09-27T00:36:28.947+03:00 [TX] {"data_b64":"QQo=","device_key":"ble-address:44:1b:f6:8d:b7:a9","kind":"tx","seq":511,"session":"s1","text":"A","timestamp":1790458588.9473505,"tx_id":12,"tx_state":"queued"}
2026-09-27T00:36:28.948+03:00 [AGENT RESPONSE] {"id":38,"ok":true,"result":{"state":"queued","tx_id":12}}
2026-09-27T00:36:28.948+03:00 [TX] {"data_b64":"QQo=","description":"ble:LoRa-Chatter-1B44 44:1B:F6:8D:B7:A9","device_key":"ble-address:44:1b:f6:8d:b7:a9","kind":"tx","seq":512,"session":"s1","text":"A","timestamp":1790458588.9483404,"tx_id":12,"tx_state":"written"}
2026-09-27T00:36:29.071+03:00 [RX telemetry] {"data_b64":"REVMSVZFUlkgUVVFVUVEIHNvdXI=","description":"ble:LoRa-Chatter-1B44 44:1B:F6:8D:B7:A9","device_key":"ble-address:44:1b:f6:8d:b7:a9","kind":"rx","seq":513,"session":"s1","stream":"telemetry","text":"DELIVERY QUEUED sour","timestamp":1790458589.0711935}
2026-09-27T00:36:29.072+03:00 [RX telemetry] {"data_b64":"Y2U9MiBieXRlcz0xIHdhaXRpbmc=","description":"ble:LoRa-Chatter-1B44 44:1B:F6:8D:B7:A9","device_key":"ble-address:44:1b:f6:8d:b7:a9","kind":"rx","seq":514,"session":"s1","stream":"telemetry","text":"ce=2 bytes=1 waiting","timestamp":1790458589.0726032}
2026-09-27T00:36:29.072+03:00 [RX telemetry] {"data_b64":"PTEvOCBpbl9mbGlnaHQ9MAo=","description":"ble:LoRa-Chatter-1B44 44:1B:F6:8D:B7:A9","device_key":"ble-address:44:1b:f6:8d:b7:a9","kind":"rx","seq":515,"session":"s1","stream":"telemetry","text":"=1/8 in_flight=0\n","timestamp":1790458589.072644}
2026-09-27T00:36:29.073+03:00 [RX telemetry] {"data_b64":"ClRYIFVTRVIgc2VxPTQ2IGZyYW0=","description":"ble:LoRa-Chatter-1B44 44:1B:F6:8D:B7:A9","device_key":"ble-address:44:1b:f6:8d:b7:a9","kind":"rx","seq":516,"session":"s1","stream":"telemetry","text":"\nTX USER seq=46 fram","timestamp":1790458589.0726788}
2026-09-27T00:36:29.074+03:00 [RX telemetry] {"data_b64":"ZT0xM0IgdXNlcj0xQiBhdHRlbXA=","description":"ble:LoRa-Chatter-1B44 44:1B:F6:8D:B7:A9","device_key":"ble-address:44:1b:f6:8d:b7:a9","kind":"rx","seq":517,"session":"s1","stream":"telemetry","text":"e=13B user=1B attemp","timestamp":1790458589.0738707}
2026-09-27T00:36:29.074+03:00 [RX telemetry] {"data_b64":"dD0xLzUgT0sgdGltZT0xMyBtcwo=","description":"ble:LoRa-Chatter-1B44 44:1B:F6:8D:B7:A9","device_key":"ble-address:44:1b:f6:8d:b7:a9","kind":"rx","seq":518,"session":"s1","stream":"telemetry","text":"t=1/5 OK time=13 ms\n","timestamp":1790458589.0740314}
2026-09-27T00:36:29.074+03:00 [RX chat] {"data_b64":"PiBBCg==","description":"ble:LoRa-Chatter-1B44 44:1B:F6:8D:B7:A9","device_key":"ble-address:44:1b:f6:8d:b7:a9","kind":"rx","seq":519,"session":"s1","stream":"chat","text":"> A\n","timestamp":1790458589.0744374}
2026-09-27T00:36:29.074+03:00 [RX telemetry] {"data_b64":"REVMSVZFUlkgV0FJVF9BQ0sgdXM=","description":"ble:LoRa-Chatter-1B44 44:1B:F6:8D:B7:A9","device_key":"ble-address:44:1b:f6:8d:b7:a9","kind":"rx","seq":520,"session":"s1","stream":"telemetry","text":"DELIVERY WAIT_ACK us","timestamp":1790458589.0746665}
2026-09-27T00:36:29.074+03:00 [RX telemetry] {"data_b64":"ZXI9MEJDNy80NiBhdHRlbXB0PTE=","description":"ble:LoRa-Chatter-1B44 44:1B:F6:8D:B7:A9","device_key":"ble-address:44:1b:f6:8d:b7:a9","kind":"rx","seq":521,"session":"s1","stream":"telemetry","text":"er=0BC7/46 attempt=1","timestamp":1790458589.0747032}
2026-09-27T00:36:29.075+03:00 [RX telemetry] {"data_b64":"LzUgdGltZW91dD03MTJtcyBxdWU=","description":"ble:LoRa-Chatter-1B44 44:1B:F6:8D:B7:A9","device_key":"ble-address:44:1b:f6:8d:b7:a9","kind":"rx","seq":522,"session":"s1","stream":"telemetry","text":"/5 timeout=712ms que","timestamp":1790458589.0757918}
2026-09-27T00:36:29.076+03:00 [RX telemetry] {"data_b64":"dWU9MAo=","description":"ble:LoRa-Chatter-1B44 44:1B:F6:8D:B7:A9","device_key":"ble-address:44:1b:f6:8d:b7:a9","kind":"rx","seq":523,"session":"s1","stream":"telemetry","text":"ue=0\n","timestamp":1790458589.0761201}
2026-09-27T00:36:29.165+03:00 [RX telemetry] {"data_b64":"UEVFUl9SRVBPUlQgb3VyX3NlcT0=","description":"ble:LoRa-Chatter-72E0 E0:72:A1:D5:4C:15","device_key":"ble-address:e0:72:a1:d5:4c:15","kind":"rx","seq":322,"session":"s2","stream":"telemetry","text":"PEER_REPORT our_seq=","timestamp":1790458589.1652148}
2026-09-27T00:36:29.165+03:00 [RX telemetry] {"data_b64":"MTkgVFg9LTQ2LzUgUTEwMAo=","description":"ble:LoRa-Chatter-72E0 E0:72:A1:D5:4C:15","device_key":"ble-address:e0:72:a1:d5:4c:15","kind":"rx","seq":323,"session":"s2","stream":"telemetry","text":"19 TX=-46/5 Q100\n","timestamp":1790458589.1656525}
2026-09-27T00:36:29.167+03:00 [RX telemetry] {"data_b64":"ClJYIFVTRVIgc2Vzc2lvbj0wQkM=","description":"ble:LoRa-Chatter-72E0 E0:72:A1:D5:4C:15","device_key":"ble-address:e0:72:a1:d5:4c:15","kind":"rx","seq":324,"session":"s2","stream":"telemetry","text":"\nRX USER session=0BC","timestamp":1790458589.166872}
2026-09-27T00:36:29.167+03:00 [RX telemetry] {"data_b64":"NyBzZXE9NDYgZnJhbWU9MTNCIHU=","description":"ble:LoRa-Chatter-72E0 E0:72:A1:D5:4C:15","device_key":"ble-address:e0:72:a1:d5:4c:15","kind":"rx","seq":325,"session":"s2","stream":"telemetry","text":"7 seq=46 frame=13B u","timestamp":1790458589.1669943}
2026-09-27T00:36:29.167+03:00 [RX telemetry] {"data_b64":"c2VyPTFCIFJYPS00NC81IFExMDA=","description":"ble:LoRa-Chatter-72E0 E0:72:A1:D5:4C:15","device_key":"ble-address:e0:72:a1:d5:4c:15","kind":"rx","seq":326,"session":"s2","stream":"telemetry","text":"ser=1B RX=-44/5 Q100","timestamp":1790458589.1673791}
2026-09-27T00:36:29.167+03:00 [RX telemetry] {"data_b64":"IGRpc3Bvc2l0aW9uPTAK","description":"ble:LoRa-Chatter-72E0 E0:72:A1:D5:4C:15","device_key":"ble-address:e0:72:a1:d5:4c:15","kind":"rx","seq":327,"session":"s2","stream":"telemetry","text":" disposition=0\n","timestamp":1790458589.1674025}
2026-09-27T00:36:29.169+03:00 [RX chat] {"data_b64":"PCBbLTQ0LzUgUTEwMF0gQQo=","description":"ble:LoRa-Chatter-72E0 E0:72:A1:D5:4C:15","device_key":"ble-address:e0:72:a1:d5:4c:15","kind":"rx","seq":328,"session":"s2","stream":"chat","text":"< [-44/5 Q100] A\n","timestamp":1790458589.1688542}
2026-09-27T00:36:29.253+03:00 [RX telemetry] {"data_b64":"UEVFUl9SRVBPUlQgb3VyX3NlcT0=","description":"ble:LoRa-Chatter-1B44 44:1B:F6:8D:B7:A9","device_key":"ble-address:44:1b:f6:8d:b7:a9","kind":"rx","seq":524,"session":"s1","stream":"telemetry","text":"PEER_REPORT our_seq=","timestamp":1790458589.253}
2026-09-27T00:36:29.253+03:00 [RX telemetry] {"data_b64":"NDYgVFg9LTQ0LzUgUTEwMAo=","description":"ble:LoRa-Chatter-1B44 44:1B:F6:8D:B7:A9","device_key":"ble-address:44:1b:f6:8d:b7:a9","kind":"rx","seq":525,"session":"s1","stream":"telemetry","text":"46 TX=-44/5 Q100\n","timestamp":1790458589.2530615}
2026-09-27T00:36:29.253+03:00 [RX telemetry] {"data_b64":"ClJYIEFDSyBzZXNzaW9uPTYzQTY=","description":"ble:LoRa-Chatter-1B44 44:1B:F6:8D:B7:A9","device_key":"ble-address:44:1b:f6:8d:b7:a9","kind":"rx","seq":526,"session":"s1","stream":"telemetry","text":"\nRX ACK session=63A6","timestamp":1790458589.2531662}
2026-09-27T00:36:29.256+03:00 [RX telemetry] {"data_b64":"ClRYIEFDSyBzZXE9MjAgYWNrX3Q=","description":"ble:LoRa-Chatter-72E0 E0:72:A1:D5:4C:15","device_key":"ble-address:e0:72:a1:d5:4c:15","kind":"rx","seq":329,"session":"s2","stream":"telemetry","text":"\nTX ACK seq=20 ack_t","timestamp":1790458589.255878}
2026-09-27T00:36:29.256+03:00 [RX telemetry] {"data_b64":"bz0wQkM3LzQ2IGZyYW1lPTE0QiA=","description":"ble:LoRa-Chatter-72E0 E0:72:A1:D5:4C:15","device_key":"ble-address:e0:72:a1:d5:4c:15","kind":"rx","seq":330,"session":"s2","stream":"telemetry","text":"o=0BC7/46 frame=14B ","timestamp":1790458589.2562895}
2026-09-27T00:36:29.256+03:00 [RX telemetry] {"data_b64":"T0sgdGltZT0xNCBtcyBndWFyZD0=","description":"ble:LoRa-Chatter-72E0 E0:72:A1:D5:4C:15","device_key":"ble-address:e0:72:a1:d5:4c:15","kind":"rx","seq":331,"session":"s2","stream":"telemetry","text":"OK time=14 ms guard=","timestamp":1790458589.2563298}
2026-09-27T00:36:29.256+03:00 [RX telemetry] {"data_b64":"NTAwbXMK","description":"ble:LoRa-Chatter-72E0 E0:72:A1:D5:4C:15","device_key":"ble-address:e0:72:a1:d5:4c:15","kind":"rx","seq":332,"session":"s2","stream":"telemetry","text":"500ms\n","timestamp":1790458589.2566216}
2026-09-27T00:36:29.296+03:00 [RX telemetry] {"data_b64":"IHNlcT0yMCBhY2tfdG89MEJDNy8=","description":"ble:LoRa-Chatter-1B44 44:1B:F6:8D:B7:A9","device_key":"ble-address:44:1b:f6:8d:b7:a9","kind":"rx","seq":527,"session":"s1","stream":"telemetry","text":" seq=20 ack_to=0BC7/","timestamp":1790458589.2961621}
2026-09-27T00:36:29.296+03:00 [RX telemetry] {"data_b64":"NDYgZnJhbWU9MTRCIFJYPS00NC8=","description":"ble:LoRa-Chatter-1B44 44:1B:F6:8D:B7:A9","device_key":"ble-address:44:1b:f6:8d:b7:a9","kind":"rx","seq":528,"session":"s1","stream":"telemetry","text":"46 frame=14B RX=-44/","timestamp":1790458589.2966404}
2026-09-27T00:36:29.296+03:00 [RX telemetry] {"data_b64":"NiBRMTAwCg==","description":"ble:LoRa-Chatter-1B44 44:1B:F6:8D:B7:A9","device_key":"ble-address:44:1b:f6:8d:b7:a9","kind":"rx","seq":529,"session":"s1","stream":"telemetry","text":"6 Q100\n","timestamp":1790458589.2966688}
2026-09-27T00:36:29.341+03:00 [RX telemetry] {"data_b64":"REVMSVZFUlkgQUNLIHVzZXI9MEI=","description":"ble:LoRa-Chatter-1B44 44:1B:F6:8D:B7:A9","device_key":"ble-address:44:1b:f6:8d:b7:a9","kind":"rx","seq":530,"session":"s1","stream":"telemetry","text":"DELIVERY ACK user=0B","timestamp":1790458589.341361}
2026-09-27T00:36:29.341+03:00 [RX telemetry] {"data_b64":"QzcvNDYgYXR0ZW1wdHM9MS81IGU=","description":"ble:LoRa-Chatter-1B44 44:1B:F6:8D:B7:A9","device_key":"ble-address:44:1b:f6:8d:b7:a9","kind":"rx","seq":531,"session":"s1","stream":"telemetry","text":"C7/46 attempts=1/5 e","timestamp":1790458589.3414087}
2026-09-27T00:36:29.341+03:00 [RX telemetry] {"data_b64":"bGFwc2VkPTIyMW1zIHF1ZXVlPTA=","description":"ble:LoRa-Chatter-1B44 44:1B:F6:8D:B7:A9","device_key":"ble-address:44:1b:f6:8d:b7:a9","kind":"rx","seq":532,"session":"s1","stream":"telemetry","text":"lapsed=221ms queue=0","timestamp":1790458589.3417811}
2026-09-27T00:36:29.387+03:00 [RX telemetry] {"data_b64":"Cg==","description":"ble:LoRa-Chatter-1B44 44:1B:F6:8D:B7:A9","device_key":"ble-address:44:1b:f6:8d:b7:a9","kind":"rx","seq":533,"session":"s1","stream":"telemetry","text":"\n","timestamp":1790458589.3869827}
2026-09-27T00:36:30.053+03:00 [AGENT REQUEST] {"id":39,"op":"observe","cursors":{"s1":433,"s2":244},"timeout_ms":2500}
2026-09-27T00:36:30.056+03:00 [AGENT RESPONSE] {"id":39,"ok":true,"result":{"cursors":{"s1":533,"s2":332},"lines":[{"seq_first":434,"seq_last":434,"session":"s1","stream":"telemetry","text":""},{"seq_first":434,"seq_last":443,"session":"s1","stream":"telemetry","text":"SESSION t=3240s TX ok=46 user=25 echo_req=0 echo_rep=0 hb=0(idle=0) err=0 started=46 RX ok=46 user=21 echo_req=0 echo_rep=0 hb=0 crc=2 hdr=4 bad=1 readerr=0 reports=46 Q=100% drops=0 fatal=0"},{"seq_first":444,"seq_last":447,"session":"s1","stream":"telemetry","text":"SESSION COURTESY window=5000ms peer_release=0 expired=0 yielding=0"},{"seq_first":448,"seq_last":452,"session":"s1","stream":"telemetry","text":"SESSION DIO0_TX affected=0/46 episodes=0 avg_all=0.00 avg_affected=0.00 high_polls=0"},{"seq_first":453,"seq_last":458,"session":"s1","stream":"telemetry","text":"SESSION RX_POLL polls=2478157 rxdone=53 interval=1000us DIO0_RX false_high_ep=0 high_polls=0 rxdone_low=1 isr=disabled"},{"seq_first":245,"seq_last":245,"session":"s2","stream":"telemetry","text":""},{"seq_first":245,"seq_last":246,"session":"s2","stream":"telemetry","text":"RX HEADER ERROR IRQ=0x50 RX=-122/-12"},{"seq_first":247,"seq_last":247,"session":"s2","stream":"telemetry","text":""},{"seq_first":247,"seq_last":256,"session":"s2","stream":"telemetry","text":"SESSION t=2520s TX ok=20 user=8 echo_req=0 echo_rep=0 hb=0(idle=0) err=0 started=20 RX ok=20 user=12 echo_req=0 echo_rep=0 hb=0 crc=6 hdr=5 bad=0 readerr=0 reports=20 Q=100% drops=0 fatal=0"},{"seq_first":257,"seq_last":260,"session":"s2","stream":"telemetry","text":"SESSION COURTESY window=5000ms peer_release=0 expired=0 yielding=0"},{"seq_first":261,"seq_last":265,"session":"s2","stream":"telemetry","text":"SESSION DIO0_TX affected=0/20 episodes=0 avg_all=0.00 avg_affected=0.00 high_polls=0"},{"seq_first":266,"seq_last":271,"session":"s2","stream":"telemetry","text":"SESSION RX_POLL polls=1795667 rxdone=31 interval=1000us DIO0_RX false_high_ep=0 high_polls=0 rxdone_low=0 isr=disabled"},{"seq_first":459,"seq_last":459,"session":"s1","stream":"telemetry","text":""},{"seq_first":459,"seq_last":468,"session":"s1","stream":"telemetry","text":"SESSION t=3300s TX ok=46 user=25 echo_req=0 echo_rep=0 hb=0(idle=0) err=0 started=46 RX ok=46 user=21 echo_req=0 echo_rep=0 hb=0 crc=2 hdr=4 bad=1 readerr=0 reports=46 Q=100% drops=0 fatal=0"},{"seq_first":469,"seq_last":472,"session":"s1","stream":"telemetry","text":"SESSION COURTESY window=5000ms peer_release=0 expired=0 yielding=0"},{"seq_first":473,"seq_last":477,"session":"s1","stream":"telemetry","text":"SESSION DIO0_TX affected=0/46 episodes=0 avg_all=0.00 avg_affected=0.00 high_polls=0"},{"seq_first":478,"seq_last":483,"session":"s1","stream":"telemetry","text":"SESSION RX_POLL polls=2537840 rxdone=53 interval=1000us DIO0_RX false_high_ep=0 high_polls=0 rxdone_low=1 isr=disabled"},{"seq_first":484,"seq_last":484,"session":"s1","stream":"telemetry","text":""},{"seq_first":484,"seq_last":485,"session":"s1","stream":"telemetry","text":"RX HEADER ERROR IRQ=0x50 RX=-118/-12"},{"seq_first":272,"seq_last":272,"session":"s2","stream":"telemetry","text":""},{"seq_first":272,"seq_last":281,"session":"s2","stream":"telemetry","text":"SESSION t=2580s TX ok=20 user=8 echo_req=0 echo_rep=0 hb=0(idle=0) err=0 started=20 RX ok=20 user=12 echo_req=0 echo_rep=0 hb=0 crc=6 hdr=5 bad=0 readerr=0 reports=20 Q=100% drops=0 fatal=0"},{"seq_first":282,"seq_last":285,"session":"s2","stream":"telemetry","text":"SESSION COURTESY window=5000ms peer_release=0 expired=0 yielding=0"},{"seq_first":286,"seq_last":290,"session":"s2","stream":"telemetry","text":"SESSION DIO0_TX affected=0/20 episodes=0 avg_all=0.00 avg_affected=0.00 high_polls=0"},{"seq_first":291,"seq_last":296,"session":"s2","stream":"telemetry","text":"SESSION RX_POLL polls=1855458 rxdone=31 interval=1000us DIO0_RX false_high_ep=0 high_polls=0 rxdone_low=0 isr=disabled"},{"seq_first":486,"seq_last":486,"session":"s1","stream":"telemetry","text":""},{"seq_first":486,"seq_last":495,"session":"s1","stream":"telemetry","text":"SESSION t=3360s TX ok=46 user=25 echo_req=0 echo_rep=0 hb=0(idle=0) err=0 started=46 RX ok=46 user=21 echo_req=0 echo_rep=0 hb=0 crc=2 hdr=5 bad=1 readerr=0 reports=46 Q=100% drops=0 fatal=0"},{"seq_first":496,"seq_last":499,"session":"s1","stream":"telemetry","text":"SESSION COURTESY window=5000ms peer_release=0 expired=0 yielding=0"},{"seq_first":500,"seq_last":504,"session":"s1","stream":"telemetry","text":"SESSION DIO0_TX affected=0/46 episodes=0 avg_all=0.00 avg_affected=0.00 high_polls=0"},{"seq_first":505,"seq_last":510,"session":"s1","stream":"telemetry","text":"SESSION RX_POLL polls=2597498 rxdone=54 interval=1000us DIO0_RX false_high_ep=0 high_polls=0 rxdone_low=1 isr=disabled"},{"seq_first":297,"seq_last":297,"session":"s2","stream":"telemetry","text":""},{"seq_first":297,"seq_last":306,"session":"s2","stream":"telemetry","text":"SESSION t=2640s TX ok=20 user=8 echo_req=0 echo_rep=0 hb=0(idle=0) err=0 started=20 RX ok=20 user=12 echo_req=0 echo_rep=0 hb=0 crc=6 hdr=5 bad=0 readerr=0 reports=20 Q=100% drops=0 fatal=0"},{"seq_first":307,"seq_last":310,"session":"s2","stream":"telemetry","text":"SESSION COURTESY window=5000ms peer_release=0 expired=0 yielding=0"},{"seq_first":311,"seq_last":315,"session":"s2","stream":"telemetry","text":"SESSION DIO0_TX affected=0/20 episodes=0 avg_all=0.00 avg_affected=0.00 high_polls=0"},{"seq_first":316,"seq_last":321,"session":"s2","stream":"telemetry","text":"SESSION RX_POLL polls=1895454 rxdone=31 interval=1000us DIO0_RX false_high_ep=0 high_polls=0 rxdone_low=0 isr=disabled"},{"seq_first":513,"seq_last":515,"session":"s1","stream":"telemetry","text":"DELIVERY QUEUED source=2 bytes=1 waiting=1/8 in_flight=0"},{"seq_first":516,"seq_last":516,"session":"s1","stream":"telemetry","text":""},{"seq_first":516,"seq_last":518,"session":"s1","stream":"telemetry","text":"TX USER seq=46 frame=13B user=1B attempt=1/5 OK time=13 ms"},{"seq_first":519,"seq_last":519,"session":"s1","stream":"chat","text":"> A"},{"seq_first":520,"seq_last":523,"session":"s1","stream":"telemetry","text":"DELIVERY WAIT_ACK user=0BC7/46 attempt=1/5 timeout=712ms queue=0"},{"seq_first":322,"seq_last":323,"session":"s2","stream":"telemetry","text":"PEER_REPORT our_seq=19 TX=-46/5 Q100"},{"seq_first":324,"seq_last":324,"session":"s2","stream":"telemetry","text":""},{"seq_first":324,"seq_last":327,"session":"s2","stream":"telemetry","text":"RX USER session=0BC7 seq=46 frame=13B user=1B RX=-44/5 Q100 disposition=0"},{"seq_first":328,"seq_last":328,"session":"s2","stream":"chat","text":"< [-44/5 Q100] A"},{"seq_first":524,"seq_last":525,"session":"s1","stream":"telemetry","text":"PEER_REPORT our_seq=46 TX=-44/5 Q100"},{"seq_first":526,"seq_last":526,"session":"s1","stream":"telemetry","text":""},{"seq_first":329,"seq_last":329,"session":"s2","stream":"telemetry","text":""},{"seq_first":329,"seq_last":332,"session":"s2","stream":"telemetry","text":"TX ACK seq=20 ack_to=0BC7/46 frame=14B OK time=14 ms guard=500ms"},{"seq_first":526,"seq_last":529,"session":"s1","stream":"telemetry","text":"RX ACK session=63A6 seq=20 ack_to=0BC7/46 frame=14B RX=-44/6 Q100"},{"seq_first":530,"seq_last":533,"session":"s1","stream":"telemetry","text":"DELIVERY ACK user=0BC7/46 attempts=1/5 elapsed=221ms queue=0"}],"timed_out":false}}
2026-09-27T00:36:57.831+03:00 [RX telemetry] {"data_b64":"ClJYIENSQyBFUlJPUiBJUlE9MHg=","description":"ble:LoRa-Chatter-72E0 E0:72:A1:D5:4C:15","device_key":"ble-address:e0:72:a1:d5:4c:15","kind":"rx","seq":333,"session":"s2","stream":"telemetry","text":"\nRX CRC ERROR IRQ=0x","timestamp":1790458617.8299546}
2026-09-27T00:36:57.831+03:00 [RX telemetry] {"data_b64":"NzAgUlg9LTEyMC8tMTIgbGVuPTE=","description":"ble:LoRa-Chatter-72E0 E0:72:A1:D5:4C:15","device_key":"ble-address:e0:72:a1:d5:4c:15","kind":"rx","seq":334,"session":"s2","stream":"telemetry","text":"70 RX=-120/-12 len=1","timestamp":1790458617.830447}
2026-09-27T00:36:57.831+03:00 [RX telemetry] {"data_b64":"NAo=","description":"ble:LoRa-Chatter-72E0 E0:72:A1:D5:4C:15","device_key":"ble-address:e0:72:a1:d5:4c:15","kind":"rx","seq":335,"session":"s2","stream":"telemetry","text":"4\n","timestamp":1790458617.8305466}
2026-09-27T00:37:06.198+03:00 [RX telemetry] {"data_b64":"ClNFU1NJT04gdD0zNDIwcyBUWCA=","description":"ble:LoRa-Chatter-1B44 44:1B:F6:8D:B7:A9","device_key":"ble-address:44:1b:f6:8d:b7:a9","kind":"rx","seq":534,"session":"s1","stream":"telemetry","text":"\nSESSION t=3420s TX ","timestamp":1790458626.1976173}
2026-09-27T00:37:06.198+03:00 [RX telemetry] {"data_b64":"b2s9NDcgdXNlcj0yNiBlY2hvX3I=","description":"ble:LoRa-Chatter-1B44 44:1B:F6:8D:B7:A9","device_key":"ble-address:44:1b:f6:8d:b7:a9","kind":"rx","seq":535,"session":"s1","stream":"telemetry","text":"ok=47 user=26 echo_r","timestamp":1790458626.1977196}
2026-09-27T00:37:06.198+03:00 [RX telemetry] {"data_b64":"ZXE9MCBlY2hvX3JlcD0wIGhiPTA=","description":"ble:LoRa-Chatter-1B44 44:1B:F6:8D:B7:A9","device_key":"ble-address:44:1b:f6:8d:b7:a9","kind":"rx","seq":536,"session":"s1","stream":"telemetry","text":"eq=0 echo_rep=0 hb=0","timestamp":1790458626.197762}
2026-09-27T00:37:06.198+03:00 [RX telemetry] {"data_b64":"KGlkbGU9MCkgZXJyPTAgc3RhcnQ=","description":"ble:LoRa-Chatter-1B44 44:1B:F6:8D:B7:A9","device_key":"ble-address:44:1b:f6:8d:b7:a9","kind":"rx","seq":537,"session":"s1","stream":"telemetry","text":"(idle=0) err=0 start","timestamp":1790458626.198494}
2026-09-27T00:37:06.200+03:00 [RX telemetry] {"data_b64":"ZWQ9NDcgUlggb2s9NDcgdXNlcj0=","description":"ble:LoRa-Chatter-1B44 44:1B:F6:8D:B7:A9","device_key":"ble-address:44:1b:f6:8d:b7:a9","kind":"rx","seq":538,"session":"s1","stream":"telemetry","text":"ed=47 RX ok=47 user=","timestamp":1790458626.2002037}
2026-09-27T00:37:06.200+03:00 [RX telemetry] {"data_b64":"MjEgZWNob19yZXE9MCBlY2hvX3I=","description":"ble:LoRa-Chatter-1B44 44:1B:F6:8D:B7:A9","device_key":"ble-address:44:1b:f6:8d:b7:a9","kind":"rx","seq":539,"session":"s1","stream":"telemetry","text":"21 echo_req=0 echo_r","timestamp":1790458626.2002625}
2026-09-27T00:37:06.201+03:00 [RX telemetry] {"data_b64":"ZXA9MCBoYj0wIGNyYz0yIGhkcj0=","description":"ble:LoRa-Chatter-1B44 44:1B:F6:8D:B7:A9","device_key":"ble-address:44:1b:f6:8d:b7:a9","kind":"rx","seq":540,"session":"s1","stream":"telemetry","text":"ep=0 hb=0 crc=2 hdr=","timestamp":1790458626.2009444}
2026-09-27T00:37:06.201+03:00 [RX telemetry] {"data_b64":"NSBiYWQ9MSByZWFkZXJyPTAgcmU=","description":"ble:LoRa-Chatter-1B44 44:1B:F6:8D:B7:A9","device_key":"ble-address:44:1b:f6:8d:b7:a9","kind":"rx","seq":541,"session":"s1","stream":"telemetry","text":"5 bad=1 readerr=0 re","timestamp":1790458626.2009716}
2026-09-27T00:37:06.201+03:00 [RX telemetry] {"data_b64":"cG9ydHM9NDcgUT0xMDAlIGRyb3A=","description":"ble:LoRa-Chatter-1B44 44:1B:F6:8D:B7:A9","device_key":"ble-address:44:1b:f6:8d:b7:a9","kind":"rx","seq":542,"session":"s1","stream":"telemetry","text":"ports=47 Q=100% drop","timestamp":1790458626.200987}
2026-09-27T00:37:06.241+03:00 [RX telemetry] {"data_b64":"cz0wIGZhdGFsPTAK","description":"ble:LoRa-Chatter-1B44 44:1B:F6:8D:B7:A9","device_key":"ble-address:44:1b:f6:8d:b7:a9","kind":"rx","seq":543,"session":"s1","stream":"telemetry","text":"s=0 fatal=0\n","timestamp":1790458626.2411146}
2026-09-27T00:37:06.241+03:00 [RX telemetry] {"data_b64":"U0VTU0lPTiBDT1VSVEVTWSB3aW4=","description":"ble:LoRa-Chatter-1B44 44:1B:F6:8D:B7:A9","device_key":"ble-address:44:1b:f6:8d:b7:a9","kind":"rx","seq":544,"session":"s1","stream":"telemetry","text":"SESSION COURTESY win","timestamp":1790458626.2414906}
2026-09-27T00:37:06.241+03:00 [RX telemetry] {"data_b64":"ZG93PTUwMDBtcyBwZWVyX3JlbGU=","description":"ble:LoRa-Chatter-1B44 44:1B:F6:8D:B7:A9","device_key":"ble-address:44:1b:f6:8d:b7:a9","kind":"rx","seq":545,"session":"s1","stream":"telemetry","text":"dow=5000ms peer_rele","timestamp":1790458626.2417452}
2026-09-27T00:37:06.243+03:00 [RX telemetry] {"data_b64":"YXNlPTAgZXhwaXJlZD0wIHlpZWw=","description":"ble:LoRa-Chatter-1B44 44:1B:F6:8D:B7:A9","device_key":"ble-address:44:1b:f6:8d:b7:a9","kind":"rx","seq":546,"session":"s1","stream":"telemetry","text":"ase=0 expired=0 yiel","timestamp":1790458626.2428794}
2026-09-27T00:37:06.243+03:00 [RX telemetry] {"data_b64":"ZGluZz0wCg==","description":"ble:LoRa-Chatter-1B44 44:1B:F6:8D:B7:A9","device_key":"ble-address:44:1b:f6:8d:b7:a9","kind":"rx","seq":547,"session":"s1","stream":"telemetry","text":"ding=0\n","timestamp":1790458626.2432508}
2026-09-27T00:37:06.243+03:00 [RX telemetry] {"data_b64":"U0VTU0lPTiBESU8wX1RYIGFmZmU=","description":"ble:LoRa-Chatter-1B44 44:1B:F6:8D:B7:A9","device_key":"ble-address:44:1b:f6:8d:b7:a9","kind":"rx","seq":548,"session":"s1","stream":"telemetry","text":"SESSION DIO0_TX affe","timestamp":1790458626.2432857}
2026-09-27T00:37:06.245+03:00 [RX telemetry] {"data_b64":"Y3RlZD0wLzQ3IGVwaXNvZGVzPTA=","description":"ble:LoRa-Chatter-1B44 44:1B:F6:8D:B7:A9","device_key":"ble-address:44:1b:f6:8d:b7:a9","kind":"rx","seq":549,"session":"s1","stream":"telemetry","text":"cted=0/47 episodes=0","timestamp":1790458626.2450314}
2026-09-27T00:37:06.245+03:00 [RX telemetry] {"data_b64":"IGF2Z19hbGw9MC4wMCBhdmdfYWY=","description":"ble:LoRa-Chatter-1B44 44:1B:F6:8D:B7:A9","device_key":"ble-address:44:1b:f6:8d:b7:a9","kind":"rx","seq":550,"session":"s1","stream":"telemetry","text":" avg_all=0.00 avg_af","timestamp":1790458626.2456298}
2026-09-27T00:37:06.246+03:00 [RX telemetry] {"data_b64":"ZmVjdGVkPTAuMDAgaGlnaF9wb2w=","description":"ble:LoRa-Chatter-1B44 44:1B:F6:8D:B7:A9","device_key":"ble-address:44:1b:f6:8d:b7:a9","kind":"rx","seq":551,"session":"s1","stream":"telemetry","text":"fected=0.00 high_pol","timestamp":1790458626.2456741}
2026-09-27T00:37:06.247+03:00 [RX telemetry] {"data_b64":"bHM9MAo=","description":"ble:LoRa-Chatter-1B44 44:1B:F6:8D:B7:A9","device_key":"ble-address:44:1b:f6:8d:b7:a9","kind":"rx","seq":552,"session":"s1","stream":"telemetry","text":"ls=0\n","timestamp":1790458626.2473114}
2026-09-27T00:37:06.248+03:00 [RX telemetry] {"data_b64":"U0VTU0lPTiBSWF9QT0xMIHBvbGw=","description":"ble:LoRa-Chatter-1B44 44:1B:F6:8D:B7:A9","device_key":"ble-address:44:1b:f6:8d:b7:a9","kind":"rx","seq":553,"session":"s1","stream":"telemetry","text":"SESSION RX_POLL poll","timestamp":1790458626.2479594}
2026-09-27T00:37:06.248+03:00 [RX telemetry] {"data_b64":"cz0yNjQ0OTg0IHJ4ZG9uZT01NSA=","description":"ble:LoRa-Chatter-1B44 44:1B:F6:8D:B7:A9","device_key":"ble-address:44:1b:f6:8d:b7:a9","kind":"rx","seq":554,"session":"s1","stream":"telemetry","text":"s=2644984 rxdone=55 ","timestamp":1790458626.2480013}
2026-09-27T00:37:06.251+03:00 [RX telemetry] {"data_b64":"aW50ZXJ2YWw9MTAwMHVzIERJTzA=","description":"ble:LoRa-Chatter-1B44 44:1B:F6:8D:B7:A9","device_key":"ble-address:44:1b:f6:8d:b7:a9","kind":"rx","seq":555,"session":"s1","stream":"telemetry","text":"interval=1000us DIO0","timestamp":1790458626.2507362}
2026-09-27T00:37:06.251+03:00 [RX telemetry] {"data_b64":"X1JYIGZhbHNlX2hpZ2hfZXA9MCA=","description":"ble:LoRa-Chatter-1B44 44:1B:F6:8D:B7:A9","device_key":"ble-address:44:1b:f6:8d:b7:a9","kind":"rx","seq":556,"session":"s1","stream":"telemetry","text":"_RX false_high_ep=0 ","timestamp":1790458626.2508318}
2026-09-27T00:37:06.251+03:00 [RX telemetry] {"data_b64":"aGlnaF9wb2xscz0wIHJ4ZG9uZV8=","description":"ble:LoRa-Chatter-1B44 44:1B:F6:8D:B7:A9","device_key":"ble-address:44:1b:f6:8d:b7:a9","kind":"rx","seq":557,"session":"s1","stream":"telemetry","text":"high_polls=0 rxdone_","timestamp":1790458626.2508633}
2026-09-27T00:37:06.252+03:00 [RX telemetry] {"data_b64":"bG93PTEgaXNyPWRpc2FibGVkCg==","description":"ble:LoRa-Chatter-1B44 44:1B:F6:8D:B7:A9","device_key":"ble-address:44:1b:f6:8d:b7:a9","kind":"rx","seq":558,"session":"s1","stream":"telemetry","text":"low=1 isr=disabled\n","timestamp":1790458626.2524178}
2026-09-27T00:37:10.380+03:00 [AGENT REQUEST] {"id":38,"op":"observe","cursors":{"s1":433,"s2":244},"timeout_ms":3000}
2026-09-27T00:37:10.381+03:00 [AGENT RESPONSE] {"id":38,"ok":true,"result":{"cursors":{"s1":558,"s2":335},"lines":[{"seq_first":434,"seq_last":434,"session":"s1","stream":"telemetry","text":""},{"seq_first":434,"seq_last":443,"session":"s1","stream":"telemetry","text":"SESSION t=3240s TX ok=46 user=25 echo_req=0 echo_rep=0 hb=0(idle=0) err=0 started=46 RX ok=46 user=21 echo_req=0 echo_rep=0 hb=0 crc=2 hdr=4 bad=1 readerr=0 reports=46 Q=100% drops=0 fatal=0"},{"seq_first":444,"seq_last":447,"session":"s1","stream":"telemetry","text":"SESSION COURTESY window=5000ms peer_release=0 expired=0 yielding=0"},{"seq_first":448,"seq_last":452,"session":"s1","stream":"telemetry","text":"SESSION DIO0_TX affected=0/46 episodes=0 avg_all=0.00 avg_affected=0.00 high_polls=0"},{"seq_first":453,"seq_last":458,"session":"s1","stream":"telemetry","text":"SESSION RX_POLL polls=2478157 rxdone=53 interval=1000us DIO0_RX false_high_ep=0 high_polls=0 rxdone_low=1 isr=disabled"},{"seq_first":245,"seq_last":245,"session":"s2","stream":"telemetry","text":""},{"seq_first":245,"seq_last":246,"session":"s2","stream":"telemetry","text":"RX HEADER ERROR IRQ=0x50 RX=-122/-12"},{"seq_first":247,"seq_last":247,"session":"s2","stream":"telemetry","text":""},{"seq_first":247,"seq_last":256,"session":"s2","stream":"telemetry","text":"SESSION t=2520s TX ok=20 user=8 echo_req=0 echo_rep=0 hb=0(idle=0) err=0 started=20 RX ok=20 user=12 echo_req=0 echo_rep=0 hb=0 crc=6 hdr=5 bad=0 readerr=0 reports=20 Q=100% drops=0 fatal=0"},{"seq_first":257,"seq_last":260,"session":"s2","stream":"telemetry","text":"SESSION COURTESY window=5000ms peer_release=0 expired=0 yielding=0"},{"seq_first":261,"seq_last":265,"session":"s2","stream":"telemetry","text":"SESSION DIO0_TX affected=0/20 episodes=0 avg_all=0.00 avg_affected=0.00 high_polls=0"},{"seq_first":266,"seq_last":271,"session":"s2","stream":"telemetry","text":"SESSION RX_POLL polls=1795667 rxdone=31 interval=1000us DIO0_RX false_high_ep=0 high_polls=0 rxdone_low=0 isr=disabled"},{"seq_first":459,"seq_last":459,"session":"s1","stream":"telemetry","text":""},{"seq_first":459,"seq_last":468,"session":"s1","stream":"telemetry","text":"SESSION t=3300s TX ok=46 user=25 echo_req=0 echo_rep=0 hb=0(idle=0) err=0 started=46 RX ok=46 user=21 echo_req=0 echo_rep=0 hb=0 crc=2 hdr=4 bad=1 readerr=0 reports=46 Q=100% drops=0 fatal=0"},{"seq_first":469,"seq_last":472,"session":"s1","stream":"telemetry","text":"SESSION COURTESY window=5000ms peer_release=0 expired=0 yielding=0"},{"seq_first":473,"seq_last":477,"session":"s1","stream":"telemetry","text":"SESSION DIO0_TX affected=0/46 episodes=0 avg_all=0.00 avg_affected=0.00 high_polls=0"},{"seq_first":478,"seq_last":483,"session":"s1","stream":"telemetry","text":"SESSION RX_POLL polls=2537840 rxdone=53 interval=1000us DIO0_RX false_high_ep=0 high_polls=0 rxdone_low=1 isr=disabled"},{"seq_first":484,"seq_last":484,"session":"s1","stream":"telemetry","text":""},{"seq_first":484,"seq_last":485,"session":"s1","stream":"telemetry","text":"RX HEADER ERROR IRQ=0x50 RX=-118/-12"},{"seq_first":272,"seq_last":272,"session":"s2","stream":"telemetry","text":""},{"seq_first":272,"seq_last":281,"session":"s2","stream":"telemetry","text":"SESSION t=2580s TX ok=20 user=8 echo_req=0 echo_rep=0 hb=0(idle=0) err=0 started=20 RX ok=20 user=12 echo_req=0 echo_rep=0 hb=0 crc=6 hdr=5 bad=0 readerr=0 reports=20 Q=100% drops=0 fatal=0"},{"seq_first":282,"seq_last":285,"session":"s2","stream":"telemetry","text":"SESSION COURTESY window=5000ms peer_release=0 expired=0 yielding=0"},{"seq_first":286,"seq_last":290,"session":"s2","stream":"telemetry","text":"SESSION DIO0_TX affected=0/20 episodes=0 avg_all=0.00 avg_affected=0.00 high_polls=0"},{"seq_first":291,"seq_last":296,"session":"s2","stream":"telemetry","text":"SESSION RX_POLL polls=1855458 rxdone=31 interval=1000us DIO0_RX false_high_ep=0 high_polls=0 rxdone_low=0 isr=disabled"},{"seq_first":486,"seq_last":486,"session":"s1","stream":"telemetry","text":""},{"seq_first":486,"seq_last":495,"session":"s1","stream":"telemetry","text":"SESSION t=3360s TX ok=46 user=25 echo_req=0 echo_rep=0 hb=0(idle=0) err=0 started=46 RX ok=46 user=21 echo_req=0 echo_rep=0 hb=0 crc=2 hdr=5 bad=1 readerr=0 reports=46 Q=100% drops=0 fatal=0"},{"seq_first":496,"seq_last":499,"session":"s1","stream":"telemetry","text":"SESSION COURTESY window=5000ms peer_release=0 expired=0 yielding=0"},{"seq_first":500,"seq_last":504,"session":"s1","stream":"telemetry","text":"SESSION DIO0_TX affected=0/46 episodes=0 avg_all=0.00 avg_affected=0.00 high_polls=0"},{"seq_first":505,"seq_last":510,"session":"s1","stream":"telemetry","text":"SESSION RX_POLL polls=2597498 rxdone=54 interval=1000us DIO0_RX false_high_ep=0 high_polls=0 rxdone_low=1 isr=disabled"},{"seq_first":297,"seq_last":297,"session":"s2","stream":"telemetry","text":""},{"seq_first":297,"seq_last":306,"session":"s2","stream":"telemetry","text":"SESSION t=2640s TX ok=20 user=8 echo_req=0 echo_rep=0 hb=0(idle=0) err=0 started=20 RX ok=20 user=12 echo_req=0 echo_rep=0 hb=0 crc=6 hdr=5 bad=0 readerr=0 reports=20 Q=100% drops=0 fatal=0"},{"seq_first":307,"seq_last":310,"session":"s2","stream":"telemetry","text":"SESSION COURTESY window=5000ms peer_release=0 expired=0 yielding=0"},{"seq_first":311,"seq_last":315,"session":"s2","stream":"telemetry","text":"SESSION DIO0_TX affected=0/20 episodes=0 avg_all=0.00 avg_affected=0.00 high_polls=0"},{"seq_first":316,"seq_last":321,"session":"s2","stream":"telemetry","text":"SESSION RX_POLL polls=1895454 rxdone=31 interval=1000us DIO0_RX false_high_ep=0 high_polls=0 rxdone_low=0 isr=disabled"},{"seq_first":513,"seq_last":515,"session":"s1","stream":"telemetry","text":"DELIVERY QUEUED source=2 bytes=1 waiting=1/8 in_flight=0"},{"seq_first":516,"seq_last":516,"session":"s1","stream":"telemetry","text":""},{"seq_first":516,"seq_last":518,"session":"s1","stream":"telemetry","text":"TX USER seq=46 frame=13B user=1B attempt=1/5 OK time=13 ms"},{"seq_first":519,"seq_last":519,"session":"s1","stream":"chat","text":"> A"},{"seq_first":520,"seq_last":523,"session":"s1","stream":"telemetry","text":"DELIVERY WAIT_ACK user=0BC7/46 attempt=1/5 timeout=712ms queue=0"},{"seq_first":322,"seq_last":323,"session":"s2","stream":"telemetry","text":"PEER_REPORT our_seq=19 TX=-46/5 Q100"},{"seq_first":324,"seq_last":324,"session":"s2","stream":"telemetry","text":""},{"seq_first":324,"seq_last":327,"session":"s2","stream":"telemetry","text":"RX USER session=0BC7 seq=46 frame=13B user=1B RX=-44/5 Q100 disposition=0"},{"seq_first":328,"seq_last":328,"session":"s2","stream":"chat","text":"< [-44/5 Q100] A"},{"seq_first":524,"seq_last":525,"session":"s1","stream":"telemetry","text":"PEER_REPORT our_seq=46 TX=-44/5 Q100"},{"seq_first":526,"seq_last":526,"session":"s1","stream":"telemetry","text":""},{"seq_first":329,"seq_last":329,"session":"s2","stream":"telemetry","text":""},{"seq_first":329,"seq_last":332,"session":"s2","stream":"telemetry","text":"TX ACK seq=20 ack_to=0BC7/46 frame=14B OK time=14 ms guard=500ms"},{"seq_first":526,"seq_last":529,"session":"s1","stream":"telemetry","text":"RX ACK session=63A6 seq=20 ack_to=0BC7/46 frame=14B RX=-44/6 Q100"},{"seq_first":530,"seq_last":533,"session":"s1","stream":"telemetry","text":"DELIVERY ACK user=0BC7/46 attempts=1/5 elapsed=221ms queue=0"},{"seq_first":333,"seq_last":333,"session":"s2","stream":"telemetry","text":""},{"seq_first":333,"seq_last":335,"session":"s2","stream":"telemetry","text":"RX CRC ERROR IRQ=0x70 RX=-120/-12 len=14"},{"seq_first":534,"seq_last":534,"session":"s1","stream":"telemetry","text":""},{"seq_first":534,"seq_last":543,"session":"s1","stream":"telemetry","text":"SESSION t=3420s TX ok=47 user=26 echo_req=0 echo_rep=0 hb=0(idle=0) err=0 started=47 RX ok=47 user=21 echo_req=0 echo_rep=0 hb=0 crc=2 hdr=5 bad=1 readerr=0 reports=47 Q=100% drops=0 fatal=0"},{"seq_first":544,"seq_last":547,"session":"s1","stream":"telemetry","text":"SESSION COURTESY window=5000ms peer_release=0 expired=0 yielding=0"},{"seq_first":548,"seq_last":552,"session":"s1","stream":"telemetry","text":"SESSION DIO0_TX affected=0/47 episodes=0 avg_all=0.00 avg_affected=0.00 high_polls=0"},{"seq_first":553,"seq_last":558,"session":"s1","stream":"telemetry","text":"SESSION RX_POLL polls=2644984 rxdone=55 interval=1000us DIO0_RX false_high_ep=0 high_polls=0 rxdone_low=1 isr=disabled"}],"timed_out":false}}
2026-09-27T00:37:26.502+03:00 [RX telemetry] {"data_b64":"ClNFU1NJT04gdD0yNzAwcyBUWCA=","description":"ble:LoRa-Chatter-72E0 E0:72:A1:D5:4C:15","device_key":"ble-address:e0:72:a1:d5:4c:15","kind":"rx","seq":336,"session":"s2","stream":"telemetry","text":"\nSESSION t=2700s TX ","timestamp":1790458646.5016632}
2026-09-27T00:37:26.502+03:00 [RX telemetry] {"data_b64":"b2s9MjEgdXNlcj04IGVjaG9fcmU=","description":"ble:LoRa-Chatter-72E0 E0:72:A1:D5:4C:15","device_key":"ble-address:e0:72:a1:d5:4c:15","kind":"rx","seq":337,"session":"s2","stream":"telemetry","text":"ok=21 user=8 echo_re","timestamp":1790458646.5022953}
2026-09-27T00:37:26.502+03:00 [RX telemetry] {"data_b64":"cT0wIGVjaG9fcmVwPTAgaGI9MCg=","description":"ble:LoRa-Chatter-72E0 E0:72:A1:D5:4C:15","device_key":"ble-address:e0:72:a1:d5:4c:15","kind":"rx","seq":338,"session":"s2","stream":"telemetry","text":"q=0 echo_rep=0 hb=0(","timestamp":1790458646.502355}
2026-09-27T00:37:26.503+03:00 [RX telemetry] {"data_b64":"aWRsZT0wKSBlcnI9MCBzdGFydGU=","description":"ble:LoRa-Chatter-72E0 E0:72:A1:D5:4C:15","device_key":"ble-address:e0:72:a1:d5:4c:15","kind":"rx","seq":339,"session":"s2","stream":"telemetry","text":"idle=0) err=0 starte","timestamp":1790458646.5034566}
2026-09-27T00:37:26.504+03:00 [RX telemetry] {"data_b64":"ZD0yMSBSWCBvaz0yMSB1c2VyPTE=","description":"ble:LoRa-Chatter-72E0 E0:72:A1:D5:4C:15","device_key":"ble-address:e0:72:a1:d5:4c:15","kind":"rx","seq":340,"session":"s2","stream":"telemetry","text":"d=21 RX ok=21 user=1","timestamp":1790458646.504151}
2026-09-27T00:37:26.504+03:00 [RX telemetry] {"data_b64":"MyBlY2hvX3JlcT0wIGVjaG9fcmU=","description":"ble:LoRa-Chatter-72E0 E0:72:A1:D5:4C:15","device_key":"ble-address:e0:72:a1:d5:4c:15","kind":"rx","seq":341,"session":"s2","stream":"telemetry","text":"3 echo_req=0 echo_re","timestamp":1790458646.5046644}
2026-09-27T00:37:26.508+03:00 [RX telemetry] {"data_b64":"cD0wIGhiPTAgY3JjPTcgaGRyPTU=","description":"ble:LoRa-Chatter-72E0 E0:72:A1:D5:4C:15","device_key":"ble-address:e0:72:a1:d5:4c:15","kind":"rx","seq":342,"session":"s2","stream":"telemetry","text":"p=0 hb=0 crc=7 hdr=5","timestamp":1790458646.508586}
2026-09-27T00:37:26.509+03:00 [RX telemetry] {"data_b64":"IGJhZD0wIHJlYWRlcnI9MCByZXA=","description":"ble:LoRa-Chatter-72E0 E0:72:A1:D5:4C:15","device_key":"ble-address:e0:72:a1:d5:4c:15","kind":"rx","seq":343,"session":"s2","stream":"telemetry","text":" bad=0 readerr=0 rep","timestamp":1790458646.5093246}
2026-09-27T00:37:26.510+03:00 [RX telemetry] {"data_b64":"b3J0cz0yMSBRPTEwMCUgZHJvcHM=","description":"ble:LoRa-Chatter-72E0 E0:72:A1:D5:4C:15","device_key":"ble-address:e0:72:a1:d5:4c:15","kind":"rx","seq":344,"session":"s2","stream":"telemetry","text":"orts=21 Q=100% drops","timestamp":1790458646.5094001}
2026-09-27T00:37:26.511+03:00 [RX telemetry] {"data_b64":"PTAgZmF0YWw9MAo=","description":"ble:LoRa-Chatter-72E0 E0:72:A1:D5:4C:15","device_key":"ble-address:e0:72:a1:d5:4c:15","kind":"rx","seq":345,"session":"s2","stream":"telemetry","text":"=0 fatal=0\n","timestamp":1790458646.5104902}
2026-09-27T00:37:26.512+03:00 [RX telemetry] {"data_b64":"U0VTU0lPTiBDT1VSVEVTWSB3aW4=","description":"ble:LoRa-Chatter-72E0 E0:72:A1:D5:4C:15","device_key":"ble-address:e0:72:a1:d5:4c:15","kind":"rx","seq":346,"session":"s2","stream":"telemetry","text":"SESSION COURTESY win","timestamp":1790458646.511601}
2026-09-27T00:37:26.512+03:00 [RX telemetry] {"data_b64":"ZG93PTUwMDBtcyBwZWVyX3JlbGU=","description":"ble:LoRa-Chatter-72E0 E0:72:A1:D5:4C:15","device_key":"ble-address:e0:72:a1:d5:4c:15","kind":"rx","seq":347,"session":"s2","stream":"telemetry","text":"dow=5000ms peer_rele","timestamp":1790458646.511676}
2026-09-27T00:37:26.513+03:00 [RX telemetry] {"data_b64":"YXNlPTAgZXhwaXJlZD0wIHlpZWw=","description":"ble:LoRa-Chatter-72E0 E0:72:A1:D5:4C:15","device_key":"ble-address:e0:72:a1:d5:4c:15","kind":"rx","seq":348,"session":"s2","stream":"telemetry","text":"ase=0 expired=0 yiel","timestamp":1790458646.5129478}
2026-09-27T00:37:26.513+03:00 [RX telemetry] {"data_b64":"ZGluZz0wCg==","description":"ble:LoRa-Chatter-72E0 E0:72:A1:D5:4C:15","device_key":"ble-address:e0:72:a1:d5:4c:15","kind":"rx","seq":349,"session":"s2","stream":"telemetry","text":"ding=0\n","timestamp":1790458646.513029}
2026-09-27T00:37:26.514+03:00 [RX telemetry] {"data_b64":"U0VTU0lPTiBESU8wX1RYIGFmZmU=","description":"ble:LoRa-Chatter-72E0 E0:72:A1:D5:4C:15","device_key":"ble-address:e0:72:a1:d5:4c:15","kind":"rx","seq":350,"session":"s2","stream":"telemetry","text":"SESSION DIO0_TX affe","timestamp":1790458646.5138144}
2026-09-27T00:37:26.515+03:00 [RX telemetry] {"data_b64":"Y3RlZD0wLzIxIGVwaXNvZGVzPTA=","description":"ble:LoRa-Chatter-72E0 E0:72:A1:D5:4C:15","device_key":"ble-address:e0:72:a1:d5:4c:15","kind":"rx","seq":351,"session":"s2","stream":"telemetry","text":"cted=0/21 episodes=0","timestamp":1790458646.5149472}
2026-09-27T00:37:26.515+03:00 [RX telemetry] {"data_b64":"IGF2Z19hbGw9MC4wMCBhdmdfYWY=","description":"ble:LoRa-Chatter-72E0 E0:72:A1:D5:4C:15","device_key":"ble-address:e0:72:a1:d5:4c:15","kind":"rx","seq":352,"session":"s2","stream":"telemetry","text":" avg_all=0.00 avg_af","timestamp":1790458646.515017}
2026-09-27T00:37:26.515+03:00 [RX telemetry] {"data_b64":"ZmVjdGVkPTAuMDAgaGlnaF9wb2w=","description":"ble:LoRa-Chatter-72E0 E0:72:A1:D5:4C:15","device_key":"ble-address:e0:72:a1:d5:4c:15","kind":"rx","seq":353,"session":"s2","stream":"telemetry","text":"fected=0.00 high_pol","timestamp":1790458646.5150642}
2026-09-27T00:37:26.515+03:00 [RX telemetry] {"data_b64":"bHM9MAo=","description":"ble:LoRa-Chatter-72E0 E0:72:A1:D5:4C:15","device_key":"ble-address:e0:72:a1:d5:4c:15","kind":"rx","seq":354,"session":"s2","stream":"telemetry","text":"ls=0\n","timestamp":1790458646.5151086}
2026-09-27T00:37:26.515+03:00 [RX telemetry] {"data_b64":"U0VTU0lPTiBSWF9QT0xMIHBvbGw=","description":"ble:LoRa-Chatter-72E0 E0:72:A1:D5:4C:15","device_key":"ble-address:e0:72:a1:d5:4c:15","kind":"rx","seq":355,"session":"s2","stream":"telemetry","text":"SESSION RX_POLL poll","timestamp":1790458646.515578}
2026-09-27T00:37:26.516+03:00 [RX telemetry] {"data_b64":"cz0xOTQ4MTAwIHJ4ZG9uZT0zMyA=","description":"ble:LoRa-Chatter-72E0 E0:72:A1:D5:4C:15","device_key":"ble-address:e0:72:a1:d5:4c:15","kind":"rx","seq":356,"session":"s2","stream":"telemetry","text":"s=1948100 rxdone=33 ","timestamp":1790458646.5164957}
2026-09-27T00:37:26.517+03:00 [RX telemetry] {"data_b64":"aW50ZXJ2YWw9MTAwMHVzIERJTzA=","description":"ble:LoRa-Chatter-72E0 E0:72:A1:D5:4C:15","device_key":"ble-address:e0:72:a1:d5:4c:15","kind":"rx","seq":357,"session":"s2","stream":"telemetry","text":"interval=1000us DIO0","timestamp":1790458646.5170841}
2026-09-27T00:37:26.517+03:00 [RX telemetry] {"data_b64":"X1JYIGZhbHNlX2hpZ2hfZXA9MCA=","description":"ble:LoRa-Chatter-72E0 E0:72:A1:D5:4C:15","device_key":"ble-address:e0:72:a1:d5:4c:15","kind":"rx","seq":358,"session":"s2","stream":"telemetry","text":"_RX false_high_ep=0 ","timestamp":1790458646.517782}
2026-09-27T00:37:26.518+03:00 [RX telemetry] {"data_b64":"aGlnaF9wb2xscz0wIHJ4ZG9uZV8=","description":"ble:LoRa-Chatter-72E0 E0:72:A1:D5:4C:15","device_key":"ble-address:e0:72:a1:d5:4c:15","kind":"rx","seq":359,"session":"s2","stream":"telemetry","text":"high_polls=0 rxdone_","timestamp":1790458646.5183814}
2026-09-27T00:37:26.518+03:00 [RX telemetry] {"data_b64":"bG93PTAgaXNyPWRpc2FibGVkCg==","description":"ble:LoRa-Chatter-72E0 E0:72:A1:D5:4C:15","device_key":"ble-address:e0:72:a1:d5:4c:15","kind":"rx","seq":360,"session":"s2","stream":"telemetry","text":"low=0 isr=disabled\n","timestamp":1790458646.5184233}
2026-09-27T00:37:52.994+03:00 [AGENT REQUEST] {"id":39,"op":"send_line","session":"s1","text":"/cancel all"}
2026-09-27T00:37:52.994+03:00 [TX] {"data_b64":"L2NhbmNlbCBhbGwK","device_key":"ble-address:44:1b:f6:8d:b7:a9","kind":"tx","seq":559,"session":"s1","text":"/cancel all","timestamp":1790458672.9943104,"tx_id":13,"tx_state":"queued"}
2026-09-27T00:37:52.995+03:00 [AGENT RESPONSE] {"id":39,"ok":true,"result":{"state":"queued","tx_id":13}}
2026-09-27T00:37:52.995+03:00 [AGENT REQUEST] {"id":40,"op":"send_line","session":"s2","text":"/cancel all"}
2026-09-27T00:37:52.995+03:00 [TX] {"data_b64":"L2NhbmNlbCBhbGwK","device_key":"ble-address:e0:72:a1:d5:4c:15","kind":"tx","seq":361,"session":"s2","text":"/cancel all","timestamp":1790458672.9952211,"tx_id":9,"tx_state":"queued"}
2026-09-27T00:37:52.995+03:00 [AGENT RESPONSE] {"id":40,"ok":true,"result":{"state":"queued","tx_id":9}}
2026-09-27T00:37:52.996+03:00 [TX] {"data_b64":"L2NhbmNlbCBhbGwK","description":"ble:LoRa-Chatter-72E0 E0:72:A1:D5:4C:15","device_key":"ble-address:e0:72:a1:d5:4c:15","kind":"tx","seq":362,"session":"s2","text":"/cancel all","timestamp":1790458672.9960752,"tx_id":9,"tx_state":"written"}
2026-09-27T00:37:52.996+03:00 [TX] {"data_b64":"L2NhbmNlbCBhbGwK","description":"ble:LoRa-Chatter-1B44 44:1B:F6:8D:B7:A9","device_key":"ble-address:44:1b:f6:8d:b7:a9","kind":"tx","seq":560,"session":"s1","text":"/cancel all","timestamp":1790458672.9961145,"tx_id":13,"tx_state":"written"}
2026-09-27T00:37:52.996+03:00 [AGENT REQUEST] {"id":41,"op":"observe","cursors":{"s1":558,"s2":335},"timeout_ms":5000}
2026-09-27T00:37:52.996+03:00 [AGENT RESPONSE] {"id":41,"ok":true,"result":{"cursors":{"s1":560,"s2":362},"lines":[{"seq_first":336,"seq_last":336,"session":"s2","stream":"telemetry","text":""},{"seq_first":336,"seq_last":345,"session":"s2","stream":"telemetry","text":"SESSION t=2700s TX ok=21 user=8 echo_req=0 echo_rep=0 hb=0(idle=0) err=0 started=21 RX ok=21 user=13 echo_req=0 echo_rep=0 hb=0 crc=7 hdr=5 bad=0 readerr=0 reports=21 Q=100% drops=0 fatal=0"},{"seq_first":346,"seq_last":349,"session":"s2","stream":"telemetry","text":"SESSION COURTESY window=5000ms peer_release=0 expired=0 yielding=0"},{"seq_first":350,"seq_last":354,"session":"s2","stream":"telemetry","text":"SESSION DIO0_TX affected=0/21 episodes=0 avg_all=0.00 avg_affected=0.00 high_polls=0"},{"seq_first":355,"seq_last":360,"session":"s2","stream":"telemetry","text":"SESSION RX_POLL polls=1948100 rxdone=33 interval=1000us DIO0_RX false_high_ep=0 high_polls=0 rxdone_low=0 isr=disabled"}],"timed_out":false}}
2026-09-27T00:37:53.051+03:00 [RX telemetry] {"data_b64":"REVMSVZFUlkgQ0FOQ0VMIEFMTCA=","description":"ble:LoRa-Chatter-1B44 44:1B:F6:8D:B7:A9","device_key":"ble-address:44:1b:f6:8d:b7:a9","kind":"rx","seq":561,"session":"s1","stream":"telemetry","text":"DELIVERY CANCEL ALL ","timestamp":1790458673.050051}
2026-09-27T00:37:53.051+03:00 [RX telemetry] {"data_b64":"cGVuZGluZz1ub25lIHF1ZXVlX3I=","description":"ble:LoRa-Chatter-1B44 44:1B:F6:8D:B7:A9","device_key":"ble-address:44:1b:f6:8d:b7:a9","kind":"rx","seq":562,"session":"s1","stream":"telemetry","text":"pending=none queue_r","timestamp":1790458673.0503252}
2026-09-27T00:37:53.052+03:00 [RX telemetry] {"data_b64":"ZW1vdmVkPTAK","description":"ble:LoRa-Chatter-1B44 44:1B:F6:8D:B7:A9","device_key":"ble-address:44:1b:f6:8d:b7:a9","kind":"rx","seq":563,"session":"s1","stream":"telemetry","text":"emoved=0\n","timestamp":1790458673.0523036}
2026-09-27T00:37:53.052+03:00 [RX chat] {"data_b64":"W1NZU10gREVMSVZFUlkgQ0FOQ0U=","description":"ble:LoRa-Chatter-1B44 44:1B:F6:8D:B7:A9","device_key":"ble-address:44:1b:f6:8d:b7:a9","kind":"rx","seq":564,"session":"s1","stream":"chat","text":"[SYS] DELIVERY CANCE","timestamp":1790458673.0523713}
2026-09-27T00:37:53.053+03:00 [RX chat] {"data_b64":"TDogbm90aGluZyBwZW5kaW5nCg==","description":"ble:LoRa-Chatter-1B44 44:1B:F6:8D:B7:A9","device_key":"ble-address:44:1b:f6:8d:b7:a9","kind":"rx","seq":565,"session":"s1","stream":"chat","text":"L: nothing pending\n","timestamp":1790458673.0523956}
2026-09-27T00:37:53.099+03:00 [RX telemetry] {"data_b64":"REVMSVZFUlkgQ0FOQ0VMIEFMTCA=","description":"ble:LoRa-Chatter-72E0 E0:72:A1:D5:4C:15","device_key":"ble-address:e0:72:a1:d5:4c:15","kind":"rx","seq":363,"session":"s2","stream":"telemetry","text":"DELIVERY CANCEL ALL ","timestamp":1790458673.099038}
2026-09-27T00:37:53.099+03:00 [RX telemetry] {"data_b64":"cGVuZGluZz1ub25lIHF1ZXVlX3I=","description":"ble:LoRa-Chatter-72E0 E0:72:A1:D5:4C:15","device_key":"ble-address:e0:72:a1:d5:4c:15","kind":"rx","seq":364,"session":"s2","stream":"telemetry","text":"pending=none queue_r","timestamp":1790458673.0996962}
2026-09-27T00:37:53.099+03:00 [RX telemetry] {"data_b64":"ZW1vdmVkPTAK","description":"ble:LoRa-Chatter-72E0 E0:72:A1:D5:4C:15","device_key":"ble-address:e0:72:a1:d5:4c:15","kind":"rx","seq":365,"session":"s2","stream":"telemetry","text":"emoved=0\n","timestamp":1790458673.0997384}
2026-09-27T00:37:53.099+03:00 [RX chat] {"data_b64":"W1NZU10gREVMSVZFUlkgQ0FOQ0U=","description":"ble:LoRa-Chatter-72E0 E0:72:A1:D5:4C:15","device_key":"ble-address:e0:72:a1:d5:4c:15","kind":"rx","seq":366,"session":"s2","stream":"chat","text":"[SYS] DELIVERY CANCE","timestamp":1790458673.0997682}
2026-09-27T00:37:53.100+03:00 [RX chat] {"data_b64":"TDogbm90aGluZyBwZW5kaW5nCg==","description":"ble:LoRa-Chatter-72E0 E0:72:A1:D5:4C:15","device_key":"ble-address:e0:72:a1:d5:4c:15","kind":"rx","seq":367,"session":"s2","stream":"chat","text":"L: nothing pending\n","timestamp":1790458673.100136}
2026-09-27T00:37:56.773+03:00 [AGENT REQUEST] {"id":42,"op":"observe","cursors":{"s1":560,"s2":362},"timeout_ms":5000}
2026-09-27T00:37:56.774+03:00 [AGENT RESPONSE] {"id":42,"ok":true,"result":{"cursors":{"s1":565,"s2":367},"lines":[{"seq_first":561,"seq_last":563,"session":"s1","stream":"telemetry","text":"DELIVERY CANCEL ALL pending=none queue_removed=0"},{"seq_first":564,"seq_last":565,"session":"s1","stream":"chat","text":"[SYS] DELIVERY CANCEL: nothing pending"},{"seq_first":363,"seq_last":365,"session":"s2","stream":"telemetry","text":"DELIVERY CANCEL ALL pending=none queue_removed=0"},{"seq_first":366,"seq_last":367,"session":"s2","stream":"chat","text":"[SYS] DELIVERY CANCEL: nothing pending"}],"timed_out":false}}
2026-09-27T00:38:01.167+03:00 [AGENT REQUEST] {"id":43,"op":"send_line","session":"s1","text":"/config"}
2026-09-27T00:38:01.168+03:00 [TX] {"data_b64":"L2NvbmZpZwo=","device_key":"ble-address:44:1b:f6:8d:b7:a9","kind":"tx","seq":566,"session":"s1","text":"/config","timestamp":1790458681.1677463,"tx_id":14,"tx_state":"queued"}
2026-09-27T00:38:01.168+03:00 [AGENT RESPONSE] {"id":43,"ok":true,"result":{"state":"queued","tx_id":14}}
2026-09-27T00:38:01.168+03:00 [AGENT REQUEST] {"id":44,"op":"send_line","session":"s2","text":"/config"}
2026-09-27T00:38:01.168+03:00 [TX] {"data_b64":"L2NvbmZpZwo=","device_key":"ble-address:e0:72:a1:d5:4c:15","kind":"tx","seq":368,"session":"s2","text":"/config","timestamp":1790458681.1685238,"tx_id":10,"tx_state":"queued"}
2026-09-27T00:38:01.169+03:00 [AGENT RESPONSE] {"id":44,"ok":true,"result":{"state":"queued","tx_id":10}}
2026-09-27T00:38:01.169+03:00 [TX] {"data_b64":"L2NvbmZpZwo=","description":"ble:LoRa-Chatter-1B44 44:1B:F6:8D:B7:A9","device_key":"ble-address:44:1b:f6:8d:b7:a9","kind":"tx","seq":567,"session":"s1","text":"/config","timestamp":1790458681.1690037,"tx_id":14,"tx_state":"written"}
2026-09-27T00:38:01.169+03:00 [AGENT REQUEST] {"id":45,"op":"observe","cursors":{"s1":565,"s2":367},"timeout_ms":5000}
2026-09-27T00:38:01.169+03:00 [TX] {"data_b64":"L2NvbmZpZwo=","description":"ble:LoRa-Chatter-72E0 E0:72:A1:D5:4C:15","device_key":"ble-address:e0:72:a1:d5:4c:15","kind":"tx","seq":369,"session":"s2","text":"/config","timestamp":1790458681.169306,"tx_id":10,"tx_state":"written"}
2026-09-27T00:38:01.169+03:00 [AGENT RESPONSE] {"id":45,"ok":true,"result":{"cursors":{"s1":567,"s2":369},"lines":[],"timed_out":false}}
2026-09-27T00:38:01.238+03:00 [RX chat] {"data_b64":"W1NZU10gQ0ZHIHNjaGVtYT0yIHM=","description":"ble:LoRa-Chatter-1B44 44:1B:F6:8D:B7:A9","device_key":"ble-address:44:1b:f6:8d:b7:a9","kind":"rx","seq":568,"session":"s1","stream":"chat","text":"[SYS] CFG schema=2 s","timestamp":1790458681.2384694}
2026-09-27T00:38:01.238+03:00 [RX chat] {"data_b64":"dG9yYWdlPU5WUyBmcmVxX29vYj0=","description":"ble:LoRa-Chatter-1B44 44:1B:F6:8D:B7:A9","device_key":"ble-address:44:1b:f6:8d:b7:a9","kind":"rx","seq":569,"session":"s1","stream":"chat","text":"torage=NVS freq_oob=","timestamp":1790458681.2385342}
2026-09-27T00:38:01.239+03:00 [RX chat] {"data_b64":"T0ZGCg==","description":"ble:LoRa-Chatter-1B44 44:1B:F6:8D:B7:A9","device_key":"ble-address:44:1b:f6:8d:b7:a9","kind":"rx","seq":570,"session":"s1","stream":"chat","text":"OFF\n","timestamp":1790458681.239285}
2026-09-27T00:38:01.240+03:00 [RX chat] {"data_b64":"W1NZU10gQ0ZHIFJBRElPIHBvd2U=","description":"ble:LoRa-Chatter-1B44 44:1B:F6:8D:B7:A9","device_key":"ble-address:44:1b:f6:8d:b7:a9","kind":"rx","seq":571,"session":"s1","stream":"chat","text":"[SYS] CFG RADIO powe","timestamp":1790458681.2399862}
2026-09-27T00:38:01.240+03:00 [RX chat] {"data_b64":"cj0yIGRCbSBmcmVxPTQ3MCBNSHo=","description":"ble:LoRa-Chatter-1B44 44:1B:F6:8D:B7:A9","device_key":"ble-address:44:1b:f6:8d:b7:a9","kind":"rx","seq":572,"session":"s1","stream":"chat","text":"r=2 dBm freq=470 MHz","timestamp":1790458681.2405233}
2026-09-27T00:38:01.240+03:00 [RX chat] {"data_b64":"IHNmPTcgYnc9NTAwIGtIego=","description":"ble:LoRa-Chatter-1B44 44:1B:F6:8D:B7:A9","device_key":"ble-address:44:1b:f6:8d:b7:a9","kind":"rx","seq":573,"session":"s1","stream":"chat","text":" sf=7 bw=500 kHz\n","timestamp":1790458681.2405605}
2026-09-27T00:38:01.243+03:00 [RX chat] {"data_b64":"W1NZU10gQ0ZHIExJTksgaGVhcnQ=","description":"ble:LoRa-Chatter-1B44 44:1B:F6:8D:B7:A9","device_key":"ble-address:44:1b:f6:8d:b7:a9","kind":"rx","seq":574,"session":"s1","stream":"chat","text":"[SYS] CFG LINK heart","timestamp":1790458681.242896}
2026-09-27T00:38:01.243+03:00 [RX chat] {"data_b64":"YmVhdD1PRkYgcmV0cnk9T04gYXQ=","description":"ble:LoRa-Chatter-1B44 44:1B:F6:8D:B7:A9","device_key":"ble-address:44:1b:f6:8d:b7:a9","kind":"rx","seq":575,"session":"s1","stream":"chat","text":"beat=OFF retry=ON at","timestamp":1790458681.2433052}
2026-09-27T00:38:01.284+03:00 [RX chat] {"data_b64":"dGVtcHRzPTUgZGlhZz1PRkYK","description":"ble:LoRa-Chatter-1B44 44:1B:F6:8D:B7:A9","device_key":"ble-address:44:1b:f6:8d:b7:a9","kind":"rx","seq":576,"session":"s1","stream":"chat","text":"tempts=5 diag=OFF\n","timestamp":1790458681.2842581}
2026-09-27T00:38:01.289+03:00 [RX chat] {"data_b64":"W1NZU10gQ0ZHIHNjaGVtYT0yIHM=","description":"ble:LoRa-Chatter-72E0 E0:72:A1:D5:4C:15","device_key":"ble-address:e0:72:a1:d5:4c:15","kind":"rx","seq":370,"session":"s2","stream":"chat","text":"[SYS] CFG schema=2 s","timestamp":1790458681.2890687}
2026-09-27T00:38:01.290+03:00 [RX chat] {"data_b64":"dG9yYWdlPU5WUyBmcmVxX29vYj0=","description":"ble:LoRa-Chatter-72E0 E0:72:A1:D5:4C:15","device_key":"ble-address:e0:72:a1:d5:4c:15","kind":"rx","seq":371,"session":"s2","stream":"chat","text":"torage=NVS freq_oob=","timestamp":1790458681.289105}
2026-09-27T00:38:01.290+03:00 [RX chat] {"data_b64":"T0ZGCg==","description":"ble:LoRa-Chatter-72E0 E0:72:A1:D5:4C:15","device_key":"ble-address:e0:72:a1:d5:4c:15","kind":"rx","seq":372,"session":"s2","stream":"chat","text":"OFF\n","timestamp":1790458681.2896879}
2026-09-27T00:38:01.290+03:00 [RX chat] {"data_b64":"W1NZU10gQ0ZHIFJBRElPIHBvd2U=","description":"ble:LoRa-Chatter-72E0 E0:72:A1:D5:4C:15","device_key":"ble-address:e0:72:a1:d5:4c:15","kind":"rx","seq":373,"session":"s2","stream":"chat","text":"[SYS] CFG RADIO powe","timestamp":1790458681.2899106}
2026-09-27T00:38:01.290+03:00 [RX chat] {"data_b64":"cj0yIGRCbSBmcmVxPTQ3MCBNSHo=","description":"ble:LoRa-Chatter-72E0 E0:72:A1:D5:4C:15","device_key":"ble-address:e0:72:a1:d5:4c:15","kind":"rx","seq":374,"session":"s2","stream":"chat","text":"r=2 dBm freq=470 MHz","timestamp":1790458681.2899272}
2026-09-27T00:38:01.291+03:00 [RX chat] {"data_b64":"IHNmPTcgYnc9NTAwIGtIego=","description":"ble:LoRa-Chatter-72E0 E0:72:A1:D5:4C:15","device_key":"ble-address:e0:72:a1:d5:4c:15","kind":"rx","seq":375,"session":"s2","stream":"chat","text":" sf=7 bw=500 kHz\n","timestamp":1790458681.2907574}
2026-09-27T00:38:01.291+03:00 [RX chat] {"data_b64":"W1NZU10gQ0ZHIExJTksgaGVhcnQ=","description":"ble:LoRa-Chatter-72E0 E0:72:A1:D5:4C:15","device_key":"ble-address:e0:72:a1:d5:4c:15","kind":"rx","seq":376,"session":"s2","stream":"chat","text":"[SYS] CFG LINK heart","timestamp":1790458681.2911339}
2026-09-27T00:38:01.291+03:00 [RX chat] {"data_b64":"YmVhdD1PRkYgcmV0cnk9T04gYXQ=","description":"ble:LoRa-Chatter-72E0 E0:72:A1:D5:4C:15","device_key":"ble-address:e0:72:a1:d5:4c:15","kind":"rx","seq":377,"session":"s2","stream":"chat","text":"beat=OFF retry=ON at","timestamp":1790458681.2911537}
2026-09-27T00:38:01.292+03:00 [RX chat] {"data_b64":"dGVtcHRzPTUgZGlhZz1PRkYK","description":"ble:LoRa-Chatter-72E0 E0:72:A1:D5:4C:15","device_key":"ble-address:e0:72:a1:d5:4c:15","kind":"rx","seq":378,"session":"s2","stream":"chat","text":"tempts=5 diag=OFF\n","timestamp":1790458681.2927372}
2026-09-27T00:38:04.772+03:00 [AGENT REQUEST] {"id":46,"op":"observe","cursors":{"s1":567,"s2":369},"timeout_ms":5000}
2026-09-27T00:38:04.774+03:00 [AGENT RESPONSE] {"id":46,"ok":true,"result":{"cursors":{"s1":576,"s2":378},"lines":[{"seq_first":568,"seq_last":570,"session":"s1","stream":"chat","text":"[SYS] CFG schema=2 storage=NVS freq_oob=OFF"},{"seq_first":571,"seq_last":573,"session":"s1","stream":"chat","text":"[SYS] CFG RADIO power=2 dBm freq=470 MHz sf=7 bw=500 kHz"},{"seq_first":574,"seq_last":576,"session":"s1","stream":"chat","text":"[SYS] CFG LINK heartbeat=OFF retry=ON attempts=5 diag=OFF"},{"seq_first":370,"seq_last":372,"session":"s2","stream":"chat","text":"[SYS] CFG schema=2 storage=NVS freq_oob=OFF"},{"seq_first":373,"seq_last":375,"session":"s2","stream":"chat","text":"[SYS] CFG RADIO power=2 dBm freq=470 MHz sf=7 bw=500 kHz"},{"seq_first":376,"seq_last":378,"session":"s2","stream":"chat","text":"[SYS] CFG LINK heartbeat=OFF retry=ON attempts=5 diag=OFF"}],"timed_out":false}}
2026-09-27T00:38:06.239+03:00 [RX telemetry] {"data_b64":"ClNFU1NJT04gdD0zNDgwcyBUWCA=","description":"ble:LoRa-Chatter-1B44 44:1B:F6:8D:B7:A9","device_key":"ble-address:44:1b:f6:8d:b7:a9","kind":"rx","seq":577,"session":"s1","stream":"telemetry","text":"\nSESSION t=3480s TX ","timestamp":1790458686.2380955}
2026-09-27T00:38:06.241+03:00 [RX telemetry] {"data_b64":"b2s9NDcgdXNlcj0yNiBlY2hvX3I=","description":"ble:LoRa-Chatter-1B44 44:1B:F6:8D:B7:A9","device_key":"ble-address:44:1b:f6:8d:b7:a9","kind":"rx","seq":578,"session":"s1","stream":"telemetry","text":"ok=47 user=26 echo_r","timestamp":1790458686.2409177}
2026-09-27T00:38:06.242+03:00 [RX telemetry] {"data_b64":"ZXE9MCBlY2hvX3JlcD0wIGhiPTA=","description":"ble:LoRa-Chatter-1B44 44:1B:F6:8D:B7:A9","device_key":"ble-address:44:1b:f6:8d:b7:a9","kind":"rx","seq":579,"session":"s1","stream":"telemetry","text":"eq=0 echo_rep=0 hb=0","timestamp":1790458686.2411284}
2026-09-27T00:38:06.242+03:00 [RX telemetry] {"data_b64":"KGlkbGU9MCkgZXJyPTAgc3RhcnQ=","description":"ble:LoRa-Chatter-1B44 44:1B:F6:8D:B7:A9","device_key":"ble-address:44:1b:f6:8d:b7:a9","kind":"rx","seq":580,"session":"s1","stream":"telemetry","text":"(idle=0) err=0 start","timestamp":1790458686.2412353}
2026-09-27T00:38:06.242+03:00 [RX telemetry] {"data_b64":"ZWQ9NDcgUlggb2s9NDcgdXNlcj0=","description":"ble:LoRa-Chatter-1B44 44:1B:F6:8D:B7:A9","device_key":"ble-address:44:1b:f6:8d:b7:a9","kind":"rx","seq":581,"session":"s1","stream":"telemetry","text":"ed=47 RX ok=47 user=","timestamp":1790458686.2413194}
2026-09-27T00:38:06.243+03:00 [RX telemetry] {"data_b64":"MjEgZWNob19yZXE9MCBlY2hvX3I=","description":"ble:LoRa-Chatter-1B44 44:1B:F6:8D:B7:A9","device_key":"ble-address:44:1b:f6:8d:b7:a9","kind":"rx","seq":582,"session":"s1","stream":"telemetry","text":"21 echo_req=0 echo_r","timestamp":1790458686.2433803}
2026-09-27T00:38:06.244+03:00 [RX telemetry] {"data_b64":"ZXA9MCBoYj0wIGNyYz0yIGhkcj0=","description":"ble:LoRa-Chatter-1B44 44:1B:F6:8D:B7:A9","device_key":"ble-address:44:1b:f6:8d:b7:a9","kind":"rx","seq":583,"session":"s1","stream":"telemetry","text":"ep=0 hb=0 crc=2 hdr=","timestamp":1790458686.2434738}
2026-09-27T00:38:06.244+03:00 [RX telemetry] {"data_b64":"NSBiYWQ9MSByZWFkZXJyPTAgcmU=","description":"ble:LoRa-Chatter-1B44 44:1B:F6:8D:B7:A9","device_key":"ble-address:44:1b:f6:8d:b7:a9","kind":"rx","seq":584,"session":"s1","stream":"telemetry","text":"5 bad=1 readerr=0 re","timestamp":1790458686.2435277}
2026-09-27T00:38:06.244+03:00 [RX telemetry] {"data_b64":"cG9ydHM9NDcgUT0xMDAlIGRyb3A=","description":"ble:LoRa-Chatter-1B44 44:1B:F6:8D:B7:A9","device_key":"ble-address:44:1b:f6:8d:b7:a9","kind":"rx","seq":585,"session":"s1","stream":"telemetry","text":"ports=47 Q=100% drop","timestamp":1790458686.2435734}
2026-09-27T00:38:06.244+03:00 [RX telemetry] {"data_b64":"cz0wIGZhdGFsPTAK","description":"ble:LoRa-Chatter-1B44 44:1B:F6:8D:B7:A9","device_key":"ble-address:44:1b:f6:8d:b7:a9","kind":"rx","seq":586,"session":"s1","stream":"telemetry","text":"s=0 fatal=0\n","timestamp":1790458686.2436354}
2026-09-27T00:38:06.246+03:00 [RX telemetry] {"data_b64":"U0VTU0lPTiBDT1VSVEVTWSB3aW4=","description":"ble:LoRa-Chatter-1B44 44:1B:F6:8D:B7:A9","device_key":"ble-address:44:1b:f6:8d:b7:a9","kind":"rx","seq":587,"session":"s1","stream":"telemetry","text":"SESSION COURTESY win","timestamp":1790458686.2452755}
2026-09-27T00:38:06.246+03:00 [RX telemetry] {"data_b64":"ZG93PTUwMDBtcyBwZWVyX3JlbGU=","description":"ble:LoRa-Chatter-1B44 44:1B:F6:8D:B7:A9","device_key":"ble-address:44:1b:f6:8d:b7:a9","kind":"rx","seq":588,"session":"s1","stream":"telemetry","text":"dow=5000ms peer_rele","timestamp":1790458686.2454698}
2026-09-27T00:38:06.248+03:00 [RX telemetry] {"data_b64":"YXNlPTAgZXhwaXJlZD0wIHlpZWw=","description":"ble:LoRa-Chatter-1B44 44:1B:F6:8D:B7:A9","device_key":"ble-address:44:1b:f6:8d:b7:a9","kind":"rx","seq":589,"session":"s1","stream":"telemetry","text":"ase=0 expired=0 yiel","timestamp":1790458686.24728}
2026-09-27T00:38:06.249+03:00 [RX telemetry] {"data_b64":"ZGluZz0wCg==","description":"ble:LoRa-Chatter-1B44 44:1B:F6:8D:B7:A9","device_key":"ble-address:44:1b:f6:8d:b7:a9","kind":"rx","seq":590,"session":"s1","stream":"telemetry","text":"ding=0\n","timestamp":1790458686.2474592}
2026-09-27T00:38:06.250+03:00 [RX telemetry] {"data_b64":"U0VTU0lPTiBESU8wX1RYIGFmZmU=","description":"ble:LoRa-Chatter-1B44 44:1B:F6:8D:B7:A9","device_key":"ble-address:44:1b:f6:8d:b7:a9","kind":"rx","seq":591,"session":"s1","stream":"telemetry","text":"SESSION DIO0_TX affe","timestamp":1790458686.249815}
2026-09-27T00:38:06.250+03:00 [RX telemetry] {"data_b64":"Y3RlZD0wLzQ3IGVwaXNvZGVzPTA=","description":"ble:LoRa-Chatter-1B44 44:1B:F6:8D:B7:A9","device_key":"ble-address:44:1b:f6:8d:b7:a9","kind":"rx","seq":592,"session":"s1","stream":"telemetry","text":"cted=0/47 episodes=0","timestamp":1790458686.2498891}
2026-09-27T00:38:06.250+03:00 [RX telemetry] {"data_b64":"IGF2Z19hbGw9MC4wMCBhdmdfYWY=","description":"ble:LoRa-Chatter-1B44 44:1B:F6:8D:B7:A9","device_key":"ble-address:44:1b:f6:8d:b7:a9","kind":"rx","seq":593,"session":"s1","stream":"telemetry","text":" avg_all=0.00 avg_af","timestamp":1790458686.2499437}
2026-09-27T00:38:06.251+03:00 [RX telemetry] {"data_b64":"ZmVjdGVkPTAuMDAgaGlnaF9wb2w=","description":"ble:LoRa-Chatter-1B44 44:1B:F6:8D:B7:A9","device_key":"ble-address:44:1b:f6:8d:b7:a9","kind":"rx","seq":594,"session":"s1","stream":"telemetry","text":"fected=0.00 high_pol","timestamp":1790458686.2500114}
2026-09-27T00:38:06.251+03:00 [RX telemetry] {"data_b64":"bHM9MAo=","description":"ble:LoRa-Chatter-1B44 44:1B:F6:8D:B7:A9","device_key":"ble-address:44:1b:f6:8d:b7:a9","kind":"rx","seq":595,"session":"s1","stream":"telemetry","text":"ls=0\n","timestamp":1790458686.2500613}
2026-09-27T00:38:06.251+03:00 [RX telemetry] {"data_b64":"U0VTU0lPTiBSWF9QT0xMIHBvbGw=","description":"ble:LoRa-Chatter-1B44 44:1B:F6:8D:B7:A9","device_key":"ble-address:44:1b:f6:8d:b7:a9","kind":"rx","seq":596,"session":"s1","stream":"telemetry","text":"SESSION RX_POLL poll","timestamp":1790458686.250115}
2026-09-27T00:38:06.251+03:00 [RX telemetry] {"data_b64":"cz0yNjg5MzI1IHJ4ZG9uZT01NSA=","description":"ble:LoRa-Chatter-1B44 44:1B:F6:8D:B7:A9","device_key":"ble-address:44:1b:f6:8d:b7:a9","kind":"rx","seq":597,"session":"s1","stream":"telemetry","text":"s=2689325 rxdone=55 ","timestamp":1790458686.2501636}
2026-09-27T00:38:06.252+03:00 [RX telemetry] {"data_b64":"aW50ZXJ2YWw9MTAwMHVzIERJTzA=","description":"ble:LoRa-Chatter-1B44 44:1B:F6:8D:B7:A9","device_key":"ble-address:44:1b:f6:8d:b7:a9","kind":"rx","seq":598,"session":"s1","stream":"telemetry","text":"interval=1000us DIO0","timestamp":1790458686.2514522}
2026-09-27T00:38:06.252+03:00 [RX telemetry] {"data_b64":"X1JYIGZhbHNlX2hpZ2hfZXA9MCA=","description":"ble:LoRa-Chatter-1B44 44:1B:F6:8D:B7:A9","device_key":"ble-address:44:1b:f6:8d:b7:a9","kind":"rx","seq":599,"session":"s1","stream":"telemetry","text":"_RX false_high_ep=0 ","timestamp":1790458686.2515194}
2026-09-27T00:38:06.252+03:00 [RX telemetry] {"data_b64":"aGlnaF9wb2xscz0wIHJ4ZG9uZV8=","description":"ble:LoRa-Chatter-1B44 44:1B:F6:8D:B7:A9","device_key":"ble-address:44:1b:f6:8d:b7:a9","kind":"rx","seq":600,"session":"s1","stream":"telemetry","text":"high_polls=0 rxdone_","timestamp":1790458686.2515705}
2026-09-27T00:38:06.252+03:00 [RX telemetry] {"data_b64":"bG93PTEgaXNyPWRpc2FibGVkCg==","description":"ble:LoRa-Chatter-1B44 44:1B:F6:8D:B7:A9","device_key":"ble-address:44:1b:f6:8d:b7:a9","kind":"rx","seq":601,"session":"s1","stream":"telemetry","text":"low=1 isr=disabled\n","timestamp":1790458686.2518976}
2026-09-27T00:38:08.587+03:00 [AGENT REQUEST] {"id":47,"op":"close","session":"s1"}
2026-09-27T00:38:11.052+03:00 [STATE] {"description":"ble:LoRa-Chatter-1B44 44:1B:F6:8D:B7:A9","device_key":"ble-address:44:1b:f6:8d:b7:a9","kind":"state","seq":602,"session":"s1","state":"closed","timestamp":1790458691.0520728}
2026-09-27T00:38:11.053+03:00 [AGENT RESPONSE] {"id":47,"ok":true,"result":{"session":"s1","state":"closed"}}
2026-09-27T00:38:11.053+03:00 [AGENT REQUEST] {"id":48,"op":"close","session":"s2"}
2026-09-27T00:38:13.084+03:00 [STATE] {"description":"ble:LoRa-Chatter-72E0 E0:72:A1:D5:4C:15","device_key":"ble-address:e0:72:a1:d5:4c:15","kind":"state","seq":379,"session":"s2","state":"closed","timestamp":1790458693.08391}
2026-09-27T00:38:13.084+03:00 [AGENT RESPONSE] {"id":48,"ok":true,"result":{"session":"s2","state":"closed"}}
2026-09-27T00:38:22.080+03:00 [RUN] {"event":"stop","pid":22133}
