2026-09-14T02:59:57.352+03:00 [RUN] {"event":"start","pid":90246}
2026-09-14T02:59:57.352+03:00 [AGENT] {"console_log_path":"logs/serialterminal-20260914-025957-351899-p90246.console.log","event":"ready","log_path":"logs/serialterminal-20260914-025957-351899-p90246.log"}
2026-09-14T03:00:00.276+03:00 [AGENT REQUEST] {"id":1,"op":"discover","scope":"auto"}
2026-09-14T03:00:06.438+03:00 [AGENT RESPONSE] {"id":1,"ok":true,"result":{"devices":[{"detail":"44:1B:F6:8D:B7:A9","key":"ble-address:44:1b:f6:8d:b7:a9","kind":"ble","label":"BLE  LoRa-Chatter-1B44"},{"detail":"E0:72:A1:D5:4C:15","key":"ble-address:e0:72:a1:d5:4c:15","kind":"ble","label":"BLE  LoRa-Chatter-72E0"}]}}
2026-09-14T03:00:14.084+03:00 [AGENT REQUEST] {"id":2,"op":"open","device_key":"ble-address:44:1b:f6:8d:b7:a9","auto_id":true,"wait_connected_ms":10000}
2026-09-14T03:00:14.085+03:00 [STATE] {"description":"ble:LoRa-Chatter-1B44 44:1B:F6:8D:B7:A9 telemetry=off","device_key":"ble-address:44:1b:f6:8d:b7:a9","kind":"state","seq":1,"session":"s1","state":"reconnecting","timestamp":1789344014.0853395}
2026-09-14T03:00:19.252+03:00 [AGENT RESPONSE] {"id":2,"ok":true,"result":{"auto_id":true,"description":"ble:LoRa-Chatter-1B44 44:1B:F6:8D:B7:A9 telemetry=on","device_key":"ble-address:44:1b:f6:8d:b7:a9","latest_seq":3,"session":"s1","state":"connected","streams":["chat","telemetry"]}}
2026-09-14T03:00:19.252+03:00 [TX] {"data_b64":"L2lkCg==","description":"ble:LoRa-Chatter-1B44 44:1B:F6:8D:B7:A9 telemetry=on","device_key":"ble-address:44:1b:f6:8d:b7:a9","kind":"tx","seq":2,"session":"s1","timestamp":1789344019.2526073,"tx_state":"connect-preamble-written"}
2026-09-14T03:00:19.252+03:00 [AGENT REQUEST] {"id":3,"op":"open","device_key":"ble-address:e0:72:a1:d5:4c:15","auto_id":true,"wait_connected_ms":10000}
2026-09-14T03:00:19.253+03:00 [STATE] {"description":"ble:LoRa-Chatter-1B44 44:1B:F6:8D:B7:A9 telemetry=on","device_key":"ble-address:44:1b:f6:8d:b7:a9","kind":"state","seq":3,"session":"s1","state":"connected","timestamp":1789344019.2526367}
2026-09-14T03:00:19.253+03:00 [STATE] {"description":"ble:LoRa-Chatter-72E0 E0:72:A1:D5:4C:15 telemetry=off","device_key":"ble-address:e0:72:a1:d5:4c:15","kind":"state","seq":1,"session":"s2","state":"reconnecting","timestamp":1789344019.2537482}
2026-09-14T03:00:19.341+03:00 [RX chat] {"data_b64":"W1NZU10gQ0hBVFRFUiBOT0RFIEw=","description":"ble:LoRa-Chatter-1B44 44:1B:F6:8D:B7:A9 telemetry=on","device_key":"ble-address:44:1b:f6:8d:b7:a9","kind":"rx","seq":4,"session":"s1","stream":"chat","text":"[SYS] CHATTER NODE L","timestamp":1789344019.3409417}
2026-09-14T03:00:19.341+03:00 [RX chat] {"data_b64":"b1JhLUNoYXR0ZXItMUI0NAo=","description":"ble:LoRa-Chatter-1B44 44:1B:F6:8D:B7:A9 telemetry=on","device_key":"ble-address:44:1b:f6:8d:b7:a9","kind":"rx","seq":5,"session":"s1","stream":"chat","text":"oRa-Chatter-1B44\n","timestamp":1789344019.3413355}
2026-09-14T03:00:24.162+03:00 [TX] {"data_b64":"L2lkCg==","description":"ble:LoRa-Chatter-72E0 E0:72:A1:D5:4C:15 telemetry=on","device_key":"ble-address:e0:72:a1:d5:4c:15","kind":"tx","seq":2,"session":"s2","timestamp":1789344024.1619995,"tx_state":"connect-preamble-written"}
2026-09-14T03:00:24.162+03:00 [AGENT RESPONSE] {"id":3,"ok":true,"result":{"auto_id":true,"description":"ble:LoRa-Chatter-72E0 E0:72:A1:D5:4C:15 telemetry=on","device_key":"ble-address:e0:72:a1:d5:4c:15","latest_seq":3,"session":"s2","state":"connected","streams":["chat","telemetry"]}}
2026-09-14T03:00:24.162+03:00 [STATE] {"description":"ble:LoRa-Chatter-72E0 E0:72:A1:D5:4C:15 telemetry=on","device_key":"ble-address:e0:72:a1:d5:4c:15","kind":"state","seq":3,"session":"s2","state":"connected","timestamp":1789344024.1620724}
2026-09-14T03:00:24.251+03:00 [RX chat] {"data_b64":"W1NZU10gQ0hBVFRFUiBOT0RFIEw=","description":"ble:LoRa-Chatter-72E0 E0:72:A1:D5:4C:15 telemetry=on","device_key":"ble-address:e0:72:a1:d5:4c:15","kind":"rx","seq":4,"session":"s2","stream":"chat","text":"[SYS] CHATTER NODE L","timestamp":1789344024.251022}
2026-09-14T03:00:24.252+03:00 [RX chat] {"data_b64":"b1JhLUNoYXR0ZXItNzJFMAo=","description":"ble:LoRa-Chatter-72E0 E0:72:A1:D5:4C:15 telemetry=on","device_key":"ble-address:e0:72:a1:d5:4c:15","kind":"rx","seq":5,"session":"s2","stream":"chat","text":"oRa-Chatter-72E0\n","timestamp":1789344024.2517154}
2026-09-14T03:00:32.067+03:00 [AGENT REQUEST] {"id":4,"op":"observe","cursors":{"s1":3,"s2":3},"timeout_ms":3000}
2026-09-14T03:00:32.067+03:00 [AGENT RESPONSE] {"id":4,"ok":true,"result":{"cursors":{"s1":5,"s2":5},"events":[{"data_b64":"W1NZU10gQ0hBVFRFUiBOT0RFIEw=","description":"ble:LoRa-Chatter-1B44 44:1B:F6:8D:B7:A9 telemetry=on","device_key":"ble-address:44:1b:f6:8d:b7:a9","kind":"rx","seq":4,"session":"s1","stream":"chat","text":"[SYS] CHATTER NODE L","timestamp":1789344019.3409417},{"data_b64":"b1JhLUNoYXR0ZXItMUI0NAo=","description":"ble:LoRa-Chatter-1B44 44:1B:F6:8D:B7:A9 telemetry=on","device_key":"ble-address:44:1b:f6:8d:b7:a9","kind":"rx","seq":5,"session":"s1","stream":"chat","text":"oRa-Chatter-1B44\n","timestamp":1789344019.3413355},{"data_b64":"W1NZU10gQ0hBVFRFUiBOT0RFIEw=","description":"ble:LoRa-Chatter-72E0 E0:72:A1:D5:4C:15 telemetry=on","device_key":"ble-address:e0:72:a1:d5:4c:15","kind":"rx","seq":4,"session":"s2","stream":"chat","text":"[SYS] CHATTER NODE L","timestamp":1789344024.251022},{"data_b64":"b1JhLUNoYXR0ZXItNzJFMAo=","description":"ble:LoRa-Chatter-72E0 E0:72:A1:D5:4C:15 telemetry=on","device_key":"ble-address:e0:72:a1:d5:4c:15","kind":"rx","seq":5,"session":"s2","stream":"chat","text":"oRa-Chatter-72E0\n","timestamp":1789344024.2517154}],"lines":[{"seq_first":4,"seq_last":5,"session":"s1","stream":"chat","text":"[SYS] CHATTER NODE LoRa-Chatter-1B44"},{"seq_first":4,"seq_last":5,"session":"s2","stream":"chat","text":"[SYS] CHATTER NODE LoRa-Chatter-72E0"}],"timed_out":false}}
2026-09-14T03:00:43.114+03:00 [AGENT REQUEST] {"id":5,"op":"send_line","session":"s1","text":"/help"}
2026-09-14T03:00:43.114+03:00 [TX] {"data_b64":"L2hlbHAK","device_key":"ble-address:44:1b:f6:8d:b7:a9","kind":"tx","seq":6,"session":"s1","text":"/help","timestamp":1789344043.1144168,"tx_id":1,"tx_state":"queued"}
2026-09-14T03:00:43.115+03:00 [AGENT RESPONSE] {"id":5,"ok":true,"result":{"state":"queued","tx_id":1}}
2026-09-14T03:00:43.115+03:00 [AGENT REQUEST] {"id":6,"op":"send_line","session":"s2","text":"/help"}
2026-09-14T03:00:43.115+03:00 [AGENT RESPONSE] {"id":6,"ok":true,"result":{"state":"queued","tx_id":1}}
2026-09-14T03:00:43.115+03:00 [TX] {"data_b64":"L2hlbHAK","device_key":"ble-address:e0:72:a1:d5:4c:15","kind":"tx","seq":6,"session":"s2","text":"/help","timestamp":1789344043.1153164,"tx_id":1,"tx_state":"queued"}
2026-09-14T03:00:43.115+03:00 [AGENT REQUEST] {"id":7,"op":"send_line","session":"s1","text":"/both"}
2026-09-14T03:00:43.116+03:00 [AGENT RESPONSE] {"id":7,"ok":true,"result":{"state":"queued","tx_id":2}}
2026-09-14T03:00:43.116+03:00 [TX] {"data_b64":"L2JvdGgK","device_key":"ble-address:44:1b:f6:8d:b7:a9","kind":"tx","seq":7,"session":"s1","text":"/both","timestamp":1789344043.1160035,"tx_id":2,"tx_state":"queued"}
2026-09-14T03:00:43.117+03:00 [AGENT REQUEST] {"id":8,"op":"send_line","session":"s2","text":"/both"}
2026-09-14T03:00:43.117+03:00 [TX] {"data_b64":"L2hlbHAK","description":"ble:LoRa-Chatter-72E0 E0:72:A1:D5:4C:15 telemetry=on","device_key":"ble-address:e0:72:a1:d5:4c:15","kind":"tx","seq":7,"session":"s2","text":"/help","timestamp":1789344043.117016,"tx_id":1,"tx_state":"written"}
2026-09-14T03:00:43.118+03:00 [TX] {"data_b64":"L2hlbHAK","description":"ble:LoRa-Chatter-1B44 44:1B:F6:8D:B7:A9 telemetry=on","device_key":"ble-address:44:1b:f6:8d:b7:a9","kind":"tx","seq":8,"session":"s1","text":"/help","timestamp":1789344043.1171248,"tx_id":1,"tx_state":"written"}
2026-09-14T03:00:43.118+03:00 [TX] {"data_b64":"L2JvdGgK","device_key":"ble-address:e0:72:a1:d5:4c:15","kind":"tx","seq":8,"session":"s2","text":"/both","timestamp":1789344043.1173522,"tx_id":2,"tx_state":"queued"}
2026-09-14T03:00:43.119+03:00 [AGENT RESPONSE] {"id":8,"ok":true,"result":{"state":"queued","tx_id":2}}
2026-09-14T03:00:43.119+03:00 [TX] {"data_b64":"L2JvdGgK","description":"ble:LoRa-Chatter-1B44 44:1B:F6:8D:B7:A9 telemetry=on","device_key":"ble-address:44:1b:f6:8d:b7:a9","kind":"tx","seq":9,"session":"s1","text":"/both","timestamp":1789344043.1188412,"tx_id":2,"tx_state":"written"}
2026-09-14T03:00:43.119+03:00 [TX] {"data_b64":"L2JvdGgK","description":"ble:LoRa-Chatter-72E0 E0:72:A1:D5:4C:15 telemetry=on","device_key":"ble-address:e0:72:a1:d5:4c:15","kind":"tx","seq":9,"session":"s2","text":"/both","timestamp":1789344043.1187413,"tx_id":2,"tx_state":"written"}
2026-09-14T03:00:43.119+03:00 [AGENT REQUEST] {"id":9,"op":"status","session":"s1"}
2026-09-14T03:00:43.119+03:00 [AGENT RESPONSE] {"id":9,"ok":true,"result":{"connected":true,"description":"ble:LoRa-Chatter-1B44 44:1B:F6:8D:B7:A9 telemetry=on","device_key":"ble-address:44:1b:f6:8d:b7:a9","latest_seq":9,"queued_tx":0,"session":"s1","state":"connected","streams":["chat","telemetry"]}}
2026-09-14T03:00:43.119+03:00 [AGENT REQUEST] {"id":10,"op":"status","session":"s2"}
2026-09-14T03:00:43.119+03:00 [AGENT RESPONSE] {"id":10,"ok":true,"result":{"connected":true,"description":"ble:LoRa-Chatter-72E0 E0:72:A1:D5:4C:15 telemetry=on","device_key":"ble-address:e0:72:a1:d5:4c:15","latest_seq":9,"queued_tx":0,"session":"s2","state":"connected","streams":["chat","telemetry"]}}
2026-09-14T03:00:43.195+03:00 [RX chat] {"data_b64":"CltTWVNdIENIQVRURVIgSEVMUAo=","description":"ble:LoRa-Chatter-1B44 44:1B:F6:8D:B7:A9 telemetry=on","device_key":"ble-address:44:1b:f6:8d:b7:a9","kind":"rx","seq":10,"session":"s1","stream":"chat","text":"\n[SYS] CHATTER HELP\n","timestamp":1789344043.1949005}
2026-09-14T03:00:43.197+03:00 [RX chat] {"data_b64":"W1NZU10gQ0hBVFRFUiBOT0RFIEw=","description":"ble:LoRa-Chatter-1B44 44:1B:F6:8D:B7:A9 telemetry=on","device_key":"ble-address:44:1b:f6:8d:b7:a9","kind":"rx","seq":11,"session":"s1","stream":"chat","text":"[SYS] CHATTER NODE L","timestamp":1789344043.1972456}
2026-09-14T03:00:43.199+03:00 [RX chat] {"data_b64":"b1JhLUNoYXR0ZXItMUI0NAo=","description":"ble:LoRa-Chatter-1B44 44:1B:F6:8D:B7:A9 telemetry=on","device_key":"ble-address:44:1b:f6:8d:b7:a9","kind":"rx","seq":12,"session":"s1","stream":"chat","text":"oRa-Chatter-1B44\n","timestamp":1789344043.1986396}
2026-09-14T03:00:43.200+03:00 [RX chat] {"data_b64":"W1NZU10gQ0hBVCBPVVRQVVQ6Cg==","description":"ble:LoRa-Chatter-1B44 44:1B:F6:8D:B7:A9 telemetry=on","device_key":"ble-address:44:1b:f6:8d:b7:a9","kind":"rx","seq":13,"session":"s1","stream":"chat","text":"[SYS] CHAT OUTPUT:\n","timestamp":1789344043.1997266}
2026-09-14T03:00:43.200+03:00 [RX chat] {"data_b64":"W1NZU10gICA+IHRleHQgICAgICA=","description":"ble:LoRa-Chatter-1B44 44:1B:F6:8D:B7:A9 telemetry=on","device_key":"ble-address:44:1b:f6:8d:b7:a9","kind":"rx","seq":14,"session":"s1","stream":"chat","text":"[SYS]   > text      ","timestamp":1789344043.200066}
2026-09-14T03:00:43.200+03:00 [RX chat] {"data_b64":"ICAgICAgICAgICAgICAgICBsb2M=","description":"ble:LoRa-Chatter-1B44 44:1B:F6:8D:B7:A9 telemetry=on","device_key":"ble-address:44:1b:f6:8d:b7:a9","kind":"rx","seq":15,"session":"s1","stream":"chat","text":"                 loc","timestamp":1789344043.2003405}
2026-09-14T03:00:43.201+03:00 [RX chat] {"data_b64":"YWwgVVNFUiBUWCBjb25maXJtZWQ=","description":"ble:LoRa-Chatter-1B44 44:1B:F6:8D:B7:A9 telemetry=on","device_key":"ble-address:44:1b:f6:8d:b7:a9","kind":"rx","seq":16,"session":"s1","stream":"chat","text":"al USER TX confirmed","timestamp":1789344043.2010622}
2026-09-14T03:00:43.201+03:00 [RX chat] {"data_b64":"Cg==","description":"ble:LoRa-Chatter-1B44 44:1B:F6:8D:B7:A9 telemetry=on","device_key":"ble-address:44:1b:f6:8d:b7:a9","kind":"rx","seq":17,"session":"s1","stream":"chat","text":"\n","timestamp":1789344043.2011259}
2026-09-14T03:00:43.201+03:00 [RX chat] {"data_b64":"W1NZU10gICA8IFtSU1NJL1NOUiA=","description":"ble:LoRa-Chatter-1B44 44:1B:F6:8D:B7:A9 telemetry=on","device_key":"ble-address:44:1b:f6:8d:b7:a9","kind":"rx","seq":18,"session":"s1","stream":"chat","text":"[SYS]   < [RSSI/SNR ","timestamp":1789344043.2013776}
2026-09-14T03:00:43.202+03:00 [RX chat] {"data_b64":"USVdIHRleHQgICAgICAgICBVU0U=","description":"ble:LoRa-Chatter-1B44 44:1B:F6:8D:B7:A9 telemetry=on","device_key":"ble-address:44:1b:f6:8d:b7:a9","kind":"rx","seq":19,"session":"s1","stream":"chat","text":"Q%] text         USE","timestamp":1789344043.2024386}
2026-09-14T03:00:43.203+03:00 [RX chat] {"data_b64":"UiByZWNlaXZlZCBmcm9tIHBlZXI=","description":"ble:LoRa-Chatter-1B44 44:1B:F6:8D:B7:A9 telemetry=on","device_key":"ble-address:44:1b:f6:8d:b7:a9","kind":"rx","seq":20,"session":"s1","stream":"chat","text":"R received from peer","timestamp":1789344043.2031636}
2026-09-14T03:00:43.204+03:00 [RX chat] {"data_b64":"Cg==","description":"ble:LoRa-Chatter-1B44 44:1B:F6:8D:B7:A9 telemetry=on","device_key":"ble-address:44:1b:f6:8d:b7:a9","kind":"rx","seq":21,"session":"s1","stream":"chat","text":"\n","timestamp":1789344043.2041967}
2026-09-14T03:00:43.205+03:00 [RX chat] {"data_b64":"W1NZU10gICA+IFtFQ0hPIFRYXSA=","description":"ble:LoRa-Chatter-1B44 44:1B:F6:8D:B7:A9 telemetry=on","device_key":"ble-address:44:1b:f6:8d:b7:a9","kind":"rx","seq":22,"session":"s1","stream":"chat","text":"[SYS]   > [ECHO TX] ","timestamp":1789344043.2050493}
2026-09-14T03:00:43.206+03:00 [RX chat] {"data_b64":"dGV4dCAgICAgICAgICAgICBsb2M=","description":"ble:LoRa-Chatter-1B44 44:1B:F6:8D:B7:A9 telemetry=on","device_key":"ble-address:44:1b:f6:8d:b7:a9","kind":"rx","seq":23,"session":"s1","stream":"chat","text":"text             loc","timestamp":1789344043.2059612}
2026-09-14T03:00:43.211+03:00 [RX chat] {"data_b64":"YWwgZWNobyBUWCBjb25maXJtZWQ=","description":"ble:LoRa-Chatter-1B44 44:1B:F6:8D:B7:A9 telemetry=on","device_key":"ble-address:44:1b:f6:8d:b7:a9","kind":"rx","seq":24,"session":"s1","stream":"chat","text":"al echo TX confirmed","timestamp":1789344043.2107253}
2026-09-14T03:00:43.211+03:00 [RX chat] {"data_b64":"Cg==","description":"ble:LoRa-Chatter-1B44 44:1B:F6:8D:B7:A9 telemetry=on","device_key":"ble-address:44:1b:f6:8d:b7:a9","kind":"rx","seq":25,"session":"s1","stream":"chat","text":"\n","timestamp":1789344043.21089}
2026-09-14T03:00:43.211+03:00 [RX chat] {"data_b64":"W1NZU10gICA8IFtFQ0hPIFJTU0k=","description":"ble:LoRa-Chatter-1B44 44:1B:F6:8D:B7:A9 telemetry=on","device_key":"ble-address:44:1b:f6:8d:b7:a9","kind":"rx","seq":26,"session":"s1","stream":"chat","text":"[SYS]   < [ECHO RSSI","timestamp":1789344043.211308}
2026-09-14T03:00:43.211+03:00 [RX chat] {"data_b64":"L1NOUiBRJV0gdGV4dCAgICBtYXQ=","description":"ble:LoRa-Chatter-1B44 44:1B:F6:8D:B7:A9 telemetry=on","device_key":"ble-address:44:1b:f6:8d:b7:a9","kind":"rx","seq":27,"session":"s1","stream":"chat","text":"/SNR Q%] text    mat","timestamp":1789344043.2113547}
2026-09-14T03:00:43.212+03:00 [RX chat] {"data_b64":"Y2hpbmcgZWNobyByZXBseSByZWM=","description":"ble:LoRa-Chatter-1B44 44:1B:F6:8D:B7:A9 telemetry=on","device_key":"ble-address:44:1b:f6:8d:b7:a9","kind":"rx","seq":28,"session":"s1","stream":"chat","text":"ching echo reply rec","timestamp":1789344043.211393}
2026-09-14T03:00:43.237+03:00 [RX chat] {"data_b64":"ZWl2ZWQK","description":"ble:LoRa-Chatter-1B44 44:1B:F6:8D:B7:A9 telemetry=on","device_key":"ble-address:44:1b:f6:8d:b7:a9","kind":"rx","seq":29,"session":"s1","stream":"chat","text":"eived\n","timestamp":1789344043.2368417}
2026-09-14T03:00:43.238+03:00 [RX chat] {"data_b64":"W1NZU10gICBbRUNIT10gTk8gUkU=","description":"ble:LoRa-Chatter-1B44 44:1B:F6:8D:B7:A9 telemetry=on","device_key":"ble-address:44:1b:f6:8d:b7:a9","kind":"rx","seq":30,"session":"s1","stream":"chat","text":"[SYS]   [ECHO] NO RE","timestamp":1789344043.2378764}
2026-09-14T03:00:43.238+03:00 [RX chat] {"data_b64":"U1BPTlNFICAgICAgICAgICBtYXQ=","description":"ble:LoRa-Chatter-1B44 44:1B:F6:8D:B7:A9 telemetry=on","device_key":"ble-address:44:1b:f6:8d:b7:a9","kind":"rx","seq":31,"session":"s1","stream":"chat","text":"SPONSE           mat","timestamp":1789344043.2379727}
2026-09-14T03:00:43.243+03:00 [RX chat] {"data_b64":"Y2hpbmcgZWNobyByZXBseSB0aW0=","description":"ble:LoRa-Chatter-1B44 44:1B:F6:8D:B7:A9 telemetry=on","device_key":"ble-address:44:1b:f6:8d:b7:a9","kind":"rx","seq":32,"session":"s1","stream":"chat","text":"ching echo reply tim","timestamp":1789344043.2418635}
2026-09-14T03:00:43.244+03:00 [RX chat] {"data_b64":"ZWQgb3V0Cg==","description":"ble:LoRa-Chatter-1B44 44:1B:F6:8D:B7:A9 telemetry=on","device_key":"ble-address:44:1b:f6:8d:b7:a9","kind":"rx","seq":33,"session":"s1","stream":"chat","text":"ed out\n","timestamp":1789344043.2421393}
2026-09-14T03:00:43.244+03:00 [RX chat] {"data_b64":"W1NZU10gICBkZWxpdmVyeSByZXQ=","description":"ble:LoRa-Chatter-1B44 44:1B:F6:8D:B7:A9 telemetry=on","device_key":"ble-address:44:1b:f6:8d:b7:a9","kind":"rx","seq":34,"session":"s1","stream":"chat","text":"[SYS]   delivery ret","timestamp":1789344043.2430687}
2026-09-14T03:00:43.244+03:00 [RX chat] {"data_b64":"cnkgZGV0YWlscyAgICAgICBURUw=","description":"ble:LoRa-Chatter-1B44 44:1B:F6:8D:B7:A9 telemetry=on","device_key":"ble-address:44:1b:f6:8d:b7:a9","kind":"rx","seq":35,"session":"s1","stream":"chat","text":"ry details       TEL","timestamp":1789344043.2431314}
2026-09-14T03:00:43.244+03:00 [RX chat] {"data_b64":"RU1FVFJZIG9ubHkK","description":"ble:LoRa-Chatter-1B44 44:1B:F6:8D:B7:A9 telemetry=on","device_key":"ble-address:44:1b:f6:8d:b7:a9","kind":"rx","seq":36,"session":"s1","stream":"chat","text":"EMETRY only\n","timestamp":1789344043.243181}
2026-09-14T03:00:43.244+03:00 [RX chat] {"data_b64":"W1NZU10gICBSU1NJPWRCbSwgU04=","description":"ble:LoRa-Chatter-1B44 44:1B:F6:8D:B7:A9 telemetry=on","device_key":"ble-address:44:1b:f6:8d:b7:a9","kind":"rx","seq":37,"session":"s1","stream":"chat","text":"[SYS]   RSSI=dBm, SN","timestamp":1789344043.2432952}
2026-09-14T03:00:43.244+03:00 [RX chat] {"data_b64":"Uj1kQiwgUT1yb2xsaW5nIHJlY2U=","description":"ble:LoRa-Chatter-1B44 44:1B:F6:8D:B7:A9 telemetry=on","device_key":"ble-address:44:1b:f6:8d:b7:a9","kind":"rx","seq":38,"session":"s1","stream":"chat","text":"R=dB, Q=rolling rece","timestamp":1789344043.2433455}
2026-09-14T03:00:43.246+03:00 [RX chat] {"data_b64":"aXZlIHF1YWxpdHkgJQo=","description":"ble:LoRa-Chatter-1B44 44:1B:F6:8D:B7:A9 telemetry=on","device_key":"ble-address:44:1b:f6:8d:b7:a9","kind":"rx","seq":39,"session":"s1","stream":"chat","text":"ive quality %\n","timestamp":1789344043.2462275}
2026-09-14T03:00:43.247+03:00 [RX chat] {"data_b64":"W1NZU10gSFVNQU4gQ09OU09MRSA=","description":"ble:LoRa-Chatter-1B44 44:1B:F6:8D:B7:A9 telemetry=on","device_key":"ble-address:44:1b:f6:8d:b7:a9","kind":"rx","seq":40,"session":"s1","stream":"chat","text":"[SYS] HUMAN CONSOLE ","timestamp":1789344043.2467787}
2026-09-14T03:00:43.247+03:00 [RX chat] {"data_b64":"TU9ERVM6Cg==","description":"ble:LoRa-Chatter-1B44 44:1B:F6:8D:B7:A9 telemetry=on","device_key":"ble-address:44:1b:f6:8d:b7:a9","kind":"rx","seq":41,"session":"s1","stream":"chat","text":"MODES:\n","timestamp":1789344043.246847}
2026-09-14T03:00:43.249+03:00 [RX chat] {"data_b64":"W1NZU10gICBDSEFUICAgICAgIGM=","description":"ble:LoRa-Chatter-1B44 44:1B:F6:8D:B7:A9 telemetry=on","device_key":"ble-address:44:1b:f6:8d:b7:a9","kind":"rx","seq":42,"session":"s1","stream":"chat","text":"[SYS]   CHAT       c","timestamp":1789344043.248644}
2026-09-14T03:00:43.249+03:00 [RX chat] {"data_b64":"aGF0ICsgU1lTVEVNCg==","description":"ble:LoRa-Chatter-1B44 44:1B:F6:8D:B7:A9 telemetry=on","device_key":"ble-address:44:1b:f6:8d:b7:a9","kind":"rx","seq":43,"session":"s1","stream":"chat","text":"hat + SYSTEM\n","timestamp":1789344043.24872}
2026-09-14T03:00:43.249+03:00 [RX chat] {"data_b64":"W1NZU10gICBURUxFTUVUUlkgIHQ=","description":"ble:LoRa-Chatter-1B44 44:1B:F6:8D:B7:A9 telemetry=on","device_key":"ble-address:44:1b:f6:8d:b7:a9","kind":"rx","seq":44,"session":"s1","stream":"chat","text":"[SYS]   TELEMETRY  t","timestamp":1789344043.2489471}
2026-09-14T03:00:43.249+03:00 [RX chat] {"data_b64":"ZWxlbWV0cnkgKyBTWVNURU0K","description":"ble:LoRa-Chatter-1B44 44:1B:F6:8D:B7:A9 telemetry=on","device_key":"ble-address:44:1b:f6:8d:b7:a9","kind":"rx","seq":45,"session":"s1","stream":"chat","text":"elemetry + SYSTEM\n","timestamp":1789344043.2489913}
2026-09-14T03:00:43.283+03:00 [RX chat] {"data_b64":"W1NZU10gICBCT1RIICAgICAgIGM=","description":"ble:LoRa-Chatter-1B44 44:1B:F6:8D:B7:A9 telemetry=on","device_key":"ble-address:44:1b:f6:8d:b7:a9","kind":"rx","seq":46,"session":"s1","stream":"chat","text":"[SYS]   BOTH       c","timestamp":1789344043.2819114}
2026-09-14T03:00:43.284+03:00 [RX chat] {"data_b64":"aGF0ICsgdGVsZW1ldHJ5ICsgU1k=","description":"ble:LoRa-Chatter-1B44 44:1B:F6:8D:B7:A9 telemetry=on","device_key":"ble-address:44:1b:f6:8d:b7:a9","kind":"rx","seq":47,"session":"s1","stream":"chat","text":"hat + telemetry + SY","timestamp":1789344043.2837627}
2026-09-14T03:00:43.284+03:00 [RX chat] {"data_b64":"U1RFTQo=","description":"ble:LoRa-Chatter-1B44 44:1B:F6:8D:B7:A9 telemetry=on","device_key":"ble-address:44:1b:f6:8d:b7:a9","kind":"rx","seq":48,"session":"s1","stream":"chat","text":"STEM\n","timestamp":1789344043.2843676}
2026-09-14T03:00:43.285+03:00 [RX chat] {"data_b64":"W1NZU10gICBCTEUgMDAwNCBtYWM=","description":"ble:LoRa-Chatter-1B44 44:1B:F6:8D:B7:A9 telemetry=on","device_key":"ble-address:44:1b:f6:8d:b7:a9","kind":"rx","seq":49,"session":"s1","stream":"chat","text":"[SYS]   BLE 0004 mac","timestamp":1789344043.2854555}
2026-09-14T03:00:43.292+03:00 [RX chat] {"data_b64":"CltTWVNdIENIQVRURVIgSEVMUAo=","description":"ble:LoRa-Chatter-72E0 E0:72:A1:D5:4C:15 telemetry=on","device_key":"ble-address:e0:72:a1:d5:4c:15","kind":"rx","seq":10,"session":"s2","stream":"chat","text":"\n[SYS] CHATTER HELP\n","timestamp":1789344043.2898688}
2026-09-14T03:00:43.296+03:00 [RX chat] {"data_b64":"W1NZU10gQ0hBVFRFUiBOT0RFIEw=","description":"ble:LoRa-Chatter-72E0 E0:72:A1:D5:4C:15 telemetry=on","device_key":"ble-address:e0:72:a1:d5:4c:15","kind":"rx","seq":11,"session":"s2","stream":"chat","text":"[SYS] CHATTER NODE L","timestamp":1789344043.2956576}
2026-09-14T03:00:43.298+03:00 [RX chat] {"data_b64":"b1JhLUNoYXR0ZXItNzJFMAo=","description":"ble:LoRa-Chatter-72E0 E0:72:A1:D5:4C:15 telemetry=on","device_key":"ble-address:e0:72:a1:d5:4c:15","kind":"rx","seq":12,"session":"s2","stream":"chat","text":"oRa-Chatter-72E0\n","timestamp":1789344043.297105}
2026-09-14T03:00:43.298+03:00 [RX chat] {"data_b64":"W1NZU10gQ0hBVCBPVVRQVVQ6Cg==","description":"ble:LoRa-Chatter-72E0 E0:72:A1:D5:4C:15 telemetry=on","device_key":"ble-address:e0:72:a1:d5:4c:15","kind":"rx","seq":13,"session":"s2","stream":"chat","text":"[SYS] CHAT OUTPUT:\n","timestamp":1789344043.2984617}
2026-09-14T03:00:43.299+03:00 [RX chat] {"data_b64":"W1NZU10gICA+IHRleHQgICAgICA=","description":"ble:LoRa-Chatter-72E0 E0:72:A1:D5:4C:15 telemetry=on","device_key":"ble-address:e0:72:a1:d5:4c:15","kind":"rx","seq":14,"session":"s2","stream":"chat","text":"[SYS]   > text      ","timestamp":1789344043.2991135}
2026-09-14T03:00:43.301+03:00 [RX chat] {"data_b64":"ICAgICAgICAgICAgICAgICBsb2M=","description":"ble:LoRa-Chatter-72E0 E0:72:A1:D5:4C:15 telemetry=on","device_key":"ble-address:e0:72:a1:d5:4c:15","kind":"rx","seq":15,"session":"s2","stream":"chat","text":"                 loc","timestamp":1789344043.3008072}
2026-09-14T03:00:43.301+03:00 [RX chat] {"data_b64":"YWwgVVNFUiBUWCBjb25maXJtZWQ=","description":"ble:LoRa-Chatter-72E0 E0:72:A1:D5:4C:15 telemetry=on","device_key":"ble-address:e0:72:a1:d5:4c:15","kind":"rx","seq":16,"session":"s2","stream":"chat","text":"al USER TX confirmed","timestamp":1789344043.3008816}
2026-09-14T03:00:43.301+03:00 [RX chat] {"data_b64":"Cg==","description":"ble:LoRa-Chatter-72E0 E0:72:A1:D5:4C:15 telemetry=on","device_key":"ble-address:e0:72:a1:d5:4c:15","kind":"rx","seq":17,"session":"s2","stream":"chat","text":"\n","timestamp":1789344043.300929}
2026-09-14T03:00:43.301+03:00 [RX chat] {"data_b64":"W1NZU10gICA8IFtSU1NJL1NOUiA=","description":"ble:LoRa-Chatter-72E0 E0:72:A1:D5:4C:15 telemetry=on","device_key":"ble-address:e0:72:a1:d5:4c:15","kind":"rx","seq":18,"session":"s2","stream":"chat","text":"[SYS]   < [RSSI/SNR ","timestamp":1789344043.301165}
2026-09-14T03:00:43.302+03:00 [RX chat] {"data_b64":"USVdIHRleHQgICAgICAgICBVU0U=","description":"ble:LoRa-Chatter-72E0 E0:72:A1:D5:4C:15 telemetry=on","device_key":"ble-address:e0:72:a1:d5:4c:15","kind":"rx","seq":19,"session":"s2","stream":"chat","text":"Q%] text         USE","timestamp":1789344043.3012075}
2026-09-14T03:00:43.302+03:00 [RX chat] {"data_b64":"UiByZWNlaXZlZCBmcm9tIHBlZXI=","description":"ble:LoRa-Chatter-72E0 E0:72:A1:D5:4C:15 telemetry=on","device_key":"ble-address:e0:72:a1:d5:4c:15","kind":"rx","seq":20,"session":"s2","stream":"chat","text":"R received from peer","timestamp":1789344043.301251}
2026-09-14T03:00:43.303+03:00 [RX chat] {"data_b64":"Cg==","description":"ble:LoRa-Chatter-72E0 E0:72:A1:D5:4C:15 telemetry=on","device_key":"ble-address:e0:72:a1:d5:4c:15","kind":"rx","seq":21,"session":"s2","stream":"chat","text":"\n","timestamp":1789344043.3025987}
2026-09-14T03:00:43.304+03:00 [RX chat] {"data_b64":"W1NZU10gICA+IFtFQ0hPIFRYXSA=","description":"ble:LoRa-Chatter-72E0 E0:72:A1:D5:4C:15 telemetry=on","device_key":"ble-address:e0:72:a1:d5:4c:15","kind":"rx","seq":22,"session":"s2","stream":"chat","text":"[SYS]   > [ECHO TX] ","timestamp":1789344043.3028212}
2026-09-14T03:00:43.304+03:00 [RX chat] {"data_b64":"dGV4dCAgICAgICAgICAgICBsb2M=","description":"ble:LoRa-Chatter-72E0 E0:72:A1:D5:4C:15 telemetry=on","device_key":"ble-address:e0:72:a1:d5:4c:15","kind":"rx","seq":23,"session":"s2","stream":"chat","text":"text             loc","timestamp":1789344043.3028753}
2026-09-14T03:00:43.304+03:00 [RX chat] {"data_b64":"YWwgZWNobyBUWCBjb25maXJtZWQ=","description":"ble:LoRa-Chatter-72E0 E0:72:A1:D5:4C:15 telemetry=on","device_key":"ble-address:e0:72:a1:d5:4c:15","kind":"rx","seq":24,"session":"s2","stream":"chat","text":"al echo TX confirmed","timestamp":1789344043.303876}
2026-09-14T03:00:43.306+03:00 [RX chat] {"data_b64":"Cg==","description":"ble:LoRa-Chatter-72E0 E0:72:A1:D5:4C:15 telemetry=on","device_key":"ble-address:e0:72:a1:d5:4c:15","kind":"rx","seq":25,"session":"s2","stream":"chat","text":"\n","timestamp":1789344043.305643}
2026-09-14T03:00:43.306+03:00 [RX chat] {"data_b64":"W1NZU10gICA8IFtFQ0hPIFJTU0k=","description":"ble:LoRa-Chatter-72E0 E0:72:A1:D5:4C:15 telemetry=on","device_key":"ble-address:e0:72:a1:d5:4c:15","kind":"rx","seq":26,"session":"s2","stream":"chat","text":"[SYS]   < [ECHO RSSI","timestamp":1789344043.306016}
2026-09-14T03:00:43.307+03:00 [RX chat] {"data_b64":"L1NOUiBRJV0gdGV4dCAgICBtYXQ=","description":"ble:LoRa-Chatter-72E0 E0:72:A1:D5:4C:15 telemetry=on","device_key":"ble-address:e0:72:a1:d5:4c:15","kind":"rx","seq":27,"session":"s2","stream":"chat","text":"/SNR Q%] text    mat","timestamp":1789344043.306089}
2026-09-14T03:00:43.307+03:00 [RX chat] {"data_b64":"Y2hpbmcgZWNobyByZXBseSByZWM=","description":"ble:LoRa-Chatter-72E0 E0:72:A1:D5:4C:15 telemetry=on","device_key":"ble-address:e0:72:a1:d5:4c:15","kind":"rx","seq":28,"session":"s2","stream":"chat","text":"ching echo reply rec","timestamp":1789344043.307661}
2026-09-14T03:00:43.329+03:00 [RX chat] {"data_b64":"aGluZSB0ZWxlbWV0cnkgaXMgaW4=","description":"ble:LoRa-Chatter-1B44 44:1B:F6:8D:B7:A9 telemetry=on","device_key":"ble-address:44:1b:f6:8d:b7:a9","kind":"rx","seq":50,"session":"s1","stream":"chat","text":"hine telemetry is in","timestamp":1789344043.328726}
2026-09-14T03:00:43.329+03:00 [RX chat] {"data_b64":"ZGVwZW5kZW50IHdoZW4gc3Vic2M=","description":"ble:LoRa-Chatter-1B44 44:1B:F6:8D:B7:A9 telemetry=on","device_key":"ble-address:44:1b:f6:8d:b7:a9","kind":"rx","seq":51,"session":"s1","stream":"chat","text":"dependent when subsc","timestamp":1789344043.328823}
2026-09-14T03:00:43.329+03:00 [RX chat] {"data_b64":"cmliZWQK","description":"ble:LoRa-Chatter-1B44 44:1B:F6:8D:B7:A9 telemetry=on","device_key":"ble-address:44:1b:f6:8d:b7:a9","kind":"rx","seq":52,"session":"s1","stream":"chat","text":"ribed\n","timestamp":1789344043.3289826}
2026-09-14T03:00:43.330+03:00 [RX chat] {"data_b64":"ZWl2ZWQK","description":"ble:LoRa-Chatter-72E0 E0:72:A1:D5:4C:15 telemetry=on","device_key":"ble-address:e0:72:a1:d5:4c:15","kind":"rx","seq":29,"session":"s2","stream":"chat","text":"eived\n","timestamp":1789344043.3305302}
2026-09-14T03:00:43.331+03:00 [RX chat] {"data_b64":"W1NZU10gICBbRUNIT10gTk8gUkU=","description":"ble:LoRa-Chatter-72E0 E0:72:A1:D5:4C:15 telemetry=on","device_key":"ble-address:e0:72:a1:d5:4c:15","kind":"rx","seq":30,"session":"s2","stream":"chat","text":"[SYS]   [ECHO] NO RE","timestamp":1789344043.33119}
2026-09-14T03:00:43.331+03:00 [RX chat] {"data_b64":"U1BPTlNFICAgICAgICAgICBtYXQ=","description":"ble:LoRa-Chatter-72E0 E0:72:A1:D5:4C:15 telemetry=on","device_key":"ble-address:e0:72:a1:d5:4c:15","kind":"rx","seq":31,"session":"s2","stream":"chat","text":"SPONSE           mat","timestamp":1789344043.33166}
2026-09-14T03:00:43.332+03:00 [RX chat] {"data_b64":"Y2hpbmcgZWNobyByZXBseSB0aW0=","description":"ble:LoRa-Chatter-72E0 E0:72:A1:D5:4C:15 telemetry=on","device_key":"ble-address:e0:72:a1:d5:4c:15","kind":"rx","seq":32,"session":"s2","stream":"chat","text":"ching echo reply tim","timestamp":1789344043.3322158}
2026-09-14T03:00:43.337+03:00 [RX chat] {"data_b64":"ZWQgb3V0Cg==","description":"ble:LoRa-Chatter-72E0 E0:72:A1:D5:4C:15 telemetry=on","device_key":"ble-address:e0:72:a1:d5:4c:15","kind":"rx","seq":33,"session":"s2","stream":"chat","text":"ed out\n","timestamp":1789344043.33565}
2026-09-14T03:00:43.337+03:00 [RX chat] {"data_b64":"W1NZU10gICBkZWxpdmVyeSByZXQ=","description":"ble:LoRa-Chatter-72E0 E0:72:A1:D5:4C:15 telemetry=on","device_key":"ble-address:e0:72:a1:d5:4c:15","kind":"rx","seq":34,"session":"s2","stream":"chat","text":"[SYS]   delivery ret","timestamp":1789344043.3367493}
2026-09-14T03:00:43.338+03:00 [RX chat] {"data_b64":"cnkgZGV0YWlscyAgICAgICBURUw=","description":"ble:LoRa-Chatter-72E0 E0:72:A1:D5:4C:15 telemetry=on","device_key":"ble-address:e0:72:a1:d5:4c:15","kind":"rx","seq":35,"session":"s2","stream":"chat","text":"ry details       TEL","timestamp":1789344043.3380983}
2026-09-14T03:00:43.339+03:00 [RX chat] {"data_b64":"RU1FVFJZIG9ubHkK","description":"ble:LoRa-Chatter-72E0 E0:72:A1:D5:4C:15 telemetry=on","device_key":"ble-address:e0:72:a1:d5:4c:15","kind":"rx","seq":36,"session":"s2","stream":"chat","text":"EMETRY only\n","timestamp":1789344043.3381665}
2026-09-14T03:00:43.340+03:00 [RX chat] {"data_b64":"W1NZU10gICBSU1NJPWRCbSwgU04=","description":"ble:LoRa-Chatter-72E0 E0:72:A1:D5:4C:15 telemetry=on","device_key":"ble-address:e0:72:a1:d5:4c:15","kind":"rx","seq":37,"session":"s2","stream":"chat","text":"[SYS]   RSSI=dBm, SN","timestamp":1789344043.3385382}
2026-09-14T03:00:43.342+03:00 [RX chat] {"data_b64":"Uj1kQiwgUT1yb2xsaW5nIHJlY2U=","description":"ble:LoRa-Chatter-72E0 E0:72:A1:D5:4C:15 telemetry=on","device_key":"ble-address:e0:72:a1:d5:4c:15","kind":"rx","seq":38,"session":"s2","stream":"chat","text":"R=dB, Q=rolling rece","timestamp":1789344043.3386157}
2026-09-14T03:00:43.342+03:00 [RX chat] {"data_b64":"aXZlIHF1YWxpdHkgJQo=","description":"ble:LoRa-Chatter-72E0 E0:72:A1:D5:4C:15 telemetry=on","device_key":"ble-address:e0:72:a1:d5:4c:15","kind":"rx","seq":39,"session":"s2","stream":"chat","text":"ive quality %\n","timestamp":1789344043.338654}
2026-09-14T03:00:43.343+03:00 [RX chat] {"data_b64":"W1NZU10gSFVNQU4gQ09OU09MRSA=","description":"ble:LoRa-Chatter-72E0 E0:72:A1:D5:4C:15 telemetry=on","device_key":"ble-address:e0:72:a1:d5:4c:15","kind":"rx","seq":40,"session":"s2","stream":"chat","text":"[SYS] HUMAN CONSOLE ","timestamp":1789344043.342098}
2026-09-14T03:00:43.343+03:00 [RX chat] {"data_b64":"TU9ERVM6Cg==","description":"ble:LoRa-Chatter-72E0 E0:72:A1:D5:4C:15 telemetry=on","device_key":"ble-address:e0:72:a1:d5:4c:15","kind":"rx","seq":41,"session":"s2","stream":"chat","text":"MODES:\n","timestamp":1789344043.3421853}
2026-09-14T03:00:43.343+03:00 [RX chat] {"data_b64":"W1NZU10gICBDSEFUICAgICAgIGM=","description":"ble:LoRa-Chatter-72E0 E0:72:A1:D5:4C:15 telemetry=on","device_key":"ble-address:e0:72:a1:d5:4c:15","kind":"rx","seq":42,"session":"s2","stream":"chat","text":"[SYS]   CHAT       c","timestamp":1789344043.3427641}
2026-09-14T03:00:43.346+03:00 [RX chat] {"data_b64":"aGF0ICsgdGVsZW1ldHJ5ICsgU1k=","description":"ble:LoRa-Chatter-72E0 E0:72:A1:D5:4C:15 telemetry=on","device_key":"ble-address:e0:72:a1:d5:4c:15","kind":"rx","seq":43,"session":"s2","stream":"chat","text":"hat + telemetry + SY","timestamp":1789344043.3460982}
2026-09-14T03:00:43.347+03:00 [RX chat] {"data_b64":"U1RFTQo=","description":"ble:LoRa-Chatter-72E0 E0:72:A1:D5:4C:15 telemetry=on","device_key":"ble-address:e0:72:a1:d5:4c:15","kind":"rx","seq":44,"session":"s2","stream":"chat","text":"STEM\n","timestamp":1789344043.3467586}
2026-09-14T03:00:43.347+03:00 [RX chat] {"data_b64":"W1NZU10gICBCTEUgMDAwNCBtYWM=","description":"ble:LoRa-Chatter-72E0 E0:72:A1:D5:4C:15 telemetry=on","device_key":"ble-address:e0:72:a1:d5:4c:15","kind":"rx","seq":45,"session":"s2","stream":"chat","text":"[SYS]   BLE 0004 mac","timestamp":1789344043.3475363}
2026-09-14T03:00:43.348+03:00 [RX chat] {"data_b64":"aGluZSB0ZWxlbWV0cnkgaXMgaW4=","description":"ble:LoRa-Chatter-72E0 E0:72:A1:D5:4C:15 telemetry=on","device_key":"ble-address:e0:72:a1:d5:4c:15","kind":"rx","seq":46,"session":"s2","stream":"chat","text":"hine telemetry is in","timestamp":1789344043.3479774}
2026-09-14T03:00:43.348+03:00 [RX chat] {"data_b64":"ZGVwZW5kZW50IHdoZW4gc3Vic2M=","description":"ble:LoRa-Chatter-72E0 E0:72:A1:D5:4C:15 telemetry=on","device_key":"ble-address:e0:72:a1:d5:4c:15","kind":"rx","seq":47,"session":"s2","stream":"chat","text":"dependent when subsc","timestamp":1789344043.3483446}
2026-09-14T03:00:43.348+03:00 [RX chat] {"data_b64":"cmliZWQK","description":"ble:LoRa-Chatter-72E0 E0:72:A1:D5:4C:15 telemetry=on","device_key":"ble-address:e0:72:a1:d5:4c:15","kind":"rx","seq":48,"session":"s2","stream":"chat","text":"ribed\n","timestamp":1789344043.348736}
2026-09-14T03:00:43.349+03:00 [RX chat] {"data_b64":"W1NZU10gICBjdXJyZW50PUNIQVQ=","description":"ble:LoRa-Chatter-72E0 E0:72:A1:D5:4C:15 telemetry=on","device_key":"ble-address:e0:72:a1:d5:4c:15","kind":"rx","seq":49,"session":"s2","stream":"chat","text":"[SYS]   current=CHAT","timestamp":1789344043.349183}
2026-09-14T03:00:43.349+03:00 [RX chat] {"data_b64":"IGVjaG89T0ZGCg==","description":"ble:LoRa-Chatter-72E0 E0:72:A1:D5:4C:15 telemetry=on","device_key":"ble-address:e0:72:a1:d5:4c:15","kind":"rx","seq":50,"session":"s2","stream":"chat","text":" echo=OFF\n","timestamp":1789344043.3495915}
2026-09-14T03:00:43.350+03:00 [RX chat] {"data_b64":"W1NZU10gQ09NTUFORFM6Cg==","description":"ble:LoRa-Chatter-72E0 E0:72:A1:D5:4C:15 telemetry=on","device_key":"ble-address:e0:72:a1:d5:4c:15","kind":"rx","seq":51,"session":"s2","stream":"chat","text":"[SYS] COMMANDS:\n","timestamp":1789344043.3500915}
2026-09-14T03:00:43.378+03:00 [RX chat] {"data_b64":"W1NZU10gICBjdXJyZW50PUNIQVQ=","description":"ble:LoRa-Chatter-1B44 44:1B:F6:8D:B7:A9 telemetry=on","device_key":"ble-address:44:1b:f6:8d:b7:a9","kind":"rx","seq":53,"session":"s1","stream":"chat","text":"[SYS]   current=CHAT","timestamp":1789344043.3776906}
2026-09-14T03:00:43.379+03:00 [RX chat] {"data_b64":"IGVjaG89T0ZGCg==","description":"ble:LoRa-Chatter-1B44 44:1B:F6:8D:B7:A9 telemetry=on","device_key":"ble-address:44:1b:f6:8d:b7:a9","kind":"rx","seq":54,"session":"s1","stream":"chat","text":" echo=OFF\n","timestamp":1789344043.3788886}
2026-09-14T03:00:43.380+03:00 [RX chat] {"data_b64":"W1NZU10gQ09NTUFORFM6Cg==","description":"ble:LoRa-Chatter-1B44 44:1B:F6:8D:B7:A9 telemetry=on","device_key":"ble-address:44:1b:f6:8d:b7:a9","kind":"rx","seq":55,"session":"s1","stream":"chat","text":"[SYS] COMMANDS:\n","timestamp":1789344043.3790576}
2026-09-14T03:00:43.381+03:00 [RX chat] {"data_b64":"W1NZU10gICAvaGVscCAgICAgICA=","description":"ble:LoRa-Chatter-72E0 E0:72:A1:D5:4C:15 telemetry=on","device_key":"ble-address:e0:72:a1:d5:4c:15","kind":"rx","seq":52,"session":"s2","stream":"chat","text":"[SYS]   /help       ","timestamp":1789344043.3809323}
2026-09-14T03:00:43.381+03:00 [RX chat] {"data_b64":"c2hvdyB0aGlzIGhlbHAK","description":"ble:LoRa-Chatter-72E0 E0:72:A1:D5:4C:15 telemetry=on","device_key":"ble-address:e0:72:a1:d5:4c:15","kind":"rx","seq":53,"session":"s2","stream":"chat","text":"show this help\n","timestamp":1789344043.3810008}
2026-09-14T03:00:43.381+03:00 [RX chat] {"data_b64":"W1NZU10gICAvaWQgICAgICAgICA=","description":"ble:LoRa-Chatter-72E0 E0:72:A1:D5:4C:15 telemetry=on","device_key":"ble-address:e0:72:a1:d5:4c:15","kind":"rx","seq":54,"session":"s2","stream":"chat","text":"[SYS]   /id         ","timestamp":1789344043.3812819}
2026-09-14T03:00:43.381+03:00 [RX chat] {"data_b64":"c2hvdyBub2RlIGlkZW50aXR5Cg==","description":"ble:LoRa-Chatter-72E0 E0:72:A1:D5:4C:15 telemetry=on","device_key":"ble-address:e0:72:a1:d5:4c:15","kind":"rx","seq":55,"session":"s2","stream":"chat","text":"show node identity\n","timestamp":1789344043.3813431}
2026-09-14T03:00:43.384+03:00 [RX chat] {"data_b64":"W1NZU10gICAvY2hhdCAgICAgICA=","description":"ble:LoRa-Chatter-72E0 E0:72:A1:D5:4C:15 telemetry=on","device_key":"ble-address:e0:72:a1:d5:4c:15","kind":"rx","seq":56,"session":"s2","stream":"chat","text":"[SYS]   /chat       ","timestamp":1789344043.384188}
2026-09-14T03:00:43.386+03:00 [RX chat] {"data_b64":"aHVtYW4gY29uc29sZSBDSEFUCg==","description":"ble:LoRa-Chatter-72E0 E0:72:A1:D5:4C:15 telemetry=on","device_key":"ble-address:e0:72:a1:d5:4c:15","kind":"rx","seq":57,"session":"s2","stream":"chat","text":"human console CHAT\n","timestamp":1789344043.385496}
2026-09-14T03:00:43.386+03:00 [RX chat] {"data_b64":"W1NZU10gICAvdGVsZSAgICAgICA=","description":"ble:LoRa-Chatter-72E0 E0:72:A1:D5:4C:15 telemetry=on","device_key":"ble-address:e0:72:a1:d5:4c:15","kind":"rx","seq":58,"session":"s2","stream":"chat","text":"[SYS]   /tele       ","timestamp":1789344043.385901}
2026-09-14T03:00:43.389+03:00 [RX chat] {"data_b64":"aHVtYW4gY29uc29sZSBURUxFTUU=","description":"ble:LoRa-Chatter-72E0 E0:72:A1:D5:4C:15 telemetry=on","device_key":"ble-address:e0:72:a1:d5:4c:15","kind":"rx","seq":59,"session":"s2","stream":"chat","text":"human console TELEME","timestamp":1789344043.3881872}
2026-09-14T03:00:43.390+03:00 [RX chat] {"data_b64":"VFJZCg==","description":"ble:LoRa-Chatter-72E0 E0:72:A1:D5:4C:15 telemetry=on","device_key":"ble-address:e0:72:a1:d5:4c:15","kind":"rx","seq":60,"session":"s2","stream":"chat","text":"TRY\n","timestamp":1789344043.3882725}
2026-09-14T03:00:43.390+03:00 [RX chat] {"data_b64":"W1NZU10gICAvYm90aCAgICAgICA=","description":"ble:LoRa-Chatter-72E0 E0:72:A1:D5:4C:15 telemetry=on","device_key":"ble-address:e0:72:a1:d5:4c:15","kind":"rx","seq":61,"session":"s2","stream":"chat","text":"[SYS]   /both       ","timestamp":1789344043.3886747}
2026-09-14T03:00:43.391+03:00 [RX chat] {"data_b64":"aHVtYW4gY29uc29sZSBCT1RICg==","description":"ble:LoRa-Chatter-72E0 E0:72:A1:D5:4C:15 telemetry=on","device_key":"ble-address:e0:72:a1:d5:4c:15","kind":"rx","seq":62,"session":"s2","stream":"chat","text":"human console BOTH\n","timestamp":1789344043.3895488}
2026-09-14T03:00:43.391+03:00 [RX chat] {"data_b64":"W1NZU10gICAvZWNobyAgICAgICA=","description":"ble:LoRa-Chatter-72E0 E0:72:A1:D5:4C:15 telemetry=on","device_key":"ble-address:e0:72:a1:d5:4c:15","kind":"rx","seq":63,"session":"s2","stream":"chat","text":"[SYS]   /echo       ","timestamp":1789344043.3903816}
2026-09-14T03:00:43.392+03:00 [RX chat] {"data_b64":"dG9nZ2xlIGVjaG8gbW9kZQo=","description":"ble:LoRa-Chatter-72E0 E0:72:A1:D5:4C:15 telemetry=on","device_key":"ble-address:e0:72:a1:d5:4c:15","kind":"rx","seq":64,"session":"s2","stream":"chat","text":"toggle echo mode\n","timestamp":1789344043.3920684}
2026-09-14T03:00:43.392+03:00 [RX chat] {"data_b64":"W1NZU10gICAvY2FuY2VsICAgICA=","description":"ble:LoRa-Chatter-72E0 E0:72:A1:D5:4C:15 telemetry=on","device_key":"ble-address:e0:72:a1:d5:4c:15","kind":"rx","seq":65,"session":"s2","stream":"chat","text":"[SYS]   /cancel     ","timestamp":1789344043.3926184}
2026-09-14T03:00:43.392+03:00 [RX chat] {"data_b64":"c3RvcCBjdXJyZW50IFVTRVIgZGU=","description":"ble:LoRa-Chatter-72E0 E0:72:A1:D5:4C:15 telemetry=on","device_key":"ble-address:e0:72:a1:d5:4c:15","kind":"rx","seq":66,"session":"s2","stream":"chat","text":"stop current USER de","timestamp":1789344043.3926682}
2026-09-14T03:00:43.417+03:00 [RX chat] {"data_b64":"W1NZU10gICAvaGVscCAgICAgICA=","description":"ble:LoRa-Chatter-1B44 44:1B:F6:8D:B7:A9 telemetry=on","device_key":"ble-address:44:1b:f6:8d:b7:a9","kind":"rx","seq":56,"session":"s1","stream":"chat","text":"[SYS]   /help       ","timestamp":1789344043.4163878}
2026-09-14T03:00:43.417+03:00 [RX chat] {"data_b64":"c2hvdyB0aGlzIGhlbHAK","description":"ble:LoRa-Chatter-1B44 44:1B:F6:8D:B7:A9 telemetry=on","device_key":"ble-address:44:1b:f6:8d:b7:a9","kind":"rx","seq":57,"session":"s1","stream":"chat","text":"show this help\n","timestamp":1789344043.416483}
2026-09-14T03:00:43.417+03:00 [RX chat] {"data_b64":"W1NZU10gICAvaWQgICAgICAgICA=","description":"ble:LoRa-Chatter-1B44 44:1B:F6:8D:B7:A9 telemetry=on","device_key":"ble-address:44:1b:f6:8d:b7:a9","kind":"rx","seq":58,"session":"s1","stream":"chat","text":"[SYS]   /id         ","timestamp":1789344043.4170194}
2026-09-14T03:00:43.421+03:00 [RX chat] {"data_b64":"bGl2ZXJ5L3JldHJpZXMK","description":"ble:LoRa-Chatter-72E0 E0:72:A1:D5:4C:15 telemetry=on","device_key":"ble-address:e0:72:a1:d5:4c:15","kind":"rx","seq":67,"session":"s2","stream":"chat","text":"livery/retries\n","timestamp":1789344043.4205976}
2026-09-14T03:00:43.421+03:00 [RX chat] {"data_b64":"W1NZU10gICAvY2FuY2VsIGFsbCA=","description":"ble:LoRa-Chatter-72E0 E0:72:A1:D5:4C:15 telemetry=on","device_key":"ble-address:e0:72:a1:d5:4c:15","kind":"rx","seq":68,"session":"s2","stream":"chat","text":"[SYS]   /cancel all ","timestamp":1789344043.4215505}
2026-09-14T03:00:43.422+03:00 [RX chat] {"data_b64":"c3RvcCBjdXJyZW50IFVTRVIgYW4=","description":"ble:LoRa-Chatter-72E0 E0:72:A1:D5:4C:15 telemetry=on","device_key":"ble-address:e0:72:a1:d5:4c:15","kind":"rx","seq":69,"session":"s2","stream":"chat","text":"stop current USER an","timestamp":1789344043.4216576}
2026-09-14T03:00:43.426+03:00 [RX chat] {"data_b64":"ZCBkaXNjYXJkIHF1ZXVlZCBVU0U=","description":"ble:LoRa-Chatter-72E0 E0:72:A1:D5:4C:15 telemetry=on","device_key":"ble-address:e0:72:a1:d5:4c:15","kind":"rx","seq":70,"session":"s2","stream":"chat","text":"d discard queued USE","timestamp":1789344043.4256918}
2026-09-14T03:00:43.427+03:00 [RX chat] {"data_b64":"UnMK","description":"ble:LoRa-Chatter-72E0 E0:72:A1:D5:4C:15 telemetry=on","device_key":"ble-address:e0:72:a1:d5:4c:15","kind":"rx","seq":71,"session":"s2","stream":"chat","text":"Rs\n","timestamp":1789344043.426869}
2026-09-14T03:00:43.428+03:00 [RX chat] {"data_b64":"W1NZU10gICAvcmVib290ICAgICA=","description":"ble:LoRa-Chatter-72E0 E0:72:A1:D5:4C:15 telemetry=on","device_key":"ble-address:e0:72:a1:d5:4c:15","kind":"rx","seq":72,"session":"s2","stream":"chat","text":"[SYS]   /reboot     ","timestamp":1789344043.427342}
2026-09-14T03:00:43.428+03:00 [RX chat] {"data_b64":"cmVib290IEVTUDMyIGNvbnRyb2w=","description":"ble:LoRa-Chatter-72E0 E0:72:A1:D5:4C:15 telemetry=on","device_key":"ble-address:e0:72:a1:d5:4c:15","kind":"rx","seq":73,"session":"s2","stream":"chat","text":"reboot ESP32 control","timestamp":1789344043.4274113}
2026-09-14T03:00:43.428+03:00 [RX chat] {"data_b64":"bGVyCg==","description":"ble:LoRa-Chatter-72E0 E0:72:A1:D5:4C:15 telemetry=on","device_key":"ble-address:e0:72:a1:d5:4c:15","kind":"rx","seq":74,"session":"s2","stream":"chat","text":"ler\n","timestamp":1789344043.4285338}
2026-09-14T03:00:43.429+03:00 [RX chat] {"data_b64":"W1NZU10gUkFXIENPTlRST0xTICg=","description":"ble:LoRa-Chatter-72E0 E0:72:A1:D5:4C:15 telemetry=on","device_key":"ble-address:e0:72:a1:d5:4c:15","kind":"rx","seq":75,"session":"s2","stream":"chat","text":"[SYS] RAW CONTROLS (","timestamp":1789344043.4289083}
2026-09-14T03:00:43.461+03:00 [RX chat] {"data_b64":"c2hvdyBub2RlIGlkZW50aXR5Cg==","description":"ble:LoRa-Chatter-1B44 44:1B:F6:8D:B7:A9 telemetry=on","device_key":"ble-address:44:1b:f6:8d:b7:a9","kind":"rx","seq":59,"session":"s1","stream":"chat","text":"show node identity\n","timestamp":1789344043.4615026}
2026-09-14T03:00:43.462+03:00 [RX chat] {"data_b64":"W1NZU10gICAvY2hhdCAgICAgICA=","description":"ble:LoRa-Chatter-1B44 44:1B:F6:8D:B7:A9 telemetry=on","device_key":"ble-address:44:1b:f6:8d:b7:a9","kind":"rx","seq":60,"session":"s1","stream":"chat","text":"[SYS]   /chat       ","timestamp":1789344043.4623897}
2026-09-14T03:00:43.462+03:00 [RX chat] {"data_b64":"aHVtYW4gY29uc29sZSBDSEFUCg==","description":"ble:LoRa-Chatter-1B44 44:1B:F6:8D:B7:A9 telemetry=on","device_key":"ble-address:44:1b:f6:8d:b7:a9","kind":"rx","seq":61,"session":"s1","stream":"chat","text":"human console CHAT\n","timestamp":1789344043.4624655}
2026-09-14T03:00:43.465+03:00 [RX chat] {"data_b64":"SEVYKToK","description":"ble:LoRa-Chatter-72E0 E0:72:A1:D5:4C:15 telemetry=on","device_key":"ble-address:e0:72:a1:d5:4c:15","kind":"rx","seq":76,"session":"s2","stream":"chat","text":"HEX):\n","timestamp":1789344043.4654152}
2026-09-14T03:00:43.466+03:00 [RX chat] {"data_b64":"W1NZU10gICAxNCAzMT1DSEFUICA=","description":"ble:LoRa-Chatter-72E0 E0:72:A1:D5:4C:15 telemetry=on","device_key":"ble-address:e0:72:a1:d5:4c:15","kind":"rx","seq":77,"session":"s2","stream":"chat","text":"[SYS]   14 31=CHAT  ","timestamp":1789344043.4657795}
2026-09-14T03:00:43.466+03:00 [RX chat] {"data_b64":"MTQgMzI9VEVMRU1FVFJZICAxNCA=","description":"ble:LoRa-Chatter-72E0 E0:72:A1:D5:4C:15 telemetry=on","device_key":"ble-address:e0:72:a1:d5:4c:15","kind":"rx","seq":78,"session":"s2","stream":"chat","text":"14 32=TELEMETRY  14 ","timestamp":1789344043.4664633}
2026-09-14T03:00:43.467+03:00 [RX chat] {"data_b64":"MzM9Qk9USCAgMTQgNjU9RUNITyA=","description":"ble:LoRa-Chatter-72E0 E0:72:A1:D5:4C:15 telemetry=on","device_key":"ble-address:e0:72:a1:d5:4c:15","kind":"rx","seq":79,"session":"s2","stream":"chat","text":"33=BOTH  14 65=ECHO ","timestamp":1789344043.4670236}
2026-09-14T03:00:43.467+03:00 [RX chat] {"data_b64":"dG9nZ2xlCg==","description":"ble:LoRa-Chatter-72E0 E0:72:A1:D5:4C:15 telemetry=on","device_key":"ble-address:e0:72:a1:d5:4c:15","kind":"rx","seq":80,"session":"s2","stream":"chat","text":"toggle\n","timestamp":1789344043.4674919}
2026-09-14T03:00:43.468+03:00 [RX chat] {"data_b64":"W1NZU10gQU5EUk9JRCBCTEUgVEU=","description":"ble:LoRa-Chatter-72E0 E0:72:A1:D5:4C:15 telemetry=on","device_key":"ble-address:e0:72:a1:d5:4c:15","kind":"rx","seq":81,"session":"s2","stream":"chat","text":"[SYS] ANDROID BLE TE","timestamp":1789344043.4683704}
2026-09-14T03:00:43.469+03:00 [RX chat] {"data_b64":"Uk1JTkFMIE1BQ1JPUzoK","description":"ble:LoRa-Chatter-72E0 E0:72:A1:D5:4C:15 telemetry=on","device_key":"ble-address:e0:72:a1:d5:4c:15","kind":"rx","seq":82,"session":"s2","stream":"chat","text":"RMINAL MACROS:\n","timestamp":1789344043.4687836}
2026-09-14T03:00:43.472+03:00 [RX chat] {"data_b64":"W1NZU10gICBIRVggbWFjcm8sIG4=","description":"ble:LoRa-Chatter-72E0 E0:72:A1:D5:4C:15 telemetry=on","device_key":"ble-address:e0:72:a1:d5:4c:15","kind":"rx","seq":83,"session":"s2","stream":"chat","text":"[SYS]   HEX macro, n","timestamp":1789344043.4719927}
2026-09-14T03:00:43.473+03:00 [RX chat] {"data_b64":"byBFT0w6IDE0IDMxIC8gMTQgMzI=","description":"ble:LoRa-Chatter-72E0 E0:72:A1:D5:4C:15 telemetry=on","device_key":"ble-address:e0:72:a1:d5:4c:15","kind":"rx","seq":84,"session":"s2","stream":"chat","text":"o EOL: 14 31 / 14 32","timestamp":1789344043.472779}
2026-09-14T03:00:43.473+03:00 [RX chat] {"data_b64":"IC8gMTQgMzMgLyAxNCA2NQo=","description":"ble:LoRa-Chatter-72E0 E0:72:A1:D5:4C:15 telemetry=on","device_key":"ble-address:e0:72:a1:d5:4c:15","kind":"rx","seq":85,"session":"s2","stream":"chat","text":" / 14 33 / 14 65\n","timestamp":1789344043.4728553}
2026-09-14T03:00:43.474+03:00 [RX chat] {"data_b64":"W1NZU10gICBvciBURVhUIG1hY3I=","description":"ble:LoRa-Chatter-72E0 E0:72:A1:D5:4C:15 telemetry=on","device_key":"ble-address:e0:72:a1:d5:4c:15","kind":"rx","seq":86,"session":"s2","stream":"chat","text":"[SYS]   or TEXT macr","timestamp":1789344043.473967}
2026-09-14T03:00:43.475+03:00 [RX chat] {"data_b64":"byArIExGOiAvaGVscCAvaWQgL2M=","description":"ble:LoRa-Chatter-72E0 E0:72:A1:D5:4C:15 telemetry=on","device_key":"ble-address:e0:72:a1:d5:4c:15","kind":"rx","seq":87,"session":"s2","stream":"chat","text":"o + LF: /help /id /c","timestamp":1789344043.4751062}
2026-09-14T03:00:43.475+03:00 [RX chat] {"data_b64":"aGF0IC90ZWxlIC9ib3RoIC9lY2g=","description":"ble:LoRa-Chatter-72E0 E0:72:A1:D5:4C:15 telemetry=on","device_key":"ble-address:e0:72:a1:d5:4c:15","kind":"rx","seq":88,"session":"s2","stream":"chat","text":"hat /tele /both /ech","timestamp":1789344043.4755986}
2026-09-14T03:00:43.476+03:00 [RX chat] {"data_b64":"byAvY2FuY2VsIC9jYW5jZWwgYWw=","description":"ble:LoRa-Chatter-72E0 E0:72:A1:D5:4C:15 telemetry=on","device_key":"ble-address:e0:72:a1:d5:4c:15","kind":"rx","seq":89,"session":"s2","stream":"chat","text":"o /cancel /cancel al","timestamp":1789344043.4762416}
2026-09-14T03:00:43.477+03:00 [RX chat] {"data_b64":"bCAvcmVib290Cg==","description":"ble:LoRa-Chatter-72E0 E0:72:A1:D5:4C:15 telemetry=on","device_key":"ble-address:e0:72:a1:d5:4c:15","kind":"rx","seq":90,"session":"s2","stream":"chat","text":"l /reboot\n","timestamp":1789344043.4770472}
2026-09-14T03:00:43.478+03:00 [RX chat] {"data_b64":"W1NZU10gICBOb3JkaWMgVUFSVCA=","description":"ble:LoRa-Chatter-72E0 E0:72:A1:D5:4C:15 telemetry=on","device_key":"ble-address:e0:72:a1:d5:4c:15","kind":"rx","seq":91,"session":"s2","stream":"chat","text":"[SYS]   Nordic UART ","timestamp":1789344043.4776027}
2026-09-14T03:00:43.479+03:00 [RX chat] {"data_b64":"aHVtYW4gY29uc29sZT0wMDAzOyA=","description":"ble:LoRa-Chatter-72E0 E0:72:A1:D5:4C:15 telemetry=on","device_key":"ble-address:e0:72:a1:d5:4c:15","kind":"rx","seq":92,"session":"s2","stream":"chat","text":"human console=0003; ","timestamp":1789344043.4787183}
2026-09-14T03:00:43.480+03:00 [RX chat] {"data_b64":"bWFjaGluZSB0ZWxlbWV0cnk9MDA=","description":"ble:LoRa-Chatter-72E0 E0:72:A1:D5:4C:15 telemetry=on","device_key":"ble-address:e0:72:a1:d5:4c:15","kind":"rx","seq":93,"session":"s2","stream":"chat","text":"machine telemetry=00","timestamp":1789344043.4798357}
2026-09-14T03:00:43.481+03:00 [RX chat] {"data_b64":"MDQgb3B0aW9uYWwK","description":"ble:LoRa-Chatter-72E0 E0:72:A1:D5:4C:15 telemetry=on","device_key":"ble-address:e0:72:a1:d5:4c:15","kind":"rx","seq":94,"session":"s2","stream":"chat","text":"04 optional\n","timestamp":1789344043.4806218}
2026-09-14T03:00:43.481+03:00 [RX chat] {"data_b64":"W1NZU10gQkxFIENMSUVOVDogbWE=","description":"ble:LoRa-Chatter-72E0 E0:72:A1:D5:4C:15 telemetry=on","device_key":"ble-address:e0:72:a1:d5:4c:15","kind":"rx","seq":95,"session":"s2","stream":"chat","text":"[SYS] BLE CLIENT: ma","timestamp":1789344043.4817264}
2026-09-14T03:00:43.510+03:00 [RX chat] {"data_b64":"W1NZU10gICAvdGVsZSAgICAgICA=","description":"ble:LoRa-Chatter-1B44 44:1B:F6:8D:B7:A9 telemetry=on","device_key":"ble-address:44:1b:f6:8d:b7:a9","kind":"rx","seq":62,"session":"s1","stream":"chat","text":"[SYS]   /tele       ","timestamp":1789344043.5101871}
2026-09-14T03:00:43.515+03:00 [RX chat] {"data_b64":"aHVtYW4gY29uc29sZSBURUxFTUU=","description":"ble:LoRa-Chatter-1B44 44:1B:F6:8D:B7:A9 telemetry=on","device_key":"ble-address:44:1b:f6:8d:b7:a9","kind":"rx","seq":63,"session":"s1","stream":"chat","text":"human console TELEME","timestamp":1789344043.5120234}
2026-09-14T03:00:43.517+03:00 [RX chat] {"data_b64":"Y2hpbmUgdGVsZW1ldHJ5IDAwMDQ=","description":"ble:LoRa-Chatter-72E0 E0:72:A1:D5:4C:15 telemetry=on","device_key":"ble-address:e0:72:a1:d5:4c:15","kind":"rx","seq":96,"session":"s2","stream":"chat","text":"chine telemetry 0004","timestamp":1789344043.5154204}
2026-09-14T03:00:43.520+03:00 [RX chat] {"data_b64":"VFJZCg==","description":"ble:LoRa-Chatter-1B44 44:1B:F6:8D:B7:A9 telemetry=on","device_key":"ble-address:44:1b:f6:8d:b7:a9","kind":"rx","seq":64,"session":"s1","stream":"chat","text":"TRY\n","timestamp":1789344043.5122483}
2026-09-14T03:00:43.520+03:00 [RX chat] {"data_b64":"IHN1YnNjcmliZWQgaW4gYmFja2c=","description":"ble:LoRa-Chatter-72E0 E0:72:A1:D5:4C:15 telemetry=on","device_key":"ble-address:e0:72:a1:d5:4c:15","kind":"rx","seq":97,"session":"s2","stream":"chat","text":" subscribed in backg","timestamp":1789344043.5182416}
2026-09-14T03:00:43.520+03:00 [RX chat] {"data_b64":"W1NZU10gICAvYm90aCAgICAgICA=","description":"ble:LoRa-Chatter-1B44 44:1B:F6:8D:B7:A9 telemetry=on","device_key":"ble-address:44:1b:f6:8d:b7:a9","kind":"rx","seq":65,"session":"s1","stream":"chat","text":"[SYS]   /both       ","timestamp":1789344043.5166318}
2026-09-14T03:00:43.521+03:00 [RX chat] {"data_b64":"cm91bmQK","description":"ble:LoRa-Chatter-72E0 E0:72:A1:D5:4C:15 telemetry=on","device_key":"ble-address:e0:72:a1:d5:4c:15","kind":"rx","seq":98,"session":"s2","stream":"chat","text":"round\n","timestamp":1789344043.5183532}
2026-09-14T03:00:43.521+03:00 [RX chat] {"data_b64":"Ck9VVFBVVCBNT0RFIHNvdXJjZT0=","description":"ble:LoRa-Chatter-72E0 E0:72:A1:D5:4C:15 telemetry=on","device_key":"ble-address:e0:72:a1:d5:4c:15","kind":"rx","seq":99,"session":"s2","stream":"chat","text":"\nOUTPUT MODE source=","timestamp":1789344043.520509}
2026-09-14T03:00:43.521+03:00 [RX chat] {"data_b64":"MiBzdGF0ZT1CT1RICg==","description":"ble:LoRa-Chatter-72E0 E0:72:A1:D5:4C:15 telemetry=on","device_key":"ble-address:e0:72:a1:d5:4c:15","kind":"rx","seq":100,"session":"s2","stream":"chat","text":"2 state=BOTH\n","timestamp":1789344043.5208948}
2026-09-14T03:00:43.521+03:00 [RX telemetry] {"data_b64":"Ck9VVFBVVCBNT0RFIHNvdXJjZT0=","description":"ble:LoRa-Chatter-72E0 E0:72:A1:D5:4C:15 telemetry=on","device_key":"ble-address:e0:72:a1:d5:4c:15","kind":"rx","seq":101,"session":"s2","stream":"telemetry","text":"\nOUTPUT MODE source=","timestamp":1789344043.5212948}
2026-09-14T03:00:43.521+03:00 [RX telemetry] {"data_b64":"MiBzdGF0ZT1CT1RICg==","description":"ble:LoRa-Chatter-72E0 E0:72:A1:D5:4C:15 telemetry=on","device_key":"ble-address:e0:72:a1:d5:4c:15","kind":"rx","seq":102,"session":"s2","stream":"telemetry","text":"2 state=BOTH\n","timestamp":1789344043.5213697}
2026-09-14T03:00:43.521+03:00 [RX chat] {"data_b64":"W1NZU10gT1VUUFVUIEJPVEgK","description":"ble:LoRa-Chatter-72E0 E0:72:A1:D5:4C:15 telemetry=on","device_key":"ble-address:e0:72:a1:d5:4c:15","kind":"rx","seq":103,"session":"s2","stream":"chat","text":"[SYS] OUTPUT BOTH\n","timestamp":1789344043.5214236}
2026-09-14T03:00:43.551+03:00 [RX chat] {"data_b64":"aHVtYW4gY29uc29sZSBCT1RICg==","description":"ble:LoRa-Chatter-1B44 44:1B:F6:8D:B7:A9 telemetry=on","device_key":"ble-address:44:1b:f6:8d:b7:a9","kind":"rx","seq":66,"session":"s1","stream":"chat","text":"human console BOTH\n","timestamp":1789344043.551303}
2026-09-14T03:00:43.552+03:00 [RX chat] {"data_b64":"W1NZU10gICAvZWNobyAgICAgICA=","description":"ble:LoRa-Chatter-1B44 44:1B:F6:8D:B7:A9 telemetry=on","device_key":"ble-address:44:1b:f6:8d:b7:a9","kind":"rx","seq":67,"session":"s1","stream":"chat","text":"[SYS]   /echo       ","timestamp":1789344043.5517502}
2026-09-14T03:00:43.552+03:00 [RX chat] {"data_b64":"dG9nZ2xlIGVjaG8gbW9kZQo=","description":"ble:LoRa-Chatter-1B44 44:1B:F6:8D:B7:A9 telemetry=on","device_key":"ble-address:44:1b:f6:8d:b7:a9","kind":"rx","seq":68,"session":"s1","stream":"chat","text":"toggle echo mode\n","timestamp":1789344043.5520346}
2026-09-14T03:00:43.597+03:00 [RX chat] {"data_b64":"W1NZU10gICAvY2FuY2VsICAgICA=","description":"ble:LoRa-Chatter-1B44 44:1B:F6:8D:B7:A9 telemetry=on","device_key":"ble-address:44:1b:f6:8d:b7:a9","kind":"rx","seq":69,"session":"s1","stream":"chat","text":"[SYS]   /cancel     ","timestamp":1789344043.5969205}
2026-09-14T03:00:43.599+03:00 [RX chat] {"data_b64":"c3RvcCBjdXJyZW50IFVTRVIgZGU=","description":"ble:LoRa-Chatter-1B44 44:1B:F6:8D:B7:A9 telemetry=on","device_key":"ble-address:44:1b:f6:8d:b7:a9","kind":"rx","seq":70,"session":"s1","stream":"chat","text":"stop current USER de","timestamp":1789344043.5989428}
2026-09-14T03:00:43.599+03:00 [RX chat] {"data_b64":"bGl2ZXJ5L3JldHJpZXMK","description":"ble:LoRa-Chatter-1B44 44:1B:F6:8D:B7:A9 telemetry=on","device_key":"ble-address:44:1b:f6:8d:b7:a9","kind":"rx","seq":71,"session":"s1","stream":"chat","text":"livery/retries\n","timestamp":1789344043.5990682}
2026-09-14T03:00:43.644+03:00 [RX chat] {"data_b64":"W1NZU10gICAvY2FuY2VsIGFsbCA=","description":"ble:LoRa-Chatter-1B44 44:1B:F6:8D:B7:A9 telemetry=on","device_key":"ble-address:44:1b:f6:8d:b7:a9","kind":"rx","seq":72,"session":"s1","stream":"chat","text":"[SYS]   /cancel all ","timestamp":1789344043.644118}
2026-09-14T03:00:43.645+03:00 [RX chat] {"data_b64":"c3RvcCBjdXJyZW50IFVTRVIgYW4=","description":"ble:LoRa-Chatter-1B44 44:1B:F6:8D:B7:A9 telemetry=on","device_key":"ble-address:44:1b:f6:8d:b7:a9","kind":"rx","seq":73,"session":"s1","stream":"chat","text":"stop current USER an","timestamp":1789344043.6448817}
2026-09-14T03:00:43.645+03:00 [RX chat] {"data_b64":"ZCBkaXNjYXJkIHF1ZXVlZCBVU0U=","description":"ble:LoRa-Chatter-1B44 44:1B:F6:8D:B7:A9 telemetry=on","device_key":"ble-address:44:1b:f6:8d:b7:a9","kind":"rx","seq":74,"session":"s1","stream":"chat","text":"d discard queued USE","timestamp":1789344043.6449597}
2026-09-14T03:00:43.687+03:00 [RX chat] {"data_b64":"UnMK","description":"ble:LoRa-Chatter-1B44 44:1B:F6:8D:B7:A9 telemetry=on","device_key":"ble-address:44:1b:f6:8d:b7:a9","kind":"rx","seq":75,"session":"s1","stream":"chat","text":"Rs\n","timestamp":1789344043.6861632}
2026-09-14T03:00:43.688+03:00 [RX chat] {"data_b64":"W1NZU10gICAvcmVib290ICAgICA=","description":"ble:LoRa-Chatter-1B44 44:1B:F6:8D:B7:A9 telemetry=on","device_key":"ble-address:44:1b:f6:8d:b7:a9","kind":"rx","seq":76,"session":"s1","stream":"chat","text":"[SYS]   /reboot     ","timestamp":1789344043.6884098}
2026-09-14T03:00:43.689+03:00 [RX chat] {"data_b64":"cmVib290IEVTUDMyIGNvbnRyb2w=","description":"ble:LoRa-Chatter-1B44 44:1B:F6:8D:B7:A9 telemetry=on","device_key":"ble-address:44:1b:f6:8d:b7:a9","kind":"rx","seq":77,"session":"s1","stream":"chat","text":"reboot ESP32 control","timestamp":1789344043.6885598}
2026-09-14T03:00:43.694+03:00 [RX chat] {"data_b64":"bGVyCg==","description":"ble:LoRa-Chatter-1B44 44:1B:F6:8D:B7:A9 telemetry=on","device_key":"ble-address:44:1b:f6:8d:b7:a9","kind":"rx","seq":78,"session":"s1","stream":"chat","text":"ler\n","timestamp":1789344043.6929536}
2026-09-14T03:00:43.731+03:00 [RX chat] {"data_b64":"W1NZU10gUkFXIENPTlRST0xTICg=","description":"ble:LoRa-Chatter-1B44 44:1B:F6:8D:B7:A9 telemetry=on","device_key":"ble-address:44:1b:f6:8d:b7:a9","kind":"rx","seq":79,"session":"s1","stream":"chat","text":"[SYS] RAW CONTROLS (","timestamp":1789344043.731254}
2026-09-14T03:00:43.732+03:00 [RX chat] {"data_b64":"SEVYKToK","description":"ble:LoRa-Chatter-1B44 44:1B:F6:8D:B7:A9 telemetry=on","device_key":"ble-address:44:1b:f6:8d:b7:a9","kind":"rx","seq":80,"session":"s1","stream":"chat","text":"HEX):\n","timestamp":1789344043.7317896}
2026-09-14T03:00:43.732+03:00 [RX chat] {"data_b64":"W1NZU10gICAxNCAzMT1DSEFUICA=","description":"ble:LoRa-Chatter-1B44 44:1B:F6:8D:B7:A9 telemetry=on","device_key":"ble-address:44:1b:f6:8d:b7:a9","kind":"rx","seq":81,"session":"s1","stream":"chat","text":"[SYS]   14 31=CHAT  ","timestamp":1789344043.7325056}
2026-09-14T03:00:43.733+03:00 [RX chat] {"data_b64":"MTQgMzI9VEVMRU1FVFJZICAxNCA=","description":"ble:LoRa-Chatter-1B44 44:1B:F6:8D:B7:A9 telemetry=on","device_key":"ble-address:44:1b:f6:8d:b7:a9","kind":"rx","seq":82,"session":"s1","stream":"chat","text":"14 32=TELEMETRY  14 ","timestamp":1789344043.7336946}
2026-09-14T03:00:43.779+03:00 [RX chat] {"data_b64":"MzM9Qk9USCAgMTQgNjU9RUNITyA=","description":"ble:LoRa-Chatter-1B44 44:1B:F6:8D:B7:A9 telemetry=on","device_key":"ble-address:44:1b:f6:8d:b7:a9","kind":"rx","seq":83,"session":"s1","stream":"chat","text":"33=BOTH  14 65=ECHO ","timestamp":1789344043.778921}
2026-09-14T03:00:43.780+03:00 [RX chat] {"data_b64":"dG9nZ2xlCg==","description":"ble:LoRa-Chatter-1B44 44:1B:F6:8D:B7:A9 telemetry=on","device_key":"ble-address:44:1b:f6:8d:b7:a9","kind":"rx","seq":84,"session":"s1","stream":"chat","text":"toggle\n","timestamp":1789344043.7790203}
2026-09-14T03:00:43.780+03:00 [RX chat] {"data_b64":"aHVtYW4gY29uc29sZT0wMDAzOyA=","description":"ble:LoRa-Chatter-1B44 44:1B:F6:8D:B7:A9 telemetry=on","device_key":"ble-address:44:1b:f6:8d:b7:a9","kind":"rx","seq":85,"session":"s1","stream":"chat","text":"human console=0003; ","timestamp":1789344043.7798617}
2026-09-14T03:00:43.822+03:00 [RX chat] {"data_b64":"bWFjaGluZSB0ZWxlbWV0cnk9MDA=","description":"ble:LoRa-Chatter-1B44 44:1B:F6:8D:B7:A9 telemetry=on","device_key":"ble-address:44:1b:f6:8d:b7:a9","kind":"rx","seq":86,"session":"s1","stream":"chat","text":"machine telemetry=00","timestamp":1789344043.8214564}
2026-09-14T03:00:43.822+03:00 [RX chat] {"data_b64":"MDQgb3B0aW9uYWwK","description":"ble:LoRa-Chatter-1B44 44:1B:F6:8D:B7:A9 telemetry=on","device_key":"ble-address:44:1b:f6:8d:b7:a9","kind":"rx","seq":87,"session":"s1","stream":"chat","text":"04 optional\n","timestamp":1789344043.8215582}
2026-09-14T03:00:43.823+03:00 [RX chat] {"data_b64":"W1NZU10gQkxFIENMSUVOVDogbWE=","description":"ble:LoRa-Chatter-1B44 44:1B:F6:8D:B7:A9 telemetry=on","device_key":"ble-address:44:1b:f6:8d:b7:a9","kind":"rx","seq":88,"session":"s1","stream":"chat","text":"[SYS] BLE CLIENT: ma","timestamp":1789344043.8220847}
2026-09-14T03:00:43.866+03:00 [RX chat] {"data_b64":"Y2hpbmUgdGVsZW1ldHJ5IDAwMDQ=","description":"ble:LoRa-Chatter-1B44 44:1B:F6:8D:B7:A9 telemetry=on","device_key":"ble-address:44:1b:f6:8d:b7:a9","kind":"rx","seq":89,"session":"s1","stream":"chat","text":"chine telemetry 0004","timestamp":1789344043.865865}
2026-09-14T03:00:43.866+03:00 [RX chat] {"data_b64":"IHN1YnNjcmliZWQgaW4gYmFja2c=","description":"ble:LoRa-Chatter-1B44 44:1B:F6:8D:B7:A9 telemetry=on","device_key":"ble-address:44:1b:f6:8d:b7:a9","kind":"rx","seq":90,"session":"s1","stream":"chat","text":" subscribed in backg","timestamp":1789344043.8661764}
2026-09-14T03:00:43.867+03:00 [RX chat] {"data_b64":"cm91bmQK","description":"ble:LoRa-Chatter-1B44 44:1B:F6:8D:B7:A9 telemetry=on","device_key":"ble-address:44:1b:f6:8d:b7:a9","kind":"rx","seq":91,"session":"s1","stream":"chat","text":"round\n","timestamp":1789344043.8670588}
2026-09-14T03:00:43.867+03:00 [RX chat] {"data_b64":"Ck9VVFBVVCBNT0RFIHNvdXJjZT0=","description":"ble:LoRa-Chatter-1B44 44:1B:F6:8D:B7:A9 telemetry=on","device_key":"ble-address:44:1b:f6:8d:b7:a9","kind":"rx","seq":92,"session":"s1","stream":"chat","text":"\nOUTPUT MODE source=","timestamp":1789344043.8676028}
2026-09-14T03:00:43.914+03:00 [RX chat] {"data_b64":"MiBzdGF0ZT1CT1RICg==","description":"ble:LoRa-Chatter-1B44 44:1B:F6:8D:B7:A9 telemetry=on","device_key":"ble-address:44:1b:f6:8d:b7:a9","kind":"rx","seq":93,"session":"s1","stream":"chat","text":"2 state=BOTH\n","timestamp":1789344043.9134583}
2026-09-14T03:00:43.914+03:00 [RX telemetry] {"data_b64":"Ck9VVFBVVCBNT0RFIHNvdXJjZT0=","description":"ble:LoRa-Chatter-1B44 44:1B:F6:8D:B7:A9 telemetry=on","device_key":"ble-address:44:1b:f6:8d:b7:a9","kind":"rx","seq":94,"session":"s1","stream":"telemetry","text":"\nOUTPUT MODE source=","timestamp":1789344043.9139996}
2026-09-14T03:00:43.915+03:00 [RX telemetry] {"data_b64":"MiBzdGF0ZT1CT1RICg==","description":"ble:LoRa-Chatter-1B44 44:1B:F6:8D:B7:A9 telemetry=on","device_key":"ble-address:44:1b:f6:8d:b7:a9","kind":"rx","seq":95,"session":"s1","stream":"telemetry","text":"2 state=BOTH\n","timestamp":1789344043.915047}
2026-09-14T03:00:43.956+03:00 [RX chat] {"data_b64":"W1NZU10gT1VUUFVUIEJPVEgK","description":"ble:LoRa-Chatter-1B44 44:1B:F6:8D:B7:A9 telemetry=on","device_key":"ble-address:44:1b:f6:8d:b7:a9","kind":"rx","seq":96,"session":"s1","stream":"chat","text":"[SYS] OUTPUT BOTH\n","timestamp":1789344043.955667}
2026-09-14T03:00:48.597+03:00 [RX chat] {"data_b64":"ClNFU1NJT04gdD0xNzQwcyBUWCA=","description":"ble:LoRa-Chatter-72E0 E0:72:A1:D5:4C:15 telemetry=on","device_key":"ble-address:e0:72:a1:d5:4c:15","kind":"rx","seq":104,"session":"s2","stream":"chat","text":"\nSESSION t=1740s TX ","timestamp":1789344048.5966375}
2026-09-14T03:00:48.597+03:00 [RX chat] {"data_b64":"b2s9MyB1c2VyPTAgZWNob19yZXE=","description":"ble:LoRa-Chatter-72E0 E0:72:A1:D5:4C:15 telemetry=on","device_key":"ble-address:e0:72:a1:d5:4c:15","kind":"rx","seq":105,"session":"s2","stream":"chat","text":"ok=3 user=0 echo_req","timestamp":1789344048.5970068}
2026-09-14T03:00:48.597+03:00 [RX chat] {"data_b64":"PTAgZWNob19yZXA9MCBoYj0wKGk=","description":"ble:LoRa-Chatter-72E0 E0:72:A1:D5:4C:15 telemetry=on","device_key":"ble-address:e0:72:a1:d5:4c:15","kind":"rx","seq":106,"session":"s2","stream":"chat","text":"=0 echo_rep=0 hb=0(i","timestamp":1789344048.5970578}
2026-09-14T03:00:48.597+03:00 [RX chat] {"data_b64":"ZGxlPTApIGVycj0wIHN0YXJ0ZWQ=","description":"ble:LoRa-Chatter-72E0 E0:72:A1:D5:4C:15 telemetry=on","device_key":"ble-address:e0:72:a1:d5:4c:15","kind":"rx","seq":107,"session":"s2","stream":"chat","text":"dle=0) err=0 started","timestamp":1789344048.597096}
2026-09-14T03:00:48.598+03:00 [RX chat] {"data_b64":"PTMgUlggb2s9MyB1c2VyPTMgZWM=","description":"ble:LoRa-Chatter-72E0 E0:72:A1:D5:4C:15 telemetry=on","device_key":"ble-address:e0:72:a1:d5:4c:15","kind":"rx","seq":108,"session":"s2","stream":"chat","text":"=3 RX ok=3 user=3 ec","timestamp":1789344048.5978258}
2026-09-14T03:00:48.598+03:00 [RX chat] {"data_b64":"aG9fcmVxPTAgZWNob19yZXA9MCA=","description":"ble:LoRa-Chatter-72E0 E0:72:A1:D5:4C:15 telemetry=on","device_key":"ble-address:e0:72:a1:d5:4c:15","kind":"rx","seq":109,"session":"s2","stream":"chat","text":"ho_req=0 echo_rep=0 ","timestamp":1789344048.5978708}
2026-09-14T03:00:48.599+03:00 [RX chat] {"data_b64":"aGI9MCBjcmM9MCBoZHI9MCBiYWQ=","description":"ble:LoRa-Chatter-72E0 E0:72:A1:D5:4C:15 telemetry=on","device_key":"ble-address:e0:72:a1:d5:4c:15","kind":"rx","seq":110,"session":"s2","stream":"chat","text":"hb=0 crc=0 hdr=0 bad","timestamp":1789344048.5995126}
2026-09-14T03:00:48.601+03:00 [RX chat] {"data_b64":"PTAgcmVhZGVycj0wIHJlcG9ydHM=","description":"ble:LoRa-Chatter-72E0 E0:72:A1:D5:4C:15 telemetry=on","device_key":"ble-address:e0:72:a1:d5:4c:15","kind":"rx","seq":111,"session":"s2","stream":"chat","text":"=0 readerr=0 reports","timestamp":1789344048.6003144}
2026-09-14T03:00:48.601+03:00 [RX chat] {"data_b64":"PTMgUT0xMDAlIGRyb3BzPTAgZmE=","description":"ble:LoRa-Chatter-72E0 E0:72:A1:D5:4C:15 telemetry=on","device_key":"ble-address:e0:72:a1:d5:4c:15","kind":"rx","seq":112,"session":"s2","stream":"chat","text":"=3 Q=100% drops=0 fa","timestamp":1789344048.6004155}
2026-09-14T03:00:48.601+03:00 [RX chat] {"data_b64":"dGFsPTAK","description":"ble:LoRa-Chatter-72E0 E0:72:A1:D5:4C:15 telemetry=on","device_key":"ble-address:e0:72:a1:d5:4c:15","kind":"rx","seq":113,"session":"s2","stream":"chat","text":"tal=0\n","timestamp":1789344048.601275}
2026-09-14T03:00:48.602+03:00 [RX telemetry] {"data_b64":"ClNFU1NJT04gdD0xNzQwcyBUWCA=","description":"ble:LoRa-Chatter-72E0 E0:72:A1:D5:4C:15 telemetry=on","device_key":"ble-address:e0:72:a1:d5:4c:15","kind":"rx","seq":114,"session":"s2","stream":"telemetry","text":"\nSESSION t=1740s TX ","timestamp":1789344048.6021316}
2026-09-14T03:00:48.602+03:00 [RX telemetry] {"data_b64":"b2s9MyB1c2VyPTAgZWNob19yZXE=","description":"ble:LoRa-Chatter-72E0 E0:72:A1:D5:4C:15 telemetry=on","device_key":"ble-address:e0:72:a1:d5:4c:15","kind":"rx","seq":115,"session":"s2","stream":"telemetry","text":"ok=3 user=0 echo_req","timestamp":1789344048.6022022}
2026-09-14T03:00:48.604+03:00 [RX telemetry] {"data_b64":"PTAgZWNob19yZXA9MCBoYj0wKGk=","description":"ble:LoRa-Chatter-72E0 E0:72:A1:D5:4C:15 telemetry=on","device_key":"ble-address:e0:72:a1:d5:4c:15","kind":"rx","seq":116,"session":"s2","stream":"telemetry","text":"=0 echo_rep=0 hb=0(i","timestamp":1789344048.604089}
2026-09-14T03:00:48.604+03:00 [RX telemetry] {"data_b64":"ZGxlPTApIGVycj0wIHN0YXJ0ZWQ=","description":"ble:LoRa-Chatter-72E0 E0:72:A1:D5:4C:15 telemetry=on","device_key":"ble-address:e0:72:a1:d5:4c:15","kind":"rx","seq":117,"session":"s2","stream":"telemetry","text":"dle=0) err=0 started","timestamp":1789344048.6041598}
2026-09-14T03:00:48.604+03:00 [RX telemetry] {"data_b64":"PTMgUlggb2s9MyB1c2VyPTMgZWM=","description":"ble:LoRa-Chatter-72E0 E0:72:A1:D5:4C:15 telemetry=on","device_key":"ble-address:e0:72:a1:d5:4c:15","kind":"rx","seq":118,"session":"s2","stream":"telemetry","text":"=3 RX ok=3 user=3 ec","timestamp":1789344048.604197}
2026-09-14T03:00:48.607+03:00 [RX telemetry] {"data_b64":"aG9fcmVxPTAgZWNob19yZXA9MCA=","description":"ble:LoRa-Chatter-72E0 E0:72:A1:D5:4C:15 telemetry=on","device_key":"ble-address:e0:72:a1:d5:4c:15","kind":"rx","seq":119,"session":"s2","stream":"telemetry","text":"ho_req=0 echo_rep=0 ","timestamp":1789344048.6066911}
2026-09-14T03:00:48.608+03:00 [RX telemetry] {"data_b64":"aGI9MCBjcmM9MCBoZHI9MCBiYWQ=","description":"ble:LoRa-Chatter-72E0 E0:72:A1:D5:4C:15 telemetry=on","device_key":"ble-address:e0:72:a1:d5:4c:15","kind":"rx","seq":120,"session":"s2","stream":"telemetry","text":"hb=0 crc=0 hdr=0 bad","timestamp":1789344048.6083016}
2026-09-14T03:00:48.608+03:00 [RX telemetry] {"data_b64":"PTAgcmVhZGVycj0wIHJlcG9ydHM=","description":"ble:LoRa-Chatter-72E0 E0:72:A1:D5:4C:15 telemetry=on","device_key":"ble-address:e0:72:a1:d5:4c:15","kind":"rx","seq":121,"session":"s2","stream":"telemetry","text":"=0 readerr=0 reports","timestamp":1789344048.6084487}
2026-09-14T03:00:48.609+03:00 [RX telemetry] {"data_b64":"PTMgUT0xMDAlIGRyb3BzPTAgZmE=","description":"ble:LoRa-Chatter-72E0 E0:72:A1:D5:4C:15 telemetry=on","device_key":"ble-address:e0:72:a1:d5:4c:15","kind":"rx","seq":122,"session":"s2","stream":"telemetry","text":"=3 Q=100% drops=0 fa","timestamp":1789344048.6093004}
2026-09-14T03:00:48.609+03:00 [RX telemetry] {"data_b64":"dGFsPTAK","description":"ble:LoRa-Chatter-72E0 E0:72:A1:D5:4C:15 telemetry=on","device_key":"ble-address:e0:72:a1:d5:4c:15","kind":"rx","seq":123,"session":"s2","stream":"telemetry","text":"tal=0\n","timestamp":1789344048.6093605}
2026-09-14T03:00:48.610+03:00 [RX chat] {"data_b64":"U0VTU0lPTiBDT1VSVEVTWSB3aW4=","description":"ble:LoRa-Chatter-72E0 E0:72:A1:D5:4C:15 telemetry=on","device_key":"ble-address:e0:72:a1:d5:4c:15","kind":"rx","seq":124,"session":"s2","stream":"chat","text":"SESSION COURTESY win","timestamp":1789344048.610125}
2026-09-14T03:00:48.610+03:00 [RX chat] {"data_b64":"ZG93PTkxMjNtcyBwZWVyX3JlbGU=","description":"ble:LoRa-Chatter-72E0 E0:72:A1:D5:4C:15 telemetry=on","device_key":"ble-address:e0:72:a1:d5:4c:15","kind":"rx","seq":125,"session":"s2","stream":"chat","text":"dow=9123ms peer_rele","timestamp":1789344048.610214}
2026-09-14T03:00:48.644+03:00 [RX chat] {"data_b64":"YXNlPTAgZXhwaXJlZD0wIHlpZWw=","description":"ble:LoRa-Chatter-72E0 E0:72:A1:D5:4C:15 telemetry=on","device_key":"ble-address:e0:72:a1:d5:4c:15","kind":"rx","seq":126,"session":"s2","stream":"chat","text":"ase=0 expired=0 yiel","timestamp":1789344048.6435044}
2026-09-14T03:00:48.644+03:00 [RX chat] {"data_b64":"ZGluZz0wCg==","description":"ble:LoRa-Chatter-72E0 E0:72:A1:D5:4C:15 telemetry=on","device_key":"ble-address:e0:72:a1:d5:4c:15","kind":"rx","seq":127,"session":"s2","stream":"chat","text":"ding=0\n","timestamp":1789344048.6436462}
2026-09-14T03:00:48.644+03:00 [RX telemetry] {"data_b64":"U0VTU0lPTiBDT1VSVEVTWSB3aW4=","description":"ble:LoRa-Chatter-72E0 E0:72:A1:D5:4C:15 telemetry=on","device_key":"ble-address:e0:72:a1:d5:4c:15","kind":"rx","seq":128,"session":"s2","stream":"telemetry","text":"SESSION COURTESY win","timestamp":1789344048.6440494}
2026-09-14T03:00:48.644+03:00 [RX telemetry] {"data_b64":"ZG93PTkxMjNtcyBwZWVyX3JlbGU=","description":"ble:LoRa-Chatter-72E0 E0:72:A1:D5:4C:15 telemetry=on","device_key":"ble-address:e0:72:a1:d5:4c:15","kind":"rx","seq":129,"session":"s2","stream":"telemetry","text":"dow=9123ms peer_rele","timestamp":1789344048.6446514}
2026-09-14T03:00:48.645+03:00 [RX telemetry] {"data_b64":"YXNlPTAgZXhwaXJlZD0wIHlpZWw=","description":"ble:LoRa-Chatter-72E0 E0:72:A1:D5:4C:15 telemetry=on","device_key":"ble-address:e0:72:a1:d5:4c:15","kind":"rx","seq":130,"session":"s2","stream":"telemetry","text":"ase=0 expired=0 yiel","timestamp":1789344048.645123}
2026-09-14T03:00:48.645+03:00 [RX telemetry] {"data_b64":"ZGluZz0wCg==","description":"ble:LoRa-Chatter-72E0 E0:72:A1:D5:4C:15 telemetry=on","device_key":"ble-address:e0:72:a1:d5:4c:15","kind":"rx","seq":131,"session":"s2","stream":"telemetry","text":"ding=0\n","timestamp":1789344048.645188}
2026-09-14T03:00:48.646+03:00 [RX chat] {"data_b64":"U0VTU0lPTiBESU8wX1RYIGFmZmU=","description":"ble:LoRa-Chatter-72E0 E0:72:A1:D5:4C:15 telemetry=on","device_key":"ble-address:e0:72:a1:d5:4c:15","kind":"rx","seq":132,"session":"s2","stream":"chat","text":"SESSION DIO0_TX affe","timestamp":1789344048.6459467}
2026-09-14T03:00:48.646+03:00 [RX chat] {"data_b64":"Y3RlZD0wLzMgZXBpc29kZXM9MCA=","description":"ble:LoRa-Chatter-72E0 E0:72:A1:D5:4C:15 telemetry=on","device_key":"ble-address:e0:72:a1:d5:4c:15","kind":"rx","seq":133,"session":"s2","stream":"chat","text":"cted=0/3 episodes=0 ","timestamp":1789344048.6459842}
2026-09-14T03:00:48.646+03:00 [RX chat] {"data_b64":"YXZnX2FsbD0wLjAwIGF2Z19hZmY=","description":"ble:LoRa-Chatter-72E0 E0:72:A1:D5:4C:15 telemetry=on","device_key":"ble-address:e0:72:a1:d5:4c:15","kind":"rx","seq":134,"session":"s2","stream":"chat","text":"avg_all=0.00 avg_aff","timestamp":1789344048.6460128}
2026-09-14T03:00:48.647+03:00 [RX chat] {"data_b64":"ZWN0ZWQ9MC4wMCBoaWdoX3BvbGw=","description":"ble:LoRa-Chatter-72E0 E0:72:A1:D5:4C:15 telemetry=on","device_key":"ble-address:e0:72:a1:d5:4c:15","kind":"rx","seq":135,"session":"s2","stream":"chat","text":"ected=0.00 high_poll","timestamp":1789344048.6466064}
2026-09-14T03:00:48.647+03:00 [RX chat] {"data_b64":"cz0wCg==","description":"ble:LoRa-Chatter-72E0 E0:72:A1:D5:4C:15 telemetry=on","device_key":"ble-address:e0:72:a1:d5:4c:15","kind":"rx","seq":136,"session":"s2","stream":"chat","text":"s=0\n","timestamp":1789344048.646642}
2026-09-14T03:00:48.647+03:00 [RX telemetry] {"data_b64":"cz0wCg==","description":"ble:LoRa-Chatter-72E0 E0:72:A1:D5:4C:15 telemetry=on","device_key":"ble-address:e0:72:a1:d5:4c:15","kind":"rx","seq":137,"session":"s2","stream":"telemetry","text":"s=0\n","timestamp":1789344048.647506}
2026-09-14T03:00:48.647+03:00 [RX chat] {"data_b64":"U0VTU0lPTiBSWF9QT0xMIHBvbGw=","description":"ble:LoRa-Chatter-72E0 E0:72:A1:D5:4C:15 telemetry=on","device_key":"ble-address:e0:72:a1:d5:4c:15","kind":"rx","seq":138,"session":"s2","stream":"chat","text":"SESSION RX_POLL poll","timestamp":1789344048.6475525}
2026-09-14T03:00:48.650+03:00 [RX chat] {"data_b64":"cz0xNzMwMDkzIHJ4ZG9uZT0zIGk=","description":"ble:LoRa-Chatter-72E0 E0:72:A1:D5:4C:15 telemetry=on","device_key":"ble-address:e0:72:a1:d5:4c:15","kind":"rx","seq":139,"session":"s2","stream":"chat","text":"s=1730093 rxdone=3 i","timestamp":1789344048.6504028}
2026-09-14T03:00:48.651+03:00 [RX chat] {"data_b64":"bnRlcnZhbD0xMDAwdXMgRElPMF8=","description":"ble:LoRa-Chatter-72E0 E0:72:A1:D5:4C:15 telemetry=on","device_key":"ble-address:e0:72:a1:d5:4c:15","kind":"rx","seq":140,"session":"s2","stream":"chat","text":"nterval=1000us DIO0_","timestamp":1789344048.6509438}
2026-09-14T03:00:48.651+03:00 [RX chat] {"data_b64":"UlggZmFsc2VfaGlnaF9lcD0wIGg=","description":"ble:LoRa-Chatter-72E0 E0:72:A1:D5:4C:15 telemetry=on","device_key":"ble-address:e0:72:a1:d5:4c:15","kind":"rx","seq":141,"session":"s2","stream":"chat","text":"RX false_high_ep=0 h","timestamp":1789344048.6510057}
2026-09-14T03:00:48.651+03:00 [RX chat] {"data_b64":"aWdoX3BvbGxzPTAgcnhkb25lX2w=","description":"ble:LoRa-Chatter-72E0 E0:72:A1:D5:4C:15 telemetry=on","device_key":"ble-address:e0:72:a1:d5:4c:15","kind":"rx","seq":142,"session":"s2","stream":"chat","text":"igh_polls=0 rxdone_l","timestamp":1789344048.6513128}
2026-09-14T03:00:48.652+03:00 [RX chat] {"data_b64":"b3c9MCBpc3I9ZGlzYWJsZWQK","description":"ble:LoRa-Chatter-72E0 E0:72:A1:D5:4C:15 telemetry=on","device_key":"ble-address:e0:72:a1:d5:4c:15","kind":"rx","seq":143,"session":"s2","stream":"chat","text":"ow=0 isr=disabled\n","timestamp":1789344048.6513412}
2026-09-14T03:00:48.652+03:00 [RX telemetry] {"data_b64":"U0VTU0lPTiBSWF9QT0xMIHBvbGw=","description":"ble:LoRa-Chatter-72E0 E0:72:A1:D5:4C:15 telemetry=on","device_key":"ble-address:e0:72:a1:d5:4c:15","kind":"rx","seq":144,"session":"s2","stream":"telemetry","text":"SESSION RX_POLL poll","timestamp":1789344048.6517215}
2026-09-14T03:00:48.653+03:00 [RX telemetry] {"data_b64":"cz0xNzMwMDkzIHJ4ZG9uZT0zIGk=","description":"ble:LoRa-Chatter-72E0 E0:72:A1:D5:4C:15 telemetry=on","device_key":"ble-address:e0:72:a1:d5:4c:15","kind":"rx","seq":145,"session":"s2","stream":"telemetry","text":"s=1730093 rxdone=3 i","timestamp":1789344048.6533227}
2026-09-14T03:00:48.653+03:00 [RX telemetry] {"data_b64":"bnRlcnZhbD0xMDAwdXMgRElPMF8=","description":"ble:LoRa-Chatter-72E0 E0:72:A1:D5:4C:15 telemetry=on","device_key":"ble-address:e0:72:a1:d5:4c:15","kind":"rx","seq":146,"session":"s2","stream":"telemetry","text":"nterval=1000us DIO0_","timestamp":1789344048.6537695}
2026-09-14T03:00:48.685+03:00 [RX telemetry] {"data_b64":"UlggZmFsc2VfaGlnaF9lcD0wIGg=","description":"ble:LoRa-Chatter-72E0 E0:72:A1:D5:4C:15 telemetry=on","device_key":"ble-address:e0:72:a1:d5:4c:15","kind":"rx","seq":147,"session":"s2","stream":"telemetry","text":"RX false_high_ep=0 h","timestamp":1789344048.6855907}
2026-09-14T03:00:48.687+03:00 [RX telemetry] {"data_b64":"aWdoX3BvbGxzPTAgcnhkb25lX2w=","description":"ble:LoRa-Chatter-72E0 E0:72:A1:D5:4C:15 telemetry=on","device_key":"ble-address:e0:72:a1:d5:4c:15","kind":"rx","seq":148,"session":"s2","stream":"telemetry","text":"igh_polls=0 rxdone_l","timestamp":1789344048.6869884}
2026-09-14T03:00:48.688+03:00 [RX telemetry] {"data_b64":"b3c9MCBpc3I9ZGlzYWJsZWQK","description":"ble:LoRa-Chatter-72E0 E0:72:A1:D5:4C:15 telemetry=on","device_key":"ble-address:e0:72:a1:d5:4c:15","kind":"rx","seq":149,"session":"s2","stream":"telemetry","text":"ow=0 isr=disabled\n","timestamp":1789344048.6881995}
2026-09-14T03:00:50.987+03:00 [AGENT REQUEST] {"id":11,"op":"observe","cursors":{"s1":5,"s2":5},"timeout_ms":5000}
2026-09-14T03:00:50.998+03:00 [AGENT RESPONSE] {"id":11,"ok":true,"result":{"cursors":{"s1":96,"s2":149},"events":[{"data_b64":"L2hlbHAK","device_key":"ble-address:44:1b:f6:8d:b7:a9","kind":"tx","seq":6,"session":"s1","text":"/help","timestamp":1789344043.1144168,"tx_id":1,"tx_state":"queued"},{"data_b64":"L2hlbHAK","device_key":"ble-address:e0:72:a1:d5:4c:15","kind":"tx","seq":6,"session":"s2","text":"/help","timestamp":1789344043.1153164,"tx_id":1,"tx_state":"queued"},{"data_b64":"L2JvdGgK","device_key":"ble-address:44:1b:f6:8d:b7:a9","kind":"tx","seq":7,"session":"s1","text":"/both","timestamp":1789344043.1160035,"tx_id":2,"tx_state":"queued"},{"data_b64":"L2hlbHAK","description":"ble:LoRa-Chatter-72E0 E0:72:A1:D5:4C:15 telemetry=on","device_key":"ble-address:e0:72:a1:d5:4c:15","kind":"tx","seq":7,"session":"s2","text":"/help","timestamp":1789344043.117016,"tx_id":1,"tx_state":"written"},{"data_b64":"L2hlbHAK","description":"ble:LoRa-Chatter-1B44 44:1B:F6:8D:B7:A9 telemetry=on","device_key":"ble-address:44:1b:f6:8d:b7:a9","kind":"tx","seq":8,"session":"s1","text":"/help","timestamp":1789344043.1171248,"tx_id":1,"tx_state":"written"},{"data_b64":"L2JvdGgK","device_key":"ble-address:e0:72:a1:d5:4c:15","kind":"tx","seq":8,"session":"s2","text":"/both","timestamp":1789344043.1173522,"tx_id":2,"tx_state":"queued"},{"data_b64":"L2JvdGgK","description":"ble:LoRa-Chatter-72E0 E0:72:A1:D5:4C:15 telemetry=on","device_key":"ble-address:e0:72:a1:d5:4c:15","kind":"tx","seq":9,"session":"s2","text":"/both","timestamp":1789344043.1187413,"tx_id":2,"tx_state":"written"},{"data_b64":"L2JvdGgK","description":"ble:LoRa-Chatter-1B44 44:1B:F6:8D:B7:A9 telemetry=on","device_key":"ble-address:44:1b:f6:8d:b7:a9","kind":"tx","seq":9,"session":"s1","text":"/both","timestamp":1789344043.1188412,"tx_id":2,"tx_state":"written"},{"data_b64":"CltTWVNdIENIQVRURVIgSEVMUAo=","description":"ble:LoRa-Chatter-1B44 44:1B:F6:8D:B7:A9 telemetry=on","device_key":"ble-address:44:1b:f6:8d:b7:a9","kind":"rx","seq":10,"session":"s1","stream":"chat","text":"\n[SYS] CHATTER HELP\n","timestamp":1789344043.1949005},{"data_b64":"W1NZU10gQ0hBVFRFUiBOT0RFIEw=","description":"ble:LoRa-Chatter-1B44 44:1B:F6:8D:B7:A9 telemetry=on","device_key":"ble-address:44:1b:f6:8d:b7:a9","kind":"rx","seq":11,"session":"s1","stream":"chat","text":"[SYS] CHATTER NODE L","timestamp":1789344043.1972456},{"data_b64":"b1JhLUNoYXR0ZXItMUI0NAo=","description":"ble:LoRa-Chatter-1B44 44:1B:F6:8D:B7:A9 telemetry=on","device_key":"ble-address:44:1b:f6:8d:b7:a9","kind":"rx","seq":12,"session":"s1","stream":"chat","text":"oRa-Chatter-1B44\n","timestamp":1789344043.1986396},{"data_b64":"W1NZU10gQ0hBVCBPVVRQVVQ6Cg==","description":"ble:LoRa-Chatter-1B44 44:1B:F6:8D:B7:A9 telemetry=on","device_key":"ble-address:44:1b:f6:8d:b7:a9","kind":"rx","seq":13,"session":"s1","stream":"chat","text":"[SYS] CHAT OUTPUT:\n","timestamp":1789344043.1997266},{"data_b64":"W1NZU10gICA+IHRleHQgICAgICA=","description":"ble:LoRa-Chatter-1B44 44:1B:F6:8D:B7:A9 telemetry=on","device_key":"ble-address:44:1b:f6:8d:b7:a9","kind":"rx","seq":14,"session":"s1","stream":"chat","text":"[SYS]   > text      ","timestamp":1789344043.200066},{"data_b64":"ICAgICAgICAgICAgICAgICBsb2M=","description":"ble:LoRa-Chatter-1B44 44:1B:F6:8D:B7:A9 telemetry=on","device_key":"ble-address:44:1b:f6:8d:b7:a9","kind":"rx","seq":15,"session":"s1","stream":"chat","text":"                 loc","timestamp":1789344043.2003405},{"data_b64":"YWwgVVNFUiBUWCBjb25maXJtZWQ=","description":"ble:LoRa-Chatter-1B44 44:1B:F6:8D:B7:A9 telemetry=on","device_key":"ble-address:44:1b:f6:8d:b7:a9","kind":"rx","seq":16,"session":"s1","stream":"chat","text":"al USER TX confirmed","timestamp":1789344043.2010622},{"data_b64":"Cg==","description":"ble:LoRa-Chatter-1B44 44:1B:F6:8D:B7:A9 telemetry=on","device_key":"ble-address:44:1b:f6:8d:b7:a9","kind":"rx","seq":17,"session":"s1","stream":"chat","text":"\n","timestamp":1789344043.2011259},{"data_b64":"W1NZU10gICA8IFtSU1NJL1NOUiA=","description":"ble:LoRa-Chatter-1B44 44:1B:F6:8D:B7:A9 telemetry=on","device_key":"ble-address:44:1b:f6:8d:b7:a9","kind":"rx","seq":18,"session":"s1","stream":"chat","text":"[SYS]   < [RSSI/SNR ","timestamp":1789344043.2013776},{"data_b64":"USVdIHRleHQgICAgICAgICBVU0U=","description":"ble:LoRa-Chatter-1B44 44:1B:F6:8D:B7:A9 telemetry=on","device_key":"ble-address:44:1b:f6:8d:b7:a9","kind":"rx","seq":19,"session":"s1","stream":"chat","text":"Q%] text         USE","timestamp":1789344043.2024386},{"data_b64":"UiByZWNlaXZlZCBmcm9tIHBlZXI=","description":"ble:LoRa-Chatter-1B44 44:1B:F6:8D:B7:A9 telemetry=on","device_key":"ble-address:44:1b:f6:8d:b7:a9","kind":"rx","seq":20,"session":"s1","stream":"chat","text":"R received from peer","timestamp":1789344043.2031636},{"data_b64":"Cg==","description":"ble:LoRa-Chatter-1B44 44:1B:F6:8D:B7:A9 telemetry=on","device_key":"ble-address:44:1b:f6:8d:b7:a9","kind":"rx","seq":21,"session":"s1","stream":"chat","text":"\n","timestamp":1789344043.2041967},{"data_b64":"W1NZU10gICA+IFtFQ0hPIFRYXSA=","description":"ble:LoRa-Chatter-1B44 44:1B:F6:8D:B7:A9 telemetry=on","device_key":"ble-address:44:1b:f6:8d:b7:a9","kind":"rx","seq":22,"session":"s1","stream":"chat","text":"[SYS]   > [ECHO TX] ","timestamp":1789344043.2050493},{"data_b64":"dGV4dCAgICAgICAgICAgICBsb2M=","description":"ble:LoRa-Chatter-1B44 44:1B:F6:8D:B7:A9 telemetry=on","device_key":"ble-address:44:1b:f6:8d:b7:a9","kind":"rx","seq":23,"session":"s1","stream":"chat","text":"text             loc","timestamp":1789344043.2059612},{"data_b64":"YWwgZWNobyBUWCBjb25maXJtZWQ=","description":"ble:LoRa-Chatter-1B44 44:1B:F6:8D:B7:A9 telemetry=on","device_key":"ble-address:44:1b:f6:8d:b7:a9","kind":"rx","seq":24,"session":"s1","stream":"chat","text":"al echo TX confirmed","timestamp":1789344043.2107253},{"data_b64":"Cg==","description":"ble:LoRa-Chatter-1B44 44:1B:F6:8D:B7:A9 telemetry=on","device_key":"ble-address:44:1b:f6:8d:b7:a9","kind":"rx","seq":25,"session":"s1","stream":"chat","text":"\n","timestamp":1789344043.21089},{"data_b64":"W1NZU10gICA8IFtFQ0hPIFJTU0k=","description":"ble:LoRa-Chatter-1B44 44:1B:F6:8D:B7:A9 telemetry=on","device_key":"ble-address:44:1b:f6:8d:b7:a9","kind":"rx","seq":26,"session":"s1","stream":"chat","text":"[SYS]   < [ECHO RSSI","timestamp":1789344043.211308},{"data_b64":"L1NOUiBRJV0gdGV4dCAgICBtYXQ=","description":"ble:LoRa-Chatter-1B44 44:1B:F6:8D:B7:A9 telemetry=on","device_key":"ble-address:44:1b:f6:8d:b7:a9","kind":"rx","seq":27,"session":"s1","stream":"chat","text":"/SNR Q%] text    mat","timestamp":1789344043.2113547},{"data_b64":"Y2hpbmcgZWNobyByZXBseSByZWM=","description":"ble:LoRa-Chatter-1B44 44:1B:F6:8D:B7:A9 telemetry=on","device_key":"ble-address:44:1b:f6:8d:b7:a9","kind":"rx","seq":28,"session":"s1","stream":"chat","text":"ching echo reply rec","timestamp":1789344043.211393},{"data_b64":"ZWl2ZWQK","description":"ble:LoRa-Chatter-1B44 44:1B:F6:8D:B7:A9 telemetry=on","device_key":"ble-address:44:1b:f6:8d:b7:a9","kind":"rx","seq":29,"session":"s1","stream":"chat","text":"eived\n","timestamp":1789344043.2368417},{"data_b64":"W1NZU10gICBbRUNIT10gTk8gUkU=","description":"ble:LoRa-Chatter-1B44 44:1B:F6:8D:B7:A9 telemetry=on","device_key":"ble-address:44:1b:f6:8d:b7:a9","kind":"rx","seq":30,"session":"s1","stream":"chat","text":"[SYS]   [ECHO] NO RE","timestamp":1789344043.2378764},{"data_b64":"U1BPTlNFICAgICAgICAgICBtYXQ=","description":"ble:LoRa-Chatter-1B44 44:1B:F6:8D:B7:A9 telemetry=on","device_key":"ble-address:44:1b:f6:8d:b7:a9","kind":"rx","seq":31,"session":"s1","stream":"chat","text":"SPONSE           mat","timestamp":1789344043.2379727},{"data_b64":"Y2hpbmcgZWNobyByZXBseSB0aW0=","description":"ble:LoRa-Chatter-1B44 44:1B:F6:8D:B7:A9 telemetry=on","device_key":"ble-address:44:1b:f6:8d:b7:a9","kind":"rx","seq":32,"session":"s1","stream":"chat","text":"ching echo reply tim","timestamp":1789344043.2418635},{"data_b64":"ZWQgb3V0Cg==","description":"ble:LoRa-Chatter-1B44 44:1B:F6:8D:B7:A9 telemetry=on","device_key":"ble-address:44:1b:f6:8d:b7:a9","kind":"rx","seq":33,"session":"s1","stream":"chat","text":"ed out\n","timestamp":1789344043.2421393},{"data_b64":"W1NZU10gICBkZWxpdmVyeSByZXQ=","description":"ble:LoRa-Chatter-1B44 44:1B:F6:8D:B7:A9 telemetry=on","device_key":"ble-address:44:1b:f6:8d:b7:a9","kind":"rx","seq":34,"session":"s1","stream":"chat","text":"[SYS]   delivery ret","timestamp":1789344043.2430687},{"data_b64":"cnkgZGV0YWlscyAgICAgICBURUw=","description":"ble:LoRa-Chatter-1B44 44:1B:F6:8D:B7:A9 telemetry=on","device_key":"ble-address:44:1b:f6:8d:b7:a9","kind":"rx","seq":35,"session":"s1","stream":"chat","text":"ry details       TEL","timestamp":1789344043.2431314},{"data_b64":"RU1FVFJZIG9ubHkK","description":"ble:LoRa-Chatter-1B44 44:1B:F6:8D:B7:A9 telemetry=on","device_key":"ble-address:44:1b:f6:8d:b7:a9","kind":"rx","seq":36,"session":"s1","stream":"chat","text":"EMETRY only\n","timestamp":1789344043.243181},{"data_b64":"W1NZU10gICBSU1NJPWRCbSwgU04=","description":"ble:LoRa-Chatter-1B44 44:1B:F6:8D:B7:A9 telemetry=on","device_key":"ble-address:44:1b:f6:8d:b7:a9","kind":"rx","seq":37,"session":"s1","stream":"chat","text":"[SYS]   RSSI=dBm, SN","timestamp":1789344043.2432952},{"data_b64":"Uj1kQiwgUT1yb2xsaW5nIHJlY2U=","description":"ble:LoRa-Chatter-1B44 44:1B:F6:8D:B7:A9 telemetry=on","device_key":"ble-address:44:1b:f6:8d:b7:a9","kind":"rx","seq":38,"session":"s1","stream":"chat","text":"R=dB, Q=rolling rece","timestamp":1789344043.2433455},{"data_b64":"aXZlIHF1YWxpdHkgJQo=","description":"ble:LoRa-Chatter-1B44 44:1B:F6:8D:B7:A9 telemetry=on","device_key":"ble-address:44:1b:f6:8d:b7:a9","kind":"rx","seq":39,"session":"s1","stream":"chat","text":"ive quality %\n","timestamp":1789344043.2462275},{"data_b64":"W1NZU10gSFVNQU4gQ09OU09MRSA=","description":"ble:LoRa-Chatter-1B44 44:1B:F6:8D:B7:A9 telemetry=on","device_key":"ble-address:44:1b:f6:8d:b7:a9","kind":"rx","seq":40,"session":"s1","stream":"chat","text":"[SYS] HUMAN CONSOLE ","timestamp":1789344043.2467787},{"data_b64":"TU9ERVM6Cg==","description":"ble:LoRa-Chatter-1B44 44:1B:F6:8D:B7:A9 telemetry=on","device_key":"ble-address:44:1b:f6:8d:b7:a9","kind":"rx","seq":41,"session":"s1","stream":"chat","text":"MODES:\n","timestamp":1789344043.246847},{"data_b64":"W1NZU10gICBDSEFUICAgICAgIGM=","description":"ble:LoRa-Chatter-1B44 44:1B:F6:8D:B7:A9 telemetry=on","device_key":"ble-address:44:1b:f6:8d:b7:a9","kind":"rx","seq":42,"session":"s1","stream":"chat","text":"[SYS]   CHAT       c","timestamp":1789344043.248644},{"data_b64":"aGF0ICsgU1lTVEVNCg==","description":"ble:LoRa-Chatter-1B44 44:1B:F6:8D:B7:A9 telemetry=on","device_key":"ble-address:44:1b:f6:8d:b7:a9","kind":"rx","seq":43,"session":"s1","stream":"chat","text":"hat + SYSTEM\n","timestamp":1789344043.24872},{"data_b64":"W1NZU10gICBURUxFTUVUUlkgIHQ=","description":"ble:LoRa-Chatter-1B44 44:1B:F6:8D:B7:A9 telemetry=on","device_key":"ble-address:44:1b:f6:8d:b7:a9","kind":"rx","seq":44,"session":"s1","stream":"chat","text":"[SYS]   TELEMETRY  t","timestamp":1789344043.2489471},{"data_b64":"ZWxlbWV0cnkgKyBTWVNURU0K","description":"ble:LoRa-Chatter-1B44 44:1B:F6:8D:B7:A9 telemetry=on","device_key":"ble-address:44:1b:f6:8d:b7:a9","kind":"rx","seq":45,"session":"s1","stream":"chat","text":"elemetry + SYSTEM\n","timestamp":1789344043.2489913},{"data_b64":"W1NZU10gICBCT1RIICAgICAgIGM=","description":"ble:LoRa-Chatter-1B44 44:1B:F6:8D:B7:A9 telemetry=on","device_key":"ble-address:44:1b:f6:8d:b7:a9","kind":"rx","seq":46,"session":"s1","stream":"chat","text":"[SYS]   BOTH       c","timestamp":1789344043.2819114},{"data_b64":"aGF0ICsgdGVsZW1ldHJ5ICsgU1k=","description":"ble:LoRa-Chatter-1B44 44:1B:F6:8D:B7:A9 telemetry=on","device_key":"ble-address:44:1b:f6:8d:b7:a9","kind":"rx","seq":47,"session":"s1","stream":"chat","text":"hat + telemetry + SY","timestamp":1789344043.2837627},{"data_b64":"U1RFTQo=","description":"ble:LoRa-Chatter-1B44 44:1B:F6:8D:B7:A9 telemetry=on","device_key":"ble-address:44:1b:f6:8d:b7:a9","kind":"rx","seq":48,"session":"s1","stream":"chat","text":"STEM\n","timestamp":1789344043.2843676},{"data_b64":"W1NZU10gICBCTEUgMDAwNCBtYWM=","description":"ble:LoRa-Chatter-1B44 44:1B:F6:8D:B7:A9 telemetry=on","device_key":"ble-address:44:1b:f6:8d:b7:a9","kind":"rx","seq":49,"session":"s1","stream":"chat","text":"[SYS]   BLE 0004 mac","timestamp":1789344043.2854555},{"data_b64":"CltTWVNdIENIQVRURVIgSEVMUAo=","description":"ble:LoRa-Chatter-72E0 E0:72:A1:D5:4C:15 telemetry=on","device_key":"ble-address:e0:72:a1:d5:4c:15","kind":"rx","seq":10,"session":"s2","stream":"chat","text":"\n[SYS] CHATTER HELP\n","timestamp":1789344043.2898688},{"data_b64":"W1NZU10gQ0hBVFRFUiBOT0RFIEw=","description":"ble:LoRa-Chatter-72E0 E0:72:A1:D5:4C:15 telemetry=on","device_key":"ble-address:e0:72:a1:d5:4c:15","kind":"rx","seq":11,"session":"s2","stream":"chat","text":"[SYS] CHATTER NODE L","timestamp":1789344043.2956576},{"data_b64":"b1JhLUNoYXR0ZXItNzJFMAo=","description":"ble:LoRa-Chatter-72E0 E0:72:A1:D5:4C:15 telemetry=on","device_key":"ble-address:e0:72:a1:d5:4c:15","kind":"rx","seq":12,"session":"s2","stream":"chat","text":"oRa-Chatter-72E0\n","timestamp":1789344043.297105},{"data_b64":"W1NZU10gQ0hBVCBPVVRQVVQ6Cg==","description":"ble:LoRa-Chatter-72E0 E0:72:A1:D5:4C:15 telemetry=on","device_key":"ble-address:e0:72:a1:d5:4c:15","kind":"rx","seq":13,"session":"s2","stream":"chat","text":"[SYS] CHAT OUTPUT:\n","timestamp":1789344043.2984617},{"data_b64":"W1NZU10gICA+IHRleHQgICAgICA=","description":"ble:LoRa-Chatter-72E0 E0:72:A1:D5:4C:15 telemetry=on","device_key":"ble-address:e0:72:a1:d5:4c:15","kind":"rx","seq":14,"session":"s2","stream":"chat","text":"[SYS]   > text      ","timestamp":1789344043.2991135},{"data_b64":"ICAgICAgICAgICAgICAgICBsb2M=","description":"ble:LoRa-Chatter-72E0 E0:72:A1:D5:4C:15 telemetry=on","device_key":"ble-address:e0:72:a1:d5:4c:15","kind":"rx","seq":15,"session":"s2","stream":"chat","text":"                 loc","timestamp":1789344043.3008072},{"data_b64":"YWwgVVNFUiBUWCBjb25maXJtZWQ=","description":"ble:LoRa-Chatter-72E0 E0:72:A1:D5:4C:15 telemetry=on","device_key":"ble-address:e0:72:a1:d5:4c:15","kind":"rx","seq":16,"session":"s2","stream":"chat","text":"al USER TX confirmed","timestamp":1789344043.3008816},{"data_b64":"Cg==","description":"ble:LoRa-Chatter-72E0 E0:72:A1:D5:4C:15 telemetry=on","device_key":"ble-address:e0:72:a1:d5:4c:15","kind":"rx","seq":17,"session":"s2","stream":"chat","text":"\n","timestamp":1789344043.300929},{"data_b64":"W1NZU10gICA8IFtSU1NJL1NOUiA=","description":"ble:LoRa-Chatter-72E0 E0:72:A1:D5:4C:15 telemetry=on","device_key":"ble-address:e0:72:a1:d5:4c:15","kind":"rx","seq":18,"session":"s2","stream":"chat","text":"[SYS]   < [RSSI/SNR ","timestamp":1789344043.301165},{"data_b64":"USVdIHRleHQgICAgICAgICBVU0U=","description":"ble:LoRa-Chatter-72E0 E0:72:A1:D5:4C:15 telemetry=on","device_key":"ble-address:e0:72:a1:d5:4c:15","kind":"rx","seq":19,"session":"s2","stream":"chat","text":"Q%] text         USE","timestamp":1789344043.3012075},{"data_b64":"UiByZWNlaXZlZCBmcm9tIHBlZXI=","description":"ble:LoRa-Chatter-72E0 E0:72:A1:D5:4C:15 telemetry=on","device_key":"ble-address:e0:72:a1:d5:4c:15","kind":"rx","seq":20,"session":"s2","stream":"chat","text":"R received from peer","timestamp":1789344043.301251},{"data_b64":"Cg==","description":"ble:LoRa-Chatter-72E0 E0:72:A1:D5:4C:15 telemetry=on","device_key":"ble-address:e0:72:a1:d5:4c:15","kind":"rx","seq":21,"session":"s2","stream":"chat","text":"\n","timestamp":1789344043.3025987},{"data_b64":"W1NZU10gICA+IFtFQ0hPIFRYXSA=","description":"ble:LoRa-Chatter-72E0 E0:72:A1:D5:4C:15 telemetry=on","device_key":"ble-address:e0:72:a1:d5:4c:15","kind":"rx","seq":22,"session":"s2","stream":"chat","text":"[SYS]   > [ECHO TX] ","timestamp":1789344043.3028212},{"data_b64":"dGV4dCAgICAgICAgICAgICBsb2M=","description":"ble:LoRa-Chatter-72E0 E0:72:A1:D5:4C:15 telemetry=on","device_key":"ble-address:e0:72:a1:d5:4c:15","kind":"rx","seq":23,"session":"s2","stream":"chat","text":"text             loc","timestamp":1789344043.3028753},{"data_b64":"YWwgZWNobyBUWCBjb25maXJtZWQ=","description":"ble:LoRa-Chatter-72E0 E0:72:A1:D5:4C:15 telemetry=on","device_key":"ble-address:e0:72:a1:d5:4c:15","kind":"rx","seq":24,"session":"s2","stream":"chat","text":"al echo TX confirmed","timestamp":1789344043.303876},{"data_b64":"Cg==","description":"ble:LoRa-Chatter-72E0 E0:72:A1:D5:4C:15 telemetry=on","device_key":"ble-address:e0:72:a1:d5:4c:15","kind":"rx","seq":25,"session":"s2","stream":"chat","text":"\n","timestamp":1789344043.305643},{"data_b64":"W1NZU10gICA8IFtFQ0hPIFJTU0k=","description":"ble:LoRa-Chatter-72E0 E0:72:A1:D5:4C:15 telemetry=on","device_key":"ble-address:e0:72:a1:d5:4c:15","kind":"rx","seq":26,"session":"s2","stream":"chat","text":"[SYS]   < [ECHO RSSI","timestamp":1789344043.306016},{"data_b64":"L1NOUiBRJV0gdGV4dCAgICBtYXQ=","description":"ble:LoRa-Chatter-72E0 E0:72:A1:D5:4C:15 telemetry=on","device_key":"ble-address:e0:72:a1:d5:4c:15","kind":"rx","seq":27,"session":"s2","stream":"chat","text":"/SNR Q%] text    mat","timestamp":1789344043.306089},{"data_b64":"Y2hpbmcgZWNobyByZXBseSByZWM=","description":"ble:LoRa-Chatter-72E0 E0:72:A1:D5:4C:15 telemetry=on","device_key":"ble-address:e0:72:a1:d5:4c:15","kind":"rx","seq":28,"session":"s2","stream":"chat","text":"ching echo reply rec","timestamp":1789344043.307661},{"data_b64":"aGluZSB0ZWxlbWV0cnkgaXMgaW4=","description":"ble:LoRa-Chatter-1B44 44:1B:F6:8D:B7:A9 telemetry=on","device_key":"ble-address:44:1b:f6:8d:b7:a9","kind":"rx","seq":50,"session":"s1","stream":"chat","text":"hine telemetry is in","timestamp":1789344043.328726},{"data_b64":"ZGVwZW5kZW50IHdoZW4gc3Vic2M=","description":"ble:LoRa-Chatter-1B44 44:1B:F6:8D:B7:A9 telemetry=on","device_key":"ble-address:44:1b:f6:8d:b7:a9","kind":"rx","seq":51,"session":"s1","stream":"chat","text":"dependent when subsc","timestamp":1789344043.328823},{"data_b64":"cmliZWQK","description":"ble:LoRa-Chatter-1B44 44:1B:F6:8D:B7:A9 telemetry=on","device_key":"ble-address:44:1b:f6:8d:b7:a9","kind":"rx","seq":52,"session":"s1","stream":"chat","text":"ribed\n","timestamp":1789344043.3289826},{"data_b64":"ZWl2ZWQK","description":"ble:LoRa-Chatter-72E0 E0:72:A1:D5:4C:15 telemetry=on","device_key":"ble-address:e0:72:a1:d5:4c:15","kind":"rx","seq":29,"session":"s2","stream":"chat","text":"eived\n","timestamp":1789344043.3305302},{"data_b64":"W1NZU10gICBbRUNIT10gTk8gUkU=","description":"ble:LoRa-Chatter-72E0 E0:72:A1:D5:4C:15 telemetry=on","device_key":"ble-address:e0:72:a1:d5:4c:15","kind":"rx","seq":30,"session":"s2","stream":"chat","text":"[SYS]   [ECHO] NO RE","timestamp":1789344043.33119},{"data_b64":"U1BPTlNFICAgICAgICAgICBtYXQ=","description":"ble:LoRa-Chatter-72E0 E0:72:A1:D5:4C:15 telemetry=on","device_key":"ble-address:e0:72:a1:d5:4c:15","kind":"rx","seq":31,"session":"s2","stream":"chat","text":"SPONSE           mat","timestamp":1789344043.33166},{"data_b64":"Y2hpbmcgZWNobyByZXBseSB0aW0=","description":"ble:LoRa-Chatter-72E0 E0:72:A1:D5:4C:15 telemetry=on","device_key":"ble-address:e0:72:a1:d5:4c:15","kind":"rx","seq":32,"session":"s2","stream":"chat","text":"ching echo reply tim","timestamp":1789344043.3322158},{"data_b64":"ZWQgb3V0Cg==","description":"ble:LoRa-Chatter-72E0 E0:72:A1:D5:4C:15 telemetry=on","device_key":"ble-address:e0:72:a1:d5:4c:15","kind":"rx","seq":33,"session":"s2","stream":"chat","text":"ed out\n","timestamp":1789344043.33565},{"data_b64":"W1NZU10gICBkZWxpdmVyeSByZXQ=","description":"ble:LoRa-Chatter-72E0 E0:72:A1:D5:4C:15 telemetry=on","device_key":"ble-address:e0:72:a1:d5:4c:15","kind":"rx","seq":34,"session":"s2","stream":"chat","text":"[SYS]   delivery ret","timestamp":1789344043.3367493},{"data_b64":"cnkgZGV0YWlscyAgICAgICBURUw=","description":"ble:LoRa-Chatter-72E0 E0:72:A1:D5:4C:15 telemetry=on","device_key":"ble-address:e0:72:a1:d5:4c:15","kind":"rx","seq":35,"session":"s2","stream":"chat","text":"ry details       TEL","timestamp":1789344043.3380983},{"data_b64":"RU1FVFJZIG9ubHkK","description":"ble:LoRa-Chatter-72E0 E0:72:A1:D5:4C:15 telemetry=on","device_key":"ble-address:e0:72:a1:d5:4c:15","kind":"rx","seq":36,"session":"s2","stream":"chat","text":"EMETRY only\n","timestamp":1789344043.3381665},{"data_b64":"W1NZU10gICBSU1NJPWRCbSwgU04=","description":"ble:LoRa-Chatter-72E0 E0:72:A1:D5:4C:15 telemetry=on","device_key":"ble-address:e0:72:a1:d5:4c:15","kind":"rx","seq":37,"session":"s2","stream":"chat","text":"[SYS]   RSSI=dBm, SN","timestamp":1789344043.3385382},{"data_b64":"Uj1kQiwgUT1yb2xsaW5nIHJlY2U=","description":"ble:LoRa-Chatter-72E0 E0:72:A1:D5:4C:15 telemetry=on","device_key":"ble-address:e0:72:a1:d5:4c:15","kind":"rx","seq":38,"session":"s2","stream":"chat","text":"R=dB, Q=rolling rece","timestamp":1789344043.3386157},{"data_b64":"aXZlIHF1YWxpdHkgJQo=","description":"ble:LoRa-Chatter-72E0 E0:72:A1:D5:4C:15 telemetry=on","device_key":"ble-address:e0:72:a1:d5:4c:15","kind":"rx","seq":39,"session":"s2","stream":"chat","text":"ive quality %\n","timestamp":1789344043.338654},{"data_b64":"W1NZU10gSFVNQU4gQ09OU09MRSA=","description":"ble:LoRa-Chatter-72E0 E0:72:A1:D5:4C:15 telemetry=on","device_key":"ble-address:e0:72:a1:d5:4c:15","kind":"rx","seq":40,"session":"s2","stream":"chat","text":"[SYS] HUMAN CONSOLE ","timestamp":1789344043.342098},{"data_b64":"TU9ERVM6Cg==","description":"ble:LoRa-Chatter-72E0 E0:72:A1:D5:4C:15 telemetry=on","device_key":"ble-address:e0:72:a1:d5:4c:15","kind":"rx","seq":41,"session":"s2","stream":"chat","text":"MODES:\n","timestamp":1789344043.3421853},{"data_b64":"W1NZU10gICBDSEFUICAgICAgIGM=","description":"ble:LoRa-Chatter-72E0 E0:72:A1:D5:4C:15 telemetry=on","device_key":"ble-address:e0:72:a1:d5:4c:15","kind":"rx","seq":42,"session":"s2","stream":"chat","text":"[SYS]   CHAT       c","timestamp":1789344043.3427641},{"data_b64":"aGF0ICsgdGVsZW1ldHJ5ICsgU1k=","description":"ble:LoRa-Chatter-72E0 E0:72:A1:D5:4C:15 telemetry=on","device_key":"ble-address:e0:72:a1:d5:4c:15","kind":"rx","seq":43,"session":"s2","stream":"chat","text":"hat + telemetry + SY","timestamp":1789344043.3460982},{"data_b64":"U1RFTQo=","description":"ble:LoRa-Chatter-72E0 E0:72:A1:D5:4C:15 telemetry=on","device_key":"ble-address:e0:72:a1:d5:4c:15","kind":"rx","seq":44,"session":"s2","stream":"chat","text":"STEM\n","timestamp":1789344043.3467586},{"data_b64":"W1NZU10gICBCTEUgMDAwNCBtYWM=","description":"ble:LoRa-Chatter-72E0 E0:72:A1:D5:4C:15 telemetry=on","device_key":"ble-address:e0:72:a1:d5:4c:15","kind":"rx","seq":45,"session":"s2","stream":"chat","text":"[SYS]   BLE 0004 mac","timestamp":1789344043.3475363},{"data_b64":"aGluZSB0ZWxlbWV0cnkgaXMgaW4=","description":"ble:LoRa-Chatter-72E0 E0:72:A1:D5:4C:15 telemetry=on","device_key":"ble-address:e0:72:a1:d5:4c:15","kind":"rx","seq":46,"session":"s2","stream":"chat","text":"hine telemetry is in","timestamp":1789344043.3479774},{"data_b64":"ZGVwZW5kZW50IHdoZW4gc3Vic2M=","description":"ble:LoRa-Chatter-72E0 E0:72:A1:D5:4C:15 telemetry=on","device_key":"ble-address:e0:72:a1:d5:4c:15","kind":"rx","seq":47,"session":"s2","stream":"chat","text":"dependent when subsc","timestamp":1789344043.3483446},{"data_b64":"cmliZWQK","description":"ble:LoRa-Chatter-72E0 E0:72:A1:D5:4C:15 telemetry=on","device_key":"ble-address:e0:72:a1:d5:4c:15","kind":"rx","seq":48,"session":"s2","stream":"chat","text":"ribed\n","timestamp":1789344043.348736},{"data_b64":"W1NZU10gICBjdXJyZW50PUNIQVQ=","description":"ble:LoRa-Chatter-72E0 E0:72:A1:D5:4C:15 telemetry=on","device_key":"ble-address:e0:72:a1:d5:4c:15","kind":"rx","seq":49,"session":"s2","stream":"chat","text":"[SYS]   current=CHAT","timestamp":1789344043.349183},{"data_b64":"IGVjaG89T0ZGCg==","description":"ble:LoRa-Chatter-72E0 E0:72:A1:D5:4C:15 telemetry=on","device_key":"ble-address:e0:72:a1:d5:4c:15","kind":"rx","seq":50,"session":"s2","stream":"chat","text":" echo=OFF\n","timestamp":1789344043.3495915},{"data_b64":"W1NZU10gQ09NTUFORFM6Cg==","description":"ble:LoRa-Chatter-72E0 E0:72:A1:D5:4C:15 telemetry=on","device_key":"ble-address:e0:72:a1:d5:4c:15","kind":"rx","seq":51,"session":"s2","stream":"chat","text":"[SYS] COMMANDS:\n","timestamp":1789344043.3500915},{"data_b64":"W1NZU10gICBjdXJyZW50PUNIQVQ=","description":"ble:LoRa-Chatter-1B44 44:1B:F6:8D:B7:A9 telemetry=on","device_key":"ble-address:44:1b:f6:8d:b7:a9","kind":"rx","seq":53,"session":"s1","stream":"chat","text":"[SYS]   current=CHAT","timestamp":1789344043.3776906},{"data_b64":"IGVjaG89T0ZGCg==","description":"ble:LoRa-Chatter-1B44 44:1B:F6:8D:B7:A9 telemetry=on","device_key":"ble-address:44:1b:f6:8d:b7:a9","kind":"rx","seq":54,"session":"s1","stream":"chat","text":" echo=OFF\n","timestamp":1789344043.3788886},{"data_b64":"W1NZU10gQ09NTUFORFM6Cg==","description":"ble:LoRa-Chatter-1B44 44:1B:F6:8D:B7:A9 telemetry=on","device_key":"ble-address:44:1b:f6:8d:b7:a9","kind":"rx","seq":55,"session":"s1","stream":"chat","text":"[SYS] COMMANDS:\n","timestamp":1789344043.3790576},{"data_b64":"W1NZU10gICAvaGVscCAgICAgICA=","description":"ble:LoRa-Chatter-72E0 E0:72:A1:D5:4C:15 telemetry=on","device_key":"ble-address:e0:72:a1:d5:4c:15","kind":"rx","seq":52,"session":"s2","stream":"chat","text":"[SYS]   /help       ","timestamp":1789344043.3809323},{"data_b64":"c2hvdyB0aGlzIGhlbHAK","description":"ble:LoRa-Chatter-72E0 E0:72:A1:D5:4C:15 telemetry=on","device_key":"ble-address:e0:72:a1:d5:4c:15","kind":"rx","seq":53,"session":"s2","stream":"chat","text":"show this help\n","timestamp":1789344043.3810008},{"data_b64":"W1NZU10gICAvaWQgICAgICAgICA=","description":"ble:LoRa-Chatter-72E0 E0:72:A1:D5:4C:15 telemetry=on","device_key":"ble-address:e0:72:a1:d5:4c:15","kind":"rx","seq":54,"session":"s2","stream":"chat","text":"[SYS]   /id         ","timestamp":1789344043.3812819},{"data_b64":"c2hvdyBub2RlIGlkZW50aXR5Cg==","description":"ble:LoRa-Chatter-72E0 E0:72:A1:D5:4C:15 telemetry=on","device_key":"ble-address:e0:72:a1:d5:4c:15","kind":"rx","seq":55,"session":"s2","stream":"chat","text":"show node identity\n","timestamp":1789344043.3813431},{"data_b64":"W1NZU10gICAvY2hhdCAgICAgICA=","description":"ble:LoRa-Chatter-72E0 E0:72:A1:D5:4C:15 telemetry=on","device_key":"ble-address:e0:72:a1:d5:4c:15","kind":"rx","seq":56,"session":"s2","stream":"chat","text":"[SYS]   /chat       ","timestamp":1789344043.384188},{"data_b64":"aHVtYW4gY29uc29sZSBDSEFUCg==","description":"ble:LoRa-Chatter-72E0 E0:72:A1:D5:4C:15 telemetry=on","device_key":"ble-address:e0:72:a1:d5:4c:15","kind":"rx","seq":57,"session":"s2","stream":"chat","text":"human console CHAT\n","timestamp":1789344043.385496},{"data_b64":"W1NZU10gICAvdGVsZSAgICAgICA=","description":"ble:LoRa-Chatter-72E0 E0:72:A1:D5:4C:15 telemetry=on","device_key":"ble-address:e0:72:a1:d5:4c:15","kind":"rx","seq":58,"session":"s2","stream":"chat","text":"[SYS]   /tele       ","timestamp":1789344043.385901},{"data_b64":"aHVtYW4gY29uc29sZSBURUxFTUU=","description":"ble:LoRa-Chatter-72E0 E0:72:A1:D5:4C:15 telemetry=on","device_key":"ble-address:e0:72:a1:d5:4c:15","kind":"rx","seq":59,"session":"s2","stream":"chat","text":"human console TELEME","timestamp":1789344043.3881872},{"data_b64":"VFJZCg==","description":"ble:LoRa-Chatter-72E0 E0:72:A1:D5:4C:15 telemetry=on","device_key":"ble-address:e0:72:a1:d5:4c:15","kind":"rx","seq":60,"session":"s2","stream":"chat","text":"TRY\n","timestamp":1789344043.3882725},{"data_b64":"W1NZU10gICAvYm90aCAgICAgICA=","description":"ble:LoRa-Chatter-72E0 E0:72:A1:D5:4C:15 telemetry=on","device_key":"ble-address:e0:72:a1:d5:4c:15","kind":"rx","seq":61,"session":"s2","stream":"chat","text":"[SYS]   /both       ","timestamp":1789344043.3886747},{"data_b64":"aHVtYW4gY29uc29sZSBCT1RICg==","description":"ble:LoRa-Chatter-72E0 E0:72:A1:D5:4C:15 telemetry=on","device_key":"ble-address:e0:72:a1:d5:4c:15","kind":"rx","seq":62,"session":"s2","stream":"chat","text":"human console BOTH\n","timestamp":1789344043.3895488},{"data_b64":"W1NZU10gICAvZWNobyAgICAgICA=","description":"ble:LoRa-Chatter-72E0 E0:72:A1:D5:4C:15 telemetry=on","device_key":"ble-address:e0:72:a1:d5:4c:15","kind":"rx","seq":63,"session":"s2","stream":"chat","text":"[SYS]   /echo       ","timestamp":1789344043.3903816},{"data_b64":"dG9nZ2xlIGVjaG8gbW9kZQo=","description":"ble:LoRa-Chatter-72E0 E0:72:A1:D5:4C:15 telemetry=on","device_key":"ble-address:e0:72:a1:d5:4c:15","kind":"rx","seq":64,"session":"s2","stream":"chat","text":"toggle echo mode\n","timestamp":1789344043.3920684},{"data_b64":"W1NZU10gICAvY2FuY2VsICAgICA=","description":"ble:LoRa-Chatter-72E0 E0:72:A1:D5:4C:15 telemetry=on","device_key":"ble-address:e0:72:a1:d5:4c:15","kind":"rx","seq":65,"session":"s2","stream":"chat","text":"[SYS]   /cancel     ","timestamp":1789344043.3926184},{"data_b64":"c3RvcCBjdXJyZW50IFVTRVIgZGU=","description":"ble:LoRa-Chatter-72E0 E0:72:A1:D5:4C:15 telemetry=on","device_key":"ble-address:e0:72:a1:d5:4c:15","kind":"rx","seq":66,"session":"s2","stream":"chat","text":"stop current USER de","timestamp":1789344043.3926682},{"data_b64":"W1NZU10gICAvaGVscCAgICAgICA=","description":"ble:LoRa-Chatter-1B44 44:1B:F6:8D:B7:A9 telemetry=on","device_key":"ble-address:44:1b:f6:8d:b7:a9","kind":"rx","seq":56,"session":"s1","stream":"chat","text":"[SYS]   /help       ","timestamp":1789344043.4163878},{"data_b64":"c2hvdyB0aGlzIGhlbHAK","description":"ble:LoRa-Chatter-1B44 44:1B:F6:8D:B7:A9 telemetry=on","device_key":"ble-address:44:1b:f6:8d:b7:a9","kind":"rx","seq":57,"session":"s1","stream":"chat","text":"show this help\n","timestamp":1789344043.416483},{"data_b64":"W1NZU10gICAvaWQgICAgICAgICA=","description":"ble:LoRa-Chatter-1B44 44:1B:F6:8D:B7:A9 telemetry=on","device_key":"ble-address:44:1b:f6:8d:b7:a9","kind":"rx","seq":58,"session":"s1","stream":"chat","text":"[SYS]   /id         ","timestamp":1789344043.4170194},{"data_b64":"bGl2ZXJ5L3JldHJpZXMK","description":"ble:LoRa-Chatter-72E0 E0:72:A1:D5:4C:15 telemetry=on","device_key":"ble-address:e0:72:a1:d5:4c:15","kind":"rx","seq":67,"session":"s2","stream":"chat","text":"livery/retries\n","timestamp":1789344043.4205976},{"data_b64":"W1NZU10gICAvY2FuY2VsIGFsbCA=","description":"ble:LoRa-Chatter-72E0 E0:72:A1:D5:4C:15 telemetry=on","device_key":"ble-address:e0:72:a1:d5:4c:15","kind":"rx","seq":68,"session":"s2","stream":"chat","text":"[SYS]   /cancel all ","timestamp":1789344043.4215505},{"data_b64":"c3RvcCBjdXJyZW50IFVTRVIgYW4=","description":"ble:LoRa-Chatter-72E0 E0:72:A1:D5:4C:15 telemetry=on","device_key":"ble-address:e0:72:a1:d5:4c:15","kind":"rx","seq":69,"session":"s2","stream":"chat","text":"stop current USER an","timestamp":1789344043.4216576},{"data_b64":"ZCBkaXNjYXJkIHF1ZXVlZCBVU0U=","description":"ble:LoRa-Chatter-72E0 E0:72:A1:D5:4C:15 telemetry=on","device_key":"ble-address:e0:72:a1:d5:4c:15","kind":"rx","seq":70,"session":"s2","stream":"chat","text":"d discard queued USE","timestamp":1789344043.4256918},{"data_b64":"UnMK","description":"ble:LoRa-Chatter-72E0 E0:72:A1:D5:4C:15 telemetry=on","device_key":"ble-address:e0:72:a1:d5:4c:15","kind":"rx","seq":71,"session":"s2","stream":"chat","text":"Rs\n","timestamp":1789344043.426869},{"data_b64":"W1NZU10gICAvcmVib290ICAgICA=","description":"ble:LoRa-Chatter-72E0 E0:72:A1:D5:4C:15 telemetry=on","device_key":"ble-address:e0:72:a1:d5:4c:15","kind":"rx","seq":72,"session":"s2","stream":"chat","text":"[SYS]   /reboot     ","timestamp":1789344043.427342},{"data_b64":"cmVib290IEVTUDMyIGNvbnRyb2w=","description":"ble:LoRa-Chatter-72E0 E0:72:A1:D5:4C:15 telemetry=on","device_key":"ble-address:e0:72:a1:d5:4c:15","kind":"rx","seq":73,"session":"s2","stream":"chat","text":"reboot ESP32 control","timestamp":1789344043.4274113},{"data_b64":"bGVyCg==","description":"ble:LoRa-Chatter-72E0 E0:72:A1:D5:4C:15 telemetry=on","device_key":"ble-address:e0:72:a1:d5:4c:15","kind":"rx","seq":74,"session":"s2","stream":"chat","text":"ler\n","timestamp":1789344043.4285338},{"data_b64":"W1NZU10gUkFXIENPTlRST0xTICg=","description":"ble:LoRa-Chatter-72E0 E0:72:A1:D5:4C:15 telemetry=on","device_key":"ble-address:e0:72:a1:d5:4c:15","kind":"rx","seq":75,"session":"s2","stream":"chat","text":"[SYS] RAW CONTROLS (","timestamp":1789344043.4289083},{"data_b64":"c2hvdyBub2RlIGlkZW50aXR5Cg==","description":"ble:LoRa-Chatter-1B44 44:1B:F6:8D:B7:A9 telemetry=on","device_key":"ble-address:44:1b:f6:8d:b7:a9","kind":"rx","seq":59,"session":"s1","stream":"chat","text":"show node identity\n","timestamp":1789344043.4615026},{"data_b64":"W1NZU10gICAvY2hhdCAgICAgICA=","description":"ble:LoRa-Chatter-1B44 44:1B:F6:8D:B7:A9 telemetry=on","device_key":"ble-address:44:1b:f6:8d:b7:a9","kind":"rx","seq":60,"session":"s1","stream":"chat","text":"[SYS]   /chat       ","timestamp":1789344043.4623897},{"data_b64":"aHVtYW4gY29uc29sZSBDSEFUCg==","description":"ble:LoRa-Chatter-1B44 44:1B:F6:8D:B7:A9 telemetry=on","device_key":"ble-address:44:1b:f6:8d:b7:a9","kind":"rx","seq":61,"session":"s1","stream":"chat","text":"human console CHAT\n","timestamp":1789344043.4624655},{"data_b64":"SEVYKToK","description":"ble:LoRa-Chatter-72E0 E0:72:A1:D5:4C:15 telemetry=on","device_key":"ble-address:e0:72:a1:d5:4c:15","kind":"rx","seq":76,"session":"s2","stream":"chat","text":"HEX):\n","timestamp":1789344043.4654152},{"data_b64":"W1NZU10gICAxNCAzMT1DSEFUICA=","description":"ble:LoRa-Chatter-72E0 E0:72:A1:D5:4C:15 telemetry=on","device_key":"ble-address:e0:72:a1:d5:4c:15","kind":"rx","seq":77,"session":"s2","stream":"chat","text":"[SYS]   14 31=CHAT  ","timestamp":1789344043.4657795},{"data_b64":"MTQgMzI9VEVMRU1FVFJZICAxNCA=","description":"ble:LoRa-Chatter-72E0 E0:72:A1:D5:4C:15 telemetry=on","device_key":"ble-address:e0:72:a1:d5:4c:15","kind":"rx","seq":78,"session":"s2","stream":"chat","text":"14 32=TELEMETRY  14 ","timestamp":1789344043.4664633},{"data_b64":"MzM9Qk9USCAgMTQgNjU9RUNITyA=","description":"ble:LoRa-Chatter-72E0 E0:72:A1:D5:4C:15 telemetry=on","device_key":"ble-address:e0:72:a1:d5:4c:15","kind":"rx","seq":79,"session":"s2","stream":"chat","text":"33=BOTH  14 65=ECHO ","timestamp":1789344043.4670236},{"data_b64":"dG9nZ2xlCg==","description":"ble:LoRa-Chatter-72E0 E0:72:A1:D5:4C:15 telemetry=on","device_key":"ble-address:e0:72:a1:d5:4c:15","kind":"rx","seq":80,"session":"s2","stream":"chat","text":"toggle\n","timestamp":1789344043.4674919},{"data_b64":"W1NZU10gQU5EUk9JRCBCTEUgVEU=","description":"ble:LoRa-Chatter-72E0 E0:72:A1:D5:4C:15 telemetry=on","device_key":"ble-address:e0:72:a1:d5:4c:15","kind":"rx","seq":81,"session":"s2","stream":"chat","text":"[SYS] ANDROID BLE TE","timestamp":1789344043.4683704},{"data_b64":"Uk1JTkFMIE1BQ1JPUzoK","description":"ble:LoRa-Chatter-72E0 E0:72:A1:D5:4C:15 telemetry=on","device_key":"ble-address:e0:72:a1:d5:4c:15","kind":"rx","seq":82,"session":"s2","stream":"chat","text":"RMINAL MACROS:\n","timestamp":1789344043.4687836},{"data_b64":"W1NZU10gICBIRVggbWFjcm8sIG4=","description":"ble:LoRa-Chatter-72E0 E0:72:A1:D5:4C:15 telemetry=on","device_key":"ble-address:e0:72:a1:d5:4c:15","kind":"rx","seq":83,"session":"s2","stream":"chat","text":"[SYS]   HEX macro, n","timestamp":1789344043.4719927},{"data_b64":"byBFT0w6IDE0IDMxIC8gMTQgMzI=","description":"ble:LoRa-Chatter-72E0 E0:72:A1:D5:4C:15 telemetry=on","device_key":"ble-address:e0:72:a1:d5:4c:15","kind":"rx","seq":84,"session":"s2","stream":"chat","text":"o EOL: 14 31 / 14 32","timestamp":1789344043.472779},{"data_b64":"IC8gMTQgMzMgLyAxNCA2NQo=","description":"ble:LoRa-Chatter-72E0 E0:72:A1:D5:4C:15 telemetry=on","device_key":"ble-address:e0:72:a1:d5:4c:15","kind":"rx","seq":85,"session":"s2","stream":"chat","text":" / 14 33 / 14 65\n","timestamp":1789344043.4728553},{"data_b64":"W1NZU10gICBvciBURVhUIG1hY3I=","description":"ble:LoRa-Chatter-72E0 E0:72:A1:D5:4C:15 telemetry=on","device_key":"ble-address:e0:72:a1:d5:4c:15","kind":"rx","seq":86,"session":"s2","stream":"chat","text":"[SYS]   or TEXT macr","timestamp":1789344043.473967},{"data_b64":"byArIExGOiAvaGVscCAvaWQgL2M=","description":"ble:LoRa-Chatter-72E0 E0:72:A1:D5:4C:15 telemetry=on","device_key":"ble-address:e0:72:a1:d5:4c:15","kind":"rx","seq":87,"session":"s2","stream":"chat","text":"o + LF: /help /id /c","timestamp":1789344043.4751062},{"data_b64":"aGF0IC90ZWxlIC9ib3RoIC9lY2g=","description":"ble:LoRa-Chatter-72E0 E0:72:A1:D5:4C:15 telemetry=on","device_key":"ble-address:e0:72:a1:d5:4c:15","kind":"rx","seq":88,"session":"s2","stream":"chat","text":"hat /tele /both /ech","timestamp":1789344043.4755986},{"data_b64":"byAvY2FuY2VsIC9jYW5jZWwgYWw=","description":"ble:LoRa-Chatter-72E0 E0:72:A1:D5:4C:15 telemetry=on","device_key":"ble-address:e0:72:a1:d5:4c:15","kind":"rx","seq":89,"session":"s2","stream":"chat","text":"o /cancel /cancel al","timestamp":1789344043.4762416},{"data_b64":"bCAvcmVib290Cg==","description":"ble:LoRa-Chatter-72E0 E0:72:A1:D5:4C:15 telemetry=on","device_key":"ble-address:e0:72:a1:d5:4c:15","kind":"rx","seq":90,"session":"s2","stream":"chat","text":"l /reboot\n","timestamp":1789344043.4770472},{"data_b64":"W1NZU10gICBOb3JkaWMgVUFSVCA=","description":"ble:LoRa-Chatter-72E0 E0:72:A1:D5:4C:15 telemetry=on","device_key":"ble-address:e0:72:a1:d5:4c:15","kind":"rx","seq":91,"session":"s2","stream":"chat","text":"[SYS]   Nordic UART ","timestamp":1789344043.4776027},{"data_b64":"aHVtYW4gY29uc29sZT0wMDAzOyA=","description":"ble:LoRa-Chatter-72E0 E0:72:A1:D5:4C:15 telemetry=on","device_key":"ble-address:e0:72:a1:d5:4c:15","kind":"rx","seq":92,"session":"s2","stream":"chat","text":"human console=0003; ","timestamp":1789344043.4787183},{"data_b64":"bWFjaGluZSB0ZWxlbWV0cnk9MDA=","description":"ble:LoRa-Chatter-72E0 E0:72:A1:D5:4C:15 telemetry=on","device_key":"ble-address:e0:72:a1:d5:4c:15","kind":"rx","seq":93,"session":"s2","stream":"chat","text":"machine telemetry=00","timestamp":1789344043.4798357},{"data_b64":"MDQgb3B0aW9uYWwK","description":"ble:LoRa-Chatter-72E0 E0:72:A1:D5:4C:15 telemetry=on","device_key":"ble-address:e0:72:a1:d5:4c:15","kind":"rx","seq":94,"session":"s2","stream":"chat","text":"04 optional\n","timestamp":1789344043.4806218},{"data_b64":"W1NZU10gQkxFIENMSUVOVDogbWE=","description":"ble:LoRa-Chatter-72E0 E0:72:A1:D5:4C:15 telemetry=on","device_key":"ble-address:e0:72:a1:d5:4c:15","kind":"rx","seq":95,"session":"s2","stream":"chat","text":"[SYS] BLE CLIENT: ma","timestamp":1789344043.4817264},{"data_b64":"W1NZU10gICAvdGVsZSAgICAgICA=","description":"ble:LoRa-Chatter-1B44 44:1B:F6:8D:B7:A9 telemetry=on","device_key":"ble-address:44:1b:f6:8d:b7:a9","kind":"rx","seq":62,"session":"s1","stream":"chat","text":"[SYS]   /tele       ","timestamp":1789344043.5101871},{"data_b64":"aHVtYW4gY29uc29sZSBURUxFTUU=","description":"ble:LoRa-Chatter-1B44 44:1B:F6:8D:B7:A9 telemetry=on","device_key":"ble-address:44:1b:f6:8d:b7:a9","kind":"rx","seq":63,"session":"s1","stream":"chat","text":"human console TELEME","timestamp":1789344043.5120234},{"data_b64":"VFJZCg==","description":"ble:LoRa-Chatter-1B44 44:1B:F6:8D:B7:A9 telemetry=on","device_key":"ble-address:44:1b:f6:8d:b7:a9","kind":"rx","seq":64,"session":"s1","stream":"chat","text":"TRY\n","timestamp":1789344043.5122483},{"data_b64":"Y2hpbmUgdGVsZW1ldHJ5IDAwMDQ=","description":"ble:LoRa-Chatter-72E0 E0:72:A1:D5:4C:15 telemetry=on","device_key":"ble-address:e0:72:a1:d5:4c:15","kind":"rx","seq":96,"session":"s2","stream":"chat","text":"chine telemetry 0004","timestamp":1789344043.5154204},{"data_b64":"W1NZU10gICAvYm90aCAgICAgICA=","description":"ble:LoRa-Chatter-1B44 44:1B:F6:8D:B7:A9 telemetry=on","device_key":"ble-address:44:1b:f6:8d:b7:a9","kind":"rx","seq":65,"session":"s1","stream":"chat","text":"[SYS]   /both       ","timestamp":1789344043.5166318},{"data_b64":"IHN1YnNjcmliZWQgaW4gYmFja2c=","description":"ble:LoRa-Chatter-72E0 E0:72:A1:D5:4C:15 telemetry=on","device_key":"ble-address:e0:72:a1:d5:4c:15","kind":"rx","seq":97,"session":"s2","stream":"chat","text":" subscribed in backg","timestamp":1789344043.5182416},{"data_b64":"cm91bmQK","description":"ble:LoRa-Chatter-72E0 E0:72:A1:D5:4C:15 telemetry=on","device_key":"ble-address:e0:72:a1:d5:4c:15","kind":"rx","seq":98,"session":"s2","stream":"chat","text":"round\n","timestamp":1789344043.5183532},{"data_b64":"Ck9VVFBVVCBNT0RFIHNvdXJjZT0=","description":"ble:LoRa-Chatter-72E0 E0:72:A1:D5:4C:15 telemetry=on","device_key":"ble-address:e0:72:a1:d5:4c:15","kind":"rx","seq":99,"session":"s2","stream":"chat","text":"\nOUTPUT MODE source=","timestamp":1789344043.520509},{"data_b64":"MiBzdGF0ZT1CT1RICg==","description":"ble:LoRa-Chatter-72E0 E0:72:A1:D5:4C:15 telemetry=on","device_key":"ble-address:e0:72:a1:d5:4c:15","kind":"rx","seq":100,"session":"s2","stream":"chat","text":"2 state=BOTH\n","timestamp":1789344043.5208948},{"data_b64":"Ck9VVFBVVCBNT0RFIHNvdXJjZT0=","description":"ble:LoRa-Chatter-72E0 E0:72:A1:D5:4C:15 telemetry=on","device_key":"ble-address:e0:72:a1:d5:4c:15","kind":"rx","seq":101,"session":"s2","stream":"telemetry","text":"\nOUTPUT MODE source=","timestamp":1789344043.5212948},{"data_b64":"MiBzdGF0ZT1CT1RICg==","description":"ble:LoRa-Chatter-72E0 E0:72:A1:D5:4C:15 telemetry=on","device_key":"ble-address:e0:72:a1:d5:4c:15","kind":"rx","seq":102,"session":"s2","stream":"telemetry","text":"2 state=BOTH\n","timestamp":1789344043.5213697},{"data_b64":"W1NZU10gT1VUUFVUIEJPVEgK","description":"ble:LoRa-Chatter-72E0 E0:72:A1:D5:4C:15 telemetry=on","device_key":"ble-address:e0:72:a1:d5:4c:15","kind":"rx","seq":103,"session":"s2","stream":"chat","text":"[SYS] OUTPUT BOTH\n","timestamp":1789344043.5214236},{"data_b64":"aHVtYW4gY29uc29sZSBCT1RICg==","description":"ble:LoRa-Chatter-1B44 44:1B:F6:8D:B7:A9 telemetry=on","device_key":"ble-address:44:1b:f6:8d:b7:a9","kind":"rx","seq":66,"session":"s1","stream":"chat","text":"human console BOTH\n","timestamp":1789344043.551303},{"data_b64":"W1NZU10gICAvZWNobyAgICAgICA=","description":"ble:LoRa-Chatter-1B44 44:1B:F6:8D:B7:A9 telemetry=on","device_key":"ble-address:44:1b:f6:8d:b7:a9","kind":"rx","seq":67,"session":"s1","stream":"chat","text":"[SYS]   /echo       ","timestamp":1789344043.5517502},{"data_b64":"dG9nZ2xlIGVjaG8gbW9kZQo=","description":"ble:LoRa-Chatter-1B44 44:1B:F6:8D:B7:A9 telemetry=on","device_key":"ble-address:44:1b:f6:8d:b7:a9","kind":"rx","seq":68,"session":"s1","stream":"chat","text":"toggle echo mode\n","timestamp":1789344043.5520346},{"data_b64":"W1NZU10gICAvY2FuY2VsICAgICA=","description":"ble:LoRa-Chatter-1B44 44:1B:F6:8D:B7:A9 telemetry=on","device_key":"ble-address:44:1b:f6:8d:b7:a9","kind":"rx","seq":69,"session":"s1","stream":"chat","text":"[SYS]   /cancel     ","timestamp":1789344043.5969205},{"data_b64":"c3RvcCBjdXJyZW50IFVTRVIgZGU=","description":"ble:LoRa-Chatter-1B44 44:1B:F6:8D:B7:A9 telemetry=on","device_key":"ble-address:44:1b:f6:8d:b7:a9","kind":"rx","seq":70,"session":"s1","stream":"chat","text":"stop current USER de","timestamp":1789344043.5989428},{"data_b64":"bGl2ZXJ5L3JldHJpZXMK","description":"ble:LoRa-Chatter-1B44 44:1B:F6:8D:B7:A9 telemetry=on","device_key":"ble-address:44:1b:f6:8d:b7:a9","kind":"rx","seq":71,"session":"s1","stream":"chat","text":"livery/retries\n","timestamp":1789344043.5990682},{"data_b64":"W1NZU10gICAvY2FuY2VsIGFsbCA=","description":"ble:LoRa-Chatter-1B44 44:1B:F6:8D:B7:A9 telemetry=on","device_key":"ble-address:44:1b:f6:8d:b7:a9","kind":"rx","seq":72,"session":"s1","stream":"chat","text":"[SYS]   /cancel all ","timestamp":1789344043.644118},{"data_b64":"c3RvcCBjdXJyZW50IFVTRVIgYW4=","description":"ble:LoRa-Chatter-1B44 44:1B:F6:8D:B7:A9 telemetry=on","device_key":"ble-address:44:1b:f6:8d:b7:a9","kind":"rx","seq":73,"session":"s1","stream":"chat","text":"stop current USER an","timestamp":1789344043.6448817},{"data_b64":"ZCBkaXNjYXJkIHF1ZXVlZCBVU0U=","description":"ble:LoRa-Chatter-1B44 44:1B:F6:8D:B7:A9 telemetry=on","device_key":"ble-address:44:1b:f6:8d:b7:a9","kind":"rx","seq":74,"session":"s1","stream":"chat","text":"d discard queued USE","timestamp":1789344043.6449597},{"data_b64":"UnMK","description":"ble:LoRa-Chatter-1B44 44:1B:F6:8D:B7:A9 telemetry=on","device_key":"ble-address:44:1b:f6:8d:b7:a9","kind":"rx","seq":75,"session":"s1","stream":"chat","text":"Rs\n","timestamp":1789344043.6861632},{"data_b64":"W1NZU10gICAvcmVib290ICAgICA=","description":"ble:LoRa-Chatter-1B44 44:1B:F6:8D:B7:A9 telemetry=on","device_key":"ble-address:44:1b:f6:8d:b7:a9","kind":"rx","seq":76,"session":"s1","stream":"chat","text":"[SYS]   /reboot     ","timestamp":1789344043.6884098},{"data_b64":"cmVib290IEVTUDMyIGNvbnRyb2w=","description":"ble:LoRa-Chatter-1B44 44:1B:F6:8D:B7:A9 telemetry=on","device_key":"ble-address:44:1b:f6:8d:b7:a9","kind":"rx","seq":77,"session":"s1","stream":"chat","text":"reboot ESP32 control","timestamp":1789344043.6885598},{"data_b64":"bGVyCg==","description":"ble:LoRa-Chatter-1B44 44:1B:F6:8D:B7:A9 telemetry=on","device_key":"ble-address:44:1b:f6:8d:b7:a9","kind":"rx","seq":78,"session":"s1","stream":"chat","text":"ler\n","timestamp":1789344043.6929536},{"data_b64":"W1NZU10gUkFXIENPTlRST0xTICg=","description":"ble:LoRa-Chatter-1B44 44:1B:F6:8D:B7:A9 telemetry=on","device_key":"ble-address:44:1b:f6:8d:b7:a9","kind":"rx","seq":79,"session":"s1","stream":"chat","text":"[SYS] RAW CONTROLS (","timestamp":1789344043.731254},{"data_b64":"SEVYKToK","description":"ble:LoRa-Chatter-1B44 44:1B:F6:8D:B7:A9 telemetry=on","device_key":"ble-address:44:1b:f6:8d:b7:a9","kind":"rx","seq":80,"session":"s1","stream":"chat","text":"HEX):\n","timestamp":1789344043.7317896},{"data_b64":"W1NZU10gICAxNCAzMT1DSEFUICA=","description":"ble:LoRa-Chatter-1B44 44:1B:F6:8D:B7:A9 telemetry=on","device_key":"ble-address:44:1b:f6:8d:b7:a9","kind":"rx","seq":81,"session":"s1","stream":"chat","text":"[SYS]   14 31=CHAT  ","timestamp":1789344043.7325056},{"data_b64":"MTQgMzI9VEVMRU1FVFJZICAxNCA=","description":"ble:LoRa-Chatter-1B44 44:1B:F6:8D:B7:A9 telemetry=on","device_key":"ble-address:44:1b:f6:8d:b7:a9","kind":"rx","seq":82,"session":"s1","stream":"chat","text":"14 32=TELEMETRY  14 ","timestamp":1789344043.7336946},{"data_b64":"MzM9Qk9USCAgMTQgNjU9RUNITyA=","description":"ble:LoRa-Chatter-1B44 44:1B:F6:8D:B7:A9 telemetry=on","device_key":"ble-address:44:1b:f6:8d:b7:a9","kind":"rx","seq":83,"session":"s1","stream":"chat","text":"33=BOTH  14 65=ECHO ","timestamp":1789344043.778921},{"data_b64":"dG9nZ2xlCg==","description":"ble:LoRa-Chatter-1B44 44:1B:F6:8D:B7:A9 telemetry=on","device_key":"ble-address:44:1b:f6:8d:b7:a9","kind":"rx","seq":84,"session":"s1","stream":"chat","text":"toggle\n","timestamp":1789344043.7790203},{"data_b64":"aHVtYW4gY29uc29sZT0wMDAzOyA=","description":"ble:LoRa-Chatter-1B44 44:1B:F6:8D:B7:A9 telemetry=on","device_key":"ble-address:44:1b:f6:8d:b7:a9","kind":"rx","seq":85,"session":"s1","stream":"chat","text":"human console=0003; ","timestamp":1789344043.7798617},{"data_b64":"bWFjaGluZSB0ZWxlbWV0cnk9MDA=","description":"ble:LoRa-Chatter-1B44 44:1B:F6:8D:B7:A9 telemetry=on","device_key":"ble-address:44:1b:f6:8d:b7:a9","kind":"rx","seq":86,"session":"s1","stream":"chat","text":"machine telemetry=00","timestamp":1789344043.8214564},{"data_b64":"MDQgb3B0aW9uYWwK","description":"ble:LoRa-Chatter-1B44 44:1B:F6:8D:B7:A9 telemetry=on","device_key":"ble-address:44:1b:f6:8d:b7:a9","kind":"rx","seq":87,"session":"s1","stream":"chat","text":"04 optional\n","timestamp":1789344043.8215582},{"data_b64":"W1NZU10gQkxFIENMSUVOVDogbWE=","description":"ble:LoRa-Chatter-1B44 44:1B:F6:8D:B7:A9 telemetry=on","device_key":"ble-address:44:1b:f6:8d:b7:a9","kind":"rx","seq":88,"session":"s1","stream":"chat","text":"[SYS] BLE CLIENT: ma","timestamp":1789344043.8220847},{"data_b64":"Y2hpbmUgdGVsZW1ldHJ5IDAwMDQ=","description":"ble:LoRa-Chatter-1B44 44:1B:F6:8D:B7:A9 telemetry=on","device_key":"ble-address:44:1b:f6:8d:b7:a9","kind":"rx","seq":89,"session":"s1","stream":"chat","text":"chine telemetry 0004","timestamp":1789344043.865865},{"data_b64":"IHN1YnNjcmliZWQgaW4gYmFja2c=","description":"ble:LoRa-Chatter-1B44 44:1B:F6:8D:B7:A9 telemetry=on","device_key":"ble-address:44:1b:f6:8d:b7:a9","kind":"rx","seq":90,"session":"s1","stream":"chat","text":" subscribed in backg","timestamp":1789344043.8661764},{"data_b64":"cm91bmQK","description":"ble:LoRa-Chatter-1B44 44:1B:F6:8D:B7:A9 telemetry=on","device_key":"ble-address:44:1b:f6:8d:b7:a9","kind":"rx","seq":91,"session":"s1","stream":"chat","text":"round\n","timestamp":1789344043.8670588},{"data_b64":"Ck9VVFBVVCBNT0RFIHNvdXJjZT0=","description":"ble:LoRa-Chatter-1B44 44:1B:F6:8D:B7:A9 telemetry=on","device_key":"ble-address:44:1b:f6:8d:b7:a9","kind":"rx","seq":92,"session":"s1","stream":"chat","text":"\nOUTPUT MODE source=","timestamp":1789344043.8676028},{"data_b64":"MiBzdGF0ZT1CT1RICg==","description":"ble:LoRa-Chatter-1B44 44:1B:F6:8D:B7:A9 telemetry=on","device_key":"ble-address:44:1b:f6:8d:b7:a9","kind":"rx","seq":93,"session":"s1","stream":"chat","text":"2 state=BOTH\n","timestamp":1789344043.9134583},{"data_b64":"Ck9VVFBVVCBNT0RFIHNvdXJjZT0=","description":"ble:LoRa-Chatter-1B44 44:1B:F6:8D:B7:A9 telemetry=on","device_key":"ble-address:44:1b:f6:8d:b7:a9","kind":"rx","seq":94,"session":"s1","stream":"telemetry","text":"\nOUTPUT MODE source=","timestamp":1789344043.9139996},{"data_b64":"MiBzdGF0ZT1CT1RICg==","description":"ble:LoRa-Chatter-1B44 44:1B:F6:8D:B7:A9 telemetry=on","device_key":"ble-address:44:1b:f6:8d:b7:a9","kind":"rx","seq":95,"session":"s1","stream":"telemetry","text":"2 state=BOTH\n","timestamp":1789344043.915047},{"data_b64":"W1NZU10gT1VUUFVUIEJPVEgK","description":"ble:LoRa-Chatter-1B44 44:1B:F6:8D:B7:A9 telemetry=on","device_key":"ble-address:44:1b:f6:8d:b7:a9","kind":"rx","seq":96,"session":"s1","stream":"chat","text":"[SYS] OUTPUT BOTH\n","timestamp":1789344043.955667},{"data_b64":"ClNFU1NJT04gdD0xNzQwcyBUWCA=","description":"ble:LoRa-Chatter-72E0 E0:72:A1:D5:4C:15 telemetry=on","device_key":"ble-address:e0:72:a1:d5:4c:15","kind":"rx","seq":104,"session":"s2","stream":"chat","text":"\nSESSION t=1740s TX ","timestamp":1789344048.5966375},{"data_b64":"b2s9MyB1c2VyPTAgZWNob19yZXE=","description":"ble:LoRa-Chatter-72E0 E0:72:A1:D5:4C:15 telemetry=on","device_key":"ble-address:e0:72:a1:d5:4c:15","kind":"rx","seq":105,"session":"s2","stream":"chat","text":"ok=3 user=0 echo_req","timestamp":1789344048.5970068},{"data_b64":"PTAgZWNob19yZXA9MCBoYj0wKGk=","description":"ble:LoRa-Chatter-72E0 E0:72:A1:D5:4C:15 telemetry=on","device_key":"ble-address:e0:72:a1:d5:4c:15","kind":"rx","seq":106,"session":"s2","stream":"chat","text":"=0 echo_rep=0 hb=0(i","timestamp":1789344048.5970578},{"data_b64":"ZGxlPTApIGVycj0wIHN0YXJ0ZWQ=","description":"ble:LoRa-Chatter-72E0 E0:72:A1:D5:4C:15 telemetry=on","device_key":"ble-address:e0:72:a1:d5:4c:15","kind":"rx","seq":107,"session":"s2","stream":"chat","text":"dle=0) err=0 started","timestamp":1789344048.597096},{"data_b64":"PTMgUlggb2s9MyB1c2VyPTMgZWM=","description":"ble:LoRa-Chatter-72E0 E0:72:A1:D5:4C:15 telemetry=on","device_key":"ble-address:e0:72:a1:d5:4c:15","kind":"rx","seq":108,"session":"s2","stream":"chat","text":"=3 RX ok=3 user=3 ec","timestamp":1789344048.5978258},{"data_b64":"aG9fcmVxPTAgZWNob19yZXA9MCA=","description":"ble:LoRa-Chatter-72E0 E0:72:A1:D5:4C:15 telemetry=on","device_key":"ble-address:e0:72:a1:d5:4c:15","kind":"rx","seq":109,"session":"s2","stream":"chat","text":"ho_req=0 echo_rep=0 ","timestamp":1789344048.5978708},{"data_b64":"aGI9MCBjcmM9MCBoZHI9MCBiYWQ=","description":"ble:LoRa-Chatter-72E0 E0:72:A1:D5:4C:15 telemetry=on","device_key":"ble-address:e0:72:a1:d5:4c:15","kind":"rx","seq":110,"session":"s2","stream":"chat","text":"hb=0 crc=0 hdr=0 bad","timestamp":1789344048.5995126},{"data_b64":"PTAgcmVhZGVycj0wIHJlcG9ydHM=","description":"ble:LoRa-Chatter-72E0 E0:72:A1:D5:4C:15 telemetry=on","device_key":"ble-address:e0:72:a1:d5:4c:15","kind":"rx","seq":111,"session":"s2","stream":"chat","text":"=0 readerr=0 reports","timestamp":1789344048.6003144},{"data_b64":"PTMgUT0xMDAlIGRyb3BzPTAgZmE=","description":"ble:LoRa-Chatter-72E0 E0:72:A1:D5:4C:15 telemetry=on","device_key":"ble-address:e0:72:a1:d5:4c:15","kind":"rx","seq":112,"session":"s2","stream":"chat","text":"=3 Q=100% drops=0 fa","timestamp":1789344048.6004155},{"data_b64":"dGFsPTAK","description":"ble:LoRa-Chatter-72E0 E0:72:A1:D5:4C:15 telemetry=on","device_key":"ble-address:e0:72:a1:d5:4c:15","kind":"rx","seq":113,"session":"s2","stream":"chat","text":"tal=0\n","timestamp":1789344048.601275},{"data_b64":"ClNFU1NJT04gdD0xNzQwcyBUWCA=","description":"ble:LoRa-Chatter-72E0 E0:72:A1:D5:4C:15 telemetry=on","device_key":"ble-address:e0:72:a1:d5:4c:15","kind":"rx","seq":114,"session":"s2","stream":"telemetry","text":"\nSESSION t=1740s TX ","timestamp":1789344048.6021316},{"data_b64":"b2s9MyB1c2VyPTAgZWNob19yZXE=","description":"ble:LoRa-Chatter-72E0 E0:72:A1:D5:4C:15 telemetry=on","device_key":"ble-address:e0:72:a1:d5:4c:15","kind":"rx","seq":115,"session":"s2","stream":"telemetry","text":"ok=3 user=0 echo_req","timestamp":1789344048.6022022},{"data_b64":"PTAgZWNob19yZXA9MCBoYj0wKGk=","description":"ble:LoRa-Chatter-72E0 E0:72:A1:D5:4C:15 telemetry=on","device_key":"ble-address:e0:72:a1:d5:4c:15","kind":"rx","seq":116,"session":"s2","stream":"telemetry","text":"=0 echo_rep=0 hb=0(i","timestamp":1789344048.604089},{"data_b64":"ZGxlPTApIGVycj0wIHN0YXJ0ZWQ=","description":"ble:LoRa-Chatter-72E0 E0:72:A1:D5:4C:15 telemetry=on","device_key":"ble-address:e0:72:a1:d5:4c:15","kind":"rx","seq":117,"session":"s2","stream":"telemetry","text":"dle=0) err=0 started","timestamp":1789344048.6041598},{"data_b64":"PTMgUlggb2s9MyB1c2VyPTMgZWM=","description":"ble:LoRa-Chatter-72E0 E0:72:A1:D5:4C:15 telemetry=on","device_key":"ble-address:e0:72:a1:d5:4c:15","kind":"rx","seq":118,"session":"s2","stream":"telemetry","text":"=3 RX ok=3 user=3 ec","timestamp":1789344048.604197},{"data_b64":"aG9fcmVxPTAgZWNob19yZXA9MCA=","description":"ble:LoRa-Chatter-72E0 E0:72:A1:D5:4C:15 telemetry=on","device_key":"ble-address:e0:72:a1:d5:4c:15","kind":"rx","seq":119,"session":"s2","stream":"telemetry","text":"ho_req=0 echo_rep=0 ","timestamp":1789344048.6066911},{"data_b64":"aGI9MCBjcmM9MCBoZHI9MCBiYWQ=","description":"ble:LoRa-Chatter-72E0 E0:72:A1:D5:4C:15 telemetry=on","device_key":"ble-address:e0:72:a1:d5:4c:15","kind":"rx","seq":120,"session":"s2","stream":"telemetry","text":"hb=0 crc=0 hdr=0 bad","timestamp":1789344048.6083016},{"data_b64":"PTAgcmVhZGVycj0wIHJlcG9ydHM=","description":"ble:LoRa-Chatter-72E0 E0:72:A1:D5:4C:15 telemetry=on","device_key":"ble-address:e0:72:a1:d5:4c:15","kind":"rx","seq":121,"session":"s2","stream":"telemetry","text":"=0 readerr=0 reports","timestamp":1789344048.6084487},{"data_b64":"PTMgUT0xMDAlIGRyb3BzPTAgZmE=","description":"ble:LoRa-Chatter-72E0 E0:72:A1:D5:4C:15 telemetry=on","device_key":"ble-address:e0:72:a1:d5:4c:15","kind":"rx","seq":122,"session":"s2","stream":"telemetry","text":"=3 Q=100% drops=0 fa","timestamp":1789344048.6093004},{"data_b64":"dGFsPTAK","description":"ble:LoRa-Chatter-72E0 E0:72:A1:D5:4C:15 telemetry=on","device_key":"ble-address:e0:72:a1:d5:4c:15","kind":"rx","seq":123,"session":"s2","stream":"telemetry","text":"tal=0\n","timestamp":1789344048.6093605},{"data_b64":"U0VTU0lPTiBDT1VSVEVTWSB3aW4=","description":"ble:LoRa-Chatter-72E0 E0:72:A1:D5:4C:15 telemetry=on","device_key":"ble-address:e0:72:a1:d5:4c:15","kind":"rx","seq":124,"session":"s2","stream":"chat","text":"SESSION COURTESY win","timestamp":1789344048.610125},{"data_b64":"ZG93PTkxMjNtcyBwZWVyX3JlbGU=","description":"ble:LoRa-Chatter-72E0 E0:72:A1:D5:4C:15 telemetry=on","device_key":"ble-address:e0:72:a1:d5:4c:15","kind":"rx","seq":125,"session":"s2","stream":"chat","text":"dow=9123ms peer_rele","timestamp":1789344048.610214},{"data_b64":"YXNlPTAgZXhwaXJlZD0wIHlpZWw=","description":"ble:LoRa-Chatter-72E0 E0:72:A1:D5:4C:15 telemetry=on","device_key":"ble-address:e0:72:a1:d5:4c:15","kind":"rx","seq":126,"session":"s2","stream":"chat","text":"ase=0 expired=0 yiel","timestamp":1789344048.6435044},{"data_b64":"ZGluZz0wCg==","description":"ble:LoRa-Chatter-72E0 E0:72:A1:D5:4C:15 telemetry=on","device_key":"ble-address:e0:72:a1:d5:4c:15","kind":"rx","seq":127,"session":"s2","stream":"chat","text":"ding=0\n","timestamp":1789344048.6436462},{"data_b64":"U0VTU0lPTiBDT1VSVEVTWSB3aW4=","description":"ble:LoRa-Chatter-72E0 E0:72:A1:D5:4C:15 telemetry=on","device_key":"ble-address:e0:72:a1:d5:4c:15","kind":"rx","seq":128,"session":"s2","stream":"telemetry","text":"SESSION COURTESY win","timestamp":1789344048.6440494},{"data_b64":"ZG93PTkxMjNtcyBwZWVyX3JlbGU=","description":"ble:LoRa-Chatter-72E0 E0:72:A1:D5:4C:15 telemetry=on","device_key":"ble-address:e0:72:a1:d5:4c:15","kind":"rx","seq":129,"session":"s2","stream":"telemetry","text":"dow=9123ms peer_rele","timestamp":1789344048.6446514},{"data_b64":"YXNlPTAgZXhwaXJlZD0wIHlpZWw=","description":"ble:LoRa-Chatter-72E0 E0:72:A1:D5:4C:15 telemetry=on","device_key":"ble-address:e0:72:a1:d5:4c:15","kind":"rx","seq":130,"session":"s2","stream":"telemetry","text":"ase=0 expired=0 yiel","timestamp":1789344048.645123},{"data_b64":"ZGluZz0wCg==","description":"ble:LoRa-Chatter-72E0 E0:72:A1:D5:4C:15 telemetry=on","device_key":"ble-address:e0:72:a1:d5:4c:15","kind":"rx","seq":131,"session":"s2","stream":"telemetry","text":"ding=0\n","timestamp":1789344048.645188},{"data_b64":"U0VTU0lPTiBESU8wX1RYIGFmZmU=","description":"ble:LoRa-Chatter-72E0 E0:72:A1:D5:4C:15 telemetry=on","device_key":"ble-address:e0:72:a1:d5:4c:15","kind":"rx","seq":132,"session":"s2","stream":"chat","text":"SESSION DIO0_TX affe","timestamp":1789344048.6459467},{"data_b64":"Y3RlZD0wLzMgZXBpc29kZXM9MCA=","description":"ble:LoRa-Chatter-72E0 E0:72:A1:D5:4C:15 telemetry=on","device_key":"ble-address:e0:72:a1:d5:4c:15","kind":"rx","seq":133,"session":"s2","stream":"chat","text":"cted=0/3 episodes=0 ","timestamp":1789344048.6459842},{"data_b64":"YXZnX2FsbD0wLjAwIGF2Z19hZmY=","description":"ble:LoRa-Chatter-72E0 E0:72:A1:D5:4C:15 telemetry=on","device_key":"ble-address:e0:72:a1:d5:4c:15","kind":"rx","seq":134,"session":"s2","stream":"chat","text":"avg_all=0.00 avg_aff","timestamp":1789344048.6460128},{"data_b64":"ZWN0ZWQ9MC4wMCBoaWdoX3BvbGw=","description":"ble:LoRa-Chatter-72E0 E0:72:A1:D5:4C:15 telemetry=on","device_key":"ble-address:e0:72:a1:d5:4c:15","kind":"rx","seq":135,"session":"s2","stream":"chat","text":"ected=0.00 high_poll","timestamp":1789344048.6466064},{"data_b64":"cz0wCg==","description":"ble:LoRa-Chatter-72E0 E0:72:A1:D5:4C:15 telemetry=on","device_key":"ble-address:e0:72:a1:d5:4c:15","kind":"rx","seq":136,"session":"s2","stream":"chat","text":"s=0\n","timestamp":1789344048.646642},{"data_b64":"cz0wCg==","description":"ble:LoRa-Chatter-72E0 E0:72:A1:D5:4C:15 telemetry=on","device_key":"ble-address:e0:72:a1:d5:4c:15","kind":"rx","seq":137,"session":"s2","stream":"telemetry","text":"s=0\n","timestamp":1789344048.647506},{"data_b64":"U0VTU0lPTiBSWF9QT0xMIHBvbGw=","description":"ble:LoRa-Chatter-72E0 E0:72:A1:D5:4C:15 telemetry=on","device_key":"ble-address:e0:72:a1:d5:4c:15","kind":"rx","seq":138,"session":"s2","stream":"chat","text":"SESSION RX_POLL poll","timestamp":1789344048.6475525},{"data_b64":"cz0xNzMwMDkzIHJ4ZG9uZT0zIGk=","description":"ble:LoRa-Chatter-72E0 E0:72:A1:D5:4C:15 telemetry=on","device_key":"ble-address:e0:72:a1:d5:4c:15","kind":"rx","seq":139,"session":"s2","stream":"chat","text":"s=1730093 rxdone=3 i","timestamp":1789344048.6504028},{"data_b64":"bnRlcnZhbD0xMDAwdXMgRElPMF8=","description":"ble:LoRa-Chatter-72E0 E0:72:A1:D5:4C:15 telemetry=on","device_key":"ble-address:e0:72:a1:d5:4c:15","kind":"rx","seq":140,"session":"s2","stream":"chat","text":"nterval=1000us DIO0_","timestamp":1789344048.6509438},{"data_b64":"UlggZmFsc2VfaGlnaF9lcD0wIGg=","description":"ble:LoRa-Chatter-72E0 E0:72:A1:D5:4C:15 telemetry=on","device_key":"ble-address:e0:72:a1:d5:4c:15","kind":"rx","seq":141,"session":"s2","stream":"chat","text":"RX false_high_ep=0 h","timestamp":1789344048.6510057},{"data_b64":"aWdoX3BvbGxzPTAgcnhkb25lX2w=","description":"ble:LoRa-Chatter-72E0 E0:72:A1:D5:4C:15 telemetry=on","device_key":"ble-address:e0:72:a1:d5:4c:15","kind":"rx","seq":142,"session":"s2","stream":"chat","text":"igh_polls=0 rxdone_l","timestamp":1789344048.6513128},{"data_b64":"b3c9MCBpc3I9ZGlzYWJsZWQK","description":"ble:LoRa-Chatter-72E0 E0:72:A1:D5:4C:15 telemetry=on","device_key":"ble-address:e0:72:a1:d5:4c:15","kind":"rx","seq":143,"session":"s2","stream":"chat","text":"ow=0 isr=disabled\n","timestamp":1789344048.6513412},{"data_b64":"U0VTU0lPTiBSWF9QT0xMIHBvbGw=","description":"ble:LoRa-Chatter-72E0 E0:72:A1:D5:4C:15 telemetry=on","device_key":"ble-address:e0:72:a1:d5:4c:15","kind":"rx","seq":144,"session":"s2","stream":"telemetry","text":"SESSION RX_POLL poll","timestamp":1789344048.6517215},{"data_b64":"cz0xNzMwMDkzIHJ4ZG9uZT0zIGk=","description":"ble:LoRa-Chatter-72E0 E0:72:A1:D5:4C:15 telemetry=on","device_key":"ble-address:e0:72:a1:d5:4c:15","kind":"rx","seq":145,"session":"s2","stream":"telemetry","text":"s=1730093 rxdone=3 i","timestamp":1789344048.6533227},{"data_b64":"bnRlcnZhbD0xMDAwdXMgRElPMF8=","description":"ble:LoRa-Chatter-72E0 E0:72:A1:D5:4C:15 telemetry=on","device_key":"ble-address:e0:72:a1:d5:4c:15","kind":"rx","seq":146,"session":"s2","stream":"telemetry","text":"nterval=1000us DIO0_","timestamp":1789344048.6537695},{"data_b64":"UlggZmFsc2VfaGlnaF9lcD0wIGg=","description":"ble:LoRa-Chatter-72E0 E0:72:A1:D5:4C:15 telemetry=on","device_key":"ble-address:e0:72:a1:d5:4c:15","kind":"rx","seq":147,"session":"s2","stream":"telemetry","text":"RX false_high_ep=0 h","timestamp":1789344048.6855907},{"data_b64":"aWdoX3BvbGxzPTAgcnhkb25lX2w=","description":"ble:LoRa-Chatter-72E0 E0:72:A1:D5:4C:15 telemetry=on","device_key":"ble-address:e0:72:a1:d5:4c:15","kind":"rx","seq":148,"session":"s2","stream":"telemetry","text":"igh_polls=0 rxdone_l","timestamp":1789344048.6869884},{"data_b64":"b3c9MCBpc3I9ZGlzYWJsZWQK","description":"ble:LoRa-Chatter-72E0 E0:72:A1:D5:4C:15 telemetry=on","device_key":"ble-address:e0:72:a1:d5:4c:15","kind":"rx","seq":149,"session":"s2","stream":"telemetry","text":"ow=0 isr=disabled\n","timestamp":1789344048.6881995}],"lines":[{"seq_first":10,"seq_last":10,"session":"s1","stream":"chat","text":""},{"seq_first":10,"seq_last":10,"session":"s1","stream":"chat","text":"[SYS] CHATTER HELP"},{"seq_first":11,"seq_last":12,"session":"s1","stream":"chat","text":"[SYS] CHATTER NODE LoRa-Chatter-1B44"},{"seq_first":13,"seq_last":13,"session":"s1","stream":"chat","text":"[SYS] CHAT OUTPUT:"},{"seq_first":14,"seq_last":17,"session":"s1","stream":"chat","text":"[SYS]   > text                       local USER TX confirmed"},{"seq_first":18,"seq_last":21,"session":"s1","stream":"chat","text":"[SYS]   < [RSSI/SNR Q%] text         USER received from peer"},{"seq_first":22,"seq_last":25,"session":"s1","stream":"chat","text":"[SYS]   > [ECHO TX] text             local echo TX confirmed"},{"seq_first":26,"seq_last":29,"session":"s1","stream":"chat","text":"[SYS]   < [ECHO RSSI/SNR Q%] text    matching echo reply received"},{"seq_first":30,"seq_last":33,"session":"s1","stream":"chat","text":"[SYS]   [ECHO] NO RESPONSE           matching echo reply timed out"},{"seq_first":34,"seq_last":36,"session":"s1","stream":"chat","text":"[SYS]   delivery retry details       TELEMETRY only"},{"seq_first":37,"seq_last":39,"session":"s1","stream":"chat","text":"[SYS]   RSSI=dBm, SNR=dB, Q=rolling receive quality %"},{"seq_first":40,"seq_last":41,"session":"s1","stream":"chat","text":"[SYS] HUMAN CONSOLE MODES:"},{"seq_first":42,"seq_last":43,"session":"s1","stream":"chat","text":"[SYS]   CHAT       chat + SYSTEM"},{"seq_first":44,"seq_last":45,"session":"s1","stream":"chat","text":"[SYS]   TELEMETRY  telemetry + SYSTEM"},{"seq_first":46,"seq_last":48,"session":"s1","stream":"chat","text":"[SYS]   BOTH       chat + telemetry + SYSTEM"},{"seq_first":10,"seq_last":10,"session":"s2","stream":"chat","text":""},{"seq_first":10,"seq_last":10,"session":"s2","stream":"chat","text":"[SYS] CHATTER HELP"},{"seq_first":11,"seq_last":12,"session":"s2","stream":"chat","text":"[SYS] CHATTER NODE LoRa-Chatter-72E0"},{"seq_first":13,"seq_last":13,"session":"s2","stream":"chat","text":"[SYS] CHAT OUTPUT:"},{"seq_first":14,"seq_last":17,"session":"s2","stream":"chat","text":"[SYS]   > text                       local USER TX confirmed"},{"seq_first":18,"seq_last":21,"session":"s2","stream":"chat","text":"[SYS]   < [RSSI/SNR Q%] text         USER received from peer"},{"seq_first":22,"seq_last":25,"session":"s2","stream":"chat","text":"[SYS]   > [ECHO TX] text             local echo TX confirmed"},{"seq_first":49,"seq_last":52,"session":"s1","stream":"chat","text":"[SYS]   BLE 0004 machine telemetry is independent when subscribed"},{"seq_first":26,"seq_last":29,"session":"s2","stream":"chat","text":"[SYS]   < [ECHO RSSI/SNR Q%] text    matching echo reply received"},{"seq_first":30,"seq_last":33,"session":"s2","stream":"chat","text":"[SYS]   [ECHO] NO RESPONSE           matching echo reply timed out"},{"seq_first":34,"seq_last":36,"session":"s2","stream":"chat","text":"[SYS]   delivery retry details       TELEMETRY only"},{"seq_first":37,"seq_last":39,"session":"s2","stream":"chat","text":"[SYS]   RSSI=dBm, SNR=dB, Q=rolling receive quality %"},{"seq_first":40,"seq_last":41,"session":"s2","stream":"chat","text":"[SYS] HUMAN CONSOLE MODES:"},{"seq_first":42,"seq_last":44,"session":"s2","stream":"chat","text":"[SYS]   CHAT       chat + telemetry + SYSTEM"},{"seq_first":45,"seq_last":48,"session":"s2","stream":"chat","text":"[SYS]   BLE 0004 machine telemetry is independent when subscribed"},{"seq_first":49,"seq_last":50,"session":"s2","stream":"chat","text":"[SYS]   current=CHAT echo=OFF"},{"seq_first":51,"seq_last":51,"session":"s2","stream":"chat","text":"[SYS] COMMANDS:"},{"seq_first":53,"seq_last":54,"session":"s1","stream":"chat","text":"[SYS]   current=CHAT echo=OFF"},{"seq_first":55,"seq_last":55,"session":"s1","stream":"chat","text":"[SYS] COMMANDS:"},{"seq_first":52,"seq_last":53,"session":"s2","stream":"chat","text":"[SYS]   /help       show this help"},{"seq_first":54,"seq_last":55,"session":"s2","stream":"chat","text":"[SYS]   /id         show node identity"},{"seq_first":56,"seq_last":57,"session":"s2","stream":"chat","text":"[SYS]   /chat       human console CHAT"},{"seq_first":58,"seq_last":60,"session":"s2","stream":"chat","text":"[SYS]   /tele       human console TELEMETRY"},{"seq_first":61,"seq_last":62,"session":"s2","stream":"chat","text":"[SYS]   /both       human console BOTH"},{"seq_first":63,"seq_last":64,"session":"s2","stream":"chat","text":"[SYS]   /echo       toggle echo mode"},{"seq_first":56,"seq_last":57,"session":"s1","stream":"chat","text":"[SYS]   /help       show this help"},{"seq_first":65,"seq_last":67,"session":"s2","stream":"chat","text":"[SYS]   /cancel     stop current USER delivery/retries"},{"seq_first":68,"seq_last":71,"session":"s2","stream":"chat","text":"[SYS]   /cancel all stop current USER and discard queued USERs"},{"seq_first":72,"seq_last":74,"session":"s2","stream":"chat","text":"[SYS]   /reboot     reboot ESP32 controller"},{"seq_first":58,"seq_last":59,"session":"s1","stream":"chat","text":"[SYS]   /id         show node identity"},{"seq_first":60,"seq_last":61,"session":"s1","stream":"chat","text":"[SYS]   /chat       human console CHAT"},{"seq_first":75,"seq_last":76,"session":"s2","stream":"chat","text":"[SYS] RAW CONTROLS (HEX):"},{"seq_first":77,"seq_last":80,"session":"s2","stream":"chat","text":"[SYS]   14 31=CHAT  14 32=TELEMETRY  14 33=BOTH  14 65=ECHO toggle"},{"seq_first":81,"seq_last":82,"session":"s2","stream":"chat","text":"[SYS] ANDROID BLE TERMINAL MACROS:"},{"seq_first":83,"seq_last":85,"session":"s2","stream":"chat","text":"[SYS]   HEX macro, no EOL: 14 31 / 14 32 / 14 33 / 14 65"},{"seq_first":86,"seq_last":90,"session":"s2","stream":"chat","text":"[SYS]   or TEXT macro + LF: /help /id /chat /tele /both /echo /cancel /cancel all /reboot"},{"seq_first":91,"seq_last":94,"session":"s2","stream":"chat","text":"[SYS]   Nordic UART human console=0003; machine telemetry=0004 optional"},{"seq_first":62,"seq_last":64,"session":"s1","stream":"chat","text":"[SYS]   /tele       human console TELEMETRY"},{"seq_first":95,"seq_last":98,"session":"s2","stream":"chat","text":"[SYS] BLE CLIENT: machine telemetry 0004 subscribed in background"},{"seq_first":99,"seq_last":99,"session":"s2","stream":"chat","text":""},{"seq_first":99,"seq_last":100,"session":"s2","stream":"chat","text":"OUTPUT MODE source=2 state=BOTH"},{"seq_first":101,"seq_last":101,"session":"s2","stream":"telemetry","text":""},{"seq_first":101,"seq_last":102,"session":"s2","stream":"telemetry","text":"OUTPUT MODE source=2 state=BOTH"},{"seq_first":103,"seq_last":103,"session":"s2","stream":"chat","text":"[SYS] OUTPUT BOTH"},{"seq_first":65,"seq_last":66,"session":"s1","stream":"chat","text":"[SYS]   /both       human console BOTH"},{"seq_first":67,"seq_last":68,"session":"s1","stream":"chat","text":"[SYS]   /echo       toggle echo mode"},{"seq_first":69,"seq_last":71,"session":"s1","stream":"chat","text":"[SYS]   /cancel     stop current USER delivery/retries"},{"seq_first":72,"seq_last":75,"session":"s1","stream":"chat","text":"[SYS]   /cancel all stop current USER and discard queued USERs"},{"seq_first":76,"seq_last":78,"session":"s1","stream":"chat","text":"[SYS]   /reboot     reboot ESP32 controller"},{"seq_first":79,"seq_last":80,"session":"s1","stream":"chat","text":"[SYS] RAW CONTROLS (HEX):"},{"seq_first":81,"seq_last":84,"session":"s1","stream":"chat","text":"[SYS]   14 31=CHAT  14 32=TELEMETRY  14 33=BOTH  14 65=ECHO toggle"},{"seq_first":85,"seq_last":87,"session":"s1","stream":"chat","text":"human console=0003; machine telemetry=0004 optional"},{"seq_first":88,"seq_last":91,"session":"s1","stream":"chat","text":"[SYS] BLE CLIENT: machine telemetry 0004 subscribed in background"},{"seq_first":92,"seq_last":92,"session":"s1","stream":"chat","text":""},{"seq_first":92,"seq_last":93,"session":"s1","stream":"chat","text":"OUTPUT MODE source=2 state=BOTH"},{"seq_first":94,"seq_last":94,"session":"s1","stream":"telemetry","text":""},{"seq_first":94,"seq_last":95,"session":"s1","stream":"telemetry","text":"OUTPUT MODE source=2 state=BOTH"},{"seq_first":96,"seq_last":96,"session":"s1","stream":"chat","text":"[SYS] OUTPUT BOTH"},{"seq_first":104,"seq_last":104,"session":"s2","stream":"chat","text":""},{"seq_first":104,"seq_last":113,"session":"s2","stream":"chat","text":"SESSION t=1740s TX ok=3 user=0 echo_req=0 echo_rep=0 hb=0(idle=0) err=0 started=3 RX ok=3 user=3 echo_req=0 echo_rep=0 hb=0 crc=0 hdr=0 bad=0 readerr=0 reports=3 Q=100% drops=0 fatal=0"},{"seq_first":114,"seq_last":114,"session":"s2","stream":"telemetry","text":""},{"seq_first":114,"seq_last":123,"session":"s2","stream":"telemetry","text":"SESSION t=1740s TX ok=3 user=0 echo_req=0 echo_rep=0 hb=0(idle=0) err=0 started=3 RX ok=3 user=3 echo_req=0 echo_rep=0 hb=0 crc=0 hdr=0 bad=0 readerr=0 reports=3 Q=100% drops=0 fatal=0"},{"seq_first":124,"seq_last":127,"session":"s2","stream":"chat","text":"SESSION COURTESY window=9123ms peer_release=0 expired=0 yielding=0"},{"seq_first":128,"seq_last":131,"session":"s2","stream":"telemetry","text":"SESSION COURTESY window=9123ms peer_release=0 expired=0 yielding=0"},{"seq_first":132,"seq_last":136,"session":"s2","stream":"chat","text":"SESSION DIO0_TX affected=0/3 episodes=0 avg_all=0.00 avg_affected=0.00 high_polls=0"},{"seq_first":137,"seq_last":137,"session":"s2","stream":"telemetry","text":"s=0"},{"seq_first":138,"seq_last":143,"session":"s2","stream":"chat","text":"SESSION RX_POLL polls=1730093 rxdone=3 interval=1000us DIO0_RX false_high_ep=0 high_polls=0 rxdone_low=0 isr=disabled"},{"seq_first":144,"seq_last":149,"session":"s2","stream":"telemetry","text":"SESSION RX_POLL polls=1730093 rxdone=3 interval=1000us DIO0_RX false_high_ep=0 high_polls=0 rxdone_low=0 isr=disabled"}],"timed_out":false}}
2026-09-14T03:01:14.122+03:00 [STATE] {"description":"ble:LoRa-Chatter-72E0 E0:72:A1:D5:4C:15 telemetry=off","device_key":"ble-address:e0:72:a1:d5:4c:15","error":"LoRa-Chatter-72E0 is disconnected","kind":"state","seq":150,"session":"s2","state":"disconnected","timestamp":1789344074.122212}
2026-09-14T03:01:14.422+03:00 [STATE] {"description":"ble:LoRa-Chatter-72E0 E0:72:A1:D5:4C:15 telemetry=off","device_key":"ble-address:e0:72:a1:d5:4c:15","kind":"state","seq":151,"session":"s2","state":"reconnecting","timestamp":1789344074.4226692}
2026-09-14T03:01:19.192+03:00 [RX chat] {"data_b64":"ClNFU1NJT04gdD0zMTg2MXMgVFg=","description":"ble:LoRa-Chatter-1B44 44:1B:F6:8D:B7:A9 telemetry=on","device_key":"ble-address:44:1b:f6:8d:b7:a9","kind":"rx","seq":97,"session":"s1","stream":"chat","text":"\nSESSION t=31861s TX","timestamp":1789344079.19116}
2026-09-14T03:01:19.193+03:00 [RX chat] {"data_b64":"IG9rPTkxIHVzZXI9ODUgZWNob18=","description":"ble:LoRa-Chatter-1B44 44:1B:F6:8D:B7:A9 telemetry=on","device_key":"ble-address:44:1b:f6:8d:b7:a9","kind":"rx","seq":98,"session":"s1","stream":"chat","text":" ok=91 user=85 echo_","timestamp":1789344079.1929255}
2026-09-14T03:01:19.193+03:00 [RX chat] {"data_b64":"cmVxPTAgZWNob19yZXA9MCBoYj0=","description":"ble:LoRa-Chatter-1B44 44:1B:F6:8D:B7:A9 telemetry=on","device_key":"ble-address:44:1b:f6:8d:b7:a9","kind":"rx","seq":99,"session":"s1","stream":"chat","text":"req=0 echo_rep=0 hb=","timestamp":1789344079.1930354}
2026-09-14T03:01:19.193+03:00 [RX chat] {"data_b64":"MChpZGxlPTApIGVycj0wIHN0YXI=","description":"ble:LoRa-Chatter-1B44 44:1B:F6:8D:B7:A9 telemetry=on","device_key":"ble-address:44:1b:f6:8d:b7:a9","kind":"rx","seq":100,"session":"s1","stream":"chat","text":"0(idle=0) err=0 star","timestamp":1789344079.1931038}
2026-09-14T03:01:19.194+03:00 [RX chat] {"data_b64":"dGVkPTkxIFJYIG9rPTIwIHVzZXI=","description":"ble:LoRa-Chatter-1B44 44:1B:F6:8D:B7:A9 telemetry=on","device_key":"ble-address:44:1b:f6:8d:b7:a9","kind":"rx","seq":101,"session":"s1","stream":"chat","text":"ted=91 RX ok=20 user","timestamp":1789344079.1940143}
2026-09-14T03:01:19.194+03:00 [RX chat] {"data_b64":"PTYgZWNob19yZXE9MCBlY2hvX3I=","description":"ble:LoRa-Chatter-1B44 44:1B:F6:8D:B7:A9 telemetry=on","device_key":"ble-address:44:1b:f6:8d:b7:a9","kind":"rx","seq":102,"session":"s1","stream":"chat","text":"=6 echo_req=0 echo_r","timestamp":1789344079.194526}
2026-09-14T03:01:19.195+03:00 [RX chat] {"data_b64":"ZXA9MCBoYj0wIGNyYz0wIGhkcj0=","description":"ble:LoRa-Chatter-1B44 44:1B:F6:8D:B7:A9 telemetry=on","device_key":"ble-address:44:1b:f6:8d:b7:a9","kind":"rx","seq":103,"session":"s1","stream":"chat","text":"ep=0 hb=0 crc=0 hdr=","timestamp":1789344079.1951551}
2026-09-14T03:01:19.195+03:00 [RX chat] {"data_b64":"MCBiYWQ9OCByZWFkZXJyPTAgcmU=","description":"ble:LoRa-Chatter-1B44 44:1B:F6:8D:B7:A9 telemetry=on","device_key":"ble-address:44:1b:f6:8d:b7:a9","kind":"rx","seq":104,"session":"s1","stream":"chat","text":"0 bad=8 readerr=0 re","timestamp":1789344079.1957123}
2026-09-14T03:01:19.236+03:00 [RX chat] {"data_b64":"cG9ydHM9MjAgUT0xMDAlIGRyb3A=","description":"ble:LoRa-Chatter-1B44 44:1B:F6:8D:B7:A9 telemetry=on","device_key":"ble-address:44:1b:f6:8d:b7:a9","kind":"rx","seq":105,"session":"s1","stream":"chat","text":"ports=20 Q=100% drop","timestamp":1789344079.2361007}
2026-09-14T03:01:19.237+03:00 [RX chat] {"data_b64":"cz04IGZhdGFsPTAK","description":"ble:LoRa-Chatter-1B44 44:1B:F6:8D:B7:A9 telemetry=on","device_key":"ble-address:44:1b:f6:8d:b7:a9","kind":"rx","seq":106,"session":"s1","stream":"chat","text":"s=8 fatal=0\n","timestamp":1789344079.2367997}
2026-09-14T03:01:19.238+03:00 [RX telemetry] {"data_b64":"ClNFU1NJT04gdD0zMTg2MXMgVFg=","description":"ble:LoRa-Chatter-1B44 44:1B:F6:8D:B7:A9 telemetry=on","device_key":"ble-address:44:1b:f6:8d:b7:a9","kind":"rx","seq":107,"session":"s1","stream":"telemetry","text":"\nSESSION t=31861s TX","timestamp":1789344079.2376149}
2026-09-14T03:01:19.238+03:00 [RX telemetry] {"data_b64":"IG9rPTkxIHVzZXI9ODUgZWNob18=","description":"ble:LoRa-Chatter-1B44 44:1B:F6:8D:B7:A9 telemetry=on","device_key":"ble-address:44:1b:f6:8d:b7:a9","kind":"rx","seq":108,"session":"s1","stream":"telemetry","text":" ok=91 user=85 echo_","timestamp":1789344079.2377229}
2026-09-14T03:01:19.239+03:00 [RX telemetry] {"data_b64":"cmVxPTAgZWNob19yZXA9MCBoYj0=","description":"ble:LoRa-Chatter-1B44 44:1B:F6:8D:B7:A9 telemetry=on","device_key":"ble-address:44:1b:f6:8d:b7:a9","kind":"rx","seq":109,"session":"s1","stream":"telemetry","text":"req=0 echo_rep=0 hb=","timestamp":1789344079.2388508}
2026-09-14T03:01:19.239+03:00 [RX telemetry] {"data_b64":"MChpZGxlPTApIGVycj0wIHN0YXI=","description":"ble:LoRa-Chatter-1B44 44:1B:F6:8D:B7:A9 telemetry=on","device_key":"ble-address:44:1b:f6:8d:b7:a9","kind":"rx","seq":110,"session":"s1","stream":"telemetry","text":"0(idle=0) err=0 star","timestamp":1789344079.2394269}
2026-09-14T03:01:19.240+03:00 [RX telemetry] {"data_b64":"dGVkPTkxIFJYIG9rPTIwIHVzZXI=","description":"ble:LoRa-Chatter-1B44 44:1B:F6:8D:B7:A9 telemetry=on","device_key":"ble-address:44:1b:f6:8d:b7:a9","kind":"rx","seq":111,"session":"s1","stream":"telemetry","text":"ted=91 RX ok=20 user","timestamp":1789344079.2394795}
2026-09-14T03:01:19.240+03:00 [RX telemetry] {"data_b64":"PTYgZWNob19yZXE9MCBlY2hvX3I=","description":"ble:LoRa-Chatter-1B44 44:1B:F6:8D:B7:A9 telemetry=on","device_key":"ble-address:44:1b:f6:8d:b7:a9","kind":"rx","seq":112,"session":"s1","stream":"telemetry","text":"=6 echo_req=0 echo_r","timestamp":1789344079.2402642}
2026-09-14T03:01:19.241+03:00 [RX telemetry] {"data_b64":"ZXA9MCBoYj0wIGNyYz0wIGhkcj0=","description":"ble:LoRa-Chatter-1B44 44:1B:F6:8D:B7:A9 telemetry=on","device_key":"ble-address:44:1b:f6:8d:b7:a9","kind":"rx","seq":113,"session":"s1","stream":"telemetry","text":"ep=0 hb=0 crc=0 hdr=","timestamp":1789344079.2410421}
2026-09-14T03:01:19.241+03:00 [RX telemetry] {"data_b64":"MCBiYWQ9OCByZWFkZXJyPTAgcmU=","description":"ble:LoRa-Chatter-1B44 44:1B:F6:8D:B7:A9 telemetry=on","device_key":"ble-address:44:1b:f6:8d:b7:a9","kind":"rx","seq":114,"session":"s1","stream":"telemetry","text":"0 bad=8 readerr=0 re","timestamp":1789344079.2416036}
2026-09-14T03:01:19.242+03:00 [RX telemetry] {"data_b64":"cG9ydHM9MjAgUT0xMDAlIGRyb3A=","description":"ble:LoRa-Chatter-1B44 44:1B:F6:8D:B7:A9 telemetry=on","device_key":"ble-address:44:1b:f6:8d:b7:a9","kind":"rx","seq":115,"session":"s1","stream":"telemetry","text":"ports=20 Q=100% drop","timestamp":1789344079.242562}
2026-09-14T03:01:19.243+03:00 [RX telemetry] {"data_b64":"cz04IGZhdGFsPTAK","description":"ble:LoRa-Chatter-1B44 44:1B:F6:8D:B7:A9 telemetry=on","device_key":"ble-address:44:1b:f6:8d:b7:a9","kind":"rx","seq":116,"session":"s1","stream":"telemetry","text":"s=8 fatal=0\n","timestamp":1789344079.2426386}
2026-09-14T03:01:19.243+03:00 [RX chat] {"data_b64":"U0VTU0lPTiBDT1VSVEVTWSB3aW4=","description":"ble:LoRa-Chatter-1B44 44:1B:F6:8D:B7:A9 telemetry=on","device_key":"ble-address:44:1b:f6:8d:b7:a9","kind":"rx","seq":117,"session":"s1","stream":"chat","text":"SESSION COURTESY win","timestamp":1789344079.2436147}
2026-09-14T03:01:19.243+03:00 [RX chat] {"data_b64":"ZG93PTkxMjNtcyBwZWVyX3JlbGU=","description":"ble:LoRa-Chatter-1B44 44:1B:F6:8D:B7:A9 telemetry=on","device_key":"ble-address:44:1b:f6:8d:b7:a9","kind":"rx","seq":118,"session":"s1","stream":"chat","text":"dow=9123ms peer_rele","timestamp":1789344079.2436807}
2026-09-14T03:01:19.244+03:00 [RX chat] {"data_b64":"YXNlPTAgZXhwaXJlZD0wIHlpZWw=","description":"ble:LoRa-Chatter-1B44 44:1B:F6:8D:B7:A9 telemetry=on","device_key":"ble-address:44:1b:f6:8d:b7:a9","kind":"rx","seq":119,"session":"s1","stream":"chat","text":"ase=0 expired=0 yiel","timestamp":1789344079.2443733}
2026-09-14T03:01:19.245+03:00 [RX chat] {"data_b64":"ZGluZz0wCg==","description":"ble:LoRa-Chatter-1B44 44:1B:F6:8D:B7:A9 telemetry=on","device_key":"ble-address:44:1b:f6:8d:b7:a9","kind":"rx","seq":120,"session":"s1","stream":"chat","text":"ding=0\n","timestamp":1789344079.2449954}
2026-09-14T03:01:19.245+03:00 [RX telemetry] {"data_b64":"U0VTU0lPTiBDT1VSVEVTWSB3aW4=","description":"ble:LoRa-Chatter-1B44 44:1B:F6:8D:B7:A9 telemetry=on","device_key":"ble-address:44:1b:f6:8d:b7:a9","kind":"rx","seq":121,"session":"s1","stream":"telemetry","text":"SESSION COURTESY win","timestamp":1789344079.2456474}
2026-09-14T03:01:19.246+03:00 [RX telemetry] {"data_b64":"ZG93PTkxMjNtcyBwZWVyX3JlbGU=","description":"ble:LoRa-Chatter-1B44 44:1B:F6:8D:B7:A9 telemetry=on","device_key":"ble-address:44:1b:f6:8d:b7:a9","kind":"rx","seq":122,"session":"s1","stream":"telemetry","text":"dow=9123ms peer_rele","timestamp":1789344079.2464237}
2026-09-14T03:01:19.281+03:00 [RX telemetry] {"data_b64":"YXNlPTAgZXhwaXJlZD0wIHlpZWw=","description":"ble:LoRa-Chatter-1B44 44:1B:F6:8D:B7:A9 telemetry=on","device_key":"ble-address:44:1b:f6:8d:b7:a9","kind":"rx","seq":123,"session":"s1","stream":"telemetry","text":"ase=0 expired=0 yiel","timestamp":1789344079.2805343}
2026-09-14T03:01:19.281+03:00 [RX telemetry] {"data_b64":"ZGluZz0wCg==","description":"ble:LoRa-Chatter-1B44 44:1B:F6:8D:B7:A9 telemetry=on","device_key":"ble-address:44:1b:f6:8d:b7:a9","kind":"rx","seq":124,"session":"s1","stream":"telemetry","text":"ding=0\n","timestamp":1789344079.280682}
2026-09-14T03:01:19.282+03:00 [RX chat] {"data_b64":"U0VTU0lPTiBESU8wX1RYIGFmZmU=","description":"ble:LoRa-Chatter-1B44 44:1B:F6:8D:B7:A9 telemetry=on","device_key":"ble-address:44:1b:f6:8d:b7:a9","kind":"rx","seq":125,"session":"s1","stream":"chat","text":"SESSION DIO0_TX affe","timestamp":1789344079.2821112}
2026-09-14T03:01:19.283+03:00 [RX chat] {"data_b64":"Y3RlZD0wLzkxIGVwaXNvZGVzPTA=","description":"ble:LoRa-Chatter-1B44 44:1B:F6:8D:B7:A9 telemetry=on","device_key":"ble-address:44:1b:f6:8d:b7:a9","kind":"rx","seq":126,"session":"s1","stream":"chat","text":"cted=0/91 episodes=0","timestamp":1789344079.2828333}
2026-09-14T03:01:19.284+03:00 [RX chat] {"data_b64":"IGF2Z19hbGw9MC4wMCBhdmdfYWY=","description":"ble:LoRa-Chatter-1B44 44:1B:F6:8D:B7:A9 telemetry=on","device_key":"ble-address:44:1b:f6:8d:b7:a9","kind":"rx","seq":127,"session":"s1","stream":"chat","text":" avg_all=0.00 avg_af","timestamp":1789344079.2840922}
2026-09-14T03:01:19.285+03:00 [RX chat] {"data_b64":"ZmVjdGVkPTAuMDAgaGlnaF9wb2w=","description":"ble:LoRa-Chatter-1B44 44:1B:F6:8D:B7:A9 telemetry=on","device_key":"ble-address:44:1b:f6:8d:b7:a9","kind":"rx","seq":128,"session":"s1","stream":"chat","text":"fected=0.00 high_pol","timestamp":1789344079.2851117}
2026-09-14T03:01:19.286+03:00 [RX chat] {"data_b64":"bHM9MAo=","description":"ble:LoRa-Chatter-1B44 44:1B:F6:8D:B7:A9 telemetry=on","device_key":"ble-address:44:1b:f6:8d:b7:a9","kind":"rx","seq":129,"session":"s1","stream":"chat","text":"ls=0\n","timestamp":1789344079.286376}
2026-09-14T03:01:19.288+03:00 [RX telemetry] {"data_b64":"U0VTU0lPTiBESU8wX1RYIGFmZmU=","description":"ble:LoRa-Chatter-1B44 44:1B:F6:8D:B7:A9 telemetry=on","device_key":"ble-address:44:1b:f6:8d:b7:a9","kind":"rx","seq":130,"session":"s1","stream":"telemetry","text":"SESSION DIO0_TX affe","timestamp":1789344079.2878537}
2026-09-14T03:01:19.288+03:00 [RX telemetry] {"data_b64":"Y3RlZD0wLzkxIGVwaXNvZGVzPTA=","description":"ble:LoRa-Chatter-1B44 44:1B:F6:8D:B7:A9 telemetry=on","device_key":"ble-address:44:1b:f6:8d:b7:a9","kind":"rx","seq":131,"session":"s1","stream":"telemetry","text":"cted=0/91 episodes=0","timestamp":1789344079.2879348}
2026-09-14T03:01:19.288+03:00 [RX telemetry] {"data_b64":"IGF2Z19hbGw9MC4wMCBhdmdfYWY=","description":"ble:LoRa-Chatter-1B44 44:1B:F6:8D:B7:A9 telemetry=on","device_key":"ble-address:44:1b:f6:8d:b7:a9","kind":"rx","seq":132,"session":"s1","stream":"telemetry","text":" avg_all=0.00 avg_af","timestamp":1789344079.2886736}
2026-09-14T03:01:19.289+03:00 [RX telemetry] {"data_b64":"ZmVjdGVkPTAuMDAgaGlnaF9wb2w=","description":"ble:LoRa-Chatter-1B44 44:1B:F6:8D:B7:A9 telemetry=on","device_key":"ble-address:44:1b:f6:8d:b7:a9","kind":"rx","seq":133,"session":"s1","stream":"telemetry","text":"fected=0.00 high_pol","timestamp":1789344079.2891984}
2026-09-14T03:01:19.289+03:00 [RX telemetry] {"data_b64":"bHM9MAo=","description":"ble:LoRa-Chatter-1B44 44:1B:F6:8D:B7:A9 telemetry=on","device_key":"ble-address:44:1b:f6:8d:b7:a9","kind":"rx","seq":134,"session":"s1","stream":"telemetry","text":"ls=0\n","timestamp":1789344079.289646}
2026-09-14T03:01:19.290+03:00 [RX chat] {"data_b64":"U0VTU0lPTiBSWF9QT0xMIHBvbGw=","description":"ble:LoRa-Chatter-1B44 44:1B:F6:8D:B7:A9 telemetry=on","device_key":"ble-address:44:1b:f6:8d:b7:a9","kind":"rx","seq":135,"session":"s1","stream":"chat","text":"SESSION RX_POLL poll","timestamp":1789344079.2907498}
2026-09-14T03:01:19.291+03:00 [RX chat] {"data_b64":"cz0zMTU4MTI0MSByeGRvbmU9Mjg=","description":"ble:LoRa-Chatter-1B44 44:1B:F6:8D:B7:A9 telemetry=on","device_key":"ble-address:44:1b:f6:8d:b7:a9","kind":"rx","seq":136,"session":"s1","stream":"chat","text":"s=31581241 rxdone=28","timestamp":1789344079.2912815}
2026-09-14T03:01:19.292+03:00 [RX chat] {"data_b64":"IGludGVydmFsPTEwMDB1cyBESU8=","description":"ble:LoRa-Chatter-1B44 44:1B:F6:8D:B7:A9 telemetry=on","device_key":"ble-address:44:1b:f6:8d:b7:a9","kind":"rx","seq":137,"session":"s1","stream":"chat","text":" interval=1000us DIO","timestamp":1789344079.2919397}
2026-09-14T03:01:19.293+03:00 [RX chat] {"data_b64":"MF9SWCBmYWxzZV9oaWdoX2VwPTA=","description":"ble:LoRa-Chatter-1B44 44:1B:F6:8D:B7:A9 telemetry=on","device_key":"ble-address:44:1b:f6:8d:b7:a9","kind":"rx","seq":138,"session":"s1","stream":"chat","text":"0_RX false_high_ep=0","timestamp":1789344079.2920432}
2026-09-14T03:01:19.325+03:00 [RX chat] {"data_b64":"IGhpZ2hfcG9sbHM9MCByeGRvbmU=","description":"ble:LoRa-Chatter-1B44 44:1B:F6:8D:B7:A9 telemetry=on","device_key":"ble-address:44:1b:f6:8d:b7:a9","kind":"rx","seq":139,"session":"s1","stream":"chat","text":" high_polls=0 rxdone","timestamp":1789344079.3249574}
2026-09-14T03:01:19.326+03:00 [RX chat] {"data_b64":"X2xvdz0wIGlzcj1kaXNhYmxlZAo=","description":"ble:LoRa-Chatter-1B44 44:1B:F6:8D:B7:A9 telemetry=on","device_key":"ble-address:44:1b:f6:8d:b7:a9","kind":"rx","seq":140,"session":"s1","stream":"chat","text":"_low=0 isr=disabled\n","timestamp":1789344079.3258855}
2026-09-14T03:01:19.327+03:00 [RX telemetry] {"data_b64":"U0VTU0lPTiBSWF9QT0xMIHBvbGw=","description":"ble:LoRa-Chatter-1B44 44:1B:F6:8D:B7:A9 telemetry=on","device_key":"ble-address:44:1b:f6:8d:b7:a9","kind":"rx","seq":141,"session":"s1","stream":"telemetry","text":"SESSION RX_POLL poll","timestamp":1789344079.3268235}
2026-09-14T03:01:19.327+03:00 [RX telemetry] {"data_b64":"cz0zMTU4MTI0MSByeGRvbmU9Mjg=","description":"ble:LoRa-Chatter-1B44 44:1B:F6:8D:B7:A9 telemetry=on","device_key":"ble-address:44:1b:f6:8d:b7:a9","kind":"rx","seq":142,"session":"s1","stream":"telemetry","text":"s=31581241 rxdone=28","timestamp":1789344079.3275383}
2026-09-14T03:01:19.328+03:00 [RX telemetry] {"data_b64":"IGludGVydmFsPTEwMDB1cyBESU8=","description":"ble:LoRa-Chatter-1B44 44:1B:F6:8D:B7:A9 telemetry=on","device_key":"ble-address:44:1b:f6:8d:b7:a9","kind":"rx","seq":143,"session":"s1","stream":"telemetry","text":" interval=1000us DIO","timestamp":1789344079.3283315}
2026-09-14T03:01:19.329+03:00 [RX telemetry] {"data_b64":"MF9SWCBmYWxzZV9oaWdoX2VwPTA=","description":"ble:LoRa-Chatter-1B44 44:1B:F6:8D:B7:A9 telemetry=on","device_key":"ble-address:44:1b:f6:8d:b7:a9","kind":"rx","seq":144,"session":"s1","stream":"telemetry","text":"0_RX false_high_ep=0","timestamp":1789344079.3289082}
2026-09-14T03:01:19.329+03:00 [RX telemetry] {"data_b64":"IGhpZ2hfcG9sbHM9MCByeGRvbmU=","description":"ble:LoRa-Chatter-1B44 44:1B:F6:8D:B7:A9 telemetry=on","device_key":"ble-address:44:1b:f6:8d:b7:a9","kind":"rx","seq":145,"session":"s1","stream":"telemetry","text":" high_polls=0 rxdone","timestamp":1789344079.3295383}
2026-09-14T03:01:19.330+03:00 [RX telemetry] {"data_b64":"X2xvdz0wIGlzcj1kaXNhYmxlZAo=","description":"ble:LoRa-Chatter-1B44 44:1B:F6:8D:B7:A9 telemetry=on","device_key":"ble-address:44:1b:f6:8d:b7:a9","kind":"rx","seq":146,"session":"s1","stream":"telemetry","text":"_low=0 isr=disabled\n","timestamp":1789344079.3302882}
2026-09-14T03:01:26.643+03:00 [AGENT REQUEST] {"id":12,"op":"observe","cursors":{"s1":96,"s2":149},"timeout_ms":15000}
2026-09-14T03:01:26.645+03:00 [AGENT RESPONSE] {"id":12,"ok":true,"result":{"cursors":{"s1":146,"s2":151},"events":[{"description":"ble:LoRa-Chatter-72E0 E0:72:A1:D5:4C:15 telemetry=off","device_key":"ble-address:e0:72:a1:d5:4c:15","error":"LoRa-Chatter-72E0 is disconnected","kind":"state","seq":150,"session":"s2","state":"disconnected","timestamp":1789344074.122212},{"description":"ble:LoRa-Chatter-72E0 E0:72:A1:D5:4C:15 telemetry=off","device_key":"ble-address:e0:72:a1:d5:4c:15","kind":"state","seq":151,"session":"s2","state":"reconnecting","timestamp":1789344074.4226692},{"data_b64":"ClNFU1NJT04gdD0zMTg2MXMgVFg=","description":"ble:LoRa-Chatter-1B44 44:1B:F6:8D:B7:A9 telemetry=on","device_key":"ble-address:44:1b:f6:8d:b7:a9","kind":"rx","seq":97,"session":"s1","stream":"chat","text":"\nSESSION t=31861s TX","timestamp":1789344079.19116},{"data_b64":"IG9rPTkxIHVzZXI9ODUgZWNob18=","description":"ble:LoRa-Chatter-1B44 44:1B:F6:8D:B7:A9 telemetry=on","device_key":"ble-address:44:1b:f6:8d:b7:a9","kind":"rx","seq":98,"session":"s1","stream":"chat","text":" ok=91 user=85 echo_","timestamp":1789344079.1929255},{"data_b64":"cmVxPTAgZWNob19yZXA9MCBoYj0=","description":"ble:LoRa-Chatter-1B44 44:1B:F6:8D:B7:A9 telemetry=on","device_key":"ble-address:44:1b:f6:8d:b7:a9","kind":"rx","seq":99,"session":"s1","stream":"chat","text":"req=0 echo_rep=0 hb=","timestamp":1789344079.1930354},{"data_b64":"MChpZGxlPTApIGVycj0wIHN0YXI=","description":"ble:LoRa-Chatter-1B44 44:1B:F6:8D:B7:A9 telemetry=on","device_key":"ble-address:44:1b:f6:8d:b7:a9","kind":"rx","seq":100,"session":"s1","stream":"chat","text":"0(idle=0) err=0 star","timestamp":1789344079.1931038},{"data_b64":"dGVkPTkxIFJYIG9rPTIwIHVzZXI=","description":"ble:LoRa-Chatter-1B44 44:1B:F6:8D:B7:A9 telemetry=on","device_key":"ble-address:44:1b:f6:8d:b7:a9","kind":"rx","seq":101,"session":"s1","stream":"chat","text":"ted=91 RX ok=20 user","timestamp":1789344079.1940143},{"data_b64":"PTYgZWNob19yZXE9MCBlY2hvX3I=","description":"ble:LoRa-Chatter-1B44 44:1B:F6:8D:B7:A9 telemetry=on","device_key":"ble-address:44:1b:f6:8d:b7:a9","kind":"rx","seq":102,"session":"s1","stream":"chat","text":"=6 echo_req=0 echo_r","timestamp":1789344079.194526},{"data_b64":"ZXA9MCBoYj0wIGNyYz0wIGhkcj0=","description":"ble:LoRa-Chatter-1B44 44:1B:F6:8D:B7:A9 telemetry=on","device_key":"ble-address:44:1b:f6:8d:b7:a9","kind":"rx","seq":103,"session":"s1","stream":"chat","text":"ep=0 hb=0 crc=0 hdr=","timestamp":1789344079.1951551},{"data_b64":"MCBiYWQ9OCByZWFkZXJyPTAgcmU=","description":"ble:LoRa-Chatter-1B44 44:1B:F6:8D:B7:A9 telemetry=on","device_key":"ble-address:44:1b:f6:8d:b7:a9","kind":"rx","seq":104,"session":"s1","stream":"chat","text":"0 bad=8 readerr=0 re","timestamp":1789344079.1957123},{"data_b64":"cG9ydHM9MjAgUT0xMDAlIGRyb3A=","description":"ble:LoRa-Chatter-1B44 44:1B:F6:8D:B7:A9 telemetry=on","device_key":"ble-address:44:1b:f6:8d:b7:a9","kind":"rx","seq":105,"session":"s1","stream":"chat","text":"ports=20 Q=100% drop","timestamp":1789344079.2361007},{"data_b64":"cz04IGZhdGFsPTAK","description":"ble:LoRa-Chatter-1B44 44:1B:F6:8D:B7:A9 telemetry=on","device_key":"ble-address:44:1b:f6:8d:b7:a9","kind":"rx","seq":106,"session":"s1","stream":"chat","text":"s=8 fatal=0\n","timestamp":1789344079.2367997},{"data_b64":"ClNFU1NJT04gdD0zMTg2MXMgVFg=","description":"ble:LoRa-Chatter-1B44 44:1B:F6:8D:B7:A9 telemetry=on","device_key":"ble-address:44:1b:f6:8d:b7:a9","kind":"rx","seq":107,"session":"s1","stream":"telemetry","text":"\nSESSION t=31861s TX","timestamp":1789344079.2376149},{"data_b64":"IG9rPTkxIHVzZXI9ODUgZWNob18=","description":"ble:LoRa-Chatter-1B44 44:1B:F6:8D:B7:A9 telemetry=on","device_key":"ble-address:44:1b:f6:8d:b7:a9","kind":"rx","seq":108,"session":"s1","stream":"telemetry","text":" ok=91 user=85 echo_","timestamp":1789344079.2377229},{"data_b64":"cmVxPTAgZWNob19yZXA9MCBoYj0=","description":"ble:LoRa-Chatter-1B44 44:1B:F6:8D:B7:A9 telemetry=on","device_key":"ble-address:44:1b:f6:8d:b7:a9","kind":"rx","seq":109,"session":"s1","stream":"telemetry","text":"req=0 echo_rep=0 hb=","timestamp":1789344079.2388508},{"data_b64":"MChpZGxlPTApIGVycj0wIHN0YXI=","description":"ble:LoRa-Chatter-1B44 44:1B:F6:8D:B7:A9 telemetry=on","device_key":"ble-address:44:1b:f6:8d:b7:a9","kind":"rx","seq":110,"session":"s1","stream":"telemetry","text":"0(idle=0) err=0 star","timestamp":1789344079.2394269},{"data_b64":"dGVkPTkxIFJYIG9rPTIwIHVzZXI=","description":"ble:LoRa-Chatter-1B44 44:1B:F6:8D:B7:A9 telemetry=on","device_key":"ble-address:44:1b:f6:8d:b7:a9","kind":"rx","seq":111,"session":"s1","stream":"telemetry","text":"ted=91 RX ok=20 user","timestamp":1789344079.2394795},{"data_b64":"PTYgZWNob19yZXE9MCBlY2hvX3I=","description":"ble:LoRa-Chatter-1B44 44:1B:F6:8D:B7:A9 telemetry=on","device_key":"ble-address:44:1b:f6:8d:b7:a9","kind":"rx","seq":112,"session":"s1","stream":"telemetry","text":"=6 echo_req=0 echo_r","timestamp":1789344079.2402642},{"data_b64":"ZXA9MCBoYj0wIGNyYz0wIGhkcj0=","description":"ble:LoRa-Chatter-1B44 44:1B:F6:8D:B7:A9 telemetry=on","device_key":"ble-address:44:1b:f6:8d:b7:a9","kind":"rx","seq":113,"session":"s1","stream":"telemetry","text":"ep=0 hb=0 crc=0 hdr=","timestamp":1789344079.2410421},{"data_b64":"MCBiYWQ9OCByZWFkZXJyPTAgcmU=","description":"ble:LoRa-Chatter-1B44 44:1B:F6:8D:B7:A9 telemetry=on","device_key":"ble-address:44:1b:f6:8d:b7:a9","kind":"rx","seq":114,"session":"s1","stream":"telemetry","text":"0 bad=8 readerr=0 re","timestamp":1789344079.2416036},{"data_b64":"cG9ydHM9MjAgUT0xMDAlIGRyb3A=","description":"ble:LoRa-Chatter-1B44 44:1B:F6:8D:B7:A9 telemetry=on","device_key":"ble-address:44:1b:f6:8d:b7:a9","kind":"rx","seq":115,"session":"s1","stream":"telemetry","text":"ports=20 Q=100% drop","timestamp":1789344079.242562},{"data_b64":"cz04IGZhdGFsPTAK","description":"ble:LoRa-Chatter-1B44 44:1B:F6:8D:B7:A9 telemetry=on","device_key":"ble-address:44:1b:f6:8d:b7:a9","kind":"rx","seq":116,"session":"s1","stream":"telemetry","text":"s=8 fatal=0\n","timestamp":1789344079.2426386},{"data_b64":"U0VTU0lPTiBDT1VSVEVTWSB3aW4=","description":"ble:LoRa-Chatter-1B44 44:1B:F6:8D:B7:A9 telemetry=on","device_key":"ble-address:44:1b:f6:8d:b7:a9","kind":"rx","seq":117,"session":"s1","stream":"chat","text":"SESSION COURTESY win","timestamp":1789344079.2436147},{"data_b64":"ZG93PTkxMjNtcyBwZWVyX3JlbGU=","description":"ble:LoRa-Chatter-1B44 44:1B:F6:8D:B7:A9 telemetry=on","device_key":"ble-address:44:1b:f6:8d:b7:a9","kind":"rx","seq":118,"session":"s1","stream":"chat","text":"dow=9123ms peer_rele","timestamp":1789344079.2436807},{"data_b64":"YXNlPTAgZXhwaXJlZD0wIHlpZWw=","description":"ble:LoRa-Chatter-1B44 44:1B:F6:8D:B7:A9 telemetry=on","device_key":"ble-address:44:1b:f6:8d:b7:a9","kind":"rx","seq":119,"session":"s1","stream":"chat","text":"ase=0 expired=0 yiel","timestamp":1789344079.2443733},{"data_b64":"ZGluZz0wCg==","description":"ble:LoRa-Chatter-1B44 44:1B:F6:8D:B7:A9 telemetry=on","device_key":"ble-address:44:1b:f6:8d:b7:a9","kind":"rx","seq":120,"session":"s1","stream":"chat","text":"ding=0\n","timestamp":1789344079.2449954},{"data_b64":"U0VTU0lPTiBDT1VSVEVTWSB3aW4=","description":"ble:LoRa-Chatter-1B44 44:1B:F6:8D:B7:A9 telemetry=on","device_key":"ble-address:44:1b:f6:8d:b7:a9","kind":"rx","seq":121,"session":"s1","stream":"telemetry","text":"SESSION COURTESY win","timestamp":1789344079.2456474},{"data_b64":"ZG93PTkxMjNtcyBwZWVyX3JlbGU=","description":"ble:LoRa-Chatter-1B44 44:1B:F6:8D:B7:A9 telemetry=on","device_key":"ble-address:44:1b:f6:8d:b7:a9","kind":"rx","seq":122,"session":"s1","stream":"telemetry","text":"dow=9123ms peer_rele","timestamp":1789344079.2464237},{"data_b64":"YXNlPTAgZXhwaXJlZD0wIHlpZWw=","description":"ble:LoRa-Chatter-1B44 44:1B:F6:8D:B7:A9 telemetry=on","device_key":"ble-address:44:1b:f6:8d:b7:a9","kind":"rx","seq":123,"session":"s1","stream":"telemetry","text":"ase=0 expired=0 yiel","timestamp":1789344079.2805343},{"data_b64":"ZGluZz0wCg==","description":"ble:LoRa-Chatter-1B44 44:1B:F6:8D:B7:A9 telemetry=on","device_key":"ble-address:44:1b:f6:8d:b7:a9","kind":"rx","seq":124,"session":"s1","stream":"telemetry","text":"ding=0\n","timestamp":1789344079.280682},{"data_b64":"U0VTU0lPTiBESU8wX1RYIGFmZmU=","description":"ble:LoRa-Chatter-1B44 44:1B:F6:8D:B7:A9 telemetry=on","device_key":"ble-address:44:1b:f6:8d:b7:a9","kind":"rx","seq":125,"session":"s1","stream":"chat","text":"SESSION DIO0_TX affe","timestamp":1789344079.2821112},{"data_b64":"Y3RlZD0wLzkxIGVwaXNvZGVzPTA=","description":"ble:LoRa-Chatter-1B44 44:1B:F6:8D:B7:A9 telemetry=on","device_key":"ble-address:44:1b:f6:8d:b7:a9","kind":"rx","seq":126,"session":"s1","stream":"chat","text":"cted=0/91 episodes=0","timestamp":1789344079.2828333},{"data_b64":"IGF2Z19hbGw9MC4wMCBhdmdfYWY=","description":"ble:LoRa-Chatter-1B44 44:1B:F6:8D:B7:A9 telemetry=on","device_key":"ble-address:44:1b:f6:8d:b7:a9","kind":"rx","seq":127,"session":"s1","stream":"chat","text":" avg_all=0.00 avg_af","timestamp":1789344079.2840922},{"data_b64":"ZmVjdGVkPTAuMDAgaGlnaF9wb2w=","description":"ble:LoRa-Chatter-1B44 44:1B:F6:8D:B7:A9 telemetry=on","device_key":"ble-address:44:1b:f6:8d:b7:a9","kind":"rx","seq":128,"session":"s1","stream":"chat","text":"fected=0.00 high_pol","timestamp":1789344079.2851117},{"data_b64":"bHM9MAo=","description":"ble:LoRa-Chatter-1B44 44:1B:F6:8D:B7:A9 telemetry=on","device_key":"ble-address:44:1b:f6:8d:b7:a9","kind":"rx","seq":129,"session":"s1","stream":"chat","text":"ls=0\n","timestamp":1789344079.286376},{"data_b64":"U0VTU0lPTiBESU8wX1RYIGFmZmU=","description":"ble:LoRa-Chatter-1B44 44:1B:F6:8D:B7:A9 telemetry=on","device_key":"ble-address:44:1b:f6:8d:b7:a9","kind":"rx","seq":130,"session":"s1","stream":"telemetry","text":"SESSION DIO0_TX affe","timestamp":1789344079.2878537},{"data_b64":"Y3RlZD0wLzkxIGVwaXNvZGVzPTA=","description":"ble:LoRa-Chatter-1B44 44:1B:F6:8D:B7:A9 telemetry=on","device_key":"ble-address:44:1b:f6:8d:b7:a9","kind":"rx","seq":131,"session":"s1","stream":"telemetry","text":"cted=0/91 episodes=0","timestamp":1789344079.2879348},{"data_b64":"IGF2Z19hbGw9MC4wMCBhdmdfYWY=","description":"ble:LoRa-Chatter-1B44 44:1B:F6:8D:B7:A9 telemetry=on","device_key":"ble-address:44:1b:f6:8d:b7:a9","kind":"rx","seq":132,"session":"s1","stream":"telemetry","text":" avg_all=0.00 avg_af","timestamp":1789344079.2886736},{"data_b64":"ZmVjdGVkPTAuMDAgaGlnaF9wb2w=","description":"ble:LoRa-Chatter-1B44 44:1B:F6:8D:B7:A9 telemetry=on","device_key":"ble-address:44:1b:f6:8d:b7:a9","kind":"rx","seq":133,"session":"s1","stream":"telemetry","text":"fected=0.00 high_pol","timestamp":1789344079.2891984},{"data_b64":"bHM9MAo=","description":"ble:LoRa-Chatter-1B44 44:1B:F6:8D:B7:A9 telemetry=on","device_key":"ble-address:44:1b:f6:8d:b7:a9","kind":"rx","seq":134,"session":"s1","stream":"telemetry","text":"ls=0\n","timestamp":1789344079.289646},{"data_b64":"U0VTU0lPTiBSWF9QT0xMIHBvbGw=","description":"ble:LoRa-Chatter-1B44 44:1B:F6:8D:B7:A9 telemetry=on","device_key":"ble-address:44:1b:f6:8d:b7:a9","kind":"rx","seq":135,"session":"s1","stream":"chat","text":"SESSION RX_POLL poll","timestamp":1789344079.2907498},{"data_b64":"cz0zMTU4MTI0MSByeGRvbmU9Mjg=","description":"ble:LoRa-Chatter-1B44 44:1B:F6:8D:B7:A9 telemetry=on","device_key":"ble-address:44:1b:f6:8d:b7:a9","kind":"rx","seq":136,"session":"s1","stream":"chat","text":"s=31581241 rxdone=28","timestamp":1789344079.2912815},{"data_b64":"IGludGVydmFsPTEwMDB1cyBESU8=","description":"ble:LoRa-Chatter-1B44 44:1B:F6:8D:B7:A9 telemetry=on","device_key":"ble-address:44:1b:f6:8d:b7:a9","kind":"rx","seq":137,"session":"s1","stream":"chat","text":" interval=1000us DIO","timestamp":1789344079.2919397},{"data_b64":"MF9SWCBmYWxzZV9oaWdoX2VwPTA=","description":"ble:LoRa-Chatter-1B44 44:1B:F6:8D:B7:A9 telemetry=on","device_key":"ble-address:44:1b:f6:8d:b7:a9","kind":"rx","seq":138,"session":"s1","stream":"chat","text":"0_RX false_high_ep=0","timestamp":1789344079.2920432},{"data_b64":"IGhpZ2hfcG9sbHM9MCByeGRvbmU=","description":"ble:LoRa-Chatter-1B44 44:1B:F6:8D:B7:A9 telemetry=on","device_key":"ble-address:44:1b:f6:8d:b7:a9","kind":"rx","seq":139,"session":"s1","stream":"chat","text":" high_polls=0 rxdone","timestamp":1789344079.3249574},{"data_b64":"X2xvdz0wIGlzcj1kaXNhYmxlZAo=","description":"ble:LoRa-Chatter-1B44 44:1B:F6:8D:B7:A9 telemetry=on","device_key":"ble-address:44:1b:f6:8d:b7:a9","kind":"rx","seq":140,"session":"s1","stream":"chat","text":"_low=0 isr=disabled\n","timestamp":1789344079.3258855},{"data_b64":"U0VTU0lPTiBSWF9QT0xMIHBvbGw=","description":"ble:LoRa-Chatter-1B44 44:1B:F6:8D:B7:A9 telemetry=on","device_key":"ble-address:44:1b:f6:8d:b7:a9","kind":"rx","seq":141,"session":"s1","stream":"telemetry","text":"SESSION RX_POLL poll","timestamp":1789344079.3268235},{"data_b64":"cz0zMTU4MTI0MSByeGRvbmU9Mjg=","description":"ble:LoRa-Chatter-1B44 44:1B:F6:8D:B7:A9 telemetry=on","device_key":"ble-address:44:1b:f6:8d:b7:a9","kind":"rx","seq":142,"session":"s1","stream":"telemetry","text":"s=31581241 rxdone=28","timestamp":1789344079.3275383},{"data_b64":"IGludGVydmFsPTEwMDB1cyBESU8=","description":"ble:LoRa-Chatter-1B44 44:1B:F6:8D:B7:A9 telemetry=on","device_key":"ble-address:44:1b:f6:8d:b7:a9","kind":"rx","seq":143,"session":"s1","stream":"telemetry","text":" interval=1000us DIO","timestamp":1789344079.3283315},{"data_b64":"MF9SWCBmYWxzZV9oaWdoX2VwPTA=","description":"ble:LoRa-Chatter-1B44 44:1B:F6:8D:B7:A9 telemetry=on","device_key":"ble-address:44:1b:f6:8d:b7:a9","kind":"rx","seq":144,"session":"s1","stream":"telemetry","text":"0_RX false_high_ep=0","timestamp":1789344079.3289082},{"data_b64":"IGhpZ2hfcG9sbHM9MCByeGRvbmU=","description":"ble:LoRa-Chatter-1B44 44:1B:F6:8D:B7:A9 telemetry=on","device_key":"ble-address:44:1b:f6:8d:b7:a9","kind":"rx","seq":145,"session":"s1","stream":"telemetry","text":" high_polls=0 rxdone","timestamp":1789344079.3295383},{"data_b64":"X2xvdz0wIGlzcj1kaXNhYmxlZAo=","description":"ble:LoRa-Chatter-1B44 44:1B:F6:8D:B7:A9 telemetry=on","device_key":"ble-address:44:1b:f6:8d:b7:a9","kind":"rx","seq":146,"session":"s1","stream":"telemetry","text":"_low=0 isr=disabled\n","timestamp":1789344079.3302882}],"lines":[{"seq_first":97,"seq_last":97,"session":"s1","stream":"chat","text":""},{"seq_first":97,"seq_last":106,"session":"s1","stream":"chat","text":"SESSION t=31861s TX ok=91 user=85 echo_req=0 echo_rep=0 hb=0(idle=0) err=0 started=91 RX ok=20 user=6 echo_req=0 echo_rep=0 hb=0 crc=0 hdr=0 bad=8 readerr=0 reports=20 Q=100% drops=8 fatal=0"},{"seq_first":107,"seq_last":107,"session":"s1","stream":"telemetry","text":""},{"seq_first":107,"seq_last":116,"session":"s1","stream":"telemetry","text":"SESSION t=31861s TX ok=91 user=85 echo_req=0 echo_rep=0 hb=0(idle=0) err=0 started=91 RX ok=20 user=6 echo_req=0 echo_rep=0 hb=0 crc=0 hdr=0 bad=8 readerr=0 reports=20 Q=100% drops=8 fatal=0"},{"seq_first":117,"seq_last":120,"session":"s1","stream":"chat","text":"SESSION COURTESY window=9123ms peer_release=0 expired=0 yielding=0"},{"seq_first":121,"seq_last":124,"session":"s1","stream":"telemetry","text":"SESSION COURTESY window=9123ms peer_release=0 expired=0 yielding=0"},{"seq_first":125,"seq_last":129,"session":"s1","stream":"chat","text":"SESSION DIO0_TX affected=0/91 episodes=0 avg_all=0.00 avg_affected=0.00 high_polls=0"},{"seq_first":130,"seq_last":134,"session":"s1","stream":"telemetry","text":"SESSION DIO0_TX affected=0/91 episodes=0 avg_all=0.00 avg_affected=0.00 high_polls=0"},{"seq_first":135,"seq_last":140,"session":"s1","stream":"chat","text":"SESSION RX_POLL polls=31581241 rxdone=28 interval=1000us DIO0_RX false_high_ep=0 high_polls=0 rxdone_low=0 isr=disabled"},{"seq_first":141,"seq_last":146,"session":"s1","stream":"telemetry","text":"SESSION RX_POLL polls=31581241 rxdone=28 interval=1000us DIO0_RX false_high_ep=0 high_polls=0 rxdone_low=0 isr=disabled"}],"timed_out":false}}
2026-09-14T03:01:46.543+03:00 [AGENT REQUEST] {"id":13,"op":"send_line","session":"s1","text":"CANCEL_INFLIGHT_20260914T"}
2026-09-14T03:01:46.544+03:00 [TX] {"data_b64":"Q0FOQ0VMX0lORkxJR0hUXzIwMjYwOTE0VAo=","device_key":"ble-address:44:1b:f6:8d:b7:a9","kind":"tx","seq":147,"session":"s1","text":"CANCEL_INFLIGHT_20260914T","timestamp":1789344106.543413,"tx_id":3,"tx_state":"queued"}
2026-09-14T03:01:46.544+03:00 [AGENT RESPONSE] {"id":13,"ok":true,"result":{"state":"queued","tx_id":3}}
2026-09-14T03:01:46.545+03:00 [TX] {"data_b64":"Q0FOQ0VMX0lORkxJR0hUXzIwMjYwOTE0VAo=","description":"ble:LoRa-Chatter-1B44 44:1B:F6:8D:B7:A9 telemetry=on","device_key":"ble-address:44:1b:f6:8d:b7:a9","kind":"tx","seq":148,"session":"s1","text":"CANCEL_INFLIGHT_20260914T","timestamp":1789344106.5455046,"tx_id":3,"tx_state":"written"}
2026-09-14T03:01:46.640+03:00 [RX chat] {"data_b64":"REVMSVZFUlkgUVVFVUVEIHNvdXI=","description":"ble:LoRa-Chatter-1B44 44:1B:F6:8D:B7:A9 telemetry=on","device_key":"ble-address:44:1b:f6:8d:b7:a9","kind":"rx","seq":149,"session":"s1","stream":"chat","text":"DELIVERY QUEUED sour","timestamp":1789344106.6400044}
2026-09-14T03:01:46.641+03:00 [RX chat] {"data_b64":"Y2U9MiBieXRlcz0yNSB3YWl0aW4=","description":"ble:LoRa-Chatter-1B44 44:1B:F6:8D:B7:A9 telemetry=on","device_key":"ble-address:44:1b:f6:8d:b7:a9","kind":"rx","seq":150,"session":"s1","stream":"chat","text":"ce=2 bytes=25 waitin","timestamp":1789344106.6404524}
2026-09-14T03:01:46.642+03:00 [RX chat] {"data_b64":"Zz0xLzggaW5fZmxpZ2h0PTAK","description":"ble:LoRa-Chatter-1B44 44:1B:F6:8D:B7:A9 telemetry=on","device_key":"ble-address:44:1b:f6:8d:b7:a9","kind":"rx","seq":151,"session":"s1","stream":"chat","text":"g=1/8 in_flight=0\n","timestamp":1789344106.64173}
2026-09-14T03:01:46.642+03:00 [RX telemetry] {"data_b64":"REVMSVZFUlkgUVVFVUVEIHNvdXI=","description":"ble:LoRa-Chatter-1B44 44:1B:F6:8D:B7:A9 telemetry=on","device_key":"ble-address:44:1b:f6:8d:b7:a9","kind":"rx","seq":152,"session":"s1","stream":"telemetry","text":"DELIVERY QUEUED sour","timestamp":1789344106.6425083}
2026-09-14T03:01:46.643+03:00 [RX telemetry] {"data_b64":"Y2U9MiBieXRlcz0yNSB3YWl0aW4=","description":"ble:LoRa-Chatter-1B44 44:1B:F6:8D:B7:A9 telemetry=on","device_key":"ble-address:44:1b:f6:8d:b7:a9","kind":"rx","seq":153,"session":"s1","stream":"telemetry","text":"ce=2 bytes=25 waitin","timestamp":1789344106.6433883}
2026-09-14T03:01:46.647+03:00 [RX telemetry] {"data_b64":"Zz0xLzggaW5fZmxpZ2h0PTAK","description":"ble:LoRa-Chatter-1B44 44:1B:F6:8D:B7:A9 telemetry=on","device_key":"ble-address:44:1b:f6:8d:b7:a9","kind":"rx","seq":154,"session":"s1","stream":"telemetry","text":"g=1/8 in_flight=0\n","timestamp":1789344106.6470659}
2026-09-14T03:01:48.626+03:00 [RX chat] {"data_b64":"ClRYIFVTRVIgc2VxPTMxIGZyYW0=","description":"ble:LoRa-Chatter-1B44 44:1B:F6:8D:B7:A9 telemetry=on","device_key":"ble-address:44:1b:f6:8d:b7:a9","kind":"rx","seq":155,"session":"s1","stream":"chat","text":"\nTX USER seq=31 fram","timestamp":1789344108.6239831}
2026-09-14T03:01:48.626+03:00 [RX chat] {"data_b64":"ZT0zN0IgdXNlcj0yNUIgYXR0ZW0=","description":"ble:LoRa-Chatter-1B44 44:1B:F6:8D:B7:A9 telemetry=on","device_key":"ble-address:44:1b:f6:8d:b7:a9","kind":"rx","seq":156,"session":"s1","stream":"chat","text":"e=37B user=25B attem","timestamp":1789344108.6257765}
2026-09-14T03:01:48.628+03:00 [RX chat] {"data_b64":"cHQ9MS81IE9LIHRpbWU9MTk3NiA=","description":"ble:LoRa-Chatter-1B44 44:1B:F6:8D:B7:A9 telemetry=on","device_key":"ble-address:44:1b:f6:8d:b7:a9","kind":"rx","seq":157,"session":"s1","stream":"chat","text":"pt=1/5 OK time=1976 ","timestamp":1789344108.6280181}
2026-09-14T03:01:48.629+03:00 [RX chat] {"data_b64":"bXMK","description":"ble:LoRa-Chatter-1B44 44:1B:F6:8D:B7:A9 telemetry=on","device_key":"ble-address:44:1b:f6:8d:b7:a9","kind":"rx","seq":158,"session":"s1","stream":"chat","text":"ms\n","timestamp":1789344108.6281245}
2026-09-14T03:01:48.629+03:00 [RX telemetry] {"data_b64":"ClRYIFVTRVIgc2VxPTMxIGZyYW0=","description":"ble:LoRa-Chatter-1B44 44:1B:F6:8D:B7:A9 telemetry=on","device_key":"ble-address:44:1b:f6:8d:b7:a9","kind":"rx","seq":159,"session":"s1","stream":"telemetry","text":"\nTX USER seq=31 fram","timestamp":1789344108.6283014}
2026-09-14T03:01:48.630+03:00 [RX telemetry] {"data_b64":"ZT0zN0IgdXNlcj0yNUIgYXR0ZW0=","description":"ble:LoRa-Chatter-1B44 44:1B:F6:8D:B7:A9 telemetry=on","device_key":"ble-address:44:1b:f6:8d:b7:a9","kind":"rx","seq":160,"session":"s1","stream":"telemetry","text":"e=37B user=25B attem","timestamp":1789344108.6284313}
2026-09-14T03:01:48.630+03:00 [RX telemetry] {"data_b64":"cHQ9MS81IE9LIHRpbWU9MTk3NiA=","description":"ble:LoRa-Chatter-1B44 44:1B:F6:8D:B7:A9 telemetry=on","device_key":"ble-address:44:1b:f6:8d:b7:a9","kind":"rx","seq":161,"session":"s1","stream":"telemetry","text":"pt=1/5 OK time=1976 ","timestamp":1789344108.628486}
2026-09-14T03:01:48.630+03:00 [RX telemetry] {"data_b64":"bXMK","description":"ble:LoRa-Chatter-1B44 44:1B:F6:8D:B7:A9 telemetry=on","device_key":"ble-address:44:1b:f6:8d:b7:a9","kind":"rx","seq":162,"session":"s1","stream":"telemetry","text":"ms\n","timestamp":1789344108.6300714}
2026-09-14T03:01:48.631+03:00 [RX chat] {"data_b64":"PiBDQU5DRUxfSU5GTElHSFRfMjA=","description":"ble:LoRa-Chatter-1B44 44:1B:F6:8D:B7:A9 telemetry=on","device_key":"ble-address:44:1b:f6:8d:b7:a9","kind":"rx","seq":163,"session":"s1","stream":"chat","text":"> CANCEL_INFLIGHT_20","timestamp":1789344108.630187}
2026-09-14T03:01:48.632+03:00 [RX chat] {"data_b64":"MjYwOTE0VAo=","description":"ble:LoRa-Chatter-1B44 44:1B:F6:8D:B7:A9 telemetry=on","device_key":"ble-address:44:1b:f6:8d:b7:a9","kind":"rx","seq":164,"session":"s1","stream":"chat","text":"260914T\n","timestamp":1789344108.63152}
2026-09-14T03:01:48.632+03:00 [RX chat] {"data_b64":"REVMSVZFUlkgV0FJVF9BQ0sgdXM=","description":"ble:LoRa-Chatter-1B44 44:1B:F6:8D:B7:A9 telemetry=on","device_key":"ble-address:44:1b:f6:8d:b7:a9","kind":"rx","seq":165,"session":"s1","stream":"chat","text":"DELIVERY WAIT_ACK us","timestamp":1789344108.6317766}
2026-09-14T03:01:48.633+03:00 [RX chat] {"data_b64":"ZXI9RUMxNC8zMSBhdHRlbXB0PTE=","description":"ble:LoRa-Chatter-1B44 44:1B:F6:8D:B7:A9 telemetry=on","device_key":"ble-address:44:1b:f6:8d:b7:a9","kind":"rx","seq":166,"session":"s1","stream":"chat","text":"er=EC14/31 attempt=1","timestamp":1789344108.6331475}
2026-09-14T03:01:48.633+03:00 [RX chat] {"data_b64":"LzUgdGltZW91dD0xODU2bXMgcXU=","description":"ble:LoRa-Chatter-1B44 44:1B:F6:8D:B7:A9 telemetry=on","device_key":"ble-address:44:1b:f6:8d:b7:a9","kind":"rx","seq":167,"session":"s1","stream":"chat","text":"/5 timeout=1856ms qu","timestamp":1789344108.633276}
2026-09-14T03:01:48.635+03:00 [RX chat] {"data_b64":"ZXVlPTAK","description":"ble:LoRa-Chatter-1B44 44:1B:F6:8D:B7:A9 telemetry=on","device_key":"ble-address:44:1b:f6:8d:b7:a9","kind":"rx","seq":168,"session":"s1","stream":"chat","text":"eue=0\n","timestamp":1789344108.6343799}
2026-09-14T03:01:48.635+03:00 [RX telemetry] {"data_b64":"REVMSVZFUlkgV0FJVF9BQ0sgdXM=","description":"ble:LoRa-Chatter-1B44 44:1B:F6:8D:B7:A9 telemetry=on","device_key":"ble-address:44:1b:f6:8d:b7:a9","kind":"rx","seq":169,"session":"s1","stream":"telemetry","text":"DELIVERY WAIT_ACK us","timestamp":1789344108.6348581}
2026-09-14T03:01:48.640+03:00 [RX telemetry] {"data_b64":"ZXI9RUMxNC8zMSBhdHRlbXB0PTE=","description":"ble:LoRa-Chatter-1B44 44:1B:F6:8D:B7:A9 telemetry=on","device_key":"ble-address:44:1b:f6:8d:b7:a9","kind":"rx","seq":170,"session":"s1","stream":"telemetry","text":"er=EC14/31 attempt=1","timestamp":1789344108.6392987}
2026-09-14T03:01:48.640+03:00 [RX telemetry] {"data_b64":"LzUgdGltZW91dD0xODU2bXMgcXU=","description":"ble:LoRa-Chatter-1B44 44:1B:F6:8D:B7:A9 telemetry=on","device_key":"ble-address:44:1b:f6:8d:b7:a9","kind":"rx","seq":171,"session":"s1","stream":"telemetry","text":"/5 timeout=1856ms qu","timestamp":1789344108.6395483}
2026-09-14T03:01:48.641+03:00 [RX telemetry] {"data_b64":"ZXVlPTAK","description":"ble:LoRa-Chatter-1B44 44:1B:F6:8D:B7:A9 telemetry=on","device_key":"ble-address:44:1b:f6:8d:b7:a9","kind":"rx","seq":172,"session":"s1","stream":"telemetry","text":"eue=0\n","timestamp":1789344108.6396437}
2026-09-14T03:01:50.280+03:00 [AGENT REQUEST] {"id":14,"op":"observe","cursors":{"s1":146,"s2":151},"timeout_ms":10000}
2026-09-14T03:01:50.282+03:00 [AGENT RESPONSE] {"id":14,"ok":true,"result":{"cursors":{"s1":172,"s2":151},"events":[{"data_b64":"Q0FOQ0VMX0lORkxJR0hUXzIwMjYwOTE0VAo=","device_key":"ble-address:44:1b:f6:8d:b7:a9","kind":"tx","seq":147,"session":"s1","text":"CANCEL_INFLIGHT_20260914T","timestamp":1789344106.543413,"tx_id":3,"tx_state":"queued"},{"data_b64":"Q0FOQ0VMX0lORkxJR0hUXzIwMjYwOTE0VAo=","description":"ble:LoRa-Chatter-1B44 44:1B:F6:8D:B7:A9 telemetry=on","device_key":"ble-address:44:1b:f6:8d:b7:a9","kind":"tx","seq":148,"session":"s1","text":"CANCEL_INFLIGHT_20260914T","timestamp":1789344106.5455046,"tx_id":3,"tx_state":"written"},{"data_b64":"REVMSVZFUlkgUVVFVUVEIHNvdXI=","description":"ble:LoRa-Chatter-1B44 44:1B:F6:8D:B7:A9 telemetry=on","device_key":"ble-address:44:1b:f6:8d:b7:a9","kind":"rx","seq":149,"session":"s1","stream":"chat","text":"DELIVERY QUEUED sour","timestamp":1789344106.6400044},{"data_b64":"Y2U9MiBieXRlcz0yNSB3YWl0aW4=","description":"ble:LoRa-Chatter-1B44 44:1B:F6:8D:B7:A9 telemetry=on","device_key":"ble-address:44:1b:f6:8d:b7:a9","kind":"rx","seq":150,"session":"s1","stream":"chat","text":"ce=2 bytes=25 waitin","timestamp":1789344106.6404524},{"data_b64":"Zz0xLzggaW5fZmxpZ2h0PTAK","description":"ble:LoRa-Chatter-1B44 44:1B:F6:8D:B7:A9 telemetry=on","device_key":"ble-address:44:1b:f6:8d:b7:a9","kind":"rx","seq":151,"session":"s1","stream":"chat","text":"g=1/8 in_flight=0\n","timestamp":1789344106.64173},{"data_b64":"REVMSVZFUlkgUVVFVUVEIHNvdXI=","description":"ble:LoRa-Chatter-1B44 44:1B:F6:8D:B7:A9 telemetry=on","device_key":"ble-address:44:1b:f6:8d:b7:a9","kind":"rx","seq":152,"session":"s1","stream":"telemetry","text":"DELIVERY QUEUED sour","timestamp":1789344106.6425083},{"data_b64":"Y2U9MiBieXRlcz0yNSB3YWl0aW4=","description":"ble:LoRa-Chatter-1B44 44:1B:F6:8D:B7:A9 telemetry=on","device_key":"ble-address:44:1b:f6:8d:b7:a9","kind":"rx","seq":153,"session":"s1","stream":"telemetry","text":"ce=2 bytes=25 waitin","timestamp":1789344106.6433883},{"data_b64":"Zz0xLzggaW5fZmxpZ2h0PTAK","description":"ble:LoRa-Chatter-1B44 44:1B:F6:8D:B7:A9 telemetry=on","device_key":"ble-address:44:1b:f6:8d:b7:a9","kind":"rx","seq":154,"session":"s1","stream":"telemetry","text":"g=1/8 in_flight=0\n","timestamp":1789344106.6470659},{"data_b64":"ClRYIFVTRVIgc2VxPTMxIGZyYW0=","description":"ble:LoRa-Chatter-1B44 44:1B:F6:8D:B7:A9 telemetry=on","device_key":"ble-address:44:1b:f6:8d:b7:a9","kind":"rx","seq":155,"session":"s1","stream":"chat","text":"\nTX USER seq=31 fram","timestamp":1789344108.6239831},{"data_b64":"ZT0zN0IgdXNlcj0yNUIgYXR0ZW0=","description":"ble:LoRa-Chatter-1B44 44:1B:F6:8D:B7:A9 telemetry=on","device_key":"ble-address:44:1b:f6:8d:b7:a9","kind":"rx","seq":156,"session":"s1","stream":"chat","text":"e=37B user=25B attem","timestamp":1789344108.6257765},{"data_b64":"cHQ9MS81IE9LIHRpbWU9MTk3NiA=","description":"ble:LoRa-Chatter-1B44 44:1B:F6:8D:B7:A9 telemetry=on","device_key":"ble-address:44:1b:f6:8d:b7:a9","kind":"rx","seq":157,"session":"s1","stream":"chat","text":"pt=1/5 OK time=1976 ","timestamp":1789344108.6280181},{"data_b64":"bXMK","description":"ble:LoRa-Chatter-1B44 44:1B:F6:8D:B7:A9 telemetry=on","device_key":"ble-address:44:1b:f6:8d:b7:a9","kind":"rx","seq":158,"session":"s1","stream":"chat","text":"ms\n","timestamp":1789344108.6281245},{"data_b64":"ClRYIFVTRVIgc2VxPTMxIGZyYW0=","description":"ble:LoRa-Chatter-1B44 44:1B:F6:8D:B7:A9 telemetry=on","device_key":"ble-address:44:1b:f6:8d:b7:a9","kind":"rx","seq":159,"session":"s1","stream":"telemetry","text":"\nTX USER seq=31 fram","timestamp":1789344108.6283014},{"data_b64":"ZT0zN0IgdXNlcj0yNUIgYXR0ZW0=","description":"ble:LoRa-Chatter-1B44 44:1B:F6:8D:B7:A9 telemetry=on","device_key":"ble-address:44:1b:f6:8d:b7:a9","kind":"rx","seq":160,"session":"s1","stream":"telemetry","text":"e=37B user=25B attem","timestamp":1789344108.6284313},{"data_b64":"cHQ9MS81IE9LIHRpbWU9MTk3NiA=","description":"ble:LoRa-Chatter-1B44 44:1B:F6:8D:B7:A9 telemetry=on","device_key":"ble-address:44:1b:f6:8d:b7:a9","kind":"rx","seq":161,"session":"s1","stream":"telemetry","text":"pt=1/5 OK time=1976 ","timestamp":1789344108.628486},{"data_b64":"bXMK","description":"ble:LoRa-Chatter-1B44 44:1B:F6:8D:B7:A9 telemetry=on","device_key":"ble-address:44:1b:f6:8d:b7:a9","kind":"rx","seq":162,"session":"s1","stream":"telemetry","text":"ms\n","timestamp":1789344108.6300714},{"data_b64":"PiBDQU5DRUxfSU5GTElHSFRfMjA=","description":"ble:LoRa-Chatter-1B44 44:1B:F6:8D:B7:A9 telemetry=on","device_key":"ble-address:44:1b:f6:8d:b7:a9","kind":"rx","seq":163,"session":"s1","stream":"chat","text":"> CANCEL_INFLIGHT_20","timestamp":1789344108.630187},{"data_b64":"MjYwOTE0VAo=","description":"ble:LoRa-Chatter-1B44 44:1B:F6:8D:B7:A9 telemetry=on","device_key":"ble-address:44:1b:f6:8d:b7:a9","kind":"rx","seq":164,"session":"s1","stream":"chat","text":"260914T\n","timestamp":1789344108.63152},{"data_b64":"REVMSVZFUlkgV0FJVF9BQ0sgdXM=","description":"ble:LoRa-Chatter-1B44 44:1B:F6:8D:B7:A9 telemetry=on","device_key":"ble-address:44:1b:f6:8d:b7:a9","kind":"rx","seq":165,"session":"s1","stream":"chat","text":"DELIVERY WAIT_ACK us","timestamp":1789344108.6317766},{"data_b64":"ZXI9RUMxNC8zMSBhdHRlbXB0PTE=","description":"ble:LoRa-Chatter-1B44 44:1B:F6:8D:B7:A9 telemetry=on","device_key":"ble-address:44:1b:f6:8d:b7:a9","kind":"rx","seq":166,"session":"s1","stream":"chat","text":"er=EC14/31 attempt=1","timestamp":1789344108.6331475},{"data_b64":"LzUgdGltZW91dD0xODU2bXMgcXU=","description":"ble:LoRa-Chatter-1B44 44:1B:F6:8D:B7:A9 telemetry=on","device_key":"ble-address:44:1b:f6:8d:b7:a9","kind":"rx","seq":167,"session":"s1","stream":"chat","text":"/5 timeout=1856ms qu","timestamp":1789344108.633276},{"data_b64":"ZXVlPTAK","description":"ble:LoRa-Chatter-1B44 44:1B:F6:8D:B7:A9 telemetry=on","device_key":"ble-address:44:1b:f6:8d:b7:a9","kind":"rx","seq":168,"session":"s1","stream":"chat","text":"eue=0\n","timestamp":1789344108.6343799},{"data_b64":"REVMSVZFUlkgV0FJVF9BQ0sgdXM=","description":"ble:LoRa-Chatter-1B44 44:1B:F6:8D:B7:A9 telemetry=on","device_key":"ble-address:44:1b:f6:8d:b7:a9","kind":"rx","seq":169,"session":"s1","stream":"telemetry","text":"DELIVERY WAIT_ACK us","timestamp":1789344108.6348581},{"data_b64":"ZXI9RUMxNC8zMSBhdHRlbXB0PTE=","description":"ble:LoRa-Chatter-1B44 44:1B:F6:8D:B7:A9 telemetry=on","device_key":"ble-address:44:1b:f6:8d:b7:a9","kind":"rx","seq":170,"session":"s1","stream":"telemetry","text":"er=EC14/31 attempt=1","timestamp":1789344108.6392987},{"data_b64":"LzUgdGltZW91dD0xODU2bXMgcXU=","description":"ble:LoRa-Chatter-1B44 44:1B:F6:8D:B7:A9 telemetry=on","device_key":"ble-address:44:1b:f6:8d:b7:a9","kind":"rx","seq":171,"session":"s1","stream":"telemetry","text":"/5 timeout=1856ms qu","timestamp":1789344108.6395483},{"data_b64":"ZXVlPTAK","description":"ble:LoRa-Chatter-1B44 44:1B:F6:8D:B7:A9 telemetry=on","device_key":"ble-address:44:1b:f6:8d:b7:a9","kind":"rx","seq":172,"session":"s1","stream":"telemetry","text":"eue=0\n","timestamp":1789344108.6396437}],"lines":[{"seq_first":149,"seq_last":151,"session":"s1","stream":"chat","text":"DELIVERY QUEUED source=2 bytes=25 waiting=1/8 in_flight=0"},{"seq_first":152,"seq_last":154,"session":"s1","stream":"telemetry","text":"DELIVERY QUEUED source=2 bytes=25 waiting=1/8 in_flight=0"},{"seq_first":155,"seq_last":155,"session":"s1","stream":"chat","text":""},{"seq_first":155,"seq_last":158,"session":"s1","stream":"chat","text":"TX USER seq=31 frame=37B user=25B attempt=1/5 OK time=1976 ms"},{"seq_first":159,"seq_last":159,"session":"s1","stream":"telemetry","text":""},{"seq_first":159,"seq_last":162,"session":"s1","stream":"telemetry","text":"TX USER seq=31 frame=37B user=25B attempt=1/5 OK time=1976 ms"},{"seq_first":163,"seq_last":164,"session":"s1","stream":"chat","text":"> CANCEL_INFLIGHT_20260914T"},{"seq_first":165,"seq_last":168,"session":"s1","stream":"chat","text":"DELIVERY WAIT_ACK user=EC14/31 attempt=1/5 timeout=1856ms queue=0"},{"seq_first":169,"seq_last":172,"session":"s1","stream":"telemetry","text":"DELIVERY WAIT_ACK user=EC14/31 attempt=1/5 timeout=1856ms queue=0"}],"timed_out":false}}
2026-09-14T03:01:50.424+03:00 [RX chat] {"data_b64":"REVMSVZFUlkgQUNLIFRJTUVPVVQ=","description":"ble:LoRa-Chatter-1B44 44:1B:F6:8D:B7:A9 telemetry=on","device_key":"ble-address:44:1b:f6:8d:b7:a9","kind":"rx","seq":173,"session":"s1","stream":"chat","text":"DELIVERY ACK TIMEOUT","timestamp":1789344110.4241648}
2026-09-14T03:01:50.426+03:00 [RX chat] {"data_b64":"IHVzZXI9RUMxNC8zMSBhdHRlbXA=","description":"ble:LoRa-Chatter-1B44 44:1B:F6:8D:B7:A9 telemetry=on","device_key":"ble-address:44:1b:f6:8d:b7:a9","kind":"rx","seq":174,"session":"s1","stream":"chat","text":" user=EC14/31 attemp","timestamp":1789344110.426173}
2026-09-14T03:01:50.428+03:00 [RX chat] {"data_b64":"dD0xLzUK","description":"ble:LoRa-Chatter-1B44 44:1B:F6:8D:B7:A9 telemetry=on","device_key":"ble-address:44:1b:f6:8d:b7:a9","kind":"rx","seq":175,"session":"s1","stream":"chat","text":"t=1/5\n","timestamp":1789344110.4277105}
2026-09-14T03:01:50.428+03:00 [RX telemetry] {"data_b64":"REVMSVZFUlkgQUNLIFRJTUVPVVQ=","description":"ble:LoRa-Chatter-1B44 44:1B:F6:8D:B7:A9 telemetry=on","device_key":"ble-address:44:1b:f6:8d:b7:a9","kind":"rx","seq":176,"session":"s1","stream":"telemetry","text":"DELIVERY ACK TIMEOUT","timestamp":1789344110.4281733}
2026-09-14T03:01:50.429+03:00 [RX telemetry] {"data_b64":"IHVzZXI9RUMxNC8zMSBhdHRlbXA=","description":"ble:LoRa-Chatter-1B44 44:1B:F6:8D:B7:A9 telemetry=on","device_key":"ble-address:44:1b:f6:8d:b7:a9","kind":"rx","seq":177,"session":"s1","stream":"telemetry","text":" user=EC14/31 attemp","timestamp":1789344110.4289339}
2026-09-14T03:01:50.430+03:00 [RX telemetry] {"data_b64":"dD0xLzUK","description":"ble:LoRa-Chatter-1B44 44:1B:F6:8D:B7:A9 telemetry=on","device_key":"ble-address:44:1b:f6:8d:b7:a9","kind":"rx","seq":178,"session":"s1","stream":"telemetry","text":"t=1/5\n","timestamp":1789344110.429769}
2026-09-14T03:01:50.430+03:00 [RX chat] {"data_b64":"REVMSVZFUlkgUkVUUlkgdXNlcj0=","description":"ble:LoRa-Chatter-1B44 44:1B:F6:8D:B7:A9 telemetry=on","device_key":"ble-address:44:1b:f6:8d:b7:a9","kind":"rx","seq":179,"session":"s1","stream":"chat","text":"DELIVERY RETRY user=","timestamp":1789344110.4298677}
2026-09-14T03:01:50.430+03:00 [RX chat] {"data_b64":"RUMxNC8zMSBuZXh0X2F0dGVtcHQ=","description":"ble:LoRa-Chatter-1B44 44:1B:F6:8D:B7:A9 telemetry=on","device_key":"ble-address:44:1b:f6:8d:b7:a9","kind":"rx","seq":180,"session":"s1","stream":"chat","text":"EC14/31 next_attempt","timestamp":1789344110.4306448}
2026-09-14T03:01:50.468+03:00 [RX chat] {"data_b64":"PTIvNSBpbj0yODM5bXMK","description":"ble:LoRa-Chatter-1B44 44:1B:F6:8D:B7:A9 telemetry=on","device_key":"ble-address:44:1b:f6:8d:b7:a9","kind":"rx","seq":181,"session":"s1","stream":"chat","text":"=2/5 in=2839ms\n","timestamp":1789344110.4657772}
2026-09-14T03:01:50.469+03:00 [RX telemetry] {"data_b64":"REVMSVZFUlkgUkVUUlkgdXNlcj0=","description":"ble:LoRa-Chatter-1B44 44:1B:F6:8D:B7:A9 telemetry=on","device_key":"ble-address:44:1b:f6:8d:b7:a9","kind":"rx","seq":182,"session":"s1","stream":"telemetry","text":"DELIVERY RETRY user=","timestamp":1789344110.4676037}
2026-09-14T03:01:50.473+03:00 [RX telemetry] {"data_b64":"RUMxNC8zMSBuZXh0X2F0dGVtcHQ=","description":"ble:LoRa-Chatter-1B44 44:1B:F6:8D:B7:A9 telemetry=on","device_key":"ble-address:44:1b:f6:8d:b7:a9","kind":"rx","seq":183,"session":"s1","stream":"telemetry","text":"EC14/31 next_attempt","timestamp":1789344110.4725964}
2026-09-14T03:01:50.475+03:00 [RX telemetry] {"data_b64":"PTIvNSBpbj0yODM5bXMK","description":"ble:LoRa-Chatter-1B44 44:1B:F6:8D:B7:A9 telemetry=on","device_key":"ble-address:44:1b:f6:8d:b7:a9","kind":"rx","seq":184,"session":"s1","stream":"telemetry","text":"=2/5 in=2839ms\n","timestamp":1789344110.4754677}
2026-09-14T03:01:55.240+03:00 [RX chat] {"data_b64":"ClRYIFVTRVIgUkVUUlkgc2VxPTM=","description":"ble:LoRa-Chatter-1B44 44:1B:F6:8D:B7:A9 telemetry=on","device_key":"ble-address:44:1b:f6:8d:b7:a9","kind":"rx","seq":185,"session":"s1","stream":"chat","text":"\nTX USER RETRY seq=3","timestamp":1789344115.2400072}
2026-09-14T03:01:55.242+03:00 [RX chat] {"data_b64":"MSBmcmFtZT0zN0IgdXNlcj0yNUI=","description":"ble:LoRa-Chatter-1B44 44:1B:F6:8D:B7:A9 telemetry=on","device_key":"ble-address:44:1b:f6:8d:b7:a9","kind":"rx","seq":186,"session":"s1","stream":"chat","text":"1 frame=37B user=25B","timestamp":1789344115.2412155}
2026-09-14T03:01:55.242+03:00 [RX chat] {"data_b64":"IGF0dGVtcHQ9Mi81IE9LIHRpbWU=","description":"ble:LoRa-Chatter-1B44 44:1B:F6:8D:B7:A9 telemetry=on","device_key":"ble-address:44:1b:f6:8d:b7:a9","kind":"rx","seq":187,"session":"s1","stream":"chat","text":" attempt=2/5 OK time","timestamp":1789344115.2412913}
2026-09-14T03:01:55.242+03:00 [RX chat] {"data_b64":"PTE5NzUgbXMK","description":"ble:LoRa-Chatter-1B44 44:1B:F6:8D:B7:A9 telemetry=on","device_key":"ble-address:44:1b:f6:8d:b7:a9","kind":"rx","seq":188,"session":"s1","stream":"chat","text":"=1975 ms\n","timestamp":1789344115.2413223}
2026-09-14T03:01:55.242+03:00 [RX telemetry] {"data_b64":"ClRYIFVTRVIgUkVUUlkgc2VxPTM=","description":"ble:LoRa-Chatter-1B44 44:1B:F6:8D:B7:A9 telemetry=on","device_key":"ble-address:44:1b:f6:8d:b7:a9","kind":"rx","seq":189,"session":"s1","stream":"telemetry","text":"\nTX USER RETRY seq=3","timestamp":1789344115.241985}
2026-09-14T03:01:55.242+03:00 [RX telemetry] {"data_b64":"MSBmcmFtZT0zN0IgdXNlcj0yNUI=","description":"ble:LoRa-Chatter-1B44 44:1B:F6:8D:B7:A9 telemetry=on","device_key":"ble-address:44:1b:f6:8d:b7:a9","kind":"rx","seq":190,"session":"s1","stream":"telemetry","text":"1 frame=37B user=25B","timestamp":1789344115.2420614}
2026-09-14T03:01:55.242+03:00 [RX telemetry] {"data_b64":"IGF0dGVtcHQ9Mi81IE9LIHRpbWU=","description":"ble:LoRa-Chatter-1B44 44:1B:F6:8D:B7:A9 telemetry=on","device_key":"ble-address:44:1b:f6:8d:b7:a9","kind":"rx","seq":191,"session":"s1","stream":"telemetry","text":" attempt=2/5 OK time","timestamp":1789344115.2428088}
2026-09-14T03:01:55.280+03:00 [RX telemetry] {"data_b64":"PTE5NzUgbXMK","description":"ble:LoRa-Chatter-1B44 44:1B:F6:8D:B7:A9 telemetry=on","device_key":"ble-address:44:1b:f6:8d:b7:a9","kind":"rx","seq":192,"session":"s1","stream":"telemetry","text":"=1975 ms\n","timestamp":1789344115.2797601}
2026-09-14T03:01:55.280+03:00 [RX chat] {"data_b64":"REVMSVZFUlkgV0FJVF9BQ0sgdXM=","description":"ble:LoRa-Chatter-1B44 44:1B:F6:8D:B7:A9 telemetry=on","device_key":"ble-address:44:1b:f6:8d:b7:a9","kind":"rx","seq":193,"session":"s1","stream":"chat","text":"DELIVERY WAIT_ACK us","timestamp":1789344115.2806628}
2026-09-14T03:01:55.282+03:00 [RX chat] {"data_b64":"ZXI9RUMxNC8zMSBhdHRlbXB0PTI=","description":"ble:LoRa-Chatter-1B44 44:1B:F6:8D:B7:A9 telemetry=on","device_key":"ble-address:44:1b:f6:8d:b7:a9","kind":"rx","seq":194,"session":"s1","stream":"chat","text":"er=EC14/31 attempt=2","timestamp":1789344115.2818642}
2026-09-14T03:01:55.284+03:00 [RX chat] {"data_b64":"LzUgdGltZW91dD0xODU2bXMgcXU=","description":"ble:LoRa-Chatter-1B44 44:1B:F6:8D:B7:A9 telemetry=on","device_key":"ble-address:44:1b:f6:8d:b7:a9","kind":"rx","seq":195,"session":"s1","stream":"chat","text":"/5 timeout=1856ms qu","timestamp":1789344115.283163}
2026-09-14T03:01:55.284+03:00 [RX chat] {"data_b64":"ZXVlPTAK","description":"ble:LoRa-Chatter-1B44 44:1B:F6:8D:B7:A9 telemetry=on","device_key":"ble-address:44:1b:f6:8d:b7:a9","kind":"rx","seq":196,"session":"s1","stream":"chat","text":"eue=0\n","timestamp":1789344115.2833505}
2026-09-14T03:01:55.285+03:00 [RX telemetry] {"data_b64":"REVMSVZFUlkgV0FJVF9BQ0sgdXM=","description":"ble:LoRa-Chatter-1B44 44:1B:F6:8D:B7:A9 telemetry=on","device_key":"ble-address:44:1b:f6:8d:b7:a9","kind":"rx","seq":197,"session":"s1","stream":"telemetry","text":"DELIVERY WAIT_ACK us","timestamp":1789344115.2849393}
2026-09-14T03:01:55.289+03:00 [RX telemetry] {"data_b64":"ZXI9RUMxNC8zMSBhdHRlbXB0PTI=","description":"ble:LoRa-Chatter-1B44 44:1B:F6:8D:B7:A9 telemetry=on","device_key":"ble-address:44:1b:f6:8d:b7:a9","kind":"rx","seq":198,"session":"s1","stream":"telemetry","text":"er=EC14/31 attempt=2","timestamp":1789344115.2893014}
2026-09-14T03:01:55.290+03:00 [RX telemetry] {"data_b64":"LzUgdGltZW91dD0xODU2bXMgcXU=","description":"ble:LoRa-Chatter-1B44 44:1B:F6:8D:B7:A9 telemetry=on","device_key":"ble-address:44:1b:f6:8d:b7:a9","kind":"rx","seq":199,"session":"s1","stream":"telemetry","text":"/5 timeout=1856ms qu","timestamp":1789344115.290427}
2026-09-14T03:01:55.290+03:00 [RX telemetry] {"data_b64":"ZXVlPTAK","description":"ble:LoRa-Chatter-1B44 44:1B:F6:8D:B7:A9 telemetry=on","device_key":"ble-address:44:1b:f6:8d:b7:a9","kind":"rx","seq":200,"session":"s1","stream":"telemetry","text":"eue=0\n","timestamp":1789344115.290523}
2026-09-14T03:01:57.082+03:00 [RX chat] {"data_b64":"REVMSVZFUlkgQUNLIFRJTUVPVVQ=","description":"ble:LoRa-Chatter-1B44 44:1B:F6:8D:B7:A9 telemetry=on","device_key":"ble-address:44:1b:f6:8d:b7:a9","kind":"rx","seq":201,"session":"s1","stream":"chat","text":"DELIVERY ACK TIMEOUT","timestamp":1789344117.0817661}
2026-09-14T03:01:57.125+03:00 [RX chat] {"data_b64":"IHVzZXI9RUMxNC8zMSBhdHRlbXA=","description":"ble:LoRa-Chatter-1B44 44:1B:F6:8D:B7:A9 telemetry=on","device_key":"ble-address:44:1b:f6:8d:b7:a9","kind":"rx","seq":202,"session":"s1","stream":"chat","text":" user=EC14/31 attemp","timestamp":1789344117.1250155}
2026-09-14T03:01:57.126+03:00 [RX chat] {"data_b64":"dD0yLzUK","description":"ble:LoRa-Chatter-1B44 44:1B:F6:8D:B7:A9 telemetry=on","device_key":"ble-address:44:1b:f6:8d:b7:a9","kind":"rx","seq":203,"session":"s1","stream":"chat","text":"t=2/5\n","timestamp":1789344117.1258056}
2026-09-14T03:01:57.127+03:00 [RX telemetry] {"data_b64":"REVMSVZFUlkgQUNLIFRJTUVPVVQ=","description":"ble:LoRa-Chatter-1B44 44:1B:F6:8D:B7:A9 telemetry=on","device_key":"ble-address:44:1b:f6:8d:b7:a9","kind":"rx","seq":204,"session":"s1","stream":"telemetry","text":"DELIVERY ACK TIMEOUT","timestamp":1789344117.126908}
2026-09-14T03:01:57.128+03:00 [RX telemetry] {"data_b64":"IHVzZXI9RUMxNC8zMSBhdHRlbXA=","description":"ble:LoRa-Chatter-1B44 44:1B:F6:8D:B7:A9 telemetry=on","device_key":"ble-address:44:1b:f6:8d:b7:a9","kind":"rx","seq":205,"session":"s1","stream":"telemetry","text":" user=EC14/31 attemp","timestamp":1789344117.1275787}
2026-09-14T03:01:57.128+03:00 [RX telemetry] {"data_b64":"dD0yLzUK","description":"ble:LoRa-Chatter-1B44 44:1B:F6:8D:B7:A9 telemetry=on","device_key":"ble-address:44:1b:f6:8d:b7:a9","kind":"rx","seq":206,"session":"s1","stream":"telemetry","text":"t=2/5\n","timestamp":1789344117.1278415}
2026-09-14T03:01:57.129+03:00 [RX chat] {"data_b64":"REVMSVZFUlkgUkVUUlkgdXNlcj0=","description":"ble:LoRa-Chatter-1B44 44:1B:F6:8D:B7:A9 telemetry=on","device_key":"ble-address:44:1b:f6:8d:b7:a9","kind":"rx","seq":207,"session":"s1","stream":"chat","text":"DELIVERY RETRY user=","timestamp":1789344117.1287808}
2026-09-14T03:01:57.130+03:00 [RX chat] {"data_b64":"RUMxNC8zMSBuZXh0X2F0dGVtcHQ=","description":"ble:LoRa-Chatter-1B44 44:1B:F6:8D:B7:A9 telemetry=on","device_key":"ble-address:44:1b:f6:8d:b7:a9","kind":"rx","seq":208,"session":"s1","stream":"chat","text":"EC14/31 next_attempt","timestamp":1789344117.1294436}
2026-09-14T03:01:57.131+03:00 [RX chat] {"data_b64":"PTMvNSBpbj00Mjk0bXMK","description":"ble:LoRa-Chatter-1B44 44:1B:F6:8D:B7:A9 telemetry=on","device_key":"ble-address:44:1b:f6:8d:b7:a9","kind":"rx","seq":209,"session":"s1","stream":"chat","text":"=3/5 in=4294ms\n","timestamp":1789344117.1303375}
2026-09-14T03:01:57.131+03:00 [RX telemetry] {"data_b64":"REVMSVZFUlkgUkVUUlkgdXNlcj0=","description":"ble:LoRa-Chatter-1B44 44:1B:F6:8D:B7:A9 telemetry=on","device_key":"ble-address:44:1b:f6:8d:b7:a9","kind":"rx","seq":210,"session":"s1","stream":"telemetry","text":"DELIVERY RETRY user=","timestamp":1789344117.1312606}
2026-09-14T03:01:57.134+03:00 [RX telemetry] {"data_b64":"RUMxNC8zMSBuZXh0X2F0dGVtcHQ=","description":"ble:LoRa-Chatter-1B44 44:1B:F6:8D:B7:A9 telemetry=on","device_key":"ble-address:44:1b:f6:8d:b7:a9","kind":"rx","seq":211,"session":"s1","stream":"telemetry","text":"EC14/31 next_attempt","timestamp":1789344117.133611}
2026-09-14T03:01:57.134+03:00 [RX telemetry] {"data_b64":"PTMvNSBpbj00Mjk0bXMK","description":"ble:LoRa-Chatter-1B44 44:1B:F6:8D:B7:A9 telemetry=on","device_key":"ble-address:44:1b:f6:8d:b7:a9","kind":"rx","seq":212,"session":"s1","stream":"telemetry","text":"=3/5 in=4294ms\n","timestamp":1789344117.133712}
2026-09-14T03:02:03.381+03:00 [RX chat] {"data_b64":"ClRYIFVTRVIgUkVUUlkgc2VxPTM=","description":"ble:LoRa-Chatter-1B44 44:1B:F6:8D:B7:A9 telemetry=on","device_key":"ble-address:44:1b:f6:8d:b7:a9","kind":"rx","seq":213,"session":"s1","stream":"chat","text":"\nTX USER RETRY seq=3","timestamp":1789344123.3808217}
2026-09-14T03:02:03.381+03:00 [RX chat] {"data_b64":"MSBmcmFtZT0zN0IgdXNlcj0yNUI=","description":"ble:LoRa-Chatter-1B44 44:1B:F6:8D:B7:A9 telemetry=on","device_key":"ble-address:44:1b:f6:8d:b7:a9","kind":"rx","seq":214,"session":"s1","stream":"chat","text":"1 frame=37B user=25B","timestamp":1789344123.381615}
2026-09-14T03:02:03.383+03:00 [RX chat] {"data_b64":"IGF0dGVtcHQ9My81IE9LIHRpbWU=","description":"ble:LoRa-Chatter-1B44 44:1B:F6:8D:B7:A9 telemetry=on","device_key":"ble-address:44:1b:f6:8d:b7:a9","kind":"rx","seq":215,"session":"s1","stream":"chat","text":" attempt=3/5 OK time","timestamp":1789344123.3817039}
2026-09-14T03:02:03.384+03:00 [RX chat] {"data_b64":"PTE5NzUgbXMK","description":"ble:LoRa-Chatter-1B44 44:1B:F6:8D:B7:A9 telemetry=on","device_key":"ble-address:44:1b:f6:8d:b7:a9","kind":"rx","seq":216,"session":"s1","stream":"chat","text":"=1975 ms\n","timestamp":1789344123.3836327}
2026-09-14T03:02:03.384+03:00 [RX telemetry] {"data_b64":"ClRYIFVTRVIgUkVUUlkgc2VxPTM=","description":"ble:LoRa-Chatter-1B44 44:1B:F6:8D:B7:A9 telemetry=on","device_key":"ble-address:44:1b:f6:8d:b7:a9","kind":"rx","seq":217,"session":"s1","stream":"telemetry","text":"\nTX USER RETRY seq=3","timestamp":1789344123.3841298}
2026-09-14T03:02:03.385+03:00 [RX telemetry] {"data_b64":"MSBmcmFtZT0zN0IgdXNlcj0yNUI=","description":"ble:LoRa-Chatter-1B44 44:1B:F6:8D:B7:A9 telemetry=on","device_key":"ble-address:44:1b:f6:8d:b7:a9","kind":"rx","seq":218,"session":"s1","stream":"telemetry","text":"1 frame=37B user=25B","timestamp":1789344123.3854966}
2026-09-14T03:02:03.386+03:00 [RX telemetry] {"data_b64":"IGF0dGVtcHQ9My81IE9LIHRpbWU=","description":"ble:LoRa-Chatter-1B44 44:1B:F6:8D:B7:A9 telemetry=on","device_key":"ble-address:44:1b:f6:8d:b7:a9","kind":"rx","seq":219,"session":"s1","stream":"telemetry","text":" attempt=3/5 OK time","timestamp":1789344123.385614}
2026-09-14T03:02:03.386+03:00 [RX telemetry] {"data_b64":"PTE5NzUgbXMK","description":"ble:LoRa-Chatter-1B44 44:1B:F6:8D:B7:A9 telemetry=on","device_key":"ble-address:44:1b:f6:8d:b7:a9","kind":"rx","seq":220,"session":"s1","stream":"telemetry","text":"=1975 ms\n","timestamp":1789344123.3865323}
2026-09-14T03:02:03.387+03:00 [RX chat] {"data_b64":"REVMSVZFUlkgV0FJVF9BQ0sgdXM=","description":"ble:LoRa-Chatter-1B44 44:1B:F6:8D:B7:A9 telemetry=on","device_key":"ble-address:44:1b:f6:8d:b7:a9","kind":"rx","seq":221,"session":"s1","stream":"chat","text":"DELIVERY WAIT_ACK us","timestamp":1789344123.3872437}
2026-09-14T03:02:03.387+03:00 [RX chat] {"data_b64":"ZXI9RUMxNC8zMSBhdHRlbXB0PTM=","description":"ble:LoRa-Chatter-1B44 44:1B:F6:8D:B7:A9 telemetry=on","device_key":"ble-address:44:1b:f6:8d:b7:a9","kind":"rx","seq":222,"session":"s1","stream":"chat","text":"er=EC14/31 attempt=3","timestamp":1789344123.38733}
2026-09-14T03:02:03.389+03:00 [RX chat] {"data_b64":"LzUgdGltZW91dD0xODU2bXMgcXU=","description":"ble:LoRa-Chatter-1B44 44:1B:F6:8D:B7:A9 telemetry=on","device_key":"ble-address:44:1b:f6:8d:b7:a9","kind":"rx","seq":223,"session":"s1","stream":"chat","text":"/5 timeout=1856ms qu","timestamp":1789344123.3884811}
2026-09-14T03:02:03.389+03:00 [RX chat] {"data_b64":"ZXVlPTAK","description":"ble:LoRa-Chatter-1B44 44:1B:F6:8D:B7:A9 telemetry=on","device_key":"ble-address:44:1b:f6:8d:b7:a9","kind":"rx","seq":224,"session":"s1","stream":"chat","text":"eue=0\n","timestamp":1789344123.3885584}
2026-09-14T03:02:03.389+03:00 [RX telemetry] {"data_b64":"REVMSVZFUlkgV0FJVF9BQ0sgdXM=","description":"ble:LoRa-Chatter-1B44 44:1B:F6:8D:B7:A9 telemetry=on","device_key":"ble-address:44:1b:f6:8d:b7:a9","kind":"rx","seq":225,"session":"s1","stream":"telemetry","text":"DELIVERY WAIT_ACK us","timestamp":1789344123.3890183}
2026-09-14T03:02:03.390+03:00 [RX telemetry] {"data_b64":"ZXI9RUMxNC8zMSBhdHRlbXB0PTM=","description":"ble:LoRa-Chatter-1B44 44:1B:F6:8D:B7:A9 telemetry=on","device_key":"ble-address:44:1b:f6:8d:b7:a9","kind":"rx","seq":226,"session":"s1","stream":"telemetry","text":"er=EC14/31 attempt=3","timestamp":1789344123.389819}
2026-09-14T03:02:03.390+03:00 [RX telemetry] {"data_b64":"LzUgdGltZW91dD0xODU2bXMgcXU=","description":"ble:LoRa-Chatter-1B44 44:1B:F6:8D:B7:A9 telemetry=on","device_key":"ble-address:44:1b:f6:8d:b7:a9","kind":"rx","seq":227,"session":"s1","stream":"telemetry","text":"/5 timeout=1856ms qu","timestamp":1789344123.3904564}
2026-09-14T03:02:03.391+03:00 [RX telemetry] {"data_b64":"ZXVlPTAK","description":"ble:LoRa-Chatter-1B44 44:1B:F6:8D:B7:A9 telemetry=on","device_key":"ble-address:44:1b:f6:8d:b7:a9","kind":"rx","seq":228,"session":"s1","stream":"telemetry","text":"eue=0\n","timestamp":1789344123.391156}
2026-09-14T03:02:05.272+03:00 [RX chat] {"data_b64":"REVMSVZFUlkgQUNLIFRJTUVPVVQ=","description":"ble:LoRa-Chatter-1B44 44:1B:F6:8D:B7:A9 telemetry=on","device_key":"ble-address:44:1b:f6:8d:b7:a9","kind":"rx","seq":229,"session":"s1","stream":"chat","text":"DELIVERY ACK TIMEOUT","timestamp":1789344125.2719426}
2026-09-14T03:02:05.273+03:00 [RX chat] {"data_b64":"IHVzZXI9RUMxNC8zMSBhdHRlbXA=","description":"ble:LoRa-Chatter-1B44 44:1B:F6:8D:B7:A9 telemetry=on","device_key":"ble-address:44:1b:f6:8d:b7:a9","kind":"rx","seq":230,"session":"s1","stream":"chat","text":" user=EC14/31 attemp","timestamp":1789344125.273014}
2026-09-14T03:02:05.273+03:00 [RX chat] {"data_b64":"dD0zLzUK","description":"ble:LoRa-Chatter-1B44 44:1B:F6:8D:B7:A9 telemetry=on","device_key":"ble-address:44:1b:f6:8d:b7:a9","kind":"rx","seq":231,"session":"s1","stream":"chat","text":"t=3/5\n","timestamp":1789344125.2731023}
2026-09-14T03:02:05.274+03:00 [RX telemetry] {"data_b64":"REVMSVZFUlkgQUNLIFRJTUVPVVQ=","description":"ble:LoRa-Chatter-1B44 44:1B:F6:8D:B7:A9 telemetry=on","device_key":"ble-address:44:1b:f6:8d:b7:a9","kind":"rx","seq":232,"session":"s1","stream":"telemetry","text":"DELIVERY ACK TIMEOUT","timestamp":1789344125.273958}
2026-09-14T03:02:05.275+03:00 [RX telemetry] {"data_b64":"IHVzZXI9RUMxNC8zMSBhdHRlbXA=","description":"ble:LoRa-Chatter-1B44 44:1B:F6:8D:B7:A9 telemetry=on","device_key":"ble-address:44:1b:f6:8d:b7:a9","kind":"rx","seq":233,"session":"s1","stream":"telemetry","text":" user=EC14/31 attemp","timestamp":1789344125.275112}
2026-09-14T03:02:05.275+03:00 [RX telemetry] {"data_b64":"dD0zLzUK","description":"ble:LoRa-Chatter-1B44 44:1B:F6:8D:B7:A9 telemetry=on","device_key":"ble-address:44:1b:f6:8d:b7:a9","kind":"rx","seq":234,"session":"s1","stream":"telemetry","text":"t=3/5\n","timestamp":1789344125.2751987}
2026-09-14T03:02:05.275+03:00 [RX chat] {"data_b64":"REVMSVZFUlkgUkVUUlkgdXNlcj0=","description":"ble:LoRa-Chatter-1B44 44:1B:F6:8D:B7:A9 telemetry=on","device_key":"ble-address:44:1b:f6:8d:b7:a9","kind":"rx","seq":235,"session":"s1","stream":"chat","text":"DELIVERY RETRY user=","timestamp":1789344125.2752566}
2026-09-14T03:02:05.321+03:00 [RX chat] {"data_b64":"RUMxNC8zMSBuZXh0X2F0dGVtcHQ=","description":"ble:LoRa-Chatter-1B44 44:1B:F6:8D:B7:A9 telemetry=on","device_key":"ble-address:44:1b:f6:8d:b7:a9","kind":"rx","seq":236,"session":"s1","stream":"chat","text":"EC14/31 next_attempt","timestamp":1789344125.319444}
2026-09-14T03:02:05.321+03:00 [RX chat] {"data_b64":"PTQvNSBpbj00MzcybXMK","description":"ble:LoRa-Chatter-1B44 44:1B:F6:8D:B7:A9 telemetry=on","device_key":"ble-address:44:1b:f6:8d:b7:a9","kind":"rx","seq":237,"session":"s1","stream":"chat","text":"=4/5 in=4372ms\n","timestamp":1789344125.3196335}
2026-09-14T03:02:05.322+03:00 [RX telemetry] {"data_b64":"REVMSVZFUlkgUkVUUlkgdXNlcj0=","description":"ble:LoRa-Chatter-1B44 44:1B:F6:8D:B7:A9 telemetry=on","device_key":"ble-address:44:1b:f6:8d:b7:a9","kind":"rx","seq":238,"session":"s1","stream":"telemetry","text":"DELIVERY RETRY user=","timestamp":1789344125.3212826}
2026-09-14T03:02:05.322+03:00 [RX telemetry] {"data_b64":"RUMxNC8zMSBuZXh0X2F0dGVtcHQ=","description":"ble:LoRa-Chatter-1B44 44:1B:F6:8D:B7:A9 telemetry=on","device_key":"ble-address:44:1b:f6:8d:b7:a9","kind":"rx","seq":239,"session":"s1","stream":"telemetry","text":"EC14/31 next_attempt","timestamp":1789344125.3213515}
2026-09-14T03:02:05.322+03:00 [RX telemetry] {"data_b64":"PTQvNSBpbj00MzcybXMK","description":"ble:LoRa-Chatter-1B44 44:1B:F6:8D:B7:A9 telemetry=on","device_key":"ble-address:44:1b:f6:8d:b7:a9","kind":"rx","seq":240,"session":"s1","stream":"telemetry","text":"=4/5 in=4372ms\n","timestamp":1789344125.3214037}
2026-09-14T03:02:08.563+03:00 [AGENT REQUEST] {"id":15,"op":"send_line","session":"s1","text":"/cancel"}
2026-09-14T03:02:08.564+03:00 [TX] {"data_b64":"L2NhbmNlbAo=","device_key":"ble-address:44:1b:f6:8d:b7:a9","kind":"tx","seq":241,"session":"s1","text":"/cancel","timestamp":1789344128.564017,"tx_id":4,"tx_state":"queued"}
2026-09-14T03:02:08.565+03:00 [AGENT RESPONSE] {"id":15,"ok":true,"result":{"state":"queued","tx_id":4}}
2026-09-14T03:02:08.565+03:00 [AGENT REQUEST] {"id":16,"op":"observe","cursors":{"s1":172,"s2":151},"timeout_ms":5000}
2026-09-14T03:02:08.572+03:00 [AGENT RESPONSE] {"id":16,"ok":true,"result":{"cursors":{"s1":241,"s2":151},"events":[{"data_b64":"REVMSVZFUlkgQUNLIFRJTUVPVVQ=","description":"ble:LoRa-Chatter-1B44 44:1B:F6:8D:B7:A9 telemetry=on","device_key":"ble-address:44:1b:f6:8d:b7:a9","kind":"rx","seq":173,"session":"s1","stream":"chat","text":"DELIVERY ACK TIMEOUT","timestamp":1789344110.4241648},{"data_b64":"IHVzZXI9RUMxNC8zMSBhdHRlbXA=","description":"ble:LoRa-Chatter-1B44 44:1B:F6:8D:B7:A9 telemetry=on","device_key":"ble-address:44:1b:f6:8d:b7:a9","kind":"rx","seq":174,"session":"s1","stream":"chat","text":" user=EC14/31 attemp","timestamp":1789344110.426173},{"data_b64":"dD0xLzUK","description":"ble:LoRa-Chatter-1B44 44:1B:F6:8D:B7:A9 telemetry=on","device_key":"ble-address:44:1b:f6:8d:b7:a9","kind":"rx","seq":175,"session":"s1","stream":"chat","text":"t=1/5\n","timestamp":1789344110.4277105},{"data_b64":"REVMSVZFUlkgQUNLIFRJTUVPVVQ=","description":"ble:LoRa-Chatter-1B44 44:1B:F6:8D:B7:A9 telemetry=on","device_key":"ble-address:44:1b:f6:8d:b7:a9","kind":"rx","seq":176,"session":"s1","stream":"telemetry","text":"DELIVERY ACK TIMEOUT","timestamp":1789344110.4281733},{"data_b64":"IHVzZXI9RUMxNC8zMSBhdHRlbXA=","description":"ble:LoRa-Chatter-1B44 44:1B:F6:8D:B7:A9 telemetry=on","device_key":"ble-address:44:1b:f6:8d:b7:a9","kind":"rx","seq":177,"session":"s1","stream":"telemetry","text":" user=EC14/31 attemp","timestamp":1789344110.4289339},{"data_b64":"dD0xLzUK","description":"ble:LoRa-Chatter-1B44 44:1B:F6:8D:B7:A9 telemetry=on","device_key":"ble-address:44:1b:f6:8d:b7:a9","kind":"rx","seq":178,"session":"s1","stream":"telemetry","text":"t=1/5\n","timestamp":1789344110.429769},{"data_b64":"REVMSVZFUlkgUkVUUlkgdXNlcj0=","description":"ble:LoRa-Chatter-1B44 44:1B:F6:8D:B7:A9 telemetry=on","device_key":"ble-address:44:1b:f6:8d:b7:a9","kind":"rx","seq":179,"session":"s1","stream":"chat","text":"DELIVERY RETRY user=","timestamp":1789344110.4298677},{"data_b64":"RUMxNC8zMSBuZXh0X2F0dGVtcHQ=","description":"ble:LoRa-Chatter-1B44 44:1B:F6:8D:B7:A9 telemetry=on","device_key":"ble-address:44:1b:f6:8d:b7:a9","kind":"rx","seq":180,"session":"s1","stream":"chat","text":"EC14/31 next_attempt","timestamp":1789344110.4306448},{"data_b64":"PTIvNSBpbj0yODM5bXMK","description":"ble:LoRa-Chatter-1B44 44:1B:F6:8D:B7:A9 telemetry=on","device_key":"ble-address:44:1b:f6:8d:b7:a9","kind":"rx","seq":181,"session":"s1","stream":"chat","text":"=2/5 in=2839ms\n","timestamp":1789344110.4657772},{"data_b64":"REVMSVZFUlkgUkVUUlkgdXNlcj0=","description":"ble:LoRa-Chatter-1B44 44:1B:F6:8D:B7:A9 telemetry=on","device_key":"ble-address:44:1b:f6:8d:b7:a9","kind":"rx","seq":182,"session":"s1","stream":"telemetry","text":"DELIVERY RETRY user=","timestamp":1789344110.4676037},{"data_b64":"RUMxNC8zMSBuZXh0X2F0dGVtcHQ=","description":"ble:LoRa-Chatter-1B44 44:1B:F6:8D:B7:A9 telemetry=on","device_key":"ble-address:44:1b:f6:8d:b7:a9","kind":"rx","seq":183,"session":"s1","stream":"telemetry","text":"EC14/31 next_attempt","timestamp":1789344110.4725964},{"data_b64":"PTIvNSBpbj0yODM5bXMK","description":"ble:LoRa-Chatter-1B44 44:1B:F6:8D:B7:A9 telemetry=on","device_key":"ble-address:44:1b:f6:8d:b7:a9","kind":"rx","seq":184,"session":"s1","stream":"telemetry","text":"=2/5 in=2839ms\n","timestamp":1789344110.4754677},{"data_b64":"ClRYIFVTRVIgUkVUUlkgc2VxPTM=","description":"ble:LoRa-Chatter-1B44 44:1B:F6:8D:B7:A9 telemetry=on","device_key":"ble-address:44:1b:f6:8d:b7:a9","kind":"rx","seq":185,"session":"s1","stream":"chat","text":"\nTX USER RETRY seq=3","timestamp":1789344115.2400072},{"data_b64":"MSBmcmFtZT0zN0IgdXNlcj0yNUI=","description":"ble:LoRa-Chatter-1B44 44:1B:F6:8D:B7:A9 telemetry=on","device_key":"ble-address:44:1b:f6:8d:b7:a9","kind":"rx","seq":186,"session":"s1","stream":"chat","text":"1 frame=37B user=25B","timestamp":1789344115.2412155},{"data_b64":"IGF0dGVtcHQ9Mi81IE9LIHRpbWU=","description":"ble:LoRa-Chatter-1B44 44:1B:F6:8D:B7:A9 telemetry=on","device_key":"ble-address:44:1b:f6:8d:b7:a9","kind":"rx","seq":187,"session":"s1","stream":"chat","text":" attempt=2/5 OK time","timestamp":1789344115.2412913},{"data_b64":"PTE5NzUgbXMK","description":"ble:LoRa-Chatter-1B44 44:1B:F6:8D:B7:A9 telemetry=on","device_key":"ble-address:44:1b:f6:8d:b7:a9","kind":"rx","seq":188,"session":"s1","stream":"chat","text":"=1975 ms\n","timestamp":1789344115.2413223},{"data_b64":"ClRYIFVTRVIgUkVUUlkgc2VxPTM=","description":"ble:LoRa-Chatter-1B44 44:1B:F6:8D:B7:A9 telemetry=on","device_key":"ble-address:44:1b:f6:8d:b7:a9","kind":"rx","seq":189,"session":"s1","stream":"telemetry","text":"\nTX USER RETRY seq=3","timestamp":1789344115.241985},{"data_b64":"MSBmcmFtZT0zN0IgdXNlcj0yNUI=","description":"ble:LoRa-Chatter-1B44 44:1B:F6:8D:B7:A9 telemetry=on","device_key":"ble-address:44:1b:f6:8d:b7:a9","kind":"rx","seq":190,"session":"s1","stream":"telemetry","text":"1 frame=37B user=25B","timestamp":1789344115.2420614},{"data_b64":"IGF0dGVtcHQ9Mi81IE9LIHRpbWU=","description":"ble:LoRa-Chatter-1B44 44:1B:F6:8D:B7:A9 telemetry=on","device_key":"ble-address:44:1b:f6:8d:b7:a9","kind":"rx","seq":191,"session":"s1","stream":"telemetry","text":" attempt=2/5 OK time","timestamp":1789344115.2428088},{"data_b64":"PTE5NzUgbXMK","description":"ble:LoRa-Chatter-1B44 44:1B:F6:8D:B7:A9 telemetry=on","device_key":"ble-address:44:1b:f6:8d:b7:a9","kind":"rx","seq":192,"session":"s1","stream":"telemetry","text":"=1975 ms\n","timestamp":1789344115.2797601},{"data_b64":"REVMSVZFUlkgV0FJVF9BQ0sgdXM=","description":"ble:LoRa-Chatter-1B44 44:1B:F6:8D:B7:A9 telemetry=on","device_key":"ble-address:44:1b:f6:8d:b7:a9","kind":"rx","seq":193,"session":"s1","stream":"chat","text":"DELIVERY WAIT_ACK us","timestamp":1789344115.2806628},{"data_b64":"ZXI9RUMxNC8zMSBhdHRlbXB0PTI=","description":"ble:LoRa-Chatter-1B44 44:1B:F6:8D:B7:A9 telemetry=on","device_key":"ble-address:44:1b:f6:8d:b7:a9","kind":"rx","seq":194,"session":"s1","stream":"chat","text":"er=EC14/31 attempt=2","timestamp":1789344115.2818642},{"data_b64":"LzUgdGltZW91dD0xODU2bXMgcXU=","description":"ble:LoRa-Chatter-1B44 44:1B:F6:8D:B7:A9 telemetry=on","device_key":"ble-address:44:1b:f6:8d:b7:a9","kind":"rx","seq":195,"session":"s1","stream":"chat","text":"/5 timeout=1856ms qu","timestamp":1789344115.283163},{"data_b64":"ZXVlPTAK","description":"ble:LoRa-Chatter-1B44 44:1B:F6:8D:B7:A9 telemetry=on","device_key":"ble-address:44:1b:f6:8d:b7:a9","kind":"rx","seq":196,"session":"s1","stream":"chat","text":"eue=0\n","timestamp":1789344115.2833505},{"data_b64":"REVMSVZFUlkgV0FJVF9BQ0sgdXM=","description":"ble:LoRa-Chatter-1B44 44:1B:F6:8D:B7:A9 telemetry=on","device_key":"ble-address:44:1b:f6:8d:b7:a9","kind":"rx","seq":197,"session":"s1","stream":"telemetry","text":"DELIVERY WAIT_ACK us","timestamp":1789344115.2849393},{"data_b64":"ZXI9RUMxNC8zMSBhdHRlbXB0PTI=","description":"ble:LoRa-Chatter-1B44 44:1B:F6:8D:B7:A9 telemetry=on","device_key":"ble-address:44:1b:f6:8d:b7:a9","kind":"rx","seq":198,"session":"s1","stream":"telemetry","text":"er=EC14/31 attempt=2","timestamp":1789344115.2893014},{"data_b64":"LzUgdGltZW91dD0xODU2bXMgcXU=","description":"ble:LoRa-Chatter-1B44 44:1B:F6:8D:B7:A9 telemetry=on","device_key":"ble-address:44:1b:f6:8d:b7:a9","kind":"rx","seq":199,"session":"s1","stream":"telemetry","text":"/5 timeout=1856ms qu","timestamp":1789344115.290427},{"data_b64":"ZXVlPTAK","description":"ble:LoRa-Chatter-1B44 44:1B:F6:8D:B7:A9 telemetry=on","device_key":"ble-address:44:1b:f6:8d:b7:a9","kind":"rx","seq":200,"session":"s1","stream":"telemetry","text":"eue=0\n","timestamp":1789344115.290523},{"data_b64":"REVMSVZFUlkgQUNLIFRJTUVPVVQ=","description":"ble:LoRa-Chatter-1B44 44:1B:F6:8D:B7:A9 telemetry=on","device_key":"ble-address:44:1b:f6:8d:b7:a9","kind":"rx","seq":201,"session":"s1","stream":"chat","text":"DELIVERY ACK TIMEOUT","timestamp":1789344117.0817661},{"data_b64":"IHVzZXI9RUMxNC8zMSBhdHRlbXA=","description":"ble:LoRa-Chatter-1B44 44:1B:F6:8D:B7:A9 telemetry=on","device_key":"ble-address:44:1b:f6:8d:b7:a9","kind":"rx","seq":202,"session":"s1","stream":"chat","text":" user=EC14/31 attemp","timestamp":1789344117.1250155},{"data_b64":"dD0yLzUK","description":"ble:LoRa-Chatter-1B44 44:1B:F6:8D:B7:A9 telemetry=on","device_key":"ble-address:44:1b:f6:8d:b7:a9","kind":"rx","seq":203,"session":"s1","stream":"chat","text":"t=2/5\n","timestamp":1789344117.1258056},{"data_b64":"REVMSVZFUlkgQUNLIFRJTUVPVVQ=","description":"ble:LoRa-Chatter-1B44 44:1B:F6:8D:B7:A9 telemetry=on","device_key":"ble-address:44:1b:f6:8d:b7:a9","kind":"rx","seq":204,"session":"s1","stream":"telemetry","text":"DELIVERY ACK TIMEOUT","timestamp":1789344117.126908},{"data_b64":"IHVzZXI9RUMxNC8zMSBhdHRlbXA=","description":"ble:LoRa-Chatter-1B44 44:1B:F6:8D:B7:A9 telemetry=on","device_key":"ble-address:44:1b:f6:8d:b7:a9","kind":"rx","seq":205,"session":"s1","stream":"telemetry","text":" user=EC14/31 attemp","timestamp":1789344117.1275787},{"data_b64":"dD0yLzUK","description":"ble:LoRa-Chatter-1B44 44:1B:F6:8D:B7:A9 telemetry=on","device_key":"ble-address:44:1b:f6:8d:b7:a9","kind":"rx","seq":206,"session":"s1","stream":"telemetry","text":"t=2/5\n","timestamp":1789344117.1278415},{"data_b64":"REVMSVZFUlkgUkVUUlkgdXNlcj0=","description":"ble:LoRa-Chatter-1B44 44:1B:F6:8D:B7:A9 telemetry=on","device_key":"ble-address:44:1b:f6:8d:b7:a9","kind":"rx","seq":207,"session":"s1","stream":"chat","text":"DELIVERY RETRY user=","timestamp":1789344117.1287808},{"data_b64":"RUMxNC8zMSBuZXh0X2F0dGVtcHQ=","description":"ble:LoRa-Chatter-1B44 44:1B:F6:8D:B7:A9 telemetry=on","device_key":"ble-address:44:1b:f6:8d:b7:a9","kind":"rx","seq":208,"session":"s1","stream":"chat","text":"EC14/31 next_attempt","timestamp":1789344117.1294436},{"data_b64":"PTMvNSBpbj00Mjk0bXMK","description":"ble:LoRa-Chatter-1B44 44:1B:F6:8D:B7:A9 telemetry=on","device_key":"ble-address:44:1b:f6:8d:b7:a9","kind":"rx","seq":209,"session":"s1","stream":"chat","text":"=3/5 in=4294ms\n","timestamp":1789344117.1303375},{"data_b64":"REVMSVZFUlkgUkVUUlkgdXNlcj0=","description":"ble:LoRa-Chatter-1B44 44:1B:F6:8D:B7:A9 telemetry=on","device_key":"ble-address:44:1b:f6:8d:b7:a9","kind":"rx","seq":210,"session":"s1","stream":"telemetry","text":"DELIVERY RETRY user=","timestamp":1789344117.1312606},{"data_b64":"RUMxNC8zMSBuZXh0X2F0dGVtcHQ=","description":"ble:LoRa-Chatter-1B44 44:1B:F6:8D:B7:A9 telemetry=on","device_key":"ble-address:44:1b:f6:8d:b7:a9","kind":"rx","seq":211,"session":"s1","stream":"telemetry","text":"EC14/31 next_attempt","timestamp":1789344117.133611},{"data_b64":"PTMvNSBpbj00Mjk0bXMK","description":"ble:LoRa-Chatter-1B44 44:1B:F6:8D:B7:A9 telemetry=on","device_key":"ble-address:44:1b:f6:8d:b7:a9","kind":"rx","seq":212,"session":"s1","stream":"telemetry","text":"=3/5 in=4294ms\n","timestamp":1789344117.133712},{"data_b64":"ClRYIFVTRVIgUkVUUlkgc2VxPTM=","description":"ble:LoRa-Chatter-1B44 44:1B:F6:8D:B7:A9 telemetry=on","device_key":"ble-address:44:1b:f6:8d:b7:a9","kind":"rx","seq":213,"session":"s1","stream":"chat","text":"\nTX USER RETRY seq=3","timestamp":1789344123.3808217},{"data_b64":"MSBmcmFtZT0zN0IgdXNlcj0yNUI=","description":"ble:LoRa-Chatter-1B44 44:1B:F6:8D:B7:A9 telemetry=on","device_key":"ble-address:44:1b:f6:8d:b7:a9","kind":"rx","seq":214,"session":"s1","stream":"chat","text":"1 frame=37B user=25B","timestamp":1789344123.381615},{"data_b64":"IGF0dGVtcHQ9My81IE9LIHRpbWU=","description":"ble:LoRa-Chatter-1B44 44:1B:F6:8D:B7:A9 telemetry=on","device_key":"ble-address:44:1b:f6:8d:b7:a9","kind":"rx","seq":215,"session":"s1","stream":"chat","text":" attempt=3/5 OK time","timestamp":1789344123.3817039},{"data_b64":"PTE5NzUgbXMK","description":"ble:LoRa-Chatter-1B44 44:1B:F6:8D:B7:A9 telemetry=on","device_key":"ble-address:44:1b:f6:8d:b7:a9","kind":"rx","seq":216,"session":"s1","stream":"chat","text":"=1975 ms\n","timestamp":1789344123.3836327},{"data_b64":"ClRYIFVTRVIgUkVUUlkgc2VxPTM=","description":"ble:LoRa-Chatter-1B44 44:1B:F6:8D:B7:A9 telemetry=on","device_key":"ble-address:44:1b:f6:8d:b7:a9","kind":"rx","seq":217,"session":"s1","stream":"telemetry","text":"\nTX USER RETRY seq=3","timestamp":1789344123.3841298},{"data_b64":"MSBmcmFtZT0zN0IgdXNlcj0yNUI=","description":"ble:LoRa-Chatter-1B44 44:1B:F6:8D:B7:A9 telemetry=on","device_key":"ble-address:44:1b:f6:8d:b7:a9","kind":"rx","seq":218,"session":"s1","stream":"telemetry","text":"1 frame=37B user=25B","timestamp":1789344123.3854966},{"data_b64":"IGF0dGVtcHQ9My81IE9LIHRpbWU=","description":"ble:LoRa-Chatter-1B44 44:1B:F6:8D:B7:A9 telemetry=on","device_key":"ble-address:44:1b:f6:8d:b7:a9","kind":"rx","seq":219,"session":"s1","stream":"telemetry","text":" attempt=3/5 OK time","timestamp":1789344123.385614},{"data_b64":"PTE5NzUgbXMK","description":"ble:LoRa-Chatter-1B44 44:1B:F6:8D:B7:A9 telemetry=on","device_key":"ble-address:44:1b:f6:8d:b7:a9","kind":"rx","seq":220,"session":"s1","stream":"telemetry","text":"=1975 ms\n","timestamp":1789344123.3865323},{"data_b64":"REVMSVZFUlkgV0FJVF9BQ0sgdXM=","description":"ble:LoRa-Chatter-1B44 44:1B:F6:8D:B7:A9 telemetry=on","device_key":"ble-address:44:1b:f6:8d:b7:a9","kind":"rx","seq":221,"session":"s1","stream":"chat","text":"DELIVERY WAIT_ACK us","timestamp":1789344123.3872437},{"data_b64":"ZXI9RUMxNC8zMSBhdHRlbXB0PTM=","description":"ble:LoRa-Chatter-1B44 44:1B:F6:8D:B7:A9 telemetry=on","device_key":"ble-address:44:1b:f6:8d:b7:a9","kind":"rx","seq":222,"session":"s1","stream":"chat","text":"er=EC14/31 attempt=3","timestamp":1789344123.38733},{"data_b64":"LzUgdGltZW91dD0xODU2bXMgcXU=","description":"ble:LoRa-Chatter-1B44 44:1B:F6:8D:B7:A9 telemetry=on","device_key":"ble-address:44:1b:f6:8d:b7:a9","kind":"rx","seq":223,"session":"s1","stream":"chat","text":"/5 timeout=1856ms qu","timestamp":1789344123.3884811},{"data_b64":"ZXVlPTAK","description":"ble:LoRa-Chatter-1B44 44:1B:F6:8D:B7:A9 telemetry=on","device_key":"ble-address:44:1b:f6:8d:b7:a9","kind":"rx","seq":224,"session":"s1","stream":"chat","text":"eue=0\n","timestamp":1789344123.3885584},{"data_b64":"REVMSVZFUlkgV0FJVF9BQ0sgdXM=","description":"ble:LoRa-Chatter-1B44 44:1B:F6:8D:B7:A9 telemetry=on","device_key":"ble-address:44:1b:f6:8d:b7:a9","kind":"rx","seq":225,"session":"s1","stream":"telemetry","text":"DELIVERY WAIT_ACK us","timestamp":1789344123.3890183},{"data_b64":"ZXI9RUMxNC8zMSBhdHRlbXB0PTM=","description":"ble:LoRa-Chatter-1B44 44:1B:F6:8D:B7:A9 telemetry=on","device_key":"ble-address:44:1b:f6:8d:b7:a9","kind":"rx","seq":226,"session":"s1","stream":"telemetry","text":"er=EC14/31 attempt=3","timestamp":1789344123.389819},{"data_b64":"LzUgdGltZW91dD0xODU2bXMgcXU=","description":"ble:LoRa-Chatter-1B44 44:1B:F6:8D:B7:A9 telemetry=on","device_key":"ble-address:44:1b:f6:8d:b7:a9","kind":"rx","seq":227,"session":"s1","stream":"telemetry","text":"/5 timeout=1856ms qu","timestamp":1789344123.3904564},{"data_b64":"ZXVlPTAK","description":"ble:LoRa-Chatter-1B44 44:1B:F6:8D:B7:A9 telemetry=on","device_key":"ble-address:44:1b:f6:8d:b7:a9","kind":"rx","seq":228,"session":"s1","stream":"telemetry","text":"eue=0\n","timestamp":1789344123.391156},{"data_b64":"REVMSVZFUlkgQUNLIFRJTUVPVVQ=","description":"ble:LoRa-Chatter-1B44 44:1B:F6:8D:B7:A9 telemetry=on","device_key":"ble-address:44:1b:f6:8d:b7:a9","kind":"rx","seq":229,"session":"s1","stream":"chat","text":"DELIVERY ACK TIMEOUT","timestamp":1789344125.2719426},{"data_b64":"IHVzZXI9RUMxNC8zMSBhdHRlbXA=","description":"ble:LoRa-Chatter-1B44 44:1B:F6:8D:B7:A9 telemetry=on","device_key":"ble-address:44:1b:f6:8d:b7:a9","kind":"rx","seq":230,"session":"s1","stream":"chat","text":" user=EC14/31 attemp","timestamp":1789344125.273014},{"data_b64":"dD0zLzUK","description":"ble:LoRa-Chatter-1B44 44:1B:F6:8D:B7:A9 telemetry=on","device_key":"ble-address:44:1b:f6:8d:b7:a9","kind":"rx","seq":231,"session":"s1","stream":"chat","text":"t=3/5\n","timestamp":1789344125.2731023},{"data_b64":"REVMSVZFUlkgQUNLIFRJTUVPVVQ=","description":"ble:LoRa-Chatter-1B44 44:1B:F6:8D:B7:A9 telemetry=on","device_key":"ble-address:44:1b:f6:8d:b7:a9","kind":"rx","seq":232,"session":"s1","stream":"telemetry","text":"DELIVERY ACK TIMEOUT","timestamp":1789344125.273958},{"data_b64":"IHVzZXI9RUMxNC8zMSBhdHRlbXA=","description":"ble:LoRa-Chatter-1B44 44:1B:F6:8D:B7:A9 telemetry=on","device_key":"ble-address:44:1b:f6:8d:b7:a9","kind":"rx","seq":233,"session":"s1","stream":"telemetry","text":" user=EC14/31 attemp","timestamp":1789344125.275112},{"data_b64":"dD0zLzUK","description":"ble:LoRa-Chatter-1B44 44:1B:F6:8D:B7:A9 telemetry=on","device_key":"ble-address:44:1b:f6:8d:b7:a9","kind":"rx","seq":234,"session":"s1","stream":"telemetry","text":"t=3/5\n","timestamp":1789344125.2751987},{"data_b64":"REVMSVZFUlkgUkVUUlkgdXNlcj0=","description":"ble:LoRa-Chatter-1B44 44:1B:F6:8D:B7:A9 telemetry=on","device_key":"ble-address:44:1b:f6:8d:b7:a9","kind":"rx","seq":235,"session":"s1","stream":"chat","text":"DELIVERY RETRY user=","timestamp":1789344125.2752566},{"data_b64":"RUMxNC8zMSBuZXh0X2F0dGVtcHQ=","description":"ble:LoRa-Chatter-1B44 44:1B:F6:8D:B7:A9 telemetry=on","device_key":"ble-address:44:1b:f6:8d:b7:a9","kind":"rx","seq":236,"session":"s1","stream":"chat","text":"EC14/31 next_attempt","timestamp":1789344125.319444},{"data_b64":"PTQvNSBpbj00MzcybXMK","description":"ble:LoRa-Chatter-1B44 44:1B:F6:8D:B7:A9 telemetry=on","device_key":"ble-address:44:1b:f6:8d:b7:a9","kind":"rx","seq":237,"session":"s1","stream":"chat","text":"=4/5 in=4372ms\n","timestamp":1789344125.3196335},{"data_b64":"REVMSVZFUlkgUkVUUlkgdXNlcj0=","description":"ble:LoRa-Chatter-1B44 44:1B:F6:8D:B7:A9 telemetry=on","device_key":"ble-address:44:1b:f6:8d:b7:a9","kind":"rx","seq":238,"session":"s1","stream":"telemetry","text":"DELIVERY RETRY user=","timestamp":1789344125.3212826},{"data_b64":"RUMxNC8zMSBuZXh0X2F0dGVtcHQ=","description":"ble:LoRa-Chatter-1B44 44:1B:F6:8D:B7:A9 telemetry=on","device_key":"ble-address:44:1b:f6:8d:b7:a9","kind":"rx","seq":239,"session":"s1","stream":"telemetry","text":"EC14/31 next_attempt","timestamp":1789344125.3213515},{"data_b64":"PTQvNSBpbj00MzcybXMK","description":"ble:LoRa-Chatter-1B44 44:1B:F6:8D:B7:A9 telemetry=on","device_key":"ble-address:44:1b:f6:8d:b7:a9","kind":"rx","seq":240,"session":"s1","stream":"telemetry","text":"=4/5 in=4372ms\n","timestamp":1789344125.3214037},{"data_b64":"L2NhbmNlbAo=","device_key":"ble-address:44:1b:f6:8d:b7:a9","kind":"tx","seq":241,"session":"s1","text":"/cancel","timestamp":1789344128.564017,"tx_id":4,"tx_state":"queued"}],"lines":[{"seq_first":173,"seq_last":175,"session":"s1","stream":"chat","text":"DELIVERY ACK TIMEOUT user=EC14/31 attempt=1/5"},{"seq_first":176,"seq_last":178,"session":"s1","stream":"telemetry","text":"DELIVERY ACK TIMEOUT user=EC14/31 attempt=1/5"},{"seq_first":179,"seq_last":181,"session":"s1","stream":"chat","text":"DELIVERY RETRY user=EC14/31 next_attempt=2/5 in=2839ms"},{"seq_first":182,"seq_last":184,"session":"s1","stream":"telemetry","text":"DELIVERY RETRY user=EC14/31 next_attempt=2/5 in=2839ms"},{"seq_first":185,"seq_last":185,"session":"s1","stream":"chat","text":""},{"seq_first":185,"seq_last":188,"session":"s1","stream":"chat","text":"TX USER RETRY seq=31 frame=37B user=25B attempt=2/5 OK time=1975 ms"},{"seq_first":189,"seq_last":189,"session":"s1","stream":"telemetry","text":""},{"seq_first":189,"seq_last":192,"session":"s1","stream":"telemetry","text":"TX USER RETRY seq=31 frame=37B user=25B attempt=2/5 OK time=1975 ms"},{"seq_first":193,"seq_last":196,"session":"s1","stream":"chat","text":"DELIVERY WAIT_ACK user=EC14/31 attempt=2/5 timeout=1856ms queue=0"},{"seq_first":197,"seq_last":200,"session":"s1","stream":"telemetry","text":"DELIVERY WAIT_ACK user=EC14/31 attempt=2/5 timeout=1856ms queue=0"},{"seq_first":201,"seq_last":203,"session":"s1","stream":"chat","text":"DELIVERY ACK TIMEOUT user=EC14/31 attempt=2/5"},{"seq_first":204,"seq_last":206,"session":"s1","stream":"telemetry","text":"DELIVERY ACK TIMEOUT user=EC14/31 attempt=2/5"},{"seq_first":207,"seq_last":209,"session":"s1","stream":"chat","text":"DELIVERY RETRY user=EC14/31 next_attempt=3/5 in=4294ms"},{"seq_first":210,"seq_last":212,"session":"s1","stream":"telemetry","text":"DELIVERY RETRY user=EC14/31 next_attempt=3/5 in=4294ms"},{"seq_first":213,"seq_last":213,"session":"s1","stream":"chat","text":""},{"seq_first":213,"seq_last":216,"session":"s1","stream":"chat","text":"TX USER RETRY seq=31 frame=37B user=25B attempt=3/5 OK time=1975 ms"},{"seq_first":217,"seq_last":217,"session":"s1","stream":"telemetry","text":""},{"seq_first":217,"seq_last":220,"session":"s1","stream":"telemetry","text":"TX USER RETRY seq=31 frame=37B user=25B attempt=3/5 OK time=1975 ms"},{"seq_first":221,"seq_last":224,"session":"s1","stream":"chat","text":"DELIVERY WAIT_ACK user=EC14/31 attempt=3/5 timeout=1856ms queue=0"},{"seq_first":225,"seq_last":228,"session":"s1","stream":"telemetry","text":"DELIVERY WAIT_ACK user=EC14/31 attempt=3/5 timeout=1856ms queue=0"},{"seq_first":229,"seq_last":231,"session":"s1","stream":"chat","text":"DELIVERY ACK TIMEOUT user=EC14/31 attempt=3/5"},{"seq_first":232,"seq_last":234,"session":"s1","stream":"telemetry","text":"DELIVERY ACK TIMEOUT user=EC14/31 attempt=3/5"},{"seq_first":235,"seq_last":237,"session":"s1","stream":"chat","text":"DELIVERY RETRY user=EC14/31 next_attempt=4/5 in=4372ms"},{"seq_first":238,"seq_last":240,"session":"s1","stream":"telemetry","text":"DELIVERY RETRY user=EC14/31 next_attempt=4/5 in=4372ms"}],"timed_out":false}}
2026-09-14T03:02:08.573+03:00 [TX] {"data_b64":"L2NhbmNlbAo=","description":"ble:LoRa-Chatter-1B44 44:1B:F6:8D:B7:A9 telemetry=on","device_key":"ble-address:44:1b:f6:8d:b7:a9","kind":"tx","seq":242,"session":"s1","text":"/cancel","timestamp":1789344128.572933,"tx_id":4,"tx_state":"written"}
2026-09-14T03:02:08.645+03:00 [RX chat] {"data_b64":"REVMSVZFUlkgQ0FOQ0VMIHVzZXI=","description":"ble:LoRa-Chatter-1B44 44:1B:F6:8D:B7:A9 telemetry=on","device_key":"ble-address:44:1b:f6:8d:b7:a9","kind":"rx","seq":243,"session":"s1","stream":"chat","text":"DELIVERY CANCEL user","timestamp":1789344128.6446626}
2026-09-14T03:02:08.646+03:00 [RX chat] {"data_b64":"PUVDMTQvMzEgYXR0ZW1wdHM9MyA=","description":"ble:LoRa-Chatter-1B44 44:1B:F6:8D:B7:A9 telemetry=on","device_key":"ble-address:44:1b:f6:8d:b7:a9","kind":"rx","seq":244,"session":"s1","stream":"chat","text":"=EC14/31 attempts=3 ","timestamp":1789344128.6459267}
2026-09-14T03:02:08.646+03:00 [RX chat] {"data_b64":"c3RhdHVzPXVua25vd24gcXVldWU=","description":"ble:LoRa-Chatter-1B44 44:1B:F6:8D:B7:A9 telemetry=on","device_key":"ble-address:44:1b:f6:8d:b7:a9","kind":"rx","seq":245,"session":"s1","stream":"chat","text":"status=unknown queue","timestamp":1789344128.6467505}
2026-09-14T03:02:08.648+03:00 [RX chat] {"data_b64":"X3JlbW92ZWQ9MAo=","description":"ble:LoRa-Chatter-1B44 44:1B:F6:8D:B7:A9 telemetry=on","device_key":"ble-address:44:1b:f6:8d:b7:a9","kind":"rx","seq":246,"session":"s1","stream":"chat","text":"_removed=0\n","timestamp":1789344128.647841}
2026-09-14T03:02:08.649+03:00 [RX telemetry] {"data_b64":"REVMSVZFUlkgQ0FOQ0VMIHVzZXI=","description":"ble:LoRa-Chatter-1B44 44:1B:F6:8D:B7:A9 telemetry=on","device_key":"ble-address:44:1b:f6:8d:b7:a9","kind":"rx","seq":247,"session":"s1","stream":"telemetry","text":"DELIVERY CANCEL user","timestamp":1789344128.6490097}
2026-09-14T03:02:08.692+03:00 [RX telemetry] {"data_b64":"PUVDMTQvMzEgYXR0ZW1wdHM9MyA=","description":"ble:LoRa-Chatter-1B44 44:1B:F6:8D:B7:A9 telemetry=on","device_key":"ble-address:44:1b:f6:8d:b7:a9","kind":"rx","seq":248,"session":"s1","stream":"telemetry","text":"=EC14/31 attempts=3 ","timestamp":1789344128.6912653}
2026-09-14T03:02:08.692+03:00 [RX telemetry] {"data_b64":"c3RhdHVzPXVua25vd24gcXVldWU=","description":"ble:LoRa-Chatter-1B44 44:1B:F6:8D:B7:A9 telemetry=on","device_key":"ble-address:44:1b:f6:8d:b7:a9","kind":"rx","seq":249,"session":"s1","stream":"telemetry","text":"status=unknown queue","timestamp":1789344128.6917317}
2026-09-14T03:02:08.693+03:00 [RX telemetry] {"data_b64":"X3JlbW92ZWQ9MAo=","description":"ble:LoRa-Chatter-1B44 44:1B:F6:8D:B7:A9 telemetry=on","device_key":"ble-address:44:1b:f6:8d:b7:a9","kind":"rx","seq":250,"session":"s1","stream":"telemetry","text":"_removed=0\n","timestamp":1789344128.6932232}
2026-09-14T03:02:08.694+03:00 [RX chat] {"data_b64":"W1NZU10gREVMSVZFUlkgQ0FOQ0U=","description":"ble:LoRa-Chatter-1B44 44:1B:F6:8D:B7:A9 telemetry=on","device_key":"ble-address:44:1b:f6:8d:b7:a9","kind":"rx","seq":251,"session":"s1","stream":"chat","text":"[SYS] DELIVERY CANCE","timestamp":1789344128.6934085}
2026-09-14T03:02:08.695+03:00 [RX chat] {"data_b64":"TExFRDogc3RhdHVzIHVua25vd24=","description":"ble:LoRa-Chatter-1B44 44:1B:F6:8D:B7:A9 telemetry=on","device_key":"ble-address:44:1b:f6:8d:b7:a9","kind":"rx","seq":252,"session":"s1","stream":"chat","text":"LLED: status unknown","timestamp":1789344128.6951544}
2026-09-14T03:02:08.696+03:00 [RX chat] {"data_b64":"Cg==","description":"ble:LoRa-Chatter-1B44 44:1B:F6:8D:B7:A9 telemetry=on","device_key":"ble-address:44:1b:f6:8d:b7:a9","kind":"rx","seq":253,"session":"s1","stream":"chat","text":"\n","timestamp":1789344128.6958904}
2026-09-14T03:02:18.978+03:00 [AGENT REQUEST] {"id":17,"op":"observe","cursors":{"s1":241,"s2":151},"timeout_ms":10000}
2026-09-14T03:02:18.979+03:00 [AGENT RESPONSE] {"id":17,"ok":true,"result":{"cursors":{"s1":253,"s2":151},"events":[{"data_b64":"L2NhbmNlbAo=","description":"ble:LoRa-Chatter-1B44 44:1B:F6:8D:B7:A9 telemetry=on","device_key":"ble-address:44:1b:f6:8d:b7:a9","kind":"tx","seq":242,"session":"s1","text":"/cancel","timestamp":1789344128.572933,"tx_id":4,"tx_state":"written"},{"data_b64":"REVMSVZFUlkgQ0FOQ0VMIHVzZXI=","description":"ble:LoRa-Chatter-1B44 44:1B:F6:8D:B7:A9 telemetry=on","device_key":"ble-address:44:1b:f6:8d:b7:a9","kind":"rx","seq":243,"session":"s1","stream":"chat","text":"DELIVERY CANCEL user","timestamp":1789344128.6446626},{"data_b64":"PUVDMTQvMzEgYXR0ZW1wdHM9MyA=","description":"ble:LoRa-Chatter-1B44 44:1B:F6:8D:B7:A9 telemetry=on","device_key":"ble-address:44:1b:f6:8d:b7:a9","kind":"rx","seq":244,"session":"s1","stream":"chat","text":"=EC14/31 attempts=3 ","timestamp":1789344128.6459267},{"data_b64":"c3RhdHVzPXVua25vd24gcXVldWU=","description":"ble:LoRa-Chatter-1B44 44:1B:F6:8D:B7:A9 telemetry=on","device_key":"ble-address:44:1b:f6:8d:b7:a9","kind":"rx","seq":245,"session":"s1","stream":"chat","text":"status=unknown queue","timestamp":1789344128.6467505},{"data_b64":"X3JlbW92ZWQ9MAo=","description":"ble:LoRa-Chatter-1B44 44:1B:F6:8D:B7:A9 telemetry=on","device_key":"ble-address:44:1b:f6:8d:b7:a9","kind":"rx","seq":246,"session":"s1","stream":"chat","text":"_removed=0\n","timestamp":1789344128.647841},{"data_b64":"REVMSVZFUlkgQ0FOQ0VMIHVzZXI=","description":"ble:LoRa-Chatter-1B44 44:1B:F6:8D:B7:A9 telemetry=on","device_key":"ble-address:44:1b:f6:8d:b7:a9","kind":"rx","seq":247,"session":"s1","stream":"telemetry","text":"DELIVERY CANCEL user","timestamp":1789344128.6490097},{"data_b64":"PUVDMTQvMzEgYXR0ZW1wdHM9MyA=","description":"ble:LoRa-Chatter-1B44 44:1B:F6:8D:B7:A9 telemetry=on","device_key":"ble-address:44:1b:f6:8d:b7:a9","kind":"rx","seq":248,"session":"s1","stream":"telemetry","text":"=EC14/31 attempts=3 ","timestamp":1789344128.6912653},{"data_b64":"c3RhdHVzPXVua25vd24gcXVldWU=","description":"ble:LoRa-Chatter-1B44 44:1B:F6:8D:B7:A9 telemetry=on","device_key":"ble-address:44:1b:f6:8d:b7:a9","kind":"rx","seq":249,"session":"s1","stream":"telemetry","text":"status=unknown queue","timestamp":1789344128.6917317},{"data_b64":"X3JlbW92ZWQ9MAo=","description":"ble:LoRa-Chatter-1B44 44:1B:F6:8D:B7:A9 telemetry=on","device_key":"ble-address:44:1b:f6:8d:b7:a9","kind":"rx","seq":250,"session":"s1","stream":"telemetry","text":"_removed=0\n","timestamp":1789344128.6932232},{"data_b64":"W1NZU10gREVMSVZFUlkgQ0FOQ0U=","description":"ble:LoRa-Chatter-1B44 44:1B:F6:8D:B7:A9 telemetry=on","device_key":"ble-address:44:1b:f6:8d:b7:a9","kind":"rx","seq":251,"session":"s1","stream":"chat","text":"[SYS] DELIVERY CANCE","timestamp":1789344128.6934085},{"data_b64":"TExFRDogc3RhdHVzIHVua25vd24=","description":"ble:LoRa-Chatter-1B44 44:1B:F6:8D:B7:A9 telemetry=on","device_key":"ble-address:44:1b:f6:8d:b7:a9","kind":"rx","seq":252,"session":"s1","stream":"chat","text":"LLED: status unknown","timestamp":1789344128.6951544},{"data_b64":"Cg==","description":"ble:LoRa-Chatter-1B44 44:1B:F6:8D:B7:A9 telemetry=on","device_key":"ble-address:44:1b:f6:8d:b7:a9","kind":"rx","seq":253,"session":"s1","stream":"chat","text":"\n","timestamp":1789344128.6958904}],"lines":[{"seq_first":243,"seq_last":246,"session":"s1","stream":"chat","text":"DELIVERY CANCEL user=EC14/31 attempts=3 status=unknown queue_removed=0"},{"seq_first":247,"seq_last":250,"session":"s1","stream":"telemetry","text":"DELIVERY CANCEL user=EC14/31 attempts=3 status=unknown queue_removed=0"},{"seq_first":251,"seq_last":253,"session":"s1","stream":"chat","text":"[SYS] DELIVERY CANCELLED: status unknown"}],"timed_out":false}}
2026-09-14T03:02:19.222+03:00 [RX chat] {"data_b64":"ClNFU1NJT04gdD0zMTkyMXMgVFg=","description":"ble:LoRa-Chatter-1B44 44:1B:F6:8D:B7:A9 telemetry=on","device_key":"ble-address:44:1b:f6:8d:b7:a9","kind":"rx","seq":254,"session":"s1","stream":"chat","text":"\nSESSION t=31921s TX","timestamp":1789344139.2213647}
2026-09-14T03:02:19.272+03:00 [RX chat] {"data_b64":"IG9rPTk0IHVzZXI9ODggZWNob18=","description":"ble:LoRa-Chatter-1B44 44:1B:F6:8D:B7:A9 telemetry=on","device_key":"ble-address:44:1b:f6:8d:b7:a9","kind":"rx","seq":255,"session":"s1","stream":"chat","text":" ok=94 user=88 echo_","timestamp":1789344139.2725039}
2026-09-14T03:02:19.273+03:00 [RX chat] {"data_b64":"cmVxPTAgZWNob19yZXA9MCBoYj0=","description":"ble:LoRa-Chatter-1B44 44:1B:F6:8D:B7:A9 telemetry=on","device_key":"ble-address:44:1b:f6:8d:b7:a9","kind":"rx","seq":256,"session":"s1","stream":"chat","text":"req=0 echo_rep=0 hb=","timestamp":1789344139.2734807}
2026-09-14T03:02:19.274+03:00 [RX chat] {"data_b64":"MChpZGxlPTApIGVycj0wIHN0YXI=","description":"ble:LoRa-Chatter-1B44 44:1B:F6:8D:B7:A9 telemetry=on","device_key":"ble-address:44:1b:f6:8d:b7:a9","kind":"rx","seq":257,"session":"s1","stream":"chat","text":"0(idle=0) err=0 star","timestamp":1789344139.2742748}
2026-09-14T03:02:19.314+03:00 [RX chat] {"data_b64":"dGVkPTk0IFJYIG9rPTIwIHVzZXI=","description":"ble:LoRa-Chatter-1B44 44:1B:F6:8D:B7:A9 telemetry=on","device_key":"ble-address:44:1b:f6:8d:b7:a9","kind":"rx","seq":258,"session":"s1","stream":"chat","text":"ted=94 RX ok=20 user","timestamp":1789344139.3107917}
2026-09-14T03:02:19.314+03:00 [RX chat] {"data_b64":"PTYgZWNob19yZXE9MCBlY2hvX3I=","description":"ble:LoRa-Chatter-1B44 44:1B:F6:8D:B7:A9 telemetry=on","device_key":"ble-address:44:1b:f6:8d:b7:a9","kind":"rx","seq":259,"session":"s1","stream":"chat","text":"=6 echo_req=0 echo_r","timestamp":1789344139.311488}
2026-09-14T03:02:19.314+03:00 [RX chat] {"data_b64":"ZXA9MCBoYj0wIGNyYz0wIGhkcj0=","description":"ble:LoRa-Chatter-1B44 44:1B:F6:8D:B7:A9 telemetry=on","device_key":"ble-address:44:1b:f6:8d:b7:a9","kind":"rx","seq":260,"session":"s1","stream":"chat","text":"ep=0 hb=0 crc=0 hdr=","timestamp":1789344139.3115816}
2026-09-14T03:02:19.315+03:00 [RX chat] {"data_b64":"MCBiYWQ9OCByZWFkZXJyPTAgcmU=","description":"ble:LoRa-Chatter-1B44 44:1B:F6:8D:B7:A9 telemetry=on","device_key":"ble-address:44:1b:f6:8d:b7:a9","kind":"rx","seq":261,"session":"s1","stream":"chat","text":"0 bad=8 readerr=0 re","timestamp":1789344139.3119218}
2026-09-14T03:02:19.315+03:00 [RX chat] {"data_b64":"cG9ydHM9MjAgUT0xMDAlIGRyb3A=","description":"ble:LoRa-Chatter-1B44 44:1B:F6:8D:B7:A9 telemetry=on","device_key":"ble-address:44:1b:f6:8d:b7:a9","kind":"rx","seq":262,"session":"s1","stream":"chat","text":"ports=20 Q=100% drop","timestamp":1789344139.3124774}
2026-09-14T03:02:19.315+03:00 [RX chat] {"data_b64":"cz04IGZhdGFsPTAK","description":"ble:LoRa-Chatter-1B44 44:1B:F6:8D:B7:A9 telemetry=on","device_key":"ble-address:44:1b:f6:8d:b7:a9","kind":"rx","seq":263,"session":"s1","stream":"chat","text":"s=8 fatal=0\n","timestamp":1789344139.3129556}
2026-09-14T03:02:19.315+03:00 [RX telemetry] {"data_b64":"ClNFU1NJT04gdD0zMTkyMXMgVFg=","description":"ble:LoRa-Chatter-1B44 44:1B:F6:8D:B7:A9 telemetry=on","device_key":"ble-address:44:1b:f6:8d:b7:a9","kind":"rx","seq":264,"session":"s1","stream":"telemetry","text":"\nSESSION t=31921s TX","timestamp":1789344139.3133907}
2026-09-14T03:02:19.329+03:00 [RX telemetry] {"data_b64":"IG9rPTk0IHVzZXI9ODggZWNob18=","description":"ble:LoRa-Chatter-1B44 44:1B:F6:8D:B7:A9 telemetry=on","device_key":"ble-address:44:1b:f6:8d:b7:a9","kind":"rx","seq":265,"session":"s1","stream":"telemetry","text":" ok=94 user=88 echo_","timestamp":1789344139.325253}
2026-09-14T03:02:19.331+03:00 [RX telemetry] {"data_b64":"cmVxPTAgZWNob19yZXA9MCBoYj0=","description":"ble:LoRa-Chatter-1B44 44:1B:F6:8D:B7:A9 telemetry=on","device_key":"ble-address:44:1b:f6:8d:b7:a9","kind":"rx","seq":266,"session":"s1","stream":"telemetry","text":"req=0 echo_rep=0 hb=","timestamp":1789344139.32539}
2026-09-14T03:02:19.331+03:00 [RX telemetry] {"data_b64":"MChpZGxlPTApIGVycj0wIHN0YXI=","description":"ble:LoRa-Chatter-1B44 44:1B:F6:8D:B7:A9 telemetry=on","device_key":"ble-address:44:1b:f6:8d:b7:a9","kind":"rx","seq":267,"session":"s1","stream":"telemetry","text":"0(idle=0) err=0 star","timestamp":1789344139.3254454}
2026-09-14T03:02:19.331+03:00 [RX telemetry] {"data_b64":"dGVkPTk0IFJYIG9rPTIwIHVzZXI=","description":"ble:LoRa-Chatter-1B44 44:1B:F6:8D:B7:A9 telemetry=on","device_key":"ble-address:44:1b:f6:8d:b7:a9","kind":"rx","seq":268,"session":"s1","stream":"telemetry","text":"ted=94 RX ok=20 user","timestamp":1789344139.325496}
2026-09-14T03:02:19.334+03:00 [RX telemetry] {"data_b64":"PTYgZWNob19yZXE9MCBlY2hvX3I=","description":"ble:LoRa-Chatter-1B44 44:1B:F6:8D:B7:A9 telemetry=on","device_key":"ble-address:44:1b:f6:8d:b7:a9","kind":"rx","seq":269,"session":"s1","stream":"telemetry","text":"=6 echo_req=0 echo_r","timestamp":1789344139.3326576}
2026-09-14T03:02:19.335+03:00 [RX telemetry] {"data_b64":"ZXA9MCBoYj0wIGNyYz0wIGhkcj0=","description":"ble:LoRa-Chatter-1B44 44:1B:F6:8D:B7:A9 telemetry=on","device_key":"ble-address:44:1b:f6:8d:b7:a9","kind":"rx","seq":270,"session":"s1","stream":"telemetry","text":"ep=0 hb=0 crc=0 hdr=","timestamp":1789344139.3327734}
2026-09-14T03:02:19.335+03:00 [RX telemetry] {"data_b64":"MCBiYWQ9OCByZWFkZXJyPTAgcmU=","description":"ble:LoRa-Chatter-1B44 44:1B:F6:8D:B7:A9 telemetry=on","device_key":"ble-address:44:1b:f6:8d:b7:a9","kind":"rx","seq":271,"session":"s1","stream":"telemetry","text":"0 bad=8 readerr=0 re","timestamp":1789344139.332834}
2026-09-14T03:02:19.335+03:00 [RX telemetry] {"data_b64":"cG9ydHM9MjAgUT0xMDAlIGRyb3A=","description":"ble:LoRa-Chatter-1B44 44:1B:F6:8D:B7:A9 telemetry=on","device_key":"ble-address:44:1b:f6:8d:b7:a9","kind":"rx","seq":272,"session":"s1","stream":"telemetry","text":"ports=20 Q=100% drop","timestamp":1789344139.3328857}
2026-09-14T03:02:19.336+03:00 [RX telemetry] {"data_b64":"cz04IGZhdGFsPTAK","description":"ble:LoRa-Chatter-1B44 44:1B:F6:8D:B7:A9 telemetry=on","device_key":"ble-address:44:1b:f6:8d:b7:a9","kind":"rx","seq":273,"session":"s1","stream":"telemetry","text":"s=8 fatal=0\n","timestamp":1789344139.3329384}
2026-09-14T03:02:19.337+03:00 [RX chat] {"data_b64":"U0VTU0lPTiBDT1VSVEVTWSB3aW4=","description":"ble:LoRa-Chatter-1B44 44:1B:F6:8D:B7:A9 telemetry=on","device_key":"ble-address:44:1b:f6:8d:b7:a9","kind":"rx","seq":274,"session":"s1","stream":"chat","text":"SESSION COURTESY win","timestamp":1789344139.333009}
2026-09-14T03:02:19.337+03:00 [RX chat] {"data_b64":"ZG93PTkxMjNtcyBwZWVyX3JlbGU=","description":"ble:LoRa-Chatter-1B44 44:1B:F6:8D:B7:A9 telemetry=on","device_key":"ble-address:44:1b:f6:8d:b7:a9","kind":"rx","seq":275,"session":"s1","stream":"chat","text":"dow=9123ms peer_rele","timestamp":1789344139.333057}
2026-09-14T03:02:19.337+03:00 [RX chat] {"data_b64":"YXNlPTAgZXhwaXJlZD0wIHlpZWw=","description":"ble:LoRa-Chatter-1B44 44:1B:F6:8D:B7:A9 telemetry=on","device_key":"ble-address:44:1b:f6:8d:b7:a9","kind":"rx","seq":276,"session":"s1","stream":"chat","text":"ase=0 expired=0 yiel","timestamp":1789344139.333102}
2026-09-14T03:02:19.337+03:00 [RX chat] {"data_b64":"ZGluZz0wCg==","description":"ble:LoRa-Chatter-1B44 44:1B:F6:8D:B7:A9 telemetry=on","device_key":"ble-address:44:1b:f6:8d:b7:a9","kind":"rx","seq":277,"session":"s1","stream":"chat","text":"ding=0\n","timestamp":1789344139.3331463}
2026-09-14T03:02:19.337+03:00 [RX telemetry] {"data_b64":"U0VTU0lPTiBDT1VSVEVTWSB3aW4=","description":"ble:LoRa-Chatter-1B44 44:1B:F6:8D:B7:A9 telemetry=on","device_key":"ble-address:44:1b:f6:8d:b7:a9","kind":"rx","seq":278,"session":"s1","stream":"telemetry","text":"SESSION COURTESY win","timestamp":1789344139.3342721}
2026-09-14T03:02:19.338+03:00 [RX telemetry] {"data_b64":"ZG93PTkxMjNtcyBwZWVyX3JlbGU=","description":"ble:LoRa-Chatter-1B44 44:1B:F6:8D:B7:A9 telemetry=on","device_key":"ble-address:44:1b:f6:8d:b7:a9","kind":"rx","seq":279,"session":"s1","stream":"telemetry","text":"dow=9123ms peer_rele","timestamp":1789344139.3343446}
2026-09-14T03:02:19.338+03:00 [RX telemetry] {"data_b64":"YXNlPTAgZXhwaXJlZD0wIHlpZWw=","description":"ble:LoRa-Chatter-1B44 44:1B:F6:8D:B7:A9 telemetry=on","device_key":"ble-address:44:1b:f6:8d:b7:a9","kind":"rx","seq":280,"session":"s1","stream":"telemetry","text":"ase=0 expired=0 yiel","timestamp":1789344139.3343937}
2026-09-14T03:02:19.338+03:00 [RX telemetry] {"data_b64":"ZGluZz0wCg==","description":"ble:LoRa-Chatter-1B44 44:1B:F6:8D:B7:A9 telemetry=on","device_key":"ble-address:44:1b:f6:8d:b7:a9","kind":"rx","seq":281,"session":"s1","stream":"telemetry","text":"ding=0\n","timestamp":1789344139.3344357}
2026-09-14T03:02:19.338+03:00 [RX chat] {"data_b64":"U0VTU0lPTiBESU8wX1RYIGFmZmU=","description":"ble:LoRa-Chatter-1B44 44:1B:F6:8D:B7:A9 telemetry=on","device_key":"ble-address:44:1b:f6:8d:b7:a9","kind":"rx","seq":282,"session":"s1","stream":"chat","text":"SESSION DIO0_TX affe","timestamp":1789344139.3344896}
2026-09-14T03:02:19.338+03:00 [RX chat] {"data_b64":"Y3RlZD0wLzk0IGVwaXNvZGVzPTA=","description":"ble:LoRa-Chatter-1B44 44:1B:F6:8D:B7:A9 telemetry=on","device_key":"ble-address:44:1b:f6:8d:b7:a9","kind":"rx","seq":283,"session":"s1","stream":"chat","text":"cted=0/94 episodes=0","timestamp":1789344139.3345296}
2026-09-14T03:02:19.338+03:00 [RX chat] {"data_b64":"IGF2Z19hbGw9MC4wMCBhdmdfYWY=","description":"ble:LoRa-Chatter-1B44 44:1B:F6:8D:B7:A9 telemetry=on","device_key":"ble-address:44:1b:f6:8d:b7:a9","kind":"rx","seq":284,"session":"s1","stream":"chat","text":" avg_all=0.00 avg_af","timestamp":1789344139.3345816}
2026-09-14T03:02:19.339+03:00 [RX chat] {"data_b64":"ZmVjdGVkPTAuMDAgaGlnaF9wb2w=","description":"ble:LoRa-Chatter-1B44 44:1B:F6:8D:B7:A9 telemetry=on","device_key":"ble-address:44:1b:f6:8d:b7:a9","kind":"rx","seq":285,"session":"s1","stream":"chat","text":"fected=0.00 high_pol","timestamp":1789344139.3364785}
2026-09-14T03:02:19.339+03:00 [RX chat] {"data_b64":"bHM9MAo=","description":"ble:LoRa-Chatter-1B44 44:1B:F6:8D:B7:A9 telemetry=on","device_key":"ble-address:44:1b:f6:8d:b7:a9","kind":"rx","seq":286,"session":"s1","stream":"chat","text":"ls=0\n","timestamp":1789344139.336649}
2026-09-14T03:02:19.339+03:00 [RX chat] {"data_b64":"U0VTU0lPTiBSWF9QT0xMIHBvbGw=","description":"ble:LoRa-Chatter-1B44 44:1B:F6:8D:B7:A9 telemetry=on","device_key":"ble-address:44:1b:f6:8d:b7:a9","kind":"rx","seq":287,"session":"s1","stream":"chat","text":"SESSION RX_POLL poll","timestamp":1789344139.3370242}
2026-09-14T03:02:19.339+03:00 [RX chat] {"data_b64":"cz0zMTYzNDczNSByeGRvbmU9Mjg=","description":"ble:LoRa-Chatter-1B44 44:1B:F6:8D:B7:A9 telemetry=on","device_key":"ble-address:44:1b:f6:8d:b7:a9","kind":"rx","seq":288,"session":"s1","stream":"chat","text":"s=31634735 rxdone=28","timestamp":1789344139.3370733}
2026-09-14T03:02:19.339+03:00 [RX chat] {"data_b64":"IGludGVydmFsPTEwMDB1cyBESU8=","description":"ble:LoRa-Chatter-1B44 44:1B:F6:8D:B7:A9 telemetry=on","device_key":"ble-address:44:1b:f6:8d:b7:a9","kind":"rx","seq":289,"session":"s1","stream":"chat","text":" interval=1000us DIO","timestamp":1789344139.3371198}
2026-09-14T03:02:19.358+03:00 [RX chat] {"data_b64":"MF9SWCBmYWxzZV9oaWdoX2VwPTA=","description":"ble:LoRa-Chatter-1B44 44:1B:F6:8D:B7:A9 telemetry=on","device_key":"ble-address:44:1b:f6:8d:b7:a9","kind":"rx","seq":290,"session":"s1","stream":"chat","text":"0_RX false_high_ep=0","timestamp":1789344139.3579981}
2026-09-14T03:02:19.358+03:00 [RX chat] {"data_b64":"IGhpZ2hfcG9sbHM9MCByeGRvbmU=","description":"ble:LoRa-Chatter-1B44 44:1B:F6:8D:B7:A9 telemetry=on","device_key":"ble-address:44:1b:f6:8d:b7:a9","kind":"rx","seq":291,"session":"s1","stream":"chat","text":" high_polls=0 rxdone","timestamp":1789344139.358131}
2026-09-14T03:02:19.359+03:00 [RX chat] {"data_b64":"X2xvdz0wIGlzcj1kaXNhYmxlZAo=","description":"ble:LoRa-Chatter-1B44 44:1B:F6:8D:B7:A9 telemetry=on","device_key":"ble-address:44:1b:f6:8d:b7:a9","kind":"rx","seq":292,"session":"s1","stream":"chat","text":"_low=0 isr=disabled\n","timestamp":1789344139.3594055}
2026-09-14T03:02:19.360+03:00 [RX telemetry] {"data_b64":"U0VTU0lPTiBSWF9QT0xMIHBvbGw=","description":"ble:LoRa-Chatter-1B44 44:1B:F6:8D:B7:A9 telemetry=on","device_key":"ble-address:44:1b:f6:8d:b7:a9","kind":"rx","seq":293,"session":"s1","stream":"telemetry","text":"SESSION RX_POLL poll","timestamp":1789344139.3596518}
2026-09-14T03:02:19.361+03:00 [RX telemetry] {"data_b64":"cz0zMTYzNDczNSByeGRvbmU9Mjg=","description":"ble:LoRa-Chatter-1B44 44:1B:F6:8D:B7:A9 telemetry=on","device_key":"ble-address:44:1b:f6:8d:b7:a9","kind":"rx","seq":294,"session":"s1","stream":"telemetry","text":"s=31634735 rxdone=28","timestamp":1789344139.360713}
2026-09-14T03:02:19.361+03:00 [RX telemetry] {"data_b64":"IGludGVydmFsPTEwMDB1cyBESU8=","description":"ble:LoRa-Chatter-1B44 44:1B:F6:8D:B7:A9 telemetry=on","device_key":"ble-address:44:1b:f6:8d:b7:a9","kind":"rx","seq":295,"session":"s1","stream":"telemetry","text":" interval=1000us DIO","timestamp":1789344139.3607972}
2026-09-14T03:02:19.362+03:00 [RX telemetry] {"data_b64":"MF9SWCBmYWxzZV9oaWdoX2VwPTA=","description":"ble:LoRa-Chatter-1B44 44:1B:F6:8D:B7:A9 telemetry=on","device_key":"ble-address:44:1b:f6:8d:b7:a9","kind":"rx","seq":296,"session":"s1","stream":"telemetry","text":"0_RX false_high_ep=0","timestamp":1789344139.3625846}
2026-09-14T03:02:19.363+03:00 [RX telemetry] {"data_b64":"IGhpZ2hfcG9sbHM9MCByeGRvbmU=","description":"ble:LoRa-Chatter-1B44 44:1B:F6:8D:B7:A9 telemetry=on","device_key":"ble-address:44:1b:f6:8d:b7:a9","kind":"rx","seq":297,"session":"s1","stream":"telemetry","text":" high_polls=0 rxdone","timestamp":1789344139.3626812}
2026-09-14T03:02:19.363+03:00 [RX telemetry] {"data_b64":"X2xvdz0wIGlzcj1kaXNhYmxlZAo=","description":"ble:LoRa-Chatter-1B44 44:1B:F6:8D:B7:A9 telemetry=on","device_key":"ble-address:44:1b:f6:8d:b7:a9","kind":"rx","seq":298,"session":"s1","stream":"telemetry","text":"_low=0 isr=disabled\n","timestamp":1789344139.3627343}
2026-09-14T03:02:36.803+03:00 [AGENT REQUEST] {"id":18,"op":"observe","cursors":{"s1":253,"s2":151},"timeout_ms":30000}
2026-09-14T03:02:36.807+03:00 [AGENT RESPONSE] {"id":18,"ok":true,"result":{"cursors":{"s1":298,"s2":151},"events":[{"data_b64":"ClNFU1NJT04gdD0zMTkyMXMgVFg=","description":"ble:LoRa-Chatter-1B44 44:1B:F6:8D:B7:A9 telemetry=on","device_key":"ble-address:44:1b:f6:8d:b7:a9","kind":"rx","seq":254,"session":"s1","stream":"chat","text":"\nSESSION t=31921s TX","timestamp":1789344139.2213647},{"data_b64":"IG9rPTk0IHVzZXI9ODggZWNob18=","description":"ble:LoRa-Chatter-1B44 44:1B:F6:8D:B7:A9 telemetry=on","device_key":"ble-address:44:1b:f6:8d:b7:a9","kind":"rx","seq":255,"session":"s1","stream":"chat","text":" ok=94 user=88 echo_","timestamp":1789344139.2725039},{"data_b64":"cmVxPTAgZWNob19yZXA9MCBoYj0=","description":"ble:LoRa-Chatter-1B44 44:1B:F6:8D:B7:A9 telemetry=on","device_key":"ble-address:44:1b:f6:8d:b7:a9","kind":"rx","seq":256,"session":"s1","stream":"chat","text":"req=0 echo_rep=0 hb=","timestamp":1789344139.2734807},{"data_b64":"MChpZGxlPTApIGVycj0wIHN0YXI=","description":"ble:LoRa-Chatter-1B44 44:1B:F6:8D:B7:A9 telemetry=on","device_key":"ble-address:44:1b:f6:8d:b7:a9","kind":"rx","seq":257,"session":"s1","stream":"chat","text":"0(idle=0) err=0 star","timestamp":1789344139.2742748},{"data_b64":"dGVkPTk0IFJYIG9rPTIwIHVzZXI=","description":"ble:LoRa-Chatter-1B44 44:1B:F6:8D:B7:A9 telemetry=on","device_key":"ble-address:44:1b:f6:8d:b7:a9","kind":"rx","seq":258,"session":"s1","stream":"chat","text":"ted=94 RX ok=20 user","timestamp":1789344139.3107917},{"data_b64":"PTYgZWNob19yZXE9MCBlY2hvX3I=","description":"ble:LoRa-Chatter-1B44 44:1B:F6:8D:B7:A9 telemetry=on","device_key":"ble-address:44:1b:f6:8d:b7:a9","kind":"rx","seq":259,"session":"s1","stream":"chat","text":"=6 echo_req=0 echo_r","timestamp":1789344139.311488},{"data_b64":"ZXA9MCBoYj0wIGNyYz0wIGhkcj0=","description":"ble:LoRa-Chatter-1B44 44:1B:F6:8D:B7:A9 telemetry=on","device_key":"ble-address:44:1b:f6:8d:b7:a9","kind":"rx","seq":260,"session":"s1","stream":"chat","text":"ep=0 hb=0 crc=0 hdr=","timestamp":1789344139.3115816},{"data_b64":"MCBiYWQ9OCByZWFkZXJyPTAgcmU=","description":"ble:LoRa-Chatter-1B44 44:1B:F6:8D:B7:A9 telemetry=on","device_key":"ble-address:44:1b:f6:8d:b7:a9","kind":"rx","seq":261,"session":"s1","stream":"chat","text":"0 bad=8 readerr=0 re","timestamp":1789344139.3119218},{"data_b64":"cG9ydHM9MjAgUT0xMDAlIGRyb3A=","description":"ble:LoRa-Chatter-1B44 44:1B:F6:8D:B7:A9 telemetry=on","device_key":"ble-address:44:1b:f6:8d:b7:a9","kind":"rx","seq":262,"session":"s1","stream":"chat","text":"ports=20 Q=100% drop","timestamp":1789344139.3124774},{"data_b64":"cz04IGZhdGFsPTAK","description":"ble:LoRa-Chatter-1B44 44:1B:F6:8D:B7:A9 telemetry=on","device_key":"ble-address:44:1b:f6:8d:b7:a9","kind":"rx","seq":263,"session":"s1","stream":"chat","text":"s=8 fatal=0\n","timestamp":1789344139.3129556},{"data_b64":"ClNFU1NJT04gdD0zMTkyMXMgVFg=","description":"ble:LoRa-Chatter-1B44 44:1B:F6:8D:B7:A9 telemetry=on","device_key":"ble-address:44:1b:f6:8d:b7:a9","kind":"rx","seq":264,"session":"s1","stream":"telemetry","text":"\nSESSION t=31921s TX","timestamp":1789344139.3133907},{"data_b64":"IG9rPTk0IHVzZXI9ODggZWNob18=","description":"ble:LoRa-Chatter-1B44 44:1B:F6:8D:B7:A9 telemetry=on","device_key":"ble-address:44:1b:f6:8d:b7:a9","kind":"rx","seq":265,"session":"s1","stream":"telemetry","text":" ok=94 user=88 echo_","timestamp":1789344139.325253},{"data_b64":"cmVxPTAgZWNob19yZXA9MCBoYj0=","description":"ble:LoRa-Chatter-1B44 44:1B:F6:8D:B7:A9 telemetry=on","device_key":"ble-address:44:1b:f6:8d:b7:a9","kind":"rx","seq":266,"session":"s1","stream":"telemetry","text":"req=0 echo_rep=0 hb=","timestamp":1789344139.32539},{"data_b64":"MChpZGxlPTApIGVycj0wIHN0YXI=","description":"ble:LoRa-Chatter-1B44 44:1B:F6:8D:B7:A9 telemetry=on","device_key":"ble-address:44:1b:f6:8d:b7:a9","kind":"rx","seq":267,"session":"s1","stream":"telemetry","text":"0(idle=0) err=0 star","timestamp":1789344139.3254454},{"data_b64":"dGVkPTk0IFJYIG9rPTIwIHVzZXI=","description":"ble:LoRa-Chatter-1B44 44:1B:F6:8D:B7:A9 telemetry=on","device_key":"ble-address:44:1b:f6:8d:b7:a9","kind":"rx","seq":268,"session":"s1","stream":"telemetry","text":"ted=94 RX ok=20 user","timestamp":1789344139.325496},{"data_b64":"PTYgZWNob19yZXE9MCBlY2hvX3I=","description":"ble:LoRa-Chatter-1B44 44:1B:F6:8D:B7:A9 telemetry=on","device_key":"ble-address:44:1b:f6:8d:b7:a9","kind":"rx","seq":269,"session":"s1","stream":"telemetry","text":"=6 echo_req=0 echo_r","timestamp":1789344139.3326576},{"data_b64":"ZXA9MCBoYj0wIGNyYz0wIGhkcj0=","description":"ble:LoRa-Chatter-1B44 44:1B:F6:8D:B7:A9 telemetry=on","device_key":"ble-address:44:1b:f6:8d:b7:a9","kind":"rx","seq":270,"session":"s1","stream":"telemetry","text":"ep=0 hb=0 crc=0 hdr=","timestamp":1789344139.3327734},{"data_b64":"MCBiYWQ9OCByZWFkZXJyPTAgcmU=","description":"ble:LoRa-Chatter-1B44 44:1B:F6:8D:B7:A9 telemetry=on","device_key":"ble-address:44:1b:f6:8d:b7:a9","kind":"rx","seq":271,"session":"s1","stream":"telemetry","text":"0 bad=8 readerr=0 re","timestamp":1789344139.332834},{"data_b64":"cG9ydHM9MjAgUT0xMDAlIGRyb3A=","description":"ble:LoRa-Chatter-1B44 44:1B:F6:8D:B7:A9 telemetry=on","device_key":"ble-address:44:1b:f6:8d:b7:a9","kind":"rx","seq":272,"session":"s1","stream":"telemetry","text":"ports=20 Q=100% drop","timestamp":1789344139.3328857},{"data_b64":"cz04IGZhdGFsPTAK","description":"ble:LoRa-Chatter-1B44 44:1B:F6:8D:B7:A9 telemetry=on","device_key":"ble-address:44:1b:f6:8d:b7:a9","kind":"rx","seq":273,"session":"s1","stream":"telemetry","text":"s=8 fatal=0\n","timestamp":1789344139.3329384},{"data_b64":"U0VTU0lPTiBDT1VSVEVTWSB3aW4=","description":"ble:LoRa-Chatter-1B44 44:1B:F6:8D:B7:A9 telemetry=on","device_key":"ble-address:44:1b:f6:8d:b7:a9","kind":"rx","seq":274,"session":"s1","stream":"chat","text":"SESSION COURTESY win","timestamp":1789344139.333009},{"data_b64":"ZG93PTkxMjNtcyBwZWVyX3JlbGU=","description":"ble:LoRa-Chatter-1B44 44:1B:F6:8D:B7:A9 telemetry=on","device_key":"ble-address:44:1b:f6:8d:b7:a9","kind":"rx","seq":275,"session":"s1","stream":"chat","text":"dow=9123ms peer_rele","timestamp":1789344139.333057},{"data_b64":"YXNlPTAgZXhwaXJlZD0wIHlpZWw=","description":"ble:LoRa-Chatter-1B44 44:1B:F6:8D:B7:A9 telemetry=on","device_key":"ble-address:44:1b:f6:8d:b7:a9","kind":"rx","seq":276,"session":"s1","stream":"chat","text":"ase=0 expired=0 yiel","timestamp":1789344139.333102},{"data_b64":"ZGluZz0wCg==","description":"ble:LoRa-Chatter-1B44 44:1B:F6:8D:B7:A9 telemetry=on","device_key":"ble-address:44:1b:f6:8d:b7:a9","kind":"rx","seq":277,"session":"s1","stream":"chat","text":"ding=0\n","timestamp":1789344139.3331463},{"data_b64":"U0VTU0lPTiBDT1VSVEVTWSB3aW4=","description":"ble:LoRa-Chatter-1B44 44:1B:F6:8D:B7:A9 telemetry=on","device_key":"ble-address:44:1b:f6:8d:b7:a9","kind":"rx","seq":278,"session":"s1","stream":"telemetry","text":"SESSION COURTESY win","timestamp":1789344139.3342721},{"data_b64":"ZG93PTkxMjNtcyBwZWVyX3JlbGU=","description":"ble:LoRa-Chatter-1B44 44:1B:F6:8D:B7:A9 telemetry=on","device_key":"ble-address:44:1b:f6:8d:b7:a9","kind":"rx","seq":279,"session":"s1","stream":"telemetry","text":"dow=9123ms peer_rele","timestamp":1789344139.3343446},{"data_b64":"YXNlPTAgZXhwaXJlZD0wIHlpZWw=","description":"ble:LoRa-Chatter-1B44 44:1B:F6:8D:B7:A9 telemetry=on","device_key":"ble-address:44:1b:f6:8d:b7:a9","kind":"rx","seq":280,"session":"s1","stream":"telemetry","text":"ase=0 expired=0 yiel","timestamp":1789344139.3343937},{"data_b64":"ZGluZz0wCg==","description":"ble:LoRa-Chatter-1B44 44:1B:F6:8D:B7:A9 telemetry=on","device_key":"ble-address:44:1b:f6:8d:b7:a9","kind":"rx","seq":281,"session":"s1","stream":"telemetry","text":"ding=0\n","timestamp":1789344139.3344357},{"data_b64":"U0VTU0lPTiBESU8wX1RYIGFmZmU=","description":"ble:LoRa-Chatter-1B44 44:1B:F6:8D:B7:A9 telemetry=on","device_key":"ble-address:44:1b:f6:8d:b7:a9","kind":"rx","seq":282,"session":"s1","stream":"chat","text":"SESSION DIO0_TX affe","timestamp":1789344139.3344896},{"data_b64":"Y3RlZD0wLzk0IGVwaXNvZGVzPTA=","description":"ble:LoRa-Chatter-1B44 44:1B:F6:8D:B7:A9 telemetry=on","device_key":"ble-address:44:1b:f6:8d:b7:a9","kind":"rx","seq":283,"session":"s1","stream":"chat","text":"cted=0/94 episodes=0","timestamp":1789344139.3345296},{"data_b64":"IGF2Z19hbGw9MC4wMCBhdmdfYWY=","description":"ble:LoRa-Chatter-1B44 44:1B:F6:8D:B7:A9 telemetry=on","device_key":"ble-address:44:1b:f6:8d:b7:a9","kind":"rx","seq":284,"session":"s1","stream":"chat","text":" avg_all=0.00 avg_af","timestamp":1789344139.3345816},{"data_b64":"ZmVjdGVkPTAuMDAgaGlnaF9wb2w=","description":"ble:LoRa-Chatter-1B44 44:1B:F6:8D:B7:A9 telemetry=on","device_key":"ble-address:44:1b:f6:8d:b7:a9","kind":"rx","seq":285,"session":"s1","stream":"chat","text":"fected=0.00 high_pol","timestamp":1789344139.3364785},{"data_b64":"bHM9MAo=","description":"ble:LoRa-Chatter-1B44 44:1B:F6:8D:B7:A9 telemetry=on","device_key":"ble-address:44:1b:f6:8d:b7:a9","kind":"rx","seq":286,"session":"s1","stream":"chat","text":"ls=0\n","timestamp":1789344139.336649},{"data_b64":"U0VTU0lPTiBSWF9QT0xMIHBvbGw=","description":"ble:LoRa-Chatter-1B44 44:1B:F6:8D:B7:A9 telemetry=on","device_key":"ble-address:44:1b:f6:8d:b7:a9","kind":"rx","seq":287,"session":"s1","stream":"chat","text":"SESSION RX_POLL poll","timestamp":1789344139.3370242},{"data_b64":"cz0zMTYzNDczNSByeGRvbmU9Mjg=","description":"ble:LoRa-Chatter-1B44 44:1B:F6:8D:B7:A9 telemetry=on","device_key":"ble-address:44:1b:f6:8d:b7:a9","kind":"rx","seq":288,"session":"s1","stream":"chat","text":"s=31634735 rxdone=28","timestamp":1789344139.3370733},{"data_b64":"IGludGVydmFsPTEwMDB1cyBESU8=","description":"ble:LoRa-Chatter-1B44 44:1B:F6:8D:B7:A9 telemetry=on","device_key":"ble-address:44:1b:f6:8d:b7:a9","kind":"rx","seq":289,"session":"s1","stream":"chat","text":" interval=1000us DIO","timestamp":1789344139.3371198},{"data_b64":"MF9SWCBmYWxzZV9oaWdoX2VwPTA=","description":"ble:LoRa-Chatter-1B44 44:1B:F6:8D:B7:A9 telemetry=on","device_key":"ble-address:44:1b:f6:8d:b7:a9","kind":"rx","seq":290,"session":"s1","stream":"chat","text":"0_RX false_high_ep=0","timestamp":1789344139.3579981},{"data_b64":"IGhpZ2hfcG9sbHM9MCByeGRvbmU=","description":"ble:LoRa-Chatter-1B44 44:1B:F6:8D:B7:A9 telemetry=on","device_key":"ble-address:44:1b:f6:8d:b7:a9","kind":"rx","seq":291,"session":"s1","stream":"chat","text":" high_polls=0 rxdone","timestamp":1789344139.358131},{"data_b64":"X2xvdz0wIGlzcj1kaXNhYmxlZAo=","description":"ble:LoRa-Chatter-1B44 44:1B:F6:8D:B7:A9 telemetry=on","device_key":"ble-address:44:1b:f6:8d:b7:a9","kind":"rx","seq":292,"session":"s1","stream":"chat","text":"_low=0 isr=disabled\n","timestamp":1789344139.3594055},{"data_b64":"U0VTU0lPTiBSWF9QT0xMIHBvbGw=","description":"ble:LoRa-Chatter-1B44 44:1B:F6:8D:B7:A9 telemetry=on","device_key":"ble-address:44:1b:f6:8d:b7:a9","kind":"rx","seq":293,"session":"s1","stream":"telemetry","text":"SESSION RX_POLL poll","timestamp":1789344139.3596518},{"data_b64":"cz0zMTYzNDczNSByeGRvbmU9Mjg=","description":"ble:LoRa-Chatter-1B44 44:1B:F6:8D:B7:A9 telemetry=on","device_key":"ble-address:44:1b:f6:8d:b7:a9","kind":"rx","seq":294,"session":"s1","stream":"telemetry","text":"s=31634735 rxdone=28","timestamp":1789344139.360713},{"data_b64":"IGludGVydmFsPTEwMDB1cyBESU8=","description":"ble:LoRa-Chatter-1B44 44:1B:F6:8D:B7:A9 telemetry=on","device_key":"ble-address:44:1b:f6:8d:b7:a9","kind":"rx","seq":295,"session":"s1","stream":"telemetry","text":" interval=1000us DIO","timestamp":1789344139.3607972},{"data_b64":"MF9SWCBmYWxzZV9oaWdoX2VwPTA=","description":"ble:LoRa-Chatter-1B44 44:1B:F6:8D:B7:A9 telemetry=on","device_key":"ble-address:44:1b:f6:8d:b7:a9","kind":"rx","seq":296,"session":"s1","stream":"telemetry","text":"0_RX false_high_ep=0","timestamp":1789344139.3625846},{"data_b64":"IGhpZ2hfcG9sbHM9MCByeGRvbmU=","description":"ble:LoRa-Chatter-1B44 44:1B:F6:8D:B7:A9 telemetry=on","device_key":"ble-address:44:1b:f6:8d:b7:a9","kind":"rx","seq":297,"session":"s1","stream":"telemetry","text":" high_polls=0 rxdone","timestamp":1789344139.3626812},{"data_b64":"X2xvdz0wIGlzcj1kaXNhYmxlZAo=","description":"ble:LoRa-Chatter-1B44 44:1B:F6:8D:B7:A9 telemetry=on","device_key":"ble-address:44:1b:f6:8d:b7:a9","kind":"rx","seq":298,"session":"s1","stream":"telemetry","text":"_low=0 isr=disabled\n","timestamp":1789344139.3627343}],"lines":[{"seq_first":254,"seq_last":254,"session":"s1","stream":"chat","text":""},{"seq_first":254,"seq_last":263,"session":"s1","stream":"chat","text":"SESSION t=31921s TX ok=94 user=88 echo_req=0 echo_rep=0 hb=0(idle=0) err=0 started=94 RX ok=20 user=6 echo_req=0 echo_rep=0 hb=0 crc=0 hdr=0 bad=8 readerr=0 reports=20 Q=100% drops=8 fatal=0"},{"seq_first":264,"seq_last":264,"session":"s1","stream":"telemetry","text":""},{"seq_first":264,"seq_last":273,"session":"s1","stream":"telemetry","text":"SESSION t=31921s TX ok=94 user=88 echo_req=0 echo_rep=0 hb=0(idle=0) err=0 started=94 RX ok=20 user=6 echo_req=0 echo_rep=0 hb=0 crc=0 hdr=0 bad=8 readerr=0 reports=20 Q=100% drops=8 fatal=0"},{"seq_first":274,"seq_last":277,"session":"s1","stream":"chat","text":"SESSION COURTESY window=9123ms peer_release=0 expired=0 yielding=0"},{"seq_first":278,"seq_last":281,"session":"s1","stream":"telemetry","text":"SESSION COURTESY window=9123ms peer_release=0 expired=0 yielding=0"},{"seq_first":282,"seq_last":286,"session":"s1","stream":"chat","text":"SESSION DIO0_TX affected=0/94 episodes=0 avg_all=0.00 avg_affected=0.00 high_polls=0"},{"seq_first":287,"seq_last":292,"session":"s1","stream":"chat","text":"SESSION RX_POLL polls=31634735 rxdone=28 interval=1000us DIO0_RX false_high_ep=0 high_polls=0 rxdone_low=0 isr=disabled"},{"seq_first":293,"seq_last":298,"session":"s1","stream":"telemetry","text":"SESSION RX_POLL polls=31634735 rxdone=28 interval=1000us DIO0_RX false_high_ep=0 high_polls=0 rxdone_low=0 isr=disabled"}],"timed_out":false}}
2026-09-14T03:03:17.630+03:00 [RX chat] {"data_b64":"ClJYIEJBRCBGUkFNRTogdG9vIHM=","description":"ble:LoRa-Chatter-1B44 44:1B:F6:8D:B7:A9 telemetry=on","device_key":"ble-address:44:1b:f6:8d:b7:a9","kind":"rx","seq":299,"session":"s1","stream":"chat","text":"\nRX BAD FRAME: too s","timestamp":1789344197.6299353}
2026-09-14T03:03:17.631+03:00 [RX chat] {"data_b64":"aG9ydCBsZW49MSBSU1NJPS0xNC4=","description":"ble:LoRa-Chatter-1B44 44:1B:F6:8D:B7:A9 telemetry=on","device_key":"ble-address:44:1b:f6:8d:b7:a9","kind":"rx","seq":300,"session":"s1","stream":"chat","text":"hort len=1 RSSI=-14.","timestamp":1789344197.631059}
2026-09-14T03:03:17.633+03:00 [RX chat] {"data_b64":"MCBTTlI9KzkuNQo=","description":"ble:LoRa-Chatter-1B44 44:1B:F6:8D:B7:A9 telemetry=on","device_key":"ble-address:44:1b:f6:8d:b7:a9","kind":"rx","seq":301,"session":"s1","stream":"chat","text":"0 SNR=+9.5\n","timestamp":1789344197.6322265}
2026-09-14T03:03:17.633+03:00 [RX telemetry] {"data_b64":"ClJYIEJBRCBGUkFNRTogdG9vIHM=","description":"ble:LoRa-Chatter-1B44 44:1B:F6:8D:B7:A9 telemetry=on","device_key":"ble-address:44:1b:f6:8d:b7:a9","kind":"rx","seq":302,"session":"s1","stream":"telemetry","text":"\nRX BAD FRAME: too s","timestamp":1789344197.633157}
2026-09-14T03:03:17.633+03:00 [RX telemetry] {"data_b64":"aG9ydCBsZW49MSBSU1NJPS0xNC4=","description":"ble:LoRa-Chatter-1B44 44:1B:F6:8D:B7:A9 telemetry=on","device_key":"ble-address:44:1b:f6:8d:b7:a9","kind":"rx","seq":303,"session":"s1","stream":"telemetry","text":"hort len=1 RSSI=-14.","timestamp":1789344197.6332297}
2026-09-14T03:03:17.634+03:00 [RX telemetry] {"data_b64":"MCBTTlI9KzkuNQo=","description":"ble:LoRa-Chatter-1B44 44:1B:F6:8D:B7:A9 telemetry=on","device_key":"ble-address:44:1b:f6:8d:b7:a9","kind":"rx","seq":304,"session":"s1","stream":"telemetry","text":"0 SNR=+9.5\n","timestamp":1789344197.6332693}
2026-09-14T03:03:19.295+03:00 [RX chat] {"data_b64":"ClNFU1NJT04gdD0zMTk4MXMgVFg=","description":"ble:LoRa-Chatter-1B44 44:1B:F6:8D:B7:A9 telemetry=on","device_key":"ble-address:44:1b:f6:8d:b7:a9","kind":"rx","seq":305,"session":"s1","stream":"chat","text":"\nSESSION t=31981s TX","timestamp":1789344199.2950733}
2026-09-14T03:03:19.296+03:00 [RX chat] {"data_b64":"IG9rPTk0IHVzZXI9ODggZWNob18=","description":"ble:LoRa-Chatter-1B44 44:1B:F6:8D:B7:A9 telemetry=on","device_key":"ble-address:44:1b:f6:8d:b7:a9","kind":"rx","seq":306,"session":"s1","stream":"chat","text":" ok=94 user=88 echo_","timestamp":1789344199.296089}
2026-09-14T03:03:19.297+03:00 [RX chat] {"data_b64":"cmVxPTAgZWNob19yZXA9MCBoYj0=","description":"ble:LoRa-Chatter-1B44 44:1B:F6:8D:B7:A9 telemetry=on","device_key":"ble-address:44:1b:f6:8d:b7:a9","kind":"rx","seq":307,"session":"s1","stream":"chat","text":"req=0 echo_rep=0 hb=","timestamp":1789344199.2968752}
2026-09-14T03:03:19.340+03:00 [RX chat] {"data_b64":"MChpZGxlPTApIGVycj0wIHN0YXI=","description":"ble:LoRa-Chatter-1B44 44:1B:F6:8D:B7:A9 telemetry=on","device_key":"ble-address:44:1b:f6:8d:b7:a9","kind":"rx","seq":308,"session":"s1","stream":"chat","text":"0(idle=0) err=0 star","timestamp":1789344199.3400633}
2026-09-14T03:03:19.341+03:00 [RX chat] {"data_b64":"dGVkPTk0IFJYIG9rPTIwIHVzZXI=","description":"ble:LoRa-Chatter-1B44 44:1B:F6:8D:B7:A9 telemetry=on","device_key":"ble-address:44:1b:f6:8d:b7:a9","kind":"rx","seq":309,"session":"s1","stream":"chat","text":"ted=94 RX ok=20 user","timestamp":1789344199.3409438}
2026-09-14T03:03:19.341+03:00 [RX chat] {"data_b64":"PTYgZWNob19yZXE9MCBlY2hvX3I=","description":"ble:LoRa-Chatter-1B44 44:1B:F6:8D:B7:A9 telemetry=on","device_key":"ble-address:44:1b:f6:8d:b7:a9","kind":"rx","seq":310,"session":"s1","stream":"chat","text":"=6 echo_req=0 echo_r","timestamp":1789344199.3416312}
2026-09-14T03:03:19.385+03:00 [RX chat] {"data_b64":"ZXA9MCBoYj0wIGNyYz0wIGhkcj0=","description":"ble:LoRa-Chatter-1B44 44:1B:F6:8D:B7:A9 telemetry=on","device_key":"ble-address:44:1b:f6:8d:b7:a9","kind":"rx","seq":311,"session":"s1","stream":"chat","text":"ep=0 hb=0 crc=0 hdr=","timestamp":1789344199.3849978}
2026-09-14T03:03:19.386+03:00 [RX chat] {"data_b64":"MCBiYWQ9OSByZWFkZXJyPTAgcmU=","description":"ble:LoRa-Chatter-1B44 44:1B:F6:8D:B7:A9 telemetry=on","device_key":"ble-address:44:1b:f6:8d:b7:a9","kind":"rx","seq":312,"session":"s1","stream":"chat","text":"0 bad=9 readerr=0 re","timestamp":1789344199.3855069}
2026-09-14T03:03:19.387+03:00 [RX chat] {"data_b64":"cG9ydHM9MjAgUT0xMDAlIGRyb3A=","description":"ble:LoRa-Chatter-1B44 44:1B:F6:8D:B7:A9 telemetry=on","device_key":"ble-address:44:1b:f6:8d:b7:a9","kind":"rx","seq":313,"session":"s1","stream":"chat","text":"ports=20 Q=100% drop","timestamp":1789344199.3875344}
2026-09-14T03:03:19.431+03:00 [RX chat] {"data_b64":"cz04IGZhdGFsPTAK","description":"ble:LoRa-Chatter-1B44 44:1B:F6:8D:B7:A9 telemetry=on","device_key":"ble-address:44:1b:f6:8d:b7:a9","kind":"rx","seq":314,"session":"s1","stream":"chat","text":"s=8 fatal=0\n","timestamp":1789344199.4303381}
2026-09-14T03:03:19.431+03:00 [RX telemetry] {"data_b64":"ClNFU1NJT04gdD0zMTk4MXMgVFg=","description":"ble:LoRa-Chatter-1B44 44:1B:F6:8D:B7:A9 telemetry=on","device_key":"ble-address:44:1b:f6:8d:b7:a9","kind":"rx","seq":315,"session":"s1","stream":"telemetry","text":"\nSESSION t=31981s TX","timestamp":1789344199.4309828}
2026-09-14T03:03:19.432+03:00 [RX telemetry] {"data_b64":"IG9rPTk0IHVzZXI9ODggZWNob18=","description":"ble:LoRa-Chatter-1B44 44:1B:F6:8D:B7:A9 telemetry=on","device_key":"ble-address:44:1b:f6:8d:b7:a9","kind":"rx","seq":316,"session":"s1","stream":"telemetry","text":" ok=94 user=88 echo_","timestamp":1789344199.432008}
2026-09-14T03:03:19.476+03:00 [RX telemetry] {"data_b64":"cmVxPTAgZWNob19yZXA9MCBoYj0=","description":"ble:LoRa-Chatter-1B44 44:1B:F6:8D:B7:A9 telemetry=on","device_key":"ble-address:44:1b:f6:8d:b7:a9","kind":"rx","seq":317,"session":"s1","stream":"telemetry","text":"req=0 echo_rep=0 hb=","timestamp":1789344199.4762154}
2026-09-14T03:03:19.477+03:00 [RX telemetry] {"data_b64":"MChpZGxlPTApIGVycj0wIHN0YXI=","description":"ble:LoRa-Chatter-1B44 44:1B:F6:8D:B7:A9 telemetry=on","device_key":"ble-address:44:1b:f6:8d:b7:a9","kind":"rx","seq":318,"session":"s1","stream":"telemetry","text":"0(idle=0) err=0 star","timestamp":1789344199.4776187}
2026-09-14T03:03:19.478+03:00 [RX telemetry] {"data_b64":"dGVkPTk0IFJYIG9rPTIwIHVzZXI=","description":"ble:LoRa-Chatter-1B44 44:1B:F6:8D:B7:A9 telemetry=on","device_key":"ble-address:44:1b:f6:8d:b7:a9","kind":"rx","seq":319,"session":"s1","stream":"telemetry","text":"ted=94 RX ok=20 user","timestamp":1789344199.477704}
2026-09-14T03:03:19.519+03:00 [RX telemetry] {"data_b64":"PTYgZWNob19yZXE9MCBlY2hvX3I=","description":"ble:LoRa-Chatter-1B44 44:1B:F6:8D:B7:A9 telemetry=on","device_key":"ble-address:44:1b:f6:8d:b7:a9","kind":"rx","seq":320,"session":"s1","stream":"telemetry","text":"=6 echo_req=0 echo_r","timestamp":1789344199.5187445}
2026-09-14T03:03:19.521+03:00 [RX telemetry] {"data_b64":"ZXA9MCBoYj0wIGNyYz0wIGhkcj0=","description":"ble:LoRa-Chatter-1B44 44:1B:F6:8D:B7:A9 telemetry=on","device_key":"ble-address:44:1b:f6:8d:b7:a9","kind":"rx","seq":321,"session":"s1","stream":"telemetry","text":"ep=0 hb=0 crc=0 hdr=","timestamp":1789344199.520893}
2026-09-14T03:03:19.521+03:00 [RX telemetry] {"data_b64":"MCBiYWQ9OSByZWFkZXJyPTAgcmU=","description":"ble:LoRa-Chatter-1B44 44:1B:F6:8D:B7:A9 telemetry=on","device_key":"ble-address:44:1b:f6:8d:b7:a9","kind":"rx","seq":322,"session":"s1","stream":"telemetry","text":"0 bad=9 readerr=0 re","timestamp":1789344199.5216315}
2026-09-14T03:03:19.526+03:00 [TX] {"data_b64":"L2lkCg==","description":"ble:LoRa-Chatter-72E0 E0:72:A1:D5:4C:15 telemetry=on","device_key":"ble-address:e0:72:a1:d5:4c:15","kind":"tx","seq":152,"session":"s2","timestamp":1789344199.5261936,"tx_state":"connect-preamble-written"}
2026-09-14T03:03:19.526+03:00 [STATE] {"description":"ble:LoRa-Chatter-72E0 E0:72:A1:D5:4C:15 telemetry=on","device_key":"ble-address:e0:72:a1:d5:4c:15","kind":"state","seq":153,"session":"s2","state":"connected","timestamp":1789344199.5262475}
2026-09-14T03:03:19.565+03:00 [RX telemetry] {"data_b64":"cG9ydHM9MjAgUT0xMDAlIGRyb3A=","description":"ble:LoRa-Chatter-1B44 44:1B:F6:8D:B7:A9 telemetry=on","device_key":"ble-address:44:1b:f6:8d:b7:a9","kind":"rx","seq":323,"session":"s1","stream":"telemetry","text":"ports=20 Q=100% drop","timestamp":1789344199.5653071}
2026-09-14T03:03:19.566+03:00 [RX telemetry] {"data_b64":"cz04IGZhdGFsPTAK","description":"ble:LoRa-Chatter-1B44 44:1B:F6:8D:B7:A9 telemetry=on","device_key":"ble-address:44:1b:f6:8d:b7:a9","kind":"rx","seq":324,"session":"s1","stream":"telemetry","text":"s=8 fatal=0\n","timestamp":1789344199.5662088}
2026-09-14T03:03:19.567+03:00 [RX chat] {"data_b64":"U0VTU0lPTiBDT1VSVEVTWSB3aW4=","description":"ble:LoRa-Chatter-1B44 44:1B:F6:8D:B7:A9 telemetry=on","device_key":"ble-address:44:1b:f6:8d:b7:a9","kind":"rx","seq":325,"session":"s1","stream":"chat","text":"SESSION COURTESY win","timestamp":1789344199.5670094}
2026-09-14T03:03:19.611+03:00 [RX chat] {"data_b64":"ZG93PTkxMjNtcyBwZWVyX3JlbGU=","description":"ble:LoRa-Chatter-1B44 44:1B:F6:8D:B7:A9 telemetry=on","device_key":"ble-address:44:1b:f6:8d:b7:a9","kind":"rx","seq":326,"session":"s1","stream":"chat","text":"dow=9123ms peer_rele","timestamp":1789344199.6114995}
2026-09-14T03:03:19.612+03:00 [RX chat] {"data_b64":"YXNlPTAgZXhwaXJlZD0wIHlpZWw=","description":"ble:LoRa-Chatter-1B44 44:1B:F6:8D:B7:A9 telemetry=on","device_key":"ble-address:44:1b:f6:8d:b7:a9","kind":"rx","seq":327,"session":"s1","stream":"chat","text":"ase=0 expired=0 yiel","timestamp":1789344199.6116295}
2026-09-14T03:03:19.613+03:00 [RX chat] {"data_b64":"ZGluZz0wCg==","description":"ble:LoRa-Chatter-1B44 44:1B:F6:8D:B7:A9 telemetry=on","device_key":"ble-address:44:1b:f6:8d:b7:a9","kind":"rx","seq":328,"session":"s1","stream":"chat","text":"ding=0\n","timestamp":1789344199.6126971}
2026-09-14T03:03:19.614+03:00 [RX chat] {"data_b64":"W1NZU10gQ0hBVFRFUiBOT0RFIEw=","description":"ble:LoRa-Chatter-72E0 E0:72:A1:D5:4C:15 telemetry=on","device_key":"ble-address:e0:72:a1:d5:4c:15","kind":"rx","seq":154,"session":"s2","stream":"chat","text":"[SYS] CHATTER NODE L","timestamp":1789344199.6145957}
2026-09-14T03:03:19.615+03:00 [RX chat] {"data_b64":"b1JhLUNoYXR0ZXItNzJFMAo=","description":"ble:LoRa-Chatter-72E0 E0:72:A1:D5:4C:15 telemetry=on","device_key":"ble-address:e0:72:a1:d5:4c:15","kind":"rx","seq":155,"session":"s2","stream":"chat","text":"oRa-Chatter-72E0\n","timestamp":1789344199.6154485}
2026-09-14T03:03:19.655+03:00 [RX telemetry] {"data_b64":"U0VTU0lPTiBDT1VSVEVTWSB3aW4=","description":"ble:LoRa-Chatter-1B44 44:1B:F6:8D:B7:A9 telemetry=on","device_key":"ble-address:44:1b:f6:8d:b7:a9","kind":"rx","seq":329,"session":"s1","stream":"telemetry","text":"SESSION COURTESY win","timestamp":1789344199.6550095}
2026-09-14T03:03:19.655+03:00 [RX telemetry] {"data_b64":"ZG93PTkxMjNtcyBwZWVyX3JlbGU=","description":"ble:LoRa-Chatter-1B44 44:1B:F6:8D:B7:A9 telemetry=on","device_key":"ble-address:44:1b:f6:8d:b7:a9","kind":"rx","seq":330,"session":"s1","stream":"telemetry","text":"dow=9123ms peer_rele","timestamp":1789344199.655357}
2026-09-14T03:03:19.656+03:00 [RX telemetry] {"data_b64":"YXNlPTAgZXhwaXJlZD0wIHlpZWw=","description":"ble:LoRa-Chatter-1B44 44:1B:F6:8D:B7:A9 telemetry=on","device_key":"ble-address:44:1b:f6:8d:b7:a9","kind":"rx","seq":331,"session":"s1","stream":"telemetry","text":"ase=0 expired=0 yiel","timestamp":1789344199.6566236}
2026-09-14T03:03:19.701+03:00 [RX telemetry] {"data_b64":"ZGluZz0wCg==","description":"ble:LoRa-Chatter-1B44 44:1B:F6:8D:B7:A9 telemetry=on","device_key":"ble-address:44:1b:f6:8d:b7:a9","kind":"rx","seq":332,"session":"s1","stream":"telemetry","text":"ding=0\n","timestamp":1789344199.701348}
2026-09-14T03:03:19.702+03:00 [RX chat] {"data_b64":"U0VTU0lPTiBESU8wX1RYIGFmZmU=","description":"ble:LoRa-Chatter-1B44 44:1B:F6:8D:B7:A9 telemetry=on","device_key":"ble-address:44:1b:f6:8d:b7:a9","kind":"rx","seq":333,"session":"s1","stream":"chat","text":"SESSION DIO0_TX affe","timestamp":1789344199.701449}
2026-09-14T03:03:19.702+03:00 [RX chat] {"data_b64":"Y3RlZD0wLzk0IGVwaXNvZGVzPTA=","description":"ble:LoRa-Chatter-1B44 44:1B:F6:8D:B7:A9 telemetry=on","device_key":"ble-address:44:1b:f6:8d:b7:a9","kind":"rx","seq":334,"session":"s1","stream":"chat","text":"cted=0/94 episodes=0","timestamp":1789344199.7021422}
2026-09-14T03:03:19.745+03:00 [RX chat] {"data_b64":"IGF2Z19hbGw9MC4wMCBhdmdfYWY=","description":"ble:LoRa-Chatter-1B44 44:1B:F6:8D:B7:A9 telemetry=on","device_key":"ble-address:44:1b:f6:8d:b7:a9","kind":"rx","seq":335,"session":"s1","stream":"chat","text":" avg_all=0.00 avg_af","timestamp":1789344199.7450387}
2026-09-14T03:03:19.746+03:00 [RX chat] {"data_b64":"ZmVjdGVkPTAuMDAgaGlnaF9wb2w=","description":"ble:LoRa-Chatter-1B44 44:1B:F6:8D:B7:A9 telemetry=on","device_key":"ble-address:44:1b:f6:8d:b7:a9","kind":"rx","seq":336,"session":"s1","stream":"chat","text":"fected=0.00 high_pol","timestamp":1789344199.7459803}
2026-09-14T03:03:19.747+03:00 [RX chat] {"data_b64":"bHM9MAo=","description":"ble:LoRa-Chatter-1B44 44:1B:F6:8D:B7:A9 telemetry=on","device_key":"ble-address:44:1b:f6:8d:b7:a9","kind":"rx","seq":337,"session":"s1","stream":"chat","text":"ls=0\n","timestamp":1789344199.7469025}
2026-09-14T03:03:19.747+03:00 [RX telemetry] {"data_b64":"MF9SWCBmYWxzZV9oaWdoX2VwPTA=","description":"ble:LoRa-Chatter-1B44 44:1B:F6:8D:B7:A9 telemetry=on","device_key":"ble-address:44:1b:f6:8d:b7:a9","kind":"rx","seq":338,"session":"s1","stream":"telemetry","text":"0_RX false_high_ep=0","timestamp":1789344199.747693}
2026-09-14T03:03:19.790+03:00 [RX telemetry] {"data_b64":"IGhpZ2hfcG9sbHM9MCByeGRvbmU=","description":"ble:LoRa-Chatter-1B44 44:1B:F6:8D:B7:A9 telemetry=on","device_key":"ble-address:44:1b:f6:8d:b7:a9","kind":"rx","seq":339,"session":"s1","stream":"telemetry","text":" high_polls=0 rxdone","timestamp":1789344199.790229}
2026-09-14T03:03:19.790+03:00 [RX telemetry] {"data_b64":"X2xvdz0wIGlzcj1kaXNhYmxlZAo=","description":"ble:LoRa-Chatter-1B44 44:1B:F6:8D:B7:A9 telemetry=on","device_key":"ble-address:44:1b:f6:8d:b7:a9","kind":"rx","seq":340,"session":"s1","stream":"telemetry","text":"_low=0 isr=disabled\n","timestamp":1789344199.7907913}
2026-09-14T03:03:28.823+03:00 [AGENT REQUEST] {"id":19,"op":"observe","cursors":{"s1":298,"s2":151},"timeout_ms":20000}
2026-09-14T03:03:28.824+03:00 [AGENT RESPONSE] {"id":19,"ok":true,"result":{"cursors":{"s1":340,"s2":155},"events":[{"data_b64":"ClJYIEJBRCBGUkFNRTogdG9vIHM=","description":"ble:LoRa-Chatter-1B44 44:1B:F6:8D:B7:A9 telemetry=on","device_key":"ble-address:44:1b:f6:8d:b7:a9","kind":"rx","seq":299,"session":"s1","stream":"chat","text":"\nRX BAD FRAME: too s","timestamp":1789344197.6299353},{"data_b64":"aG9ydCBsZW49MSBSU1NJPS0xNC4=","description":"ble:LoRa-Chatter-1B44 44:1B:F6:8D:B7:A9 telemetry=on","device_key":"ble-address:44:1b:f6:8d:b7:a9","kind":"rx","seq":300,"session":"s1","stream":"chat","text":"hort len=1 RSSI=-14.","timestamp":1789344197.631059},{"data_b64":"MCBTTlI9KzkuNQo=","description":"ble:LoRa-Chatter-1B44 44:1B:F6:8D:B7:A9 telemetry=on","device_key":"ble-address:44:1b:f6:8d:b7:a9","kind":"rx","seq":301,"session":"s1","stream":"chat","text":"0 SNR=+9.5\n","timestamp":1789344197.6322265},{"data_b64":"ClJYIEJBRCBGUkFNRTogdG9vIHM=","description":"ble:LoRa-Chatter-1B44 44:1B:F6:8D:B7:A9 telemetry=on","device_key":"ble-address:44:1b:f6:8d:b7:a9","kind":"rx","seq":302,"session":"s1","stream":"telemetry","text":"\nRX BAD FRAME: too s","timestamp":1789344197.633157},{"data_b64":"aG9ydCBsZW49MSBSU1NJPS0xNC4=","description":"ble:LoRa-Chatter-1B44 44:1B:F6:8D:B7:A9 telemetry=on","device_key":"ble-address:44:1b:f6:8d:b7:a9","kind":"rx","seq":303,"session":"s1","stream":"telemetry","text":"hort len=1 RSSI=-14.","timestamp":1789344197.6332297},{"data_b64":"MCBTTlI9KzkuNQo=","description":"ble:LoRa-Chatter-1B44 44:1B:F6:8D:B7:A9 telemetry=on","device_key":"ble-address:44:1b:f6:8d:b7:a9","kind":"rx","seq":304,"session":"s1","stream":"telemetry","text":"0 SNR=+9.5\n","timestamp":1789344197.6332693},{"data_b64":"ClNFU1NJT04gdD0zMTk4MXMgVFg=","description":"ble:LoRa-Chatter-1B44 44:1B:F6:8D:B7:A9 telemetry=on","device_key":"ble-address:44:1b:f6:8d:b7:a9","kind":"rx","seq":305,"session":"s1","stream":"chat","text":"\nSESSION t=31981s TX","timestamp":1789344199.2950733},{"data_b64":"IG9rPTk0IHVzZXI9ODggZWNob18=","description":"ble:LoRa-Chatter-1B44 44:1B:F6:8D:B7:A9 telemetry=on","device_key":"ble-address:44:1b:f6:8d:b7:a9","kind":"rx","seq":306,"session":"s1","stream":"chat","text":" ok=94 user=88 echo_","timestamp":1789344199.296089},{"data_b64":"cmVxPTAgZWNob19yZXA9MCBoYj0=","description":"ble:LoRa-Chatter-1B44 44:1B:F6:8D:B7:A9 telemetry=on","device_key":"ble-address:44:1b:f6:8d:b7:a9","kind":"rx","seq":307,"session":"s1","stream":"chat","text":"req=0 echo_rep=0 hb=","timestamp":1789344199.2968752},{"data_b64":"MChpZGxlPTApIGVycj0wIHN0YXI=","description":"ble:LoRa-Chatter-1B44 44:1B:F6:8D:B7:A9 telemetry=on","device_key":"ble-address:44:1b:f6:8d:b7:a9","kind":"rx","seq":308,"session":"s1","stream":"chat","text":"0(idle=0) err=0 star","timestamp":1789344199.3400633},{"data_b64":"dGVkPTk0IFJYIG9rPTIwIHVzZXI=","description":"ble:LoRa-Chatter-1B44 44:1B:F6:8D:B7:A9 telemetry=on","device_key":"ble-address:44:1b:f6:8d:b7:a9","kind":"rx","seq":309,"session":"s1","stream":"chat","text":"ted=94 RX ok=20 user","timestamp":1789344199.3409438},{"data_b64":"PTYgZWNob19yZXE9MCBlY2hvX3I=","description":"ble:LoRa-Chatter-1B44 44:1B:F6:8D:B7:A9 telemetry=on","device_key":"ble-address:44:1b:f6:8d:b7:a9","kind":"rx","seq":310,"session":"s1","stream":"chat","text":"=6 echo_req=0 echo_r","timestamp":1789344199.3416312},{"data_b64":"ZXA9MCBoYj0wIGNyYz0wIGhkcj0=","description":"ble:LoRa-Chatter-1B44 44:1B:F6:8D:B7:A9 telemetry=on","device_key":"ble-address:44:1b:f6:8d:b7:a9","kind":"rx","seq":311,"session":"s1","stream":"chat","text":"ep=0 hb=0 crc=0 hdr=","timestamp":1789344199.3849978},{"data_b64":"MCBiYWQ9OSByZWFkZXJyPTAgcmU=","description":"ble:LoRa-Chatter-1B44 44:1B:F6:8D:B7:A9 telemetry=on","device_key":"ble-address:44:1b:f6:8d:b7:a9","kind":"rx","seq":312,"session":"s1","stream":"chat","text":"0 bad=9 readerr=0 re","timestamp":1789344199.3855069},{"data_b64":"cG9ydHM9MjAgUT0xMDAlIGRyb3A=","description":"ble:LoRa-Chatter-1B44 44:1B:F6:8D:B7:A9 telemetry=on","device_key":"ble-address:44:1b:f6:8d:b7:a9","kind":"rx","seq":313,"session":"s1","stream":"chat","text":"ports=20 Q=100% drop","timestamp":1789344199.3875344},{"data_b64":"cz04IGZhdGFsPTAK","description":"ble:LoRa-Chatter-1B44 44:1B:F6:8D:B7:A9 telemetry=on","device_key":"ble-address:44:1b:f6:8d:b7:a9","kind":"rx","seq":314,"session":"s1","stream":"chat","text":"s=8 fatal=0\n","timestamp":1789344199.4303381},{"data_b64":"ClNFU1NJT04gdD0zMTk4MXMgVFg=","description":"ble:LoRa-Chatter-1B44 44:1B:F6:8D:B7:A9 telemetry=on","device_key":"ble-address:44:1b:f6:8d:b7:a9","kind":"rx","seq":315,"session":"s1","stream":"telemetry","text":"\nSESSION t=31981s TX","timestamp":1789344199.4309828},{"data_b64":"IG9rPTk0IHVzZXI9ODggZWNob18=","description":"ble:LoRa-Chatter-1B44 44:1B:F6:8D:B7:A9 telemetry=on","device_key":"ble-address:44:1b:f6:8d:b7:a9","kind":"rx","seq":316,"session":"s1","stream":"telemetry","text":" ok=94 user=88 echo_","timestamp":1789344199.432008},{"data_b64":"cmVxPTAgZWNob19yZXA9MCBoYj0=","description":"ble:LoRa-Chatter-1B44 44:1B:F6:8D:B7:A9 telemetry=on","device_key":"ble-address:44:1b:f6:8d:b7:a9","kind":"rx","seq":317,"session":"s1","stream":"telemetry","text":"req=0 echo_rep=0 hb=","timestamp":1789344199.4762154},{"data_b64":"MChpZGxlPTApIGVycj0wIHN0YXI=","description":"ble:LoRa-Chatter-1B44 44:1B:F6:8D:B7:A9 telemetry=on","device_key":"ble-address:44:1b:f6:8d:b7:a9","kind":"rx","seq":318,"session":"s1","stream":"telemetry","text":"0(idle=0) err=0 star","timestamp":1789344199.4776187},{"data_b64":"dGVkPTk0IFJYIG9rPTIwIHVzZXI=","description":"ble:LoRa-Chatter-1B44 44:1B:F6:8D:B7:A9 telemetry=on","device_key":"ble-address:44:1b:f6:8d:b7:a9","kind":"rx","seq":319,"session":"s1","stream":"telemetry","text":"ted=94 RX ok=20 user","timestamp":1789344199.477704},{"data_b64":"PTYgZWNob19yZXE9MCBlY2hvX3I=","description":"ble:LoRa-Chatter-1B44 44:1B:F6:8D:B7:A9 telemetry=on","device_key":"ble-address:44:1b:f6:8d:b7:a9","kind":"rx","seq":320,"session":"s1","stream":"telemetry","text":"=6 echo_req=0 echo_r","timestamp":1789344199.5187445},{"data_b64":"ZXA9MCBoYj0wIGNyYz0wIGhkcj0=","description":"ble:LoRa-Chatter-1B44 44:1B:F6:8D:B7:A9 telemetry=on","device_key":"ble-address:44:1b:f6:8d:b7:a9","kind":"rx","seq":321,"session":"s1","stream":"telemetry","text":"ep=0 hb=0 crc=0 hdr=","timestamp":1789344199.520893},{"data_b64":"MCBiYWQ9OSByZWFkZXJyPTAgcmU=","description":"ble:LoRa-Chatter-1B44 44:1B:F6:8D:B7:A9 telemetry=on","device_key":"ble-address:44:1b:f6:8d:b7:a9","kind":"rx","seq":322,"session":"s1","stream":"telemetry","text":"0 bad=9 readerr=0 re","timestamp":1789344199.5216315},{"data_b64":"L2lkCg==","description":"ble:LoRa-Chatter-72E0 E0:72:A1:D5:4C:15 telemetry=on","device_key":"ble-address:e0:72:a1:d5:4c:15","kind":"tx","seq":152,"session":"s2","timestamp":1789344199.5261936,"tx_state":"connect-preamble-written"},{"description":"ble:LoRa-Chatter-72E0 E0:72:A1:D5:4C:15 telemetry=on","device_key":"ble-address:e0:72:a1:d5:4c:15","kind":"state","seq":153,"session":"s2","state":"connected","timestamp":1789344199.5262475},{"data_b64":"cG9ydHM9MjAgUT0xMDAlIGRyb3A=","description":"ble:LoRa-Chatter-1B44 44:1B:F6:8D:B7:A9 telemetry=on","device_key":"ble-address:44:1b:f6:8d:b7:a9","kind":"rx","seq":323,"session":"s1","stream":"telemetry","text":"ports=20 Q=100% drop","timestamp":1789344199.5653071},{"data_b64":"cz04IGZhdGFsPTAK","description":"ble:LoRa-Chatter-1B44 44:1B:F6:8D:B7:A9 telemetry=on","device_key":"ble-address:44:1b:f6:8d:b7:a9","kind":"rx","seq":324,"session":"s1","stream":"telemetry","text":"s=8 fatal=0\n","timestamp":1789344199.5662088},{"data_b64":"U0VTU0lPTiBDT1VSVEVTWSB3aW4=","description":"ble:LoRa-Chatter-1B44 44:1B:F6:8D:B7:A9 telemetry=on","device_key":"ble-address:44:1b:f6:8d:b7:a9","kind":"rx","seq":325,"session":"s1","stream":"chat","text":"SESSION COURTESY win","timestamp":1789344199.5670094},{"data_b64":"ZG93PTkxMjNtcyBwZWVyX3JlbGU=","description":"ble:LoRa-Chatter-1B44 44:1B:F6:8D:B7:A9 telemetry=on","device_key":"ble-address:44:1b:f6:8d:b7:a9","kind":"rx","seq":326,"session":"s1","stream":"chat","text":"dow=9123ms peer_rele","timestamp":1789344199.6114995},{"data_b64":"YXNlPTAgZXhwaXJlZD0wIHlpZWw=","description":"ble:LoRa-Chatter-1B44 44:1B:F6:8D:B7:A9 telemetry=on","device_key":"ble-address:44:1b:f6:8d:b7:a9","kind":"rx","seq":327,"session":"s1","stream":"chat","text":"ase=0 expired=0 yiel","timestamp":1789344199.6116295},{"data_b64":"ZGluZz0wCg==","description":"ble:LoRa-Chatter-1B44 44:1B:F6:8D:B7:A9 telemetry=on","device_key":"ble-address:44:1b:f6:8d:b7:a9","kind":"rx","seq":328,"session":"s1","stream":"chat","text":"ding=0\n","timestamp":1789344199.6126971},{"data_b64":"W1NZU10gQ0hBVFRFUiBOT0RFIEw=","description":"ble:LoRa-Chatter-72E0 E0:72:A1:D5:4C:15 telemetry=on","device_key":"ble-address:e0:72:a1:d5:4c:15","kind":"rx","seq":154,"session":"s2","stream":"chat","text":"[SYS] CHATTER NODE L","timestamp":1789344199.6145957},{"data_b64":"b1JhLUNoYXR0ZXItNzJFMAo=","description":"ble:LoRa-Chatter-72E0 E0:72:A1:D5:4C:15 telemetry=on","device_key":"ble-address:e0:72:a1:d5:4c:15","kind":"rx","seq":155,"session":"s2","stream":"chat","text":"oRa-Chatter-72E0\n","timestamp":1789344199.6154485},{"data_b64":"U0VTU0lPTiBDT1VSVEVTWSB3aW4=","description":"ble:LoRa-Chatter-1B44 44:1B:F6:8D:B7:A9 telemetry=on","device_key":"ble-address:44:1b:f6:8d:b7:a9","kind":"rx","seq":329,"session":"s1","stream":"telemetry","text":"SESSION COURTESY win","timestamp":1789344199.6550095},{"data_b64":"ZG93PTkxMjNtcyBwZWVyX3JlbGU=","description":"ble:LoRa-Chatter-1B44 44:1B:F6:8D:B7:A9 telemetry=on","device_key":"ble-address:44:1b:f6:8d:b7:a9","kind":"rx","seq":330,"session":"s1","stream":"telemetry","text":"dow=9123ms peer_rele","timestamp":1789344199.655357},{"data_b64":"YXNlPTAgZXhwaXJlZD0wIHlpZWw=","description":"ble:LoRa-Chatter-1B44 44:1B:F6:8D:B7:A9 telemetry=on","device_key":"ble-address:44:1b:f6:8d:b7:a9","kind":"rx","seq":331,"session":"s1","stream":"telemetry","text":"ase=0 expired=0 yiel","timestamp":1789344199.6566236},{"data_b64":"ZGluZz0wCg==","description":"ble:LoRa-Chatter-1B44 44:1B:F6:8D:B7:A9 telemetry=on","device_key":"ble-address:44:1b:f6:8d:b7:a9","kind":"rx","seq":332,"session":"s1","stream":"telemetry","text":"ding=0\n","timestamp":1789344199.701348},{"data_b64":"U0VTU0lPTiBESU8wX1RYIGFmZmU=","description":"ble:LoRa-Chatter-1B44 44:1B:F6:8D:B7:A9 telemetry=on","device_key":"ble-address:44:1b:f6:8d:b7:a9","kind":"rx","seq":333,"session":"s1","stream":"chat","text":"SESSION DIO0_TX affe","timestamp":1789344199.701449},{"data_b64":"Y3RlZD0wLzk0IGVwaXNvZGVzPTA=","description":"ble:LoRa-Chatter-1B44 44:1B:F6:8D:B7:A9 telemetry=on","device_key":"ble-address:44:1b:f6:8d:b7:a9","kind":"rx","seq":334,"session":"s1","stream":"chat","text":"cted=0/94 episodes=0","timestamp":1789344199.7021422},{"data_b64":"IGF2Z19hbGw9MC4wMCBhdmdfYWY=","description":"ble:LoRa-Chatter-1B44 44:1B:F6:8D:B7:A9 telemetry=on","device_key":"ble-address:44:1b:f6:8d:b7:a9","kind":"rx","seq":335,"session":"s1","stream":"chat","text":" avg_all=0.00 avg_af","timestamp":1789344199.7450387},{"data_b64":"ZmVjdGVkPTAuMDAgaGlnaF9wb2w=","description":"ble:LoRa-Chatter-1B44 44:1B:F6:8D:B7:A9 telemetry=on","device_key":"ble-address:44:1b:f6:8d:b7:a9","kind":"rx","seq":336,"session":"s1","stream":"chat","text":"fected=0.00 high_pol","timestamp":1789344199.7459803},{"data_b64":"bHM9MAo=","description":"ble:LoRa-Chatter-1B44 44:1B:F6:8D:B7:A9 telemetry=on","device_key":"ble-address:44:1b:f6:8d:b7:a9","kind":"rx","seq":337,"session":"s1","stream":"chat","text":"ls=0\n","timestamp":1789344199.7469025},{"data_b64":"MF9SWCBmYWxzZV9oaWdoX2VwPTA=","description":"ble:LoRa-Chatter-1B44 44:1B:F6:8D:B7:A9 telemetry=on","device_key":"ble-address:44:1b:f6:8d:b7:a9","kind":"rx","seq":338,"session":"s1","stream":"telemetry","text":"0_RX false_high_ep=0","timestamp":1789344199.747693},{"data_b64":"IGhpZ2hfcG9sbHM9MCByeGRvbmU=","description":"ble:LoRa-Chatter-1B44 44:1B:F6:8D:B7:A9 telemetry=on","device_key":"ble-address:44:1b:f6:8d:b7:a9","kind":"rx","seq":339,"session":"s1","stream":"telemetry","text":" high_polls=0 rxdone","timestamp":1789344199.790229},{"data_b64":"X2xvdz0wIGlzcj1kaXNhYmxlZAo=","description":"ble:LoRa-Chatter-1B44 44:1B:F6:8D:B7:A9 telemetry=on","device_key":"ble-address:44:1b:f6:8d:b7:a9","kind":"rx","seq":340,"session":"s1","stream":"telemetry","text":"_low=0 isr=disabled\n","timestamp":1789344199.7907913}],"lines":[{"seq_first":299,"seq_last":299,"session":"s1","stream":"chat","text":""},{"seq_first":299,"seq_last":301,"session":"s1","stream":"chat","text":"RX BAD FRAME: too short len=1 RSSI=-14.0 SNR=+9.5"},{"seq_first":302,"seq_last":302,"session":"s1","stream":"telemetry","text":""},{"seq_first":302,"seq_last":304,"session":"s1","stream":"telemetry","text":"RX BAD FRAME: too short len=1 RSSI=-14.0 SNR=+9.5"},{"seq_first":305,"seq_last":305,"session":"s1","stream":"chat","text":""},{"seq_first":305,"seq_last":314,"session":"s1","stream":"chat","text":"SESSION t=31981s TX ok=94 user=88 echo_req=0 echo_rep=0 hb=0(idle=0) err=0 started=94 RX ok=20 user=6 echo_req=0 echo_rep=0 hb=0 crc=0 hdr=0 bad=9 readerr=0 reports=20 Q=100% drops=8 fatal=0"},{"seq_first":315,"seq_last":315,"session":"s1","stream":"telemetry","text":""},{"seq_first":315,"seq_last":324,"session":"s1","stream":"telemetry","text":"SESSION t=31981s TX ok=94 user=88 echo_req=0 echo_rep=0 hb=0(idle=0) err=0 started=94 RX ok=20 user=6 echo_req=0 echo_rep=0 hb=0 crc=0 hdr=0 bad=9 readerr=0 reports=20 Q=100% drops=8 fatal=0"},{"seq_first":325,"seq_last":328,"session":"s1","stream":"chat","text":"SESSION COURTESY window=9123ms peer_release=0 expired=0 yielding=0"},{"seq_first":154,"seq_last":155,"session":"s2","stream":"chat","text":"[SYS] CHATTER NODE LoRa-Chatter-72E0"},{"seq_first":329,"seq_last":332,"session":"s1","stream":"telemetry","text":"SESSION COURTESY window=9123ms peer_release=0 expired=0 yielding=0"},{"seq_first":333,"seq_last":337,"session":"s1","stream":"chat","text":"SESSION DIO0_TX affected=0/94 episodes=0 avg_all=0.00 avg_affected=0.00 high_polls=0"},{"seq_first":338,"seq_last":340,"session":"s1","stream":"telemetry","text":"0_RX false_high_ep=0 high_polls=0 rxdone_low=0 isr=disabled"}],"timed_out":false}}
2026-09-14T03:03:55.182+03:00 [AGENT REQUEST] {"id":20,"op":"send_line","session":"s1","text":"/id"}
2026-09-14T03:03:55.184+03:00 [AGENT RESPONSE] {"id":20,"ok":true,"result":{"state":"queued","tx_id":5}}
2026-09-14T03:03:55.185+03:00 [TX] {"data_b64":"L2lkCg==","device_key":"ble-address:44:1b:f6:8d:b7:a9","kind":"tx","seq":341,"session":"s1","text":"/id","timestamp":1789344235.1832726,"tx_id":5,"tx_state":"queued"}
2026-09-14T03:03:55.186+03:00 [AGENT REQUEST] {"id":21,"op":"send_line","session":"s2","text":"/id"}
2026-09-14T03:03:55.186+03:00 [TX] {"data_b64":"L2lkCg==","description":"ble:LoRa-Chatter-1B44 44:1B:F6:8D:B7:A9 telemetry=on","device_key":"ble-address:44:1b:f6:8d:b7:a9","kind":"tx","seq":342,"session":"s1","text":"/id","timestamp":1789344235.185555,"tx_id":5,"tx_state":"written"}
2026-09-14T03:03:55.188+03:00 [TX] {"data_b64":"L2lkCg==","device_key":"ble-address:e0:72:a1:d5:4c:15","kind":"tx","seq":156,"session":"s2","text":"/id","timestamp":1789344235.186357,"tx_id":3,"tx_state":"queued"}
2026-09-14T03:03:55.188+03:00 [AGENT RESPONSE] {"id":21,"ok":true,"result":{"state":"queued","tx_id":3}}
2026-09-14T03:03:55.188+03:00 [TX] {"data_b64":"L2lkCg==","description":"ble:LoRa-Chatter-72E0 E0:72:A1:D5:4C:15 telemetry=on","device_key":"ble-address:e0:72:a1:d5:4c:15","kind":"tx","seq":157,"session":"s2","text":"/id","timestamp":1789344235.188663,"tx_id":3,"tx_state":"written"}
2026-09-14T03:03:55.189+03:00 [AGENT REQUEST] {"id":22,"op":"send_line","session":"s1","text":"/chat"}
2026-09-14T03:03:55.189+03:00 [TX] {"data_b64":"L2NoYXQK","device_key":"ble-address:44:1b:f6:8d:b7:a9","kind":"tx","seq":343,"session":"s1","text":"/chat","timestamp":1789344235.1892986,"tx_id":6,"tx_state":"queued"}
2026-09-14T03:03:55.190+03:00 [AGENT RESPONSE] {"id":22,"ok":true,"result":{"state":"queued","tx_id":6}}
2026-09-14T03:03:55.190+03:00 [AGENT REQUEST] {"id":23,"op":"send_line","session":"s2","text":"/chat"}
2026-09-14T03:03:55.191+03:00 [TX] {"data_b64":"L2NoYXQK","device_key":"ble-address:e0:72:a1:d5:4c:15","kind":"tx","seq":158,"session":"s2","text":"/chat","timestamp":1789344235.190315,"tx_id":4,"tx_state":"queued"}
2026-09-14T03:03:55.192+03:00 [AGENT RESPONSE] {"id":23,"ok":true,"result":{"state":"queued","tx_id":4}}
2026-09-14T03:03:55.193+03:00 [TX] {"data_b64":"L2NoYXQK","description":"ble:LoRa-Chatter-1B44 44:1B:F6:8D:B7:A9 telemetry=on","device_key":"ble-address:44:1b:f6:8d:b7:a9","kind":"tx","seq":344,"session":"s1","text":"/chat","timestamp":1789344235.1912723,"tx_id":6,"tx_state":"written"}
2026-09-14T03:03:55.193+03:00 [AGENT REQUEST] {"id":24,"op":"status","session":"s1"}
2026-09-14T03:03:55.193+03:00 [AGENT RESPONSE] {"id":24,"ok":true,"result":{"connected":true,"description":"ble:LoRa-Chatter-1B44 44:1B:F6:8D:B7:A9 telemetry=on","device_key":"ble-address:44:1b:f6:8d:b7:a9","latest_seq":344,"queued_tx":0,"session":"s1","state":"connected","streams":["chat","telemetry"]}}
2026-09-14T03:03:55.194+03:00 [AGENT REQUEST] {"id":25,"op":"status","session":"s2"}
2026-09-14T03:03:55.195+03:00 [TX] {"data_b64":"L2NoYXQK","description":"ble:LoRa-Chatter-72E0 E0:72:A1:D5:4C:15 telemetry=on","device_key":"ble-address:e0:72:a1:d5:4c:15","kind":"tx","seq":159,"session":"s2","text":"/chat","timestamp":1789344235.1946416,"tx_id":4,"tx_state":"written"}
2026-09-14T03:03:55.195+03:00 [AGENT RESPONSE] {"id":25,"ok":true,"result":{"connected":true,"description":"ble:LoRa-Chatter-72E0 E0:72:A1:D5:4C:15 telemetry=on","device_key":"ble-address:e0:72:a1:d5:4c:15","latest_seq":159,"queued_tx":0,"session":"s2","state":"connected","streams":["chat","telemetry"]}}
2026-09-14T03:03:55.252+03:00 [RX chat] {"data_b64":"W1NZU10gQ0hBVFRFUiBOT0RFIEw=","description":"ble:LoRa-Chatter-1B44 44:1B:F6:8D:B7:A9 telemetry=on","device_key":"ble-address:44:1b:f6:8d:b7:a9","kind":"rx","seq":345,"session":"s1","stream":"chat","text":"[SYS] CHATTER NODE L","timestamp":1789344235.251592}
2026-09-14T03:03:55.253+03:00 [RX chat] {"data_b64":"b1JhLUNoYXR0ZXItMUI0NAo=","description":"ble:LoRa-Chatter-1B44 44:1B:F6:8D:B7:A9 telemetry=on","device_key":"ble-address:44:1b:f6:8d:b7:a9","kind":"rx","seq":346,"session":"s1","stream":"chat","text":"oRa-Chatter-1B44\n","timestamp":1789344235.2526753}
2026-09-14T03:03:55.254+03:00 [RX telemetry] {"data_b64":"Ck9VVFBVVCBNT0RFIHNvdXJjZT0=","description":"ble:LoRa-Chatter-1B44 44:1B:F6:8D:B7:A9 telemetry=on","device_key":"ble-address:44:1b:f6:8d:b7:a9","kind":"rx","seq":347,"session":"s1","stream":"telemetry","text":"\nOUTPUT MODE source=","timestamp":1789344235.2537959}
2026-09-14T03:03:55.254+03:00 [RX telemetry] {"data_b64":"MiBzdGF0ZT1DSEFUCg==","description":"ble:LoRa-Chatter-1B44 44:1B:F6:8D:B7:A9 telemetry=on","device_key":"ble-address:44:1b:f6:8d:b7:a9","kind":"rx","seq":348,"session":"s1","stream":"telemetry","text":"2 state=CHAT\n","timestamp":1789344235.2538953}
2026-09-14T03:03:55.255+03:00 [RX chat] {"data_b64":"W1NZU10gT1VUUFVUIENIQVQK","description":"ble:LoRa-Chatter-1B44 44:1B:F6:8D:B7:A9 telemetry=on","device_key":"ble-address:44:1b:f6:8d:b7:a9","kind":"rx","seq":349,"session":"s1","stream":"chat","text":"[SYS] OUTPUT CHAT\n","timestamp":1789344235.2552893}
2026-09-14T03:03:55.256+03:00 [RX chat] {"data_b64":"W1NZU10gQ0hBVFRFUiBOT0RFIEw=","description":"ble:LoRa-Chatter-72E0 E0:72:A1:D5:4C:15 telemetry=on","device_key":"ble-address:e0:72:a1:d5:4c:15","kind":"rx","seq":160,"session":"s2","stream":"chat","text":"[SYS] CHATTER NODE L","timestamp":1789344235.2561383}
2026-09-14T03:03:55.259+03:00 [RX chat] {"data_b64":"b1JhLUNoYXR0ZXItNzJFMAo=","description":"ble:LoRa-Chatter-72E0 E0:72:A1:D5:4C:15 telemetry=on","device_key":"ble-address:e0:72:a1:d5:4c:15","kind":"rx","seq":161,"session":"s2","stream":"chat","text":"oRa-Chatter-72E0\n","timestamp":1789344235.2578614}
2026-09-14T03:03:55.259+03:00 [RX telemetry] {"data_b64":"Ck9VVFBVVCBNT0RFIHNvdXJjZT0=","description":"ble:LoRa-Chatter-72E0 E0:72:A1:D5:4C:15 telemetry=on","device_key":"ble-address:e0:72:a1:d5:4c:15","kind":"rx","seq":162,"session":"s2","stream":"telemetry","text":"\nOUTPUT MODE source=","timestamp":1789344235.2582524}
2026-09-14T03:03:55.265+03:00 [RX telemetry] {"data_b64":"MiBzdGF0ZT1DSEFUCg==","description":"ble:LoRa-Chatter-72E0 E0:72:A1:D5:4C:15 telemetry=on","device_key":"ble-address:e0:72:a1:d5:4c:15","kind":"rx","seq":163,"session":"s2","stream":"telemetry","text":"2 state=CHAT\n","timestamp":1789344235.2648246}
2026-09-14T03:03:55.270+03:00 [RX chat] {"data_b64":"W1NZU10gT1VUUFVUIENIQVQK","description":"ble:LoRa-Chatter-72E0 E0:72:A1:D5:4C:15 telemetry=on","device_key":"ble-address:e0:72:a1:d5:4c:15","kind":"rx","seq":164,"session":"s2","stream":"chat","text":"[SYS] OUTPUT CHAT\n","timestamp":1789344235.2700815}
2026-09-14T03:04:03.854+03:00 [AGENT REQUEST] {"id":26,"op":"observe","cursors":{"s1":340,"s2":155},"timeout_ms":5000}
2026-09-14T03:04:03.856+03:00 [AGENT RESPONSE] {"id":26,"ok":true,"result":{"cursors":{"s1":349,"s2":164},"events":[{"data_b64":"L2lkCg==","device_key":"ble-address:44:1b:f6:8d:b7:a9","kind":"tx","seq":341,"session":"s1","text":"/id","timestamp":1789344235.1832726,"tx_id":5,"tx_state":"queued"},{"data_b64":"L2lkCg==","description":"ble:LoRa-Chatter-1B44 44:1B:F6:8D:B7:A9 telemetry=on","device_key":"ble-address:44:1b:f6:8d:b7:a9","kind":"tx","seq":342,"session":"s1","text":"/id","timestamp":1789344235.185555,"tx_id":5,"tx_state":"written"},{"data_b64":"L2lkCg==","device_key":"ble-address:e0:72:a1:d5:4c:15","kind":"tx","seq":156,"session":"s2","text":"/id","timestamp":1789344235.186357,"tx_id":3,"tx_state":"queued"},{"data_b64":"L2lkCg==","description":"ble:LoRa-Chatter-72E0 E0:72:A1:D5:4C:15 telemetry=on","device_key":"ble-address:e0:72:a1:d5:4c:15","kind":"tx","seq":157,"session":"s2","text":"/id","timestamp":1789344235.188663,"tx_id":3,"tx_state":"written"},{"data_b64":"L2NoYXQK","device_key":"ble-address:44:1b:f6:8d:b7:a9","kind":"tx","seq":343,"session":"s1","text":"/chat","timestamp":1789344235.1892986,"tx_id":6,"tx_state":"queued"},{"data_b64":"L2NoYXQK","device_key":"ble-address:e0:72:a1:d5:4c:15","kind":"tx","seq":158,"session":"s2","text":"/chat","timestamp":1789344235.190315,"tx_id":4,"tx_state":"queued"},{"data_b64":"L2NoYXQK","description":"ble:LoRa-Chatter-1B44 44:1B:F6:8D:B7:A9 telemetry=on","device_key":"ble-address:44:1b:f6:8d:b7:a9","kind":"tx","seq":344,"session":"s1","text":"/chat","timestamp":1789344235.1912723,"tx_id":6,"tx_state":"written"},{"data_b64":"L2NoYXQK","description":"ble:LoRa-Chatter-72E0 E0:72:A1:D5:4C:15 telemetry=on","device_key":"ble-address:e0:72:a1:d5:4c:15","kind":"tx","seq":159,"session":"s2","text":"/chat","timestamp":1789344235.1946416,"tx_id":4,"tx_state":"written"},{"data_b64":"W1NZU10gQ0hBVFRFUiBOT0RFIEw=","description":"ble:LoRa-Chatter-1B44 44:1B:F6:8D:B7:A9 telemetry=on","device_key":"ble-address:44:1b:f6:8d:b7:a9","kind":"rx","seq":345,"session":"s1","stream":"chat","text":"[SYS] CHATTER NODE L","timestamp":1789344235.251592},{"data_b64":"b1JhLUNoYXR0ZXItMUI0NAo=","description":"ble:LoRa-Chatter-1B44 44:1B:F6:8D:B7:A9 telemetry=on","device_key":"ble-address:44:1b:f6:8d:b7:a9","kind":"rx","seq":346,"session":"s1","stream":"chat","text":"oRa-Chatter-1B44\n","timestamp":1789344235.2526753},{"data_b64":"Ck9VVFBVVCBNT0RFIHNvdXJjZT0=","description":"ble:LoRa-Chatter-1B44 44:1B:F6:8D:B7:A9 telemetry=on","device_key":"ble-address:44:1b:f6:8d:b7:a9","kind":"rx","seq":347,"session":"s1","stream":"telemetry","text":"\nOUTPUT MODE source=","timestamp":1789344235.2537959},{"data_b64":"MiBzdGF0ZT1DSEFUCg==","description":"ble:LoRa-Chatter-1B44 44:1B:F6:8D:B7:A9 telemetry=on","device_key":"ble-address:44:1b:f6:8d:b7:a9","kind":"rx","seq":348,"session":"s1","stream":"telemetry","text":"2 state=CHAT\n","timestamp":1789344235.2538953},{"data_b64":"W1NZU10gT1VUUFVUIENIQVQK","description":"ble:LoRa-Chatter-1B44 44:1B:F6:8D:B7:A9 telemetry=on","device_key":"ble-address:44:1b:f6:8d:b7:a9","kind":"rx","seq":349,"session":"s1","stream":"chat","text":"[SYS] OUTPUT CHAT\n","timestamp":1789344235.2552893},{"data_b64":"W1NZU10gQ0hBVFRFUiBOT0RFIEw=","description":"ble:LoRa-Chatter-72E0 E0:72:A1:D5:4C:15 telemetry=on","device_key":"ble-address:e0:72:a1:d5:4c:15","kind":"rx","seq":160,"session":"s2","stream":"chat","text":"[SYS] CHATTER NODE L","timestamp":1789344235.2561383},{"data_b64":"b1JhLUNoYXR0ZXItNzJFMAo=","description":"ble:LoRa-Chatter-72E0 E0:72:A1:D5:4C:15 telemetry=on","device_key":"ble-address:e0:72:a1:d5:4c:15","kind":"rx","seq":161,"session":"s2","stream":"chat","text":"oRa-Chatter-72E0\n","timestamp":1789344235.2578614},{"data_b64":"Ck9VVFBVVCBNT0RFIHNvdXJjZT0=","description":"ble:LoRa-Chatter-72E0 E0:72:A1:D5:4C:15 telemetry=on","device_key":"ble-address:e0:72:a1:d5:4c:15","kind":"rx","seq":162,"session":"s2","stream":"telemetry","text":"\nOUTPUT MODE source=","timestamp":1789344235.2582524},{"data_b64":"MiBzdGF0ZT1DSEFUCg==","description":"ble:LoRa-Chatter-72E0 E0:72:A1:D5:4C:15 telemetry=on","device_key":"ble-address:e0:72:a1:d5:4c:15","kind":"rx","seq":163,"session":"s2","stream":"telemetry","text":"2 state=CHAT\n","timestamp":1789344235.2648246},{"data_b64":"W1NZU10gT1VUUFVUIENIQVQK","description":"ble:LoRa-Chatter-72E0 E0:72:A1:D5:4C:15 telemetry=on","device_key":"ble-address:e0:72:a1:d5:4c:15","kind":"rx","seq":164,"session":"s2","stream":"chat","text":"[SYS] OUTPUT CHAT\n","timestamp":1789344235.2700815}],"lines":[{"seq_first":345,"seq_last":346,"session":"s1","stream":"chat","text":"[SYS] CHATTER NODE LoRa-Chatter-1B44"},{"seq_first":347,"seq_last":347,"session":"s1","stream":"telemetry","text":""},{"seq_first":347,"seq_last":348,"session":"s1","stream":"telemetry","text":"OUTPUT MODE source=2 state=CHAT"},{"seq_first":349,"seq_last":349,"session":"s1","stream":"chat","text":"[SYS] OUTPUT CHAT"},{"seq_first":160,"seq_last":161,"session":"s2","stream":"chat","text":"[SYS] CHATTER NODE LoRa-Chatter-72E0"},{"seq_first":162,"seq_last":162,"session":"s2","stream":"telemetry","text":""},{"seq_first":162,"seq_last":163,"session":"s2","stream":"telemetry","text":"OUTPUT MODE source=2 state=CHAT"},{"seq_first":164,"seq_last":164,"session":"s2","stream":"chat","text":"[SYS] OUTPUT CHAT"}],"timed_out":false}}
2026-09-14T03:04:14.301+03:00 [AGENT REQUEST] {"id":27,"op":"send_line","session":"s1","text":"/help"}
2026-09-14T03:04:14.302+03:00 [TX] {"data_b64":"L2hlbHAK","device_key":"ble-address:44:1b:f6:8d:b7:a9","kind":"tx","seq":350,"session":"s1","text":"/help","timestamp":1789344254.3015401,"tx_id":7,"tx_state":"queued"}
2026-09-14T03:04:14.302+03:00 [AGENT RESPONSE] {"id":27,"ok":true,"result":{"state":"queued","tx_id":7}}
2026-09-14T03:04:14.302+03:00 [AGENT REQUEST] {"id":28,"op":"send_line","session":"s2","text":"/help"}
2026-09-14T03:04:14.302+03:00 [AGENT RESPONSE] {"id":28,"ok":true,"result":{"state":"queued","tx_id":5}}
2026-09-14T03:04:14.303+03:00 [TX] {"data_b64":"L2hlbHAK","device_key":"ble-address:e0:72:a1:d5:4c:15","kind":"tx","seq":165,"session":"s2","text":"/help","timestamp":1789344254.3026197,"tx_id":5,"tx_state":"queued"}
2026-09-14T03:04:14.303+03:00 [TX] {"data_b64":"L2hlbHAK","description":"ble:LoRa-Chatter-1B44 44:1B:F6:8D:B7:A9 telemetry=on","device_key":"ble-address:44:1b:f6:8d:b7:a9","kind":"tx","seq":351,"session":"s1","text":"/help","timestamp":1789344254.303008,"tx_id":7,"tx_state":"written"}
2026-09-14T03:04:14.304+03:00 [TX] {"data_b64":"L2hlbHAK","description":"ble:LoRa-Chatter-72E0 E0:72:A1:D5:4C:15 telemetry=on","device_key":"ble-address:e0:72:a1:d5:4c:15","kind":"tx","seq":166,"session":"s2","text":"/help","timestamp":1789344254.3039682,"tx_id":5,"tx_state":"written"}
2026-09-14T03:04:14.376+03:00 [RX chat] {"data_b64":"CltTWVNdIENIQVRURVIgSEVMUAo=","description":"ble:LoRa-Chatter-1B44 44:1B:F6:8D:B7:A9 telemetry=on","device_key":"ble-address:44:1b:f6:8d:b7:a9","kind":"rx","seq":352,"session":"s1","stream":"chat","text":"\n[SYS] CHATTER HELP\n","timestamp":1789344254.3760324}
2026-09-14T03:04:14.377+03:00 [RX chat] {"data_b64":"W1NZU10gQ0hBVFRFUiBOT0RFIEw=","description":"ble:LoRa-Chatter-1B44 44:1B:F6:8D:B7:A9 telemetry=on","device_key":"ble-address:44:1b:f6:8d:b7:a9","kind":"rx","seq":353,"session":"s1","stream":"chat","text":"[SYS] CHATTER NODE L","timestamp":1789344254.3768542}
2026-09-14T03:04:14.378+03:00 [RX chat] {"data_b64":"b1JhLUNoYXR0ZXItMUI0NAo=","description":"ble:LoRa-Chatter-1B44 44:1B:F6:8D:B7:A9 telemetry=on","device_key":"ble-address:44:1b:f6:8d:b7:a9","kind":"rx","seq":354,"session":"s1","stream":"chat","text":"oRa-Chatter-1B44\n","timestamp":1789344254.3775046}
2026-09-14T03:04:14.379+03:00 [RX chat] {"data_b64":"W1NZU10gQ0hBVCBPVVRQVVQ6Cg==","description":"ble:LoRa-Chatter-1B44 44:1B:F6:8D:B7:A9 telemetry=on","device_key":"ble-address:44:1b:f6:8d:b7:a9","kind":"rx","seq":355,"session":"s1","stream":"chat","text":"[SYS] CHAT OUTPUT:\n","timestamp":1789344254.3787146}
2026-09-14T03:04:14.379+03:00 [RX chat] {"data_b64":"W1NZU10gICA+IHRleHQgICAgICA=","description":"ble:LoRa-Chatter-1B44 44:1B:F6:8D:B7:A9 telemetry=on","device_key":"ble-address:44:1b:f6:8d:b7:a9","kind":"rx","seq":356,"session":"s1","stream":"chat","text":"[SYS]   > text      ","timestamp":1789344254.3788698}
2026-09-14T03:04:14.380+03:00 [RX chat] {"data_b64":"ICAgICAgICAgICAgICAgICBsb2M=","description":"ble:LoRa-Chatter-1B44 44:1B:F6:8D:B7:A9 telemetry=on","device_key":"ble-address:44:1b:f6:8d:b7:a9","kind":"rx","seq":357,"session":"s1","stream":"chat","text":"                 loc","timestamp":1789344254.3798761}
2026-09-14T03:04:14.380+03:00 [RX chat] {"data_b64":"YWwgVVNFUiBUWCBjb25maXJtZWQ=","description":"ble:LoRa-Chatter-1B44 44:1B:F6:8D:B7:A9 telemetry=on","device_key":"ble-address:44:1b:f6:8d:b7:a9","kind":"rx","seq":358,"session":"s1","stream":"chat","text":"al USER TX confirmed","timestamp":1789344254.3800924}
2026-09-14T03:04:14.381+03:00 [RX chat] {"data_b64":"Cg==","description":"ble:LoRa-Chatter-1B44 44:1B:F6:8D:B7:A9 telemetry=on","device_key":"ble-address:44:1b:f6:8d:b7:a9","kind":"rx","seq":359,"session":"s1","stream":"chat","text":"\n","timestamp":1789344254.3808806}
2026-09-14T03:04:14.381+03:00 [RX chat] {"data_b64":"W1NZU10gICA8IFtSU1NJL1NOUiA=","description":"ble:LoRa-Chatter-1B44 44:1B:F6:8D:B7:A9 telemetry=on","device_key":"ble-address:44:1b:f6:8d:b7:a9","kind":"rx","seq":360,"session":"s1","stream":"chat","text":"[SYS]   < [RSSI/SNR ","timestamp":1789344254.3814235}
2026-09-14T03:04:14.381+03:00 [RX chat] {"data_b64":"USVdIHRleHQgICAgICAgICBVU0U=","description":"ble:LoRa-Chatter-1B44 44:1B:F6:8D:B7:A9 telemetry=on","device_key":"ble-address:44:1b:f6:8d:b7:a9","kind":"rx","seq":361,"session":"s1","stream":"chat","text":"Q%] text         USE","timestamp":1789344254.3815973}
2026-09-14T03:04:14.383+03:00 [RX chat] {"data_b64":"UiByZWNlaXZlZCBmcm9tIHBlZXI=","description":"ble:LoRa-Chatter-1B44 44:1B:F6:8D:B7:A9 telemetry=on","device_key":"ble-address:44:1b:f6:8d:b7:a9","kind":"rx","seq":362,"session":"s1","stream":"chat","text":"R received from peer","timestamp":1789344254.3831701}
2026-09-14T03:04:14.383+03:00 [RX chat] {"data_b64":"Cg==","description":"ble:LoRa-Chatter-1B44 44:1B:F6:8D:B7:A9 telemetry=on","device_key":"ble-address:44:1b:f6:8d:b7:a9","kind":"rx","seq":363,"session":"s1","stream":"chat","text":"\n","timestamp":1789344254.3832436}
2026-09-14T03:04:14.383+03:00 [RX chat] {"data_b64":"W1NZU10gICA+IFtFQ0hPIFRYXSA=","description":"ble:LoRa-Chatter-1B44 44:1B:F6:8D:B7:A9 telemetry=on","device_key":"ble-address:44:1b:f6:8d:b7:a9","kind":"rx","seq":364,"session":"s1","stream":"chat","text":"[SYS]   > [ECHO TX] ","timestamp":1789344254.383374}
2026-09-14T03:04:14.386+03:00 [RX chat] {"data_b64":"dGV4dCAgICAgICAgICAgICBsb2M=","description":"ble:LoRa-Chatter-1B44 44:1B:F6:8D:B7:A9 telemetry=on","device_key":"ble-address:44:1b:f6:8d:b7:a9","kind":"rx","seq":365,"session":"s1","stream":"chat","text":"text             loc","timestamp":1789344254.3847222}
2026-09-14T03:04:14.386+03:00 [RX chat] {"data_b64":"YWwgZWNobyBUWCBjb25maXJtZWQ=","description":"ble:LoRa-Chatter-1B44 44:1B:F6:8D:B7:A9 telemetry=on","device_key":"ble-address:44:1b:f6:8d:b7:a9","kind":"rx","seq":366,"session":"s1","stream":"chat","text":"al echo TX confirmed","timestamp":1789344254.385202}
2026-09-14T03:04:14.387+03:00 [RX chat] {"data_b64":"Cg==","description":"ble:LoRa-Chatter-1B44 44:1B:F6:8D:B7:A9 telemetry=on","device_key":"ble-address:44:1b:f6:8d:b7:a9","kind":"rx","seq":367,"session":"s1","stream":"chat","text":"\n","timestamp":1789344254.3853023}
2026-09-14T03:04:14.387+03:00 [RX chat] {"data_b64":"W1NZU10gICA8IFtFQ0hPIFJTU0k=","description":"ble:LoRa-Chatter-1B44 44:1B:F6:8D:B7:A9 telemetry=on","device_key":"ble-address:44:1b:f6:8d:b7:a9","kind":"rx","seq":368,"session":"s1","stream":"chat","text":"[SYS]   < [ECHO RSSI","timestamp":1789344254.3867087}
2026-09-14T03:04:14.389+03:00 [RX chat] {"data_b64":"L1NOUiBRJV0gdGV4dCAgICBtYXQ=","description":"ble:LoRa-Chatter-1B44 44:1B:F6:8D:B7:A9 telemetry=on","device_key":"ble-address:44:1b:f6:8d:b7:a9","kind":"rx","seq":369,"session":"s1","stream":"chat","text":"/SNR Q%] text    mat","timestamp":1789344254.388826}
2026-09-14T03:04:14.389+03:00 [RX chat] {"data_b64":"Y2hpbmcgZWNobyByZXBseSByZWM=","description":"ble:LoRa-Chatter-1B44 44:1B:F6:8D:B7:A9 telemetry=on","device_key":"ble-address:44:1b:f6:8d:b7:a9","kind":"rx","seq":370,"session":"s1","stream":"chat","text":"ching echo reply rec","timestamp":1789344254.3890626}
2026-09-14T03:04:14.391+03:00 [RX chat] {"data_b64":"ZWl2ZWQK","description":"ble:LoRa-Chatter-1B44 44:1B:F6:8D:B7:A9 telemetry=on","device_key":"ble-address:44:1b:f6:8d:b7:a9","kind":"rx","seq":371,"session":"s1","stream":"chat","text":"eived\n","timestamp":1789344254.3907943}
2026-09-14T03:04:14.424+03:00 [RX chat] {"data_b64":"W1NZU10gICBbRUNIT10gTk8gUkU=","description":"ble:LoRa-Chatter-1B44 44:1B:F6:8D:B7:A9 telemetry=on","device_key":"ble-address:44:1b:f6:8d:b7:a9","kind":"rx","seq":372,"session":"s1","stream":"chat","text":"[SYS]   [ECHO] NO RE","timestamp":1789344254.4198704}
2026-09-14T03:04:14.426+03:00 [RX chat] {"data_b64":"U1BPTlNFICAgICAgICAgICBtYXQ=","description":"ble:LoRa-Chatter-1B44 44:1B:F6:8D:B7:A9 telemetry=on","device_key":"ble-address:44:1b:f6:8d:b7:a9","kind":"rx","seq":373,"session":"s1","stream":"chat","text":"SPONSE           mat","timestamp":1789344254.4203126}
2026-09-14T03:04:14.428+03:00 [RX chat] {"data_b64":"Y2hpbmcgZWNobyByZXBseSB0aW0=","description":"ble:LoRa-Chatter-1B44 44:1B:F6:8D:B7:A9 telemetry=on","device_key":"ble-address:44:1b:f6:8d:b7:a9","kind":"rx","seq":374,"session":"s1","stream":"chat","text":"ching echo reply tim","timestamp":1789344254.426402}
2026-09-14T03:04:14.430+03:00 [RX chat] {"data_b64":"ZWQgb3V0Cg==","description":"ble:LoRa-Chatter-1B44 44:1B:F6:8D:B7:A9 telemetry=on","device_key":"ble-address:44:1b:f6:8d:b7:a9","kind":"rx","seq":375,"session":"s1","stream":"chat","text":"ed out\n","timestamp":1789344254.4265387}
2026-09-14T03:04:14.430+03:00 [RX chat] {"data_b64":"W1NZU10gICBkZWxpdmVyeSByZXQ=","description":"ble:LoRa-Chatter-1B44 44:1B:F6:8D:B7:A9 telemetry=on","device_key":"ble-address:44:1b:f6:8d:b7:a9","kind":"rx","seq":376,"session":"s1","stream":"chat","text":"[SYS]   delivery ret","timestamp":1789344254.4280667}
2026-09-14T03:04:14.430+03:00 [RX chat] {"data_b64":"cnkgZGV0YWlscyAgICAgICBURUw=","description":"ble:LoRa-Chatter-1B44 44:1B:F6:8D:B7:A9 telemetry=on","device_key":"ble-address:44:1b:f6:8d:b7:a9","kind":"rx","seq":377,"session":"s1","stream":"chat","text":"ry details       TEL","timestamp":1789344254.4281833}
2026-09-14T03:04:14.430+03:00 [RX chat] {"data_b64":"RU1FVFJZIG9ubHkK","description":"ble:LoRa-Chatter-1B44 44:1B:F6:8D:B7:A9 telemetry=on","device_key":"ble-address:44:1b:f6:8d:b7:a9","kind":"rx","seq":378,"session":"s1","stream":"chat","text":"EMETRY only\n","timestamp":1789344254.4282293}
2026-09-14T03:04:14.431+03:00 [RX chat] {"data_b64":"W1NZU10gICBSU1NJPWRCbSwgU04=","description":"ble:LoRa-Chatter-1B44 44:1B:F6:8D:B7:A9 telemetry=on","device_key":"ble-address:44:1b:f6:8d:b7:a9","kind":"rx","seq":379,"session":"s1","stream":"chat","text":"[SYS]   RSSI=dBm, SN","timestamp":1789344254.4291537}
2026-09-14T03:04:14.431+03:00 [RX chat] {"data_b64":"Uj1kQiwgUT1yb2xsaW5nIHJlY2U=","description":"ble:LoRa-Chatter-1B44 44:1B:F6:8D:B7:A9 telemetry=on","device_key":"ble-address:44:1b:f6:8d:b7:a9","kind":"rx","seq":380,"session":"s1","stream":"chat","text":"R=dB, Q=rolling rece","timestamp":1789344254.429231}
2026-09-14T03:04:14.431+03:00 [RX chat] {"data_b64":"aXZlIHF1YWxpdHkgJQo=","description":"ble:LoRa-Chatter-1B44 44:1B:F6:8D:B7:A9 telemetry=on","device_key":"ble-address:44:1b:f6:8d:b7:a9","kind":"rx","seq":381,"session":"s1","stream":"chat","text":"ive quality %\n","timestamp":1789344254.429274}
2026-09-14T03:04:14.431+03:00 [RX chat] {"data_b64":"W1NZU10gSFVNQU4gQ09OU09MRSA=","description":"ble:LoRa-Chatter-1B44 44:1B:F6:8D:B7:A9 telemetry=on","device_key":"ble-address:44:1b:f6:8d:b7:a9","kind":"rx","seq":382,"session":"s1","stream":"chat","text":"[SYS] HUMAN CONSOLE ","timestamp":1789344254.4298472}
2026-09-14T03:04:14.431+03:00 [RX chat] {"data_b64":"TU9ERVM6Cg==","description":"ble:LoRa-Chatter-1B44 44:1B:F6:8D:B7:A9 telemetry=on","device_key":"ble-address:44:1b:f6:8d:b7:a9","kind":"rx","seq":383,"session":"s1","stream":"chat","text":"MODES:\n","timestamp":1789344254.4298973}
2026-09-14T03:04:14.431+03:00 [RX chat] {"data_b64":"W1NZU10gICBDSEFUICAgICAgIGM=","description":"ble:LoRa-Chatter-1B44 44:1B:F6:8D:B7:A9 telemetry=on","device_key":"ble-address:44:1b:f6:8d:b7:a9","kind":"rx","seq":384,"session":"s1","stream":"chat","text":"[SYS]   CHAT       c","timestamp":1789344254.4299893}
2026-09-14T03:04:14.432+03:00 [RX chat] {"data_b64":"aGF0ICsgU1lTVEVNCg==","description":"ble:LoRa-Chatter-1B44 44:1B:F6:8D:B7:A9 telemetry=on","device_key":"ble-address:44:1b:f6:8d:b7:a9","kind":"rx","seq":385,"session":"s1","stream":"chat","text":"hat + SYSTEM\n","timestamp":1789344254.4316094}
2026-09-14T03:04:14.432+03:00 [RX chat] {"data_b64":"W1NZU10gICBURUxFTUVUUlkgIHQ=","description":"ble:LoRa-Chatter-1B44 44:1B:F6:8D:B7:A9 telemetry=on","device_key":"ble-address:44:1b:f6:8d:b7:a9","kind":"rx","seq":386,"session":"s1","stream":"chat","text":"[SYS]   TELEMETRY  t","timestamp":1789344254.4318182}
2026-09-14T03:04:14.465+03:00 [RX chat] {"data_b64":"ZWxlbWV0cnkgKyBTWVNURU0K","description":"ble:LoRa-Chatter-1B44 44:1B:F6:8D:B7:A9 telemetry=on","device_key":"ble-address:44:1b:f6:8d:b7:a9","kind":"rx","seq":387,"session":"s1","stream":"chat","text":"elemetry + SYSTEM\n","timestamp":1789344254.4649343}
2026-09-14T03:04:14.465+03:00 [RX chat] {"data_b64":"W1NZU10gICBCT1RIICAgICAgIGM=","description":"ble:LoRa-Chatter-1B44 44:1B:F6:8D:B7:A9 telemetry=on","device_key":"ble-address:44:1b:f6:8d:b7:a9","kind":"rx","seq":388,"session":"s1","stream":"chat","text":"[SYS]   BOTH       c","timestamp":1789344254.4652972}
2026-09-14T03:04:14.466+03:00 [RX chat] {"data_b64":"aGF0ICsgdGVsZW1ldHJ5ICsgU1k=","description":"ble:LoRa-Chatter-1B44 44:1B:F6:8D:B7:A9 telemetry=on","device_key":"ble-address:44:1b:f6:8d:b7:a9","kind":"rx","seq":389,"session":"s1","stream":"chat","text":"hat + telemetry + SY","timestamp":1789344254.4663107}
2026-09-14T03:04:14.470+03:00 [RX chat] {"data_b64":"CltTWVNdIENIQVRURVIgSEVMUAo=","description":"ble:LoRa-Chatter-72E0 E0:72:A1:D5:4C:15 telemetry=on","device_key":"ble-address:e0:72:a1:d5:4c:15","kind":"rx","seq":167,"session":"s2","stream":"chat","text":"\n[SYS] CHATTER HELP\n","timestamp":1789344254.4702742}
2026-09-14T03:04:14.471+03:00 [RX chat] {"data_b64":"W1NZU10gQ0hBVFRFUiBOT0RFIEw=","description":"ble:LoRa-Chatter-72E0 E0:72:A1:D5:4C:15 telemetry=on","device_key":"ble-address:e0:72:a1:d5:4c:15","kind":"rx","seq":168,"session":"s2","stream":"chat","text":"[SYS] CHATTER NODE L","timestamp":1789344254.4710665}
2026-09-14T03:04:14.472+03:00 [RX chat] {"data_b64":"b1JhLUNoYXR0ZXItNzJFMAo=","description":"ble:LoRa-Chatter-72E0 E0:72:A1:D5:4C:15 telemetry=on","device_key":"ble-address:e0:72:a1:d5:4c:15","kind":"rx","seq":169,"session":"s2","stream":"chat","text":"oRa-Chatter-72E0\n","timestamp":1789344254.471914}
2026-09-14T03:04:14.472+03:00 [RX chat] {"data_b64":"W1NZU10gQ0hBVCBPVVRQVVQ6Cg==","description":"ble:LoRa-Chatter-72E0 E0:72:A1:D5:4C:15 telemetry=on","device_key":"ble-address:e0:72:a1:d5:4c:15","kind":"rx","seq":170,"session":"s2","stream":"chat","text":"[SYS] CHAT OUTPUT:\n","timestamp":1789344254.4721518}
2026-09-14T03:04:14.473+03:00 [RX chat] {"data_b64":"W1NZU10gICA+IHRleHQgICAgICA=","description":"ble:LoRa-Chatter-72E0 E0:72:A1:D5:4C:15 telemetry=on","device_key":"ble-address:e0:72:a1:d5:4c:15","kind":"rx","seq":171,"session":"s2","stream":"chat","text":"[SYS]   > text      ","timestamp":1789344254.4734275}
2026-09-14T03:04:14.474+03:00 [RX chat] {"data_b64":"ICAgICAgICAgICAgICAgICBsb2M=","description":"ble:LoRa-Chatter-72E0 E0:72:A1:D5:4C:15 telemetry=on","device_key":"ble-address:e0:72:a1:d5:4c:15","kind":"rx","seq":172,"session":"s2","stream":"chat","text":"                 loc","timestamp":1789344254.4740863}
2026-09-14T03:04:14.475+03:00 [RX chat] {"data_b64":"YWwgVVNFUiBUWCBjb25maXJtZWQ=","description":"ble:LoRa-Chatter-72E0 E0:72:A1:D5:4C:15 telemetry=on","device_key":"ble-address:e0:72:a1:d5:4c:15","kind":"rx","seq":173,"session":"s2","stream":"chat","text":"al USER TX confirmed","timestamp":1789344254.4748762}
2026-09-14T03:04:14.475+03:00 [RX chat] {"data_b64":"Cg==","description":"ble:LoRa-Chatter-72E0 E0:72:A1:D5:4C:15 telemetry=on","device_key":"ble-address:e0:72:a1:d5:4c:15","kind":"rx","seq":174,"session":"s2","stream":"chat","text":"\n","timestamp":1789344254.4754894}
2026-09-14T03:04:14.476+03:00 [RX chat] {"data_b64":"W1NZU10gICA8IFtSU1NJL1NOUiA=","description":"ble:LoRa-Chatter-72E0 E0:72:A1:D5:4C:15 telemetry=on","device_key":"ble-address:e0:72:a1:d5:4c:15","kind":"rx","seq":175,"session":"s2","stream":"chat","text":"[SYS]   < [RSSI/SNR ","timestamp":1789344254.4763522}
2026-09-14T03:04:14.478+03:00 [RX chat] {"data_b64":"USVdIHRleHQgICAgICAgICBVU0U=","description":"ble:LoRa-Chatter-72E0 E0:72:A1:D5:4C:15 telemetry=on","device_key":"ble-address:e0:72:a1:d5:4c:15","kind":"rx","seq":176,"session":"s2","stream":"chat","text":"Q%] text         USE","timestamp":1789344254.477303}
2026-09-14T03:04:14.478+03:00 [RX chat] {"data_b64":"UiByZWNlaXZlZCBmcm9tIHBlZXI=","description":"ble:LoRa-Chatter-72E0 E0:72:A1:D5:4C:15 telemetry=on","device_key":"ble-address:e0:72:a1:d5:4c:15","kind":"rx","seq":177,"session":"s2","stream":"chat","text":"R received from peer","timestamp":1789344254.4776444}
2026-09-14T03:04:14.478+03:00 [RX chat] {"data_b64":"Cg==","description":"ble:LoRa-Chatter-72E0 E0:72:A1:D5:4C:15 telemetry=on","device_key":"ble-address:e0:72:a1:d5:4c:15","kind":"rx","seq":178,"session":"s2","stream":"chat","text":"\n","timestamp":1789344254.4777172}
2026-09-14T03:04:14.480+03:00 [RX chat] {"data_b64":"W1NZU10gICA+IFtFQ0hPIFRYXSA=","description":"ble:LoRa-Chatter-72E0 E0:72:A1:D5:4C:15 telemetry=on","device_key":"ble-address:e0:72:a1:d5:4c:15","kind":"rx","seq":179,"session":"s2","stream":"chat","text":"[SYS]   > [ECHO TX] ","timestamp":1789344254.4800465}
2026-09-14T03:04:14.480+03:00 [RX chat] {"data_b64":"dGV4dCAgICAgICAgICAgICBsb2M=","description":"ble:LoRa-Chatter-72E0 E0:72:A1:D5:4C:15 telemetry=on","device_key":"ble-address:e0:72:a1:d5:4c:15","kind":"rx","seq":180,"session":"s2","stream":"chat","text":"text             loc","timestamp":1789344254.480548}
2026-09-14T03:04:14.481+03:00 [RX chat] {"data_b64":"YWwgZWNobyBUWCBjb25maXJtZWQ=","description":"ble:LoRa-Chatter-72E0 E0:72:A1:D5:4C:15 telemetry=on","device_key":"ble-address:e0:72:a1:d5:4c:15","kind":"rx","seq":181,"session":"s2","stream":"chat","text":"al echo TX confirmed","timestamp":1789344254.4811108}
2026-09-14T03:04:14.481+03:00 [RX chat] {"data_b64":"Cg==","description":"ble:LoRa-Chatter-72E0 E0:72:A1:D5:4C:15 telemetry=on","device_key":"ble-address:e0:72:a1:d5:4c:15","kind":"rx","seq":182,"session":"s2","stream":"chat","text":"\n","timestamp":1789344254.4811711}
2026-09-14T03:04:14.482+03:00 [RX chat] {"data_b64":"W1NZU10gICA8IFtFQ0hPIFJTU0k=","description":"ble:LoRa-Chatter-72E0 E0:72:A1:D5:4C:15 telemetry=on","device_key":"ble-address:e0:72:a1:d5:4c:15","kind":"rx","seq":183,"session":"s2","stream":"chat","text":"[SYS]   < [ECHO RSSI","timestamp":1789344254.4816716}
2026-09-14T03:04:14.516+03:00 [RX chat] {"data_b64":"U1RFTQo=","description":"ble:LoRa-Chatter-1B44 44:1B:F6:8D:B7:A9 telemetry=on","device_key":"ble-address:44:1b:f6:8d:b7:a9","kind":"rx","seq":390,"session":"s1","stream":"chat","text":"STEM\n","timestamp":1789344254.5142648}
2026-09-14T03:04:14.519+03:00 [RX chat] {"data_b64":"L1NOUiBRJV0gdGV4dCAgICBtYXQ=","description":"ble:LoRa-Chatter-72E0 E0:72:A1:D5:4C:15 telemetry=on","device_key":"ble-address:e0:72:a1:d5:4c:15","kind":"rx","seq":184,"session":"s2","stream":"chat","text":"/SNR Q%] text    mat","timestamp":1789344254.5193539}
2026-09-14T03:04:14.520+03:00 [RX chat] {"data_b64":"W1NZU10gICBCTEUgMDAwNCBtYWM=","description":"ble:LoRa-Chatter-1B44 44:1B:F6:8D:B7:A9 telemetry=on","device_key":"ble-address:44:1b:f6:8d:b7:a9","kind":"rx","seq":391,"session":"s1","stream":"chat","text":"[SYS]   BLE 0004 mac","timestamp":1789344254.5188758}
2026-09-14T03:04:14.520+03:00 [RX chat] {"data_b64":"aGluZSB0ZWxlbWV0cnkgaXMgaW4=","description":"ble:LoRa-Chatter-1B44 44:1B:F6:8D:B7:A9 telemetry=on","device_key":"ble-address:44:1b:f6:8d:b7:a9","kind":"rx","seq":392,"session":"s1","stream":"chat","text":"hine telemetry is in","timestamp":1789344254.5189602}
2026-09-14T03:04:14.521+03:00 [RX chat] {"data_b64":"ZGVwZW5kZW50IHdoZW4gc3Vic2M=","description":"ble:LoRa-Chatter-1B44 44:1B:F6:8D:B7:A9 telemetry=on","device_key":"ble-address:44:1b:f6:8d:b7:a9","kind":"rx","seq":393,"session":"s1","stream":"chat","text":"dependent when subsc","timestamp":1789344254.5190063}
2026-09-14T03:04:14.524+03:00 [RX chat] {"data_b64":"Y2hpbmcgZWNobyByZXBseSByZWM=","description":"ble:LoRa-Chatter-72E0 E0:72:A1:D5:4C:15 telemetry=on","device_key":"ble-address:e0:72:a1:d5:4c:15","kind":"rx","seq":185,"session":"s2","stream":"chat","text":"ching echo reply rec","timestamp":1789344254.523195}
2026-09-14T03:04:14.525+03:00 [RX chat] {"data_b64":"ZWl2ZWQK","description":"ble:LoRa-Chatter-72E0 E0:72:A1:D5:4C:15 telemetry=on","device_key":"ble-address:e0:72:a1:d5:4c:15","kind":"rx","seq":186,"session":"s2","stream":"chat","text":"eived\n","timestamp":1789344254.5233068}
2026-09-14T03:04:14.528+03:00 [RX chat] {"data_b64":"W1NZU10gICBbRUNIT10gTk8gUkU=","description":"ble:LoRa-Chatter-72E0 E0:72:A1:D5:4C:15 telemetry=on","device_key":"ble-address:e0:72:a1:d5:4c:15","kind":"rx","seq":187,"session":"s2","stream":"chat","text":"[SYS]   [ECHO] NO RE","timestamp":1789344254.5238695}
2026-09-14T03:04:14.530+03:00 [RX chat] {"data_b64":"U1BPTlNFICAgICAgICAgICBtYXQ=","description":"ble:LoRa-Chatter-72E0 E0:72:A1:D5:4C:15 telemetry=on","device_key":"ble-address:e0:72:a1:d5:4c:15","kind":"rx","seq":188,"session":"s2","stream":"chat","text":"SPONSE           mat","timestamp":1789344254.5239732}
2026-09-14T03:04:14.530+03:00 [RX chat] {"data_b64":"Y2hpbmcgZWNobyByZXBseSB0aW0=","description":"ble:LoRa-Chatter-72E0 E0:72:A1:D5:4C:15 telemetry=on","device_key":"ble-address:e0:72:a1:d5:4c:15","kind":"rx","seq":189,"session":"s2","stream":"chat","text":"ching echo reply tim","timestamp":1789344254.5240211}
2026-09-14T03:04:14.530+03:00 [RX chat] {"data_b64":"ZWQgb3V0Cg==","description":"ble:LoRa-Chatter-72E0 E0:72:A1:D5:4C:15 telemetry=on","device_key":"ble-address:e0:72:a1:d5:4c:15","kind":"rx","seq":190,"session":"s2","stream":"chat","text":"ed out\n","timestamp":1789344254.524153}
2026-09-14T03:04:14.531+03:00 [RX chat] {"data_b64":"W1NZU10gICBkZWxpdmVyeSByZXQ=","description":"ble:LoRa-Chatter-72E0 E0:72:A1:D5:4C:15 telemetry=on","device_key":"ble-address:e0:72:a1:d5:4c:15","kind":"rx","seq":191,"session":"s2","stream":"chat","text":"[SYS]   delivery ret","timestamp":1789344254.525132}
2026-09-14T03:04:14.531+03:00 [RX chat] {"data_b64":"cnkgZGV0YWlscyAgICAgICBURUw=","description":"ble:LoRa-Chatter-72E0 E0:72:A1:D5:4C:15 telemetry=on","device_key":"ble-address:e0:72:a1:d5:4c:15","kind":"rx","seq":192,"session":"s2","stream":"chat","text":"ry details       TEL","timestamp":1789344254.5251935}
2026-09-14T03:04:14.531+03:00 [RX chat] {"data_b64":"RU1FVFJZIG9ubHkK","description":"ble:LoRa-Chatter-72E0 E0:72:A1:D5:4C:15 telemetry=on","device_key":"ble-address:e0:72:a1:d5:4c:15","kind":"rx","seq":193,"session":"s2","stream":"chat","text":"EMETRY only\n","timestamp":1789344254.5252326}
2026-09-14T03:04:14.531+03:00 [RX chat] {"data_b64":"W1NZU10gICBSU1NJPWRCbSwgU04=","description":"ble:LoRa-Chatter-72E0 E0:72:A1:D5:4C:15 telemetry=on","device_key":"ble-address:e0:72:a1:d5:4c:15","kind":"rx","seq":194,"session":"s2","stream":"chat","text":"[SYS]   RSSI=dBm, SN","timestamp":1789344254.52844}
2026-09-14T03:04:14.531+03:00 [RX chat] {"data_b64":"Uj1kQiwgUT1yb2xsaW5nIHJlY2U=","description":"ble:LoRa-Chatter-72E0 E0:72:A1:D5:4C:15 telemetry=on","device_key":"ble-address:e0:72:a1:d5:4c:15","kind":"rx","seq":195,"session":"s2","stream":"chat","text":"R=dB, Q=rolling rece","timestamp":1789344254.5285149}
2026-09-14T03:04:14.531+03:00 [RX chat] {"data_b64":"aXZlIHF1YWxpdHkgJQo=","description":"ble:LoRa-Chatter-72E0 E0:72:A1:D5:4C:15 telemetry=on","device_key":"ble-address:e0:72:a1:d5:4c:15","kind":"rx","seq":196,"session":"s2","stream":"chat","text":"ive quality %\n","timestamp":1789344254.5293043}
2026-09-14T03:04:14.531+03:00 [RX chat] {"data_b64":"W1NZU10gSFVNQU4gQ09OU09MRSA=","description":"ble:LoRa-Chatter-72E0 E0:72:A1:D5:4C:15 telemetry=on","device_key":"ble-address:e0:72:a1:d5:4c:15","kind":"rx","seq":197,"session":"s2","stream":"chat","text":"[SYS] HUMAN CONSOLE ","timestamp":1789344254.5298982}
2026-09-14T03:04:14.531+03:00 [RX chat] {"data_b64":"TU9ERVM6Cg==","description":"ble:LoRa-Chatter-72E0 E0:72:A1:D5:4C:15 telemetry=on","device_key":"ble-address:e0:72:a1:d5:4c:15","kind":"rx","seq":198,"session":"s2","stream":"chat","text":"MODES:\n","timestamp":1789344254.530081}
2026-09-14T03:04:14.531+03:00 [RX chat] {"data_b64":"W1NZU10gICBDSEFUICAgICAgIGM=","description":"ble:LoRa-Chatter-72E0 E0:72:A1:D5:4C:15 telemetry=on","device_key":"ble-address:e0:72:a1:d5:4c:15","kind":"rx","seq":199,"session":"s2","stream":"chat","text":"[SYS]   CHAT       c","timestamp":1789344254.5308273}
2026-09-14T03:04:14.533+03:00 [RX chat] {"data_b64":"aGF0ICsgdGVsZW1ldHJ5ICsgU1k=","description":"ble:LoRa-Chatter-72E0 E0:72:A1:D5:4C:15 telemetry=on","device_key":"ble-address:e0:72:a1:d5:4c:15","kind":"rx","seq":200,"session":"s2","stream":"chat","text":"hat + telemetry + SY","timestamp":1789344254.5323627}
2026-09-14T03:04:14.534+03:00 [RX chat] {"data_b64":"U1RFTQo=","description":"ble:LoRa-Chatter-72E0 E0:72:A1:D5:4C:15 telemetry=on","device_key":"ble-address:e0:72:a1:d5:4c:15","kind":"rx","seq":201,"session":"s2","stream":"chat","text":"STEM\n","timestamp":1789344254.5324302}
2026-09-14T03:04:14.534+03:00 [RX chat] {"data_b64":"W1NZU10gICBCTEUgMDAwNCBtYWM=","description":"ble:LoRa-Chatter-72E0 E0:72:A1:D5:4C:15 telemetry=on","device_key":"ble-address:e0:72:a1:d5:4c:15","kind":"rx","seq":202,"session":"s2","stream":"chat","text":"[SYS]   BLE 0004 mac","timestamp":1789344254.5326564}
2026-09-14T03:04:14.534+03:00 [RX chat] {"data_b64":"aGluZSB0ZWxlbWV0cnkgaXMgaW4=","description":"ble:LoRa-Chatter-72E0 E0:72:A1:D5:4C:15 telemetry=on","device_key":"ble-address:e0:72:a1:d5:4c:15","kind":"rx","seq":203,"session":"s2","stream":"chat","text":"hine telemetry is in","timestamp":1789344254.5336254}
2026-09-14T03:04:14.534+03:00 [RX chat] {"data_b64":"ZGVwZW5kZW50IHdoZW4gc3Vic2M=","description":"ble:LoRa-Chatter-72E0 E0:72:A1:D5:4C:15 telemetry=on","device_key":"ble-address:e0:72:a1:d5:4c:15","kind":"rx","seq":204,"session":"s2","stream":"chat","text":"dependent when subsc","timestamp":1789344254.5336676}
2026-09-14T03:04:14.534+03:00 [RX chat] {"data_b64":"cmliZWQK","description":"ble:LoRa-Chatter-72E0 E0:72:A1:D5:4C:15 telemetry=on","device_key":"ble-address:e0:72:a1:d5:4c:15","kind":"rx","seq":205,"session":"s2","stream":"chat","text":"ribed\n","timestamp":1789344254.5336926}
2026-09-14T03:04:14.535+03:00 [RX chat] {"data_b64":"W1NZU10gICBjdXJyZW50PUNIQVQ=","description":"ble:LoRa-Chatter-72E0 E0:72:A1:D5:4C:15 telemetry=on","device_key":"ble-address:e0:72:a1:d5:4c:15","kind":"rx","seq":206,"session":"s2","stream":"chat","text":"[SYS]   current=CHAT","timestamp":1789344254.534742}
2026-09-14T03:04:14.560+03:00 [RX chat] {"data_b64":"cmliZWQK","description":"ble:LoRa-Chatter-1B44 44:1B:F6:8D:B7:A9 telemetry=on","device_key":"ble-address:44:1b:f6:8d:b7:a9","kind":"rx","seq":394,"session":"s1","stream":"chat","text":"ribed\n","timestamp":1789344254.5573099}
2026-09-14T03:04:14.565+03:00 [RX chat] {"data_b64":"IGVjaG89T0ZGCg==","description":"ble:LoRa-Chatter-72E0 E0:72:A1:D5:4C:15 telemetry=on","device_key":"ble-address:e0:72:a1:d5:4c:15","kind":"rx","seq":207,"session":"s2","stream":"chat","text":" echo=OFF\n","timestamp":1789344254.5638309}
2026-09-14T03:04:14.566+03:00 [RX chat] {"data_b64":"W1NZU10gICBjdXJyZW50PUNIQVQ=","description":"ble:LoRa-Chatter-1B44 44:1B:F6:8D:B7:A9 telemetry=on","device_key":"ble-address:44:1b:f6:8d:b7:a9","kind":"rx","seq":395,"session":"s1","stream":"chat","text":"[SYS]   current=CHAT","timestamp":1789344254.5642283}
2026-09-14T03:04:14.567+03:00 [RX chat] {"data_b64":"W1NZU10gQ09NTUFORFM6Cg==","description":"ble:LoRa-Chatter-72E0 E0:72:A1:D5:4C:15 telemetry=on","device_key":"ble-address:e0:72:a1:d5:4c:15","kind":"rx","seq":208,"session":"s2","stream":"chat","text":"[SYS] COMMANDS:\n","timestamp":1789344254.5647144}
2026-09-14T03:04:14.569+03:00 [RX chat] {"data_b64":"IGVjaG89T0ZGCg==","description":"ble:LoRa-Chatter-1B44 44:1B:F6:8D:B7:A9 telemetry=on","device_key":"ble-address:44:1b:f6:8d:b7:a9","kind":"rx","seq":396,"session":"s1","stream":"chat","text":" echo=OFF\n","timestamp":1789344254.5643048}
2026-09-14T03:04:14.569+03:00 [RX chat] {"data_b64":"W1NZU10gQ09NTUFORFM6Cg==","description":"ble:LoRa-Chatter-1B44 44:1B:F6:8D:B7:A9 telemetry=on","device_key":"ble-address:44:1b:f6:8d:b7:a9","kind":"rx","seq":397,"session":"s1","stream":"chat","text":"[SYS] COMMANDS:\n","timestamp":1789344254.5664856}
2026-09-14T03:04:14.570+03:00 [RX chat] {"data_b64":"W1NZU10gICAvaGVscCAgICAgICA=","description":"ble:LoRa-Chatter-72E0 E0:72:A1:D5:4C:15 telemetry=on","device_key":"ble-address:e0:72:a1:d5:4c:15","kind":"rx","seq":209,"session":"s2","stream":"chat","text":"[SYS]   /help       ","timestamp":1789344254.565462}
2026-09-14T03:04:14.570+03:00 [RX chat] {"data_b64":"c2hvdyB0aGlzIGhlbHAK","description":"ble:LoRa-Chatter-72E0 E0:72:A1:D5:4C:15 telemetry=on","device_key":"ble-address:e0:72:a1:d5:4c:15","kind":"rx","seq":210,"session":"s2","stream":"chat","text":"show this help\n","timestamp":1789344254.5655231}
2026-09-14T03:04:14.571+03:00 [RX chat] {"data_b64":"W1NZU10gICAvaWQgICAgICAgICA=","description":"ble:LoRa-Chatter-72E0 E0:72:A1:D5:4C:15 telemetry=on","device_key":"ble-address:e0:72:a1:d5:4c:15","kind":"rx","seq":211,"session":"s2","stream":"chat","text":"[SYS]   /id         ","timestamp":1789344254.5670877}
2026-09-14T03:04:14.571+03:00 [RX chat] {"data_b64":"c2hvdyBub2RlIGlkZW50aXR5Cg==","description":"ble:LoRa-Chatter-72E0 E0:72:A1:D5:4C:15 telemetry=on","device_key":"ble-address:e0:72:a1:d5:4c:15","kind":"rx","seq":212,"session":"s2","stream":"chat","text":"show node identity\n","timestamp":1789344254.5671475}
2026-09-14T03:04:14.572+03:00 [RX chat] {"data_b64":"W1NZU10gICAvY2hhdCAgICAgICA=","description":"ble:LoRa-Chatter-72E0 E0:72:A1:D5:4C:15 telemetry=on","device_key":"ble-address:e0:72:a1:d5:4c:15","kind":"rx","seq":213,"session":"s2","stream":"chat","text":"[SYS]   /chat       ","timestamp":1789344254.5705311}
2026-09-14T03:04:14.572+03:00 [RX chat] {"data_b64":"aHVtYW4gY29uc29sZSBDSEFUCg==","description":"ble:LoRa-Chatter-72E0 E0:72:A1:D5:4C:15 telemetry=on","device_key":"ble-address:e0:72:a1:d5:4c:15","kind":"rx","seq":214,"session":"s2","stream":"chat","text":"human console CHAT\n","timestamp":1789344254.5706034}
2026-09-14T03:04:14.572+03:00 [RX chat] {"data_b64":"W1NZU10gICAvdGVsZSAgICAgICA=","description":"ble:LoRa-Chatter-72E0 E0:72:A1:D5:4C:15 telemetry=on","device_key":"ble-address:e0:72:a1:d5:4c:15","kind":"rx","seq":215,"session":"s2","stream":"chat","text":"[SYS]   /tele       ","timestamp":1789344254.5714698}
2026-09-14T03:04:14.572+03:00 [RX chat] {"data_b64":"aHVtYW4gY29uc29sZSBURUxFTUU=","description":"ble:LoRa-Chatter-72E0 E0:72:A1:D5:4C:15 telemetry=on","device_key":"ble-address:e0:72:a1:d5:4c:15","kind":"rx","seq":216,"session":"s2","stream":"chat","text":"human console TELEME","timestamp":1789344254.5715296}
2026-09-14T03:04:14.572+03:00 [RX chat] {"data_b64":"VFJZCg==","description":"ble:LoRa-Chatter-72E0 E0:72:A1:D5:4C:15 telemetry=on","device_key":"ble-address:e0:72:a1:d5:4c:15","kind":"rx","seq":217,"session":"s2","stream":"chat","text":"TRY\n","timestamp":1789344254.5715811}
2026-09-14T03:04:14.572+03:00 [RX chat] {"data_b64":"W1NZU10gICAvYm90aCAgICAgICA=","description":"ble:LoRa-Chatter-72E0 E0:72:A1:D5:4C:15 telemetry=on","device_key":"ble-address:e0:72:a1:d5:4c:15","kind":"rx","seq":218,"session":"s2","stream":"chat","text":"[SYS]   /both       ","timestamp":1789344254.5716631}
2026-09-14T03:04:14.572+03:00 [RX chat] {"data_b64":"aHVtYW4gY29uc29sZSBCT1RICg==","description":"ble:LoRa-Chatter-72E0 E0:72:A1:D5:4C:15 telemetry=on","device_key":"ble-address:e0:72:a1:d5:4c:15","kind":"rx","seq":219,"session":"s2","stream":"chat","text":"human console BOTH\n","timestamp":1789344254.571703}
2026-09-14T03:04:14.572+03:00 [RX chat] {"data_b64":"W1NZU10gICAvZWNobyAgICAgICA=","description":"ble:LoRa-Chatter-72E0 E0:72:A1:D5:4C:15 telemetry=on","device_key":"ble-address:e0:72:a1:d5:4c:15","kind":"rx","seq":220,"session":"s2","stream":"chat","text":"[SYS]   /echo       ","timestamp":1789344254.5717852}
2026-09-14T03:04:14.573+03:00 [RX chat] {"data_b64":"dG9nZ2xlIGVjaG8gbW9kZQo=","description":"ble:LoRa-Chatter-72E0 E0:72:A1:D5:4C:15 telemetry=on","device_key":"ble-address:e0:72:a1:d5:4c:15","kind":"rx","seq":221,"session":"s2","stream":"chat","text":"toggle echo mode\n","timestamp":1789344254.5718281}
2026-09-14T03:04:14.573+03:00 [RX chat] {"data_b64":"W1NZU10gICAvY2FuY2VsICAgICA=","description":"ble:LoRa-Chatter-72E0 E0:72:A1:D5:4C:15 telemetry=on","device_key":"ble-address:e0:72:a1:d5:4c:15","kind":"rx","seq":222,"session":"s2","stream":"chat","text":"[SYS]   /cancel     ","timestamp":1789344254.571904}
2026-09-14T03:04:14.575+03:00 [RX chat] {"data_b64":"c3RvcCBjdXJyZW50IFVTRVIgZGU=","description":"ble:LoRa-Chatter-72E0 E0:72:A1:D5:4C:15 telemetry=on","device_key":"ble-address:e0:72:a1:d5:4c:15","kind":"rx","seq":223,"session":"s2","stream":"chat","text":"stop current USER de","timestamp":1789344254.5748916}
2026-09-14T03:04:14.576+03:00 [RX chat] {"data_b64":"bGl2ZXJ5L3JldHJpZXMK","description":"ble:LoRa-Chatter-72E0 E0:72:A1:D5:4C:15 telemetry=on","device_key":"ble-address:e0:72:a1:d5:4c:15","kind":"rx","seq":224,"session":"s2","stream":"chat","text":"livery/retries\n","timestamp":1789344254.5750043}
2026-09-14T03:04:14.576+03:00 [RX chat] {"data_b64":"W1NZU10gICAvY2FuY2VsIGFsbCA=","description":"ble:LoRa-Chatter-72E0 E0:72:A1:D5:4C:15 telemetry=on","device_key":"ble-address:e0:72:a1:d5:4c:15","kind":"rx","seq":225,"session":"s2","stream":"chat","text":"[SYS]   /cancel all ","timestamp":1789344254.575356}
2026-09-14T03:04:14.576+03:00 [RX chat] {"data_b64":"c3RvcCBjdXJyZW50IFVTRVIgYW4=","description":"ble:LoRa-Chatter-72E0 E0:72:A1:D5:4C:15 telemetry=on","device_key":"ble-address:e0:72:a1:d5:4c:15","kind":"rx","seq":226,"session":"s2","stream":"chat","text":"stop current USER an","timestamp":1789344254.5753894}
2026-09-14T03:04:14.601+03:00 [RX chat] {"data_b64":"W1NZU10gICAvaGVscCAgICAgICA=","description":"ble:LoRa-Chatter-1B44 44:1B:F6:8D:B7:A9 telemetry=on","device_key":"ble-address:44:1b:f6:8d:b7:a9","kind":"rx","seq":398,"session":"s1","stream":"chat","text":"[SYS]   /help       ","timestamp":1789344254.6006596}
2026-09-14T03:04:14.601+03:00 [RX chat] {"data_b64":"c2hvdyB0aGlzIGhlbHAK","description":"ble:LoRa-Chatter-1B44 44:1B:F6:8D:B7:A9 telemetry=on","device_key":"ble-address:44:1b:f6:8d:b7:a9","kind":"rx","seq":399,"session":"s1","stream":"chat","text":"show this help\n","timestamp":1789344254.600739}
2026-09-14T03:04:14.602+03:00 [RX chat] {"data_b64":"W1NZU10gICAvaWQgICAgICAgICA=","description":"ble:LoRa-Chatter-1B44 44:1B:F6:8D:B7:A9 telemetry=on","device_key":"ble-address:44:1b:f6:8d:b7:a9","kind":"rx","seq":400,"session":"s1","stream":"chat","text":"[SYS]   /id         ","timestamp":1789344254.6025083}
2026-09-14T03:04:14.611+03:00 [RX chat] {"data_b64":"ZCBkaXNjYXJkIHF1ZXVlZCBVU0U=","description":"ble:LoRa-Chatter-72E0 E0:72:A1:D5:4C:15 telemetry=on","device_key":"ble-address:e0:72:a1:d5:4c:15","kind":"rx","seq":227,"session":"s2","stream":"chat","text":"d discard queued USE","timestamp":1789344254.6076267}
2026-09-14T03:04:14.611+03:00 [RX chat] {"data_b64":"UnMK","description":"ble:LoRa-Chatter-72E0 E0:72:A1:D5:4C:15 telemetry=on","device_key":"ble-address:e0:72:a1:d5:4c:15","kind":"rx","seq":228,"session":"s2","stream":"chat","text":"Rs\n","timestamp":1789344254.6086495}
2026-09-14T03:04:14.612+03:00 [RX chat] {"data_b64":"W1NZU10gICAvcmVib290ICAgICA=","description":"ble:LoRa-Chatter-72E0 E0:72:A1:D5:4C:15 telemetry=on","device_key":"ble-address:e0:72:a1:d5:4c:15","kind":"rx","seq":229,"session":"s2","stream":"chat","text":"[SYS]   /reboot     ","timestamp":1789344254.609862}
2026-09-14T03:04:14.612+03:00 [RX chat] {"data_b64":"cmVib290IEVTUDMyIGNvbnRyb2w=","description":"ble:LoRa-Chatter-72E0 E0:72:A1:D5:4C:15 telemetry=on","device_key":"ble-address:e0:72:a1:d5:4c:15","kind":"rx","seq":230,"session":"s2","stream":"chat","text":"reboot ESP32 control","timestamp":1789344254.609935}
2026-09-14T03:04:14.614+03:00 [RX chat] {"data_b64":"bGVyCg==","description":"ble:LoRa-Chatter-72E0 E0:72:A1:D5:4C:15 telemetry=on","device_key":"ble-address:e0:72:a1:d5:4c:15","kind":"rx","seq":231,"session":"s2","stream":"chat","text":"ler\n","timestamp":1789344254.6134036}
2026-09-14T03:04:14.615+03:00 [RX chat] {"data_b64":"W1NZU10gUkFXIENPTlRST0xTICg=","description":"ble:LoRa-Chatter-72E0 E0:72:A1:D5:4C:15 telemetry=on","device_key":"ble-address:e0:72:a1:d5:4c:15","kind":"rx","seq":232,"session":"s2","stream":"chat","text":"[SYS] RAW CONTROLS (","timestamp":1789344254.6137779}
2026-09-14T03:04:14.615+03:00 [RX chat] {"data_b64":"SEVYKToK","description":"ble:LoRa-Chatter-72E0 E0:72:A1:D5:4C:15 telemetry=on","device_key":"ble-address:e0:72:a1:d5:4c:15","kind":"rx","seq":233,"session":"s2","stream":"chat","text":"HEX):\n","timestamp":1789344254.613844}
2026-09-14T03:04:14.616+03:00 [RX chat] {"data_b64":"W1NZU10gICAxNCAzMT1DSEFUICA=","description":"ble:LoRa-Chatter-72E0 E0:72:A1:D5:4C:15 telemetry=on","device_key":"ble-address:e0:72:a1:d5:4c:15","kind":"rx","seq":234,"session":"s2","stream":"chat","text":"[SYS]   14 31=CHAT  ","timestamp":1789344254.6139576}
2026-09-14T03:04:14.616+03:00 [RX chat] {"data_b64":"MTQgMzI9VEVMRU1FVFJZICAxNCA=","description":"ble:LoRa-Chatter-72E0 E0:72:A1:D5:4C:15 telemetry=on","device_key":"ble-address:e0:72:a1:d5:4c:15","kind":"rx","seq":235,"session":"s2","stream":"chat","text":"14 32=TELEMETRY  14 ","timestamp":1789344254.6140118}
2026-09-14T03:04:14.616+03:00 [RX chat] {"data_b64":"MzM9Qk9USCAgMTQgNjU9RUNITyA=","description":"ble:LoRa-Chatter-72E0 E0:72:A1:D5:4C:15 telemetry=on","device_key":"ble-address:e0:72:a1:d5:4c:15","kind":"rx","seq":236,"session":"s2","stream":"chat","text":"33=BOTH  14 65=ECHO ","timestamp":1789344254.6140468}
2026-09-14T03:04:14.616+03:00 [RX chat] {"data_b64":"dG9nZ2xlCg==","description":"ble:LoRa-Chatter-72E0 E0:72:A1:D5:4C:15 telemetry=on","device_key":"ble-address:e0:72:a1:d5:4c:15","kind":"rx","seq":237,"session":"s2","stream":"chat","text":"toggle\n","timestamp":1789344254.614082}
2026-09-14T03:04:14.617+03:00 [RX chat] {"data_b64":"W1NZU10gQU5EUk9JRCBCTEUgVEU=","description":"ble:LoRa-Chatter-72E0 E0:72:A1:D5:4C:15 telemetry=on","device_key":"ble-address:e0:72:a1:d5:4c:15","kind":"rx","seq":238,"session":"s2","stream":"chat","text":"[SYS] ANDROID BLE TE","timestamp":1789344254.6164353}
2026-09-14T03:04:14.618+03:00 [RX chat] {"data_b64":"Uk1JTkFMIE1BQ1JPUzoK","description":"ble:LoRa-Chatter-72E0 E0:72:A1:D5:4C:15 telemetry=on","device_key":"ble-address:e0:72:a1:d5:4c:15","kind":"rx","seq":239,"session":"s2","stream":"chat","text":"RMINAL MACROS:\n","timestamp":1789344254.6165142}
2026-09-14T03:04:14.618+03:00 [RX chat] {"data_b64":"W1NZU10gICBIRVggbWFjcm8sIG4=","description":"ble:LoRa-Chatter-72E0 E0:72:A1:D5:4C:15 telemetry=on","device_key":"ble-address:e0:72:a1:d5:4c:15","kind":"rx","seq":240,"session":"s2","stream":"chat","text":"[SYS]   HEX macro, n","timestamp":1789344254.6174772}
2026-09-14T03:04:14.618+03:00 [RX chat] {"data_b64":"byBFT0w6IDE0IDMxIC8gMTQgMzI=","description":"ble:LoRa-Chatter-72E0 E0:72:A1:D5:4C:15 telemetry=on","device_key":"ble-address:e0:72:a1:d5:4c:15","kind":"rx","seq":241,"session":"s2","stream":"chat","text":"o EOL: 14 31 / 14 32","timestamp":1789344254.6175408}
2026-09-14T03:04:14.618+03:00 [RX chat] {"data_b64":"IC8gMTQgMzMgLyAxNCA2NQo=","description":"ble:LoRa-Chatter-72E0 E0:72:A1:D5:4C:15 telemetry=on","device_key":"ble-address:e0:72:a1:d5:4c:15","kind":"rx","seq":242,"session":"s2","stream":"chat","text":" / 14 33 / 14 65\n","timestamp":1789344254.6176434}
2026-09-14T03:04:14.618+03:00 [RX chat] {"data_b64":"W1NZU10gICBvciBURVhUIG1hY3I=","description":"ble:LoRa-Chatter-72E0 E0:72:A1:D5:4C:15 telemetry=on","device_key":"ble-address:e0:72:a1:d5:4c:15","kind":"rx","seq":243,"session":"s2","stream":"chat","text":"[SYS]   or TEXT macr","timestamp":1789344254.6179261}
2026-09-14T03:04:14.618+03:00 [RX chat] {"data_b64":"byArIExGOiAvaGVscCAvaWQgL2M=","description":"ble:LoRa-Chatter-72E0 E0:72:A1:D5:4C:15 telemetry=on","device_key":"ble-address:e0:72:a1:d5:4c:15","kind":"rx","seq":244,"session":"s2","stream":"chat","text":"o + LF: /help /id /c","timestamp":1789344254.6179793}
2026-09-14T03:04:14.618+03:00 [RX chat] {"data_b64":"aGF0IC90ZWxlIC9ib3RoIC9lY2g=","description":"ble:LoRa-Chatter-72E0 E0:72:A1:D5:4C:15 telemetry=on","device_key":"ble-address:e0:72:a1:d5:4c:15","kind":"rx","seq":245,"session":"s2","stream":"chat","text":"hat /tele /both /ech","timestamp":1789344254.6180274}
2026-09-14T03:04:14.647+03:00 [RX chat] {"data_b64":"c2hvdyBub2RlIGlkZW50aXR5Cg==","description":"ble:LoRa-Chatter-1B44 44:1B:F6:8D:B7:A9 telemetry=on","device_key":"ble-address:44:1b:f6:8d:b7:a9","kind":"rx","seq":401,"session":"s1","stream":"chat","text":"show node identity\n","timestamp":1789344254.6471176}
2026-09-14T03:04:14.648+03:00 [RX chat] {"data_b64":"W1NZU10gICAvY2hhdCAgICAgICA=","description":"ble:LoRa-Chatter-1B44 44:1B:F6:8D:B7:A9 telemetry=on","device_key":"ble-address:44:1b:f6:8d:b7:a9","kind":"rx","seq":402,"session":"s1","stream":"chat","text":"[SYS]   /chat       ","timestamp":1789344254.6481457}
2026-09-14T03:04:14.648+03:00 [RX chat] {"data_b64":"aHVtYW4gY29uc29sZSBDSEFUCg==","description":"ble:LoRa-Chatter-1B44 44:1B:F6:8D:B7:A9 telemetry=on","device_key":"ble-address:44:1b:f6:8d:b7:a9","kind":"rx","seq":403,"session":"s1","stream":"chat","text":"human console CHAT\n","timestamp":1789344254.6481972}
2026-09-14T03:04:14.651+03:00 [RX chat] {"data_b64":"byAvY2FuY2VsIC9jYW5jZWwgYWw=","description":"ble:LoRa-Chatter-72E0 E0:72:A1:D5:4C:15 telemetry=on","device_key":"ble-address:e0:72:a1:d5:4c:15","kind":"rx","seq":246,"session":"s2","stream":"chat","text":"o /cancel /cancel al","timestamp":1789344254.650751}
2026-09-14T03:04:14.652+03:00 [RX chat] {"data_b64":"bCAvcmVib290Cg==","description":"ble:LoRa-Chatter-72E0 E0:72:A1:D5:4C:15 telemetry=on","device_key":"ble-address:e0:72:a1:d5:4c:15","kind":"rx","seq":247,"session":"s2","stream":"chat","text":"l /reboot\n","timestamp":1789344254.6520839}
2026-09-14T03:04:14.653+03:00 [RX chat] {"data_b64":"W1NZU10gICBOb3JkaWMgVUFSVCA=","description":"ble:LoRa-Chatter-72E0 E0:72:A1:D5:4C:15 telemetry=on","device_key":"ble-address:e0:72:a1:d5:4c:15","kind":"rx","seq":248,"session":"s2","stream":"chat","text":"[SYS]   Nordic UART ","timestamp":1789344254.652514}
2026-09-14T03:04:14.653+03:00 [RX chat] {"data_b64":"aHVtYW4gY29uc29sZT0wMDAzOyA=","description":"ble:LoRa-Chatter-72E0 E0:72:A1:D5:4C:15 telemetry=on","device_key":"ble-address:e0:72:a1:d5:4c:15","kind":"rx","seq":249,"session":"s2","stream":"chat","text":"human console=0003; ","timestamp":1789344254.6525803}
2026-09-14T03:04:14.653+03:00 [RX chat] {"data_b64":"bWFjaGluZSB0ZWxlbWV0cnk9MDA=","description":"ble:LoRa-Chatter-72E0 E0:72:A1:D5:4C:15 telemetry=on","device_key":"ble-address:e0:72:a1:d5:4c:15","kind":"rx","seq":250,"session":"s2","stream":"chat","text":"machine telemetry=00","timestamp":1789344254.6526234}
2026-09-14T03:04:14.654+03:00 [RX chat] {"data_b64":"MDQgb3B0aW9uYWwK","description":"ble:LoRa-Chatter-72E0 E0:72:A1:D5:4C:15 telemetry=on","device_key":"ble-address:e0:72:a1:d5:4c:15","kind":"rx","seq":251,"session":"s2","stream":"chat","text":"04 optional\n","timestamp":1789344254.6540482}
2026-09-14T03:04:14.654+03:00 [RX chat] {"data_b64":"W1NZU10gQkxFIENMSUVOVDogbWE=","description":"ble:LoRa-Chatter-72E0 E0:72:A1:D5:4C:15 telemetry=on","device_key":"ble-address:e0:72:a1:d5:4c:15","kind":"rx","seq":252,"session":"s2","stream":"chat","text":"[SYS] BLE CLIENT: ma","timestamp":1789344254.6543186}
2026-09-14T03:04:14.655+03:00 [RX chat] {"data_b64":"Y2hpbmUgdGVsZW1ldHJ5IDAwMDQ=","description":"ble:LoRa-Chatter-72E0 E0:72:A1:D5:4C:15 telemetry=on","device_key":"ble-address:e0:72:a1:d5:4c:15","kind":"rx","seq":253,"session":"s2","stream":"chat","text":"chine telemetry 0004","timestamp":1789344254.6548917}
2026-09-14T03:04:14.655+03:00 [RX chat] {"data_b64":"IHN1YnNjcmliZWQgaW4gYmFja2c=","description":"ble:LoRa-Chatter-72E0 E0:72:A1:D5:4C:15 telemetry=on","device_key":"ble-address:e0:72:a1:d5:4c:15","kind":"rx","seq":254,"session":"s2","stream":"chat","text":" subscribed in backg","timestamp":1789344254.655308}
2026-09-14T03:04:14.655+03:00 [RX chat] {"data_b64":"cm91bmQK","description":"ble:LoRa-Chatter-72E0 E0:72:A1:D5:4C:15 telemetry=on","device_key":"ble-address:e0:72:a1:d5:4c:15","kind":"rx","seq":255,"session":"s2","stream":"chat","text":"round\n","timestamp":1789344254.6556726}
2026-09-14T03:04:14.695+03:00 [RX chat] {"data_b64":"W1NZU10gICAvdGVsZSAgICAgICA=","description":"ble:LoRa-Chatter-1B44 44:1B:F6:8D:B7:A9 telemetry=on","device_key":"ble-address:44:1b:f6:8d:b7:a9","kind":"rx","seq":404,"session":"s1","stream":"chat","text":"[SYS]   /tele       ","timestamp":1789344254.6938758}
2026-09-14T03:04:14.706+03:00 [RX chat] {"data_b64":"aHVtYW4gY29uc29sZSBURUxFTUU=","description":"ble:LoRa-Chatter-1B44 44:1B:F6:8D:B7:A9 telemetry=on","device_key":"ble-address:44:1b:f6:8d:b7:a9","kind":"rx","seq":405,"session":"s1","stream":"chat","text":"human console TELEME","timestamp":1789344254.696915}
2026-09-14T03:04:14.707+03:00 [RX chat] {"data_b64":"VFJZCg==","description":"ble:LoRa-Chatter-1B44 44:1B:F6:8D:B7:A9 telemetry=on","device_key":"ble-address:44:1b:f6:8d:b7:a9","kind":"rx","seq":406,"session":"s1","stream":"chat","text":"TRY\n","timestamp":1789344254.6971564}
2026-09-14T03:04:14.708+03:00 [RX chat] {"data_b64":"W1NZU10gICAvYm90aCAgICAgICA=","description":"ble:LoRa-Chatter-1B44 44:1B:F6:8D:B7:A9 telemetry=on","device_key":"ble-address:44:1b:f6:8d:b7:a9","kind":"rx","seq":407,"session":"s1","stream":"chat","text":"[SYS]   /both       ","timestamp":1789344254.7061238}
2026-09-14T03:04:14.736+03:00 [RX chat] {"data_b64":"aHVtYW4gY29uc29sZSBCT1RICg==","description":"ble:LoRa-Chatter-1B44 44:1B:F6:8D:B7:A9 telemetry=on","device_key":"ble-address:44:1b:f6:8d:b7:a9","kind":"rx","seq":408,"session":"s1","stream":"chat","text":"human console BOTH\n","timestamp":1789344254.7354412}
2026-09-14T03:04:14.738+03:00 [RX chat] {"data_b64":"W1NZU10gICAvZWNobyAgICAgICA=","description":"ble:LoRa-Chatter-1B44 44:1B:F6:8D:B7:A9 telemetry=on","device_key":"ble-address:44:1b:f6:8d:b7:a9","kind":"rx","seq":409,"session":"s1","stream":"chat","text":"[SYS]   /echo       ","timestamp":1789344254.7380524}
2026-09-14T03:04:14.738+03:00 [RX chat] {"data_b64":"dG9nZ2xlIGVjaG8gbW9kZQo=","description":"ble:LoRa-Chatter-1B44 44:1B:F6:8D:B7:A9 telemetry=on","device_key":"ble-address:44:1b:f6:8d:b7:a9","kind":"rx","seq":410,"session":"s1","stream":"chat","text":"toggle echo mode\n","timestamp":1789344254.7386036}
2026-09-14T03:04:14.783+03:00 [RX chat] {"data_b64":"W1NZU10gICAvY2FuY2VsICAgICA=","description":"ble:LoRa-Chatter-1B44 44:1B:F6:8D:B7:A9 telemetry=on","device_key":"ble-address:44:1b:f6:8d:b7:a9","kind":"rx","seq":411,"session":"s1","stream":"chat","text":"[SYS]   /cancel     ","timestamp":1789344254.783245}
2026-09-14T03:04:14.784+03:00 [RX chat] {"data_b64":"c3RvcCBjdXJyZW50IFVTRVIgZGU=","description":"ble:LoRa-Chatter-1B44 44:1B:F6:8D:B7:A9 telemetry=on","device_key":"ble-address:44:1b:f6:8d:b7:a9","kind":"rx","seq":412,"session":"s1","stream":"chat","text":"stop current USER de","timestamp":1789344254.7843368}
2026-09-14T03:04:14.784+03:00 [RX chat] {"data_b64":"bGl2ZXJ5L3JldHJpZXMK","description":"ble:LoRa-Chatter-1B44 44:1B:F6:8D:B7:A9 telemetry=on","device_key":"ble-address:44:1b:f6:8d:b7:a9","kind":"rx","seq":413,"session":"s1","stream":"chat","text":"livery/retries\n","timestamp":1789344254.7844195}
2026-09-14T03:04:14.825+03:00 [RX chat] {"data_b64":"W1NZU10gICAvY2FuY2VsIGFsbCA=","description":"ble:LoRa-Chatter-1B44 44:1B:F6:8D:B7:A9 telemetry=on","device_key":"ble-address:44:1b:f6:8d:b7:a9","kind":"rx","seq":414,"session":"s1","stream":"chat","text":"[SYS]   /cancel all ","timestamp":1789344254.8248427}
2026-09-14T03:04:14.825+03:00 [RX chat] {"data_b64":"c3RvcCBjdXJyZW50IFVTRVIgYW4=","description":"ble:LoRa-Chatter-1B44 44:1B:F6:8D:B7:A9 telemetry=on","device_key":"ble-address:44:1b:f6:8d:b7:a9","kind":"rx","seq":415,"session":"s1","stream":"chat","text":"stop current USER an","timestamp":1789344254.8256376}
2026-09-14T03:04:14.826+03:00 [RX chat] {"data_b64":"ZCBkaXNjYXJkIHF1ZXVlZCBVU0U=","description":"ble:LoRa-Chatter-1B44 44:1B:F6:8D:B7:A9 telemetry=on","device_key":"ble-address:44:1b:f6:8d:b7:a9","kind":"rx","seq":416,"session":"s1","stream":"chat","text":"d discard queued USE","timestamp":1789344254.8265421}
2026-09-14T03:04:14.870+03:00 [RX chat] {"data_b64":"UnMK","description":"ble:LoRa-Chatter-1B44 44:1B:F6:8D:B7:A9 telemetry=on","device_key":"ble-address:44:1b:f6:8d:b7:a9","kind":"rx","seq":417,"session":"s1","stream":"chat","text":"Rs\n","timestamp":1789344254.8700275}
2026-09-14T03:04:14.871+03:00 [RX chat] {"data_b64":"W1NZU10gICAvcmVib290ICAgICA=","description":"ble:LoRa-Chatter-1B44 44:1B:F6:8D:B7:A9 telemetry=on","device_key":"ble-address:44:1b:f6:8d:b7:a9","kind":"rx","seq":418,"session":"s1","stream":"chat","text":"[SYS]   /reboot     ","timestamp":1789344254.8708155}
2026-09-14T03:04:14.872+03:00 [RX chat] {"data_b64":"cmVib290IEVTUDMyIGNvbnRyb2w=","description":"ble:LoRa-Chatter-1B44 44:1B:F6:8D:B7:A9 telemetry=on","device_key":"ble-address:44:1b:f6:8d:b7:a9","kind":"rx","seq":419,"session":"s1","stream":"chat","text":"reboot ESP32 control","timestamp":1789344254.871833}
2026-09-14T03:04:14.873+03:00 [RX chat] {"data_b64":"bGVyCg==","description":"ble:LoRa-Chatter-1B44 44:1B:F6:8D:B7:A9 telemetry=on","device_key":"ble-address:44:1b:f6:8d:b7:a9","kind":"rx","seq":420,"session":"s1","stream":"chat","text":"ler\n","timestamp":1789344254.873044}
2026-09-14T03:04:14.915+03:00 [RX chat] {"data_b64":"W1NZU10gUkFXIENPTlRST0xTICg=","description":"ble:LoRa-Chatter-1B44 44:1B:F6:8D:B7:A9 telemetry=on","device_key":"ble-address:44:1b:f6:8d:b7:a9","kind":"rx","seq":421,"session":"s1","stream":"chat","text":"[SYS] RAW CONTROLS (","timestamp":1789344254.9147618}
2026-09-14T03:04:14.915+03:00 [RX chat] {"data_b64":"SEVYKToK","description":"ble:LoRa-Chatter-1B44 44:1B:F6:8D:B7:A9 telemetry=on","device_key":"ble-address:44:1b:f6:8d:b7:a9","kind":"rx","seq":422,"session":"s1","stream":"chat","text":"HEX):\n","timestamp":1789344254.9154441}
2026-09-14T03:04:14.916+03:00 [RX chat] {"data_b64":"W1NZU10gICAxNCAzMT1DSEFUICA=","description":"ble:LoRa-Chatter-1B44 44:1B:F6:8D:B7:A9 telemetry=on","device_key":"ble-address:44:1b:f6:8d:b7:a9","kind":"rx","seq":423,"session":"s1","stream":"chat","text":"[SYS]   14 31=CHAT  ","timestamp":1789344254.916372}
2026-09-14T03:04:14.917+03:00 [RX chat] {"data_b64":"MTQgMzI9VEVMRU1FVFJZICAxNCA=","description":"ble:LoRa-Chatter-1B44 44:1B:F6:8D:B7:A9 telemetry=on","device_key":"ble-address:44:1b:f6:8d:b7:a9","kind":"rx","seq":424,"session":"s1","stream":"chat","text":"14 32=TELEMETRY  14 ","timestamp":1789344254.9172885}
2026-09-14T03:04:14.962+03:00 [RX chat] {"data_b64":"MzM9Qk9USCAgMTQgNjU9RUNITyA=","description":"ble:LoRa-Chatter-1B44 44:1B:F6:8D:B7:A9 telemetry=on","device_key":"ble-address:44:1b:f6:8d:b7:a9","kind":"rx","seq":425,"session":"s1","stream":"chat","text":"33=BOTH  14 65=ECHO ","timestamp":1789344254.9619522}
2026-09-14T03:04:14.962+03:00 [RX chat] {"data_b64":"aHVtYW4gY29uc29sZT0wMDAzOyA=","description":"ble:LoRa-Chatter-1B44 44:1B:F6:8D:B7:A9 telemetry=on","device_key":"ble-address:44:1b:f6:8d:b7:a9","kind":"rx","seq":426,"session":"s1","stream":"chat","text":"human console=0003; ","timestamp":1789344254.962036}
2026-09-14T03:04:14.963+03:00 [RX chat] {"data_b64":"bWFjaGluZSB0ZWxlbWV0cnk9MDA=","description":"ble:LoRa-Chatter-1B44 44:1B:F6:8D:B7:A9 telemetry=on","device_key":"ble-address:44:1b:f6:8d:b7:a9","kind":"rx","seq":427,"session":"s1","stream":"chat","text":"machine telemetry=00","timestamp":1789344254.9632347}
2026-09-14T03:04:15.005+03:00 [RX chat] {"data_b64":"MDQgb3B0aW9uYWwK","description":"ble:LoRa-Chatter-1B44 44:1B:F6:8D:B7:A9 telemetry=on","device_key":"ble-address:44:1b:f6:8d:b7:a9","kind":"rx","seq":428,"session":"s1","stream":"chat","text":"04 optional\n","timestamp":1789344255.0050519}
2026-09-14T03:04:15.006+03:00 [RX chat] {"data_b64":"W1NZU10gQkxFIENMSUVOVDogbWE=","description":"ble:LoRa-Chatter-1B44 44:1B:F6:8D:B7:A9 telemetry=on","device_key":"ble-address:44:1b:f6:8d:b7:a9","kind":"rx","seq":429,"session":"s1","stream":"chat","text":"[SYS] BLE CLIENT: ma","timestamp":1789344255.0060124}
2026-09-14T03:04:15.006+03:00 [RX chat] {"data_b64":"Y2hpbmUgdGVsZW1ldHJ5IDAwMDQ=","description":"ble:LoRa-Chatter-1B44 44:1B:F6:8D:B7:A9 telemetry=on","device_key":"ble-address:44:1b:f6:8d:b7:a9","kind":"rx","seq":430,"session":"s1","stream":"chat","text":"chine telemetry 0004","timestamp":1789344255.0065432}
2026-09-14T03:04:15.051+03:00 [RX chat] {"data_b64":"IHN1YnNjcmliZWQgaW4gYmFja2c=","description":"ble:LoRa-Chatter-1B44 44:1B:F6:8D:B7:A9 telemetry=on","device_key":"ble-address:44:1b:f6:8d:b7:a9","kind":"rx","seq":431,"session":"s1","stream":"chat","text":" subscribed in backg","timestamp":1789344255.0508497}
2026-09-14T03:04:15.052+03:00 [RX chat] {"data_b64":"cm91bmQK","description":"ble:LoRa-Chatter-1B44 44:1B:F6:8D:B7:A9 telemetry=on","device_key":"ble-address:44:1b:f6:8d:b7:a9","kind":"rx","seq":432,"session":"s1","stream":"chat","text":"round\n","timestamp":1789344255.0519066}
2026-09-14T03:04:16.813+03:00 [RX telemetry] {"data_b64":"ClNFU1NJT04gdD02MHMgVFggb2s=","description":"ble:LoRa-Chatter-72E0 E0:72:A1:D5:4C:15 telemetry=on","device_key":"ble-address:e0:72:a1:d5:4c:15","kind":"rx","seq":256,"session":"s2","stream":"telemetry","text":"\nSESSION t=60s TX ok","timestamp":1789344256.8123958}
2026-09-14T03:04:16.813+03:00 [RX telemetry] {"data_b64":"PTAgdXNlcj0wIGVjaG9fcmVxPTA=","description":"ble:LoRa-Chatter-72E0 E0:72:A1:D5:4C:15 telemetry=on","device_key":"ble-address:e0:72:a1:d5:4c:15","kind":"rx","seq":257,"session":"s2","stream":"telemetry","text":"=0 user=0 echo_req=0","timestamp":1789344256.8124964}
2026-09-14T03:04:16.814+03:00 [RX telemetry] {"data_b64":"IGVjaG9fcmVwPTAgaGI9MChpZGw=","description":"ble:LoRa-Chatter-72E0 E0:72:A1:D5:4C:15 telemetry=on","device_key":"ble-address:e0:72:a1:d5:4c:15","kind":"rx","seq":258,"session":"s2","stream":"telemetry","text":" echo_rep=0 hb=0(idl","timestamp":1789344256.8136523}
2026-09-14T03:04:16.814+03:00 [RX telemetry] {"data_b64":"ZT0wKSBlcnI9MCBzdGFydGVkPTA=","description":"ble:LoRa-Chatter-72E0 E0:72:A1:D5:4C:15 telemetry=on","device_key":"ble-address:e0:72:a1:d5:4c:15","kind":"rx","seq":259,"session":"s2","stream":"telemetry","text":"e=0) err=0 started=0","timestamp":1789344256.8137224}
2026-09-14T03:04:16.814+03:00 [RX telemetry] {"data_b64":"IFJYIG9rPTAgdXNlcj0wIGVjaG8=","description":"ble:LoRa-Chatter-72E0 E0:72:A1:D5:4C:15 telemetry=on","device_key":"ble-address:e0:72:a1:d5:4c:15","kind":"rx","seq":260,"session":"s2","stream":"telemetry","text":" RX ok=0 user=0 echo","timestamp":1789344256.8137677}
2026-09-14T03:04:16.814+03:00 [RX telemetry] {"data_b64":"X3JlcT0wIGVjaG9fcmVwPTAgaGI=","description":"ble:LoRa-Chatter-72E0 E0:72:A1:D5:4C:15 telemetry=on","device_key":"ble-address:e0:72:a1:d5:4c:15","kind":"rx","seq":261,"session":"s2","stream":"telemetry","text":"_req=0 echo_rep=0 hb","timestamp":1789344256.8138072}
2026-09-14T03:04:16.815+03:00 [RX telemetry] {"data_b64":"PTAgY3JjPTAgaGRyPTAgYmFkPTA=","description":"ble:LoRa-Chatter-72E0 E0:72:A1:D5:4C:15 telemetry=on","device_key":"ble-address:e0:72:a1:d5:4c:15","kind":"rx","seq":262,"session":"s2","stream":"telemetry","text":"=0 crc=0 hdr=0 bad=0","timestamp":1789344256.8142722}
2026-09-14T03:04:16.815+03:00 [RX telemetry] {"data_b64":"IHJlYWRlcnI9MCByZXBvcnRzPTA=","description":"ble:LoRa-Chatter-72E0 E0:72:A1:D5:4C:15 telemetry=on","device_key":"ble-address:e0:72:a1:d5:4c:15","kind":"rx","seq":263,"session":"s2","stream":"telemetry","text":" readerr=0 reports=0","timestamp":1789344256.8146377}
2026-09-14T03:04:16.815+03:00 [RX telemetry] {"data_b64":"IFE9MCUgZHJvcHM9MCBmYXRhbD0=","description":"ble:LoRa-Chatter-72E0 E0:72:A1:D5:4C:15 telemetry=on","device_key":"ble-address:e0:72:a1:d5:4c:15","kind":"rx","seq":264,"session":"s2","stream":"telemetry","text":" Q=0% drops=0 fatal=","timestamp":1789344256.8155153}
2026-09-14T03:04:16.816+03:00 [RX telemetry] {"data_b64":"MAo=","description":"ble:LoRa-Chatter-72E0 E0:72:A1:D5:4C:15 telemetry=on","device_key":"ble-address:e0:72:a1:d5:4c:15","kind":"rx","seq":265,"session":"s2","stream":"telemetry","text":"0\n","timestamp":1789344256.8160284}
2026-09-14T03:04:16.816+03:00 [RX telemetry] {"data_b64":"U0VTU0lPTiBDT1VSVEVTWSB3aW4=","description":"ble:LoRa-Chatter-72E0 E0:72:A1:D5:4C:15 telemetry=on","device_key":"ble-address:e0:72:a1:d5:4c:15","kind":"rx","seq":266,"session":"s2","stream":"telemetry","text":"SESSION COURTESY win","timestamp":1789344256.8163908}
2026-09-14T03:04:16.816+03:00 [RX telemetry] {"data_b64":"ZG93PTkxMjNtcyBwZWVyX3JlbGU=","description":"ble:LoRa-Chatter-72E0 E0:72:A1:D5:4C:15 telemetry=on","device_key":"ble-address:e0:72:a1:d5:4c:15","kind":"rx","seq":267,"session":"s2","stream":"telemetry","text":"dow=9123ms peer_rele","timestamp":1789344256.8168879}
2026-09-14T03:04:16.819+03:00 [RX telemetry] {"data_b64":"YXNlPTAgZXhwaXJlZD0wIHlpZWw=","description":"ble:LoRa-Chatter-72E0 E0:72:A1:D5:4C:15 telemetry=on","device_key":"ble-address:e0:72:a1:d5:4c:15","kind":"rx","seq":268,"session":"s2","stream":"telemetry","text":"ase=0 expired=0 yiel","timestamp":1789344256.8185604}
2026-09-14T03:04:16.820+03:00 [RX telemetry] {"data_b64":"ZGluZz0wCg==","description":"ble:LoRa-Chatter-72E0 E0:72:A1:D5:4C:15 telemetry=on","device_key":"ble-address:e0:72:a1:d5:4c:15","kind":"rx","seq":269,"session":"s2","stream":"telemetry","text":"ding=0\n","timestamp":1789344256.8192418}
2026-09-14T03:04:16.820+03:00 [RX telemetry] {"data_b64":"U0VTU0lPTiBESU8wX1RYIGFmZmU=","description":"ble:LoRa-Chatter-72E0 E0:72:A1:D5:4C:15 telemetry=on","device_key":"ble-address:e0:72:a1:d5:4c:15","kind":"rx","seq":270,"session":"s2","stream":"telemetry","text":"SESSION DIO0_TX affe","timestamp":1789344256.819471}
2026-09-14T03:04:16.820+03:00 [RX telemetry] {"data_b64":"Y3RlZD0wLzAgZXBpc29kZXM9MCA=","description":"ble:LoRa-Chatter-72E0 E0:72:A1:D5:4C:15 telemetry=on","device_key":"ble-address:e0:72:a1:d5:4c:15","kind":"rx","seq":271,"session":"s2","stream":"telemetry","text":"cted=0/0 episodes=0 ","timestamp":1789344256.8195257}
2026-09-14T03:04:16.820+03:00 [RX telemetry] {"data_b64":"YXZnX2FsbD0wLjAwIGF2Z19hZmY=","description":"ble:LoRa-Chatter-72E0 E0:72:A1:D5:4C:15 telemetry=on","device_key":"ble-address:e0:72:a1:d5:4c:15","kind":"rx","seq":272,"session":"s2","stream":"telemetry","text":"avg_all=0.00 avg_aff","timestamp":1789344256.8206518}
2026-09-14T03:04:16.821+03:00 [RX telemetry] {"data_b64":"ZWN0ZWQ9MC4wMCBoaWdoX3BvbGw=","description":"ble:LoRa-Chatter-72E0 E0:72:A1:D5:4C:15 telemetry=on","device_key":"ble-address:e0:72:a1:d5:4c:15","kind":"rx","seq":273,"session":"s2","stream":"telemetry","text":"ected=0.00 high_poll","timestamp":1789344256.820712}
2026-09-14T03:04:16.821+03:00 [RX telemetry] {"data_b64":"cz0wCg==","description":"ble:LoRa-Chatter-72E0 E0:72:A1:D5:4C:15 telemetry=on","device_key":"ble-address:e0:72:a1:d5:4c:15","kind":"rx","seq":274,"session":"s2","stream":"telemetry","text":"s=0\n","timestamp":1789344256.8212383}
2026-09-14T03:04:16.822+03:00 [RX telemetry] {"data_b64":"U0VTU0lPTiBSWF9QT0xMIHBvbGw=","description":"ble:LoRa-Chatter-72E0 E0:72:A1:D5:4C:15 telemetry=on","device_key":"ble-address:e0:72:a1:d5:4c:15","kind":"rx","seq":275,"session":"s2","stream":"telemetry","text":"SESSION RX_POLL poll","timestamp":1789344256.8221815}
2026-09-14T03:04:16.822+03:00 [RX telemetry] {"data_b64":"cz01ODUzNiByeGRvbmU9MCBpbnQ=","description":"ble:LoRa-Chatter-72E0 E0:72:A1:D5:4C:15 telemetry=on","device_key":"ble-address:e0:72:a1:d5:4c:15","kind":"rx","seq":276,"session":"s2","stream":"telemetry","text":"s=58536 rxdone=0 int","timestamp":1789344256.8226862}
2026-09-14T03:04:16.906+03:00 [RX telemetry] {"data_b64":"ZXJ2YWw9MTAwMHVzIERJTzBfUlg=","description":"ble:LoRa-Chatter-72E0 E0:72:A1:D5:4C:15 telemetry=on","device_key":"ble-address:e0:72:a1:d5:4c:15","kind":"rx","seq":277,"session":"s2","stream":"telemetry","text":"erval=1000us DIO0_RX","timestamp":1789344256.9041405}
2026-09-14T03:04:16.906+03:00 [RX telemetry] {"data_b64":"IGZhbHNlX2hpZ2hfZXA9MCBoaWc=","description":"ble:LoRa-Chatter-72E0 E0:72:A1:D5:4C:15 telemetry=on","device_key":"ble-address:e0:72:a1:d5:4c:15","kind":"rx","seq":278,"session":"s2","stream":"telemetry","text":" false_high_ep=0 hig","timestamp":1789344256.9062479}
2026-09-14T03:04:16.906+03:00 [RX telemetry] {"data_b64":"aF9wb2xscz0wIHJ4ZG9uZV9sb3c=","description":"ble:LoRa-Chatter-72E0 E0:72:A1:D5:4C:15 telemetry=on","device_key":"ble-address:e0:72:a1:d5:4c:15","kind":"rx","seq":279,"session":"s2","stream":"telemetry","text":"h_polls=0 rxdone_low","timestamp":1789344256.9062908}
2026-09-14T03:04:16.906+03:00 [RX telemetry] {"data_b64":"PTAgaXNyPWRpc2FibGVkCg==","description":"ble:LoRa-Chatter-72E0 E0:72:A1:D5:4C:15 telemetry=on","device_key":"ble-address:e0:72:a1:d5:4c:15","kind":"rx","seq":280,"session":"s2","stream":"telemetry","text":"=0 isr=disabled\n","timestamp":1789344256.906315}
2026-09-14T03:04:18.316+03:00 [AGENT REQUEST] {"id":29,"op":"observe","cursors":{"s1":349,"s2":164},"timeout_ms":5000}
2026-09-14T03:04:18.326+03:00 [AGENT RESPONSE] {"id":29,"ok":true,"result":{"cursors":{"s1":432,"s2":280},"events":[{"data_b64":"L2hlbHAK","device_key":"ble-address:44:1b:f6:8d:b7:a9","kind":"tx","seq":350,"session":"s1","text":"/help","timestamp":1789344254.3015401,"tx_id":7,"tx_state":"queued"},{"data_b64":"L2hlbHAK","device_key":"ble-address:e0:72:a1:d5:4c:15","kind":"tx","seq":165,"session":"s2","text":"/help","timestamp":1789344254.3026197,"tx_id":5,"tx_state":"queued"},{"data_b64":"L2hlbHAK","description":"ble:LoRa-Chatter-1B44 44:1B:F6:8D:B7:A9 telemetry=on","device_key":"ble-address:44:1b:f6:8d:b7:a9","kind":"tx","seq":351,"session":"s1","text":"/help","timestamp":1789344254.303008,"tx_id":7,"tx_state":"written"},{"data_b64":"L2hlbHAK","description":"ble:LoRa-Chatter-72E0 E0:72:A1:D5:4C:15 telemetry=on","device_key":"ble-address:e0:72:a1:d5:4c:15","kind":"tx","seq":166,"session":"s2","text":"/help","timestamp":1789344254.3039682,"tx_id":5,"tx_state":"written"},{"data_b64":"CltTWVNdIENIQVRURVIgSEVMUAo=","description":"ble:LoRa-Chatter-1B44 44:1B:F6:8D:B7:A9 telemetry=on","device_key":"ble-address:44:1b:f6:8d:b7:a9","kind":"rx","seq":352,"session":"s1","stream":"chat","text":"\n[SYS] CHATTER HELP\n","timestamp":1789344254.3760324},{"data_b64":"W1NZU10gQ0hBVFRFUiBOT0RFIEw=","description":"ble:LoRa-Chatter-1B44 44:1B:F6:8D:B7:A9 telemetry=on","device_key":"ble-address:44:1b:f6:8d:b7:a9","kind":"rx","seq":353,"session":"s1","stream":"chat","text":"[SYS] CHATTER NODE L","timestamp":1789344254.3768542},{"data_b64":"b1JhLUNoYXR0ZXItMUI0NAo=","description":"ble:LoRa-Chatter-1B44 44:1B:F6:8D:B7:A9 telemetry=on","device_key":"ble-address:44:1b:f6:8d:b7:a9","kind":"rx","seq":354,"session":"s1","stream":"chat","text":"oRa-Chatter-1B44\n","timestamp":1789344254.3775046},{"data_b64":"W1NZU10gQ0hBVCBPVVRQVVQ6Cg==","description":"ble:LoRa-Chatter-1B44 44:1B:F6:8D:B7:A9 telemetry=on","device_key":"ble-address:44:1b:f6:8d:b7:a9","kind":"rx","seq":355,"session":"s1","stream":"chat","text":"[SYS] CHAT OUTPUT:\n","timestamp":1789344254.3787146},{"data_b64":"W1NZU10gICA+IHRleHQgICAgICA=","description":"ble:LoRa-Chatter-1B44 44:1B:F6:8D:B7:A9 telemetry=on","device_key":"ble-address:44:1b:f6:8d:b7:a9","kind":"rx","seq":356,"session":"s1","stream":"chat","text":"[SYS]   > text      ","timestamp":1789344254.3788698},{"data_b64":"ICAgICAgICAgICAgICAgICBsb2M=","description":"ble:LoRa-Chatter-1B44 44:1B:F6:8D:B7:A9 telemetry=on","device_key":"ble-address:44:1b:f6:8d:b7:a9","kind":"rx","seq":357,"session":"s1","stream":"chat","text":"                 loc","timestamp":1789344254.3798761},{"data_b64":"YWwgVVNFUiBUWCBjb25maXJtZWQ=","description":"ble:LoRa-Chatter-1B44 44:1B:F6:8D:B7:A9 telemetry=on","device_key":"ble-address:44:1b:f6:8d:b7:a9","kind":"rx","seq":358,"session":"s1","stream":"chat","text":"al USER TX confirmed","timestamp":1789344254.3800924},{"data_b64":"Cg==","description":"ble:LoRa-Chatter-1B44 44:1B:F6:8D:B7:A9 telemetry=on","device_key":"ble-address:44:1b:f6:8d:b7:a9","kind":"rx","seq":359,"session":"s1","stream":"chat","text":"\n","timestamp":1789344254.3808806},{"data_b64":"W1NZU10gICA8IFtSU1NJL1NOUiA=","description":"ble:LoRa-Chatter-1B44 44:1B:F6:8D:B7:A9 telemetry=on","device_key":"ble-address:44:1b:f6:8d:b7:a9","kind":"rx","seq":360,"session":"s1","stream":"chat","text":"[SYS]   < [RSSI/SNR ","timestamp":1789344254.3814235},{"data_b64":"USVdIHRleHQgICAgICAgICBVU0U=","description":"ble:LoRa-Chatter-1B44 44:1B:F6:8D:B7:A9 telemetry=on","device_key":"ble-address:44:1b:f6:8d:b7:a9","kind":"rx","seq":361,"session":"s1","stream":"chat","text":"Q%] text         USE","timestamp":1789344254.3815973},{"data_b64":"UiByZWNlaXZlZCBmcm9tIHBlZXI=","description":"ble:LoRa-Chatter-1B44 44:1B:F6:8D:B7:A9 telemetry=on","device_key":"ble-address:44:1b:f6:8d:b7:a9","kind":"rx","seq":362,"session":"s1","stream":"chat","text":"R received from peer","timestamp":1789344254.3831701},{"data_b64":"Cg==","description":"ble:LoRa-Chatter-1B44 44:1B:F6:8D:B7:A9 telemetry=on","device_key":"ble-address:44:1b:f6:8d:b7:a9","kind":"rx","seq":363,"session":"s1","stream":"chat","text":"\n","timestamp":1789344254.3832436},{"data_b64":"W1NZU10gICA+IFtFQ0hPIFRYXSA=","description":"ble:LoRa-Chatter-1B44 44:1B:F6:8D:B7:A9 telemetry=on","device_key":"ble-address:44:1b:f6:8d:b7:a9","kind":"rx","seq":364,"session":"s1","stream":"chat","text":"[SYS]   > [ECHO TX] ","timestamp":1789344254.383374},{"data_b64":"dGV4dCAgICAgICAgICAgICBsb2M=","description":"ble:LoRa-Chatter-1B44 44:1B:F6:8D:B7:A9 telemetry=on","device_key":"ble-address:44:1b:f6:8d:b7:a9","kind":"rx","seq":365,"session":"s1","stream":"chat","text":"text             loc","timestamp":1789344254.3847222},{"data_b64":"YWwgZWNobyBUWCBjb25maXJtZWQ=","description":"ble:LoRa-Chatter-1B44 44:1B:F6:8D:B7:A9 telemetry=on","device_key":"ble-address:44:1b:f6:8d:b7:a9","kind":"rx","seq":366,"session":"s1","stream":"chat","text":"al echo TX confirmed","timestamp":1789344254.385202},{"data_b64":"Cg==","description":"ble:LoRa-Chatter-1B44 44:1B:F6:8D:B7:A9 telemetry=on","device_key":"ble-address:44:1b:f6:8d:b7:a9","kind":"rx","seq":367,"session":"s1","stream":"chat","text":"\n","timestamp":1789344254.3853023},{"data_b64":"W1NZU10gICA8IFtFQ0hPIFJTU0k=","description":"ble:LoRa-Chatter-1B44 44:1B:F6:8D:B7:A9 telemetry=on","device_key":"ble-address:44:1b:f6:8d:b7:a9","kind":"rx","seq":368,"session":"s1","stream":"chat","text":"[SYS]   < [ECHO RSSI","timestamp":1789344254.3867087},{"data_b64":"L1NOUiBRJV0gdGV4dCAgICBtYXQ=","description":"ble:LoRa-Chatter-1B44 44:1B:F6:8D:B7:A9 telemetry=on","device_key":"ble-address:44:1b:f6:8d:b7:a9","kind":"rx","seq":369,"session":"s1","stream":"chat","text":"/SNR Q%] text    mat","timestamp":1789344254.388826},{"data_b64":"Y2hpbmcgZWNobyByZXBseSByZWM=","description":"ble:LoRa-Chatter-1B44 44:1B:F6:8D:B7:A9 telemetry=on","device_key":"ble-address:44:1b:f6:8d:b7:a9","kind":"rx","seq":370,"session":"s1","stream":"chat","text":"ching echo reply rec","timestamp":1789344254.3890626},{"data_b64":"ZWl2ZWQK","description":"ble:LoRa-Chatter-1B44 44:1B:F6:8D:B7:A9 telemetry=on","device_key":"ble-address:44:1b:f6:8d:b7:a9","kind":"rx","seq":371,"session":"s1","stream":"chat","text":"eived\n","timestamp":1789344254.3907943},{"data_b64":"W1NZU10gICBbRUNIT10gTk8gUkU=","description":"ble:LoRa-Chatter-1B44 44:1B:F6:8D:B7:A9 telemetry=on","device_key":"ble-address:44:1b:f6:8d:b7:a9","kind":"rx","seq":372,"session":"s1","stream":"chat","text":"[SYS]   [ECHO] NO RE","timestamp":1789344254.4198704},{"data_b64":"U1BPTlNFICAgICAgICAgICBtYXQ=","description":"ble:LoRa-Chatter-1B44 44:1B:F6:8D:B7:A9 telemetry=on","device_key":"ble-address:44:1b:f6:8d:b7:a9","kind":"rx","seq":373,"session":"s1","stream":"chat","text":"SPONSE           mat","timestamp":1789344254.4203126},{"data_b64":"Y2hpbmcgZWNobyByZXBseSB0aW0=","description":"ble:LoRa-Chatter-1B44 44:1B:F6:8D:B7:A9 telemetry=on","device_key":"ble-address:44:1b:f6:8d:b7:a9","kind":"rx","seq":374,"session":"s1","stream":"chat","text":"ching echo reply tim","timestamp":1789344254.426402},{"data_b64":"ZWQgb3V0Cg==","description":"ble:LoRa-Chatter-1B44 44:1B:F6:8D:B7:A9 telemetry=on","device_key":"ble-address:44:1b:f6:8d:b7:a9","kind":"rx","seq":375,"session":"s1","stream":"chat","text":"ed out\n","timestamp":1789344254.4265387},{"data_b64":"W1NZU10gICBkZWxpdmVyeSByZXQ=","description":"ble:LoRa-Chatter-1B44 44:1B:F6:8D:B7:A9 telemetry=on","device_key":"ble-address:44:1b:f6:8d:b7:a9","kind":"rx","seq":376,"session":"s1","stream":"chat","text":"[SYS]   delivery ret","timestamp":1789344254.4280667},{"data_b64":"cnkgZGV0YWlscyAgICAgICBURUw=","description":"ble:LoRa-Chatter-1B44 44:1B:F6:8D:B7:A9 telemetry=on","device_key":"ble-address:44:1b:f6:8d:b7:a9","kind":"rx","seq":377,"session":"s1","stream":"chat","text":"ry details       TEL","timestamp":1789344254.4281833},{"data_b64":"RU1FVFJZIG9ubHkK","description":"ble:LoRa-Chatter-1B44 44:1B:F6:8D:B7:A9 telemetry=on","device_key":"ble-address:44:1b:f6:8d:b7:a9","kind":"rx","seq":378,"session":"s1","stream":"chat","text":"EMETRY only\n","timestamp":1789344254.4282293},{"data_b64":"W1NZU10gICBSU1NJPWRCbSwgU04=","description":"ble:LoRa-Chatter-1B44 44:1B:F6:8D:B7:A9 telemetry=on","device_key":"ble-address:44:1b:f6:8d:b7:a9","kind":"rx","seq":379,"session":"s1","stream":"chat","text":"[SYS]   RSSI=dBm, SN","timestamp":1789344254.4291537},{"data_b64":"Uj1kQiwgUT1yb2xsaW5nIHJlY2U=","description":"ble:LoRa-Chatter-1B44 44:1B:F6:8D:B7:A9 telemetry=on","device_key":"ble-address:44:1b:f6:8d:b7:a9","kind":"rx","seq":380,"session":"s1","stream":"chat","text":"R=dB, Q=rolling rece","timestamp":1789344254.429231},{"data_b64":"aXZlIHF1YWxpdHkgJQo=","description":"ble:LoRa-Chatter-1B44 44:1B:F6:8D:B7:A9 telemetry=on","device_key":"ble-address:44:1b:f6:8d:b7:a9","kind":"rx","seq":381,"session":"s1","stream":"chat","text":"ive quality %\n","timestamp":1789344254.429274},{"data_b64":"W1NZU10gSFVNQU4gQ09OU09MRSA=","description":"ble:LoRa-Chatter-1B44 44:1B:F6:8D:B7:A9 telemetry=on","device_key":"ble-address:44:1b:f6:8d:b7:a9","kind":"rx","seq":382,"session":"s1","stream":"chat","text":"[SYS] HUMAN CONSOLE ","timestamp":1789344254.4298472},{"data_b64":"TU9ERVM6Cg==","description":"ble:LoRa-Chatter-1B44 44:1B:F6:8D:B7:A9 telemetry=on","device_key":"ble-address:44:1b:f6:8d:b7:a9","kind":"rx","seq":383,"session":"s1","stream":"chat","text":"MODES:\n","timestamp":1789344254.4298973},{"data_b64":"W1NZU10gICBDSEFUICAgICAgIGM=","description":"ble:LoRa-Chatter-1B44 44:1B:F6:8D:B7:A9 telemetry=on","device_key":"ble-address:44:1b:f6:8d:b7:a9","kind":"rx","seq":384,"session":"s1","stream":"chat","text":"[SYS]   CHAT       c","timestamp":1789344254.4299893},{"data_b64":"aGF0ICsgU1lTVEVNCg==","description":"ble:LoRa-Chatter-1B44 44:1B:F6:8D:B7:A9 telemetry=on","device_key":"ble-address:44:1b:f6:8d:b7:a9","kind":"rx","seq":385,"session":"s1","stream":"chat","text":"hat + SYSTEM\n","timestamp":1789344254.4316094},{"data_b64":"W1NZU10gICBURUxFTUVUUlkgIHQ=","description":"ble:LoRa-Chatter-1B44 44:1B:F6:8D:B7:A9 telemetry=on","device_key":"ble-address:44:1b:f6:8d:b7:a9","kind":"rx","seq":386,"session":"s1","stream":"chat","text":"[SYS]   TELEMETRY  t","timestamp":1789344254.4318182},{"data_b64":"ZWxlbWV0cnkgKyBTWVNURU0K","description":"ble:LoRa-Chatter-1B44 44:1B:F6:8D:B7:A9 telemetry=on","device_key":"ble-address:44:1b:f6:8d:b7:a9","kind":"rx","seq":387,"session":"s1","stream":"chat","text":"elemetry + SYSTEM\n","timestamp":1789344254.4649343},{"data_b64":"W1NZU10gICBCT1RIICAgICAgIGM=","description":"ble:LoRa-Chatter-1B44 44:1B:F6:8D:B7:A9 telemetry=on","device_key":"ble-address:44:1b:f6:8d:b7:a9","kind":"rx","seq":388,"session":"s1","stream":"chat","text":"[SYS]   BOTH       c","timestamp":1789344254.4652972},{"data_b64":"aGF0ICsgdGVsZW1ldHJ5ICsgU1k=","description":"ble:LoRa-Chatter-1B44 44:1B:F6:8D:B7:A9 telemetry=on","device_key":"ble-address:44:1b:f6:8d:b7:a9","kind":"rx","seq":389,"session":"s1","stream":"chat","text":"hat + telemetry + SY","timestamp":1789344254.4663107},{"data_b64":"CltTWVNdIENIQVRURVIgSEVMUAo=","description":"ble:LoRa-Chatter-72E0 E0:72:A1:D5:4C:15 telemetry=on","device_key":"ble-address:e0:72:a1:d5:4c:15","kind":"rx","seq":167,"session":"s2","stream":"chat","text":"\n[SYS] CHATTER HELP\n","timestamp":1789344254.4702742},{"data_b64":"W1NZU10gQ0hBVFRFUiBOT0RFIEw=","description":"ble:LoRa-Chatter-72E0 E0:72:A1:D5:4C:15 telemetry=on","device_key":"ble-address:e0:72:a1:d5:4c:15","kind":"rx","seq":168,"session":"s2","stream":"chat","text":"[SYS] CHATTER NODE L","timestamp":1789344254.4710665},{"data_b64":"b1JhLUNoYXR0ZXItNzJFMAo=","description":"ble:LoRa-Chatter-72E0 E0:72:A1:D5:4C:15 telemetry=on","device_key":"ble-address:e0:72:a1:d5:4c:15","kind":"rx","seq":169,"session":"s2","stream":"chat","text":"oRa-Chatter-72E0\n","timestamp":1789344254.471914},{"data_b64":"W1NZU10gQ0hBVCBPVVRQVVQ6Cg==","description":"ble:LoRa-Chatter-72E0 E0:72:A1:D5:4C:15 telemetry=on","device_key":"ble-address:e0:72:a1:d5:4c:15","kind":"rx","seq":170,"session":"s2","stream":"chat","text":"[SYS] CHAT OUTPUT:\n","timestamp":1789344254.4721518},{"data_b64":"W1NZU10gICA+IHRleHQgICAgICA=","description":"ble:LoRa-Chatter-72E0 E0:72:A1:D5:4C:15 telemetry=on","device_key":"ble-address:e0:72:a1:d5:4c:15","kind":"rx","seq":171,"session":"s2","stream":"chat","text":"[SYS]   > text      ","timestamp":1789344254.4734275},{"data_b64":"ICAgICAgICAgICAgICAgICBsb2M=","description":"ble:LoRa-Chatter-72E0 E0:72:A1:D5:4C:15 telemetry=on","device_key":"ble-address:e0:72:a1:d5:4c:15","kind":"rx","seq":172,"session":"s2","stream":"chat","text":"                 loc","timestamp":1789344254.4740863},{"data_b64":"YWwgVVNFUiBUWCBjb25maXJtZWQ=","description":"ble:LoRa-Chatter-72E0 E0:72:A1:D5:4C:15 telemetry=on","device_key":"ble-address:e0:72:a1:d5:4c:15","kind":"rx","seq":173,"session":"s2","stream":"chat","text":"al USER TX confirmed","timestamp":1789344254.4748762},{"data_b64":"Cg==","description":"ble:LoRa-Chatter-72E0 E0:72:A1:D5:4C:15 telemetry=on","device_key":"ble-address:e0:72:a1:d5:4c:15","kind":"rx","seq":174,"session":"s2","stream":"chat","text":"\n","timestamp":1789344254.4754894},{"data_b64":"W1NZU10gICA8IFtSU1NJL1NOUiA=","description":"ble:LoRa-Chatter-72E0 E0:72:A1:D5:4C:15 telemetry=on","device_key":"ble-address:e0:72:a1:d5:4c:15","kind":"rx","seq":175,"session":"s2","stream":"chat","text":"[SYS]   < [RSSI/SNR ","timestamp":1789344254.4763522},{"data_b64":"USVdIHRleHQgICAgICAgICBVU0U=","description":"ble:LoRa-Chatter-72E0 E0:72:A1:D5:4C:15 telemetry=on","device_key":"ble-address:e0:72:a1:d5:4c:15","kind":"rx","seq":176,"session":"s2","stream":"chat","text":"Q%] text         USE","timestamp":1789344254.477303},{"data_b64":"UiByZWNlaXZlZCBmcm9tIHBlZXI=","description":"ble:LoRa-Chatter-72E0 E0:72:A1:D5:4C:15 telemetry=on","device_key":"ble-address:e0:72:a1:d5:4c:15","kind":"rx","seq":177,"session":"s2","stream":"chat","text":"R received from peer","timestamp":1789344254.4776444},{"data_b64":"Cg==","description":"ble:LoRa-Chatter-72E0 E0:72:A1:D5:4C:15 telemetry=on","device_key":"ble-address:e0:72:a1:d5:4c:15","kind":"rx","seq":178,"session":"s2","stream":"chat","text":"\n","timestamp":1789344254.4777172},{"data_b64":"W1NZU10gICA+IFtFQ0hPIFRYXSA=","description":"ble:LoRa-Chatter-72E0 E0:72:A1:D5:4C:15 telemetry=on","device_key":"ble-address:e0:72:a1:d5:4c:15","kind":"rx","seq":179,"session":"s2","stream":"chat","text":"[SYS]   > [ECHO TX] ","timestamp":1789344254.4800465},{"data_b64":"dGV4dCAgICAgICAgICAgICBsb2M=","description":"ble:LoRa-Chatter-72E0 E0:72:A1:D5:4C:15 telemetry=on","device_key":"ble-address:e0:72:a1:d5:4c:15","kind":"rx","seq":180,"session":"s2","stream":"chat","text":"text             loc","timestamp":1789344254.480548},{"data_b64":"YWwgZWNobyBUWCBjb25maXJtZWQ=","description":"ble:LoRa-Chatter-72E0 E0:72:A1:D5:4C:15 telemetry=on","device_key":"ble-address:e0:72:a1:d5:4c:15","kind":"rx","seq":181,"session":"s2","stream":"chat","text":"al echo TX confirmed","timestamp":1789344254.4811108},{"data_b64":"Cg==","description":"ble:LoRa-Chatter-72E0 E0:72:A1:D5:4C:15 telemetry=on","device_key":"ble-address:e0:72:a1:d5:4c:15","kind":"rx","seq":182,"session":"s2","stream":"chat","text":"\n","timestamp":1789344254.4811711},{"data_b64":"W1NZU10gICA8IFtFQ0hPIFJTU0k=","description":"ble:LoRa-Chatter-72E0 E0:72:A1:D5:4C:15 telemetry=on","device_key":"ble-address:e0:72:a1:d5:4c:15","kind":"rx","seq":183,"session":"s2","stream":"chat","text":"[SYS]   < [ECHO RSSI","timestamp":1789344254.4816716},{"data_b64":"U1RFTQo=","description":"ble:LoRa-Chatter-1B44 44:1B:F6:8D:B7:A9 telemetry=on","device_key":"ble-address:44:1b:f6:8d:b7:a9","kind":"rx","seq":390,"session":"s1","stream":"chat","text":"STEM\n","timestamp":1789344254.5142648},{"data_b64":"W1NZU10gICBCTEUgMDAwNCBtYWM=","description":"ble:LoRa-Chatter-1B44 44:1B:F6:8D:B7:A9 telemetry=on","device_key":"ble-address:44:1b:f6:8d:b7:a9","kind":"rx","seq":391,"session":"s1","stream":"chat","text":"[SYS]   BLE 0004 mac","timestamp":1789344254.5188758},{"data_b64":"aGluZSB0ZWxlbWV0cnkgaXMgaW4=","description":"ble:LoRa-Chatter-1B44 44:1B:F6:8D:B7:A9 telemetry=on","device_key":"ble-address:44:1b:f6:8d:b7:a9","kind":"rx","seq":392,"session":"s1","stream":"chat","text":"hine telemetry is in","timestamp":1789344254.5189602},{"data_b64":"ZGVwZW5kZW50IHdoZW4gc3Vic2M=","description":"ble:LoRa-Chatter-1B44 44:1B:F6:8D:B7:A9 telemetry=on","device_key":"ble-address:44:1b:f6:8d:b7:a9","kind":"rx","seq":393,"session":"s1","stream":"chat","text":"dependent when subsc","timestamp":1789344254.5190063},{"data_b64":"L1NOUiBRJV0gdGV4dCAgICBtYXQ=","description":"ble:LoRa-Chatter-72E0 E0:72:A1:D5:4C:15 telemetry=on","device_key":"ble-address:e0:72:a1:d5:4c:15","kind":"rx","seq":184,"session":"s2","stream":"chat","text":"/SNR Q%] text    mat","timestamp":1789344254.5193539},{"data_b64":"Y2hpbmcgZWNobyByZXBseSByZWM=","description":"ble:LoRa-Chatter-72E0 E0:72:A1:D5:4C:15 telemetry=on","device_key":"ble-address:e0:72:a1:d5:4c:15","kind":"rx","seq":185,"session":"s2","stream":"chat","text":"ching echo reply rec","timestamp":1789344254.523195},{"data_b64":"ZWl2ZWQK","description":"ble:LoRa-Chatter-72E0 E0:72:A1:D5:4C:15 telemetry=on","device_key":"ble-address:e0:72:a1:d5:4c:15","kind":"rx","seq":186,"session":"s2","stream":"chat","text":"eived\n","timestamp":1789344254.5233068},{"data_b64":"W1NZU10gICBbRUNIT10gTk8gUkU=","description":"ble:LoRa-Chatter-72E0 E0:72:A1:D5:4C:15 telemetry=on","device_key":"ble-address:e0:72:a1:d5:4c:15","kind":"rx","seq":187,"session":"s2","stream":"chat","text":"[SYS]   [ECHO] NO RE","timestamp":1789344254.5238695},{"data_b64":"U1BPTlNFICAgICAgICAgICBtYXQ=","description":"ble:LoRa-Chatter-72E0 E0:72:A1:D5:4C:15 telemetry=on","device_key":"ble-address:e0:72:a1:d5:4c:15","kind":"rx","seq":188,"session":"s2","stream":"chat","text":"SPONSE           mat","timestamp":1789344254.5239732},{"data_b64":"Y2hpbmcgZWNobyByZXBseSB0aW0=","description":"ble:LoRa-Chatter-72E0 E0:72:A1:D5:4C:15 telemetry=on","device_key":"ble-address:e0:72:a1:d5:4c:15","kind":"rx","seq":189,"session":"s2","stream":"chat","text":"ching echo reply tim","timestamp":1789344254.5240211},{"data_b64":"ZWQgb3V0Cg==","description":"ble:LoRa-Chatter-72E0 E0:72:A1:D5:4C:15 telemetry=on","device_key":"ble-address:e0:72:a1:d5:4c:15","kind":"rx","seq":190,"session":"s2","stream":"chat","text":"ed out\n","timestamp":1789344254.524153},{"data_b64":"W1NZU10gICBkZWxpdmVyeSByZXQ=","description":"ble:LoRa-Chatter-72E0 E0:72:A1:D5:4C:15 telemetry=on","device_key":"ble-address:e0:72:a1:d5:4c:15","kind":"rx","seq":191,"session":"s2","stream":"chat","text":"[SYS]   delivery ret","timestamp":1789344254.525132},{"data_b64":"cnkgZGV0YWlscyAgICAgICBURUw=","description":"ble:LoRa-Chatter-72E0 E0:72:A1:D5:4C:15 telemetry=on","device_key":"ble-address:e0:72:a1:d5:4c:15","kind":"rx","seq":192,"session":"s2","stream":"chat","text":"ry details       TEL","timestamp":1789344254.5251935},{"data_b64":"RU1FVFJZIG9ubHkK","description":"ble:LoRa-Chatter-72E0 E0:72:A1:D5:4C:15 telemetry=on","device_key":"ble-address:e0:72:a1:d5:4c:15","kind":"rx","seq":193,"session":"s2","stream":"chat","text":"EMETRY only\n","timestamp":1789344254.5252326},{"data_b64":"W1NZU10gICBSU1NJPWRCbSwgU04=","description":"ble:LoRa-Chatter-72E0 E0:72:A1:D5:4C:15 telemetry=on","device_key":"ble-address:e0:72:a1:d5:4c:15","kind":"rx","seq":194,"session":"s2","stream":"chat","text":"[SYS]   RSSI=dBm, SN","timestamp":1789344254.52844},{"data_b64":"Uj1kQiwgUT1yb2xsaW5nIHJlY2U=","description":"ble:LoRa-Chatter-72E0 E0:72:A1:D5:4C:15 telemetry=on","device_key":"ble-address:e0:72:a1:d5:4c:15","kind":"rx","seq":195,"session":"s2","stream":"chat","text":"R=dB, Q=rolling rece","timestamp":1789344254.5285149},{"data_b64":"aXZlIHF1YWxpdHkgJQo=","description":"ble:LoRa-Chatter-72E0 E0:72:A1:D5:4C:15 telemetry=on","device_key":"ble-address:e0:72:a1:d5:4c:15","kind":"rx","seq":196,"session":"s2","stream":"chat","text":"ive quality %\n","timestamp":1789344254.5293043},{"data_b64":"W1NZU10gSFVNQU4gQ09OU09MRSA=","description":"ble:LoRa-Chatter-72E0 E0:72:A1:D5:4C:15 telemetry=on","device_key":"ble-address:e0:72:a1:d5:4c:15","kind":"rx","seq":197,"session":"s2","stream":"chat","text":"[SYS] HUMAN CONSOLE ","timestamp":1789344254.5298982},{"data_b64":"TU9ERVM6Cg==","description":"ble:LoRa-Chatter-72E0 E0:72:A1:D5:4C:15 telemetry=on","device_key":"ble-address:e0:72:a1:d5:4c:15","kind":"rx","seq":198,"session":"s2","stream":"chat","text":"MODES:\n","timestamp":1789344254.530081},{"data_b64":"W1NZU10gICBDSEFUICAgICAgIGM=","description":"ble:LoRa-Chatter-72E0 E0:72:A1:D5:4C:15 telemetry=on","device_key":"ble-address:e0:72:a1:d5:4c:15","kind":"rx","seq":199,"session":"s2","stream":"chat","text":"[SYS]   CHAT       c","timestamp":1789344254.5308273},{"data_b64":"aGF0ICsgdGVsZW1ldHJ5ICsgU1k=","description":"ble:LoRa-Chatter-72E0 E0:72:A1:D5:4C:15 telemetry=on","device_key":"ble-address:e0:72:a1:d5:4c:15","kind":"rx","seq":200,"session":"s2","stream":"chat","text":"hat + telemetry + SY","timestamp":1789344254.5323627},{"data_b64":"U1RFTQo=","description":"ble:LoRa-Chatter-72E0 E0:72:A1:D5:4C:15 telemetry=on","device_key":"ble-address:e0:72:a1:d5:4c:15","kind":"rx","seq":201,"session":"s2","stream":"chat","text":"STEM\n","timestamp":1789344254.5324302},{"data_b64":"W1NZU10gICBCTEUgMDAwNCBtYWM=","description":"ble:LoRa-Chatter-72E0 E0:72:A1:D5:4C:15 telemetry=on","device_key":"ble-address:e0:72:a1:d5:4c:15","kind":"rx","seq":202,"session":"s2","stream":"chat","text":"[SYS]   BLE 0004 mac","timestamp":1789344254.5326564},{"data_b64":"aGluZSB0ZWxlbWV0cnkgaXMgaW4=","description":"ble:LoRa-Chatter-72E0 E0:72:A1:D5:4C:15 telemetry=on","device_key":"ble-address:e0:72:a1:d5:4c:15","kind":"rx","seq":203,"session":"s2","stream":"chat","text":"hine telemetry is in","timestamp":1789344254.5336254},{"data_b64":"ZGVwZW5kZW50IHdoZW4gc3Vic2M=","description":"ble:LoRa-Chatter-72E0 E0:72:A1:D5:4C:15 telemetry=on","device_key":"ble-address:e0:72:a1:d5:4c:15","kind":"rx","seq":204,"session":"s2","stream":"chat","text":"dependent when subsc","timestamp":1789344254.5336676},{"data_b64":"cmliZWQK","description":"ble:LoRa-Chatter-72E0 E0:72:A1:D5:4C:15 telemetry=on","device_key":"ble-address:e0:72:a1:d5:4c:15","kind":"rx","seq":205,"session":"s2","stream":"chat","text":"ribed\n","timestamp":1789344254.5336926},{"data_b64":"W1NZU10gICBjdXJyZW50PUNIQVQ=","description":"ble:LoRa-Chatter-72E0 E0:72:A1:D5:4C:15 telemetry=on","device_key":"ble-address:e0:72:a1:d5:4c:15","kind":"rx","seq":206,"session":"s2","stream":"chat","text":"[SYS]   current=CHAT","timestamp":1789344254.534742},{"data_b64":"cmliZWQK","description":"ble:LoRa-Chatter-1B44 44:1B:F6:8D:B7:A9 telemetry=on","device_key":"ble-address:44:1b:f6:8d:b7:a9","kind":"rx","seq":394,"session":"s1","stream":"chat","text":"ribed\n","timestamp":1789344254.5573099},{"data_b64":"IGVjaG89T0ZGCg==","description":"ble:LoRa-Chatter-72E0 E0:72:A1:D5:4C:15 telemetry=on","device_key":"ble-address:e0:72:a1:d5:4c:15","kind":"rx","seq":207,"session":"s2","stream":"chat","text":" echo=OFF\n","timestamp":1789344254.5638309},{"data_b64":"W1NZU10gICBjdXJyZW50PUNIQVQ=","description":"ble:LoRa-Chatter-1B44 44:1B:F6:8D:B7:A9 telemetry=on","device_key":"ble-address:44:1b:f6:8d:b7:a9","kind":"rx","seq":395,"session":"s1","stream":"chat","text":"[SYS]   current=CHAT","timestamp":1789344254.5642283},{"data_b64":"IGVjaG89T0ZGCg==","description":"ble:LoRa-Chatter-1B44 44:1B:F6:8D:B7:A9 telemetry=on","device_key":"ble-address:44:1b:f6:8d:b7:a9","kind":"rx","seq":396,"session":"s1","stream":"chat","text":" echo=OFF\n","timestamp":1789344254.5643048},{"data_b64":"W1NZU10gQ09NTUFORFM6Cg==","description":"ble:LoRa-Chatter-72E0 E0:72:A1:D5:4C:15 telemetry=on","device_key":"ble-address:e0:72:a1:d5:4c:15","kind":"rx","seq":208,"session":"s2","stream":"chat","text":"[SYS] COMMANDS:\n","timestamp":1789344254.5647144},{"data_b64":"W1NZU10gICAvaGVscCAgICAgICA=","description":"ble:LoRa-Chatter-72E0 E0:72:A1:D5:4C:15 telemetry=on","device_key":"ble-address:e0:72:a1:d5:4c:15","kind":"rx","seq":209,"session":"s2","stream":"chat","text":"[SYS]   /help       ","timestamp":1789344254.565462},{"data_b64":"c2hvdyB0aGlzIGhlbHAK","description":"ble:LoRa-Chatter-72E0 E0:72:A1:D5:4C:15 telemetry=on","device_key":"ble-address:e0:72:a1:d5:4c:15","kind":"rx","seq":210,"session":"s2","stream":"chat","text":"show this help\n","timestamp":1789344254.5655231},{"data_b64":"W1NZU10gQ09NTUFORFM6Cg==","description":"ble:LoRa-Chatter-1B44 44:1B:F6:8D:B7:A9 telemetry=on","device_key":"ble-address:44:1b:f6:8d:b7:a9","kind":"rx","seq":397,"session":"s1","stream":"chat","text":"[SYS] COMMANDS:\n","timestamp":1789344254.5664856},{"data_b64":"W1NZU10gICAvaWQgICAgICAgICA=","description":"ble:LoRa-Chatter-72E0 E0:72:A1:D5:4C:15 telemetry=on","device_key":"ble-address:e0:72:a1:d5:4c:15","kind":"rx","seq":211,"session":"s2","stream":"chat","text":"[SYS]   /id         ","timestamp":1789344254.5670877},{"data_b64":"c2hvdyBub2RlIGlkZW50aXR5Cg==","description":"ble:LoRa-Chatter-72E0 E0:72:A1:D5:4C:15 telemetry=on","device_key":"ble-address:e0:72:a1:d5:4c:15","kind":"rx","seq":212,"session":"s2","stream":"chat","text":"show node identity\n","timestamp":1789344254.5671475},{"data_b64":"W1NZU10gICAvY2hhdCAgICAgICA=","description":"ble:LoRa-Chatter-72E0 E0:72:A1:D5:4C:15 telemetry=on","device_key":"ble-address:e0:72:a1:d5:4c:15","kind":"rx","seq":213,"session":"s2","stream":"chat","text":"[SYS]   /chat       ","timestamp":1789344254.5705311},{"data_b64":"aHVtYW4gY29uc29sZSBDSEFUCg==","description":"ble:LoRa-Chatter-72E0 E0:72:A1:D5:4C:15 telemetry=on","device_key":"ble-address:e0:72:a1:d5:4c:15","kind":"rx","seq":214,"session":"s2","stream":"chat","text":"human console CHAT\n","timestamp":1789344254.5706034},{"data_b64":"W1NZU10gICAvdGVsZSAgICAgICA=","description":"ble:LoRa-Chatter-72E0 E0:72:A1:D5:4C:15 telemetry=on","device_key":"ble-address:e0:72:a1:d5:4c:15","kind":"rx","seq":215,"session":"s2","stream":"chat","text":"[SYS]   /tele       ","timestamp":1789344254.5714698},{"data_b64":"aHVtYW4gY29uc29sZSBURUxFTUU=","description":"ble:LoRa-Chatter-72E0 E0:72:A1:D5:4C:15 telemetry=on","device_key":"ble-address:e0:72:a1:d5:4c:15","kind":"rx","seq":216,"session":"s2","stream":"chat","text":"human console TELEME","timestamp":1789344254.5715296},{"data_b64":"VFJZCg==","description":"ble:LoRa-Chatter-72E0 E0:72:A1:D5:4C:15 telemetry=on","device_key":"ble-address:e0:72:a1:d5:4c:15","kind":"rx","seq":217,"session":"s2","stream":"chat","text":"TRY\n","timestamp":1789344254.5715811},{"data_b64":"W1NZU10gICAvYm90aCAgICAgICA=","description":"ble:LoRa-Chatter-72E0 E0:72:A1:D5:4C:15 telemetry=on","device_key":"ble-address:e0:72:a1:d5:4c:15","kind":"rx","seq":218,"session":"s2","stream":"chat","text":"[SYS]   /both       ","timestamp":1789344254.5716631},{"data_b64":"aHVtYW4gY29uc29sZSBCT1RICg==","description":"ble:LoRa-Chatter-72E0 E0:72:A1:D5:4C:15 telemetry=on","device_key":"ble-address:e0:72:a1:d5:4c:15","kind":"rx","seq":219,"session":"s2","stream":"chat","text":"human console BOTH\n","timestamp":1789344254.571703},{"data_b64":"W1NZU10gICAvZWNobyAgICAgICA=","description":"ble:LoRa-Chatter-72E0 E0:72:A1:D5:4C:15 telemetry=on","device_key":"ble-address:e0:72:a1:d5:4c:15","kind":"rx","seq":220,"session":"s2","stream":"chat","text":"[SYS]   /echo       ","timestamp":1789344254.5717852},{"data_b64":"dG9nZ2xlIGVjaG8gbW9kZQo=","description":"ble:LoRa-Chatter-72E0 E0:72:A1:D5:4C:15 telemetry=on","device_key":"ble-address:e0:72:a1:d5:4c:15","kind":"rx","seq":221,"session":"s2","stream":"chat","text":"toggle echo mode\n","timestamp":1789344254.5718281},{"data_b64":"W1NZU10gICAvY2FuY2VsICAgICA=","description":"ble:LoRa-Chatter-72E0 E0:72:A1:D5:4C:15 telemetry=on","device_key":"ble-address:e0:72:a1:d5:4c:15","kind":"rx","seq":222,"session":"s2","stream":"chat","text":"[SYS]   /cancel     ","timestamp":1789344254.571904},{"data_b64":"c3RvcCBjdXJyZW50IFVTRVIgZGU=","description":"ble:LoRa-Chatter-72E0 E0:72:A1:D5:4C:15 telemetry=on","device_key":"ble-address:e0:72:a1:d5:4c:15","kind":"rx","seq":223,"session":"s2","stream":"chat","text":"stop current USER de","timestamp":1789344254.5748916},{"data_b64":"bGl2ZXJ5L3JldHJpZXMK","description":"ble:LoRa-Chatter-72E0 E0:72:A1:D5:4C:15 telemetry=on","device_key":"ble-address:e0:72:a1:d5:4c:15","kind":"rx","seq":224,"session":"s2","stream":"chat","text":"livery/retries\n","timestamp":1789344254.5750043},{"data_b64":"W1NZU10gICAvY2FuY2VsIGFsbCA=","description":"ble:LoRa-Chatter-72E0 E0:72:A1:D5:4C:15 telemetry=on","device_key":"ble-address:e0:72:a1:d5:4c:15","kind":"rx","seq":225,"session":"s2","stream":"chat","text":"[SYS]   /cancel all ","timestamp":1789344254.575356},{"data_b64":"c3RvcCBjdXJyZW50IFVTRVIgYW4=","description":"ble:LoRa-Chatter-72E0 E0:72:A1:D5:4C:15 telemetry=on","device_key":"ble-address:e0:72:a1:d5:4c:15","kind":"rx","seq":226,"session":"s2","stream":"chat","text":"stop current USER an","timestamp":1789344254.5753894},{"data_b64":"W1NZU10gICAvaGVscCAgICAgICA=","description":"ble:LoRa-Chatter-1B44 44:1B:F6:8D:B7:A9 telemetry=on","device_key":"ble-address:44:1b:f6:8d:b7:a9","kind":"rx","seq":398,"session":"s1","stream":"chat","text":"[SYS]   /help       ","timestamp":1789344254.6006596},{"data_b64":"c2hvdyB0aGlzIGhlbHAK","description":"ble:LoRa-Chatter-1B44 44:1B:F6:8D:B7:A9 telemetry=on","device_key":"ble-address:44:1b:f6:8d:b7:a9","kind":"rx","seq":399,"session":"s1","stream":"chat","text":"show this help\n","timestamp":1789344254.600739},{"data_b64":"W1NZU10gICAvaWQgICAgICAgICA=","description":"ble:LoRa-Chatter-1B44 44:1B:F6:8D:B7:A9 telemetry=on","device_key":"ble-address:44:1b:f6:8d:b7:a9","kind":"rx","seq":400,"session":"s1","stream":"chat","text":"[SYS]   /id         ","timestamp":1789344254.6025083},{"data_b64":"ZCBkaXNjYXJkIHF1ZXVlZCBVU0U=","description":"ble:LoRa-Chatter-72E0 E0:72:A1:D5:4C:15 telemetry=on","device_key":"ble-address:e0:72:a1:d5:4c:15","kind":"rx","seq":227,"session":"s2","stream":"chat","text":"d discard queued USE","timestamp":1789344254.6076267},{"data_b64":"UnMK","description":"ble:LoRa-Chatter-72E0 E0:72:A1:D5:4C:15 telemetry=on","device_key":"ble-address:e0:72:a1:d5:4c:15","kind":"rx","seq":228,"session":"s2","stream":"chat","text":"Rs\n","timestamp":1789344254.6086495},{"data_b64":"W1NZU10gICAvcmVib290ICAgICA=","description":"ble:LoRa-Chatter-72E0 E0:72:A1:D5:4C:15 telemetry=on","device_key":"ble-address:e0:72:a1:d5:4c:15","kind":"rx","seq":229,"session":"s2","stream":"chat","text":"[SYS]   /reboot     ","timestamp":1789344254.609862},{"data_b64":"cmVib290IEVTUDMyIGNvbnRyb2w=","description":"ble:LoRa-Chatter-72E0 E0:72:A1:D5:4C:15 telemetry=on","device_key":"ble-address:e0:72:a1:d5:4c:15","kind":"rx","seq":230,"session":"s2","stream":"chat","text":"reboot ESP32 control","timestamp":1789344254.609935},{"data_b64":"bGVyCg==","description":"ble:LoRa-Chatter-72E0 E0:72:A1:D5:4C:15 telemetry=on","device_key":"ble-address:e0:72:a1:d5:4c:15","kind":"rx","seq":231,"session":"s2","stream":"chat","text":"ler\n","timestamp":1789344254.6134036},{"data_b64":"W1NZU10gUkFXIENPTlRST0xTICg=","description":"ble:LoRa-Chatter-72E0 E0:72:A1:D5:4C:15 telemetry=on","device_key":"ble-address:e0:72:a1:d5:4c:15","kind":"rx","seq":232,"session":"s2","stream":"chat","text":"[SYS] RAW CONTROLS (","timestamp":1789344254.6137779},{"data_b64":"SEVYKToK","description":"ble:LoRa-Chatter-72E0 E0:72:A1:D5:4C:15 telemetry=on","device_key":"ble-address:e0:72:a1:d5:4c:15","kind":"rx","seq":233,"session":"s2","stream":"chat","text":"HEX):\n","timestamp":1789344254.613844},{"data_b64":"W1NZU10gICAxNCAzMT1DSEFUICA=","description":"ble:LoRa-Chatter-72E0 E0:72:A1:D5:4C:15 telemetry=on","device_key":"ble-address:e0:72:a1:d5:4c:15","kind":"rx","seq":234,"session":"s2","stream":"chat","text":"[SYS]   14 31=CHAT  ","timestamp":1789344254.6139576},{"data_b64":"MTQgMzI9VEVMRU1FVFJZICAxNCA=","description":"ble:LoRa-Chatter-72E0 E0:72:A1:D5:4C:15 telemetry=on","device_key":"ble-address:e0:72:a1:d5:4c:15","kind":"rx","seq":235,"session":"s2","stream":"chat","text":"14 32=TELEMETRY  14 ","timestamp":1789344254.6140118},{"data_b64":"MzM9Qk9USCAgMTQgNjU9RUNITyA=","description":"ble:LoRa-Chatter-72E0 E0:72:A1:D5:4C:15 telemetry=on","device_key":"ble-address:e0:72:a1:d5:4c:15","kind":"rx","seq":236,"session":"s2","stream":"chat","text":"33=BOTH  14 65=ECHO ","timestamp":1789344254.6140468},{"data_b64":"dG9nZ2xlCg==","description":"ble:LoRa-Chatter-72E0 E0:72:A1:D5:4C:15 telemetry=on","device_key":"ble-address:e0:72:a1:d5:4c:15","kind":"rx","seq":237,"session":"s2","stream":"chat","text":"toggle\n","timestamp":1789344254.614082},{"data_b64":"W1NZU10gQU5EUk9JRCBCTEUgVEU=","description":"ble:LoRa-Chatter-72E0 E0:72:A1:D5:4C:15 telemetry=on","device_key":"ble-address:e0:72:a1:d5:4c:15","kind":"rx","seq":238,"session":"s2","stream":"chat","text":"[SYS] ANDROID BLE TE","timestamp":1789344254.6164353},{"data_b64":"Uk1JTkFMIE1BQ1JPUzoK","description":"ble:LoRa-Chatter-72E0 E0:72:A1:D5:4C:15 telemetry=on","device_key":"ble-address:e0:72:a1:d5:4c:15","kind":"rx","seq":239,"session":"s2","stream":"chat","text":"RMINAL MACROS:\n","timestamp":1789344254.6165142},{"data_b64":"W1NZU10gICBIRVggbWFjcm8sIG4=","description":"ble:LoRa-Chatter-72E0 E0:72:A1:D5:4C:15 telemetry=on","device_key":"ble-address:e0:72:a1:d5:4c:15","kind":"rx","seq":240,"session":"s2","stream":"chat","text":"[SYS]   HEX macro, n","timestamp":1789344254.6174772},{"data_b64":"byBFT0w6IDE0IDMxIC8gMTQgMzI=","description":"ble:LoRa-Chatter-72E0 E0:72:A1:D5:4C:15 telemetry=on","device_key":"ble-address:e0:72:a1:d5:4c:15","kind":"rx","seq":241,"session":"s2","stream":"chat","text":"o EOL: 14 31 / 14 32","timestamp":1789344254.6175408},{"data_b64":"IC8gMTQgMzMgLyAxNCA2NQo=","description":"ble:LoRa-Chatter-72E0 E0:72:A1:D5:4C:15 telemetry=on","device_key":"ble-address:e0:72:a1:d5:4c:15","kind":"rx","seq":242,"session":"s2","stream":"chat","text":" / 14 33 / 14 65\n","timestamp":1789344254.6176434},{"data_b64":"W1NZU10gICBvciBURVhUIG1hY3I=","description":"ble:LoRa-Chatter-72E0 E0:72:A1:D5:4C:15 telemetry=on","device_key":"ble-address:e0:72:a1:d5:4c:15","kind":"rx","seq":243,"session":"s2","stream":"chat","text":"[SYS]   or TEXT macr","timestamp":1789344254.6179261},{"data_b64":"byArIExGOiAvaGVscCAvaWQgL2M=","description":"ble:LoRa-Chatter-72E0 E0:72:A1:D5:4C:15 telemetry=on","device_key":"ble-address:e0:72:a1:d5:4c:15","kind":"rx","seq":244,"session":"s2","stream":"chat","text":"o + LF: /help /id /c","timestamp":1789344254.6179793},{"data_b64":"aGF0IC90ZWxlIC9ib3RoIC9lY2g=","description":"ble:LoRa-Chatter-72E0 E0:72:A1:D5:4C:15 telemetry=on","device_key":"ble-address:e0:72:a1:d5:4c:15","kind":"rx","seq":245,"session":"s2","stream":"chat","text":"hat /tele /both /ech","timestamp":1789344254.6180274},{"data_b64":"c2hvdyBub2RlIGlkZW50aXR5Cg==","description":"ble:LoRa-Chatter-1B44 44:1B:F6:8D:B7:A9 telemetry=on","device_key":"ble-address:44:1b:f6:8d:b7:a9","kind":"rx","seq":401,"session":"s1","stream":"chat","text":"show node identity\n","timestamp":1789344254.6471176},{"data_b64":"W1NZU10gICAvY2hhdCAgICAgICA=","description":"ble:LoRa-Chatter-1B44 44:1B:F6:8D:B7:A9 telemetry=on","device_key":"ble-address:44:1b:f6:8d:b7:a9","kind":"rx","seq":402,"session":"s1","stream":"chat","text":"[SYS]   /chat       ","timestamp":1789344254.6481457},{"data_b64":"aHVtYW4gY29uc29sZSBDSEFUCg==","description":"ble:LoRa-Chatter-1B44 44:1B:F6:8D:B7:A9 telemetry=on","device_key":"ble-address:44:1b:f6:8d:b7:a9","kind":"rx","seq":403,"session":"s1","stream":"chat","text":"human console CHAT\n","timestamp":1789344254.6481972},{"data_b64":"byAvY2FuY2VsIC9jYW5jZWwgYWw=","description":"ble:LoRa-Chatter-72E0 E0:72:A1:D5:4C:15 telemetry=on","device_key":"ble-address:e0:72:a1:d5:4c:15","kind":"rx","seq":246,"session":"s2","stream":"chat","text":"o /cancel /cancel al","timestamp":1789344254.650751},{"data_b64":"bCAvcmVib290Cg==","description":"ble:LoRa-Chatter-72E0 E0:72:A1:D5:4C:15 telemetry=on","device_key":"ble-address:e0:72:a1:d5:4c:15","kind":"rx","seq":247,"session":"s2","stream":"chat","text":"l /reboot\n","timestamp":1789344254.6520839},{"data_b64":"W1NZU10gICBOb3JkaWMgVUFSVCA=","description":"ble:LoRa-Chatter-72E0 E0:72:A1:D5:4C:15 telemetry=on","device_key":"ble-address:e0:72:a1:d5:4c:15","kind":"rx","seq":248,"session":"s2","stream":"chat","text":"[SYS]   Nordic UART ","timestamp":1789344254.652514},{"data_b64":"aHVtYW4gY29uc29sZT0wMDAzOyA=","description":"ble:LoRa-Chatter-72E0 E0:72:A1:D5:4C:15 telemetry=on","device_key":"ble-address:e0:72:a1:d5:4c:15","kind":"rx","seq":249,"session":"s2","stream":"chat","text":"human console=0003; ","timestamp":1789344254.6525803},{"data_b64":"bWFjaGluZSB0ZWxlbWV0cnk9MDA=","description":"ble:LoRa-Chatter-72E0 E0:72:A1:D5:4C:15 telemetry=on","device_key":"ble-address:e0:72:a1:d5:4c:15","kind":"rx","seq":250,"session":"s2","stream":"chat","text":"machine telemetry=00","timestamp":1789344254.6526234},{"data_b64":"MDQgb3B0aW9uYWwK","description":"ble:LoRa-Chatter-72E0 E0:72:A1:D5:4C:15 telemetry=on","device_key":"ble-address:e0:72:a1:d5:4c:15","kind":"rx","seq":251,"session":"s2","stream":"chat","text":"04 optional\n","timestamp":1789344254.6540482},{"data_b64":"W1NZU10gQkxFIENMSUVOVDogbWE=","description":"ble:LoRa-Chatter-72E0 E0:72:A1:D5:4C:15 telemetry=on","device_key":"ble-address:e0:72:a1:d5:4c:15","kind":"rx","seq":252,"session":"s2","stream":"chat","text":"[SYS] BLE CLIENT: ma","timestamp":1789344254.6543186},{"data_b64":"Y2hpbmUgdGVsZW1ldHJ5IDAwMDQ=","description":"ble:LoRa-Chatter-72E0 E0:72:A1:D5:4C:15 telemetry=on","device_key":"ble-address:e0:72:a1:d5:4c:15","kind":"rx","seq":253,"session":"s2","stream":"chat","text":"chine telemetry 0004","timestamp":1789344254.6548917},{"data_b64":"IHN1YnNjcmliZWQgaW4gYmFja2c=","description":"ble:LoRa-Chatter-72E0 E0:72:A1:D5:4C:15 telemetry=on","device_key":"ble-address:e0:72:a1:d5:4c:15","kind":"rx","seq":254,"session":"s2","stream":"chat","text":" subscribed in backg","timestamp":1789344254.655308},{"data_b64":"cm91bmQK","description":"ble:LoRa-Chatter-72E0 E0:72:A1:D5:4C:15 telemetry=on","device_key":"ble-address:e0:72:a1:d5:4c:15","kind":"rx","seq":255,"session":"s2","stream":"chat","text":"round\n","timestamp":1789344254.6556726},{"data_b64":"W1NZU10gICAvdGVsZSAgICAgICA=","description":"ble:LoRa-Chatter-1B44 44:1B:F6:8D:B7:A9 telemetry=on","device_key":"ble-address:44:1b:f6:8d:b7:a9","kind":"rx","seq":404,"session":"s1","stream":"chat","text":"[SYS]   /tele       ","timestamp":1789344254.6938758},{"data_b64":"aHVtYW4gY29uc29sZSBURUxFTUU=","description":"ble:LoRa-Chatter-1B44 44:1B:F6:8D:B7:A9 telemetry=on","device_key":"ble-address:44:1b:f6:8d:b7:a9","kind":"rx","seq":405,"session":"s1","stream":"chat","text":"human console TELEME","timestamp":1789344254.696915},{"data_b64":"VFJZCg==","description":"ble:LoRa-Chatter-1B44 44:1B:F6:8D:B7:A9 telemetry=on","device_key":"ble-address:44:1b:f6:8d:b7:a9","kind":"rx","seq":406,"session":"s1","stream":"chat","text":"TRY\n","timestamp":1789344254.6971564},{"data_b64":"W1NZU10gICAvYm90aCAgICAgICA=","description":"ble:LoRa-Chatter-1B44 44:1B:F6:8D:B7:A9 telemetry=on","device_key":"ble-address:44:1b:f6:8d:b7:a9","kind":"rx","seq":407,"session":"s1","stream":"chat","text":"[SYS]   /both       ","timestamp":1789344254.7061238},{"data_b64":"aHVtYW4gY29uc29sZSBCT1RICg==","description":"ble:LoRa-Chatter-1B44 44:1B:F6:8D:B7:A9 telemetry=on","device_key":"ble-address:44:1b:f6:8d:b7:a9","kind":"rx","seq":408,"session":"s1","stream":"chat","text":"human console BOTH\n","timestamp":1789344254.7354412},{"data_b64":"W1NZU10gICAvZWNobyAgICAgICA=","description":"ble:LoRa-Chatter-1B44 44:1B:F6:8D:B7:A9 telemetry=on","device_key":"ble-address:44:1b:f6:8d:b7:a9","kind":"rx","seq":409,"session":"s1","stream":"chat","text":"[SYS]   /echo       ","timestamp":1789344254.7380524},{"data_b64":"dG9nZ2xlIGVjaG8gbW9kZQo=","description":"ble:LoRa-Chatter-1B44 44:1B:F6:8D:B7:A9 telemetry=on","device_key":"ble-address:44:1b:f6:8d:b7:a9","kind":"rx","seq":410,"session":"s1","stream":"chat","text":"toggle echo mode\n","timestamp":1789344254.7386036},{"data_b64":"W1NZU10gICAvY2FuY2VsICAgICA=","description":"ble:LoRa-Chatter-1B44 44:1B:F6:8D:B7:A9 telemetry=on","device_key":"ble-address:44:1b:f6:8d:b7:a9","kind":"rx","seq":411,"session":"s1","stream":"chat","text":"[SYS]   /cancel     ","timestamp":1789344254.783245},{"data_b64":"c3RvcCBjdXJyZW50IFVTRVIgZGU=","description":"ble:LoRa-Chatter-1B44 44:1B:F6:8D:B7:A9 telemetry=on","device_key":"ble-address:44:1b:f6:8d:b7:a9","kind":"rx","seq":412,"session":"s1","stream":"chat","text":"stop current USER de","timestamp":1789344254.7843368},{"data_b64":"bGl2ZXJ5L3JldHJpZXMK","description":"ble:LoRa-Chatter-1B44 44:1B:F6:8D:B7:A9 telemetry=on","device_key":"ble-address:44:1b:f6:8d:b7:a9","kind":"rx","seq":413,"session":"s1","stream":"chat","text":"livery/retries\n","timestamp":1789344254.7844195},{"data_b64":"W1NZU10gICAvY2FuY2VsIGFsbCA=","description":"ble:LoRa-Chatter-1B44 44:1B:F6:8D:B7:A9 telemetry=on","device_key":"ble-address:44:1b:f6:8d:b7:a9","kind":"rx","seq":414,"session":"s1","stream":"chat","text":"[SYS]   /cancel all ","timestamp":1789344254.8248427},{"data_b64":"c3RvcCBjdXJyZW50IFVTRVIgYW4=","description":"ble:LoRa-Chatter-1B44 44:1B:F6:8D:B7:A9 telemetry=on","device_key":"ble-address:44:1b:f6:8d:b7:a9","kind":"rx","seq":415,"session":"s1","stream":"chat","text":"stop current USER an","timestamp":1789344254.8256376},{"data_b64":"ZCBkaXNjYXJkIHF1ZXVlZCBVU0U=","description":"ble:LoRa-Chatter-1B44 44:1B:F6:8D:B7:A9 telemetry=on","device_key":"ble-address:44:1b:f6:8d:b7:a9","kind":"rx","seq":416,"session":"s1","stream":"chat","text":"d discard queued USE","timestamp":1789344254.8265421},{"data_b64":"UnMK","description":"ble:LoRa-Chatter-1B44 44:1B:F6:8D:B7:A9 telemetry=on","device_key":"ble-address:44:1b:f6:8d:b7:a9","kind":"rx","seq":417,"session":"s1","stream":"chat","text":"Rs\n","timestamp":1789344254.8700275},{"data_b64":"W1NZU10gICAvcmVib290ICAgICA=","description":"ble:LoRa-Chatter-1B44 44:1B:F6:8D:B7:A9 telemetry=on","device_key":"ble-address:44:1b:f6:8d:b7:a9","kind":"rx","seq":418,"session":"s1","stream":"chat","text":"[SYS]   /reboot     ","timestamp":1789344254.8708155},{"data_b64":"cmVib290IEVTUDMyIGNvbnRyb2w=","description":"ble:LoRa-Chatter-1B44 44:1B:F6:8D:B7:A9 telemetry=on","device_key":"ble-address:44:1b:f6:8d:b7:a9","kind":"rx","seq":419,"session":"s1","stream":"chat","text":"reboot ESP32 control","timestamp":1789344254.871833},{"data_b64":"bGVyCg==","description":"ble:LoRa-Chatter-1B44 44:1B:F6:8D:B7:A9 telemetry=on","device_key":"ble-address:44:1b:f6:8d:b7:a9","kind":"rx","seq":420,"session":"s1","stream":"chat","text":"ler\n","timestamp":1789344254.873044},{"data_b64":"W1NZU10gUkFXIENPTlRST0xTICg=","description":"ble:LoRa-Chatter-1B44 44:1B:F6:8D:B7:A9 telemetry=on","device_key":"ble-address:44:1b:f6:8d:b7:a9","kind":"rx","seq":421,"session":"s1","stream":"chat","text":"[SYS] RAW CONTROLS (","timestamp":1789344254.9147618},{"data_b64":"SEVYKToK","description":"ble:LoRa-Chatter-1B44 44:1B:F6:8D:B7:A9 telemetry=on","device_key":"ble-address:44:1b:f6:8d:b7:a9","kind":"rx","seq":422,"session":"s1","stream":"chat","text":"HEX):\n","timestamp":1789344254.9154441},{"data_b64":"W1NZU10gICAxNCAzMT1DSEFUICA=","description":"ble:LoRa-Chatter-1B44 44:1B:F6:8D:B7:A9 telemetry=on","device_key":"ble-address:44:1b:f6:8d:b7:a9","kind":"rx","seq":423,"session":"s1","stream":"chat","text":"[SYS]   14 31=CHAT  ","timestamp":1789344254.916372},{"data_b64":"MTQgMzI9VEVMRU1FVFJZICAxNCA=","description":"ble:LoRa-Chatter-1B44 44:1B:F6:8D:B7:A9 telemetry=on","device_key":"ble-address:44:1b:f6:8d:b7:a9","kind":"rx","seq":424,"session":"s1","stream":"chat","text":"14 32=TELEMETRY  14 ","timestamp":1789344254.9172885},{"data_b64":"MzM9Qk9USCAgMTQgNjU9RUNITyA=","description":"ble:LoRa-Chatter-1B44 44:1B:F6:8D:B7:A9 telemetry=on","device_key":"ble-address:44:1b:f6:8d:b7:a9","kind":"rx","seq":425,"session":"s1","stream":"chat","text":"33=BOTH  14 65=ECHO ","timestamp":1789344254.9619522},{"data_b64":"aHVtYW4gY29uc29sZT0wMDAzOyA=","description":"ble:LoRa-Chatter-1B44 44:1B:F6:8D:B7:A9 telemetry=on","device_key":"ble-address:44:1b:f6:8d:b7:a9","kind":"rx","seq":426,"session":"s1","stream":"chat","text":"human console=0003; ","timestamp":1789344254.962036},{"data_b64":"bWFjaGluZSB0ZWxlbWV0cnk9MDA=","description":"ble:LoRa-Chatter-1B44 44:1B:F6:8D:B7:A9 telemetry=on","device_key":"ble-address:44:1b:f6:8d:b7:a9","kind":"rx","seq":427,"session":"s1","stream":"chat","text":"machine telemetry=00","timestamp":1789344254.9632347},{"data_b64":"MDQgb3B0aW9uYWwK","description":"ble:LoRa-Chatter-1B44 44:1B:F6:8D:B7:A9 telemetry=on","device_key":"ble-address:44:1b:f6:8d:b7:a9","kind":"rx","seq":428,"session":"s1","stream":"chat","text":"04 optional\n","timestamp":1789344255.0050519},{"data_b64":"W1NZU10gQkxFIENMSUVOVDogbWE=","description":"ble:LoRa-Chatter-1B44 44:1B:F6:8D:B7:A9 telemetry=on","device_key":"ble-address:44:1b:f6:8d:b7:a9","kind":"rx","seq":429,"session":"s1","stream":"chat","text":"[SYS] BLE CLIENT: ma","timestamp":1789344255.0060124},{"data_b64":"Y2hpbmUgdGVsZW1ldHJ5IDAwMDQ=","description":"ble:LoRa-Chatter-1B44 44:1B:F6:8D:B7:A9 telemetry=on","device_key":"ble-address:44:1b:f6:8d:b7:a9","kind":"rx","seq":430,"session":"s1","stream":"chat","text":"chine telemetry 0004","timestamp":1789344255.0065432},{"data_b64":"IHN1YnNjcmliZWQgaW4gYmFja2c=","description":"ble:LoRa-Chatter-1B44 44:1B:F6:8D:B7:A9 telemetry=on","device_key":"ble-address:44:1b:f6:8d:b7:a9","kind":"rx","seq":431,"session":"s1","stream":"chat","text":" subscribed in backg","timestamp":1789344255.0508497},{"data_b64":"cm91bmQK","description":"ble:LoRa-Chatter-1B44 44:1B:F6:8D:B7:A9 telemetry=on","device_key":"ble-address:44:1b:f6:8d:b7:a9","kind":"rx","seq":432,"session":"s1","stream":"chat","text":"round\n","timestamp":1789344255.0519066},{"data_b64":"ClNFU1NJT04gdD02MHMgVFggb2s=","description":"ble:LoRa-Chatter-72E0 E0:72:A1:D5:4C:15 telemetry=on","device_key":"ble-address:e0:72:a1:d5:4c:15","kind":"rx","seq":256,"session":"s2","stream":"telemetry","text":"\nSESSION t=60s TX ok","timestamp":1789344256.8123958},{"data_b64":"PTAgdXNlcj0wIGVjaG9fcmVxPTA=","description":"ble:LoRa-Chatter-72E0 E0:72:A1:D5:4C:15 telemetry=on","device_key":"ble-address:e0:72:a1:d5:4c:15","kind":"rx","seq":257,"session":"s2","stream":"telemetry","text":"=0 user=0 echo_req=0","timestamp":1789344256.8124964},{"data_b64":"IGVjaG9fcmVwPTAgaGI9MChpZGw=","description":"ble:LoRa-Chatter-72E0 E0:72:A1:D5:4C:15 telemetry=on","device_key":"ble-address:e0:72:a1:d5:4c:15","kind":"rx","seq":258,"session":"s2","stream":"telemetry","text":" echo_rep=0 hb=0(idl","timestamp":1789344256.8136523},{"data_b64":"ZT0wKSBlcnI9MCBzdGFydGVkPTA=","description":"ble:LoRa-Chatter-72E0 E0:72:A1:D5:4C:15 telemetry=on","device_key":"ble-address:e0:72:a1:d5:4c:15","kind":"rx","seq":259,"session":"s2","stream":"telemetry","text":"e=0) err=0 started=0","timestamp":1789344256.8137224},{"data_b64":"IFJYIG9rPTAgdXNlcj0wIGVjaG8=","description":"ble:LoRa-Chatter-72E0 E0:72:A1:D5:4C:15 telemetry=on","device_key":"ble-address:e0:72:a1:d5:4c:15","kind":"rx","seq":260,"session":"s2","stream":"telemetry","text":" RX ok=0 user=0 echo","timestamp":1789344256.8137677},{"data_b64":"X3JlcT0wIGVjaG9fcmVwPTAgaGI=","description":"ble:LoRa-Chatter-72E0 E0:72:A1:D5:4C:15 telemetry=on","device_key":"ble-address:e0:72:a1:d5:4c:15","kind":"rx","seq":261,"session":"s2","stream":"telemetry","text":"_req=0 echo_rep=0 hb","timestamp":1789344256.8138072},{"data_b64":"PTAgY3JjPTAgaGRyPTAgYmFkPTA=","description":"ble:LoRa-Chatter-72E0 E0:72:A1:D5:4C:15 telemetry=on","device_key":"ble-address:e0:72:a1:d5:4c:15","kind":"rx","seq":262,"session":"s2","stream":"telemetry","text":"=0 crc=0 hdr=0 bad=0","timestamp":1789344256.8142722},{"data_b64":"IHJlYWRlcnI9MCByZXBvcnRzPTA=","description":"ble:LoRa-Chatter-72E0 E0:72:A1:D5:4C:15 telemetry=on","device_key":"ble-address:e0:72:a1:d5:4c:15","kind":"rx","seq":263,"session":"s2","stream":"telemetry","text":" readerr=0 reports=0","timestamp":1789344256.8146377},{"data_b64":"IFE9MCUgZHJvcHM9MCBmYXRhbD0=","description":"ble:LoRa-Chatter-72E0 E0:72:A1:D5:4C:15 telemetry=on","device_key":"ble-address:e0:72:a1:d5:4c:15","kind":"rx","seq":264,"session":"s2","stream":"telemetry","text":" Q=0% drops=0 fatal=","timestamp":1789344256.8155153},{"data_b64":"MAo=","description":"ble:LoRa-Chatter-72E0 E0:72:A1:D5:4C:15 telemetry=on","device_key":"ble-address:e0:72:a1:d5:4c:15","kind":"rx","seq":265,"session":"s2","stream":"telemetry","text":"0\n","timestamp":1789344256.8160284},{"data_b64":"U0VTU0lPTiBDT1VSVEVTWSB3aW4=","description":"ble:LoRa-Chatter-72E0 E0:72:A1:D5:4C:15 telemetry=on","device_key":"ble-address:e0:72:a1:d5:4c:15","kind":"rx","seq":266,"session":"s2","stream":"telemetry","text":"SESSION COURTESY win","timestamp":1789344256.8163908},{"data_b64":"ZG93PTkxMjNtcyBwZWVyX3JlbGU=","description":"ble:LoRa-Chatter-72E0 E0:72:A1:D5:4C:15 telemetry=on","device_key":"ble-address:e0:72:a1:d5:4c:15","kind":"rx","seq":267,"session":"s2","stream":"telemetry","text":"dow=9123ms peer_rele","timestamp":1789344256.8168879},{"data_b64":"YXNlPTAgZXhwaXJlZD0wIHlpZWw=","description":"ble:LoRa-Chatter-72E0 E0:72:A1:D5:4C:15 telemetry=on","device_key":"ble-address:e0:72:a1:d5:4c:15","kind":"rx","seq":268,"session":"s2","stream":"telemetry","text":"ase=0 expired=0 yiel","timestamp":1789344256.8185604},{"data_b64":"ZGluZz0wCg==","description":"ble:LoRa-Chatter-72E0 E0:72:A1:D5:4C:15 telemetry=on","device_key":"ble-address:e0:72:a1:d5:4c:15","kind":"rx","seq":269,"session":"s2","stream":"telemetry","text":"ding=0\n","timestamp":1789344256.8192418},{"data_b64":"U0VTU0lPTiBESU8wX1RYIGFmZmU=","description":"ble:LoRa-Chatter-72E0 E0:72:A1:D5:4C:15 telemetry=on","device_key":"ble-address:e0:72:a1:d5:4c:15","kind":"rx","seq":270,"session":"s2","stream":"telemetry","text":"SESSION DIO0_TX affe","timestamp":1789344256.819471},{"data_b64":"Y3RlZD0wLzAgZXBpc29kZXM9MCA=","description":"ble:LoRa-Chatter-72E0 E0:72:A1:D5:4C:15 telemetry=on","device_key":"ble-address:e0:72:a1:d5:4c:15","kind":"rx","seq":271,"session":"s2","stream":"telemetry","text":"cted=0/0 episodes=0 ","timestamp":1789344256.8195257},{"data_b64":"YXZnX2FsbD0wLjAwIGF2Z19hZmY=","description":"ble:LoRa-Chatter-72E0 E0:72:A1:D5:4C:15 telemetry=on","device_key":"ble-address:e0:72:a1:d5:4c:15","kind":"rx","seq":272,"session":"s2","stream":"telemetry","text":"avg_all=0.00 avg_aff","timestamp":1789344256.8206518},{"data_b64":"ZWN0ZWQ9MC4wMCBoaWdoX3BvbGw=","description":"ble:LoRa-Chatter-72E0 E0:72:A1:D5:4C:15 telemetry=on","device_key":"ble-address:e0:72:a1:d5:4c:15","kind":"rx","seq":273,"session":"s2","stream":"telemetry","text":"ected=0.00 high_poll","timestamp":1789344256.820712},{"data_b64":"cz0wCg==","description":"ble:LoRa-Chatter-72E0 E0:72:A1:D5:4C:15 telemetry=on","device_key":"ble-address:e0:72:a1:d5:4c:15","kind":"rx","seq":274,"session":"s2","stream":"telemetry","text":"s=0\n","timestamp":1789344256.8212383},{"data_b64":"U0VTU0lPTiBSWF9QT0xMIHBvbGw=","description":"ble:LoRa-Chatter-72E0 E0:72:A1:D5:4C:15 telemetry=on","device_key":"ble-address:e0:72:a1:d5:4c:15","kind":"rx","seq":275,"session":"s2","stream":"telemetry","text":"SESSION RX_POLL poll","timestamp":1789344256.8221815},{"data_b64":"cz01ODUzNiByeGRvbmU9MCBpbnQ=","description":"ble:LoRa-Chatter-72E0 E0:72:A1:D5:4C:15 telemetry=on","device_key":"ble-address:e0:72:a1:d5:4c:15","kind":"rx","seq":276,"session":"s2","stream":"telemetry","text":"s=58536 rxdone=0 int","timestamp":1789344256.8226862},{"data_b64":"ZXJ2YWw9MTAwMHVzIERJTzBfUlg=","description":"ble:LoRa-Chatter-72E0 E0:72:A1:D5:4C:15 telemetry=on","device_key":"ble-address:e0:72:a1:d5:4c:15","kind":"rx","seq":277,"session":"s2","stream":"telemetry","text":"erval=1000us DIO0_RX","timestamp":1789344256.9041405},{"data_b64":"IGZhbHNlX2hpZ2hfZXA9MCBoaWc=","description":"ble:LoRa-Chatter-72E0 E0:72:A1:D5:4C:15 telemetry=on","device_key":"ble-address:e0:72:a1:d5:4c:15","kind":"rx","seq":278,"session":"s2","stream":"telemetry","text":" false_high_ep=0 hig","timestamp":1789344256.9062479},{"data_b64":"aF9wb2xscz0wIHJ4ZG9uZV9sb3c=","description":"ble:LoRa-Chatter-72E0 E0:72:A1:D5:4C:15 telemetry=on","device_key":"ble-address:e0:72:a1:d5:4c:15","kind":"rx","seq":279,"session":"s2","stream":"telemetry","text":"h_polls=0 rxdone_low","timestamp":1789344256.9062908},{"data_b64":"PTAgaXNyPWRpc2FibGVkCg==","description":"ble:LoRa-Chatter-72E0 E0:72:A1:D5:4C:15 telemetry=on","device_key":"ble-address:e0:72:a1:d5:4c:15","kind":"rx","seq":280,"session":"s2","stream":"telemetry","text":"=0 isr=disabled\n","timestamp":1789344256.906315}],"lines":[{"seq_first":352,"seq_last":352,"session":"s1","stream":"chat","text":""},{"seq_first":352,"seq_last":352,"session":"s1","stream":"chat","text":"[SYS] CHATTER HELP"},{"seq_first":353,"seq_last":354,"session":"s1","stream":"chat","text":"[SYS] CHATTER NODE LoRa-Chatter-1B44"},{"seq_first":355,"seq_last":355,"session":"s1","stream":"chat","text":"[SYS] CHAT OUTPUT:"},{"seq_first":356,"seq_last":359,"session":"s1","stream":"chat","text":"[SYS]   > text                       local USER TX confirmed"},{"seq_first":360,"seq_last":363,"session":"s1","stream":"chat","text":"[SYS]   < [RSSI/SNR Q%] text         USER received from peer"},{"seq_first":364,"seq_last":367,"session":"s1","stream":"chat","text":"[SYS]   > [ECHO TX] text             local echo TX confirmed"},{"seq_first":368,"seq_last":371,"session":"s1","stream":"chat","text":"[SYS]   < [ECHO RSSI/SNR Q%] text    matching echo reply received"},{"seq_first":372,"seq_last":375,"session":"s1","stream":"chat","text":"[SYS]   [ECHO] NO RESPONSE           matching echo reply timed out"},{"seq_first":376,"seq_last":378,"session":"s1","stream":"chat","text":"[SYS]   delivery retry details       TELEMETRY only"},{"seq_first":379,"seq_last":381,"session":"s1","stream":"chat","text":"[SYS]   RSSI=dBm, SNR=dB, Q=rolling receive quality %"},{"seq_first":382,"seq_last":383,"session":"s1","stream":"chat","text":"[SYS] HUMAN CONSOLE MODES:"},{"seq_first":384,"seq_last":385,"session":"s1","stream":"chat","text":"[SYS]   CHAT       chat + SYSTEM"},{"seq_first":386,"seq_last":387,"session":"s1","stream":"chat","text":"[SYS]   TELEMETRY  telemetry + SYSTEM"},{"seq_first":167,"seq_last":167,"session":"s2","stream":"chat","text":""},{"seq_first":167,"seq_last":167,"session":"s2","stream":"chat","text":"[SYS] CHATTER HELP"},{"seq_first":168,"seq_last":169,"session":"s2","stream":"chat","text":"[SYS] CHATTER NODE LoRa-Chatter-72E0"},{"seq_first":170,"seq_last":170,"session":"s2","stream":"chat","text":"[SYS] CHAT OUTPUT:"},{"seq_first":171,"seq_last":174,"session":"s2","stream":"chat","text":"[SYS]   > text                       local USER TX confirmed"},{"seq_first":175,"seq_last":178,"session":"s2","stream":"chat","text":"[SYS]   < [RSSI/SNR Q%] text         USER received from peer"},{"seq_first":179,"seq_last":182,"session":"s2","stream":"chat","text":"[SYS]   > [ECHO TX] text             local echo TX confirmed"},{"seq_first":388,"seq_last":390,"session":"s1","stream":"chat","text":"[SYS]   BOTH       chat + telemetry + SYSTEM"},{"seq_first":183,"seq_last":186,"session":"s2","stream":"chat","text":"[SYS]   < [ECHO RSSI/SNR Q%] text    matching echo reply received"},{"seq_first":187,"seq_last":190,"session":"s2","stream":"chat","text":"[SYS]   [ECHO] NO RESPONSE           matching echo reply timed out"},{"seq_first":191,"seq_last":193,"session":"s2","stream":"chat","text":"[SYS]   delivery retry details       TELEMETRY only"},{"seq_first":194,"seq_last":196,"session":"s2","stream":"chat","text":"[SYS]   RSSI=dBm, SNR=dB, Q=rolling receive quality %"},{"seq_first":197,"seq_last":198,"session":"s2","stream":"chat","text":"[SYS] HUMAN CONSOLE MODES:"},{"seq_first":199,"seq_last":201,"session":"s2","stream":"chat","text":"[SYS]   CHAT       chat + telemetry + SYSTEM"},{"seq_first":202,"seq_last":205,"session":"s2","stream":"chat","text":"[SYS]   BLE 0004 machine telemetry is independent when subscribed"},{"seq_first":391,"seq_last":394,"session":"s1","stream":"chat","text":"[SYS]   BLE 0004 machine telemetry is independent when subscribed"},{"seq_first":206,"seq_last":207,"session":"s2","stream":"chat","text":"[SYS]   current=CHAT echo=OFF"},{"seq_first":395,"seq_last":396,"session":"s1","stream":"chat","text":"[SYS]   current=CHAT echo=OFF"},{"seq_first":208,"seq_last":208,"session":"s2","stream":"chat","text":"[SYS] COMMANDS:"},{"seq_first":209,"seq_last":210,"session":"s2","stream":"chat","text":"[SYS]   /help       show this help"},{"seq_first":397,"seq_last":397,"session":"s1","stream":"chat","text":"[SYS] COMMANDS:"},{"seq_first":211,"seq_last":212,"session":"s2","stream":"chat","text":"[SYS]   /id         show node identity"},{"seq_first":213,"seq_last":214,"session":"s2","stream":"chat","text":"[SYS]   /chat       human console CHAT"},{"seq_first":215,"seq_last":217,"session":"s2","stream":"chat","text":"[SYS]   /tele       human console TELEMETRY"},{"seq_first":218,"seq_last":219,"session":"s2","stream":"chat","text":"[SYS]   /both       human console BOTH"},{"seq_first":220,"seq_last":221,"session":"s2","stream":"chat","text":"[SYS]   /echo       toggle echo mode"},{"seq_first":222,"seq_last":224,"session":"s2","stream":"chat","text":"[SYS]   /cancel     stop current USER delivery/retries"},{"seq_first":398,"seq_last":399,"session":"s1","stream":"chat","text":"[SYS]   /help       show this help"},{"seq_first":225,"seq_last":228,"session":"s2","stream":"chat","text":"[SYS]   /cancel all stop current USER and discard queued USERs"},{"seq_first":229,"seq_last":231,"session":"s2","stream":"chat","text":"[SYS]   /reboot     reboot ESP32 controller"},{"seq_first":232,"seq_last":233,"session":"s2","stream":"chat","text":"[SYS] RAW CONTROLS (HEX):"},{"seq_first":234,"seq_last":237,"session":"s2","stream":"chat","text":"[SYS]   14 31=CHAT  14 32=TELEMETRY  14 33=BOTH  14 65=ECHO toggle"},{"seq_first":238,"seq_last":239,"session":"s2","stream":"chat","text":"[SYS] ANDROID BLE TERMINAL MACROS:"},{"seq_first":240,"seq_last":242,"session":"s2","stream":"chat","text":"[SYS]   HEX macro, no EOL: 14 31 / 14 32 / 14 33 / 14 65"},{"seq_first":400,"seq_last":401,"session":"s1","stream":"chat","text":"[SYS]   /id         show node identity"},{"seq_first":402,"seq_last":403,"session":"s1","stream":"chat","text":"[SYS]   /chat       human console CHAT"},{"seq_first":243,"seq_last":247,"session":"s2","stream":"chat","text":"[SYS]   or TEXT macro + LF: /help /id /chat /tele /both /echo /cancel /cancel all /reboot"},{"seq_first":248,"seq_last":251,"session":"s2","stream":"chat","text":"[SYS]   Nordic UART human console=0003; machine telemetry=0004 optional"},{"seq_first":252,"seq_last":255,"session":"s2","stream":"chat","text":"[SYS] BLE CLIENT: machine telemetry 0004 subscribed in background"},{"seq_first":404,"seq_last":406,"session":"s1","stream":"chat","text":"[SYS]   /tele       human console TELEMETRY"},{"seq_first":407,"seq_last":408,"session":"s1","stream":"chat","text":"[SYS]   /both       human console BOTH"},{"seq_first":409,"seq_last":410,"session":"s1","stream":"chat","text":"[SYS]   /echo       toggle echo mode"},{"seq_first":411,"seq_last":413,"session":"s1","stream":"chat","text":"[SYS]   /cancel     stop current USER delivery/retries"},{"seq_first":414,"seq_last":417,"session":"s1","stream":"chat","text":"[SYS]   /cancel all stop current USER and discard queued USERs"},{"seq_first":418,"seq_last":420,"session":"s1","stream":"chat","text":"[SYS]   /reboot     reboot ESP32 controller"},{"seq_first":421,"seq_last":422,"session":"s1","stream":"chat","text":"[SYS] RAW CONTROLS (HEX):"},{"seq_first":423,"seq_last":428,"session":"s1","stream":"chat","text":"[SYS]   14 31=CHAT  14 32=TELEMETRY  14 33=BOTH  14 65=ECHO human console=0003; machine telemetry=0004 optional"},{"seq_first":429,"seq_last":432,"session":"s1","stream":"chat","text":"[SYS] BLE CLIENT: machine telemetry 0004 subscribed in background"},{"seq_first":256,"seq_last":256,"session":"s2","stream":"telemetry","text":""},{"seq_first":256,"seq_last":265,"session":"s2","stream":"telemetry","text":"SESSION t=60s TX ok=0 user=0 echo_req=0 echo_rep=0 hb=0(idle=0) err=0 started=0 RX ok=0 user=0 echo_req=0 echo_rep=0 hb=0 crc=0 hdr=0 bad=0 readerr=0 reports=0 Q=0% drops=0 fatal=0"},{"seq_first":266,"seq_last":269,"session":"s2","stream":"telemetry","text":"SESSION COURTESY window=9123ms peer_release=0 expired=0 yielding=0"},{"seq_first":270,"seq_last":274,"session":"s2","stream":"telemetry","text":"SESSION DIO0_TX affected=0/0 episodes=0 avg_all=0.00 avg_affected=0.00 high_polls=0"},{"seq_first":275,"seq_last":280,"session":"s2","stream":"telemetry","text":"SESSION RX_POLL polls=58536 rxdone=0 interval=1000us DIO0_RX false_high_ep=0 high_polls=0 rxdone_low=0 isr=disabled"}],"timed_out":false}}
2026-09-14T03:04:19.191+03:00 [RX telemetry] {"data_b64":"ClNFU1NJT04gdD0zMjA0MXMgVFg=","description":"ble:LoRa-Chatter-1B44 44:1B:F6:8D:B7:A9 telemetry=on","device_key":"ble-address:44:1b:f6:8d:b7:a9","kind":"rx","seq":433,"session":"s1","stream":"telemetry","text":"\nSESSION t=32041s TX","timestamp":1789344259.1908667}
2026-09-14T03:04:19.192+03:00 [RX telemetry] {"data_b64":"IG9rPTk0IHVzZXI9ODggZWNob18=","description":"ble:LoRa-Chatter-1B44 44:1B:F6:8D:B7:A9 telemetry=on","device_key":"ble-address:44:1b:f6:8d:b7:a9","kind":"rx","seq":434,"session":"s1","stream":"telemetry","text":" ok=94 user=88 echo_","timestamp":1789344259.1917694}
2026-09-14T03:04:19.192+03:00 [RX telemetry] {"data_b64":"cmVxPTAgZWNob19yZXA9MCBoYj0=","description":"ble:LoRa-Chatter-1B44 44:1B:F6:8D:B7:A9 telemetry=on","device_key":"ble-address:44:1b:f6:8d:b7:a9","kind":"rx","seq":435,"session":"s1","stream":"telemetry","text":"req=0 echo_rep=0 hb=","timestamp":1789344259.19185}
2026-09-14T03:04:19.192+03:00 [RX telemetry] {"data_b64":"MChpZGxlPTApIGVycj0wIHN0YXI=","description":"ble:LoRa-Chatter-1B44 44:1B:F6:8D:B7:A9 telemetry=on","device_key":"ble-address:44:1b:f6:8d:b7:a9","kind":"rx","seq":436,"session":"s1","stream":"telemetry","text":"0(idle=0) err=0 star","timestamp":1789344259.191891}
2026-09-14T03:04:19.196+03:00 [RX telemetry] {"data_b64":"dGVkPTk0IFJYIG9rPTIwIHVzZXI=","description":"ble:LoRa-Chatter-1B44 44:1B:F6:8D:B7:A9 telemetry=on","device_key":"ble-address:44:1b:f6:8d:b7:a9","kind":"rx","seq":437,"session":"s1","stream":"telemetry","text":"ted=94 RX ok=20 user","timestamp":1789344259.1957643}
2026-09-14T03:04:19.196+03:00 [RX telemetry] {"data_b64":"PTYgZWNob19yZXE9MCBlY2hvX3I=","description":"ble:LoRa-Chatter-1B44 44:1B:F6:8D:B7:A9 telemetry=on","device_key":"ble-address:44:1b:f6:8d:b7:a9","kind":"rx","seq":438,"session":"s1","stream":"telemetry","text":"=6 echo_req=0 echo_r","timestamp":1789344259.196433}
2026-09-14T03:04:19.197+03:00 [RX telemetry] {"data_b64":"ZXA9MCBoYj0wIGNyYz0wIGhkcj0=","description":"ble:LoRa-Chatter-1B44 44:1B:F6:8D:B7:A9 telemetry=on","device_key":"ble-address:44:1b:f6:8d:b7:a9","kind":"rx","seq":439,"session":"s1","stream":"telemetry","text":"ep=0 hb=0 crc=0 hdr=","timestamp":1789344259.1970677}
2026-09-14T03:04:19.197+03:00 [RX telemetry] {"data_b64":"MCBiYWQ9OSByZWFkZXJyPTAgcmU=","description":"ble:LoRa-Chatter-1B44 44:1B:F6:8D:B7:A9 telemetry=on","device_key":"ble-address:44:1b:f6:8d:b7:a9","kind":"rx","seq":440,"session":"s1","stream":"telemetry","text":"0 bad=9 readerr=0 re","timestamp":1789344259.197127}
2026-09-14T03:04:19.198+03:00 [RX telemetry] {"data_b64":"cG9ydHM9MjAgUT0xMDAlIGRyb3A=","description":"ble:LoRa-Chatter-1B44 44:1B:F6:8D:B7:A9 telemetry=on","device_key":"ble-address:44:1b:f6:8d:b7:a9","kind":"rx","seq":441,"session":"s1","stream":"telemetry","text":"ports=20 Q=100% drop","timestamp":1789344259.1978056}
2026-09-14T03:04:19.198+03:00 [RX telemetry] {"data_b64":"cz04IGZhdGFsPTAK","description":"ble:LoRa-Chatter-1B44 44:1B:F6:8D:B7:A9 telemetry=on","device_key":"ble-address:44:1b:f6:8d:b7:a9","kind":"rx","seq":442,"session":"s1","stream":"telemetry","text":"s=8 fatal=0\n","timestamp":1789344259.1978495}
2026-09-14T03:04:19.199+03:00 [RX telemetry] {"data_b64":"U0VTU0lPTiBDT1VSVEVTWSB3aW4=","description":"ble:LoRa-Chatter-1B44 44:1B:F6:8D:B7:A9 telemetry=on","device_key":"ble-address:44:1b:f6:8d:b7:a9","kind":"rx","seq":443,"session":"s1","stream":"telemetry","text":"SESSION COURTESY win","timestamp":1789344259.198867}
2026-09-14T03:04:19.199+03:00 [RX telemetry] {"data_b64":"ZG93PTkxMjNtcyBwZWVyX3JlbGU=","description":"ble:LoRa-Chatter-1B44 44:1B:F6:8D:B7:A9 telemetry=on","device_key":"ble-address:44:1b:f6:8d:b7:a9","kind":"rx","seq":444,"session":"s1","stream":"telemetry","text":"dow=9123ms peer_rele","timestamp":1789344259.1995947}
2026-09-14T03:04:19.200+03:00 [RX telemetry] {"data_b64":"YXNlPTAgZXhwaXJlZD0wIHlpZWw=","description":"ble:LoRa-Chatter-1B44 44:1B:F6:8D:B7:A9 telemetry=on","device_key":"ble-address:44:1b:f6:8d:b7:a9","kind":"rx","seq":445,"session":"s1","stream":"telemetry","text":"ase=0 expired=0 yiel","timestamp":1789344259.1996603}
2026-09-14T03:04:19.202+03:00 [RX telemetry] {"data_b64":"ZGluZz0wCg==","description":"ble:LoRa-Chatter-1B44 44:1B:F6:8D:B7:A9 telemetry=on","device_key":"ble-address:44:1b:f6:8d:b7:a9","kind":"rx","seq":446,"session":"s1","stream":"telemetry","text":"ding=0\n","timestamp":1789344259.20123}
2026-09-14T03:04:19.202+03:00 [RX telemetry] {"data_b64":"U0VTU0lPTiBESU8wX1RYIGFmZmU=","description":"ble:LoRa-Chatter-1B44 44:1B:F6:8D:B7:A9 telemetry=on","device_key":"ble-address:44:1b:f6:8d:b7:a9","kind":"rx","seq":447,"session":"s1","stream":"telemetry","text":"SESSION DIO0_TX affe","timestamp":1789344259.2013965}
2026-09-14T03:04:19.202+03:00 [RX telemetry] {"data_b64":"Y3RlZD0wLzk0IGVwaXNvZGVzPTA=","description":"ble:LoRa-Chatter-1B44 44:1B:F6:8D:B7:A9 telemetry=on","device_key":"ble-address:44:1b:f6:8d:b7:a9","kind":"rx","seq":448,"session":"s1","stream":"telemetry","text":"cted=0/94 episodes=0","timestamp":1789344259.2014356}
2026-09-14T03:04:19.235+03:00 [RX telemetry] {"data_b64":"IGF2Z19hbGw9MC4wMCBhdmdfYWY=","description":"ble:LoRa-Chatter-1B44 44:1B:F6:8D:B7:A9 telemetry=on","device_key":"ble-address:44:1b:f6:8d:b7:a9","kind":"rx","seq":449,"session":"s1","stream":"telemetry","text":" avg_all=0.00 avg_af","timestamp":1789344259.2348008}
2026-09-14T03:04:19.235+03:00 [RX telemetry] {"data_b64":"ZmVjdGVkPTAuMDAgaGlnaF9wb2w=","description":"ble:LoRa-Chatter-1B44 44:1B:F6:8D:B7:A9 telemetry=on","device_key":"ble-address:44:1b:f6:8d:b7:a9","kind":"rx","seq":450,"session":"s1","stream":"telemetry","text":"fected=0.00 high_pol","timestamp":1789344259.2356124}
2026-09-14T03:04:19.236+03:00 [RX telemetry] {"data_b64":"bHM9MAo=","description":"ble:LoRa-Chatter-1B44 44:1B:F6:8D:B7:A9 telemetry=on","device_key":"ble-address:44:1b:f6:8d:b7:a9","kind":"rx","seq":451,"session":"s1","stream":"telemetry","text":"ls=0\n","timestamp":1789344259.2361083}
2026-09-14T03:04:19.237+03:00 [RX telemetry] {"data_b64":"U0VTU0lPTiBSWF9QT0xMIHBvbGw=","description":"ble:LoRa-Chatter-1B44 44:1B:F6:8D:B7:A9 telemetry=on","device_key":"ble-address:44:1b:f6:8d:b7:a9","kind":"rx","seq":452,"session":"s1","stream":"telemetry","text":"SESSION RX_POLL poll","timestamp":1789344259.2371924}
2026-09-14T03:04:19.238+03:00 [RX telemetry] {"data_b64":"cz0zMTc1MzU0NiByeGRvbmU9Mjk=","description":"ble:LoRa-Chatter-1B44 44:1B:F6:8D:B7:A9 telemetry=on","device_key":"ble-address:44:1b:f6:8d:b7:a9","kind":"rx","seq":453,"session":"s1","stream":"telemetry","text":"s=31753546 rxdone=29","timestamp":1789344259.2377496}
2026-09-14T03:04:19.238+03:00 [RX telemetry] {"data_b64":"IGludGVydmFsPTEwMDB1cyBESU8=","description":"ble:LoRa-Chatter-1B44 44:1B:F6:8D:B7:A9 telemetry=on","device_key":"ble-address:44:1b:f6:8d:b7:a9","kind":"rx","seq":454,"session":"s1","stream":"telemetry","text":" interval=1000us DIO","timestamp":1789344259.23835}
2026-09-14T03:04:19.239+03:00 [RX telemetry] {"data_b64":"MF9SWCBmYWxzZV9oaWdoX2VwPTA=","description":"ble:LoRa-Chatter-1B44 44:1B:F6:8D:B7:A9 telemetry=on","device_key":"ble-address:44:1b:f6:8d:b7:a9","kind":"rx","seq":455,"session":"s1","stream":"telemetry","text":"0_RX false_high_ep=0","timestamp":1789344259.23887}
2026-09-14T03:04:19.242+03:00 [RX telemetry] {"data_b64":"IGhpZ2hfcG9sbHM9MCByeGRvbmU=","description":"ble:LoRa-Chatter-1B44 44:1B:F6:8D:B7:A9 telemetry=on","device_key":"ble-address:44:1b:f6:8d:b7:a9","kind":"rx","seq":456,"session":"s1","stream":"telemetry","text":" high_polls=0 rxdone","timestamp":1789344259.2424035}
2026-09-14T03:04:19.243+03:00 [RX telemetry] {"data_b64":"X2xvdz0wIGlzcj1kaXNhYmxlZAo=","description":"ble:LoRa-Chatter-1B44 44:1B:F6:8D:B7:A9 telemetry=on","device_key":"ble-address:44:1b:f6:8d:b7:a9","kind":"rx","seq":457,"session":"s1","stream":"telemetry","text":"_low=0 isr=disabled\n","timestamp":1789344259.2431083}
2026-09-14T03:04:27.587+03:00 [AGENT REQUEST] {"id":30,"op":"close","session":"s1"}
2026-09-14T03:04:30.215+03:00 [STATE] {"description":"ble:LoRa-Chatter-1B44 44:1B:F6:8D:B7:A9 telemetry=off","device_key":"ble-address:44:1b:f6:8d:b7:a9","kind":"state","seq":458,"session":"s1","state":"closed","timestamp":1789344270.2150192}
2026-09-14T03:04:30.215+03:00 [AGENT RESPONSE] {"id":30,"ok":true,"result":{"session":"s1","state":"closed"}}
2026-09-14T03:04:30.215+03:00 [AGENT REQUEST] {"id":31,"op":"close","session":"s2"}
2026-09-14T03:04:32.201+03:00 [STATE] {"description":"ble:LoRa-Chatter-72E0 E0:72:A1:D5:4C:15 telemetry=off","device_key":"ble-address:e0:72:a1:d5:4c:15","kind":"state","seq":281,"session":"s2","state":"closed","timestamp":1789344272.200968}
2026-09-14T03:04:32.202+03:00 [AGENT RESPONSE] {"id":31,"ok":true,"result":{"session":"s2","state":"closed"}}
2026-09-14T03:04:40.521+03:00 [RUN] {"event":"stop","pid":90246}
