2026-09-22T10:35:51.979+03:00 [RUN] {"event":"start","pid":43348}
2026-09-22T10:35:51.979+03:00 [AGENT] {"console_log_path":"/tmp/attenuator-signal-levels-20260922T073548Z.console.log","event":"ready","log_path":"/tmp/attenuator-signal-levels-20260922T073548Z.log"}
2026-09-22T10:35:55.417+03:00 [AGENT REQUEST] {"id":1,"op":"discover","scope":"ble","scan_seconds":10}
2026-09-22T10:36:05.480+03:00 [AGENT RESPONSE] {"id":1,"ok":true,"result":{"devices":[{"detail":"44:1B:F6:8D:B7:A9","key":"ble-address:44:1b:f6:8d:b7:a9","kind":"ble","label":"BLE  LoRa-Chatter-1B44"},{"detail":"E0:72:A1:D5:4C:15","key":"ble-address:e0:72:a1:d5:4c:15","kind":"ble","label":"BLE  LoRa-Chatter-72E0"}]}}
2026-09-22T10:36:29.369+03:00 [AGENT REQUEST] {"id":2,"op":"open","device_key":"ble-address:44:1b:f6:8d:b7:a9","profile":"chatter","wait_connected_ms":15000}
2026-09-22T10:36:29.377+03:00 [STATE] {"description":"ble:LoRa-Chatter-1B44 44:1B:F6:8D:B7:A9","device_key":"ble-address:44:1b:f6:8d:b7:a9","kind":"state","seq":1,"session":"s1","state":"reconnecting","timestamp":1790062589.3770242}
2026-09-22T10:36:41.243+03:00 [TX] {"data_b64":"L2lkCg==","description":"ble:LoRa-Chatter-1B44 44:1B:F6:8D:B7:A9","device_key":"ble-address:44:1b:f6:8d:b7:a9","kind":"tx","seq":2,"session":"s1","timestamp":1790062601.2428439,"tx_state":"connect-preamble-written"}
2026-09-22T10:36:41.243+03:00 [STATE] {"description":"ble:LoRa-Chatter-1B44 44:1B:F6:8D:B7:A9","device_key":"ble-address:44:1b:f6:8d:b7:a9","kind":"state","seq":3,"session":"s1","state":"connected","timestamp":1790062601.2429402}
2026-09-22T10:36:41.243+03:00 [AGENT RESPONSE] {"id":2,"ok":true,"result":{"description":"ble:LoRa-Chatter-1B44 44:1B:F6:8D:B7:A9","device_key":"ble-address:44:1b:f6:8d:b7:a9","latest_seq":3,"profile":"chatter","session":"s1","state":"connected","streams":["chat","telemetry"]}}
2026-09-22T10:36:41.243+03:00 [AGENT REQUEST] {"id":3,"op":"open","device_key":"ble-address:e0:72:a1:d5:4c:15","profile":"chatter","wait_connected_ms":15000}
2026-09-22T10:36:41.246+03:00 [STATE] {"description":"ble:LoRa-Chatter-72E0 E0:72:A1:D5:4C:15","device_key":"ble-address:e0:72:a1:d5:4c:15","kind":"state","seq":1,"session":"s2","state":"reconnecting","timestamp":1790062601.245879}
2026-09-22T10:36:41.331+03:00 [RX chat] {"data_b64":"W1NZU10gQ0hBVFRFUiBOT0RFIEw=","description":"ble:LoRa-Chatter-1B44 44:1B:F6:8D:B7:A9","device_key":"ble-address:44:1b:f6:8d:b7:a9","kind":"rx","seq":4,"session":"s1","stream":"chat","text":"[SYS] CHATTER NODE L","timestamp":1790062601.3315604}
2026-09-22T10:36:41.333+03:00 [RX chat] {"data_b64":"b1JhLUNoYXR0ZXItMUI0NAo=","description":"ble:LoRa-Chatter-1B44 44:1B:F6:8D:B7:A9","device_key":"ble-address:44:1b:f6:8d:b7:a9","kind":"rx","seq":5,"session":"s1","stream":"chat","text":"oRa-Chatter-1B44\n","timestamp":1790062601.3324077}
2026-09-22T10:36:53.191+03:00 [TX] {"data_b64":"L2lkCg==","description":"ble:LoRa-Chatter-72E0 E0:72:A1:D5:4C:15","device_key":"ble-address:e0:72:a1:d5:4c:15","kind":"tx","seq":2,"session":"s2","timestamp":1790062613.1912682,"tx_state":"connect-preamble-written"}
2026-09-22T10:36:53.191+03:00 [AGENT RESPONSE] {"id":3,"ok":true,"result":{"description":"ble:LoRa-Chatter-72E0 E0:72:A1:D5:4C:15","device_key":"ble-address:e0:72:a1:d5:4c:15","latest_seq":3,"profile":"chatter","session":"s2","state":"connected","streams":["chat","telemetry"]}}
2026-09-22T10:36:53.192+03:00 [STATE] {"description":"ble:LoRa-Chatter-72E0 E0:72:A1:D5:4C:15","device_key":"ble-address:e0:72:a1:d5:4c:15","kind":"state","seq":3,"session":"s2","state":"connected","timestamp":1790062613.1913595}
2026-09-22T10:36:53.279+03:00 [RX chat] {"data_b64":"W1NZU10gQ0hBVFRFUiBOT0RFIEw=","description":"ble:LoRa-Chatter-72E0 E0:72:A1:D5:4C:15","device_key":"ble-address:e0:72:a1:d5:4c:15","kind":"rx","seq":4,"session":"s2","stream":"chat","text":"[SYS] CHATTER NODE L","timestamp":1790062613.2795794}
2026-09-22T10:36:53.280+03:00 [RX chat] {"data_b64":"b1JhLUNoYXR0ZXItNzJFMAo=","description":"ble:LoRa-Chatter-72E0 E0:72:A1:D5:4C:15","device_key":"ble-address:e0:72:a1:d5:4c:15","kind":"rx","seq":5,"session":"s2","stream":"chat","text":"oRa-Chatter-72E0\n","timestamp":1790062613.2801967}
2026-09-22T10:37:14.058+03:00 [AGENT REQUEST] {"id":4,"op":"send_line","session":"s1","text":"/id"}
2026-09-22T10:37:14.059+03:00 [AGENT RESPONSE] {"id":4,"ok":true,"result":{"state":"queued","tx_id":1}}
2026-09-22T10:37:14.059+03:00 [TX] {"data_b64":"L2lkCg==","device_key":"ble-address:44:1b:f6:8d:b7:a9","kind":"tx","seq":6,"session":"s1","text":"/id","timestamp":1790062634.0588434,"tx_id":1,"tx_state":"queued"}
2026-09-22T10:37:14.059+03:00 [AGENT REQUEST] {"id":5,"op":"send_line","session":"s2","text":"/id"}
2026-09-22T10:37:14.060+03:00 [AGENT RESPONSE] {"id":5,"ok":true,"result":{"state":"queued","tx_id":1}}
2026-09-22T10:37:14.060+03:00 [TX] {"data_b64":"L2lkCg==","device_key":"ble-address:e0:72:a1:d5:4c:15","kind":"tx","seq":6,"session":"s2","text":"/id","timestamp":1790062634.0598528,"tx_id":1,"tx_state":"queued"}
2026-09-22T10:37:14.060+03:00 [AGENT REQUEST] {"id":6,"op":"send_line","session":"s1","text":"/heartbeat off"}
2026-09-22T10:37:14.061+03:00 [TX] {"data_b64":"L2lkCg==","description":"ble:LoRa-Chatter-1B44 44:1B:F6:8D:B7:A9","device_key":"ble-address:44:1b:f6:8d:b7:a9","kind":"tx","seq":7,"session":"s1","text":"/id","timestamp":1790062634.0605404,"tx_id":1,"tx_state":"written"}
2026-09-22T10:37:14.061+03:00 [TX] {"data_b64":"L2hlYXJ0YmVhdCBvZmYK","device_key":"ble-address:44:1b:f6:8d:b7:a9","kind":"tx","seq":8,"session":"s1","text":"/heartbeat off","timestamp":1790062634.061128,"tx_id":2,"tx_state":"queued"}
2026-09-22T10:37:14.061+03:00 [AGENT RESPONSE] {"id":6,"ok":true,"result":{"state":"queued","tx_id":2}}
2026-09-22T10:37:14.062+03:00 [TX] {"data_b64":"L2lkCg==","description":"ble:LoRa-Chatter-72E0 E0:72:A1:D5:4C:15","device_key":"ble-address:e0:72:a1:d5:4c:15","kind":"tx","seq":7,"session":"s2","text":"/id","timestamp":1790062634.062073,"tx_id":1,"tx_state":"written"}
2026-09-22T10:37:14.062+03:00 [AGENT REQUEST] {"id":7,"op":"send_line","session":"s1","text":"/diag off"}
2026-09-22T10:37:14.063+03:00 [TX] {"data_b64":"L2hlYXJ0YmVhdCBvZmYK","description":"ble:LoRa-Chatter-1B44 44:1B:F6:8D:B7:A9","device_key":"ble-address:44:1b:f6:8d:b7:a9","kind":"tx","seq":9,"session":"s1","text":"/heartbeat off","timestamp":1790062634.0626245,"tx_id":2,"tx_state":"written"}
2026-09-22T10:37:14.063+03:00 [TX] {"data_b64":"L2RpYWcgb2ZmCg==","device_key":"ble-address:44:1b:f6:8d:b7:a9","kind":"tx","seq":10,"session":"s1","text":"/diag off","timestamp":1790062634.0629547,"tx_id":3,"tx_state":"queued"}
2026-09-22T10:37:14.063+03:00 [AGENT RESPONSE] {"id":7,"ok":true,"result":{"state":"queued","tx_id":3}}
2026-09-22T10:37:14.063+03:00 [AGENT REQUEST] {"id":8,"op":"send_line","session":"s1","text":"/echo-loop stop"}
2026-09-22T10:37:14.064+03:00 [TX] {"data_b64":"L2VjaG8tbG9vcCBzdG9wCg==","device_key":"ble-address:44:1b:f6:8d:b7:a9","kind":"tx","seq":11,"session":"s1","text":"/echo-loop stop","timestamp":1790062634.0637782,"tx_id":4,"tx_state":"queued"}
2026-09-22T10:37:14.064+03:00 [AGENT RESPONSE] {"id":8,"ok":true,"result":{"state":"queued","tx_id":4}}
2026-09-22T10:37:14.064+03:00 [TX] {"data_b64":"L2RpYWcgb2ZmCg==","description":"ble:LoRa-Chatter-1B44 44:1B:F6:8D:B7:A9","device_key":"ble-address:44:1b:f6:8d:b7:a9","kind":"tx","seq":12,"session":"s1","text":"/diag off","timestamp":1790062634.0643203,"tx_id":3,"tx_state":"written"}
2026-09-22T10:37:14.064+03:00 [AGENT REQUEST] {"id":9,"op":"send_line","session":"s1","text":"/power 2"}
2026-09-22T10:37:14.065+03:00 [TX] {"data_b64":"L3Bvd2VyIDIK","device_key":"ble-address:44:1b:f6:8d:b7:a9","kind":"tx","seq":13,"session":"s1","text":"/power 2","timestamp":1790062634.0651014,"tx_id":5,"tx_state":"queued"}
2026-09-22T10:37:14.065+03:00 [AGENT RESPONSE] {"id":9,"ok":true,"result":{"state":"queued","tx_id":5}}
2026-09-22T10:37:14.066+03:00 [TX] {"data_b64":"L2VjaG8tbG9vcCBzdG9wCg==","description":"ble:LoRa-Chatter-1B44 44:1B:F6:8D:B7:A9","device_key":"ble-address:44:1b:f6:8d:b7:a9","kind":"tx","seq":14,"session":"s1","text":"/echo-loop stop","timestamp":1790062634.065623,"tx_id":4,"tx_state":"written"}
2026-09-22T10:37:14.066+03:00 [AGENT REQUEST] {"id":10,"op":"send_line","session":"s1","text":"/config"}
2026-09-22T10:37:14.066+03:00 [TX] {"data_b64":"L2NvbmZpZwo=","device_key":"ble-address:44:1b:f6:8d:b7:a9","kind":"tx","seq":15,"session":"s1","text":"/config","timestamp":1790062634.066291,"tx_id":6,"tx_state":"queued"}
2026-09-22T10:37:14.067+03:00 [AGENT RESPONSE] {"id":10,"ok":true,"result":{"state":"queued","tx_id":6}}
2026-09-22T10:37:14.067+03:00 [AGENT REQUEST] {"id":11,"op":"send_line","session":"s2","text":"/heartbeat off"}
2026-09-22T10:37:14.067+03:00 [TX] {"data_b64":"L3Bvd2VyIDIK","description":"ble:LoRa-Chatter-1B44 44:1B:F6:8D:B7:A9","device_key":"ble-address:44:1b:f6:8d:b7:a9","kind":"tx","seq":16,"session":"s1","text":"/power 2","timestamp":1790062634.0668647,"tx_id":5,"tx_state":"written"}
2026-09-22T10:37:14.068+03:00 [TX] {"data_b64":"L2hlYXJ0YmVhdCBvZmYK","device_key":"ble-address:e0:72:a1:d5:4c:15","kind":"tx","seq":8,"session":"s2","text":"/heartbeat off","timestamp":1790062634.067619,"tx_id":2,"tx_state":"queued"}
2026-09-22T10:37:14.069+03:00 [TX] {"data_b64":"L2hlYXJ0YmVhdCBvZmYK","description":"ble:LoRa-Chatter-72E0 E0:72:A1:D5:4C:15","device_key":"ble-address:e0:72:a1:d5:4c:15","kind":"tx","seq":9,"session":"s2","text":"/heartbeat off","timestamp":1790062634.0694635,"tx_id":2,"tx_state":"written"}
2026-09-22T10:37:14.069+03:00 [TX] {"data_b64":"L2NvbmZpZwo=","description":"ble:LoRa-Chatter-1B44 44:1B:F6:8D:B7:A9","device_key":"ble-address:44:1b:f6:8d:b7:a9","kind":"tx","seq":17,"session":"s1","text":"/config","timestamp":1790062634.068697,"tx_id":6,"tx_state":"written"}
2026-09-22T10:37:14.069+03:00 [AGENT RESPONSE] {"id":11,"ok":true,"result":{"state":"queued","tx_id":2}}
2026-09-22T10:37:14.069+03:00 [AGENT REQUEST] {"id":12,"op":"send_line","session":"s2","text":"/diag off"}
2026-09-22T10:37:14.070+03:00 [AGENT RESPONSE] {"id":12,"ok":true,"result":{"state":"queued","tx_id":3}}
2026-09-22T10:37:14.070+03:00 [AGENT REQUEST] {"id":13,"op":"send_line","session":"s2","text":"/echo-loop stop"}
2026-09-22T10:37:14.070+03:00 [TX] {"data_b64":"L2RpYWcgb2ZmCg==","device_key":"ble-address:e0:72:a1:d5:4c:15","kind":"tx","seq":10,"session":"s2","text":"/diag off","timestamp":1790062634.0701327,"tx_id":3,"tx_state":"queued"}
2026-09-22T10:37:14.071+03:00 [AGENT RESPONSE] {"id":13,"ok":true,"result":{"state":"queued","tx_id":4}}
2026-09-22T10:37:14.072+03:00 [TX] {"data_b64":"L2VjaG8tbG9vcCBzdG9wCg==","device_key":"ble-address:e0:72:a1:d5:4c:15","kind":"tx","seq":11,"session":"s2","text":"/echo-loop stop","timestamp":1790062634.0708027,"tx_id":4,"tx_state":"queued"}
2026-09-22T10:37:14.072+03:00 [AGENT REQUEST] {"id":14,"op":"send_line","session":"s2","text":"/power 2"}
2026-09-22T10:37:14.072+03:00 [TX] {"data_b64":"L2RpYWcgb2ZmCg==","description":"ble:LoRa-Chatter-72E0 E0:72:A1:D5:4C:15","device_key":"ble-address:e0:72:a1:d5:4c:15","kind":"tx","seq":12,"session":"s2","text":"/diag off","timestamp":1790062634.0714722,"tx_id":3,"tx_state":"written"}
2026-09-22T10:37:14.073+03:00 [TX] {"data_b64":"L3Bvd2VyIDIK","device_key":"ble-address:e0:72:a1:d5:4c:15","kind":"tx","seq":13,"session":"s2","text":"/power 2","timestamp":1790062634.0724602,"tx_id":5,"tx_state":"queued"}
2026-09-22T10:37:14.073+03:00 [AGENT RESPONSE] {"id":14,"ok":true,"result":{"state":"queued","tx_id":5}}
2026-09-22T10:37:14.073+03:00 [TX] {"data_b64":"L2VjaG8tbG9vcCBzdG9wCg==","description":"ble:LoRa-Chatter-72E0 E0:72:A1:D5:4C:15","device_key":"ble-address:e0:72:a1:d5:4c:15","kind":"tx","seq":14,"session":"s2","text":"/echo-loop stop","timestamp":1790062634.0726664,"tx_id":4,"tx_state":"written"}
2026-09-22T10:37:14.074+03:00 [AGENT REQUEST] {"id":15,"op":"send_line","session":"s2","text":"/config"}
2026-09-22T10:37:14.074+03:00 [TX] {"data_b64":"L3Bvd2VyIDIK","description":"ble:LoRa-Chatter-72E0 E0:72:A1:D5:4C:15","device_key":"ble-address:e0:72:a1:d5:4c:15","kind":"tx","seq":15,"session":"s2","text":"/power 2","timestamp":1790062634.0737758,"tx_id":5,"tx_state":"written"}
2026-09-22T10:37:14.075+03:00 [TX] {"data_b64":"L2NvbmZpZwo=","device_key":"ble-address:e0:72:a1:d5:4c:15","kind":"tx","seq":16,"session":"s2","text":"/config","timestamp":1790062634.074291,"tx_id":6,"tx_state":"queued"}
2026-09-22T10:37:14.075+03:00 [AGENT RESPONSE] {"id":15,"ok":true,"result":{"state":"queued","tx_id":6}}
2026-09-22T10:37:14.075+03:00 [TX] {"data_b64":"L2NvbmZpZwo=","description":"ble:LoRa-Chatter-72E0 E0:72:A1:D5:4C:15","device_key":"ble-address:e0:72:a1:d5:4c:15","kind":"tx","seq":17,"session":"s2","text":"/config","timestamp":1790062634.0755386,"tx_id":6,"tx_state":"written"}
2026-09-22T10:37:14.076+03:00 [AGENT REQUEST] {"id":16,"op":"observe","cursors":{"s1":3,"s2":3},"timeout_ms":15000}
2026-09-22T10:37:14.077+03:00 [AGENT RESPONSE] {"id":16,"ok":true,"result":{"cursors":{"s1":17,"s2":17},"events":[{"data_b64":"W1NZU10gQ0hBVFRFUiBOT0RFIEw=","description":"ble:LoRa-Chatter-1B44 44:1B:F6:8D:B7:A9","device_key":"ble-address:44:1b:f6:8d:b7:a9","kind":"rx","seq":4,"session":"s1","stream":"chat","text":"[SYS] CHATTER NODE L","timestamp":1790062601.3315604},{"data_b64":"b1JhLUNoYXR0ZXItMUI0NAo=","description":"ble:LoRa-Chatter-1B44 44:1B:F6:8D:B7:A9","device_key":"ble-address:44:1b:f6:8d:b7:a9","kind":"rx","seq":5,"session":"s1","stream":"chat","text":"oRa-Chatter-1B44\n","timestamp":1790062601.3324077},{"data_b64":"W1NZU10gQ0hBVFRFUiBOT0RFIEw=","description":"ble:LoRa-Chatter-72E0 E0:72:A1:D5:4C:15","device_key":"ble-address:e0:72:a1:d5:4c:15","kind":"rx","seq":4,"session":"s2","stream":"chat","text":"[SYS] CHATTER NODE L","timestamp":1790062613.2795794},{"data_b64":"b1JhLUNoYXR0ZXItNzJFMAo=","description":"ble:LoRa-Chatter-72E0 E0:72:A1:D5:4C:15","device_key":"ble-address:e0:72:a1:d5:4c:15","kind":"rx","seq":5,"session":"s2","stream":"chat","text":"oRa-Chatter-72E0\n","timestamp":1790062613.2801967},{"data_b64":"L2lkCg==","device_key":"ble-address:44:1b:f6:8d:b7:a9","kind":"tx","seq":6,"session":"s1","text":"/id","timestamp":1790062634.0588434,"tx_id":1,"tx_state":"queued"},{"data_b64":"L2lkCg==","device_key":"ble-address:e0:72:a1:d5:4c:15","kind":"tx","seq":6,"session":"s2","text":"/id","timestamp":1790062634.0598528,"tx_id":1,"tx_state":"queued"},{"data_b64":"L2lkCg==","description":"ble:LoRa-Chatter-1B44 44:1B:F6:8D:B7:A9","device_key":"ble-address:44:1b:f6:8d:b7:a9","kind":"tx","seq":7,"session":"s1","text":"/id","timestamp":1790062634.0605404,"tx_id":1,"tx_state":"written"},{"data_b64":"L2hlYXJ0YmVhdCBvZmYK","device_key":"ble-address:44:1b:f6:8d:b7:a9","kind":"tx","seq":8,"session":"s1","text":"/heartbeat off","timestamp":1790062634.061128,"tx_id":2,"tx_state":"queued"},{"data_b64":"L2lkCg==","description":"ble:LoRa-Chatter-72E0 E0:72:A1:D5:4C:15","device_key":"ble-address:e0:72:a1:d5:4c:15","kind":"tx","seq":7,"session":"s2","text":"/id","timestamp":1790062634.062073,"tx_id":1,"tx_state":"written"},{"data_b64":"L2hlYXJ0YmVhdCBvZmYK","description":"ble:LoRa-Chatter-1B44 44:1B:F6:8D:B7:A9","device_key":"ble-address:44:1b:f6:8d:b7:a9","kind":"tx","seq":9,"session":"s1","text":"/heartbeat off","timestamp":1790062634.0626245,"tx_id":2,"tx_state":"written"},{"data_b64":"L2RpYWcgb2ZmCg==","device_key":"ble-address:44:1b:f6:8d:b7:a9","kind":"tx","seq":10,"session":"s1","text":"/diag off","timestamp":1790062634.0629547,"tx_id":3,"tx_state":"queued"},{"data_b64":"L2VjaG8tbG9vcCBzdG9wCg==","device_key":"ble-address:44:1b:f6:8d:b7:a9","kind":"tx","seq":11,"session":"s1","text":"/echo-loop stop","timestamp":1790062634.0637782,"tx_id":4,"tx_state":"queued"},{"data_b64":"L2RpYWcgb2ZmCg==","description":"ble:LoRa-Chatter-1B44 44:1B:F6:8D:B7:A9","device_key":"ble-address:44:1b:f6:8d:b7:a9","kind":"tx","seq":12,"session":"s1","text":"/diag off","timestamp":1790062634.0643203,"tx_id":3,"tx_state":"written"},{"data_b64":"L3Bvd2VyIDIK","device_key":"ble-address:44:1b:f6:8d:b7:a9","kind":"tx","seq":13,"session":"s1","text":"/power 2","timestamp":1790062634.0651014,"tx_id":5,"tx_state":"queued"},{"data_b64":"L2VjaG8tbG9vcCBzdG9wCg==","description":"ble:LoRa-Chatter-1B44 44:1B:F6:8D:B7:A9","device_key":"ble-address:44:1b:f6:8d:b7:a9","kind":"tx","seq":14,"session":"s1","text":"/echo-loop stop","timestamp":1790062634.065623,"tx_id":4,"tx_state":"written"},{"data_b64":"L2NvbmZpZwo=","device_key":"ble-address:44:1b:f6:8d:b7:a9","kind":"tx","seq":15,"session":"s1","text":"/config","timestamp":1790062634.066291,"tx_id":6,"tx_state":"queued"},{"data_b64":"L3Bvd2VyIDIK","description":"ble:LoRa-Chatter-1B44 44:1B:F6:8D:B7:A9","device_key":"ble-address:44:1b:f6:8d:b7:a9","kind":"tx","seq":16,"session":"s1","text":"/power 2","timestamp":1790062634.0668647,"tx_id":5,"tx_state":"written"},{"data_b64":"L2hlYXJ0YmVhdCBvZmYK","device_key":"ble-address:e0:72:a1:d5:4c:15","kind":"tx","seq":8,"session":"s2","text":"/heartbeat off","timestamp":1790062634.067619,"tx_id":2,"tx_state":"queued"},{"data_b64":"L2NvbmZpZwo=","description":"ble:LoRa-Chatter-1B44 44:1B:F6:8D:B7:A9","device_key":"ble-address:44:1b:f6:8d:b7:a9","kind":"tx","seq":17,"session":"s1","text":"/config","timestamp":1790062634.068697,"tx_id":6,"tx_state":"written"},{"data_b64":"L2hlYXJ0YmVhdCBvZmYK","description":"ble:LoRa-Chatter-72E0 E0:72:A1:D5:4C:15","device_key":"ble-address:e0:72:a1:d5:4c:15","kind":"tx","seq":9,"session":"s2","text":"/heartbeat off","timestamp":1790062634.0694635,"tx_id":2,"tx_state":"written"},{"data_b64":"L2RpYWcgb2ZmCg==","device_key":"ble-address:e0:72:a1:d5:4c:15","kind":"tx","seq":10,"session":"s2","text":"/diag off","timestamp":1790062634.0701327,"tx_id":3,"tx_state":"queued"},{"data_b64":"L2VjaG8tbG9vcCBzdG9wCg==","device_key":"ble-address:e0:72:a1:d5:4c:15","kind":"tx","seq":11,"session":"s2","text":"/echo-loop stop","timestamp":1790062634.0708027,"tx_id":4,"tx_state":"queued"},{"data_b64":"L2RpYWcgb2ZmCg==","description":"ble:LoRa-Chatter-72E0 E0:72:A1:D5:4C:15","device_key":"ble-address:e0:72:a1:d5:4c:15","kind":"tx","seq":12,"session":"s2","text":"/diag off","timestamp":1790062634.0714722,"tx_id":3,"tx_state":"written"},{"data_b64":"L3Bvd2VyIDIK","device_key":"ble-address:e0:72:a1:d5:4c:15","kind":"tx","seq":13,"session":"s2","text":"/power 2","timestamp":1790062634.0724602,"tx_id":5,"tx_state":"queued"},{"data_b64":"L2VjaG8tbG9vcCBzdG9wCg==","description":"ble:LoRa-Chatter-72E0 E0:72:A1:D5:4C:15","device_key":"ble-address:e0:72:a1:d5:4c:15","kind":"tx","seq":14,"session":"s2","text":"/echo-loop stop","timestamp":1790062634.0726664,"tx_id":4,"tx_state":"written"},{"data_b64":"L3Bvd2VyIDIK","description":"ble:LoRa-Chatter-72E0 E0:72:A1:D5:4C:15","device_key":"ble-address:e0:72:a1:d5:4c:15","kind":"tx","seq":15,"session":"s2","text":"/power 2","timestamp":1790062634.0737758,"tx_id":5,"tx_state":"written"},{"data_b64":"L2NvbmZpZwo=","device_key":"ble-address:e0:72:a1:d5:4c:15","kind":"tx","seq":16,"session":"s2","text":"/config","timestamp":1790062634.074291,"tx_id":6,"tx_state":"queued"},{"data_b64":"L2NvbmZpZwo=","description":"ble:LoRa-Chatter-72E0 E0:72:A1:D5:4C:15","device_key":"ble-address:e0:72:a1:d5:4c:15","kind":"tx","seq":17,"session":"s2","text":"/config","timestamp":1790062634.0755386,"tx_id":6,"tx_state":"written"}],"lines":[{"seq_first":4,"seq_last":5,"session":"s1","stream":"chat","text":"[SYS] CHATTER NODE LoRa-Chatter-1B44"},{"seq_first":4,"seq_last":5,"session":"s2","stream":"chat","text":"[SYS] CHATTER NODE LoRa-Chatter-72E0"}],"timed_out":false}}
2026-09-22T10:37:14.114+03:00 [RX chat] {"data_b64":"W1NZU10gQ0hBVFRFUiBOT0RFIEw=","description":"ble:LoRa-Chatter-72E0 E0:72:A1:D5:4C:15","device_key":"ble-address:e0:72:a1:d5:4c:15","kind":"rx","seq":18,"session":"s2","stream":"chat","text":"[SYS] CHATTER NODE L","timestamp":1790062634.1143775}
2026-09-22T10:37:14.115+03:00 [RX chat] {"data_b64":"b1JhLUNoYXR0ZXItNzJFMAo=","description":"ble:LoRa-Chatter-72E0 E0:72:A1:D5:4C:15","device_key":"ble-address:e0:72:a1:d5:4c:15","kind":"rx","seq":19,"session":"s2","stream":"chat","text":"oRa-Chatter-72E0\n","timestamp":1790062634.1150494}
2026-09-22T10:37:14.136+03:00 [RX chat] {"data_b64":"W1NZU10gQ0hBVFRFUiBOT0RFIEw=","description":"ble:LoRa-Chatter-1B44 44:1B:F6:8D:B7:A9","device_key":"ble-address:44:1b:f6:8d:b7:a9","kind":"rx","seq":18,"session":"s1","stream":"chat","text":"[SYS] CHATTER NODE L","timestamp":1790062634.1361036}
2026-09-22T10:37:14.137+03:00 [RX chat] {"data_b64":"b1JhLUNoYXR0ZXItMUI0NAo=","description":"ble:LoRa-Chatter-1B44 44:1B:F6:8D:B7:A9","device_key":"ble-address:44:1b:f6:8d:b7:a9","kind":"rx","seq":19,"session":"s1","stream":"chat","text":"oRa-Chatter-1B44\n","timestamp":1790062634.1367166}
2026-09-22T10:37:14.137+03:00 [RX telemetry] {"data_b64":"CklOUFVUIFFVRVVFIEZVTEwgZHI=","description":"ble:LoRa-Chatter-1B44 44:1B:F6:8D:B7:A9","device_key":"ble-address:44:1b:f6:8d:b7:a9","kind":"rx","seq":20,"session":"s1","stream":"telemetry","text":"\nINPUT QUEUE FULL dr","timestamp":1790062634.1375723}
2026-09-22T10:37:14.138+03:00 [RX telemetry] {"data_b64":"b3BwZWQ9MQo=","description":"ble:LoRa-Chatter-1B44 44:1B:F6:8D:B7:A9","device_key":"ble-address:44:1b:f6:8d:b7:a9","kind":"rx","seq":21,"session":"s1","stream":"telemetry","text":"opped=1\n","timestamp":1790062634.1382685}
2026-09-22T10:37:14.139+03:00 [RX chat] {"data_b64":"W1NZU10gSEVBUlRCRUFUIE9GRgo=","description":"ble:LoRa-Chatter-1B44 44:1B:F6:8D:B7:A9","device_key":"ble-address:44:1b:f6:8d:b7:a9","kind":"rx","seq":22,"session":"s1","stream":"chat","text":"[SYS] HEARTBEAT OFF\n","timestamp":1790062634.1386724}
2026-09-22T10:37:14.139+03:00 [RX chat] {"data_b64":"W1NZU10gRElBRyBhbHJlYWR5IE8=","description":"ble:LoRa-Chatter-1B44 44:1B:F6:8D:B7:A9","device_key":"ble-address:44:1b:f6:8d:b7:a9","kind":"rx","seq":23,"session":"s1","stream":"chat","text":"[SYS] DIAG already O","timestamp":1790062634.1395302}
2026-09-22T10:37:14.140+03:00 [RX chat] {"data_b64":"RkYK","description":"ble:LoRa-Chatter-1B44 44:1B:F6:8D:B7:A9","device_key":"ble-address:44:1b:f6:8d:b7:a9","kind":"rx","seq":24,"session":"s1","stream":"chat","text":"FF\n","timestamp":1790062634.1401038}
2026-09-22T10:37:14.141+03:00 [RX chat] {"data_b64":"W1NZU10gRUNITyBMT09QIGFscmU=","description":"ble:LoRa-Chatter-1B44 44:1B:F6:8D:B7:A9","device_key":"ble-address:44:1b:f6:8d:b7:a9","kind":"rx","seq":25,"session":"s1","stream":"chat","text":"[SYS] ECHO LOOP alre","timestamp":1790062634.1407952}
2026-09-22T10:37:14.141+03:00 [RX chat] {"data_b64":"YWR5IHN0b3BwZWQK","description":"ble:LoRa-Chatter-1B44 44:1B:F6:8D:B7:A9","device_key":"ble-address:44:1b:f6:8d:b7:a9","kind":"rx","seq":26,"session":"s1","stream":"chat","text":"ady stopped\n","timestamp":1790062634.1414802}
2026-09-22T10:37:14.142+03:00 [RX chat] {"data_b64":"W1NZU10gUE9XRVIgMiBkQm0gU0E=","description":"ble:LoRa-Chatter-1B44 44:1B:F6:8D:B7:A9","device_key":"ble-address:44:1b:f6:8d:b7:a9","kind":"rx","seq":27,"session":"s1","stream":"chat","text":"[SYS] POWER 2 dBm SA","timestamp":1790062634.1421998}
2026-09-22T10:37:14.143+03:00 [RX chat] {"data_b64":"VkVECg==","description":"ble:LoRa-Chatter-1B44 44:1B:F6:8D:B7:A9","device_key":"ble-address:44:1b:f6:8d:b7:a9","kind":"rx","seq":28,"session":"s1","stream":"chat","text":"VED\n","timestamp":1790062634.1428137}
2026-09-22T10:37:14.159+03:00 [RX chat] {"data_b64":"W1NZU10gSEVBUlRCRUFUIE9GRgo=","description":"ble:LoRa-Chatter-72E0 E0:72:A1:D5:4C:15","device_key":"ble-address:e0:72:a1:d5:4c:15","kind":"rx","seq":20,"session":"s2","stream":"chat","text":"[SYS] HEARTBEAT OFF\n","timestamp":1790062634.1593194}
2026-09-22T10:37:14.160+03:00 [RX chat] {"data_b64":"W1NZU10gRElBRyBhbHJlYWR5IE8=","description":"ble:LoRa-Chatter-72E0 E0:72:A1:D5:4C:15","device_key":"ble-address:e0:72:a1:d5:4c:15","kind":"rx","seq":21,"session":"s2","stream":"chat","text":"[SYS] DIAG already O","timestamp":1790062634.1601422}
2026-09-22T10:37:14.160+03:00 [RX chat] {"data_b64":"RkYK","description":"ble:LoRa-Chatter-72E0 E0:72:A1:D5:4C:15","device_key":"ble-address:e0:72:a1:d5:4c:15","kind":"rx","seq":22,"session":"s2","stream":"chat","text":"FF\n","timestamp":1790062634.1606395}
2026-09-22T10:37:14.161+03:00 [RX chat] {"data_b64":"W1NZU10gRUNITyBMT09QIGFscmU=","description":"ble:LoRa-Chatter-72E0 E0:72:A1:D5:4C:15","device_key":"ble-address:e0:72:a1:d5:4c:15","kind":"rx","seq":23,"session":"s2","stream":"chat","text":"[SYS] ECHO LOOP alre","timestamp":1790062634.1613536}
2026-09-22T10:37:14.162+03:00 [RX chat] {"data_b64":"YWR5IHN0b3BwZWQK","description":"ble:LoRa-Chatter-72E0 E0:72:A1:D5:4C:15","device_key":"ble-address:e0:72:a1:d5:4c:15","kind":"rx","seq":24,"session":"s2","stream":"chat","text":"ady stopped\n","timestamp":1790062634.1619039}
2026-09-22T10:37:14.162+03:00 [RX chat] {"data_b64":"W1NZU10gUE9XRVIgMiBkQm0gU0E=","description":"ble:LoRa-Chatter-72E0 E0:72:A1:D5:4C:15","device_key":"ble-address:e0:72:a1:d5:4c:15","kind":"rx","seq":25,"session":"s2","stream":"chat","text":"[SYS] POWER 2 dBm SA","timestamp":1790062634.1627047}
2026-09-22T10:37:14.163+03:00 [RX chat] {"data_b64":"VkVECg==","description":"ble:LoRa-Chatter-72E0 E0:72:A1:D5:4C:15","device_key":"ble-address:e0:72:a1:d5:4c:15","kind":"rx","seq":26,"session":"s2","stream":"chat","text":"VED\n","timestamp":1790062634.1630976}
2026-09-22T10:37:14.164+03:00 [RX chat] {"data_b64":"W1NZU10gQ0ZHIHNjaGVtYT0yIHM=","description":"ble:LoRa-Chatter-72E0 E0:72:A1:D5:4C:15","device_key":"ble-address:e0:72:a1:d5:4c:15","kind":"rx","seq":27,"session":"s2","stream":"chat","text":"[SYS] CFG schema=2 s","timestamp":1790062634.1639578}
2026-09-22T10:37:14.164+03:00 [RX chat] {"data_b64":"dG9yYWdlPU5WUyBmcmVxX29vYj0=","description":"ble:LoRa-Chatter-72E0 E0:72:A1:D5:4C:15","device_key":"ble-address:e0:72:a1:d5:4c:15","kind":"rx","seq":28,"session":"s2","stream":"chat","text":"torage=NVS freq_oob=","timestamp":1790062634.164579}
2026-09-22T10:37:14.165+03:00 [RX chat] {"data_b64":"T0ZGCg==","description":"ble:LoRa-Chatter-72E0 E0:72:A1:D5:4C:15","device_key":"ble-address:e0:72:a1:d5:4c:15","kind":"rx","seq":29,"session":"s2","stream":"chat","text":"OFF\n","timestamp":1790062634.1651983}
2026-09-22T10:37:14.166+03:00 [RX chat] {"data_b64":"W1NZU10gQ0ZHIFJBRElPIHBvd2U=","description":"ble:LoRa-Chatter-72E0 E0:72:A1:D5:4C:15","device_key":"ble-address:e0:72:a1:d5:4c:15","kind":"rx","seq":30,"session":"s2","stream":"chat","text":"[SYS] CFG RADIO powe","timestamp":1790062634.1660998}
2026-09-22T10:37:14.166+03:00 [RX chat] {"data_b64":"cj0yIGRCbSBmcmVxPTQ3MCBNSHo=","description":"ble:LoRa-Chatter-72E0 E0:72:A1:D5:4C:15","device_key":"ble-address:e0:72:a1:d5:4c:15","kind":"rx","seq":31,"session":"s2","stream":"chat","text":"r=2 dBm freq=470 MHz","timestamp":1790062634.1666937}
2026-09-22T10:37:14.167+03:00 [RX chat] {"data_b64":"IHNmPTEyIGJ3PTEyNSBrSHoK","description":"ble:LoRa-Chatter-72E0 E0:72:A1:D5:4C:15","device_key":"ble-address:e0:72:a1:d5:4c:15","kind":"rx","seq":32,"session":"s2","stream":"chat","text":" sf=12 bw=125 kHz\n","timestamp":1790062634.1676862}
2026-09-22T10:37:14.168+03:00 [RX chat] {"data_b64":"W1NZU10gQ0ZHIExJTksgaGVhcnQ=","description":"ble:LoRa-Chatter-72E0 E0:72:A1:D5:4C:15","device_key":"ble-address:e0:72:a1:d5:4c:15","kind":"rx","seq":33,"session":"s2","stream":"chat","text":"[SYS] CFG LINK heart","timestamp":1790062634.1682982}
2026-09-22T10:37:14.169+03:00 [RX chat] {"data_b64":"YmVhdD1PRkYgcmV0cnk9T04gYXQ=","description":"ble:LoRa-Chatter-72E0 E0:72:A1:D5:4C:15","device_key":"ble-address:e0:72:a1:d5:4c:15","kind":"rx","seq":34,"session":"s2","stream":"chat","text":"beat=OFF retry=ON at","timestamp":1790062634.168962}
2026-09-22T10:37:14.169+03:00 [RX chat] {"data_b64":"dGVtcHRzPTUgZGlhZz1PRkYK","description":"ble:LoRa-Chatter-72E0 E0:72:A1:D5:4C:15","device_key":"ble-address:e0:72:a1:d5:4c:15","kind":"rx","seq":35,"session":"s2","stream":"chat","text":"tempts=5 diag=OFF\n","timestamp":1790062634.169407}
2026-09-22T10:37:28.761+03:00 [RX telemetry] {"data_b64":"ClNFU1NJT04gdD0zNjBzIFRYIG8=","description":"ble:LoRa-Chatter-1B44 44:1B:F6:8D:B7:A9","device_key":"ble-address:44:1b:f6:8d:b7:a9","kind":"rx","seq":29,"session":"s1","stream":"telemetry","text":"\nSESSION t=360s TX o","timestamp":1790062648.7616258}
2026-09-22T10:37:28.762+03:00 [RX telemetry] {"data_b64":"az0wIHVzZXI9MCBlY2hvX3JlcT0=","description":"ble:LoRa-Chatter-1B44 44:1B:F6:8D:B7:A9","device_key":"ble-address:44:1b:f6:8d:b7:a9","kind":"rx","seq":30,"session":"s1","stream":"telemetry","text":"k=0 user=0 echo_req=","timestamp":1790062648.762322}
2026-09-22T10:37:28.763+03:00 [RX telemetry] {"data_b64":"MCBlY2hvX3JlcD0wIGhiPTAoaWQ=","description":"ble:LoRa-Chatter-1B44 44:1B:F6:8D:B7:A9","device_key":"ble-address:44:1b:f6:8d:b7:a9","kind":"rx","seq":31,"session":"s1","stream":"telemetry","text":"0 echo_rep=0 hb=0(id","timestamp":1790062648.7631207}
2026-09-22T10:37:28.763+03:00 [RX telemetry] {"data_b64":"bGU9MCkgZXJyPTAgc3RhcnRlZD0=","description":"ble:LoRa-Chatter-1B44 44:1B:F6:8D:B7:A9","device_key":"ble-address:44:1b:f6:8d:b7:a9","kind":"rx","seq":32,"session":"s1","stream":"telemetry","text":"le=0) err=0 started=","timestamp":1790062648.7636228}
2026-09-22T10:37:28.764+03:00 [RX telemetry] {"data_b64":"MCBSWCBvaz0wIHVzZXI9MCBlY2g=","description":"ble:LoRa-Chatter-1B44 44:1B:F6:8D:B7:A9","device_key":"ble-address:44:1b:f6:8d:b7:a9","kind":"rx","seq":33,"session":"s1","stream":"telemetry","text":"0 RX ok=0 user=0 ech","timestamp":1790062648.764462}
2026-09-22T10:37:28.765+03:00 [RX telemetry] {"data_b64":"b19yZXE9MCBlY2hvX3JlcD0wIGg=","description":"ble:LoRa-Chatter-1B44 44:1B:F6:8D:B7:A9","device_key":"ble-address:44:1b:f6:8d:b7:a9","kind":"rx","seq":34,"session":"s1","stream":"telemetry","text":"o_req=0 echo_rep=0 h","timestamp":1790062648.765297}
2026-09-22T10:37:28.766+03:00 [RX telemetry] {"data_b64":"Yj0wIGNyYz0wIGhkcj0wIGJhZD0=","description":"ble:LoRa-Chatter-1B44 44:1B:F6:8D:B7:A9","device_key":"ble-address:44:1b:f6:8d:b7:a9","kind":"rx","seq":35,"session":"s1","stream":"telemetry","text":"b=0 crc=0 hdr=0 bad=","timestamp":1790062648.7663014}
2026-09-22T10:37:28.767+03:00 [RX telemetry] {"data_b64":"MSByZWFkZXJyPTAgcmVwb3J0cz0=","description":"ble:LoRa-Chatter-1B44 44:1B:F6:8D:B7:A9","device_key":"ble-address:44:1b:f6:8d:b7:a9","kind":"rx","seq":36,"session":"s1","stream":"telemetry","text":"1 readerr=0 reports=","timestamp":1790062648.7672212}
2026-09-22T10:37:28.767+03:00 [RX telemetry] {"data_b64":"MCBRPTAlIGRyb3BzPTEgZmF0YWw=","description":"ble:LoRa-Chatter-1B44 44:1B:F6:8D:B7:A9","device_key":"ble-address:44:1b:f6:8d:b7:a9","kind":"rx","seq":37,"session":"s1","stream":"telemetry","text":"0 Q=0% drops=1 fatal","timestamp":1790062648.7676969}
2026-09-22T10:37:28.768+03:00 [RX telemetry] {"data_b64":"PTAK","description":"ble:LoRa-Chatter-1B44 44:1B:F6:8D:B7:A9","device_key":"ble-address:44:1b:f6:8d:b7:a9","kind":"rx","seq":38,"session":"s1","stream":"telemetry","text":"=0\n","timestamp":1790062648.768516}
2026-09-22T10:37:28.769+03:00 [RX telemetry] {"data_b64":"U0VTU0lPTiBDT1VSVEVTWSB3aW4=","description":"ble:LoRa-Chatter-1B44 44:1B:F6:8D:B7:A9","device_key":"ble-address:44:1b:f6:8d:b7:a9","kind":"rx","seq":39,"session":"s1","stream":"telemetry","text":"SESSION COURTESY win","timestamp":1790062648.769159}
2026-09-22T10:37:28.770+03:00 [RX telemetry] {"data_b64":"ZG93PTkxMjNtcyBwZWVyX3JlbGU=","description":"ble:LoRa-Chatter-1B44 44:1B:F6:8D:B7:A9","device_key":"ble-address:44:1b:f6:8d:b7:a9","kind":"rx","seq":40,"session":"s1","stream":"telemetry","text":"dow=9123ms peer_rele","timestamp":1790062648.769861}
2026-09-22T10:37:28.770+03:00 [RX telemetry] {"data_b64":"YXNlPTAgZXhwaXJlZD0wIHlpZWw=","description":"ble:LoRa-Chatter-1B44 44:1B:F6:8D:B7:A9","device_key":"ble-address:44:1b:f6:8d:b7:a9","kind":"rx","seq":41,"session":"s1","stream":"telemetry","text":"ase=0 expired=0 yiel","timestamp":1790062648.7705605}
2026-09-22T10:37:28.771+03:00 [RX telemetry] {"data_b64":"ZGluZz0wCg==","description":"ble:LoRa-Chatter-1B44 44:1B:F6:8D:B7:A9","device_key":"ble-address:44:1b:f6:8d:b7:a9","kind":"rx","seq":42,"session":"s1","stream":"telemetry","text":"ding=0\n","timestamp":1790062648.7712095}
2026-09-22T10:37:28.772+03:00 [RX telemetry] {"data_b64":"U0VTU0lPTiBESU8wX1RYIGFmZmU=","description":"ble:LoRa-Chatter-1B44 44:1B:F6:8D:B7:A9","device_key":"ble-address:44:1b:f6:8d:b7:a9","kind":"rx","seq":43,"session":"s1","stream":"telemetry","text":"SESSION DIO0_TX affe","timestamp":1790062648.771843}
2026-09-22T10:37:28.772+03:00 [RX telemetry] {"data_b64":"Y3RlZD0wLzAgZXBpc29kZXM9MCA=","description":"ble:LoRa-Chatter-1B44 44:1B:F6:8D:B7:A9","device_key":"ble-address:44:1b:f6:8d:b7:a9","kind":"rx","seq":44,"session":"s1","stream":"telemetry","text":"cted=0/0 episodes=0 ","timestamp":1790062648.7726128}
2026-09-22T10:37:28.773+03:00 [RX telemetry] {"data_b64":"YXZnX2FsbD0wLjAwIGF2Z19hZmY=","description":"ble:LoRa-Chatter-1B44 44:1B:F6:8D:B7:A9","device_key":"ble-address:44:1b:f6:8d:b7:a9","kind":"rx","seq":45,"session":"s1","stream":"telemetry","text":"avg_all=0.00 avg_aff","timestamp":1790062648.7733548}
2026-09-22T10:37:28.774+03:00 [RX telemetry] {"data_b64":"ZWN0ZWQ9MC4wMCBoaWdoX3BvbGw=","description":"ble:LoRa-Chatter-1B44 44:1B:F6:8D:B7:A9","device_key":"ble-address:44:1b:f6:8d:b7:a9","kind":"rx","seq":46,"session":"s1","stream":"telemetry","text":"ected=0.00 high_poll","timestamp":1790062648.7740653}
2026-09-22T10:37:28.774+03:00 [RX telemetry] {"data_b64":"cz0wCg==","description":"ble:LoRa-Chatter-1B44 44:1B:F6:8D:B7:A9","device_key":"ble-address:44:1b:f6:8d:b7:a9","kind":"rx","seq":47,"session":"s1","stream":"telemetry","text":"s=0\n","timestamp":1790062648.7747276}
2026-09-22T10:37:28.775+03:00 [RX telemetry] {"data_b64":"U0VTU0lPTiBSWF9QT0xMIHBvbGw=","description":"ble:LoRa-Chatter-1B44 44:1B:F6:8D:B7:A9","device_key":"ble-address:44:1b:f6:8d:b7:a9","kind":"rx","seq":48,"session":"s1","stream":"telemetry","text":"SESSION RX_POLL poll","timestamp":1790062648.7752964}
2026-09-22T10:37:28.776+03:00 [RX telemetry] {"data_b64":"cz0zNTczNjEgcnhkb25lPTEgaW4=","description":"ble:LoRa-Chatter-1B44 44:1B:F6:8D:B7:A9","device_key":"ble-address:44:1b:f6:8d:b7:a9","kind":"rx","seq":49,"session":"s1","stream":"telemetry","text":"s=357361 rxdone=1 in","timestamp":1790062648.7759128}
2026-09-22T10:37:28.776+03:00 [RX telemetry] {"data_b64":"dGVydmFsPTEwMDB1cyBESU8wX1I=","description":"ble:LoRa-Chatter-1B44 44:1B:F6:8D:B7:A9","device_key":"ble-address:44:1b:f6:8d:b7:a9","kind":"rx","seq":50,"session":"s1","stream":"telemetry","text":"terval=1000us DIO0_R","timestamp":1790062648.7766085}
2026-09-22T10:37:28.777+03:00 [RX telemetry] {"data_b64":"WCBmYWxzZV9oaWdoX2VwPTAgaGk=","description":"ble:LoRa-Chatter-1B44 44:1B:F6:8D:B7:A9","device_key":"ble-address:44:1b:f6:8d:b7:a9","kind":"rx","seq":51,"session":"s1","stream":"telemetry","text":"X false_high_ep=0 hi","timestamp":1790062648.7773395}
2026-09-22T10:37:28.778+03:00 [RX telemetry] {"data_b64":"Z2hfcG9sbHM9MCByeGRvbmVfbG8=","description":"ble:LoRa-Chatter-1B44 44:1B:F6:8D:B7:A9","device_key":"ble-address:44:1b:f6:8d:b7:a9","kind":"rx","seq":52,"session":"s1","stream":"telemetry","text":"gh_polls=0 rxdone_lo","timestamp":1790062648.778088}
2026-09-22T10:37:28.778+03:00 [RX telemetry] {"data_b64":"dz0wIGlzcj1kaXNhYmxlZAo=","description":"ble:LoRa-Chatter-1B44 44:1B:F6:8D:B7:A9","device_key":"ble-address:44:1b:f6:8d:b7:a9","kind":"rx","seq":53,"session":"s1","stream":"telemetry","text":"w=0 isr=disabled\n","timestamp":1790062648.778556}
2026-09-22T10:37:36.345+03:00 [RX telemetry] {"data_b64":"ClNFU1NJT04gdD0zNjBzIFRYIG8=","description":"ble:LoRa-Chatter-72E0 E0:72:A1:D5:4C:15","device_key":"ble-address:e0:72:a1:d5:4c:15","kind":"rx","seq":36,"session":"s2","stream":"telemetry","text":"\nSESSION t=360s TX o","timestamp":1790062656.3447223}
2026-09-22T10:37:36.345+03:00 [RX telemetry] {"data_b64":"az0wIHVzZXI9MCBlY2hvX3JlcT0=","description":"ble:LoRa-Chatter-72E0 E0:72:A1:D5:4C:15","device_key":"ble-address:e0:72:a1:d5:4c:15","kind":"rx","seq":37,"session":"s2","stream":"telemetry","text":"k=0 user=0 echo_req=","timestamp":1790062656.3454921}
2026-09-22T10:37:36.346+03:00 [RX telemetry] {"data_b64":"MCBlY2hvX3JlcD0wIGhiPTAoaWQ=","description":"ble:LoRa-Chatter-72E0 E0:72:A1:D5:4C:15","device_key":"ble-address:e0:72:a1:d5:4c:15","kind":"rx","seq":38,"session":"s2","stream":"telemetry","text":"0 echo_rep=0 hb=0(id","timestamp":1790062656.34614}
2026-09-22T10:37:36.350+03:00 [RX telemetry] {"data_b64":"bGU9MCkgZXJyPTAgc3RhcnRlZD0=","description":"ble:LoRa-Chatter-72E0 E0:72:A1:D5:4C:15","device_key":"ble-address:e0:72:a1:d5:4c:15","kind":"rx","seq":39,"session":"s2","stream":"telemetry","text":"le=0) err=0 started=","timestamp":1790062656.346825}
2026-09-22T10:37:36.351+03:00 [RX telemetry] {"data_b64":"MCBSWCBvaz0wIHVzZXI9MCBlY2g=","description":"ble:LoRa-Chatter-72E0 E0:72:A1:D5:4C:15","device_key":"ble-address:e0:72:a1:d5:4c:15","kind":"rx","seq":40,"session":"s2","stream":"telemetry","text":"0 RX ok=0 user=0 ech","timestamp":1790062656.3474302}
2026-09-22T10:37:36.352+03:00 [RX telemetry] {"data_b64":"b19yZXE9MCBlY2hvX3JlcD0wIGg=","description":"ble:LoRa-Chatter-72E0 E0:72:A1:D5:4C:15","device_key":"ble-address:e0:72:a1:d5:4c:15","kind":"rx","seq":41,"session":"s2","stream":"telemetry","text":"o_req=0 echo_rep=0 h","timestamp":1790062656.3481686}
2026-09-22T10:37:36.352+03:00 [RX telemetry] {"data_b64":"Yj0wIGNyYz0wIGhkcj0wIGJhZD0=","description":"ble:LoRa-Chatter-72E0 E0:72:A1:D5:4C:15","device_key":"ble-address:e0:72:a1:d5:4c:15","kind":"rx","seq":42,"session":"s2","stream":"telemetry","text":"b=0 crc=0 hdr=0 bad=","timestamp":1790062656.3487847}
2026-09-22T10:37:36.352+03:00 [RX telemetry] {"data_b64":"MCByZWFkZXJyPTAgcmVwb3J0cz0=","description":"ble:LoRa-Chatter-72E0 E0:72:A1:D5:4C:15","device_key":"ble-address:e0:72:a1:d5:4c:15","kind":"rx","seq":43,"session":"s2","stream":"telemetry","text":"0 readerr=0 reports=","timestamp":1790062656.3496788}
2026-09-22T10:37:36.353+03:00 [RX telemetry] {"data_b64":"MCBRPTAlIGRyb3BzPTAgZmF0YWw=","description":"ble:LoRa-Chatter-72E0 E0:72:A1:D5:4C:15","device_key":"ble-address:e0:72:a1:d5:4c:15","kind":"rx","seq":44,"session":"s2","stream":"telemetry","text":"0 Q=0% drops=0 fatal","timestamp":1790062656.3503535}
2026-09-22T10:37:36.353+03:00 [RX telemetry] {"data_b64":"PTAK","description":"ble:LoRa-Chatter-72E0 E0:72:A1:D5:4C:15","device_key":"ble-address:e0:72:a1:d5:4c:15","kind":"rx","seq":45,"session":"s2","stream":"telemetry","text":"=0\n","timestamp":1790062656.3517995}
2026-09-22T10:37:36.354+03:00 [RX telemetry] {"data_b64":"U0VTU0lPTiBDT1VSVEVTWSB3aW4=","description":"ble:LoRa-Chatter-72E0 E0:72:A1:D5:4C:15","device_key":"ble-address:e0:72:a1:d5:4c:15","kind":"rx","seq":46,"session":"s2","stream":"telemetry","text":"SESSION COURTESY win","timestamp":1790062656.3519146}
2026-09-22T10:37:36.354+03:00 [RX telemetry] {"data_b64":"ZG93PTkxMjNtcyBwZWVyX3JlbGU=","description":"ble:LoRa-Chatter-72E0 E0:72:A1:D5:4C:15","device_key":"ble-address:e0:72:a1:d5:4c:15","kind":"rx","seq":47,"session":"s2","stream":"telemetry","text":"dow=9123ms peer_rele","timestamp":1790062656.3532114}
2026-09-22T10:37:36.355+03:00 [RX telemetry] {"data_b64":"YXNlPTAgZXhwaXJlZD0wIHlpZWw=","description":"ble:LoRa-Chatter-72E0 E0:72:A1:D5:4C:15","device_key":"ble-address:e0:72:a1:d5:4c:15","kind":"rx","seq":48,"session":"s2","stream":"telemetry","text":"ase=0 expired=0 yiel","timestamp":1790062656.3549066}
2026-09-22T10:37:36.356+03:00 [RX telemetry] {"data_b64":"ZGluZz0wCg==","description":"ble:LoRa-Chatter-72E0 E0:72:A1:D5:4C:15","device_key":"ble-address:e0:72:a1:d5:4c:15","kind":"rx","seq":49,"session":"s2","stream":"telemetry","text":"ding=0\n","timestamp":1790062656.3550105}
2026-09-22T10:37:36.356+03:00 [RX telemetry] {"data_b64":"U0VTU0lPTiBESU8wX1RYIGFmZmU=","description":"ble:LoRa-Chatter-72E0 E0:72:A1:D5:4C:15","device_key":"ble-address:e0:72:a1:d5:4c:15","kind":"rx","seq":50,"session":"s2","stream":"telemetry","text":"SESSION DIO0_TX affe","timestamp":1790062656.3550873}
2026-09-22T10:37:36.356+03:00 [RX telemetry] {"data_b64":"Y3RlZD0wLzAgZXBpc29kZXM9MCA=","description":"ble:LoRa-Chatter-72E0 E0:72:A1:D5:4C:15","device_key":"ble-address:e0:72:a1:d5:4c:15","kind":"rx","seq":51,"session":"s2","stream":"telemetry","text":"cted=0/0 episodes=0 ","timestamp":1790062656.3564599}
2026-09-22T10:37:36.357+03:00 [RX telemetry] {"data_b64":"YXZnX2FsbD0wLjAwIGF2Z19hZmY=","description":"ble:LoRa-Chatter-72E0 E0:72:A1:D5:4C:15","device_key":"ble-address:e0:72:a1:d5:4c:15","kind":"rx","seq":52,"session":"s2","stream":"telemetry","text":"avg_all=0.00 avg_aff","timestamp":1790062656.3565526}
2026-09-22T10:37:36.358+03:00 [RX telemetry] {"data_b64":"ZWN0ZWQ9MC4wMCBoaWdoX3BvbGw=","description":"ble:LoRa-Chatter-72E0 E0:72:A1:D5:4C:15","device_key":"ble-address:e0:72:a1:d5:4c:15","kind":"rx","seq":53,"session":"s2","stream":"telemetry","text":"ected=0.00 high_poll","timestamp":1790062656.3576772}
2026-09-22T10:37:36.358+03:00 [RX telemetry] {"data_b64":"cz0wCg==","description":"ble:LoRa-Chatter-72E0 E0:72:A1:D5:4C:15","device_key":"ble-address:e0:72:a1:d5:4c:15","kind":"rx","seq":54,"session":"s2","stream":"telemetry","text":"s=0\n","timestamp":1790062656.3577569}
2026-09-22T10:37:36.358+03:00 [RX telemetry] {"data_b64":"U0VTU0lPTiBSWF9QT0xMIHBvbGw=","description":"ble:LoRa-Chatter-72E0 E0:72:A1:D5:4C:15","device_key":"ble-address:e0:72:a1:d5:4c:15","kind":"rx","seq":55,"session":"s2","stream":"telemetry","text":"SESSION RX_POLL poll","timestamp":1790062656.3587582}
2026-09-22T10:37:36.360+03:00 [RX telemetry] {"data_b64":"cz0zNTY2OTIgcnhkb25lPTAgaW4=","description":"ble:LoRa-Chatter-72E0 E0:72:A1:D5:4C:15","device_key":"ble-address:e0:72:a1:d5:4c:15","kind":"rx","seq":56,"session":"s2","stream":"telemetry","text":"s=356692 rxdone=0 in","timestamp":1790062656.359563}
2026-09-22T10:37:36.360+03:00 [RX telemetry] {"data_b64":"dGVydmFsPTEwMDB1cyBESU8wX1I=","description":"ble:LoRa-Chatter-72E0 E0:72:A1:D5:4C:15","device_key":"ble-address:e0:72:a1:d5:4c:15","kind":"rx","seq":57,"session":"s2","stream":"telemetry","text":"terval=1000us DIO0_R","timestamp":1790062656.3596258}
2026-09-22T10:37:36.361+03:00 [RX telemetry] {"data_b64":"WCBmYWxzZV9oaWdoX2VwPTAgaGk=","description":"ble:LoRa-Chatter-72E0 E0:72:A1:D5:4C:15","device_key":"ble-address:e0:72:a1:d5:4c:15","kind":"rx","seq":58,"session":"s2","stream":"telemetry","text":"X false_high_ep=0 hi","timestamp":1790062656.359965}
2026-09-22T10:37:36.361+03:00 [RX telemetry] {"data_b64":"Z2hfcG9sbHM9MCByeGRvbmVfbG8=","description":"ble:LoRa-Chatter-72E0 E0:72:A1:D5:4C:15","device_key":"ble-address:e0:72:a1:d5:4c:15","kind":"rx","seq":59,"session":"s2","stream":"telemetry","text":"gh_polls=0 rxdone_lo","timestamp":1790062656.3606086}
2026-09-22T10:37:36.362+03:00 [RX telemetry] {"data_b64":"dz0wIGlzcj1kaXNhYmxlZAo=","description":"ble:LoRa-Chatter-72E0 E0:72:A1:D5:4C:15","device_key":"ble-address:e0:72:a1:d5:4c:15","kind":"rx","seq":60,"session":"s2","stream":"telemetry","text":"w=0 isr=disabled\n","timestamp":1790062656.3617857}
2026-09-22T10:37:47.857+03:00 [AGENT REQUEST] {"id":17,"op":"observe","cursors":{"s1":17,"s2":17},"timeout_ms":15000}
2026-09-22T10:37:47.860+03:00 [AGENT RESPONSE] {"id":17,"ok":true,"result":{"cursors":{"s1":53,"s2":60},"events":[{"data_b64":"W1NZU10gQ0hBVFRFUiBOT0RFIEw=","description":"ble:LoRa-Chatter-72E0 E0:72:A1:D5:4C:15","device_key":"ble-address:e0:72:a1:d5:4c:15","kind":"rx","seq":18,"session":"s2","stream":"chat","text":"[SYS] CHATTER NODE L","timestamp":1790062634.1143775},{"data_b64":"b1JhLUNoYXR0ZXItNzJFMAo=","description":"ble:LoRa-Chatter-72E0 E0:72:A1:D5:4C:15","device_key":"ble-address:e0:72:a1:d5:4c:15","kind":"rx","seq":19,"session":"s2","stream":"chat","text":"oRa-Chatter-72E0\n","timestamp":1790062634.1150494},{"data_b64":"W1NZU10gQ0hBVFRFUiBOT0RFIEw=","description":"ble:LoRa-Chatter-1B44 44:1B:F6:8D:B7:A9","device_key":"ble-address:44:1b:f6:8d:b7:a9","kind":"rx","seq":18,"session":"s1","stream":"chat","text":"[SYS] CHATTER NODE L","timestamp":1790062634.1361036},{"data_b64":"b1JhLUNoYXR0ZXItMUI0NAo=","description":"ble:LoRa-Chatter-1B44 44:1B:F6:8D:B7:A9","device_key":"ble-address:44:1b:f6:8d:b7:a9","kind":"rx","seq":19,"session":"s1","stream":"chat","text":"oRa-Chatter-1B44\n","timestamp":1790062634.1367166},{"data_b64":"CklOUFVUIFFVRVVFIEZVTEwgZHI=","description":"ble:LoRa-Chatter-1B44 44:1B:F6:8D:B7:A9","device_key":"ble-address:44:1b:f6:8d:b7:a9","kind":"rx","seq":20,"session":"s1","stream":"telemetry","text":"\nINPUT QUEUE FULL dr","timestamp":1790062634.1375723},{"data_b64":"b3BwZWQ9MQo=","description":"ble:LoRa-Chatter-1B44 44:1B:F6:8D:B7:A9","device_key":"ble-address:44:1b:f6:8d:b7:a9","kind":"rx","seq":21,"session":"s1","stream":"telemetry","text":"opped=1\n","timestamp":1790062634.1382685},{"data_b64":"W1NZU10gSEVBUlRCRUFUIE9GRgo=","description":"ble:LoRa-Chatter-1B44 44:1B:F6:8D:B7:A9","device_key":"ble-address:44:1b:f6:8d:b7:a9","kind":"rx","seq":22,"session":"s1","stream":"chat","text":"[SYS] HEARTBEAT OFF\n","timestamp":1790062634.1386724},{"data_b64":"W1NZU10gRElBRyBhbHJlYWR5IE8=","description":"ble:LoRa-Chatter-1B44 44:1B:F6:8D:B7:A9","device_key":"ble-address:44:1b:f6:8d:b7:a9","kind":"rx","seq":23,"session":"s1","stream":"chat","text":"[SYS] DIAG already O","timestamp":1790062634.1395302},{"data_b64":"RkYK","description":"ble:LoRa-Chatter-1B44 44:1B:F6:8D:B7:A9","device_key":"ble-address:44:1b:f6:8d:b7:a9","kind":"rx","seq":24,"session":"s1","stream":"chat","text":"FF\n","timestamp":1790062634.1401038},{"data_b64":"W1NZU10gRUNITyBMT09QIGFscmU=","description":"ble:LoRa-Chatter-1B44 44:1B:F6:8D:B7:A9","device_key":"ble-address:44:1b:f6:8d:b7:a9","kind":"rx","seq":25,"session":"s1","stream":"chat","text":"[SYS] ECHO LOOP alre","timestamp":1790062634.1407952},{"data_b64":"YWR5IHN0b3BwZWQK","description":"ble:LoRa-Chatter-1B44 44:1B:F6:8D:B7:A9","device_key":"ble-address:44:1b:f6:8d:b7:a9","kind":"rx","seq":26,"session":"s1","stream":"chat","text":"ady stopped\n","timestamp":1790062634.1414802},{"data_b64":"W1NZU10gUE9XRVIgMiBkQm0gU0E=","description":"ble:LoRa-Chatter-1B44 44:1B:F6:8D:B7:A9","device_key":"ble-address:44:1b:f6:8d:b7:a9","kind":"rx","seq":27,"session":"s1","stream":"chat","text":"[SYS] POWER 2 dBm SA","timestamp":1790062634.1421998},{"data_b64":"VkVECg==","description":"ble:LoRa-Chatter-1B44 44:1B:F6:8D:B7:A9","device_key":"ble-address:44:1b:f6:8d:b7:a9","kind":"rx","seq":28,"session":"s1","stream":"chat","text":"VED\n","timestamp":1790062634.1428137},{"data_b64":"W1NZU10gSEVBUlRCRUFUIE9GRgo=","description":"ble:LoRa-Chatter-72E0 E0:72:A1:D5:4C:15","device_key":"ble-address:e0:72:a1:d5:4c:15","kind":"rx","seq":20,"session":"s2","stream":"chat","text":"[SYS] HEARTBEAT OFF\n","timestamp":1790062634.1593194},{"data_b64":"W1NZU10gRElBRyBhbHJlYWR5IE8=","description":"ble:LoRa-Chatter-72E0 E0:72:A1:D5:4C:15","device_key":"ble-address:e0:72:a1:d5:4c:15","kind":"rx","seq":21,"session":"s2","stream":"chat","text":"[SYS] DIAG already O","timestamp":1790062634.1601422},{"data_b64":"RkYK","description":"ble:LoRa-Chatter-72E0 E0:72:A1:D5:4C:15","device_key":"ble-address:e0:72:a1:d5:4c:15","kind":"rx","seq":22,"session":"s2","stream":"chat","text":"FF\n","timestamp":1790062634.1606395},{"data_b64":"W1NZU10gRUNITyBMT09QIGFscmU=","description":"ble:LoRa-Chatter-72E0 E0:72:A1:D5:4C:15","device_key":"ble-address:e0:72:a1:d5:4c:15","kind":"rx","seq":23,"session":"s2","stream":"chat","text":"[SYS] ECHO LOOP alre","timestamp":1790062634.1613536},{"data_b64":"YWR5IHN0b3BwZWQK","description":"ble:LoRa-Chatter-72E0 E0:72:A1:D5:4C:15","device_key":"ble-address:e0:72:a1:d5:4c:15","kind":"rx","seq":24,"session":"s2","stream":"chat","text":"ady stopped\n","timestamp":1790062634.1619039},{"data_b64":"W1NZU10gUE9XRVIgMiBkQm0gU0E=","description":"ble:LoRa-Chatter-72E0 E0:72:A1:D5:4C:15","device_key":"ble-address:e0:72:a1:d5:4c:15","kind":"rx","seq":25,"session":"s2","stream":"chat","text":"[SYS] POWER 2 dBm SA","timestamp":1790062634.1627047},{"data_b64":"VkVECg==","description":"ble:LoRa-Chatter-72E0 E0:72:A1:D5:4C:15","device_key":"ble-address:e0:72:a1:d5:4c:15","kind":"rx","seq":26,"session":"s2","stream":"chat","text":"VED\n","timestamp":1790062634.1630976},{"data_b64":"W1NZU10gQ0ZHIHNjaGVtYT0yIHM=","description":"ble:LoRa-Chatter-72E0 E0:72:A1:D5:4C:15","device_key":"ble-address:e0:72:a1:d5:4c:15","kind":"rx","seq":27,"session":"s2","stream":"chat","text":"[SYS] CFG schema=2 s","timestamp":1790062634.1639578},{"data_b64":"dG9yYWdlPU5WUyBmcmVxX29vYj0=","description":"ble:LoRa-Chatter-72E0 E0:72:A1:D5:4C:15","device_key":"ble-address:e0:72:a1:d5:4c:15","kind":"rx","seq":28,"session":"s2","stream":"chat","text":"torage=NVS freq_oob=","timestamp":1790062634.164579},{"data_b64":"T0ZGCg==","description":"ble:LoRa-Chatter-72E0 E0:72:A1:D5:4C:15","device_key":"ble-address:e0:72:a1:d5:4c:15","kind":"rx","seq":29,"session":"s2","stream":"chat","text":"OFF\n","timestamp":1790062634.1651983},{"data_b64":"W1NZU10gQ0ZHIFJBRElPIHBvd2U=","description":"ble:LoRa-Chatter-72E0 E0:72:A1:D5:4C:15","device_key":"ble-address:e0:72:a1:d5:4c:15","kind":"rx","seq":30,"session":"s2","stream":"chat","text":"[SYS] CFG RADIO powe","timestamp":1790062634.1660998},{"data_b64":"cj0yIGRCbSBmcmVxPTQ3MCBNSHo=","description":"ble:LoRa-Chatter-72E0 E0:72:A1:D5:4C:15","device_key":"ble-address:e0:72:a1:d5:4c:15","kind":"rx","seq":31,"session":"s2","stream":"chat","text":"r=2 dBm freq=470 MHz","timestamp":1790062634.1666937},{"data_b64":"IHNmPTEyIGJ3PTEyNSBrSHoK","description":"ble:LoRa-Chatter-72E0 E0:72:A1:D5:4C:15","device_key":"ble-address:e0:72:a1:d5:4c:15","kind":"rx","seq":32,"session":"s2","stream":"chat","text":" sf=12 bw=125 kHz\n","timestamp":1790062634.1676862},{"data_b64":"W1NZU10gQ0ZHIExJTksgaGVhcnQ=","description":"ble:LoRa-Chatter-72E0 E0:72:A1:D5:4C:15","device_key":"ble-address:e0:72:a1:d5:4c:15","kind":"rx","seq":33,"session":"s2","stream":"chat","text":"[SYS] CFG LINK heart","timestamp":1790062634.1682982},{"data_b64":"YmVhdD1PRkYgcmV0cnk9T04gYXQ=","description":"ble:LoRa-Chatter-72E0 E0:72:A1:D5:4C:15","device_key":"ble-address:e0:72:a1:d5:4c:15","kind":"rx","seq":34,"session":"s2","stream":"chat","text":"beat=OFF retry=ON at","timestamp":1790062634.168962},{"data_b64":"dGVtcHRzPTUgZGlhZz1PRkYK","description":"ble:LoRa-Chatter-72E0 E0:72:A1:D5:4C:15","device_key":"ble-address:e0:72:a1:d5:4c:15","kind":"rx","seq":35,"session":"s2","stream":"chat","text":"tempts=5 diag=OFF\n","timestamp":1790062634.169407},{"data_b64":"ClNFU1NJT04gdD0zNjBzIFRYIG8=","description":"ble:LoRa-Chatter-1B44 44:1B:F6:8D:B7:A9","device_key":"ble-address:44:1b:f6:8d:b7:a9","kind":"rx","seq":29,"session":"s1","stream":"telemetry","text":"\nSESSION t=360s TX o","timestamp":1790062648.7616258},{"data_b64":"az0wIHVzZXI9MCBlY2hvX3JlcT0=","description":"ble:LoRa-Chatter-1B44 44:1B:F6:8D:B7:A9","device_key":"ble-address:44:1b:f6:8d:b7:a9","kind":"rx","seq":30,"session":"s1","stream":"telemetry","text":"k=0 user=0 echo_req=","timestamp":1790062648.762322},{"data_b64":"MCBlY2hvX3JlcD0wIGhiPTAoaWQ=","description":"ble:LoRa-Chatter-1B44 44:1B:F6:8D:B7:A9","device_key":"ble-address:44:1b:f6:8d:b7:a9","kind":"rx","seq":31,"session":"s1","stream":"telemetry","text":"0 echo_rep=0 hb=0(id","timestamp":1790062648.7631207},{"data_b64":"bGU9MCkgZXJyPTAgc3RhcnRlZD0=","description":"ble:LoRa-Chatter-1B44 44:1B:F6:8D:B7:A9","device_key":"ble-address:44:1b:f6:8d:b7:a9","kind":"rx","seq":32,"session":"s1","stream":"telemetry","text":"le=0) err=0 started=","timestamp":1790062648.7636228},{"data_b64":"MCBSWCBvaz0wIHVzZXI9MCBlY2g=","description":"ble:LoRa-Chatter-1B44 44:1B:F6:8D:B7:A9","device_key":"ble-address:44:1b:f6:8d:b7:a9","kind":"rx","seq":33,"session":"s1","stream":"telemetry","text":"0 RX ok=0 user=0 ech","timestamp":1790062648.764462},{"data_b64":"b19yZXE9MCBlY2hvX3JlcD0wIGg=","description":"ble:LoRa-Chatter-1B44 44:1B:F6:8D:B7:A9","device_key":"ble-address:44:1b:f6:8d:b7:a9","kind":"rx","seq":34,"session":"s1","stream":"telemetry","text":"o_req=0 echo_rep=0 h","timestamp":1790062648.765297},{"data_b64":"Yj0wIGNyYz0wIGhkcj0wIGJhZD0=","description":"ble:LoRa-Chatter-1B44 44:1B:F6:8D:B7:A9","device_key":"ble-address:44:1b:f6:8d:b7:a9","kind":"rx","seq":35,"session":"s1","stream":"telemetry","text":"b=0 crc=0 hdr=0 bad=","timestamp":1790062648.7663014},{"data_b64":"MSByZWFkZXJyPTAgcmVwb3J0cz0=","description":"ble:LoRa-Chatter-1B44 44:1B:F6:8D:B7:A9","device_key":"ble-address:44:1b:f6:8d:b7:a9","kind":"rx","seq":36,"session":"s1","stream":"telemetry","text":"1 readerr=0 reports=","timestamp":1790062648.7672212},{"data_b64":"MCBRPTAlIGRyb3BzPTEgZmF0YWw=","description":"ble:LoRa-Chatter-1B44 44:1B:F6:8D:B7:A9","device_key":"ble-address:44:1b:f6:8d:b7:a9","kind":"rx","seq":37,"session":"s1","stream":"telemetry","text":"0 Q=0% drops=1 fatal","timestamp":1790062648.7676969},{"data_b64":"PTAK","description":"ble:LoRa-Chatter-1B44 44:1B:F6:8D:B7:A9","device_key":"ble-address:44:1b:f6:8d:b7:a9","kind":"rx","seq":38,"session":"s1","stream":"telemetry","text":"=0\n","timestamp":1790062648.768516},{"data_b64":"U0VTU0lPTiBDT1VSVEVTWSB3aW4=","description":"ble:LoRa-Chatter-1B44 44:1B:F6:8D:B7:A9","device_key":"ble-address:44:1b:f6:8d:b7:a9","kind":"rx","seq":39,"session":"s1","stream":"telemetry","text":"SESSION COURTESY win","timestamp":1790062648.769159},{"data_b64":"ZG93PTkxMjNtcyBwZWVyX3JlbGU=","description":"ble:LoRa-Chatter-1B44 44:1B:F6:8D:B7:A9","device_key":"ble-address:44:1b:f6:8d:b7:a9","kind":"rx","seq":40,"session":"s1","stream":"telemetry","text":"dow=9123ms peer_rele","timestamp":1790062648.769861},{"data_b64":"YXNlPTAgZXhwaXJlZD0wIHlpZWw=","description":"ble:LoRa-Chatter-1B44 44:1B:F6:8D:B7:A9","device_key":"ble-address:44:1b:f6:8d:b7:a9","kind":"rx","seq":41,"session":"s1","stream":"telemetry","text":"ase=0 expired=0 yiel","timestamp":1790062648.7705605},{"data_b64":"ZGluZz0wCg==","description":"ble:LoRa-Chatter-1B44 44:1B:F6:8D:B7:A9","device_key":"ble-address:44:1b:f6:8d:b7:a9","kind":"rx","seq":42,"session":"s1","stream":"telemetry","text":"ding=0\n","timestamp":1790062648.7712095},{"data_b64":"U0VTU0lPTiBESU8wX1RYIGFmZmU=","description":"ble:LoRa-Chatter-1B44 44:1B:F6:8D:B7:A9","device_key":"ble-address:44:1b:f6:8d:b7:a9","kind":"rx","seq":43,"session":"s1","stream":"telemetry","text":"SESSION DIO0_TX affe","timestamp":1790062648.771843},{"data_b64":"Y3RlZD0wLzAgZXBpc29kZXM9MCA=","description":"ble:LoRa-Chatter-1B44 44:1B:F6:8D:B7:A9","device_key":"ble-address:44:1b:f6:8d:b7:a9","kind":"rx","seq":44,"session":"s1","stream":"telemetry","text":"cted=0/0 episodes=0 ","timestamp":1790062648.7726128},{"data_b64":"YXZnX2FsbD0wLjAwIGF2Z19hZmY=","description":"ble:LoRa-Chatter-1B44 44:1B:F6:8D:B7:A9","device_key":"ble-address:44:1b:f6:8d:b7:a9","kind":"rx","seq":45,"session":"s1","stream":"telemetry","text":"avg_all=0.00 avg_aff","timestamp":1790062648.7733548},{"data_b64":"ZWN0ZWQ9MC4wMCBoaWdoX3BvbGw=","description":"ble:LoRa-Chatter-1B44 44:1B:F6:8D:B7:A9","device_key":"ble-address:44:1b:f6:8d:b7:a9","kind":"rx","seq":46,"session":"s1","stream":"telemetry","text":"ected=0.00 high_poll","timestamp":1790062648.7740653},{"data_b64":"cz0wCg==","description":"ble:LoRa-Chatter-1B44 44:1B:F6:8D:B7:A9","device_key":"ble-address:44:1b:f6:8d:b7:a9","kind":"rx","seq":47,"session":"s1","stream":"telemetry","text":"s=0\n","timestamp":1790062648.7747276},{"data_b64":"U0VTU0lPTiBSWF9QT0xMIHBvbGw=","description":"ble:LoRa-Chatter-1B44 44:1B:F6:8D:B7:A9","device_key":"ble-address:44:1b:f6:8d:b7:a9","kind":"rx","seq":48,"session":"s1","stream":"telemetry","text":"SESSION RX_POLL poll","timestamp":1790062648.7752964},{"data_b64":"cz0zNTczNjEgcnhkb25lPTEgaW4=","description":"ble:LoRa-Chatter-1B44 44:1B:F6:8D:B7:A9","device_key":"ble-address:44:1b:f6:8d:b7:a9","kind":"rx","seq":49,"session":"s1","stream":"telemetry","text":"s=357361 rxdone=1 in","timestamp":1790062648.7759128},{"data_b64":"dGVydmFsPTEwMDB1cyBESU8wX1I=","description":"ble:LoRa-Chatter-1B44 44:1B:F6:8D:B7:A9","device_key":"ble-address:44:1b:f6:8d:b7:a9","kind":"rx","seq":50,"session":"s1","stream":"telemetry","text":"terval=1000us DIO0_R","timestamp":1790062648.7766085},{"data_b64":"WCBmYWxzZV9oaWdoX2VwPTAgaGk=","description":"ble:LoRa-Chatter-1B44 44:1B:F6:8D:B7:A9","device_key":"ble-address:44:1b:f6:8d:b7:a9","kind":"rx","seq":51,"session":"s1","stream":"telemetry","text":"X false_high_ep=0 hi","timestamp":1790062648.7773395},{"data_b64":"Z2hfcG9sbHM9MCByeGRvbmVfbG8=","description":"ble:LoRa-Chatter-1B44 44:1B:F6:8D:B7:A9","device_key":"ble-address:44:1b:f6:8d:b7:a9","kind":"rx","seq":52,"session":"s1","stream":"telemetry","text":"gh_polls=0 rxdone_lo","timestamp":1790062648.778088},{"data_b64":"dz0wIGlzcj1kaXNhYmxlZAo=","description":"ble:LoRa-Chatter-1B44 44:1B:F6:8D:B7:A9","device_key":"ble-address:44:1b:f6:8d:b7:a9","kind":"rx","seq":53,"session":"s1","stream":"telemetry","text":"w=0 isr=disabled\n","timestamp":1790062648.778556},{"data_b64":"ClNFU1NJT04gdD0zNjBzIFRYIG8=","description":"ble:LoRa-Chatter-72E0 E0:72:A1:D5:4C:15","device_key":"ble-address:e0:72:a1:d5:4c:15","kind":"rx","seq":36,"session":"s2","stream":"telemetry","text":"\nSESSION t=360s TX o","timestamp":1790062656.3447223},{"data_b64":"az0wIHVzZXI9MCBlY2hvX3JlcT0=","description":"ble:LoRa-Chatter-72E0 E0:72:A1:D5:4C:15","device_key":"ble-address:e0:72:a1:d5:4c:15","kind":"rx","seq":37,"session":"s2","stream":"telemetry","text":"k=0 user=0 echo_req=","timestamp":1790062656.3454921},{"data_b64":"MCBlY2hvX3JlcD0wIGhiPTAoaWQ=","description":"ble:LoRa-Chatter-72E0 E0:72:A1:D5:4C:15","device_key":"ble-address:e0:72:a1:d5:4c:15","kind":"rx","seq":38,"session":"s2","stream":"telemetry","text":"0 echo_rep=0 hb=0(id","timestamp":1790062656.34614},{"data_b64":"bGU9MCkgZXJyPTAgc3RhcnRlZD0=","description":"ble:LoRa-Chatter-72E0 E0:72:A1:D5:4C:15","device_key":"ble-address:e0:72:a1:d5:4c:15","kind":"rx","seq":39,"session":"s2","stream":"telemetry","text":"le=0) err=0 started=","timestamp":1790062656.346825},{"data_b64":"MCBSWCBvaz0wIHVzZXI9MCBlY2g=","description":"ble:LoRa-Chatter-72E0 E0:72:A1:D5:4C:15","device_key":"ble-address:e0:72:a1:d5:4c:15","kind":"rx","seq":40,"session":"s2","stream":"telemetry","text":"0 RX ok=0 user=0 ech","timestamp":1790062656.3474302},{"data_b64":"b19yZXE9MCBlY2hvX3JlcD0wIGg=","description":"ble:LoRa-Chatter-72E0 E0:72:A1:D5:4C:15","device_key":"ble-address:e0:72:a1:d5:4c:15","kind":"rx","seq":41,"session":"s2","stream":"telemetry","text":"o_req=0 echo_rep=0 h","timestamp":1790062656.3481686},{"data_b64":"Yj0wIGNyYz0wIGhkcj0wIGJhZD0=","description":"ble:LoRa-Chatter-72E0 E0:72:A1:D5:4C:15","device_key":"ble-address:e0:72:a1:d5:4c:15","kind":"rx","seq":42,"session":"s2","stream":"telemetry","text":"b=0 crc=0 hdr=0 bad=","timestamp":1790062656.3487847},{"data_b64":"MCByZWFkZXJyPTAgcmVwb3J0cz0=","description":"ble:LoRa-Chatter-72E0 E0:72:A1:D5:4C:15","device_key":"ble-address:e0:72:a1:d5:4c:15","kind":"rx","seq":43,"session":"s2","stream":"telemetry","text":"0 readerr=0 reports=","timestamp":1790062656.3496788},{"data_b64":"MCBRPTAlIGRyb3BzPTAgZmF0YWw=","description":"ble:LoRa-Chatter-72E0 E0:72:A1:D5:4C:15","device_key":"ble-address:e0:72:a1:d5:4c:15","kind":"rx","seq":44,"session":"s2","stream":"telemetry","text":"0 Q=0% drops=0 fatal","timestamp":1790062656.3503535},{"data_b64":"PTAK","description":"ble:LoRa-Chatter-72E0 E0:72:A1:D5:4C:15","device_key":"ble-address:e0:72:a1:d5:4c:15","kind":"rx","seq":45,"session":"s2","stream":"telemetry","text":"=0\n","timestamp":1790062656.3517995},{"data_b64":"U0VTU0lPTiBDT1VSVEVTWSB3aW4=","description":"ble:LoRa-Chatter-72E0 E0:72:A1:D5:4C:15","device_key":"ble-address:e0:72:a1:d5:4c:15","kind":"rx","seq":46,"session":"s2","stream":"telemetry","text":"SESSION COURTESY win","timestamp":1790062656.3519146},{"data_b64":"ZG93PTkxMjNtcyBwZWVyX3JlbGU=","description":"ble:LoRa-Chatter-72E0 E0:72:A1:D5:4C:15","device_key":"ble-address:e0:72:a1:d5:4c:15","kind":"rx","seq":47,"session":"s2","stream":"telemetry","text":"dow=9123ms peer_rele","timestamp":1790062656.3532114},{"data_b64":"YXNlPTAgZXhwaXJlZD0wIHlpZWw=","description":"ble:LoRa-Chatter-72E0 E0:72:A1:D5:4C:15","device_key":"ble-address:e0:72:a1:d5:4c:15","kind":"rx","seq":48,"session":"s2","stream":"telemetry","text":"ase=0 expired=0 yiel","timestamp":1790062656.3549066},{"data_b64":"ZGluZz0wCg==","description":"ble:LoRa-Chatter-72E0 E0:72:A1:D5:4C:15","device_key":"ble-address:e0:72:a1:d5:4c:15","kind":"rx","seq":49,"session":"s2","stream":"telemetry","text":"ding=0\n","timestamp":1790062656.3550105},{"data_b64":"U0VTU0lPTiBESU8wX1RYIGFmZmU=","description":"ble:LoRa-Chatter-72E0 E0:72:A1:D5:4C:15","device_key":"ble-address:e0:72:a1:d5:4c:15","kind":"rx","seq":50,"session":"s2","stream":"telemetry","text":"SESSION DIO0_TX affe","timestamp":1790062656.3550873},{"data_b64":"Y3RlZD0wLzAgZXBpc29kZXM9MCA=","description":"ble:LoRa-Chatter-72E0 E0:72:A1:D5:4C:15","device_key":"ble-address:e0:72:a1:d5:4c:15","kind":"rx","seq":51,"session":"s2","stream":"telemetry","text":"cted=0/0 episodes=0 ","timestamp":1790062656.3564599},{"data_b64":"YXZnX2FsbD0wLjAwIGF2Z19hZmY=","description":"ble:LoRa-Chatter-72E0 E0:72:A1:D5:4C:15","device_key":"ble-address:e0:72:a1:d5:4c:15","kind":"rx","seq":52,"session":"s2","stream":"telemetry","text":"avg_all=0.00 avg_aff","timestamp":1790062656.3565526},{"data_b64":"ZWN0ZWQ9MC4wMCBoaWdoX3BvbGw=","description":"ble:LoRa-Chatter-72E0 E0:72:A1:D5:4C:15","device_key":"ble-address:e0:72:a1:d5:4c:15","kind":"rx","seq":53,"session":"s2","stream":"telemetry","text":"ected=0.00 high_poll","timestamp":1790062656.3576772},{"data_b64":"cz0wCg==","description":"ble:LoRa-Chatter-72E0 E0:72:A1:D5:4C:15","device_key":"ble-address:e0:72:a1:d5:4c:15","kind":"rx","seq":54,"session":"s2","stream":"telemetry","text":"s=0\n","timestamp":1790062656.3577569},{"data_b64":"U0VTU0lPTiBSWF9QT0xMIHBvbGw=","description":"ble:LoRa-Chatter-72E0 E0:72:A1:D5:4C:15","device_key":"ble-address:e0:72:a1:d5:4c:15","kind":"rx","seq":55,"session":"s2","stream":"telemetry","text":"SESSION RX_POLL poll","timestamp":1790062656.3587582},{"data_b64":"cz0zNTY2OTIgcnhkb25lPTAgaW4=","description":"ble:LoRa-Chatter-72E0 E0:72:A1:D5:4C:15","device_key":"ble-address:e0:72:a1:d5:4c:15","kind":"rx","seq":56,"session":"s2","stream":"telemetry","text":"s=356692 rxdone=0 in","timestamp":1790062656.359563},{"data_b64":"dGVydmFsPTEwMDB1cyBESU8wX1I=","description":"ble:LoRa-Chatter-72E0 E0:72:A1:D5:4C:15","device_key":"ble-address:e0:72:a1:d5:4c:15","kind":"rx","seq":57,"session":"s2","stream":"telemetry","text":"terval=1000us DIO0_R","timestamp":1790062656.3596258},{"data_b64":"WCBmYWxzZV9oaWdoX2VwPTAgaGk=","description":"ble:LoRa-Chatter-72E0 E0:72:A1:D5:4C:15","device_key":"ble-address:e0:72:a1:d5:4c:15","kind":"rx","seq":58,"session":"s2","stream":"telemetry","text":"X false_high_ep=0 hi","timestamp":1790062656.359965},{"data_b64":"Z2hfcG9sbHM9MCByeGRvbmVfbG8=","description":"ble:LoRa-Chatter-72E0 E0:72:A1:D5:4C:15","device_key":"ble-address:e0:72:a1:d5:4c:15","kind":"rx","seq":59,"session":"s2","stream":"telemetry","text":"gh_polls=0 rxdone_lo","timestamp":1790062656.3606086},{"data_b64":"dz0wIGlzcj1kaXNhYmxlZAo=","description":"ble:LoRa-Chatter-72E0 E0:72:A1:D5:4C:15","device_key":"ble-address:e0:72:a1:d5:4c:15","kind":"rx","seq":60,"session":"s2","stream":"telemetry","text":"w=0 isr=disabled\n","timestamp":1790062656.3617857}],"lines":[{"seq_first":18,"seq_last":19,"session":"s2","stream":"chat","text":"[SYS] CHATTER NODE LoRa-Chatter-72E0"},{"seq_first":18,"seq_last":19,"session":"s1","stream":"chat","text":"[SYS] CHATTER NODE LoRa-Chatter-1B44"},{"seq_first":20,"seq_last":20,"session":"s1","stream":"telemetry","text":""},{"seq_first":20,"seq_last":21,"session":"s1","stream":"telemetry","text":"INPUT QUEUE FULL dropped=1"},{"seq_first":22,"seq_last":22,"session":"s1","stream":"chat","text":"[SYS] HEARTBEAT OFF"},{"seq_first":23,"seq_last":24,"session":"s1","stream":"chat","text":"[SYS] DIAG already OFF"},{"seq_first":25,"seq_last":26,"session":"s1","stream":"chat","text":"[SYS] ECHO LOOP already stopped"},{"seq_first":27,"seq_last":28,"session":"s1","stream":"chat","text":"[SYS] POWER 2 dBm SAVED"},{"seq_first":20,"seq_last":20,"session":"s2","stream":"chat","text":"[SYS] HEARTBEAT OFF"},{"seq_first":21,"seq_last":22,"session":"s2","stream":"chat","text":"[SYS] DIAG already OFF"},{"seq_first":23,"seq_last":24,"session":"s2","stream":"chat","text":"[SYS] ECHO LOOP already stopped"},{"seq_first":25,"seq_last":26,"session":"s2","stream":"chat","text":"[SYS] POWER 2 dBm SAVED"},{"seq_first":27,"seq_last":29,"session":"s2","stream":"chat","text":"[SYS] CFG schema=2 storage=NVS freq_oob=OFF"},{"seq_first":30,"seq_last":32,"session":"s2","stream":"chat","text":"[SYS] CFG RADIO power=2 dBm freq=470 MHz sf=12 bw=125 kHz"},{"seq_first":33,"seq_last":35,"session":"s2","stream":"chat","text":"[SYS] CFG LINK heartbeat=OFF retry=ON attempts=5 diag=OFF"},{"seq_first":29,"seq_last":29,"session":"s1","stream":"telemetry","text":""},{"seq_first":29,"seq_last":38,"session":"s1","stream":"telemetry","text":"SESSION t=360s TX ok=0 user=0 echo_req=0 echo_rep=0 hb=0(idle=0) err=0 started=0 RX ok=0 user=0 echo_req=0 echo_rep=0 hb=0 crc=0 hdr=0 bad=1 readerr=0 reports=0 Q=0% drops=1 fatal=0"},{"seq_first":39,"seq_last":42,"session":"s1","stream":"telemetry","text":"SESSION COURTESY window=9123ms peer_release=0 expired=0 yielding=0"},{"seq_first":43,"seq_last":47,"session":"s1","stream":"telemetry","text":"SESSION DIO0_TX affected=0/0 episodes=0 avg_all=0.00 avg_affected=0.00 high_polls=0"},{"seq_first":48,"seq_last":53,"session":"s1","stream":"telemetry","text":"SESSION RX_POLL polls=357361 rxdone=1 interval=1000us DIO0_RX false_high_ep=0 high_polls=0 rxdone_low=0 isr=disabled"},{"seq_first":36,"seq_last":36,"session":"s2","stream":"telemetry","text":""},{"seq_first":36,"seq_last":45,"session":"s2","stream":"telemetry","text":"SESSION t=360s TX ok=0 user=0 echo_req=0 echo_rep=0 hb=0(idle=0) err=0 started=0 RX ok=0 user=0 echo_req=0 echo_rep=0 hb=0 crc=0 hdr=0 bad=0 readerr=0 reports=0 Q=0% drops=0 fatal=0"},{"seq_first":46,"seq_last":49,"session":"s2","stream":"telemetry","text":"SESSION COURTESY window=9123ms peer_release=0 expired=0 yielding=0"},{"seq_first":50,"seq_last":54,"session":"s2","stream":"telemetry","text":"SESSION DIO0_TX affected=0/0 episodes=0 avg_all=0.00 avg_affected=0.00 high_polls=0"},{"seq_first":55,"seq_last":60,"session":"s2","stream":"telemetry","text":"SESSION RX_POLL polls=356692 rxdone=0 interval=1000us DIO0_RX false_high_ep=0 high_polls=0 rxdone_low=0 isr=disabled"}],"timed_out":false}}
2026-09-22T10:38:23.130+03:00 [AGENT REQUEST] {"id":18,"op":"send_line","session":"s1","text":"/config"}
2026-09-22T10:38:23.130+03:00 [AGENT RESPONSE] {"id":18,"ok":true,"result":{"state":"queued","tx_id":7}}
2026-09-22T10:38:23.131+03:00 [TX] {"data_b64":"L2NvbmZpZwo=","device_key":"ble-address:44:1b:f6:8d:b7:a9","kind":"tx","seq":54,"session":"s1","text":"/config","timestamp":1790062703.130846,"tx_id":7,"tx_state":"queued"}
2026-09-22T10:38:23.132+03:00 [AGENT REQUEST] {"id":19,"op":"observe","cursors":{"s1":53,"s2":60},"timeout_ms":15000}
2026-09-22T10:38:23.132+03:00 [AGENT RESPONSE] {"id":19,"ok":true,"result":{"cursors":{"s1":54,"s2":60},"events":[{"data_b64":"L2NvbmZpZwo=","device_key":"ble-address:44:1b:f6:8d:b7:a9","kind":"tx","seq":54,"session":"s1","text":"/config","timestamp":1790062703.130846,"tx_id":7,"tx_state":"queued"}],"lines":[],"timed_out":false}}
2026-09-22T10:38:23.133+03:00 [TX] {"data_b64":"L2NvbmZpZwo=","description":"ble:LoRa-Chatter-1B44 44:1B:F6:8D:B7:A9","device_key":"ble-address:44:1b:f6:8d:b7:a9","kind":"tx","seq":55,"session":"s1","text":"/config","timestamp":1790062703.1333926,"tx_id":7,"tx_state":"written"}
2026-09-22T10:38:23.212+03:00 [RX chat] {"data_b64":"W1NZU10gQ0ZHIHNjaGVtYT0yIHM=","description":"ble:LoRa-Chatter-1B44 44:1B:F6:8D:B7:A9","device_key":"ble-address:44:1b:f6:8d:b7:a9","kind":"rx","seq":56,"session":"s1","stream":"chat","text":"[SYS] CFG schema=2 s","timestamp":1790062703.2126763}
2026-09-22T10:38:23.213+03:00 [RX chat] {"data_b64":"dG9yYWdlPU5WUyBmcmVxX29vYj0=","description":"ble:LoRa-Chatter-1B44 44:1B:F6:8D:B7:A9","device_key":"ble-address:44:1b:f6:8d:b7:a9","kind":"rx","seq":57,"session":"s1","stream":"chat","text":"torage=NVS freq_oob=","timestamp":1790062703.2134001}
2026-09-22T10:38:23.214+03:00 [RX chat] {"data_b64":"T0ZGCg==","description":"ble:LoRa-Chatter-1B44 44:1B:F6:8D:B7:A9","device_key":"ble-address:44:1b:f6:8d:b7:a9","kind":"rx","seq":58,"session":"s1","stream":"chat","text":"OFF\n","timestamp":1790062703.214303}
2026-09-22T10:38:23.215+03:00 [RX chat] {"data_b64":"W1NZU10gQ0ZHIFJBRElPIHBvd2U=","description":"ble:LoRa-Chatter-1B44 44:1B:F6:8D:B7:A9","device_key":"ble-address:44:1b:f6:8d:b7:a9","kind":"rx","seq":59,"session":"s1","stream":"chat","text":"[SYS] CFG RADIO powe","timestamp":1790062703.215109}
2026-09-22T10:38:23.215+03:00 [RX chat] {"data_b64":"cj0yIGRCbSBmcmVxPTQ3MCBNSHo=","description":"ble:LoRa-Chatter-1B44 44:1B:F6:8D:B7:A9","device_key":"ble-address:44:1b:f6:8d:b7:a9","kind":"rx","seq":60,"session":"s1","stream":"chat","text":"r=2 dBm freq=470 MHz","timestamp":1790062703.2157497}
2026-09-22T10:38:23.217+03:00 [RX chat] {"data_b64":"IHNmPTEyIGJ3PTEyNSBrSHoK","description":"ble:LoRa-Chatter-1B44 44:1B:F6:8D:B7:A9","device_key":"ble-address:44:1b:f6:8d:b7:a9","kind":"rx","seq":61,"session":"s1","stream":"chat","text":" sf=12 bw=125 kHz\n","timestamp":1790062703.2164874}
2026-09-22T10:38:23.217+03:00 [RX chat] {"data_b64":"W1NZU10gQ0ZHIExJTksgaGVhcnQ=","description":"ble:LoRa-Chatter-1B44 44:1B:F6:8D:B7:A9","device_key":"ble-address:44:1b:f6:8d:b7:a9","kind":"rx","seq":62,"session":"s1","stream":"chat","text":"[SYS] CFG LINK heart","timestamp":1790062703.217687}
2026-09-22T10:38:23.218+03:00 [RX chat] {"data_b64":"YmVhdD1PRkYgcmV0cnk9T04gYXQ=","description":"ble:LoRa-Chatter-1B44 44:1B:F6:8D:B7:A9","device_key":"ble-address:44:1b:f6:8d:b7:a9","kind":"rx","seq":63,"session":"s1","stream":"chat","text":"beat=OFF retry=ON at","timestamp":1790062703.2177324}
2026-09-22T10:38:23.218+03:00 [RX chat] {"data_b64":"dGVtcHRzPTUgZGlhZz1PRkYK","description":"ble:LoRa-Chatter-1B44 44:1B:F6:8D:B7:A9","device_key":"ble-address:44:1b:f6:8d:b7:a9","kind":"rx","seq":64,"session":"s1","stream":"chat","text":"tempts=5 diag=OFF\n","timestamp":1790062703.2186086}
2026-09-22T10:38:28.748+03:00 [RX telemetry] {"data_b64":"ClNFU1NJT04gdD00MjBzIFRYIG8=","description":"ble:LoRa-Chatter-1B44 44:1B:F6:8D:B7:A9","device_key":"ble-address:44:1b:f6:8d:b7:a9","kind":"rx","seq":65,"session":"s1","stream":"telemetry","text":"\nSESSION t=420s TX o","timestamp":1790062708.7477438}
2026-09-22T10:38:28.748+03:00 [RX telemetry] {"data_b64":"az0wIHVzZXI9MCBlY2hvX3JlcT0=","description":"ble:LoRa-Chatter-1B44 44:1B:F6:8D:B7:A9","device_key":"ble-address:44:1b:f6:8d:b7:a9","kind":"rx","seq":66,"session":"s1","stream":"telemetry","text":"k=0 user=0 echo_req=","timestamp":1790062708.7486284}
2026-09-22T10:38:28.792+03:00 [RX telemetry] {"data_b64":"MCBlY2hvX3JlcD0wIGhiPTAoaWQ=","description":"ble:LoRa-Chatter-1B44 44:1B:F6:8D:B7:A9","device_key":"ble-address:44:1b:f6:8d:b7:a9","kind":"rx","seq":67,"session":"s1","stream":"telemetry","text":"0 echo_rep=0 hb=0(id","timestamp":1790062708.792398}
2026-09-22T10:38:28.793+03:00 [RX telemetry] {"data_b64":"bGU9MCkgZXJyPTAgc3RhcnRlZD0=","description":"ble:LoRa-Chatter-1B44 44:1B:F6:8D:B7:A9","device_key":"ble-address:44:1b:f6:8d:b7:a9","kind":"rx","seq":68,"session":"s1","stream":"telemetry","text":"le=0) err=0 started=","timestamp":1790062708.7933028}
2026-09-22T10:38:28.794+03:00 [RX telemetry] {"data_b64":"MCBSWCBvaz0wIHVzZXI9MCBlY2g=","description":"ble:LoRa-Chatter-1B44 44:1B:F6:8D:B7:A9","device_key":"ble-address:44:1b:f6:8d:b7:a9","kind":"rx","seq":69,"session":"s1","stream":"telemetry","text":"0 RX ok=0 user=0 ech","timestamp":1790062708.7941492}
2026-09-22T10:38:28.794+03:00 [RX telemetry] {"data_b64":"b19yZXE9MCBlY2hvX3JlcD0wIGg=","description":"ble:LoRa-Chatter-1B44 44:1B:F6:8D:B7:A9","device_key":"ble-address:44:1b:f6:8d:b7:a9","kind":"rx","seq":70,"session":"s1","stream":"telemetry","text":"o_req=0 echo_rep=0 h","timestamp":1790062708.7948132}
2026-09-22T10:38:28.795+03:00 [RX telemetry] {"data_b64":"Yj0wIGNyYz0wIGhkcj0wIGJhZD0=","description":"ble:LoRa-Chatter-1B44 44:1B:F6:8D:B7:A9","device_key":"ble-address:44:1b:f6:8d:b7:a9","kind":"rx","seq":71,"session":"s1","stream":"telemetry","text":"b=0 crc=0 hdr=0 bad=","timestamp":1790062708.7953877}
2026-09-22T10:38:28.797+03:00 [RX telemetry] {"data_b64":"MSByZWFkZXJyPTAgcmVwb3J0cz0=","description":"ble:LoRa-Chatter-1B44 44:1B:F6:8D:B7:A9","device_key":"ble-address:44:1b:f6:8d:b7:a9","kind":"rx","seq":72,"session":"s1","stream":"telemetry","text":"1 readerr=0 reports=","timestamp":1790062708.797573}
2026-09-22T10:38:28.798+03:00 [RX telemetry] {"data_b64":"MCBRPTAlIGRyb3BzPTEgZmF0YWw=","description":"ble:LoRa-Chatter-1B44 44:1B:F6:8D:B7:A9","device_key":"ble-address:44:1b:f6:8d:b7:a9","kind":"rx","seq":73,"session":"s1","stream":"telemetry","text":"0 Q=0% drops=1 fatal","timestamp":1790062708.7983444}
2026-09-22T10:38:28.799+03:00 [RX telemetry] {"data_b64":"PTAK","description":"ble:LoRa-Chatter-1B44 44:1B:F6:8D:B7:A9","device_key":"ble-address:44:1b:f6:8d:b7:a9","kind":"rx","seq":74,"session":"s1","stream":"telemetry","text":"=0\n","timestamp":1790062708.7989433}
2026-09-22T10:38:28.799+03:00 [RX telemetry] {"data_b64":"U0VTU0lPTiBDT1VSVEVTWSB3aW4=","description":"ble:LoRa-Chatter-1B44 44:1B:F6:8D:B7:A9","device_key":"ble-address:44:1b:f6:8d:b7:a9","kind":"rx","seq":75,"session":"s1","stream":"telemetry","text":"SESSION COURTESY win","timestamp":1790062708.7998004}
2026-09-22T10:38:28.800+03:00 [RX telemetry] {"data_b64":"ZG93PTkxMjNtcyBwZWVyX3JlbGU=","description":"ble:LoRa-Chatter-1B44 44:1B:F6:8D:B7:A9","device_key":"ble-address:44:1b:f6:8d:b7:a9","kind":"rx","seq":76,"session":"s1","stream":"telemetry","text":"dow=9123ms peer_rele","timestamp":1790062708.8005755}
2026-09-22T10:38:28.801+03:00 [RX telemetry] {"data_b64":"YXNlPTAgZXhwaXJlZD0wIHlpZWw=","description":"ble:LoRa-Chatter-1B44 44:1B:F6:8D:B7:A9","device_key":"ble-address:44:1b:f6:8d:b7:a9","kind":"rx","seq":77,"session":"s1","stream":"telemetry","text":"ase=0 expired=0 yiel","timestamp":1790062708.8011796}
2026-09-22T10:38:28.802+03:00 [RX telemetry] {"data_b64":"ZGluZz0wCg==","description":"ble:LoRa-Chatter-1B44 44:1B:F6:8D:B7:A9","device_key":"ble-address:44:1b:f6:8d:b7:a9","kind":"rx","seq":78,"session":"s1","stream":"telemetry","text":"ding=0\n","timestamp":1790062708.8022716}
2026-09-22T10:38:28.803+03:00 [RX telemetry] {"data_b64":"U0VTU0lPTiBESU8wX1RYIGFmZmU=","description":"ble:LoRa-Chatter-1B44 44:1B:F6:8D:B7:A9","device_key":"ble-address:44:1b:f6:8d:b7:a9","kind":"rx","seq":79,"session":"s1","stream":"telemetry","text":"SESSION DIO0_TX affe","timestamp":1790062708.8029945}
2026-09-22T10:38:28.803+03:00 [RX telemetry] {"data_b64":"Y3RlZD0wLzAgZXBpc29kZXM9MCA=","description":"ble:LoRa-Chatter-1B44 44:1B:F6:8D:B7:A9","device_key":"ble-address:44:1b:f6:8d:b7:a9","kind":"rx","seq":80,"session":"s1","stream":"telemetry","text":"cted=0/0 episodes=0 ","timestamp":1790062708.8036075}
2026-09-22T10:38:28.804+03:00 [RX telemetry] {"data_b64":"YXZnX2FsbD0wLjAwIGF2Z19hZmY=","description":"ble:LoRa-Chatter-1B44 44:1B:F6:8D:B7:A9","device_key":"ble-address:44:1b:f6:8d:b7:a9","kind":"rx","seq":81,"session":"s1","stream":"telemetry","text":"avg_all=0.00 avg_aff","timestamp":1790062708.8041823}
2026-09-22T10:38:28.805+03:00 [RX telemetry] {"data_b64":"ZWN0ZWQ9MC4wMCBoaWdoX3BvbGw=","description":"ble:LoRa-Chatter-1B44 44:1B:F6:8D:B7:A9","device_key":"ble-address:44:1b:f6:8d:b7:a9","kind":"rx","seq":82,"session":"s1","stream":"telemetry","text":"ected=0.00 high_poll","timestamp":1790062708.8048487}
2026-09-22T10:38:28.805+03:00 [RX telemetry] {"data_b64":"cz0wCg==","description":"ble:LoRa-Chatter-1B44 44:1B:F6:8D:B7:A9","device_key":"ble-address:44:1b:f6:8d:b7:a9","kind":"rx","seq":83,"session":"s1","stream":"telemetry","text":"s=0\n","timestamp":1790062708.8055136}
2026-09-22T10:38:28.806+03:00 [RX telemetry] {"data_b64":"U0VTU0lPTiBSWF9QT0xMIHBvbGw=","description":"ble:LoRa-Chatter-1B44 44:1B:F6:8D:B7:A9","device_key":"ble-address:44:1b:f6:8d:b7:a9","kind":"rx","seq":84,"session":"s1","stream":"telemetry","text":"SESSION RX_POLL poll","timestamp":1790062708.8062437}
2026-09-22T10:38:28.807+03:00 [RX telemetry] {"data_b64":"cz00MTcwMDAgcnhkb25lPTEgaW4=","description":"ble:LoRa-Chatter-1B44 44:1B:F6:8D:B7:A9","device_key":"ble-address:44:1b:f6:8d:b7:a9","kind":"rx","seq":85,"session":"s1","stream":"telemetry","text":"s=417000 rxdone=1 in","timestamp":1790062708.8068774}
2026-09-22T10:38:28.807+03:00 [RX telemetry] {"data_b64":"dGVydmFsPTEwMDB1cyBESU8wX1I=","description":"ble:LoRa-Chatter-1B44 44:1B:F6:8D:B7:A9","device_key":"ble-address:44:1b:f6:8d:b7:a9","kind":"rx","seq":86,"session":"s1","stream":"telemetry","text":"terval=1000us DIO0_R","timestamp":1790062708.8074284}
2026-09-22T10:38:28.808+03:00 [RX telemetry] {"data_b64":"WCBmYWxzZV9oaWdoX2VwPTAgaGk=","description":"ble:LoRa-Chatter-1B44 44:1B:F6:8D:B7:A9","device_key":"ble-address:44:1b:f6:8d:b7:a9","kind":"rx","seq":87,"session":"s1","stream":"telemetry","text":"X false_high_ep=0 hi","timestamp":1790062708.807992}
2026-09-22T10:38:28.808+03:00 [RX telemetry] {"data_b64":"Z2hfcG9sbHM9MCByeGRvbmVfbG8=","description":"ble:LoRa-Chatter-1B44 44:1B:F6:8D:B7:A9","device_key":"ble-address:44:1b:f6:8d:b7:a9","kind":"rx","seq":88,"session":"s1","stream":"telemetry","text":"gh_polls=0 rxdone_lo","timestamp":1790062708.8085787}
2026-09-22T10:38:28.809+03:00 [RX telemetry] {"data_b64":"dz0wIGlzcj1kaXNhYmxlZAo=","description":"ble:LoRa-Chatter-1B44 44:1B:F6:8D:B7:A9","device_key":"ble-address:44:1b:f6:8d:b7:a9","kind":"rx","seq":89,"session":"s1","stream":"telemetry","text":"w=0 isr=disabled\n","timestamp":1790062708.8092895}
2026-09-22T10:38:36.330+03:00 [RX telemetry] {"data_b64":"ClNFU1NJT04gdD00MjBzIFRYIG8=","description":"ble:LoRa-Chatter-72E0 E0:72:A1:D5:4C:15","device_key":"ble-address:e0:72:a1:d5:4c:15","kind":"rx","seq":61,"session":"s2","stream":"telemetry","text":"\nSESSION t=420s TX o","timestamp":1790062716.330588}
2026-09-22T10:38:36.332+03:00 [RX telemetry] {"data_b64":"az0wIHVzZXI9MCBlY2hvX3JlcT0=","description":"ble:LoRa-Chatter-72E0 E0:72:A1:D5:4C:15","device_key":"ble-address:e0:72:a1:d5:4c:15","kind":"rx","seq":62,"session":"s2","stream":"telemetry","text":"k=0 user=0 echo_req=","timestamp":1790062716.3317227}
2026-09-22T10:38:36.332+03:00 [RX telemetry] {"data_b64":"MCBlY2hvX3JlcD0wIGhiPTAoaWQ=","description":"ble:LoRa-Chatter-72E0 E0:72:A1:D5:4C:15","device_key":"ble-address:e0:72:a1:d5:4c:15","kind":"rx","seq":63,"session":"s2","stream":"telemetry","text":"0 echo_rep=0 hb=0(id","timestamp":1790062716.33181}
2026-09-22T10:38:36.333+03:00 [RX telemetry] {"data_b64":"bGU9MCkgZXJyPTAgc3RhcnRlZD0=","description":"ble:LoRa-Chatter-72E0 E0:72:A1:D5:4C:15","device_key":"ble-address:e0:72:a1:d5:4c:15","kind":"rx","seq":64,"session":"s2","stream":"telemetry","text":"le=0) err=0 started=","timestamp":1790062716.3328812}
2026-09-22T10:38:36.334+03:00 [RX telemetry] {"data_b64":"MCBSWCBvaz0wIHVzZXI9MCBlY2g=","description":"ble:LoRa-Chatter-72E0 E0:72:A1:D5:4C:15","device_key":"ble-address:e0:72:a1:d5:4c:15","kind":"rx","seq":65,"session":"s2","stream":"telemetry","text":"0 RX ok=0 user=0 ech","timestamp":1790062716.3335145}
2026-09-22T10:38:36.334+03:00 [RX telemetry] {"data_b64":"b19yZXE9MCBlY2hvX3JlcD0wIGg=","description":"ble:LoRa-Chatter-72E0 E0:72:A1:D5:4C:15","device_key":"ble-address:e0:72:a1:d5:4c:15","kind":"rx","seq":66,"session":"s2","stream":"telemetry","text":"o_req=0 echo_rep=0 h","timestamp":1790062716.3338244}
2026-09-22T10:38:36.335+03:00 [RX telemetry] {"data_b64":"Yj0wIGNyYz0wIGhkcj0wIGJhZD0=","description":"ble:LoRa-Chatter-72E0 E0:72:A1:D5:4C:15","device_key":"ble-address:e0:72:a1:d5:4c:15","kind":"rx","seq":67,"session":"s2","stream":"telemetry","text":"b=0 crc=0 hdr=0 bad=","timestamp":1790062716.3350112}
2026-09-22T10:38:36.336+03:00 [RX telemetry] {"data_b64":"MCByZWFkZXJyPTAgcmVwb3J0cz0=","description":"ble:LoRa-Chatter-72E0 E0:72:A1:D5:4C:15","device_key":"ble-address:e0:72:a1:d5:4c:15","kind":"rx","seq":68,"session":"s2","stream":"telemetry","text":"0 readerr=0 reports=","timestamp":1790062716.3360634}
2026-09-22T10:38:36.336+03:00 [RX telemetry] {"data_b64":"MCBRPTAlIGRyb3BzPTAgZmF0YWw=","description":"ble:LoRa-Chatter-72E0 E0:72:A1:D5:4C:15","device_key":"ble-address:e0:72:a1:d5:4c:15","kind":"rx","seq":69,"session":"s2","stream":"telemetry","text":"0 Q=0% drops=0 fatal","timestamp":1790062716.3366396}
2026-09-22T10:38:36.337+03:00 [RX telemetry] {"data_b64":"PTAK","description":"ble:LoRa-Chatter-72E0 E0:72:A1:D5:4C:15","device_key":"ble-address:e0:72:a1:d5:4c:15","kind":"rx","seq":70,"session":"s2","stream":"telemetry","text":"=0\n","timestamp":1790062716.3371854}
2026-09-22T10:38:36.338+03:00 [RX telemetry] {"data_b64":"U0VTU0lPTiBDT1VSVEVTWSB3aW4=","description":"ble:LoRa-Chatter-72E0 E0:72:A1:D5:4C:15","device_key":"ble-address:e0:72:a1:d5:4c:15","kind":"rx","seq":71,"session":"s2","stream":"telemetry","text":"SESSION COURTESY win","timestamp":1790062716.3378577}
2026-09-22T10:38:36.338+03:00 [RX telemetry] {"data_b64":"ZG93PTkxMjNtcyBwZWVyX3JlbGU=","description":"ble:LoRa-Chatter-72E0 E0:72:A1:D5:4C:15","device_key":"ble-address:e0:72:a1:d5:4c:15","kind":"rx","seq":72,"session":"s2","stream":"telemetry","text":"dow=9123ms peer_rele","timestamp":1790062716.3384173}
2026-09-22T10:38:36.339+03:00 [RX telemetry] {"data_b64":"YXNlPTAgZXhwaXJlZD0wIHlpZWw=","description":"ble:LoRa-Chatter-72E0 E0:72:A1:D5:4C:15","device_key":"ble-address:e0:72:a1:d5:4c:15","kind":"rx","seq":73,"session":"s2","stream":"telemetry","text":"ase=0 expired=0 yiel","timestamp":1790062716.3390028}
2026-09-22T10:38:36.339+03:00 [RX telemetry] {"data_b64":"ZGluZz0wCg==","description":"ble:LoRa-Chatter-72E0 E0:72:A1:D5:4C:15","device_key":"ble-address:e0:72:a1:d5:4c:15","kind":"rx","seq":74,"session":"s2","stream":"telemetry","text":"ding=0\n","timestamp":1790062716.3397715}
2026-09-22T10:38:36.340+03:00 [RX telemetry] {"data_b64":"U0VTU0lPTiBESU8wX1RYIGFmZmU=","description":"ble:LoRa-Chatter-72E0 E0:72:A1:D5:4C:15","device_key":"ble-address:e0:72:a1:d5:4c:15","kind":"rx","seq":75,"session":"s2","stream":"telemetry","text":"SESSION DIO0_TX affe","timestamp":1790062716.3404207}
2026-09-22T10:38:36.341+03:00 [RX telemetry] {"data_b64":"Y3RlZD0wLzAgZXBpc29kZXM9MCA=","description":"ble:LoRa-Chatter-72E0 E0:72:A1:D5:4C:15","device_key":"ble-address:e0:72:a1:d5:4c:15","kind":"rx","seq":76,"session":"s2","stream":"telemetry","text":"cted=0/0 episodes=0 ","timestamp":1790062716.340884}
2026-09-22T10:38:36.342+03:00 [RX telemetry] {"data_b64":"YXZnX2FsbD0wLjAwIGF2Z19hZmY=","description":"ble:LoRa-Chatter-72E0 E0:72:A1:D5:4C:15","device_key":"ble-address:e0:72:a1:d5:4c:15","kind":"rx","seq":77,"session":"s2","stream":"telemetry","text":"avg_all=0.00 avg_aff","timestamp":1790062716.3420222}
2026-09-22T10:38:36.342+03:00 [RX telemetry] {"data_b64":"ZWN0ZWQ9MC4wMCBoaWdoX3BvbGw=","description":"ble:LoRa-Chatter-72E0 E0:72:A1:D5:4C:15","device_key":"ble-address:e0:72:a1:d5:4c:15","kind":"rx","seq":78,"session":"s2","stream":"telemetry","text":"ected=0.00 high_poll","timestamp":1790062716.3426685}
2026-09-22T10:38:36.343+03:00 [RX telemetry] {"data_b64":"cz0wCg==","description":"ble:LoRa-Chatter-72E0 E0:72:A1:D5:4C:15","device_key":"ble-address:e0:72:a1:d5:4c:15","kind":"rx","seq":79,"session":"s2","stream":"telemetry","text":"s=0\n","timestamp":1790062716.343272}
2026-09-22T10:38:36.344+03:00 [RX telemetry] {"data_b64":"U0VTU0lPTiBSWF9QT0xMIHBvbGw=","description":"ble:LoRa-Chatter-72E0 E0:72:A1:D5:4C:15","device_key":"ble-address:e0:72:a1:d5:4c:15","kind":"rx","seq":80,"session":"s2","stream":"telemetry","text":"SESSION RX_POLL poll","timestamp":1790062716.3439507}
2026-09-22T10:38:36.344+03:00 [RX telemetry] {"data_b64":"cz00MTYzNjYgcnhkb25lPTAgaW4=","description":"ble:LoRa-Chatter-72E0 E0:72:A1:D5:4C:15","device_key":"ble-address:e0:72:a1:d5:4c:15","kind":"rx","seq":81,"session":"s2","stream":"telemetry","text":"s=416366 rxdone=0 in","timestamp":1790062716.3446279}
2026-09-22T10:38:36.345+03:00 [RX telemetry] {"data_b64":"dGVydmFsPTEwMDB1cyBESU8wX1I=","description":"ble:LoRa-Chatter-72E0 E0:72:A1:D5:4C:15","device_key":"ble-address:e0:72:a1:d5:4c:15","kind":"rx","seq":82,"session":"s2","stream":"telemetry","text":"terval=1000us DIO0_R","timestamp":1790062716.3454106}
2026-09-22T10:38:36.346+03:00 [RX telemetry] {"data_b64":"WCBmYWxzZV9oaWdoX2VwPTAgaGk=","description":"ble:LoRa-Chatter-72E0 E0:72:A1:D5:4C:15","device_key":"ble-address:e0:72:a1:d5:4c:15","kind":"rx","seq":83,"session":"s2","stream":"telemetry","text":"X false_high_ep=0 hi","timestamp":1790062716.3458128}
2026-09-22T10:38:36.346+03:00 [RX telemetry] {"data_b64":"Z2hfcG9sbHM9MCByeGRvbmVfbG8=","description":"ble:LoRa-Chatter-72E0 E0:72:A1:D5:4C:15","device_key":"ble-address:e0:72:a1:d5:4c:15","kind":"rx","seq":84,"session":"s2","stream":"telemetry","text":"gh_polls=0 rxdone_lo","timestamp":1790062716.3465662}
2026-09-22T10:38:36.347+03:00 [RX telemetry] {"data_b64":"dz0wIGlzcj1kaXNhYmxlZAo=","description":"ble:LoRa-Chatter-72E0 E0:72:A1:D5:4C:15","device_key":"ble-address:e0:72:a1:d5:4c:15","kind":"rx","seq":85,"session":"s2","stream":"telemetry","text":"w=0 isr=disabled\n","timestamp":1790062716.3472426}
2026-09-22T10:38:57.136+03:00 [AGENT REQUEST] {"id":20,"op":"observe","cursors":{"s1":54,"s2":60},"timeout_ms":15000}
2026-09-22T10:38:57.138+03:00 [AGENT RESPONSE] {"id":20,"ok":true,"result":{"cursors":{"s1":89,"s2":85},"events":[{"data_b64":"L2NvbmZpZwo=","description":"ble:LoRa-Chatter-1B44 44:1B:F6:8D:B7:A9","device_key":"ble-address:44:1b:f6:8d:b7:a9","kind":"tx","seq":55,"session":"s1","text":"/config","timestamp":1790062703.1333926,"tx_id":7,"tx_state":"written"},{"data_b64":"W1NZU10gQ0ZHIHNjaGVtYT0yIHM=","description":"ble:LoRa-Chatter-1B44 44:1B:F6:8D:B7:A9","device_key":"ble-address:44:1b:f6:8d:b7:a9","kind":"rx","seq":56,"session":"s1","stream":"chat","text":"[SYS] CFG schema=2 s","timestamp":1790062703.2126763},{"data_b64":"dG9yYWdlPU5WUyBmcmVxX29vYj0=","description":"ble:LoRa-Chatter-1B44 44:1B:F6:8D:B7:A9","device_key":"ble-address:44:1b:f6:8d:b7:a9","kind":"rx","seq":57,"session":"s1","stream":"chat","text":"torage=NVS freq_oob=","timestamp":1790062703.2134001},{"data_b64":"T0ZGCg==","description":"ble:LoRa-Chatter-1B44 44:1B:F6:8D:B7:A9","device_key":"ble-address:44:1b:f6:8d:b7:a9","kind":"rx","seq":58,"session":"s1","stream":"chat","text":"OFF\n","timestamp":1790062703.214303},{"data_b64":"W1NZU10gQ0ZHIFJBRElPIHBvd2U=","description":"ble:LoRa-Chatter-1B44 44:1B:F6:8D:B7:A9","device_key":"ble-address:44:1b:f6:8d:b7:a9","kind":"rx","seq":59,"session":"s1","stream":"chat","text":"[SYS] CFG RADIO powe","timestamp":1790062703.215109},{"data_b64":"cj0yIGRCbSBmcmVxPTQ3MCBNSHo=","description":"ble:LoRa-Chatter-1B44 44:1B:F6:8D:B7:A9","device_key":"ble-address:44:1b:f6:8d:b7:a9","kind":"rx","seq":60,"session":"s1","stream":"chat","text":"r=2 dBm freq=470 MHz","timestamp":1790062703.2157497},{"data_b64":"IHNmPTEyIGJ3PTEyNSBrSHoK","description":"ble:LoRa-Chatter-1B44 44:1B:F6:8D:B7:A9","device_key":"ble-address:44:1b:f6:8d:b7:a9","kind":"rx","seq":61,"session":"s1","stream":"chat","text":" sf=12 bw=125 kHz\n","timestamp":1790062703.2164874},{"data_b64":"W1NZU10gQ0ZHIExJTksgaGVhcnQ=","description":"ble:LoRa-Chatter-1B44 44:1B:F6:8D:B7:A9","device_key":"ble-address:44:1b:f6:8d:b7:a9","kind":"rx","seq":62,"session":"s1","stream":"chat","text":"[SYS] CFG LINK heart","timestamp":1790062703.217687},{"data_b64":"YmVhdD1PRkYgcmV0cnk9T04gYXQ=","description":"ble:LoRa-Chatter-1B44 44:1B:F6:8D:B7:A9","device_key":"ble-address:44:1b:f6:8d:b7:a9","kind":"rx","seq":63,"session":"s1","stream":"chat","text":"beat=OFF retry=ON at","timestamp":1790062703.2177324},{"data_b64":"dGVtcHRzPTUgZGlhZz1PRkYK","description":"ble:LoRa-Chatter-1B44 44:1B:F6:8D:B7:A9","device_key":"ble-address:44:1b:f6:8d:b7:a9","kind":"rx","seq":64,"session":"s1","stream":"chat","text":"tempts=5 diag=OFF\n","timestamp":1790062703.2186086},{"data_b64":"ClNFU1NJT04gdD00MjBzIFRYIG8=","description":"ble:LoRa-Chatter-1B44 44:1B:F6:8D:B7:A9","device_key":"ble-address:44:1b:f6:8d:b7:a9","kind":"rx","seq":65,"session":"s1","stream":"telemetry","text":"\nSESSION t=420s TX o","timestamp":1790062708.7477438},{"data_b64":"az0wIHVzZXI9MCBlY2hvX3JlcT0=","description":"ble:LoRa-Chatter-1B44 44:1B:F6:8D:B7:A9","device_key":"ble-address:44:1b:f6:8d:b7:a9","kind":"rx","seq":66,"session":"s1","stream":"telemetry","text":"k=0 user=0 echo_req=","timestamp":1790062708.7486284},{"data_b64":"MCBlY2hvX3JlcD0wIGhiPTAoaWQ=","description":"ble:LoRa-Chatter-1B44 44:1B:F6:8D:B7:A9","device_key":"ble-address:44:1b:f6:8d:b7:a9","kind":"rx","seq":67,"session":"s1","stream":"telemetry","text":"0 echo_rep=0 hb=0(id","timestamp":1790062708.792398},{"data_b64":"bGU9MCkgZXJyPTAgc3RhcnRlZD0=","description":"ble:LoRa-Chatter-1B44 44:1B:F6:8D:B7:A9","device_key":"ble-address:44:1b:f6:8d:b7:a9","kind":"rx","seq":68,"session":"s1","stream":"telemetry","text":"le=0) err=0 started=","timestamp":1790062708.7933028},{"data_b64":"MCBSWCBvaz0wIHVzZXI9MCBlY2g=","description":"ble:LoRa-Chatter-1B44 44:1B:F6:8D:B7:A9","device_key":"ble-address:44:1b:f6:8d:b7:a9","kind":"rx","seq":69,"session":"s1","stream":"telemetry","text":"0 RX ok=0 user=0 ech","timestamp":1790062708.7941492},{"data_b64":"b19yZXE9MCBlY2hvX3JlcD0wIGg=","description":"ble:LoRa-Chatter-1B44 44:1B:F6:8D:B7:A9","device_key":"ble-address:44:1b:f6:8d:b7:a9","kind":"rx","seq":70,"session":"s1","stream":"telemetry","text":"o_req=0 echo_rep=0 h","timestamp":1790062708.7948132},{"data_b64":"Yj0wIGNyYz0wIGhkcj0wIGJhZD0=","description":"ble:LoRa-Chatter-1B44 44:1B:F6:8D:B7:A9","device_key":"ble-address:44:1b:f6:8d:b7:a9","kind":"rx","seq":71,"session":"s1","stream":"telemetry","text":"b=0 crc=0 hdr=0 bad=","timestamp":1790062708.7953877},{"data_b64":"MSByZWFkZXJyPTAgcmVwb3J0cz0=","description":"ble:LoRa-Chatter-1B44 44:1B:F6:8D:B7:A9","device_key":"ble-address:44:1b:f6:8d:b7:a9","kind":"rx","seq":72,"session":"s1","stream":"telemetry","text":"1 readerr=0 reports=","timestamp":1790062708.797573},{"data_b64":"MCBRPTAlIGRyb3BzPTEgZmF0YWw=","description":"ble:LoRa-Chatter-1B44 44:1B:F6:8D:B7:A9","device_key":"ble-address:44:1b:f6:8d:b7:a9","kind":"rx","seq":73,"session":"s1","stream":"telemetry","text":"0 Q=0% drops=1 fatal","timestamp":1790062708.7983444},{"data_b64":"PTAK","description":"ble:LoRa-Chatter-1B44 44:1B:F6:8D:B7:A9","device_key":"ble-address:44:1b:f6:8d:b7:a9","kind":"rx","seq":74,"session":"s1","stream":"telemetry","text":"=0\n","timestamp":1790062708.7989433},{"data_b64":"U0VTU0lPTiBDT1VSVEVTWSB3aW4=","description":"ble:LoRa-Chatter-1B44 44:1B:F6:8D:B7:A9","device_key":"ble-address:44:1b:f6:8d:b7:a9","kind":"rx","seq":75,"session":"s1","stream":"telemetry","text":"SESSION COURTESY win","timestamp":1790062708.7998004},{"data_b64":"ZG93PTkxMjNtcyBwZWVyX3JlbGU=","description":"ble:LoRa-Chatter-1B44 44:1B:F6:8D:B7:A9","device_key":"ble-address:44:1b:f6:8d:b7:a9","kind":"rx","seq":76,"session":"s1","stream":"telemetry","text":"dow=9123ms peer_rele","timestamp":1790062708.8005755},{"data_b64":"YXNlPTAgZXhwaXJlZD0wIHlpZWw=","description":"ble:LoRa-Chatter-1B44 44:1B:F6:8D:B7:A9","device_key":"ble-address:44:1b:f6:8d:b7:a9","kind":"rx","seq":77,"session":"s1","stream":"telemetry","text":"ase=0 expired=0 yiel","timestamp":1790062708.8011796},{"data_b64":"ZGluZz0wCg==","description":"ble:LoRa-Chatter-1B44 44:1B:F6:8D:B7:A9","device_key":"ble-address:44:1b:f6:8d:b7:a9","kind":"rx","seq":78,"session":"s1","stream":"telemetry","text":"ding=0\n","timestamp":1790062708.8022716},{"data_b64":"U0VTU0lPTiBESU8wX1RYIGFmZmU=","description":"ble:LoRa-Chatter-1B44 44:1B:F6:8D:B7:A9","device_key":"ble-address:44:1b:f6:8d:b7:a9","kind":"rx","seq":79,"session":"s1","stream":"telemetry","text":"SESSION DIO0_TX affe","timestamp":1790062708.8029945},{"data_b64":"Y3RlZD0wLzAgZXBpc29kZXM9MCA=","description":"ble:LoRa-Chatter-1B44 44:1B:F6:8D:B7:A9","device_key":"ble-address:44:1b:f6:8d:b7:a9","kind":"rx","seq":80,"session":"s1","stream":"telemetry","text":"cted=0/0 episodes=0 ","timestamp":1790062708.8036075},{"data_b64":"YXZnX2FsbD0wLjAwIGF2Z19hZmY=","description":"ble:LoRa-Chatter-1B44 44:1B:F6:8D:B7:A9","device_key":"ble-address:44:1b:f6:8d:b7:a9","kind":"rx","seq":81,"session":"s1","stream":"telemetry","text":"avg_all=0.00 avg_aff","timestamp":1790062708.8041823},{"data_b64":"ZWN0ZWQ9MC4wMCBoaWdoX3BvbGw=","description":"ble:LoRa-Chatter-1B44 44:1B:F6:8D:B7:A9","device_key":"ble-address:44:1b:f6:8d:b7:a9","kind":"rx","seq":82,"session":"s1","stream":"telemetry","text":"ected=0.00 high_poll","timestamp":1790062708.8048487},{"data_b64":"cz0wCg==","description":"ble:LoRa-Chatter-1B44 44:1B:F6:8D:B7:A9","device_key":"ble-address:44:1b:f6:8d:b7:a9","kind":"rx","seq":83,"session":"s1","stream":"telemetry","text":"s=0\n","timestamp":1790062708.8055136},{"data_b64":"U0VTU0lPTiBSWF9QT0xMIHBvbGw=","description":"ble:LoRa-Chatter-1B44 44:1B:F6:8D:B7:A9","device_key":"ble-address:44:1b:f6:8d:b7:a9","kind":"rx","seq":84,"session":"s1","stream":"telemetry","text":"SESSION RX_POLL poll","timestamp":1790062708.8062437},{"data_b64":"cz00MTcwMDAgcnhkb25lPTEgaW4=","description":"ble:LoRa-Chatter-1B44 44:1B:F6:8D:B7:A9","device_key":"ble-address:44:1b:f6:8d:b7:a9","kind":"rx","seq":85,"session":"s1","stream":"telemetry","text":"s=417000 rxdone=1 in","timestamp":1790062708.8068774},{"data_b64":"dGVydmFsPTEwMDB1cyBESU8wX1I=","description":"ble:LoRa-Chatter-1B44 44:1B:F6:8D:B7:A9","device_key":"ble-address:44:1b:f6:8d:b7:a9","kind":"rx","seq":86,"session":"s1","stream":"telemetry","text":"terval=1000us DIO0_R","timestamp":1790062708.8074284},{"data_b64":"WCBmYWxzZV9oaWdoX2VwPTAgaGk=","description":"ble:LoRa-Chatter-1B44 44:1B:F6:8D:B7:A9","device_key":"ble-address:44:1b:f6:8d:b7:a9","kind":"rx","seq":87,"session":"s1","stream":"telemetry","text":"X false_high_ep=0 hi","timestamp":1790062708.807992},{"data_b64":"Z2hfcG9sbHM9MCByeGRvbmVfbG8=","description":"ble:LoRa-Chatter-1B44 44:1B:F6:8D:B7:A9","device_key":"ble-address:44:1b:f6:8d:b7:a9","kind":"rx","seq":88,"session":"s1","stream":"telemetry","text":"gh_polls=0 rxdone_lo","timestamp":1790062708.8085787},{"data_b64":"dz0wIGlzcj1kaXNhYmxlZAo=","description":"ble:LoRa-Chatter-1B44 44:1B:F6:8D:B7:A9","device_key":"ble-address:44:1b:f6:8d:b7:a9","kind":"rx","seq":89,"session":"s1","stream":"telemetry","text":"w=0 isr=disabled\n","timestamp":1790062708.8092895},{"data_b64":"ClNFU1NJT04gdD00MjBzIFRYIG8=","description":"ble:LoRa-Chatter-72E0 E0:72:A1:D5:4C:15","device_key":"ble-address:e0:72:a1:d5:4c:15","kind":"rx","seq":61,"session":"s2","stream":"telemetry","text":"\nSESSION t=420s TX o","timestamp":1790062716.330588},{"data_b64":"az0wIHVzZXI9MCBlY2hvX3JlcT0=","description":"ble:LoRa-Chatter-72E0 E0:72:A1:D5:4C:15","device_key":"ble-address:e0:72:a1:d5:4c:15","kind":"rx","seq":62,"session":"s2","stream":"telemetry","text":"k=0 user=0 echo_req=","timestamp":1790062716.3317227},{"data_b64":"MCBlY2hvX3JlcD0wIGhiPTAoaWQ=","description":"ble:LoRa-Chatter-72E0 E0:72:A1:D5:4C:15","device_key":"ble-address:e0:72:a1:d5:4c:15","kind":"rx","seq":63,"session":"s2","stream":"telemetry","text":"0 echo_rep=0 hb=0(id","timestamp":1790062716.33181},{"data_b64":"bGU9MCkgZXJyPTAgc3RhcnRlZD0=","description":"ble:LoRa-Chatter-72E0 E0:72:A1:D5:4C:15","device_key":"ble-address:e0:72:a1:d5:4c:15","kind":"rx","seq":64,"session":"s2","stream":"telemetry","text":"le=0) err=0 started=","timestamp":1790062716.3328812},{"data_b64":"MCBSWCBvaz0wIHVzZXI9MCBlY2g=","description":"ble:LoRa-Chatter-72E0 E0:72:A1:D5:4C:15","device_key":"ble-address:e0:72:a1:d5:4c:15","kind":"rx","seq":65,"session":"s2","stream":"telemetry","text":"0 RX ok=0 user=0 ech","timestamp":1790062716.3335145},{"data_b64":"b19yZXE9MCBlY2hvX3JlcD0wIGg=","description":"ble:LoRa-Chatter-72E0 E0:72:A1:D5:4C:15","device_key":"ble-address:e0:72:a1:d5:4c:15","kind":"rx","seq":66,"session":"s2","stream":"telemetry","text":"o_req=0 echo_rep=0 h","timestamp":1790062716.3338244},{"data_b64":"Yj0wIGNyYz0wIGhkcj0wIGJhZD0=","description":"ble:LoRa-Chatter-72E0 E0:72:A1:D5:4C:15","device_key":"ble-address:e0:72:a1:d5:4c:15","kind":"rx","seq":67,"session":"s2","stream":"telemetry","text":"b=0 crc=0 hdr=0 bad=","timestamp":1790062716.3350112},{"data_b64":"MCByZWFkZXJyPTAgcmVwb3J0cz0=","description":"ble:LoRa-Chatter-72E0 E0:72:A1:D5:4C:15","device_key":"ble-address:e0:72:a1:d5:4c:15","kind":"rx","seq":68,"session":"s2","stream":"telemetry","text":"0 readerr=0 reports=","timestamp":1790062716.3360634},{"data_b64":"MCBRPTAlIGRyb3BzPTAgZmF0YWw=","description":"ble:LoRa-Chatter-72E0 E0:72:A1:D5:4C:15","device_key":"ble-address:e0:72:a1:d5:4c:15","kind":"rx","seq":69,"session":"s2","stream":"telemetry","text":"0 Q=0% drops=0 fatal","timestamp":1790062716.3366396},{"data_b64":"PTAK","description":"ble:LoRa-Chatter-72E0 E0:72:A1:D5:4C:15","device_key":"ble-address:e0:72:a1:d5:4c:15","kind":"rx","seq":70,"session":"s2","stream":"telemetry","text":"=0\n","timestamp":1790062716.3371854},{"data_b64":"U0VTU0lPTiBDT1VSVEVTWSB3aW4=","description":"ble:LoRa-Chatter-72E0 E0:72:A1:D5:4C:15","device_key":"ble-address:e0:72:a1:d5:4c:15","kind":"rx","seq":71,"session":"s2","stream":"telemetry","text":"SESSION COURTESY win","timestamp":1790062716.3378577},{"data_b64":"ZG93PTkxMjNtcyBwZWVyX3JlbGU=","description":"ble:LoRa-Chatter-72E0 E0:72:A1:D5:4C:15","device_key":"ble-address:e0:72:a1:d5:4c:15","kind":"rx","seq":72,"session":"s2","stream":"telemetry","text":"dow=9123ms peer_rele","timestamp":1790062716.3384173},{"data_b64":"YXNlPTAgZXhwaXJlZD0wIHlpZWw=","description":"ble:LoRa-Chatter-72E0 E0:72:A1:D5:4C:15","device_key":"ble-address:e0:72:a1:d5:4c:15","kind":"rx","seq":73,"session":"s2","stream":"telemetry","text":"ase=0 expired=0 yiel","timestamp":1790062716.3390028},{"data_b64":"ZGluZz0wCg==","description":"ble:LoRa-Chatter-72E0 E0:72:A1:D5:4C:15","device_key":"ble-address:e0:72:a1:d5:4c:15","kind":"rx","seq":74,"session":"s2","stream":"telemetry","text":"ding=0\n","timestamp":1790062716.3397715},{"data_b64":"U0VTU0lPTiBESU8wX1RYIGFmZmU=","description":"ble:LoRa-Chatter-72E0 E0:72:A1:D5:4C:15","device_key":"ble-address:e0:72:a1:d5:4c:15","kind":"rx","seq":75,"session":"s2","stream":"telemetry","text":"SESSION DIO0_TX affe","timestamp":1790062716.3404207},{"data_b64":"Y3RlZD0wLzAgZXBpc29kZXM9MCA=","description":"ble:LoRa-Chatter-72E0 E0:72:A1:D5:4C:15","device_key":"ble-address:e0:72:a1:d5:4c:15","kind":"rx","seq":76,"session":"s2","stream":"telemetry","text":"cted=0/0 episodes=0 ","timestamp":1790062716.340884},{"data_b64":"YXZnX2FsbD0wLjAwIGF2Z19hZmY=","description":"ble:LoRa-Chatter-72E0 E0:72:A1:D5:4C:15","device_key":"ble-address:e0:72:a1:d5:4c:15","kind":"rx","seq":77,"session":"s2","stream":"telemetry","text":"avg_all=0.00 avg_aff","timestamp":1790062716.3420222},{"data_b64":"ZWN0ZWQ9MC4wMCBoaWdoX3BvbGw=","description":"ble:LoRa-Chatter-72E0 E0:72:A1:D5:4C:15","device_key":"ble-address:e0:72:a1:d5:4c:15","kind":"rx","seq":78,"session":"s2","stream":"telemetry","text":"ected=0.00 high_poll","timestamp":1790062716.3426685},{"data_b64":"cz0wCg==","description":"ble:LoRa-Chatter-72E0 E0:72:A1:D5:4C:15","device_key":"ble-address:e0:72:a1:d5:4c:15","kind":"rx","seq":79,"session":"s2","stream":"telemetry","text":"s=0\n","timestamp":1790062716.343272},{"data_b64":"U0VTU0lPTiBSWF9QT0xMIHBvbGw=","description":"ble:LoRa-Chatter-72E0 E0:72:A1:D5:4C:15","device_key":"ble-address:e0:72:a1:d5:4c:15","kind":"rx","seq":80,"session":"s2","stream":"telemetry","text":"SESSION RX_POLL poll","timestamp":1790062716.3439507},{"data_b64":"cz00MTYzNjYgcnhkb25lPTAgaW4=","description":"ble:LoRa-Chatter-72E0 E0:72:A1:D5:4C:15","device_key":"ble-address:e0:72:a1:d5:4c:15","kind":"rx","seq":81,"session":"s2","stream":"telemetry","text":"s=416366 rxdone=0 in","timestamp":1790062716.3446279},{"data_b64":"dGVydmFsPTEwMDB1cyBESU8wX1I=","description":"ble:LoRa-Chatter-72E0 E0:72:A1:D5:4C:15","device_key":"ble-address:e0:72:a1:d5:4c:15","kind":"rx","seq":82,"session":"s2","stream":"telemetry","text":"terval=1000us DIO0_R","timestamp":1790062716.3454106},{"data_b64":"WCBmYWxzZV9oaWdoX2VwPTAgaGk=","description":"ble:LoRa-Chatter-72E0 E0:72:A1:D5:4C:15","device_key":"ble-address:e0:72:a1:d5:4c:15","kind":"rx","seq":83,"session":"s2","stream":"telemetry","text":"X false_high_ep=0 hi","timestamp":1790062716.3458128},{"data_b64":"Z2hfcG9sbHM9MCByeGRvbmVfbG8=","description":"ble:LoRa-Chatter-72E0 E0:72:A1:D5:4C:15","device_key":"ble-address:e0:72:a1:d5:4c:15","kind":"rx","seq":84,"session":"s2","stream":"telemetry","text":"gh_polls=0 rxdone_lo","timestamp":1790062716.3465662},{"data_b64":"dz0wIGlzcj1kaXNhYmxlZAo=","description":"ble:LoRa-Chatter-72E0 E0:72:A1:D5:4C:15","device_key":"ble-address:e0:72:a1:d5:4c:15","kind":"rx","seq":85,"session":"s2","stream":"telemetry","text":"w=0 isr=disabled\n","timestamp":1790062716.3472426}],"lines":[{"seq_first":56,"seq_last":58,"session":"s1","stream":"chat","text":"[SYS] CFG schema=2 storage=NVS freq_oob=OFF"},{"seq_first":59,"seq_last":61,"session":"s1","stream":"chat","text":"[SYS] CFG RADIO power=2 dBm freq=470 MHz sf=12 bw=125 kHz"},{"seq_first":62,"seq_last":64,"session":"s1","stream":"chat","text":"[SYS] CFG LINK heartbeat=OFF retry=ON attempts=5 diag=OFF"},{"seq_first":65,"seq_last":65,"session":"s1","stream":"telemetry","text":""},{"seq_first":65,"seq_last":74,"session":"s1","stream":"telemetry","text":"SESSION t=420s TX ok=0 user=0 echo_req=0 echo_rep=0 hb=0(idle=0) err=0 started=0 RX ok=0 user=0 echo_req=0 echo_rep=0 hb=0 crc=0 hdr=0 bad=1 readerr=0 reports=0 Q=0% drops=1 fatal=0"},{"seq_first":75,"seq_last":78,"session":"s1","stream":"telemetry","text":"SESSION COURTESY window=9123ms peer_release=0 expired=0 yielding=0"},{"seq_first":79,"seq_last":83,"session":"s1","stream":"telemetry","text":"SESSION DIO0_TX affected=0/0 episodes=0 avg_all=0.00 avg_affected=0.00 high_polls=0"},{"seq_first":84,"seq_last":89,"session":"s1","stream":"telemetry","text":"SESSION RX_POLL polls=417000 rxdone=1 interval=1000us DIO0_RX false_high_ep=0 high_polls=0 rxdone_low=0 isr=disabled"},{"seq_first":61,"seq_last":61,"session":"s2","stream":"telemetry","text":""},{"seq_first":61,"seq_last":70,"session":"s2","stream":"telemetry","text":"SESSION t=420s TX ok=0 user=0 echo_req=0 echo_rep=0 hb=0(idle=0) err=0 started=0 RX ok=0 user=0 echo_req=0 echo_rep=0 hb=0 crc=0 hdr=0 bad=0 readerr=0 reports=0 Q=0% drops=0 fatal=0"},{"seq_first":71,"seq_last":74,"session":"s2","stream":"telemetry","text":"SESSION COURTESY window=9123ms peer_release=0 expired=0 yielding=0"},{"seq_first":75,"seq_last":79,"session":"s2","stream":"telemetry","text":"SESSION DIO0_TX affected=0/0 episodes=0 avg_all=0.00 avg_affected=0.00 high_polls=0"},{"seq_first":80,"seq_last":85,"session":"s2","stream":"telemetry","text":"SESSION RX_POLL polls=416366 rxdone=0 interval=1000us DIO0_RX false_high_ep=0 high_polls=0 rxdone_low=0 isr=disabled"}],"timed_out":false}}
2026-09-22T10:39:28.734+03:00 [RX telemetry] {"data_b64":"ClNFU1NJT04gdD00ODBzIFRYIG8=","description":"ble:LoRa-Chatter-1B44 44:1B:F6:8D:B7:A9","device_key":"ble-address:44:1b:f6:8d:b7:a9","kind":"rx","seq":90,"session":"s1","stream":"telemetry","text":"\nSESSION t=480s TX o","timestamp":1790062768.7344964}
2026-09-22T10:39:28.735+03:00 [RX telemetry] {"data_b64":"az0wIHVzZXI9MCBlY2hvX3JlcT0=","description":"ble:LoRa-Chatter-1B44 44:1B:F6:8D:B7:A9","device_key":"ble-address:44:1b:f6:8d:b7:a9","kind":"rx","seq":91,"session":"s1","stream":"telemetry","text":"k=0 user=0 echo_req=","timestamp":1790062768.735474}
2026-09-22T10:39:28.736+03:00 [RX telemetry] {"data_b64":"MCBlY2hvX3JlcD0wIGhiPTAoaWQ=","description":"ble:LoRa-Chatter-1B44 44:1B:F6:8D:B7:A9","device_key":"ble-address:44:1b:f6:8d:b7:a9","kind":"rx","seq":92,"session":"s1","stream":"telemetry","text":"0 echo_rep=0 hb=0(id","timestamp":1790062768.7359562}
2026-09-22T10:39:28.736+03:00 [RX telemetry] {"data_b64":"bGU9MCkgZXJyPTAgc3RhcnRlZD0=","description":"ble:LoRa-Chatter-1B44 44:1B:F6:8D:B7:A9","device_key":"ble-address:44:1b:f6:8d:b7:a9","kind":"rx","seq":93,"session":"s1","stream":"telemetry","text":"le=0) err=0 started=","timestamp":1790062768.736252}
2026-09-22T10:39:28.737+03:00 [RX telemetry] {"data_b64":"MCBSWCBvaz0wIHVzZXI9MCBlY2g=","description":"ble:LoRa-Chatter-1B44 44:1B:F6:8D:B7:A9","device_key":"ble-address:44:1b:f6:8d:b7:a9","kind":"rx","seq":94,"session":"s1","stream":"telemetry","text":"0 RX ok=0 user=0 ech","timestamp":1790062768.7372136}
2026-09-22T10:39:28.738+03:00 [RX telemetry] {"data_b64":"b19yZXE9MCBlY2hvX3JlcD0wIGg=","description":"ble:LoRa-Chatter-1B44 44:1B:F6:8D:B7:A9","device_key":"ble-address:44:1b:f6:8d:b7:a9","kind":"rx","seq":95,"session":"s1","stream":"telemetry","text":"o_req=0 echo_rep=0 h","timestamp":1790062768.7378762}
2026-09-22T10:39:28.738+03:00 [RX telemetry] {"data_b64":"Yj0wIGNyYz0wIGhkcj0wIGJhZD0=","description":"ble:LoRa-Chatter-1B44 44:1B:F6:8D:B7:A9","device_key":"ble-address:44:1b:f6:8d:b7:a9","kind":"rx","seq":96,"session":"s1","stream":"telemetry","text":"b=0 crc=0 hdr=0 bad=","timestamp":1790062768.7381372}
2026-09-22T10:39:28.779+03:00 [RX telemetry] {"data_b64":"MSByZWFkZXJyPTAgcmVwb3J0cz0=","description":"ble:LoRa-Chatter-1B44 44:1B:F6:8D:B7:A9","device_key":"ble-address:44:1b:f6:8d:b7:a9","kind":"rx","seq":97,"session":"s1","stream":"telemetry","text":"1 readerr=0 reports=","timestamp":1790062768.7795377}
2026-09-22T10:39:28.781+03:00 [RX telemetry] {"data_b64":"MCBRPTAlIGRyb3BzPTEgZmF0YWw=","description":"ble:LoRa-Chatter-1B44 44:1B:F6:8D:B7:A9","device_key":"ble-address:44:1b:f6:8d:b7:a9","kind":"rx","seq":98,"session":"s1","stream":"telemetry","text":"0 Q=0% drops=1 fatal","timestamp":1790062768.780849}
2026-09-22T10:39:28.781+03:00 [RX telemetry] {"data_b64":"PTAK","description":"ble:LoRa-Chatter-1B44 44:1B:F6:8D:B7:A9","device_key":"ble-address:44:1b:f6:8d:b7:a9","kind":"rx","seq":99,"session":"s1","stream":"telemetry","text":"=0\n","timestamp":1790062768.7809415}
2026-09-22T10:39:28.782+03:00 [RX telemetry] {"data_b64":"U0VTU0lPTiBDT1VSVEVTWSB3aW4=","description":"ble:LoRa-Chatter-1B44 44:1B:F6:8D:B7:A9","device_key":"ble-address:44:1b:f6:8d:b7:a9","kind":"rx","seq":100,"session":"s1","stream":"telemetry","text":"SESSION COURTESY win","timestamp":1790062768.7819915}
2026-09-22T10:39:28.783+03:00 [RX telemetry] {"data_b64":"ZG93PTkxMjNtcyBwZWVyX3JlbGU=","description":"ble:LoRa-Chatter-1B44 44:1B:F6:8D:B7:A9","device_key":"ble-address:44:1b:f6:8d:b7:a9","kind":"rx","seq":101,"session":"s1","stream":"telemetry","text":"dow=9123ms peer_rele","timestamp":1790062768.7828026}
2026-09-22T10:39:28.783+03:00 [RX telemetry] {"data_b64":"YXNlPTAgZXhwaXJlZD0wIHlpZWw=","description":"ble:LoRa-Chatter-1B44 44:1B:F6:8D:B7:A9","device_key":"ble-address:44:1b:f6:8d:b7:a9","kind":"rx","seq":102,"session":"s1","stream":"telemetry","text":"ase=0 expired=0 yiel","timestamp":1790062768.7834132}
2026-09-22T10:39:28.784+03:00 [RX telemetry] {"data_b64":"ZGluZz0wCg==","description":"ble:LoRa-Chatter-1B44 44:1B:F6:8D:B7:A9","device_key":"ble-address:44:1b:f6:8d:b7:a9","kind":"rx","seq":103,"session":"s1","stream":"telemetry","text":"ding=0\n","timestamp":1790062768.7840936}
2026-09-22T10:39:28.784+03:00 [RX telemetry] {"data_b64":"U0VTU0lPTiBESU8wX1RYIGFmZmU=","description":"ble:LoRa-Chatter-1B44 44:1B:F6:8D:B7:A9","device_key":"ble-address:44:1b:f6:8d:b7:a9","kind":"rx","seq":104,"session":"s1","stream":"telemetry","text":"SESSION DIO0_TX affe","timestamp":1790062768.7845495}
2026-09-22T10:39:28.785+03:00 [RX telemetry] {"data_b64":"Y3RlZD0wLzAgZXBpc29kZXM9MCA=","description":"ble:LoRa-Chatter-1B44 44:1B:F6:8D:B7:A9","device_key":"ble-address:44:1b:f6:8d:b7:a9","kind":"rx","seq":105,"session":"s1","stream":"telemetry","text":"cted=0/0 episodes=0 ","timestamp":1790062768.7853305}
2026-09-22T10:39:28.786+03:00 [RX telemetry] {"data_b64":"YXZnX2FsbD0wLjAwIGF2Z19hZmY=","description":"ble:LoRa-Chatter-1B44 44:1B:F6:8D:B7:A9","device_key":"ble-address:44:1b:f6:8d:b7:a9","kind":"rx","seq":106,"session":"s1","stream":"telemetry","text":"avg_all=0.00 avg_aff","timestamp":1790062768.7861125}
2026-09-22T10:39:28.786+03:00 [RX telemetry] {"data_b64":"ZWN0ZWQ9MC4wMCBoaWdoX3BvbGw=","description":"ble:LoRa-Chatter-1B44 44:1B:F6:8D:B7:A9","device_key":"ble-address:44:1b:f6:8d:b7:a9","kind":"rx","seq":107,"session":"s1","stream":"telemetry","text":"ected=0.00 high_poll","timestamp":1790062768.7866812}
2026-09-22T10:39:28.787+03:00 [RX telemetry] {"data_b64":"cz0wCg==","description":"ble:LoRa-Chatter-1B44 44:1B:F6:8D:B7:A9","device_key":"ble-address:44:1b:f6:8d:b7:a9","kind":"rx","seq":108,"session":"s1","stream":"telemetry","text":"s=0\n","timestamp":1790062768.787364}
2026-09-22T10:39:28.788+03:00 [RX telemetry] {"data_b64":"U0VTU0lPTiBSWF9QT0xMIHBvbGw=","description":"ble:LoRa-Chatter-1B44 44:1B:F6:8D:B7:A9","device_key":"ble-address:44:1b:f6:8d:b7:a9","kind":"rx","seq":109,"session":"s1","stream":"telemetry","text":"SESSION RX_POLL poll","timestamp":1790062768.7881384}
2026-09-22T10:39:28.789+03:00 [RX telemetry] {"data_b64":"cz00NzY2NTAgcnhkb25lPTEgaW4=","description":"ble:LoRa-Chatter-1B44 44:1B:F6:8D:B7:A9","device_key":"ble-address:44:1b:f6:8d:b7:a9","kind":"rx","seq":110,"session":"s1","stream":"telemetry","text":"s=476650 rxdone=1 in","timestamp":1790062768.7893322}
2026-09-22T10:39:28.789+03:00 [RX telemetry] {"data_b64":"dGVydmFsPTEwMDB1cyBESU8wX1I=","description":"ble:LoRa-Chatter-1B44 44:1B:F6:8D:B7:A9","device_key":"ble-address:44:1b:f6:8d:b7:a9","kind":"rx","seq":111,"session":"s1","stream":"telemetry","text":"terval=1000us DIO0_R","timestamp":1790062768.7894065}
2026-09-22T10:39:28.791+03:00 [RX telemetry] {"data_b64":"WCBmYWxzZV9oaWdoX2VwPTAgaGk=","description":"ble:LoRa-Chatter-1B44 44:1B:F6:8D:B7:A9","device_key":"ble-address:44:1b:f6:8d:b7:a9","kind":"rx","seq":112,"session":"s1","stream":"telemetry","text":"X false_high_ep=0 hi","timestamp":1790062768.7904434}
2026-09-22T10:39:28.791+03:00 [RX telemetry] {"data_b64":"Z2hfcG9sbHM9MCByeGRvbmVfbG8=","description":"ble:LoRa-Chatter-1B44 44:1B:F6:8D:B7:A9","device_key":"ble-address:44:1b:f6:8d:b7:a9","kind":"rx","seq":113,"session":"s1","stream":"telemetry","text":"gh_polls=0 rxdone_lo","timestamp":1790062768.7905526}
2026-09-22T10:39:28.791+03:00 [RX telemetry] {"data_b64":"dz0wIGlzcj1kaXNhYmxlZAo=","description":"ble:LoRa-Chatter-1B44 44:1B:F6:8D:B7:A9","device_key":"ble-address:44:1b:f6:8d:b7:a9","kind":"rx","seq":114,"session":"s1","stream":"telemetry","text":"w=0 isr=disabled\n","timestamp":1790062768.7915797}
2026-09-22T10:39:31.899+03:00 [AGENT REQUEST] {"id":21,"op":"send_line","session":"s1","text":"ATTEN-A2B-20260922T073548Z"}
2026-09-22T10:39:31.900+03:00 [TX] {"data_b64":"QVRURU4tQTJCLTIwMjYwOTIyVDA3MzU0OFoK","device_key":"ble-address:44:1b:f6:8d:b7:a9","kind":"tx","seq":115,"session":"s1","text":"ATTEN-A2B-20260922T073548Z","timestamp":1790062771.8996081,"tx_id":8,"tx_state":"queued"}
2026-09-22T10:39:31.900+03:00 [AGENT RESPONSE] {"id":21,"ok":true,"result":{"state":"queued","tx_id":8}}
2026-09-22T10:39:31.900+03:00 [AGENT REQUEST] {"id":22,"op":"observe","cursors":{"s1":89,"s2":85},"timeout_ms":30000}
2026-09-22T10:39:31.902+03:00 [AGENT RESPONSE] {"id":22,"ok":true,"result":{"cursors":{"s1":115,"s2":85},"events":[{"data_b64":"ClNFU1NJT04gdD00ODBzIFRYIG8=","description":"ble:LoRa-Chatter-1B44 44:1B:F6:8D:B7:A9","device_key":"ble-address:44:1b:f6:8d:b7:a9","kind":"rx","seq":90,"session":"s1","stream":"telemetry","text":"\nSESSION t=480s TX o","timestamp":1790062768.7344964},{"data_b64":"az0wIHVzZXI9MCBlY2hvX3JlcT0=","description":"ble:LoRa-Chatter-1B44 44:1B:F6:8D:B7:A9","device_key":"ble-address:44:1b:f6:8d:b7:a9","kind":"rx","seq":91,"session":"s1","stream":"telemetry","text":"k=0 user=0 echo_req=","timestamp":1790062768.735474},{"data_b64":"MCBlY2hvX3JlcD0wIGhiPTAoaWQ=","description":"ble:LoRa-Chatter-1B44 44:1B:F6:8D:B7:A9","device_key":"ble-address:44:1b:f6:8d:b7:a9","kind":"rx","seq":92,"session":"s1","stream":"telemetry","text":"0 echo_rep=0 hb=0(id","timestamp":1790062768.7359562},{"data_b64":"bGU9MCkgZXJyPTAgc3RhcnRlZD0=","description":"ble:LoRa-Chatter-1B44 44:1B:F6:8D:B7:A9","device_key":"ble-address:44:1b:f6:8d:b7:a9","kind":"rx","seq":93,"session":"s1","stream":"telemetry","text":"le=0) err=0 started=","timestamp":1790062768.736252},{"data_b64":"MCBSWCBvaz0wIHVzZXI9MCBlY2g=","description":"ble:LoRa-Chatter-1B44 44:1B:F6:8D:B7:A9","device_key":"ble-address:44:1b:f6:8d:b7:a9","kind":"rx","seq":94,"session":"s1","stream":"telemetry","text":"0 RX ok=0 user=0 ech","timestamp":1790062768.7372136},{"data_b64":"b19yZXE9MCBlY2hvX3JlcD0wIGg=","description":"ble:LoRa-Chatter-1B44 44:1B:F6:8D:B7:A9","device_key":"ble-address:44:1b:f6:8d:b7:a9","kind":"rx","seq":95,"session":"s1","stream":"telemetry","text":"o_req=0 echo_rep=0 h","timestamp":1790062768.7378762},{"data_b64":"Yj0wIGNyYz0wIGhkcj0wIGJhZD0=","description":"ble:LoRa-Chatter-1B44 44:1B:F6:8D:B7:A9","device_key":"ble-address:44:1b:f6:8d:b7:a9","kind":"rx","seq":96,"session":"s1","stream":"telemetry","text":"b=0 crc=0 hdr=0 bad=","timestamp":1790062768.7381372},{"data_b64":"MSByZWFkZXJyPTAgcmVwb3J0cz0=","description":"ble:LoRa-Chatter-1B44 44:1B:F6:8D:B7:A9","device_key":"ble-address:44:1b:f6:8d:b7:a9","kind":"rx","seq":97,"session":"s1","stream":"telemetry","text":"1 readerr=0 reports=","timestamp":1790062768.7795377},{"data_b64":"MCBRPTAlIGRyb3BzPTEgZmF0YWw=","description":"ble:LoRa-Chatter-1B44 44:1B:F6:8D:B7:A9","device_key":"ble-address:44:1b:f6:8d:b7:a9","kind":"rx","seq":98,"session":"s1","stream":"telemetry","text":"0 Q=0% drops=1 fatal","timestamp":1790062768.780849},{"data_b64":"PTAK","description":"ble:LoRa-Chatter-1B44 44:1B:F6:8D:B7:A9","device_key":"ble-address:44:1b:f6:8d:b7:a9","kind":"rx","seq":99,"session":"s1","stream":"telemetry","text":"=0\n","timestamp":1790062768.7809415},{"data_b64":"U0VTU0lPTiBDT1VSVEVTWSB3aW4=","description":"ble:LoRa-Chatter-1B44 44:1B:F6:8D:B7:A9","device_key":"ble-address:44:1b:f6:8d:b7:a9","kind":"rx","seq":100,"session":"s1","stream":"telemetry","text":"SESSION COURTESY win","timestamp":1790062768.7819915},{"data_b64":"ZG93PTkxMjNtcyBwZWVyX3JlbGU=","description":"ble:LoRa-Chatter-1B44 44:1B:F6:8D:B7:A9","device_key":"ble-address:44:1b:f6:8d:b7:a9","kind":"rx","seq":101,"session":"s1","stream":"telemetry","text":"dow=9123ms peer_rele","timestamp":1790062768.7828026},{"data_b64":"YXNlPTAgZXhwaXJlZD0wIHlpZWw=","description":"ble:LoRa-Chatter-1B44 44:1B:F6:8D:B7:A9","device_key":"ble-address:44:1b:f6:8d:b7:a9","kind":"rx","seq":102,"session":"s1","stream":"telemetry","text":"ase=0 expired=0 yiel","timestamp":1790062768.7834132},{"data_b64":"ZGluZz0wCg==","description":"ble:LoRa-Chatter-1B44 44:1B:F6:8D:B7:A9","device_key":"ble-address:44:1b:f6:8d:b7:a9","kind":"rx","seq":103,"session":"s1","stream":"telemetry","text":"ding=0\n","timestamp":1790062768.7840936},{"data_b64":"U0VTU0lPTiBESU8wX1RYIGFmZmU=","description":"ble:LoRa-Chatter-1B44 44:1B:F6:8D:B7:A9","device_key":"ble-address:44:1b:f6:8d:b7:a9","kind":"rx","seq":104,"session":"s1","stream":"telemetry","text":"SESSION DIO0_TX affe","timestamp":1790062768.7845495},{"data_b64":"Y3RlZD0wLzAgZXBpc29kZXM9MCA=","description":"ble:LoRa-Chatter-1B44 44:1B:F6:8D:B7:A9","device_key":"ble-address:44:1b:f6:8d:b7:a9","kind":"rx","seq":105,"session":"s1","stream":"telemetry","text":"cted=0/0 episodes=0 ","timestamp":1790062768.7853305},{"data_b64":"YXZnX2FsbD0wLjAwIGF2Z19hZmY=","description":"ble:LoRa-Chatter-1B44 44:1B:F6:8D:B7:A9","device_key":"ble-address:44:1b:f6:8d:b7:a9","kind":"rx","seq":106,"session":"s1","stream":"telemetry","text":"avg_all=0.00 avg_aff","timestamp":1790062768.7861125},{"data_b64":"ZWN0ZWQ9MC4wMCBoaWdoX3BvbGw=","description":"ble:LoRa-Chatter-1B44 44:1B:F6:8D:B7:A9","device_key":"ble-address:44:1b:f6:8d:b7:a9","kind":"rx","seq":107,"session":"s1","stream":"telemetry","text":"ected=0.00 high_poll","timestamp":1790062768.7866812},{"data_b64":"cz0wCg==","description":"ble:LoRa-Chatter-1B44 44:1B:F6:8D:B7:A9","device_key":"ble-address:44:1b:f6:8d:b7:a9","kind":"rx","seq":108,"session":"s1","stream":"telemetry","text":"s=0\n","timestamp":1790062768.787364},{"data_b64":"U0VTU0lPTiBSWF9QT0xMIHBvbGw=","description":"ble:LoRa-Chatter-1B44 44:1B:F6:8D:B7:A9","device_key":"ble-address:44:1b:f6:8d:b7:a9","kind":"rx","seq":109,"session":"s1","stream":"telemetry","text":"SESSION RX_POLL poll","timestamp":1790062768.7881384},{"data_b64":"cz00NzY2NTAgcnhkb25lPTEgaW4=","description":"ble:LoRa-Chatter-1B44 44:1B:F6:8D:B7:A9","device_key":"ble-address:44:1b:f6:8d:b7:a9","kind":"rx","seq":110,"session":"s1","stream":"telemetry","text":"s=476650 rxdone=1 in","timestamp":1790062768.7893322},{"data_b64":"dGVydmFsPTEwMDB1cyBESU8wX1I=","description":"ble:LoRa-Chatter-1B44 44:1B:F6:8D:B7:A9","device_key":"ble-address:44:1b:f6:8d:b7:a9","kind":"rx","seq":111,"session":"s1","stream":"telemetry","text":"terval=1000us DIO0_R","timestamp":1790062768.7894065},{"data_b64":"WCBmYWxzZV9oaWdoX2VwPTAgaGk=","description":"ble:LoRa-Chatter-1B44 44:1B:F6:8D:B7:A9","device_key":"ble-address:44:1b:f6:8d:b7:a9","kind":"rx","seq":112,"session":"s1","stream":"telemetry","text":"X false_high_ep=0 hi","timestamp":1790062768.7904434},{"data_b64":"Z2hfcG9sbHM9MCByeGRvbmVfbG8=","description":"ble:LoRa-Chatter-1B44 44:1B:F6:8D:B7:A9","device_key":"ble-address:44:1b:f6:8d:b7:a9","kind":"rx","seq":113,"session":"s1","stream":"telemetry","text":"gh_polls=0 rxdone_lo","timestamp":1790062768.7905526},{"data_b64":"dz0wIGlzcj1kaXNhYmxlZAo=","description":"ble:LoRa-Chatter-1B44 44:1B:F6:8D:B7:A9","device_key":"ble-address:44:1b:f6:8d:b7:a9","kind":"rx","seq":114,"session":"s1","stream":"telemetry","text":"w=0 isr=disabled\n","timestamp":1790062768.7915797},{"data_b64":"QVRURU4tQTJCLTIwMjYwOTIyVDA3MzU0OFoK","device_key":"ble-address:44:1b:f6:8d:b7:a9","kind":"tx","seq":115,"session":"s1","text":"ATTEN-A2B-20260922T073548Z","timestamp":1790062771.8996081,"tx_id":8,"tx_state":"queued"}],"lines":[{"seq_first":90,"seq_last":90,"session":"s1","stream":"telemetry","text":""},{"seq_first":90,"seq_last":99,"session":"s1","stream":"telemetry","text":"SESSION t=480s TX ok=0 user=0 echo_req=0 echo_rep=0 hb=0(idle=0) err=0 started=0 RX ok=0 user=0 echo_req=0 echo_rep=0 hb=0 crc=0 hdr=0 bad=1 readerr=0 reports=0 Q=0% drops=1 fatal=0"},{"seq_first":100,"seq_last":103,"session":"s1","stream":"telemetry","text":"SESSION COURTESY window=9123ms peer_release=0 expired=0 yielding=0"},{"seq_first":104,"seq_last":108,"session":"s1","stream":"telemetry","text":"SESSION DIO0_TX affected=0/0 episodes=0 avg_all=0.00 avg_affected=0.00 high_polls=0"},{"seq_first":109,"seq_last":114,"session":"s1","stream":"telemetry","text":"SESSION RX_POLL polls=476650 rxdone=1 interval=1000us DIO0_RX false_high_ep=0 high_polls=0 rxdone_low=0 isr=disabled"}],"timed_out":false}}
2026-09-22T10:39:31.903+03:00 [TX] {"data_b64":"QVRURU4tQTJCLTIwMjYwOTIyVDA3MzU0OFoK","description":"ble:LoRa-Chatter-1B44 44:1B:F6:8D:B7:A9","device_key":"ble-address:44:1b:f6:8d:b7:a9","kind":"tx","seq":116,"session":"s1","text":"ATTEN-A2B-20260922T073548Z","timestamp":1790062771.9031057,"tx_id":8,"tx_state":"written"}
2026-09-22T10:39:31.974+03:00 [RX telemetry] {"data_b64":"REVMSVZFUlkgUVVFVUVEIHNvdXI=","description":"ble:LoRa-Chatter-1B44 44:1B:F6:8D:B7:A9","device_key":"ble-address:44:1b:f6:8d:b7:a9","kind":"rx","seq":117,"session":"s1","stream":"telemetry","text":"DELIVERY QUEUED sour","timestamp":1790062771.9745755}
2026-09-22T10:39:31.975+03:00 [RX telemetry] {"data_b64":"Y2U9MiBieXRlcz0yNiB3YWl0aW4=","description":"ble:LoRa-Chatter-1B44 44:1B:F6:8D:B7:A9","device_key":"ble-address:44:1b:f6:8d:b7:a9","kind":"rx","seq":118,"session":"s1","stream":"telemetry","text":"ce=2 bytes=26 waitin","timestamp":1790062771.9753761}
2026-09-22T10:39:31.976+03:00 [RX telemetry] {"data_b64":"Zz0xLzggaW5fZmxpZ2h0PTAK","description":"ble:LoRa-Chatter-1B44 44:1B:F6:8D:B7:A9","device_key":"ble-address:44:1b:f6:8d:b7:a9","kind":"rx","seq":119,"session":"s1","stream":"telemetry","text":"g=1/8 in_flight=0\n","timestamp":1790062771.9764242}
2026-09-22T10:39:33.955+03:00 [RX telemetry] {"data_b64":"ClRYIFVTRVIgc2VxPTAgZnJhbWU=","description":"ble:LoRa-Chatter-1B44 44:1B:F6:8D:B7:A9","device_key":"ble-address:44:1b:f6:8d:b7:a9","kind":"rx","seq":120,"session":"s1","stream":"telemetry","text":"\nTX USER seq=0 frame","timestamp":1790062773.9547138}
2026-09-22T10:39:33.955+03:00 [RX telemetry] {"data_b64":"PTM4QiB1c2VyPTI2QiBhdHRlbXA=","description":"ble:LoRa-Chatter-1B44 44:1B:F6:8D:B7:A9","device_key":"ble-address:44:1b:f6:8d:b7:a9","kind":"rx","seq":121,"session":"s1","stream":"telemetry","text":"=38B user=26B attemp","timestamp":1790062773.9551888}
2026-09-22T10:39:33.956+03:00 [RX telemetry] {"data_b64":"dD0xLzUgT0sgdGltZT0xOTc2IG0=","description":"ble:LoRa-Chatter-1B44 44:1B:F6:8D:B7:A9","device_key":"ble-address:44:1b:f6:8d:b7:a9","kind":"rx","seq":122,"session":"s1","stream":"telemetry","text":"t=1/5 OK time=1976 m","timestamp":1790062773.9559958}
2026-09-22T10:39:33.957+03:00 [RX telemetry] {"data_b64":"cwo=","description":"ble:LoRa-Chatter-1B44 44:1B:F6:8D:B7:A9","device_key":"ble-address:44:1b:f6:8d:b7:a9","kind":"rx","seq":123,"session":"s1","stream":"telemetry","text":"s\n","timestamp":1790062773.9566486}
2026-09-22T10:39:33.957+03:00 [RX chat] {"data_b64":"PiBBVFRFTi1BMkItMjAyNjA5MjI=","description":"ble:LoRa-Chatter-1B44 44:1B:F6:8D:B7:A9","device_key":"ble-address:44:1b:f6:8d:b7:a9","kind":"rx","seq":124,"session":"s1","stream":"chat","text":"> ATTEN-A2B-20260922","timestamp":1790062773.9568994}
2026-09-22T10:39:33.958+03:00 [RX chat] {"data_b64":"VDA3MzU0OFoK","description":"ble:LoRa-Chatter-1B44 44:1B:F6:8D:B7:A9","device_key":"ble-address:44:1b:f6:8d:b7:a9","kind":"rx","seq":125,"session":"s1","stream":"chat","text":"T073548Z\n","timestamp":1790062773.9578676}
2026-09-22T10:39:33.958+03:00 [RX telemetry] {"data_b64":"REVMSVZFUlkgV0FJVF9BQ0sgdXM=","description":"ble:LoRa-Chatter-1B44 44:1B:F6:8D:B7:A9","device_key":"ble-address:44:1b:f6:8d:b7:a9","kind":"rx","seq":126,"session":"s1","stream":"telemetry","text":"DELIVERY WAIT_ACK us","timestamp":1790062773.9584703}
2026-09-22T10:39:33.959+03:00 [RX telemetry] {"data_b64":"ZXI9QTlDNi8wIGF0dGVtcHQ9MS8=","description":"ble:LoRa-Chatter-1B44 44:1B:F6:8D:B7:A9","device_key":"ble-address:44:1b:f6:8d:b7:a9","kind":"rx","seq":127,"session":"s1","stream":"telemetry","text":"er=A9C6/0 attempt=1/","timestamp":1790062773.9593806}
2026-09-22T10:39:33.959+03:00 [RX telemetry] {"data_b64":"NSB0aW1lb3V0PTE4NTZtcyBxdWU=","description":"ble:LoRa-Chatter-1B44 44:1B:F6:8D:B7:A9","device_key":"ble-address:44:1b:f6:8d:b7:a9","kind":"rx","seq":128,"session":"s1","stream":"telemetry","text":"5 timeout=1856ms que","timestamp":1790062773.9594426}
2026-09-22T10:39:33.960+03:00 [RX telemetry] {"data_b64":"dWU9MAo=","description":"ble:LoRa-Chatter-1B44 44:1B:F6:8D:B7:A9","device_key":"ble-address:44:1b:f6:8d:b7:a9","kind":"rx","seq":129,"session":"s1","stream":"telemetry","text":"ue=0\n","timestamp":1790062773.9602306}
2026-09-22T10:39:33.978+03:00 [RX telemetry] {"data_b64":"ClJYIFVTRVIgc2Vzc2lvbj1BOUM=","description":"ble:LoRa-Chatter-72E0 E0:72:A1:D5:4C:15","device_key":"ble-address:e0:72:a1:d5:4c:15","kind":"rx","seq":86,"session":"s2","stream":"telemetry","text":"\nRX USER session=A9C","timestamp":1790062773.9782255}
2026-09-22T10:39:33.979+03:00 [RX telemetry] {"data_b64":"NiBzZXE9MCBmcmFtZT0zOEIgdXM=","description":"ble:LoRa-Chatter-72E0 E0:72:A1:D5:4C:15","device_key":"ble-address:e0:72:a1:d5:4c:15","kind":"rx","seq":87,"session":"s2","stream":"telemetry","text":"6 seq=0 frame=38B us","timestamp":1790062773.9789143}
2026-09-22T10:39:33.979+03:00 [RX telemetry] {"data_b64":"ZXI9MjZCIFJTU0k9LTg3LjAgZEI=","description":"ble:LoRa-Chatter-72E0 E0:72:A1:D5:4C:15","device_key":"ble-address:e0:72:a1:d5:4c:15","kind":"rx","seq":88,"session":"s2","stream":"telemetry","text":"er=26B RSSI=-87.0 dB","timestamp":1790062773.9795942}
2026-09-22T10:39:33.980+03:00 [RX telemetry] {"data_b64":"bSBTTlI9KzEwLjUgZEIgUT0wJSA=","description":"ble:LoRa-Chatter-72E0 E0:72:A1:D5:4C:15","device_key":"ble-address:e0:72:a1:d5:4c:15","kind":"rx","seq":89,"session":"s2","stream":"telemetry","text":"m SNR=+10.5 dB Q=0% ","timestamp":1790062773.9803011}
2026-09-22T10:39:33.981+03:00 [RX telemetry] {"data_b64":"ZGlzcG9zaXRpb249MAo=","description":"ble:LoRa-Chatter-72E0 E0:72:A1:D5:4C:15","device_key":"ble-address:e0:72:a1:d5:4c:15","kind":"rx","seq":90,"session":"s2","stream":"telemetry","text":"disposition=0\n","timestamp":1790062773.9810083}
2026-09-22T10:39:33.981+03:00 [RX chat] {"data_b64":"PCBbLTg3LysxMCBRMF0gQVRURU4=","description":"ble:LoRa-Chatter-72E0 E0:72:A1:D5:4C:15","device_key":"ble-address:e0:72:a1:d5:4c:15","kind":"rx","seq":91,"session":"s2","stream":"chat","text":"< [-87/+10 Q0] ATTEN","timestamp":1790062773.9817932}
2026-09-22T10:39:33.983+03:00 [RX chat] {"data_b64":"LUEyQi0yMDI2MDkyMlQwNzM1NDg=","description":"ble:LoRa-Chatter-72E0 E0:72:A1:D5:4C:15","device_key":"ble-address:e0:72:a1:d5:4c:15","kind":"rx","seq":92,"session":"s2","stream":"chat","text":"-A2B-20260922T073548","timestamp":1790062773.982517}
2026-09-22T10:39:33.983+03:00 [RX chat] {"data_b64":"Wgo=","description":"ble:LoRa-Chatter-72E0 E0:72:A1:D5:4C:15","device_key":"ble-address:e0:72:a1:d5:4c:15","kind":"rx","seq":93,"session":"s2","stream":"chat","text":"Z\n","timestamp":1790062773.9827251}
2026-09-22T10:39:35.327+03:00 [RX telemetry] {"data_b64":"ClRYIEFDSyBzZXE9MCBhY2tfdG8=","description":"ble:LoRa-Chatter-72E0 E0:72:A1:D5:4C:15","device_key":"ble-address:e0:72:a1:d5:4c:15","kind":"rx","seq":94,"session":"s2","stream":"telemetry","text":"\nTX ACK seq=0 ack_to","timestamp":1790062775.3275392}
2026-09-22T10:39:35.328+03:00 [RX telemetry] {"data_b64":"PUE5QzYvMCBmcmFtZT0xNEIgT0s=","description":"ble:LoRa-Chatter-72E0 E0:72:A1:D5:4C:15","device_key":"ble-address:e0:72:a1:d5:4c:15","kind":"rx","seq":95,"session":"s2","stream":"telemetry","text":"=A9C6/0 frame=14B OK","timestamp":1790062775.3283823}
2026-09-22T10:39:35.329+03:00 [RX telemetry] {"data_b64":"IHRpbWU9MTE1NiBtcyBndWFyZD0=","description":"ble:LoRa-Chatter-72E0 E0:72:A1:D5:4C:15","device_key":"ble-address:e0:72:a1:d5:4c:15","kind":"rx","seq":96,"session":"s2","stream":"telemetry","text":" time=1156 ms guard=","timestamp":1790062775.328858}
2026-09-22T10:39:35.329+03:00 [RX telemetry] {"data_b64":"NTAwbXMK","description":"ble:LoRa-Chatter-72E0 E0:72:A1:D5:4C:15","device_key":"ble-address:e0:72:a1:d5:4c:15","kind":"rx","seq":97,"session":"s2","stream":"telemetry","text":"500ms\n","timestamp":1790062775.329641}
2026-09-22T10:39:35.349+03:00 [RX telemetry] {"data_b64":"UEVFUl9SRVBPUlQgb3VyX3NlcT0=","description":"ble:LoRa-Chatter-1B44 44:1B:F6:8D:B7:A9","device_key":"ble-address:44:1b:f6:8d:b7:a9","kind":"rx","seq":130,"session":"s1","stream":"telemetry","text":"PEER_REPORT our_seq=","timestamp":1790062775.349323}
2026-09-22T10:39:35.350+03:00 [RX telemetry] {"data_b64":"MCBSU1NJPS04NyBkQm0gU05SPSs=","description":"ble:LoRa-Chatter-1B44 44:1B:F6:8D:B7:A9","device_key":"ble-address:44:1b:f6:8d:b7:a9","kind":"rx","seq":131,"session":"s1","stream":"telemetry","text":"0 RSSI=-87 dBm SNR=+","timestamp":1790062775.350579}
2026-09-22T10:39:35.351+03:00 [RX telemetry] {"data_b64":"MTEgZEIgUT0wJQo=","description":"ble:LoRa-Chatter-1B44 44:1B:F6:8D:B7:A9","device_key":"ble-address:44:1b:f6:8d:b7:a9","kind":"rx","seq":132,"session":"s1","stream":"telemetry","text":"11 dB Q=0%\n","timestamp":1790062775.3506405}
2026-09-22T10:39:35.351+03:00 [RX telemetry] {"data_b64":"ClJYIEFDSyBzZXNzaW9uPTAyQTc=","description":"ble:LoRa-Chatter-1B44 44:1B:F6:8D:B7:A9","device_key":"ble-address:44:1b:f6:8d:b7:a9","kind":"rx","seq":133,"session":"s1","stream":"telemetry","text":"\nRX ACK session=02A7","timestamp":1790062775.3515496}
2026-09-22T10:39:35.352+03:00 [RX telemetry] {"data_b64":"IHNlcT0wIGFja190bz1BOUM2LzA=","description":"ble:LoRa-Chatter-1B44 44:1B:F6:8D:B7:A9","device_key":"ble-address:44:1b:f6:8d:b7:a9","kind":"rx","seq":134,"session":"s1","stream":"telemetry","text":" seq=0 ack_to=A9C6/0","timestamp":1790062775.3522973}
2026-09-22T10:39:35.353+03:00 [RX telemetry] {"data_b64":"IGZyYW1lPTE0QiBSU1NJPS04Ni4=","description":"ble:LoRa-Chatter-1B44 44:1B:F6:8D:B7:A9","device_key":"ble-address:44:1b:f6:8d:b7:a9","kind":"rx","seq":135,"session":"s1","stream":"telemetry","text":" frame=14B RSSI=-86.","timestamp":1790062775.352842}
2026-09-22T10:39:35.353+03:00 [RX telemetry] {"data_b64":"MCBkQm0gU05SPSs4LjIgZEIgUT0=","description":"ble:LoRa-Chatter-1B44 44:1B:F6:8D:B7:A9","device_key":"ble-address:44:1b:f6:8d:b7:a9","kind":"rx","seq":136,"session":"s1","stream":"telemetry","text":"0 dBm SNR=+8.2 dB Q=","timestamp":1790062775.353488}
2026-09-22T10:39:35.354+03:00 [RX telemetry] {"data_b64":"MCUK","description":"ble:LoRa-Chatter-1B44 44:1B:F6:8D:B7:A9","device_key":"ble-address:44:1b:f6:8d:b7:a9","kind":"rx","seq":137,"session":"s1","stream":"telemetry","text":"0%\n","timestamp":1790062775.3538496}
2026-09-22T10:39:35.354+03:00 [RX telemetry] {"data_b64":"REVMSVZFUlkgQUNLIHVzZXI9QTk=","description":"ble:LoRa-Chatter-1B44 44:1B:F6:8D:B7:A9","device_key":"ble-address:44:1b:f6:8d:b7:a9","kind":"rx","seq":138,"session":"s1","stream":"telemetry","text":"DELIVERY ACK user=A9","timestamp":1790062775.3545475}
2026-09-22T10:39:35.355+03:00 [RX telemetry] {"data_b64":"QzYvMCBhdHRlbXB0cz0xLzUgZWw=","description":"ble:LoRa-Chatter-1B44 44:1B:F6:8D:B7:A9","device_key":"ble-address:44:1b:f6:8d:b7:a9","kind":"rx","seq":139,"session":"s1","stream":"telemetry","text":"C6/0 attempts=1/5 el","timestamp":1790062775.3550274}
2026-09-22T10:39:35.355+03:00 [RX telemetry] {"data_b64":"YXBzZWQ9MTQyMW1zIHF1ZXVlPTA=","description":"ble:LoRa-Chatter-1B44 44:1B:F6:8D:B7:A9","device_key":"ble-address:44:1b:f6:8d:b7:a9","kind":"rx","seq":140,"session":"s1","stream":"telemetry","text":"apsed=1421ms queue=0","timestamp":1790062775.3556924}
2026-09-22T10:39:35.356+03:00 [RX telemetry] {"data_b64":"Cg==","description":"ble:LoRa-Chatter-1B44 44:1B:F6:8D:B7:A9","device_key":"ble-address:44:1b:f6:8d:b7:a9","kind":"rx","seq":141,"session":"s1","stream":"telemetry","text":"\n","timestamp":1790062775.3560712}
2026-09-22T10:39:36.316+03:00 [RX telemetry] {"data_b64":"ClNFU1NJT04gdD00ODBzIFRYIG8=","description":"ble:LoRa-Chatter-72E0 E0:72:A1:D5:4C:15","device_key":"ble-address:e0:72:a1:d5:4c:15","kind":"rx","seq":98,"session":"s2","stream":"telemetry","text":"\nSESSION t=480s TX o","timestamp":1790062776.316558}
2026-09-22T10:39:36.317+03:00 [RX telemetry] {"data_b64":"az0xIHVzZXI9MCBlY2hvX3JlcT0=","description":"ble:LoRa-Chatter-72E0 E0:72:A1:D5:4C:15","device_key":"ble-address:e0:72:a1:d5:4c:15","kind":"rx","seq":99,"session":"s2","stream":"telemetry","text":"k=1 user=0 echo_req=","timestamp":1790062776.3172967}
2026-09-22T10:39:36.319+03:00 [RX telemetry] {"data_b64":"MCBlY2hvX3JlcD0wIGhiPTAoaWQ=","description":"ble:LoRa-Chatter-72E0 E0:72:A1:D5:4C:15","device_key":"ble-address:e0:72:a1:d5:4c:15","kind":"rx","seq":100,"session":"s2","stream":"telemetry","text":"0 echo_rep=0 hb=0(id","timestamp":1790062776.3190973}
2026-09-22T10:39:36.319+03:00 [RX telemetry] {"data_b64":"bGU9MCkgZXJyPTAgc3RhcnRlZD0=","description":"ble:LoRa-Chatter-72E0 E0:72:A1:D5:4C:15","device_key":"ble-address:e0:72:a1:d5:4c:15","kind":"rx","seq":101,"session":"s2","stream":"telemetry","text":"le=0) err=0 started=","timestamp":1790062776.3197708}
2026-09-22T10:39:36.320+03:00 [RX telemetry] {"data_b64":"MSBSWCBvaz0xIHVzZXI9MSBlY2g=","description":"ble:LoRa-Chatter-72E0 E0:72:A1:D5:4C:15","device_key":"ble-address:e0:72:a1:d5:4c:15","kind":"rx","seq":102,"session":"s2","stream":"telemetry","text":"1 RX ok=1 user=1 ech","timestamp":1790062776.3204806}
2026-09-22T10:39:36.321+03:00 [RX telemetry] {"data_b64":"b19yZXE9MCBlY2hvX3JlcD0wIGg=","description":"ble:LoRa-Chatter-72E0 E0:72:A1:D5:4C:15","device_key":"ble-address:e0:72:a1:d5:4c:15","kind":"rx","seq":103,"session":"s2","stream":"telemetry","text":"o_req=0 echo_rep=0 h","timestamp":1790062776.3206642}
2026-09-22T10:39:36.321+03:00 [RX telemetry] {"data_b64":"Yj0wIGNyYz0wIGhkcj0wIGJhZD0=","description":"ble:LoRa-Chatter-72E0 E0:72:A1:D5:4C:15","device_key":"ble-address:e0:72:a1:d5:4c:15","kind":"rx","seq":104,"session":"s2","stream":"telemetry","text":"b=0 crc=0 hdr=0 bad=","timestamp":1790062776.3217084}
2026-09-22T10:39:36.322+03:00 [RX telemetry] {"data_b64":"MCByZWFkZXJyPTAgcmVwb3J0cz0=","description":"ble:LoRa-Chatter-72E0 E0:72:A1:D5:4C:15","device_key":"ble-address:e0:72:a1:d5:4c:15","kind":"rx","seq":105,"session":"s2","stream":"telemetry","text":"0 readerr=0 reports=","timestamp":1790062776.3223083}
2026-09-22T10:39:36.323+03:00 [RX telemetry] {"data_b64":"MCBRPTAlIGRyb3BzPTAgZmF0YWw=","description":"ble:LoRa-Chatter-72E0 E0:72:A1:D5:4C:15","device_key":"ble-address:e0:72:a1:d5:4c:15","kind":"rx","seq":106,"session":"s2","stream":"telemetry","text":"0 Q=0% drops=0 fatal","timestamp":1790062776.3230267}
2026-09-22T10:39:36.324+03:00 [RX telemetry] {"data_b64":"PTAK","description":"ble:LoRa-Chatter-72E0 E0:72:A1:D5:4C:15","device_key":"ble-address:e0:72:a1:d5:4c:15","kind":"rx","seq":107,"session":"s2","stream":"telemetry","text":"=0\n","timestamp":1790062776.3237185}
2026-09-22T10:39:36.324+03:00 [RX telemetry] {"data_b64":"U0VTU0lPTiBDT1VSVEVTWSB3aW4=","description":"ble:LoRa-Chatter-72E0 E0:72:A1:D5:4C:15","device_key":"ble-address:e0:72:a1:d5:4c:15","kind":"rx","seq":108,"session":"s2","stream":"telemetry","text":"SESSION COURTESY win","timestamp":1790062776.3240106}
2026-09-22T10:39:36.324+03:00 [RX telemetry] {"data_b64":"ZG93PTkxMjNtcyBwZWVyX3JlbGU=","description":"ble:LoRa-Chatter-72E0 E0:72:A1:D5:4C:15","device_key":"ble-address:e0:72:a1:d5:4c:15","kind":"rx","seq":109,"session":"s2","stream":"telemetry","text":"dow=9123ms peer_rele","timestamp":1790062776.3247545}
2026-09-22T10:39:36.325+03:00 [RX telemetry] {"data_b64":"YXNlPTAgZXhwaXJlZD0wIHlpZWw=","description":"ble:LoRa-Chatter-72E0 E0:72:A1:D5:4C:15","device_key":"ble-address:e0:72:a1:d5:4c:15","kind":"rx","seq":110,"session":"s2","stream":"telemetry","text":"ase=0 expired=0 yiel","timestamp":1790062776.325164}
2026-09-22T10:39:36.326+03:00 [RX telemetry] {"data_b64":"ZGluZz0wCg==","description":"ble:LoRa-Chatter-72E0 E0:72:A1:D5:4C:15","device_key":"ble-address:e0:72:a1:d5:4c:15","kind":"rx","seq":111,"session":"s2","stream":"telemetry","text":"ding=0\n","timestamp":1790062776.3258991}
2026-09-22T10:39:36.326+03:00 [RX telemetry] {"data_b64":"U0VTU0lPTiBESU8wX1RYIGFmZmU=","description":"ble:LoRa-Chatter-72E0 E0:72:A1:D5:4C:15","device_key":"ble-address:e0:72:a1:d5:4c:15","kind":"rx","seq":112,"session":"s2","stream":"telemetry","text":"SESSION DIO0_TX affe","timestamp":1790062776.3265243}
2026-09-22T10:39:36.327+03:00 [RX telemetry] {"data_b64":"Y3RlZD0wLzEgZXBpc29kZXM9MCA=","description":"ble:LoRa-Chatter-72E0 E0:72:A1:D5:4C:15","device_key":"ble-address:e0:72:a1:d5:4c:15","kind":"rx","seq":113,"session":"s2","stream":"telemetry","text":"cted=0/1 episodes=0 ","timestamp":1790062776.3272915}
2026-09-22T10:39:36.327+03:00 [RX telemetry] {"data_b64":"YXZnX2FsbD0wLjAwIGF2Z19hZmY=","description":"ble:LoRa-Chatter-72E0 E0:72:A1:D5:4C:15","device_key":"ble-address:e0:72:a1:d5:4c:15","kind":"rx","seq":114,"session":"s2","stream":"telemetry","text":"avg_all=0.00 avg_aff","timestamp":1790062776.3277328}
2026-09-22T10:39:36.328+03:00 [RX telemetry] {"data_b64":"ZWN0ZWQ9MC4wMCBoaWdoX3BvbGw=","description":"ble:LoRa-Chatter-72E0 E0:72:A1:D5:4C:15","device_key":"ble-address:e0:72:a1:d5:4c:15","kind":"rx","seq":115,"session":"s2","stream":"telemetry","text":"ected=0.00 high_poll","timestamp":1790062776.3283877}
2026-09-22T10:39:36.329+03:00 [RX telemetry] {"data_b64":"cz0wCg==","description":"ble:LoRa-Chatter-72E0 E0:72:A1:D5:4C:15","device_key":"ble-address:e0:72:a1:d5:4c:15","kind":"rx","seq":116,"session":"s2","stream":"telemetry","text":"s=0\n","timestamp":1790062776.328865}
2026-09-22T10:39:36.329+03:00 [RX telemetry] {"data_b64":"U0VTU0lPTiBSWF9QT0xMIHBvbGw=","description":"ble:LoRa-Chatter-72E0 E0:72:A1:D5:4C:15","device_key":"ble-address:e0:72:a1:d5:4c:15","kind":"rx","seq":117,"session":"s2","stream":"telemetry","text":"SESSION RX_POLL poll","timestamp":1790062776.329552}
2026-09-22T10:39:36.330+03:00 [RX telemetry] {"data_b64":"cz00NzQ0Nzcgcnhkb25lPTEgaW4=","description":"ble:LoRa-Chatter-72E0 E0:72:A1:D5:4C:15","device_key":"ble-address:e0:72:a1:d5:4c:15","kind":"rx","seq":118,"session":"s2","stream":"telemetry","text":"s=474477 rxdone=1 in","timestamp":1790062776.3300905}
2026-09-22T10:39:36.331+03:00 [RX telemetry] {"data_b64":"dGVydmFsPTEwMDB1cyBESU8wX1I=","description":"ble:LoRa-Chatter-72E0 E0:72:A1:D5:4C:15","device_key":"ble-address:e0:72:a1:d5:4c:15","kind":"rx","seq":119,"session":"s2","stream":"telemetry","text":"terval=1000us DIO0_R","timestamp":1790062776.3306992}
2026-09-22T10:39:36.331+03:00 [RX telemetry] {"data_b64":"WCBmYWxzZV9oaWdoX2VwPTAgaGk=","description":"ble:LoRa-Chatter-72E0 E0:72:A1:D5:4C:15","device_key":"ble-address:e0:72:a1:d5:4c:15","kind":"rx","seq":120,"session":"s2","stream":"telemetry","text":"X false_high_ep=0 hi","timestamp":1790062776.331073}
2026-09-22T10:39:36.333+03:00 [RX telemetry] {"data_b64":"Z2hfcG9sbHM9MCByeGRvbmVfbG8=","description":"ble:LoRa-Chatter-72E0 E0:72:A1:D5:4C:15","device_key":"ble-address:e0:72:a1:d5:4c:15","kind":"rx","seq":121,"session":"s2","stream":"telemetry","text":"gh_polls=0 rxdone_lo","timestamp":1790062776.3334012}
2026-09-22T10:39:36.334+03:00 [RX telemetry] {"data_b64":"dz0wIGlzcj1kaXNhYmxlZAo=","description":"ble:LoRa-Chatter-72E0 E0:72:A1:D5:4C:15","device_key":"ble-address:e0:72:a1:d5:4c:15","kind":"rx","seq":122,"session":"s2","stream":"telemetry","text":"w=0 isr=disabled\n","timestamp":1790062776.3341742}
2026-09-22T10:40:05.331+03:00 [AGENT REQUEST] {"id":23,"op":"observe","cursors":{"s1":115,"s2":85},"timeout_ms":30000}
2026-09-22T10:40:05.333+03:00 [AGENT RESPONSE] {"id":23,"ok":true,"result":{"cursors":{"s1":141,"s2":122},"events":[{"data_b64":"QVRURU4tQTJCLTIwMjYwOTIyVDA3MzU0OFoK","description":"ble:LoRa-Chatter-1B44 44:1B:F6:8D:B7:A9","device_key":"ble-address:44:1b:f6:8d:b7:a9","kind":"tx","seq":116,"session":"s1","text":"ATTEN-A2B-20260922T073548Z","timestamp":1790062771.9031057,"tx_id":8,"tx_state":"written"},{"data_b64":"REVMSVZFUlkgUVVFVUVEIHNvdXI=","description":"ble:LoRa-Chatter-1B44 44:1B:F6:8D:B7:A9","device_key":"ble-address:44:1b:f6:8d:b7:a9","kind":"rx","seq":117,"session":"s1","stream":"telemetry","text":"DELIVERY QUEUED sour","timestamp":1790062771.9745755},{"data_b64":"Y2U9MiBieXRlcz0yNiB3YWl0aW4=","description":"ble:LoRa-Chatter-1B44 44:1B:F6:8D:B7:A9","device_key":"ble-address:44:1b:f6:8d:b7:a9","kind":"rx","seq":118,"session":"s1","stream":"telemetry","text":"ce=2 bytes=26 waitin","timestamp":1790062771.9753761},{"data_b64":"Zz0xLzggaW5fZmxpZ2h0PTAK","description":"ble:LoRa-Chatter-1B44 44:1B:F6:8D:B7:A9","device_key":"ble-address:44:1b:f6:8d:b7:a9","kind":"rx","seq":119,"session":"s1","stream":"telemetry","text":"g=1/8 in_flight=0\n","timestamp":1790062771.9764242},{"data_b64":"ClRYIFVTRVIgc2VxPTAgZnJhbWU=","description":"ble:LoRa-Chatter-1B44 44:1B:F6:8D:B7:A9","device_key":"ble-address:44:1b:f6:8d:b7:a9","kind":"rx","seq":120,"session":"s1","stream":"telemetry","text":"\nTX USER seq=0 frame","timestamp":1790062773.9547138},{"data_b64":"PTM4QiB1c2VyPTI2QiBhdHRlbXA=","description":"ble:LoRa-Chatter-1B44 44:1B:F6:8D:B7:A9","device_key":"ble-address:44:1b:f6:8d:b7:a9","kind":"rx","seq":121,"session":"s1","stream":"telemetry","text":"=38B user=26B attemp","timestamp":1790062773.9551888},{"data_b64":"dD0xLzUgT0sgdGltZT0xOTc2IG0=","description":"ble:LoRa-Chatter-1B44 44:1B:F6:8D:B7:A9","device_key":"ble-address:44:1b:f6:8d:b7:a9","kind":"rx","seq":122,"session":"s1","stream":"telemetry","text":"t=1/5 OK time=1976 m","timestamp":1790062773.9559958},{"data_b64":"cwo=","description":"ble:LoRa-Chatter-1B44 44:1B:F6:8D:B7:A9","device_key":"ble-address:44:1b:f6:8d:b7:a9","kind":"rx","seq":123,"session":"s1","stream":"telemetry","text":"s\n","timestamp":1790062773.9566486},{"data_b64":"PiBBVFRFTi1BMkItMjAyNjA5MjI=","description":"ble:LoRa-Chatter-1B44 44:1B:F6:8D:B7:A9","device_key":"ble-address:44:1b:f6:8d:b7:a9","kind":"rx","seq":124,"session":"s1","stream":"chat","text":"> ATTEN-A2B-20260922","timestamp":1790062773.9568994},{"data_b64":"VDA3MzU0OFoK","description":"ble:LoRa-Chatter-1B44 44:1B:F6:8D:B7:A9","device_key":"ble-address:44:1b:f6:8d:b7:a9","kind":"rx","seq":125,"session":"s1","stream":"chat","text":"T073548Z\n","timestamp":1790062773.9578676},{"data_b64":"REVMSVZFUlkgV0FJVF9BQ0sgdXM=","description":"ble:LoRa-Chatter-1B44 44:1B:F6:8D:B7:A9","device_key":"ble-address:44:1b:f6:8d:b7:a9","kind":"rx","seq":126,"session":"s1","stream":"telemetry","text":"DELIVERY WAIT_ACK us","timestamp":1790062773.9584703},{"data_b64":"ZXI9QTlDNi8wIGF0dGVtcHQ9MS8=","description":"ble:LoRa-Chatter-1B44 44:1B:F6:8D:B7:A9","device_key":"ble-address:44:1b:f6:8d:b7:a9","kind":"rx","seq":127,"session":"s1","stream":"telemetry","text":"er=A9C6/0 attempt=1/","timestamp":1790062773.9593806},{"data_b64":"NSB0aW1lb3V0PTE4NTZtcyBxdWU=","description":"ble:LoRa-Chatter-1B44 44:1B:F6:8D:B7:A9","device_key":"ble-address:44:1b:f6:8d:b7:a9","kind":"rx","seq":128,"session":"s1","stream":"telemetry","text":"5 timeout=1856ms que","timestamp":1790062773.9594426},{"data_b64":"dWU9MAo=","description":"ble:LoRa-Chatter-1B44 44:1B:F6:8D:B7:A9","device_key":"ble-address:44:1b:f6:8d:b7:a9","kind":"rx","seq":129,"session":"s1","stream":"telemetry","text":"ue=0\n","timestamp":1790062773.9602306},{"data_b64":"ClJYIFVTRVIgc2Vzc2lvbj1BOUM=","description":"ble:LoRa-Chatter-72E0 E0:72:A1:D5:4C:15","device_key":"ble-address:e0:72:a1:d5:4c:15","kind":"rx","seq":86,"session":"s2","stream":"telemetry","text":"\nRX USER session=A9C","timestamp":1790062773.9782255},{"data_b64":"NiBzZXE9MCBmcmFtZT0zOEIgdXM=","description":"ble:LoRa-Chatter-72E0 E0:72:A1:D5:4C:15","device_key":"ble-address:e0:72:a1:d5:4c:15","kind":"rx","seq":87,"session":"s2","stream":"telemetry","text":"6 seq=0 frame=38B us","timestamp":1790062773.9789143},{"data_b64":"ZXI9MjZCIFJTU0k9LTg3LjAgZEI=","description":"ble:LoRa-Chatter-72E0 E0:72:A1:D5:4C:15","device_key":"ble-address:e0:72:a1:d5:4c:15","kind":"rx","seq":88,"session":"s2","stream":"telemetry","text":"er=26B RSSI=-87.0 dB","timestamp":1790062773.9795942},{"data_b64":"bSBTTlI9KzEwLjUgZEIgUT0wJSA=","description":"ble:LoRa-Chatter-72E0 E0:72:A1:D5:4C:15","device_key":"ble-address:e0:72:a1:d5:4c:15","kind":"rx","seq":89,"session":"s2","stream":"telemetry","text":"m SNR=+10.5 dB Q=0% ","timestamp":1790062773.9803011},{"data_b64":"ZGlzcG9zaXRpb249MAo=","description":"ble:LoRa-Chatter-72E0 E0:72:A1:D5:4C:15","device_key":"ble-address:e0:72:a1:d5:4c:15","kind":"rx","seq":90,"session":"s2","stream":"telemetry","text":"disposition=0\n","timestamp":1790062773.9810083},{"data_b64":"PCBbLTg3LysxMCBRMF0gQVRURU4=","description":"ble:LoRa-Chatter-72E0 E0:72:A1:D5:4C:15","device_key":"ble-address:e0:72:a1:d5:4c:15","kind":"rx","seq":91,"session":"s2","stream":"chat","text":"< [-87/+10 Q0] ATTEN","timestamp":1790062773.9817932},{"data_b64":"LUEyQi0yMDI2MDkyMlQwNzM1NDg=","description":"ble:LoRa-Chatter-72E0 E0:72:A1:D5:4C:15","device_key":"ble-address:e0:72:a1:d5:4c:15","kind":"rx","seq":92,"session":"s2","stream":"chat","text":"-A2B-20260922T073548","timestamp":1790062773.982517},{"data_b64":"Wgo=","description":"ble:LoRa-Chatter-72E0 E0:72:A1:D5:4C:15","device_key":"ble-address:e0:72:a1:d5:4c:15","kind":"rx","seq":93,"session":"s2","stream":"chat","text":"Z\n","timestamp":1790062773.9827251},{"data_b64":"ClRYIEFDSyBzZXE9MCBhY2tfdG8=","description":"ble:LoRa-Chatter-72E0 E0:72:A1:D5:4C:15","device_key":"ble-address:e0:72:a1:d5:4c:15","kind":"rx","seq":94,"session":"s2","stream":"telemetry","text":"\nTX ACK seq=0 ack_to","timestamp":1790062775.3275392},{"data_b64":"PUE5QzYvMCBmcmFtZT0xNEIgT0s=","description":"ble:LoRa-Chatter-72E0 E0:72:A1:D5:4C:15","device_key":"ble-address:e0:72:a1:d5:4c:15","kind":"rx","seq":95,"session":"s2","stream":"telemetry","text":"=A9C6/0 frame=14B OK","timestamp":1790062775.3283823},{"data_b64":"IHRpbWU9MTE1NiBtcyBndWFyZD0=","description":"ble:LoRa-Chatter-72E0 E0:72:A1:D5:4C:15","device_key":"ble-address:e0:72:a1:d5:4c:15","kind":"rx","seq":96,"session":"s2","stream":"telemetry","text":" time=1156 ms guard=","timestamp":1790062775.328858},{"data_b64":"NTAwbXMK","description":"ble:LoRa-Chatter-72E0 E0:72:A1:D5:4C:15","device_key":"ble-address:e0:72:a1:d5:4c:15","kind":"rx","seq":97,"session":"s2","stream":"telemetry","text":"500ms\n","timestamp":1790062775.329641},{"data_b64":"UEVFUl9SRVBPUlQgb3VyX3NlcT0=","description":"ble:LoRa-Chatter-1B44 44:1B:F6:8D:B7:A9","device_key":"ble-address:44:1b:f6:8d:b7:a9","kind":"rx","seq":130,"session":"s1","stream":"telemetry","text":"PEER_REPORT our_seq=","timestamp":1790062775.349323},{"data_b64":"MCBSU1NJPS04NyBkQm0gU05SPSs=","description":"ble:LoRa-Chatter-1B44 44:1B:F6:8D:B7:A9","device_key":"ble-address:44:1b:f6:8d:b7:a9","kind":"rx","seq":131,"session":"s1","stream":"telemetry","text":"0 RSSI=-87 dBm SNR=+","timestamp":1790062775.350579},{"data_b64":"MTEgZEIgUT0wJQo=","description":"ble:LoRa-Chatter-1B44 44:1B:F6:8D:B7:A9","device_key":"ble-address:44:1b:f6:8d:b7:a9","kind":"rx","seq":132,"session":"s1","stream":"telemetry","text":"11 dB Q=0%\n","timestamp":1790062775.3506405},{"data_b64":"ClJYIEFDSyBzZXNzaW9uPTAyQTc=","description":"ble:LoRa-Chatter-1B44 44:1B:F6:8D:B7:A9","device_key":"ble-address:44:1b:f6:8d:b7:a9","kind":"rx","seq":133,"session":"s1","stream":"telemetry","text":"\nRX ACK session=02A7","timestamp":1790062775.3515496},{"data_b64":"IHNlcT0wIGFja190bz1BOUM2LzA=","description":"ble:LoRa-Chatter-1B44 44:1B:F6:8D:B7:A9","device_key":"ble-address:44:1b:f6:8d:b7:a9","kind":"rx","seq":134,"session":"s1","stream":"telemetry","text":" seq=0 ack_to=A9C6/0","timestamp":1790062775.3522973},{"data_b64":"IGZyYW1lPTE0QiBSU1NJPS04Ni4=","description":"ble:LoRa-Chatter-1B44 44:1B:F6:8D:B7:A9","device_key":"ble-address:44:1b:f6:8d:b7:a9","kind":"rx","seq":135,"session":"s1","stream":"telemetry","text":" frame=14B RSSI=-86.","timestamp":1790062775.352842},{"data_b64":"MCBkQm0gU05SPSs4LjIgZEIgUT0=","description":"ble:LoRa-Chatter-1B44 44:1B:F6:8D:B7:A9","device_key":"ble-address:44:1b:f6:8d:b7:a9","kind":"rx","seq":136,"session":"s1","stream":"telemetry","text":"0 dBm SNR=+8.2 dB Q=","timestamp":1790062775.353488},{"data_b64":"MCUK","description":"ble:LoRa-Chatter-1B44 44:1B:F6:8D:B7:A9","device_key":"ble-address:44:1b:f6:8d:b7:a9","kind":"rx","seq":137,"session":"s1","stream":"telemetry","text":"0%\n","timestamp":1790062775.3538496},{"data_b64":"REVMSVZFUlkgQUNLIHVzZXI9QTk=","description":"ble:LoRa-Chatter-1B44 44:1B:F6:8D:B7:A9","device_key":"ble-address:44:1b:f6:8d:b7:a9","kind":"rx","seq":138,"session":"s1","stream":"telemetry","text":"DELIVERY ACK user=A9","timestamp":1790062775.3545475},{"data_b64":"QzYvMCBhdHRlbXB0cz0xLzUgZWw=","description":"ble:LoRa-Chatter-1B44 44:1B:F6:8D:B7:A9","device_key":"ble-address:44:1b:f6:8d:b7:a9","kind":"rx","seq":139,"session":"s1","stream":"telemetry","text":"C6/0 attempts=1/5 el","timestamp":1790062775.3550274},{"data_b64":"YXBzZWQ9MTQyMW1zIHF1ZXVlPTA=","description":"ble:LoRa-Chatter-1B44 44:1B:F6:8D:B7:A9","device_key":"ble-address:44:1b:f6:8d:b7:a9","kind":"rx","seq":140,"session":"s1","stream":"telemetry","text":"apsed=1421ms queue=0","timestamp":1790062775.3556924},{"data_b64":"Cg==","description":"ble:LoRa-Chatter-1B44 44:1B:F6:8D:B7:A9","device_key":"ble-address:44:1b:f6:8d:b7:a9","kind":"rx","seq":141,"session":"s1","stream":"telemetry","text":"\n","timestamp":1790062775.3560712},{"data_b64":"ClNFU1NJT04gdD00ODBzIFRYIG8=","description":"ble:LoRa-Chatter-72E0 E0:72:A1:D5:4C:15","device_key":"ble-address:e0:72:a1:d5:4c:15","kind":"rx","seq":98,"session":"s2","stream":"telemetry","text":"\nSESSION t=480s TX o","timestamp":1790062776.316558},{"data_b64":"az0xIHVzZXI9MCBlY2hvX3JlcT0=","description":"ble:LoRa-Chatter-72E0 E0:72:A1:D5:4C:15","device_key":"ble-address:e0:72:a1:d5:4c:15","kind":"rx","seq":99,"session":"s2","stream":"telemetry","text":"k=1 user=0 echo_req=","timestamp":1790062776.3172967},{"data_b64":"MCBlY2hvX3JlcD0wIGhiPTAoaWQ=","description":"ble:LoRa-Chatter-72E0 E0:72:A1:D5:4C:15","device_key":"ble-address:e0:72:a1:d5:4c:15","kind":"rx","seq":100,"session":"s2","stream":"telemetry","text":"0 echo_rep=0 hb=0(id","timestamp":1790062776.3190973},{"data_b64":"bGU9MCkgZXJyPTAgc3RhcnRlZD0=","description":"ble:LoRa-Chatter-72E0 E0:72:A1:D5:4C:15","device_key":"ble-address:e0:72:a1:d5:4c:15","kind":"rx","seq":101,"session":"s2","stream":"telemetry","text":"le=0) err=0 started=","timestamp":1790062776.3197708},{"data_b64":"MSBSWCBvaz0xIHVzZXI9MSBlY2g=","description":"ble:LoRa-Chatter-72E0 E0:72:A1:D5:4C:15","device_key":"ble-address:e0:72:a1:d5:4c:15","kind":"rx","seq":102,"session":"s2","stream":"telemetry","text":"1 RX ok=1 user=1 ech","timestamp":1790062776.3204806},{"data_b64":"b19yZXE9MCBlY2hvX3JlcD0wIGg=","description":"ble:LoRa-Chatter-72E0 E0:72:A1:D5:4C:15","device_key":"ble-address:e0:72:a1:d5:4c:15","kind":"rx","seq":103,"session":"s2","stream":"telemetry","text":"o_req=0 echo_rep=0 h","timestamp":1790062776.3206642},{"data_b64":"Yj0wIGNyYz0wIGhkcj0wIGJhZD0=","description":"ble:LoRa-Chatter-72E0 E0:72:A1:D5:4C:15","device_key":"ble-address:e0:72:a1:d5:4c:15","kind":"rx","seq":104,"session":"s2","stream":"telemetry","text":"b=0 crc=0 hdr=0 bad=","timestamp":1790062776.3217084},{"data_b64":"MCByZWFkZXJyPTAgcmVwb3J0cz0=","description":"ble:LoRa-Chatter-72E0 E0:72:A1:D5:4C:15","device_key":"ble-address:e0:72:a1:d5:4c:15","kind":"rx","seq":105,"session":"s2","stream":"telemetry","text":"0 readerr=0 reports=","timestamp":1790062776.3223083},{"data_b64":"MCBRPTAlIGRyb3BzPTAgZmF0YWw=","description":"ble:LoRa-Chatter-72E0 E0:72:A1:D5:4C:15","device_key":"ble-address:e0:72:a1:d5:4c:15","kind":"rx","seq":106,"session":"s2","stream":"telemetry","text":"0 Q=0% drops=0 fatal","timestamp":1790062776.3230267},{"data_b64":"PTAK","description":"ble:LoRa-Chatter-72E0 E0:72:A1:D5:4C:15","device_key":"ble-address:e0:72:a1:d5:4c:15","kind":"rx","seq":107,"session":"s2","stream":"telemetry","text":"=0\n","timestamp":1790062776.3237185},{"data_b64":"U0VTU0lPTiBDT1VSVEVTWSB3aW4=","description":"ble:LoRa-Chatter-72E0 E0:72:A1:D5:4C:15","device_key":"ble-address:e0:72:a1:d5:4c:15","kind":"rx","seq":108,"session":"s2","stream":"telemetry","text":"SESSION COURTESY win","timestamp":1790062776.3240106},{"data_b64":"ZG93PTkxMjNtcyBwZWVyX3JlbGU=","description":"ble:LoRa-Chatter-72E0 E0:72:A1:D5:4C:15","device_key":"ble-address:e0:72:a1:d5:4c:15","kind":"rx","seq":109,"session":"s2","stream":"telemetry","text":"dow=9123ms peer_rele","timestamp":1790062776.3247545},{"data_b64":"YXNlPTAgZXhwaXJlZD0wIHlpZWw=","description":"ble:LoRa-Chatter-72E0 E0:72:A1:D5:4C:15","device_key":"ble-address:e0:72:a1:d5:4c:15","kind":"rx","seq":110,"session":"s2","stream":"telemetry","text":"ase=0 expired=0 yiel","timestamp":1790062776.325164},{"data_b64":"ZGluZz0wCg==","description":"ble:LoRa-Chatter-72E0 E0:72:A1:D5:4C:15","device_key":"ble-address:e0:72:a1:d5:4c:15","kind":"rx","seq":111,"session":"s2","stream":"telemetry","text":"ding=0\n","timestamp":1790062776.3258991},{"data_b64":"U0VTU0lPTiBESU8wX1RYIGFmZmU=","description":"ble:LoRa-Chatter-72E0 E0:72:A1:D5:4C:15","device_key":"ble-address:e0:72:a1:d5:4c:15","kind":"rx","seq":112,"session":"s2","stream":"telemetry","text":"SESSION DIO0_TX affe","timestamp":1790062776.3265243},{"data_b64":"Y3RlZD0wLzEgZXBpc29kZXM9MCA=","description":"ble:LoRa-Chatter-72E0 E0:72:A1:D5:4C:15","device_key":"ble-address:e0:72:a1:d5:4c:15","kind":"rx","seq":113,"session":"s2","stream":"telemetry","text":"cted=0/1 episodes=0 ","timestamp":1790062776.3272915},{"data_b64":"YXZnX2FsbD0wLjAwIGF2Z19hZmY=","description":"ble:LoRa-Chatter-72E0 E0:72:A1:D5:4C:15","device_key":"ble-address:e0:72:a1:d5:4c:15","kind":"rx","seq":114,"session":"s2","stream":"telemetry","text":"avg_all=0.00 avg_aff","timestamp":1790062776.3277328},{"data_b64":"ZWN0ZWQ9MC4wMCBoaWdoX3BvbGw=","description":"ble:LoRa-Chatter-72E0 E0:72:A1:D5:4C:15","device_key":"ble-address:e0:72:a1:d5:4c:15","kind":"rx","seq":115,"session":"s2","stream":"telemetry","text":"ected=0.00 high_poll","timestamp":1790062776.3283877},{"data_b64":"cz0wCg==","description":"ble:LoRa-Chatter-72E0 E0:72:A1:D5:4C:15","device_key":"ble-address:e0:72:a1:d5:4c:15","kind":"rx","seq":116,"session":"s2","stream":"telemetry","text":"s=0\n","timestamp":1790062776.328865},{"data_b64":"U0VTU0lPTiBSWF9QT0xMIHBvbGw=","description":"ble:LoRa-Chatter-72E0 E0:72:A1:D5:4C:15","device_key":"ble-address:e0:72:a1:d5:4c:15","kind":"rx","seq":117,"session":"s2","stream":"telemetry","text":"SESSION RX_POLL poll","timestamp":1790062776.329552},{"data_b64":"cz00NzQ0Nzcgcnhkb25lPTEgaW4=","description":"ble:LoRa-Chatter-72E0 E0:72:A1:D5:4C:15","device_key":"ble-address:e0:72:a1:d5:4c:15","kind":"rx","seq":118,"session":"s2","stream":"telemetry","text":"s=474477 rxdone=1 in","timestamp":1790062776.3300905},{"data_b64":"dGVydmFsPTEwMDB1cyBESU8wX1I=","description":"ble:LoRa-Chatter-72E0 E0:72:A1:D5:4C:15","device_key":"ble-address:e0:72:a1:d5:4c:15","kind":"rx","seq":119,"session":"s2","stream":"telemetry","text":"terval=1000us DIO0_R","timestamp":1790062776.3306992},{"data_b64":"WCBmYWxzZV9oaWdoX2VwPTAgaGk=","description":"ble:LoRa-Chatter-72E0 E0:72:A1:D5:4C:15","device_key":"ble-address:e0:72:a1:d5:4c:15","kind":"rx","seq":120,"session":"s2","stream":"telemetry","text":"X false_high_ep=0 hi","timestamp":1790062776.331073},{"data_b64":"Z2hfcG9sbHM9MCByeGRvbmVfbG8=","description":"ble:LoRa-Chatter-72E0 E0:72:A1:D5:4C:15","device_key":"ble-address:e0:72:a1:d5:4c:15","kind":"rx","seq":121,"session":"s2","stream":"telemetry","text":"gh_polls=0 rxdone_lo","timestamp":1790062776.3334012},{"data_b64":"dz0wIGlzcj1kaXNhYmxlZAo=","description":"ble:LoRa-Chatter-72E0 E0:72:A1:D5:4C:15","device_key":"ble-address:e0:72:a1:d5:4c:15","kind":"rx","seq":122,"session":"s2","stream":"telemetry","text":"w=0 isr=disabled\n","timestamp":1790062776.3341742}],"lines":[{"seq_first":117,"seq_last":119,"session":"s1","stream":"telemetry","text":"DELIVERY QUEUED source=2 bytes=26 waiting=1/8 in_flight=0"},{"seq_first":120,"seq_last":120,"session":"s1","stream":"telemetry","text":""},{"seq_first":120,"seq_last":123,"session":"s1","stream":"telemetry","text":"TX USER seq=0 frame=38B user=26B attempt=1/5 OK time=1976 ms"},{"seq_first":124,"seq_last":125,"session":"s1","stream":"chat","text":"> ATTEN-A2B-20260922T073548Z"},{"seq_first":126,"seq_last":129,"session":"s1","stream":"telemetry","text":"DELIVERY WAIT_ACK user=A9C6/0 attempt=1/5 timeout=1856ms queue=0"},{"seq_first":86,"seq_last":86,"session":"s2","stream":"telemetry","text":""},{"seq_first":86,"seq_last":90,"session":"s2","stream":"telemetry","text":"RX USER session=A9C6 seq=0 frame=38B user=26B RSSI=-87.0 dBm SNR=+10.5 dB Q=0% disposition=0"},{"seq_first":91,"seq_last":93,"session":"s2","stream":"chat","text":"< [-87/+10 Q0] ATTEN-A2B-20260922T073548Z"},{"seq_first":94,"seq_last":94,"session":"s2","stream":"telemetry","text":""},{"seq_first":94,"seq_last":97,"session":"s2","stream":"telemetry","text":"TX ACK seq=0 ack_to=A9C6/0 frame=14B OK time=1156 ms guard=500ms"},{"seq_first":130,"seq_last":132,"session":"s1","stream":"telemetry","text":"PEER_REPORT our_seq=0 RSSI=-87 dBm SNR=+11 dB Q=0%"},{"seq_first":133,"seq_last":133,"session":"s1","stream":"telemetry","text":""},{"seq_first":133,"seq_last":137,"session":"s1","stream":"telemetry","text":"RX ACK session=02A7 seq=0 ack_to=A9C6/0 frame=14B RSSI=-86.0 dBm SNR=+8.2 dB Q=0%"},{"seq_first":138,"seq_last":141,"session":"s1","stream":"telemetry","text":"DELIVERY ACK user=A9C6/0 attempts=1/5 elapsed=1421ms queue=0"},{"seq_first":98,"seq_last":98,"session":"s2","stream":"telemetry","text":""},{"seq_first":98,"seq_last":107,"session":"s2","stream":"telemetry","text":"SESSION t=480s TX ok=1 user=0 echo_req=0 echo_rep=0 hb=0(idle=0) err=0 started=1 RX ok=1 user=1 echo_req=0 echo_rep=0 hb=0 crc=0 hdr=0 bad=0 readerr=0 reports=0 Q=0% drops=0 fatal=0"},{"seq_first":108,"seq_last":111,"session":"s2","stream":"telemetry","text":"SESSION COURTESY window=9123ms peer_release=0 expired=0 yielding=0"},{"seq_first":112,"seq_last":116,"session":"s2","stream":"telemetry","text":"SESSION DIO0_TX affected=0/1 episodes=0 avg_all=0.00 avg_affected=0.00 high_polls=0"},{"seq_first":117,"seq_last":122,"session":"s2","stream":"telemetry","text":"SESSION RX_POLL polls=474477 rxdone=1 interval=1000us DIO0_RX false_high_ep=0 high_polls=0 rxdone_low=0 isr=disabled"}],"timed_out":false}}
2026-09-22T10:40:28.765+03:00 [RX telemetry] {"data_b64":"ClNFU1NJT04gdD01NDBzIFRYIG8=","description":"ble:LoRa-Chatter-1B44 44:1B:F6:8D:B7:A9","device_key":"ble-address:44:1b:f6:8d:b7:a9","kind":"rx","seq":142,"session":"s1","stream":"telemetry","text":"\nSESSION t=540s TX o","timestamp":1790062828.7655253}
2026-09-22T10:40:28.767+03:00 [RX telemetry] {"data_b64":"az0xIHVzZXI9MSBlY2hvX3JlcT0=","description":"ble:LoRa-Chatter-1B44 44:1B:F6:8D:B7:A9","device_key":"ble-address:44:1b:f6:8d:b7:a9","kind":"rx","seq":143,"session":"s1","stream":"telemetry","text":"k=1 user=1 echo_req=","timestamp":1790062828.7666347}
2026-09-22T10:40:28.767+03:00 [RX telemetry] {"data_b64":"MCBlY2hvX3JlcD0wIGhiPTAoaWQ=","description":"ble:LoRa-Chatter-1B44 44:1B:F6:8D:B7:A9","device_key":"ble-address:44:1b:f6:8d:b7:a9","kind":"rx","seq":144,"session":"s1","stream":"telemetry","text":"0 echo_rep=0 hb=0(id","timestamp":1790062828.7676158}
2026-09-22T10:40:28.768+03:00 [RX telemetry] {"data_b64":"bGU9MCkgZXJyPTAgc3RhcnRlZD0=","description":"ble:LoRa-Chatter-1B44 44:1B:F6:8D:B7:A9","device_key":"ble-address:44:1b:f6:8d:b7:a9","kind":"rx","seq":145,"session":"s1","stream":"telemetry","text":"le=0) err=0 started=","timestamp":1790062828.7681208}
2026-09-22T10:40:28.769+03:00 [RX telemetry] {"data_b64":"MSBSWCBvaz0xIHVzZXI9MCBlY2g=","description":"ble:LoRa-Chatter-1B44 44:1B:F6:8D:B7:A9","device_key":"ble-address:44:1b:f6:8d:b7:a9","kind":"rx","seq":146,"session":"s1","stream":"telemetry","text":"1 RX ok=1 user=0 ech","timestamp":1790062828.7688649}
2026-09-22T10:40:28.769+03:00 [RX telemetry] {"data_b64":"b19yZXE9MCBlY2hvX3JlcD0wIGg=","description":"ble:LoRa-Chatter-1B44 44:1B:F6:8D:B7:A9","device_key":"ble-address:44:1b:f6:8d:b7:a9","kind":"rx","seq":147,"session":"s1","stream":"telemetry","text":"o_req=0 echo_rep=0 h","timestamp":1790062828.768951}
2026-09-22T10:40:28.769+03:00 [RX telemetry] {"data_b64":"Yj0wIGNyYz0wIGhkcj0wIGJhZD0=","description":"ble:LoRa-Chatter-1B44 44:1B:F6:8D:B7:A9","device_key":"ble-address:44:1b:f6:8d:b7:a9","kind":"rx","seq":148,"session":"s1","stream":"telemetry","text":"b=0 crc=0 hdr=0 bad=","timestamp":1790062828.769724}
2026-09-22T10:40:28.770+03:00 [RX telemetry] {"data_b64":"MSByZWFkZXJyPTAgcmVwb3J0cz0=","description":"ble:LoRa-Chatter-1B44 44:1B:F6:8D:B7:A9","device_key":"ble-address:44:1b:f6:8d:b7:a9","kind":"rx","seq":149,"session":"s1","stream":"telemetry","text":"1 readerr=0 reports=","timestamp":1790062828.770682}
2026-09-22T10:40:28.771+03:00 [RX telemetry] {"data_b64":"MSBRPTEwMCUgZHJvcHM9MSBmYXQ=","description":"ble:LoRa-Chatter-1B44 44:1B:F6:8D:B7:A9","device_key":"ble-address:44:1b:f6:8d:b7:a9","kind":"rx","seq":150,"session":"s1","stream":"telemetry","text":"1 Q=100% drops=1 fat","timestamp":1790062828.7707605}
2026-09-22T10:40:28.771+03:00 [RX telemetry] {"data_b64":"YWw9MAo=","description":"ble:LoRa-Chatter-1B44 44:1B:F6:8D:B7:A9","device_key":"ble-address:44:1b:f6:8d:b7:a9","kind":"rx","seq":151,"session":"s1","stream":"telemetry","text":"al=0\n","timestamp":1790062828.7717133}
2026-09-22T10:40:28.772+03:00 [RX telemetry] {"data_b64":"U0VTU0lPTiBDT1VSVEVTWSB3aW4=","description":"ble:LoRa-Chatter-1B44 44:1B:F6:8D:B7:A9","device_key":"ble-address:44:1b:f6:8d:b7:a9","kind":"rx","seq":152,"session":"s1","stream":"telemetry","text":"SESSION COURTESY win","timestamp":1790062828.7723806}
2026-09-22T10:40:28.773+03:00 [RX telemetry] {"data_b64":"ZG93PTkxMjNtcyBwZWVyX3JlbGU=","description":"ble:LoRa-Chatter-1B44 44:1B:F6:8D:B7:A9","device_key":"ble-address:44:1b:f6:8d:b7:a9","kind":"rx","seq":153,"session":"s1","stream":"telemetry","text":"dow=9123ms peer_rele","timestamp":1790062828.7728682}
2026-09-22T10:40:28.775+03:00 [RX telemetry] {"data_b64":"YXNlPTAgZXhwaXJlZD0wIHlpZWw=","description":"ble:LoRa-Chatter-1B44 44:1B:F6:8D:B7:A9","device_key":"ble-address:44:1b:f6:8d:b7:a9","kind":"rx","seq":154,"session":"s1","stream":"telemetry","text":"ase=0 expired=0 yiel","timestamp":1790062828.7749958}
2026-09-22T10:40:28.775+03:00 [RX telemetry] {"data_b64":"ZGluZz0wCg==","description":"ble:LoRa-Chatter-1B44 44:1B:F6:8D:B7:A9","device_key":"ble-address:44:1b:f6:8d:b7:a9","kind":"rx","seq":155,"session":"s1","stream":"telemetry","text":"ding=0\n","timestamp":1790062828.7757447}
2026-09-22T10:40:28.776+03:00 [RX telemetry] {"data_b64":"U0VTU0lPTiBESU8wX1RYIGFmZmU=","description":"ble:LoRa-Chatter-1B44 44:1B:F6:8D:B7:A9","device_key":"ble-address:44:1b:f6:8d:b7:a9","kind":"rx","seq":156,"session":"s1","stream":"telemetry","text":"SESSION DIO0_TX affe","timestamp":1790062828.7764525}
2026-09-22T10:40:28.777+03:00 [RX telemetry] {"data_b64":"Y3RlZD0wLzEgZXBpc29kZXM9MCA=","description":"ble:LoRa-Chatter-1B44 44:1B:F6:8D:B7:A9","device_key":"ble-address:44:1b:f6:8d:b7:a9","kind":"rx","seq":157,"session":"s1","stream":"telemetry","text":"cted=0/1 episodes=0 ","timestamp":1790062828.7770584}
2026-09-22T10:40:28.778+03:00 [RX telemetry] {"data_b64":"YXZnX2FsbD0wLjAwIGF2Z19hZmY=","description":"ble:LoRa-Chatter-1B44 44:1B:F6:8D:B7:A9","device_key":"ble-address:44:1b:f6:8d:b7:a9","kind":"rx","seq":158,"session":"s1","stream":"telemetry","text":"avg_all=0.00 avg_aff","timestamp":1790062828.7777855}
2026-09-22T10:40:28.778+03:00 [RX telemetry] {"data_b64":"ZWN0ZWQ9MC4wMCBoaWdoX3BvbGw=","description":"ble:LoRa-Chatter-1B44 44:1B:F6:8D:B7:A9","device_key":"ble-address:44:1b:f6:8d:b7:a9","kind":"rx","seq":159,"session":"s1","stream":"telemetry","text":"ected=0.00 high_poll","timestamp":1790062828.7781868}
2026-09-22T10:40:28.779+03:00 [RX telemetry] {"data_b64":"cz0wCg==","description":"ble:LoRa-Chatter-1B44 44:1B:F6:8D:B7:A9","device_key":"ble-address:44:1b:f6:8d:b7:a9","kind":"rx","seq":160,"session":"s1","stream":"telemetry","text":"s=0\n","timestamp":1790062828.7787917}
2026-09-22T10:40:28.780+03:00 [RX telemetry] {"data_b64":"U0VTU0lPTiBSWF9QT0xMIHBvbGw=","description":"ble:LoRa-Chatter-1B44 44:1B:F6:8D:B7:A9","device_key":"ble-address:44:1b:f6:8d:b7:a9","kind":"rx","seq":161,"session":"s1","stream":"telemetry","text":"SESSION RX_POLL poll","timestamp":1790062828.7796688}
2026-09-22T10:40:28.780+03:00 [RX telemetry] {"data_b64":"cz01MzQyNTMgcnhkb25lPTIgaW4=","description":"ble:LoRa-Chatter-1B44 44:1B:F6:8D:B7:A9","device_key":"ble-address:44:1b:f6:8d:b7:a9","kind":"rx","seq":162,"session":"s1","stream":"telemetry","text":"s=534253 rxdone=2 in","timestamp":1790062828.7801394}
2026-09-22T10:40:28.781+03:00 [RX telemetry] {"data_b64":"dGVydmFsPTEwMDB1cyBESU8wX1I=","description":"ble:LoRa-Chatter-1B44 44:1B:F6:8D:B7:A9","device_key":"ble-address:44:1b:f6:8d:b7:a9","kind":"rx","seq":163,"session":"s1","stream":"telemetry","text":"terval=1000us DIO0_R","timestamp":1790062828.78137}
2026-09-22T10:40:28.782+03:00 [RX telemetry] {"data_b64":"WCBmYWxzZV9oaWdoX2VwPTAgaGk=","description":"ble:LoRa-Chatter-1B44 44:1B:F6:8D:B7:A9","device_key":"ble-address:44:1b:f6:8d:b7:a9","kind":"rx","seq":164,"session":"s1","stream":"telemetry","text":"X false_high_ep=0 hi","timestamp":1790062828.7814429}
2026-09-22T10:40:28.782+03:00 [RX telemetry] {"data_b64":"Z2hfcG9sbHM9MCByeGRvbmVfbG8=","description":"ble:LoRa-Chatter-1B44 44:1B:F6:8D:B7:A9","device_key":"ble-address:44:1b:f6:8d:b7:a9","kind":"rx","seq":165,"session":"s1","stream":"telemetry","text":"gh_polls=0 rxdone_lo","timestamp":1790062828.7821665}
2026-09-22T10:40:28.783+03:00 [RX telemetry] {"data_b64":"dz0wIGlzcj1kaXNhYmxlZAo=","description":"ble:LoRa-Chatter-1B44 44:1B:F6:8D:B7:A9","device_key":"ble-address:44:1b:f6:8d:b7:a9","kind":"rx","seq":166,"session":"s1","stream":"telemetry","text":"w=0 isr=disabled\n","timestamp":1790062828.7830002}
2026-09-22T10:40:36.303+03:00 [RX telemetry] {"data_b64":"ClNFU1NJT04gdD01NDBzIFRYIG8=","description":"ble:LoRa-Chatter-72E0 E0:72:A1:D5:4C:15","device_key":"ble-address:e0:72:a1:d5:4c:15","kind":"rx","seq":123,"session":"s2","stream":"telemetry","text":"\nSESSION t=540s TX o","timestamp":1790062836.3034003}
2026-09-22T10:40:36.304+03:00 [RX telemetry] {"data_b64":"az0xIHVzZXI9MCBlY2hvX3JlcT0=","description":"ble:LoRa-Chatter-72E0 E0:72:A1:D5:4C:15","device_key":"ble-address:e0:72:a1:d5:4c:15","kind":"rx","seq":124,"session":"s2","stream":"telemetry","text":"k=1 user=0 echo_req=","timestamp":1790062836.304082}
2026-09-22T10:40:36.305+03:00 [RX telemetry] {"data_b64":"MCBlY2hvX3JlcD0wIGhiPTAoaWQ=","description":"ble:LoRa-Chatter-72E0 E0:72:A1:D5:4C:15","device_key":"ble-address:e0:72:a1:d5:4c:15","kind":"rx","seq":125,"session":"s2","stream":"telemetry","text":"0 echo_rep=0 hb=0(id","timestamp":1790062836.304849}
2026-09-22T10:40:36.305+03:00 [RX telemetry] {"data_b64":"bGU9MCkgZXJyPTAgc3RhcnRlZD0=","description":"ble:LoRa-Chatter-72E0 E0:72:A1:D5:4C:15","device_key":"ble-address:e0:72:a1:d5:4c:15","kind":"rx","seq":126,"session":"s2","stream":"telemetry","text":"le=0) err=0 started=","timestamp":1790062836.3054743}
2026-09-22T10:40:36.306+03:00 [RX telemetry] {"data_b64":"MSBSWCBvaz0xIHVzZXI9MSBlY2g=","description":"ble:LoRa-Chatter-72E0 E0:72:A1:D5:4C:15","device_key":"ble-address:e0:72:a1:d5:4c:15","kind":"rx","seq":127,"session":"s2","stream":"telemetry","text":"1 RX ok=1 user=1 ech","timestamp":1790062836.3062382}
2026-09-22T10:40:36.307+03:00 [RX telemetry] {"data_b64":"b19yZXE9MCBlY2hvX3JlcD0wIGg=","description":"ble:LoRa-Chatter-72E0 E0:72:A1:D5:4C:15","device_key":"ble-address:e0:72:a1:d5:4c:15","kind":"rx","seq":128,"session":"s2","stream":"telemetry","text":"o_req=0 echo_rep=0 h","timestamp":1790062836.30677}
2026-09-22T10:40:36.348+03:00 [RX telemetry] {"data_b64":"Yj0wIGNyYz0wIGhkcj0wIGJhZD0=","description":"ble:LoRa-Chatter-72E0 E0:72:A1:D5:4C:15","device_key":"ble-address:e0:72:a1:d5:4c:15","kind":"rx","seq":129,"session":"s2","stream":"telemetry","text":"b=0 crc=0 hdr=0 bad=","timestamp":1790062836.3485436}
2026-09-22T10:40:36.349+03:00 [RX telemetry] {"data_b64":"MCByZWFkZXJyPTAgcmVwb3J0cz0=","description":"ble:LoRa-Chatter-72E0 E0:72:A1:D5:4C:15","device_key":"ble-address:e0:72:a1:d5:4c:15","kind":"rx","seq":130,"session":"s2","stream":"telemetry","text":"0 readerr=0 reports=","timestamp":1790062836.3494859}
2026-09-22T10:40:36.350+03:00 [RX telemetry] {"data_b64":"MCBRPTAlIGRyb3BzPTAgZmF0YWw=","description":"ble:LoRa-Chatter-72E0 E0:72:A1:D5:4C:15","device_key":"ble-address:e0:72:a1:d5:4c:15","kind":"rx","seq":131,"session":"s2","stream":"telemetry","text":"0 Q=0% drops=0 fatal","timestamp":1790062836.3502445}
2026-09-22T10:40:36.351+03:00 [RX telemetry] {"data_b64":"PTAK","description":"ble:LoRa-Chatter-72E0 E0:72:A1:D5:4C:15","device_key":"ble-address:e0:72:a1:d5:4c:15","kind":"rx","seq":132,"session":"s2","stream":"telemetry","text":"=0\n","timestamp":1790062836.3507752}
2026-09-22T10:40:36.351+03:00 [RX telemetry] {"data_b64":"U0VTU0lPTiBDT1VSVEVTWSB3aW4=","description":"ble:LoRa-Chatter-72E0 E0:72:A1:D5:4C:15","device_key":"ble-address:e0:72:a1:d5:4c:15","kind":"rx","seq":133,"session":"s2","stream":"telemetry","text":"SESSION COURTESY win","timestamp":1790062836.3512738}
2026-09-22T10:40:36.351+03:00 [RX telemetry] {"data_b64":"ZG93PTkxMjNtcyBwZWVyX3JlbGU=","description":"ble:LoRa-Chatter-72E0 E0:72:A1:D5:4C:15","device_key":"ble-address:e0:72:a1:d5:4c:15","kind":"rx","seq":134,"session":"s2","stream":"telemetry","text":"dow=9123ms peer_rele","timestamp":1790062836.3513234}
2026-09-22T10:40:36.353+03:00 [RX telemetry] {"data_b64":"YXNlPTAgZXhwaXJlZD0wIHlpZWw=","description":"ble:LoRa-Chatter-72E0 E0:72:A1:D5:4C:15","device_key":"ble-address:e0:72:a1:d5:4c:15","kind":"rx","seq":135,"session":"s2","stream":"telemetry","text":"ase=0 expired=0 yiel","timestamp":1790062836.3537233}
2026-09-22T10:40:36.354+03:00 [RX telemetry] {"data_b64":"ZGluZz0wCg==","description":"ble:LoRa-Chatter-72E0 E0:72:A1:D5:4C:15","device_key":"ble-address:e0:72:a1:d5:4c:15","kind":"rx","seq":136,"session":"s2","stream":"telemetry","text":"ding=0\n","timestamp":1790062836.354562}
2026-09-22T10:40:36.355+03:00 [RX telemetry] {"data_b64":"U0VTU0lPTiBESU8wX1RYIGFmZmU=","description":"ble:LoRa-Chatter-72E0 E0:72:A1:D5:4C:15","device_key":"ble-address:e0:72:a1:d5:4c:15","kind":"rx","seq":137,"session":"s2","stream":"telemetry","text":"SESSION DIO0_TX affe","timestamp":1790062836.3546522}
2026-09-22T10:40:36.355+03:00 [RX telemetry] {"data_b64":"Y3RlZD0wLzEgZXBpc29kZXM9MCA=","description":"ble:LoRa-Chatter-72E0 E0:72:A1:D5:4C:15","device_key":"ble-address:e0:72:a1:d5:4c:15","kind":"rx","seq":138,"session":"s2","stream":"telemetry","text":"cted=0/1 episodes=0 ","timestamp":1790062836.3554661}
2026-09-22T10:40:36.356+03:00 [RX telemetry] {"data_b64":"YXZnX2FsbD0wLjAwIGF2Z19hZmY=","description":"ble:LoRa-Chatter-72E0 E0:72:A1:D5:4C:15","device_key":"ble-address:e0:72:a1:d5:4c:15","kind":"rx","seq":139,"session":"s2","stream":"telemetry","text":"avg_all=0.00 avg_aff","timestamp":1790062836.3560803}
2026-09-22T10:40:36.356+03:00 [RX telemetry] {"data_b64":"ZWN0ZWQ9MC4wMCBoaWdoX3BvbGw=","description":"ble:LoRa-Chatter-72E0 E0:72:A1:D5:4C:15","device_key":"ble-address:e0:72:a1:d5:4c:15","kind":"rx","seq":140,"session":"s2","stream":"telemetry","text":"ected=0.00 high_poll","timestamp":1790062836.3567348}
2026-09-22T10:40:36.357+03:00 [RX telemetry] {"data_b64":"cz0wCg==","description":"ble:LoRa-Chatter-72E0 E0:72:A1:D5:4C:15","device_key":"ble-address:e0:72:a1:d5:4c:15","kind":"rx","seq":141,"session":"s2","stream":"telemetry","text":"s=0\n","timestamp":1790062836.357333}
2026-09-22T10:40:36.358+03:00 [RX telemetry] {"data_b64":"U0VTU0lPTiBSWF9QT0xMIHBvbGw=","description":"ble:LoRa-Chatter-72E0 E0:72:A1:D5:4C:15","device_key":"ble-address:e0:72:a1:d5:4c:15","kind":"rx","seq":142,"session":"s2","stream":"telemetry","text":"SESSION RX_POLL poll","timestamp":1790062836.3578768}
2026-09-22T10:40:36.358+03:00 [RX telemetry] {"data_b64":"cz01MzM5NDcgcnhkb25lPTEgaW4=","description":"ble:LoRa-Chatter-72E0 E0:72:A1:D5:4C:15","device_key":"ble-address:e0:72:a1:d5:4c:15","kind":"rx","seq":143,"session":"s2","stream":"telemetry","text":"s=533947 rxdone=1 in","timestamp":1790062836.3585262}
2026-09-22T10:40:36.359+03:00 [RX telemetry] {"data_b64":"dGVydmFsPTEwMDB1cyBESU8wX1I=","description":"ble:LoRa-Chatter-72E0 E0:72:A1:D5:4C:15","device_key":"ble-address:e0:72:a1:d5:4c:15","kind":"rx","seq":144,"session":"s2","stream":"telemetry","text":"terval=1000us DIO0_R","timestamp":1790062836.3590891}
2026-09-22T10:40:36.359+03:00 [RX telemetry] {"data_b64":"WCBmYWxzZV9oaWdoX2VwPTAgaGk=","description":"ble:LoRa-Chatter-72E0 E0:72:A1:D5:4C:15","device_key":"ble-address:e0:72:a1:d5:4c:15","kind":"rx","seq":145,"session":"s2","stream":"telemetry","text":"X false_high_ep=0 hi","timestamp":1790062836.359688}
2026-09-22T10:40:36.360+03:00 [RX telemetry] {"data_b64":"Z2hfcG9sbHM9MCByeGRvbmVfbG8=","description":"ble:LoRa-Chatter-72E0 E0:72:A1:D5:4C:15","device_key":"ble-address:e0:72:a1:d5:4c:15","kind":"rx","seq":146,"session":"s2","stream":"telemetry","text":"gh_polls=0 rxdone_lo","timestamp":1790062836.3604517}
2026-09-22T10:40:36.361+03:00 [RX telemetry] {"data_b64":"dz0wIGlzcj1kaXNhYmxlZAo=","description":"ble:LoRa-Chatter-72E0 E0:72:A1:D5:4C:15","device_key":"ble-address:e0:72:a1:d5:4c:15","kind":"rx","seq":147,"session":"s2","stream":"telemetry","text":"w=0 isr=disabled\n","timestamp":1790062836.360989}
2026-09-22T10:40:41.416+03:00 [AGENT REQUEST] {"id":24,"op":"send_line","session":"s2","text":"ATTEN-B2A-20260922T073548Z"}
2026-09-22T10:40:41.418+03:00 [TX] {"data_b64":"QVRURU4tQjJBLTIwMjYwOTIyVDA3MzU0OFoK","device_key":"ble-address:e0:72:a1:d5:4c:15","kind":"tx","seq":148,"session":"s2","text":"ATTEN-B2A-20260922T073548Z","timestamp":1790062841.4169543,"tx_id":7,"tx_state":"queued"}
2026-09-22T10:40:41.418+03:00 [AGENT RESPONSE] {"id":24,"ok":true,"result":{"state":"queued","tx_id":7}}
2026-09-22T10:40:41.418+03:00 [AGENT REQUEST] {"id":25,"op":"observe","cursors":{"s1":141,"s2":122},"timeout_ms":30000}
2026-09-22T10:40:41.420+03:00 [AGENT RESPONSE] {"id":25,"ok":true,"result":{"cursors":{"s1":166,"s2":148},"events":[{"data_b64":"ClNFU1NJT04gdD01NDBzIFRYIG8=","description":"ble:LoRa-Chatter-1B44 44:1B:F6:8D:B7:A9","device_key":"ble-address:44:1b:f6:8d:b7:a9","kind":"rx","seq":142,"session":"s1","stream":"telemetry","text":"\nSESSION t=540s TX o","timestamp":1790062828.7655253},{"data_b64":"az0xIHVzZXI9MSBlY2hvX3JlcT0=","description":"ble:LoRa-Chatter-1B44 44:1B:F6:8D:B7:A9","device_key":"ble-address:44:1b:f6:8d:b7:a9","kind":"rx","seq":143,"session":"s1","stream":"telemetry","text":"k=1 user=1 echo_req=","timestamp":1790062828.7666347},{"data_b64":"MCBlY2hvX3JlcD0wIGhiPTAoaWQ=","description":"ble:LoRa-Chatter-1B44 44:1B:F6:8D:B7:A9","device_key":"ble-address:44:1b:f6:8d:b7:a9","kind":"rx","seq":144,"session":"s1","stream":"telemetry","text":"0 echo_rep=0 hb=0(id","timestamp":1790062828.7676158},{"data_b64":"bGU9MCkgZXJyPTAgc3RhcnRlZD0=","description":"ble:LoRa-Chatter-1B44 44:1B:F6:8D:B7:A9","device_key":"ble-address:44:1b:f6:8d:b7:a9","kind":"rx","seq":145,"session":"s1","stream":"telemetry","text":"le=0) err=0 started=","timestamp":1790062828.7681208},{"data_b64":"MSBSWCBvaz0xIHVzZXI9MCBlY2g=","description":"ble:LoRa-Chatter-1B44 44:1B:F6:8D:B7:A9","device_key":"ble-address:44:1b:f6:8d:b7:a9","kind":"rx","seq":146,"session":"s1","stream":"telemetry","text":"1 RX ok=1 user=0 ech","timestamp":1790062828.7688649},{"data_b64":"b19yZXE9MCBlY2hvX3JlcD0wIGg=","description":"ble:LoRa-Chatter-1B44 44:1B:F6:8D:B7:A9","device_key":"ble-address:44:1b:f6:8d:b7:a9","kind":"rx","seq":147,"session":"s1","stream":"telemetry","text":"o_req=0 echo_rep=0 h","timestamp":1790062828.768951},{"data_b64":"Yj0wIGNyYz0wIGhkcj0wIGJhZD0=","description":"ble:LoRa-Chatter-1B44 44:1B:F6:8D:B7:A9","device_key":"ble-address:44:1b:f6:8d:b7:a9","kind":"rx","seq":148,"session":"s1","stream":"telemetry","text":"b=0 crc=0 hdr=0 bad=","timestamp":1790062828.769724},{"data_b64":"MSByZWFkZXJyPTAgcmVwb3J0cz0=","description":"ble:LoRa-Chatter-1B44 44:1B:F6:8D:B7:A9","device_key":"ble-address:44:1b:f6:8d:b7:a9","kind":"rx","seq":149,"session":"s1","stream":"telemetry","text":"1 readerr=0 reports=","timestamp":1790062828.770682},{"data_b64":"MSBRPTEwMCUgZHJvcHM9MSBmYXQ=","description":"ble:LoRa-Chatter-1B44 44:1B:F6:8D:B7:A9","device_key":"ble-address:44:1b:f6:8d:b7:a9","kind":"rx","seq":150,"session":"s1","stream":"telemetry","text":"1 Q=100% drops=1 fat","timestamp":1790062828.7707605},{"data_b64":"YWw9MAo=","description":"ble:LoRa-Chatter-1B44 44:1B:F6:8D:B7:A9","device_key":"ble-address:44:1b:f6:8d:b7:a9","kind":"rx","seq":151,"session":"s1","stream":"telemetry","text":"al=0\n","timestamp":1790062828.7717133},{"data_b64":"U0VTU0lPTiBDT1VSVEVTWSB3aW4=","description":"ble:LoRa-Chatter-1B44 44:1B:F6:8D:B7:A9","device_key":"ble-address:44:1b:f6:8d:b7:a9","kind":"rx","seq":152,"session":"s1","stream":"telemetry","text":"SESSION COURTESY win","timestamp":1790062828.7723806},{"data_b64":"ZG93PTkxMjNtcyBwZWVyX3JlbGU=","description":"ble:LoRa-Chatter-1B44 44:1B:F6:8D:B7:A9","device_key":"ble-address:44:1b:f6:8d:b7:a9","kind":"rx","seq":153,"session":"s1","stream":"telemetry","text":"dow=9123ms peer_rele","timestamp":1790062828.7728682},{"data_b64":"YXNlPTAgZXhwaXJlZD0wIHlpZWw=","description":"ble:LoRa-Chatter-1B44 44:1B:F6:8D:B7:A9","device_key":"ble-address:44:1b:f6:8d:b7:a9","kind":"rx","seq":154,"session":"s1","stream":"telemetry","text":"ase=0 expired=0 yiel","timestamp":1790062828.7749958},{"data_b64":"ZGluZz0wCg==","description":"ble:LoRa-Chatter-1B44 44:1B:F6:8D:B7:A9","device_key":"ble-address:44:1b:f6:8d:b7:a9","kind":"rx","seq":155,"session":"s1","stream":"telemetry","text":"ding=0\n","timestamp":1790062828.7757447},{"data_b64":"U0VTU0lPTiBESU8wX1RYIGFmZmU=","description":"ble:LoRa-Chatter-1B44 44:1B:F6:8D:B7:A9","device_key":"ble-address:44:1b:f6:8d:b7:a9","kind":"rx","seq":156,"session":"s1","stream":"telemetry","text":"SESSION DIO0_TX affe","timestamp":1790062828.7764525},{"data_b64":"Y3RlZD0wLzEgZXBpc29kZXM9MCA=","description":"ble:LoRa-Chatter-1B44 44:1B:F6:8D:B7:A9","device_key":"ble-address:44:1b:f6:8d:b7:a9","kind":"rx","seq":157,"session":"s1","stream":"telemetry","text":"cted=0/1 episodes=0 ","timestamp":1790062828.7770584},{"data_b64":"YXZnX2FsbD0wLjAwIGF2Z19hZmY=","description":"ble:LoRa-Chatter-1B44 44:1B:F6:8D:B7:A9","device_key":"ble-address:44:1b:f6:8d:b7:a9","kind":"rx","seq":158,"session":"s1","stream":"telemetry","text":"avg_all=0.00 avg_aff","timestamp":1790062828.7777855},{"data_b64":"ZWN0ZWQ9MC4wMCBoaWdoX3BvbGw=","description":"ble:LoRa-Chatter-1B44 44:1B:F6:8D:B7:A9","device_key":"ble-address:44:1b:f6:8d:b7:a9","kind":"rx","seq":159,"session":"s1","stream":"telemetry","text":"ected=0.00 high_poll","timestamp":1790062828.7781868},{"data_b64":"cz0wCg==","description":"ble:LoRa-Chatter-1B44 44:1B:F6:8D:B7:A9","device_key":"ble-address:44:1b:f6:8d:b7:a9","kind":"rx","seq":160,"session":"s1","stream":"telemetry","text":"s=0\n","timestamp":1790062828.7787917},{"data_b64":"U0VTU0lPTiBSWF9QT0xMIHBvbGw=","description":"ble:LoRa-Chatter-1B44 44:1B:F6:8D:B7:A9","device_key":"ble-address:44:1b:f6:8d:b7:a9","kind":"rx","seq":161,"session":"s1","stream":"telemetry","text":"SESSION RX_POLL poll","timestamp":1790062828.7796688},{"data_b64":"cz01MzQyNTMgcnhkb25lPTIgaW4=","description":"ble:LoRa-Chatter-1B44 44:1B:F6:8D:B7:A9","device_key":"ble-address:44:1b:f6:8d:b7:a9","kind":"rx","seq":162,"session":"s1","stream":"telemetry","text":"s=534253 rxdone=2 in","timestamp":1790062828.7801394},{"data_b64":"dGVydmFsPTEwMDB1cyBESU8wX1I=","description":"ble:LoRa-Chatter-1B44 44:1B:F6:8D:B7:A9","device_key":"ble-address:44:1b:f6:8d:b7:a9","kind":"rx","seq":163,"session":"s1","stream":"telemetry","text":"terval=1000us DIO0_R","timestamp":1790062828.78137},{"data_b64":"WCBmYWxzZV9oaWdoX2VwPTAgaGk=","description":"ble:LoRa-Chatter-1B44 44:1B:F6:8D:B7:A9","device_key":"ble-address:44:1b:f6:8d:b7:a9","kind":"rx","seq":164,"session":"s1","stream":"telemetry","text":"X false_high_ep=0 hi","timestamp":1790062828.7814429},{"data_b64":"Z2hfcG9sbHM9MCByeGRvbmVfbG8=","description":"ble:LoRa-Chatter-1B44 44:1B:F6:8D:B7:A9","device_key":"ble-address:44:1b:f6:8d:b7:a9","kind":"rx","seq":165,"session":"s1","stream":"telemetry","text":"gh_polls=0 rxdone_lo","timestamp":1790062828.7821665},{"data_b64":"dz0wIGlzcj1kaXNhYmxlZAo=","description":"ble:LoRa-Chatter-1B44 44:1B:F6:8D:B7:A9","device_key":"ble-address:44:1b:f6:8d:b7:a9","kind":"rx","seq":166,"session":"s1","stream":"telemetry","text":"w=0 isr=disabled\n","timestamp":1790062828.7830002},{"data_b64":"ClNFU1NJT04gdD01NDBzIFRYIG8=","description":"ble:LoRa-Chatter-72E0 E0:72:A1:D5:4C:15","device_key":"ble-address:e0:72:a1:d5:4c:15","kind":"rx","seq":123,"session":"s2","stream":"telemetry","text":"\nSESSION t=540s TX o","timestamp":1790062836.3034003},{"data_b64":"az0xIHVzZXI9MCBlY2hvX3JlcT0=","description":"ble:LoRa-Chatter-72E0 E0:72:A1:D5:4C:15","device_key":"ble-address:e0:72:a1:d5:4c:15","kind":"rx","seq":124,"session":"s2","stream":"telemetry","text":"k=1 user=0 echo_req=","timestamp":1790062836.304082},{"data_b64":"MCBlY2hvX3JlcD0wIGhiPTAoaWQ=","description":"ble:LoRa-Chatter-72E0 E0:72:A1:D5:4C:15","device_key":"ble-address:e0:72:a1:d5:4c:15","kind":"rx","seq":125,"session":"s2","stream":"telemetry","text":"0 echo_rep=0 hb=0(id","timestamp":1790062836.304849},{"data_b64":"bGU9MCkgZXJyPTAgc3RhcnRlZD0=","description":"ble:LoRa-Chatter-72E0 E0:72:A1:D5:4C:15","device_key":"ble-address:e0:72:a1:d5:4c:15","kind":"rx","seq":126,"session":"s2","stream":"telemetry","text":"le=0) err=0 started=","timestamp":1790062836.3054743},{"data_b64":"MSBSWCBvaz0xIHVzZXI9MSBlY2g=","description":"ble:LoRa-Chatter-72E0 E0:72:A1:D5:4C:15","device_key":"ble-address:e0:72:a1:d5:4c:15","kind":"rx","seq":127,"session":"s2","stream":"telemetry","text":"1 RX ok=1 user=1 ech","timestamp":1790062836.3062382},{"data_b64":"b19yZXE9MCBlY2hvX3JlcD0wIGg=","description":"ble:LoRa-Chatter-72E0 E0:72:A1:D5:4C:15","device_key":"ble-address:e0:72:a1:d5:4c:15","kind":"rx","seq":128,"session":"s2","stream":"telemetry","text":"o_req=0 echo_rep=0 h","timestamp":1790062836.30677},{"data_b64":"Yj0wIGNyYz0wIGhkcj0wIGJhZD0=","description":"ble:LoRa-Chatter-72E0 E0:72:A1:D5:4C:15","device_key":"ble-address:e0:72:a1:d5:4c:15","kind":"rx","seq":129,"session":"s2","stream":"telemetry","text":"b=0 crc=0 hdr=0 bad=","timestamp":1790062836.3485436},{"data_b64":"MCByZWFkZXJyPTAgcmVwb3J0cz0=","description":"ble:LoRa-Chatter-72E0 E0:72:A1:D5:4C:15","device_key":"ble-address:e0:72:a1:d5:4c:15","kind":"rx","seq":130,"session":"s2","stream":"telemetry","text":"0 readerr=0 reports=","timestamp":1790062836.3494859},{"data_b64":"MCBRPTAlIGRyb3BzPTAgZmF0YWw=","description":"ble:LoRa-Chatter-72E0 E0:72:A1:D5:4C:15","device_key":"ble-address:e0:72:a1:d5:4c:15","kind":"rx","seq":131,"session":"s2","stream":"telemetry","text":"0 Q=0% drops=0 fatal","timestamp":1790062836.3502445},{"data_b64":"PTAK","description":"ble:LoRa-Chatter-72E0 E0:72:A1:D5:4C:15","device_key":"ble-address:e0:72:a1:d5:4c:15","kind":"rx","seq":132,"session":"s2","stream":"telemetry","text":"=0\n","timestamp":1790062836.3507752},{"data_b64":"U0VTU0lPTiBDT1VSVEVTWSB3aW4=","description":"ble:LoRa-Chatter-72E0 E0:72:A1:D5:4C:15","device_key":"ble-address:e0:72:a1:d5:4c:15","kind":"rx","seq":133,"session":"s2","stream":"telemetry","text":"SESSION COURTESY win","timestamp":1790062836.3512738},{"data_b64":"ZG93PTkxMjNtcyBwZWVyX3JlbGU=","description":"ble:LoRa-Chatter-72E0 E0:72:A1:D5:4C:15","device_key":"ble-address:e0:72:a1:d5:4c:15","kind":"rx","seq":134,"session":"s2","stream":"telemetry","text":"dow=9123ms peer_rele","timestamp":1790062836.3513234},{"data_b64":"YXNlPTAgZXhwaXJlZD0wIHlpZWw=","description":"ble:LoRa-Chatter-72E0 E0:72:A1:D5:4C:15","device_key":"ble-address:e0:72:a1:d5:4c:15","kind":"rx","seq":135,"session":"s2","stream":"telemetry","text":"ase=0 expired=0 yiel","timestamp":1790062836.3537233},{"data_b64":"ZGluZz0wCg==","description":"ble:LoRa-Chatter-72E0 E0:72:A1:D5:4C:15","device_key":"ble-address:e0:72:a1:d5:4c:15","kind":"rx","seq":136,"session":"s2","stream":"telemetry","text":"ding=0\n","timestamp":1790062836.354562},{"data_b64":"U0VTU0lPTiBESU8wX1RYIGFmZmU=","description":"ble:LoRa-Chatter-72E0 E0:72:A1:D5:4C:15","device_key":"ble-address:e0:72:a1:d5:4c:15","kind":"rx","seq":137,"session":"s2","stream":"telemetry","text":"SESSION DIO0_TX affe","timestamp":1790062836.3546522},{"data_b64":"Y3RlZD0wLzEgZXBpc29kZXM9MCA=","description":"ble:LoRa-Chatter-72E0 E0:72:A1:D5:4C:15","device_key":"ble-address:e0:72:a1:d5:4c:15","kind":"rx","seq":138,"session":"s2","stream":"telemetry","text":"cted=0/1 episodes=0 ","timestamp":1790062836.3554661},{"data_b64":"YXZnX2FsbD0wLjAwIGF2Z19hZmY=","description":"ble:LoRa-Chatter-72E0 E0:72:A1:D5:4C:15","device_key":"ble-address:e0:72:a1:d5:4c:15","kind":"rx","seq":139,"session":"s2","stream":"telemetry","text":"avg_all=0.00 avg_aff","timestamp":1790062836.3560803},{"data_b64":"ZWN0ZWQ9MC4wMCBoaWdoX3BvbGw=","description":"ble:LoRa-Chatter-72E0 E0:72:A1:D5:4C:15","device_key":"ble-address:e0:72:a1:d5:4c:15","kind":"rx","seq":140,"session":"s2","stream":"telemetry","text":"ected=0.00 high_poll","timestamp":1790062836.3567348},{"data_b64":"cz0wCg==","description":"ble:LoRa-Chatter-72E0 E0:72:A1:D5:4C:15","device_key":"ble-address:e0:72:a1:d5:4c:15","kind":"rx","seq":141,"session":"s2","stream":"telemetry","text":"s=0\n","timestamp":1790062836.357333},{"data_b64":"U0VTU0lPTiBSWF9QT0xMIHBvbGw=","description":"ble:LoRa-Chatter-72E0 E0:72:A1:D5:4C:15","device_key":"ble-address:e0:72:a1:d5:4c:15","kind":"rx","seq":142,"session":"s2","stream":"telemetry","text":"SESSION RX_POLL poll","timestamp":1790062836.3578768},{"data_b64":"cz01MzM5NDcgcnhkb25lPTEgaW4=","description":"ble:LoRa-Chatter-72E0 E0:72:A1:D5:4C:15","device_key":"ble-address:e0:72:a1:d5:4c:15","kind":"rx","seq":143,"session":"s2","stream":"telemetry","text":"s=533947 rxdone=1 in","timestamp":1790062836.3585262},{"data_b64":"dGVydmFsPTEwMDB1cyBESU8wX1I=","description":"ble:LoRa-Chatter-72E0 E0:72:A1:D5:4C:15","device_key":"ble-address:e0:72:a1:d5:4c:15","kind":"rx","seq":144,"session":"s2","stream":"telemetry","text":"terval=1000us DIO0_R","timestamp":1790062836.3590891},{"data_b64":"WCBmYWxzZV9oaWdoX2VwPTAgaGk=","description":"ble:LoRa-Chatter-72E0 E0:72:A1:D5:4C:15","device_key":"ble-address:e0:72:a1:d5:4c:15","kind":"rx","seq":145,"session":"s2","stream":"telemetry","text":"X false_high_ep=0 hi","timestamp":1790062836.359688},{"data_b64":"Z2hfcG9sbHM9MCByeGRvbmVfbG8=","description":"ble:LoRa-Chatter-72E0 E0:72:A1:D5:4C:15","device_key":"ble-address:e0:72:a1:d5:4c:15","kind":"rx","seq":146,"session":"s2","stream":"telemetry","text":"gh_polls=0 rxdone_lo","timestamp":1790062836.3604517},{"data_b64":"dz0wIGlzcj1kaXNhYmxlZAo=","description":"ble:LoRa-Chatter-72E0 E0:72:A1:D5:4C:15","device_key":"ble-address:e0:72:a1:d5:4c:15","kind":"rx","seq":147,"session":"s2","stream":"telemetry","text":"w=0 isr=disabled\n","timestamp":1790062836.360989},{"data_b64":"QVRURU4tQjJBLTIwMjYwOTIyVDA3MzU0OFoK","device_key":"ble-address:e0:72:a1:d5:4c:15","kind":"tx","seq":148,"session":"s2","text":"ATTEN-B2A-20260922T073548Z","timestamp":1790062841.4169543,"tx_id":7,"tx_state":"queued"}],"lines":[{"seq_first":142,"seq_last":142,"session":"s1","stream":"telemetry","text":""},{"seq_first":142,"seq_last":151,"session":"s1","stream":"telemetry","text":"SESSION t=540s TX ok=1 user=1 echo_req=0 echo_rep=0 hb=0(idle=0) err=0 started=1 RX ok=1 user=0 echo_req=0 echo_rep=0 hb=0 crc=0 hdr=0 bad=1 readerr=0 reports=1 Q=100% drops=1 fatal=0"},{"seq_first":152,"seq_last":155,"session":"s1","stream":"telemetry","text":"SESSION COURTESY window=9123ms peer_release=0 expired=0 yielding=0"},{"seq_first":156,"seq_last":160,"session":"s1","stream":"telemetry","text":"SESSION DIO0_TX affected=0/1 episodes=0 avg_all=0.00 avg_affected=0.00 high_polls=0"},{"seq_first":161,"seq_last":166,"session":"s1","stream":"telemetry","text":"SESSION RX_POLL polls=534253 rxdone=2 interval=1000us DIO0_RX false_high_ep=0 high_polls=0 rxdone_low=0 isr=disabled"},{"seq_first":123,"seq_last":123,"session":"s2","stream":"telemetry","text":""},{"seq_first":123,"seq_last":132,"session":"s2","stream":"telemetry","text":"SESSION t=540s TX ok=1 user=0 echo_req=0 echo_rep=0 hb=0(idle=0) err=0 started=1 RX ok=1 user=1 echo_req=0 echo_rep=0 hb=0 crc=0 hdr=0 bad=0 readerr=0 reports=0 Q=0% drops=0 fatal=0"},{"seq_first":133,"seq_last":136,"session":"s2","stream":"telemetry","text":"SESSION COURTESY window=9123ms peer_release=0 expired=0 yielding=0"},{"seq_first":137,"seq_last":141,"session":"s2","stream":"telemetry","text":"SESSION DIO0_TX affected=0/1 episodes=0 avg_all=0.00 avg_affected=0.00 high_polls=0"},{"seq_first":142,"seq_last":147,"session":"s2","stream":"telemetry","text":"SESSION RX_POLL polls=533947 rxdone=1 interval=1000us DIO0_RX false_high_ep=0 high_polls=0 rxdone_low=0 isr=disabled"}],"timed_out":false}}
2026-09-22T10:40:41.420+03:00 [TX] {"data_b64":"QVRURU4tQjJBLTIwMjYwOTIyVDA3MzU0OFoK","description":"ble:LoRa-Chatter-72E0 E0:72:A1:D5:4C:15","device_key":"ble-address:e0:72:a1:d5:4c:15","kind":"tx","seq":149,"session":"s2","text":"ATTEN-B2A-20260922T073548Z","timestamp":1790062841.4205215,"tx_id":7,"tx_state":"written"}
2026-09-22T10:40:41.478+03:00 [RX telemetry] {"data_b64":"REVMSVZFUlkgUVVFVUVEIHNvdXI=","description":"ble:LoRa-Chatter-72E0 E0:72:A1:D5:4C:15","device_key":"ble-address:e0:72:a1:d5:4c:15","kind":"rx","seq":150,"session":"s2","stream":"telemetry","text":"DELIVERY QUEUED sour","timestamp":1790062841.4785}
2026-09-22T10:40:41.479+03:00 [RX telemetry] {"data_b64":"Y2U9MiBieXRlcz0yNiB3YWl0aW4=","description":"ble:LoRa-Chatter-72E0 E0:72:A1:D5:4C:15","device_key":"ble-address:e0:72:a1:d5:4c:15","kind":"rx","seq":151,"session":"s2","stream":"telemetry","text":"ce=2 bytes=26 waitin","timestamp":1790062841.4794722}
2026-09-22T10:40:41.480+03:00 [RX telemetry] {"data_b64":"Zz0xLzggaW5fZmxpZ2h0PTAK","description":"ble:LoRa-Chatter-72E0 E0:72:A1:D5:4C:15","device_key":"ble-address:e0:72:a1:d5:4c:15","kind":"rx","seq":152,"session":"s2","stream":"telemetry","text":"g=1/8 in_flight=0\n","timestamp":1790062841.4802787}
2026-09-22T10:40:43.459+03:00 [RX telemetry] {"data_b64":"ClRYIFVTRVIgc2VxPTEgZnJhbWU=","description":"ble:LoRa-Chatter-72E0 E0:72:A1:D5:4C:15","device_key":"ble-address:e0:72:a1:d5:4c:15","kind":"rx","seq":153,"session":"s2","stream":"telemetry","text":"\nTX USER seq=1 frame","timestamp":1790062843.4588509}
2026-09-22T10:40:43.480+03:00 [RX telemetry] {"data_b64":"UEVFUl9SRVBPUlQgb3VyX3NlcT0=","description":"ble:LoRa-Chatter-1B44 44:1B:F6:8D:B7:A9","device_key":"ble-address:44:1b:f6:8d:b7:a9","kind":"rx","seq":167,"session":"s1","stream":"telemetry","text":"PEER_REPORT our_seq=","timestamp":1790062843.4803956}
2026-09-22T10:40:43.481+03:00 [RX telemetry] {"data_b64":"MCBSU1NJPS04NyBkQm0gU05SPSs=","description":"ble:LoRa-Chatter-1B44 44:1B:F6:8D:B7:A9","device_key":"ble-address:44:1b:f6:8d:b7:a9","kind":"rx","seq":168,"session":"s1","stream":"telemetry","text":"0 RSSI=-87 dBm SNR=+","timestamp":1790062843.4811752}
2026-09-22T10:40:43.482+03:00 [RX telemetry] {"data_b64":"MTEgZEIgUT0wJQo=","description":"ble:LoRa-Chatter-1B44 44:1B:F6:8D:B7:A9","device_key":"ble-address:44:1b:f6:8d:b7:a9","kind":"rx","seq":169,"session":"s1","stream":"telemetry","text":"11 dB Q=0%\n","timestamp":1790062843.4822628}
2026-09-22T10:40:43.483+03:00 [RX telemetry] {"data_b64":"ClJYIFVTRVIgc2Vzc2lvbj0wMkE=","description":"ble:LoRa-Chatter-1B44 44:1B:F6:8D:B7:A9","device_key":"ble-address:44:1b:f6:8d:b7:a9","kind":"rx","seq":170,"session":"s1","stream":"telemetry","text":"\nRX USER session=02A","timestamp":1790062843.4830172}
2026-09-22T10:40:43.484+03:00 [RX telemetry] {"data_b64":"NyBzZXE9MSBmcmFtZT0zOEIgdXM=","description":"ble:LoRa-Chatter-1B44 44:1B:F6:8D:B7:A9","device_key":"ble-address:44:1b:f6:8d:b7:a9","kind":"rx","seq":171,"session":"s1","stream":"telemetry","text":"7 seq=1 frame=38B us","timestamp":1790062843.4838295}
2026-09-22T10:40:43.484+03:00 [RX telemetry] {"data_b64":"ZXI9MjZCIFJTU0k9LTgyLjAgZEI=","description":"ble:LoRa-Chatter-1B44 44:1B:F6:8D:B7:A9","device_key":"ble-address:44:1b:f6:8d:b7:a9","kind":"rx","seq":172,"session":"s1","stream":"telemetry","text":"er=26B RSSI=-82.0 dB","timestamp":1790062843.4844506}
2026-09-22T10:40:43.485+03:00 [RX telemetry] {"data_b64":"bSBTTlI9KzkuOCBkQiBRPTEwMCU=","description":"ble:LoRa-Chatter-1B44 44:1B:F6:8D:B7:A9","device_key":"ble-address:44:1b:f6:8d:b7:a9","kind":"rx","seq":173,"session":"s1","stream":"telemetry","text":"m SNR=+9.8 dB Q=100%","timestamp":1790062843.484955}
2026-09-22T10:40:43.485+03:00 [RX telemetry] {"data_b64":"IGRpc3Bvc2l0aW9uPTAK","description":"ble:LoRa-Chatter-1B44 44:1B:F6:8D:B7:A9","device_key":"ble-address:44:1b:f6:8d:b7:a9","kind":"rx","seq":174,"session":"s1","stream":"telemetry","text":" disposition=0\n","timestamp":1790062843.4857779}
2026-09-22T10:40:43.486+03:00 [RX chat] {"data_b64":"PCBbLTgyLysxMCBRMTAwXSBBVFQ=","description":"ble:LoRa-Chatter-1B44 44:1B:F6:8D:B7:A9","device_key":"ble-address:44:1b:f6:8d:b7:a9","kind":"rx","seq":175,"session":"s1","stream":"chat","text":"< [-82/+10 Q100] ATT","timestamp":1790062843.4863427}
2026-09-22T10:40:43.487+03:00 [RX chat] {"data_b64":"RU4tQjJBLTIwMjYwOTIyVDA3MzU=","description":"ble:LoRa-Chatter-1B44 44:1B:F6:8D:B7:A9","device_key":"ble-address:44:1b:f6:8d:b7:a9","kind":"rx","seq":176,"session":"s1","stream":"chat","text":"EN-B2A-20260922T0735","timestamp":1790062843.4870887}
2026-09-22T10:40:43.488+03:00 [RX chat] {"data_b64":"NDhaCg==","description":"ble:LoRa-Chatter-1B44 44:1B:F6:8D:B7:A9","device_key":"ble-address:44:1b:f6:8d:b7:a9","kind":"rx","seq":177,"session":"s1","stream":"chat","text":"48Z\n","timestamp":1790062843.487748}
2026-09-22T10:40:43.503+03:00 [RX telemetry] {"data_b64":"PTM4QiB1c2VyPTI2QiBhdHRlbXA=","description":"ble:LoRa-Chatter-72E0 E0:72:A1:D5:4C:15","device_key":"ble-address:e0:72:a1:d5:4c:15","kind":"rx","seq":154,"session":"s2","stream":"telemetry","text":"=38B user=26B attemp","timestamp":1790062843.5031602}
2026-09-22T10:40:43.504+03:00 [RX telemetry] {"data_b64":"dD0xLzUgT0sgdGltZT0xOTc2IG0=","description":"ble:LoRa-Chatter-72E0 E0:72:A1:D5:4C:15","device_key":"ble-address:e0:72:a1:d5:4c:15","kind":"rx","seq":155,"session":"s2","stream":"telemetry","text":"t=1/5 OK time=1976 m","timestamp":1790062843.50378}
2026-09-22T10:40:43.504+03:00 [RX telemetry] {"data_b64":"cwo=","description":"ble:LoRa-Chatter-72E0 E0:72:A1:D5:4C:15","device_key":"ble-address:e0:72:a1:d5:4c:15","kind":"rx","seq":156,"session":"s2","stream":"telemetry","text":"s\n","timestamp":1790062843.5045047}
2026-09-22T10:40:43.505+03:00 [RX chat] {"data_b64":"PiBBVFRFTi1CMkEtMjAyNjA5MjI=","description":"ble:LoRa-Chatter-72E0 E0:72:A1:D5:4C:15","device_key":"ble-address:e0:72:a1:d5:4c:15","kind":"rx","seq":157,"session":"s2","stream":"chat","text":"> ATTEN-B2A-20260922","timestamp":1790062843.5050404}
2026-09-22T10:40:43.506+03:00 [RX chat] {"data_b64":"VDA3MzU0OFoK","description":"ble:LoRa-Chatter-72E0 E0:72:A1:D5:4C:15","device_key":"ble-address:e0:72:a1:d5:4c:15","kind":"rx","seq":158,"session":"s2","stream":"chat","text":"T073548Z\n","timestamp":1790062843.5059824}
2026-09-22T10:40:43.507+03:00 [RX telemetry] {"data_b64":"REVMSVZFUlkgV0FJVF9BQ0sgdXM=","description":"ble:LoRa-Chatter-72E0 E0:72:A1:D5:4C:15","device_key":"ble-address:e0:72:a1:d5:4c:15","kind":"rx","seq":159,"session":"s2","stream":"telemetry","text":"DELIVERY WAIT_ACK us","timestamp":1790062843.5069883}
2026-09-22T10:40:43.508+03:00 [RX telemetry] {"data_b64":"ZXI9MDJBNy8xIGF0dGVtcHQ9MS8=","description":"ble:LoRa-Chatter-72E0 E0:72:A1:D5:4C:15","device_key":"ble-address:e0:72:a1:d5:4c:15","kind":"rx","seq":160,"session":"s2","stream":"telemetry","text":"er=02A7/1 attempt=1/","timestamp":1790062843.5080285}
2026-09-22T10:40:43.509+03:00 [RX telemetry] {"data_b64":"NSB0aW1lb3V0PTE4NTZtcyBxdWU=","description":"ble:LoRa-Chatter-72E0 E0:72:A1:D5:4C:15","device_key":"ble-address:e0:72:a1:d5:4c:15","kind":"rx","seq":161,"session":"s2","stream":"telemetry","text":"5 timeout=1856ms que","timestamp":1790062843.5088723}
2026-09-22T10:40:43.509+03:00 [RX telemetry] {"data_b64":"dWU9MAo=","description":"ble:LoRa-Chatter-72E0 E0:72:A1:D5:4C:15","device_key":"ble-address:e0:72:a1:d5:4c:15","kind":"rx","seq":162,"session":"s2","stream":"telemetry","text":"ue=0\n","timestamp":1790062843.508963}
2026-09-22T10:40:44.830+03:00 [RX telemetry] {"data_b64":"ClRYIEFDSyBzZXE9MSBhY2tfdG8=","description":"ble:LoRa-Chatter-1B44 44:1B:F6:8D:B7:A9","device_key":"ble-address:44:1b:f6:8d:b7:a9","kind":"rx","seq":178,"session":"s1","stream":"telemetry","text":"\nTX ACK seq=1 ack_to","timestamp":1790062844.8300838}
2026-09-22T10:40:44.831+03:00 [RX telemetry] {"data_b64":"PTAyQTcvMSBmcmFtZT0xNEIgT0s=","description":"ble:LoRa-Chatter-1B44 44:1B:F6:8D:B7:A9","device_key":"ble-address:44:1b:f6:8d:b7:a9","kind":"rx","seq":179,"session":"s1","stream":"telemetry","text":"=02A7/1 frame=14B OK","timestamp":1790062844.8311067}
2026-09-22T10:40:44.832+03:00 [RX telemetry] {"data_b64":"IHRpbWU9MTE1NiBtcyBndWFyZD0=","description":"ble:LoRa-Chatter-1B44 44:1B:F6:8D:B7:A9","device_key":"ble-address:44:1b:f6:8d:b7:a9","kind":"rx","seq":180,"session":"s1","stream":"telemetry","text":" time=1156 ms guard=","timestamp":1790062844.8321285}
2026-09-22T10:40:44.833+03:00 [RX telemetry] {"data_b64":"NTAwbXMK","description":"ble:LoRa-Chatter-1B44 44:1B:F6:8D:B7:A9","device_key":"ble-address:44:1b:f6:8d:b7:a9","kind":"rx","seq":181,"session":"s1","stream":"telemetry","text":"500ms\n","timestamp":1790062844.832732}
2026-09-22T10:40:44.853+03:00 [RX telemetry] {"data_b64":"UEVFUl9SRVBPUlQgb3VyX3NlcT0=","description":"ble:LoRa-Chatter-72E0 E0:72:A1:D5:4C:15","device_key":"ble-address:e0:72:a1:d5:4c:15","kind":"rx","seq":163,"session":"s2","stream":"telemetry","text":"PEER_REPORT our_seq=","timestamp":1790062844.8534586}
2026-09-22T10:40:44.854+03:00 [RX telemetry] {"data_b64":"MSBSU1NJPS04MiBkQm0gU05SPSs=","description":"ble:LoRa-Chatter-72E0 E0:72:A1:D5:4C:15","device_key":"ble-address:e0:72:a1:d5:4c:15","kind":"rx","seq":164,"session":"s2","stream":"telemetry","text":"1 RSSI=-82 dBm SNR=+","timestamp":1790062844.8542168}
2026-09-22T10:40:44.855+03:00 [RX telemetry] {"data_b64":"MTAgZEIgUT0xMDAlCg==","description":"ble:LoRa-Chatter-72E0 E0:72:A1:D5:4C:15","device_key":"ble-address:e0:72:a1:d5:4c:15","kind":"rx","seq":165,"session":"s2","stream":"telemetry","text":"10 dB Q=100%\n","timestamp":1790062844.8550553}
2026-09-22T10:40:44.856+03:00 [RX telemetry] {"data_b64":"ClJYIEFDSyBzZXNzaW9uPUE5QzY=","description":"ble:LoRa-Chatter-72E0 E0:72:A1:D5:4C:15","device_key":"ble-address:e0:72:a1:d5:4c:15","kind":"rx","seq":166,"session":"s2","stream":"telemetry","text":"\nRX ACK session=A9C6","timestamp":1790062844.8557403}
2026-09-22T10:40:44.857+03:00 [RX telemetry] {"data_b64":"IHNlcT0xIGFja190bz0wMkE3LzE=","description":"ble:LoRa-Chatter-72E0 E0:72:A1:D5:4C:15","device_key":"ble-address:e0:72:a1:d5:4c:15","kind":"rx","seq":167,"session":"s2","stream":"telemetry","text":" seq=1 ack_to=02A7/1","timestamp":1790062844.8567462}
2026-09-22T10:40:44.857+03:00 [RX telemetry] {"data_b64":"IGZyYW1lPTE0QiBSU1NJPS04OS4=","description":"ble:LoRa-Chatter-72E0 E0:72:A1:D5:4C:15","device_key":"ble-address:e0:72:a1:d5:4c:15","kind":"rx","seq":168,"session":"s2","stream":"telemetry","text":" frame=14B RSSI=-89.","timestamp":1790062844.8568141}
2026-09-22T10:40:44.858+03:00 [RX telemetry] {"data_b64":"MCBkQm0gU05SPSs5LjIgZEIgUT0=","description":"ble:LoRa-Chatter-72E0 E0:72:A1:D5:4C:15","device_key":"ble-address:e0:72:a1:d5:4c:15","kind":"rx","seq":169,"session":"s2","stream":"telemetry","text":"0 dBm SNR=+9.2 dB Q=","timestamp":1790062844.8581283}
2026-09-22T10:40:44.859+03:00 [RX telemetry] {"data_b64":"MCUK","description":"ble:LoRa-Chatter-72E0 E0:72:A1:D5:4C:15","device_key":"ble-address:e0:72:a1:d5:4c:15","kind":"rx","seq":170,"session":"s2","stream":"telemetry","text":"0%\n","timestamp":1790062844.858672}
2026-09-22T10:40:44.859+03:00 [RX telemetry] {"data_b64":"REVMSVZFUlkgQUNLIHVzZXI9MDI=","description":"ble:LoRa-Chatter-72E0 E0:72:A1:D5:4C:15","device_key":"ble-address:e0:72:a1:d5:4c:15","kind":"rx","seq":171,"session":"s2","stream":"telemetry","text":"DELIVERY ACK user=02","timestamp":1790062844.859031}
2026-09-22T10:40:44.860+03:00 [RX telemetry] {"data_b64":"QTcvMSBhdHRlbXB0cz0xLzUgZWw=","description":"ble:LoRa-Chatter-72E0 E0:72:A1:D5:4C:15","device_key":"ble-address:e0:72:a1:d5:4c:15","kind":"rx","seq":172,"session":"s2","stream":"telemetry","text":"A7/1 attempts=1/5 el","timestamp":1790062844.8596125}
2026-09-22T10:40:44.861+03:00 [RX telemetry] {"data_b64":"YXBzZWQ9MTQxNG1zIHF1ZXVlPTA=","description":"ble:LoRa-Chatter-72E0 E0:72:A1:D5:4C:15","device_key":"ble-address:e0:72:a1:d5:4c:15","kind":"rx","seq":173,"session":"s2","stream":"telemetry","text":"apsed=1414ms queue=0","timestamp":1790062844.861074}
2026-09-22T10:40:44.861+03:00 [RX telemetry] {"data_b64":"Cg==","description":"ble:LoRa-Chatter-72E0 E0:72:A1:D5:4C:15","device_key":"ble-address:e0:72:a1:d5:4c:15","kind":"rx","seq":174,"session":"s2","stream":"telemetry","text":"\n","timestamp":1790062844.86115}
2026-09-22T10:41:14.564+03:00 [AGENT REQUEST] {"id":26,"op":"observe","cursors":{"s1":166,"s2":148},"timeout_ms":30000}
2026-09-22T10:41:14.566+03:00 [AGENT RESPONSE] {"id":26,"ok":true,"result":{"cursors":{"s1":181,"s2":174},"events":[{"data_b64":"QVRURU4tQjJBLTIwMjYwOTIyVDA3MzU0OFoK","description":"ble:LoRa-Chatter-72E0 E0:72:A1:D5:4C:15","device_key":"ble-address:e0:72:a1:d5:4c:15","kind":"tx","seq":149,"session":"s2","text":"ATTEN-B2A-20260922T073548Z","timestamp":1790062841.4205215,"tx_id":7,"tx_state":"written"},{"data_b64":"REVMSVZFUlkgUVVFVUVEIHNvdXI=","description":"ble:LoRa-Chatter-72E0 E0:72:A1:D5:4C:15","device_key":"ble-address:e0:72:a1:d5:4c:15","kind":"rx","seq":150,"session":"s2","stream":"telemetry","text":"DELIVERY QUEUED sour","timestamp":1790062841.4785},{"data_b64":"Y2U9MiBieXRlcz0yNiB3YWl0aW4=","description":"ble:LoRa-Chatter-72E0 E0:72:A1:D5:4C:15","device_key":"ble-address:e0:72:a1:d5:4c:15","kind":"rx","seq":151,"session":"s2","stream":"telemetry","text":"ce=2 bytes=26 waitin","timestamp":1790062841.4794722},{"data_b64":"Zz0xLzggaW5fZmxpZ2h0PTAK","description":"ble:LoRa-Chatter-72E0 E0:72:A1:D5:4C:15","device_key":"ble-address:e0:72:a1:d5:4c:15","kind":"rx","seq":152,"session":"s2","stream":"telemetry","text":"g=1/8 in_flight=0\n","timestamp":1790062841.4802787},{"data_b64":"ClRYIFVTRVIgc2VxPTEgZnJhbWU=","description":"ble:LoRa-Chatter-72E0 E0:72:A1:D5:4C:15","device_key":"ble-address:e0:72:a1:d5:4c:15","kind":"rx","seq":153,"session":"s2","stream":"telemetry","text":"\nTX USER seq=1 frame","timestamp":1790062843.4588509},{"data_b64":"UEVFUl9SRVBPUlQgb3VyX3NlcT0=","description":"ble:LoRa-Chatter-1B44 44:1B:F6:8D:B7:A9","device_key":"ble-address:44:1b:f6:8d:b7:a9","kind":"rx","seq":167,"session":"s1","stream":"telemetry","text":"PEER_REPORT our_seq=","timestamp":1790062843.4803956},{"data_b64":"MCBSU1NJPS04NyBkQm0gU05SPSs=","description":"ble:LoRa-Chatter-1B44 44:1B:F6:8D:B7:A9","device_key":"ble-address:44:1b:f6:8d:b7:a9","kind":"rx","seq":168,"session":"s1","stream":"telemetry","text":"0 RSSI=-87 dBm SNR=+","timestamp":1790062843.4811752},{"data_b64":"MTEgZEIgUT0wJQo=","description":"ble:LoRa-Chatter-1B44 44:1B:F6:8D:B7:A9","device_key":"ble-address:44:1b:f6:8d:b7:a9","kind":"rx","seq":169,"session":"s1","stream":"telemetry","text":"11 dB Q=0%\n","timestamp":1790062843.4822628},{"data_b64":"ClJYIFVTRVIgc2Vzc2lvbj0wMkE=","description":"ble:LoRa-Chatter-1B44 44:1B:F6:8D:B7:A9","device_key":"ble-address:44:1b:f6:8d:b7:a9","kind":"rx","seq":170,"session":"s1","stream":"telemetry","text":"\nRX USER session=02A","timestamp":1790062843.4830172},{"data_b64":"NyBzZXE9MSBmcmFtZT0zOEIgdXM=","description":"ble:LoRa-Chatter-1B44 44:1B:F6:8D:B7:A9","device_key":"ble-address:44:1b:f6:8d:b7:a9","kind":"rx","seq":171,"session":"s1","stream":"telemetry","text":"7 seq=1 frame=38B us","timestamp":1790062843.4838295},{"data_b64":"ZXI9MjZCIFJTU0k9LTgyLjAgZEI=","description":"ble:LoRa-Chatter-1B44 44:1B:F6:8D:B7:A9","device_key":"ble-address:44:1b:f6:8d:b7:a9","kind":"rx","seq":172,"session":"s1","stream":"telemetry","text":"er=26B RSSI=-82.0 dB","timestamp":1790062843.4844506},{"data_b64":"bSBTTlI9KzkuOCBkQiBRPTEwMCU=","description":"ble:LoRa-Chatter-1B44 44:1B:F6:8D:B7:A9","device_key":"ble-address:44:1b:f6:8d:b7:a9","kind":"rx","seq":173,"session":"s1","stream":"telemetry","text":"m SNR=+9.8 dB Q=100%","timestamp":1790062843.484955},{"data_b64":"IGRpc3Bvc2l0aW9uPTAK","description":"ble:LoRa-Chatter-1B44 44:1B:F6:8D:B7:A9","device_key":"ble-address:44:1b:f6:8d:b7:a9","kind":"rx","seq":174,"session":"s1","stream":"telemetry","text":" disposition=0\n","timestamp":1790062843.4857779},{"data_b64":"PCBbLTgyLysxMCBRMTAwXSBBVFQ=","description":"ble:LoRa-Chatter-1B44 44:1B:F6:8D:B7:A9","device_key":"ble-address:44:1b:f6:8d:b7:a9","kind":"rx","seq":175,"session":"s1","stream":"chat","text":"< [-82/+10 Q100] ATT","timestamp":1790062843.4863427},{"data_b64":"RU4tQjJBLTIwMjYwOTIyVDA3MzU=","description":"ble:LoRa-Chatter-1B44 44:1B:F6:8D:B7:A9","device_key":"ble-address:44:1b:f6:8d:b7:a9","kind":"rx","seq":176,"session":"s1","stream":"chat","text":"EN-B2A-20260922T0735","timestamp":1790062843.4870887},{"data_b64":"NDhaCg==","description":"ble:LoRa-Chatter-1B44 44:1B:F6:8D:B7:A9","device_key":"ble-address:44:1b:f6:8d:b7:a9","kind":"rx","seq":177,"session":"s1","stream":"chat","text":"48Z\n","timestamp":1790062843.487748},{"data_b64":"PTM4QiB1c2VyPTI2QiBhdHRlbXA=","description":"ble:LoRa-Chatter-72E0 E0:72:A1:D5:4C:15","device_key":"ble-address:e0:72:a1:d5:4c:15","kind":"rx","seq":154,"session":"s2","stream":"telemetry","text":"=38B user=26B attemp","timestamp":1790062843.5031602},{"data_b64":"dD0xLzUgT0sgdGltZT0xOTc2IG0=","description":"ble:LoRa-Chatter-72E0 E0:72:A1:D5:4C:15","device_key":"ble-address:e0:72:a1:d5:4c:15","kind":"rx","seq":155,"session":"s2","stream":"telemetry","text":"t=1/5 OK time=1976 m","timestamp":1790062843.50378},{"data_b64":"cwo=","description":"ble:LoRa-Chatter-72E0 E0:72:A1:D5:4C:15","device_key":"ble-address:e0:72:a1:d5:4c:15","kind":"rx","seq":156,"session":"s2","stream":"telemetry","text":"s\n","timestamp":1790062843.5045047},{"data_b64":"PiBBVFRFTi1CMkEtMjAyNjA5MjI=","description":"ble:LoRa-Chatter-72E0 E0:72:A1:D5:4C:15","device_key":"ble-address:e0:72:a1:d5:4c:15","kind":"rx","seq":157,"session":"s2","stream":"chat","text":"> ATTEN-B2A-20260922","timestamp":1790062843.5050404},{"data_b64":"VDA3MzU0OFoK","description":"ble:LoRa-Chatter-72E0 E0:72:A1:D5:4C:15","device_key":"ble-address:e0:72:a1:d5:4c:15","kind":"rx","seq":158,"session":"s2","stream":"chat","text":"T073548Z\n","timestamp":1790062843.5059824},{"data_b64":"REVMSVZFUlkgV0FJVF9BQ0sgdXM=","description":"ble:LoRa-Chatter-72E0 E0:72:A1:D5:4C:15","device_key":"ble-address:e0:72:a1:d5:4c:15","kind":"rx","seq":159,"session":"s2","stream":"telemetry","text":"DELIVERY WAIT_ACK us","timestamp":1790062843.5069883},{"data_b64":"ZXI9MDJBNy8xIGF0dGVtcHQ9MS8=","description":"ble:LoRa-Chatter-72E0 E0:72:A1:D5:4C:15","device_key":"ble-address:e0:72:a1:d5:4c:15","kind":"rx","seq":160,"session":"s2","stream":"telemetry","text":"er=02A7/1 attempt=1/","timestamp":1790062843.5080285},{"data_b64":"NSB0aW1lb3V0PTE4NTZtcyBxdWU=","description":"ble:LoRa-Chatter-72E0 E0:72:A1:D5:4C:15","device_key":"ble-address:e0:72:a1:d5:4c:15","kind":"rx","seq":161,"session":"s2","stream":"telemetry","text":"5 timeout=1856ms que","timestamp":1790062843.5088723},{"data_b64":"dWU9MAo=","description":"ble:LoRa-Chatter-72E0 E0:72:A1:D5:4C:15","device_key":"ble-address:e0:72:a1:d5:4c:15","kind":"rx","seq":162,"session":"s2","stream":"telemetry","text":"ue=0\n","timestamp":1790062843.508963},{"data_b64":"ClRYIEFDSyBzZXE9MSBhY2tfdG8=","description":"ble:LoRa-Chatter-1B44 44:1B:F6:8D:B7:A9","device_key":"ble-address:44:1b:f6:8d:b7:a9","kind":"rx","seq":178,"session":"s1","stream":"telemetry","text":"\nTX ACK seq=1 ack_to","timestamp":1790062844.8300838},{"data_b64":"PTAyQTcvMSBmcmFtZT0xNEIgT0s=","description":"ble:LoRa-Chatter-1B44 44:1B:F6:8D:B7:A9","device_key":"ble-address:44:1b:f6:8d:b7:a9","kind":"rx","seq":179,"session":"s1","stream":"telemetry","text":"=02A7/1 frame=14B OK","timestamp":1790062844.8311067},{"data_b64":"IHRpbWU9MTE1NiBtcyBndWFyZD0=","description":"ble:LoRa-Chatter-1B44 44:1B:F6:8D:B7:A9","device_key":"ble-address:44:1b:f6:8d:b7:a9","kind":"rx","seq":180,"session":"s1","stream":"telemetry","text":" time=1156 ms guard=","timestamp":1790062844.8321285},{"data_b64":"NTAwbXMK","description":"ble:LoRa-Chatter-1B44 44:1B:F6:8D:B7:A9","device_key":"ble-address:44:1b:f6:8d:b7:a9","kind":"rx","seq":181,"session":"s1","stream":"telemetry","text":"500ms\n","timestamp":1790062844.832732},{"data_b64":"UEVFUl9SRVBPUlQgb3VyX3NlcT0=","description":"ble:LoRa-Chatter-72E0 E0:72:A1:D5:4C:15","device_key":"ble-address:e0:72:a1:d5:4c:15","kind":"rx","seq":163,"session":"s2","stream":"telemetry","text":"PEER_REPORT our_seq=","timestamp":1790062844.8534586},{"data_b64":"MSBSU1NJPS04MiBkQm0gU05SPSs=","description":"ble:LoRa-Chatter-72E0 E0:72:A1:D5:4C:15","device_key":"ble-address:e0:72:a1:d5:4c:15","kind":"rx","seq":164,"session":"s2","stream":"telemetry","text":"1 RSSI=-82 dBm SNR=+","timestamp":1790062844.8542168},{"data_b64":"MTAgZEIgUT0xMDAlCg==","description":"ble:LoRa-Chatter-72E0 E0:72:A1:D5:4C:15","device_key":"ble-address:e0:72:a1:d5:4c:15","kind":"rx","seq":165,"session":"s2","stream":"telemetry","text":"10 dB Q=100%\n","timestamp":1790062844.8550553},{"data_b64":"ClJYIEFDSyBzZXNzaW9uPUE5QzY=","description":"ble:LoRa-Chatter-72E0 E0:72:A1:D5:4C:15","device_key":"ble-address:e0:72:a1:d5:4c:15","kind":"rx","seq":166,"session":"s2","stream":"telemetry","text":"\nRX ACK session=A9C6","timestamp":1790062844.8557403},{"data_b64":"IHNlcT0xIGFja190bz0wMkE3LzE=","description":"ble:LoRa-Chatter-72E0 E0:72:A1:D5:4C:15","device_key":"ble-address:e0:72:a1:d5:4c:15","kind":"rx","seq":167,"session":"s2","stream":"telemetry","text":" seq=1 ack_to=02A7/1","timestamp":1790062844.8567462},{"data_b64":"IGZyYW1lPTE0QiBSU1NJPS04OS4=","description":"ble:LoRa-Chatter-72E0 E0:72:A1:D5:4C:15","device_key":"ble-address:e0:72:a1:d5:4c:15","kind":"rx","seq":168,"session":"s2","stream":"telemetry","text":" frame=14B RSSI=-89.","timestamp":1790062844.8568141},{"data_b64":"MCBkQm0gU05SPSs5LjIgZEIgUT0=","description":"ble:LoRa-Chatter-72E0 E0:72:A1:D5:4C:15","device_key":"ble-address:e0:72:a1:d5:4c:15","kind":"rx","seq":169,"session":"s2","stream":"telemetry","text":"0 dBm SNR=+9.2 dB Q=","timestamp":1790062844.8581283},{"data_b64":"MCUK","description":"ble:LoRa-Chatter-72E0 E0:72:A1:D5:4C:15","device_key":"ble-address:e0:72:a1:d5:4c:15","kind":"rx","seq":170,"session":"s2","stream":"telemetry","text":"0%\n","timestamp":1790062844.858672},{"data_b64":"REVMSVZFUlkgQUNLIHVzZXI9MDI=","description":"ble:LoRa-Chatter-72E0 E0:72:A1:D5:4C:15","device_key":"ble-address:e0:72:a1:d5:4c:15","kind":"rx","seq":171,"session":"s2","stream":"telemetry","text":"DELIVERY ACK user=02","timestamp":1790062844.859031},{"data_b64":"QTcvMSBhdHRlbXB0cz0xLzUgZWw=","description":"ble:LoRa-Chatter-72E0 E0:72:A1:D5:4C:15","device_key":"ble-address:e0:72:a1:d5:4c:15","kind":"rx","seq":172,"session":"s2","stream":"telemetry","text":"A7/1 attempts=1/5 el","timestamp":1790062844.8596125},{"data_b64":"YXBzZWQ9MTQxNG1zIHF1ZXVlPTA=","description":"ble:LoRa-Chatter-72E0 E0:72:A1:D5:4C:15","device_key":"ble-address:e0:72:a1:d5:4c:15","kind":"rx","seq":173,"session":"s2","stream":"telemetry","text":"apsed=1414ms queue=0","timestamp":1790062844.861074},{"data_b64":"Cg==","description":"ble:LoRa-Chatter-72E0 E0:72:A1:D5:4C:15","device_key":"ble-address:e0:72:a1:d5:4c:15","kind":"rx","seq":174,"session":"s2","stream":"telemetry","text":"\n","timestamp":1790062844.86115}],"lines":[{"seq_first":150,"seq_last":152,"session":"s2","stream":"telemetry","text":"DELIVERY QUEUED source=2 bytes=26 waiting=1/8 in_flight=0"},{"seq_first":153,"seq_last":153,"session":"s2","stream":"telemetry","text":""},{"seq_first":167,"seq_last":169,"session":"s1","stream":"telemetry","text":"PEER_REPORT our_seq=0 RSSI=-87 dBm SNR=+11 dB Q=0%"},{"seq_first":170,"seq_last":170,"session":"s1","stream":"telemetry","text":""},{"seq_first":170,"seq_last":174,"session":"s1","stream":"telemetry","text":"RX USER session=02A7 seq=1 frame=38B user=26B RSSI=-82.0 dBm SNR=+9.8 dB Q=100% disposition=0"},{"seq_first":175,"seq_last":177,"session":"s1","stream":"chat","text":"< [-82/+10 Q100] ATTEN-B2A-20260922T073548Z"},{"seq_first":153,"seq_last":156,"session":"s2","stream":"telemetry","text":"TX USER seq=1 frame=38B user=26B attempt=1/5 OK time=1976 ms"},{"seq_first":157,"seq_last":158,"session":"s2","stream":"chat","text":"> ATTEN-B2A-20260922T073548Z"},{"seq_first":159,"seq_last":162,"session":"s2","stream":"telemetry","text":"DELIVERY WAIT_ACK user=02A7/1 attempt=1/5 timeout=1856ms queue=0"},{"seq_first":178,"seq_last":178,"session":"s1","stream":"telemetry","text":""},{"seq_first":178,"seq_last":181,"session":"s1","stream":"telemetry","text":"TX ACK seq=1 ack_to=02A7/1 frame=14B OK time=1156 ms guard=500ms"},{"seq_first":163,"seq_last":165,"session":"s2","stream":"telemetry","text":"PEER_REPORT our_seq=1 RSSI=-82 dBm SNR=+10 dB Q=100%"},{"seq_first":166,"seq_last":166,"session":"s2","stream":"telemetry","text":""},{"seq_first":166,"seq_last":170,"session":"s2","stream":"telemetry","text":"RX ACK session=A9C6 seq=1 ack_to=02A7/1 frame=14B RSSI=-89.0 dBm SNR=+9.2 dB Q=0%"},{"seq_first":171,"seq_last":174,"session":"s2","stream":"telemetry","text":"DELIVERY ACK user=02A7/1 attempts=1/5 elapsed=1414ms queue=0"}],"timed_out":false}}
2026-09-22T10:41:28.752+03:00 [RX telemetry] {"data_b64":"ClNFU1NJT04gdD02MDBzIFRYIG8=","description":"ble:LoRa-Chatter-1B44 44:1B:F6:8D:B7:A9","device_key":"ble-address:44:1b:f6:8d:b7:a9","kind":"rx","seq":182,"session":"s1","stream":"telemetry","text":"\nSESSION t=600s TX o","timestamp":1790062888.7526414}
2026-09-22T10:41:28.753+03:00 [RX telemetry] {"data_b64":"az0yIHVzZXI9MSBlY2hvX3JlcT0=","description":"ble:LoRa-Chatter-1B44 44:1B:F6:8D:B7:A9","device_key":"ble-address:44:1b:f6:8d:b7:a9","kind":"rx","seq":183,"session":"s1","stream":"telemetry","text":"k=2 user=1 echo_req=","timestamp":1790062888.7532988}
2026-09-22T10:41:28.754+03:00 [RX telemetry] {"data_b64":"MCBlY2hvX3JlcD0wIGhiPTAoaWQ=","description":"ble:LoRa-Chatter-1B44 44:1B:F6:8D:B7:A9","device_key":"ble-address:44:1b:f6:8d:b7:a9","kind":"rx","seq":184,"session":"s1","stream":"telemetry","text":"0 echo_rep=0 hb=0(id","timestamp":1790062888.7539892}
2026-09-22T10:41:28.755+03:00 [RX telemetry] {"data_b64":"bGU9MCkgZXJyPTAgc3RhcnRlZD0=","description":"ble:LoRa-Chatter-1B44 44:1B:F6:8D:B7:A9","device_key":"ble-address:44:1b:f6:8d:b7:a9","kind":"rx","seq":185,"session":"s1","stream":"telemetry","text":"le=0) err=0 started=","timestamp":1790062888.7548406}
2026-09-22T10:41:28.757+03:00 [RX telemetry] {"data_b64":"MiBSWCBvaz0yIHVzZXI9MSBlY2g=","description":"ble:LoRa-Chatter-1B44 44:1B:F6:8D:B7:A9","device_key":"ble-address:44:1b:f6:8d:b7:a9","kind":"rx","seq":186,"session":"s1","stream":"telemetry","text":"2 RX ok=2 user=1 ech","timestamp":1790062888.757147}
2026-09-22T10:41:28.758+03:00 [RX telemetry] {"data_b64":"b19yZXE9MCBlY2hvX3JlcD0wIGg=","description":"ble:LoRa-Chatter-1B44 44:1B:F6:8D:B7:A9","device_key":"ble-address:44:1b:f6:8d:b7:a9","kind":"rx","seq":187,"session":"s1","stream":"telemetry","text":"o_req=0 echo_rep=0 h","timestamp":1790062888.7579138}
2026-09-22T10:41:28.758+03:00 [RX telemetry] {"data_b64":"Yj0wIGNyYz0wIGhkcj0wIGJhZD0=","description":"ble:LoRa-Chatter-1B44 44:1B:F6:8D:B7:A9","device_key":"ble-address:44:1b:f6:8d:b7:a9","kind":"rx","seq":188,"session":"s1","stream":"telemetry","text":"b=0 crc=0 hdr=0 bad=","timestamp":1790062888.7584991}
2026-09-22T10:41:28.759+03:00 [RX telemetry] {"data_b64":"MSByZWFkZXJyPTAgcmVwb3J0cz0=","description":"ble:LoRa-Chatter-1B44 44:1B:F6:8D:B7:A9","device_key":"ble-address:44:1b:f6:8d:b7:a9","kind":"rx","seq":189,"session":"s1","stream":"telemetry","text":"1 readerr=0 reports=","timestamp":1790062888.7590802}
2026-09-22T10:41:28.759+03:00 [RX telemetry] {"data_b64":"MiBRPTEwMCUgZHJvcHM9MSBmYXQ=","description":"ble:LoRa-Chatter-1B44 44:1B:F6:8D:B7:A9","device_key":"ble-address:44:1b:f6:8d:b7:a9","kind":"rx","seq":190,"session":"s1","stream":"telemetry","text":"2 Q=100% drops=1 fat","timestamp":1790062888.7597392}
2026-09-22T10:41:28.760+03:00 [RX telemetry] {"data_b64":"YWw9MAo=","description":"ble:LoRa-Chatter-1B44 44:1B:F6:8D:B7:A9","device_key":"ble-address:44:1b:f6:8d:b7:a9","kind":"rx","seq":191,"session":"s1","stream":"telemetry","text":"al=0\n","timestamp":1790062888.7604733}
2026-09-22T10:41:28.761+03:00 [RX telemetry] {"data_b64":"U0VTU0lPTiBDT1VSVEVTWSB3aW4=","description":"ble:LoRa-Chatter-1B44 44:1B:F6:8D:B7:A9","device_key":"ble-address:44:1b:f6:8d:b7:a9","kind":"rx","seq":192,"session":"s1","stream":"telemetry","text":"SESSION COURTESY win","timestamp":1790062888.761073}
2026-09-22T10:41:28.761+03:00 [RX telemetry] {"data_b64":"ZG93PTkxMjNtcyBwZWVyX3JlbGU=","description":"ble:LoRa-Chatter-1B44 44:1B:F6:8D:B7:A9","device_key":"ble-address:44:1b:f6:8d:b7:a9","kind":"rx","seq":193,"session":"s1","stream":"telemetry","text":"dow=9123ms peer_rele","timestamp":1790062888.7616754}
2026-09-22T10:41:28.762+03:00 [RX telemetry] {"data_b64":"YXNlPTAgZXhwaXJlZD0wIHlpZWw=","description":"ble:LoRa-Chatter-1B44 44:1B:F6:8D:B7:A9","device_key":"ble-address:44:1b:f6:8d:b7:a9","kind":"rx","seq":194,"session":"s1","stream":"telemetry","text":"ase=0 expired=0 yiel","timestamp":1790062888.7622054}
2026-09-22T10:41:28.763+03:00 [RX telemetry] {"data_b64":"ZGluZz0wCg==","description":"ble:LoRa-Chatter-1B44 44:1B:F6:8D:B7:A9","device_key":"ble-address:44:1b:f6:8d:b7:a9","kind":"rx","seq":195,"session":"s1","stream":"telemetry","text":"ding=0\n","timestamp":1790062888.7629998}
2026-09-22T10:41:28.763+03:00 [RX telemetry] {"data_b64":"U0VTU0lPTiBESU8wX1RYIGFmZmU=","description":"ble:LoRa-Chatter-1B44 44:1B:F6:8D:B7:A9","device_key":"ble-address:44:1b:f6:8d:b7:a9","kind":"rx","seq":196,"session":"s1","stream":"telemetry","text":"SESSION DIO0_TX affe","timestamp":1790062888.763477}
2026-09-22T10:41:28.764+03:00 [RX telemetry] {"data_b64":"Y3RlZD0wLzIgZXBpc29kZXM9MCA=","description":"ble:LoRa-Chatter-1B44 44:1B:F6:8D:B7:A9","device_key":"ble-address:44:1b:f6:8d:b7:a9","kind":"rx","seq":197,"session":"s1","stream":"telemetry","text":"cted=0/2 episodes=0 ","timestamp":1790062888.7641351}
2026-09-22T10:41:28.764+03:00 [RX telemetry] {"data_b64":"YXZnX2FsbD0wLjAwIGF2Z19hZmY=","description":"ble:LoRa-Chatter-1B44 44:1B:F6:8D:B7:A9","device_key":"ble-address:44:1b:f6:8d:b7:a9","kind":"rx","seq":198,"session":"s1","stream":"telemetry","text":"avg_all=0.00 avg_aff","timestamp":1790062888.7646666}
2026-09-22T10:41:28.765+03:00 [RX telemetry] {"data_b64":"ZWN0ZWQ9MC4wMCBoaWdoX3BvbGw=","description":"ble:LoRa-Chatter-1B44 44:1B:F6:8D:B7:A9","device_key":"ble-address:44:1b:f6:8d:b7:a9","kind":"rx","seq":199,"session":"s1","stream":"telemetry","text":"ected=0.00 high_poll","timestamp":1790062888.7654881}
2026-09-22T10:41:28.766+03:00 [RX telemetry] {"data_b64":"cz0wCg==","description":"ble:LoRa-Chatter-1B44 44:1B:F6:8D:B7:A9","device_key":"ble-address:44:1b:f6:8d:b7:a9","kind":"rx","seq":200,"session":"s1","stream":"telemetry","text":"s=0\n","timestamp":1790062888.766262}
2026-09-22T10:41:28.767+03:00 [RX telemetry] {"data_b64":"U0VTU0lPTiBSWF9QT0xMIHBvbGw=","description":"ble:LoRa-Chatter-1B44 44:1B:F6:8D:B7:A9","device_key":"ble-address:44:1b:f6:8d:b7:a9","kind":"rx","seq":201,"session":"s1","stream":"telemetry","text":"SESSION RX_POLL poll","timestamp":1790062888.7669466}
2026-09-22T10:41:28.767+03:00 [RX telemetry] {"data_b64":"cz01OTIyODMgcnhkb25lPTMgaW4=","description":"ble:LoRa-Chatter-1B44 44:1B:F6:8D:B7:A9","device_key":"ble-address:44:1b:f6:8d:b7:a9","kind":"rx","seq":202,"session":"s1","stream":"telemetry","text":"s=592283 rxdone=3 in","timestamp":1790062888.767586}
2026-09-22T10:41:28.768+03:00 [RX telemetry] {"data_b64":"dGVydmFsPTEwMDB1cyBESU8wX1I=","description":"ble:LoRa-Chatter-1B44 44:1B:F6:8D:B7:A9","device_key":"ble-address:44:1b:f6:8d:b7:a9","kind":"rx","seq":203,"session":"s1","stream":"telemetry","text":"terval=1000us DIO0_R","timestamp":1790062888.7681556}
2026-09-22T10:41:28.768+03:00 [RX telemetry] {"data_b64":"WCBmYWxzZV9oaWdoX2VwPTAgaGk=","description":"ble:LoRa-Chatter-1B44 44:1B:F6:8D:B7:A9","device_key":"ble-address:44:1b:f6:8d:b7:a9","kind":"rx","seq":204,"session":"s1","stream":"telemetry","text":"X false_high_ep=0 hi","timestamp":1790062888.7687345}
2026-09-22T10:41:28.769+03:00 [RX telemetry] {"data_b64":"Z2hfcG9sbHM9MCByeGRvbmVfbG8=","description":"ble:LoRa-Chatter-1B44 44:1B:F6:8D:B7:A9","device_key":"ble-address:44:1b:f6:8d:b7:a9","kind":"rx","seq":205,"session":"s1","stream":"telemetry","text":"gh_polls=0 rxdone_lo","timestamp":1790062888.7694125}
2026-09-22T10:41:28.770+03:00 [RX telemetry] {"data_b64":"dz0wIGlzcj1kaXNhYmxlZAo=","description":"ble:LoRa-Chatter-1B44 44:1B:F6:8D:B7:A9","device_key":"ble-address:44:1b:f6:8d:b7:a9","kind":"rx","seq":206,"session":"s1","stream":"telemetry","text":"w=0 isr=disabled\n","timestamp":1790062888.7700505}
2026-09-22T10:41:36.334+03:00 [RX telemetry] {"data_b64":"ClNFU1NJT04gdD02MDBzIFRYIG8=","description":"ble:LoRa-Chatter-72E0 E0:72:A1:D5:4C:15","device_key":"ble-address:e0:72:a1:d5:4c:15","kind":"rx","seq":175,"session":"s2","stream":"telemetry","text":"\nSESSION t=600s TX o","timestamp":1790062896.3345444}
2026-09-22T10:41:36.335+03:00 [RX telemetry] {"data_b64":"az0yIHVzZXI9MSBlY2hvX3JlcT0=","description":"ble:LoRa-Chatter-72E0 E0:72:A1:D5:4C:15","device_key":"ble-address:e0:72:a1:d5:4c:15","kind":"rx","seq":176,"session":"s2","stream":"telemetry","text":"k=2 user=1 echo_req=","timestamp":1790062896.3355646}
2026-09-22T10:41:36.336+03:00 [RX telemetry] {"data_b64":"MCBlY2hvX3JlcD0wIGhiPTAoaWQ=","description":"ble:LoRa-Chatter-72E0 E0:72:A1:D5:4C:15","device_key":"ble-address:e0:72:a1:d5:4c:15","kind":"rx","seq":177,"session":"s2","stream":"telemetry","text":"0 echo_rep=0 hb=0(id","timestamp":1790062896.3363385}
2026-09-22T10:41:36.337+03:00 [RX telemetry] {"data_b64":"bGU9MCkgZXJyPTAgc3RhcnRlZD0=","description":"ble:LoRa-Chatter-72E0 E0:72:A1:D5:4C:15","device_key":"ble-address:e0:72:a1:d5:4c:15","kind":"rx","seq":178,"session":"s2","stream":"telemetry","text":"le=0) err=0 started=","timestamp":1790062896.3364139}
2026-09-22T10:41:36.337+03:00 [RX telemetry] {"data_b64":"MiBSWCBvaz0yIHVzZXI9MSBlY2g=","description":"ble:LoRa-Chatter-72E0 E0:72:A1:D5:4C:15","device_key":"ble-address:e0:72:a1:d5:4c:15","kind":"rx","seq":179,"session":"s2","stream":"telemetry","text":"2 RX ok=2 user=1 ech","timestamp":1790062896.3369703}
2026-09-22T10:41:36.338+03:00 [RX telemetry] {"data_b64":"b19yZXE9MCBlY2hvX3JlcD0wIGg=","description":"ble:LoRa-Chatter-72E0 E0:72:A1:D5:4C:15","device_key":"ble-address:e0:72:a1:d5:4c:15","kind":"rx","seq":180,"session":"s2","stream":"telemetry","text":"o_req=0 echo_rep=0 h","timestamp":1790062896.3378067}
2026-09-22T10:41:36.338+03:00 [RX telemetry] {"data_b64":"Yj0wIGNyYz0wIGhkcj0wIGJhZD0=","description":"ble:LoRa-Chatter-72E0 E0:72:A1:D5:4C:15","device_key":"ble-address:e0:72:a1:d5:4c:15","kind":"rx","seq":181,"session":"s2","stream":"telemetry","text":"b=0 crc=0 hdr=0 bad=","timestamp":1790062896.3378804}
2026-09-22T10:41:36.339+03:00 [RX telemetry] {"data_b64":"MCByZWFkZXJyPTAgcmVwb3J0cz0=","description":"ble:LoRa-Chatter-72E0 E0:72:A1:D5:4C:15","device_key":"ble-address:e0:72:a1:d5:4c:15","kind":"rx","seq":182,"session":"s2","stream":"telemetry","text":"0 readerr=0 reports=","timestamp":1790062896.3390434}
2026-09-22T10:41:36.339+03:00 [RX telemetry] {"data_b64":"MSBRPTEwMCUgZHJvcHM9MCBmYXQ=","description":"ble:LoRa-Chatter-72E0 E0:72:A1:D5:4C:15","device_key":"ble-address:e0:72:a1:d5:4c:15","kind":"rx","seq":183,"session":"s2","stream":"telemetry","text":"1 Q=100% drops=0 fat","timestamp":1790062896.3391528}
2026-09-22T10:41:36.340+03:00 [RX telemetry] {"data_b64":"YWw9MAo=","description":"ble:LoRa-Chatter-72E0 E0:72:A1:D5:4C:15","device_key":"ble-address:e0:72:a1:d5:4c:15","kind":"rx","seq":184,"session":"s2","stream":"telemetry","text":"al=0\n","timestamp":1790062896.340119}
2026-09-22T10:41:36.341+03:00 [RX telemetry] {"data_b64":"U0VTU0lPTiBDT1VSVEVTWSB3aW4=","description":"ble:LoRa-Chatter-72E0 E0:72:A1:D5:4C:15","device_key":"ble-address:e0:72:a1:d5:4c:15","kind":"rx","seq":185,"session":"s2","stream":"telemetry","text":"SESSION COURTESY win","timestamp":1790062896.3410296}
2026-09-22T10:41:36.341+03:00 [RX telemetry] {"data_b64":"ZG93PTkxMjNtcyBwZWVyX3JlbGU=","description":"ble:LoRa-Chatter-72E0 E0:72:A1:D5:4C:15","device_key":"ble-address:e0:72:a1:d5:4c:15","kind":"rx","seq":186,"session":"s2","stream":"telemetry","text":"dow=9123ms peer_rele","timestamp":1790062896.3413253}
2026-09-22T10:41:36.342+03:00 [RX telemetry] {"data_b64":"YXNlPTAgZXhwaXJlZD0wIHlpZWw=","description":"ble:LoRa-Chatter-72E0 E0:72:A1:D5:4C:15","device_key":"ble-address:e0:72:a1:d5:4c:15","kind":"rx","seq":187,"session":"s2","stream":"telemetry","text":"ase=0 expired=0 yiel","timestamp":1790062896.342339}
2026-09-22T10:41:36.343+03:00 [RX telemetry] {"data_b64":"ZGluZz0wCg==","description":"ble:LoRa-Chatter-72E0 E0:72:A1:D5:4C:15","device_key":"ble-address:e0:72:a1:d5:4c:15","kind":"rx","seq":188,"session":"s2","stream":"telemetry","text":"ding=0\n","timestamp":1790062896.343215}
2026-09-22T10:41:36.343+03:00 [RX telemetry] {"data_b64":"U0VTU0lPTiBESU8wX1RYIGFmZmU=","description":"ble:LoRa-Chatter-72E0 E0:72:A1:D5:4C:15","device_key":"ble-address:e0:72:a1:d5:4c:15","kind":"rx","seq":189,"session":"s2","stream":"telemetry","text":"SESSION DIO0_TX affe","timestamp":1790062896.343338}
2026-09-22T10:41:36.344+03:00 [RX telemetry] {"data_b64":"Y3RlZD0wLzIgZXBpc29kZXM9MCA=","description":"ble:LoRa-Chatter-72E0 E0:72:A1:D5:4C:15","device_key":"ble-address:e0:72:a1:d5:4c:15","kind":"rx","seq":190,"session":"s2","stream":"telemetry","text":"cted=0/2 episodes=0 ","timestamp":1790062896.3442466}
2026-09-22T10:41:36.345+03:00 [RX telemetry] {"data_b64":"YXZnX2FsbD0wLjAwIGF2Z19hZmY=","description":"ble:LoRa-Chatter-72E0 E0:72:A1:D5:4C:15","device_key":"ble-address:e0:72:a1:d5:4c:15","kind":"rx","seq":191,"session":"s2","stream":"telemetry","text":"avg_all=0.00 avg_aff","timestamp":1790062896.3448308}
2026-09-22T10:41:36.345+03:00 [RX telemetry] {"data_b64":"ZWN0ZWQ9MC4wMCBoaWdoX3BvbGw=","description":"ble:LoRa-Chatter-72E0 E0:72:A1:D5:4C:15","device_key":"ble-address:e0:72:a1:d5:4c:15","kind":"rx","seq":192,"session":"s2","stream":"telemetry","text":"ected=0.00 high_poll","timestamp":1790062896.3455546}
2026-09-22T10:41:36.346+03:00 [RX telemetry] {"data_b64":"cz0wCg==","description":"ble:LoRa-Chatter-72E0 E0:72:A1:D5:4C:15","device_key":"ble-address:e0:72:a1:d5:4c:15","kind":"rx","seq":193,"session":"s2","stream":"telemetry","text":"s=0\n","timestamp":1790062896.3463993}
2026-09-22T10:41:36.347+03:00 [RX telemetry] {"data_b64":"U0VTU0lPTiBSWF9QT0xMIHBvbGw=","description":"ble:LoRa-Chatter-72E0 E0:72:A1:D5:4C:15","device_key":"ble-address:e0:72:a1:d5:4c:15","kind":"rx","seq":194,"session":"s2","stream":"telemetry","text":"SESSION RX_POLL poll","timestamp":1790062896.3466456}
2026-09-22T10:41:36.347+03:00 [RX telemetry] {"data_b64":"cz01ODk4MjIgcnhkb25lPTIgaW4=","description":"ble:LoRa-Chatter-72E0 E0:72:A1:D5:4C:15","device_key":"ble-address:e0:72:a1:d5:4c:15","kind":"rx","seq":195,"session":"s2","stream":"telemetry","text":"s=589822 rxdone=2 in","timestamp":1790062896.3471043}
2026-09-22T10:41:36.348+03:00 [RX telemetry] {"data_b64":"dGVydmFsPTEwMDB1cyBESU8wX1I=","description":"ble:LoRa-Chatter-72E0 E0:72:A1:D5:4C:15","device_key":"ble-address:e0:72:a1:d5:4c:15","kind":"rx","seq":196,"session":"s2","stream":"telemetry","text":"terval=1000us DIO0_R","timestamp":1790062896.34816}
2026-09-22T10:41:36.349+03:00 [RX telemetry] {"data_b64":"WCBmYWxzZV9oaWdoX2VwPTAgaGk=","description":"ble:LoRa-Chatter-72E0 E0:72:A1:D5:4C:15","device_key":"ble-address:e0:72:a1:d5:4c:15","kind":"rx","seq":197,"session":"s2","stream":"telemetry","text":"X false_high_ep=0 hi","timestamp":1790062896.3487833}
2026-09-22T10:41:36.349+03:00 [RX telemetry] {"data_b64":"Z2hfcG9sbHM9MCByeGRvbmVfbG8=","description":"ble:LoRa-Chatter-72E0 E0:72:A1:D5:4C:15","device_key":"ble-address:e0:72:a1:d5:4c:15","kind":"rx","seq":198,"session":"s2","stream":"telemetry","text":"gh_polls=0 rxdone_lo","timestamp":1790062896.3493488}
2026-09-22T10:41:36.350+03:00 [RX telemetry] {"data_b64":"dz0wIGlzcj1kaXNhYmxlZAo=","description":"ble:LoRa-Chatter-72E0 E0:72:A1:D5:4C:15","device_key":"ble-address:e0:72:a1:d5:4c:15","kind":"rx","seq":199,"session":"s2","stream":"telemetry","text":"w=0 isr=disabled\n","timestamp":1790062896.350308}
2026-09-22T10:41:53.495+03:00 [AGENT REQUEST] {"id":27,"op":"send_line","session":"s1","text":"/power 2"}
2026-09-22T10:41:53.496+03:00 [TX] {"data_b64":"L3Bvd2VyIDIK","device_key":"ble-address:44:1b:f6:8d:b7:a9","kind":"tx","seq":207,"session":"s1","text":"/power 2","timestamp":1790062913.4958014,"tx_id":9,"tx_state":"queued"}
2026-09-22T10:41:53.497+03:00 [AGENT RESPONSE] {"id":27,"ok":true,"result":{"state":"queued","tx_id":9}}
2026-09-22T10:41:53.497+03:00 [AGENT REQUEST] {"id":28,"op":"send_line","session":"s2","text":"/power 2"}
2026-09-22T10:41:53.497+03:00 [TX] {"data_b64":"L3Bvd2VyIDIK","device_key":"ble-address:e0:72:a1:d5:4c:15","kind":"tx","seq":200,"session":"s2","text":"/power 2","timestamp":1790062913.4974682,"tx_id":8,"tx_state":"queued"}
2026-09-22T10:41:53.498+03:00 [AGENT RESPONSE] {"id":28,"ok":true,"result":{"state":"queued","tx_id":8}}
2026-09-22T10:41:53.499+03:00 [TX] {"data_b64":"L3Bvd2VyIDIK","description":"ble:LoRa-Chatter-1B44 44:1B:F6:8D:B7:A9","device_key":"ble-address:44:1b:f6:8d:b7:a9","kind":"tx","seq":208,"session":"s1","text":"/power 2","timestamp":1790062913.4986198,"tx_id":9,"tx_state":"written"}
2026-09-22T10:41:53.499+03:00 [AGENT REQUEST] {"id":29,"op":"observe","cursors":{"s1":181,"s2":174},"timeout_ms":15000}
2026-09-22T10:41:53.499+03:00 [TX] {"data_b64":"L3Bvd2VyIDIK","description":"ble:LoRa-Chatter-72E0 E0:72:A1:D5:4C:15","device_key":"ble-address:e0:72:a1:d5:4c:15","kind":"tx","seq":201,"session":"s2","text":"/power 2","timestamp":1790062913.4997354,"tx_id":8,"tx_state":"written"}
2026-09-22T10:41:53.501+03:00 [AGENT RESPONSE] {"id":29,"ok":true,"result":{"cursors":{"s1":208,"s2":201},"events":[{"data_b64":"ClNFU1NJT04gdD02MDBzIFRYIG8=","description":"ble:LoRa-Chatter-1B44 44:1B:F6:8D:B7:A9","device_key":"ble-address:44:1b:f6:8d:b7:a9","kind":"rx","seq":182,"session":"s1","stream":"telemetry","text":"\nSESSION t=600s TX o","timestamp":1790062888.7526414},{"data_b64":"az0yIHVzZXI9MSBlY2hvX3JlcT0=","description":"ble:LoRa-Chatter-1B44 44:1B:F6:8D:B7:A9","device_key":"ble-address:44:1b:f6:8d:b7:a9","kind":"rx","seq":183,"session":"s1","stream":"telemetry","text":"k=2 user=1 echo_req=","timestamp":1790062888.7532988},{"data_b64":"MCBlY2hvX3JlcD0wIGhiPTAoaWQ=","description":"ble:LoRa-Chatter-1B44 44:1B:F6:8D:B7:A9","device_key":"ble-address:44:1b:f6:8d:b7:a9","kind":"rx","seq":184,"session":"s1","stream":"telemetry","text":"0 echo_rep=0 hb=0(id","timestamp":1790062888.7539892},{"data_b64":"bGU9MCkgZXJyPTAgc3RhcnRlZD0=","description":"ble:LoRa-Chatter-1B44 44:1B:F6:8D:B7:A9","device_key":"ble-address:44:1b:f6:8d:b7:a9","kind":"rx","seq":185,"session":"s1","stream":"telemetry","text":"le=0) err=0 started=","timestamp":1790062888.7548406},{"data_b64":"MiBSWCBvaz0yIHVzZXI9MSBlY2g=","description":"ble:LoRa-Chatter-1B44 44:1B:F6:8D:B7:A9","device_key":"ble-address:44:1b:f6:8d:b7:a9","kind":"rx","seq":186,"session":"s1","stream":"telemetry","text":"2 RX ok=2 user=1 ech","timestamp":1790062888.757147},{"data_b64":"b19yZXE9MCBlY2hvX3JlcD0wIGg=","description":"ble:LoRa-Chatter-1B44 44:1B:F6:8D:B7:A9","device_key":"ble-address:44:1b:f6:8d:b7:a9","kind":"rx","seq":187,"session":"s1","stream":"telemetry","text":"o_req=0 echo_rep=0 h","timestamp":1790062888.7579138},{"data_b64":"Yj0wIGNyYz0wIGhkcj0wIGJhZD0=","description":"ble:LoRa-Chatter-1B44 44:1B:F6:8D:B7:A9","device_key":"ble-address:44:1b:f6:8d:b7:a9","kind":"rx","seq":188,"session":"s1","stream":"telemetry","text":"b=0 crc=0 hdr=0 bad=","timestamp":1790062888.7584991},{"data_b64":"MSByZWFkZXJyPTAgcmVwb3J0cz0=","description":"ble:LoRa-Chatter-1B44 44:1B:F6:8D:B7:A9","device_key":"ble-address:44:1b:f6:8d:b7:a9","kind":"rx","seq":189,"session":"s1","stream":"telemetry","text":"1 readerr=0 reports=","timestamp":1790062888.7590802},{"data_b64":"MiBRPTEwMCUgZHJvcHM9MSBmYXQ=","description":"ble:LoRa-Chatter-1B44 44:1B:F6:8D:B7:A9","device_key":"ble-address:44:1b:f6:8d:b7:a9","kind":"rx","seq":190,"session":"s1","stream":"telemetry","text":"2 Q=100% drops=1 fat","timestamp":1790062888.7597392},{"data_b64":"YWw9MAo=","description":"ble:LoRa-Chatter-1B44 44:1B:F6:8D:B7:A9","device_key":"ble-address:44:1b:f6:8d:b7:a9","kind":"rx","seq":191,"session":"s1","stream":"telemetry","text":"al=0\n","timestamp":1790062888.7604733},{"data_b64":"U0VTU0lPTiBDT1VSVEVTWSB3aW4=","description":"ble:LoRa-Chatter-1B44 44:1B:F6:8D:B7:A9","device_key":"ble-address:44:1b:f6:8d:b7:a9","kind":"rx","seq":192,"session":"s1","stream":"telemetry","text":"SESSION COURTESY win","timestamp":1790062888.761073},{"data_b64":"ZG93PTkxMjNtcyBwZWVyX3JlbGU=","description":"ble:LoRa-Chatter-1B44 44:1B:F6:8D:B7:A9","device_key":"ble-address:44:1b:f6:8d:b7:a9","kind":"rx","seq":193,"session":"s1","stream":"telemetry","text":"dow=9123ms peer_rele","timestamp":1790062888.7616754},{"data_b64":"YXNlPTAgZXhwaXJlZD0wIHlpZWw=","description":"ble:LoRa-Chatter-1B44 44:1B:F6:8D:B7:A9","device_key":"ble-address:44:1b:f6:8d:b7:a9","kind":"rx","seq":194,"session":"s1","stream":"telemetry","text":"ase=0 expired=0 yiel","timestamp":1790062888.7622054},{"data_b64":"ZGluZz0wCg==","description":"ble:LoRa-Chatter-1B44 44:1B:F6:8D:B7:A9","device_key":"ble-address:44:1b:f6:8d:b7:a9","kind":"rx","seq":195,"session":"s1","stream":"telemetry","text":"ding=0\n","timestamp":1790062888.7629998},{"data_b64":"U0VTU0lPTiBESU8wX1RYIGFmZmU=","description":"ble:LoRa-Chatter-1B44 44:1B:F6:8D:B7:A9","device_key":"ble-address:44:1b:f6:8d:b7:a9","kind":"rx","seq":196,"session":"s1","stream":"telemetry","text":"SESSION DIO0_TX affe","timestamp":1790062888.763477},{"data_b64":"Y3RlZD0wLzIgZXBpc29kZXM9MCA=","description":"ble:LoRa-Chatter-1B44 44:1B:F6:8D:B7:A9","device_key":"ble-address:44:1b:f6:8d:b7:a9","kind":"rx","seq":197,"session":"s1","stream":"telemetry","text":"cted=0/2 episodes=0 ","timestamp":1790062888.7641351},{"data_b64":"YXZnX2FsbD0wLjAwIGF2Z19hZmY=","description":"ble:LoRa-Chatter-1B44 44:1B:F6:8D:B7:A9","device_key":"ble-address:44:1b:f6:8d:b7:a9","kind":"rx","seq":198,"session":"s1","stream":"telemetry","text":"avg_all=0.00 avg_aff","timestamp":1790062888.7646666},{"data_b64":"ZWN0ZWQ9MC4wMCBoaWdoX3BvbGw=","description":"ble:LoRa-Chatter-1B44 44:1B:F6:8D:B7:A9","device_key":"ble-address:44:1b:f6:8d:b7:a9","kind":"rx","seq":199,"session":"s1","stream":"telemetry","text":"ected=0.00 high_poll","timestamp":1790062888.7654881},{"data_b64":"cz0wCg==","description":"ble:LoRa-Chatter-1B44 44:1B:F6:8D:B7:A9","device_key":"ble-address:44:1b:f6:8d:b7:a9","kind":"rx","seq":200,"session":"s1","stream":"telemetry","text":"s=0\n","timestamp":1790062888.766262},{"data_b64":"U0VTU0lPTiBSWF9QT0xMIHBvbGw=","description":"ble:LoRa-Chatter-1B44 44:1B:F6:8D:B7:A9","device_key":"ble-address:44:1b:f6:8d:b7:a9","kind":"rx","seq":201,"session":"s1","stream":"telemetry","text":"SESSION RX_POLL poll","timestamp":1790062888.7669466},{"data_b64":"cz01OTIyODMgcnhkb25lPTMgaW4=","description":"ble:LoRa-Chatter-1B44 44:1B:F6:8D:B7:A9","device_key":"ble-address:44:1b:f6:8d:b7:a9","kind":"rx","seq":202,"session":"s1","stream":"telemetry","text":"s=592283 rxdone=3 in","timestamp":1790062888.767586},{"data_b64":"dGVydmFsPTEwMDB1cyBESU8wX1I=","description":"ble:LoRa-Chatter-1B44 44:1B:F6:8D:B7:A9","device_key":"ble-address:44:1b:f6:8d:b7:a9","kind":"rx","seq":203,"session":"s1","stream":"telemetry","text":"terval=1000us DIO0_R","timestamp":1790062888.7681556},{"data_b64":"WCBmYWxzZV9oaWdoX2VwPTAgaGk=","description":"ble:LoRa-Chatter-1B44 44:1B:F6:8D:B7:A9","device_key":"ble-address:44:1b:f6:8d:b7:a9","kind":"rx","seq":204,"session":"s1","stream":"telemetry","text":"X false_high_ep=0 hi","timestamp":1790062888.7687345},{"data_b64":"Z2hfcG9sbHM9MCByeGRvbmVfbG8=","description":"ble:LoRa-Chatter-1B44 44:1B:F6:8D:B7:A9","device_key":"ble-address:44:1b:f6:8d:b7:a9","kind":"rx","seq":205,"session":"s1","stream":"telemetry","text":"gh_polls=0 rxdone_lo","timestamp":1790062888.7694125},{"data_b64":"dz0wIGlzcj1kaXNhYmxlZAo=","description":"ble:LoRa-Chatter-1B44 44:1B:F6:8D:B7:A9","device_key":"ble-address:44:1b:f6:8d:b7:a9","kind":"rx","seq":206,"session":"s1","stream":"telemetry","text":"w=0 isr=disabled\n","timestamp":1790062888.7700505},{"data_b64":"ClNFU1NJT04gdD02MDBzIFRYIG8=","description":"ble:LoRa-Chatter-72E0 E0:72:A1:D5:4C:15","device_key":"ble-address:e0:72:a1:d5:4c:15","kind":"rx","seq":175,"session":"s2","stream":"telemetry","text":"\nSESSION t=600s TX o","timestamp":1790062896.3345444},{"data_b64":"az0yIHVzZXI9MSBlY2hvX3JlcT0=","description":"ble:LoRa-Chatter-72E0 E0:72:A1:D5:4C:15","device_key":"ble-address:e0:72:a1:d5:4c:15","kind":"rx","seq":176,"session":"s2","stream":"telemetry","text":"k=2 user=1 echo_req=","timestamp":1790062896.3355646},{"data_b64":"MCBlY2hvX3JlcD0wIGhiPTAoaWQ=","description":"ble:LoRa-Chatter-72E0 E0:72:A1:D5:4C:15","device_key":"ble-address:e0:72:a1:d5:4c:15","kind":"rx","seq":177,"session":"s2","stream":"telemetry","text":"0 echo_rep=0 hb=0(id","timestamp":1790062896.3363385},{"data_b64":"bGU9MCkgZXJyPTAgc3RhcnRlZD0=","description":"ble:LoRa-Chatter-72E0 E0:72:A1:D5:4C:15","device_key":"ble-address:e0:72:a1:d5:4c:15","kind":"rx","seq":178,"session":"s2","stream":"telemetry","text":"le=0) err=0 started=","timestamp":1790062896.3364139},{"data_b64":"MiBSWCBvaz0yIHVzZXI9MSBlY2g=","description":"ble:LoRa-Chatter-72E0 E0:72:A1:D5:4C:15","device_key":"ble-address:e0:72:a1:d5:4c:15","kind":"rx","seq":179,"session":"s2","stream":"telemetry","text":"2 RX ok=2 user=1 ech","timestamp":1790062896.3369703},{"data_b64":"b19yZXE9MCBlY2hvX3JlcD0wIGg=","description":"ble:LoRa-Chatter-72E0 E0:72:A1:D5:4C:15","device_key":"ble-address:e0:72:a1:d5:4c:15","kind":"rx","seq":180,"session":"s2","stream":"telemetry","text":"o_req=0 echo_rep=0 h","timestamp":1790062896.3378067},{"data_b64":"Yj0wIGNyYz0wIGhkcj0wIGJhZD0=","description":"ble:LoRa-Chatter-72E0 E0:72:A1:D5:4C:15","device_key":"ble-address:e0:72:a1:d5:4c:15","kind":"rx","seq":181,"session":"s2","stream":"telemetry","text":"b=0 crc=0 hdr=0 bad=","timestamp":1790062896.3378804},{"data_b64":"MCByZWFkZXJyPTAgcmVwb3J0cz0=","description":"ble:LoRa-Chatter-72E0 E0:72:A1:D5:4C:15","device_key":"ble-address:e0:72:a1:d5:4c:15","kind":"rx","seq":182,"session":"s2","stream":"telemetry","text":"0 readerr=0 reports=","timestamp":1790062896.3390434},{"data_b64":"MSBRPTEwMCUgZHJvcHM9MCBmYXQ=","description":"ble:LoRa-Chatter-72E0 E0:72:A1:D5:4C:15","device_key":"ble-address:e0:72:a1:d5:4c:15","kind":"rx","seq":183,"session":"s2","stream":"telemetry","text":"1 Q=100% drops=0 fat","timestamp":1790062896.3391528},{"data_b64":"YWw9MAo=","description":"ble:LoRa-Chatter-72E0 E0:72:A1:D5:4C:15","device_key":"ble-address:e0:72:a1:d5:4c:15","kind":"rx","seq":184,"session":"s2","stream":"telemetry","text":"al=0\n","timestamp":1790062896.340119},{"data_b64":"U0VTU0lPTiBDT1VSVEVTWSB3aW4=","description":"ble:LoRa-Chatter-72E0 E0:72:A1:D5:4C:15","device_key":"ble-address:e0:72:a1:d5:4c:15","kind":"rx","seq":185,"session":"s2","stream":"telemetry","text":"SESSION COURTESY win","timestamp":1790062896.3410296},{"data_b64":"ZG93PTkxMjNtcyBwZWVyX3JlbGU=","description":"ble:LoRa-Chatter-72E0 E0:72:A1:D5:4C:15","device_key":"ble-address:e0:72:a1:d5:4c:15","kind":"rx","seq":186,"session":"s2","stream":"telemetry","text":"dow=9123ms peer_rele","timestamp":1790062896.3413253},{"data_b64":"YXNlPTAgZXhwaXJlZD0wIHlpZWw=","description":"ble:LoRa-Chatter-72E0 E0:72:A1:D5:4C:15","device_key":"ble-address:e0:72:a1:d5:4c:15","kind":"rx","seq":187,"session":"s2","stream":"telemetry","text":"ase=0 expired=0 yiel","timestamp":1790062896.342339},{"data_b64":"ZGluZz0wCg==","description":"ble:LoRa-Chatter-72E0 E0:72:A1:D5:4C:15","device_key":"ble-address:e0:72:a1:d5:4c:15","kind":"rx","seq":188,"session":"s2","stream":"telemetry","text":"ding=0\n","timestamp":1790062896.343215},{"data_b64":"U0VTU0lPTiBESU8wX1RYIGFmZmU=","description":"ble:LoRa-Chatter-72E0 E0:72:A1:D5:4C:15","device_key":"ble-address:e0:72:a1:d5:4c:15","kind":"rx","seq":189,"session":"s2","stream":"telemetry","text":"SESSION DIO0_TX affe","timestamp":1790062896.343338},{"data_b64":"Y3RlZD0wLzIgZXBpc29kZXM9MCA=","description":"ble:LoRa-Chatter-72E0 E0:72:A1:D5:4C:15","device_key":"ble-address:e0:72:a1:d5:4c:15","kind":"rx","seq":190,"session":"s2","stream":"telemetry","text":"cted=0/2 episodes=0 ","timestamp":1790062896.3442466},{"data_b64":"YXZnX2FsbD0wLjAwIGF2Z19hZmY=","description":"ble:LoRa-Chatter-72E0 E0:72:A1:D5:4C:15","device_key":"ble-address:e0:72:a1:d5:4c:15","kind":"rx","seq":191,"session":"s2","stream":"telemetry","text":"avg_all=0.00 avg_aff","timestamp":1790062896.3448308},{"data_b64":"ZWN0ZWQ9MC4wMCBoaWdoX3BvbGw=","description":"ble:LoRa-Chatter-72E0 E0:72:A1:D5:4C:15","device_key":"ble-address:e0:72:a1:d5:4c:15","kind":"rx","seq":192,"session":"s2","stream":"telemetry","text":"ected=0.00 high_poll","timestamp":1790062896.3455546},{"data_b64":"cz0wCg==","description":"ble:LoRa-Chatter-72E0 E0:72:A1:D5:4C:15","device_key":"ble-address:e0:72:a1:d5:4c:15","kind":"rx","seq":193,"session":"s2","stream":"telemetry","text":"s=0\n","timestamp":1790062896.3463993},{"data_b64":"U0VTU0lPTiBSWF9QT0xMIHBvbGw=","description":"ble:LoRa-Chatter-72E0 E0:72:A1:D5:4C:15","device_key":"ble-address:e0:72:a1:d5:4c:15","kind":"rx","seq":194,"session":"s2","stream":"telemetry","text":"SESSION RX_POLL poll","timestamp":1790062896.3466456},{"data_b64":"cz01ODk4MjIgcnhkb25lPTIgaW4=","description":"ble:LoRa-Chatter-72E0 E0:72:A1:D5:4C:15","device_key":"ble-address:e0:72:a1:d5:4c:15","kind":"rx","seq":195,"session":"s2","stream":"telemetry","text":"s=589822 rxdone=2 in","timestamp":1790062896.3471043},{"data_b64":"dGVydmFsPTEwMDB1cyBESU8wX1I=","description":"ble:LoRa-Chatter-72E0 E0:72:A1:D5:4C:15","device_key":"ble-address:e0:72:a1:d5:4c:15","kind":"rx","seq":196,"session":"s2","stream":"telemetry","text":"terval=1000us DIO0_R","timestamp":1790062896.34816},{"data_b64":"WCBmYWxzZV9oaWdoX2VwPTAgaGk=","description":"ble:LoRa-Chatter-72E0 E0:72:A1:D5:4C:15","device_key":"ble-address:e0:72:a1:d5:4c:15","kind":"rx","seq":197,"session":"s2","stream":"telemetry","text":"X false_high_ep=0 hi","timestamp":1790062896.3487833},{"data_b64":"Z2hfcG9sbHM9MCByeGRvbmVfbG8=","description":"ble:LoRa-Chatter-72E0 E0:72:A1:D5:4C:15","device_key":"ble-address:e0:72:a1:d5:4c:15","kind":"rx","seq":198,"session":"s2","stream":"telemetry","text":"gh_polls=0 rxdone_lo","timestamp":1790062896.3493488},{"data_b64":"dz0wIGlzcj1kaXNhYmxlZAo=","description":"ble:LoRa-Chatter-72E0 E0:72:A1:D5:4C:15","device_key":"ble-address:e0:72:a1:d5:4c:15","kind":"rx","seq":199,"session":"s2","stream":"telemetry","text":"w=0 isr=disabled\n","timestamp":1790062896.350308},{"data_b64":"L3Bvd2VyIDIK","device_key":"ble-address:44:1b:f6:8d:b7:a9","kind":"tx","seq":207,"session":"s1","text":"/power 2","timestamp":1790062913.4958014,"tx_id":9,"tx_state":"queued"},{"data_b64":"L3Bvd2VyIDIK","device_key":"ble-address:e0:72:a1:d5:4c:15","kind":"tx","seq":200,"session":"s2","text":"/power 2","timestamp":1790062913.4974682,"tx_id":8,"tx_state":"queued"},{"data_b64":"L3Bvd2VyIDIK","description":"ble:LoRa-Chatter-1B44 44:1B:F6:8D:B7:A9","device_key":"ble-address:44:1b:f6:8d:b7:a9","kind":"tx","seq":208,"session":"s1","text":"/power 2","timestamp":1790062913.4986198,"tx_id":9,"tx_state":"written"},{"data_b64":"L3Bvd2VyIDIK","description":"ble:LoRa-Chatter-72E0 E0:72:A1:D5:4C:15","device_key":"ble-address:e0:72:a1:d5:4c:15","kind":"tx","seq":201,"session":"s2","text":"/power 2","timestamp":1790062913.4997354,"tx_id":8,"tx_state":"written"}],"lines":[{"seq_first":182,"seq_last":182,"session":"s1","stream":"telemetry","text":""},{"seq_first":182,"seq_last":191,"session":"s1","stream":"telemetry","text":"SESSION t=600s TX ok=2 user=1 echo_req=0 echo_rep=0 hb=0(idle=0) err=0 started=2 RX ok=2 user=1 echo_req=0 echo_rep=0 hb=0 crc=0 hdr=0 bad=1 readerr=0 reports=2 Q=100% drops=1 fatal=0"},{"seq_first":192,"seq_last":195,"session":"s1","stream":"telemetry","text":"SESSION COURTESY window=9123ms peer_release=0 expired=0 yielding=0"},{"seq_first":196,"seq_last":200,"session":"s1","stream":"telemetry","text":"SESSION DIO0_TX affected=0/2 episodes=0 avg_all=0.00 avg_affected=0.00 high_polls=0"},{"seq_first":201,"seq_last":206,"session":"s1","stream":"telemetry","text":"SESSION RX_POLL polls=592283 rxdone=3 interval=1000us DIO0_RX false_high_ep=0 high_polls=0 rxdone_low=0 isr=disabled"},{"seq_first":175,"seq_last":175,"session":"s2","stream":"telemetry","text":""},{"seq_first":175,"seq_last":184,"session":"s2","stream":"telemetry","text":"SESSION t=600s TX ok=2 user=1 echo_req=0 echo_rep=0 hb=0(idle=0) err=0 started=2 RX ok=2 user=1 echo_req=0 echo_rep=0 hb=0 crc=0 hdr=0 bad=0 readerr=0 reports=1 Q=100% drops=0 fatal=0"},{"seq_first":185,"seq_last":188,"session":"s2","stream":"telemetry","text":"SESSION COURTESY window=9123ms peer_release=0 expired=0 yielding=0"},{"seq_first":189,"seq_last":193,"session":"s2","stream":"telemetry","text":"SESSION DIO0_TX affected=0/2 episodes=0 avg_all=0.00 avg_affected=0.00 high_polls=0"},{"seq_first":194,"seq_last":199,"session":"s2","stream":"telemetry","text":"SESSION RX_POLL polls=589822 rxdone=2 interval=1000us DIO0_RX false_high_ep=0 high_polls=0 rxdone_low=0 isr=disabled"}],"timed_out":false}}
2026-09-22T10:41:53.569+03:00 [RX chat] {"data_b64":"W1NZU10gUE9XRVIgMiBkQm0gU0E=","description":"ble:LoRa-Chatter-72E0 E0:72:A1:D5:4C:15","device_key":"ble-address:e0:72:a1:d5:4c:15","kind":"rx","seq":202,"session":"s2","stream":"chat","text":"[SYS] POWER 2 dBm SA","timestamp":1790062913.5694914}
2026-09-22T10:41:53.570+03:00 [RX chat] {"data_b64":"VkVECg==","description":"ble:LoRa-Chatter-72E0 E0:72:A1:D5:4C:15","device_key":"ble-address:e0:72:a1:d5:4c:15","kind":"rx","seq":203,"session":"s2","stream":"chat","text":"VED\n","timestamp":1790062913.5706}
2026-09-22T10:41:53.592+03:00 [RX chat] {"data_b64":"W1NZU10gUE9XRVIgMiBkQm0gU0E=","description":"ble:LoRa-Chatter-1B44 44:1B:F6:8D:B7:A9","device_key":"ble-address:44:1b:f6:8d:b7:a9","kind":"rx","seq":209,"session":"s1","stream":"chat","text":"[SYS] POWER 2 dBm SA","timestamp":1790062913.591941}
2026-09-22T10:41:53.592+03:00 [RX chat] {"data_b64":"VkVECg==","description":"ble:LoRa-Chatter-1B44 44:1B:F6:8D:B7:A9","device_key":"ble-address:44:1b:f6:8d:b7:a9","kind":"rx","seq":210,"session":"s1","stream":"chat","text":"VED\n","timestamp":1790062913.5926757}
2026-09-22T10:42:27.334+03:00 [AGENT REQUEST] {"id":30,"op":"observe","cursors":{"s1":208,"s2":201},"timeout_ms":15000}
2026-09-22T10:42:27.335+03:00 [AGENT RESPONSE] {"id":30,"ok":true,"result":{"cursors":{"s1":210,"s2":203},"events":[{"data_b64":"W1NZU10gUE9XRVIgMiBkQm0gU0E=","description":"ble:LoRa-Chatter-72E0 E0:72:A1:D5:4C:15","device_key":"ble-address:e0:72:a1:d5:4c:15","kind":"rx","seq":202,"session":"s2","stream":"chat","text":"[SYS] POWER 2 dBm SA","timestamp":1790062913.5694914},{"data_b64":"VkVECg==","description":"ble:LoRa-Chatter-72E0 E0:72:A1:D5:4C:15","device_key":"ble-address:e0:72:a1:d5:4c:15","kind":"rx","seq":203,"session":"s2","stream":"chat","text":"VED\n","timestamp":1790062913.5706},{"data_b64":"W1NZU10gUE9XRVIgMiBkQm0gU0E=","description":"ble:LoRa-Chatter-1B44 44:1B:F6:8D:B7:A9","device_key":"ble-address:44:1b:f6:8d:b7:a9","kind":"rx","seq":209,"session":"s1","stream":"chat","text":"[SYS] POWER 2 dBm SA","timestamp":1790062913.591941},{"data_b64":"VkVECg==","description":"ble:LoRa-Chatter-1B44 44:1B:F6:8D:B7:A9","device_key":"ble-address:44:1b:f6:8d:b7:a9","kind":"rx","seq":210,"session":"s1","stream":"chat","text":"VED\n","timestamp":1790062913.5926757}],"lines":[{"seq_first":202,"seq_last":203,"session":"s2","stream":"chat","text":"[SYS] POWER 2 dBm SAVED"},{"seq_first":209,"seq_last":210,"session":"s1","stream":"chat","text":"[SYS] POWER 2 dBm SAVED"}],"timed_out":false}}
2026-09-22T10:42:28.737+03:00 [RX telemetry] {"data_b64":"ClNFU1NJT04gdD02NjBzIFRYIG8=","description":"ble:LoRa-Chatter-1B44 44:1B:F6:8D:B7:A9","device_key":"ble-address:44:1b:f6:8d:b7:a9","kind":"rx","seq":211,"session":"s1","stream":"telemetry","text":"\nSESSION t=660s TX o","timestamp":1790062948.7375102}
2026-09-22T10:42:28.738+03:00 [RX telemetry] {"data_b64":"az0yIHVzZXI9MSBlY2hvX3JlcT0=","description":"ble:LoRa-Chatter-1B44 44:1B:F6:8D:B7:A9","device_key":"ble-address:44:1b:f6:8d:b7:a9","kind":"rx","seq":212,"session":"s1","stream":"telemetry","text":"k=2 user=1 echo_req=","timestamp":1790062948.738279}
2026-09-22T10:42:28.739+03:00 [RX telemetry] {"data_b64":"MCBlY2hvX3JlcD0wIGhiPTAoaWQ=","description":"ble:LoRa-Chatter-1B44 44:1B:F6:8D:B7:A9","device_key":"ble-address:44:1b:f6:8d:b7:a9","kind":"rx","seq":213,"session":"s1","stream":"telemetry","text":"0 echo_rep=0 hb=0(id","timestamp":1790062948.738896}
2026-09-22T10:42:28.739+03:00 [RX telemetry] {"data_b64":"bGU9MCkgZXJyPTAgc3RhcnRlZD0=","description":"ble:LoRa-Chatter-1B44 44:1B:F6:8D:B7:A9","device_key":"ble-address:44:1b:f6:8d:b7:a9","kind":"rx","seq":214,"session":"s1","stream":"telemetry","text":"le=0) err=0 started=","timestamp":1790062948.7396967}
2026-09-22T10:42:28.740+03:00 [RX telemetry] {"data_b64":"MiBSWCBvaz0yIHVzZXI9MSBlY2g=","description":"ble:LoRa-Chatter-1B44 44:1B:F6:8D:B7:A9","device_key":"ble-address:44:1b:f6:8d:b7:a9","kind":"rx","seq":215,"session":"s1","stream":"telemetry","text":"2 RX ok=2 user=1 ech","timestamp":1790062948.7404318}
2026-09-22T10:42:28.741+03:00 [RX telemetry] {"data_b64":"b19yZXE9MCBlY2hvX3JlcD0wIGg=","description":"ble:LoRa-Chatter-1B44 44:1B:F6:8D:B7:A9","device_key":"ble-address:44:1b:f6:8d:b7:a9","kind":"rx","seq":216,"session":"s1","stream":"telemetry","text":"o_req=0 echo_rep=0 h","timestamp":1790062948.7411046}
2026-09-22T10:42:28.742+03:00 [RX telemetry] {"data_b64":"Yj0wIGNyYz0wIGhkcj0wIGJhZD0=","description":"ble:LoRa-Chatter-1B44 44:1B:F6:8D:B7:A9","device_key":"ble-address:44:1b:f6:8d:b7:a9","kind":"rx","seq":217,"session":"s1","stream":"telemetry","text":"b=0 crc=0 hdr=0 bad=","timestamp":1790062948.741781}
2026-09-22T10:42:28.742+03:00 [RX telemetry] {"data_b64":"MSByZWFkZXJyPTAgcmVwb3J0cz0=","description":"ble:LoRa-Chatter-1B44 44:1B:F6:8D:B7:A9","device_key":"ble-address:44:1b:f6:8d:b7:a9","kind":"rx","seq":218,"session":"s1","stream":"telemetry","text":"1 readerr=0 reports=","timestamp":1790062948.7424145}
2026-09-22T10:42:28.743+03:00 [RX telemetry] {"data_b64":"MiBRPTEwMCUgZHJvcHM9MSBmYXQ=","description":"ble:LoRa-Chatter-1B44 44:1B:F6:8D:B7:A9","device_key":"ble-address:44:1b:f6:8d:b7:a9","kind":"rx","seq":219,"session":"s1","stream":"telemetry","text":"2 Q=100% drops=1 fat","timestamp":1790062948.7430818}
2026-09-22T10:42:28.744+03:00 [RX telemetry] {"data_b64":"YWw9MAo=","description":"ble:LoRa-Chatter-1B44 44:1B:F6:8D:B7:A9","device_key":"ble-address:44:1b:f6:8d:b7:a9","kind":"rx","seq":220,"session":"s1","stream":"telemetry","text":"al=0\n","timestamp":1790062948.744286}
2026-09-22T10:42:28.745+03:00 [RX telemetry] {"data_b64":"U0VTU0lPTiBDT1VSVEVTWSB3aW4=","description":"ble:LoRa-Chatter-1B44 44:1B:F6:8D:B7:A9","device_key":"ble-address:44:1b:f6:8d:b7:a9","kind":"rx","seq":221,"session":"s1","stream":"telemetry","text":"SESSION COURTESY win","timestamp":1790062948.7449012}
2026-09-22T10:42:28.746+03:00 [RX telemetry] {"data_b64":"ZG93PTkxMjNtcyBwZWVyX3JlbGU=","description":"ble:LoRa-Chatter-1B44 44:1B:F6:8D:B7:A9","device_key":"ble-address:44:1b:f6:8d:b7:a9","kind":"rx","seq":222,"session":"s1","stream":"telemetry","text":"dow=9123ms peer_rele","timestamp":1790062948.7456486}
2026-09-22T10:42:28.747+03:00 [RX telemetry] {"data_b64":"YXNlPTAgZXhwaXJlZD0wIHlpZWw=","description":"ble:LoRa-Chatter-1B44 44:1B:F6:8D:B7:A9","device_key":"ble-address:44:1b:f6:8d:b7:a9","kind":"rx","seq":223,"session":"s1","stream":"telemetry","text":"ase=0 expired=0 yiel","timestamp":1790062948.746731}
2026-09-22T10:42:28.747+03:00 [RX telemetry] {"data_b64":"ZGluZz0wCg==","description":"ble:LoRa-Chatter-1B44 44:1B:F6:8D:B7:A9","device_key":"ble-address:44:1b:f6:8d:b7:a9","kind":"rx","seq":224,"session":"s1","stream":"telemetry","text":"ding=0\n","timestamp":1790062948.7468207}
2026-09-22T10:42:28.748+03:00 [RX telemetry] {"data_b64":"U0VTU0lPTiBESU8wX1RYIGFmZmU=","description":"ble:LoRa-Chatter-1B44 44:1B:F6:8D:B7:A9","device_key":"ble-address:44:1b:f6:8d:b7:a9","kind":"rx","seq":225,"session":"s1","stream":"telemetry","text":"SESSION DIO0_TX affe","timestamp":1790062948.7478638}
2026-09-22T10:42:28.748+03:00 [RX telemetry] {"data_b64":"Y3RlZD0wLzIgZXBpc29kZXM9MCA=","description":"ble:LoRa-Chatter-1B44 44:1B:F6:8D:B7:A9","device_key":"ble-address:44:1b:f6:8d:b7:a9","kind":"rx","seq":226,"session":"s1","stream":"telemetry","text":"cted=0/2 episodes=0 ","timestamp":1790062948.747963}
2026-09-22T10:42:28.784+03:00 [RX telemetry] {"data_b64":"YXZnX2FsbD0wLjAwIGF2Z19hZmY=","description":"ble:LoRa-Chatter-1B44 44:1B:F6:8D:B7:A9","device_key":"ble-address:44:1b:f6:8d:b7:a9","kind":"rx","seq":227,"session":"s1","stream":"telemetry","text":"avg_all=0.00 avg_aff","timestamp":1790062948.7834942}
2026-09-22T10:42:28.784+03:00 [RX telemetry] {"data_b64":"ZWN0ZWQ9MC4wMCBoaWdoX3BvbGw=","description":"ble:LoRa-Chatter-1B44 44:1B:F6:8D:B7:A9","device_key":"ble-address:44:1b:f6:8d:b7:a9","kind":"rx","seq":228,"session":"s1","stream":"telemetry","text":"ected=0.00 high_poll","timestamp":1790062948.7839184}
2026-09-22T10:42:28.785+03:00 [RX telemetry] {"data_b64":"cz0wCg==","description":"ble:LoRa-Chatter-1B44 44:1B:F6:8D:B7:A9","device_key":"ble-address:44:1b:f6:8d:b7:a9","kind":"rx","seq":229,"session":"s1","stream":"telemetry","text":"s=0\n","timestamp":1790062948.784782}
2026-09-22T10:42:28.785+03:00 [RX telemetry] {"data_b64":"U0VTU0lPTiBSWF9QT0xMIHBvbGw=","description":"ble:LoRa-Chatter-1B44 44:1B:F6:8D:B7:A9","device_key":"ble-address:44:1b:f6:8d:b7:a9","kind":"rx","seq":230,"session":"s1","stream":"telemetry","text":"SESSION RX_POLL poll","timestamp":1790062948.7854798}
2026-09-22T10:42:28.786+03:00 [RX telemetry] {"data_b64":"cz02NTE5NzIgcnhkb25lPTMgaW4=","description":"ble:LoRa-Chatter-1B44 44:1B:F6:8D:B7:A9","device_key":"ble-address:44:1b:f6:8d:b7:a9","kind":"rx","seq":231,"session":"s1","stream":"telemetry","text":"s=651972 rxdone=3 in","timestamp":1790062948.7864733}
2026-09-22T10:42:28.787+03:00 [RX telemetry] {"data_b64":"dGVydmFsPTEwMDB1cyBESU8wX1I=","description":"ble:LoRa-Chatter-1B44 44:1B:F6:8D:B7:A9","device_key":"ble-address:44:1b:f6:8d:b7:a9","kind":"rx","seq":232,"session":"s1","stream":"telemetry","text":"terval=1000us DIO0_R","timestamp":1790062948.786901}
2026-09-22T10:42:28.788+03:00 [RX telemetry] {"data_b64":"WCBmYWxzZV9oaWdoX2VwPTAgaGk=","description":"ble:LoRa-Chatter-1B44 44:1B:F6:8D:B7:A9","device_key":"ble-address:44:1b:f6:8d:b7:a9","kind":"rx","seq":233,"session":"s1","stream":"telemetry","text":"X false_high_ep=0 hi","timestamp":1790062948.7877321}
2026-09-22T10:42:28.788+03:00 [RX telemetry] {"data_b64":"Z2hfcG9sbHM9MCByeGRvbmVfbG8=","description":"ble:LoRa-Chatter-1B44 44:1B:F6:8D:B7:A9","device_key":"ble-address:44:1b:f6:8d:b7:a9","kind":"rx","seq":234,"session":"s1","stream":"telemetry","text":"gh_polls=0 rxdone_lo","timestamp":1790062948.7878091}
2026-09-22T10:42:28.788+03:00 [RX telemetry] {"data_b64":"dz0wIGlzcj1kaXNhYmxlZAo=","description":"ble:LoRa-Chatter-1B44 44:1B:F6:8D:B7:A9","device_key":"ble-address:44:1b:f6:8d:b7:a9","kind":"rx","seq":235,"session":"s1","stream":"telemetry","text":"w=0 isr=disabled\n","timestamp":1790062948.7886667}
2026-09-22T10:42:36.321+03:00 [RX telemetry] {"data_b64":"ClNFU1NJT04gdD02NjBzIFRYIG8=","description":"ble:LoRa-Chatter-72E0 E0:72:A1:D5:4C:15","device_key":"ble-address:e0:72:a1:d5:4c:15","kind":"rx","seq":204,"session":"s2","stream":"telemetry","text":"\nSESSION t=660s TX o","timestamp":1790062956.3215535}
2026-09-22T10:42:36.322+03:00 [RX telemetry] {"data_b64":"az0yIHVzZXI9MSBlY2hvX3JlcT0=","description":"ble:LoRa-Chatter-72E0 E0:72:A1:D5:4C:15","device_key":"ble-address:e0:72:a1:d5:4c:15","kind":"rx","seq":205,"session":"s2","stream":"telemetry","text":"k=2 user=1 echo_req=","timestamp":1790062956.3225665}
2026-09-22T10:42:36.323+03:00 [RX telemetry] {"data_b64":"MCBlY2hvX3JlcD0wIGhiPTAoaWQ=","description":"ble:LoRa-Chatter-72E0 E0:72:A1:D5:4C:15","device_key":"ble-address:e0:72:a1:d5:4c:15","kind":"rx","seq":206,"session":"s2","stream":"telemetry","text":"0 echo_rep=0 hb=0(id","timestamp":1790062956.3226414}
2026-09-22T10:42:36.324+03:00 [RX telemetry] {"data_b64":"bGU9MCkgZXJyPTAgc3RhcnRlZD0=","description":"ble:LoRa-Chatter-72E0 E0:72:A1:D5:4C:15","device_key":"ble-address:e0:72:a1:d5:4c:15","kind":"rx","seq":207,"session":"s2","stream":"telemetry","text":"le=0) err=0 started=","timestamp":1790062956.3238442}
2026-09-22T10:42:36.325+03:00 [RX telemetry] {"data_b64":"MiBSWCBvaz0yIHVzZXI9MSBlY2g=","description":"ble:LoRa-Chatter-72E0 E0:72:A1:D5:4C:15","device_key":"ble-address:e0:72:a1:d5:4c:15","kind":"rx","seq":208,"session":"s2","stream":"telemetry","text":"2 RX ok=2 user=1 ech","timestamp":1790062956.3240008}
2026-09-22T10:42:36.325+03:00 [RX telemetry] {"data_b64":"b19yZXE9MCBlY2hvX3JlcD0wIGg=","description":"ble:LoRa-Chatter-72E0 E0:72:A1:D5:4C:15","device_key":"ble-address:e0:72:a1:d5:4c:15","kind":"rx","seq":209,"session":"s2","stream":"telemetry","text":"o_req=0 echo_rep=0 h","timestamp":1790062956.324734}
2026-09-22T10:42:36.325+03:00 [RX telemetry] {"data_b64":"Yj0wIGNyYz0wIGhkcj0wIGJhZD0=","description":"ble:LoRa-Chatter-72E0 E0:72:A1:D5:4C:15","device_key":"ble-address:e0:72:a1:d5:4c:15","kind":"rx","seq":210,"session":"s2","stream":"telemetry","text":"b=0 crc=0 hdr=0 bad=","timestamp":1790062956.324801}
2026-09-22T10:42:36.326+03:00 [RX telemetry] {"data_b64":"MCByZWFkZXJyPTAgcmVwb3J0cz0=","description":"ble:LoRa-Chatter-72E0 E0:72:A1:D5:4C:15","device_key":"ble-address:e0:72:a1:d5:4c:15","kind":"rx","seq":211,"session":"s2","stream":"telemetry","text":"0 readerr=0 reports=","timestamp":1790062956.3262854}
2026-09-22T10:42:36.326+03:00 [RX telemetry] {"data_b64":"MSBRPTEwMCUgZHJvcHM9MCBmYXQ=","description":"ble:LoRa-Chatter-72E0 E0:72:A1:D5:4C:15","device_key":"ble-address:e0:72:a1:d5:4c:15","kind":"rx","seq":212,"session":"s2","stream":"telemetry","text":"1 Q=100% drops=0 fat","timestamp":1790062956.3263478}
2026-09-22T10:42:36.327+03:00 [RX telemetry] {"data_b64":"YWw9MAo=","description":"ble:LoRa-Chatter-72E0 E0:72:A1:D5:4C:15","device_key":"ble-address:e0:72:a1:d5:4c:15","kind":"rx","seq":213,"session":"s2","stream":"telemetry","text":"al=0\n","timestamp":1790062956.3263843}
2026-09-22T10:42:36.327+03:00 [RX telemetry] {"data_b64":"U0VTU0lPTiBDT1VSVEVTWSB3aW4=","description":"ble:LoRa-Chatter-72E0 E0:72:A1:D5:4C:15","device_key":"ble-address:e0:72:a1:d5:4c:15","kind":"rx","seq":214,"session":"s2","stream":"telemetry","text":"SESSION COURTESY win","timestamp":1790062956.3270972}
2026-09-22T10:42:36.327+03:00 [RX telemetry] {"data_b64":"ZG93PTkxMjNtcyBwZWVyX3JlbGU=","description":"ble:LoRa-Chatter-72E0 E0:72:A1:D5:4C:15","device_key":"ble-address:e0:72:a1:d5:4c:15","kind":"rx","seq":215,"session":"s2","stream":"telemetry","text":"dow=9123ms peer_rele","timestamp":1790062956.3276408}
2026-09-22T10:42:36.328+03:00 [RX telemetry] {"data_b64":"YXNlPTAgZXhwaXJlZD0wIHlpZWw=","description":"ble:LoRa-Chatter-72E0 E0:72:A1:D5:4C:15","device_key":"ble-address:e0:72:a1:d5:4c:15","kind":"rx","seq":216,"session":"s2","stream":"telemetry","text":"ase=0 expired=0 yiel","timestamp":1790062956.3285205}
2026-09-22T10:42:36.329+03:00 [RX telemetry] {"data_b64":"ZGluZz0wCg==","description":"ble:LoRa-Chatter-72E0 E0:72:A1:D5:4C:15","device_key":"ble-address:e0:72:a1:d5:4c:15","kind":"rx","seq":217,"session":"s2","stream":"telemetry","text":"ding=0\n","timestamp":1790062956.3285997}
2026-09-22T10:42:36.329+03:00 [RX telemetry] {"data_b64":"U0VTU0lPTiBESU8wX1RYIGFmZmU=","description":"ble:LoRa-Chatter-72E0 E0:72:A1:D5:4C:15","device_key":"ble-address:e0:72:a1:d5:4c:15","kind":"rx","seq":218,"session":"s2","stream":"telemetry","text":"SESSION DIO0_TX affe","timestamp":1790062956.3292992}
2026-09-22T10:42:36.330+03:00 [RX telemetry] {"data_b64":"Y3RlZD0wLzIgZXBpc29kZXM9MCA=","description":"ble:LoRa-Chatter-72E0 E0:72:A1:D5:4C:15","device_key":"ble-address:e0:72:a1:d5:4c:15","kind":"rx","seq":219,"session":"s2","stream":"telemetry","text":"cted=0/2 episodes=0 ","timestamp":1790062956.329959}
2026-09-22T10:42:36.330+03:00 [RX telemetry] {"data_b64":"YXZnX2FsbD0wLjAwIGF2Z19hZmY=","description":"ble:LoRa-Chatter-72E0 E0:72:A1:D5:4C:15","device_key":"ble-address:e0:72:a1:d5:4c:15","kind":"rx","seq":220,"session":"s2","stream":"telemetry","text":"avg_all=0.00 avg_aff","timestamp":1790062956.3304417}
2026-09-22T10:42:36.333+03:00 [RX telemetry] {"data_b64":"ZWN0ZWQ9MC4wMCBoaWdoX3BvbGw=","description":"ble:LoRa-Chatter-72E0 E0:72:A1:D5:4C:15","device_key":"ble-address:e0:72:a1:d5:4c:15","kind":"rx","seq":221,"session":"s2","stream":"telemetry","text":"ected=0.00 high_poll","timestamp":1790062956.3328683}
2026-09-22T10:42:36.333+03:00 [RX telemetry] {"data_b64":"cz0wCg==","description":"ble:LoRa-Chatter-72E0 E0:72:A1:D5:4C:15","device_key":"ble-address:e0:72:a1:d5:4c:15","kind":"rx","seq":222,"session":"s2","stream":"telemetry","text":"s=0\n","timestamp":1790062956.3336146}
2026-09-22T10:42:36.334+03:00 [RX telemetry] {"data_b64":"U0VTU0lPTiBSWF9QT0xMIHBvbGw=","description":"ble:LoRa-Chatter-72E0 E0:72:A1:D5:4C:15","device_key":"ble-address:e0:72:a1:d5:4c:15","kind":"rx","seq":223,"session":"s2","stream":"telemetry","text":"SESSION RX_POLL poll","timestamp":1790062956.3341975}
2026-09-22T10:42:36.335+03:00 [RX telemetry] {"data_b64":"cz02NDk1NDMgcnhkb25lPTIgaW4=","description":"ble:LoRa-Chatter-72E0 E0:72:A1:D5:4C:15","device_key":"ble-address:e0:72:a1:d5:4c:15","kind":"rx","seq":224,"session":"s2","stream":"telemetry","text":"s=649543 rxdone=2 in","timestamp":1790062956.3350227}
2026-09-22T10:42:36.335+03:00 [RX telemetry] {"data_b64":"dGVydmFsPTEwMDB1cyBESU8wX1I=","description":"ble:LoRa-Chatter-72E0 E0:72:A1:D5:4C:15","device_key":"ble-address:e0:72:a1:d5:4c:15","kind":"rx","seq":225,"session":"s2","stream":"telemetry","text":"terval=1000us DIO0_R","timestamp":1790062956.335688}
2026-09-22T10:42:36.336+03:00 [RX telemetry] {"data_b64":"WCBmYWxzZV9oaWdoX2VwPTAgaGk=","description":"ble:LoRa-Chatter-72E0 E0:72:A1:D5:4C:15","device_key":"ble-address:e0:72:a1:d5:4c:15","kind":"rx","seq":226,"session":"s2","stream":"telemetry","text":"X false_high_ep=0 hi","timestamp":1790062956.336412}
2026-09-22T10:42:36.337+03:00 [RX telemetry] {"data_b64":"Z2hfcG9sbHM9MCByeGRvbmVfbG8=","description":"ble:LoRa-Chatter-72E0 E0:72:A1:D5:4C:15","device_key":"ble-address:e0:72:a1:d5:4c:15","kind":"rx","seq":227,"session":"s2","stream":"telemetry","text":"gh_polls=0 rxdone_lo","timestamp":1790062956.3370943}
2026-09-22T10:42:36.337+03:00 [RX telemetry] {"data_b64":"dz0wIGlzcj1kaXNhYmxlZAo=","description":"ble:LoRa-Chatter-72E0 E0:72:A1:D5:4C:15","device_key":"ble-address:e0:72:a1:d5:4c:15","kind":"rx","seq":228,"session":"s2","stream":"telemetry","text":"w=0 isr=disabled\n","timestamp":1790062956.3375723}
2026-09-22T10:43:01.791+03:00 [AGENT REQUEST] {"id":31,"op":"close","session":"s1"}
2026-09-22T10:43:03.614+03:00 [STATE] {"description":"ble:LoRa-Chatter-1B44 44:1B:F6:8D:B7:A9","device_key":"ble-address:44:1b:f6:8d:b7:a9","kind":"state","seq":236,"session":"s1","state":"closed","timestamp":1790062983.6144643}
2026-09-22T10:43:03.615+03:00 [AGENT RESPONSE] {"id":31,"ok":true,"result":{"session":"s1","state":"closed"}}
2026-09-22T10:43:03.615+03:00 [AGENT REQUEST] {"id":32,"op":"close","session":"s2"}
2026-09-22T10:43:05.617+03:00 [STATE] {"description":"ble:LoRa-Chatter-72E0 E0:72:A1:D5:4C:15","device_key":"ble-address:e0:72:a1:d5:4c:15","kind":"state","seq":229,"session":"s2","state":"closed","timestamp":1790062985.6172552}
2026-09-22T10:43:05.618+03:00 [AGENT RESPONSE] {"id":32,"ok":true,"result":{"session":"s2","state":"closed"}}
2026-09-22T10:43:14.593+03:00 [RUN] {"event":"stop","pid":43348}
