2026-09-18T02:29:58.426+03:00 [RUN] {"event":"start","pid":16656}
2026-09-18T02:29:58.426+03:00 [AGENT] {"console_log_path":"/tmp/serialterminal-ble-burst-20260918.console.log","event":"ready","log_path":"/tmp/serialterminal-ble-burst-20260918.log"}
2026-09-18T02:30:01.828+03:00 [AGENT REQUEST] {"id":1,"op":"discover","scope":"ble","scan_seconds":5}
2026-09-18T02:30:06.878+03:00 [AGENT RESPONSE] {"id":1,"ok":true,"result":{"devices":[{"detail":"44:1B:F6:8D:B7:A9","key":"ble-address:44:1b:f6:8d:b7:a9","kind":"ble","label":"BLE  LoRa-Chatter-1B44"},{"detail":"E0:72:A1:D5:4C:15","key":"ble-address:e0:72:a1:d5:4c:15","kind":"ble","label":"BLE  LoRa-Chatter-72E0"}]}}
2026-09-18T02:30:15.471+03:00 [AGENT REQUEST] {"id":2,"op":"open","device_key":"ble-address:44:1b:f6:8d:b7:a9","profile":"chatter","wait_connected_ms":15000}
2026-09-18T02:30:15.475+03:00 [STATE] {"description":"ble:LoRa-Chatter-1B44 44:1B:F6:8D:B7:A9","device_key":"ble-address:44:1b:f6:8d:b7:a9","kind":"state","seq":1,"session":"s1","state":"reconnecting","timestamp":1789687815.4756675}
2026-09-18T02:30:22.335+03:00 [TX] {"data_b64":"L2lkCg==","description":"ble:LoRa-Chatter-1B44 44:1B:F6:8D:B7:A9","device_key":"ble-address:44:1b:f6:8d:b7:a9","kind":"tx","seq":2,"session":"s1","timestamp":1789687822.335731,"tx_state":"connect-preamble-written"}
2026-09-18T02:30:22.336+03:00 [AGENT RESPONSE] {"id":2,"ok":true,"result":{"description":"ble:LoRa-Chatter-1B44 44:1B:F6:8D:B7:A9","device_key":"ble-address:44:1b:f6:8d:b7:a9","latest_seq":3,"profile":"chatter","session":"s1","state":"connected","streams":["chat","telemetry"]}}
2026-09-18T02:30:22.336+03:00 [STATE] {"description":"ble:LoRa-Chatter-1B44 44:1B:F6:8D:B7:A9","device_key":"ble-address:44:1b:f6:8d:b7:a9","kind":"state","seq":3,"session":"s1","state":"connected","timestamp":1789687822.335765}
2026-09-18T02:30:22.336+03:00 [AGENT REQUEST] {"id":3,"op":"open","device_key":"ble-address:e0:72:a1:d5:4c:15","profile":"chatter","wait_connected_ms":15000}
2026-09-18T02:30:22.337+03:00 [STATE] {"description":"ble:LoRa-Chatter-72E0 E0:72:A1:D5:4C:15","device_key":"ble-address:e0:72:a1:d5:4c:15","kind":"state","seq":1,"session":"s2","state":"reconnecting","timestamp":1789687822.3371239}
2026-09-18T02:30:22.424+03:00 [RX chat] {"data_b64":"W1NZU10gQ0hBVFRFUiBOT0RFIEw=","description":"ble:LoRa-Chatter-1B44 44:1B:F6:8D:B7:A9","device_key":"ble-address:44:1b:f6:8d:b7:a9","kind":"rx","seq":4,"session":"s1","stream":"chat","text":"[SYS] CHATTER NODE L","timestamp":1789687822.4241412}
2026-09-18T02:30:22.424+03:00 [RX chat] {"data_b64":"b1JhLUNoYXR0ZXItMUI0NAo=","description":"ble:LoRa-Chatter-1B44 44:1B:F6:8D:B7:A9","device_key":"ble-address:44:1b:f6:8d:b7:a9","kind":"rx","seq":5,"session":"s1","stream":"chat","text":"oRa-Chatter-1B44\n","timestamp":1789687822.4241822}
2026-09-18T02:30:29.179+03:00 [TX] {"data_b64":"L2lkCg==","description":"ble:LoRa-Chatter-72E0 E0:72:A1:D5:4C:15","device_key":"ble-address:e0:72:a1:d5:4c:15","kind":"tx","seq":2,"session":"s2","timestamp":1789687829.17949,"tx_state":"connect-preamble-written"}
2026-09-18T02:30:29.179+03:00 [STATE] {"description":"ble:LoRa-Chatter-72E0 E0:72:A1:D5:4C:15","device_key":"ble-address:e0:72:a1:d5:4c:15","kind":"state","seq":3,"session":"s2","state":"connected","timestamp":1789687829.179523}
2026-09-18T02:30:29.179+03:00 [AGENT RESPONSE] {"id":3,"ok":true,"result":{"description":"ble:LoRa-Chatter-72E0 E0:72:A1:D5:4C:15","device_key":"ble-address:e0:72:a1:d5:4c:15","latest_seq":3,"profile":"chatter","session":"s2","state":"connected","streams":["chat","telemetry"]}}
2026-09-18T02:30:29.269+03:00 [RX chat] {"data_b64":"W1NZU10gQ0hBVFRFUiBOT0RFIEw=","description":"ble:LoRa-Chatter-72E0 E0:72:A1:D5:4C:15","device_key":"ble-address:e0:72:a1:d5:4c:15","kind":"rx","seq":4,"session":"s2","stream":"chat","text":"[SYS] CHATTER NODE L","timestamp":1789687829.2689161}
2026-09-18T02:30:29.269+03:00 [RX chat] {"data_b64":"b1JhLUNoYXR0ZXItNzJFMAo=","description":"ble:LoRa-Chatter-72E0 E0:72:A1:D5:4C:15","device_key":"ble-address:e0:72:a1:d5:4c:15","kind":"rx","seq":5,"session":"s2","stream":"chat","text":"oRa-Chatter-72E0\n","timestamp":1789687829.2692587}
2026-09-18T02:30:49.959+03:00 [AGENT REQUEST] {"id":4,"op":"status","session":"s1"}
2026-09-18T02:30:49.960+03:00 [AGENT RESPONSE] {"id":4,"ok":true,"result":{"connected":true,"description":"ble:LoRa-Chatter-1B44 44:1B:F6:8D:B7:A9","device_key":"ble-address:44:1b:f6:8d:b7:a9","latest_seq":5,"profile":"chatter","queued_tx":0,"session":"s1","state":"connected","streams":["chat","telemetry"]}}
2026-09-18T02:30:49.960+03:00 [AGENT REQUEST] {"id":5,"op":"status","session":"s2"}
2026-09-18T02:30:49.960+03:00 [AGENT RESPONSE] {"id":5,"ok":true,"result":{"connected":true,"description":"ble:LoRa-Chatter-72E0 E0:72:A1:D5:4C:15","device_key":"ble-address:e0:72:a1:d5:4c:15","latest_seq":5,"profile":"chatter","queued_tx":0,"session":"s2","state":"connected","streams":["chat","telemetry"]}}
2026-09-18T02:30:49.960+03:00 [AGENT REQUEST] {"id":6,"op":"send_line","session":"s1","text":"/chat"}
2026-09-18T02:30:49.960+03:00 [TX] {"data_b64":"L2NoYXQK","device_key":"ble-address:44:1b:f6:8d:b7:a9","kind":"tx","seq":6,"session":"s1","text":"/chat","timestamp":1789687849.9603431,"tx_id":1,"tx_state":"queued"}
2026-09-18T02:30:49.960+03:00 [AGENT RESPONSE] {"id":6,"ok":true,"result":{"state":"queued","tx_id":1}}
2026-09-18T02:30:49.960+03:00 [AGENT REQUEST] {"id":7,"op":"send_line","session":"s2","text":"/chat"}
2026-09-18T02:30:49.961+03:00 [TX] {"data_b64":"L2NoYXQK","device_key":"ble-address:e0:72:a1:d5:4c:15","kind":"tx","seq":6,"session":"s2","text":"/chat","timestamp":1789687849.9609044,"tx_id":1,"tx_state":"queued"}
2026-09-18T02:30:49.961+03:00 [AGENT RESPONSE] {"id":7,"ok":true,"result":{"state":"queued","tx_id":1}}
2026-09-18T02:30:49.961+03:00 [TX] {"data_b64":"L2NoYXQK","description":"ble:LoRa-Chatter-72E0 E0:72:A1:D5:4C:15","device_key":"ble-address:e0:72:a1:d5:4c:15","kind":"tx","seq":7,"session":"s2","text":"/chat","timestamp":1789687849.9614627,"tx_id":1,"tx_state":"written"}
2026-09-18T02:30:49.961+03:00 [TX] {"data_b64":"L2NoYXQK","description":"ble:LoRa-Chatter-1B44 44:1B:F6:8D:B7:A9","device_key":"ble-address:44:1b:f6:8d:b7:a9","kind":"tx","seq":7,"session":"s1","text":"/chat","timestamp":1789687849.961427,"tx_id":1,"tx_state":"written"}
2026-09-18T02:30:50.010+03:00 [RX telemetry] {"data_b64":"Ck9VVFBVVCBNT0RFIHNvdXJjZT0=","description":"ble:LoRa-Chatter-1B44 44:1B:F6:8D:B7:A9","device_key":"ble-address:44:1b:f6:8d:b7:a9","kind":"rx","seq":8,"session":"s1","stream":"telemetry","text":"\nOUTPUT MODE source=","timestamp":1789687850.0103672}
2026-09-18T02:30:50.010+03:00 [RX telemetry] {"data_b64":"MiBzdGF0ZT1DSEFUCg==","description":"ble:LoRa-Chatter-1B44 44:1B:F6:8D:B7:A9","device_key":"ble-address:44:1b:f6:8d:b7:a9","kind":"rx","seq":9,"session":"s1","stream":"telemetry","text":"2 state=CHAT\n","timestamp":1789687850.010461}
2026-09-18T02:30:50.010+03:00 [RX chat] {"data_b64":"W1NZU10gT1VUUFVUIENIQVQK","description":"ble:LoRa-Chatter-1B44 44:1B:F6:8D:B7:A9","device_key":"ble-address:44:1b:f6:8d:b7:a9","kind":"rx","seq":10,"session":"s1","stream":"chat","text":"[SYS] OUTPUT CHAT\n","timestamp":1789687850.010869}
2026-09-18T02:30:50.017+03:00 [RX telemetry] {"data_b64":"Ck9VVFBVVCBNT0RFIHNvdXJjZT0=","description":"ble:LoRa-Chatter-72E0 E0:72:A1:D5:4C:15","device_key":"ble-address:e0:72:a1:d5:4c:15","kind":"rx","seq":8,"session":"s2","stream":"telemetry","text":"\nOUTPUT MODE source=","timestamp":1789687850.0168722}
2026-09-18T02:30:50.018+03:00 [RX telemetry] {"data_b64":"MiBzdGF0ZT1DSEFUCg==","description":"ble:LoRa-Chatter-72E0 E0:72:A1:D5:4C:15","device_key":"ble-address:e0:72:a1:d5:4c:15","kind":"rx","seq":9,"session":"s2","stream":"telemetry","text":"2 state=CHAT\n","timestamp":1789687850.0181248}
2026-09-18T02:30:50.018+03:00 [RX chat] {"data_b64":"W1NZU10gT1VUUFVUIENIQVQK","description":"ble:LoRa-Chatter-72E0 E0:72:A1:D5:4C:15","device_key":"ble-address:e0:72:a1:d5:4c:15","kind":"rx","seq":10,"session":"s2","stream":"chat","text":"[SYS] OUTPUT CHAT\n","timestamp":1789687850.0181513}
2026-09-18T02:30:58.694+03:00 [AGENT REQUEST] {"id":10,"op":"observe","cursors":{"s1":3,"s2":3},"timeout_ms":5000}
2026-09-18T02:30:58.695+03:00 [AGENT RESPONSE] {"id":10,"ok":true,"result":{"cursors":{"s1":10,"s2":10},"events":[{"data_b64":"W1NZU10gQ0hBVFRFUiBOT0RFIEw=","description":"ble:LoRa-Chatter-1B44 44:1B:F6:8D:B7:A9","device_key":"ble-address:44:1b:f6:8d:b7:a9","kind":"rx","seq":4,"session":"s1","stream":"chat","text":"[SYS] CHATTER NODE L","timestamp":1789687822.4241412},{"data_b64":"b1JhLUNoYXR0ZXItMUI0NAo=","description":"ble:LoRa-Chatter-1B44 44:1B:F6:8D:B7:A9","device_key":"ble-address:44:1b:f6:8d:b7:a9","kind":"rx","seq":5,"session":"s1","stream":"chat","text":"oRa-Chatter-1B44\n","timestamp":1789687822.4241822},{"data_b64":"W1NZU10gQ0hBVFRFUiBOT0RFIEw=","description":"ble:LoRa-Chatter-72E0 E0:72:A1:D5:4C:15","device_key":"ble-address:e0:72:a1:d5:4c:15","kind":"rx","seq":4,"session":"s2","stream":"chat","text":"[SYS] CHATTER NODE L","timestamp":1789687829.2689161},{"data_b64":"b1JhLUNoYXR0ZXItNzJFMAo=","description":"ble:LoRa-Chatter-72E0 E0:72:A1:D5:4C:15","device_key":"ble-address:e0:72:a1:d5:4c:15","kind":"rx","seq":5,"session":"s2","stream":"chat","text":"oRa-Chatter-72E0\n","timestamp":1789687829.2692587},{"data_b64":"L2NoYXQK","device_key":"ble-address:44:1b:f6:8d:b7:a9","kind":"tx","seq":6,"session":"s1","text":"/chat","timestamp":1789687849.9603431,"tx_id":1,"tx_state":"queued"},{"data_b64":"L2NoYXQK","device_key":"ble-address:e0:72:a1:d5:4c:15","kind":"tx","seq":6,"session":"s2","text":"/chat","timestamp":1789687849.9609044,"tx_id":1,"tx_state":"queued"},{"data_b64":"L2NoYXQK","description":"ble:LoRa-Chatter-1B44 44:1B:F6:8D:B7:A9","device_key":"ble-address:44:1b:f6:8d:b7:a9","kind":"tx","seq":7,"session":"s1","text":"/chat","timestamp":1789687849.961427,"tx_id":1,"tx_state":"written"},{"data_b64":"L2NoYXQK","description":"ble:LoRa-Chatter-72E0 E0:72:A1:D5:4C:15","device_key":"ble-address:e0:72:a1:d5:4c:15","kind":"tx","seq":7,"session":"s2","text":"/chat","timestamp":1789687849.9614627,"tx_id":1,"tx_state":"written"},{"data_b64":"Ck9VVFBVVCBNT0RFIHNvdXJjZT0=","description":"ble:LoRa-Chatter-1B44 44:1B:F6:8D:B7:A9","device_key":"ble-address:44:1b:f6:8d:b7:a9","kind":"rx","seq":8,"session":"s1","stream":"telemetry","text":"\nOUTPUT MODE source=","timestamp":1789687850.0103672},{"data_b64":"MiBzdGF0ZT1DSEFUCg==","description":"ble:LoRa-Chatter-1B44 44:1B:F6:8D:B7:A9","device_key":"ble-address:44:1b:f6:8d:b7:a9","kind":"rx","seq":9,"session":"s1","stream":"telemetry","text":"2 state=CHAT\n","timestamp":1789687850.010461},{"data_b64":"W1NZU10gT1VUUFVUIENIQVQK","description":"ble:LoRa-Chatter-1B44 44:1B:F6:8D:B7:A9","device_key":"ble-address:44:1b:f6:8d:b7:a9","kind":"rx","seq":10,"session":"s1","stream":"chat","text":"[SYS] OUTPUT CHAT\n","timestamp":1789687850.010869},{"data_b64":"Ck9VVFBVVCBNT0RFIHNvdXJjZT0=","description":"ble:LoRa-Chatter-72E0 E0:72:A1:D5:4C:15","device_key":"ble-address:e0:72:a1:d5:4c:15","kind":"rx","seq":8,"session":"s2","stream":"telemetry","text":"\nOUTPUT MODE source=","timestamp":1789687850.0168722},{"data_b64":"MiBzdGF0ZT1DSEFUCg==","description":"ble:LoRa-Chatter-72E0 E0:72:A1:D5:4C:15","device_key":"ble-address:e0:72:a1:d5:4c:15","kind":"rx","seq":9,"session":"s2","stream":"telemetry","text":"2 state=CHAT\n","timestamp":1789687850.0181248},{"data_b64":"W1NZU10gT1VUUFVUIENIQVQK","description":"ble:LoRa-Chatter-72E0 E0:72:A1:D5:4C:15","device_key":"ble-address:e0:72:a1:d5:4c:15","kind":"rx","seq":10,"session":"s2","stream":"chat","text":"[SYS] OUTPUT CHAT\n","timestamp":1789687850.0181513}],"lines":[{"seq_first":4,"seq_last":5,"session":"s1","stream":"chat","text":"[SYS] CHATTER NODE LoRa-Chatter-1B44"},{"seq_first":4,"seq_last":5,"session":"s2","stream":"chat","text":"[SYS] CHATTER NODE LoRa-Chatter-72E0"},{"seq_first":8,"seq_last":8,"session":"s1","stream":"telemetry","text":""},{"seq_first":8,"seq_last":9,"session":"s1","stream":"telemetry","text":"OUTPUT MODE source=2 state=CHAT"},{"seq_first":10,"seq_last":10,"session":"s1","stream":"chat","text":"[SYS] OUTPUT CHAT"},{"seq_first":8,"seq_last":8,"session":"s2","stream":"telemetry","text":""},{"seq_first":8,"seq_last":9,"session":"s2","stream":"telemetry","text":"OUTPUT MODE source=2 state=CHAT"},{"seq_first":10,"seq_last":10,"session":"s2","stream":"chat","text":"[SYS] OUTPUT CHAT"}],"timed_out":false}}
2026-09-18T02:31:10.351+03:00 [RX telemetry] {"data_b64":"ClNFU1NJT04gdD02NjBzIFRYIG8=","description":"ble:LoRa-Chatter-1B44 44:1B:F6:8D:B7:A9","device_key":"ble-address:44:1b:f6:8d:b7:a9","kind":"rx","seq":11,"session":"s1","stream":"telemetry","text":"\nSESSION t=660s TX o","timestamp":1789687870.3512857}
2026-09-18T02:31:10.351+03:00 [RX telemetry] {"data_b64":"az0wIHVzZXI9MCBlY2hvX3JlcT0=","description":"ble:LoRa-Chatter-1B44 44:1B:F6:8D:B7:A9","device_key":"ble-address:44:1b:f6:8d:b7:a9","kind":"rx","seq":12,"session":"s1","stream":"telemetry","text":"k=0 user=0 echo_req=","timestamp":1789687870.3513746}
2026-09-18T02:31:10.351+03:00 [RX telemetry] {"data_b64":"MCBlY2hvX3JlcD0wIGhiPTAoaWQ=","description":"ble:LoRa-Chatter-1B44 44:1B:F6:8D:B7:A9","device_key":"ble-address:44:1b:f6:8d:b7:a9","kind":"rx","seq":13,"session":"s1","stream":"telemetry","text":"0 echo_rep=0 hb=0(id","timestamp":1789687870.3514054}
2026-09-18T02:31:10.351+03:00 [RX telemetry] {"data_b64":"bGU9MCkgZXJyPTAgc3RhcnRlZD0=","description":"ble:LoRa-Chatter-1B44 44:1B:F6:8D:B7:A9","device_key":"ble-address:44:1b:f6:8d:b7:a9","kind":"rx","seq":14,"session":"s1","stream":"telemetry","text":"le=0) err=0 started=","timestamp":1789687870.3517542}
2026-09-18T02:31:10.352+03:00 [RX telemetry] {"data_b64":"MCBSWCBvaz0wIHVzZXI9MCBlY2g=","description":"ble:LoRa-Chatter-1B44 44:1B:F6:8D:B7:A9","device_key":"ble-address:44:1b:f6:8d:b7:a9","kind":"rx","seq":15,"session":"s1","stream":"telemetry","text":"0 RX ok=0 user=0 ech","timestamp":1789687870.3526282}
2026-09-18T02:31:10.352+03:00 [RX telemetry] {"data_b64":"b19yZXE9MCBlY2hvX3JlcD0wIGg=","description":"ble:LoRa-Chatter-1B44 44:1B:F6:8D:B7:A9","device_key":"ble-address:44:1b:f6:8d:b7:a9","kind":"rx","seq":16,"session":"s1","stream":"telemetry","text":"o_req=0 echo_rep=0 h","timestamp":1789687870.3528771}
2026-09-18T02:31:10.353+03:00 [RX telemetry] {"data_b64":"Yj0wIGNyYz0wIGhkcj0wIGJhZD0=","description":"ble:LoRa-Chatter-1B44 44:1B:F6:8D:B7:A9","device_key":"ble-address:44:1b:f6:8d:b7:a9","kind":"rx","seq":17,"session":"s1","stream":"telemetry","text":"b=0 crc=0 hdr=0 bad=","timestamp":1789687870.3531148}
2026-09-18T02:31:10.354+03:00 [RX telemetry] {"data_b64":"MCByZWFkZXJyPTAgcmVwb3J0cz0=","description":"ble:LoRa-Chatter-1B44 44:1B:F6:8D:B7:A9","device_key":"ble-address:44:1b:f6:8d:b7:a9","kind":"rx","seq":18,"session":"s1","stream":"telemetry","text":"0 readerr=0 reports=","timestamp":1789687870.354591}
2026-09-18T02:31:10.395+03:00 [RX telemetry] {"data_b64":"MCBRPTAlIGRyb3BzPTAgZmF0YWw=","description":"ble:LoRa-Chatter-1B44 44:1B:F6:8D:B7:A9","device_key":"ble-address:44:1b:f6:8d:b7:a9","kind":"rx","seq":19,"session":"s1","stream":"telemetry","text":"0 Q=0% drops=0 fatal","timestamp":1789687870.3949656}
2026-09-18T02:31:10.395+03:00 [RX telemetry] {"data_b64":"PTAK","description":"ble:LoRa-Chatter-1B44 44:1B:F6:8D:B7:A9","device_key":"ble-address:44:1b:f6:8d:b7:a9","kind":"rx","seq":20,"session":"s1","stream":"telemetry","text":"=0\n","timestamp":1789687870.3950074}
2026-09-18T02:31:10.395+03:00 [RX telemetry] {"data_b64":"U0VTU0lPTiBDT1VSVEVTWSB3aW4=","description":"ble:LoRa-Chatter-1B44 44:1B:F6:8D:B7:A9","device_key":"ble-address:44:1b:f6:8d:b7:a9","kind":"rx","seq":21,"session":"s1","stream":"telemetry","text":"SESSION COURTESY win","timestamp":1789687870.3954134}
2026-09-18T02:31:10.397+03:00 [RX telemetry] {"data_b64":"ZG93PTkxMjNtcyBwZWVyX3JlbGU=","description":"ble:LoRa-Chatter-1B44 44:1B:F6:8D:B7:A9","device_key":"ble-address:44:1b:f6:8d:b7:a9","kind":"rx","seq":22,"session":"s1","stream":"telemetry","text":"dow=9123ms peer_rele","timestamp":1789687870.397673}
2026-09-18T02:31:10.398+03:00 [RX telemetry] {"data_b64":"YXNlPTAgZXhwaXJlZD0wIHlpZWw=","description":"ble:LoRa-Chatter-1B44 44:1B:F6:8D:B7:A9","device_key":"ble-address:44:1b:f6:8d:b7:a9","kind":"rx","seq":23,"session":"s1","stream":"telemetry","text":"ase=0 expired=0 yiel","timestamp":1789687870.3980687}
2026-09-18T02:31:10.398+03:00 [RX telemetry] {"data_b64":"ZGluZz0wCg==","description":"ble:LoRa-Chatter-1B44 44:1B:F6:8D:B7:A9","device_key":"ble-address:44:1b:f6:8d:b7:a9","kind":"rx","seq":24,"session":"s1","stream":"telemetry","text":"ding=0\n","timestamp":1789687870.398097}
2026-09-18T02:31:10.398+03:00 [RX telemetry] {"data_b64":"U0VTU0lPTiBESU8wX1RYIGFmZmU=","description":"ble:LoRa-Chatter-1B44 44:1B:F6:8D:B7:A9","device_key":"ble-address:44:1b:f6:8d:b7:a9","kind":"rx","seq":25,"session":"s1","stream":"telemetry","text":"SESSION DIO0_TX affe","timestamp":1789687870.3984938}
2026-09-18T02:31:10.398+03:00 [RX telemetry] {"data_b64":"Y3RlZD0wLzAgZXBpc29kZXM9MCA=","description":"ble:LoRa-Chatter-1B44 44:1B:F6:8D:B7:A9","device_key":"ble-address:44:1b:f6:8d:b7:a9","kind":"rx","seq":26,"session":"s1","stream":"telemetry","text":"cted=0/0 episodes=0 ","timestamp":1789687870.3985357}
2026-09-18T02:31:10.399+03:00 [RX telemetry] {"data_b64":"YXZnX2FsbD0wLjAwIGF2Z19hZmY=","description":"ble:LoRa-Chatter-1B44 44:1B:F6:8D:B7:A9","device_key":"ble-address:44:1b:f6:8d:b7:a9","kind":"rx","seq":27,"session":"s1","stream":"telemetry","text":"avg_all=0.00 avg_aff","timestamp":1789687870.3996959}
2026-09-18T02:31:10.400+03:00 [RX telemetry] {"data_b64":"ZWN0ZWQ9MC4wMCBoaWdoX3BvbGw=","description":"ble:LoRa-Chatter-1B44 44:1B:F6:8D:B7:A9","device_key":"ble-address:44:1b:f6:8d:b7:a9","kind":"rx","seq":28,"session":"s1","stream":"telemetry","text":"ected=0.00 high_poll","timestamp":1789687870.3999043}
2026-09-18T02:31:10.400+03:00 [RX telemetry] {"data_b64":"cz0wCg==","description":"ble:LoRa-Chatter-1B44 44:1B:F6:8D:B7:A9","device_key":"ble-address:44:1b:f6:8d:b7:a9","kind":"rx","seq":29,"session":"s1","stream":"telemetry","text":"s=0\n","timestamp":1789687870.4000547}
2026-09-18T02:31:10.402+03:00 [RX telemetry] {"data_b64":"U0VTU0lPTiBSWF9QT0xMIHBvbGw=","description":"ble:LoRa-Chatter-1B44 44:1B:F6:8D:B7:A9","device_key":"ble-address:44:1b:f6:8d:b7:a9","kind":"rx","seq":30,"session":"s1","stream":"telemetry","text":"SESSION RX_POLL poll","timestamp":1789687870.4026256}
2026-09-18T02:31:10.403+03:00 [RX telemetry] {"data_b64":"cz02NTcwNTEgcnhkb25lPTAgaW4=","description":"ble:LoRa-Chatter-1B44 44:1B:F6:8D:B7:A9","device_key":"ble-address:44:1b:f6:8d:b7:a9","kind":"rx","seq":31,"session":"s1","stream":"telemetry","text":"s=657051 rxdone=0 in","timestamp":1789687870.402897}
2026-09-18T02:31:10.403+03:00 [RX telemetry] {"data_b64":"dGVydmFsPTEwMDB1cyBESU8wX1I=","description":"ble:LoRa-Chatter-1B44 44:1B:F6:8D:B7:A9","device_key":"ble-address:44:1b:f6:8d:b7:a9","kind":"rx","seq":32,"session":"s1","stream":"telemetry","text":"terval=1000us DIO0_R","timestamp":1789687870.4032304}
2026-09-18T02:31:10.403+03:00 [RX telemetry] {"data_b64":"WCBmYWxzZV9oaWdoX2VwPTAgaGk=","description":"ble:LoRa-Chatter-1B44 44:1B:F6:8D:B7:A9","device_key":"ble-address:44:1b:f6:8d:b7:a9","kind":"rx","seq":33,"session":"s1","stream":"telemetry","text":"X false_high_ep=0 hi","timestamp":1789687870.4032576}
2026-09-18T02:31:10.404+03:00 [RX telemetry] {"data_b64":"Z2hfcG9sbHM9MCByeGRvbmVfbG8=","description":"ble:LoRa-Chatter-1B44 44:1B:F6:8D:B7:A9","device_key":"ble-address:44:1b:f6:8d:b7:a9","kind":"rx","seq":34,"session":"s1","stream":"telemetry","text":"gh_polls=0 rxdone_lo","timestamp":1789687870.4045792}
2026-09-18T02:31:10.404+03:00 [RX telemetry] {"data_b64":"dz0wIGlzcj1kaXNhYmxlZAo=","description":"ble:LoRa-Chatter-1B44 44:1B:F6:8D:B7:A9","device_key":"ble-address:44:1b:f6:8d:b7:a9","kind":"rx","seq":35,"session":"s1","stream":"telemetry","text":"w=0 isr=disabled\n","timestamp":1789687870.4048305}
2026-09-18T02:31:16.819+03:00 [AGENT REQUEST] {"id":11,"op":"send_line","session":"s1","text":"/help"}
2026-09-18T02:31:16.820+03:00 [TX] {"data_b64":"L2hlbHAK","device_key":"ble-address:44:1b:f6:8d:b7:a9","kind":"tx","seq":36,"session":"s1","text":"/help","timestamp":1789687876.8200047,"tx_id":2,"tx_state":"queued"}
2026-09-18T02:31:16.820+03:00 [AGENT RESPONSE] {"id":11,"ok":true,"result":{"state":"queued","tx_id":2}}
2026-09-18T02:31:16.820+03:00 [AGENT REQUEST] {"id":12,"op":"send_line","session":"s2","text":"/help"}
2026-09-18T02:31:16.821+03:00 [TX] {"data_b64":"L2hlbHAK","device_key":"ble-address:e0:72:a1:d5:4c:15","kind":"tx","seq":11,"session":"s2","text":"/help","timestamp":1789687876.8206975,"tx_id":2,"tx_state":"queued"}
2026-09-18T02:31:16.821+03:00 [AGENT RESPONSE] {"id":12,"ok":true,"result":{"state":"queued","tx_id":2}}
2026-09-18T02:31:16.821+03:00 [TX] {"data_b64":"L2hlbHAK","description":"ble:LoRa-Chatter-1B44 44:1B:F6:8D:B7:A9","device_key":"ble-address:44:1b:f6:8d:b7:a9","kind":"tx","seq":37,"session":"s1","text":"/help","timestamp":1789687876.8213053,"tx_id":2,"tx_state":"written"}
2026-09-18T02:31:16.821+03:00 [TX] {"data_b64":"L2hlbHAK","description":"ble:LoRa-Chatter-72E0 E0:72:A1:D5:4C:15","device_key":"ble-address:e0:72:a1:d5:4c:15","kind":"tx","seq":12,"session":"s2","text":"/help","timestamp":1789687876.821362,"tx_id":2,"tx_state":"written"}
2026-09-18T02:31:16.876+03:00 [RX chat] {"data_b64":"CltTWVNdIENIQVRURVIgSEVMUAo=","description":"ble:LoRa-Chatter-1B44 44:1B:F6:8D:B7:A9","device_key":"ble-address:44:1b:f6:8d:b7:a9","kind":"rx","seq":38,"session":"s1","stream":"chat","text":"\n[SYS] CHATTER HELP\n","timestamp":1789687876.8761036}
2026-09-18T02:31:16.876+03:00 [RX chat] {"data_b64":"W1NZU10gQ0hBVFRFUiBOT0RFIEw=","description":"ble:LoRa-Chatter-1B44 44:1B:F6:8D:B7:A9","device_key":"ble-address:44:1b:f6:8d:b7:a9","kind":"rx","seq":39,"session":"s1","stream":"chat","text":"[SYS] CHATTER NODE L","timestamp":1789687876.8766503}
2026-09-18T02:31:16.877+03:00 [RX chat] {"data_b64":"b1JhLUNoYXR0ZXItMUI0NAo=","description":"ble:LoRa-Chatter-1B44 44:1B:F6:8D:B7:A9","device_key":"ble-address:44:1b:f6:8d:b7:a9","kind":"rx","seq":40,"session":"s1","stream":"chat","text":"oRa-Chatter-1B44\n","timestamp":1789687876.8766818}
2026-09-18T02:31:16.880+03:00 [RX chat] {"data_b64":"CltTWVNdIENIQVRURVIgSEVMUAo=","description":"ble:LoRa-Chatter-72E0 E0:72:A1:D5:4C:15","device_key":"ble-address:e0:72:a1:d5:4c:15","kind":"rx","seq":13,"session":"s2","stream":"chat","text":"\n[SYS] CHATTER HELP\n","timestamp":1789687876.8798227}
2026-09-18T02:31:16.880+03:00 [RX chat] {"data_b64":"W1NZU10gQ0hBVFRFUiBOT0RFIEw=","description":"ble:LoRa-Chatter-72E0 E0:72:A1:D5:4C:15","device_key":"ble-address:e0:72:a1:d5:4c:15","kind":"rx","seq":14,"session":"s2","stream":"chat","text":"[SYS] CHATTER NODE L","timestamp":1789687876.8802996}
2026-09-18T02:31:16.881+03:00 [RX chat] {"data_b64":"b1JhLUNoYXR0ZXItNzJFMAo=","description":"ble:LoRa-Chatter-72E0 E0:72:A1:D5:4C:15","device_key":"ble-address:e0:72:a1:d5:4c:15","kind":"rx","seq":15,"session":"s2","stream":"chat","text":"oRa-Chatter-72E0\n","timestamp":1789687876.8816826}
2026-09-18T02:31:16.882+03:00 [RX chat] {"data_b64":"W1NZU10gQ0hBVCBPVVRQVVQ6Cg==","description":"ble:LoRa-Chatter-72E0 E0:72:A1:D5:4C:15","device_key":"ble-address:e0:72:a1:d5:4c:15","kind":"rx","seq":16,"session":"s2","stream":"chat","text":"[SYS] CHAT OUTPUT:\n","timestamp":1789687876.8819044}
2026-09-18T02:31:16.882+03:00 [RX chat] {"data_b64":"W1NZU10gICA+IHRleHQgICAgICA=","description":"ble:LoRa-Chatter-72E0 E0:72:A1:D5:4C:15","device_key":"ble-address:e0:72:a1:d5:4c:15","kind":"rx","seq":17,"session":"s2","stream":"chat","text":"[SYS]   > text      ","timestamp":1789687876.8822086}
2026-09-18T02:31:16.882+03:00 [RX chat] {"data_b64":"ICAgICAgICAgICAgICAgICBsb2M=","description":"ble:LoRa-Chatter-72E0 E0:72:A1:D5:4C:15","device_key":"ble-address:e0:72:a1:d5:4c:15","kind":"rx","seq":18,"session":"s2","stream":"chat","text":"                 loc","timestamp":1789687876.8822417}
2026-09-18T02:31:16.883+03:00 [RX chat] {"data_b64":"YWwgVVNFUiBUWCBjb25maXJtZWQ=","description":"ble:LoRa-Chatter-72E0 E0:72:A1:D5:4C:15","device_key":"ble-address:e0:72:a1:d5:4c:15","kind":"rx","seq":19,"session":"s2","stream":"chat","text":"al USER TX confirmed","timestamp":1789687876.8836756}
2026-09-18T02:31:16.884+03:00 [RX chat] {"data_b64":"Cg==","description":"ble:LoRa-Chatter-72E0 E0:72:A1:D5:4C:15","device_key":"ble-address:e0:72:a1:d5:4c:15","kind":"rx","seq":20,"session":"s2","stream":"chat","text":"\n","timestamp":1789687876.8838956}
2026-09-18T02:31:16.884+03:00 [RX chat] {"data_b64":"W1NZU10gICA8IFtSU1NJL1NOUiA=","description":"ble:LoRa-Chatter-72E0 E0:72:A1:D5:4C:15","device_key":"ble-address:e0:72:a1:d5:4c:15","kind":"rx","seq":21,"session":"s2","stream":"chat","text":"[SYS]   < [RSSI/SNR ","timestamp":1789687876.8841722}
2026-09-18T02:31:16.885+03:00 [RX chat] {"data_b64":"USVdIHRleHQgICAgICAgICBVU0U=","description":"ble:LoRa-Chatter-72E0 E0:72:A1:D5:4C:15","device_key":"ble-address:e0:72:a1:d5:4c:15","kind":"rx","seq":22,"session":"s2","stream":"chat","text":"Q%] text         USE","timestamp":1789687876.8856804}
2026-09-18T02:31:16.886+03:00 [RX chat] {"data_b64":"UiByZWNlaXZlZCBmcm9tIHBlZXI=","description":"ble:LoRa-Chatter-72E0 E0:72:A1:D5:4C:15","device_key":"ble-address:e0:72:a1:d5:4c:15","kind":"rx","seq":23,"session":"s2","stream":"chat","text":"R received from peer","timestamp":1789687876.8860157}
2026-09-18T02:31:16.886+03:00 [RX chat] {"data_b64":"Cg==","description":"ble:LoRa-Chatter-72E0 E0:72:A1:D5:4C:15","device_key":"ble-address:e0:72:a1:d5:4c:15","kind":"rx","seq":24,"session":"s2","stream":"chat","text":"\n","timestamp":1789687876.8862166}
2026-09-18T02:31:16.887+03:00 [RX chat] {"data_b64":"W1NZU10gICA+IFtFQ0hPIFRYXSA=","description":"ble:LoRa-Chatter-72E0 E0:72:A1:D5:4C:15","device_key":"ble-address:e0:72:a1:d5:4c:15","kind":"rx","seq":25,"session":"s2","stream":"chat","text":"[SYS]   > [ECHO TX] ","timestamp":1789687876.8875258}
2026-09-18T02:31:16.887+03:00 [RX chat] {"data_b64":"dGV4dCAgICAgICAgICAgICBsb2M=","description":"ble:LoRa-Chatter-72E0 E0:72:A1:D5:4C:15","device_key":"ble-address:e0:72:a1:d5:4c:15","kind":"rx","seq":26,"session":"s2","stream":"chat","text":"text             loc","timestamp":1789687876.8877392}
2026-09-18T02:31:16.888+03:00 [RX chat] {"data_b64":"YWwgZWNobyBUWCBjb25maXJtZWQ=","description":"ble:LoRa-Chatter-72E0 E0:72:A1:D5:4C:15","device_key":"ble-address:e0:72:a1:d5:4c:15","kind":"rx","seq":27,"session":"s2","stream":"chat","text":"al echo TX confirmed","timestamp":1789687876.8879457}
2026-09-18T02:31:16.890+03:00 [RX chat] {"data_b64":"Cg==","description":"ble:LoRa-Chatter-72E0 E0:72:A1:D5:4C:15","device_key":"ble-address:e0:72:a1:d5:4c:15","kind":"rx","seq":28,"session":"s2","stream":"chat","text":"\n","timestamp":1789687876.8904908}
2026-09-18T02:31:16.890+03:00 [RX chat] {"data_b64":"W1NZU10gICA8IFtFQ0hPIFJTU0k=","description":"ble:LoRa-Chatter-72E0 E0:72:A1:D5:4C:15","device_key":"ble-address:e0:72:a1:d5:4c:15","kind":"rx","seq":29,"session":"s2","stream":"chat","text":"[SYS]   < [ECHO RSSI","timestamp":1789687876.8906603}
2026-09-18T02:31:16.890+03:00 [RX chat] {"data_b64":"L1NOUiBRJV0gdGV4dCAgICBtYXQ=","description":"ble:LoRa-Chatter-72E0 E0:72:A1:D5:4C:15","device_key":"ble-address:e0:72:a1:d5:4c:15","kind":"rx","seq":30,"session":"s2","stream":"chat","text":"/SNR Q%] text    mat","timestamp":1789687876.8906844}
2026-09-18T02:31:16.891+03:00 [RX chat] {"data_b64":"Y2hpbmcgZWNobyByZXBseSByZWM=","description":"ble:LoRa-Chatter-72E0 E0:72:A1:D5:4C:15","device_key":"ble-address:e0:72:a1:d5:4c:15","kind":"rx","seq":31,"session":"s2","stream":"chat","text":"ching echo reply rec","timestamp":1789687876.8916895}
2026-09-18T02:31:16.892+03:00 [RX chat] {"data_b64":"ZWl2ZWQK","description":"ble:LoRa-Chatter-72E0 E0:72:A1:D5:4C:15","device_key":"ble-address:e0:72:a1:d5:4c:15","kind":"rx","seq":32,"session":"s2","stream":"chat","text":"eived\n","timestamp":1789687876.8919315}
2026-09-18T02:31:16.921+03:00 [RX chat] {"data_b64":"W1NZU10gQ0hBVCBPVVRQVVQ6Cg==","description":"ble:LoRa-Chatter-1B44 44:1B:F6:8D:B7:A9","device_key":"ble-address:44:1b:f6:8d:b7:a9","kind":"rx","seq":41,"session":"s1","stream":"chat","text":"[SYS] CHAT OUTPUT:\n","timestamp":1789687876.9211648}
2026-09-18T02:31:16.924+03:00 [RX chat] {"data_b64":"W1NZU10gICBbRUNIT10gTk8gUkU=","description":"ble:LoRa-Chatter-72E0 E0:72:A1:D5:4C:15","device_key":"ble-address:e0:72:a1:d5:4c:15","kind":"rx","seq":33,"session":"s2","stream":"chat","text":"[SYS]   [ECHO] NO RE","timestamp":1789687876.9247696}
2026-09-18T02:31:16.925+03:00 [RX chat] {"data_b64":"U1BPTlNFICAgICAgICAgICBtYXQ=","description":"ble:LoRa-Chatter-72E0 E0:72:A1:D5:4C:15","device_key":"ble-address:e0:72:a1:d5:4c:15","kind":"rx","seq":34,"session":"s2","stream":"chat","text":"SPONSE           mat","timestamp":1789687876.925064}
2026-09-18T02:31:16.928+03:00 [RX chat] {"data_b64":"Y2hpbmcgZWNobyByZXBseSB0aW0=","description":"ble:LoRa-Chatter-72E0 E0:72:A1:D5:4C:15","device_key":"ble-address:e0:72:a1:d5:4c:15","kind":"rx","seq":35,"session":"s2","stream":"chat","text":"ching echo reply tim","timestamp":1789687876.9280362}
2026-09-18T02:31:16.929+03:00 [RX chat] {"data_b64":"ZWQgb3V0Cg==","description":"ble:LoRa-Chatter-72E0 E0:72:A1:D5:4C:15","device_key":"ble-address:e0:72:a1:d5:4c:15","kind":"rx","seq":36,"session":"s2","stream":"chat","text":"ed out\n","timestamp":1789687876.9287722}
2026-09-18T02:31:16.930+03:00 [RX chat] {"data_b64":"W1NZU10gICBkZWxpdmVyeSByZXQ=","description":"ble:LoRa-Chatter-72E0 E0:72:A1:D5:4C:15","device_key":"ble-address:e0:72:a1:d5:4c:15","kind":"rx","seq":37,"session":"s2","stream":"chat","text":"[SYS]   delivery ret","timestamp":1789687876.9291942}
2026-09-18T02:31:16.930+03:00 [RX chat] {"data_b64":"cnkgZGV0YWlscyAgICAgICBURUw=","description":"ble:LoRa-Chatter-72E0 E0:72:A1:D5:4C:15","device_key":"ble-address:e0:72:a1:d5:4c:15","kind":"rx","seq":38,"session":"s2","stream":"chat","text":"ry details       TEL","timestamp":1789687876.9292471}
2026-09-18T02:31:16.930+03:00 [RX chat] {"data_b64":"RU1FVFJZIG9ubHkK","description":"ble:LoRa-Chatter-72E0 E0:72:A1:D5:4C:15","device_key":"ble-address:e0:72:a1:d5:4c:15","kind":"rx","seq":39,"session":"s2","stream":"chat","text":"EMETRY only\n","timestamp":1789687876.9292805}
2026-09-18T02:31:16.930+03:00 [RX chat] {"data_b64":"W1NZU10gICBSU1NJPWRCbSwgU04=","description":"ble:LoRa-Chatter-72E0 E0:72:A1:D5:4C:15","device_key":"ble-address:e0:72:a1:d5:4c:15","kind":"rx","seq":40,"session":"s2","stream":"chat","text":"[SYS]   RSSI=dBm, SN","timestamp":1789687876.9299319}
2026-09-18T02:31:16.930+03:00 [RX chat] {"data_b64":"Uj1kQiwgUT1yb2xsaW5nIHJlY2U=","description":"ble:LoRa-Chatter-72E0 E0:72:A1:D5:4C:15","device_key":"ble-address:e0:72:a1:d5:4c:15","kind":"rx","seq":41,"session":"s2","stream":"chat","text":"R=dB, Q=rolling rece","timestamp":1789687876.9299738}
2026-09-18T02:31:16.931+03:00 [RX chat] {"data_b64":"aXZlIHF1YWxpdHkgJQo=","description":"ble:LoRa-Chatter-72E0 E0:72:A1:D5:4C:15","device_key":"ble-address:e0:72:a1:d5:4c:15","kind":"rx","seq":42,"session":"s2","stream":"chat","text":"ive quality %\n","timestamp":1789687876.9315856}
2026-09-18T02:31:16.932+03:00 [RX chat] {"data_b64":"W1NZU10gSFVNQU4gQ09OU09MRSA=","description":"ble:LoRa-Chatter-72E0 E0:72:A1:D5:4C:15","device_key":"ble-address:e0:72:a1:d5:4c:15","kind":"rx","seq":43,"session":"s2","stream":"chat","text":"[SYS] HUMAN CONSOLE ","timestamp":1789687876.9318795}
2026-09-18T02:31:16.932+03:00 [RX chat] {"data_b64":"TU9ERVM6Cg==","description":"ble:LoRa-Chatter-72E0 E0:72:A1:D5:4C:15","device_key":"ble-address:e0:72:a1:d5:4c:15","kind":"rx","seq":44,"session":"s2","stream":"chat","text":"MODES:\n","timestamp":1789687876.9319048}
2026-09-18T02:31:16.932+03:00 [RX chat] {"data_b64":"W1NZU10gICBDSEFUICAgICAgIGM=","description":"ble:LoRa-Chatter-72E0 E0:72:A1:D5:4C:15","device_key":"ble-address:e0:72:a1:d5:4c:15","kind":"rx","seq":45,"session":"s2","stream":"chat","text":"[SYS]   CHAT       c","timestamp":1789687876.932084}
2026-09-18T02:31:16.933+03:00 [RX chat] {"data_b64":"aGF0ICsgU1lTVEVNCg==","description":"ble:LoRa-Chatter-72E0 E0:72:A1:D5:4C:15","device_key":"ble-address:e0:72:a1:d5:4c:15","kind":"rx","seq":46,"session":"s2","stream":"chat","text":"hat + SYSTEM\n","timestamp":1789687876.9336145}
2026-09-18T02:31:16.933+03:00 [RX chat] {"data_b64":"W1NZU10gICBURUxFTUVUUlkgIHQ=","description":"ble:LoRa-Chatter-72E0 E0:72:A1:D5:4C:15","device_key":"ble-address:e0:72:a1:d5:4c:15","kind":"rx","seq":47,"session":"s2","stream":"chat","text":"[SYS]   TELEMETRY  t","timestamp":1789687876.9337611}
2026-09-18T02:31:16.934+03:00 [RX chat] {"data_b64":"ZWxlbWV0cnkgKyBTWVNURU0K","description":"ble:LoRa-Chatter-72E0 E0:72:A1:D5:4C:15","device_key":"ble-address:e0:72:a1:d5:4c:15","kind":"rx","seq":48,"session":"s2","stream":"chat","text":"elemetry + SYSTEM\n","timestamp":1789687876.934089}
2026-09-18T02:31:16.967+03:00 [RX chat] {"data_b64":"W1NZU10gICA+IHRleHQgICAgICA=","description":"ble:LoRa-Chatter-1B44 44:1B:F6:8D:B7:A9","device_key":"ble-address:44:1b:f6:8d:b7:a9","kind":"rx","seq":42,"session":"s1","stream":"chat","text":"[SYS]   > text      ","timestamp":1789687876.967084}
2026-09-18T02:31:16.967+03:00 [RX chat] {"data_b64":"ICAgICAgICAgICAgICAgICBsb2M=","description":"ble:LoRa-Chatter-1B44 44:1B:F6:8D:B7:A9","device_key":"ble-address:44:1b:f6:8d:b7:a9","kind":"rx","seq":43,"session":"s1","stream":"chat","text":"                 loc","timestamp":1789687876.9677305}
2026-09-18T02:31:16.968+03:00 [RX chat] {"data_b64":"YWwgVVNFUiBUWCBjb25maXJtZWQ=","description":"ble:LoRa-Chatter-1B44 44:1B:F6:8D:B7:A9","device_key":"ble-address:44:1b:f6:8d:b7:a9","kind":"rx","seq":44,"session":"s1","stream":"chat","text":"al USER TX confirmed","timestamp":1789687876.9680018}
2026-09-18T02:31:16.971+03:00 [RX chat] {"data_b64":"W1NZU10gICBCT1RIICAgICAgIGM=","description":"ble:LoRa-Chatter-72E0 E0:72:A1:D5:4C:15","device_key":"ble-address:e0:72:a1:d5:4c:15","kind":"rx","seq":49,"session":"s2","stream":"chat","text":"[SYS]   BOTH       c","timestamp":1789687876.9709427}
2026-09-18T02:31:16.971+03:00 [RX chat] {"data_b64":"aGF0ICsgdGVsZW1ldHJ5ICsgU1k=","description":"ble:LoRa-Chatter-72E0 E0:72:A1:D5:4C:15","device_key":"ble-address:e0:72:a1:d5:4c:15","kind":"rx","seq":50,"session":"s2","stream":"chat","text":"hat + telemetry + SY","timestamp":1789687876.971463}
2026-09-18T02:31:16.972+03:00 [RX chat] {"data_b64":"U1RFTQo=","description":"ble:LoRa-Chatter-72E0 E0:72:A1:D5:4C:15","device_key":"ble-address:e0:72:a1:d5:4c:15","kind":"rx","seq":51,"session":"s2","stream":"chat","text":"STEM\n","timestamp":1789687876.9719927}
2026-09-18T02:31:16.972+03:00 [RX chat] {"data_b64":"W1NZU10gICBCTEUgMDAwNCBtYWM=","description":"ble:LoRa-Chatter-72E0 E0:72:A1:D5:4C:15","device_key":"ble-address:e0:72:a1:d5:4c:15","kind":"rx","seq":52,"session":"s2","stream":"chat","text":"[SYS]   BLE 0004 mac","timestamp":1789687876.9721107}
2026-09-18T02:31:16.972+03:00 [RX chat] {"data_b64":"aGluZSB0ZWxlbWV0cnkgaXMgaW4=","description":"ble:LoRa-Chatter-72E0 E0:72:A1:D5:4C:15","device_key":"ble-address:e0:72:a1:d5:4c:15","kind":"rx","seq":53,"session":"s2","stream":"chat","text":"hine telemetry is in","timestamp":1789687876.9725583}
2026-09-18T02:31:16.972+03:00 [RX chat] {"data_b64":"ZGVwZW5kZW50IHdoZW4gc3Vic2M=","description":"ble:LoRa-Chatter-72E0 E0:72:A1:D5:4C:15","device_key":"ble-address:e0:72:a1:d5:4c:15","kind":"rx","seq":54,"session":"s2","stream":"chat","text":"dependent when subsc","timestamp":1789687876.97273}
2026-09-18T02:31:16.973+03:00 [RX chat] {"data_b64":"cmliZWQK","description":"ble:LoRa-Chatter-72E0 E0:72:A1:D5:4C:15","device_key":"ble-address:e0:72:a1:d5:4c:15","kind":"rx","seq":55,"session":"s2","stream":"chat","text":"ribed\n","timestamp":1789687876.9729457}
2026-09-18T02:31:16.974+03:00 [RX chat] {"data_b64":"W1NZU10gICBjdXJyZW50PUNIQVQ=","description":"ble:LoRa-Chatter-72E0 E0:72:A1:D5:4C:15","device_key":"ble-address:e0:72:a1:d5:4c:15","kind":"rx","seq":56,"session":"s2","stream":"chat","text":"[SYS]   current=CHAT","timestamp":1789687876.9745677}
2026-09-18T02:31:16.974+03:00 [RX chat] {"data_b64":"IGVjaG89T0ZGCg==","description":"ble:LoRa-Chatter-72E0 E0:72:A1:D5:4C:15","device_key":"ble-address:e0:72:a1:d5:4c:15","kind":"rx","seq":57,"session":"s2","stream":"chat","text":" echo=OFF\n","timestamp":1789687876.9747453}
2026-09-18T02:31:16.975+03:00 [RX chat] {"data_b64":"W1NZU10gQ09NTUFORFM6Cg==","description":"ble:LoRa-Chatter-72E0 E0:72:A1:D5:4C:15","device_key":"ble-address:e0:72:a1:d5:4c:15","kind":"rx","seq":58,"session":"s2","stream":"chat","text":"[SYS] COMMANDS:\n","timestamp":1789687876.9749854}
2026-09-18T02:31:16.977+03:00 [RX chat] {"data_b64":"W1NZU10gICAvaGVscCAgICAgICA=","description":"ble:LoRa-Chatter-72E0 E0:72:A1:D5:4C:15","device_key":"ble-address:e0:72:a1:d5:4c:15","kind":"rx","seq":59,"session":"s2","stream":"chat","text":"[SYS]   /help       ","timestamp":1789687876.9766965}
2026-09-18T02:31:16.977+03:00 [RX chat] {"data_b64":"c2hvdyB0aGlzIGhlbHAK","description":"ble:LoRa-Chatter-72E0 E0:72:A1:D5:4C:15","device_key":"ble-address:e0:72:a1:d5:4c:15","kind":"rx","seq":60,"session":"s2","stream":"chat","text":"show this help\n","timestamp":1789687876.976951}
2026-09-18T02:31:16.977+03:00 [RX chat] {"data_b64":"W1NZU10gICAvaWQgICAgICAgICA=","description":"ble:LoRa-Chatter-72E0 E0:72:A1:D5:4C:15","device_key":"ble-address:e0:72:a1:d5:4c:15","kind":"rx","seq":61,"session":"s2","stream":"chat","text":"[SYS]   /id         ","timestamp":1789687876.977071}
2026-09-18T02:31:16.980+03:00 [RX chat] {"data_b64":"c2hvdyBub2RlIGlkZW50aXR5Cg==","description":"ble:LoRa-Chatter-72E0 E0:72:A1:D5:4C:15","device_key":"ble-address:e0:72:a1:d5:4c:15","kind":"rx","seq":62,"session":"s2","stream":"chat","text":"show node identity\n","timestamp":1789687876.980115}
2026-09-18T02:31:16.981+03:00 [RX chat] {"data_b64":"W1NZU10gICAvY2hhdCAgICAgICA=","description":"ble:LoRa-Chatter-72E0 E0:72:A1:D5:4C:15","device_key":"ble-address:e0:72:a1:d5:4c:15","kind":"rx","seq":63,"session":"s2","stream":"chat","text":"[SYS]   /chat       ","timestamp":1789687876.9806647}
2026-09-18T02:31:16.981+03:00 [RX chat] {"data_b64":"aHVtYW4gY29uc29sZSBDSEFUCg==","description":"ble:LoRa-Chatter-72E0 E0:72:A1:D5:4C:15","device_key":"ble-address:e0:72:a1:d5:4c:15","kind":"rx","seq":64,"session":"s2","stream":"chat","text":"human console CHAT\n","timestamp":1789687876.9806914}
2026-09-18T02:31:17.011+03:00 [RX chat] {"data_b64":"Cg==","description":"ble:LoRa-Chatter-1B44 44:1B:F6:8D:B7:A9","device_key":"ble-address:44:1b:f6:8d:b7:a9","kind":"rx","seq":45,"session":"s1","stream":"chat","text":"\n","timestamp":1789687877.0115166}
2026-09-18T02:31:17.018+03:00 [RX chat] {"data_b64":"W1NZU10gICAvdGVsZSAgICAgICA=","description":"ble:LoRa-Chatter-72E0 E0:72:A1:D5:4C:15","device_key":"ble-address:e0:72:a1:d5:4c:15","kind":"rx","seq":65,"session":"s2","stream":"chat","text":"[SYS]   /tele       ","timestamp":1789687877.0180058}
2026-09-18T02:31:17.019+03:00 [RX chat] {"data_b64":"aHVtYW4gY29uc29sZSBURUxFTUU=","description":"ble:LoRa-Chatter-72E0 E0:72:A1:D5:4C:15","device_key":"ble-address:e0:72:a1:d5:4c:15","kind":"rx","seq":66,"session":"s2","stream":"chat","text":"human console TELEME","timestamp":1789687877.0191472}
2026-09-18T02:31:17.019+03:00 [RX chat] {"data_b64":"VFJZCg==","description":"ble:LoRa-Chatter-72E0 E0:72:A1:D5:4C:15","device_key":"ble-address:e0:72:a1:d5:4c:15","kind":"rx","seq":67,"session":"s2","stream":"chat","text":"TRY\n","timestamp":1789687877.0192149}
2026-09-18T02:31:17.019+03:00 [RX chat] {"data_b64":"W1NZU10gICAvYm90aCAgICAgICA=","description":"ble:LoRa-Chatter-72E0 E0:72:A1:D5:4C:15","device_key":"ble-address:e0:72:a1:d5:4c:15","kind":"rx","seq":68,"session":"s2","stream":"chat","text":"[SYS]   /both       ","timestamp":1789687877.019663}
2026-09-18T02:31:17.020+03:00 [RX chat] {"data_b64":"aHVtYW4gY29uc29sZSBCT1RICg==","description":"ble:LoRa-Chatter-72E0 E0:72:A1:D5:4C:15","device_key":"ble-address:e0:72:a1:d5:4c:15","kind":"rx","seq":69,"session":"s2","stream":"chat","text":"human console BOTH\n","timestamp":1789687877.0202115}
2026-09-18T02:31:17.020+03:00 [RX chat] {"data_b64":"W1NZU10gICAvZWNobyAgICAgICA=","description":"ble:LoRa-Chatter-72E0 E0:72:A1:D5:4C:15","device_key":"ble-address:e0:72:a1:d5:4c:15","kind":"rx","seq":70,"session":"s2","stream":"chat","text":"[SYS]   /echo       ","timestamp":1789687877.0203505}
2026-09-18T02:31:17.021+03:00 [RX chat] {"data_b64":"dG9nZ2xlIGVjaG8gbW9kZQo=","description":"ble:LoRa-Chatter-72E0 E0:72:A1:D5:4C:15","device_key":"ble-address:e0:72:a1:d5:4c:15","kind":"rx","seq":71,"session":"s2","stream":"chat","text":"toggle echo mode\n","timestamp":1789687877.0205343}
2026-09-18T02:31:17.021+03:00 [RX chat] {"data_b64":"W1NZU10gICAvY2FuY2VsICAgICA=","description":"ble:LoRa-Chatter-72E0 E0:72:A1:D5:4C:15","device_key":"ble-address:e0:72:a1:d5:4c:15","kind":"rx","seq":72,"session":"s2","stream":"chat","text":"[SYS]   /cancel     ","timestamp":1789687877.0208254}
2026-09-18T02:31:17.021+03:00 [RX chat] {"data_b64":"c3RvcCBjdXJyZW50IFVTRVIgZGU=","description":"ble:LoRa-Chatter-72E0 E0:72:A1:D5:4C:15","device_key":"ble-address:e0:72:a1:d5:4c:15","kind":"rx","seq":73,"session":"s2","stream":"chat","text":"stop current USER de","timestamp":1789687877.0208457}
2026-09-18T02:31:17.021+03:00 [RX chat] {"data_b64":"bGl2ZXJ5L3JldHJpZXMK","description":"ble:LoRa-Chatter-72E0 E0:72:A1:D5:4C:15","device_key":"ble-address:e0:72:a1:d5:4c:15","kind":"rx","seq":74,"session":"s2","stream":"chat","text":"livery/retries\n","timestamp":1789687877.0210886}
2026-09-18T02:31:17.022+03:00 [RX chat] {"data_b64":"W1NZU10gICAvY2FuY2VsIGFsbCA=","description":"ble:LoRa-Chatter-72E0 E0:72:A1:D5:4C:15","device_key":"ble-address:e0:72:a1:d5:4c:15","kind":"rx","seq":75,"session":"s2","stream":"chat","text":"[SYS]   /cancel all ","timestamp":1789687877.0225732}
2026-09-18T02:31:17.022+03:00 [RX chat] {"data_b64":"c3RvcCBjdXJyZW50IFVTRVIgYW4=","description":"ble:LoRa-Chatter-72E0 E0:72:A1:D5:4C:15","device_key":"ble-address:e0:72:a1:d5:4c:15","kind":"rx","seq":76,"session":"s2","stream":"chat","text":"stop current USER an","timestamp":1789687877.0227993}
2026-09-18T02:31:17.023+03:00 [RX chat] {"data_b64":"ZCBkaXNjYXJkIHF1ZXVlZCBVU0U=","description":"ble:LoRa-Chatter-72E0 E0:72:A1:D5:4C:15","device_key":"ble-address:e0:72:a1:d5:4c:15","kind":"rx","seq":77,"session":"s2","stream":"chat","text":"d discard queued USE","timestamp":1789687877.0230193}
2026-09-18T02:31:17.023+03:00 [RX chat] {"data_b64":"UnMK","description":"ble:LoRa-Chatter-72E0 E0:72:A1:D5:4C:15","device_key":"ble-address:e0:72:a1:d5:4c:15","kind":"rx","seq":78,"session":"s2","stream":"chat","text":"Rs\n","timestamp":1789687877.0231917}
2026-09-18T02:31:17.023+03:00 [RX chat] {"data_b64":"W1NZU10gICAvcmVib290ICAgICA=","description":"ble:LoRa-Chatter-72E0 E0:72:A1:D5:4C:15","device_key":"ble-address:e0:72:a1:d5:4c:15","kind":"rx","seq":79,"session":"s2","stream":"chat","text":"[SYS]   /reboot     ","timestamp":1789687877.0233154}
2026-09-18T02:31:17.024+03:00 [RX chat] {"data_b64":"cmVib290IEVTUDMyIGNvbnRyb2w=","description":"ble:LoRa-Chatter-72E0 E0:72:A1:D5:4C:15","device_key":"ble-address:e0:72:a1:d5:4c:15","kind":"rx","seq":80,"session":"s2","stream":"chat","text":"reboot ESP32 control","timestamp":1789687877.0245836}
2026-09-18T02:31:17.055+03:00 [RX chat] {"data_b64":"W1NZU10gICA8IFtSU1NJL1NOUiA=","description":"ble:LoRa-Chatter-1B44 44:1B:F6:8D:B7:A9","device_key":"ble-address:44:1b:f6:8d:b7:a9","kind":"rx","seq":46,"session":"s1","stream":"chat","text":"[SYS]   < [RSSI/SNR ","timestamp":1789687877.0551312}
2026-09-18T02:31:17.055+03:00 [RX chat] {"data_b64":"USVdIHRleHQgICAgICAgICBVU0U=","description":"ble:LoRa-Chatter-1B44 44:1B:F6:8D:B7:A9","device_key":"ble-address:44:1b:f6:8d:b7:a9","kind":"rx","seq":47,"session":"s1","stream":"chat","text":"Q%] text         USE","timestamp":1789687877.0551958}
2026-09-18T02:31:17.057+03:00 [RX chat] {"data_b64":"UiByZWNlaXZlZCBmcm9tIHBlZXI=","description":"ble:LoRa-Chatter-1B44 44:1B:F6:8D:B7:A9","device_key":"ble-address:44:1b:f6:8d:b7:a9","kind":"rx","seq":48,"session":"s1","stream":"chat","text":"R received from peer","timestamp":1789687877.0577147}
2026-09-18T02:31:17.059+03:00 [RX chat] {"data_b64":"bGVyCg==","description":"ble:LoRa-Chatter-72E0 E0:72:A1:D5:4C:15","device_key":"ble-address:e0:72:a1:d5:4c:15","kind":"rx","seq":81,"session":"s2","stream":"chat","text":"ler\n","timestamp":1789687877.059663}
2026-09-18T02:31:17.060+03:00 [RX chat] {"data_b64":"W1NZU10gUkFXIENPTlRST0xTICg=","description":"ble:LoRa-Chatter-72E0 E0:72:A1:D5:4C:15","device_key":"ble-address:e0:72:a1:d5:4c:15","kind":"rx","seq":82,"session":"s2","stream":"chat","text":"[SYS] RAW CONTROLS (","timestamp":1789687877.0599763}
2026-09-18T02:31:17.060+03:00 [RX chat] {"data_b64":"SEVYKToK","description":"ble:LoRa-Chatter-72E0 E0:72:A1:D5:4C:15","device_key":"ble-address:e0:72:a1:d5:4c:15","kind":"rx","seq":83,"session":"s2","stream":"chat","text":"HEX):\n","timestamp":1789687877.060009}
2026-09-18T02:31:17.061+03:00 [RX chat] {"data_b64":"W1NZU10gICAxNCAzMT1DSEFUICA=","description":"ble:LoRa-Chatter-72E0 E0:72:A1:D5:4C:15","device_key":"ble-address:e0:72:a1:d5:4c:15","kind":"rx","seq":84,"session":"s2","stream":"chat","text":"[SYS]   14 31=CHAT  ","timestamp":1789687877.061551}
2026-09-18T02:31:17.061+03:00 [RX chat] {"data_b64":"MTQgMzI9VEVMRU1FVFJZICAxNCA=","description":"ble:LoRa-Chatter-72E0 E0:72:A1:D5:4C:15","device_key":"ble-address:e0:72:a1:d5:4c:15","kind":"rx","seq":85,"session":"s2","stream":"chat","text":"14 32=TELEMETRY  14 ","timestamp":1789687877.0617828}
2026-09-18T02:31:17.061+03:00 [RX chat] {"data_b64":"MzM9Qk9USCAgMTQgNjU9RUNITyA=","description":"ble:LoRa-Chatter-72E0 E0:72:A1:D5:4C:15","device_key":"ble-address:e0:72:a1:d5:4c:15","kind":"rx","seq":86,"session":"s2","stream":"chat","text":"33=BOTH  14 65=ECHO ","timestamp":1789687877.0618038}
2026-09-18T02:31:17.063+03:00 [RX chat] {"data_b64":"dG9nZ2xlCg==","description":"ble:LoRa-Chatter-72E0 E0:72:A1:D5:4C:15","device_key":"ble-address:e0:72:a1:d5:4c:15","kind":"rx","seq":87,"session":"s2","stream":"chat","text":"toggle\n","timestamp":1789687877.0635507}
2026-09-18T02:31:17.064+03:00 [RX chat] {"data_b64":"W1NZU10gQU5EUk9JRCBCTEUgVEU=","description":"ble:LoRa-Chatter-72E0 E0:72:A1:D5:4C:15","device_key":"ble-address:e0:72:a1:d5:4c:15","kind":"rx","seq":88,"session":"s2","stream":"chat","text":"[SYS] ANDROID BLE TE","timestamp":1789687877.06377}
2026-09-18T02:31:17.064+03:00 [RX chat] {"data_b64":"Uk1JTkFMIE1BQ1JPUzoK","description":"ble:LoRa-Chatter-72E0 E0:72:A1:D5:4C:15","device_key":"ble-address:e0:72:a1:d5:4c:15","kind":"rx","seq":89,"session":"s2","stream":"chat","text":"RMINAL MACROS:\n","timestamp":1789687877.063946}
2026-09-18T02:31:17.066+03:00 [RX chat] {"data_b64":"W1NZU10gICBIRVggbWFjcm8sIG4=","description":"ble:LoRa-Chatter-72E0 E0:72:A1:D5:4C:15","device_key":"ble-address:e0:72:a1:d5:4c:15","kind":"rx","seq":90,"session":"s2","stream":"chat","text":"[SYS]   HEX macro, n","timestamp":1789687877.066511}
2026-09-18T02:31:17.066+03:00 [RX chat] {"data_b64":"byBFT0w6IDE0IDMxIC8gMTQgMzI=","description":"ble:LoRa-Chatter-72E0 E0:72:A1:D5:4C:15","device_key":"ble-address:e0:72:a1:d5:4c:15","kind":"rx","seq":91,"session":"s2","stream":"chat","text":"o EOL: 14 31 / 14 32","timestamp":1789687877.0667584}
2026-09-18T02:31:17.067+03:00 [RX chat] {"data_b64":"IC8gMTQgMzMgLyAxNCA2NQo=","description":"ble:LoRa-Chatter-72E0 E0:72:A1:D5:4C:15","device_key":"ble-address:e0:72:a1:d5:4c:15","kind":"rx","seq":92,"session":"s2","stream":"chat","text":" / 14 33 / 14 65\n","timestamp":1789687877.0669768}
2026-09-18T02:31:17.067+03:00 [RX chat] {"data_b64":"W1NZU10gICBvciBURVhUIG1hY3I=","description":"ble:LoRa-Chatter-72E0 E0:72:A1:D5:4C:15","device_key":"ble-address:e0:72:a1:d5:4c:15","kind":"rx","seq":93,"session":"s2","stream":"chat","text":"[SYS]   or TEXT macr","timestamp":1789687877.0671387}
2026-09-18T02:31:17.068+03:00 [RX chat] {"data_b64":"byArIExGOiAvaGVscCAvaWQgL2M=","description":"ble:LoRa-Chatter-72E0 E0:72:A1:D5:4C:15","device_key":"ble-address:e0:72:a1:d5:4c:15","kind":"rx","seq":94,"session":"s2","stream":"chat","text":"o + LF: /help /id /c","timestamp":1789687877.0685225}
2026-09-18T02:31:17.068+03:00 [RX chat] {"data_b64":"aGF0IC90ZWxlIC9ib3RoIC9lY2g=","description":"ble:LoRa-Chatter-72E0 E0:72:A1:D5:4C:15","device_key":"ble-address:e0:72:a1:d5:4c:15","kind":"rx","seq":95,"session":"s2","stream":"chat","text":"hat /tele /both /ech","timestamp":1789687877.0687678}
2026-09-18T02:31:17.068+03:00 [RX chat] {"data_b64":"byAvY2FuY2VsIC9jYW5jZWwgYWw=","description":"ble:LoRa-Chatter-72E0 E0:72:A1:D5:4C:15","device_key":"ble-address:e0:72:a1:d5:4c:15","kind":"rx","seq":96,"session":"s2","stream":"chat","text":"o /cancel /cancel al","timestamp":1789687877.0689375}
2026-09-18T02:31:17.106+03:00 [RX chat] {"data_b64":"Cg==","description":"ble:LoRa-Chatter-1B44 44:1B:F6:8D:B7:A9","device_key":"ble-address:44:1b:f6:8d:b7:a9","kind":"rx","seq":49,"session":"s1","stream":"chat","text":"\n","timestamp":1789687877.101725}
2026-09-18T02:31:17.108+03:00 [RX chat] {"data_b64":"bCAvcmVib290Cg==","description":"ble:LoRa-Chatter-72E0 E0:72:A1:D5:4C:15","device_key":"ble-address:e0:72:a1:d5:4c:15","kind":"rx","seq":97,"session":"s2","stream":"chat","text":"l /reboot\n","timestamp":1789687877.1071563}
2026-09-18T02:31:17.109+03:00 [RX chat] {"data_b64":"W1NZU10gICA+IFtFQ0hPIFRYXSA=","description":"ble:LoRa-Chatter-1B44 44:1B:F6:8D:B7:A9","device_key":"ble-address:44:1b:f6:8d:b7:a9","kind":"rx","seq":50,"session":"s1","stream":"chat","text":"[SYS]   > [ECHO TX] ","timestamp":1789687877.106437}
2026-09-18T02:31:17.110+03:00 [RX chat] {"data_b64":"W1NZU10gICBOb3JkaWMgVUFSVCA=","description":"ble:LoRa-Chatter-72E0 E0:72:A1:D5:4C:15","device_key":"ble-address:e0:72:a1:d5:4c:15","kind":"rx","seq":98,"session":"s2","stream":"chat","text":"[SYS]   Nordic UART ","timestamp":1789687877.1084197}
2026-09-18T02:31:17.110+03:00 [RX chat] {"data_b64":"dGV4dCAgICAgICAgICAgICBsb2M=","description":"ble:LoRa-Chatter-1B44 44:1B:F6:8D:B7:A9","device_key":"ble-address:44:1b:f6:8d:b7:a9","kind":"rx","seq":51,"session":"s1","stream":"chat","text":"text             loc","timestamp":1789687877.1065385}
2026-09-18T02:31:17.110+03:00 [RX chat] {"data_b64":"aHVtYW4gY29uc29sZT0wMDAzOyA=","description":"ble:LoRa-Chatter-72E0 E0:72:A1:D5:4C:15","device_key":"ble-address:e0:72:a1:d5:4c:15","kind":"rx","seq":99,"session":"s2","stream":"chat","text":"human console=0003; ","timestamp":1789687877.108494}
2026-09-18T02:31:17.111+03:00 [RX chat] {"data_b64":"YWwgZWNobyBUWCBjb25maXJtZWQ=","description":"ble:LoRa-Chatter-1B44 44:1B:F6:8D:B7:A9","device_key":"ble-address:44:1b:f6:8d:b7:a9","kind":"rx","seq":52,"session":"s1","stream":"chat","text":"al echo TX confirmed","timestamp":1789687877.1078732}
2026-09-18T02:31:17.111+03:00 [RX chat] {"data_b64":"bWFjaGluZSB0ZWxlbWV0cnk9MDA=","description":"ble:LoRa-Chatter-72E0 E0:72:A1:D5:4C:15","device_key":"ble-address:e0:72:a1:d5:4c:15","kind":"rx","seq":100,"session":"s2","stream":"chat","text":"machine telemetry=00","timestamp":1789687877.1085513}
2026-09-18T02:31:17.111+03:00 [RX chat] {"data_b64":"MDQgb3B0aW9uYWwK","description":"ble:LoRa-Chatter-72E0 E0:72:A1:D5:4C:15","device_key":"ble-address:e0:72:a1:d5:4c:15","kind":"rx","seq":101,"session":"s2","stream":"chat","text":"04 optional\n","timestamp":1789687877.1086152}
2026-09-18T02:31:17.111+03:00 [RX chat] {"data_b64":"W1NZU10gQkxFIENMSUVOVDogbWE=","description":"ble:LoRa-Chatter-72E0 E0:72:A1:D5:4C:15","device_key":"ble-address:e0:72:a1:d5:4c:15","kind":"rx","seq":102,"session":"s2","stream":"chat","text":"[SYS] BLE CLIENT: ma","timestamp":1789687877.11019}
2026-09-18T02:31:17.111+03:00 [RX chat] {"data_b64":"Y2hpbmUgdGVsZW1ldHJ5IDAwMDQ=","description":"ble:LoRa-Chatter-72E0 E0:72:A1:D5:4C:15","device_key":"ble-address:e0:72:a1:d5:4c:15","kind":"rx","seq":103,"session":"s2","stream":"chat","text":"chine telemetry 0004","timestamp":1789687877.110277}
2026-09-18T02:31:17.111+03:00 [RX chat] {"data_b64":"IHN1YnNjcmliZWQgaW4gYmFja2c=","description":"ble:LoRa-Chatter-72E0 E0:72:A1:D5:4C:15","device_key":"ble-address:e0:72:a1:d5:4c:15","kind":"rx","seq":104,"session":"s2","stream":"chat","text":" subscribed in backg","timestamp":1789687877.110323}
2026-09-18T02:31:17.111+03:00 [RX chat] {"data_b64":"cm91bmQK","description":"ble:LoRa-Chatter-72E0 E0:72:A1:D5:4C:15","device_key":"ble-address:e0:72:a1:d5:4c:15","kind":"rx","seq":105,"session":"s2","stream":"chat","text":"round\n","timestamp":1789687877.1103554}
2026-09-18T02:31:17.148+03:00 [RX chat] {"data_b64":"Cg==","description":"ble:LoRa-Chatter-1B44 44:1B:F6:8D:B7:A9","device_key":"ble-address:44:1b:f6:8d:b7:a9","kind":"rx","seq":53,"session":"s1","stream":"chat","text":"\n","timestamp":1789687877.1469412}
2026-09-18T02:31:17.148+03:00 [RX chat] {"data_b64":"W1NZU10gICA8IFtFQ0hPIFJTU0k=","description":"ble:LoRa-Chatter-1B44 44:1B:F6:8D:B7:A9","device_key":"ble-address:44:1b:f6:8d:b7:a9","kind":"rx","seq":54,"session":"s1","stream":"chat","text":"[SYS]   < [ECHO RSSI","timestamp":1789687877.1478066}
2026-09-18T02:31:17.148+03:00 [RX chat] {"data_b64":"L1NOUiBRJV0gdGV4dCAgICBtYXQ=","description":"ble:LoRa-Chatter-1B44 44:1B:F6:8D:B7:A9","device_key":"ble-address:44:1b:f6:8d:b7:a9","kind":"rx","seq":55,"session":"s1","stream":"chat","text":"/SNR Q%] text    mat","timestamp":1789687877.1482654}
2026-09-18T02:31:17.148+03:00 [RX chat] {"data_b64":"Y2hpbmcgZWNobyByZXBseSByZWM=","description":"ble:LoRa-Chatter-1B44 44:1B:F6:8D:B7:A9","device_key":"ble-address:44:1b:f6:8d:b7:a9","kind":"rx","seq":56,"session":"s1","stream":"chat","text":"ching echo reply rec","timestamp":1789687877.148836}
2026-09-18T02:31:17.191+03:00 [RX chat] {"data_b64":"ZWl2ZWQK","description":"ble:LoRa-Chatter-1B44 44:1B:F6:8D:B7:A9","device_key":"ble-address:44:1b:f6:8d:b7:a9","kind":"rx","seq":57,"session":"s1","stream":"chat","text":"eived\n","timestamp":1789687877.1906068}
2026-09-18T02:31:17.191+03:00 [RX chat] {"data_b64":"W1NZU10gICBbRUNIT10gTk8gUkU=","description":"ble:LoRa-Chatter-1B44 44:1B:F6:8D:B7:A9","device_key":"ble-address:44:1b:f6:8d:b7:a9","kind":"rx","seq":58,"session":"s1","stream":"chat","text":"[SYS]   [ECHO] NO RE","timestamp":1789687877.1912012}
2026-09-18T02:31:17.192+03:00 [RX chat] {"data_b64":"U1BPTlNFICAgICAgICAgICBtYXQ=","description":"ble:LoRa-Chatter-1B44 44:1B:F6:8D:B7:A9","device_key":"ble-address:44:1b:f6:8d:b7:a9","kind":"rx","seq":59,"session":"s1","stream":"chat","text":"SPONSE           mat","timestamp":1789687877.1920063}
2026-09-18T02:31:17.192+03:00 [RX chat] {"data_b64":"Y2hpbmcgZWNobyByZXBseSB0aW0=","description":"ble:LoRa-Chatter-1B44 44:1B:F6:8D:B7:A9","device_key":"ble-address:44:1b:f6:8d:b7:a9","kind":"rx","seq":60,"session":"s1","stream":"chat","text":"ching echo reply tim","timestamp":1789687877.1924422}
2026-09-18T02:31:17.236+03:00 [RX chat] {"data_b64":"ZWQgb3V0Cg==","description":"ble:LoRa-Chatter-1B44 44:1B:F6:8D:B7:A9","device_key":"ble-address:44:1b:f6:8d:b7:a9","kind":"rx","seq":61,"session":"s1","stream":"chat","text":"ed out\n","timestamp":1789687877.2358177}
2026-09-18T02:31:17.237+03:00 [RX chat] {"data_b64":"W1NZU10gICBkZWxpdmVyeSByZXQ=","description":"ble:LoRa-Chatter-1B44 44:1B:F6:8D:B7:A9","device_key":"ble-address:44:1b:f6:8d:b7:a9","kind":"rx","seq":62,"session":"s1","stream":"chat","text":"[SYS]   delivery ret","timestamp":1789687877.2364638}
2026-09-18T02:31:17.238+03:00 [RX chat] {"data_b64":"cnkgZGV0YWlscyAgICAgICBURUw=","description":"ble:LoRa-Chatter-1B44 44:1B:F6:8D:B7:A9","device_key":"ble-address:44:1b:f6:8d:b7:a9","kind":"rx","seq":63,"session":"s1","stream":"chat","text":"ry details       TEL","timestamp":1789687877.238198}
2026-09-18T02:31:17.281+03:00 [RX chat] {"data_b64":"RU1FVFJZIG9ubHkK","description":"ble:LoRa-Chatter-1B44 44:1B:F6:8D:B7:A9","device_key":"ble-address:44:1b:f6:8d:b7:a9","kind":"rx","seq":64,"session":"s1","stream":"chat","text":"EMETRY only\n","timestamp":1789687877.2807975}
2026-09-18T02:31:17.281+03:00 [RX chat] {"data_b64":"W1NZU10gICBSU1NJPWRCbSwgU04=","description":"ble:LoRa-Chatter-1B44 44:1B:F6:8D:B7:A9","device_key":"ble-address:44:1b:f6:8d:b7:a9","kind":"rx","seq":65,"session":"s1","stream":"chat","text":"[SYS]   RSSI=dBm, SN","timestamp":1789687877.2815788}
2026-09-18T02:31:17.283+03:00 [RX chat] {"data_b64":"Uj1kQiwgUT1yb2xsaW5nIHJlY2U=","description":"ble:LoRa-Chatter-1B44 44:1B:F6:8D:B7:A9","device_key":"ble-address:44:1b:f6:8d:b7:a9","kind":"rx","seq":66,"session":"s1","stream":"chat","text":"R=dB, Q=rolling rece","timestamp":1789687877.2832108}
2026-09-18T02:31:17.326+03:00 [RX chat] {"data_b64":"aXZlIHF1YWxpdHkgJQo=","description":"ble:LoRa-Chatter-1B44 44:1B:F6:8D:B7:A9","device_key":"ble-address:44:1b:f6:8d:b7:a9","kind":"rx","seq":67,"session":"s1","stream":"chat","text":"ive quality %\n","timestamp":1789687877.3259873}
2026-09-18T02:31:17.327+03:00 [RX chat] {"data_b64":"W1NZU10gSFVNQU4gQ09OU09MRSA=","description":"ble:LoRa-Chatter-1B44 44:1B:F6:8D:B7:A9","device_key":"ble-address:44:1b:f6:8d:b7:a9","kind":"rx","seq":68,"session":"s1","stream":"chat","text":"[SYS] HUMAN CONSOLE ","timestamp":1789687877.326453}
2026-09-18T02:31:17.327+03:00 [RX chat] {"data_b64":"TU9ERVM6Cg==","description":"ble:LoRa-Chatter-1B44 44:1B:F6:8D:B7:A9","device_key":"ble-address:44:1b:f6:8d:b7:a9","kind":"rx","seq":69,"session":"s1","stream":"chat","text":"MODES:\n","timestamp":1789687877.326494}
2026-09-18T02:31:17.327+03:00 [RX chat] {"data_b64":"W1NZU10gICBDSEFUICAgICAgIGM=","description":"ble:LoRa-Chatter-1B44 44:1B:F6:8D:B7:A9","device_key":"ble-address:44:1b:f6:8d:b7:a9","kind":"rx","seq":70,"session":"s1","stream":"chat","text":"[SYS]   CHAT       c","timestamp":1789687877.3270745}
2026-09-18T02:31:17.372+03:00 [RX chat] {"data_b64":"aGF0ICsgU1lTVEVNCg==","description":"ble:LoRa-Chatter-1B44 44:1B:F6:8D:B7:A9","device_key":"ble-address:44:1b:f6:8d:b7:a9","kind":"rx","seq":71,"session":"s1","stream":"chat","text":"hat + SYSTEM\n","timestamp":1789687877.3715758}
2026-09-18T02:31:17.372+03:00 [RX chat] {"data_b64":"W1NZU10gICBURUxFTUVUUlkgIHQ=","description":"ble:LoRa-Chatter-1B44 44:1B:F6:8D:B7:A9","device_key":"ble-address:44:1b:f6:8d:b7:a9","kind":"rx","seq":72,"session":"s1","stream":"chat","text":"[SYS]   TELEMETRY  t","timestamp":1789687877.3725176}
2026-09-18T02:31:17.373+03:00 [RX chat] {"data_b64":"ZWxlbWV0cnkgKyBTWVNURU0K","description":"ble:LoRa-Chatter-1B44 44:1B:F6:8D:B7:A9","device_key":"ble-address:44:1b:f6:8d:b7:a9","kind":"rx","seq":73,"session":"s1","stream":"chat","text":"elemetry + SYSTEM\n","timestamp":1789687877.3730335}
2026-09-18T02:31:17.416+03:00 [RX chat] {"data_b64":"c2hvdyBub2RlIGlkZW50aXR5Cg==","description":"ble:LoRa-Chatter-1B44 44:1B:F6:8D:B7:A9","device_key":"ble-address:44:1b:f6:8d:b7:a9","kind":"rx","seq":74,"session":"s1","stream":"chat","text":"show node identity\n","timestamp":1789687877.415795}
2026-09-18T02:31:17.417+03:00 [RX chat] {"data_b64":"W1NZU10gICAvY2hhdCAgICAgICA=","description":"ble:LoRa-Chatter-1B44 44:1B:F6:8D:B7:A9","device_key":"ble-address:44:1b:f6:8d:b7:a9","kind":"rx","seq":75,"session":"s1","stream":"chat","text":"[SYS]   /chat       ","timestamp":1789687877.41702}
2026-09-18T02:31:17.418+03:00 [RX chat] {"data_b64":"aHVtYW4gY29uc29sZSBDSEFUCg==","description":"ble:LoRa-Chatter-1B44 44:1B:F6:8D:B7:A9","device_key":"ble-address:44:1b:f6:8d:b7:a9","kind":"rx","seq":76,"session":"s1","stream":"chat","text":"human console CHAT\n","timestamp":1789687877.417823}
2026-09-18T02:31:17.461+03:00 [RX chat] {"data_b64":"W1NZU10gICAvdGVsZSAgICAgICA=","description":"ble:LoRa-Chatter-1B44 44:1B:F6:8D:B7:A9","device_key":"ble-address:44:1b:f6:8d:b7:a9","kind":"rx","seq":77,"session":"s1","stream":"chat","text":"[SYS]   /tele       ","timestamp":1789687877.460988}
2026-09-18T02:31:17.463+03:00 [RX chat] {"data_b64":"aHVtYW4gY29uc29sZSBURUxFTUU=","description":"ble:LoRa-Chatter-1B44 44:1B:F6:8D:B7:A9","device_key":"ble-address:44:1b:f6:8d:b7:a9","kind":"rx","seq":78,"session":"s1","stream":"chat","text":"human console TELEME","timestamp":1789687877.4623444}
2026-09-18T02:31:17.463+03:00 [RX chat] {"data_b64":"VFJZCg==","description":"ble:LoRa-Chatter-1B44 44:1B:F6:8D:B7:A9","device_key":"ble-address:44:1b:f6:8d:b7:a9","kind":"rx","seq":79,"session":"s1","stream":"chat","text":"TRY\n","timestamp":1789687877.4624996}
2026-09-18T02:31:17.464+03:00 [RX chat] {"data_b64":"W1NZU10gICAvYm90aCAgICAgICA=","description":"ble:LoRa-Chatter-1B44 44:1B:F6:8D:B7:A9","device_key":"ble-address:44:1b:f6:8d:b7:a9","kind":"rx","seq":80,"session":"s1","stream":"chat","text":"[SYS]   /both       ","timestamp":1789687877.4638443}
2026-09-18T02:31:17.506+03:00 [RX chat] {"data_b64":"aHVtYW4gY29uc29sZSBCT1RICg==","description":"ble:LoRa-Chatter-1B44 44:1B:F6:8D:B7:A9","device_key":"ble-address:44:1b:f6:8d:b7:a9","kind":"rx","seq":81,"session":"s1","stream":"chat","text":"human console BOTH\n","timestamp":1789687877.5057604}
2026-09-18T02:31:17.506+03:00 [RX chat] {"data_b64":"W1NZU10gICAvZWNobyAgICAgICA=","description":"ble:LoRa-Chatter-1B44 44:1B:F6:8D:B7:A9","device_key":"ble-address:44:1b:f6:8d:b7:a9","kind":"rx","seq":82,"session":"s1","stream":"chat","text":"[SYS]   /echo       ","timestamp":1789687877.5067186}
2026-09-18T02:31:17.508+03:00 [RX chat] {"data_b64":"dG9nZ2xlIGVjaG8gbW9kZQo=","description":"ble:LoRa-Chatter-1B44 44:1B:F6:8D:B7:A9","device_key":"ble-address:44:1b:f6:8d:b7:a9","kind":"rx","seq":83,"session":"s1","stream":"chat","text":"toggle echo mode\n","timestamp":1789687877.50829}
2026-09-18T02:31:17.551+03:00 [RX chat] {"data_b64":"W1NZU10gICAvY2FuY2VsICAgICA=","description":"ble:LoRa-Chatter-1B44 44:1B:F6:8D:B7:A9","device_key":"ble-address:44:1b:f6:8d:b7:a9","kind":"rx","seq":84,"session":"s1","stream":"chat","text":"[SYS]   /cancel     ","timestamp":1789687877.5506215}
2026-09-18T02:31:17.552+03:00 [RX chat] {"data_b64":"bGVyCg==","description":"ble:LoRa-Chatter-1B44 44:1B:F6:8D:B7:A9","device_key":"ble-address:44:1b:f6:8d:b7:a9","kind":"rx","seq":85,"session":"s1","stream":"chat","text":"ler\n","timestamp":1789687877.5515122}
2026-09-18T02:31:17.552+03:00 [RX chat] {"data_b64":"W1NZU10gUkFXIENPTlRST0xTICg=","description":"ble:LoRa-Chatter-1B44 44:1B:F6:8D:B7:A9","device_key":"ble-address:44:1b:f6:8d:b7:a9","kind":"rx","seq":86,"session":"s1","stream":"chat","text":"[SYS] RAW CONTROLS (","timestamp":1789687877.5520294}
2026-09-18T02:31:17.553+03:00 [RX chat] {"data_b64":"SEVYKToK","description":"ble:LoRa-Chatter-1B44 44:1B:F6:8D:B7:A9","device_key":"ble-address:44:1b:f6:8d:b7:a9","kind":"rx","seq":87,"session":"s1","stream":"chat","text":"HEX):\n","timestamp":1789687877.5527186}
2026-09-18T02:31:17.597+03:00 [RX chat] {"data_b64":"W1NZU10gICAxNCAzMT1DSEFUICA=","description":"ble:LoRa-Chatter-1B44 44:1B:F6:8D:B7:A9","device_key":"ble-address:44:1b:f6:8d:b7:a9","kind":"rx","seq":88,"session":"s1","stream":"chat","text":"[SYS]   14 31=CHAT  ","timestamp":1789687877.5967956}
2026-09-18T02:31:17.598+03:00 [RX chat] {"data_b64":"MTQgMzI9VEVMRU1FVFJZICAxNCA=","description":"ble:LoRa-Chatter-1B44 44:1B:F6:8D:B7:A9","device_key":"ble-address:44:1b:f6:8d:b7:a9","kind":"rx","seq":89,"session":"s1","stream":"chat","text":"14 32=TELEMETRY  14 ","timestamp":1789687877.597933}
2026-09-18T02:31:17.598+03:00 [RX chat] {"data_b64":"MzM9Qk9USCAgMTQgNjU9RUNITyA=","description":"ble:LoRa-Chatter-1B44 44:1B:F6:8D:B7:A9","device_key":"ble-address:44:1b:f6:8d:b7:a9","kind":"rx","seq":90,"session":"s1","stream":"chat","text":"33=BOTH  14 65=ECHO ","timestamp":1789687877.5980291}
2026-09-18T02:31:17.641+03:00 [RX chat] {"data_b64":"dG9nZ2xlCg==","description":"ble:LoRa-Chatter-1B44 44:1B:F6:8D:B7:A9","device_key":"ble-address:44:1b:f6:8d:b7:a9","kind":"rx","seq":91,"session":"s1","stream":"chat","text":"toggle\n","timestamp":1789687877.6407297}
2026-09-18T02:31:17.641+03:00 [RX chat] {"data_b64":"W1NZU10gQU5EUk9JRCBCTEUgVEU=","description":"ble:LoRa-Chatter-1B44 44:1B:F6:8D:B7:A9","device_key":"ble-address:44:1b:f6:8d:b7:a9","kind":"rx","seq":92,"session":"s1","stream":"chat","text":"[SYS] ANDROID BLE TE","timestamp":1789687877.641721}
2026-09-18T02:31:17.643+03:00 [RX chat] {"data_b64":"Uk1JTkFMIE1BQ1JPUzoK","description":"ble:LoRa-Chatter-1B44 44:1B:F6:8D:B7:A9","device_key":"ble-address:44:1b:f6:8d:b7:a9","kind":"rx","seq":93,"session":"s1","stream":"chat","text":"RMINAL MACROS:\n","timestamp":1789687877.6425357}
2026-09-18T02:31:17.643+03:00 [RX chat] {"data_b64":"W1NZU10gICBIRVggbWFjcm8sIG4=","description":"ble:LoRa-Chatter-1B44 44:1B:F6:8D:B7:A9","device_key":"ble-address:44:1b:f6:8d:b7:a9","kind":"rx","seq":94,"session":"s1","stream":"chat","text":"[SYS]   HEX macro, n","timestamp":1789687877.6436827}
2026-09-18T02:31:17.687+03:00 [RX chat] {"data_b64":"byBFT0w6IDE0IDMxIC8gMTQgMzI=","description":"ble:LoRa-Chatter-1B44 44:1B:F6:8D:B7:A9","device_key":"ble-address:44:1b:f6:8d:b7:a9","kind":"rx","seq":95,"session":"s1","stream":"chat","text":"o EOL: 14 31 / 14 32","timestamp":1789687877.6867092}
2026-09-18T02:31:17.688+03:00 [RX chat] {"data_b64":"Y2hpbmUgdGVsZW1ldHJ5IDAwMDQ=","description":"ble:LoRa-Chatter-1B44 44:1B:F6:8D:B7:A9","device_key":"ble-address:44:1b:f6:8d:b7:a9","kind":"rx","seq":96,"session":"s1","stream":"chat","text":"chine telemetry 0004","timestamp":1789687877.6878219}
2026-09-18T02:31:17.688+03:00 [RX chat] {"data_b64":"IHN1YnNjcmliZWQgaW4gYmFja2c=","description":"ble:LoRa-Chatter-1B44 44:1B:F6:8D:B7:A9","device_key":"ble-address:44:1b:f6:8d:b7:a9","kind":"rx","seq":97,"session":"s1","stream":"chat","text":" subscribed in backg","timestamp":1789687877.6878998}
2026-09-18T02:31:17.730+03:00 [RX chat] {"data_b64":"cm91bmQK","description":"ble:LoRa-Chatter-1B44 44:1B:F6:8D:B7:A9","device_key":"ble-address:44:1b:f6:8d:b7:a9","kind":"rx","seq":98,"session":"s1","stream":"chat","text":"round\n","timestamp":1789687877.7307158}
2026-09-18T02:31:23.100+03:00 [AGENT REQUEST] {"id":13,"op":"observe","cursors":{"s1":10,"s2":10},"timeout_ms":5000}
2026-09-18T02:31:23.103+03:00 [AGENT RESPONSE] {"id":13,"ok":true,"result":{"cursors":{"s1":98,"s2":105},"events":[{"data_b64":"ClNFU1NJT04gdD02NjBzIFRYIG8=","description":"ble:LoRa-Chatter-1B44 44:1B:F6:8D:B7:A9","device_key":"ble-address:44:1b:f6:8d:b7:a9","kind":"rx","seq":11,"session":"s1","stream":"telemetry","text":"\nSESSION t=660s TX o","timestamp":1789687870.3512857},{"data_b64":"az0wIHVzZXI9MCBlY2hvX3JlcT0=","description":"ble:LoRa-Chatter-1B44 44:1B:F6:8D:B7:A9","device_key":"ble-address:44:1b:f6:8d:b7:a9","kind":"rx","seq":12,"session":"s1","stream":"telemetry","text":"k=0 user=0 echo_req=","timestamp":1789687870.3513746},{"data_b64":"MCBlY2hvX3JlcD0wIGhiPTAoaWQ=","description":"ble:LoRa-Chatter-1B44 44:1B:F6:8D:B7:A9","device_key":"ble-address:44:1b:f6:8d:b7:a9","kind":"rx","seq":13,"session":"s1","stream":"telemetry","text":"0 echo_rep=0 hb=0(id","timestamp":1789687870.3514054},{"data_b64":"bGU9MCkgZXJyPTAgc3RhcnRlZD0=","description":"ble:LoRa-Chatter-1B44 44:1B:F6:8D:B7:A9","device_key":"ble-address:44:1b:f6:8d:b7:a9","kind":"rx","seq":14,"session":"s1","stream":"telemetry","text":"le=0) err=0 started=","timestamp":1789687870.3517542},{"data_b64":"MCBSWCBvaz0wIHVzZXI9MCBlY2g=","description":"ble:LoRa-Chatter-1B44 44:1B:F6:8D:B7:A9","device_key":"ble-address:44:1b:f6:8d:b7:a9","kind":"rx","seq":15,"session":"s1","stream":"telemetry","text":"0 RX ok=0 user=0 ech","timestamp":1789687870.3526282},{"data_b64":"b19yZXE9MCBlY2hvX3JlcD0wIGg=","description":"ble:LoRa-Chatter-1B44 44:1B:F6:8D:B7:A9","device_key":"ble-address:44:1b:f6:8d:b7:a9","kind":"rx","seq":16,"session":"s1","stream":"telemetry","text":"o_req=0 echo_rep=0 h","timestamp":1789687870.3528771},{"data_b64":"Yj0wIGNyYz0wIGhkcj0wIGJhZD0=","description":"ble:LoRa-Chatter-1B44 44:1B:F6:8D:B7:A9","device_key":"ble-address:44:1b:f6:8d:b7:a9","kind":"rx","seq":17,"session":"s1","stream":"telemetry","text":"b=0 crc=0 hdr=0 bad=","timestamp":1789687870.3531148},{"data_b64":"MCByZWFkZXJyPTAgcmVwb3J0cz0=","description":"ble:LoRa-Chatter-1B44 44:1B:F6:8D:B7:A9","device_key":"ble-address:44:1b:f6:8d:b7:a9","kind":"rx","seq":18,"session":"s1","stream":"telemetry","text":"0 readerr=0 reports=","timestamp":1789687870.354591},{"data_b64":"MCBRPTAlIGRyb3BzPTAgZmF0YWw=","description":"ble:LoRa-Chatter-1B44 44:1B:F6:8D:B7:A9","device_key":"ble-address:44:1b:f6:8d:b7:a9","kind":"rx","seq":19,"session":"s1","stream":"telemetry","text":"0 Q=0% drops=0 fatal","timestamp":1789687870.3949656},{"data_b64":"PTAK","description":"ble:LoRa-Chatter-1B44 44:1B:F6:8D:B7:A9","device_key":"ble-address:44:1b:f6:8d:b7:a9","kind":"rx","seq":20,"session":"s1","stream":"telemetry","text":"=0\n","timestamp":1789687870.3950074},{"data_b64":"U0VTU0lPTiBDT1VSVEVTWSB3aW4=","description":"ble:LoRa-Chatter-1B44 44:1B:F6:8D:B7:A9","device_key":"ble-address:44:1b:f6:8d:b7:a9","kind":"rx","seq":21,"session":"s1","stream":"telemetry","text":"SESSION COURTESY win","timestamp":1789687870.3954134},{"data_b64":"ZG93PTkxMjNtcyBwZWVyX3JlbGU=","description":"ble:LoRa-Chatter-1B44 44:1B:F6:8D:B7:A9","device_key":"ble-address:44:1b:f6:8d:b7:a9","kind":"rx","seq":22,"session":"s1","stream":"telemetry","text":"dow=9123ms peer_rele","timestamp":1789687870.397673},{"data_b64":"YXNlPTAgZXhwaXJlZD0wIHlpZWw=","description":"ble:LoRa-Chatter-1B44 44:1B:F6:8D:B7:A9","device_key":"ble-address:44:1b:f6:8d:b7:a9","kind":"rx","seq":23,"session":"s1","stream":"telemetry","text":"ase=0 expired=0 yiel","timestamp":1789687870.3980687},{"data_b64":"ZGluZz0wCg==","description":"ble:LoRa-Chatter-1B44 44:1B:F6:8D:B7:A9","device_key":"ble-address:44:1b:f6:8d:b7:a9","kind":"rx","seq":24,"session":"s1","stream":"telemetry","text":"ding=0\n","timestamp":1789687870.398097},{"data_b64":"U0VTU0lPTiBESU8wX1RYIGFmZmU=","description":"ble:LoRa-Chatter-1B44 44:1B:F6:8D:B7:A9","device_key":"ble-address:44:1b:f6:8d:b7:a9","kind":"rx","seq":25,"session":"s1","stream":"telemetry","text":"SESSION DIO0_TX affe","timestamp":1789687870.3984938},{"data_b64":"Y3RlZD0wLzAgZXBpc29kZXM9MCA=","description":"ble:LoRa-Chatter-1B44 44:1B:F6:8D:B7:A9","device_key":"ble-address:44:1b:f6:8d:b7:a9","kind":"rx","seq":26,"session":"s1","stream":"telemetry","text":"cted=0/0 episodes=0 ","timestamp":1789687870.3985357},{"data_b64":"YXZnX2FsbD0wLjAwIGF2Z19hZmY=","description":"ble:LoRa-Chatter-1B44 44:1B:F6:8D:B7:A9","device_key":"ble-address:44:1b:f6:8d:b7:a9","kind":"rx","seq":27,"session":"s1","stream":"telemetry","text":"avg_all=0.00 avg_aff","timestamp":1789687870.3996959},{"data_b64":"ZWN0ZWQ9MC4wMCBoaWdoX3BvbGw=","description":"ble:LoRa-Chatter-1B44 44:1B:F6:8D:B7:A9","device_key":"ble-address:44:1b:f6:8d:b7:a9","kind":"rx","seq":28,"session":"s1","stream":"telemetry","text":"ected=0.00 high_poll","timestamp":1789687870.3999043},{"data_b64":"cz0wCg==","description":"ble:LoRa-Chatter-1B44 44:1B:F6:8D:B7:A9","device_key":"ble-address:44:1b:f6:8d:b7:a9","kind":"rx","seq":29,"session":"s1","stream":"telemetry","text":"s=0\n","timestamp":1789687870.4000547},{"data_b64":"U0VTU0lPTiBSWF9QT0xMIHBvbGw=","description":"ble:LoRa-Chatter-1B44 44:1B:F6:8D:B7:A9","device_key":"ble-address:44:1b:f6:8d:b7:a9","kind":"rx","seq":30,"session":"s1","stream":"telemetry","text":"SESSION RX_POLL poll","timestamp":1789687870.4026256},{"data_b64":"cz02NTcwNTEgcnhkb25lPTAgaW4=","description":"ble:LoRa-Chatter-1B44 44:1B:F6:8D:B7:A9","device_key":"ble-address:44:1b:f6:8d:b7:a9","kind":"rx","seq":31,"session":"s1","stream":"telemetry","text":"s=657051 rxdone=0 in","timestamp":1789687870.402897},{"data_b64":"dGVydmFsPTEwMDB1cyBESU8wX1I=","description":"ble:LoRa-Chatter-1B44 44:1B:F6:8D:B7:A9","device_key":"ble-address:44:1b:f6:8d:b7:a9","kind":"rx","seq":32,"session":"s1","stream":"telemetry","text":"terval=1000us DIO0_R","timestamp":1789687870.4032304},{"data_b64":"WCBmYWxzZV9oaWdoX2VwPTAgaGk=","description":"ble:LoRa-Chatter-1B44 44:1B:F6:8D:B7:A9","device_key":"ble-address:44:1b:f6:8d:b7:a9","kind":"rx","seq":33,"session":"s1","stream":"telemetry","text":"X false_high_ep=0 hi","timestamp":1789687870.4032576},{"data_b64":"Z2hfcG9sbHM9MCByeGRvbmVfbG8=","description":"ble:LoRa-Chatter-1B44 44:1B:F6:8D:B7:A9","device_key":"ble-address:44:1b:f6:8d:b7:a9","kind":"rx","seq":34,"session":"s1","stream":"telemetry","text":"gh_polls=0 rxdone_lo","timestamp":1789687870.4045792},{"data_b64":"dz0wIGlzcj1kaXNhYmxlZAo=","description":"ble:LoRa-Chatter-1B44 44:1B:F6:8D:B7:A9","device_key":"ble-address:44:1b:f6:8d:b7:a9","kind":"rx","seq":35,"session":"s1","stream":"telemetry","text":"w=0 isr=disabled\n","timestamp":1789687870.4048305},{"data_b64":"L2hlbHAK","device_key":"ble-address:44:1b:f6:8d:b7:a9","kind":"tx","seq":36,"session":"s1","text":"/help","timestamp":1789687876.8200047,"tx_id":2,"tx_state":"queued"},{"data_b64":"L2hlbHAK","device_key":"ble-address:e0:72:a1:d5:4c:15","kind":"tx","seq":11,"session":"s2","text":"/help","timestamp":1789687876.8206975,"tx_id":2,"tx_state":"queued"},{"data_b64":"L2hlbHAK","description":"ble:LoRa-Chatter-1B44 44:1B:F6:8D:B7:A9","device_key":"ble-address:44:1b:f6:8d:b7:a9","kind":"tx","seq":37,"session":"s1","text":"/help","timestamp":1789687876.8213053,"tx_id":2,"tx_state":"written"},{"data_b64":"L2hlbHAK","description":"ble:LoRa-Chatter-72E0 E0:72:A1:D5:4C:15","device_key":"ble-address:e0:72:a1:d5:4c:15","kind":"tx","seq":12,"session":"s2","text":"/help","timestamp":1789687876.821362,"tx_id":2,"tx_state":"written"},{"data_b64":"CltTWVNdIENIQVRURVIgSEVMUAo=","description":"ble:LoRa-Chatter-1B44 44:1B:F6:8D:B7:A9","device_key":"ble-address:44:1b:f6:8d:b7:a9","kind":"rx","seq":38,"session":"s1","stream":"chat","text":"\n[SYS] CHATTER HELP\n","timestamp":1789687876.8761036},{"data_b64":"W1NZU10gQ0hBVFRFUiBOT0RFIEw=","description":"ble:LoRa-Chatter-1B44 44:1B:F6:8D:B7:A9","device_key":"ble-address:44:1b:f6:8d:b7:a9","kind":"rx","seq":39,"session":"s1","stream":"chat","text":"[SYS] CHATTER NODE L","timestamp":1789687876.8766503},{"data_b64":"b1JhLUNoYXR0ZXItMUI0NAo=","description":"ble:LoRa-Chatter-1B44 44:1B:F6:8D:B7:A9","device_key":"ble-address:44:1b:f6:8d:b7:a9","kind":"rx","seq":40,"session":"s1","stream":"chat","text":"oRa-Chatter-1B44\n","timestamp":1789687876.8766818},{"data_b64":"CltTWVNdIENIQVRURVIgSEVMUAo=","description":"ble:LoRa-Chatter-72E0 E0:72:A1:D5:4C:15","device_key":"ble-address:e0:72:a1:d5:4c:15","kind":"rx","seq":13,"session":"s2","stream":"chat","text":"\n[SYS] CHATTER HELP\n","timestamp":1789687876.8798227},{"data_b64":"W1NZU10gQ0hBVFRFUiBOT0RFIEw=","description":"ble:LoRa-Chatter-72E0 E0:72:A1:D5:4C:15","device_key":"ble-address:e0:72:a1:d5:4c:15","kind":"rx","seq":14,"session":"s2","stream":"chat","text":"[SYS] CHATTER NODE L","timestamp":1789687876.8802996},{"data_b64":"b1JhLUNoYXR0ZXItNzJFMAo=","description":"ble:LoRa-Chatter-72E0 E0:72:A1:D5:4C:15","device_key":"ble-address:e0:72:a1:d5:4c:15","kind":"rx","seq":15,"session":"s2","stream":"chat","text":"oRa-Chatter-72E0\n","timestamp":1789687876.8816826},{"data_b64":"W1NZU10gQ0hBVCBPVVRQVVQ6Cg==","description":"ble:LoRa-Chatter-72E0 E0:72:A1:D5:4C:15","device_key":"ble-address:e0:72:a1:d5:4c:15","kind":"rx","seq":16,"session":"s2","stream":"chat","text":"[SYS] CHAT OUTPUT:\n","timestamp":1789687876.8819044},{"data_b64":"W1NZU10gICA+IHRleHQgICAgICA=","description":"ble:LoRa-Chatter-72E0 E0:72:A1:D5:4C:15","device_key":"ble-address:e0:72:a1:d5:4c:15","kind":"rx","seq":17,"session":"s2","stream":"chat","text":"[SYS]   > text      ","timestamp":1789687876.8822086},{"data_b64":"ICAgICAgICAgICAgICAgICBsb2M=","description":"ble:LoRa-Chatter-72E0 E0:72:A1:D5:4C:15","device_key":"ble-address:e0:72:a1:d5:4c:15","kind":"rx","seq":18,"session":"s2","stream":"chat","text":"                 loc","timestamp":1789687876.8822417},{"data_b64":"YWwgVVNFUiBUWCBjb25maXJtZWQ=","description":"ble:LoRa-Chatter-72E0 E0:72:A1:D5:4C:15","device_key":"ble-address:e0:72:a1:d5:4c:15","kind":"rx","seq":19,"session":"s2","stream":"chat","text":"al USER TX confirmed","timestamp":1789687876.8836756},{"data_b64":"Cg==","description":"ble:LoRa-Chatter-72E0 E0:72:A1:D5:4C:15","device_key":"ble-address:e0:72:a1:d5:4c:15","kind":"rx","seq":20,"session":"s2","stream":"chat","text":"\n","timestamp":1789687876.8838956},{"data_b64":"W1NZU10gICA8IFtSU1NJL1NOUiA=","description":"ble:LoRa-Chatter-72E0 E0:72:A1:D5:4C:15","device_key":"ble-address:e0:72:a1:d5:4c:15","kind":"rx","seq":21,"session":"s2","stream":"chat","text":"[SYS]   < [RSSI/SNR ","timestamp":1789687876.8841722},{"data_b64":"USVdIHRleHQgICAgICAgICBVU0U=","description":"ble:LoRa-Chatter-72E0 E0:72:A1:D5:4C:15","device_key":"ble-address:e0:72:a1:d5:4c:15","kind":"rx","seq":22,"session":"s2","stream":"chat","text":"Q%] text         USE","timestamp":1789687876.8856804},{"data_b64":"UiByZWNlaXZlZCBmcm9tIHBlZXI=","description":"ble:LoRa-Chatter-72E0 E0:72:A1:D5:4C:15","device_key":"ble-address:e0:72:a1:d5:4c:15","kind":"rx","seq":23,"session":"s2","stream":"chat","text":"R received from peer","timestamp":1789687876.8860157},{"data_b64":"Cg==","description":"ble:LoRa-Chatter-72E0 E0:72:A1:D5:4C:15","device_key":"ble-address:e0:72:a1:d5:4c:15","kind":"rx","seq":24,"session":"s2","stream":"chat","text":"\n","timestamp":1789687876.8862166},{"data_b64":"W1NZU10gICA+IFtFQ0hPIFRYXSA=","description":"ble:LoRa-Chatter-72E0 E0:72:A1:D5:4C:15","device_key":"ble-address:e0:72:a1:d5:4c:15","kind":"rx","seq":25,"session":"s2","stream":"chat","text":"[SYS]   > [ECHO TX] ","timestamp":1789687876.8875258},{"data_b64":"dGV4dCAgICAgICAgICAgICBsb2M=","description":"ble:LoRa-Chatter-72E0 E0:72:A1:D5:4C:15","device_key":"ble-address:e0:72:a1:d5:4c:15","kind":"rx","seq":26,"session":"s2","stream":"chat","text":"text             loc","timestamp":1789687876.8877392},{"data_b64":"YWwgZWNobyBUWCBjb25maXJtZWQ=","description":"ble:LoRa-Chatter-72E0 E0:72:A1:D5:4C:15","device_key":"ble-address:e0:72:a1:d5:4c:15","kind":"rx","seq":27,"session":"s2","stream":"chat","text":"al echo TX confirmed","timestamp":1789687876.8879457},{"data_b64":"Cg==","description":"ble:LoRa-Chatter-72E0 E0:72:A1:D5:4C:15","device_key":"ble-address:e0:72:a1:d5:4c:15","kind":"rx","seq":28,"session":"s2","stream":"chat","text":"\n","timestamp":1789687876.8904908},{"data_b64":"W1NZU10gICA8IFtFQ0hPIFJTU0k=","description":"ble:LoRa-Chatter-72E0 E0:72:A1:D5:4C:15","device_key":"ble-address:e0:72:a1:d5:4c:15","kind":"rx","seq":29,"session":"s2","stream":"chat","text":"[SYS]   < [ECHO RSSI","timestamp":1789687876.8906603},{"data_b64":"L1NOUiBRJV0gdGV4dCAgICBtYXQ=","description":"ble:LoRa-Chatter-72E0 E0:72:A1:D5:4C:15","device_key":"ble-address:e0:72:a1:d5:4c:15","kind":"rx","seq":30,"session":"s2","stream":"chat","text":"/SNR Q%] text    mat","timestamp":1789687876.8906844},{"data_b64":"Y2hpbmcgZWNobyByZXBseSByZWM=","description":"ble:LoRa-Chatter-72E0 E0:72:A1:D5:4C:15","device_key":"ble-address:e0:72:a1:d5:4c:15","kind":"rx","seq":31,"session":"s2","stream":"chat","text":"ching echo reply rec","timestamp":1789687876.8916895},{"data_b64":"ZWl2ZWQK","description":"ble:LoRa-Chatter-72E0 E0:72:A1:D5:4C:15","device_key":"ble-address:e0:72:a1:d5:4c:15","kind":"rx","seq":32,"session":"s2","stream":"chat","text":"eived\n","timestamp":1789687876.8919315},{"data_b64":"W1NZU10gQ0hBVCBPVVRQVVQ6Cg==","description":"ble:LoRa-Chatter-1B44 44:1B:F6:8D:B7:A9","device_key":"ble-address:44:1b:f6:8d:b7:a9","kind":"rx","seq":41,"session":"s1","stream":"chat","text":"[SYS] CHAT OUTPUT:\n","timestamp":1789687876.9211648},{"data_b64":"W1NZU10gICBbRUNIT10gTk8gUkU=","description":"ble:LoRa-Chatter-72E0 E0:72:A1:D5:4C:15","device_key":"ble-address:e0:72:a1:d5:4c:15","kind":"rx","seq":33,"session":"s2","stream":"chat","text":"[SYS]   [ECHO] NO RE","timestamp":1789687876.9247696},{"data_b64":"U1BPTlNFICAgICAgICAgICBtYXQ=","description":"ble:LoRa-Chatter-72E0 E0:72:A1:D5:4C:15","device_key":"ble-address:e0:72:a1:d5:4c:15","kind":"rx","seq":34,"session":"s2","stream":"chat","text":"SPONSE           mat","timestamp":1789687876.925064},{"data_b64":"Y2hpbmcgZWNobyByZXBseSB0aW0=","description":"ble:LoRa-Chatter-72E0 E0:72:A1:D5:4C:15","device_key":"ble-address:e0:72:a1:d5:4c:15","kind":"rx","seq":35,"session":"s2","stream":"chat","text":"ching echo reply tim","timestamp":1789687876.9280362},{"data_b64":"ZWQgb3V0Cg==","description":"ble:LoRa-Chatter-72E0 E0:72:A1:D5:4C:15","device_key":"ble-address:e0:72:a1:d5:4c:15","kind":"rx","seq":36,"session":"s2","stream":"chat","text":"ed out\n","timestamp":1789687876.9287722},{"data_b64":"W1NZU10gICBkZWxpdmVyeSByZXQ=","description":"ble:LoRa-Chatter-72E0 E0:72:A1:D5:4C:15","device_key":"ble-address:e0:72:a1:d5:4c:15","kind":"rx","seq":37,"session":"s2","stream":"chat","text":"[SYS]   delivery ret","timestamp":1789687876.9291942},{"data_b64":"cnkgZGV0YWlscyAgICAgICBURUw=","description":"ble:LoRa-Chatter-72E0 E0:72:A1:D5:4C:15","device_key":"ble-address:e0:72:a1:d5:4c:15","kind":"rx","seq":38,"session":"s2","stream":"chat","text":"ry details       TEL","timestamp":1789687876.9292471},{"data_b64":"RU1FVFJZIG9ubHkK","description":"ble:LoRa-Chatter-72E0 E0:72:A1:D5:4C:15","device_key":"ble-address:e0:72:a1:d5:4c:15","kind":"rx","seq":39,"session":"s2","stream":"chat","text":"EMETRY only\n","timestamp":1789687876.9292805},{"data_b64":"W1NZU10gICBSU1NJPWRCbSwgU04=","description":"ble:LoRa-Chatter-72E0 E0:72:A1:D5:4C:15","device_key":"ble-address:e0:72:a1:d5:4c:15","kind":"rx","seq":40,"session":"s2","stream":"chat","text":"[SYS]   RSSI=dBm, SN","timestamp":1789687876.9299319},{"data_b64":"Uj1kQiwgUT1yb2xsaW5nIHJlY2U=","description":"ble:LoRa-Chatter-72E0 E0:72:A1:D5:4C:15","device_key":"ble-address:e0:72:a1:d5:4c:15","kind":"rx","seq":41,"session":"s2","stream":"chat","text":"R=dB, Q=rolling rece","timestamp":1789687876.9299738},{"data_b64":"aXZlIHF1YWxpdHkgJQo=","description":"ble:LoRa-Chatter-72E0 E0:72:A1:D5:4C:15","device_key":"ble-address:e0:72:a1:d5:4c:15","kind":"rx","seq":42,"session":"s2","stream":"chat","text":"ive quality %\n","timestamp":1789687876.9315856},{"data_b64":"W1NZU10gSFVNQU4gQ09OU09MRSA=","description":"ble:LoRa-Chatter-72E0 E0:72:A1:D5:4C:15","device_key":"ble-address:e0:72:a1:d5:4c:15","kind":"rx","seq":43,"session":"s2","stream":"chat","text":"[SYS] HUMAN CONSOLE ","timestamp":1789687876.9318795},{"data_b64":"TU9ERVM6Cg==","description":"ble:LoRa-Chatter-72E0 E0:72:A1:D5:4C:15","device_key":"ble-address:e0:72:a1:d5:4c:15","kind":"rx","seq":44,"session":"s2","stream":"chat","text":"MODES:\n","timestamp":1789687876.9319048},{"data_b64":"W1NZU10gICBDSEFUICAgICAgIGM=","description":"ble:LoRa-Chatter-72E0 E0:72:A1:D5:4C:15","device_key":"ble-address:e0:72:a1:d5:4c:15","kind":"rx","seq":45,"session":"s2","stream":"chat","text":"[SYS]   CHAT       c","timestamp":1789687876.932084},{"data_b64":"aGF0ICsgU1lTVEVNCg==","description":"ble:LoRa-Chatter-72E0 E0:72:A1:D5:4C:15","device_key":"ble-address:e0:72:a1:d5:4c:15","kind":"rx","seq":46,"session":"s2","stream":"chat","text":"hat + SYSTEM\n","timestamp":1789687876.9336145},{"data_b64":"W1NZU10gICBURUxFTUVUUlkgIHQ=","description":"ble:LoRa-Chatter-72E0 E0:72:A1:D5:4C:15","device_key":"ble-address:e0:72:a1:d5:4c:15","kind":"rx","seq":47,"session":"s2","stream":"chat","text":"[SYS]   TELEMETRY  t","timestamp":1789687876.9337611},{"data_b64":"ZWxlbWV0cnkgKyBTWVNURU0K","description":"ble:LoRa-Chatter-72E0 E0:72:A1:D5:4C:15","device_key":"ble-address:e0:72:a1:d5:4c:15","kind":"rx","seq":48,"session":"s2","stream":"chat","text":"elemetry + SYSTEM\n","timestamp":1789687876.934089},{"data_b64":"W1NZU10gICA+IHRleHQgICAgICA=","description":"ble:LoRa-Chatter-1B44 44:1B:F6:8D:B7:A9","device_key":"ble-address:44:1b:f6:8d:b7:a9","kind":"rx","seq":42,"session":"s1","stream":"chat","text":"[SYS]   > text      ","timestamp":1789687876.967084},{"data_b64":"ICAgICAgICAgICAgICAgICBsb2M=","description":"ble:LoRa-Chatter-1B44 44:1B:F6:8D:B7:A9","device_key":"ble-address:44:1b:f6:8d:b7:a9","kind":"rx","seq":43,"session":"s1","stream":"chat","text":"                 loc","timestamp":1789687876.9677305},{"data_b64":"YWwgVVNFUiBUWCBjb25maXJtZWQ=","description":"ble:LoRa-Chatter-1B44 44:1B:F6:8D:B7:A9","device_key":"ble-address:44:1b:f6:8d:b7:a9","kind":"rx","seq":44,"session":"s1","stream":"chat","text":"al USER TX confirmed","timestamp":1789687876.9680018},{"data_b64":"W1NZU10gICBCT1RIICAgICAgIGM=","description":"ble:LoRa-Chatter-72E0 E0:72:A1:D5:4C:15","device_key":"ble-address:e0:72:a1:d5:4c:15","kind":"rx","seq":49,"session":"s2","stream":"chat","text":"[SYS]   BOTH       c","timestamp":1789687876.9709427},{"data_b64":"aGF0ICsgdGVsZW1ldHJ5ICsgU1k=","description":"ble:LoRa-Chatter-72E0 E0:72:A1:D5:4C:15","device_key":"ble-address:e0:72:a1:d5:4c:15","kind":"rx","seq":50,"session":"s2","stream":"chat","text":"hat + telemetry + SY","timestamp":1789687876.971463},{"data_b64":"U1RFTQo=","description":"ble:LoRa-Chatter-72E0 E0:72:A1:D5:4C:15","device_key":"ble-address:e0:72:a1:d5:4c:15","kind":"rx","seq":51,"session":"s2","stream":"chat","text":"STEM\n","timestamp":1789687876.9719927},{"data_b64":"W1NZU10gICBCTEUgMDAwNCBtYWM=","description":"ble:LoRa-Chatter-72E0 E0:72:A1:D5:4C:15","device_key":"ble-address:e0:72:a1:d5:4c:15","kind":"rx","seq":52,"session":"s2","stream":"chat","text":"[SYS]   BLE 0004 mac","timestamp":1789687876.9721107},{"data_b64":"aGluZSB0ZWxlbWV0cnkgaXMgaW4=","description":"ble:LoRa-Chatter-72E0 E0:72:A1:D5:4C:15","device_key":"ble-address:e0:72:a1:d5:4c:15","kind":"rx","seq":53,"session":"s2","stream":"chat","text":"hine telemetry is in","timestamp":1789687876.9725583},{"data_b64":"ZGVwZW5kZW50IHdoZW4gc3Vic2M=","description":"ble:LoRa-Chatter-72E0 E0:72:A1:D5:4C:15","device_key":"ble-address:e0:72:a1:d5:4c:15","kind":"rx","seq":54,"session":"s2","stream":"chat","text":"dependent when subsc","timestamp":1789687876.97273},{"data_b64":"cmliZWQK","description":"ble:LoRa-Chatter-72E0 E0:72:A1:D5:4C:15","device_key":"ble-address:e0:72:a1:d5:4c:15","kind":"rx","seq":55,"session":"s2","stream":"chat","text":"ribed\n","timestamp":1789687876.9729457},{"data_b64":"W1NZU10gICBjdXJyZW50PUNIQVQ=","description":"ble:LoRa-Chatter-72E0 E0:72:A1:D5:4C:15","device_key":"ble-address:e0:72:a1:d5:4c:15","kind":"rx","seq":56,"session":"s2","stream":"chat","text":"[SYS]   current=CHAT","timestamp":1789687876.9745677},{"data_b64":"IGVjaG89T0ZGCg==","description":"ble:LoRa-Chatter-72E0 E0:72:A1:D5:4C:15","device_key":"ble-address:e0:72:a1:d5:4c:15","kind":"rx","seq":57,"session":"s2","stream":"chat","text":" echo=OFF\n","timestamp":1789687876.9747453},{"data_b64":"W1NZU10gQ09NTUFORFM6Cg==","description":"ble:LoRa-Chatter-72E0 E0:72:A1:D5:4C:15","device_key":"ble-address:e0:72:a1:d5:4c:15","kind":"rx","seq":58,"session":"s2","stream":"chat","text":"[SYS] COMMANDS:\n","timestamp":1789687876.9749854},{"data_b64":"W1NZU10gICAvaGVscCAgICAgICA=","description":"ble:LoRa-Chatter-72E0 E0:72:A1:D5:4C:15","device_key":"ble-address:e0:72:a1:d5:4c:15","kind":"rx","seq":59,"session":"s2","stream":"chat","text":"[SYS]   /help       ","timestamp":1789687876.9766965},{"data_b64":"c2hvdyB0aGlzIGhlbHAK","description":"ble:LoRa-Chatter-72E0 E0:72:A1:D5:4C:15","device_key":"ble-address:e0:72:a1:d5:4c:15","kind":"rx","seq":60,"session":"s2","stream":"chat","text":"show this help\n","timestamp":1789687876.976951},{"data_b64":"W1NZU10gICAvaWQgICAgICAgICA=","description":"ble:LoRa-Chatter-72E0 E0:72:A1:D5:4C:15","device_key":"ble-address:e0:72:a1:d5:4c:15","kind":"rx","seq":61,"session":"s2","stream":"chat","text":"[SYS]   /id         ","timestamp":1789687876.977071},{"data_b64":"c2hvdyBub2RlIGlkZW50aXR5Cg==","description":"ble:LoRa-Chatter-72E0 E0:72:A1:D5:4C:15","device_key":"ble-address:e0:72:a1:d5:4c:15","kind":"rx","seq":62,"session":"s2","stream":"chat","text":"show node identity\n","timestamp":1789687876.980115},{"data_b64":"W1NZU10gICAvY2hhdCAgICAgICA=","description":"ble:LoRa-Chatter-72E0 E0:72:A1:D5:4C:15","device_key":"ble-address:e0:72:a1:d5:4c:15","kind":"rx","seq":63,"session":"s2","stream":"chat","text":"[SYS]   /chat       ","timestamp":1789687876.9806647},{"data_b64":"aHVtYW4gY29uc29sZSBDSEFUCg==","description":"ble:LoRa-Chatter-72E0 E0:72:A1:D5:4C:15","device_key":"ble-address:e0:72:a1:d5:4c:15","kind":"rx","seq":64,"session":"s2","stream":"chat","text":"human console CHAT\n","timestamp":1789687876.9806914},{"data_b64":"Cg==","description":"ble:LoRa-Chatter-1B44 44:1B:F6:8D:B7:A9","device_key":"ble-address:44:1b:f6:8d:b7:a9","kind":"rx","seq":45,"session":"s1","stream":"chat","text":"\n","timestamp":1789687877.0115166},{"data_b64":"W1NZU10gICAvdGVsZSAgICAgICA=","description":"ble:LoRa-Chatter-72E0 E0:72:A1:D5:4C:15","device_key":"ble-address:e0:72:a1:d5:4c:15","kind":"rx","seq":65,"session":"s2","stream":"chat","text":"[SYS]   /tele       ","timestamp":1789687877.0180058},{"data_b64":"aHVtYW4gY29uc29sZSBURUxFTUU=","description":"ble:LoRa-Chatter-72E0 E0:72:A1:D5:4C:15","device_key":"ble-address:e0:72:a1:d5:4c:15","kind":"rx","seq":66,"session":"s2","stream":"chat","text":"human console TELEME","timestamp":1789687877.0191472},{"data_b64":"VFJZCg==","description":"ble:LoRa-Chatter-72E0 E0:72:A1:D5:4C:15","device_key":"ble-address:e0:72:a1:d5:4c:15","kind":"rx","seq":67,"session":"s2","stream":"chat","text":"TRY\n","timestamp":1789687877.0192149},{"data_b64":"W1NZU10gICAvYm90aCAgICAgICA=","description":"ble:LoRa-Chatter-72E0 E0:72:A1:D5:4C:15","device_key":"ble-address:e0:72:a1:d5:4c:15","kind":"rx","seq":68,"session":"s2","stream":"chat","text":"[SYS]   /both       ","timestamp":1789687877.019663},{"data_b64":"aHVtYW4gY29uc29sZSBCT1RICg==","description":"ble:LoRa-Chatter-72E0 E0:72:A1:D5:4C:15","device_key":"ble-address:e0:72:a1:d5:4c:15","kind":"rx","seq":69,"session":"s2","stream":"chat","text":"human console BOTH\n","timestamp":1789687877.0202115},{"data_b64":"W1NZU10gICAvZWNobyAgICAgICA=","description":"ble:LoRa-Chatter-72E0 E0:72:A1:D5:4C:15","device_key":"ble-address:e0:72:a1:d5:4c:15","kind":"rx","seq":70,"session":"s2","stream":"chat","text":"[SYS]   /echo       ","timestamp":1789687877.0203505},{"data_b64":"dG9nZ2xlIGVjaG8gbW9kZQo=","description":"ble:LoRa-Chatter-72E0 E0:72:A1:D5:4C:15","device_key":"ble-address:e0:72:a1:d5:4c:15","kind":"rx","seq":71,"session":"s2","stream":"chat","text":"toggle echo mode\n","timestamp":1789687877.0205343},{"data_b64":"W1NZU10gICAvY2FuY2VsICAgICA=","description":"ble:LoRa-Chatter-72E0 E0:72:A1:D5:4C:15","device_key":"ble-address:e0:72:a1:d5:4c:15","kind":"rx","seq":72,"session":"s2","stream":"chat","text":"[SYS]   /cancel     ","timestamp":1789687877.0208254},{"data_b64":"c3RvcCBjdXJyZW50IFVTRVIgZGU=","description":"ble:LoRa-Chatter-72E0 E0:72:A1:D5:4C:15","device_key":"ble-address:e0:72:a1:d5:4c:15","kind":"rx","seq":73,"session":"s2","stream":"chat","text":"stop current USER de","timestamp":1789687877.0208457},{"data_b64":"bGl2ZXJ5L3JldHJpZXMK","description":"ble:LoRa-Chatter-72E0 E0:72:A1:D5:4C:15","device_key":"ble-address:e0:72:a1:d5:4c:15","kind":"rx","seq":74,"session":"s2","stream":"chat","text":"livery/retries\n","timestamp":1789687877.0210886},{"data_b64":"W1NZU10gICAvY2FuY2VsIGFsbCA=","description":"ble:LoRa-Chatter-72E0 E0:72:A1:D5:4C:15","device_key":"ble-address:e0:72:a1:d5:4c:15","kind":"rx","seq":75,"session":"s2","stream":"chat","text":"[SYS]   /cancel all ","timestamp":1789687877.0225732},{"data_b64":"c3RvcCBjdXJyZW50IFVTRVIgYW4=","description":"ble:LoRa-Chatter-72E0 E0:72:A1:D5:4C:15","device_key":"ble-address:e0:72:a1:d5:4c:15","kind":"rx","seq":76,"session":"s2","stream":"chat","text":"stop current USER an","timestamp":1789687877.0227993},{"data_b64":"ZCBkaXNjYXJkIHF1ZXVlZCBVU0U=","description":"ble:LoRa-Chatter-72E0 E0:72:A1:D5:4C:15","device_key":"ble-address:e0:72:a1:d5:4c:15","kind":"rx","seq":77,"session":"s2","stream":"chat","text":"d discard queued USE","timestamp":1789687877.0230193},{"data_b64":"UnMK","description":"ble:LoRa-Chatter-72E0 E0:72:A1:D5:4C:15","device_key":"ble-address:e0:72:a1:d5:4c:15","kind":"rx","seq":78,"session":"s2","stream":"chat","text":"Rs\n","timestamp":1789687877.0231917},{"data_b64":"W1NZU10gICAvcmVib290ICAgICA=","description":"ble:LoRa-Chatter-72E0 E0:72:A1:D5:4C:15","device_key":"ble-address:e0:72:a1:d5:4c:15","kind":"rx","seq":79,"session":"s2","stream":"chat","text":"[SYS]   /reboot     ","timestamp":1789687877.0233154},{"data_b64":"cmVib290IEVTUDMyIGNvbnRyb2w=","description":"ble:LoRa-Chatter-72E0 E0:72:A1:D5:4C:15","device_key":"ble-address:e0:72:a1:d5:4c:15","kind":"rx","seq":80,"session":"s2","stream":"chat","text":"reboot ESP32 control","timestamp":1789687877.0245836},{"data_b64":"W1NZU10gICA8IFtSU1NJL1NOUiA=","description":"ble:LoRa-Chatter-1B44 44:1B:F6:8D:B7:A9","device_key":"ble-address:44:1b:f6:8d:b7:a9","kind":"rx","seq":46,"session":"s1","stream":"chat","text":"[SYS]   < [RSSI/SNR ","timestamp":1789687877.0551312},{"data_b64":"USVdIHRleHQgICAgICAgICBVU0U=","description":"ble:LoRa-Chatter-1B44 44:1B:F6:8D:B7:A9","device_key":"ble-address:44:1b:f6:8d:b7:a9","kind":"rx","seq":47,"session":"s1","stream":"chat","text":"Q%] text         USE","timestamp":1789687877.0551958},{"data_b64":"UiByZWNlaXZlZCBmcm9tIHBlZXI=","description":"ble:LoRa-Chatter-1B44 44:1B:F6:8D:B7:A9","device_key":"ble-address:44:1b:f6:8d:b7:a9","kind":"rx","seq":48,"session":"s1","stream":"chat","text":"R received from peer","timestamp":1789687877.0577147},{"data_b64":"bGVyCg==","description":"ble:LoRa-Chatter-72E0 E0:72:A1:D5:4C:15","device_key":"ble-address:e0:72:a1:d5:4c:15","kind":"rx","seq":81,"session":"s2","stream":"chat","text":"ler\n","timestamp":1789687877.059663},{"data_b64":"W1NZU10gUkFXIENPTlRST0xTICg=","description":"ble:LoRa-Chatter-72E0 E0:72:A1:D5:4C:15","device_key":"ble-address:e0:72:a1:d5:4c:15","kind":"rx","seq":82,"session":"s2","stream":"chat","text":"[SYS] RAW CONTROLS (","timestamp":1789687877.0599763},{"data_b64":"SEVYKToK","description":"ble:LoRa-Chatter-72E0 E0:72:A1:D5:4C:15","device_key":"ble-address:e0:72:a1:d5:4c:15","kind":"rx","seq":83,"session":"s2","stream":"chat","text":"HEX):\n","timestamp":1789687877.060009},{"data_b64":"W1NZU10gICAxNCAzMT1DSEFUICA=","description":"ble:LoRa-Chatter-72E0 E0:72:A1:D5:4C:15","device_key":"ble-address:e0:72:a1:d5:4c:15","kind":"rx","seq":84,"session":"s2","stream":"chat","text":"[SYS]   14 31=CHAT  ","timestamp":1789687877.061551},{"data_b64":"MTQgMzI9VEVMRU1FVFJZICAxNCA=","description":"ble:LoRa-Chatter-72E0 E0:72:A1:D5:4C:15","device_key":"ble-address:e0:72:a1:d5:4c:15","kind":"rx","seq":85,"session":"s2","stream":"chat","text":"14 32=TELEMETRY  14 ","timestamp":1789687877.0617828},{"data_b64":"MzM9Qk9USCAgMTQgNjU9RUNITyA=","description":"ble:LoRa-Chatter-72E0 E0:72:A1:D5:4C:15","device_key":"ble-address:e0:72:a1:d5:4c:15","kind":"rx","seq":86,"session":"s2","stream":"chat","text":"33=BOTH  14 65=ECHO ","timestamp":1789687877.0618038},{"data_b64":"dG9nZ2xlCg==","description":"ble:LoRa-Chatter-72E0 E0:72:A1:D5:4C:15","device_key":"ble-address:e0:72:a1:d5:4c:15","kind":"rx","seq":87,"session":"s2","stream":"chat","text":"toggle\n","timestamp":1789687877.0635507},{"data_b64":"W1NZU10gQU5EUk9JRCBCTEUgVEU=","description":"ble:LoRa-Chatter-72E0 E0:72:A1:D5:4C:15","device_key":"ble-address:e0:72:a1:d5:4c:15","kind":"rx","seq":88,"session":"s2","stream":"chat","text":"[SYS] ANDROID BLE TE","timestamp":1789687877.06377},{"data_b64":"Uk1JTkFMIE1BQ1JPUzoK","description":"ble:LoRa-Chatter-72E0 E0:72:A1:D5:4C:15","device_key":"ble-address:e0:72:a1:d5:4c:15","kind":"rx","seq":89,"session":"s2","stream":"chat","text":"RMINAL MACROS:\n","timestamp":1789687877.063946},{"data_b64":"W1NZU10gICBIRVggbWFjcm8sIG4=","description":"ble:LoRa-Chatter-72E0 E0:72:A1:D5:4C:15","device_key":"ble-address:e0:72:a1:d5:4c:15","kind":"rx","seq":90,"session":"s2","stream":"chat","text":"[SYS]   HEX macro, n","timestamp":1789687877.066511},{"data_b64":"byBFT0w6IDE0IDMxIC8gMTQgMzI=","description":"ble:LoRa-Chatter-72E0 E0:72:A1:D5:4C:15","device_key":"ble-address:e0:72:a1:d5:4c:15","kind":"rx","seq":91,"session":"s2","stream":"chat","text":"o EOL: 14 31 / 14 32","timestamp":1789687877.0667584},{"data_b64":"IC8gMTQgMzMgLyAxNCA2NQo=","description":"ble:LoRa-Chatter-72E0 E0:72:A1:D5:4C:15","device_key":"ble-address:e0:72:a1:d5:4c:15","kind":"rx","seq":92,"session":"s2","stream":"chat","text":" / 14 33 / 14 65\n","timestamp":1789687877.0669768},{"data_b64":"W1NZU10gICBvciBURVhUIG1hY3I=","description":"ble:LoRa-Chatter-72E0 E0:72:A1:D5:4C:15","device_key":"ble-address:e0:72:a1:d5:4c:15","kind":"rx","seq":93,"session":"s2","stream":"chat","text":"[SYS]   or TEXT macr","timestamp":1789687877.0671387},{"data_b64":"byArIExGOiAvaGVscCAvaWQgL2M=","description":"ble:LoRa-Chatter-72E0 E0:72:A1:D5:4C:15","device_key":"ble-address:e0:72:a1:d5:4c:15","kind":"rx","seq":94,"session":"s2","stream":"chat","text":"o + LF: /help /id /c","timestamp":1789687877.0685225},{"data_b64":"aGF0IC90ZWxlIC9ib3RoIC9lY2g=","description":"ble:LoRa-Chatter-72E0 E0:72:A1:D5:4C:15","device_key":"ble-address:e0:72:a1:d5:4c:15","kind":"rx","seq":95,"session":"s2","stream":"chat","text":"hat /tele /both /ech","timestamp":1789687877.0687678},{"data_b64":"byAvY2FuY2VsIC9jYW5jZWwgYWw=","description":"ble:LoRa-Chatter-72E0 E0:72:A1:D5:4C:15","device_key":"ble-address:e0:72:a1:d5:4c:15","kind":"rx","seq":96,"session":"s2","stream":"chat","text":"o /cancel /cancel al","timestamp":1789687877.0689375},{"data_b64":"Cg==","description":"ble:LoRa-Chatter-1B44 44:1B:F6:8D:B7:A9","device_key":"ble-address:44:1b:f6:8d:b7:a9","kind":"rx","seq":49,"session":"s1","stream":"chat","text":"\n","timestamp":1789687877.101725},{"data_b64":"W1NZU10gICA+IFtFQ0hPIFRYXSA=","description":"ble:LoRa-Chatter-1B44 44:1B:F6:8D:B7:A9","device_key":"ble-address:44:1b:f6:8d:b7:a9","kind":"rx","seq":50,"session":"s1","stream":"chat","text":"[SYS]   > [ECHO TX] ","timestamp":1789687877.106437},{"data_b64":"dGV4dCAgICAgICAgICAgICBsb2M=","description":"ble:LoRa-Chatter-1B44 44:1B:F6:8D:B7:A9","device_key":"ble-address:44:1b:f6:8d:b7:a9","kind":"rx","seq":51,"session":"s1","stream":"chat","text":"text             loc","timestamp":1789687877.1065385},{"data_b64":"bCAvcmVib290Cg==","description":"ble:LoRa-Chatter-72E0 E0:72:A1:D5:4C:15","device_key":"ble-address:e0:72:a1:d5:4c:15","kind":"rx","seq":97,"session":"s2","stream":"chat","text":"l /reboot\n","timestamp":1789687877.1071563},{"data_b64":"YWwgZWNobyBUWCBjb25maXJtZWQ=","description":"ble:LoRa-Chatter-1B44 44:1B:F6:8D:B7:A9","device_key":"ble-address:44:1b:f6:8d:b7:a9","kind":"rx","seq":52,"session":"s1","stream":"chat","text":"al echo TX confirmed","timestamp":1789687877.1078732},{"data_b64":"W1NZU10gICBOb3JkaWMgVUFSVCA=","description":"ble:LoRa-Chatter-72E0 E0:72:A1:D5:4C:15","device_key":"ble-address:e0:72:a1:d5:4c:15","kind":"rx","seq":98,"session":"s2","stream":"chat","text":"[SYS]   Nordic UART ","timestamp":1789687877.1084197},{"data_b64":"aHVtYW4gY29uc29sZT0wMDAzOyA=","description":"ble:LoRa-Chatter-72E0 E0:72:A1:D5:4C:15","device_key":"ble-address:e0:72:a1:d5:4c:15","kind":"rx","seq":99,"session":"s2","stream":"chat","text":"human console=0003; ","timestamp":1789687877.108494},{"data_b64":"bWFjaGluZSB0ZWxlbWV0cnk9MDA=","description":"ble:LoRa-Chatter-72E0 E0:72:A1:D5:4C:15","device_key":"ble-address:e0:72:a1:d5:4c:15","kind":"rx","seq":100,"session":"s2","stream":"chat","text":"machine telemetry=00","timestamp":1789687877.1085513},{"data_b64":"MDQgb3B0aW9uYWwK","description":"ble:LoRa-Chatter-72E0 E0:72:A1:D5:4C:15","device_key":"ble-address:e0:72:a1:d5:4c:15","kind":"rx","seq":101,"session":"s2","stream":"chat","text":"04 optional\n","timestamp":1789687877.1086152},{"data_b64":"W1NZU10gQkxFIENMSUVOVDogbWE=","description":"ble:LoRa-Chatter-72E0 E0:72:A1:D5:4C:15","device_key":"ble-address:e0:72:a1:d5:4c:15","kind":"rx","seq":102,"session":"s2","stream":"chat","text":"[SYS] BLE CLIENT: ma","timestamp":1789687877.11019},{"data_b64":"Y2hpbmUgdGVsZW1ldHJ5IDAwMDQ=","description":"ble:LoRa-Chatter-72E0 E0:72:A1:D5:4C:15","device_key":"ble-address:e0:72:a1:d5:4c:15","kind":"rx","seq":103,"session":"s2","stream":"chat","text":"chine telemetry 0004","timestamp":1789687877.110277},{"data_b64":"IHN1YnNjcmliZWQgaW4gYmFja2c=","description":"ble:LoRa-Chatter-72E0 E0:72:A1:D5:4C:15","device_key":"ble-address:e0:72:a1:d5:4c:15","kind":"rx","seq":104,"session":"s2","stream":"chat","text":" subscribed in backg","timestamp":1789687877.110323},{"data_b64":"cm91bmQK","description":"ble:LoRa-Chatter-72E0 E0:72:A1:D5:4C:15","device_key":"ble-address:e0:72:a1:d5:4c:15","kind":"rx","seq":105,"session":"s2","stream":"chat","text":"round\n","timestamp":1789687877.1103554},{"data_b64":"Cg==","description":"ble:LoRa-Chatter-1B44 44:1B:F6:8D:B7:A9","device_key":"ble-address:44:1b:f6:8d:b7:a9","kind":"rx","seq":53,"session":"s1","stream":"chat","text":"\n","timestamp":1789687877.1469412},{"data_b64":"W1NZU10gICA8IFtFQ0hPIFJTU0k=","description":"ble:LoRa-Chatter-1B44 44:1B:F6:8D:B7:A9","device_key":"ble-address:44:1b:f6:8d:b7:a9","kind":"rx","seq":54,"session":"s1","stream":"chat","text":"[SYS]   < [ECHO RSSI","timestamp":1789687877.1478066},{"data_b64":"L1NOUiBRJV0gdGV4dCAgICBtYXQ=","description":"ble:LoRa-Chatter-1B44 44:1B:F6:8D:B7:A9","device_key":"ble-address:44:1b:f6:8d:b7:a9","kind":"rx","seq":55,"session":"s1","stream":"chat","text":"/SNR Q%] text    mat","timestamp":1789687877.1482654},{"data_b64":"Y2hpbmcgZWNobyByZXBseSByZWM=","description":"ble:LoRa-Chatter-1B44 44:1B:F6:8D:B7:A9","device_key":"ble-address:44:1b:f6:8d:b7:a9","kind":"rx","seq":56,"session":"s1","stream":"chat","text":"ching echo reply rec","timestamp":1789687877.148836},{"data_b64":"ZWl2ZWQK","description":"ble:LoRa-Chatter-1B44 44:1B:F6:8D:B7:A9","device_key":"ble-address:44:1b:f6:8d:b7:a9","kind":"rx","seq":57,"session":"s1","stream":"chat","text":"eived\n","timestamp":1789687877.1906068},{"data_b64":"W1NZU10gICBbRUNIT10gTk8gUkU=","description":"ble:LoRa-Chatter-1B44 44:1B:F6:8D:B7:A9","device_key":"ble-address:44:1b:f6:8d:b7:a9","kind":"rx","seq":58,"session":"s1","stream":"chat","text":"[SYS]   [ECHO] NO RE","timestamp":1789687877.1912012},{"data_b64":"U1BPTlNFICAgICAgICAgICBtYXQ=","description":"ble:LoRa-Chatter-1B44 44:1B:F6:8D:B7:A9","device_key":"ble-address:44:1b:f6:8d:b7:a9","kind":"rx","seq":59,"session":"s1","stream":"chat","text":"SPONSE           mat","timestamp":1789687877.1920063},{"data_b64":"Y2hpbmcgZWNobyByZXBseSB0aW0=","description":"ble:LoRa-Chatter-1B44 44:1B:F6:8D:B7:A9","device_key":"ble-address:44:1b:f6:8d:b7:a9","kind":"rx","seq":60,"session":"s1","stream":"chat","text":"ching echo reply tim","timestamp":1789687877.1924422},{"data_b64":"ZWQgb3V0Cg==","description":"ble:LoRa-Chatter-1B44 44:1B:F6:8D:B7:A9","device_key":"ble-address:44:1b:f6:8d:b7:a9","kind":"rx","seq":61,"session":"s1","stream":"chat","text":"ed out\n","timestamp":1789687877.2358177},{"data_b64":"W1NZU10gICBkZWxpdmVyeSByZXQ=","description":"ble:LoRa-Chatter-1B44 44:1B:F6:8D:B7:A9","device_key":"ble-address:44:1b:f6:8d:b7:a9","kind":"rx","seq":62,"session":"s1","stream":"chat","text":"[SYS]   delivery ret","timestamp":1789687877.2364638},{"data_b64":"cnkgZGV0YWlscyAgICAgICBURUw=","description":"ble:LoRa-Chatter-1B44 44:1B:F6:8D:B7:A9","device_key":"ble-address:44:1b:f6:8d:b7:a9","kind":"rx","seq":63,"session":"s1","stream":"chat","text":"ry details       TEL","timestamp":1789687877.238198},{"data_b64":"RU1FVFJZIG9ubHkK","description":"ble:LoRa-Chatter-1B44 44:1B:F6:8D:B7:A9","device_key":"ble-address:44:1b:f6:8d:b7:a9","kind":"rx","seq":64,"session":"s1","stream":"chat","text":"EMETRY only\n","timestamp":1789687877.2807975},{"data_b64":"W1NZU10gICBSU1NJPWRCbSwgU04=","description":"ble:LoRa-Chatter-1B44 44:1B:F6:8D:B7:A9","device_key":"ble-address:44:1b:f6:8d:b7:a9","kind":"rx","seq":65,"session":"s1","stream":"chat","text":"[SYS]   RSSI=dBm, SN","timestamp":1789687877.2815788},{"data_b64":"Uj1kQiwgUT1yb2xsaW5nIHJlY2U=","description":"ble:LoRa-Chatter-1B44 44:1B:F6:8D:B7:A9","device_key":"ble-address:44:1b:f6:8d:b7:a9","kind":"rx","seq":66,"session":"s1","stream":"chat","text":"R=dB, Q=rolling rece","timestamp":1789687877.2832108},{"data_b64":"aXZlIHF1YWxpdHkgJQo=","description":"ble:LoRa-Chatter-1B44 44:1B:F6:8D:B7:A9","device_key":"ble-address:44:1b:f6:8d:b7:a9","kind":"rx","seq":67,"session":"s1","stream":"chat","text":"ive quality %\n","timestamp":1789687877.3259873},{"data_b64":"W1NZU10gSFVNQU4gQ09OU09MRSA=","description":"ble:LoRa-Chatter-1B44 44:1B:F6:8D:B7:A9","device_key":"ble-address:44:1b:f6:8d:b7:a9","kind":"rx","seq":68,"session":"s1","stream":"chat","text":"[SYS] HUMAN CONSOLE ","timestamp":1789687877.326453},{"data_b64":"TU9ERVM6Cg==","description":"ble:LoRa-Chatter-1B44 44:1B:F6:8D:B7:A9","device_key":"ble-address:44:1b:f6:8d:b7:a9","kind":"rx","seq":69,"session":"s1","stream":"chat","text":"MODES:\n","timestamp":1789687877.326494},{"data_b64":"W1NZU10gICBDSEFUICAgICAgIGM=","description":"ble:LoRa-Chatter-1B44 44:1B:F6:8D:B7:A9","device_key":"ble-address:44:1b:f6:8d:b7:a9","kind":"rx","seq":70,"session":"s1","stream":"chat","text":"[SYS]   CHAT       c","timestamp":1789687877.3270745},{"data_b64":"aGF0ICsgU1lTVEVNCg==","description":"ble:LoRa-Chatter-1B44 44:1B:F6:8D:B7:A9","device_key":"ble-address:44:1b:f6:8d:b7:a9","kind":"rx","seq":71,"session":"s1","stream":"chat","text":"hat + SYSTEM\n","timestamp":1789687877.3715758},{"data_b64":"W1NZU10gICBURUxFTUVUUlkgIHQ=","description":"ble:LoRa-Chatter-1B44 44:1B:F6:8D:B7:A9","device_key":"ble-address:44:1b:f6:8d:b7:a9","kind":"rx","seq":72,"session":"s1","stream":"chat","text":"[SYS]   TELEMETRY  t","timestamp":1789687877.3725176},{"data_b64":"ZWxlbWV0cnkgKyBTWVNURU0K","description":"ble:LoRa-Chatter-1B44 44:1B:F6:8D:B7:A9","device_key":"ble-address:44:1b:f6:8d:b7:a9","kind":"rx","seq":73,"session":"s1","stream":"chat","text":"elemetry + SYSTEM\n","timestamp":1789687877.3730335},{"data_b64":"c2hvdyBub2RlIGlkZW50aXR5Cg==","description":"ble:LoRa-Chatter-1B44 44:1B:F6:8D:B7:A9","device_key":"ble-address:44:1b:f6:8d:b7:a9","kind":"rx","seq":74,"session":"s1","stream":"chat","text":"show node identity\n","timestamp":1789687877.415795},{"data_b64":"W1NZU10gICAvY2hhdCAgICAgICA=","description":"ble:LoRa-Chatter-1B44 44:1B:F6:8D:B7:A9","device_key":"ble-address:44:1b:f6:8d:b7:a9","kind":"rx","seq":75,"session":"s1","stream":"chat","text":"[SYS]   /chat       ","timestamp":1789687877.41702},{"data_b64":"aHVtYW4gY29uc29sZSBDSEFUCg==","description":"ble:LoRa-Chatter-1B44 44:1B:F6:8D:B7:A9","device_key":"ble-address:44:1b:f6:8d:b7:a9","kind":"rx","seq":76,"session":"s1","stream":"chat","text":"human console CHAT\n","timestamp":1789687877.417823},{"data_b64":"W1NZU10gICAvdGVsZSAgICAgICA=","description":"ble:LoRa-Chatter-1B44 44:1B:F6:8D:B7:A9","device_key":"ble-address:44:1b:f6:8d:b7:a9","kind":"rx","seq":77,"session":"s1","stream":"chat","text":"[SYS]   /tele       ","timestamp":1789687877.460988},{"data_b64":"aHVtYW4gY29uc29sZSBURUxFTUU=","description":"ble:LoRa-Chatter-1B44 44:1B:F6:8D:B7:A9","device_key":"ble-address:44:1b:f6:8d:b7:a9","kind":"rx","seq":78,"session":"s1","stream":"chat","text":"human console TELEME","timestamp":1789687877.4623444},{"data_b64":"VFJZCg==","description":"ble:LoRa-Chatter-1B44 44:1B:F6:8D:B7:A9","device_key":"ble-address:44:1b:f6:8d:b7:a9","kind":"rx","seq":79,"session":"s1","stream":"chat","text":"TRY\n","timestamp":1789687877.4624996},{"data_b64":"W1NZU10gICAvYm90aCAgICAgICA=","description":"ble:LoRa-Chatter-1B44 44:1B:F6:8D:B7:A9","device_key":"ble-address:44:1b:f6:8d:b7:a9","kind":"rx","seq":80,"session":"s1","stream":"chat","text":"[SYS]   /both       ","timestamp":1789687877.4638443},{"data_b64":"aHVtYW4gY29uc29sZSBCT1RICg==","description":"ble:LoRa-Chatter-1B44 44:1B:F6:8D:B7:A9","device_key":"ble-address:44:1b:f6:8d:b7:a9","kind":"rx","seq":81,"session":"s1","stream":"chat","text":"human console BOTH\n","timestamp":1789687877.5057604},{"data_b64":"W1NZU10gICAvZWNobyAgICAgICA=","description":"ble:LoRa-Chatter-1B44 44:1B:F6:8D:B7:A9","device_key":"ble-address:44:1b:f6:8d:b7:a9","kind":"rx","seq":82,"session":"s1","stream":"chat","text":"[SYS]   /echo       ","timestamp":1789687877.5067186},{"data_b64":"dG9nZ2xlIGVjaG8gbW9kZQo=","description":"ble:LoRa-Chatter-1B44 44:1B:F6:8D:B7:A9","device_key":"ble-address:44:1b:f6:8d:b7:a9","kind":"rx","seq":83,"session":"s1","stream":"chat","text":"toggle echo mode\n","timestamp":1789687877.50829},{"data_b64":"W1NZU10gICAvY2FuY2VsICAgICA=","description":"ble:LoRa-Chatter-1B44 44:1B:F6:8D:B7:A9","device_key":"ble-address:44:1b:f6:8d:b7:a9","kind":"rx","seq":84,"session":"s1","stream":"chat","text":"[SYS]   /cancel     ","timestamp":1789687877.5506215},{"data_b64":"bGVyCg==","description":"ble:LoRa-Chatter-1B44 44:1B:F6:8D:B7:A9","device_key":"ble-address:44:1b:f6:8d:b7:a9","kind":"rx","seq":85,"session":"s1","stream":"chat","text":"ler\n","timestamp":1789687877.5515122},{"data_b64":"W1NZU10gUkFXIENPTlRST0xTICg=","description":"ble:LoRa-Chatter-1B44 44:1B:F6:8D:B7:A9","device_key":"ble-address:44:1b:f6:8d:b7:a9","kind":"rx","seq":86,"session":"s1","stream":"chat","text":"[SYS] RAW CONTROLS (","timestamp":1789687877.5520294},{"data_b64":"SEVYKToK","description":"ble:LoRa-Chatter-1B44 44:1B:F6:8D:B7:A9","device_key":"ble-address:44:1b:f6:8d:b7:a9","kind":"rx","seq":87,"session":"s1","stream":"chat","text":"HEX):\n","timestamp":1789687877.5527186},{"data_b64":"W1NZU10gICAxNCAzMT1DSEFUICA=","description":"ble:LoRa-Chatter-1B44 44:1B:F6:8D:B7:A9","device_key":"ble-address:44:1b:f6:8d:b7:a9","kind":"rx","seq":88,"session":"s1","stream":"chat","text":"[SYS]   14 31=CHAT  ","timestamp":1789687877.5967956},{"data_b64":"MTQgMzI9VEVMRU1FVFJZICAxNCA=","description":"ble:LoRa-Chatter-1B44 44:1B:F6:8D:B7:A9","device_key":"ble-address:44:1b:f6:8d:b7:a9","kind":"rx","seq":89,"session":"s1","stream":"chat","text":"14 32=TELEMETRY  14 ","timestamp":1789687877.597933},{"data_b64":"MzM9Qk9USCAgMTQgNjU9RUNITyA=","description":"ble:LoRa-Chatter-1B44 44:1B:F6:8D:B7:A9","device_key":"ble-address:44:1b:f6:8d:b7:a9","kind":"rx","seq":90,"session":"s1","stream":"chat","text":"33=BOTH  14 65=ECHO ","timestamp":1789687877.5980291},{"data_b64":"dG9nZ2xlCg==","description":"ble:LoRa-Chatter-1B44 44:1B:F6:8D:B7:A9","device_key":"ble-address:44:1b:f6:8d:b7:a9","kind":"rx","seq":91,"session":"s1","stream":"chat","text":"toggle\n","timestamp":1789687877.6407297},{"data_b64":"W1NZU10gQU5EUk9JRCBCTEUgVEU=","description":"ble:LoRa-Chatter-1B44 44:1B:F6:8D:B7:A9","device_key":"ble-address:44:1b:f6:8d:b7:a9","kind":"rx","seq":92,"session":"s1","stream":"chat","text":"[SYS] ANDROID BLE TE","timestamp":1789687877.641721},{"data_b64":"Uk1JTkFMIE1BQ1JPUzoK","description":"ble:LoRa-Chatter-1B44 44:1B:F6:8D:B7:A9","device_key":"ble-address:44:1b:f6:8d:b7:a9","kind":"rx","seq":93,"session":"s1","stream":"chat","text":"RMINAL MACROS:\n","timestamp":1789687877.6425357},{"data_b64":"W1NZU10gICBIRVggbWFjcm8sIG4=","description":"ble:LoRa-Chatter-1B44 44:1B:F6:8D:B7:A9","device_key":"ble-address:44:1b:f6:8d:b7:a9","kind":"rx","seq":94,"session":"s1","stream":"chat","text":"[SYS]   HEX macro, n","timestamp":1789687877.6436827},{"data_b64":"byBFT0w6IDE0IDMxIC8gMTQgMzI=","description":"ble:LoRa-Chatter-1B44 44:1B:F6:8D:B7:A9","device_key":"ble-address:44:1b:f6:8d:b7:a9","kind":"rx","seq":95,"session":"s1","stream":"chat","text":"o EOL: 14 31 / 14 32","timestamp":1789687877.6867092},{"data_b64":"Y2hpbmUgdGVsZW1ldHJ5IDAwMDQ=","description":"ble:LoRa-Chatter-1B44 44:1B:F6:8D:B7:A9","device_key":"ble-address:44:1b:f6:8d:b7:a9","kind":"rx","seq":96,"session":"s1","stream":"chat","text":"chine telemetry 0004","timestamp":1789687877.6878219},{"data_b64":"IHN1YnNjcmliZWQgaW4gYmFja2c=","description":"ble:LoRa-Chatter-1B44 44:1B:F6:8D:B7:A9","device_key":"ble-address:44:1b:f6:8d:b7:a9","kind":"rx","seq":97,"session":"s1","stream":"chat","text":" subscribed in backg","timestamp":1789687877.6878998},{"data_b64":"cm91bmQK","description":"ble:LoRa-Chatter-1B44 44:1B:F6:8D:B7:A9","device_key":"ble-address:44:1b:f6:8d:b7:a9","kind":"rx","seq":98,"session":"s1","stream":"chat","text":"round\n","timestamp":1789687877.7307158}],"lines":[{"seq_first":11,"seq_last":11,"session":"s1","stream":"telemetry","text":""},{"seq_first":11,"seq_last":20,"session":"s1","stream":"telemetry","text":"SESSION t=660s TX ok=0 user=0 echo_req=0 echo_rep=0 hb=0(idle=0) err=0 started=0 RX ok=0 user=0 echo_req=0 echo_rep=0 hb=0 crc=0 hdr=0 bad=0 readerr=0 reports=0 Q=0% drops=0 fatal=0"},{"seq_first":21,"seq_last":24,"session":"s1","stream":"telemetry","text":"SESSION COURTESY window=9123ms peer_release=0 expired=0 yielding=0"},{"seq_first":25,"seq_last":29,"session":"s1","stream":"telemetry","text":"SESSION DIO0_TX affected=0/0 episodes=0 avg_all=0.00 avg_affected=0.00 high_polls=0"},{"seq_first":30,"seq_last":35,"session":"s1","stream":"telemetry","text":"SESSION RX_POLL polls=657051 rxdone=0 interval=1000us DIO0_RX false_high_ep=0 high_polls=0 rxdone_low=0 isr=disabled"},{"seq_first":38,"seq_last":38,"session":"s1","stream":"chat","text":""},{"seq_first":38,"seq_last":38,"session":"s1","stream":"chat","text":"[SYS] CHATTER HELP"},{"seq_first":39,"seq_last":40,"session":"s1","stream":"chat","text":"[SYS] CHATTER NODE LoRa-Chatter-1B44"},{"seq_first":13,"seq_last":13,"session":"s2","stream":"chat","text":""},{"seq_first":13,"seq_last":13,"session":"s2","stream":"chat","text":"[SYS] CHATTER HELP"},{"seq_first":14,"seq_last":15,"session":"s2","stream":"chat","text":"[SYS] CHATTER NODE LoRa-Chatter-72E0"},{"seq_first":16,"seq_last":16,"session":"s2","stream":"chat","text":"[SYS] CHAT OUTPUT:"},{"seq_first":17,"seq_last":20,"session":"s2","stream":"chat","text":"[SYS]   > text                       local USER TX confirmed"},{"seq_first":21,"seq_last":24,"session":"s2","stream":"chat","text":"[SYS]   < [RSSI/SNR Q%] text         USER received from peer"},{"seq_first":25,"seq_last":28,"session":"s2","stream":"chat","text":"[SYS]   > [ECHO TX] text             local echo TX confirmed"},{"seq_first":29,"seq_last":32,"session":"s2","stream":"chat","text":"[SYS]   < [ECHO RSSI/SNR Q%] text    matching echo reply received"},{"seq_first":41,"seq_last":41,"session":"s1","stream":"chat","text":"[SYS] CHAT OUTPUT:"},{"seq_first":33,"seq_last":36,"session":"s2","stream":"chat","text":"[SYS]   [ECHO] NO RESPONSE           matching echo reply timed out"},{"seq_first":37,"seq_last":39,"session":"s2","stream":"chat","text":"[SYS]   delivery retry details       TELEMETRY only"},{"seq_first":40,"seq_last":42,"session":"s2","stream":"chat","text":"[SYS]   RSSI=dBm, SNR=dB, Q=rolling receive quality %"},{"seq_first":43,"seq_last":44,"session":"s2","stream":"chat","text":"[SYS] HUMAN CONSOLE MODES:"},{"seq_first":45,"seq_last":46,"session":"s2","stream":"chat","text":"[SYS]   CHAT       chat + SYSTEM"},{"seq_first":47,"seq_last":48,"session":"s2","stream":"chat","text":"[SYS]   TELEMETRY  telemetry + SYSTEM"},{"seq_first":49,"seq_last":51,"session":"s2","stream":"chat","text":"[SYS]   BOTH       chat + telemetry + SYSTEM"},{"seq_first":52,"seq_last":55,"session":"s2","stream":"chat","text":"[SYS]   BLE 0004 machine telemetry is independent when subscribed"},{"seq_first":56,"seq_last":57,"session":"s2","stream":"chat","text":"[SYS]   current=CHAT echo=OFF"},{"seq_first":58,"seq_last":58,"session":"s2","stream":"chat","text":"[SYS] COMMANDS:"},{"seq_first":59,"seq_last":60,"session":"s2","stream":"chat","text":"[SYS]   /help       show this help"},{"seq_first":61,"seq_last":62,"session":"s2","stream":"chat","text":"[SYS]   /id         show node identity"},{"seq_first":63,"seq_last":64,"session":"s2","stream":"chat","text":"[SYS]   /chat       human console CHAT"},{"seq_first":42,"seq_last":45,"session":"s1","stream":"chat","text":"[SYS]   > text                       local USER TX confirmed"},{"seq_first":65,"seq_last":67,"session":"s2","stream":"chat","text":"[SYS]   /tele       human console TELEMETRY"},{"seq_first":68,"seq_last":69,"session":"s2","stream":"chat","text":"[SYS]   /both       human console BOTH"},{"seq_first":70,"seq_last":71,"session":"s2","stream":"chat","text":"[SYS]   /echo       toggle echo mode"},{"seq_first":72,"seq_last":74,"session":"s2","stream":"chat","text":"[SYS]   /cancel     stop current USER delivery/retries"},{"seq_first":75,"seq_last":78,"session":"s2","stream":"chat","text":"[SYS]   /cancel all stop current USER and discard queued USERs"},{"seq_first":79,"seq_last":81,"session":"s2","stream":"chat","text":"[SYS]   /reboot     reboot ESP32 controller"},{"seq_first":82,"seq_last":83,"session":"s2","stream":"chat","text":"[SYS] RAW CONTROLS (HEX):"},{"seq_first":84,"seq_last":87,"session":"s2","stream":"chat","text":"[SYS]   14 31=CHAT  14 32=TELEMETRY  14 33=BOTH  14 65=ECHO toggle"},{"seq_first":88,"seq_last":89,"session":"s2","stream":"chat","text":"[SYS] ANDROID BLE TERMINAL MACROS:"},{"seq_first":90,"seq_last":92,"session":"s2","stream":"chat","text":"[SYS]   HEX macro, no EOL: 14 31 / 14 32 / 14 33 / 14 65"},{"seq_first":46,"seq_last":49,"session":"s1","stream":"chat","text":"[SYS]   < [RSSI/SNR Q%] text         USER received from peer"},{"seq_first":93,"seq_last":97,"session":"s2","stream":"chat","text":"[SYS]   or TEXT macro + LF: /help /id /chat /tele /both /echo /cancel /cancel all /reboot"},{"seq_first":98,"seq_last":101,"session":"s2","stream":"chat","text":"[SYS]   Nordic UART human console=0003; machine telemetry=0004 optional"},{"seq_first":102,"seq_last":105,"session":"s2","stream":"chat","text":"[SYS] BLE CLIENT: machine telemetry 0004 subscribed in background"},{"seq_first":50,"seq_last":53,"session":"s1","stream":"chat","text":"[SYS]   > [ECHO TX] text             local echo TX confirmed"},{"seq_first":54,"seq_last":57,"session":"s1","stream":"chat","text":"[SYS]   < [ECHO RSSI/SNR Q%] text    matching echo reply received"},{"seq_first":58,"seq_last":61,"session":"s1","stream":"chat","text":"[SYS]   [ECHO] NO RESPONSE           matching echo reply timed out"},{"seq_first":62,"seq_last":64,"session":"s1","stream":"chat","text":"[SYS]   delivery retry details       TELEMETRY only"},{"seq_first":65,"seq_last":67,"session":"s1","stream":"chat","text":"[SYS]   RSSI=dBm, SNR=dB, Q=rolling receive quality %"},{"seq_first":68,"seq_last":69,"session":"s1","stream":"chat","text":"[SYS] HUMAN CONSOLE MODES:"},{"seq_first":70,"seq_last":71,"session":"s1","stream":"chat","text":"[SYS]   CHAT       chat + SYSTEM"},{"seq_first":72,"seq_last":73,"session":"s1","stream":"chat","text":"[SYS]   TELEMETRY  telemetry + SYSTEM"},{"seq_first":74,"seq_last":74,"session":"s1","stream":"chat","text":"show node identity"},{"seq_first":75,"seq_last":76,"session":"s1","stream":"chat","text":"[SYS]   /chat       human console CHAT"},{"seq_first":77,"seq_last":79,"session":"s1","stream":"chat","text":"[SYS]   /tele       human console TELEMETRY"},{"seq_first":80,"seq_last":81,"session":"s1","stream":"chat","text":"[SYS]   /both       human console BOTH"},{"seq_first":82,"seq_last":83,"session":"s1","stream":"chat","text":"[SYS]   /echo       toggle echo mode"},{"seq_first":84,"seq_last":85,"session":"s1","stream":"chat","text":"[SYS]   /cancel     ler"},{"seq_first":86,"seq_last":87,"session":"s1","stream":"chat","text":"[SYS] RAW CONTROLS (HEX):"},{"seq_first":88,"seq_last":91,"session":"s1","stream":"chat","text":"[SYS]   14 31=CHAT  14 32=TELEMETRY  14 33=BOTH  14 65=ECHO toggle"},{"seq_first":92,"seq_last":93,"session":"s1","stream":"chat","text":"[SYS] ANDROID BLE TERMINAL MACROS:"},{"seq_first":94,"seq_last":98,"session":"s1","stream":"chat","text":"[SYS]   HEX macro, no EOL: 14 31 / 14 32chine telemetry 0004 subscribed in background"}],"timed_out":false}}
2026-09-18T02:31:27.501+03:00 [RX telemetry] {"data_b64":"ClNFU1NJT04gdD03MjBzIFRYIG8=","description":"ble:LoRa-Chatter-72E0 E0:72:A1:D5:4C:15","device_key":"ble-address:e0:72:a1:d5:4c:15","kind":"rx","seq":106,"session":"s2","stream":"telemetry","text":"\nSESSION t=720s TX o","timestamp":1789687887.5016625}
2026-09-18T02:31:27.502+03:00 [RX telemetry] {"data_b64":"az0wIHVzZXI9MCBlY2hvX3JlcT0=","description":"ble:LoRa-Chatter-72E0 E0:72:A1:D5:4C:15","device_key":"ble-address:e0:72:a1:d5:4c:15","kind":"rx","seq":107,"session":"s2","stream":"telemetry","text":"k=0 user=0 echo_req=","timestamp":1789687887.5024433}
2026-09-18T02:31:27.503+03:00 [RX telemetry] {"data_b64":"MCBlY2hvX3JlcD0wIGhiPTAoaWQ=","description":"ble:LoRa-Chatter-72E0 E0:72:A1:D5:4C:15","device_key":"ble-address:e0:72:a1:d5:4c:15","kind":"rx","seq":108,"session":"s2","stream":"telemetry","text":"0 echo_rep=0 hb=0(id","timestamp":1789687887.5025494}
2026-09-18T02:31:27.503+03:00 [RX telemetry] {"data_b64":"bGU9MCkgZXJyPTAgc3RhcnRlZD0=","description":"ble:LoRa-Chatter-72E0 E0:72:A1:D5:4C:15","device_key":"ble-address:e0:72:a1:d5:4c:15","kind":"rx","seq":109,"session":"s2","stream":"telemetry","text":"le=0) err=0 started=","timestamp":1789687887.5033863}
2026-09-18T02:31:27.504+03:00 [RX telemetry] {"data_b64":"MCBSWCBvaz0wIHVzZXI9MCBlY2g=","description":"ble:LoRa-Chatter-72E0 E0:72:A1:D5:4C:15","device_key":"ble-address:e0:72:a1:d5:4c:15","kind":"rx","seq":110,"session":"s2","stream":"telemetry","text":"0 RX ok=0 user=0 ech","timestamp":1789687887.5039866}
2026-09-18T02:31:27.504+03:00 [RX telemetry] {"data_b64":"b19yZXE9MCBlY2hvX3JlcD0wIGg=","description":"ble:LoRa-Chatter-72E0 E0:72:A1:D5:4C:15","device_key":"ble-address:e0:72:a1:d5:4c:15","kind":"rx","seq":111,"session":"s2","stream":"telemetry","text":"o_req=0 echo_rep=0 h","timestamp":1789687887.5045948}
2026-09-18T02:31:27.505+03:00 [RX telemetry] {"data_b64":"Yj0wIGNyYz0wIGhkcj0wIGJhZD0=","description":"ble:LoRa-Chatter-72E0 E0:72:A1:D5:4C:15","device_key":"ble-address:e0:72:a1:d5:4c:15","kind":"rx","seq":112,"session":"s2","stream":"telemetry","text":"b=0 crc=0 hdr=0 bad=","timestamp":1789687887.505236}
2026-09-18T02:31:27.506+03:00 [RX telemetry] {"data_b64":"MSByZWFkZXJyPTAgcmVwb3J0cz0=","description":"ble:LoRa-Chatter-72E0 E0:72:A1:D5:4C:15","device_key":"ble-address:e0:72:a1:d5:4c:15","kind":"rx","seq":113,"session":"s2","stream":"telemetry","text":"1 readerr=0 reports=","timestamp":1789687887.5061054}
2026-09-18T02:31:27.506+03:00 [RX telemetry] {"data_b64":"MCBRPTAlIGRyb3BzPTAgZmF0YWw=","description":"ble:LoRa-Chatter-72E0 E0:72:A1:D5:4C:15","device_key":"ble-address:e0:72:a1:d5:4c:15","kind":"rx","seq":114,"session":"s2","stream":"telemetry","text":"0 Q=0% drops=0 fatal","timestamp":1789687887.5067084}
2026-09-18T02:31:27.507+03:00 [RX telemetry] {"data_b64":"PTAK","description":"ble:LoRa-Chatter-72E0 E0:72:A1:D5:4C:15","device_key":"ble-address:e0:72:a1:d5:4c:15","kind":"rx","seq":115,"session":"s2","stream":"telemetry","text":"=0\n","timestamp":1789687887.5075402}
2026-09-18T02:31:27.508+03:00 [RX telemetry] {"data_b64":"U0VTU0lPTiBDT1VSVEVTWSB3aW4=","description":"ble:LoRa-Chatter-72E0 E0:72:A1:D5:4C:15","device_key":"ble-address:e0:72:a1:d5:4c:15","kind":"rx","seq":116,"session":"s2","stream":"telemetry","text":"SESSION COURTESY win","timestamp":1789687887.5085316}
2026-09-18T02:31:27.509+03:00 [RX telemetry] {"data_b64":"ZG93PTkxMjNtcyBwZWVyX3JlbGU=","description":"ble:LoRa-Chatter-72E0 E0:72:A1:D5:4C:15","device_key":"ble-address:e0:72:a1:d5:4c:15","kind":"rx","seq":117,"session":"s2","stream":"telemetry","text":"dow=9123ms peer_rele","timestamp":1789687887.5092099}
2026-09-18T02:31:27.510+03:00 [RX telemetry] {"data_b64":"YXNlPTAgZXhwaXJlZD0wIHlpZWw=","description":"ble:LoRa-Chatter-72E0 E0:72:A1:D5:4C:15","device_key":"ble-address:e0:72:a1:d5:4c:15","kind":"rx","seq":118,"session":"s2","stream":"telemetry","text":"ase=0 expired=0 yiel","timestamp":1789687887.509922}
2026-09-18T02:31:27.511+03:00 [RX telemetry] {"data_b64":"ZGluZz0wCg==","description":"ble:LoRa-Chatter-72E0 E0:72:A1:D5:4C:15","device_key":"ble-address:e0:72:a1:d5:4c:15","kind":"rx","seq":119,"session":"s2","stream":"telemetry","text":"ding=0\n","timestamp":1789687887.5108142}
2026-09-18T02:31:27.511+03:00 [RX telemetry] {"data_b64":"U0VTU0lPTiBESU8wX1RYIGFmZmU=","description":"ble:LoRa-Chatter-72E0 E0:72:A1:D5:4C:15","device_key":"ble-address:e0:72:a1:d5:4c:15","kind":"rx","seq":120,"session":"s2","stream":"telemetry","text":"SESSION DIO0_TX affe","timestamp":1789687887.5115693}
2026-09-18T02:31:27.512+03:00 [RX telemetry] {"data_b64":"Y3RlZD0wLzAgZXBpc29kZXM9MCA=","description":"ble:LoRa-Chatter-72E0 E0:72:A1:D5:4C:15","device_key":"ble-address:e0:72:a1:d5:4c:15","kind":"rx","seq":121,"session":"s2","stream":"telemetry","text":"cted=0/0 episodes=0 ","timestamp":1789687887.5121698}
2026-09-18T02:31:27.513+03:00 [RX telemetry] {"data_b64":"YXZnX2FsbD0wLjAwIGF2Z19hZmY=","description":"ble:LoRa-Chatter-72E0 E0:72:A1:D5:4C:15","device_key":"ble-address:e0:72:a1:d5:4c:15","kind":"rx","seq":122,"session":"s2","stream":"telemetry","text":"avg_all=0.00 avg_aff","timestamp":1789687887.5132139}
2026-09-18T02:31:27.514+03:00 [RX telemetry] {"data_b64":"ZWN0ZWQ9MC4wMCBoaWdoX3BvbGw=","description":"ble:LoRa-Chatter-72E0 E0:72:A1:D5:4C:15","device_key":"ble-address:e0:72:a1:d5:4c:15","kind":"rx","seq":123,"session":"s2","stream":"telemetry","text":"ected=0.00 high_poll","timestamp":1789687887.5138426}
2026-09-18T02:31:27.548+03:00 [RX telemetry] {"data_b64":"cz0wCg==","description":"ble:LoRa-Chatter-72E0 E0:72:A1:D5:4C:15","device_key":"ble-address:e0:72:a1:d5:4c:15","kind":"rx","seq":124,"session":"s2","stream":"telemetry","text":"s=0\n","timestamp":1789687887.5481303}
2026-09-18T02:31:27.549+03:00 [RX telemetry] {"data_b64":"U0VTU0lPTiBSWF9QT0xMIHBvbGw=","description":"ble:LoRa-Chatter-72E0 E0:72:A1:D5:4C:15","device_key":"ble-address:e0:72:a1:d5:4c:15","kind":"rx","seq":125,"session":"s2","stream":"telemetry","text":"SESSION RX_POLL poll","timestamp":1789687887.5482821}
2026-09-18T02:31:27.549+03:00 [RX telemetry] {"data_b64":"cz03MTY2Mjkgcnhkb25lPTEgaW4=","description":"ble:LoRa-Chatter-72E0 E0:72:A1:D5:4C:15","device_key":"ble-address:e0:72:a1:d5:4c:15","kind":"rx","seq":126,"session":"s2","stream":"telemetry","text":"s=716629 rxdone=1 in","timestamp":1789687887.549522}
2026-09-18T02:31:27.550+03:00 [RX telemetry] {"data_b64":"dGVydmFsPTEwMDB1cyBESU8wX1I=","description":"ble:LoRa-Chatter-72E0 E0:72:A1:D5:4C:15","device_key":"ble-address:e0:72:a1:d5:4c:15","kind":"rx","seq":127,"session":"s2","stream":"telemetry","text":"terval=1000us DIO0_R","timestamp":1789687887.5496235}
2026-09-18T02:31:27.550+03:00 [RX telemetry] {"data_b64":"WCBmYWxzZV9oaWdoX2VwPTAgaGk=","description":"ble:LoRa-Chatter-72E0 E0:72:A1:D5:4C:15","device_key":"ble-address:e0:72:a1:d5:4c:15","kind":"rx","seq":128,"session":"s2","stream":"telemetry","text":"X false_high_ep=0 hi","timestamp":1789687887.5496948}
2026-09-18T02:31:27.551+03:00 [RX telemetry] {"data_b64":"Z2hfcG9sbHM9MCByeGRvbmVfbG8=","description":"ble:LoRa-Chatter-72E0 E0:72:A1:D5:4C:15","device_key":"ble-address:e0:72:a1:d5:4c:15","kind":"rx","seq":129,"session":"s2","stream":"telemetry","text":"gh_polls=0 rxdone_lo","timestamp":1789687887.5508227}
2026-09-18T02:31:27.551+03:00 [RX telemetry] {"data_b64":"dz0wIGlzcj1kaXNhYmxlZAo=","description":"ble:LoRa-Chatter-72E0 E0:72:A1:D5:4C:15","device_key":"ble-address:e0:72:a1:d5:4c:15","kind":"rx","seq":130,"session":"s2","stream":"telemetry","text":"w=0 isr=disabled\n","timestamp":1789687887.550884}
2026-09-18T02:31:38.885+03:00 [AGENT REQUEST] {"id":14,"op":"observe","cursors":{"s1":98,"s2":105},"timeout_ms":3000}
2026-09-18T02:31:38.886+03:00 [AGENT RESPONSE] {"id":14,"ok":true,"result":{"cursors":{"s1":98,"s2":130},"events":[{"data_b64":"ClNFU1NJT04gdD03MjBzIFRYIG8=","description":"ble:LoRa-Chatter-72E0 E0:72:A1:D5:4C:15","device_key":"ble-address:e0:72:a1:d5:4c:15","kind":"rx","seq":106,"session":"s2","stream":"telemetry","text":"\nSESSION t=720s TX o","timestamp":1789687887.5016625},{"data_b64":"az0wIHVzZXI9MCBlY2hvX3JlcT0=","description":"ble:LoRa-Chatter-72E0 E0:72:A1:D5:4C:15","device_key":"ble-address:e0:72:a1:d5:4c:15","kind":"rx","seq":107,"session":"s2","stream":"telemetry","text":"k=0 user=0 echo_req=","timestamp":1789687887.5024433},{"data_b64":"MCBlY2hvX3JlcD0wIGhiPTAoaWQ=","description":"ble:LoRa-Chatter-72E0 E0:72:A1:D5:4C:15","device_key":"ble-address:e0:72:a1:d5:4c:15","kind":"rx","seq":108,"session":"s2","stream":"telemetry","text":"0 echo_rep=0 hb=0(id","timestamp":1789687887.5025494},{"data_b64":"bGU9MCkgZXJyPTAgc3RhcnRlZD0=","description":"ble:LoRa-Chatter-72E0 E0:72:A1:D5:4C:15","device_key":"ble-address:e0:72:a1:d5:4c:15","kind":"rx","seq":109,"session":"s2","stream":"telemetry","text":"le=0) err=0 started=","timestamp":1789687887.5033863},{"data_b64":"MCBSWCBvaz0wIHVzZXI9MCBlY2g=","description":"ble:LoRa-Chatter-72E0 E0:72:A1:D5:4C:15","device_key":"ble-address:e0:72:a1:d5:4c:15","kind":"rx","seq":110,"session":"s2","stream":"telemetry","text":"0 RX ok=0 user=0 ech","timestamp":1789687887.5039866},{"data_b64":"b19yZXE9MCBlY2hvX3JlcD0wIGg=","description":"ble:LoRa-Chatter-72E0 E0:72:A1:D5:4C:15","device_key":"ble-address:e0:72:a1:d5:4c:15","kind":"rx","seq":111,"session":"s2","stream":"telemetry","text":"o_req=0 echo_rep=0 h","timestamp":1789687887.5045948},{"data_b64":"Yj0wIGNyYz0wIGhkcj0wIGJhZD0=","description":"ble:LoRa-Chatter-72E0 E0:72:A1:D5:4C:15","device_key":"ble-address:e0:72:a1:d5:4c:15","kind":"rx","seq":112,"session":"s2","stream":"telemetry","text":"b=0 crc=0 hdr=0 bad=","timestamp":1789687887.505236},{"data_b64":"MSByZWFkZXJyPTAgcmVwb3J0cz0=","description":"ble:LoRa-Chatter-72E0 E0:72:A1:D5:4C:15","device_key":"ble-address:e0:72:a1:d5:4c:15","kind":"rx","seq":113,"session":"s2","stream":"telemetry","text":"1 readerr=0 reports=","timestamp":1789687887.5061054},{"data_b64":"MCBRPTAlIGRyb3BzPTAgZmF0YWw=","description":"ble:LoRa-Chatter-72E0 E0:72:A1:D5:4C:15","device_key":"ble-address:e0:72:a1:d5:4c:15","kind":"rx","seq":114,"session":"s2","stream":"telemetry","text":"0 Q=0% drops=0 fatal","timestamp":1789687887.5067084},{"data_b64":"PTAK","description":"ble:LoRa-Chatter-72E0 E0:72:A1:D5:4C:15","device_key":"ble-address:e0:72:a1:d5:4c:15","kind":"rx","seq":115,"session":"s2","stream":"telemetry","text":"=0\n","timestamp":1789687887.5075402},{"data_b64":"U0VTU0lPTiBDT1VSVEVTWSB3aW4=","description":"ble:LoRa-Chatter-72E0 E0:72:A1:D5:4C:15","device_key":"ble-address:e0:72:a1:d5:4c:15","kind":"rx","seq":116,"session":"s2","stream":"telemetry","text":"SESSION COURTESY win","timestamp":1789687887.5085316},{"data_b64":"ZG93PTkxMjNtcyBwZWVyX3JlbGU=","description":"ble:LoRa-Chatter-72E0 E0:72:A1:D5:4C:15","device_key":"ble-address:e0:72:a1:d5:4c:15","kind":"rx","seq":117,"session":"s2","stream":"telemetry","text":"dow=9123ms peer_rele","timestamp":1789687887.5092099},{"data_b64":"YXNlPTAgZXhwaXJlZD0wIHlpZWw=","description":"ble:LoRa-Chatter-72E0 E0:72:A1:D5:4C:15","device_key":"ble-address:e0:72:a1:d5:4c:15","kind":"rx","seq":118,"session":"s2","stream":"telemetry","text":"ase=0 expired=0 yiel","timestamp":1789687887.509922},{"data_b64":"ZGluZz0wCg==","description":"ble:LoRa-Chatter-72E0 E0:72:A1:D5:4C:15","device_key":"ble-address:e0:72:a1:d5:4c:15","kind":"rx","seq":119,"session":"s2","stream":"telemetry","text":"ding=0\n","timestamp":1789687887.5108142},{"data_b64":"U0VTU0lPTiBESU8wX1RYIGFmZmU=","description":"ble:LoRa-Chatter-72E0 E0:72:A1:D5:4C:15","device_key":"ble-address:e0:72:a1:d5:4c:15","kind":"rx","seq":120,"session":"s2","stream":"telemetry","text":"SESSION DIO0_TX affe","timestamp":1789687887.5115693},{"data_b64":"Y3RlZD0wLzAgZXBpc29kZXM9MCA=","description":"ble:LoRa-Chatter-72E0 E0:72:A1:D5:4C:15","device_key":"ble-address:e0:72:a1:d5:4c:15","kind":"rx","seq":121,"session":"s2","stream":"telemetry","text":"cted=0/0 episodes=0 ","timestamp":1789687887.5121698},{"data_b64":"YXZnX2FsbD0wLjAwIGF2Z19hZmY=","description":"ble:LoRa-Chatter-72E0 E0:72:A1:D5:4C:15","device_key":"ble-address:e0:72:a1:d5:4c:15","kind":"rx","seq":122,"session":"s2","stream":"telemetry","text":"avg_all=0.00 avg_aff","timestamp":1789687887.5132139},{"data_b64":"ZWN0ZWQ9MC4wMCBoaWdoX3BvbGw=","description":"ble:LoRa-Chatter-72E0 E0:72:A1:D5:4C:15","device_key":"ble-address:e0:72:a1:d5:4c:15","kind":"rx","seq":123,"session":"s2","stream":"telemetry","text":"ected=0.00 high_poll","timestamp":1789687887.5138426},{"data_b64":"cz0wCg==","description":"ble:LoRa-Chatter-72E0 E0:72:A1:D5:4C:15","device_key":"ble-address:e0:72:a1:d5:4c:15","kind":"rx","seq":124,"session":"s2","stream":"telemetry","text":"s=0\n","timestamp":1789687887.5481303},{"data_b64":"U0VTU0lPTiBSWF9QT0xMIHBvbGw=","description":"ble:LoRa-Chatter-72E0 E0:72:A1:D5:4C:15","device_key":"ble-address:e0:72:a1:d5:4c:15","kind":"rx","seq":125,"session":"s2","stream":"telemetry","text":"SESSION RX_POLL poll","timestamp":1789687887.5482821},{"data_b64":"cz03MTY2Mjkgcnhkb25lPTEgaW4=","description":"ble:LoRa-Chatter-72E0 E0:72:A1:D5:4C:15","device_key":"ble-address:e0:72:a1:d5:4c:15","kind":"rx","seq":126,"session":"s2","stream":"telemetry","text":"s=716629 rxdone=1 in","timestamp":1789687887.549522},{"data_b64":"dGVydmFsPTEwMDB1cyBESU8wX1I=","description":"ble:LoRa-Chatter-72E0 E0:72:A1:D5:4C:15","device_key":"ble-address:e0:72:a1:d5:4c:15","kind":"rx","seq":127,"session":"s2","stream":"telemetry","text":"terval=1000us DIO0_R","timestamp":1789687887.5496235},{"data_b64":"WCBmYWxzZV9oaWdoX2VwPTAgaGk=","description":"ble:LoRa-Chatter-72E0 E0:72:A1:D5:4C:15","device_key":"ble-address:e0:72:a1:d5:4c:15","kind":"rx","seq":128,"session":"s2","stream":"telemetry","text":"X false_high_ep=0 hi","timestamp":1789687887.5496948},{"data_b64":"Z2hfcG9sbHM9MCByeGRvbmVfbG8=","description":"ble:LoRa-Chatter-72E0 E0:72:A1:D5:4C:15","device_key":"ble-address:e0:72:a1:d5:4c:15","kind":"rx","seq":129,"session":"s2","stream":"telemetry","text":"gh_polls=0 rxdone_lo","timestamp":1789687887.5508227},{"data_b64":"dz0wIGlzcj1kaXNhYmxlZAo=","description":"ble:LoRa-Chatter-72E0 E0:72:A1:D5:4C:15","device_key":"ble-address:e0:72:a1:d5:4c:15","kind":"rx","seq":130,"session":"s2","stream":"telemetry","text":"w=0 isr=disabled\n","timestamp":1789687887.550884}],"lines":[{"seq_first":106,"seq_last":106,"session":"s2","stream":"telemetry","text":""},{"seq_first":106,"seq_last":115,"session":"s2","stream":"telemetry","text":"SESSION t=720s TX ok=0 user=0 echo_req=0 echo_rep=0 hb=0(idle=0) err=0 started=0 RX ok=0 user=0 echo_req=0 echo_rep=0 hb=0 crc=0 hdr=0 bad=1 readerr=0 reports=0 Q=0% drops=0 fatal=0"},{"seq_first":116,"seq_last":119,"session":"s2","stream":"telemetry","text":"SESSION COURTESY window=9123ms peer_release=0 expired=0 yielding=0"},{"seq_first":120,"seq_last":124,"session":"s2","stream":"telemetry","text":"SESSION DIO0_TX affected=0/0 episodes=0 avg_all=0.00 avg_affected=0.00 high_polls=0"},{"seq_first":125,"seq_last":130,"session":"s2","stream":"telemetry","text":"SESSION RX_POLL polls=716629 rxdone=1 interval=1000us DIO0_RX false_high_ep=0 high_polls=0 rxdone_low=0 isr=disabled"}],"timed_out":false}}
2026-09-18T02:31:38.886+03:00 [AGENT REQUEST] {"id":15,"op":"status","session":"s1"}
2026-09-18T02:31:38.886+03:00 [AGENT RESPONSE] {"id":15,"ok":true,"result":{"connected":true,"description":"ble:LoRa-Chatter-1B44 44:1B:F6:8D:B7:A9","device_key":"ble-address:44:1b:f6:8d:b7:a9","latest_seq":98,"profile":"chatter","queued_tx":0,"session":"s1","state":"connected","streams":["chat","telemetry"]}}
2026-09-18T02:31:38.886+03:00 [AGENT REQUEST] {"id":16,"op":"status","session":"s2"}
2026-09-18T02:31:38.886+03:00 [AGENT RESPONSE] {"id":16,"ok":true,"result":{"connected":true,"description":"ble:LoRa-Chatter-72E0 E0:72:A1:D5:4C:15","device_key":"ble-address:e0:72:a1:d5:4c:15","latest_seq":130,"profile":"chatter","queued_tx":0,"session":"s2","state":"connected","streams":["chat","telemetry"]}}
2026-09-18T02:31:54.807+03:00 [AGENT REQUEST] {"id":20,"op":"send_line","session":"s2","text":"/help"}
2026-09-18T02:31:54.808+03:00 [TX] {"data_b64":"L2hlbHAK","device_key":"ble-address:e0:72:a1:d5:4c:15","kind":"tx","seq":131,"session":"s2","text":"/help","timestamp":1789687914.8074481,"tx_id":3,"tx_state":"queued"}
2026-09-18T02:31:54.809+03:00 [AGENT RESPONSE] {"id":20,"ok":true,"result":{"state":"queued","tx_id":3}}
2026-09-18T02:31:54.809+03:00 [AGENT REQUEST] {"id":21,"op":"send_line","session":"s1","text":"/help"}
2026-09-18T02:31:54.811+03:00 [TX] {"data_b64":"L2hlbHAK","device_key":"ble-address:44:1b:f6:8d:b7:a9","kind":"tx","seq":99,"session":"s1","text":"/help","timestamp":1789687914.810112,"tx_id":3,"tx_state":"queued"}
2026-09-18T02:31:54.812+03:00 [AGENT RESPONSE] {"id":21,"ok":true,"result":{"state":"queued","tx_id":3}}
2026-09-18T02:31:54.812+03:00 [TX] {"data_b64":"L2hlbHAK","description":"ble:LoRa-Chatter-72E0 E0:72:A1:D5:4C:15","device_key":"ble-address:e0:72:a1:d5:4c:15","kind":"tx","seq":132,"session":"s2","text":"/help","timestamp":1789687914.8117929,"tx_id":3,"tx_state":"written"}
2026-09-18T02:31:54.812+03:00 [TX] {"data_b64":"L2hlbHAK","description":"ble:LoRa-Chatter-1B44 44:1B:F6:8D:B7:A9","device_key":"ble-address:44:1b:f6:8d:b7:a9","kind":"tx","seq":100,"session":"s1","text":"/help","timestamp":1789687914.8124201,"tx_id":3,"tx_state":"written"}
2026-09-18T02:31:54.865+03:00 [RX chat] {"data_b64":"CltTWVNdIENIQVRURVIgSEVMUAo=","description":"ble:LoRa-Chatter-72E0 E0:72:A1:D5:4C:15","device_key":"ble-address:e0:72:a1:d5:4c:15","kind":"rx","seq":133,"session":"s2","stream":"chat","text":"\n[SYS] CHATTER HELP\n","timestamp":1789687914.8635385}
2026-09-18T02:31:54.866+03:00 [RX chat] {"data_b64":"W1NZU10gQ0hBVFRFUiBOT0RFIEw=","description":"ble:LoRa-Chatter-72E0 E0:72:A1:D5:4C:15","device_key":"ble-address:e0:72:a1:d5:4c:15","kind":"rx","seq":134,"session":"s2","stream":"chat","text":"[SYS] CHATTER NODE L","timestamp":1789687914.8660467}
2026-09-18T02:31:54.866+03:00 [RX chat] {"data_b64":"b1JhLUNoYXR0ZXItNzJFMAo=","description":"ble:LoRa-Chatter-72E0 E0:72:A1:D5:4C:15","device_key":"ble-address:e0:72:a1:d5:4c:15","kind":"rx","seq":135,"session":"s2","stream":"chat","text":"oRa-Chatter-72E0\n","timestamp":1789687914.8660843}
2026-09-18T02:31:54.866+03:00 [RX chat] {"data_b64":"W1NZU10gQ0hBVCBPVVRQVVQ6Cg==","description":"ble:LoRa-Chatter-72E0 E0:72:A1:D5:4C:15","device_key":"ble-address:e0:72:a1:d5:4c:15","kind":"rx","seq":136,"session":"s2","stream":"chat","text":"[SYS] CHAT OUTPUT:\n","timestamp":1789687914.8662722}
2026-09-18T02:31:54.867+03:00 [RX chat] {"data_b64":"W1NZU10gICA+IHRleHQgICAgICA=","description":"ble:LoRa-Chatter-72E0 E0:72:A1:D5:4C:15","device_key":"ble-address:e0:72:a1:d5:4c:15","kind":"rx","seq":137,"session":"s2","stream":"chat","text":"[SYS]   > text      ","timestamp":1789687914.8667371}
2026-09-18T02:31:54.867+03:00 [RX chat] {"data_b64":"ICAgICAgICAgICAgICAgICBsb2M=","description":"ble:LoRa-Chatter-72E0 E0:72:A1:D5:4C:15","device_key":"ble-address:e0:72:a1:d5:4c:15","kind":"rx","seq":138,"session":"s2","stream":"chat","text":"                 loc","timestamp":1789687914.8667555}
2026-09-18T02:31:54.867+03:00 [RX chat] {"data_b64":"YWwgVVNFUiBUWCBjb25maXJtZWQ=","description":"ble:LoRa-Chatter-72E0 E0:72:A1:D5:4C:15","device_key":"ble-address:e0:72:a1:d5:4c:15","kind":"rx","seq":139,"session":"s2","stream":"chat","text":"al USER TX confirmed","timestamp":1789687914.866768}
2026-09-18T02:31:54.867+03:00 [RX chat] {"data_b64":"Cg==","description":"ble:LoRa-Chatter-72E0 E0:72:A1:D5:4C:15","device_key":"ble-address:e0:72:a1:d5:4c:15","kind":"rx","seq":140,"session":"s2","stream":"chat","text":"\n","timestamp":1789687914.8667798}
2026-09-18T02:31:54.867+03:00 [RX chat] {"data_b64":"W1NZU10gICA8IFtSU1NJL1NOUiA=","description":"ble:LoRa-Chatter-72E0 E0:72:A1:D5:4C:15","device_key":"ble-address:e0:72:a1:d5:4c:15","kind":"rx","seq":141,"session":"s2","stream":"chat","text":"[SYS]   < [RSSI/SNR ","timestamp":1789687914.8669288}
2026-09-18T02:31:54.867+03:00 [RX chat] {"data_b64":"USVdIHRleHQgICAgICAgICBVU0U=","description":"ble:LoRa-Chatter-72E0 E0:72:A1:D5:4C:15","device_key":"ble-address:e0:72:a1:d5:4c:15","kind":"rx","seq":142,"session":"s2","stream":"chat","text":"Q%] text         USE","timestamp":1789687914.8669431}
2026-09-18T02:31:54.867+03:00 [RX chat] {"data_b64":"UiByZWNlaXZlZCBmcm9tIHBlZXI=","description":"ble:LoRa-Chatter-72E0 E0:72:A1:D5:4C:15","device_key":"ble-address:e0:72:a1:d5:4c:15","kind":"rx","seq":143,"session":"s2","stream":"chat","text":"R received from peer","timestamp":1789687914.8669546}
2026-09-18T02:31:54.867+03:00 [RX chat] {"data_b64":"Cg==","description":"ble:LoRa-Chatter-72E0 E0:72:A1:D5:4C:15","device_key":"ble-address:e0:72:a1:d5:4c:15","kind":"rx","seq":144,"session":"s2","stream":"chat","text":"\n","timestamp":1789687914.8676455}
2026-09-18T02:31:54.867+03:00 [RX chat] {"data_b64":"W1NZU10gICA+IFtFQ0hPIFRYXSA=","description":"ble:LoRa-Chatter-72E0 E0:72:A1:D5:4C:15","device_key":"ble-address:e0:72:a1:d5:4c:15","kind":"rx","seq":145,"session":"s2","stream":"chat","text":"[SYS]   > [ECHO TX] ","timestamp":1789687914.8678918}
2026-09-18T02:31:54.871+03:00 [RX chat] {"data_b64":"dGV4dCAgICAgICAgICAgICBsb2M=","description":"ble:LoRa-Chatter-72E0 E0:72:A1:D5:4C:15","device_key":"ble-address:e0:72:a1:d5:4c:15","kind":"rx","seq":146,"session":"s2","stream":"chat","text":"text             loc","timestamp":1789687914.8710353}
2026-09-18T02:31:54.871+03:00 [RX chat] {"data_b64":"YWwgZWNobyBUWCBjb25maXJtZWQ=","description":"ble:LoRa-Chatter-72E0 E0:72:A1:D5:4C:15","device_key":"ble-address:e0:72:a1:d5:4c:15","kind":"rx","seq":147,"session":"s2","stream":"chat","text":"al echo TX confirmed","timestamp":1789687914.8711488}
2026-09-18T02:31:54.872+03:00 [RX chat] {"data_b64":"Cg==","description":"ble:LoRa-Chatter-72E0 E0:72:A1:D5:4C:15","device_key":"ble-address:e0:72:a1:d5:4c:15","kind":"rx","seq":148,"session":"s2","stream":"chat","text":"\n","timestamp":1789687914.8718846}
2026-09-18T02:31:54.872+03:00 [RX chat] {"data_b64":"W1NZU10gICA8IFtFQ0hPIFJTU0k=","description":"ble:LoRa-Chatter-72E0 E0:72:A1:D5:4C:15","device_key":"ble-address:e0:72:a1:d5:4c:15","kind":"rx","seq":149,"session":"s2","stream":"chat","text":"[SYS]   < [ECHO RSSI","timestamp":1789687914.8721294}
2026-09-18T02:31:54.872+03:00 [RX chat] {"data_b64":"L1NOUiBRJV0gdGV4dCAgICBtYXQ=","description":"ble:LoRa-Chatter-72E0 E0:72:A1:D5:4C:15","device_key":"ble-address:e0:72:a1:d5:4c:15","kind":"rx","seq":150,"session":"s2","stream":"chat","text":"/SNR Q%] text    mat","timestamp":1789687914.8721466}
2026-09-18T02:31:54.872+03:00 [RX chat] {"data_b64":"Y2hpbmcgZWNobyByZXBseSByZWM=","description":"ble:LoRa-Chatter-72E0 E0:72:A1:D5:4C:15","device_key":"ble-address:e0:72:a1:d5:4c:15","kind":"rx","seq":151,"session":"s2","stream":"chat","text":"ching echo reply rec","timestamp":1789687914.8725247}
2026-09-18T02:31:54.872+03:00 [RX chat] {"data_b64":"ZWl2ZWQK","description":"ble:LoRa-Chatter-72E0 E0:72:A1:D5:4C:15","device_key":"ble-address:e0:72:a1:d5:4c:15","kind":"rx","seq":152,"session":"s2","stream":"chat","text":"eived\n","timestamp":1789687914.872731}
2026-09-18T02:31:54.907+03:00 [RX chat] {"data_b64":"W1NZU10gICBbRUNIT10gTk8gUkU=","description":"ble:LoRa-Chatter-72E0 E0:72:A1:D5:4C:15","device_key":"ble-address:e0:72:a1:d5:4c:15","kind":"rx","seq":153,"session":"s2","stream":"chat","text":"[SYS]   [ECHO] NO RE","timestamp":1789687914.9072542}
2026-09-18T02:31:54.908+03:00 [RX chat] {"data_b64":"U1BPTlNFICAgICAgICAgICBtYXQ=","description":"ble:LoRa-Chatter-72E0 E0:72:A1:D5:4C:15","device_key":"ble-address:e0:72:a1:d5:4c:15","kind":"rx","seq":154,"session":"s2","stream":"chat","text":"SPONSE           mat","timestamp":1789687914.9077785}
2026-09-18T02:31:54.908+03:00 [RX chat] {"data_b64":"Y2hpbmcgZWNobyByZXBseSB0aW0=","description":"ble:LoRa-Chatter-72E0 E0:72:A1:D5:4C:15","device_key":"ble-address:e0:72:a1:d5:4c:15","kind":"rx","seq":155,"session":"s2","stream":"chat","text":"ching echo reply tim","timestamp":1789687914.9078166}
2026-09-18T02:31:54.908+03:00 [RX chat] {"data_b64":"ZWQgb3V0Cg==","description":"ble:LoRa-Chatter-72E0 E0:72:A1:D5:4C:15","device_key":"ble-address:e0:72:a1:d5:4c:15","kind":"rx","seq":156,"session":"s2","stream":"chat","text":"ed out\n","timestamp":1789687914.9081008}
2026-09-18T02:31:54.910+03:00 [RX chat] {"data_b64":"W1NZU10gICBkZWxpdmVyeSByZXQ=","description":"ble:LoRa-Chatter-72E0 E0:72:A1:D5:4C:15","device_key":"ble-address:e0:72:a1:d5:4c:15","kind":"rx","seq":157,"session":"s2","stream":"chat","text":"[SYS]   delivery ret","timestamp":1789687914.9102032}
2026-09-18T02:31:54.910+03:00 [RX chat] {"data_b64":"cnkgZGV0YWlscyAgICAgICBURUw=","description":"ble:LoRa-Chatter-72E0 E0:72:A1:D5:4C:15","device_key":"ble-address:e0:72:a1:d5:4c:15","kind":"rx","seq":158,"session":"s2","stream":"chat","text":"ry details       TEL","timestamp":1789687914.9103444}
2026-09-18T02:31:54.911+03:00 [RX chat] {"data_b64":"RU1FVFJZIG9ubHkK","description":"ble:LoRa-Chatter-72E0 E0:72:A1:D5:4C:15","device_key":"ble-address:e0:72:a1:d5:4c:15","kind":"rx","seq":159,"session":"s2","stream":"chat","text":"EMETRY only\n","timestamp":1789687914.910378}
2026-09-18T02:31:54.912+03:00 [RX chat] {"data_b64":"W1NZU10gICBSU1NJPWRCbSwgU04=","description":"ble:LoRa-Chatter-72E0 E0:72:A1:D5:4C:15","device_key":"ble-address:e0:72:a1:d5:4c:15","kind":"rx","seq":160,"session":"s2","stream":"chat","text":"[SYS]   RSSI=dBm, SN","timestamp":1789687914.9127114}
2026-09-18T02:31:54.913+03:00 [RX chat] {"data_b64":"Uj1kQiwgUT1yb2xsaW5nIHJlY2U=","description":"ble:LoRa-Chatter-72E0 E0:72:A1:D5:4C:15","device_key":"ble-address:e0:72:a1:d5:4c:15","kind":"rx","seq":161,"session":"s2","stream":"chat","text":"R=dB, Q=rolling rece","timestamp":1789687914.9135506}
2026-09-18T02:31:54.914+03:00 [RX chat] {"data_b64":"aXZlIHF1YWxpdHkgJQo=","description":"ble:LoRa-Chatter-72E0 E0:72:A1:D5:4C:15","device_key":"ble-address:e0:72:a1:d5:4c:15","kind":"rx","seq":162,"session":"s2","stream":"chat","text":"ive quality %\n","timestamp":1789687914.9136522}
2026-09-18T02:31:54.914+03:00 [RX chat] {"data_b64":"W1NZU10gSFVNQU4gQ09OU09MRSA=","description":"ble:LoRa-Chatter-72E0 E0:72:A1:D5:4C:15","device_key":"ble-address:e0:72:a1:d5:4c:15","kind":"rx","seq":163,"session":"s2","stream":"chat","text":"[SYS] HUMAN CONSOLE ","timestamp":1789687914.9138603}
2026-09-18T02:31:54.914+03:00 [RX chat] {"data_b64":"TU9ERVM6Cg==","description":"ble:LoRa-Chatter-72E0 E0:72:A1:D5:4C:15","device_key":"ble-address:e0:72:a1:d5:4c:15","kind":"rx","seq":164,"session":"s2","stream":"chat","text":"MODES:\n","timestamp":1789687914.913889}
2026-09-18T02:31:54.916+03:00 [RX chat] {"data_b64":"W1NZU10gICBDSEFUICAgICAgIGM=","description":"ble:LoRa-Chatter-72E0 E0:72:A1:D5:4C:15","device_key":"ble-address:e0:72:a1:d5:4c:15","kind":"rx","seq":165,"session":"s2","stream":"chat","text":"[SYS]   CHAT       c","timestamp":1789687914.9155812}
2026-09-18T02:31:54.916+03:00 [RX chat] {"data_b64":"aGF0ICsgU1lTVEVNCg==","description":"ble:LoRa-Chatter-72E0 E0:72:A1:D5:4C:15","device_key":"ble-address:e0:72:a1:d5:4c:15","kind":"rx","seq":166,"session":"s2","stream":"chat","text":"hat + SYSTEM\n","timestamp":1789687914.9163427}
2026-09-18T02:31:54.916+03:00 [RX chat] {"data_b64":"W1NZU10gICBURUxFTUVUUlkgIHQ=","description":"ble:LoRa-Chatter-72E0 E0:72:A1:D5:4C:15","device_key":"ble-address:e0:72:a1:d5:4c:15","kind":"rx","seq":167,"session":"s2","stream":"chat","text":"[SYS]   TELEMETRY  t","timestamp":1789687914.916531}
2026-09-18T02:31:54.916+03:00 [RX chat] {"data_b64":"ZWxlbWV0cnkgKyBTWVNURU0K","description":"ble:LoRa-Chatter-72E0 E0:72:A1:D5:4C:15","device_key":"ble-address:e0:72:a1:d5:4c:15","kind":"rx","seq":168,"session":"s2","stream":"chat","text":"elemetry + SYSTEM\n","timestamp":1789687914.9165533}
2026-09-18T02:31:54.947+03:00 [RX chat] {"data_b64":"CltTWVNdIENIQVRURVIgSEVMUAo=","description":"ble:LoRa-Chatter-1B44 44:1B:F6:8D:B7:A9","device_key":"ble-address:44:1b:f6:8d:b7:a9","kind":"rx","seq":101,"session":"s1","stream":"chat","text":"\n[SYS] CHATTER HELP\n","timestamp":1789687914.9471722}
2026-09-18T02:31:54.947+03:00 [RX chat] {"data_b64":"W1NZU10gQ0hBVFRFUiBOT0RFIEw=","description":"ble:LoRa-Chatter-1B44 44:1B:F6:8D:B7:A9","device_key":"ble-address:44:1b:f6:8d:b7:a9","kind":"rx","seq":102,"session":"s1","stream":"chat","text":"[SYS] CHATTER NODE L","timestamp":1789687914.9476583}
2026-09-18T02:31:54.947+03:00 [RX chat] {"data_b64":"b1JhLUNoYXR0ZXItMUI0NAo=","description":"ble:LoRa-Chatter-1B44 44:1B:F6:8D:B7:A9","device_key":"ble-address:44:1b:f6:8d:b7:a9","kind":"rx","seq":103,"session":"s1","stream":"chat","text":"oRa-Chatter-1B44\n","timestamp":1789687914.947685}
2026-09-18T02:31:54.951+03:00 [RX chat] {"data_b64":"W1NZU10gICBCT1RIICAgICAgIGM=","description":"ble:LoRa-Chatter-72E0 E0:72:A1:D5:4C:15","device_key":"ble-address:e0:72:a1:d5:4c:15","kind":"rx","seq":169,"session":"s2","stream":"chat","text":"[SYS]   BOTH       c","timestamp":1789687914.9516895}
2026-09-18T02:31:54.952+03:00 [RX chat] {"data_b64":"aGF0ICsgdGVsZW1ldHJ5ICsgU1k=","description":"ble:LoRa-Chatter-72E0 E0:72:A1:D5:4C:15","device_key":"ble-address:e0:72:a1:d5:4c:15","kind":"rx","seq":170,"session":"s2","stream":"chat","text":"hat + telemetry + SY","timestamp":1789687914.9519856}
2026-09-18T02:31:54.952+03:00 [RX chat] {"data_b64":"U1RFTQo=","description":"ble:LoRa-Chatter-72E0 E0:72:A1:D5:4C:15","device_key":"ble-address:e0:72:a1:d5:4c:15","kind":"rx","seq":171,"session":"s2","stream":"chat","text":"STEM\n","timestamp":1789687914.9522357}
2026-09-18T02:31:54.952+03:00 [RX chat] {"data_b64":"W1NZU10gICBCTEUgMDAwNCBtYWM=","description":"ble:LoRa-Chatter-72E0 E0:72:A1:D5:4C:15","device_key":"ble-address:e0:72:a1:d5:4c:15","kind":"rx","seq":172,"session":"s2","stream":"chat","text":"[SYS]   BLE 0004 mac","timestamp":1789687914.9524386}
2026-09-18T02:31:54.954+03:00 [RX chat] {"data_b64":"aGluZSB0ZWxlbWV0cnkgaXMgaW4=","description":"ble:LoRa-Chatter-72E0 E0:72:A1:D5:4C:15","device_key":"ble-address:e0:72:a1:d5:4c:15","kind":"rx","seq":173,"session":"s2","stream":"chat","text":"hine telemetry is in","timestamp":1789687914.954592}
2026-09-18T02:31:54.955+03:00 [RX chat] {"data_b64":"ZGVwZW5kZW50IHdoZW4gc3Vic2M=","description":"ble:LoRa-Chatter-72E0 E0:72:A1:D5:4C:15","device_key":"ble-address:e0:72:a1:d5:4c:15","kind":"rx","seq":174,"session":"s2","stream":"chat","text":"dependent when subsc","timestamp":1789687914.9549782}
2026-09-18T02:31:54.955+03:00 [RX chat] {"data_b64":"cmliZWQK","description":"ble:LoRa-Chatter-72E0 E0:72:A1:D5:4C:15","device_key":"ble-address:e0:72:a1:d5:4c:15","kind":"rx","seq":175,"session":"s2","stream":"chat","text":"ribed\n","timestamp":1789687914.9553125}
2026-09-18T02:31:54.955+03:00 [RX chat] {"data_b64":"W1NZU10gICBjdXJyZW50PUNIQVQ=","description":"ble:LoRa-Chatter-72E0 E0:72:A1:D5:4C:15","device_key":"ble-address:e0:72:a1:d5:4c:15","kind":"rx","seq":176,"session":"s2","stream":"chat","text":"[SYS]   current=CHAT","timestamp":1789687914.9554305}
2026-09-18T02:31:54.955+03:00 [RX chat] {"data_b64":"IGVjaG89T0ZGCg==","description":"ble:LoRa-Chatter-72E0 E0:72:A1:D5:4C:15","device_key":"ble-address:e0:72:a1:d5:4c:15","kind":"rx","seq":177,"session":"s2","stream":"chat","text":" echo=OFF\n","timestamp":1789687914.955447}
2026-09-18T02:31:54.958+03:00 [RX chat] {"data_b64":"W1NZU10gQ09NTUFORFM6Cg==","description":"ble:LoRa-Chatter-72E0 E0:72:A1:D5:4C:15","device_key":"ble-address:e0:72:a1:d5:4c:15","kind":"rx","seq":178,"session":"s2","stream":"chat","text":"[SYS] COMMANDS:\n","timestamp":1789687914.9577072}
2026-09-18T02:31:54.958+03:00 [RX chat] {"data_b64":"W1NZU10gICAvaGVscCAgICAgICA=","description":"ble:LoRa-Chatter-72E0 E0:72:A1:D5:4C:15","device_key":"ble-address:e0:72:a1:d5:4c:15","kind":"rx","seq":179,"session":"s2","stream":"chat","text":"[SYS]   /help       ","timestamp":1789687914.9579554}
2026-09-18T02:31:54.958+03:00 [RX chat] {"data_b64":"c2hvdyB0aGlzIGhlbHAK","description":"ble:LoRa-Chatter-72E0 E0:72:A1:D5:4C:15","device_key":"ble-address:e0:72:a1:d5:4c:15","kind":"rx","seq":180,"session":"s2","stream":"chat","text":"show this help\n","timestamp":1789687914.9583726}
2026-09-18T02:31:54.958+03:00 [RX chat] {"data_b64":"W1NZU10gICAvaWQgICAgICAgICA=","description":"ble:LoRa-Chatter-72E0 E0:72:A1:D5:4C:15","device_key":"ble-address:e0:72:a1:d5:4c:15","kind":"rx","seq":181,"session":"s2","stream":"chat","text":"[SYS]   /id         ","timestamp":1789687914.9586535}
2026-09-18T02:31:54.960+03:00 [RX chat] {"data_b64":"c2hvdyBub2RlIGlkZW50aXR5Cg==","description":"ble:LoRa-Chatter-72E0 E0:72:A1:D5:4C:15","device_key":"ble-address:e0:72:a1:d5:4c:15","kind":"rx","seq":182,"session":"s2","stream":"chat","text":"show node identity\n","timestamp":1789687914.9606817}
2026-09-18T02:31:54.961+03:00 [RX chat] {"data_b64":"W1NZU10gICAvY2hhdCAgICAgICA=","description":"ble:LoRa-Chatter-72E0 E0:72:A1:D5:4C:15","device_key":"ble-address:e0:72:a1:d5:4c:15","kind":"rx","seq":183,"session":"s2","stream":"chat","text":"[SYS]   /chat       ","timestamp":1789687914.9610329}
2026-09-18T02:31:54.961+03:00 [RX chat] {"data_b64":"aHVtYW4gY29uc29sZSBDSEFUCg==","description":"ble:LoRa-Chatter-72E0 E0:72:A1:D5:4C:15","device_key":"ble-address:e0:72:a1:d5:4c:15","kind":"rx","seq":184,"session":"s2","stream":"chat","text":"human console CHAT\n","timestamp":1789687914.9610565}
2026-09-18T02:31:54.991+03:00 [RX chat] {"data_b64":"W1NZU10gQ0hBVCBPVVRQVVQ6Cg==","description":"ble:LoRa-Chatter-1B44 44:1B:F6:8D:B7:A9","device_key":"ble-address:44:1b:f6:8d:b7:a9","kind":"rx","seq":104,"session":"s1","stream":"chat","text":"[SYS] CHAT OUTPUT:\n","timestamp":1789687914.99115}
2026-09-18T02:31:54.991+03:00 [RX chat] {"data_b64":"W1NZU10gICA+IHRleHQgICAgICA=","description":"ble:LoRa-Chatter-1B44 44:1B:F6:8D:B7:A9","device_key":"ble-address:44:1b:f6:8d:b7:a9","kind":"rx","seq":105,"session":"s1","stream":"chat","text":"[SYS]   > text      ","timestamp":1789687914.9913394}
2026-09-18T02:31:54.992+03:00 [RX chat] {"data_b64":"ICAgICAgICAgICAgICAgICBsb2M=","description":"ble:LoRa-Chatter-1B44 44:1B:F6:8D:B7:A9","device_key":"ble-address:44:1b:f6:8d:b7:a9","kind":"rx","seq":106,"session":"s1","stream":"chat","text":"                 loc","timestamp":1789687914.9928317}
2026-09-18T02:31:54.999+03:00 [RX chat] {"data_b64":"W1NZU10gICAvdGVsZSAgICAgICA=","description":"ble:LoRa-Chatter-72E0 E0:72:A1:D5:4C:15","device_key":"ble-address:e0:72:a1:d5:4c:15","kind":"rx","seq":185,"session":"s2","stream":"chat","text":"[SYS]   /tele       ","timestamp":1789687914.9979782}
2026-09-18T02:31:55.001+03:00 [RX chat] {"data_b64":"aHVtYW4gY29uc29sZSBURUxFTUU=","description":"ble:LoRa-Chatter-72E0 E0:72:A1:D5:4C:15","device_key":"ble-address:e0:72:a1:d5:4c:15","kind":"rx","seq":186,"session":"s2","stream":"chat","text":"human console TELEME","timestamp":1789687914.998151}
2026-09-18T02:31:55.001+03:00 [RX chat] {"data_b64":"VFJZCg==","description":"ble:LoRa-Chatter-72E0 E0:72:A1:D5:4C:15","device_key":"ble-address:e0:72:a1:d5:4c:15","kind":"rx","seq":187,"session":"s2","stream":"chat","text":"TRY\n","timestamp":1789687914.9982007}
2026-09-18T02:31:55.001+03:00 [RX chat] {"data_b64":"W1NZU10gICAvYm90aCAgICAgICA=","description":"ble:LoRa-Chatter-72E0 E0:72:A1:D5:4C:15","device_key":"ble-address:e0:72:a1:d5:4c:15","kind":"rx","seq":188,"session":"s2","stream":"chat","text":"[SYS]   /both       ","timestamp":1789687915.0002522}
2026-09-18T02:31:55.002+03:00 [RX chat] {"data_b64":"aHVtYW4gY29uc29sZSBCT1RICg==","description":"ble:LoRa-Chatter-72E0 E0:72:A1:D5:4C:15","device_key":"ble-address:e0:72:a1:d5:4c:15","kind":"rx","seq":189,"session":"s2","stream":"chat","text":"human console BOTH\n","timestamp":1789687915.0004146}
2026-09-18T02:31:55.002+03:00 [RX chat] {"data_b64":"W1NZU10gICAvZWNobyAgICAgICA=","description":"ble:LoRa-Chatter-72E0 E0:72:A1:D5:4C:15","device_key":"ble-address:e0:72:a1:d5:4c:15","kind":"rx","seq":190,"session":"s2","stream":"chat","text":"[SYS]   /echo       ","timestamp":1789687915.001014}
2026-09-18T02:31:55.003+03:00 [RX chat] {"data_b64":"dG9nZ2xlIGVjaG8gbW9kZQo=","description":"ble:LoRa-Chatter-72E0 E0:72:A1:D5:4C:15","device_key":"ble-address:e0:72:a1:d5:4c:15","kind":"rx","seq":191,"session":"s2","stream":"chat","text":"toggle echo mode\n","timestamp":1789687915.0014858}
2026-09-18T02:31:55.003+03:00 [RX chat] {"data_b64":"W1NZU10gICAvY2FuY2VsICAgICA=","description":"ble:LoRa-Chatter-72E0 E0:72:A1:D5:4C:15","device_key":"ble-address:e0:72:a1:d5:4c:15","kind":"rx","seq":192,"session":"s2","stream":"chat","text":"[SYS]   /cancel     ","timestamp":1789687915.0024884}
2026-09-18T02:31:55.003+03:00 [RX chat] {"data_b64":"c3RvcCBjdXJyZW50IFVTRVIgZGU=","description":"ble:LoRa-Chatter-72E0 E0:72:A1:D5:4C:15","device_key":"ble-address:e0:72:a1:d5:4c:15","kind":"rx","seq":193,"session":"s2","stream":"chat","text":"stop current USER de","timestamp":1789687915.0025234}
2026-09-18T02:31:55.003+03:00 [RX chat] {"data_b64":"bGl2ZXJ5L3JldHJpZXMK","description":"ble:LoRa-Chatter-72E0 E0:72:A1:D5:4C:15","device_key":"ble-address:e0:72:a1:d5:4c:15","kind":"rx","seq":194,"session":"s2","stream":"chat","text":"livery/retries\n","timestamp":1789687915.002542}
2026-09-18T02:31:55.003+03:00 [RX chat] {"data_b64":"W1NZU10gICAvY2FuY2VsIGFsbCA=","description":"ble:LoRa-Chatter-72E0 E0:72:A1:D5:4C:15","device_key":"ble-address:e0:72:a1:d5:4c:15","kind":"rx","seq":195,"session":"s2","stream":"chat","text":"[SYS]   /cancel all ","timestamp":1789687915.0028174}
2026-09-18T02:31:55.003+03:00 [RX chat] {"data_b64":"c3RvcCBjdXJyZW50IFVTRVIgYW4=","description":"ble:LoRa-Chatter-72E0 E0:72:A1:D5:4C:15","device_key":"ble-address:e0:72:a1:d5:4c:15","kind":"rx","seq":196,"session":"s2","stream":"chat","text":"stop current USER an","timestamp":1789687915.002846}
2026-09-18T02:31:55.003+03:00 [RX chat] {"data_b64":"ZCBkaXNjYXJkIHF1ZXVlZCBVU0U=","description":"ble:LoRa-Chatter-72E0 E0:72:A1:D5:4C:15","device_key":"ble-address:e0:72:a1:d5:4c:15","kind":"rx","seq":197,"session":"s2","stream":"chat","text":"d discard queued USE","timestamp":1789687915.0032635}
2026-09-18T02:31:55.005+03:00 [RX chat] {"data_b64":"UnMK","description":"ble:LoRa-Chatter-72E0 E0:72:A1:D5:4C:15","device_key":"ble-address:e0:72:a1:d5:4c:15","kind":"rx","seq":198,"session":"s2","stream":"chat","text":"Rs\n","timestamp":1789687915.0056443}
2026-09-18T02:31:55.006+03:00 [RX chat] {"data_b64":"W1NZU10gICAvcmVib290ICAgICA=","description":"ble:LoRa-Chatter-72E0 E0:72:A1:D5:4C:15","device_key":"ble-address:e0:72:a1:d5:4c:15","kind":"rx","seq":199,"session":"s2","stream":"chat","text":"[SYS]   /reboot     ","timestamp":1789687915.005946}
2026-09-18T02:31:55.006+03:00 [RX chat] {"data_b64":"cmVib290IEVTUDMyIGNvbnRyb2w=","description":"ble:LoRa-Chatter-72E0 E0:72:A1:D5:4C:15","device_key":"ble-address:e0:72:a1:d5:4c:15","kind":"rx","seq":200,"session":"s2","stream":"chat","text":"reboot ESP32 control","timestamp":1789687915.0062425}
2026-09-18T02:31:55.037+03:00 [RX chat] {"data_b64":"YWwgVVNFUiBUWCBjb25maXJtZWQ=","description":"ble:LoRa-Chatter-1B44 44:1B:F6:8D:B7:A9","device_key":"ble-address:44:1b:f6:8d:b7:a9","kind":"rx","seq":107,"session":"s1","stream":"chat","text":"al USER TX confirmed","timestamp":1789687915.0370336}
2026-09-18T02:31:55.037+03:00 [RX chat] {"data_b64":"Cg==","description":"ble:LoRa-Chatter-1B44 44:1B:F6:8D:B7:A9","device_key":"ble-address:44:1b:f6:8d:b7:a9","kind":"rx","seq":108,"session":"s1","stream":"chat","text":"\n","timestamp":1789687915.037079}
2026-09-18T02:31:55.037+03:00 [RX chat] {"data_b64":"W1NZU10gICA8IFtSU1NJL1NOUiA=","description":"ble:LoRa-Chatter-1B44 44:1B:F6:8D:B7:A9","device_key":"ble-address:44:1b:f6:8d:b7:a9","kind":"rx","seq":109,"session":"s1","stream":"chat","text":"[SYS]   < [RSSI/SNR ","timestamp":1789687915.0374556}
2026-09-18T02:31:55.037+03:00 [RX chat] {"data_b64":"USVdIHRleHQgICAgICAgICBVU0U=","description":"ble:LoRa-Chatter-1B44 44:1B:F6:8D:B7:A9","device_key":"ble-address:44:1b:f6:8d:b7:a9","kind":"rx","seq":110,"session":"s1","stream":"chat","text":"Q%] text         USE","timestamp":1789687915.037479}
2026-09-18T02:31:55.045+03:00 [RX chat] {"data_b64":"bGVyCg==","description":"ble:LoRa-Chatter-72E0 E0:72:A1:D5:4C:15","device_key":"ble-address:e0:72:a1:d5:4c:15","kind":"rx","seq":201,"session":"s2","stream":"chat","text":"ler\n","timestamp":1789687915.0439758}
2026-09-18T02:31:55.045+03:00 [RX chat] {"data_b64":"W1NZU10gUkFXIENPTlRST0xTICg=","description":"ble:LoRa-Chatter-72E0 E0:72:A1:D5:4C:15","device_key":"ble-address:e0:72:a1:d5:4c:15","kind":"rx","seq":202,"session":"s2","stream":"chat","text":"[SYS] RAW CONTROLS (","timestamp":1789687915.0446055}
2026-09-18T02:31:55.045+03:00 [RX chat] {"data_b64":"SEVYKToK","description":"ble:LoRa-Chatter-72E0 E0:72:A1:D5:4C:15","device_key":"ble-address:e0:72:a1:d5:4c:15","kind":"rx","seq":203,"session":"s2","stream":"chat","text":"HEX):\n","timestamp":1789687915.0446336}
2026-09-18T02:31:55.045+03:00 [RX chat] {"data_b64":"W1NZU10gICAxNCAzMT1DSEFUICA=","description":"ble:LoRa-Chatter-72E0 E0:72:A1:D5:4C:15","device_key":"ble-address:e0:72:a1:d5:4c:15","kind":"rx","seq":204,"session":"s2","stream":"chat","text":"[SYS]   14 31=CHAT  ","timestamp":1789687915.0449739}
2026-09-18T02:31:55.045+03:00 [RX chat] {"data_b64":"MTQgMzI9VEVMRU1FVFJZICAxNCA=","description":"ble:LoRa-Chatter-72E0 E0:72:A1:D5:4C:15","device_key":"ble-address:e0:72:a1:d5:4c:15","kind":"rx","seq":205,"session":"s2","stream":"chat","text":"14 32=TELEMETRY  14 ","timestamp":1789687915.045}
2026-09-18T02:31:55.045+03:00 [RX chat] {"data_b64":"MzM9Qk9USCAgMTQgNjU9RUNITyA=","description":"ble:LoRa-Chatter-72E0 E0:72:A1:D5:4C:15","device_key":"ble-address:e0:72:a1:d5:4c:15","kind":"rx","seq":206,"session":"s2","stream":"chat","text":"33=BOTH  14 65=ECHO ","timestamp":1789687915.0450165}
2026-09-18T02:31:55.045+03:00 [RX chat] {"data_b64":"dG9nZ2xlCg==","description":"ble:LoRa-Chatter-72E0 E0:72:A1:D5:4C:15","device_key":"ble-address:e0:72:a1:d5:4c:15","kind":"rx","seq":207,"session":"s2","stream":"chat","text":"toggle\n","timestamp":1789687915.045031}
2026-09-18T02:31:55.045+03:00 [RX chat] {"data_b64":"W1NZU10gQU5EUk9JRCBCTEUgVEU=","description":"ble:LoRa-Chatter-72E0 E0:72:A1:D5:4C:15","device_key":"ble-address:e0:72:a1:d5:4c:15","kind":"rx","seq":208,"session":"s2","stream":"chat","text":"[SYS] ANDROID BLE TE","timestamp":1789687915.0451975}
2026-09-18T02:31:55.045+03:00 [RX chat] {"data_b64":"Uk1JTkFMIE1BQ1JPUzoK","description":"ble:LoRa-Chatter-72E0 E0:72:A1:D5:4C:15","device_key":"ble-address:e0:72:a1:d5:4c:15","kind":"rx","seq":209,"session":"s2","stream":"chat","text":"RMINAL MACROS:\n","timestamp":1789687915.0457103}
2026-09-18T02:31:55.046+03:00 [RX chat] {"data_b64":"W1NZU10gICBIRVggbWFjcm8sIG4=","description":"ble:LoRa-Chatter-72E0 E0:72:A1:D5:4C:15","device_key":"ble-address:e0:72:a1:d5:4c:15","kind":"rx","seq":210,"session":"s2","stream":"chat","text":"[SYS]   HEX macro, n","timestamp":1789687915.0460114}
2026-09-18T02:31:55.047+03:00 [RX chat] {"data_b64":"byBFT0w6IDE0IDMxIC8gMTQgMzI=","description":"ble:LoRa-Chatter-72E0 E0:72:A1:D5:4C:15","device_key":"ble-address:e0:72:a1:d5:4c:15","kind":"rx","seq":211,"session":"s2","stream":"chat","text":"o EOL: 14 31 / 14 32","timestamp":1789687915.04772}
2026-09-18T02:31:55.048+03:00 [RX chat] {"data_b64":"IC8gMTQgMzMgLyAxNCA2NQo=","description":"ble:LoRa-Chatter-72E0 E0:72:A1:D5:4C:15","device_key":"ble-address:e0:72:a1:d5:4c:15","kind":"rx","seq":212,"session":"s2","stream":"chat","text":" / 14 33 / 14 65\n","timestamp":1789687915.0480886}
2026-09-18T02:31:55.048+03:00 [RX chat] {"data_b64":"W1NZU10gICBvciBURVhUIG1hY3I=","description":"ble:LoRa-Chatter-72E0 E0:72:A1:D5:4C:15","device_key":"ble-address:e0:72:a1:d5:4c:15","kind":"rx","seq":213,"session":"s2","stream":"chat","text":"[SYS]   or TEXT macr","timestamp":1789687915.0481932}
2026-09-18T02:31:55.049+03:00 [RX chat] {"data_b64":"byArIExGOiAvaGVscCAvaWQgL2M=","description":"ble:LoRa-Chatter-72E0 E0:72:A1:D5:4C:15","device_key":"ble-address:e0:72:a1:d5:4c:15","kind":"rx","seq":214,"session":"s2","stream":"chat","text":"o + LF: /help /id /c","timestamp":1789687915.0496826}
2026-09-18T02:31:55.050+03:00 [RX chat] {"data_b64":"aGF0IC90ZWxlIC9ib3RoIC9lY2g=","description":"ble:LoRa-Chatter-72E0 E0:72:A1:D5:4C:15","device_key":"ble-address:e0:72:a1:d5:4c:15","kind":"rx","seq":215,"session":"s2","stream":"chat","text":"hat /tele /both /ech","timestamp":1789687915.049949}
2026-09-18T02:31:55.050+03:00 [RX chat] {"data_b64":"byAvY2FuY2VsIC9jYW5jZWwgYWw=","description":"ble:LoRa-Chatter-72E0 E0:72:A1:D5:4C:15","device_key":"ble-address:e0:72:a1:d5:4c:15","kind":"rx","seq":216,"session":"s2","stream":"chat","text":"o /cancel /cancel al","timestamp":1789687915.0502114}
2026-09-18T02:31:55.081+03:00 [RX chat] {"data_b64":"UiByZWNlaXZlZCBmcm9tIHBlZXI=","description":"ble:LoRa-Chatter-1B44 44:1B:F6:8D:B7:A9","device_key":"ble-address:44:1b:f6:8d:b7:a9","kind":"rx","seq":111,"session":"s1","stream":"chat","text":"R received from peer","timestamp":1789687915.0816472}
2026-09-18T02:31:55.082+03:00 [RX chat] {"data_b64":"Cg==","description":"ble:LoRa-Chatter-1B44 44:1B:F6:8D:B7:A9","device_key":"ble-address:44:1b:f6:8d:b7:a9","kind":"rx","seq":112,"session":"s1","stream":"chat","text":"\n","timestamp":1789687915.0821693}
2026-09-18T02:31:55.082+03:00 [RX chat] {"data_b64":"W1NZU10gICA+IFtFQ0hPIFRYXSA=","description":"ble:LoRa-Chatter-1B44 44:1B:F6:8D:B7:A9","device_key":"ble-address:44:1b:f6:8d:b7:a9","kind":"rx","seq":113,"session":"s1","stream":"chat","text":"[SYS]   > [ECHO TX] ","timestamp":1789687915.082301}
2026-09-18T02:31:55.085+03:00 [RX chat] {"data_b64":"dGV4dCAgICAgICAgICAgICBsb2M=","description":"ble:LoRa-Chatter-1B44 44:1B:F6:8D:B7:A9","device_key":"ble-address:44:1b:f6:8d:b7:a9","kind":"rx","seq":114,"session":"s1","stream":"chat","text":"text             loc","timestamp":1789687915.085415}
2026-09-18T02:31:55.087+03:00 [RX chat] {"data_b64":"bCAvcmVib290Cg==","description":"ble:LoRa-Chatter-72E0 E0:72:A1:D5:4C:15","device_key":"ble-address:e0:72:a1:d5:4c:15","kind":"rx","seq":217,"session":"s2","stream":"chat","text":"l /reboot\n","timestamp":1789687915.0870957}
2026-09-18T02:31:55.087+03:00 [RX chat] {"data_b64":"W1NZU10gICBOb3JkaWMgVUFSVCA=","description":"ble:LoRa-Chatter-72E0 E0:72:A1:D5:4C:15","device_key":"ble-address:e0:72:a1:d5:4c:15","kind":"rx","seq":218,"session":"s2","stream":"chat","text":"[SYS]   Nordic UART ","timestamp":1789687915.087807}
2026-09-18T02:31:55.087+03:00 [RX chat] {"data_b64":"aHVtYW4gY29uc29sZT0wMDAzOyA=","description":"ble:LoRa-Chatter-72E0 E0:72:A1:D5:4C:15","device_key":"ble-address:e0:72:a1:d5:4c:15","kind":"rx","seq":219,"session":"s2","stream":"chat","text":"human console=0003; ","timestamp":1789687915.087837}
2026-09-18T02:31:55.088+03:00 [RX chat] {"data_b64":"bWFjaGluZSB0ZWxlbWV0cnk9MDA=","description":"ble:LoRa-Chatter-72E0 E0:72:A1:D5:4C:15","device_key":"ble-address:e0:72:a1:d5:4c:15","kind":"rx","seq":220,"session":"s2","stream":"chat","text":"machine telemetry=00","timestamp":1789687915.0878544}
2026-09-18T02:31:55.089+03:00 [RX chat] {"data_b64":"MDQgb3B0aW9uYWwK","description":"ble:LoRa-Chatter-72E0 E0:72:A1:D5:4C:15","device_key":"ble-address:e0:72:a1:d5:4c:15","kind":"rx","seq":221,"session":"s2","stream":"chat","text":"04 optional\n","timestamp":1789687915.089681}
2026-09-18T02:31:55.090+03:00 [RX chat] {"data_b64":"W1NZU10gQkxFIENMSUVOVDogbWE=","description":"ble:LoRa-Chatter-72E0 E0:72:A1:D5:4C:15","device_key":"ble-address:e0:72:a1:d5:4c:15","kind":"rx","seq":222,"session":"s2","stream":"chat","text":"[SYS] BLE CLIENT: ma","timestamp":1789687915.0900795}
2026-09-18T02:31:55.090+03:00 [RX chat] {"data_b64":"Y2hpbmUgdGVsZW1ldHJ5IDAwMDQ=","description":"ble:LoRa-Chatter-72E0 E0:72:A1:D5:4C:15","device_key":"ble-address:e0:72:a1:d5:4c:15","kind":"rx","seq":223,"session":"s2","stream":"chat","text":"chine telemetry 0004","timestamp":1789687915.0904026}
2026-09-18T02:31:55.090+03:00 [RX chat] {"data_b64":"IHN1YnNjcmliZWQgaW4gYmFja2c=","description":"ble:LoRa-Chatter-72E0 E0:72:A1:D5:4C:15","device_key":"ble-address:e0:72:a1:d5:4c:15","kind":"rx","seq":224,"session":"s2","stream":"chat","text":" subscribed in backg","timestamp":1789687915.0904286}
2026-09-18T02:31:55.090+03:00 [RX chat] {"data_b64":"cm91bmQK","description":"ble:LoRa-Chatter-72E0 E0:72:A1:D5:4C:15","device_key":"ble-address:e0:72:a1:d5:4c:15","kind":"rx","seq":225,"session":"s2","stream":"chat","text":"round\n","timestamp":1789687915.0904453}
2026-09-18T02:31:55.131+03:00 [RX chat] {"data_b64":"YWwgZWNobyBUWCBjb25maXJtZWQ=","description":"ble:LoRa-Chatter-1B44 44:1B:F6:8D:B7:A9","device_key":"ble-address:44:1b:f6:8d:b7:a9","kind":"rx","seq":115,"session":"s1","stream":"chat","text":"al echo TX confirmed","timestamp":1789687915.1297157}
2026-09-18T02:31:55.131+03:00 [RX chat] {"data_b64":"Cg==","description":"ble:LoRa-Chatter-1B44 44:1B:F6:8D:B7:A9","device_key":"ble-address:44:1b:f6:8d:b7:a9","kind":"rx","seq":116,"session":"s1","stream":"chat","text":"\n","timestamp":1789687915.129839}
2026-09-18T02:31:55.131+03:00 [RX chat] {"data_b64":"W1NZU10gICA8IFtFQ0hPIFJTU0k=","description":"ble:LoRa-Chatter-1B44 44:1B:F6:8D:B7:A9","device_key":"ble-address:44:1b:f6:8d:b7:a9","kind":"rx","seq":117,"session":"s1","stream":"chat","text":"[SYS]   < [ECHO RSSI","timestamp":1789687915.1308496}
2026-09-18T02:31:55.131+03:00 [RX chat] {"data_b64":"L1NOUiBRJV0gdGV4dCAgICBtYXQ=","description":"ble:LoRa-Chatter-1B44 44:1B:F6:8D:B7:A9","device_key":"ble-address:44:1b:f6:8d:b7:a9","kind":"rx","seq":118,"session":"s1","stream":"chat","text":"/SNR Q%] text    mat","timestamp":1789687915.130886}
2026-09-18T02:31:55.171+03:00 [RX chat] {"data_b64":"Y2hpbmcgZWNobyByZXBseSByZWM=","description":"ble:LoRa-Chatter-1B44 44:1B:F6:8D:B7:A9","device_key":"ble-address:44:1b:f6:8d:b7:a9","kind":"rx","seq":119,"session":"s1","stream":"chat","text":"ching echo reply rec","timestamp":1789687915.1710377}
2026-09-18T02:31:55.171+03:00 [RX chat] {"data_b64":"ZWl2ZWQK","description":"ble:LoRa-Chatter-1B44 44:1B:F6:8D:B7:A9","device_key":"ble-address:44:1b:f6:8d:b7:a9","kind":"rx","seq":120,"session":"s1","stream":"chat","text":"eived\n","timestamp":1789687915.171479}
2026-09-18T02:31:55.171+03:00 [RX chat] {"data_b64":"W1NZU10gICBbRUNIT10gTk8gUkU=","description":"ble:LoRa-Chatter-1B44 44:1B:F6:8D:B7:A9","device_key":"ble-address:44:1b:f6:8d:b7:a9","kind":"rx","seq":121,"session":"s1","stream":"chat","text":"[SYS]   [ECHO] NO RE","timestamp":1789687915.1717353}
2026-09-18T02:31:55.172+03:00 [RX chat] {"data_b64":"U1BPTlNFICAgICAgICAgICBtYXQ=","description":"ble:LoRa-Chatter-1B44 44:1B:F6:8D:B7:A9","device_key":"ble-address:44:1b:f6:8d:b7:a9","kind":"rx","seq":122,"session":"s1","stream":"chat","text":"SPONSE           mat","timestamp":1789687915.1726453}
2026-09-18T02:31:55.216+03:00 [RX chat] {"data_b64":"Y2hpbmcgZWNobyByZXBseSB0aW0=","description":"ble:LoRa-Chatter-1B44 44:1B:F6:8D:B7:A9","device_key":"ble-address:44:1b:f6:8d:b7:a9","kind":"rx","seq":123,"session":"s1","stream":"chat","text":"ching echo reply tim","timestamp":1789687915.216033}
2026-09-18T02:31:55.216+03:00 [RX chat] {"data_b64":"ZWQgb3V0Cg==","description":"ble:LoRa-Chatter-1B44 44:1B:F6:8D:B7:A9","device_key":"ble-address:44:1b:f6:8d:b7:a9","kind":"rx","seq":124,"session":"s1","stream":"chat","text":"ed out\n","timestamp":1789687915.2163796}
2026-09-18T02:31:55.217+03:00 [RX chat] {"data_b64":"W1NZU10gICBkZWxpdmVyeSByZXQ=","description":"ble:LoRa-Chatter-1B44 44:1B:F6:8D:B7:A9","device_key":"ble-address:44:1b:f6:8d:b7:a9","kind":"rx","seq":125,"session":"s1","stream":"chat","text":"[SYS]   delivery ret","timestamp":1789687915.2178059}
2026-09-18T02:31:55.261+03:00 [RX chat] {"data_b64":"cnkgZGV0YWlscyAgICAgICBURUw=","description":"ble:LoRa-Chatter-1B44 44:1B:F6:8D:B7:A9","device_key":"ble-address:44:1b:f6:8d:b7:a9","kind":"rx","seq":126,"session":"s1","stream":"chat","text":"ry details       TEL","timestamp":1789687915.261018}
2026-09-18T02:31:55.261+03:00 [RX chat] {"data_b64":"RU1FVFJZIG9ubHkK","description":"ble:LoRa-Chatter-1B44 44:1B:F6:8D:B7:A9","device_key":"ble-address:44:1b:f6:8d:b7:a9","kind":"rx","seq":127,"session":"s1","stream":"chat","text":"EMETRY only\n","timestamp":1789687915.2613714}
2026-09-18T02:31:55.264+03:00 [RX chat] {"data_b64":"W1NZU10gICBSU1NJPWRCbSwgU04=","description":"ble:LoRa-Chatter-1B44 44:1B:F6:8D:B7:A9","device_key":"ble-address:44:1b:f6:8d:b7:a9","kind":"rx","seq":128,"session":"s1","stream":"chat","text":"[SYS]   RSSI=dBm, SN","timestamp":1789687915.2641525}
2026-09-18T02:31:55.306+03:00 [RX chat] {"data_b64":"Uj1kQiwgUT1yb2xsaW5nIHJlY2U=","description":"ble:LoRa-Chatter-1B44 44:1B:F6:8D:B7:A9","device_key":"ble-address:44:1b:f6:8d:b7:a9","kind":"rx","seq":129,"session":"s1","stream":"chat","text":"R=dB, Q=rolling rece","timestamp":1789687915.3063278}
2026-09-18T02:31:55.306+03:00 [RX chat] {"data_b64":"aXZlIHF1YWxpdHkgJQo=","description":"ble:LoRa-Chatter-1B44 44:1B:F6:8D:B7:A9","device_key":"ble-address:44:1b:f6:8d:b7:a9","kind":"rx","seq":130,"session":"s1","stream":"chat","text":"ive quality %\n","timestamp":1789687915.306381}
2026-09-18T02:31:55.310+03:00 [RX chat] {"data_b64":"W1NZU10gSFVNQU4gQ09OU09MRSA=","description":"ble:LoRa-Chatter-1B44 44:1B:F6:8D:B7:A9","device_key":"ble-address:44:1b:f6:8d:b7:a9","kind":"rx","seq":131,"session":"s1","stream":"chat","text":"[SYS] HUMAN CONSOLE ","timestamp":1789687915.309922}
2026-09-18T02:31:55.351+03:00 [RX chat] {"data_b64":"TU9ERVM6Cg==","description":"ble:LoRa-Chatter-1B44 44:1B:F6:8D:B7:A9","device_key":"ble-address:44:1b:f6:8d:b7:a9","kind":"rx","seq":132,"session":"s1","stream":"chat","text":"MODES:\n","timestamp":1789687915.3513374}
2026-09-18T02:31:55.351+03:00 [RX chat] {"data_b64":"W1NZU10gICBDSEFUICAgICAgIGM=","description":"ble:LoRa-Chatter-1B44 44:1B:F6:8D:B7:A9","device_key":"ble-address:44:1b:f6:8d:b7:a9","kind":"rx","seq":133,"session":"s1","stream":"chat","text":"[SYS]   CHAT       c","timestamp":1789687915.3516548}
2026-09-18T02:31:55.351+03:00 [RX chat] {"data_b64":"IGVjaG89T0ZGCg==","description":"ble:LoRa-Chatter-1B44 44:1B:F6:8D:B7:A9","device_key":"ble-address:44:1b:f6:8d:b7:a9","kind":"rx","seq":134,"session":"s1","stream":"chat","text":" echo=OFF\n","timestamp":1789687915.3516831}
2026-09-18T02:31:55.352+03:00 [RX chat] {"data_b64":"W1NZU10gQ09NTUFORFM6Cg==","description":"ble:LoRa-Chatter-1B44 44:1B:F6:8D:B7:A9","device_key":"ble-address:44:1b:f6:8d:b7:a9","kind":"rx","seq":135,"session":"s1","stream":"chat","text":"[SYS] COMMANDS:\n","timestamp":1789687915.3527226}
2026-09-18T02:31:55.398+03:00 [RX chat] {"data_b64":"W1NZU10gICAvaGVscCAgICAgICA=","description":"ble:LoRa-Chatter-1B44 44:1B:F6:8D:B7:A9","device_key":"ble-address:44:1b:f6:8d:b7:a9","kind":"rx","seq":136,"session":"s1","stream":"chat","text":"[SYS]   /help       ","timestamp":1789687915.3980315}
2026-09-18T02:31:55.398+03:00 [RX chat] {"data_b64":"c2hvdyB0aGlzIGhlbHAK","description":"ble:LoRa-Chatter-1B44 44:1B:F6:8D:B7:A9","device_key":"ble-address:44:1b:f6:8d:b7:a9","kind":"rx","seq":137,"session":"s1","stream":"chat","text":"show this help\n","timestamp":1789687915.3984666}
2026-09-18T02:31:55.399+03:00 [RX chat] {"data_b64":"W1NZU10gICAvaWQgICAgICAgICA=","description":"ble:LoRa-Chatter-1B44 44:1B:F6:8D:B7:A9","device_key":"ble-address:44:1b:f6:8d:b7:a9","kind":"rx","seq":138,"session":"s1","stream":"chat","text":"[SYS]   /id         ","timestamp":1789687915.398867}
2026-09-18T02:31:55.444+03:00 [RX chat] {"data_b64":"c2hvdyBub2RlIGlkZW50aXR5Cg==","description":"ble:LoRa-Chatter-1B44 44:1B:F6:8D:B7:A9","device_key":"ble-address:44:1b:f6:8d:b7:a9","kind":"rx","seq":139,"session":"s1","stream":"chat","text":"show node identity\n","timestamp":1789687915.4441957}
2026-09-18T02:31:55.444+03:00 [RX chat] {"data_b64":"W1NZU10gICAvY2hhdCAgICAgICA=","description":"ble:LoRa-Chatter-1B44 44:1B:F6:8D:B7:A9","device_key":"ble-address:44:1b:f6:8d:b7:a9","kind":"rx","seq":140,"session":"s1","stream":"chat","text":"[SYS]   /chat       ","timestamp":1789687915.4444063}
2026-09-18T02:31:55.444+03:00 [RX chat] {"data_b64":"aHVtYW4gY29uc29sZSBDSEFUCg==","description":"ble:LoRa-Chatter-1B44 44:1B:F6:8D:B7:A9","device_key":"ble-address:44:1b:f6:8d:b7:a9","kind":"rx","seq":141,"session":"s1","stream":"chat","text":"human console CHAT\n","timestamp":1789687915.44445}
2026-09-18T02:31:55.487+03:00 [RX chat] {"data_b64":"W1NZU10gICAvdGVsZSAgICAgICA=","description":"ble:LoRa-Chatter-1B44 44:1B:F6:8D:B7:A9","device_key":"ble-address:44:1b:f6:8d:b7:a9","kind":"rx","seq":142,"session":"s1","stream":"chat","text":"[SYS]   /tele       ","timestamp":1789687915.4869397}
2026-09-18T02:31:55.488+03:00 [RX chat] {"data_b64":"aHVtYW4gY29uc29sZSBURUxFTUU=","description":"ble:LoRa-Chatter-1B44 44:1B:F6:8D:B7:A9","device_key":"ble-address:44:1b:f6:8d:b7:a9","kind":"rx","seq":143,"session":"s1","stream":"chat","text":"human console TELEME","timestamp":1789687915.4870117}
2026-09-18T02:31:55.488+03:00 [RX chat] {"data_b64":"VFJZCg==","description":"ble:LoRa-Chatter-1B44 44:1B:F6:8D:B7:A9","device_key":"ble-address:44:1b:f6:8d:b7:a9","kind":"rx","seq":144,"session":"s1","stream":"chat","text":"TRY\n","timestamp":1789687915.4870338}
2026-09-18T02:31:55.488+03:00 [RX chat] {"data_b64":"W1NZU10gICAvYm90aCAgICAgICA=","description":"ble:LoRa-Chatter-1B44 44:1B:F6:8D:B7:A9","device_key":"ble-address:44:1b:f6:8d:b7:a9","kind":"rx","seq":145,"session":"s1","stream":"chat","text":"[SYS]   /both       ","timestamp":1789687915.4886816}
2026-09-18T02:31:55.534+03:00 [RX chat] {"data_b64":"aHVtYW4gY29uc29sZSBCT1RICg==","description":"ble:LoRa-Chatter-1B44 44:1B:F6:8D:B7:A9","device_key":"ble-address:44:1b:f6:8d:b7:a9","kind":"rx","seq":146,"session":"s1","stream":"chat","text":"human console BOTH\n","timestamp":1789687915.534152}
2026-09-18T02:31:55.534+03:00 [RX chat] {"data_b64":"W1NZU10gICAvZWNobyAgICAgICA=","description":"ble:LoRa-Chatter-1B44 44:1B:F6:8D:B7:A9","device_key":"ble-address:44:1b:f6:8d:b7:a9","kind":"rx","seq":147,"session":"s1","stream":"chat","text":"[SYS]   /echo       ","timestamp":1789687915.534434}
2026-09-18T02:31:55.534+03:00 [RX chat] {"data_b64":"dG9nZ2xlIGVjaG8gbW9kZQo=","description":"ble:LoRa-Chatter-1B44 44:1B:F6:8D:B7:A9","device_key":"ble-address:44:1b:f6:8d:b7:a9","kind":"rx","seq":148,"session":"s1","stream":"chat","text":"toggle echo mode\n","timestamp":1789687915.5344617}
2026-09-18T02:31:55.576+03:00 [RX chat] {"data_b64":"W1NZU10gICAvY2FuY2VsICAgICA=","description":"ble:LoRa-Chatter-1B44 44:1B:F6:8D:B7:A9","device_key":"ble-address:44:1b:f6:8d:b7:a9","kind":"rx","seq":149,"session":"s1","stream":"chat","text":"[SYS]   /cancel     ","timestamp":1789687915.5761237}
2026-09-18T02:31:55.576+03:00 [RX chat] {"data_b64":"c3RvcCBjdXJyZW50IFVTRVIgZGU=","description":"ble:LoRa-Chatter-1B44 44:1B:F6:8D:B7:A9","device_key":"ble-address:44:1b:f6:8d:b7:a9","kind":"rx","seq":150,"session":"s1","stream":"chat","text":"stop current USER de","timestamp":1789687915.576172}
2026-09-18T02:31:55.578+03:00 [RX chat] {"data_b64":"dG9nZ2xlCg==","description":"ble:LoRa-Chatter-1B44 44:1B:F6:8D:B7:A9","device_key":"ble-address:44:1b:f6:8d:b7:a9","kind":"rx","seq":151,"session":"s1","stream":"chat","text":"toggle\n","timestamp":1789687915.5780504}
2026-09-18T02:31:55.621+03:00 [RX chat] {"data_b64":"W1NZU10gQU5EUk9JRCBCTEUgVEU=","description":"ble:LoRa-Chatter-1B44 44:1B:F6:8D:B7:A9","device_key":"ble-address:44:1b:f6:8d:b7:a9","kind":"rx","seq":152,"session":"s1","stream":"chat","text":"[SYS] ANDROID BLE TE","timestamp":1789687915.621091}
2026-09-18T02:31:55.621+03:00 [RX chat] {"data_b64":"Uk1JTkFMIE1BQ1JPUzoK","description":"ble:LoRa-Chatter-1B44 44:1B:F6:8D:B7:A9","device_key":"ble-address:44:1b:f6:8d:b7:a9","kind":"rx","seq":153,"session":"s1","stream":"chat","text":"RMINAL MACROS:\n","timestamp":1789687915.6215703}
2026-09-18T02:31:55.622+03:00 [RX chat] {"data_b64":"W1NZU10gICBIRVggbWFjcm8sIG4=","description":"ble:LoRa-Chatter-1B44 44:1B:F6:8D:B7:A9","device_key":"ble-address:44:1b:f6:8d:b7:a9","kind":"rx","seq":154,"session":"s1","stream":"chat","text":"[SYS]   HEX macro, n","timestamp":1789687915.622771}
2026-09-18T02:31:55.666+03:00 [RX chat] {"data_b64":"byBFT0w6IDE0IDMxIC8gMTQgMzI=","description":"ble:LoRa-Chatter-1B44 44:1B:F6:8D:B7:A9","device_key":"ble-address:44:1b:f6:8d:b7:a9","kind":"rx","seq":155,"session":"s1","stream":"chat","text":"o EOL: 14 31 / 14 32","timestamp":1789687915.6661077}
2026-09-18T02:31:55.666+03:00 [RX chat] {"data_b64":"IC8gMTQgMzMgLyAxNCA2NQo=","description":"ble:LoRa-Chatter-1B44 44:1B:F6:8D:B7:A9","device_key":"ble-address:44:1b:f6:8d:b7:a9","kind":"rx","seq":156,"session":"s1","stream":"chat","text":" / 14 33 / 14 65\n","timestamp":1789687915.6661618}
2026-09-18T02:31:55.668+03:00 [RX chat] {"data_b64":"W1NZU10gICBvciBURVhUIG1hY3I=","description":"ble:LoRa-Chatter-1B44 44:1B:F6:8D:B7:A9","device_key":"ble-address:44:1b:f6:8d:b7:a9","kind":"rx","seq":157,"session":"s1","stream":"chat","text":"[SYS]   or TEXT macr","timestamp":1789687915.6687527}
2026-09-18T02:31:55.711+03:00 [RX chat] {"data_b64":"byArIExGOiAvaGVscCAvaWQgL2M=","description":"ble:LoRa-Chatter-1B44 44:1B:F6:8D:B7:A9","device_key":"ble-address:44:1b:f6:8d:b7:a9","kind":"rx","seq":158,"session":"s1","stream":"chat","text":"o + LF: /help /id /c","timestamp":1789687915.7111874}
2026-09-18T02:31:55.711+03:00 [RX chat] {"data_b64":"aGF0IC90ZWxlIC9ib3RoIC9lY2g=","description":"ble:LoRa-Chatter-1B44 44:1B:F6:8D:B7:A9","device_key":"ble-address:44:1b:f6:8d:b7:a9","kind":"rx","seq":159,"session":"s1","stream":"chat","text":"hat /tele /both /ech","timestamp":1789687915.711242}
2026-09-18T02:31:55.716+03:00 [RX chat] {"data_b64":"byAvY2FuY2VsIC9jYW5jZWwgYWw=","description":"ble:LoRa-Chatter-1B44 44:1B:F6:8D:B7:A9","device_key":"ble-address:44:1b:f6:8d:b7:a9","kind":"rx","seq":160,"session":"s1","stream":"chat","text":"o /cancel /cancel al","timestamp":1789687915.7158885}
2026-09-18T02:31:55.756+03:00 [RX chat] {"data_b64":"bCAvcmVib290Cg==","description":"ble:LoRa-Chatter-1B44 44:1B:F6:8D:B7:A9","device_key":"ble-address:44:1b:f6:8d:b7:a9","kind":"rx","seq":161,"session":"s1","stream":"chat","text":"l /reboot\n","timestamp":1789687915.7564569}
2026-09-18T02:31:55.756+03:00 [RX chat] {"data_b64":"W1NZU10gICBOb3JkaWMgVUFSVCA=","description":"ble:LoRa-Chatter-1B44 44:1B:F6:8D:B7:A9","device_key":"ble-address:44:1b:f6:8d:b7:a9","kind":"rx","seq":162,"session":"s1","stream":"chat","text":"[SYS]   Nordic UART ","timestamp":1789687915.7567284}
2026-09-18T02:31:55.757+03:00 [RX chat] {"data_b64":"aHVtYW4gY29uc29sZT0wMDAzOyA=","description":"ble:LoRa-Chatter-1B44 44:1B:F6:8D:B7:A9","device_key":"ble-address:44:1b:f6:8d:b7:a9","kind":"rx","seq":163,"session":"s1","stream":"chat","text":"human console=0003; ","timestamp":1789687915.757783}
2026-09-18T02:32:00.508+03:00 [AGENT REQUEST] {"id":22,"op":"observe","cursors":{"s1":98,"s2":130},"timeout_ms":5000}
2026-09-18T02:32:00.513+03:00 [AGENT RESPONSE] {"id":22,"ok":true,"result":{"cursors":{"s1":163,"s2":225},"events":[{"data_b64":"L2hlbHAK","device_key":"ble-address:e0:72:a1:d5:4c:15","kind":"tx","seq":131,"session":"s2","text":"/help","timestamp":1789687914.8074481,"tx_id":3,"tx_state":"queued"},{"data_b64":"L2hlbHAK","device_key":"ble-address:44:1b:f6:8d:b7:a9","kind":"tx","seq":99,"session":"s1","text":"/help","timestamp":1789687914.810112,"tx_id":3,"tx_state":"queued"},{"data_b64":"L2hlbHAK","description":"ble:LoRa-Chatter-72E0 E0:72:A1:D5:4C:15","device_key":"ble-address:e0:72:a1:d5:4c:15","kind":"tx","seq":132,"session":"s2","text":"/help","timestamp":1789687914.8117929,"tx_id":3,"tx_state":"written"},{"data_b64":"L2hlbHAK","description":"ble:LoRa-Chatter-1B44 44:1B:F6:8D:B7:A9","device_key":"ble-address:44:1b:f6:8d:b7:a9","kind":"tx","seq":100,"session":"s1","text":"/help","timestamp":1789687914.8124201,"tx_id":3,"tx_state":"written"},{"data_b64":"CltTWVNdIENIQVRURVIgSEVMUAo=","description":"ble:LoRa-Chatter-72E0 E0:72:A1:D5:4C:15","device_key":"ble-address:e0:72:a1:d5:4c:15","kind":"rx","seq":133,"session":"s2","stream":"chat","text":"\n[SYS] CHATTER HELP\n","timestamp":1789687914.8635385},{"data_b64":"W1NZU10gQ0hBVFRFUiBOT0RFIEw=","description":"ble:LoRa-Chatter-72E0 E0:72:A1:D5:4C:15","device_key":"ble-address:e0:72:a1:d5:4c:15","kind":"rx","seq":134,"session":"s2","stream":"chat","text":"[SYS] CHATTER NODE L","timestamp":1789687914.8660467},{"data_b64":"b1JhLUNoYXR0ZXItNzJFMAo=","description":"ble:LoRa-Chatter-72E0 E0:72:A1:D5:4C:15","device_key":"ble-address:e0:72:a1:d5:4c:15","kind":"rx","seq":135,"session":"s2","stream":"chat","text":"oRa-Chatter-72E0\n","timestamp":1789687914.8660843},{"data_b64":"W1NZU10gQ0hBVCBPVVRQVVQ6Cg==","description":"ble:LoRa-Chatter-72E0 E0:72:A1:D5:4C:15","device_key":"ble-address:e0:72:a1:d5:4c:15","kind":"rx","seq":136,"session":"s2","stream":"chat","text":"[SYS] CHAT OUTPUT:\n","timestamp":1789687914.8662722},{"data_b64":"W1NZU10gICA+IHRleHQgICAgICA=","description":"ble:LoRa-Chatter-72E0 E0:72:A1:D5:4C:15","device_key":"ble-address:e0:72:a1:d5:4c:15","kind":"rx","seq":137,"session":"s2","stream":"chat","text":"[SYS]   > text      ","timestamp":1789687914.8667371},{"data_b64":"ICAgICAgICAgICAgICAgICBsb2M=","description":"ble:LoRa-Chatter-72E0 E0:72:A1:D5:4C:15","device_key":"ble-address:e0:72:a1:d5:4c:15","kind":"rx","seq":138,"session":"s2","stream":"chat","text":"                 loc","timestamp":1789687914.8667555},{"data_b64":"YWwgVVNFUiBUWCBjb25maXJtZWQ=","description":"ble:LoRa-Chatter-72E0 E0:72:A1:D5:4C:15","device_key":"ble-address:e0:72:a1:d5:4c:15","kind":"rx","seq":139,"session":"s2","stream":"chat","text":"al USER TX confirmed","timestamp":1789687914.866768},{"data_b64":"Cg==","description":"ble:LoRa-Chatter-72E0 E0:72:A1:D5:4C:15","device_key":"ble-address:e0:72:a1:d5:4c:15","kind":"rx","seq":140,"session":"s2","stream":"chat","text":"\n","timestamp":1789687914.8667798},{"data_b64":"W1NZU10gICA8IFtSU1NJL1NOUiA=","description":"ble:LoRa-Chatter-72E0 E0:72:A1:D5:4C:15","device_key":"ble-address:e0:72:a1:d5:4c:15","kind":"rx","seq":141,"session":"s2","stream":"chat","text":"[SYS]   < [RSSI/SNR ","timestamp":1789687914.8669288},{"data_b64":"USVdIHRleHQgICAgICAgICBVU0U=","description":"ble:LoRa-Chatter-72E0 E0:72:A1:D5:4C:15","device_key":"ble-address:e0:72:a1:d5:4c:15","kind":"rx","seq":142,"session":"s2","stream":"chat","text":"Q%] text         USE","timestamp":1789687914.8669431},{"data_b64":"UiByZWNlaXZlZCBmcm9tIHBlZXI=","description":"ble:LoRa-Chatter-72E0 E0:72:A1:D5:4C:15","device_key":"ble-address:e0:72:a1:d5:4c:15","kind":"rx","seq":143,"session":"s2","stream":"chat","text":"R received from peer","timestamp":1789687914.8669546},{"data_b64":"Cg==","description":"ble:LoRa-Chatter-72E0 E0:72:A1:D5:4C:15","device_key":"ble-address:e0:72:a1:d5:4c:15","kind":"rx","seq":144,"session":"s2","stream":"chat","text":"\n","timestamp":1789687914.8676455},{"data_b64":"W1NZU10gICA+IFtFQ0hPIFRYXSA=","description":"ble:LoRa-Chatter-72E0 E0:72:A1:D5:4C:15","device_key":"ble-address:e0:72:a1:d5:4c:15","kind":"rx","seq":145,"session":"s2","stream":"chat","text":"[SYS]   > [ECHO TX] ","timestamp":1789687914.8678918},{"data_b64":"dGV4dCAgICAgICAgICAgICBsb2M=","description":"ble:LoRa-Chatter-72E0 E0:72:A1:D5:4C:15","device_key":"ble-address:e0:72:a1:d5:4c:15","kind":"rx","seq":146,"session":"s2","stream":"chat","text":"text             loc","timestamp":1789687914.8710353},{"data_b64":"YWwgZWNobyBUWCBjb25maXJtZWQ=","description":"ble:LoRa-Chatter-72E0 E0:72:A1:D5:4C:15","device_key":"ble-address:e0:72:a1:d5:4c:15","kind":"rx","seq":147,"session":"s2","stream":"chat","text":"al echo TX confirmed","timestamp":1789687914.8711488},{"data_b64":"Cg==","description":"ble:LoRa-Chatter-72E0 E0:72:A1:D5:4C:15","device_key":"ble-address:e0:72:a1:d5:4c:15","kind":"rx","seq":148,"session":"s2","stream":"chat","text":"\n","timestamp":1789687914.8718846},{"data_b64":"W1NZU10gICA8IFtFQ0hPIFJTU0k=","description":"ble:LoRa-Chatter-72E0 E0:72:A1:D5:4C:15","device_key":"ble-address:e0:72:a1:d5:4c:15","kind":"rx","seq":149,"session":"s2","stream":"chat","text":"[SYS]   < [ECHO RSSI","timestamp":1789687914.8721294},{"data_b64":"L1NOUiBRJV0gdGV4dCAgICBtYXQ=","description":"ble:LoRa-Chatter-72E0 E0:72:A1:D5:4C:15","device_key":"ble-address:e0:72:a1:d5:4c:15","kind":"rx","seq":150,"session":"s2","stream":"chat","text":"/SNR Q%] text    mat","timestamp":1789687914.8721466},{"data_b64":"Y2hpbmcgZWNobyByZXBseSByZWM=","description":"ble:LoRa-Chatter-72E0 E0:72:A1:D5:4C:15","device_key":"ble-address:e0:72:a1:d5:4c:15","kind":"rx","seq":151,"session":"s2","stream":"chat","text":"ching echo reply rec","timestamp":1789687914.8725247},{"data_b64":"ZWl2ZWQK","description":"ble:LoRa-Chatter-72E0 E0:72:A1:D5:4C:15","device_key":"ble-address:e0:72:a1:d5:4c:15","kind":"rx","seq":152,"session":"s2","stream":"chat","text":"eived\n","timestamp":1789687914.872731},{"data_b64":"W1NZU10gICBbRUNIT10gTk8gUkU=","description":"ble:LoRa-Chatter-72E0 E0:72:A1:D5:4C:15","device_key":"ble-address:e0:72:a1:d5:4c:15","kind":"rx","seq":153,"session":"s2","stream":"chat","text":"[SYS]   [ECHO] NO RE","timestamp":1789687914.9072542},{"data_b64":"U1BPTlNFICAgICAgICAgICBtYXQ=","description":"ble:LoRa-Chatter-72E0 E0:72:A1:D5:4C:15","device_key":"ble-address:e0:72:a1:d5:4c:15","kind":"rx","seq":154,"session":"s2","stream":"chat","text":"SPONSE           mat","timestamp":1789687914.9077785},{"data_b64":"Y2hpbmcgZWNobyByZXBseSB0aW0=","description":"ble:LoRa-Chatter-72E0 E0:72:A1:D5:4C:15","device_key":"ble-address:e0:72:a1:d5:4c:15","kind":"rx","seq":155,"session":"s2","stream":"chat","text":"ching echo reply tim","timestamp":1789687914.9078166},{"data_b64":"ZWQgb3V0Cg==","description":"ble:LoRa-Chatter-72E0 E0:72:A1:D5:4C:15","device_key":"ble-address:e0:72:a1:d5:4c:15","kind":"rx","seq":156,"session":"s2","stream":"chat","text":"ed out\n","timestamp":1789687914.9081008},{"data_b64":"W1NZU10gICBkZWxpdmVyeSByZXQ=","description":"ble:LoRa-Chatter-72E0 E0:72:A1:D5:4C:15","device_key":"ble-address:e0:72:a1:d5:4c:15","kind":"rx","seq":157,"session":"s2","stream":"chat","text":"[SYS]   delivery ret","timestamp":1789687914.9102032},{"data_b64":"cnkgZGV0YWlscyAgICAgICBURUw=","description":"ble:LoRa-Chatter-72E0 E0:72:A1:D5:4C:15","device_key":"ble-address:e0:72:a1:d5:4c:15","kind":"rx","seq":158,"session":"s2","stream":"chat","text":"ry details       TEL","timestamp":1789687914.9103444},{"data_b64":"RU1FVFJZIG9ubHkK","description":"ble:LoRa-Chatter-72E0 E0:72:A1:D5:4C:15","device_key":"ble-address:e0:72:a1:d5:4c:15","kind":"rx","seq":159,"session":"s2","stream":"chat","text":"EMETRY only\n","timestamp":1789687914.910378},{"data_b64":"W1NZU10gICBSU1NJPWRCbSwgU04=","description":"ble:LoRa-Chatter-72E0 E0:72:A1:D5:4C:15","device_key":"ble-address:e0:72:a1:d5:4c:15","kind":"rx","seq":160,"session":"s2","stream":"chat","text":"[SYS]   RSSI=dBm, SN","timestamp":1789687914.9127114},{"data_b64":"Uj1kQiwgUT1yb2xsaW5nIHJlY2U=","description":"ble:LoRa-Chatter-72E0 E0:72:A1:D5:4C:15","device_key":"ble-address:e0:72:a1:d5:4c:15","kind":"rx","seq":161,"session":"s2","stream":"chat","text":"R=dB, Q=rolling rece","timestamp":1789687914.9135506},{"data_b64":"aXZlIHF1YWxpdHkgJQo=","description":"ble:LoRa-Chatter-72E0 E0:72:A1:D5:4C:15","device_key":"ble-address:e0:72:a1:d5:4c:15","kind":"rx","seq":162,"session":"s2","stream":"chat","text":"ive quality %\n","timestamp":1789687914.9136522},{"data_b64":"W1NZU10gSFVNQU4gQ09OU09MRSA=","description":"ble:LoRa-Chatter-72E0 E0:72:A1:D5:4C:15","device_key":"ble-address:e0:72:a1:d5:4c:15","kind":"rx","seq":163,"session":"s2","stream":"chat","text":"[SYS] HUMAN CONSOLE ","timestamp":1789687914.9138603},{"data_b64":"TU9ERVM6Cg==","description":"ble:LoRa-Chatter-72E0 E0:72:A1:D5:4C:15","device_key":"ble-address:e0:72:a1:d5:4c:15","kind":"rx","seq":164,"session":"s2","stream":"chat","text":"MODES:\n","timestamp":1789687914.913889},{"data_b64":"W1NZU10gICBDSEFUICAgICAgIGM=","description":"ble:LoRa-Chatter-72E0 E0:72:A1:D5:4C:15","device_key":"ble-address:e0:72:a1:d5:4c:15","kind":"rx","seq":165,"session":"s2","stream":"chat","text":"[SYS]   CHAT       c","timestamp":1789687914.9155812},{"data_b64":"aGF0ICsgU1lTVEVNCg==","description":"ble:LoRa-Chatter-72E0 E0:72:A1:D5:4C:15","device_key":"ble-address:e0:72:a1:d5:4c:15","kind":"rx","seq":166,"session":"s2","stream":"chat","text":"hat + SYSTEM\n","timestamp":1789687914.9163427},{"data_b64":"W1NZU10gICBURUxFTUVUUlkgIHQ=","description":"ble:LoRa-Chatter-72E0 E0:72:A1:D5:4C:15","device_key":"ble-address:e0:72:a1:d5:4c:15","kind":"rx","seq":167,"session":"s2","stream":"chat","text":"[SYS]   TELEMETRY  t","timestamp":1789687914.916531},{"data_b64":"ZWxlbWV0cnkgKyBTWVNURU0K","description":"ble:LoRa-Chatter-72E0 E0:72:A1:D5:4C:15","device_key":"ble-address:e0:72:a1:d5:4c:15","kind":"rx","seq":168,"session":"s2","stream":"chat","text":"elemetry + SYSTEM\n","timestamp":1789687914.9165533},{"data_b64":"CltTWVNdIENIQVRURVIgSEVMUAo=","description":"ble:LoRa-Chatter-1B44 44:1B:F6:8D:B7:A9","device_key":"ble-address:44:1b:f6:8d:b7:a9","kind":"rx","seq":101,"session":"s1","stream":"chat","text":"\n[SYS] CHATTER HELP\n","timestamp":1789687914.9471722},{"data_b64":"W1NZU10gQ0hBVFRFUiBOT0RFIEw=","description":"ble:LoRa-Chatter-1B44 44:1B:F6:8D:B7:A9","device_key":"ble-address:44:1b:f6:8d:b7:a9","kind":"rx","seq":102,"session":"s1","stream":"chat","text":"[SYS] CHATTER NODE L","timestamp":1789687914.9476583},{"data_b64":"b1JhLUNoYXR0ZXItMUI0NAo=","description":"ble:LoRa-Chatter-1B44 44:1B:F6:8D:B7:A9","device_key":"ble-address:44:1b:f6:8d:b7:a9","kind":"rx","seq":103,"session":"s1","stream":"chat","text":"oRa-Chatter-1B44\n","timestamp":1789687914.947685},{"data_b64":"W1NZU10gICBCT1RIICAgICAgIGM=","description":"ble:LoRa-Chatter-72E0 E0:72:A1:D5:4C:15","device_key":"ble-address:e0:72:a1:d5:4c:15","kind":"rx","seq":169,"session":"s2","stream":"chat","text":"[SYS]   BOTH       c","timestamp":1789687914.9516895},{"data_b64":"aGF0ICsgdGVsZW1ldHJ5ICsgU1k=","description":"ble:LoRa-Chatter-72E0 E0:72:A1:D5:4C:15","device_key":"ble-address:e0:72:a1:d5:4c:15","kind":"rx","seq":170,"session":"s2","stream":"chat","text":"hat + telemetry + SY","timestamp":1789687914.9519856},{"data_b64":"U1RFTQo=","description":"ble:LoRa-Chatter-72E0 E0:72:A1:D5:4C:15","device_key":"ble-address:e0:72:a1:d5:4c:15","kind":"rx","seq":171,"session":"s2","stream":"chat","text":"STEM\n","timestamp":1789687914.9522357},{"data_b64":"W1NZU10gICBCTEUgMDAwNCBtYWM=","description":"ble:LoRa-Chatter-72E0 E0:72:A1:D5:4C:15","device_key":"ble-address:e0:72:a1:d5:4c:15","kind":"rx","seq":172,"session":"s2","stream":"chat","text":"[SYS]   BLE 0004 mac","timestamp":1789687914.9524386},{"data_b64":"aGluZSB0ZWxlbWV0cnkgaXMgaW4=","description":"ble:LoRa-Chatter-72E0 E0:72:A1:D5:4C:15","device_key":"ble-address:e0:72:a1:d5:4c:15","kind":"rx","seq":173,"session":"s2","stream":"chat","text":"hine telemetry is in","timestamp":1789687914.954592},{"data_b64":"ZGVwZW5kZW50IHdoZW4gc3Vic2M=","description":"ble:LoRa-Chatter-72E0 E0:72:A1:D5:4C:15","device_key":"ble-address:e0:72:a1:d5:4c:15","kind":"rx","seq":174,"session":"s2","stream":"chat","text":"dependent when subsc","timestamp":1789687914.9549782},{"data_b64":"cmliZWQK","description":"ble:LoRa-Chatter-72E0 E0:72:A1:D5:4C:15","device_key":"ble-address:e0:72:a1:d5:4c:15","kind":"rx","seq":175,"session":"s2","stream":"chat","text":"ribed\n","timestamp":1789687914.9553125},{"data_b64":"W1NZU10gICBjdXJyZW50PUNIQVQ=","description":"ble:LoRa-Chatter-72E0 E0:72:A1:D5:4C:15","device_key":"ble-address:e0:72:a1:d5:4c:15","kind":"rx","seq":176,"session":"s2","stream":"chat","text":"[SYS]   current=CHAT","timestamp":1789687914.9554305},{"data_b64":"IGVjaG89T0ZGCg==","description":"ble:LoRa-Chatter-72E0 E0:72:A1:D5:4C:15","device_key":"ble-address:e0:72:a1:d5:4c:15","kind":"rx","seq":177,"session":"s2","stream":"chat","text":" echo=OFF\n","timestamp":1789687914.955447},{"data_b64":"W1NZU10gQ09NTUFORFM6Cg==","description":"ble:LoRa-Chatter-72E0 E0:72:A1:D5:4C:15","device_key":"ble-address:e0:72:a1:d5:4c:15","kind":"rx","seq":178,"session":"s2","stream":"chat","text":"[SYS] COMMANDS:\n","timestamp":1789687914.9577072},{"data_b64":"W1NZU10gICAvaGVscCAgICAgICA=","description":"ble:LoRa-Chatter-72E0 E0:72:A1:D5:4C:15","device_key":"ble-address:e0:72:a1:d5:4c:15","kind":"rx","seq":179,"session":"s2","stream":"chat","text":"[SYS]   /help       ","timestamp":1789687914.9579554},{"data_b64":"c2hvdyB0aGlzIGhlbHAK","description":"ble:LoRa-Chatter-72E0 E0:72:A1:D5:4C:15","device_key":"ble-address:e0:72:a1:d5:4c:15","kind":"rx","seq":180,"session":"s2","stream":"chat","text":"show this help\n","timestamp":1789687914.9583726},{"data_b64":"W1NZU10gICAvaWQgICAgICAgICA=","description":"ble:LoRa-Chatter-72E0 E0:72:A1:D5:4C:15","device_key":"ble-address:e0:72:a1:d5:4c:15","kind":"rx","seq":181,"session":"s2","stream":"chat","text":"[SYS]   /id         ","timestamp":1789687914.9586535},{"data_b64":"c2hvdyBub2RlIGlkZW50aXR5Cg==","description":"ble:LoRa-Chatter-72E0 E0:72:A1:D5:4C:15","device_key":"ble-address:e0:72:a1:d5:4c:15","kind":"rx","seq":182,"session":"s2","stream":"chat","text":"show node identity\n","timestamp":1789687914.9606817},{"data_b64":"W1NZU10gICAvY2hhdCAgICAgICA=","description":"ble:LoRa-Chatter-72E0 E0:72:A1:D5:4C:15","device_key":"ble-address:e0:72:a1:d5:4c:15","kind":"rx","seq":183,"session":"s2","stream":"chat","text":"[SYS]   /chat       ","timestamp":1789687914.9610329},{"data_b64":"aHVtYW4gY29uc29sZSBDSEFUCg==","description":"ble:LoRa-Chatter-72E0 E0:72:A1:D5:4C:15","device_key":"ble-address:e0:72:a1:d5:4c:15","kind":"rx","seq":184,"session":"s2","stream":"chat","text":"human console CHAT\n","timestamp":1789687914.9610565},{"data_b64":"W1NZU10gQ0hBVCBPVVRQVVQ6Cg==","description":"ble:LoRa-Chatter-1B44 44:1B:F6:8D:B7:A9","device_key":"ble-address:44:1b:f6:8d:b7:a9","kind":"rx","seq":104,"session":"s1","stream":"chat","text":"[SYS] CHAT OUTPUT:\n","timestamp":1789687914.99115},{"data_b64":"W1NZU10gICA+IHRleHQgICAgICA=","description":"ble:LoRa-Chatter-1B44 44:1B:F6:8D:B7:A9","device_key":"ble-address:44:1b:f6:8d:b7:a9","kind":"rx","seq":105,"session":"s1","stream":"chat","text":"[SYS]   > text      ","timestamp":1789687914.9913394},{"data_b64":"ICAgICAgICAgICAgICAgICBsb2M=","description":"ble:LoRa-Chatter-1B44 44:1B:F6:8D:B7:A9","device_key":"ble-address:44:1b:f6:8d:b7:a9","kind":"rx","seq":106,"session":"s1","stream":"chat","text":"                 loc","timestamp":1789687914.9928317},{"data_b64":"W1NZU10gICAvdGVsZSAgICAgICA=","description":"ble:LoRa-Chatter-72E0 E0:72:A1:D5:4C:15","device_key":"ble-address:e0:72:a1:d5:4c:15","kind":"rx","seq":185,"session":"s2","stream":"chat","text":"[SYS]   /tele       ","timestamp":1789687914.9979782},{"data_b64":"aHVtYW4gY29uc29sZSBURUxFTUU=","description":"ble:LoRa-Chatter-72E0 E0:72:A1:D5:4C:15","device_key":"ble-address:e0:72:a1:d5:4c:15","kind":"rx","seq":186,"session":"s2","stream":"chat","text":"human console TELEME","timestamp":1789687914.998151},{"data_b64":"VFJZCg==","description":"ble:LoRa-Chatter-72E0 E0:72:A1:D5:4C:15","device_key":"ble-address:e0:72:a1:d5:4c:15","kind":"rx","seq":187,"session":"s2","stream":"chat","text":"TRY\n","timestamp":1789687914.9982007},{"data_b64":"W1NZU10gICAvYm90aCAgICAgICA=","description":"ble:LoRa-Chatter-72E0 E0:72:A1:D5:4C:15","device_key":"ble-address:e0:72:a1:d5:4c:15","kind":"rx","seq":188,"session":"s2","stream":"chat","text":"[SYS]   /both       ","timestamp":1789687915.0002522},{"data_b64":"aHVtYW4gY29uc29sZSBCT1RICg==","description":"ble:LoRa-Chatter-72E0 E0:72:A1:D5:4C:15","device_key":"ble-address:e0:72:a1:d5:4c:15","kind":"rx","seq":189,"session":"s2","stream":"chat","text":"human console BOTH\n","timestamp":1789687915.0004146},{"data_b64":"W1NZU10gICAvZWNobyAgICAgICA=","description":"ble:LoRa-Chatter-72E0 E0:72:A1:D5:4C:15","device_key":"ble-address:e0:72:a1:d5:4c:15","kind":"rx","seq":190,"session":"s2","stream":"chat","text":"[SYS]   /echo       ","timestamp":1789687915.001014},{"data_b64":"dG9nZ2xlIGVjaG8gbW9kZQo=","description":"ble:LoRa-Chatter-72E0 E0:72:A1:D5:4C:15","device_key":"ble-address:e0:72:a1:d5:4c:15","kind":"rx","seq":191,"session":"s2","stream":"chat","text":"toggle echo mode\n","timestamp":1789687915.0014858},{"data_b64":"W1NZU10gICAvY2FuY2VsICAgICA=","description":"ble:LoRa-Chatter-72E0 E0:72:A1:D5:4C:15","device_key":"ble-address:e0:72:a1:d5:4c:15","kind":"rx","seq":192,"session":"s2","stream":"chat","text":"[SYS]   /cancel     ","timestamp":1789687915.0024884},{"data_b64":"c3RvcCBjdXJyZW50IFVTRVIgZGU=","description":"ble:LoRa-Chatter-72E0 E0:72:A1:D5:4C:15","device_key":"ble-address:e0:72:a1:d5:4c:15","kind":"rx","seq":193,"session":"s2","stream":"chat","text":"stop current USER de","timestamp":1789687915.0025234},{"data_b64":"bGl2ZXJ5L3JldHJpZXMK","description":"ble:LoRa-Chatter-72E0 E0:72:A1:D5:4C:15","device_key":"ble-address:e0:72:a1:d5:4c:15","kind":"rx","seq":194,"session":"s2","stream":"chat","text":"livery/retries\n","timestamp":1789687915.002542},{"data_b64":"W1NZU10gICAvY2FuY2VsIGFsbCA=","description":"ble:LoRa-Chatter-72E0 E0:72:A1:D5:4C:15","device_key":"ble-address:e0:72:a1:d5:4c:15","kind":"rx","seq":195,"session":"s2","stream":"chat","text":"[SYS]   /cancel all ","timestamp":1789687915.0028174},{"data_b64":"c3RvcCBjdXJyZW50IFVTRVIgYW4=","description":"ble:LoRa-Chatter-72E0 E0:72:A1:D5:4C:15","device_key":"ble-address:e0:72:a1:d5:4c:15","kind":"rx","seq":196,"session":"s2","stream":"chat","text":"stop current USER an","timestamp":1789687915.002846},{"data_b64":"ZCBkaXNjYXJkIHF1ZXVlZCBVU0U=","description":"ble:LoRa-Chatter-72E0 E0:72:A1:D5:4C:15","device_key":"ble-address:e0:72:a1:d5:4c:15","kind":"rx","seq":197,"session":"s2","stream":"chat","text":"d discard queued USE","timestamp":1789687915.0032635},{"data_b64":"UnMK","description":"ble:LoRa-Chatter-72E0 E0:72:A1:D5:4C:15","device_key":"ble-address:e0:72:a1:d5:4c:15","kind":"rx","seq":198,"session":"s2","stream":"chat","text":"Rs\n","timestamp":1789687915.0056443},{"data_b64":"W1NZU10gICAvcmVib290ICAgICA=","description":"ble:LoRa-Chatter-72E0 E0:72:A1:D5:4C:15","device_key":"ble-address:e0:72:a1:d5:4c:15","kind":"rx","seq":199,"session":"s2","stream":"chat","text":"[SYS]   /reboot     ","timestamp":1789687915.005946},{"data_b64":"cmVib290IEVTUDMyIGNvbnRyb2w=","description":"ble:LoRa-Chatter-72E0 E0:72:A1:D5:4C:15","device_key":"ble-address:e0:72:a1:d5:4c:15","kind":"rx","seq":200,"session":"s2","stream":"chat","text":"reboot ESP32 control","timestamp":1789687915.0062425},{"data_b64":"YWwgVVNFUiBUWCBjb25maXJtZWQ=","description":"ble:LoRa-Chatter-1B44 44:1B:F6:8D:B7:A9","device_key":"ble-address:44:1b:f6:8d:b7:a9","kind":"rx","seq":107,"session":"s1","stream":"chat","text":"al USER TX confirmed","timestamp":1789687915.0370336},{"data_b64":"Cg==","description":"ble:LoRa-Chatter-1B44 44:1B:F6:8D:B7:A9","device_key":"ble-address:44:1b:f6:8d:b7:a9","kind":"rx","seq":108,"session":"s1","stream":"chat","text":"\n","timestamp":1789687915.037079},{"data_b64":"W1NZU10gICA8IFtSU1NJL1NOUiA=","description":"ble:LoRa-Chatter-1B44 44:1B:F6:8D:B7:A9","device_key":"ble-address:44:1b:f6:8d:b7:a9","kind":"rx","seq":109,"session":"s1","stream":"chat","text":"[SYS]   < [RSSI/SNR ","timestamp":1789687915.0374556},{"data_b64":"USVdIHRleHQgICAgICAgICBVU0U=","description":"ble:LoRa-Chatter-1B44 44:1B:F6:8D:B7:A9","device_key":"ble-address:44:1b:f6:8d:b7:a9","kind":"rx","seq":110,"session":"s1","stream":"chat","text":"Q%] text         USE","timestamp":1789687915.037479},{"data_b64":"bGVyCg==","description":"ble:LoRa-Chatter-72E0 E0:72:A1:D5:4C:15","device_key":"ble-address:e0:72:a1:d5:4c:15","kind":"rx","seq":201,"session":"s2","stream":"chat","text":"ler\n","timestamp":1789687915.0439758},{"data_b64":"W1NZU10gUkFXIENPTlRST0xTICg=","description":"ble:LoRa-Chatter-72E0 E0:72:A1:D5:4C:15","device_key":"ble-address:e0:72:a1:d5:4c:15","kind":"rx","seq":202,"session":"s2","stream":"chat","text":"[SYS] RAW CONTROLS (","timestamp":1789687915.0446055},{"data_b64":"SEVYKToK","description":"ble:LoRa-Chatter-72E0 E0:72:A1:D5:4C:15","device_key":"ble-address:e0:72:a1:d5:4c:15","kind":"rx","seq":203,"session":"s2","stream":"chat","text":"HEX):\n","timestamp":1789687915.0446336},{"data_b64":"W1NZU10gICAxNCAzMT1DSEFUICA=","description":"ble:LoRa-Chatter-72E0 E0:72:A1:D5:4C:15","device_key":"ble-address:e0:72:a1:d5:4c:15","kind":"rx","seq":204,"session":"s2","stream":"chat","text":"[SYS]   14 31=CHAT  ","timestamp":1789687915.0449739},{"data_b64":"MTQgMzI9VEVMRU1FVFJZICAxNCA=","description":"ble:LoRa-Chatter-72E0 E0:72:A1:D5:4C:15","device_key":"ble-address:e0:72:a1:d5:4c:15","kind":"rx","seq":205,"session":"s2","stream":"chat","text":"14 32=TELEMETRY  14 ","timestamp":1789687915.045},{"data_b64":"MzM9Qk9USCAgMTQgNjU9RUNITyA=","description":"ble:LoRa-Chatter-72E0 E0:72:A1:D5:4C:15","device_key":"ble-address:e0:72:a1:d5:4c:15","kind":"rx","seq":206,"session":"s2","stream":"chat","text":"33=BOTH  14 65=ECHO ","timestamp":1789687915.0450165},{"data_b64":"dG9nZ2xlCg==","description":"ble:LoRa-Chatter-72E0 E0:72:A1:D5:4C:15","device_key":"ble-address:e0:72:a1:d5:4c:15","kind":"rx","seq":207,"session":"s2","stream":"chat","text":"toggle\n","timestamp":1789687915.045031},{"data_b64":"W1NZU10gQU5EUk9JRCBCTEUgVEU=","description":"ble:LoRa-Chatter-72E0 E0:72:A1:D5:4C:15","device_key":"ble-address:e0:72:a1:d5:4c:15","kind":"rx","seq":208,"session":"s2","stream":"chat","text":"[SYS] ANDROID BLE TE","timestamp":1789687915.0451975},{"data_b64":"Uk1JTkFMIE1BQ1JPUzoK","description":"ble:LoRa-Chatter-72E0 E0:72:A1:D5:4C:15","device_key":"ble-address:e0:72:a1:d5:4c:15","kind":"rx","seq":209,"session":"s2","stream":"chat","text":"RMINAL MACROS:\n","timestamp":1789687915.0457103},{"data_b64":"W1NZU10gICBIRVggbWFjcm8sIG4=","description":"ble:LoRa-Chatter-72E0 E0:72:A1:D5:4C:15","device_key":"ble-address:e0:72:a1:d5:4c:15","kind":"rx","seq":210,"session":"s2","stream":"chat","text":"[SYS]   HEX macro, n","timestamp":1789687915.0460114},{"data_b64":"byBFT0w6IDE0IDMxIC8gMTQgMzI=","description":"ble:LoRa-Chatter-72E0 E0:72:A1:D5:4C:15","device_key":"ble-address:e0:72:a1:d5:4c:15","kind":"rx","seq":211,"session":"s2","stream":"chat","text":"o EOL: 14 31 / 14 32","timestamp":1789687915.04772},{"data_b64":"IC8gMTQgMzMgLyAxNCA2NQo=","description":"ble:LoRa-Chatter-72E0 E0:72:A1:D5:4C:15","device_key":"ble-address:e0:72:a1:d5:4c:15","kind":"rx","seq":212,"session":"s2","stream":"chat","text":" / 14 33 / 14 65\n","timestamp":1789687915.0480886},{"data_b64":"W1NZU10gICBvciBURVhUIG1hY3I=","description":"ble:LoRa-Chatter-72E0 E0:72:A1:D5:4C:15","device_key":"ble-address:e0:72:a1:d5:4c:15","kind":"rx","seq":213,"session":"s2","stream":"chat","text":"[SYS]   or TEXT macr","timestamp":1789687915.0481932},{"data_b64":"byArIExGOiAvaGVscCAvaWQgL2M=","description":"ble:LoRa-Chatter-72E0 E0:72:A1:D5:4C:15","device_key":"ble-address:e0:72:a1:d5:4c:15","kind":"rx","seq":214,"session":"s2","stream":"chat","text":"o + LF: /help /id /c","timestamp":1789687915.0496826},{"data_b64":"aGF0IC90ZWxlIC9ib3RoIC9lY2g=","description":"ble:LoRa-Chatter-72E0 E0:72:A1:D5:4C:15","device_key":"ble-address:e0:72:a1:d5:4c:15","kind":"rx","seq":215,"session":"s2","stream":"chat","text":"hat /tele /both /ech","timestamp":1789687915.049949},{"data_b64":"byAvY2FuY2VsIC9jYW5jZWwgYWw=","description":"ble:LoRa-Chatter-72E0 E0:72:A1:D5:4C:15","device_key":"ble-address:e0:72:a1:d5:4c:15","kind":"rx","seq":216,"session":"s2","stream":"chat","text":"o /cancel /cancel al","timestamp":1789687915.0502114},{"data_b64":"UiByZWNlaXZlZCBmcm9tIHBlZXI=","description":"ble:LoRa-Chatter-1B44 44:1B:F6:8D:B7:A9","device_key":"ble-address:44:1b:f6:8d:b7:a9","kind":"rx","seq":111,"session":"s1","stream":"chat","text":"R received from peer","timestamp":1789687915.0816472},{"data_b64":"Cg==","description":"ble:LoRa-Chatter-1B44 44:1B:F6:8D:B7:A9","device_key":"ble-address:44:1b:f6:8d:b7:a9","kind":"rx","seq":112,"session":"s1","stream":"chat","text":"\n","timestamp":1789687915.0821693},{"data_b64":"W1NZU10gICA+IFtFQ0hPIFRYXSA=","description":"ble:LoRa-Chatter-1B44 44:1B:F6:8D:B7:A9","device_key":"ble-address:44:1b:f6:8d:b7:a9","kind":"rx","seq":113,"session":"s1","stream":"chat","text":"[SYS]   > [ECHO TX] ","timestamp":1789687915.082301},{"data_b64":"dGV4dCAgICAgICAgICAgICBsb2M=","description":"ble:LoRa-Chatter-1B44 44:1B:F6:8D:B7:A9","device_key":"ble-address:44:1b:f6:8d:b7:a9","kind":"rx","seq":114,"session":"s1","stream":"chat","text":"text             loc","timestamp":1789687915.085415},{"data_b64":"bCAvcmVib290Cg==","description":"ble:LoRa-Chatter-72E0 E0:72:A1:D5:4C:15","device_key":"ble-address:e0:72:a1:d5:4c:15","kind":"rx","seq":217,"session":"s2","stream":"chat","text":"l /reboot\n","timestamp":1789687915.0870957},{"data_b64":"W1NZU10gICBOb3JkaWMgVUFSVCA=","description":"ble:LoRa-Chatter-72E0 E0:72:A1:D5:4C:15","device_key":"ble-address:e0:72:a1:d5:4c:15","kind":"rx","seq":218,"session":"s2","stream":"chat","text":"[SYS]   Nordic UART ","timestamp":1789687915.087807},{"data_b64":"aHVtYW4gY29uc29sZT0wMDAzOyA=","description":"ble:LoRa-Chatter-72E0 E0:72:A1:D5:4C:15","device_key":"ble-address:e0:72:a1:d5:4c:15","kind":"rx","seq":219,"session":"s2","stream":"chat","text":"human console=0003; ","timestamp":1789687915.087837},{"data_b64":"bWFjaGluZSB0ZWxlbWV0cnk9MDA=","description":"ble:LoRa-Chatter-72E0 E0:72:A1:D5:4C:15","device_key":"ble-address:e0:72:a1:d5:4c:15","kind":"rx","seq":220,"session":"s2","stream":"chat","text":"machine telemetry=00","timestamp":1789687915.0878544},{"data_b64":"MDQgb3B0aW9uYWwK","description":"ble:LoRa-Chatter-72E0 E0:72:A1:D5:4C:15","device_key":"ble-address:e0:72:a1:d5:4c:15","kind":"rx","seq":221,"session":"s2","stream":"chat","text":"04 optional\n","timestamp":1789687915.089681},{"data_b64":"W1NZU10gQkxFIENMSUVOVDogbWE=","description":"ble:LoRa-Chatter-72E0 E0:72:A1:D5:4C:15","device_key":"ble-address:e0:72:a1:d5:4c:15","kind":"rx","seq":222,"session":"s2","stream":"chat","text":"[SYS] BLE CLIENT: ma","timestamp":1789687915.0900795},{"data_b64":"Y2hpbmUgdGVsZW1ldHJ5IDAwMDQ=","description":"ble:LoRa-Chatter-72E0 E0:72:A1:D5:4C:15","device_key":"ble-address:e0:72:a1:d5:4c:15","kind":"rx","seq":223,"session":"s2","stream":"chat","text":"chine telemetry 0004","timestamp":1789687915.0904026},{"data_b64":"IHN1YnNjcmliZWQgaW4gYmFja2c=","description":"ble:LoRa-Chatter-72E0 E0:72:A1:D5:4C:15","device_key":"ble-address:e0:72:a1:d5:4c:15","kind":"rx","seq":224,"session":"s2","stream":"chat","text":" subscribed in backg","timestamp":1789687915.0904286},{"data_b64":"cm91bmQK","description":"ble:LoRa-Chatter-72E0 E0:72:A1:D5:4C:15","device_key":"ble-address:e0:72:a1:d5:4c:15","kind":"rx","seq":225,"session":"s2","stream":"chat","text":"round\n","timestamp":1789687915.0904453},{"data_b64":"YWwgZWNobyBUWCBjb25maXJtZWQ=","description":"ble:LoRa-Chatter-1B44 44:1B:F6:8D:B7:A9","device_key":"ble-address:44:1b:f6:8d:b7:a9","kind":"rx","seq":115,"session":"s1","stream":"chat","text":"al echo TX confirmed","timestamp":1789687915.1297157},{"data_b64":"Cg==","description":"ble:LoRa-Chatter-1B44 44:1B:F6:8D:B7:A9","device_key":"ble-address:44:1b:f6:8d:b7:a9","kind":"rx","seq":116,"session":"s1","stream":"chat","text":"\n","timestamp":1789687915.129839},{"data_b64":"W1NZU10gICA8IFtFQ0hPIFJTU0k=","description":"ble:LoRa-Chatter-1B44 44:1B:F6:8D:B7:A9","device_key":"ble-address:44:1b:f6:8d:b7:a9","kind":"rx","seq":117,"session":"s1","stream":"chat","text":"[SYS]   < [ECHO RSSI","timestamp":1789687915.1308496},{"data_b64":"L1NOUiBRJV0gdGV4dCAgICBtYXQ=","description":"ble:LoRa-Chatter-1B44 44:1B:F6:8D:B7:A9","device_key":"ble-address:44:1b:f6:8d:b7:a9","kind":"rx","seq":118,"session":"s1","stream":"chat","text":"/SNR Q%] text    mat","timestamp":1789687915.130886},{"data_b64":"Y2hpbmcgZWNobyByZXBseSByZWM=","description":"ble:LoRa-Chatter-1B44 44:1B:F6:8D:B7:A9","device_key":"ble-address:44:1b:f6:8d:b7:a9","kind":"rx","seq":119,"session":"s1","stream":"chat","text":"ching echo reply rec","timestamp":1789687915.1710377},{"data_b64":"ZWl2ZWQK","description":"ble:LoRa-Chatter-1B44 44:1B:F6:8D:B7:A9","device_key":"ble-address:44:1b:f6:8d:b7:a9","kind":"rx","seq":120,"session":"s1","stream":"chat","text":"eived\n","timestamp":1789687915.171479},{"data_b64":"W1NZU10gICBbRUNIT10gTk8gUkU=","description":"ble:LoRa-Chatter-1B44 44:1B:F6:8D:B7:A9","device_key":"ble-address:44:1b:f6:8d:b7:a9","kind":"rx","seq":121,"session":"s1","stream":"chat","text":"[SYS]   [ECHO] NO RE","timestamp":1789687915.1717353},{"data_b64":"U1BPTlNFICAgICAgICAgICBtYXQ=","description":"ble:LoRa-Chatter-1B44 44:1B:F6:8D:B7:A9","device_key":"ble-address:44:1b:f6:8d:b7:a9","kind":"rx","seq":122,"session":"s1","stream":"chat","text":"SPONSE           mat","timestamp":1789687915.1726453},{"data_b64":"Y2hpbmcgZWNobyByZXBseSB0aW0=","description":"ble:LoRa-Chatter-1B44 44:1B:F6:8D:B7:A9","device_key":"ble-address:44:1b:f6:8d:b7:a9","kind":"rx","seq":123,"session":"s1","stream":"chat","text":"ching echo reply tim","timestamp":1789687915.216033},{"data_b64":"ZWQgb3V0Cg==","description":"ble:LoRa-Chatter-1B44 44:1B:F6:8D:B7:A9","device_key":"ble-address:44:1b:f6:8d:b7:a9","kind":"rx","seq":124,"session":"s1","stream":"chat","text":"ed out\n","timestamp":1789687915.2163796},{"data_b64":"W1NZU10gICBkZWxpdmVyeSByZXQ=","description":"ble:LoRa-Chatter-1B44 44:1B:F6:8D:B7:A9","device_key":"ble-address:44:1b:f6:8d:b7:a9","kind":"rx","seq":125,"session":"s1","stream":"chat","text":"[SYS]   delivery ret","timestamp":1789687915.2178059},{"data_b64":"cnkgZGV0YWlscyAgICAgICBURUw=","description":"ble:LoRa-Chatter-1B44 44:1B:F6:8D:B7:A9","device_key":"ble-address:44:1b:f6:8d:b7:a9","kind":"rx","seq":126,"session":"s1","stream":"chat","text":"ry details       TEL","timestamp":1789687915.261018},{"data_b64":"RU1FVFJZIG9ubHkK","description":"ble:LoRa-Chatter-1B44 44:1B:F6:8D:B7:A9","device_key":"ble-address:44:1b:f6:8d:b7:a9","kind":"rx","seq":127,"session":"s1","stream":"chat","text":"EMETRY only\n","timestamp":1789687915.2613714},{"data_b64":"W1NZU10gICBSU1NJPWRCbSwgU04=","description":"ble:LoRa-Chatter-1B44 44:1B:F6:8D:B7:A9","device_key":"ble-address:44:1b:f6:8d:b7:a9","kind":"rx","seq":128,"session":"s1","stream":"chat","text":"[SYS]   RSSI=dBm, SN","timestamp":1789687915.2641525},{"data_b64":"Uj1kQiwgUT1yb2xsaW5nIHJlY2U=","description":"ble:LoRa-Chatter-1B44 44:1B:F6:8D:B7:A9","device_key":"ble-address:44:1b:f6:8d:b7:a9","kind":"rx","seq":129,"session":"s1","stream":"chat","text":"R=dB, Q=rolling rece","timestamp":1789687915.3063278},{"data_b64":"aXZlIHF1YWxpdHkgJQo=","description":"ble:LoRa-Chatter-1B44 44:1B:F6:8D:B7:A9","device_key":"ble-address:44:1b:f6:8d:b7:a9","kind":"rx","seq":130,"session":"s1","stream":"chat","text":"ive quality %\n","timestamp":1789687915.306381},{"data_b64":"W1NZU10gSFVNQU4gQ09OU09MRSA=","description":"ble:LoRa-Chatter-1B44 44:1B:F6:8D:B7:A9","device_key":"ble-address:44:1b:f6:8d:b7:a9","kind":"rx","seq":131,"session":"s1","stream":"chat","text":"[SYS] HUMAN CONSOLE ","timestamp":1789687915.309922},{"data_b64":"TU9ERVM6Cg==","description":"ble:LoRa-Chatter-1B44 44:1B:F6:8D:B7:A9","device_key":"ble-address:44:1b:f6:8d:b7:a9","kind":"rx","seq":132,"session":"s1","stream":"chat","text":"MODES:\n","timestamp":1789687915.3513374},{"data_b64":"W1NZU10gICBDSEFUICAgICAgIGM=","description":"ble:LoRa-Chatter-1B44 44:1B:F6:8D:B7:A9","device_key":"ble-address:44:1b:f6:8d:b7:a9","kind":"rx","seq":133,"session":"s1","stream":"chat","text":"[SYS]   CHAT       c","timestamp":1789687915.3516548},{"data_b64":"IGVjaG89T0ZGCg==","description":"ble:LoRa-Chatter-1B44 44:1B:F6:8D:B7:A9","device_key":"ble-address:44:1b:f6:8d:b7:a9","kind":"rx","seq":134,"session":"s1","stream":"chat","text":" echo=OFF\n","timestamp":1789687915.3516831},{"data_b64":"W1NZU10gQ09NTUFORFM6Cg==","description":"ble:LoRa-Chatter-1B44 44:1B:F6:8D:B7:A9","device_key":"ble-address:44:1b:f6:8d:b7:a9","kind":"rx","seq":135,"session":"s1","stream":"chat","text":"[SYS] COMMANDS:\n","timestamp":1789687915.3527226},{"data_b64":"W1NZU10gICAvaGVscCAgICAgICA=","description":"ble:LoRa-Chatter-1B44 44:1B:F6:8D:B7:A9","device_key":"ble-address:44:1b:f6:8d:b7:a9","kind":"rx","seq":136,"session":"s1","stream":"chat","text":"[SYS]   /help       ","timestamp":1789687915.3980315},{"data_b64":"c2hvdyB0aGlzIGhlbHAK","description":"ble:LoRa-Chatter-1B44 44:1B:F6:8D:B7:A9","device_key":"ble-address:44:1b:f6:8d:b7:a9","kind":"rx","seq":137,"session":"s1","stream":"chat","text":"show this help\n","timestamp":1789687915.3984666},{"data_b64":"W1NZU10gICAvaWQgICAgICAgICA=","description":"ble:LoRa-Chatter-1B44 44:1B:F6:8D:B7:A9","device_key":"ble-address:44:1b:f6:8d:b7:a9","kind":"rx","seq":138,"session":"s1","stream":"chat","text":"[SYS]   /id         ","timestamp":1789687915.398867},{"data_b64":"c2hvdyBub2RlIGlkZW50aXR5Cg==","description":"ble:LoRa-Chatter-1B44 44:1B:F6:8D:B7:A9","device_key":"ble-address:44:1b:f6:8d:b7:a9","kind":"rx","seq":139,"session":"s1","stream":"chat","text":"show node identity\n","timestamp":1789687915.4441957},{"data_b64":"W1NZU10gICAvY2hhdCAgICAgICA=","description":"ble:LoRa-Chatter-1B44 44:1B:F6:8D:B7:A9","device_key":"ble-address:44:1b:f6:8d:b7:a9","kind":"rx","seq":140,"session":"s1","stream":"chat","text":"[SYS]   /chat       ","timestamp":1789687915.4444063},{"data_b64":"aHVtYW4gY29uc29sZSBDSEFUCg==","description":"ble:LoRa-Chatter-1B44 44:1B:F6:8D:B7:A9","device_key":"ble-address:44:1b:f6:8d:b7:a9","kind":"rx","seq":141,"session":"s1","stream":"chat","text":"human console CHAT\n","timestamp":1789687915.44445},{"data_b64":"W1NZU10gICAvdGVsZSAgICAgICA=","description":"ble:LoRa-Chatter-1B44 44:1B:F6:8D:B7:A9","device_key":"ble-address:44:1b:f6:8d:b7:a9","kind":"rx","seq":142,"session":"s1","stream":"chat","text":"[SYS]   /tele       ","timestamp":1789687915.4869397},{"data_b64":"aHVtYW4gY29uc29sZSBURUxFTUU=","description":"ble:LoRa-Chatter-1B44 44:1B:F6:8D:B7:A9","device_key":"ble-address:44:1b:f6:8d:b7:a9","kind":"rx","seq":143,"session":"s1","stream":"chat","text":"human console TELEME","timestamp":1789687915.4870117},{"data_b64":"VFJZCg==","description":"ble:LoRa-Chatter-1B44 44:1B:F6:8D:B7:A9","device_key":"ble-address:44:1b:f6:8d:b7:a9","kind":"rx","seq":144,"session":"s1","stream":"chat","text":"TRY\n","timestamp":1789687915.4870338},{"data_b64":"W1NZU10gICAvYm90aCAgICAgICA=","description":"ble:LoRa-Chatter-1B44 44:1B:F6:8D:B7:A9","device_key":"ble-address:44:1b:f6:8d:b7:a9","kind":"rx","seq":145,"session":"s1","stream":"chat","text":"[SYS]   /both       ","timestamp":1789687915.4886816},{"data_b64":"aHVtYW4gY29uc29sZSBCT1RICg==","description":"ble:LoRa-Chatter-1B44 44:1B:F6:8D:B7:A9","device_key":"ble-address:44:1b:f6:8d:b7:a9","kind":"rx","seq":146,"session":"s1","stream":"chat","text":"human console BOTH\n","timestamp":1789687915.534152},{"data_b64":"W1NZU10gICAvZWNobyAgICAgICA=","description":"ble:LoRa-Chatter-1B44 44:1B:F6:8D:B7:A9","device_key":"ble-address:44:1b:f6:8d:b7:a9","kind":"rx","seq":147,"session":"s1","stream":"chat","text":"[SYS]   /echo       ","timestamp":1789687915.534434},{"data_b64":"dG9nZ2xlIGVjaG8gbW9kZQo=","description":"ble:LoRa-Chatter-1B44 44:1B:F6:8D:B7:A9","device_key":"ble-address:44:1b:f6:8d:b7:a9","kind":"rx","seq":148,"session":"s1","stream":"chat","text":"toggle echo mode\n","timestamp":1789687915.5344617},{"data_b64":"W1NZU10gICAvY2FuY2VsICAgICA=","description":"ble:LoRa-Chatter-1B44 44:1B:F6:8D:B7:A9","device_key":"ble-address:44:1b:f6:8d:b7:a9","kind":"rx","seq":149,"session":"s1","stream":"chat","text":"[SYS]   /cancel     ","timestamp":1789687915.5761237},{"data_b64":"c3RvcCBjdXJyZW50IFVTRVIgZGU=","description":"ble:LoRa-Chatter-1B44 44:1B:F6:8D:B7:A9","device_key":"ble-address:44:1b:f6:8d:b7:a9","kind":"rx","seq":150,"session":"s1","stream":"chat","text":"stop current USER de","timestamp":1789687915.576172},{"data_b64":"dG9nZ2xlCg==","description":"ble:LoRa-Chatter-1B44 44:1B:F6:8D:B7:A9","device_key":"ble-address:44:1b:f6:8d:b7:a9","kind":"rx","seq":151,"session":"s1","stream":"chat","text":"toggle\n","timestamp":1789687915.5780504},{"data_b64":"W1NZU10gQU5EUk9JRCBCTEUgVEU=","description":"ble:LoRa-Chatter-1B44 44:1B:F6:8D:B7:A9","device_key":"ble-address:44:1b:f6:8d:b7:a9","kind":"rx","seq":152,"session":"s1","stream":"chat","text":"[SYS] ANDROID BLE TE","timestamp":1789687915.621091},{"data_b64":"Uk1JTkFMIE1BQ1JPUzoK","description":"ble:LoRa-Chatter-1B44 44:1B:F6:8D:B7:A9","device_key":"ble-address:44:1b:f6:8d:b7:a9","kind":"rx","seq":153,"session":"s1","stream":"chat","text":"RMINAL MACROS:\n","timestamp":1789687915.6215703},{"data_b64":"W1NZU10gICBIRVggbWFjcm8sIG4=","description":"ble:LoRa-Chatter-1B44 44:1B:F6:8D:B7:A9","device_key":"ble-address:44:1b:f6:8d:b7:a9","kind":"rx","seq":154,"session":"s1","stream":"chat","text":"[SYS]   HEX macro, n","timestamp":1789687915.622771},{"data_b64":"byBFT0w6IDE0IDMxIC8gMTQgMzI=","description":"ble:LoRa-Chatter-1B44 44:1B:F6:8D:B7:A9","device_key":"ble-address:44:1b:f6:8d:b7:a9","kind":"rx","seq":155,"session":"s1","stream":"chat","text":"o EOL: 14 31 / 14 32","timestamp":1789687915.6661077},{"data_b64":"IC8gMTQgMzMgLyAxNCA2NQo=","description":"ble:LoRa-Chatter-1B44 44:1B:F6:8D:B7:A9","device_key":"ble-address:44:1b:f6:8d:b7:a9","kind":"rx","seq":156,"session":"s1","stream":"chat","text":" / 14 33 / 14 65\n","timestamp":1789687915.6661618},{"data_b64":"W1NZU10gICBvciBURVhUIG1hY3I=","description":"ble:LoRa-Chatter-1B44 44:1B:F6:8D:B7:A9","device_key":"ble-address:44:1b:f6:8d:b7:a9","kind":"rx","seq":157,"session":"s1","stream":"chat","text":"[SYS]   or TEXT macr","timestamp":1789687915.6687527},{"data_b64":"byArIExGOiAvaGVscCAvaWQgL2M=","description":"ble:LoRa-Chatter-1B44 44:1B:F6:8D:B7:A9","device_key":"ble-address:44:1b:f6:8d:b7:a9","kind":"rx","seq":158,"session":"s1","stream":"chat","text":"o + LF: /help /id /c","timestamp":1789687915.7111874},{"data_b64":"aGF0IC90ZWxlIC9ib3RoIC9lY2g=","description":"ble:LoRa-Chatter-1B44 44:1B:F6:8D:B7:A9","device_key":"ble-address:44:1b:f6:8d:b7:a9","kind":"rx","seq":159,"session":"s1","stream":"chat","text":"hat /tele /both /ech","timestamp":1789687915.711242},{"data_b64":"byAvY2FuY2VsIC9jYW5jZWwgYWw=","description":"ble:LoRa-Chatter-1B44 44:1B:F6:8D:B7:A9","device_key":"ble-address:44:1b:f6:8d:b7:a9","kind":"rx","seq":160,"session":"s1","stream":"chat","text":"o /cancel /cancel al","timestamp":1789687915.7158885},{"data_b64":"bCAvcmVib290Cg==","description":"ble:LoRa-Chatter-1B44 44:1B:F6:8D:B7:A9","device_key":"ble-address:44:1b:f6:8d:b7:a9","kind":"rx","seq":161,"session":"s1","stream":"chat","text":"l /reboot\n","timestamp":1789687915.7564569},{"data_b64":"W1NZU10gICBOb3JkaWMgVUFSVCA=","description":"ble:LoRa-Chatter-1B44 44:1B:F6:8D:B7:A9","device_key":"ble-address:44:1b:f6:8d:b7:a9","kind":"rx","seq":162,"session":"s1","stream":"chat","text":"[SYS]   Nordic UART ","timestamp":1789687915.7567284},{"data_b64":"aHVtYW4gY29uc29sZT0wMDAzOyA=","description":"ble:LoRa-Chatter-1B44 44:1B:F6:8D:B7:A9","device_key":"ble-address:44:1b:f6:8d:b7:a9","kind":"rx","seq":163,"session":"s1","stream":"chat","text":"human console=0003; ","timestamp":1789687915.757783}],"lines":[{"seq_first":133,"seq_last":133,"session":"s2","stream":"chat","text":""},{"seq_first":133,"seq_last":133,"session":"s2","stream":"chat","text":"[SYS] CHATTER HELP"},{"seq_first":134,"seq_last":135,"session":"s2","stream":"chat","text":"[SYS] CHATTER NODE LoRa-Chatter-72E0"},{"seq_first":136,"seq_last":136,"session":"s2","stream":"chat","text":"[SYS] CHAT OUTPUT:"},{"seq_first":137,"seq_last":140,"session":"s2","stream":"chat","text":"[SYS]   > text                       local USER TX confirmed"},{"seq_first":141,"seq_last":144,"session":"s2","stream":"chat","text":"[SYS]   < [RSSI/SNR Q%] text         USER received from peer"},{"seq_first":145,"seq_last":148,"session":"s2","stream":"chat","text":"[SYS]   > [ECHO TX] text             local echo TX confirmed"},{"seq_first":149,"seq_last":152,"session":"s2","stream":"chat","text":"[SYS]   < [ECHO RSSI/SNR Q%] text    matching echo reply received"},{"seq_first":153,"seq_last":156,"session":"s2","stream":"chat","text":"[SYS]   [ECHO] NO RESPONSE           matching echo reply timed out"},{"seq_first":157,"seq_last":159,"session":"s2","stream":"chat","text":"[SYS]   delivery retry details       TELEMETRY only"},{"seq_first":160,"seq_last":162,"session":"s2","stream":"chat","text":"[SYS]   RSSI=dBm, SNR=dB, Q=rolling receive quality %"},{"seq_first":163,"seq_last":164,"session":"s2","stream":"chat","text":"[SYS] HUMAN CONSOLE MODES:"},{"seq_first":165,"seq_last":166,"session":"s2","stream":"chat","text":"[SYS]   CHAT       chat + SYSTEM"},{"seq_first":167,"seq_last":168,"session":"s2","stream":"chat","text":"[SYS]   TELEMETRY  telemetry + SYSTEM"},{"seq_first":101,"seq_last":101,"session":"s1","stream":"chat","text":""},{"seq_first":101,"seq_last":101,"session":"s1","stream":"chat","text":"[SYS] CHATTER HELP"},{"seq_first":102,"seq_last":103,"session":"s1","stream":"chat","text":"[SYS] CHATTER NODE LoRa-Chatter-1B44"},{"seq_first":169,"seq_last":171,"session":"s2","stream":"chat","text":"[SYS]   BOTH       chat + telemetry + SYSTEM"},{"seq_first":172,"seq_last":175,"session":"s2","stream":"chat","text":"[SYS]   BLE 0004 machine telemetry is independent when subscribed"},{"seq_first":176,"seq_last":177,"session":"s2","stream":"chat","text":"[SYS]   current=CHAT echo=OFF"},{"seq_first":178,"seq_last":178,"session":"s2","stream":"chat","text":"[SYS] COMMANDS:"},{"seq_first":179,"seq_last":180,"session":"s2","stream":"chat","text":"[SYS]   /help       show this help"},{"seq_first":181,"seq_last":182,"session":"s2","stream":"chat","text":"[SYS]   /id         show node identity"},{"seq_first":183,"seq_last":184,"session":"s2","stream":"chat","text":"[SYS]   /chat       human console CHAT"},{"seq_first":104,"seq_last":104,"session":"s1","stream":"chat","text":"[SYS] CHAT OUTPUT:"},{"seq_first":185,"seq_last":187,"session":"s2","stream":"chat","text":"[SYS]   /tele       human console TELEMETRY"},{"seq_first":188,"seq_last":189,"session":"s2","stream":"chat","text":"[SYS]   /both       human console BOTH"},{"seq_first":190,"seq_last":191,"session":"s2","stream":"chat","text":"[SYS]   /echo       toggle echo mode"},{"seq_first":192,"seq_last":194,"session":"s2","stream":"chat","text":"[SYS]   /cancel     stop current USER delivery/retries"},{"seq_first":195,"seq_last":198,"session":"s2","stream":"chat","text":"[SYS]   /cancel all stop current USER and discard queued USERs"},{"seq_first":105,"seq_last":108,"session":"s1","stream":"chat","text":"[SYS]   > text                       local USER TX confirmed"},{"seq_first":199,"seq_last":201,"session":"s2","stream":"chat","text":"[SYS]   /reboot     reboot ESP32 controller"},{"seq_first":202,"seq_last":203,"session":"s2","stream":"chat","text":"[SYS] RAW CONTROLS (HEX):"},{"seq_first":204,"seq_last":207,"session":"s2","stream":"chat","text":"[SYS]   14 31=CHAT  14 32=TELEMETRY  14 33=BOTH  14 65=ECHO toggle"},{"seq_first":208,"seq_last":209,"session":"s2","stream":"chat","text":"[SYS] ANDROID BLE TERMINAL MACROS:"},{"seq_first":210,"seq_last":212,"session":"s2","stream":"chat","text":"[SYS]   HEX macro, no EOL: 14 31 / 14 32 / 14 33 / 14 65"},{"seq_first":109,"seq_last":112,"session":"s1","stream":"chat","text":"[SYS]   < [RSSI/SNR Q%] text         USER received from peer"},{"seq_first":213,"seq_last":217,"session":"s2","stream":"chat","text":"[SYS]   or TEXT macro + LF: /help /id /chat /tele /both /echo /cancel /cancel all /reboot"},{"seq_first":218,"seq_last":221,"session":"s2","stream":"chat","text":"[SYS]   Nordic UART human console=0003; machine telemetry=0004 optional"},{"seq_first":222,"seq_last":225,"session":"s2","stream":"chat","text":"[SYS] BLE CLIENT: machine telemetry 0004 subscribed in background"},{"seq_first":113,"seq_last":116,"session":"s1","stream":"chat","text":"[SYS]   > [ECHO TX] text             local echo TX confirmed"},{"seq_first":117,"seq_last":120,"session":"s1","stream":"chat","text":"[SYS]   < [ECHO RSSI/SNR Q%] text    matching echo reply received"},{"seq_first":121,"seq_last":124,"session":"s1","stream":"chat","text":"[SYS]   [ECHO] NO RESPONSE           matching echo reply timed out"},{"seq_first":125,"seq_last":127,"session":"s1","stream":"chat","text":"[SYS]   delivery retry details       TELEMETRY only"},{"seq_first":128,"seq_last":130,"session":"s1","stream":"chat","text":"[SYS]   RSSI=dBm, SNR=dB, Q=rolling receive quality %"},{"seq_first":131,"seq_last":132,"session":"s1","stream":"chat","text":"[SYS] HUMAN CONSOLE MODES:"},{"seq_first":133,"seq_last":134,"session":"s1","stream":"chat","text":"[SYS]   CHAT       c echo=OFF"},{"seq_first":135,"seq_last":135,"session":"s1","stream":"chat","text":"[SYS] COMMANDS:"},{"seq_first":136,"seq_last":137,"session":"s1","stream":"chat","text":"[SYS]   /help       show this help"},{"seq_first":138,"seq_last":139,"session":"s1","stream":"chat","text":"[SYS]   /id         show node identity"},{"seq_first":140,"seq_last":141,"session":"s1","stream":"chat","text":"[SYS]   /chat       human console CHAT"},{"seq_first":142,"seq_last":144,"session":"s1","stream":"chat","text":"[SYS]   /tele       human console TELEMETRY"},{"seq_first":145,"seq_last":146,"session":"s1","stream":"chat","text":"[SYS]   /both       human console BOTH"},{"seq_first":147,"seq_last":148,"session":"s1","stream":"chat","text":"[SYS]   /echo       toggle echo mode"},{"seq_first":149,"seq_last":151,"session":"s1","stream":"chat","text":"[SYS]   /cancel     stop current USER detoggle"},{"seq_first":152,"seq_last":153,"session":"s1","stream":"chat","text":"[SYS] ANDROID BLE TERMINAL MACROS:"},{"seq_first":154,"seq_last":156,"session":"s1","stream":"chat","text":"[SYS]   HEX macro, no EOL: 14 31 / 14 32 / 14 33 / 14 65"},{"seq_first":157,"seq_last":161,"session":"s1","stream":"chat","text":"[SYS]   or TEXT macro + LF: /help /id /chat /tele /both /echo /cancel /cancel all /reboot"}],"timed_out":false}}
2026-09-18T02:32:10.338+03:00 [RX telemetry] {"data_b64":"ClNFU1NJT04gdD03MjBzIFRYIG8=","description":"ble:LoRa-Chatter-1B44 44:1B:F6:8D:B7:A9","device_key":"ble-address:44:1b:f6:8d:b7:a9","kind":"rx","seq":164,"session":"s1","stream":"telemetry","text":"\nSESSION t=720s TX o","timestamp":1789687930.3385534}
2026-09-18T02:32:10.339+03:00 [RX telemetry] {"data_b64":"az0wIHVzZXI9MCBlY2hvX3JlcT0=","description":"ble:LoRa-Chatter-1B44 44:1B:F6:8D:B7:A9","device_key":"ble-address:44:1b:f6:8d:b7:a9","kind":"rx","seq":165,"session":"s1","stream":"telemetry","text":"k=0 user=0 echo_req=","timestamp":1789687930.3387985}
2026-09-18T02:32:10.383+03:00 [RX telemetry] {"data_b64":"MCBlY2hvX3JlcD0wIGhiPTAoaWQ=","description":"ble:LoRa-Chatter-1B44 44:1B:F6:8D:B7:A9","device_key":"ble-address:44:1b:f6:8d:b7:a9","kind":"rx","seq":166,"session":"s1","stream":"telemetry","text":"0 echo_rep=0 hb=0(id","timestamp":1789687930.3829882}
2026-09-18T02:32:10.383+03:00 [RX telemetry] {"data_b64":"bGU9MCkgZXJyPTAgc3RhcnRlZD0=","description":"ble:LoRa-Chatter-1B44 44:1B:F6:8D:B7:A9","device_key":"ble-address:44:1b:f6:8d:b7:a9","kind":"rx","seq":167,"session":"s1","stream":"telemetry","text":"le=0) err=0 started=","timestamp":1789687930.3833363}
2026-09-18T02:32:10.383+03:00 [RX telemetry] {"data_b64":"MCBSWCBvaz0wIHVzZXI9MCBlY2g=","description":"ble:LoRa-Chatter-1B44 44:1B:F6:8D:B7:A9","device_key":"ble-address:44:1b:f6:8d:b7:a9","kind":"rx","seq":168,"session":"s1","stream":"telemetry","text":"0 RX ok=0 user=0 ech","timestamp":1789687930.3833654}
2026-09-18T02:32:10.383+03:00 [RX telemetry] {"data_b64":"b19yZXE9MCBlY2hvX3JlcD0wIGg=","description":"ble:LoRa-Chatter-1B44 44:1B:F6:8D:B7:A9","device_key":"ble-address:44:1b:f6:8d:b7:a9","kind":"rx","seq":169,"session":"s1","stream":"telemetry","text":"o_req=0 echo_rep=0 h","timestamp":1789687930.383671}
2026-09-18T02:32:10.383+03:00 [RX telemetry] {"data_b64":"Yj0wIGNyYz0wIGhkcj0wIGJhZD0=","description":"ble:LoRa-Chatter-1B44 44:1B:F6:8D:B7:A9","device_key":"ble-address:44:1b:f6:8d:b7:a9","kind":"rx","seq":170,"session":"s1","stream":"telemetry","text":"b=0 crc=0 hdr=0 bad=","timestamp":1789687930.383697}
2026-09-18T02:32:10.385+03:00 [RX telemetry] {"data_b64":"MCByZWFkZXJyPTAgcmVwb3J0cz0=","description":"ble:LoRa-Chatter-1B44 44:1B:F6:8D:B7:A9","device_key":"ble-address:44:1b:f6:8d:b7:a9","kind":"rx","seq":171,"session":"s1","stream":"telemetry","text":"0 readerr=0 reports=","timestamp":1789687930.3856506}
2026-09-18T02:32:10.386+03:00 [RX telemetry] {"data_b64":"MCBRPTAlIGRyb3BzPTAgZmF0YWw=","description":"ble:LoRa-Chatter-1B44 44:1B:F6:8D:B7:A9","device_key":"ble-address:44:1b:f6:8d:b7:a9","kind":"rx","seq":172,"session":"s1","stream":"telemetry","text":"0 Q=0% drops=0 fatal","timestamp":1789687930.38588}
2026-09-18T02:32:10.386+03:00 [RX telemetry] {"data_b64":"PTAK","description":"ble:LoRa-Chatter-1B44 44:1B:F6:8D:B7:A9","device_key":"ble-address:44:1b:f6:8d:b7:a9","kind":"rx","seq":173,"session":"s1","stream":"telemetry","text":"=0\n","timestamp":1789687930.3859646}
2026-09-18T02:32:10.386+03:00 [RX telemetry] {"data_b64":"U0VTU0lPTiBDT1VSVEVTWSB3aW4=","description":"ble:LoRa-Chatter-1B44 44:1B:F6:8D:B7:A9","device_key":"ble-address:44:1b:f6:8d:b7:a9","kind":"rx","seq":174,"session":"s1","stream":"telemetry","text":"SESSION COURTESY win","timestamp":1789687930.3863568}
2026-09-18T02:32:10.386+03:00 [RX telemetry] {"data_b64":"ZG93PTkxMjNtcyBwZWVyX3JlbGU=","description":"ble:LoRa-Chatter-1B44 44:1B:F6:8D:B7:A9","device_key":"ble-address:44:1b:f6:8d:b7:a9","kind":"rx","seq":175,"session":"s1","stream":"telemetry","text":"dow=9123ms peer_rele","timestamp":1789687930.3863802}
2026-09-18T02:32:10.389+03:00 [RX telemetry] {"data_b64":"YXNlPTAgZXhwaXJlZD0wIHlpZWw=","description":"ble:LoRa-Chatter-1B44 44:1B:F6:8D:B7:A9","device_key":"ble-address:44:1b:f6:8d:b7:a9","kind":"rx","seq":176,"session":"s1","stream":"telemetry","text":"ase=0 expired=0 yiel","timestamp":1789687930.3888865}
2026-09-18T02:32:10.389+03:00 [RX telemetry] {"data_b64":"ZGluZz0wCg==","description":"ble:LoRa-Chatter-1B44 44:1B:F6:8D:B7:A9","device_key":"ble-address:44:1b:f6:8d:b7:a9","kind":"rx","seq":177,"session":"s1","stream":"telemetry","text":"ding=0\n","timestamp":1789687930.3889263}
2026-09-18T02:32:10.389+03:00 [RX telemetry] {"data_b64":"U0VTU0lPTiBESU8wX1RYIGFmZmU=","description":"ble:LoRa-Chatter-1B44 44:1B:F6:8D:B7:A9","device_key":"ble-address:44:1b:f6:8d:b7:a9","kind":"rx","seq":178,"session":"s1","stream":"telemetry","text":"SESSION DIO0_TX affe","timestamp":1789687930.389359}
2026-09-18T02:32:10.389+03:00 [RX telemetry] {"data_b64":"Y3RlZD0wLzAgZXBpc29kZXM9MCA=","description":"ble:LoRa-Chatter-1B44 44:1B:F6:8D:B7:A9","device_key":"ble-address:44:1b:f6:8d:b7:a9","kind":"rx","seq":179,"session":"s1","stream":"telemetry","text":"cted=0/0 episodes=0 ","timestamp":1789687930.3893857}
2026-09-18T02:32:10.391+03:00 [RX telemetry] {"data_b64":"YXZnX2FsbD0wLjAwIGF2Z19hZmY=","description":"ble:LoRa-Chatter-1B44 44:1B:F6:8D:B7:A9","device_key":"ble-address:44:1b:f6:8d:b7:a9","kind":"rx","seq":180,"session":"s1","stream":"telemetry","text":"avg_all=0.00 avg_aff","timestamp":1789687930.3916051}
2026-09-18T02:32:10.391+03:00 [RX telemetry] {"data_b64":"ZWN0ZWQ9MC4wMCBoaWdoX3BvbGw=","description":"ble:LoRa-Chatter-1B44 44:1B:F6:8D:B7:A9","device_key":"ble-address:44:1b:f6:8d:b7:a9","kind":"rx","seq":181,"session":"s1","stream":"telemetry","text":"ected=0.00 high_poll","timestamp":1789687930.3918462}
2026-09-18T02:32:10.392+03:00 [RX telemetry] {"data_b64":"cz0wCg==","description":"ble:LoRa-Chatter-1B44 44:1B:F6:8D:B7:A9","device_key":"ble-address:44:1b:f6:8d:b7:a9","kind":"rx","seq":182,"session":"s1","stream":"telemetry","text":"s=0\n","timestamp":1789687930.3920748}
2026-09-18T02:32:10.392+03:00 [RX telemetry] {"data_b64":"U0VTU0lPTiBSWF9QT0xMIHBvbGw=","description":"ble:LoRa-Chatter-1B44 44:1B:F6:8D:B7:A9","device_key":"ble-address:44:1b:f6:8d:b7:a9","kind":"rx","seq":183,"session":"s1","stream":"telemetry","text":"SESSION RX_POLL poll","timestamp":1789687930.3923023}
2026-09-18T02:32:10.392+03:00 [RX telemetry] {"data_b64":"cz03MTU1NDkgcnhkb25lPTAgaW4=","description":"ble:LoRa-Chatter-1B44 44:1B:F6:8D:B7:A9","device_key":"ble-address:44:1b:f6:8d:b7:a9","kind":"rx","seq":184,"session":"s1","stream":"telemetry","text":"s=715549 rxdone=0 in","timestamp":1789687930.392529}
2026-09-18T02:32:10.393+03:00 [RX telemetry] {"data_b64":"dGVydmFsPTEwMDB1cyBESU8wX1I=","description":"ble:LoRa-Chatter-1B44 44:1B:F6:8D:B7:A9","device_key":"ble-address:44:1b:f6:8d:b7:a9","kind":"rx","seq":185,"session":"s1","stream":"telemetry","text":"terval=1000us DIO0_R","timestamp":1789687930.3935616}
2026-09-18T02:32:10.427+03:00 [RX telemetry] {"data_b64":"WCBmYWxzZV9oaWdoX2VwPTAgaGk=","description":"ble:LoRa-Chatter-1B44 44:1B:F6:8D:B7:A9","device_key":"ble-address:44:1b:f6:8d:b7:a9","kind":"rx","seq":186,"session":"s1","stream":"telemetry","text":"X false_high_ep=0 hi","timestamp":1789687930.4271715}
2026-09-18T02:32:10.427+03:00 [RX telemetry] {"data_b64":"Z2hfcG9sbHM9MCByeGRvbmVfbG8=","description":"ble:LoRa-Chatter-1B44 44:1B:F6:8D:B7:A9","device_key":"ble-address:44:1b:f6:8d:b7:a9","kind":"rx","seq":187,"session":"s1","stream":"telemetry","text":"gh_polls=0 rxdone_lo","timestamp":1789687930.4272437}
2026-09-18T02:32:10.427+03:00 [RX telemetry] {"data_b64":"dz0wIGlzcj1kaXNhYmxlZAo=","description":"ble:LoRa-Chatter-1B44 44:1B:F6:8D:B7:A9","device_key":"ble-address:44:1b:f6:8d:b7:a9","kind":"rx","seq":188,"session":"s1","stream":"telemetry","text":"w=0 isr=disabled\n","timestamp":1789687930.4275496}
2026-09-18T02:32:14.591+03:00 [AGENT REQUEST] {"id":23,"op":"observe","cursors":{"s1":163,"s2":225},"timeout_ms":2000}
2026-09-18T02:32:14.592+03:00 [AGENT RESPONSE] {"id":23,"ok":true,"result":{"cursors":{"s1":188,"s2":225},"events":[{"data_b64":"ClNFU1NJT04gdD03MjBzIFRYIG8=","description":"ble:LoRa-Chatter-1B44 44:1B:F6:8D:B7:A9","device_key":"ble-address:44:1b:f6:8d:b7:a9","kind":"rx","seq":164,"session":"s1","stream":"telemetry","text":"\nSESSION t=720s TX o","timestamp":1789687930.3385534},{"data_b64":"az0wIHVzZXI9MCBlY2hvX3JlcT0=","description":"ble:LoRa-Chatter-1B44 44:1B:F6:8D:B7:A9","device_key":"ble-address:44:1b:f6:8d:b7:a9","kind":"rx","seq":165,"session":"s1","stream":"telemetry","text":"k=0 user=0 echo_req=","timestamp":1789687930.3387985},{"data_b64":"MCBlY2hvX3JlcD0wIGhiPTAoaWQ=","description":"ble:LoRa-Chatter-1B44 44:1B:F6:8D:B7:A9","device_key":"ble-address:44:1b:f6:8d:b7:a9","kind":"rx","seq":166,"session":"s1","stream":"telemetry","text":"0 echo_rep=0 hb=0(id","timestamp":1789687930.3829882},{"data_b64":"bGU9MCkgZXJyPTAgc3RhcnRlZD0=","description":"ble:LoRa-Chatter-1B44 44:1B:F6:8D:B7:A9","device_key":"ble-address:44:1b:f6:8d:b7:a9","kind":"rx","seq":167,"session":"s1","stream":"telemetry","text":"le=0) err=0 started=","timestamp":1789687930.3833363},{"data_b64":"MCBSWCBvaz0wIHVzZXI9MCBlY2g=","description":"ble:LoRa-Chatter-1B44 44:1B:F6:8D:B7:A9","device_key":"ble-address:44:1b:f6:8d:b7:a9","kind":"rx","seq":168,"session":"s1","stream":"telemetry","text":"0 RX ok=0 user=0 ech","timestamp":1789687930.3833654},{"data_b64":"b19yZXE9MCBlY2hvX3JlcD0wIGg=","description":"ble:LoRa-Chatter-1B44 44:1B:F6:8D:B7:A9","device_key":"ble-address:44:1b:f6:8d:b7:a9","kind":"rx","seq":169,"session":"s1","stream":"telemetry","text":"o_req=0 echo_rep=0 h","timestamp":1789687930.383671},{"data_b64":"Yj0wIGNyYz0wIGhkcj0wIGJhZD0=","description":"ble:LoRa-Chatter-1B44 44:1B:F6:8D:B7:A9","device_key":"ble-address:44:1b:f6:8d:b7:a9","kind":"rx","seq":170,"session":"s1","stream":"telemetry","text":"b=0 crc=0 hdr=0 bad=","timestamp":1789687930.383697},{"data_b64":"MCByZWFkZXJyPTAgcmVwb3J0cz0=","description":"ble:LoRa-Chatter-1B44 44:1B:F6:8D:B7:A9","device_key":"ble-address:44:1b:f6:8d:b7:a9","kind":"rx","seq":171,"session":"s1","stream":"telemetry","text":"0 readerr=0 reports=","timestamp":1789687930.3856506},{"data_b64":"MCBRPTAlIGRyb3BzPTAgZmF0YWw=","description":"ble:LoRa-Chatter-1B44 44:1B:F6:8D:B7:A9","device_key":"ble-address:44:1b:f6:8d:b7:a9","kind":"rx","seq":172,"session":"s1","stream":"telemetry","text":"0 Q=0% drops=0 fatal","timestamp":1789687930.38588},{"data_b64":"PTAK","description":"ble:LoRa-Chatter-1B44 44:1B:F6:8D:B7:A9","device_key":"ble-address:44:1b:f6:8d:b7:a9","kind":"rx","seq":173,"session":"s1","stream":"telemetry","text":"=0\n","timestamp":1789687930.3859646},{"data_b64":"U0VTU0lPTiBDT1VSVEVTWSB3aW4=","description":"ble:LoRa-Chatter-1B44 44:1B:F6:8D:B7:A9","device_key":"ble-address:44:1b:f6:8d:b7:a9","kind":"rx","seq":174,"session":"s1","stream":"telemetry","text":"SESSION COURTESY win","timestamp":1789687930.3863568},{"data_b64":"ZG93PTkxMjNtcyBwZWVyX3JlbGU=","description":"ble:LoRa-Chatter-1B44 44:1B:F6:8D:B7:A9","device_key":"ble-address:44:1b:f6:8d:b7:a9","kind":"rx","seq":175,"session":"s1","stream":"telemetry","text":"dow=9123ms peer_rele","timestamp":1789687930.3863802},{"data_b64":"YXNlPTAgZXhwaXJlZD0wIHlpZWw=","description":"ble:LoRa-Chatter-1B44 44:1B:F6:8D:B7:A9","device_key":"ble-address:44:1b:f6:8d:b7:a9","kind":"rx","seq":176,"session":"s1","stream":"telemetry","text":"ase=0 expired=0 yiel","timestamp":1789687930.3888865},{"data_b64":"ZGluZz0wCg==","description":"ble:LoRa-Chatter-1B44 44:1B:F6:8D:B7:A9","device_key":"ble-address:44:1b:f6:8d:b7:a9","kind":"rx","seq":177,"session":"s1","stream":"telemetry","text":"ding=0\n","timestamp":1789687930.3889263},{"data_b64":"U0VTU0lPTiBESU8wX1RYIGFmZmU=","description":"ble:LoRa-Chatter-1B44 44:1B:F6:8D:B7:A9","device_key":"ble-address:44:1b:f6:8d:b7:a9","kind":"rx","seq":178,"session":"s1","stream":"telemetry","text":"SESSION DIO0_TX affe","timestamp":1789687930.389359},{"data_b64":"Y3RlZD0wLzAgZXBpc29kZXM9MCA=","description":"ble:LoRa-Chatter-1B44 44:1B:F6:8D:B7:A9","device_key":"ble-address:44:1b:f6:8d:b7:a9","kind":"rx","seq":179,"session":"s1","stream":"telemetry","text":"cted=0/0 episodes=0 ","timestamp":1789687930.3893857},{"data_b64":"YXZnX2FsbD0wLjAwIGF2Z19hZmY=","description":"ble:LoRa-Chatter-1B44 44:1B:F6:8D:B7:A9","device_key":"ble-address:44:1b:f6:8d:b7:a9","kind":"rx","seq":180,"session":"s1","stream":"telemetry","text":"avg_all=0.00 avg_aff","timestamp":1789687930.3916051},{"data_b64":"ZWN0ZWQ9MC4wMCBoaWdoX3BvbGw=","description":"ble:LoRa-Chatter-1B44 44:1B:F6:8D:B7:A9","device_key":"ble-address:44:1b:f6:8d:b7:a9","kind":"rx","seq":181,"session":"s1","stream":"telemetry","text":"ected=0.00 high_poll","timestamp":1789687930.3918462},{"data_b64":"cz0wCg==","description":"ble:LoRa-Chatter-1B44 44:1B:F6:8D:B7:A9","device_key":"ble-address:44:1b:f6:8d:b7:a9","kind":"rx","seq":182,"session":"s1","stream":"telemetry","text":"s=0\n","timestamp":1789687930.3920748},{"data_b64":"U0VTU0lPTiBSWF9QT0xMIHBvbGw=","description":"ble:LoRa-Chatter-1B44 44:1B:F6:8D:B7:A9","device_key":"ble-address:44:1b:f6:8d:b7:a9","kind":"rx","seq":183,"session":"s1","stream":"telemetry","text":"SESSION RX_POLL poll","timestamp":1789687930.3923023},{"data_b64":"cz03MTU1NDkgcnhkb25lPTAgaW4=","description":"ble:LoRa-Chatter-1B44 44:1B:F6:8D:B7:A9","device_key":"ble-address:44:1b:f6:8d:b7:a9","kind":"rx","seq":184,"session":"s1","stream":"telemetry","text":"s=715549 rxdone=0 in","timestamp":1789687930.392529},{"data_b64":"dGVydmFsPTEwMDB1cyBESU8wX1I=","description":"ble:LoRa-Chatter-1B44 44:1B:F6:8D:B7:A9","device_key":"ble-address:44:1b:f6:8d:b7:a9","kind":"rx","seq":185,"session":"s1","stream":"telemetry","text":"terval=1000us DIO0_R","timestamp":1789687930.3935616},{"data_b64":"WCBmYWxzZV9oaWdoX2VwPTAgaGk=","description":"ble:LoRa-Chatter-1B44 44:1B:F6:8D:B7:A9","device_key":"ble-address:44:1b:f6:8d:b7:a9","kind":"rx","seq":186,"session":"s1","stream":"telemetry","text":"X false_high_ep=0 hi","timestamp":1789687930.4271715},{"data_b64":"Z2hfcG9sbHM9MCByeGRvbmVfbG8=","description":"ble:LoRa-Chatter-1B44 44:1B:F6:8D:B7:A9","device_key":"ble-address:44:1b:f6:8d:b7:a9","kind":"rx","seq":187,"session":"s1","stream":"telemetry","text":"gh_polls=0 rxdone_lo","timestamp":1789687930.4272437},{"data_b64":"dz0wIGlzcj1kaXNhYmxlZAo=","description":"ble:LoRa-Chatter-1B44 44:1B:F6:8D:B7:A9","device_key":"ble-address:44:1b:f6:8d:b7:a9","kind":"rx","seq":188,"session":"s1","stream":"telemetry","text":"w=0 isr=disabled\n","timestamp":1789687930.4275496}],"lines":[{"seq_first":164,"seq_last":164,"session":"s1","stream":"telemetry","text":""},{"seq_first":164,"seq_last":173,"session":"s1","stream":"telemetry","text":"SESSION t=720s TX ok=0 user=0 echo_req=0 echo_rep=0 hb=0(idle=0) err=0 started=0 RX ok=0 user=0 echo_req=0 echo_rep=0 hb=0 crc=0 hdr=0 bad=0 readerr=0 reports=0 Q=0% drops=0 fatal=0"},{"seq_first":174,"seq_last":177,"session":"s1","stream":"telemetry","text":"SESSION COURTESY window=9123ms peer_release=0 expired=0 yielding=0"},{"seq_first":178,"seq_last":182,"session":"s1","stream":"telemetry","text":"SESSION DIO0_TX affected=0/0 episodes=0 avg_all=0.00 avg_affected=0.00 high_polls=0"},{"seq_first":183,"seq_last":188,"session":"s1","stream":"telemetry","text":"SESSION RX_POLL polls=715549 rxdone=0 interval=1000us DIO0_RX false_high_ep=0 high_polls=0 rxdone_low=0 isr=disabled"}],"timed_out":false}}
2026-09-18T02:32:25.071+03:00 [AGENT REQUEST] {"id":30,"op":"send_line","session":"s1","text":"/help"}
2026-09-18T02:32:25.072+03:00 [TX] {"data_b64":"L2hlbHAK","device_key":"ble-address:44:1b:f6:8d:b7:a9","kind":"tx","seq":189,"session":"s1","text":"/help","timestamp":1789687945.0717125,"tx_id":4,"tx_state":"queued"}
2026-09-18T02:32:25.072+03:00 [AGENT RESPONSE] {"id":30,"ok":true,"result":{"state":"queued","tx_id":4}}
2026-09-18T02:32:25.072+03:00 [AGENT REQUEST] {"id":31,"op":"send_line","session":"s2","text":"/help"}
2026-09-18T02:32:25.073+03:00 [TX] {"data_b64":"L2hlbHAK","device_key":"ble-address:e0:72:a1:d5:4c:15","kind":"tx","seq":226,"session":"s2","text":"/help","timestamp":1789687945.0725493,"tx_id":4,"tx_state":"queued"}
2026-09-18T02:32:25.073+03:00 [AGENT RESPONSE] {"id":31,"ok":true,"result":{"state":"queued","tx_id":4}}
2026-09-18T02:32:25.074+03:00 [TX] {"data_b64":"L2hlbHAK","description":"ble:LoRa-Chatter-1B44 44:1B:F6:8D:B7:A9","device_key":"ble-address:44:1b:f6:8d:b7:a9","kind":"tx","seq":190,"session":"s1","text":"/help","timestamp":1789687945.0733376,"tx_id":4,"tx_state":"written"}
2026-09-18T02:32:25.074+03:00 [TX] {"data_b64":"L2hlbHAK","description":"ble:LoRa-Chatter-72E0 E0:72:A1:D5:4C:15","device_key":"ble-address:e0:72:a1:d5:4c:15","kind":"tx","seq":227,"session":"s2","text":"/help","timestamp":1789687945.0743763,"tx_id":4,"tx_state":"written"}
2026-09-18T02:32:25.188+03:00 [RX chat] {"data_b64":"CltTWVNdIENIQVRURVIgSEVMUAo=","description":"ble:LoRa-Chatter-1B44 44:1B:F6:8D:B7:A9","device_key":"ble-address:44:1b:f6:8d:b7:a9","kind":"rx","seq":191,"session":"s1","stream":"chat","text":"\n[SYS] CHATTER HELP\n","timestamp":1789687945.1881459}
2026-09-18T02:32:25.188+03:00 [RX chat] {"data_b64":"W1NZU10gQ0hBVFRFUiBOT0RFIEw=","description":"ble:LoRa-Chatter-1B44 44:1B:F6:8D:B7:A9","device_key":"ble-address:44:1b:f6:8d:b7:a9","kind":"rx","seq":192,"session":"s1","stream":"chat","text":"[SYS] CHATTER NODE L","timestamp":1789687945.1887186}
2026-09-18T02:32:25.188+03:00 [RX chat] {"data_b64":"b1JhLUNoYXR0ZXItMUI0NAo=","description":"ble:LoRa-Chatter-1B44 44:1B:F6:8D:B7:A9","device_key":"ble-address:44:1b:f6:8d:b7:a9","kind":"rx","seq":193,"session":"s1","stream":"chat","text":"oRa-Chatter-1B44\n","timestamp":1789687945.1887496}
2026-09-18T02:32:25.195+03:00 [RX chat] {"data_b64":"CltTWVNdIENIQVRURVIgSEVMUAo=","description":"ble:LoRa-Chatter-72E0 E0:72:A1:D5:4C:15","device_key":"ble-address:e0:72:a1:d5:4c:15","kind":"rx","seq":228,"session":"s2","stream":"chat","text":"\n[SYS] CHATTER HELP\n","timestamp":1789687945.1950371}
2026-09-18T02:32:25.197+03:00 [RX chat] {"data_b64":"W1NZU10gQ0hBVFRFUiBOT0RFIEw=","description":"ble:LoRa-Chatter-72E0 E0:72:A1:D5:4C:15","device_key":"ble-address:e0:72:a1:d5:4c:15","kind":"rx","seq":229,"session":"s2","stream":"chat","text":"[SYS] CHATTER NODE L","timestamp":1789687945.19638}
2026-09-18T02:32:25.197+03:00 [RX chat] {"data_b64":"b1JhLUNoYXR0ZXItNzJFMAo=","description":"ble:LoRa-Chatter-72E0 E0:72:A1:D5:4C:15","device_key":"ble-address:e0:72:a1:d5:4c:15","kind":"rx","seq":230,"session":"s2","stream":"chat","text":"oRa-Chatter-72E0\n","timestamp":1789687945.1964667}
2026-09-18T02:32:25.197+03:00 [RX chat] {"data_b64":"W1NZU10gQ0hBVCBPVVRQVVQ6Cg==","description":"ble:LoRa-Chatter-72E0 E0:72:A1:D5:4C:15","device_key":"ble-address:e0:72:a1:d5:4c:15","kind":"rx","seq":231,"session":"s2","stream":"chat","text":"[SYS] CHAT OUTPUT:\n","timestamp":1789687945.1969998}
2026-09-18T02:32:25.197+03:00 [RX chat] {"data_b64":"W1NZU10gICA+IHRleHQgICAgICA=","description":"ble:LoRa-Chatter-72E0 E0:72:A1:D5:4C:15","device_key":"ble-address:e0:72:a1:d5:4c:15","kind":"rx","seq":232,"session":"s2","stream":"chat","text":"[SYS]   > text      ","timestamp":1789687945.1976936}
2026-09-18T02:32:25.198+03:00 [RX chat] {"data_b64":"ICAgICAgICAgICAgICAgICBsb2M=","description":"ble:LoRa-Chatter-72E0 E0:72:A1:D5:4C:15","device_key":"ble-address:e0:72:a1:d5:4c:15","kind":"rx","seq":233,"session":"s2","stream":"chat","text":"                 loc","timestamp":1789687945.1977172}
2026-09-18T02:32:25.198+03:00 [RX chat] {"data_b64":"YWwgVVNFUiBUWCBjb25maXJtZWQ=","description":"ble:LoRa-Chatter-72E0 E0:72:A1:D5:4C:15","device_key":"ble-address:e0:72:a1:d5:4c:15","kind":"rx","seq":234,"session":"s2","stream":"chat","text":"al USER TX confirmed","timestamp":1789687945.197733}
2026-09-18T02:32:25.198+03:00 [RX chat] {"data_b64":"Cg==","description":"ble:LoRa-Chatter-72E0 E0:72:A1:D5:4C:15","device_key":"ble-address:e0:72:a1:d5:4c:15","kind":"rx","seq":235,"session":"s2","stream":"chat","text":"\n","timestamp":1789687945.1977472}
2026-09-18T02:32:25.198+03:00 [RX chat] {"data_b64":"W1NZU10gICA8IFtSU1NJL1NOUiA=","description":"ble:LoRa-Chatter-72E0 E0:72:A1:D5:4C:15","device_key":"ble-address:e0:72:a1:d5:4c:15","kind":"rx","seq":236,"session":"s2","stream":"chat","text":"[SYS]   < [RSSI/SNR ","timestamp":1789687945.1978862}
2026-09-18T02:32:25.198+03:00 [RX chat] {"data_b64":"USVdIHRleHQgICAgICAgICBVU0U=","description":"ble:LoRa-Chatter-72E0 E0:72:A1:D5:4C:15","device_key":"ble-address:e0:72:a1:d5:4c:15","kind":"rx","seq":237,"session":"s2","stream":"chat","text":"Q%] text         USE","timestamp":1789687945.1986644}
2026-09-18T02:32:25.198+03:00 [RX chat] {"data_b64":"UiByZWNlaXZlZCBmcm9tIHBlZXI=","description":"ble:LoRa-Chatter-72E0 E0:72:A1:D5:4C:15","device_key":"ble-address:e0:72:a1:d5:4c:15","kind":"rx","seq":238,"session":"s2","stream":"chat","text":"R received from peer","timestamp":1789687945.1987357}
2026-09-18T02:32:25.199+03:00 [RX chat] {"data_b64":"Cg==","description":"ble:LoRa-Chatter-72E0 E0:72:A1:D5:4C:15","device_key":"ble-address:e0:72:a1:d5:4c:15","kind":"rx","seq":239,"session":"s2","stream":"chat","text":"\n","timestamp":1789687945.1987736}
2026-09-18T02:32:25.199+03:00 [RX chat] {"data_b64":"W1NZU10gICA+IFtFQ0hPIFRYXSA=","description":"ble:LoRa-Chatter-72E0 E0:72:A1:D5:4C:15","device_key":"ble-address:e0:72:a1:d5:4c:15","kind":"rx","seq":240,"session":"s2","stream":"chat","text":"[SYS]   > [ECHO TX] ","timestamp":1789687945.199733}
2026-09-18T02:32:25.200+03:00 [RX chat] {"data_b64":"dGV4dCAgICAgICAgICAgICBsb2M=","description":"ble:LoRa-Chatter-72E0 E0:72:A1:D5:4C:15","device_key":"ble-address:e0:72:a1:d5:4c:15","kind":"rx","seq":241,"session":"s2","stream":"chat","text":"text             loc","timestamp":1789687945.2000434}
2026-09-18T02:32:25.200+03:00 [RX chat] {"data_b64":"YWwgZWNobyBUWCBjb25maXJtZWQ=","description":"ble:LoRa-Chatter-72E0 E0:72:A1:D5:4C:15","device_key":"ble-address:e0:72:a1:d5:4c:15","kind":"rx","seq":242,"session":"s2","stream":"chat","text":"al echo TX confirmed","timestamp":1789687945.2004025}
2026-09-18T02:32:25.201+03:00 [RX chat] {"data_b64":"Cg==","description":"ble:LoRa-Chatter-72E0 E0:72:A1:D5:4C:15","device_key":"ble-address:e0:72:a1:d5:4c:15","kind":"rx","seq":243,"session":"s2","stream":"chat","text":"\n","timestamp":1789687945.2016299}
2026-09-18T02:32:25.202+03:00 [RX chat] {"data_b64":"W1NZU10gICA8IFtFQ0hPIFJTU0k=","description":"ble:LoRa-Chatter-72E0 E0:72:A1:D5:4C:15","device_key":"ble-address:e0:72:a1:d5:4c:15","kind":"rx","seq":244,"session":"s2","stream":"chat","text":"[SYS]   < [ECHO RSSI","timestamp":1789687945.202023}
2026-09-18T02:32:25.202+03:00 [RX chat] {"data_b64":"L1NOUiBRJV0gdGV4dCAgICBtYXQ=","description":"ble:LoRa-Chatter-72E0 E0:72:A1:D5:4C:15","device_key":"ble-address:e0:72:a1:d5:4c:15","kind":"rx","seq":245,"session":"s2","stream":"chat","text":"/SNR Q%] text    mat","timestamp":1789687945.202053}
2026-09-18T02:32:25.203+03:00 [RX chat] {"data_b64":"Y2hpbmcgZWNobyByZXBseSByZWM=","description":"ble:LoRa-Chatter-72E0 E0:72:A1:D5:4C:15","device_key":"ble-address:e0:72:a1:d5:4c:15","kind":"rx","seq":246,"session":"s2","stream":"chat","text":"ching echo reply rec","timestamp":1789687945.203668}
2026-09-18T02:32:25.204+03:00 [RX chat] {"data_b64":"ZWl2ZWQK","description":"ble:LoRa-Chatter-72E0 E0:72:A1:D5:4C:15","device_key":"ble-address:e0:72:a1:d5:4c:15","kind":"rx","seq":247,"session":"s2","stream":"chat","text":"eived\n","timestamp":1789687945.203914}
2026-09-18T02:32:25.234+03:00 [RX chat] {"data_b64":"W1NZU10gQ0hBVCBPVVRQVVQ6Cg==","description":"ble:LoRa-Chatter-1B44 44:1B:F6:8D:B7:A9","device_key":"ble-address:44:1b:f6:8d:b7:a9","kind":"rx","seq":194,"session":"s1","stream":"chat","text":"[SYS] CHAT OUTPUT:\n","timestamp":1789687945.2338169}
2026-09-18T02:32:25.234+03:00 [RX chat] {"data_b64":"W1NZU10gICA+IHRleHQgICAgICA=","description":"ble:LoRa-Chatter-1B44 44:1B:F6:8D:B7:A9","device_key":"ble-address:44:1b:f6:8d:b7:a9","kind":"rx","seq":195,"session":"s1","stream":"chat","text":"[SYS]   > text      ","timestamp":1789687945.2343695}
2026-09-18T02:32:25.234+03:00 [RX chat] {"data_b64":"ICAgICAgICAgICAgICAgICBsb2M=","description":"ble:LoRa-Chatter-1B44 44:1B:F6:8D:B7:A9","device_key":"ble-address:44:1b:f6:8d:b7:a9","kind":"rx","seq":196,"session":"s1","stream":"chat","text":"                 loc","timestamp":1789687945.2344182}
2026-09-18T02:32:25.237+03:00 [RX chat] {"data_b64":"W1NZU10gICBbRUNIT10gTk8gUkU=","description":"ble:LoRa-Chatter-72E0 E0:72:A1:D5:4C:15","device_key":"ble-address:e0:72:a1:d5:4c:15","kind":"rx","seq":248,"session":"s2","stream":"chat","text":"[SYS]   [ECHO] NO RE","timestamp":1789687945.2377303}
2026-09-18T02:32:25.238+03:00 [RX chat] {"data_b64":"U1BPTlNFICAgICAgICAgICBtYXQ=","description":"ble:LoRa-Chatter-72E0 E0:72:A1:D5:4C:15","device_key":"ble-address:e0:72:a1:d5:4c:15","kind":"rx","seq":249,"session":"s2","stream":"chat","text":"SPONSE           mat","timestamp":1789687945.238212}
2026-09-18T02:32:25.238+03:00 [RX chat] {"data_b64":"Y2hpbmcgZWNobyByZXBseSB0aW0=","description":"ble:LoRa-Chatter-72E0 E0:72:A1:D5:4C:15","device_key":"ble-address:e0:72:a1:d5:4c:15","kind":"rx","seq":250,"session":"s2","stream":"chat","text":"ching echo reply tim","timestamp":1789687945.2382574}
2026-09-18T02:32:25.238+03:00 [RX chat] {"data_b64":"ZWQgb3V0Cg==","description":"ble:LoRa-Chatter-72E0 E0:72:A1:D5:4C:15","device_key":"ble-address:e0:72:a1:d5:4c:15","kind":"rx","seq":251,"session":"s2","stream":"chat","text":"ed out\n","timestamp":1789687945.2385247}
2026-09-18T02:32:25.238+03:00 [RX chat] {"data_b64":"W1NZU10gICBkZWxpdmVyeSByZXQ=","description":"ble:LoRa-Chatter-72E0 E0:72:A1:D5:4C:15","device_key":"ble-address:e0:72:a1:d5:4c:15","kind":"rx","seq":252,"session":"s2","stream":"chat","text":"[SYS]   delivery ret","timestamp":1789687945.238723}
2026-09-18T02:32:25.242+03:00 [RX chat] {"data_b64":"cnkgZGV0YWlscyAgICAgICBURUw=","description":"ble:LoRa-Chatter-72E0 E0:72:A1:D5:4C:15","device_key":"ble-address:e0:72:a1:d5:4c:15","kind":"rx","seq":253,"session":"s2","stream":"chat","text":"ry details       TEL","timestamp":1789687945.2410116}
2026-09-18T02:32:25.242+03:00 [RX chat] {"data_b64":"RU1FVFJZIG9ubHkK","description":"ble:LoRa-Chatter-72E0 E0:72:A1:D5:4C:15","device_key":"ble-address:e0:72:a1:d5:4c:15","kind":"rx","seq":254,"session":"s2","stream":"chat","text":"EMETRY only\n","timestamp":1789687945.2412088}
2026-09-18T02:32:25.242+03:00 [RX chat] {"data_b64":"W1NZU10gICBSU1NJPWRCbSwgU04=","description":"ble:LoRa-Chatter-72E0 E0:72:A1:D5:4C:15","device_key":"ble-address:e0:72:a1:d5:4c:15","kind":"rx","seq":255,"session":"s2","stream":"chat","text":"[SYS]   RSSI=dBm, SN","timestamp":1789687945.2418845}
2026-09-18T02:32:25.242+03:00 [RX chat] {"data_b64":"Uj1kQiwgUT1yb2xsaW5nIHJlY2U=","description":"ble:LoRa-Chatter-72E0 E0:72:A1:D5:4C:15","device_key":"ble-address:e0:72:a1:d5:4c:15","kind":"rx","seq":256,"session":"s2","stream":"chat","text":"R=dB, Q=rolling rece","timestamp":1789687945.24193}
2026-09-18T02:32:25.243+03:00 [RX chat] {"data_b64":"aXZlIHF1YWxpdHkgJQo=","description":"ble:LoRa-Chatter-72E0 E0:72:A1:D5:4C:15","device_key":"ble-address:e0:72:a1:d5:4c:15","kind":"rx","seq":257,"session":"s2","stream":"chat","text":"ive quality %\n","timestamp":1789687945.2435439}
2026-09-18T02:32:25.244+03:00 [RX chat] {"data_b64":"W1NZU10gSFVNQU4gQ09OU09MRSA=","description":"ble:LoRa-Chatter-72E0 E0:72:A1:D5:4C:15","device_key":"ble-address:e0:72:a1:d5:4c:15","kind":"rx","seq":258,"session":"s2","stream":"chat","text":"[SYS] HUMAN CONSOLE ","timestamp":1789687945.2437327}
2026-09-18T02:32:25.244+03:00 [RX chat] {"data_b64":"TU9ERVM6Cg==","description":"ble:LoRa-Chatter-72E0 E0:72:A1:D5:4C:15","device_key":"ble-address:e0:72:a1:d5:4c:15","kind":"rx","seq":259,"session":"s2","stream":"chat","text":"MODES:\n","timestamp":1789687945.2440953}
2026-09-18T02:32:25.245+03:00 [RX chat] {"data_b64":"W1NZU10gICBDSEFUICAgICAgIGM=","description":"ble:LoRa-Chatter-72E0 E0:72:A1:D5:4C:15","device_key":"ble-address:e0:72:a1:d5:4c:15","kind":"rx","seq":260,"session":"s2","stream":"chat","text":"[SYS]   CHAT       c","timestamp":1789687945.2451324}
2026-09-18T02:32:25.246+03:00 [RX chat] {"data_b64":"aGF0ICsgU1lTVEVNCg==","description":"ble:LoRa-Chatter-72E0 E0:72:A1:D5:4C:15","device_key":"ble-address:e0:72:a1:d5:4c:15","kind":"rx","seq":261,"session":"s2","stream":"chat","text":"hat + SYSTEM\n","timestamp":1789687945.2457442}
2026-09-18T02:32:25.246+03:00 [RX chat] {"data_b64":"W1NZU10gICBURUxFTUVUUlkgIHQ=","description":"ble:LoRa-Chatter-72E0 E0:72:A1:D5:4C:15","device_key":"ble-address:e0:72:a1:d5:4c:15","kind":"rx","seq":262,"session":"s2","stream":"chat","text":"[SYS]   TELEMETRY  t","timestamp":1789687945.2460117}
2026-09-18T02:32:25.279+03:00 [RX chat] {"data_b64":"YWwgVVNFUiBUWCBjb25maXJtZWQ=","description":"ble:LoRa-Chatter-1B44 44:1B:F6:8D:B7:A9","device_key":"ble-address:44:1b:f6:8d:b7:a9","kind":"rx","seq":197,"session":"s1","stream":"chat","text":"al USER TX confirmed","timestamp":1789687945.278924}
2026-09-18T02:32:25.279+03:00 [RX chat] {"data_b64":"Cg==","description":"ble:LoRa-Chatter-1B44 44:1B:F6:8D:B7:A9","device_key":"ble-address:44:1b:f6:8d:b7:a9","kind":"rx","seq":198,"session":"s1","stream":"chat","text":"\n","timestamp":1789687945.2789705}
2026-09-18T02:32:25.279+03:00 [RX chat] {"data_b64":"W1NZU10gICA8IFtSU1NJL1NOUiA=","description":"ble:LoRa-Chatter-1B44 44:1B:F6:8D:B7:A9","device_key":"ble-address:44:1b:f6:8d:b7:a9","kind":"rx","seq":199,"session":"s1","stream":"chat","text":"[SYS]   < [RSSI/SNR ","timestamp":1789687945.279082}
2026-09-18T02:32:25.279+03:00 [RX chat] {"data_b64":"USVdIHRleHQgICAgICAgICBVU0U=","description":"ble:LoRa-Chatter-1B44 44:1B:F6:8D:B7:A9","device_key":"ble-address:44:1b:f6:8d:b7:a9","kind":"rx","seq":200,"session":"s1","stream":"chat","text":"Q%] text         USE","timestamp":1789687945.279462}
2026-09-18T02:32:25.282+03:00 [RX chat] {"data_b64":"ZWxlbWV0cnkgKyBTWVNURU0K","description":"ble:LoRa-Chatter-72E0 E0:72:A1:D5:4C:15","device_key":"ble-address:e0:72:a1:d5:4c:15","kind":"rx","seq":263,"session":"s2","stream":"chat","text":"elemetry + SYSTEM\n","timestamp":1789687945.2818074}
2026-09-18T02:32:25.282+03:00 [RX chat] {"data_b64":"W1NZU10gICBCT1RIICAgICAgIGM=","description":"ble:LoRa-Chatter-72E0 E0:72:A1:D5:4C:15","device_key":"ble-address:e0:72:a1:d5:4c:15","kind":"rx","seq":264,"session":"s2","stream":"chat","text":"[SYS]   BOTH       c","timestamp":1789687945.2822034}
2026-09-18T02:32:25.282+03:00 [RX chat] {"data_b64":"aGF0ICsgdGVsZW1ldHJ5ICsgU1k=","description":"ble:LoRa-Chatter-72E0 E0:72:A1:D5:4C:15","device_key":"ble-address:e0:72:a1:d5:4c:15","kind":"rx","seq":265,"session":"s2","stream":"chat","text":"hat + telemetry + SY","timestamp":1789687945.282446}
2026-09-18T02:32:25.283+03:00 [RX chat] {"data_b64":"U1RFTQo=","description":"ble:LoRa-Chatter-72E0 E0:72:A1:D5:4C:15","device_key":"ble-address:e0:72:a1:d5:4c:15","kind":"rx","seq":266,"session":"s2","stream":"chat","text":"STEM\n","timestamp":1789687945.2836936}
2026-09-18T02:32:25.284+03:00 [RX chat] {"data_b64":"W1NZU10gICBCTEUgMDAwNCBtYWM=","description":"ble:LoRa-Chatter-72E0 E0:72:A1:D5:4C:15","device_key":"ble-address:e0:72:a1:d5:4c:15","kind":"rx","seq":267,"session":"s2","stream":"chat","text":"[SYS]   BLE 0004 mac","timestamp":1789687945.2839055}
2026-09-18T02:32:25.284+03:00 [RX chat] {"data_b64":"aGluZSB0ZWxlbWV0cnkgaXMgaW4=","description":"ble:LoRa-Chatter-72E0 E0:72:A1:D5:4C:15","device_key":"ble-address:e0:72:a1:d5:4c:15","kind":"rx","seq":268,"session":"s2","stream":"chat","text":"hine telemetry is in","timestamp":1789687945.2842145}
2026-09-18T02:32:25.285+03:00 [RX chat] {"data_b64":"ZGVwZW5kZW50IHdoZW4gc3Vic2M=","description":"ble:LoRa-Chatter-72E0 E0:72:A1:D5:4C:15","device_key":"ble-address:e0:72:a1:d5:4c:15","kind":"rx","seq":269,"session":"s2","stream":"chat","text":"dependent when subsc","timestamp":1789687945.2856638}
2026-09-18T02:32:25.286+03:00 [RX chat] {"data_b64":"cmliZWQK","description":"ble:LoRa-Chatter-72E0 E0:72:A1:D5:4C:15","device_key":"ble-address:e0:72:a1:d5:4c:15","kind":"rx","seq":270,"session":"s2","stream":"chat","text":"ribed\n","timestamp":1789687945.2859435}
2026-09-18T02:32:25.286+03:00 [RX chat] {"data_b64":"W1NZU10gICBjdXJyZW50PUNIQVQ=","description":"ble:LoRa-Chatter-72E0 E0:72:A1:D5:4C:15","device_key":"ble-address:e0:72:a1:d5:4c:15","kind":"rx","seq":271,"session":"s2","stream":"chat","text":"[SYS]   current=CHAT","timestamp":1789687945.2862632}
2026-09-18T02:32:25.287+03:00 [RX chat] {"data_b64":"IGVjaG89T0ZGCg==","description":"ble:LoRa-Chatter-72E0 E0:72:A1:D5:4C:15","device_key":"ble-address:e0:72:a1:d5:4c:15","kind":"rx","seq":272,"session":"s2","stream":"chat","text":" echo=OFF\n","timestamp":1789687945.2876184}
2026-09-18T02:32:25.288+03:00 [RX chat] {"data_b64":"W1NZU10gQ09NTUFORFM6Cg==","description":"ble:LoRa-Chatter-72E0 E0:72:A1:D5:4C:15","device_key":"ble-address:e0:72:a1:d5:4c:15","kind":"rx","seq":273,"session":"s2","stream":"chat","text":"[SYS] COMMANDS:\n","timestamp":1789687945.2880464}
2026-09-18T02:32:25.288+03:00 [RX chat] {"data_b64":"W1NZU10gICAvaGVscCAgICAgICA=","description":"ble:LoRa-Chatter-72E0 E0:72:A1:D5:4C:15","device_key":"ble-address:e0:72:a1:d5:4c:15","kind":"rx","seq":274,"session":"s2","stream":"chat","text":"[SYS]   /help       ","timestamp":1789687945.2881613}
2026-09-18T02:32:25.291+03:00 [RX chat] {"data_b64":"c2hvdyB0aGlzIGhlbHAK","description":"ble:LoRa-Chatter-72E0 E0:72:A1:D5:4C:15","device_key":"ble-address:e0:72:a1:d5:4c:15","kind":"rx","seq":275,"session":"s2","stream":"chat","text":"show this help\n","timestamp":1789687945.2904754}
2026-09-18T02:32:25.291+03:00 [RX chat] {"data_b64":"W1NZU10gICAvaWQgICAgICAgICA=","description":"ble:LoRa-Chatter-72E0 E0:72:A1:D5:4C:15","device_key":"ble-address:e0:72:a1:d5:4c:15","kind":"rx","seq":276,"session":"s2","stream":"chat","text":"[SYS]   /id         ","timestamp":1789687945.291029}
2026-09-18T02:32:25.291+03:00 [RX chat] {"data_b64":"c2hvdyBub2RlIGlkZW50aXR5Cg==","description":"ble:LoRa-Chatter-72E0 E0:72:A1:D5:4C:15","device_key":"ble-address:e0:72:a1:d5:4c:15","kind":"rx","seq":277,"session":"s2","stream":"chat","text":"show node identity\n","timestamp":1789687945.2910562}
2026-09-18T02:32:25.293+03:00 [RX chat] {"data_b64":"W1NZU10gICAvY2hhdCAgICAgICA=","description":"ble:LoRa-Chatter-72E0 E0:72:A1:D5:4C:15","device_key":"ble-address:e0:72:a1:d5:4c:15","kind":"rx","seq":278,"session":"s2","stream":"chat","text":"[SYS]   /chat       ","timestamp":1789687945.2928479}
2026-09-18T02:32:25.293+03:00 [RX chat] {"data_b64":"aHVtYW4gY29uc29sZSBDSEFUCg==","description":"ble:LoRa-Chatter-72E0 E0:72:A1:D5:4C:15","device_key":"ble-address:e0:72:a1:d5:4c:15","kind":"rx","seq":279,"session":"s2","stream":"chat","text":"human console CHAT\n","timestamp":1789687945.2929113}
2026-09-18T02:32:25.322+03:00 [RX chat] {"data_b64":"UiByZWNlaXZlZCBmcm9tIHBlZXI=","description":"ble:LoRa-Chatter-1B44 44:1B:F6:8D:B7:A9","device_key":"ble-address:44:1b:f6:8d:b7:a9","kind":"rx","seq":201,"session":"s1","stream":"chat","text":"R received from peer","timestamp":1789687945.3220243}
2026-09-18T02:32:25.322+03:00 [RX chat] {"data_b64":"Cg==","description":"ble:LoRa-Chatter-1B44 44:1B:F6:8D:B7:A9","device_key":"ble-address:44:1b:f6:8d:b7:a9","kind":"rx","seq":202,"session":"s1","stream":"chat","text":"\n","timestamp":1789687945.3220923}
2026-09-18T02:32:25.322+03:00 [RX chat] {"data_b64":"W1NZU10gICA+IFtFQ0hPIFRYXSA=","description":"ble:LoRa-Chatter-1B44 44:1B:F6:8D:B7:A9","device_key":"ble-address:44:1b:f6:8d:b7:a9","kind":"rx","seq":203,"session":"s1","stream":"chat","text":"[SYS]   > [ECHO TX] ","timestamp":1789687945.3225322}
2026-09-18T02:32:25.323+03:00 [RX chat] {"data_b64":"dGV4dCAgICAgICAgICAgICBsb2M=","description":"ble:LoRa-Chatter-1B44 44:1B:F6:8D:B7:A9","device_key":"ble-address:44:1b:f6:8d:b7:a9","kind":"rx","seq":204,"session":"s1","stream":"chat","text":"text             loc","timestamp":1789687945.3237646}
2026-09-18T02:32:25.326+03:00 [RX chat] {"data_b64":"W1NZU10gICAvdGVsZSAgICAgICA=","description":"ble:LoRa-Chatter-72E0 E0:72:A1:D5:4C:15","device_key":"ble-address:e0:72:a1:d5:4c:15","kind":"rx","seq":280,"session":"s2","stream":"chat","text":"[SYS]   /tele       ","timestamp":1789687945.326664}
2026-09-18T02:32:25.327+03:00 [RX chat] {"data_b64":"aHVtYW4gY29uc29sZSBURUxFTUU=","description":"ble:LoRa-Chatter-72E0 E0:72:A1:D5:4C:15","device_key":"ble-address:e0:72:a1:d5:4c:15","kind":"rx","seq":281,"session":"s2","stream":"chat","text":"human console TELEME","timestamp":1789687945.3270977}
2026-09-18T02:32:25.327+03:00 [RX chat] {"data_b64":"VFJZCg==","description":"ble:LoRa-Chatter-72E0 E0:72:A1:D5:4C:15","device_key":"ble-address:e0:72:a1:d5:4c:15","kind":"rx","seq":282,"session":"s2","stream":"chat","text":"TRY\n","timestamp":1789687945.3271294}
2026-09-18T02:32:25.328+03:00 [RX chat] {"data_b64":"W1NZU10gICAvYm90aCAgICAgICA=","description":"ble:LoRa-Chatter-72E0 E0:72:A1:D5:4C:15","device_key":"ble-address:e0:72:a1:d5:4c:15","kind":"rx","seq":283,"session":"s2","stream":"chat","text":"[SYS]   /both       ","timestamp":1789687945.32857}
2026-09-18T02:32:25.329+03:00 [RX chat] {"data_b64":"aHVtYW4gY29uc29sZSBCT1RICg==","description":"ble:LoRa-Chatter-72E0 E0:72:A1:D5:4C:15","device_key":"ble-address:e0:72:a1:d5:4c:15","kind":"rx","seq":284,"session":"s2","stream":"chat","text":"human console BOTH\n","timestamp":1789687945.328884}
2026-09-18T02:32:25.329+03:00 [RX chat] {"data_b64":"W1NZU10gICAvZWNobyAgICAgICA=","description":"ble:LoRa-Chatter-72E0 E0:72:A1:D5:4C:15","device_key":"ble-address:e0:72:a1:d5:4c:15","kind":"rx","seq":285,"session":"s2","stream":"chat","text":"[SYS]   /echo       ","timestamp":1789687945.3291838}
2026-09-18T02:32:25.330+03:00 [RX chat] {"data_b64":"dG9nZ2xlIGVjaG8gbW9kZQo=","description":"ble:LoRa-Chatter-72E0 E0:72:A1:D5:4C:15","device_key":"ble-address:e0:72:a1:d5:4c:15","kind":"rx","seq":286,"session":"s2","stream":"chat","text":"toggle echo mode\n","timestamp":1789687945.3306067}
2026-09-18T02:32:25.331+03:00 [RX chat] {"data_b64":"W1NZU10gICAvY2FuY2VsICAgICA=","description":"ble:LoRa-Chatter-72E0 E0:72:A1:D5:4C:15","device_key":"ble-address:e0:72:a1:d5:4c:15","kind":"rx","seq":287,"session":"s2","stream":"chat","text":"[SYS]   /cancel     ","timestamp":1789687945.331027}
2026-09-18T02:32:25.331+03:00 [RX chat] {"data_b64":"c3RvcCBjdXJyZW50IFVTRVIgZGU=","description":"ble:LoRa-Chatter-72E0 E0:72:A1:D5:4C:15","device_key":"ble-address:e0:72:a1:d5:4c:15","kind":"rx","seq":288,"session":"s2","stream":"chat","text":"stop current USER de","timestamp":1789687945.3310564}
2026-09-18T02:32:25.332+03:00 [RX chat] {"data_b64":"bGl2ZXJ5L3JldHJpZXMK","description":"ble:LoRa-Chatter-72E0 E0:72:A1:D5:4C:15","device_key":"ble-address:e0:72:a1:d5:4c:15","kind":"rx","seq":289,"session":"s2","stream":"chat","text":"livery/retries\n","timestamp":1789687945.3326266}
2026-09-18T02:32:25.333+03:00 [RX chat] {"data_b64":"W1NZU10gICAvY2FuY2VsIGFsbCA=","description":"ble:LoRa-Chatter-72E0 E0:72:A1:D5:4C:15","device_key":"ble-address:e0:72:a1:d5:4c:15","kind":"rx","seq":290,"session":"s2","stream":"chat","text":"[SYS]   /cancel all ","timestamp":1789687945.3329308}
2026-09-18T02:32:25.333+03:00 [RX chat] {"data_b64":"c3RvcCBjdXJyZW50IFVTRVIgYW4=","description":"ble:LoRa-Chatter-72E0 E0:72:A1:D5:4C:15","device_key":"ble-address:e0:72:a1:d5:4c:15","kind":"rx","seq":291,"session":"s2","stream":"chat","text":"stop current USER an","timestamp":1789687945.3332293}
2026-09-18T02:32:25.334+03:00 [RX chat] {"data_b64":"ZCBkaXNjYXJkIHF1ZXVlZCBVU0U=","description":"ble:LoRa-Chatter-72E0 E0:72:A1:D5:4C:15","device_key":"ble-address:e0:72:a1:d5:4c:15","kind":"rx","seq":292,"session":"s2","stream":"chat","text":"d discard queued USE","timestamp":1789687945.334818}
2026-09-18T02:32:25.335+03:00 [RX chat] {"data_b64":"UnMK","description":"ble:LoRa-Chatter-72E0 E0:72:A1:D5:4C:15","device_key":"ble-address:e0:72:a1:d5:4c:15","kind":"rx","seq":293,"session":"s2","stream":"chat","text":"Rs\n","timestamp":1789687945.335104}
2026-09-18T02:32:25.335+03:00 [RX chat] {"data_b64":"W1NZU10gICAvcmVib290ICAgICA=","description":"ble:LoRa-Chatter-72E0 E0:72:A1:D5:4C:15","device_key":"ble-address:e0:72:a1:d5:4c:15","kind":"rx","seq":294,"session":"s2","stream":"chat","text":"[SYS]   /reboot     ","timestamp":1789687945.3353019}
2026-09-18T02:32:25.336+03:00 [RX chat] {"data_b64":"cmVib290IEVTUDMyIGNvbnRyb2w=","description":"ble:LoRa-Chatter-72E0 E0:72:A1:D5:4C:15","device_key":"ble-address:e0:72:a1:d5:4c:15","kind":"rx","seq":295,"session":"s2","stream":"chat","text":"reboot ESP32 control","timestamp":1789687945.3366237}
2026-09-18T02:32:25.367+03:00 [RX chat] {"data_b64":"YWwgZWNobyBUWCBjb25maXJtZWQ=","description":"ble:LoRa-Chatter-1B44 44:1B:F6:8D:B7:A9","device_key":"ble-address:44:1b:f6:8d:b7:a9","kind":"rx","seq":205,"session":"s1","stream":"chat","text":"al echo TX confirmed","timestamp":1789687945.3670397}
2026-09-18T02:32:25.367+03:00 [RX chat] {"data_b64":"Cg==","description":"ble:LoRa-Chatter-1B44 44:1B:F6:8D:B7:A9","device_key":"ble-address:44:1b:f6:8d:b7:a9","kind":"rx","seq":206,"session":"s1","stream":"chat","text":"\n","timestamp":1789687945.3670847}
2026-09-18T02:32:25.367+03:00 [RX chat] {"data_b64":"W1NZU10gICA8IFtFQ0hPIFJTU0k=","description":"ble:LoRa-Chatter-1B44 44:1B:F6:8D:B7:A9","device_key":"ble-address:44:1b:f6:8d:b7:a9","kind":"rx","seq":207,"session":"s1","stream":"chat","text":"[SYS]   < [ECHO RSSI","timestamp":1789687945.3673928}
2026-09-18T02:32:25.368+03:00 [RX chat] {"data_b64":"L1NOUiBRJV0gdGV4dCAgICBtYXQ=","description":"ble:LoRa-Chatter-1B44 44:1B:F6:8D:B7:A9","device_key":"ble-address:44:1b:f6:8d:b7:a9","kind":"rx","seq":208,"session":"s1","stream":"chat","text":"/SNR Q%] text    mat","timestamp":1789687945.368698}
2026-09-18T02:32:25.372+03:00 [RX chat] {"data_b64":"bGVyCg==","description":"ble:LoRa-Chatter-72E0 E0:72:A1:D5:4C:15","device_key":"ble-address:e0:72:a1:d5:4c:15","kind":"rx","seq":296,"session":"s2","stream":"chat","text":"ler\n","timestamp":1789687945.372033}
2026-09-18T02:32:25.373+03:00 [RX chat] {"data_b64":"W1NZU10gUkFXIENPTlRST0xTICg=","description":"ble:LoRa-Chatter-72E0 E0:72:A1:D5:4C:15","device_key":"ble-address:e0:72:a1:d5:4c:15","kind":"rx","seq":297,"session":"s2","stream":"chat","text":"[SYS] RAW CONTROLS (","timestamp":1789687945.3722475}
2026-09-18T02:32:25.373+03:00 [RX chat] {"data_b64":"SEVYKToK","description":"ble:LoRa-Chatter-72E0 E0:72:A1:D5:4C:15","device_key":"ble-address:e0:72:a1:d5:4c:15","kind":"rx","seq":298,"session":"s2","stream":"chat","text":"HEX):\n","timestamp":1789687945.373105}
2026-09-18T02:32:25.374+03:00 [RX chat] {"data_b64":"W1NZU10gICAxNCAzMT1DSEFUICA=","description":"ble:LoRa-Chatter-72E0 E0:72:A1:D5:4C:15","device_key":"ble-address:e0:72:a1:d5:4c:15","kind":"rx","seq":299,"session":"s2","stream":"chat","text":"[SYS]   14 31=CHAT  ","timestamp":1789687945.3743258}
2026-09-18T02:32:25.374+03:00 [RX chat] {"data_b64":"MTQgMzI9VEVMRU1FVFJZICAxNCA=","description":"ble:LoRa-Chatter-72E0 E0:72:A1:D5:4C:15","device_key":"ble-address:e0:72:a1:d5:4c:15","kind":"rx","seq":300,"session":"s2","stream":"chat","text":"14 32=TELEMETRY  14 ","timestamp":1789687945.3746877}
2026-09-18T02:32:25.375+03:00 [RX chat] {"data_b64":"MzM9Qk9USCAgMTQgNjU9RUNITyA=","description":"ble:LoRa-Chatter-72E0 E0:72:A1:D5:4C:15","device_key":"ble-address:e0:72:a1:d5:4c:15","kind":"rx","seq":301,"session":"s2","stream":"chat","text":"33=BOTH  14 65=ECHO ","timestamp":1789687945.37521}
2026-09-18T02:32:25.376+03:00 [RX chat] {"data_b64":"dG9nZ2xlCg==","description":"ble:LoRa-Chatter-72E0 E0:72:A1:D5:4C:15","device_key":"ble-address:e0:72:a1:d5:4c:15","kind":"rx","seq":302,"session":"s2","stream":"chat","text":"toggle\n","timestamp":1789687945.376698}
2026-09-18T02:32:25.377+03:00 [RX chat] {"data_b64":"W1NZU10gQU5EUk9JRCBCTEUgVEU=","description":"ble:LoRa-Chatter-72E0 E0:72:A1:D5:4C:15","device_key":"ble-address:e0:72:a1:d5:4c:15","kind":"rx","seq":303,"session":"s2","stream":"chat","text":"[SYS] ANDROID BLE TE","timestamp":1789687945.3770752}
2026-09-18T02:32:25.377+03:00 [RX chat] {"data_b64":"Uk1JTkFMIE1BQ1JPUzoK","description":"ble:LoRa-Chatter-72E0 E0:72:A1:D5:4C:15","device_key":"ble-address:e0:72:a1:d5:4c:15","kind":"rx","seq":304,"session":"s2","stream":"chat","text":"RMINAL MACROS:\n","timestamp":1789687945.3773112}
2026-09-18T02:32:25.377+03:00 [RX chat] {"data_b64":"W1NZU10gICBIRVggbWFjcm8sIG4=","description":"ble:LoRa-Chatter-72E0 E0:72:A1:D5:4C:15","device_key":"ble-address:e0:72:a1:d5:4c:15","kind":"rx","seq":305,"session":"s2","stream":"chat","text":"[SYS]   HEX macro, n","timestamp":1789687945.3778105}
2026-09-18T02:32:25.378+03:00 [RX chat] {"data_b64":"byBFT0w6IDE0IDMxIC8gMTQgMzI=","description":"ble:LoRa-Chatter-72E0 E0:72:A1:D5:4C:15","device_key":"ble-address:e0:72:a1:d5:4c:15","kind":"rx","seq":306,"session":"s2","stream":"chat","text":"o EOL: 14 31 / 14 32","timestamp":1789687945.3780923}
2026-09-18T02:32:25.379+03:00 [RX chat] {"data_b64":"IC8gMTQgMzMgLyAxNCA2NQo=","description":"ble:LoRa-Chatter-72E0 E0:72:A1:D5:4C:15","device_key":"ble-address:e0:72:a1:d5:4c:15","kind":"rx","seq":307,"session":"s2","stream":"chat","text":" / 14 33 / 14 65\n","timestamp":1789687945.379768}
2026-09-18T02:32:25.380+03:00 [RX chat] {"data_b64":"W1NZU10gICBvciBURVhUIG1hY3I=","description":"ble:LoRa-Chatter-72E0 E0:72:A1:D5:4C:15","device_key":"ble-address:e0:72:a1:d5:4c:15","kind":"rx","seq":308,"session":"s2","stream":"chat","text":"[SYS]   or TEXT macr","timestamp":1789687945.3800476}
2026-09-18T02:32:25.380+03:00 [RX chat] {"data_b64":"byArIExGOiAvaGVscCAvaWQgL2M=","description":"ble:LoRa-Chatter-72E0 E0:72:A1:D5:4C:15","device_key":"ble-address:e0:72:a1:d5:4c:15","kind":"rx","seq":309,"session":"s2","stream":"chat","text":"o + LF: /help /id /c","timestamp":1789687945.3803995}
2026-09-18T02:32:25.380+03:00 [RX chat] {"data_b64":"aGF0IC90ZWxlIC9ib3RoIC9lY2g=","description":"ble:LoRa-Chatter-72E0 E0:72:A1:D5:4C:15","device_key":"ble-address:e0:72:a1:d5:4c:15","kind":"rx","seq":310,"session":"s2","stream":"chat","text":"hat /tele /both /ech","timestamp":1789687945.3805292}
2026-09-18T02:32:25.381+03:00 [RX chat] {"data_b64":"byAvY2FuY2VsIC9jYW5jZWwgYWw=","description":"ble:LoRa-Chatter-72E0 E0:72:A1:D5:4C:15","device_key":"ble-address:e0:72:a1:d5:4c:15","kind":"rx","seq":311,"session":"s2","stream":"chat","text":"o /cancel /cancel al","timestamp":1789687945.3817563}
2026-09-18T02:32:25.413+03:00 [RX chat] {"data_b64":"Y2hpbmcgZWNobyByZXBseSByZWM=","description":"ble:LoRa-Chatter-1B44 44:1B:F6:8D:B7:A9","device_key":"ble-address:44:1b:f6:8d:b7:a9","kind":"rx","seq":209,"session":"s1","stream":"chat","text":"ching echo reply rec","timestamp":1789687945.4131322}
2026-09-18T02:32:25.414+03:00 [RX chat] {"data_b64":"ZWl2ZWQK","description":"ble:LoRa-Chatter-1B44 44:1B:F6:8D:B7:A9","device_key":"ble-address:44:1b:f6:8d:b7:a9","kind":"rx","seq":210,"session":"s1","stream":"chat","text":"eived\n","timestamp":1789687945.4136605}
2026-09-18T02:32:25.414+03:00 [RX chat] {"data_b64":"W1NZU10gICBbRUNIT10gTk8gUkU=","description":"ble:LoRa-Chatter-1B44 44:1B:F6:8D:B7:A9","device_key":"ble-address:44:1b:f6:8d:b7:a9","kind":"rx","seq":211,"session":"s1","stream":"chat","text":"[SYS]   [ECHO] NO RE","timestamp":1789687945.4140034}
2026-09-18T02:32:25.414+03:00 [RX chat] {"data_b64":"U1BPTlNFICAgICAgICAgICBtYXQ=","description":"ble:LoRa-Chatter-1B44 44:1B:F6:8D:B7:A9","device_key":"ble-address:44:1b:f6:8d:b7:a9","kind":"rx","seq":212,"session":"s1","stream":"chat","text":"SPONSE           mat","timestamp":1789687945.4140418}
2026-09-18T02:32:25.457+03:00 [RX chat] {"data_b64":"Y2hpbmcgZWNobyByZXBseSB0aW0=","description":"ble:LoRa-Chatter-1B44 44:1B:F6:8D:B7:A9","device_key":"ble-address:44:1b:f6:8d:b7:a9","kind":"rx","seq":213,"session":"s1","stream":"chat","text":"ching echo reply tim","timestamp":1789687945.457199}
2026-09-18T02:32:25.457+03:00 [RX chat] {"data_b64":"ZWQgb3V0Cg==","description":"ble:LoRa-Chatter-1B44 44:1B:F6:8D:B7:A9","device_key":"ble-address:44:1b:f6:8d:b7:a9","kind":"rx","seq":214,"session":"s1","stream":"chat","text":"ed out\n","timestamp":1789687945.4572732}
2026-09-18T02:32:25.457+03:00 [RX chat] {"data_b64":"W1NZU10gICBkZWxpdmVyeSByZXQ=","description":"ble:LoRa-Chatter-1B44 44:1B:F6:8D:B7:A9","device_key":"ble-address:44:1b:f6:8d:b7:a9","kind":"rx","seq":215,"session":"s1","stream":"chat","text":"[SYS]   delivery ret","timestamp":1789687945.4574578}
2026-09-18T02:32:25.465+03:00 [RX chat] {"data_b64":"bCAvcmVib290Cg==","description":"ble:LoRa-Chatter-72E0 E0:72:A1:D5:4C:15","device_key":"ble-address:e0:72:a1:d5:4c:15","kind":"rx","seq":312,"session":"s2","stream":"chat","text":"l /reboot\n","timestamp":1789687945.4647257}
2026-09-18T02:32:25.465+03:00 [RX chat] {"data_b64":"W1NZU10gICBOb3JkaWMgVUFSVCA=","description":"ble:LoRa-Chatter-72E0 E0:72:A1:D5:4C:15","device_key":"ble-address:e0:72:a1:d5:4c:15","kind":"rx","seq":313,"session":"s2","stream":"chat","text":"[SYS]   Nordic UART ","timestamp":1789687945.4653008}
2026-09-18T02:32:25.466+03:00 [RX chat] {"data_b64":"aHVtYW4gY29uc29sZT0wMDAzOyA=","description":"ble:LoRa-Chatter-72E0 E0:72:A1:D5:4C:15","device_key":"ble-address:e0:72:a1:d5:4c:15","kind":"rx","seq":314,"session":"s2","stream":"chat","text":"human console=0003; ","timestamp":1789687945.46534}
2026-09-18T02:32:25.466+03:00 [RX chat] {"data_b64":"bWFjaGluZSB0ZWxlbWV0cnk9MDA=","description":"ble:LoRa-Chatter-72E0 E0:72:A1:D5:4C:15","device_key":"ble-address:e0:72:a1:d5:4c:15","kind":"rx","seq":315,"session":"s2","stream":"chat","text":"machine telemetry=00","timestamp":1789687945.4653585}
2026-09-18T02:32:25.466+03:00 [RX chat] {"data_b64":"MDQgb3B0aW9uYWwK","description":"ble:LoRa-Chatter-72E0 E0:72:A1:D5:4C:15","device_key":"ble-address:e0:72:a1:d5:4c:15","kind":"rx","seq":316,"session":"s2","stream":"chat","text":"04 optional\n","timestamp":1789687945.4657502}
2026-09-18T02:32:25.466+03:00 [RX chat] {"data_b64":"W1NZU10gQkxFIENMSUVOVDogbWE=","description":"ble:LoRa-Chatter-72E0 E0:72:A1:D5:4C:15","device_key":"ble-address:e0:72:a1:d5:4c:15","kind":"rx","seq":317,"session":"s2","stream":"chat","text":"[SYS] BLE CLIENT: ma","timestamp":1789687945.4661162}
2026-09-18T02:32:25.466+03:00 [RX chat] {"data_b64":"Y2hpbmUgdGVsZW1ldHJ5IDAwMDQ=","description":"ble:LoRa-Chatter-72E0 E0:72:A1:D5:4C:15","device_key":"ble-address:e0:72:a1:d5:4c:15","kind":"rx","seq":318,"session":"s2","stream":"chat","text":"chine telemetry 0004","timestamp":1789687945.4661498}
2026-09-18T02:32:25.466+03:00 [RX chat] {"data_b64":"IHN1YnNjcmliZWQgaW4gYmFja2c=","description":"ble:LoRa-Chatter-72E0 E0:72:A1:D5:4C:15","device_key":"ble-address:e0:72:a1:d5:4c:15","kind":"rx","seq":319,"session":"s2","stream":"chat","text":" subscribed in backg","timestamp":1789687945.4661682}
2026-09-18T02:32:25.466+03:00 [RX chat] {"data_b64":"cm91bmQK","description":"ble:LoRa-Chatter-72E0 E0:72:A1:D5:4C:15","device_key":"ble-address:e0:72:a1:d5:4c:15","kind":"rx","seq":320,"session":"s2","stream":"chat","text":"round\n","timestamp":1789687945.4661832}
2026-09-18T02:32:25.503+03:00 [RX chat] {"data_b64":"cnkgZGV0YWlscyAgICAgICBURUw=","description":"ble:LoRa-Chatter-1B44 44:1B:F6:8D:B7:A9","device_key":"ble-address:44:1b:f6:8d:b7:a9","kind":"rx","seq":216,"session":"s1","stream":"chat","text":"ry details       TEL","timestamp":1789687945.5032482}
2026-09-18T02:32:25.503+03:00 [RX chat] {"data_b64":"RU1FVFJZIG9ubHkK","description":"ble:LoRa-Chatter-1B44 44:1B:F6:8D:B7:A9","device_key":"ble-address:44:1b:f6:8d:b7:a9","kind":"rx","seq":217,"session":"s1","stream":"chat","text":"EMETRY only\n","timestamp":1789687945.503313}
2026-09-18T02:32:25.503+03:00 [RX chat] {"data_b64":"W1NZU10gICBSU1NJPWRCbSwgU04=","description":"ble:LoRa-Chatter-1B44 44:1B:F6:8D:B7:A9","device_key":"ble-address:44:1b:f6:8d:b7:a9","kind":"rx","seq":218,"session":"s1","stream":"chat","text":"[SYS]   RSSI=dBm, SN","timestamp":1789687945.5035563}
2026-09-18T02:32:25.547+03:00 [RX chat] {"data_b64":"Uj1kQiwgUT1yb2xsaW5nIHJlY2U=","description":"ble:LoRa-Chatter-1B44 44:1B:F6:8D:B7:A9","device_key":"ble-address:44:1b:f6:8d:b7:a9","kind":"rx","seq":219,"session":"s1","stream":"chat","text":"R=dB, Q=rolling rece","timestamp":1789687945.547287}
2026-09-18T02:32:25.547+03:00 [RX chat] {"data_b64":"aXZlIHF1YWxpdHkgJQo=","description":"ble:LoRa-Chatter-1B44 44:1B:F6:8D:B7:A9","device_key":"ble-address:44:1b:f6:8d:b7:a9","kind":"rx","seq":220,"session":"s1","stream":"chat","text":"ive quality %\n","timestamp":1789687945.547358}
2026-09-18T02:32:25.547+03:00 [RX chat] {"data_b64":"W1NZU10gSFVNQU4gQ09OU09MRSA=","description":"ble:LoRa-Chatter-1B44 44:1B:F6:8D:B7:A9","device_key":"ble-address:44:1b:f6:8d:b7:a9","kind":"rx","seq":221,"session":"s1","stream":"chat","text":"[SYS] HUMAN CONSOLE ","timestamp":1789687945.5476885}
2026-09-18T02:32:25.593+03:00 [RX chat] {"data_b64":"TU9ERVM6Cg==","description":"ble:LoRa-Chatter-1B44 44:1B:F6:8D:B7:A9","device_key":"ble-address:44:1b:f6:8d:b7:a9","kind":"rx","seq":222,"session":"s1","stream":"chat","text":"MODES:\n","timestamp":1789687945.5928912}
2026-09-18T02:32:25.593+03:00 [RX chat] {"data_b64":"W1NZU10gICBDSEFUICAgICAgIGM=","description":"ble:LoRa-Chatter-1B44 44:1B:F6:8D:B7:A9","device_key":"ble-address:44:1b:f6:8d:b7:a9","kind":"rx","seq":223,"session":"s1","stream":"chat","text":"[SYS]   CHAT       c","timestamp":1789687945.5931797}
2026-09-18T02:32:25.593+03:00 [RX chat] {"data_b64":"aGF0ICsgU1lTVEVNCg==","description":"ble:LoRa-Chatter-1B44 44:1B:F6:8D:B7:A9","device_key":"ble-address:44:1b:f6:8d:b7:a9","kind":"rx","seq":224,"session":"s1","stream":"chat","text":"hat + SYSTEM\n","timestamp":1789687945.5932176}
2026-09-18T02:32:25.594+03:00 [RX chat] {"data_b64":"W1NZU10gICBURUxFTUVUUlkgIHQ=","description":"ble:LoRa-Chatter-1B44 44:1B:F6:8D:B7:A9","device_key":"ble-address:44:1b:f6:8d:b7:a9","kind":"rx","seq":225,"session":"s1","stream":"chat","text":"[SYS]   TELEMETRY  t","timestamp":1789687945.594795}
2026-09-18T02:32:25.637+03:00 [RX chat] {"data_b64":"ZWxlbWV0cnkgKyBTWVNURU0K","description":"ble:LoRa-Chatter-1B44 44:1B:F6:8D:B7:A9","device_key":"ble-address:44:1b:f6:8d:b7:a9","kind":"rx","seq":226,"session":"s1","stream":"chat","text":"elemetry + SYSTEM\n","timestamp":1789687945.6369987}
2026-09-18T02:32:25.637+03:00 [RX chat] {"data_b64":"W1NZU10gICBCT1RIICAgICAgIGM=","description":"ble:LoRa-Chatter-1B44 44:1B:F6:8D:B7:A9","device_key":"ble-address:44:1b:f6:8d:b7:a9","kind":"rx","seq":227,"session":"s1","stream":"chat","text":"[SYS]   BOTH       c","timestamp":1789687945.6375008}
2026-09-18T02:32:25.638+03:00 [RX chat] {"data_b64":"aGF0ICsgdGVsZW1ldHJ5ICsgU1k=","description":"ble:LoRa-Chatter-1B44 44:1B:F6:8D:B7:A9","device_key":"ble-address:44:1b:f6:8d:b7:a9","kind":"rx","seq":228,"session":"s1","stream":"chat","text":"hat + telemetry + SY","timestamp":1789687945.6387253}
2026-09-18T02:32:25.682+03:00 [RX chat] {"data_b64":"W1NZU10gICAvaWQgICAgICAgICA=","description":"ble:LoRa-Chatter-1B44 44:1B:F6:8D:B7:A9","device_key":"ble-address:44:1b:f6:8d:b7:a9","kind":"rx","seq":229,"session":"s1","stream":"chat","text":"[SYS]   /id         ","timestamp":1789687945.682014}
2026-09-18T02:32:25.682+03:00 [RX chat] {"data_b64":"c2hvdyBub2RlIGlkZW50aXR5Cg==","description":"ble:LoRa-Chatter-1B44 44:1B:F6:8D:B7:A9","device_key":"ble-address:44:1b:f6:8d:b7:a9","kind":"rx","seq":230,"session":"s1","stream":"chat","text":"show node identity\n","timestamp":1789687945.682071}
2026-09-18T02:32:25.682+03:00 [RX chat] {"data_b64":"W1NZU10gICAvY2hhdCAgICAgICA=","description":"ble:LoRa-Chatter-1B44 44:1B:F6:8D:B7:A9","device_key":"ble-address:44:1b:f6:8d:b7:a9","kind":"rx","seq":231,"session":"s1","stream":"chat","text":"[SYS]   /chat       ","timestamp":1789687945.6826694}
2026-09-18T02:32:25.728+03:00 [RX chat] {"data_b64":"aHVtYW4gY29uc29sZSBDSEFUCg==","description":"ble:LoRa-Chatter-1B44 44:1B:F6:8D:B7:A9","device_key":"ble-address:44:1b:f6:8d:b7:a9","kind":"rx","seq":232,"session":"s1","stream":"chat","text":"human console CHAT\n","timestamp":1789687945.7280257}
2026-09-18T02:32:25.728+03:00 [RX chat] {"data_b64":"W1NZU10gICAvdGVsZSAgICAgICA=","description":"ble:LoRa-Chatter-1B44 44:1B:F6:8D:B7:A9","device_key":"ble-address:44:1b:f6:8d:b7:a9","kind":"rx","seq":233,"session":"s1","stream":"chat","text":"[SYS]   /tele       ","timestamp":1789687945.7286317}
2026-09-18T02:32:25.729+03:00 [RX chat] {"data_b64":"aHVtYW4gY29uc29sZSBURUxFTUU=","description":"ble:LoRa-Chatter-1B44 44:1B:F6:8D:B7:A9","device_key":"ble-address:44:1b:f6:8d:b7:a9","kind":"rx","seq":234,"session":"s1","stream":"chat","text":"human console TELEME","timestamp":1789687945.728926}
2026-09-18T02:32:25.772+03:00 [RX chat] {"data_b64":"VFJZCg==","description":"ble:LoRa-Chatter-1B44 44:1B:F6:8D:B7:A9","device_key":"ble-address:44:1b:f6:8d:b7:a9","kind":"rx","seq":235,"session":"s1","stream":"chat","text":"TRY\n","timestamp":1789687945.7720273}
2026-09-18T02:32:25.772+03:00 [RX chat] {"data_b64":"W1NZU10gICAvYm90aCAgICAgICA=","description":"ble:LoRa-Chatter-1B44 44:1B:F6:8D:B7:A9","device_key":"ble-address:44:1b:f6:8d:b7:a9","kind":"rx","seq":236,"session":"s1","stream":"chat","text":"[SYS]   /both       ","timestamp":1789687945.7726321}
2026-09-18T02:32:25.772+03:00 [RX chat] {"data_b64":"aHVtYW4gY29uc29sZSBCT1RICg==","description":"ble:LoRa-Chatter-1B44 44:1B:F6:8D:B7:A9","device_key":"ble-address:44:1b:f6:8d:b7:a9","kind":"rx","seq":237,"session":"s1","stream":"chat","text":"human console BOTH\n","timestamp":1789687945.7726686}
2026-09-18T02:32:25.776+03:00 [RX chat] {"data_b64":"W1NZU10gICAvZWNobyAgICAgICA=","description":"ble:LoRa-Chatter-1B44 44:1B:F6:8D:B7:A9","device_key":"ble-address:44:1b:f6:8d:b7:a9","kind":"rx","seq":238,"session":"s1","stream":"chat","text":"[SYS]   /echo       ","timestamp":1789687945.7763188}
2026-09-18T02:32:25.817+03:00 [RX chat] {"data_b64":"dG9nZ2xlIGVjaG8gbW9kZQo=","description":"ble:LoRa-Chatter-1B44 44:1B:F6:8D:B7:A9","device_key":"ble-address:44:1b:f6:8d:b7:a9","kind":"rx","seq":239,"session":"s1","stream":"chat","text":"toggle echo mode\n","timestamp":1789687945.8174498}
2026-09-18T02:32:25.817+03:00 [RX chat] {"data_b64":"W1NZU10gICAvY2FuY2VsICAgICA=","description":"ble:LoRa-Chatter-1B44 44:1B:F6:8D:B7:A9","device_key":"ble-address:44:1b:f6:8d:b7:a9","kind":"rx","seq":240,"session":"s1","stream":"chat","text":"[SYS]   /cancel     ","timestamp":1789687945.8176315}
2026-09-18T02:32:25.818+03:00 [RX chat] {"data_b64":"W1NZU10gICAxNCAzMT1DSEFUICA=","description":"ble:LoRa-Chatter-1B44 44:1B:F6:8D:B7:A9","device_key":"ble-address:44:1b:f6:8d:b7:a9","kind":"rx","seq":241,"session":"s1","stream":"chat","text":"[SYS]   14 31=CHAT  ","timestamp":1789687945.8181407}
2026-09-18T02:32:25.863+03:00 [RX chat] {"data_b64":"MTQgMzI9VEVMRU1FVFJZICAxNCA=","description":"ble:LoRa-Chatter-1B44 44:1B:F6:8D:B7:A9","device_key":"ble-address:44:1b:f6:8d:b7:a9","kind":"rx","seq":242,"session":"s1","stream":"chat","text":"14 32=TELEMETRY  14 ","timestamp":1789687945.8630009}
2026-09-18T02:32:25.863+03:00 [RX chat] {"data_b64":"MzM9Qk9USCAgMTQgNjU9RUNITyA=","description":"ble:LoRa-Chatter-1B44 44:1B:F6:8D:B7:A9","device_key":"ble-address:44:1b:f6:8d:b7:a9","kind":"rx","seq":243,"session":"s1","stream":"chat","text":"33=BOTH  14 65=ECHO ","timestamp":1789687945.8633747}
2026-09-18T02:32:25.863+03:00 [RX chat] {"data_b64":"dG9nZ2xlCg==","description":"ble:LoRa-Chatter-1B44 44:1B:F6:8D:B7:A9","device_key":"ble-address:44:1b:f6:8d:b7:a9","kind":"rx","seq":244,"session":"s1","stream":"chat","text":"toggle\n","timestamp":1789687945.8636265}
2026-09-18T02:32:25.909+03:00 [RX chat] {"data_b64":"W1NZU10gQU5EUk9JRCBCTEUgVEU=","description":"ble:LoRa-Chatter-1B44 44:1B:F6:8D:B7:A9","device_key":"ble-address:44:1b:f6:8d:b7:a9","kind":"rx","seq":245,"session":"s1","stream":"chat","text":"[SYS] ANDROID BLE TE","timestamp":1789687945.9096894}
2026-09-18T02:32:25.910+03:00 [RX chat] {"data_b64":"Uk1JTkFMIE1BQ1JPUzoK","description":"ble:LoRa-Chatter-1B44 44:1B:F6:8D:B7:A9","device_key":"ble-address:44:1b:f6:8d:b7:a9","kind":"rx","seq":246,"session":"s1","stream":"chat","text":"RMINAL MACROS:\n","timestamp":1789687945.9100177}
2026-09-18T02:32:25.910+03:00 [RX chat] {"data_b64":"W1NZU10gICBIRVggbWFjcm8sIG4=","description":"ble:LoRa-Chatter-1B44 44:1B:F6:8D:B7:A9","device_key":"ble-address:44:1b:f6:8d:b7:a9","kind":"rx","seq":247,"session":"s1","stream":"chat","text":"[SYS]   HEX macro, n","timestamp":1789687945.9101517}
2026-09-18T02:32:25.952+03:00 [RX chat] {"data_b64":"byBFT0w6IDE0IDMxIC8gMTQgMzI=","description":"ble:LoRa-Chatter-1B44 44:1B:F6:8D:B7:A9","device_key":"ble-address:44:1b:f6:8d:b7:a9","kind":"rx","seq":248,"session":"s1","stream":"chat","text":"o EOL: 14 31 / 14 32","timestamp":1789687945.952192}
2026-09-18T02:32:25.952+03:00 [RX chat] {"data_b64":"IC8gMTQgMzMgLyAxNCA2NQo=","description":"ble:LoRa-Chatter-1B44 44:1B:F6:8D:B7:A9","device_key":"ble-address:44:1b:f6:8d:b7:a9","kind":"rx","seq":249,"session":"s1","stream":"chat","text":" / 14 33 / 14 65\n","timestamp":1789687945.9522438}
2026-09-18T02:32:25.954+03:00 [RX chat] {"data_b64":"W1NZU10gICBvciBURVhUIG1hY3I=","description":"ble:LoRa-Chatter-1B44 44:1B:F6:8D:B7:A9","device_key":"ble-address:44:1b:f6:8d:b7:a9","kind":"rx","seq":250,"session":"s1","stream":"chat","text":"[SYS]   or TEXT macr","timestamp":1789687945.9547853}
2026-09-18T02:32:25.998+03:00 [RX chat] {"data_b64":"byArIExGOiAvaGVscCAvaWQgL2M=","description":"ble:LoRa-Chatter-1B44 44:1B:F6:8D:B7:A9","device_key":"ble-address:44:1b:f6:8d:b7:a9","kind":"rx","seq":251,"session":"s1","stream":"chat","text":"o + LF: /help /id /c","timestamp":1789687945.998044}
2026-09-18T02:32:25.998+03:00 [RX chat] {"data_b64":"aGF0IC90ZWxlIC9ib3RoIC9lY2g=","description":"ble:LoRa-Chatter-1B44 44:1B:F6:8D:B7:A9","device_key":"ble-address:44:1b:f6:8d:b7:a9","kind":"rx","seq":252,"session":"s1","stream":"chat","text":"hat /tele /both /ech","timestamp":1789687945.9981}
2026-09-18T02:32:25.998+03:00 [RX chat] {"data_b64":"byAvY2FuY2VsIC9jYW5jZWwgYWw=","description":"ble:LoRa-Chatter-1B44 44:1B:F6:8D:B7:A9","device_key":"ble-address:44:1b:f6:8d:b7:a9","kind":"rx","seq":253,"session":"s1","stream":"chat","text":"o /cancel /cancel al","timestamp":1789687945.9984634}
2026-09-18T02:32:27.487+03:00 [RX telemetry] {"data_b64":"ClNFU1NJT04gdD03ODBzIFRYIG8=","description":"ble:LoRa-Chatter-72E0 E0:72:A1:D5:4C:15","device_key":"ble-address:e0:72:a1:d5:4c:15","kind":"rx","seq":321,"session":"s2","stream":"telemetry","text":"\nSESSION t=780s TX o","timestamp":1789687947.4870625}
2026-09-18T02:32:27.487+03:00 [RX telemetry] {"data_b64":"az0wIHVzZXI9MCBlY2hvX3JlcT0=","description":"ble:LoRa-Chatter-72E0 E0:72:A1:D5:4C:15","device_key":"ble-address:e0:72:a1:d5:4c:15","kind":"rx","seq":322,"session":"s2","stream":"telemetry","text":"k=0 user=0 echo_req=","timestamp":1789687947.4874234}
2026-09-18T02:32:27.487+03:00 [RX telemetry] {"data_b64":"MCBlY2hvX3JlcD0wIGhiPTAoaWQ=","description":"ble:LoRa-Chatter-72E0 E0:72:A1:D5:4C:15","device_key":"ble-address:e0:72:a1:d5:4c:15","kind":"rx","seq":323,"session":"s2","stream":"telemetry","text":"0 echo_rep=0 hb=0(id","timestamp":1789687947.4874494}
2026-09-18T02:32:27.489+03:00 [RX telemetry] {"data_b64":"bGU9MCkgZXJyPTAgc3RhcnRlZD0=","description":"ble:LoRa-Chatter-72E0 E0:72:A1:D5:4C:15","device_key":"ble-address:e0:72:a1:d5:4c:15","kind":"rx","seq":324,"session":"s2","stream":"telemetry","text":"le=0) err=0 started=","timestamp":1789687947.4896193}
2026-09-18T02:32:27.495+03:00 [RX telemetry] {"data_b64":"MCBSWCBvaz0wIHVzZXI9MCBlY2g=","description":"ble:LoRa-Chatter-72E0 E0:72:A1:D5:4C:15","device_key":"ble-address:e0:72:a1:d5:4c:15","kind":"rx","seq":325,"session":"s2","stream":"telemetry","text":"0 RX ok=0 user=0 ech","timestamp":1789687947.490034}
2026-09-18T02:32:27.495+03:00 [RX telemetry] {"data_b64":"b19yZXE9MCBlY2hvX3JlcD0wIGg=","description":"ble:LoRa-Chatter-72E0 E0:72:A1:D5:4C:15","device_key":"ble-address:e0:72:a1:d5:4c:15","kind":"rx","seq":326,"session":"s2","stream":"telemetry","text":"o_req=0 echo_rep=0 h","timestamp":1789687947.4900677}
2026-09-18T02:32:27.495+03:00 [RX telemetry] {"data_b64":"Yj0wIGNyYz0wIGhkcj0wIGJhZD0=","description":"ble:LoRa-Chatter-72E0 E0:72:A1:D5:4C:15","device_key":"ble-address:e0:72:a1:d5:4c:15","kind":"rx","seq":327,"session":"s2","stream":"telemetry","text":"b=0 crc=0 hdr=0 bad=","timestamp":1789687947.4901695}
2026-09-18T02:32:27.495+03:00 [RX telemetry] {"data_b64":"MSByZWFkZXJyPTAgcmVwb3J0cz0=","description":"ble:LoRa-Chatter-72E0 E0:72:A1:D5:4C:15","device_key":"ble-address:e0:72:a1:d5:4c:15","kind":"rx","seq":328,"session":"s2","stream":"telemetry","text":"1 readerr=0 reports=","timestamp":1789687947.4927237}
2026-09-18T02:32:27.495+03:00 [RX telemetry] {"data_b64":"MCBRPTAlIGRyb3BzPTAgZmF0YWw=","description":"ble:LoRa-Chatter-72E0 E0:72:A1:D5:4C:15","device_key":"ble-address:e0:72:a1:d5:4c:15","kind":"rx","seq":329,"session":"s2","stream":"telemetry","text":"0 Q=0% drops=0 fatal","timestamp":1789687947.4928577}
2026-09-18T02:32:27.495+03:00 [RX telemetry] {"data_b64":"PTAK","description":"ble:LoRa-Chatter-72E0 E0:72:A1:D5:4C:15","device_key":"ble-address:e0:72:a1:d5:4c:15","kind":"rx","seq":330,"session":"s2","stream":"telemetry","text":"=0\n","timestamp":1789687947.492988}
2026-09-18T02:32:27.495+03:00 [RX telemetry] {"data_b64":"U0VTU0lPTiBDT1VSVEVTWSB3aW4=","description":"ble:LoRa-Chatter-72E0 E0:72:A1:D5:4C:15","device_key":"ble-address:e0:72:a1:d5:4c:15","kind":"rx","seq":331,"session":"s2","stream":"telemetry","text":"SESSION COURTESY win","timestamp":1789687947.4931552}
2026-09-18T02:32:27.495+03:00 [RX telemetry] {"data_b64":"ZG93PTkxMjNtcyBwZWVyX3JlbGU=","description":"ble:LoRa-Chatter-72E0 E0:72:A1:D5:4C:15","device_key":"ble-address:e0:72:a1:d5:4c:15","kind":"rx","seq":332,"session":"s2","stream":"telemetry","text":"dow=9123ms peer_rele","timestamp":1789687947.4933045}
2026-09-18T02:32:27.532+03:00 [RX telemetry] {"data_b64":"YXNlPTAgZXhwaXJlZD0wIHlpZWw=","description":"ble:LoRa-Chatter-72E0 E0:72:A1:D5:4C:15","device_key":"ble-address:e0:72:a1:d5:4c:15","kind":"rx","seq":333,"session":"s2","stream":"telemetry","text":"ase=0 expired=0 yiel","timestamp":1789687947.5319493}
2026-09-18T02:32:27.532+03:00 [RX telemetry] {"data_b64":"ZGluZz0wCg==","description":"ble:LoRa-Chatter-72E0 E0:72:A1:D5:4C:15","device_key":"ble-address:e0:72:a1:d5:4c:15","kind":"rx","seq":334,"session":"s2","stream":"telemetry","text":"ding=0\n","timestamp":1789687947.5319946}
2026-09-18T02:32:27.532+03:00 [RX telemetry] {"data_b64":"U0VTU0lPTiBESU8wX1RYIGFmZmU=","description":"ble:LoRa-Chatter-72E0 E0:72:A1:D5:4C:15","device_key":"ble-address:e0:72:a1:d5:4c:15","kind":"rx","seq":335,"session":"s2","stream":"telemetry","text":"SESSION DIO0_TX affe","timestamp":1789687947.532337}
2026-09-18T02:32:27.536+03:00 [RX telemetry] {"data_b64":"Y3RlZD0wLzAgZXBpc29kZXM9MCA=","description":"ble:LoRa-Chatter-72E0 E0:72:A1:D5:4C:15","device_key":"ble-address:e0:72:a1:d5:4c:15","kind":"rx","seq":336,"session":"s2","stream":"telemetry","text":"cted=0/0 episodes=0 ","timestamp":1789687947.536626}
2026-09-18T02:32:27.537+03:00 [RX telemetry] {"data_b64":"YXZnX2FsbD0wLjAwIGF2Z19hZmY=","description":"ble:LoRa-Chatter-72E0 E0:72:A1:D5:4C:15","device_key":"ble-address:e0:72:a1:d5:4c:15","kind":"rx","seq":337,"session":"s2","stream":"telemetry","text":"avg_all=0.00 avg_aff","timestamp":1789687947.536674}
2026-09-18T02:32:27.537+03:00 [RX telemetry] {"data_b64":"ZWN0ZWQ9MC4wMCBoaWdoX3BvbGw=","description":"ble:LoRa-Chatter-72E0 E0:72:A1:D5:4C:15","device_key":"ble-address:e0:72:a1:d5:4c:15","kind":"rx","seq":338,"session":"s2","stream":"telemetry","text":"ected=0.00 high_poll","timestamp":1789687947.5369759}
2026-09-18T02:32:27.537+03:00 [RX telemetry] {"data_b64":"cz0wCg==","description":"ble:LoRa-Chatter-72E0 E0:72:A1:D5:4C:15","device_key":"ble-address:e0:72:a1:d5:4c:15","kind":"rx","seq":339,"session":"s2","stream":"telemetry","text":"s=0\n","timestamp":1789687947.537257}
2026-09-18T02:32:27.537+03:00 [RX telemetry] {"data_b64":"U0VTU0lPTiBSWF9QT0xMIHBvbGw=","description":"ble:LoRa-Chatter-72E0 E0:72:A1:D5:4C:15","device_key":"ble-address:e0:72:a1:d5:4c:15","kind":"rx","seq":340,"session":"s2","stream":"telemetry","text":"SESSION RX_POLL poll","timestamp":1789687947.5375566}
2026-09-18T02:32:27.537+03:00 [RX telemetry] {"data_b64":"cz03NzU3NTkgcnhkb25lPTEgaW4=","description":"ble:LoRa-Chatter-72E0 E0:72:A1:D5:4C:15","device_key":"ble-address:e0:72:a1:d5:4c:15","kind":"rx","seq":341,"session":"s2","stream":"telemetry","text":"s=775759 rxdone=1 in","timestamp":1789687947.537587}
2026-09-18T02:32:27.538+03:00 [RX telemetry] {"data_b64":"dGVydmFsPTEwMDB1cyBESU8wX1I=","description":"ble:LoRa-Chatter-72E0 E0:72:A1:D5:4C:15","device_key":"ble-address:e0:72:a1:d5:4c:15","kind":"rx","seq":342,"session":"s2","stream":"telemetry","text":"terval=1000us DIO0_R","timestamp":1789687947.5379984}
2026-09-18T02:32:27.538+03:00 [RX telemetry] {"data_b64":"WCBmYWxzZV9oaWdoX2VwPTAgaGk=","description":"ble:LoRa-Chatter-72E0 E0:72:A1:D5:4C:15","device_key":"ble-address:e0:72:a1:d5:4c:15","kind":"rx","seq":343,"session":"s2","stream":"telemetry","text":"X false_high_ep=0 hi","timestamp":1789687947.5380802}
2026-09-18T02:32:27.538+03:00 [RX telemetry] {"data_b64":"Z2hfcG9sbHM9MCByeGRvbmVfbG8=","description":"ble:LoRa-Chatter-72E0 E0:72:A1:D5:4C:15","device_key":"ble-address:e0:72:a1:d5:4c:15","kind":"rx","seq":344,"session":"s2","stream":"telemetry","text":"gh_polls=0 rxdone_lo","timestamp":1789687947.5385911}
2026-09-18T02:32:27.538+03:00 [RX telemetry] {"data_b64":"dz0wIGlzcj1kaXNhYmxlZAo=","description":"ble:LoRa-Chatter-72E0 E0:72:A1:D5:4C:15","device_key":"ble-address:e0:72:a1:d5:4c:15","kind":"rx","seq":345,"session":"s2","stream":"telemetry","text":"w=0 isr=disabled\n","timestamp":1789687947.5388086}
2026-09-18T02:32:30.683+03:00 [AGENT REQUEST] {"id":32,"op":"observe","cursors":{"s1":188,"s2":225},"timeout_ms":5000}
2026-09-18T02:32:30.688+03:00 [AGENT RESPONSE] {"id":32,"ok":true,"result":{"cursors":{"s1":253,"s2":345},"events":[{"data_b64":"L2hlbHAK","device_key":"ble-address:44:1b:f6:8d:b7:a9","kind":"tx","seq":189,"session":"s1","text":"/help","timestamp":1789687945.0717125,"tx_id":4,"tx_state":"queued"},{"data_b64":"L2hlbHAK","device_key":"ble-address:e0:72:a1:d5:4c:15","kind":"tx","seq":226,"session":"s2","text":"/help","timestamp":1789687945.0725493,"tx_id":4,"tx_state":"queued"},{"data_b64":"L2hlbHAK","description":"ble:LoRa-Chatter-1B44 44:1B:F6:8D:B7:A9","device_key":"ble-address:44:1b:f6:8d:b7:a9","kind":"tx","seq":190,"session":"s1","text":"/help","timestamp":1789687945.0733376,"tx_id":4,"tx_state":"written"},{"data_b64":"L2hlbHAK","description":"ble:LoRa-Chatter-72E0 E0:72:A1:D5:4C:15","device_key":"ble-address:e0:72:a1:d5:4c:15","kind":"tx","seq":227,"session":"s2","text":"/help","timestamp":1789687945.0743763,"tx_id":4,"tx_state":"written"},{"data_b64":"CltTWVNdIENIQVRURVIgSEVMUAo=","description":"ble:LoRa-Chatter-1B44 44:1B:F6:8D:B7:A9","device_key":"ble-address:44:1b:f6:8d:b7:a9","kind":"rx","seq":191,"session":"s1","stream":"chat","text":"\n[SYS] CHATTER HELP\n","timestamp":1789687945.1881459},{"data_b64":"W1NZU10gQ0hBVFRFUiBOT0RFIEw=","description":"ble:LoRa-Chatter-1B44 44:1B:F6:8D:B7:A9","device_key":"ble-address:44:1b:f6:8d:b7:a9","kind":"rx","seq":192,"session":"s1","stream":"chat","text":"[SYS] CHATTER NODE L","timestamp":1789687945.1887186},{"data_b64":"b1JhLUNoYXR0ZXItMUI0NAo=","description":"ble:LoRa-Chatter-1B44 44:1B:F6:8D:B7:A9","device_key":"ble-address:44:1b:f6:8d:b7:a9","kind":"rx","seq":193,"session":"s1","stream":"chat","text":"oRa-Chatter-1B44\n","timestamp":1789687945.1887496},{"data_b64":"CltTWVNdIENIQVRURVIgSEVMUAo=","description":"ble:LoRa-Chatter-72E0 E0:72:A1:D5:4C:15","device_key":"ble-address:e0:72:a1:d5:4c:15","kind":"rx","seq":228,"session":"s2","stream":"chat","text":"\n[SYS] CHATTER HELP\n","timestamp":1789687945.1950371},{"data_b64":"W1NZU10gQ0hBVFRFUiBOT0RFIEw=","description":"ble:LoRa-Chatter-72E0 E0:72:A1:D5:4C:15","device_key":"ble-address:e0:72:a1:d5:4c:15","kind":"rx","seq":229,"session":"s2","stream":"chat","text":"[SYS] CHATTER NODE L","timestamp":1789687945.19638},{"data_b64":"b1JhLUNoYXR0ZXItNzJFMAo=","description":"ble:LoRa-Chatter-72E0 E0:72:A1:D5:4C:15","device_key":"ble-address:e0:72:a1:d5:4c:15","kind":"rx","seq":230,"session":"s2","stream":"chat","text":"oRa-Chatter-72E0\n","timestamp":1789687945.1964667},{"data_b64":"W1NZU10gQ0hBVCBPVVRQVVQ6Cg==","description":"ble:LoRa-Chatter-72E0 E0:72:A1:D5:4C:15","device_key":"ble-address:e0:72:a1:d5:4c:15","kind":"rx","seq":231,"session":"s2","stream":"chat","text":"[SYS] CHAT OUTPUT:\n","timestamp":1789687945.1969998},{"data_b64":"W1NZU10gICA+IHRleHQgICAgICA=","description":"ble:LoRa-Chatter-72E0 E0:72:A1:D5:4C:15","device_key":"ble-address:e0:72:a1:d5:4c:15","kind":"rx","seq":232,"session":"s2","stream":"chat","text":"[SYS]   > text      ","timestamp":1789687945.1976936},{"data_b64":"ICAgICAgICAgICAgICAgICBsb2M=","description":"ble:LoRa-Chatter-72E0 E0:72:A1:D5:4C:15","device_key":"ble-address:e0:72:a1:d5:4c:15","kind":"rx","seq":233,"session":"s2","stream":"chat","text":"                 loc","timestamp":1789687945.1977172},{"data_b64":"YWwgVVNFUiBUWCBjb25maXJtZWQ=","description":"ble:LoRa-Chatter-72E0 E0:72:A1:D5:4C:15","device_key":"ble-address:e0:72:a1:d5:4c:15","kind":"rx","seq":234,"session":"s2","stream":"chat","text":"al USER TX confirmed","timestamp":1789687945.197733},{"data_b64":"Cg==","description":"ble:LoRa-Chatter-72E0 E0:72:A1:D5:4C:15","device_key":"ble-address:e0:72:a1:d5:4c:15","kind":"rx","seq":235,"session":"s2","stream":"chat","text":"\n","timestamp":1789687945.1977472},{"data_b64":"W1NZU10gICA8IFtSU1NJL1NOUiA=","description":"ble:LoRa-Chatter-72E0 E0:72:A1:D5:4C:15","device_key":"ble-address:e0:72:a1:d5:4c:15","kind":"rx","seq":236,"session":"s2","stream":"chat","text":"[SYS]   < [RSSI/SNR ","timestamp":1789687945.1978862},{"data_b64":"USVdIHRleHQgICAgICAgICBVU0U=","description":"ble:LoRa-Chatter-72E0 E0:72:A1:D5:4C:15","device_key":"ble-address:e0:72:a1:d5:4c:15","kind":"rx","seq":237,"session":"s2","stream":"chat","text":"Q%] text         USE","timestamp":1789687945.1986644},{"data_b64":"UiByZWNlaXZlZCBmcm9tIHBlZXI=","description":"ble:LoRa-Chatter-72E0 E0:72:A1:D5:4C:15","device_key":"ble-address:e0:72:a1:d5:4c:15","kind":"rx","seq":238,"session":"s2","stream":"chat","text":"R received from peer","timestamp":1789687945.1987357},{"data_b64":"Cg==","description":"ble:LoRa-Chatter-72E0 E0:72:A1:D5:4C:15","device_key":"ble-address:e0:72:a1:d5:4c:15","kind":"rx","seq":239,"session":"s2","stream":"chat","text":"\n","timestamp":1789687945.1987736},{"data_b64":"W1NZU10gICA+IFtFQ0hPIFRYXSA=","description":"ble:LoRa-Chatter-72E0 E0:72:A1:D5:4C:15","device_key":"ble-address:e0:72:a1:d5:4c:15","kind":"rx","seq":240,"session":"s2","stream":"chat","text":"[SYS]   > [ECHO TX] ","timestamp":1789687945.199733},{"data_b64":"dGV4dCAgICAgICAgICAgICBsb2M=","description":"ble:LoRa-Chatter-72E0 E0:72:A1:D5:4C:15","device_key":"ble-address:e0:72:a1:d5:4c:15","kind":"rx","seq":241,"session":"s2","stream":"chat","text":"text             loc","timestamp":1789687945.2000434},{"data_b64":"YWwgZWNobyBUWCBjb25maXJtZWQ=","description":"ble:LoRa-Chatter-72E0 E0:72:A1:D5:4C:15","device_key":"ble-address:e0:72:a1:d5:4c:15","kind":"rx","seq":242,"session":"s2","stream":"chat","text":"al echo TX confirmed","timestamp":1789687945.2004025},{"data_b64":"Cg==","description":"ble:LoRa-Chatter-72E0 E0:72:A1:D5:4C:15","device_key":"ble-address:e0:72:a1:d5:4c:15","kind":"rx","seq":243,"session":"s2","stream":"chat","text":"\n","timestamp":1789687945.2016299},{"data_b64":"W1NZU10gICA8IFtFQ0hPIFJTU0k=","description":"ble:LoRa-Chatter-72E0 E0:72:A1:D5:4C:15","device_key":"ble-address:e0:72:a1:d5:4c:15","kind":"rx","seq":244,"session":"s2","stream":"chat","text":"[SYS]   < [ECHO RSSI","timestamp":1789687945.202023},{"data_b64":"L1NOUiBRJV0gdGV4dCAgICBtYXQ=","description":"ble:LoRa-Chatter-72E0 E0:72:A1:D5:4C:15","device_key":"ble-address:e0:72:a1:d5:4c:15","kind":"rx","seq":245,"session":"s2","stream":"chat","text":"/SNR Q%] text    mat","timestamp":1789687945.202053},{"data_b64":"Y2hpbmcgZWNobyByZXBseSByZWM=","description":"ble:LoRa-Chatter-72E0 E0:72:A1:D5:4C:15","device_key":"ble-address:e0:72:a1:d5:4c:15","kind":"rx","seq":246,"session":"s2","stream":"chat","text":"ching echo reply rec","timestamp":1789687945.203668},{"data_b64":"ZWl2ZWQK","description":"ble:LoRa-Chatter-72E0 E0:72:A1:D5:4C:15","device_key":"ble-address:e0:72:a1:d5:4c:15","kind":"rx","seq":247,"session":"s2","stream":"chat","text":"eived\n","timestamp":1789687945.203914},{"data_b64":"W1NZU10gQ0hBVCBPVVRQVVQ6Cg==","description":"ble:LoRa-Chatter-1B44 44:1B:F6:8D:B7:A9","device_key":"ble-address:44:1b:f6:8d:b7:a9","kind":"rx","seq":194,"session":"s1","stream":"chat","text":"[SYS] CHAT OUTPUT:\n","timestamp":1789687945.2338169},{"data_b64":"W1NZU10gICA+IHRleHQgICAgICA=","description":"ble:LoRa-Chatter-1B44 44:1B:F6:8D:B7:A9","device_key":"ble-address:44:1b:f6:8d:b7:a9","kind":"rx","seq":195,"session":"s1","stream":"chat","text":"[SYS]   > text      ","timestamp":1789687945.2343695},{"data_b64":"ICAgICAgICAgICAgICAgICBsb2M=","description":"ble:LoRa-Chatter-1B44 44:1B:F6:8D:B7:A9","device_key":"ble-address:44:1b:f6:8d:b7:a9","kind":"rx","seq":196,"session":"s1","stream":"chat","text":"                 loc","timestamp":1789687945.2344182},{"data_b64":"W1NZU10gICBbRUNIT10gTk8gUkU=","description":"ble:LoRa-Chatter-72E0 E0:72:A1:D5:4C:15","device_key":"ble-address:e0:72:a1:d5:4c:15","kind":"rx","seq":248,"session":"s2","stream":"chat","text":"[SYS]   [ECHO] NO RE","timestamp":1789687945.2377303},{"data_b64":"U1BPTlNFICAgICAgICAgICBtYXQ=","description":"ble:LoRa-Chatter-72E0 E0:72:A1:D5:4C:15","device_key":"ble-address:e0:72:a1:d5:4c:15","kind":"rx","seq":249,"session":"s2","stream":"chat","text":"SPONSE           mat","timestamp":1789687945.238212},{"data_b64":"Y2hpbmcgZWNobyByZXBseSB0aW0=","description":"ble:LoRa-Chatter-72E0 E0:72:A1:D5:4C:15","device_key":"ble-address:e0:72:a1:d5:4c:15","kind":"rx","seq":250,"session":"s2","stream":"chat","text":"ching echo reply tim","timestamp":1789687945.2382574},{"data_b64":"ZWQgb3V0Cg==","description":"ble:LoRa-Chatter-72E0 E0:72:A1:D5:4C:15","device_key":"ble-address:e0:72:a1:d5:4c:15","kind":"rx","seq":251,"session":"s2","stream":"chat","text":"ed out\n","timestamp":1789687945.2385247},{"data_b64":"W1NZU10gICBkZWxpdmVyeSByZXQ=","description":"ble:LoRa-Chatter-72E0 E0:72:A1:D5:4C:15","device_key":"ble-address:e0:72:a1:d5:4c:15","kind":"rx","seq":252,"session":"s2","stream":"chat","text":"[SYS]   delivery ret","timestamp":1789687945.238723},{"data_b64":"cnkgZGV0YWlscyAgICAgICBURUw=","description":"ble:LoRa-Chatter-72E0 E0:72:A1:D5:4C:15","device_key":"ble-address:e0:72:a1:d5:4c:15","kind":"rx","seq":253,"session":"s2","stream":"chat","text":"ry details       TEL","timestamp":1789687945.2410116},{"data_b64":"RU1FVFJZIG9ubHkK","description":"ble:LoRa-Chatter-72E0 E0:72:A1:D5:4C:15","device_key":"ble-address:e0:72:a1:d5:4c:15","kind":"rx","seq":254,"session":"s2","stream":"chat","text":"EMETRY only\n","timestamp":1789687945.2412088},{"data_b64":"W1NZU10gICBSU1NJPWRCbSwgU04=","description":"ble:LoRa-Chatter-72E0 E0:72:A1:D5:4C:15","device_key":"ble-address:e0:72:a1:d5:4c:15","kind":"rx","seq":255,"session":"s2","stream":"chat","text":"[SYS]   RSSI=dBm, SN","timestamp":1789687945.2418845},{"data_b64":"Uj1kQiwgUT1yb2xsaW5nIHJlY2U=","description":"ble:LoRa-Chatter-72E0 E0:72:A1:D5:4C:15","device_key":"ble-address:e0:72:a1:d5:4c:15","kind":"rx","seq":256,"session":"s2","stream":"chat","text":"R=dB, Q=rolling rece","timestamp":1789687945.24193},{"data_b64":"aXZlIHF1YWxpdHkgJQo=","description":"ble:LoRa-Chatter-72E0 E0:72:A1:D5:4C:15","device_key":"ble-address:e0:72:a1:d5:4c:15","kind":"rx","seq":257,"session":"s2","stream":"chat","text":"ive quality %\n","timestamp":1789687945.2435439},{"data_b64":"W1NZU10gSFVNQU4gQ09OU09MRSA=","description":"ble:LoRa-Chatter-72E0 E0:72:A1:D5:4C:15","device_key":"ble-address:e0:72:a1:d5:4c:15","kind":"rx","seq":258,"session":"s2","stream":"chat","text":"[SYS] HUMAN CONSOLE ","timestamp":1789687945.2437327},{"data_b64":"TU9ERVM6Cg==","description":"ble:LoRa-Chatter-72E0 E0:72:A1:D5:4C:15","device_key":"ble-address:e0:72:a1:d5:4c:15","kind":"rx","seq":259,"session":"s2","stream":"chat","text":"MODES:\n","timestamp":1789687945.2440953},{"data_b64":"W1NZU10gICBDSEFUICAgICAgIGM=","description":"ble:LoRa-Chatter-72E0 E0:72:A1:D5:4C:15","device_key":"ble-address:e0:72:a1:d5:4c:15","kind":"rx","seq":260,"session":"s2","stream":"chat","text":"[SYS]   CHAT       c","timestamp":1789687945.2451324},{"data_b64":"aGF0ICsgU1lTVEVNCg==","description":"ble:LoRa-Chatter-72E0 E0:72:A1:D5:4C:15","device_key":"ble-address:e0:72:a1:d5:4c:15","kind":"rx","seq":261,"session":"s2","stream":"chat","text":"hat + SYSTEM\n","timestamp":1789687945.2457442},{"data_b64":"W1NZU10gICBURUxFTUVUUlkgIHQ=","description":"ble:LoRa-Chatter-72E0 E0:72:A1:D5:4C:15","device_key":"ble-address:e0:72:a1:d5:4c:15","kind":"rx","seq":262,"session":"s2","stream":"chat","text":"[SYS]   TELEMETRY  t","timestamp":1789687945.2460117},{"data_b64":"YWwgVVNFUiBUWCBjb25maXJtZWQ=","description":"ble:LoRa-Chatter-1B44 44:1B:F6:8D:B7:A9","device_key":"ble-address:44:1b:f6:8d:b7:a9","kind":"rx","seq":197,"session":"s1","stream":"chat","text":"al USER TX confirmed","timestamp":1789687945.278924},{"data_b64":"Cg==","description":"ble:LoRa-Chatter-1B44 44:1B:F6:8D:B7:A9","device_key":"ble-address:44:1b:f6:8d:b7:a9","kind":"rx","seq":198,"session":"s1","stream":"chat","text":"\n","timestamp":1789687945.2789705},{"data_b64":"W1NZU10gICA8IFtSU1NJL1NOUiA=","description":"ble:LoRa-Chatter-1B44 44:1B:F6:8D:B7:A9","device_key":"ble-address:44:1b:f6:8d:b7:a9","kind":"rx","seq":199,"session":"s1","stream":"chat","text":"[SYS]   < [RSSI/SNR ","timestamp":1789687945.279082},{"data_b64":"USVdIHRleHQgICAgICAgICBVU0U=","description":"ble:LoRa-Chatter-1B44 44:1B:F6:8D:B7:A9","device_key":"ble-address:44:1b:f6:8d:b7:a9","kind":"rx","seq":200,"session":"s1","stream":"chat","text":"Q%] text         USE","timestamp":1789687945.279462},{"data_b64":"ZWxlbWV0cnkgKyBTWVNURU0K","description":"ble:LoRa-Chatter-72E0 E0:72:A1:D5:4C:15","device_key":"ble-address:e0:72:a1:d5:4c:15","kind":"rx","seq":263,"session":"s2","stream":"chat","text":"elemetry + SYSTEM\n","timestamp":1789687945.2818074},{"data_b64":"W1NZU10gICBCT1RIICAgICAgIGM=","description":"ble:LoRa-Chatter-72E0 E0:72:A1:D5:4C:15","device_key":"ble-address:e0:72:a1:d5:4c:15","kind":"rx","seq":264,"session":"s2","stream":"chat","text":"[SYS]   BOTH       c","timestamp":1789687945.2822034},{"data_b64":"aGF0ICsgdGVsZW1ldHJ5ICsgU1k=","description":"ble:LoRa-Chatter-72E0 E0:72:A1:D5:4C:15","device_key":"ble-address:e0:72:a1:d5:4c:15","kind":"rx","seq":265,"session":"s2","stream":"chat","text":"hat + telemetry + SY","timestamp":1789687945.282446},{"data_b64":"U1RFTQo=","description":"ble:LoRa-Chatter-72E0 E0:72:A1:D5:4C:15","device_key":"ble-address:e0:72:a1:d5:4c:15","kind":"rx","seq":266,"session":"s2","stream":"chat","text":"STEM\n","timestamp":1789687945.2836936},{"data_b64":"W1NZU10gICBCTEUgMDAwNCBtYWM=","description":"ble:LoRa-Chatter-72E0 E0:72:A1:D5:4C:15","device_key":"ble-address:e0:72:a1:d5:4c:15","kind":"rx","seq":267,"session":"s2","stream":"chat","text":"[SYS]   BLE 0004 mac","timestamp":1789687945.2839055},{"data_b64":"aGluZSB0ZWxlbWV0cnkgaXMgaW4=","description":"ble:LoRa-Chatter-72E0 E0:72:A1:D5:4C:15","device_key":"ble-address:e0:72:a1:d5:4c:15","kind":"rx","seq":268,"session":"s2","stream":"chat","text":"hine telemetry is in","timestamp":1789687945.2842145},{"data_b64":"ZGVwZW5kZW50IHdoZW4gc3Vic2M=","description":"ble:LoRa-Chatter-72E0 E0:72:A1:D5:4C:15","device_key":"ble-address:e0:72:a1:d5:4c:15","kind":"rx","seq":269,"session":"s2","stream":"chat","text":"dependent when subsc","timestamp":1789687945.2856638},{"data_b64":"cmliZWQK","description":"ble:LoRa-Chatter-72E0 E0:72:A1:D5:4C:15","device_key":"ble-address:e0:72:a1:d5:4c:15","kind":"rx","seq":270,"session":"s2","stream":"chat","text":"ribed\n","timestamp":1789687945.2859435},{"data_b64":"W1NZU10gICBjdXJyZW50PUNIQVQ=","description":"ble:LoRa-Chatter-72E0 E0:72:A1:D5:4C:15","device_key":"ble-address:e0:72:a1:d5:4c:15","kind":"rx","seq":271,"session":"s2","stream":"chat","text":"[SYS]   current=CHAT","timestamp":1789687945.2862632},{"data_b64":"IGVjaG89T0ZGCg==","description":"ble:LoRa-Chatter-72E0 E0:72:A1:D5:4C:15","device_key":"ble-address:e0:72:a1:d5:4c:15","kind":"rx","seq":272,"session":"s2","stream":"chat","text":" echo=OFF\n","timestamp":1789687945.2876184},{"data_b64":"W1NZU10gQ09NTUFORFM6Cg==","description":"ble:LoRa-Chatter-72E0 E0:72:A1:D5:4C:15","device_key":"ble-address:e0:72:a1:d5:4c:15","kind":"rx","seq":273,"session":"s2","stream":"chat","text":"[SYS] COMMANDS:\n","timestamp":1789687945.2880464},{"data_b64":"W1NZU10gICAvaGVscCAgICAgICA=","description":"ble:LoRa-Chatter-72E0 E0:72:A1:D5:4C:15","device_key":"ble-address:e0:72:a1:d5:4c:15","kind":"rx","seq":274,"session":"s2","stream":"chat","text":"[SYS]   /help       ","timestamp":1789687945.2881613},{"data_b64":"c2hvdyB0aGlzIGhlbHAK","description":"ble:LoRa-Chatter-72E0 E0:72:A1:D5:4C:15","device_key":"ble-address:e0:72:a1:d5:4c:15","kind":"rx","seq":275,"session":"s2","stream":"chat","text":"show this help\n","timestamp":1789687945.2904754},{"data_b64":"W1NZU10gICAvaWQgICAgICAgICA=","description":"ble:LoRa-Chatter-72E0 E0:72:A1:D5:4C:15","device_key":"ble-address:e0:72:a1:d5:4c:15","kind":"rx","seq":276,"session":"s2","stream":"chat","text":"[SYS]   /id         ","timestamp":1789687945.291029},{"data_b64":"c2hvdyBub2RlIGlkZW50aXR5Cg==","description":"ble:LoRa-Chatter-72E0 E0:72:A1:D5:4C:15","device_key":"ble-address:e0:72:a1:d5:4c:15","kind":"rx","seq":277,"session":"s2","stream":"chat","text":"show node identity\n","timestamp":1789687945.2910562},{"data_b64":"W1NZU10gICAvY2hhdCAgICAgICA=","description":"ble:LoRa-Chatter-72E0 E0:72:A1:D5:4C:15","device_key":"ble-address:e0:72:a1:d5:4c:15","kind":"rx","seq":278,"session":"s2","stream":"chat","text":"[SYS]   /chat       ","timestamp":1789687945.2928479},{"data_b64":"aHVtYW4gY29uc29sZSBDSEFUCg==","description":"ble:LoRa-Chatter-72E0 E0:72:A1:D5:4C:15","device_key":"ble-address:e0:72:a1:d5:4c:15","kind":"rx","seq":279,"session":"s2","stream":"chat","text":"human console CHAT\n","timestamp":1789687945.2929113},{"data_b64":"UiByZWNlaXZlZCBmcm9tIHBlZXI=","description":"ble:LoRa-Chatter-1B44 44:1B:F6:8D:B7:A9","device_key":"ble-address:44:1b:f6:8d:b7:a9","kind":"rx","seq":201,"session":"s1","stream":"chat","text":"R received from peer","timestamp":1789687945.3220243},{"data_b64":"Cg==","description":"ble:LoRa-Chatter-1B44 44:1B:F6:8D:B7:A9","device_key":"ble-address:44:1b:f6:8d:b7:a9","kind":"rx","seq":202,"session":"s1","stream":"chat","text":"\n","timestamp":1789687945.3220923},{"data_b64":"W1NZU10gICA+IFtFQ0hPIFRYXSA=","description":"ble:LoRa-Chatter-1B44 44:1B:F6:8D:B7:A9","device_key":"ble-address:44:1b:f6:8d:b7:a9","kind":"rx","seq":203,"session":"s1","stream":"chat","text":"[SYS]   > [ECHO TX] ","timestamp":1789687945.3225322},{"data_b64":"dGV4dCAgICAgICAgICAgICBsb2M=","description":"ble:LoRa-Chatter-1B44 44:1B:F6:8D:B7:A9","device_key":"ble-address:44:1b:f6:8d:b7:a9","kind":"rx","seq":204,"session":"s1","stream":"chat","text":"text             loc","timestamp":1789687945.3237646},{"data_b64":"W1NZU10gICAvdGVsZSAgICAgICA=","description":"ble:LoRa-Chatter-72E0 E0:72:A1:D5:4C:15","device_key":"ble-address:e0:72:a1:d5:4c:15","kind":"rx","seq":280,"session":"s2","stream":"chat","text":"[SYS]   /tele       ","timestamp":1789687945.326664},{"data_b64":"aHVtYW4gY29uc29sZSBURUxFTUU=","description":"ble:LoRa-Chatter-72E0 E0:72:A1:D5:4C:15","device_key":"ble-address:e0:72:a1:d5:4c:15","kind":"rx","seq":281,"session":"s2","stream":"chat","text":"human console TELEME","timestamp":1789687945.3270977},{"data_b64":"VFJZCg==","description":"ble:LoRa-Chatter-72E0 E0:72:A1:D5:4C:15","device_key":"ble-address:e0:72:a1:d5:4c:15","kind":"rx","seq":282,"session":"s2","stream":"chat","text":"TRY\n","timestamp":1789687945.3271294},{"data_b64":"W1NZU10gICAvYm90aCAgICAgICA=","description":"ble:LoRa-Chatter-72E0 E0:72:A1:D5:4C:15","device_key":"ble-address:e0:72:a1:d5:4c:15","kind":"rx","seq":283,"session":"s2","stream":"chat","text":"[SYS]   /both       ","timestamp":1789687945.32857},{"data_b64":"aHVtYW4gY29uc29sZSBCT1RICg==","description":"ble:LoRa-Chatter-72E0 E0:72:A1:D5:4C:15","device_key":"ble-address:e0:72:a1:d5:4c:15","kind":"rx","seq":284,"session":"s2","stream":"chat","text":"human console BOTH\n","timestamp":1789687945.328884},{"data_b64":"W1NZU10gICAvZWNobyAgICAgICA=","description":"ble:LoRa-Chatter-72E0 E0:72:A1:D5:4C:15","device_key":"ble-address:e0:72:a1:d5:4c:15","kind":"rx","seq":285,"session":"s2","stream":"chat","text":"[SYS]   /echo       ","timestamp":1789687945.3291838},{"data_b64":"dG9nZ2xlIGVjaG8gbW9kZQo=","description":"ble:LoRa-Chatter-72E0 E0:72:A1:D5:4C:15","device_key":"ble-address:e0:72:a1:d5:4c:15","kind":"rx","seq":286,"session":"s2","stream":"chat","text":"toggle echo mode\n","timestamp":1789687945.3306067},{"data_b64":"W1NZU10gICAvY2FuY2VsICAgICA=","description":"ble:LoRa-Chatter-72E0 E0:72:A1:D5:4C:15","device_key":"ble-address:e0:72:a1:d5:4c:15","kind":"rx","seq":287,"session":"s2","stream":"chat","text":"[SYS]   /cancel     ","timestamp":1789687945.331027},{"data_b64":"c3RvcCBjdXJyZW50IFVTRVIgZGU=","description":"ble:LoRa-Chatter-72E0 E0:72:A1:D5:4C:15","device_key":"ble-address:e0:72:a1:d5:4c:15","kind":"rx","seq":288,"session":"s2","stream":"chat","text":"stop current USER de","timestamp":1789687945.3310564},{"data_b64":"bGl2ZXJ5L3JldHJpZXMK","description":"ble:LoRa-Chatter-72E0 E0:72:A1:D5:4C:15","device_key":"ble-address:e0:72:a1:d5:4c:15","kind":"rx","seq":289,"session":"s2","stream":"chat","text":"livery/retries\n","timestamp":1789687945.3326266},{"data_b64":"W1NZU10gICAvY2FuY2VsIGFsbCA=","description":"ble:LoRa-Chatter-72E0 E0:72:A1:D5:4C:15","device_key":"ble-address:e0:72:a1:d5:4c:15","kind":"rx","seq":290,"session":"s2","stream":"chat","text":"[SYS]   /cancel all ","timestamp":1789687945.3329308},{"data_b64":"c3RvcCBjdXJyZW50IFVTRVIgYW4=","description":"ble:LoRa-Chatter-72E0 E0:72:A1:D5:4C:15","device_key":"ble-address:e0:72:a1:d5:4c:15","kind":"rx","seq":291,"session":"s2","stream":"chat","text":"stop current USER an","timestamp":1789687945.3332293},{"data_b64":"ZCBkaXNjYXJkIHF1ZXVlZCBVU0U=","description":"ble:LoRa-Chatter-72E0 E0:72:A1:D5:4C:15","device_key":"ble-address:e0:72:a1:d5:4c:15","kind":"rx","seq":292,"session":"s2","stream":"chat","text":"d discard queued USE","timestamp":1789687945.334818},{"data_b64":"UnMK","description":"ble:LoRa-Chatter-72E0 E0:72:A1:D5:4C:15","device_key":"ble-address:e0:72:a1:d5:4c:15","kind":"rx","seq":293,"session":"s2","stream":"chat","text":"Rs\n","timestamp":1789687945.335104},{"data_b64":"W1NZU10gICAvcmVib290ICAgICA=","description":"ble:LoRa-Chatter-72E0 E0:72:A1:D5:4C:15","device_key":"ble-address:e0:72:a1:d5:4c:15","kind":"rx","seq":294,"session":"s2","stream":"chat","text":"[SYS]   /reboot     ","timestamp":1789687945.3353019},{"data_b64":"cmVib290IEVTUDMyIGNvbnRyb2w=","description":"ble:LoRa-Chatter-72E0 E0:72:A1:D5:4C:15","device_key":"ble-address:e0:72:a1:d5:4c:15","kind":"rx","seq":295,"session":"s2","stream":"chat","text":"reboot ESP32 control","timestamp":1789687945.3366237},{"data_b64":"YWwgZWNobyBUWCBjb25maXJtZWQ=","description":"ble:LoRa-Chatter-1B44 44:1B:F6:8D:B7:A9","device_key":"ble-address:44:1b:f6:8d:b7:a9","kind":"rx","seq":205,"session":"s1","stream":"chat","text":"al echo TX confirmed","timestamp":1789687945.3670397},{"data_b64":"Cg==","description":"ble:LoRa-Chatter-1B44 44:1B:F6:8D:B7:A9","device_key":"ble-address:44:1b:f6:8d:b7:a9","kind":"rx","seq":206,"session":"s1","stream":"chat","text":"\n","timestamp":1789687945.3670847},{"data_b64":"W1NZU10gICA8IFtFQ0hPIFJTU0k=","description":"ble:LoRa-Chatter-1B44 44:1B:F6:8D:B7:A9","device_key":"ble-address:44:1b:f6:8d:b7:a9","kind":"rx","seq":207,"session":"s1","stream":"chat","text":"[SYS]   < [ECHO RSSI","timestamp":1789687945.3673928},{"data_b64":"L1NOUiBRJV0gdGV4dCAgICBtYXQ=","description":"ble:LoRa-Chatter-1B44 44:1B:F6:8D:B7:A9","device_key":"ble-address:44:1b:f6:8d:b7:a9","kind":"rx","seq":208,"session":"s1","stream":"chat","text":"/SNR Q%] text    mat","timestamp":1789687945.368698},{"data_b64":"bGVyCg==","description":"ble:LoRa-Chatter-72E0 E0:72:A1:D5:4C:15","device_key":"ble-address:e0:72:a1:d5:4c:15","kind":"rx","seq":296,"session":"s2","stream":"chat","text":"ler\n","timestamp":1789687945.372033},{"data_b64":"W1NZU10gUkFXIENPTlRST0xTICg=","description":"ble:LoRa-Chatter-72E0 E0:72:A1:D5:4C:15","device_key":"ble-address:e0:72:a1:d5:4c:15","kind":"rx","seq":297,"session":"s2","stream":"chat","text":"[SYS] RAW CONTROLS (","timestamp":1789687945.3722475},{"data_b64":"SEVYKToK","description":"ble:LoRa-Chatter-72E0 E0:72:A1:D5:4C:15","device_key":"ble-address:e0:72:a1:d5:4c:15","kind":"rx","seq":298,"session":"s2","stream":"chat","text":"HEX):\n","timestamp":1789687945.373105},{"data_b64":"W1NZU10gICAxNCAzMT1DSEFUICA=","description":"ble:LoRa-Chatter-72E0 E0:72:A1:D5:4C:15","device_key":"ble-address:e0:72:a1:d5:4c:15","kind":"rx","seq":299,"session":"s2","stream":"chat","text":"[SYS]   14 31=CHAT  ","timestamp":1789687945.3743258},{"data_b64":"MTQgMzI9VEVMRU1FVFJZICAxNCA=","description":"ble:LoRa-Chatter-72E0 E0:72:A1:D5:4C:15","device_key":"ble-address:e0:72:a1:d5:4c:15","kind":"rx","seq":300,"session":"s2","stream":"chat","text":"14 32=TELEMETRY  14 ","timestamp":1789687945.3746877},{"data_b64":"MzM9Qk9USCAgMTQgNjU9RUNITyA=","description":"ble:LoRa-Chatter-72E0 E0:72:A1:D5:4C:15","device_key":"ble-address:e0:72:a1:d5:4c:15","kind":"rx","seq":301,"session":"s2","stream":"chat","text":"33=BOTH  14 65=ECHO ","timestamp":1789687945.37521},{"data_b64":"dG9nZ2xlCg==","description":"ble:LoRa-Chatter-72E0 E0:72:A1:D5:4C:15","device_key":"ble-address:e0:72:a1:d5:4c:15","kind":"rx","seq":302,"session":"s2","stream":"chat","text":"toggle\n","timestamp":1789687945.376698},{"data_b64":"W1NZU10gQU5EUk9JRCBCTEUgVEU=","description":"ble:LoRa-Chatter-72E0 E0:72:A1:D5:4C:15","device_key":"ble-address:e0:72:a1:d5:4c:15","kind":"rx","seq":303,"session":"s2","stream":"chat","text":"[SYS] ANDROID BLE TE","timestamp":1789687945.3770752},{"data_b64":"Uk1JTkFMIE1BQ1JPUzoK","description":"ble:LoRa-Chatter-72E0 E0:72:A1:D5:4C:15","device_key":"ble-address:e0:72:a1:d5:4c:15","kind":"rx","seq":304,"session":"s2","stream":"chat","text":"RMINAL MACROS:\n","timestamp":1789687945.3773112},{"data_b64":"W1NZU10gICBIRVggbWFjcm8sIG4=","description":"ble:LoRa-Chatter-72E0 E0:72:A1:D5:4C:15","device_key":"ble-address:e0:72:a1:d5:4c:15","kind":"rx","seq":305,"session":"s2","stream":"chat","text":"[SYS]   HEX macro, n","timestamp":1789687945.3778105},{"data_b64":"byBFT0w6IDE0IDMxIC8gMTQgMzI=","description":"ble:LoRa-Chatter-72E0 E0:72:A1:D5:4C:15","device_key":"ble-address:e0:72:a1:d5:4c:15","kind":"rx","seq":306,"session":"s2","stream":"chat","text":"o EOL: 14 31 / 14 32","timestamp":1789687945.3780923},{"data_b64":"IC8gMTQgMzMgLyAxNCA2NQo=","description":"ble:LoRa-Chatter-72E0 E0:72:A1:D5:4C:15","device_key":"ble-address:e0:72:a1:d5:4c:15","kind":"rx","seq":307,"session":"s2","stream":"chat","text":" / 14 33 / 14 65\n","timestamp":1789687945.379768},{"data_b64":"W1NZU10gICBvciBURVhUIG1hY3I=","description":"ble:LoRa-Chatter-72E0 E0:72:A1:D5:4C:15","device_key":"ble-address:e0:72:a1:d5:4c:15","kind":"rx","seq":308,"session":"s2","stream":"chat","text":"[SYS]   or TEXT macr","timestamp":1789687945.3800476},{"data_b64":"byArIExGOiAvaGVscCAvaWQgL2M=","description":"ble:LoRa-Chatter-72E0 E0:72:A1:D5:4C:15","device_key":"ble-address:e0:72:a1:d5:4c:15","kind":"rx","seq":309,"session":"s2","stream":"chat","text":"o + LF: /help /id /c","timestamp":1789687945.3803995},{"data_b64":"aGF0IC90ZWxlIC9ib3RoIC9lY2g=","description":"ble:LoRa-Chatter-72E0 E0:72:A1:D5:4C:15","device_key":"ble-address:e0:72:a1:d5:4c:15","kind":"rx","seq":310,"session":"s2","stream":"chat","text":"hat /tele /both /ech","timestamp":1789687945.3805292},{"data_b64":"byAvY2FuY2VsIC9jYW5jZWwgYWw=","description":"ble:LoRa-Chatter-72E0 E0:72:A1:D5:4C:15","device_key":"ble-address:e0:72:a1:d5:4c:15","kind":"rx","seq":311,"session":"s2","stream":"chat","text":"o /cancel /cancel al","timestamp":1789687945.3817563},{"data_b64":"Y2hpbmcgZWNobyByZXBseSByZWM=","description":"ble:LoRa-Chatter-1B44 44:1B:F6:8D:B7:A9","device_key":"ble-address:44:1b:f6:8d:b7:a9","kind":"rx","seq":209,"session":"s1","stream":"chat","text":"ching echo reply rec","timestamp":1789687945.4131322},{"data_b64":"ZWl2ZWQK","description":"ble:LoRa-Chatter-1B44 44:1B:F6:8D:B7:A9","device_key":"ble-address:44:1b:f6:8d:b7:a9","kind":"rx","seq":210,"session":"s1","stream":"chat","text":"eived\n","timestamp":1789687945.4136605},{"data_b64":"W1NZU10gICBbRUNIT10gTk8gUkU=","description":"ble:LoRa-Chatter-1B44 44:1B:F6:8D:B7:A9","device_key":"ble-address:44:1b:f6:8d:b7:a9","kind":"rx","seq":211,"session":"s1","stream":"chat","text":"[SYS]   [ECHO] NO RE","timestamp":1789687945.4140034},{"data_b64":"U1BPTlNFICAgICAgICAgICBtYXQ=","description":"ble:LoRa-Chatter-1B44 44:1B:F6:8D:B7:A9","device_key":"ble-address:44:1b:f6:8d:b7:a9","kind":"rx","seq":212,"session":"s1","stream":"chat","text":"SPONSE           mat","timestamp":1789687945.4140418},{"data_b64":"Y2hpbmcgZWNobyByZXBseSB0aW0=","description":"ble:LoRa-Chatter-1B44 44:1B:F6:8D:B7:A9","device_key":"ble-address:44:1b:f6:8d:b7:a9","kind":"rx","seq":213,"session":"s1","stream":"chat","text":"ching echo reply tim","timestamp":1789687945.457199},{"data_b64":"ZWQgb3V0Cg==","description":"ble:LoRa-Chatter-1B44 44:1B:F6:8D:B7:A9","device_key":"ble-address:44:1b:f6:8d:b7:a9","kind":"rx","seq":214,"session":"s1","stream":"chat","text":"ed out\n","timestamp":1789687945.4572732},{"data_b64":"W1NZU10gICBkZWxpdmVyeSByZXQ=","description":"ble:LoRa-Chatter-1B44 44:1B:F6:8D:B7:A9","device_key":"ble-address:44:1b:f6:8d:b7:a9","kind":"rx","seq":215,"session":"s1","stream":"chat","text":"[SYS]   delivery ret","timestamp":1789687945.4574578},{"data_b64":"bCAvcmVib290Cg==","description":"ble:LoRa-Chatter-72E0 E0:72:A1:D5:4C:15","device_key":"ble-address:e0:72:a1:d5:4c:15","kind":"rx","seq":312,"session":"s2","stream":"chat","text":"l /reboot\n","timestamp":1789687945.4647257},{"data_b64":"W1NZU10gICBOb3JkaWMgVUFSVCA=","description":"ble:LoRa-Chatter-72E0 E0:72:A1:D5:4C:15","device_key":"ble-address:e0:72:a1:d5:4c:15","kind":"rx","seq":313,"session":"s2","stream":"chat","text":"[SYS]   Nordic UART ","timestamp":1789687945.4653008},{"data_b64":"aHVtYW4gY29uc29sZT0wMDAzOyA=","description":"ble:LoRa-Chatter-72E0 E0:72:A1:D5:4C:15","device_key":"ble-address:e0:72:a1:d5:4c:15","kind":"rx","seq":314,"session":"s2","stream":"chat","text":"human console=0003; ","timestamp":1789687945.46534},{"data_b64":"bWFjaGluZSB0ZWxlbWV0cnk9MDA=","description":"ble:LoRa-Chatter-72E0 E0:72:A1:D5:4C:15","device_key":"ble-address:e0:72:a1:d5:4c:15","kind":"rx","seq":315,"session":"s2","stream":"chat","text":"machine telemetry=00","timestamp":1789687945.4653585},{"data_b64":"MDQgb3B0aW9uYWwK","description":"ble:LoRa-Chatter-72E0 E0:72:A1:D5:4C:15","device_key":"ble-address:e0:72:a1:d5:4c:15","kind":"rx","seq":316,"session":"s2","stream":"chat","text":"04 optional\n","timestamp":1789687945.4657502},{"data_b64":"W1NZU10gQkxFIENMSUVOVDogbWE=","description":"ble:LoRa-Chatter-72E0 E0:72:A1:D5:4C:15","device_key":"ble-address:e0:72:a1:d5:4c:15","kind":"rx","seq":317,"session":"s2","stream":"chat","text":"[SYS] BLE CLIENT: ma","timestamp":1789687945.4661162},{"data_b64":"Y2hpbmUgdGVsZW1ldHJ5IDAwMDQ=","description":"ble:LoRa-Chatter-72E0 E0:72:A1:D5:4C:15","device_key":"ble-address:e0:72:a1:d5:4c:15","kind":"rx","seq":318,"session":"s2","stream":"chat","text":"chine telemetry 0004","timestamp":1789687945.4661498},{"data_b64":"IHN1YnNjcmliZWQgaW4gYmFja2c=","description":"ble:LoRa-Chatter-72E0 E0:72:A1:D5:4C:15","device_key":"ble-address:e0:72:a1:d5:4c:15","kind":"rx","seq":319,"session":"s2","stream":"chat","text":" subscribed in backg","timestamp":1789687945.4661682},{"data_b64":"cm91bmQK","description":"ble:LoRa-Chatter-72E0 E0:72:A1:D5:4C:15","device_key":"ble-address:e0:72:a1:d5:4c:15","kind":"rx","seq":320,"session":"s2","stream":"chat","text":"round\n","timestamp":1789687945.4661832},{"data_b64":"cnkgZGV0YWlscyAgICAgICBURUw=","description":"ble:LoRa-Chatter-1B44 44:1B:F6:8D:B7:A9","device_key":"ble-address:44:1b:f6:8d:b7:a9","kind":"rx","seq":216,"session":"s1","stream":"chat","text":"ry details       TEL","timestamp":1789687945.5032482},{"data_b64":"RU1FVFJZIG9ubHkK","description":"ble:LoRa-Chatter-1B44 44:1B:F6:8D:B7:A9","device_key":"ble-address:44:1b:f6:8d:b7:a9","kind":"rx","seq":217,"session":"s1","stream":"chat","text":"EMETRY only\n","timestamp":1789687945.503313},{"data_b64":"W1NZU10gICBSU1NJPWRCbSwgU04=","description":"ble:LoRa-Chatter-1B44 44:1B:F6:8D:B7:A9","device_key":"ble-address:44:1b:f6:8d:b7:a9","kind":"rx","seq":218,"session":"s1","stream":"chat","text":"[SYS]   RSSI=dBm, SN","timestamp":1789687945.5035563},{"data_b64":"Uj1kQiwgUT1yb2xsaW5nIHJlY2U=","description":"ble:LoRa-Chatter-1B44 44:1B:F6:8D:B7:A9","device_key":"ble-address:44:1b:f6:8d:b7:a9","kind":"rx","seq":219,"session":"s1","stream":"chat","text":"R=dB, Q=rolling rece","timestamp":1789687945.547287},{"data_b64":"aXZlIHF1YWxpdHkgJQo=","description":"ble:LoRa-Chatter-1B44 44:1B:F6:8D:B7:A9","device_key":"ble-address:44:1b:f6:8d:b7:a9","kind":"rx","seq":220,"session":"s1","stream":"chat","text":"ive quality %\n","timestamp":1789687945.547358},{"data_b64":"W1NZU10gSFVNQU4gQ09OU09MRSA=","description":"ble:LoRa-Chatter-1B44 44:1B:F6:8D:B7:A9","device_key":"ble-address:44:1b:f6:8d:b7:a9","kind":"rx","seq":221,"session":"s1","stream":"chat","text":"[SYS] HUMAN CONSOLE ","timestamp":1789687945.5476885},{"data_b64":"TU9ERVM6Cg==","description":"ble:LoRa-Chatter-1B44 44:1B:F6:8D:B7:A9","device_key":"ble-address:44:1b:f6:8d:b7:a9","kind":"rx","seq":222,"session":"s1","stream":"chat","text":"MODES:\n","timestamp":1789687945.5928912},{"data_b64":"W1NZU10gICBDSEFUICAgICAgIGM=","description":"ble:LoRa-Chatter-1B44 44:1B:F6:8D:B7:A9","device_key":"ble-address:44:1b:f6:8d:b7:a9","kind":"rx","seq":223,"session":"s1","stream":"chat","text":"[SYS]   CHAT       c","timestamp":1789687945.5931797},{"data_b64":"aGF0ICsgU1lTVEVNCg==","description":"ble:LoRa-Chatter-1B44 44:1B:F6:8D:B7:A9","device_key":"ble-address:44:1b:f6:8d:b7:a9","kind":"rx","seq":224,"session":"s1","stream":"chat","text":"hat + SYSTEM\n","timestamp":1789687945.5932176},{"data_b64":"W1NZU10gICBURUxFTUVUUlkgIHQ=","description":"ble:LoRa-Chatter-1B44 44:1B:F6:8D:B7:A9","device_key":"ble-address:44:1b:f6:8d:b7:a9","kind":"rx","seq":225,"session":"s1","stream":"chat","text":"[SYS]   TELEMETRY  t","timestamp":1789687945.594795},{"data_b64":"ZWxlbWV0cnkgKyBTWVNURU0K","description":"ble:LoRa-Chatter-1B44 44:1B:F6:8D:B7:A9","device_key":"ble-address:44:1b:f6:8d:b7:a9","kind":"rx","seq":226,"session":"s1","stream":"chat","text":"elemetry + SYSTEM\n","timestamp":1789687945.6369987},{"data_b64":"W1NZU10gICBCT1RIICAgICAgIGM=","description":"ble:LoRa-Chatter-1B44 44:1B:F6:8D:B7:A9","device_key":"ble-address:44:1b:f6:8d:b7:a9","kind":"rx","seq":227,"session":"s1","stream":"chat","text":"[SYS]   BOTH       c","timestamp":1789687945.6375008},{"data_b64":"aGF0ICsgdGVsZW1ldHJ5ICsgU1k=","description":"ble:LoRa-Chatter-1B44 44:1B:F6:8D:B7:A9","device_key":"ble-address:44:1b:f6:8d:b7:a9","kind":"rx","seq":228,"session":"s1","stream":"chat","text":"hat + telemetry + SY","timestamp":1789687945.6387253},{"data_b64":"W1NZU10gICAvaWQgICAgICAgICA=","description":"ble:LoRa-Chatter-1B44 44:1B:F6:8D:B7:A9","device_key":"ble-address:44:1b:f6:8d:b7:a9","kind":"rx","seq":229,"session":"s1","stream":"chat","text":"[SYS]   /id         ","timestamp":1789687945.682014},{"data_b64":"c2hvdyBub2RlIGlkZW50aXR5Cg==","description":"ble:LoRa-Chatter-1B44 44:1B:F6:8D:B7:A9","device_key":"ble-address:44:1b:f6:8d:b7:a9","kind":"rx","seq":230,"session":"s1","stream":"chat","text":"show node identity\n","timestamp":1789687945.682071},{"data_b64":"W1NZU10gICAvY2hhdCAgICAgICA=","description":"ble:LoRa-Chatter-1B44 44:1B:F6:8D:B7:A9","device_key":"ble-address:44:1b:f6:8d:b7:a9","kind":"rx","seq":231,"session":"s1","stream":"chat","text":"[SYS]   /chat       ","timestamp":1789687945.6826694},{"data_b64":"aHVtYW4gY29uc29sZSBDSEFUCg==","description":"ble:LoRa-Chatter-1B44 44:1B:F6:8D:B7:A9","device_key":"ble-address:44:1b:f6:8d:b7:a9","kind":"rx","seq":232,"session":"s1","stream":"chat","text":"human console CHAT\n","timestamp":1789687945.7280257},{"data_b64":"W1NZU10gICAvdGVsZSAgICAgICA=","description":"ble:LoRa-Chatter-1B44 44:1B:F6:8D:B7:A9","device_key":"ble-address:44:1b:f6:8d:b7:a9","kind":"rx","seq":233,"session":"s1","stream":"chat","text":"[SYS]   /tele       ","timestamp":1789687945.7286317},{"data_b64":"aHVtYW4gY29uc29sZSBURUxFTUU=","description":"ble:LoRa-Chatter-1B44 44:1B:F6:8D:B7:A9","device_key":"ble-address:44:1b:f6:8d:b7:a9","kind":"rx","seq":234,"session":"s1","stream":"chat","text":"human console TELEME","timestamp":1789687945.728926},{"data_b64":"VFJZCg==","description":"ble:LoRa-Chatter-1B44 44:1B:F6:8D:B7:A9","device_key":"ble-address:44:1b:f6:8d:b7:a9","kind":"rx","seq":235,"session":"s1","stream":"chat","text":"TRY\n","timestamp":1789687945.7720273},{"data_b64":"W1NZU10gICAvYm90aCAgICAgICA=","description":"ble:LoRa-Chatter-1B44 44:1B:F6:8D:B7:A9","device_key":"ble-address:44:1b:f6:8d:b7:a9","kind":"rx","seq":236,"session":"s1","stream":"chat","text":"[SYS]   /both       ","timestamp":1789687945.7726321},{"data_b64":"aHVtYW4gY29uc29sZSBCT1RICg==","description":"ble:LoRa-Chatter-1B44 44:1B:F6:8D:B7:A9","device_key":"ble-address:44:1b:f6:8d:b7:a9","kind":"rx","seq":237,"session":"s1","stream":"chat","text":"human console BOTH\n","timestamp":1789687945.7726686},{"data_b64":"W1NZU10gICAvZWNobyAgICAgICA=","description":"ble:LoRa-Chatter-1B44 44:1B:F6:8D:B7:A9","device_key":"ble-address:44:1b:f6:8d:b7:a9","kind":"rx","seq":238,"session":"s1","stream":"chat","text":"[SYS]   /echo       ","timestamp":1789687945.7763188},{"data_b64":"dG9nZ2xlIGVjaG8gbW9kZQo=","description":"ble:LoRa-Chatter-1B44 44:1B:F6:8D:B7:A9","device_key":"ble-address:44:1b:f6:8d:b7:a9","kind":"rx","seq":239,"session":"s1","stream":"chat","text":"toggle echo mode\n","timestamp":1789687945.8174498},{"data_b64":"W1NZU10gICAvY2FuY2VsICAgICA=","description":"ble:LoRa-Chatter-1B44 44:1B:F6:8D:B7:A9","device_key":"ble-address:44:1b:f6:8d:b7:a9","kind":"rx","seq":240,"session":"s1","stream":"chat","text":"[SYS]   /cancel     ","timestamp":1789687945.8176315},{"data_b64":"W1NZU10gICAxNCAzMT1DSEFUICA=","description":"ble:LoRa-Chatter-1B44 44:1B:F6:8D:B7:A9","device_key":"ble-address:44:1b:f6:8d:b7:a9","kind":"rx","seq":241,"session":"s1","stream":"chat","text":"[SYS]   14 31=CHAT  ","timestamp":1789687945.8181407},{"data_b64":"MTQgMzI9VEVMRU1FVFJZICAxNCA=","description":"ble:LoRa-Chatter-1B44 44:1B:F6:8D:B7:A9","device_key":"ble-address:44:1b:f6:8d:b7:a9","kind":"rx","seq":242,"session":"s1","stream":"chat","text":"14 32=TELEMETRY  14 ","timestamp":1789687945.8630009},{"data_b64":"MzM9Qk9USCAgMTQgNjU9RUNITyA=","description":"ble:LoRa-Chatter-1B44 44:1B:F6:8D:B7:A9","device_key":"ble-address:44:1b:f6:8d:b7:a9","kind":"rx","seq":243,"session":"s1","stream":"chat","text":"33=BOTH  14 65=ECHO ","timestamp":1789687945.8633747},{"data_b64":"dG9nZ2xlCg==","description":"ble:LoRa-Chatter-1B44 44:1B:F6:8D:B7:A9","device_key":"ble-address:44:1b:f6:8d:b7:a9","kind":"rx","seq":244,"session":"s1","stream":"chat","text":"toggle\n","timestamp":1789687945.8636265},{"data_b64":"W1NZU10gQU5EUk9JRCBCTEUgVEU=","description":"ble:LoRa-Chatter-1B44 44:1B:F6:8D:B7:A9","device_key":"ble-address:44:1b:f6:8d:b7:a9","kind":"rx","seq":245,"session":"s1","stream":"chat","text":"[SYS] ANDROID BLE TE","timestamp":1789687945.9096894},{"data_b64":"Uk1JTkFMIE1BQ1JPUzoK","description":"ble:LoRa-Chatter-1B44 44:1B:F6:8D:B7:A9","device_key":"ble-address:44:1b:f6:8d:b7:a9","kind":"rx","seq":246,"session":"s1","stream":"chat","text":"RMINAL MACROS:\n","timestamp":1789687945.9100177},{"data_b64":"W1NZU10gICBIRVggbWFjcm8sIG4=","description":"ble:LoRa-Chatter-1B44 44:1B:F6:8D:B7:A9","device_key":"ble-address:44:1b:f6:8d:b7:a9","kind":"rx","seq":247,"session":"s1","stream":"chat","text":"[SYS]   HEX macro, n","timestamp":1789687945.9101517},{"data_b64":"byBFT0w6IDE0IDMxIC8gMTQgMzI=","description":"ble:LoRa-Chatter-1B44 44:1B:F6:8D:B7:A9","device_key":"ble-address:44:1b:f6:8d:b7:a9","kind":"rx","seq":248,"session":"s1","stream":"chat","text":"o EOL: 14 31 / 14 32","timestamp":1789687945.952192},{"data_b64":"IC8gMTQgMzMgLyAxNCA2NQo=","description":"ble:LoRa-Chatter-1B44 44:1B:F6:8D:B7:A9","device_key":"ble-address:44:1b:f6:8d:b7:a9","kind":"rx","seq":249,"session":"s1","stream":"chat","text":" / 14 33 / 14 65\n","timestamp":1789687945.9522438},{"data_b64":"W1NZU10gICBvciBURVhUIG1hY3I=","description":"ble:LoRa-Chatter-1B44 44:1B:F6:8D:B7:A9","device_key":"ble-address:44:1b:f6:8d:b7:a9","kind":"rx","seq":250,"session":"s1","stream":"chat","text":"[SYS]   or TEXT macr","timestamp":1789687945.9547853},{"data_b64":"byArIExGOiAvaGVscCAvaWQgL2M=","description":"ble:LoRa-Chatter-1B44 44:1B:F6:8D:B7:A9","device_key":"ble-address:44:1b:f6:8d:b7:a9","kind":"rx","seq":251,"session":"s1","stream":"chat","text":"o + LF: /help /id /c","timestamp":1789687945.998044},{"data_b64":"aGF0IC90ZWxlIC9ib3RoIC9lY2g=","description":"ble:LoRa-Chatter-1B44 44:1B:F6:8D:B7:A9","device_key":"ble-address:44:1b:f6:8d:b7:a9","kind":"rx","seq":252,"session":"s1","stream":"chat","text":"hat /tele /both /ech","timestamp":1789687945.9981},{"data_b64":"byAvY2FuY2VsIC9jYW5jZWwgYWw=","description":"ble:LoRa-Chatter-1B44 44:1B:F6:8D:B7:A9","device_key":"ble-address:44:1b:f6:8d:b7:a9","kind":"rx","seq":253,"session":"s1","stream":"chat","text":"o /cancel /cancel al","timestamp":1789687945.9984634},{"data_b64":"ClNFU1NJT04gdD03ODBzIFRYIG8=","description":"ble:LoRa-Chatter-72E0 E0:72:A1:D5:4C:15","device_key":"ble-address:e0:72:a1:d5:4c:15","kind":"rx","seq":321,"session":"s2","stream":"telemetry","text":"\nSESSION t=780s TX o","timestamp":1789687947.4870625},{"data_b64":"az0wIHVzZXI9MCBlY2hvX3JlcT0=","description":"ble:LoRa-Chatter-72E0 E0:72:A1:D5:4C:15","device_key":"ble-address:e0:72:a1:d5:4c:15","kind":"rx","seq":322,"session":"s2","stream":"telemetry","text":"k=0 user=0 echo_req=","timestamp":1789687947.4874234},{"data_b64":"MCBlY2hvX3JlcD0wIGhiPTAoaWQ=","description":"ble:LoRa-Chatter-72E0 E0:72:A1:D5:4C:15","device_key":"ble-address:e0:72:a1:d5:4c:15","kind":"rx","seq":323,"session":"s2","stream":"telemetry","text":"0 echo_rep=0 hb=0(id","timestamp":1789687947.4874494},{"data_b64":"bGU9MCkgZXJyPTAgc3RhcnRlZD0=","description":"ble:LoRa-Chatter-72E0 E0:72:A1:D5:4C:15","device_key":"ble-address:e0:72:a1:d5:4c:15","kind":"rx","seq":324,"session":"s2","stream":"telemetry","text":"le=0) err=0 started=","timestamp":1789687947.4896193},{"data_b64":"MCBSWCBvaz0wIHVzZXI9MCBlY2g=","description":"ble:LoRa-Chatter-72E0 E0:72:A1:D5:4C:15","device_key":"ble-address:e0:72:a1:d5:4c:15","kind":"rx","seq":325,"session":"s2","stream":"telemetry","text":"0 RX ok=0 user=0 ech","timestamp":1789687947.490034},{"data_b64":"b19yZXE9MCBlY2hvX3JlcD0wIGg=","description":"ble:LoRa-Chatter-72E0 E0:72:A1:D5:4C:15","device_key":"ble-address:e0:72:a1:d5:4c:15","kind":"rx","seq":326,"session":"s2","stream":"telemetry","text":"o_req=0 echo_rep=0 h","timestamp":1789687947.4900677},{"data_b64":"Yj0wIGNyYz0wIGhkcj0wIGJhZD0=","description":"ble:LoRa-Chatter-72E0 E0:72:A1:D5:4C:15","device_key":"ble-address:e0:72:a1:d5:4c:15","kind":"rx","seq":327,"session":"s2","stream":"telemetry","text":"b=0 crc=0 hdr=0 bad=","timestamp":1789687947.4901695},{"data_b64":"MSByZWFkZXJyPTAgcmVwb3J0cz0=","description":"ble:LoRa-Chatter-72E0 E0:72:A1:D5:4C:15","device_key":"ble-address:e0:72:a1:d5:4c:15","kind":"rx","seq":328,"session":"s2","stream":"telemetry","text":"1 readerr=0 reports=","timestamp":1789687947.4927237},{"data_b64":"MCBRPTAlIGRyb3BzPTAgZmF0YWw=","description":"ble:LoRa-Chatter-72E0 E0:72:A1:D5:4C:15","device_key":"ble-address:e0:72:a1:d5:4c:15","kind":"rx","seq":329,"session":"s2","stream":"telemetry","text":"0 Q=0% drops=0 fatal","timestamp":1789687947.4928577},{"data_b64":"PTAK","description":"ble:LoRa-Chatter-72E0 E0:72:A1:D5:4C:15","device_key":"ble-address:e0:72:a1:d5:4c:15","kind":"rx","seq":330,"session":"s2","stream":"telemetry","text":"=0\n","timestamp":1789687947.492988},{"data_b64":"U0VTU0lPTiBDT1VSVEVTWSB3aW4=","description":"ble:LoRa-Chatter-72E0 E0:72:A1:D5:4C:15","device_key":"ble-address:e0:72:a1:d5:4c:15","kind":"rx","seq":331,"session":"s2","stream":"telemetry","text":"SESSION COURTESY win","timestamp":1789687947.4931552},{"data_b64":"ZG93PTkxMjNtcyBwZWVyX3JlbGU=","description":"ble:LoRa-Chatter-72E0 E0:72:A1:D5:4C:15","device_key":"ble-address:e0:72:a1:d5:4c:15","kind":"rx","seq":332,"session":"s2","stream":"telemetry","text":"dow=9123ms peer_rele","timestamp":1789687947.4933045},{"data_b64":"YXNlPTAgZXhwaXJlZD0wIHlpZWw=","description":"ble:LoRa-Chatter-72E0 E0:72:A1:D5:4C:15","device_key":"ble-address:e0:72:a1:d5:4c:15","kind":"rx","seq":333,"session":"s2","stream":"telemetry","text":"ase=0 expired=0 yiel","timestamp":1789687947.5319493},{"data_b64":"ZGluZz0wCg==","description":"ble:LoRa-Chatter-72E0 E0:72:A1:D5:4C:15","device_key":"ble-address:e0:72:a1:d5:4c:15","kind":"rx","seq":334,"session":"s2","stream":"telemetry","text":"ding=0\n","timestamp":1789687947.5319946},{"data_b64":"U0VTU0lPTiBESU8wX1RYIGFmZmU=","description":"ble:LoRa-Chatter-72E0 E0:72:A1:D5:4C:15","device_key":"ble-address:e0:72:a1:d5:4c:15","kind":"rx","seq":335,"session":"s2","stream":"telemetry","text":"SESSION DIO0_TX affe","timestamp":1789687947.532337},{"data_b64":"Y3RlZD0wLzAgZXBpc29kZXM9MCA=","description":"ble:LoRa-Chatter-72E0 E0:72:A1:D5:4C:15","device_key":"ble-address:e0:72:a1:d5:4c:15","kind":"rx","seq":336,"session":"s2","stream":"telemetry","text":"cted=0/0 episodes=0 ","timestamp":1789687947.536626},{"data_b64":"YXZnX2FsbD0wLjAwIGF2Z19hZmY=","description":"ble:LoRa-Chatter-72E0 E0:72:A1:D5:4C:15","device_key":"ble-address:e0:72:a1:d5:4c:15","kind":"rx","seq":337,"session":"s2","stream":"telemetry","text":"avg_all=0.00 avg_aff","timestamp":1789687947.536674},{"data_b64":"ZWN0ZWQ9MC4wMCBoaWdoX3BvbGw=","description":"ble:LoRa-Chatter-72E0 E0:72:A1:D5:4C:15","device_key":"ble-address:e0:72:a1:d5:4c:15","kind":"rx","seq":338,"session":"s2","stream":"telemetry","text":"ected=0.00 high_poll","timestamp":1789687947.5369759},{"data_b64":"cz0wCg==","description":"ble:LoRa-Chatter-72E0 E0:72:A1:D5:4C:15","device_key":"ble-address:e0:72:a1:d5:4c:15","kind":"rx","seq":339,"session":"s2","stream":"telemetry","text":"s=0\n","timestamp":1789687947.537257},{"data_b64":"U0VTU0lPTiBSWF9QT0xMIHBvbGw=","description":"ble:LoRa-Chatter-72E0 E0:72:A1:D5:4C:15","device_key":"ble-address:e0:72:a1:d5:4c:15","kind":"rx","seq":340,"session":"s2","stream":"telemetry","text":"SESSION RX_POLL poll","timestamp":1789687947.5375566},{"data_b64":"cz03NzU3NTkgcnhkb25lPTEgaW4=","description":"ble:LoRa-Chatter-72E0 E0:72:A1:D5:4C:15","device_key":"ble-address:e0:72:a1:d5:4c:15","kind":"rx","seq":341,"session":"s2","stream":"telemetry","text":"s=775759 rxdone=1 in","timestamp":1789687947.537587},{"data_b64":"dGVydmFsPTEwMDB1cyBESU8wX1I=","description":"ble:LoRa-Chatter-72E0 E0:72:A1:D5:4C:15","device_key":"ble-address:e0:72:a1:d5:4c:15","kind":"rx","seq":342,"session":"s2","stream":"telemetry","text":"terval=1000us DIO0_R","timestamp":1789687947.5379984},{"data_b64":"WCBmYWxzZV9oaWdoX2VwPTAgaGk=","description":"ble:LoRa-Chatter-72E0 E0:72:A1:D5:4C:15","device_key":"ble-address:e0:72:a1:d5:4c:15","kind":"rx","seq":343,"session":"s2","stream":"telemetry","text":"X false_high_ep=0 hi","timestamp":1789687947.5380802},{"data_b64":"Z2hfcG9sbHM9MCByeGRvbmVfbG8=","description":"ble:LoRa-Chatter-72E0 E0:72:A1:D5:4C:15","device_key":"ble-address:e0:72:a1:d5:4c:15","kind":"rx","seq":344,"session":"s2","stream":"telemetry","text":"gh_polls=0 rxdone_lo","timestamp":1789687947.5385911},{"data_b64":"dz0wIGlzcj1kaXNhYmxlZAo=","description":"ble:LoRa-Chatter-72E0 E0:72:A1:D5:4C:15","device_key":"ble-address:e0:72:a1:d5:4c:15","kind":"rx","seq":345,"session":"s2","stream":"telemetry","text":"w=0 isr=disabled\n","timestamp":1789687947.5388086}],"lines":[{"seq_first":162,"seq_last":191,"session":"s1","stream":"chat","text":"[SYS]   Nordic UART human console=0003; "},{"seq_first":191,"seq_last":191,"session":"s1","stream":"chat","text":"[SYS] CHATTER HELP"},{"seq_first":192,"seq_last":193,"session":"s1","stream":"chat","text":"[SYS] CHATTER NODE LoRa-Chatter-1B44"},{"seq_first":228,"seq_last":228,"session":"s2","stream":"chat","text":""},{"seq_first":228,"seq_last":228,"session":"s2","stream":"chat","text":"[SYS] CHATTER HELP"},{"seq_first":229,"seq_last":230,"session":"s2","stream":"chat","text":"[SYS] CHATTER NODE LoRa-Chatter-72E0"},{"seq_first":231,"seq_last":231,"session":"s2","stream":"chat","text":"[SYS] CHAT OUTPUT:"},{"seq_first":232,"seq_last":235,"session":"s2","stream":"chat","text":"[SYS]   > text                       local USER TX confirmed"},{"seq_first":236,"seq_last":239,"session":"s2","stream":"chat","text":"[SYS]   < [RSSI/SNR Q%] text         USER received from peer"},{"seq_first":240,"seq_last":243,"session":"s2","stream":"chat","text":"[SYS]   > [ECHO TX] text             local echo TX confirmed"},{"seq_first":244,"seq_last":247,"session":"s2","stream":"chat","text":"[SYS]   < [ECHO RSSI/SNR Q%] text    matching echo reply received"},{"seq_first":194,"seq_last":194,"session":"s1","stream":"chat","text":"[SYS] CHAT OUTPUT:"},{"seq_first":248,"seq_last":251,"session":"s2","stream":"chat","text":"[SYS]   [ECHO] NO RESPONSE           matching echo reply timed out"},{"seq_first":252,"seq_last":254,"session":"s2","stream":"chat","text":"[SYS]   delivery retry details       TELEMETRY only"},{"seq_first":255,"seq_last":257,"session":"s2","stream":"chat","text":"[SYS]   RSSI=dBm, SNR=dB, Q=rolling receive quality %"},{"seq_first":258,"seq_last":259,"session":"s2","stream":"chat","text":"[SYS] HUMAN CONSOLE MODES:"},{"seq_first":260,"seq_last":261,"session":"s2","stream":"chat","text":"[SYS]   CHAT       chat + SYSTEM"},{"seq_first":195,"seq_last":198,"session":"s1","stream":"chat","text":"[SYS]   > text                       local USER TX confirmed"},{"seq_first":262,"seq_last":263,"session":"s2","stream":"chat","text":"[SYS]   TELEMETRY  telemetry + SYSTEM"},{"seq_first":264,"seq_last":266,"session":"s2","stream":"chat","text":"[SYS]   BOTH       chat + telemetry + SYSTEM"},{"seq_first":267,"seq_last":270,"session":"s2","stream":"chat","text":"[SYS]   BLE 0004 machine telemetry is independent when subscribed"},{"seq_first":271,"seq_last":272,"session":"s2","stream":"chat","text":"[SYS]   current=CHAT echo=OFF"},{"seq_first":273,"seq_last":273,"session":"s2","stream":"chat","text":"[SYS] COMMANDS:"},{"seq_first":274,"seq_last":275,"session":"s2","stream":"chat","text":"[SYS]   /help       show this help"},{"seq_first":276,"seq_last":277,"session":"s2","stream":"chat","text":"[SYS]   /id         show node identity"},{"seq_first":278,"seq_last":279,"session":"s2","stream":"chat","text":"[SYS]   /chat       human console CHAT"},{"seq_first":199,"seq_last":202,"session":"s1","stream":"chat","text":"[SYS]   < [RSSI/SNR Q%] text         USER received from peer"},{"seq_first":280,"seq_last":282,"session":"s2","stream":"chat","text":"[SYS]   /tele       human console TELEMETRY"},{"seq_first":283,"seq_last":284,"session":"s2","stream":"chat","text":"[SYS]   /both       human console BOTH"},{"seq_first":285,"seq_last":286,"session":"s2","stream":"chat","text":"[SYS]   /echo       toggle echo mode"},{"seq_first":287,"seq_last":289,"session":"s2","stream":"chat","text":"[SYS]   /cancel     stop current USER delivery/retries"},{"seq_first":290,"seq_last":293,"session":"s2","stream":"chat","text":"[SYS]   /cancel all stop current USER and discard queued USERs"},{"seq_first":203,"seq_last":206,"session":"s1","stream":"chat","text":"[SYS]   > [ECHO TX] text             local echo TX confirmed"},{"seq_first":294,"seq_last":296,"session":"s2","stream":"chat","text":"[SYS]   /reboot     reboot ESP32 controller"},{"seq_first":297,"seq_last":298,"session":"s2","stream":"chat","text":"[SYS] RAW CONTROLS (HEX):"},{"seq_first":299,"seq_last":302,"session":"s2","stream":"chat","text":"[SYS]   14 31=CHAT  14 32=TELEMETRY  14 33=BOTH  14 65=ECHO toggle"},{"seq_first":303,"seq_last":304,"session":"s2","stream":"chat","text":"[SYS] ANDROID BLE TERMINAL MACROS:"},{"seq_first":305,"seq_last":307,"session":"s2","stream":"chat","text":"[SYS]   HEX macro, no EOL: 14 31 / 14 32 / 14 33 / 14 65"},{"seq_first":207,"seq_last":210,"session":"s1","stream":"chat","text":"[SYS]   < [ECHO RSSI/SNR Q%] text    matching echo reply received"},{"seq_first":211,"seq_last":214,"session":"s1","stream":"chat","text":"[SYS]   [ECHO] NO RESPONSE           matching echo reply timed out"},{"seq_first":308,"seq_last":312,"session":"s2","stream":"chat","text":"[SYS]   or TEXT macro + LF: /help /id /chat /tele /both /echo /cancel /cancel all /reboot"},{"seq_first":313,"seq_last":316,"session":"s2","stream":"chat","text":"[SYS]   Nordic UART human console=0003; machine telemetry=0004 optional"},{"seq_first":317,"seq_last":320,"session":"s2","stream":"chat","text":"[SYS] BLE CLIENT: machine telemetry 0004 subscribed in background"},{"seq_first":215,"seq_last":217,"session":"s1","stream":"chat","text":"[SYS]   delivery retry details       TELEMETRY only"},{"seq_first":218,"seq_last":220,"session":"s1","stream":"chat","text":"[SYS]   RSSI=dBm, SNR=dB, Q=rolling receive quality %"},{"seq_first":221,"seq_last":222,"session":"s1","stream":"chat","text":"[SYS] HUMAN CONSOLE MODES:"},{"seq_first":223,"seq_last":224,"session":"s1","stream":"chat","text":"[SYS]   CHAT       chat + SYSTEM"},{"seq_first":225,"seq_last":226,"session":"s1","stream":"chat","text":"[SYS]   TELEMETRY  telemetry + SYSTEM"},{"seq_first":227,"seq_last":230,"session":"s1","stream":"chat","text":"[SYS]   BOTH       chat + telemetry + SY[SYS]   /id         show node identity"},{"seq_first":231,"seq_last":232,"session":"s1","stream":"chat","text":"[SYS]   /chat       human console CHAT"},{"seq_first":233,"seq_last":235,"session":"s1","stream":"chat","text":"[SYS]   /tele       human console TELEMETRY"},{"seq_first":236,"seq_last":237,"session":"s1","stream":"chat","text":"[SYS]   /both       human console BOTH"},{"seq_first":238,"seq_last":239,"session":"s1","stream":"chat","text":"[SYS]   /echo       toggle echo mode"},{"seq_first":240,"seq_last":244,"session":"s1","stream":"chat","text":"[SYS]   /cancel     [SYS]   14 31=CHAT  14 32=TELEMETRY  14 33=BOTH  14 65=ECHO toggle"},{"seq_first":245,"seq_last":246,"session":"s1","stream":"chat","text":"[SYS] ANDROID BLE TERMINAL MACROS:"},{"seq_first":247,"seq_last":249,"session":"s1","stream":"chat","text":"[SYS]   HEX macro, no EOL: 14 31 / 14 32 / 14 33 / 14 65"},{"seq_first":321,"seq_last":321,"session":"s2","stream":"telemetry","text":""},{"seq_first":321,"seq_last":330,"session":"s2","stream":"telemetry","text":"SESSION t=780s TX ok=0 user=0 echo_req=0 echo_rep=0 hb=0(idle=0) err=0 started=0 RX ok=0 user=0 echo_req=0 echo_rep=0 hb=0 crc=0 hdr=0 bad=1 readerr=0 reports=0 Q=0% drops=0 fatal=0"},{"seq_first":331,"seq_last":334,"session":"s2","stream":"telemetry","text":"SESSION COURTESY window=9123ms peer_release=0 expired=0 yielding=0"},{"seq_first":335,"seq_last":339,"session":"s2","stream":"telemetry","text":"SESSION DIO0_TX affected=0/0 episodes=0 avg_all=0.00 avg_affected=0.00 high_polls=0"},{"seq_first":340,"seq_last":345,"session":"s2","stream":"telemetry","text":"SESSION RX_POLL polls=775759 rxdone=1 interval=1000us DIO0_RX false_high_ep=0 high_polls=0 rxdone_low=0 isr=disabled"}],"timed_out":false}}
2026-09-18T02:32:44.341+03:00 [AGENT REQUEST] {"id":33,"op":"observe","cursors":{"s1":253,"s2":345},"timeout_ms":3000}
2026-09-18T02:32:47.342+03:00 [AGENT RESPONSE] {"id":33,"ok":true,"result":{"cursors":{"s1":253,"s2":345},"events":[],"lines":[],"timed_out":true}}
2026-09-18T02:32:59.759+03:00 [AGENT REQUEST] {"id":34,"op":"status","session":"s1"}
2026-09-18T02:32:59.759+03:00 [AGENT RESPONSE] {"id":34,"ok":true,"result":{"connected":true,"description":"ble:LoRa-Chatter-1B44 44:1B:F6:8D:B7:A9","device_key":"ble-address:44:1b:f6:8d:b7:a9","latest_seq":253,"profile":"chatter","queued_tx":0,"session":"s1","state":"connected","streams":["chat","telemetry"]}}
2026-09-18T02:32:59.760+03:00 [AGENT REQUEST] {"id":35,"op":"status","session":"s2"}
2026-09-18T02:32:59.760+03:00 [AGENT RESPONSE] {"id":35,"ok":true,"result":{"connected":true,"description":"ble:LoRa-Chatter-72E0 E0:72:A1:D5:4C:15","device_key":"ble-address:e0:72:a1:d5:4c:15","latest_seq":345,"profile":"chatter","queued_tx":0,"session":"s2","state":"connected","streams":["chat","telemetry"]}}
2026-09-18T02:32:59.760+03:00 [AGENT REQUEST] {"id":36,"op":"close","session":"s1"}
2026-09-18T02:33:02.133+03:00 [STATE] {"description":"ble:LoRa-Chatter-1B44 44:1B:F6:8D:B7:A9","device_key":"ble-address:44:1b:f6:8d:b7:a9","kind":"state","seq":254,"session":"s1","state":"closed","timestamp":1789687982.1331148}
2026-09-18T02:33:02.134+03:00 [AGENT RESPONSE] {"id":36,"ok":true,"result":{"session":"s1","state":"closed"}}
2026-09-18T02:33:02.134+03:00 [AGENT REQUEST] {"id":37,"op":"close","session":"s2"}
2026-09-18T02:33:04.162+03:00 [STATE] {"description":"ble:LoRa-Chatter-72E0 E0:72:A1:D5:4C:15","device_key":"ble-address:e0:72:a1:d5:4c:15","kind":"state","seq":346,"session":"s2","state":"closed","timestamp":1789687984.1628482}
2026-09-18T02:33:04.163+03:00 [AGENT RESPONSE] {"id":37,"ok":true,"result":{"session":"s2","state":"closed"}}
2026-09-18T02:33:12.124+03:00 [RUN] {"event":"stop","pid":16656}
