2026-09-28T03:46:37.024+03:00 [s1] [O] [SYS] CHATTER NODE LoRa-Chatter-1B44
2026-09-28T03:46:50.613+03:00 [s1] [O] 
2026-09-28T03:46:50.620+03:00 [s1] [O] SESSION t=3600s TX ok=287 user=112 echo_req=0 echo_rep=0 hb=70(idle=70) err=0 started=287 RX ok=286 user=105 echo_req=0 echo_rep=0 hb=0 crc=6 hdr=3 bad=0 readerr=0 reports=286 Q=100% drops=0 fatal=0
2026-09-28T03:46:50.662+03:00 [s1] [O] SESSION COURTESY window=5000ms peer_release=0 expired=0 yielding=0
2026-09-28T03:46:50.668+03:00 [s1] [O] SESSION DIO0_TX affected=0/287 episodes=0 avg_all=0.00 avg_affected=0.00 high_polls=0
2026-09-28T03:46:50.705+03:00 [s1] [O] SESSION RX_POLL polls=3471809 rxdone=295 interval=1000us DIO0_RX false_high_ep=0 high_polls=0 rxdone_low=7 isr=disabled
2026-09-28T03:47:09.789+03:00 [s2] [O] [SYS] CHATTER NODE LoRa-Chatter-72E0
2026-09-28T03:47:29.182+03:00 [s2] [O] 
2026-09-28T03:47:29.189+03:00 [s2] [O] SESSION t=3660s TX ok=288 user=106 echo_req=0 echo_rep=0 hb=70(idle=0) err=0 started=288 RX ok=287 user=112 echo_req=0 echo_rep=0 hb=70 crc=4 hdr=5 bad=1 readerr=0 reports=286 Q=100% drops=0 fatal=0
2026-09-28T03:47:29.197+03:00 [s2] [O] SESSION COURTESY window=5000ms peer_release=0 expired=0 yielding=0
2026-09-28T03:47:29.202+03:00 [s2] [O] SESSION DIO0_TX affected=0/288 episodes=0 avg_all=0.00 avg_affected=0.00 high_polls=0
2026-09-28T03:47:29.233+03:00 [s2] [O] SESSION RX_POLL polls=3471328 rxdone=297 interval=1000us DIO0_RX false_high_ep=0 high_polls=0 rxdone_low=1 isr=disabled
2026-09-28T03:47:39.744+03:00 [s1] [I] /config
2026-09-28T03:47:39.843+03:00 [s1] [O] [SYS] CFG schema=2 storage=NVS freq_oob=OFF
2026-09-28T03:47:39.845+03:00 [s1] [O] [SYS] CFG RADIO power=2 dBm freq=470 MHz sf=7 bw=500 kHz
2026-09-28T03:47:39.846+03:00 [s1] [O] [SYS] CFG LINK heartbeat=OFF retry=ON attempts=5 diag=OFF
2026-09-28T03:47:50.597+03:00 [s1] [O] 
2026-09-28T03:47:50.604+03:00 [s1] [O] SESSION t=3660s TX ok=287 user=112 echo_req=0 echo_rep=0 hb=70(idle=70) err=0 started=287 RX ok=286 user=105 echo_req=0 echo_rep=0 hb=0 crc=6 hdr=3 bad=0 readerr=0 reports=286 Q=100% drops=0 fatal=0
2026-09-28T03:47:50.612+03:00 [s1] [O] SESSION COURTESY window=5000ms peer_release=0 expired=0 yielding=0
2026-09-28T03:47:50.617+03:00 [s1] [O] SESSION DIO0_TX affected=0/287 episodes=0 avg_all=0.00 avg_affected=0.00 high_polls=0
2026-09-28T03:47:50.650+03:00 [s1] [O] SESSION RX_POLL polls=3530465 rxdone=295 interval=1000us DIO0_RX false_high_ep=0 high_polls=0 rxdone_low=7 isr=disabled
2026-09-28T03:48:05.491+03:00 [s2] [I] /config
2026-09-28T03:48:05.544+03:00 [s2] [O] [SYS] CFG schema=2 storage=NVS freq_oob=OFF
2026-09-28T03:48:05.547+03:00 [s2] [O] [SYS] CFG RADIO power=2 dBm freq=470 MHz sf=7 bw=500 kHz
2026-09-28T03:48:05.548+03:00 [s2] [O] [SYS] CFG LINK heartbeat=OFF retry=ON attempts=5 diag=OFF
2026-09-28T03:48:29.170+03:00 [s2] [O] 
2026-09-28T03:48:29.215+03:00 [s2] [O] SESSION t=3720s TX ok=288 user=106 echo_req=0 echo_rep=0 hb=70(idle=0) err=0 started=288 RX ok=287 user=112 echo_req=0 echo_rep=0 hb=70 crc=4 hdr=5 bad=1 readerr=0 reports=286 Q=100% drops=0 fatal=0
2026-09-28T03:48:29.225+03:00 [s2] [O] SESSION COURTESY window=5000ms peer_release=0 expired=0 yielding=0
2026-09-28T03:48:29.229+03:00 [s2] [O] SESSION DIO0_TX affected=0/288 episodes=0 avg_all=0.00 avg_affected=0.00 high_polls=0
2026-09-28T03:48:29.260+03:00 [s2] [O] SESSION RX_POLL polls=3527813 rxdone=297 interval=1000us DIO0_RX false_high_ep=0 high_polls=0 rxdone_low=1 isr=disabled
2026-09-28T03:48:32.828+03:00 [s1] [I] /cancel all
2026-09-28T03:48:32.898+03:00 [s1] [O] DELIVERY CANCEL ALL pending=none queue_removed=0
2026-09-28T03:48:32.901+03:00 [s1] [O] [SYS] DELIVERY CANCEL: nothing pending
2026-09-28T03:48:32.902+03:00 [s1] [I] /diag off
2026-09-28T03:48:32.988+03:00 [s1] [O] [SYS] DIAG already OFF
2026-09-28T03:48:32.989+03:00 [s1] [I] /heartbeat off
2026-09-28T03:48:33.079+03:00 [s1] [O] [SYS] HEARTBEAT OFF
2026-09-28T03:48:33.080+03:00 [s1] [I] /echo-loop stop
2026-09-28T03:48:33.166+03:00 [s1] [O] [SYS] ECHO LOOP already stopped
2026-09-28T03:48:33.168+03:00 [s1] [I] /both
2026-09-28T03:48:33.256+03:00 [s1] [O] 
2026-09-28T03:48:33.256+03:00 [s1] [O] OUTPUT MODE source=2 state=BOTH
2026-09-28T03:48:33.257+03:00 [s1] [O] [SYS] OUTPUT BOTH
2026-09-28T03:48:33.258+03:00 [s1] [I] /help
2026-09-28T03:48:33.346+03:00 [s1] [O] [SYS] CHATTER HELP
2026-09-28T03:48:33.348+03:00 [s1] [O] [SYS] CHATTER NODE LoRa-Chatter-1B44
2026-09-28T03:48:33.349+03:00 [s1] [O] [SYS] CHAT OUTPUT:
2026-09-28T03:48:33.352+03:00 [s1] [O] [SYS]   > text                       local USER TX confirmed
2026-09-28T03:48:33.354+03:00 [s1] [O] [SYS]   < [RSSI/SNR Q] text          USER received from peer
2026-09-28T03:48:33.358+03:00 [s1] [O] [SYS]   > [ECHO TX] text             local echo TX confirmed
2026-09-28T03:48:33.362+03:00 [s1] [O] [SYS]   < [ECHO RSSI/SNR Q] text     matching echo reply received
2026-09-28T03:48:33.363+03:00 [s1] [O] [SYS]   [ECHO] NO RESPONSE           matching echo reply timed out
2026-09-28T03:48:33.364+03:00 [s1] [O] [SYS]   delivery retry details       TELEMETRY only
2026-09-28T03:48:33.365+03:00 [s1] [O] [SYS]   RSSI/SNR=dBm/dB, Q=0..100 rolling transaction link quality
2026-09-28T03:48:33.394+03:00 [s1] [O] [SYS] HUMAN CONSOLE MODES:
2026-09-28T03:48:33.394+03:00 [s1] [O] [SYS]   CHAT       chat + SYSTEM
2026-09-28T03:48:33.396+03:00 [s1] [O] [SYS]   TELEMETRY  telemetry + SYSTEM
2026-09-28T03:48:33.398+03:00 [s1] [O] [SYS]   BOTH       chat + telemetry + SYSTEM
2026-09-28T03:48:33.400+03:00 [s1] [O] [SYS]   BLE 0004 machine telemetry is independent when subscribed
2026-09-28T03:48:33.401+03:00 [s1] [O] [SYS]   current=BOTH echo=OFF
2026-09-28T03:48:33.403+03:00 [s1] [I] /id
2026-09-28T03:48:33.402+03:00 [s1] [O] [SYS] COMMANDS:
2026-09-28T03:48:33.404+03:00 [s1] [O] [SYS]   /help       show this help
2026-09-28T03:48:33.404+03:00 [s1] [O] [SYS]   /id         show node identity
2026-09-28T03:48:33.405+03:00 [s1] [O] [SYS]   /version    show firmware provenance (/firmware alias)
2026-09-28T03:48:33.408+03:00 [s1] [O] [SYS]   /power      show SX1278 PA_BOOST setting
2026-09-28T03:48:33.409+03:00 [s1] [O] [SYS]   /power N    set/persist N=2..17 or 20 dBm
2026-09-28T03:48:33.410+03:00 [s1] [O] [SYS]   /freq       show frequency in MHz
2026-09-28T03:48:33.436+03:00 [s1] [O] [SYS]   /freq MHz   set/persist frequency; 1 kHz precision, truncates extra decimals
2026-09-28T03:48:33.438+03:00 [s1] [O] [SYS]   /freq-oob   show experimental out-of-band flag
2026-09-28T03:48:33.484+03:00 [s1] [O] [SYS]   /freq-oob on|off persist frequency-range policy
2026-09-28T03:48:33.527+03:00 [s1] [O] [SYS]   /sf /sf N   show/set SF, N=7..12
2026-09-28T03:48:33.530+03:00 [s1] [O] [SYS]   /bw /bw KHz show/set BW: 7.8 10.4 15.6 20.8 31.25 41.7 62.5 125 250 500
2026-09-28T03:48:33.532+03:00 [s1] [O] [SYS]   /config     show persisted PHY + runtime link config
2026-09-28T03:48:33.534+03:00 [s1] [O] [SYS]   /config reset restore persisted PHY defaults
2026-09-28T03:48:33.574+03:00 [s1] [O] [SYS]   /heartbeat  show runtime heartbeat state
2026-09-28T03:48:33.575+03:00 [s1] [O] [SYS]   /heartbeat on|off set runtime heartbeat state
2026-09-28T03:48:33.576+03:00 [s1] [O] [SYS]   /diag       show radio diagnostic state
2026-09-28T03:48:33.578+03:00 [s1] [O] [SYS]   /diag on|off enter/leave radio diagnostic mode
2026-09-28T03:48:33.582+03:00 [s1] [O] [SYS]   /diag size N set total heartbeat RF frame N=16..255 bytes
2026-09-28T03:48:33.583+03:00 [s1] [O] [SYS]   /chat       human console CHAT
2026-09-28T03:48:33.584+03:00 [s1] [O] [SYS]   /tele       human console TELEMETRY
2026-09-28T03:48:33.586+03:00 [s1] [O] [SYS]   /both       human console BOTH
2026-09-28T03:48:33.587+03:00 [s1] [O] [SYS]   /echo       toggle manual echo mode
2026-09-28T03:48:33.620+03:00 [s1] [O] [SYS]   /echo-loop  show continuous echo status
2026-09-28T03:48:33.706+03:00 [s1] [O] [SYS]   /echo-loop N start continuous echo with N=1..200 payload bytes
2026-09-28T03:48:33.709+03:00 [s1] [O] [SYS]   /echo-loop stop stop scheduling continuous echo requests
2026-09-28T03:48:33.711+03:00 [s1] [O] [SYS]   /cancel     stop current USER delivery/retries
2026-09-28T03:48:33.715+03:00 [s1] [O] [SYS]   /cancel all stop current USER and discard queued USERs
2026-09-28T03:48:33.717+03:00 [s1] [O] [SYS]   /reboot     reboot ESP32 controller
2026-09-28T03:48:33.718+03:00 [s1] [O] [SYS] RAW CONTROLS (HEX):
2026-09-28T03:48:33.720+03:00 [s1] [O] [SYS]   14 31=CHAT  14 32=TELEMETRY  14 33=BOTH  14 65=ECHO toggle
2026-09-28T03:48:33.720+03:00 [s1] [O] [SYS] ANDROID BLE TERMINAL MACROS:
2026-09-28T03:48:33.721+03:00 [s1] [O] [SYS]   HEX macro, no EOL: 14 31 / 14 32 / 14 33 / 14 65
2026-09-28T03:48:33.757+03:00 [s1] [O] [SYS]   or TEXT macro + LF: /help /id /version /power /freq /freq-oob /sf /bw /config /heartbeat on|off /diag on|off /diag size N /chat /tele /both /echo /echo-loop N /echo-loop stop /cancel /cancel all /reboot
2026-09-28T03:48:33.760+03:00 [s1] [O] [SYS]   Nordic UART human console=0003; machine telemetry=0004 optional
2026-09-28T03:48:33.762+03:00 [s1] [O] [SYS] BLE CLIENT: machine telemetry 0004 subscribed in background
2026-09-28T03:48:33.763+03:00 [s1] [O] [SYS] CHATTER NODE LoRa-Chatter-1B44
2026-09-28T03:48:33.766+03:00 [s2] [I] /cancel all
2026-09-28T03:48:33.850+03:00 [s2] [O] DELIVERY CANCEL ALL pending=none queue_removed=0
2026-09-28T03:48:33.853+03:00 [s2] [O] [SYS] DELIVERY CANCEL: nothing pending
2026-09-28T03:48:33.853+03:00 [s2] [I] /diag off
2026-09-28T03:48:33.937+03:00 [s2] [O] [SYS] DIAG already OFF
2026-09-28T03:48:33.939+03:00 [s2] [I] /heartbeat off
2026-09-28T03:48:34.027+03:00 [s2] [O] [SYS] HEARTBEAT OFF
2026-09-28T03:48:34.027+03:00 [s2] [I] /echo-loop stop
2026-09-28T03:48:34.119+03:00 [s2] [O] [SYS] ECHO LOOP already stopped
2026-09-28T03:48:34.120+03:00 [s2] [I] /both
2026-09-28T03:48:34.206+03:00 [s2] [O] 
2026-09-28T03:48:34.207+03:00 [s2] [O] OUTPUT MODE source=2 state=BOTH
2026-09-28T03:48:34.298+03:00 [s2] [O] [SYS] OUTPUT BOTH
2026-09-28T03:48:34.299+03:00 [s2] [I] /help
2026-09-28T03:48:34.387+03:00 [s2] [O] [SYS] CHATTER HELP
2026-09-28T03:48:34.388+03:00 [s2] [O] [SYS] CHATTER NODE LoRa-Chatter-72E0
2026-09-28T03:48:34.390+03:00 [s2] [O] [SYS] CHAT OUTPUT:
2026-09-28T03:48:34.391+03:00 [s2] [O] [SYS]   > text                       local USER TX confirmed
2026-09-28T03:48:34.393+03:00 [s2] [O] [SYS]   < [RSSI/SNR Q] text          USER received from peer
2026-09-28T03:48:34.396+03:00 [s2] [O] [SYS]   > [ECHO TX] text             local echo TX confirmed
2026-09-28T03:48:34.398+03:00 [s2] [O] [SYS]   < [ECHO RSSI/SNR Q] text     matching echo reply received
2026-09-28T03:48:34.401+03:00 [s2] [O] [SYS]   [ECHO] NO RESPONSE           matching echo reply timed out
2026-09-28T03:48:34.401+03:00 [s2] [O] [SYS]   delivery retry details       TELEMETRY only
2026-09-28T03:48:34.405+03:00 [s2] [O] [SYS]   RSSI/SNR=dBm/dB, Q=0..100 rolling transaction link quality
2026-09-28T03:48:34.405+03:00 [s2] [O] [SYS] HUMAN CONSOLE MODES:
2026-09-28T03:48:34.407+03:00 [s2] [O] [SYS]   CHAT       chat + SYSTEM
2026-09-28T03:48:34.434+03:00 [s2] [O] [SYS]   TELEMETRY  telemetry + SYSTEM
2026-09-28T03:48:34.436+03:00 [s2] [O] [SYS]   BOTH       chat + telemetry + SYSTEM
2026-09-28T03:48:34.439+03:00 [s2] [O] [SYS]   BLE 0004 machine telemetry is independent when subscribed
2026-09-28T03:48:34.441+03:00 [s2] [O] [SYS]   current=BOTH echo=OFF
2026-09-28T03:48:34.442+03:00 [s2] [I] /id
2026-09-28T03:48:34.442+03:00 [s2] [O] [SYS] COMMANDS:
2026-09-28T03:48:34.444+03:00 [s2] [O] [SYS]   /help       show this help
2026-09-28T03:48:34.445+03:00 [s2] [O] [SYS]   /id         show node identity
2026-09-28T03:48:34.446+03:00 [s2] [O] [SYS]   /version    show firmware provenance (/firmware alias)
2026-09-28T03:48:34.447+03:00 [s2] [O] [SYS]   /power      show SX1278 PA_BOOST setting
2026-09-28T03:48:34.448+03:00 [s2] [O] [SYS]   /power N    set/persist N=2..17 or 20 dBm
2026-09-28T03:48:34.477+03:00 [s2] [O] [SYS]   /freq       show frequency in MHz
2026-09-28T03:48:34.480+03:00 [s2] [O] [SYS]   /freq MHz   set/persist frequency; 1 kHz precision, truncates extra decimals
2026-09-28T03:48:34.481+03:00 [s2] [O] [SYS]   /freq-oob   show experimental out-of-band flag
2026-09-28T03:48:34.483+03:00 [s2] [O] [SYS]   /freq-oob on|off persist frequency-range policy
2026-09-28T03:48:34.485+03:00 [s2] [O] [SYS]   /sf /sf N   show/set SF, N=7..12
2026-09-28T03:48:34.487+03:00 [s2] [O] [SYS]   /bw /bw KHz show/set BW: 7.8 10.4 15.6 20.8 31.25 41.7 62.5 125 250 500
2026-09-28T03:48:34.491+03:00 [s2] [O] [SYS]   /config     show persisted PHY + runtime link config
2026-09-28T03:48:34.492+03:00 [s2] [O] [SYS]   /config reset restore persisted PHY defaults
2026-09-28T03:48:34.495+03:00 [s2] [O] [SYS]   /heartbeat  show runtime heartbeat state
2026-09-28T03:48:34.521+03:00 [s2] [O] [SYS]   /heartbeat on|off set runtime heartbeat state
2026-09-28T03:48:34.523+03:00 [s2] [O] [SYS]   /diag       show radio diagnostic state
2026-09-28T03:48:34.525+03:00 [s2] [O] [SYS]   /diag on|off enter/leave radio diagnostic mode
2026-09-28T03:48:34.528+03:00 [s2] [O] [SYS]   /diag size N set total heartbeat RF frame N=16..255 bytes
2026-09-28T03:48:34.529+03:00 [s2] [O] [SYS]   /chat       human console CHAT
2026-09-28T03:48:34.530+03:00 [s2] [O] [SYS]   /tele       human console TELEMETRY
2026-09-28T03:48:34.534+03:00 [s2] [O] [SYS]   /both       human console BOTH
2026-09-28T03:48:34.535+03:00 [s2] [O] [SYS]   /echo       toggle manual echo mode
2026-09-28T03:48:34.535+03:00 [s2] [O] [SYS]   /echo-loop  show continuous echo status
2026-09-28T03:48:34.537+03:00 [s2] [O] [SYS]   /echo-loop N start continuous echo with N=1..200 payload bytes
2026-09-28T03:48:34.570+03:00 [s2] [O] [SYS]   /echo-loop stop stop scheduling continuous echo requests
2026-09-28T03:48:34.571+03:00 [s2] [O] [SYS]   /cancel     stop current USER delivery/retries
2026-09-28T03:48:34.573+03:00 [s2] [O] [SYS]   /cancel all stop current USER and discard queued USERs
2026-09-28T03:48:34.573+03:00 [s2] [O] [SYS]   /reboot     reboot ESP32 controller
2026-09-28T03:48:34.575+03:00 [s2] [O] [SYS] RAW CONTROLS (HEX):
2026-09-28T03:48:34.578+03:00 [s2] [O] [SYS]   14 31=CHAT  14 32=TELEMETRY  14 33=BOTH  14 65=ECHO toggle
2026-09-28T03:48:34.578+03:00 [s2] [O] [SYS] ANDROID BLE TERMINAL MACROS:
2026-09-28T03:48:34.579+03:00 [s2] [O] [SYS]   HEX macro, no EOL: 14 31 / 14 32 / 14 33 / 14 65
2026-09-28T03:48:34.618+03:00 [s2] [O] [SYS]   or TEXT macro + LF: /help /id /version /power /freq /freq-oob /sf /bw /config /heartbeat on|off /diag on|off /diag size N /chat /tele /both /echo /echo-loop N /echo-loop stop /cancel /cancel all /reboot
2026-09-28T03:48:34.621+03:00 [s2] [O] [SYS]   Nordic UART human console=0003; machine telemetry=0004 optional
2026-09-28T03:48:34.625+03:00 [s2] [O] [SYS] BLE CLIENT: machine telemetry 0004 subscribed in background
2026-09-28T03:48:34.626+03:00 [s2] [O] [SYS] CHATTER NODE LoRa-Chatter-72E0
2026-09-28T03:48:34.627+03:00 [s1] [I] /power 2
2026-09-28T03:48:34.697+03:00 [s1] [O] [SYS] POWER 2 dBm SAVED
2026-09-28T03:48:34.698+03:00 [s1] [I] /freq 470.000
2026-09-28T03:48:34.786+03:00 [s1] [O] [SYS] FREQ 470 MHz SAVED
2026-09-28T03:48:34.788+03:00 [s1] [I] /bw 125.000
2026-09-28T03:48:34.878+03:00 [s1] [O] [SYS] BW 125 kHz SAVED
2026-09-28T03:48:34.879+03:00 [s1] [I] /sf 7
2026-09-28T03:48:34.967+03:00 [s1] [O] [SYS] SF 7 SAVED
2026-09-28T03:48:34.968+03:00 [s2] [I] /power 2
2026-09-28T03:48:35.064+03:00 [s2] [O] [SYS] POWER 2 dBm SAVED
2026-09-28T03:48:35.066+03:00 [s2] [I] /freq 470.000
2026-09-28T03:48:35.152+03:00 [s2] [O] [SYS] FREQ 470 MHz SAVED
2026-09-28T03:48:35.154+03:00 [s2] [I] /bw 125.000
2026-09-28T03:48:35.243+03:00 [s2] [O] [SYS] BW 125 kHz SAVED
2026-09-28T03:48:35.245+03:00 [s2] [I] /sf 7
2026-09-28T03:48:35.331+03:00 [s2] [O] [SYS] SF 7 SAVED
2026-09-28T03:48:35.333+03:00 [s1] [I] /config
2026-09-28T03:48:35.420+03:00 [s1] [O] [SYS] CFG schema=2 storage=NVS freq_oob=OFF
2026-09-28T03:48:35.463+03:00 [s1] [O] [SYS] CFG RADIO power=2 dBm freq=470 MHz sf=7 bw=125 kHz
2026-09-28T03:48:35.466+03:00 [s2] [I] /config
2026-09-28T03:48:35.508+03:00 [s1] [O] [SYS] CFG LINK heartbeat=OFF retry=ON attempts=5 diag=OFF
2026-09-28T03:48:35.557+03:00 [s2] [O] [SYS] CFG schema=2 storage=NVS freq_oob=OFF
2026-09-28T03:48:35.559+03:00 [s2] [O] [SYS] CFG RADIO power=2 dBm freq=470 MHz sf=7 bw=125 kHz
2026-09-28T03:48:35.560+03:00 [s1] [I] A
2026-09-28T03:48:35.561+03:00 [s2] [O] [SYS] CFG LINK heartbeat=OFF retry=ON attempts=5 diag=OFF
2026-09-28T03:48:35.643+03:00 [s1] [O] DELIVERY QUEUED source=2 bytes=1 waiting=1/8 in_flight=0
2026-09-28T03:48:35.692+03:00 [s2] [O] PEER_REPORT our_seq=286 TX=-41/5 Q100
2026-09-28T03:48:35.695+03:00 [s2] [O] 
2026-09-28T03:48:35.696+03:00 [s2] [O] RX USER session=118C seq=286 frame=13B user=1B RX=-42/0 Q100 disposition=0
2026-09-28T03:48:35.699+03:00 [s2] [O] < [-42/0 Q100] A
2026-09-28T03:48:35.731+03:00 [s1] [O] 
2026-09-28T03:48:35.776+03:00 [s1] [O] TX USER seq=286 frame=13B user=1B attempt=1/5 OK time=48 ms
2026-09-28T03:48:35.822+03:00 [s1] [O] > A
2026-09-28T03:48:35.870+03:00 [s1] [O] DELIVERY WAIT_ACK user=118C/286 attempt=1/5 timeout=747ms queue=0
2026-09-28T03:48:35.913+03:00 [s1] [O] PEER_REPORT our_seq=286 TX=-42/0 Q100
2026-09-28T03:48:35.916+03:00 [s2] [O] 
2026-09-28T03:48:35.918+03:00 [s2] [O] TX ACK seq=287 ack_to=118C/286 frame=14B OK time=48 ms guard=500ms
2026-09-28T03:48:35.959+03:00 [s1] [O] 
2026-09-28T03:48:36.004+03:00 [s1] [O] RX ACK session=EBE8 seq=287 ack_to=118C/286 frame=14B RX=-42/0 Q100
2026-09-28T03:48:36.136+03:00 [s1] [O] DELIVERY ACK user=118C/286 attempts=1/5 elapsed=252ms queue=0
2026-09-28T03:48:36.139+03:00 [s1] [I] A
2026-09-28T03:48:36.231+03:00 [s1] [O] DELIVERY QUEUED source=2 bytes=1 waiting=1/8 in_flight=0
2026-09-28T03:48:36.277+03:00 [s2] [O] PEER_REPORT our_seq=287 TX=-42/1 Q100
2026-09-28T03:48:36.281+03:00 [s2] [O] 
2026-09-28T03:48:36.283+03:00 [s2] [O] RX USER session=118C seq=287 frame=13B user=1B RX=-43/0 Q100 disposition=0
2026-09-28T03:48:36.286+03:00 [s2] [O] < [-43/0 Q100] A
2026-09-28T03:48:36.316+03:00 [s1] [O] 
2026-09-28T03:48:36.361+03:00 [s1] [O] TX USER seq=287 frame=13B user=1B attempt=1/5 OK time=49 ms
2026-09-28T03:48:36.408+03:00 [s1] [O] > A
2026-09-28T03:48:36.452+03:00 [s1] [O] DELIVERY WAIT_ACK user=118C/287 attempt=1/5 timeout=747ms queue=0
2026-09-28T03:48:36.498+03:00 [s1] [O] PEER_REPORT our_seq=287 TX=-43/0 Q100
2026-09-28T03:48:36.501+03:00 [s2] [O] 
2026-09-28T03:48:36.503+03:00 [s2] [O] TX ACK seq=288 ack_to=118C/287 frame=14B OK time=48 ms guard=500ms
2026-09-28T03:48:36.542+03:00 [s1] [O] 
2026-09-28T03:48:36.588+03:00 [s1] [O] RX ACK session=EBE8 seq=288 ack_to=118C/287 frame=14B RX=-41/2 Q100
2026-09-28T03:48:36.723+03:00 [s1] [O] DELIVERY ACK user=118C/287 attempts=1/5 elapsed=263ms queue=0
2026-09-28T03:48:36.725+03:00 [s1] [I] A
2026-09-28T03:48:36.816+03:00 [s1] [O] DELIVERY QUEUED source=2 bytes=1 waiting=1/8 in_flight=0
2026-09-28T03:48:36.863+03:00 [s2] [O] PEER_REPORT our_seq=288 TX=-41/3 Q100
2026-09-28T03:48:36.865+03:00 [s2] [O] 
2026-09-28T03:48:36.867+03:00 [s2] [O] RX USER session=118C seq=288 frame=13B user=1B RX=-43/0 Q100 disposition=0
2026-09-28T03:48:36.870+03:00 [s2] [O] < [-43/0 Q100] A
2026-09-28T03:48:36.901+03:00 [s1] [O] 
2026-09-28T03:48:36.946+03:00 [s1] [O] TX USER seq=288 frame=13B user=1B attempt=1/5 OK time=49 ms
2026-09-28T03:48:36.993+03:00 [s1] [O] > A
2026-09-28T03:48:37.039+03:00 [s1] [O] DELIVERY WAIT_ACK user=118C/288 attempt=1/5 timeout=747ms queue=0
2026-09-28T03:48:37.086+03:00 [s2] [O] 
2026-09-28T03:48:37.089+03:00 [s2] [O] TX ACK seq=289 ack_to=118C/288 frame=14B OK time=48 ms guard=500ms
2026-09-28T03:48:37.578+03:00 [s1] [O] DELIVERY ACK TIMEOUT user=118C/288 attempt=1/5
2026-09-28T03:48:37.670+03:00 [s1] [O] DELIVERY RETRY user=118C/288 next_attempt=2/5 in=58ms
2026-09-28T03:48:37.718+03:00 [s2] [O] PEER_REPORT our_seq=288 TX=-41/3 Q97
2026-09-28T03:48:37.722+03:00 [s2] [O] 
2026-09-28T03:48:37.722+03:00 [s2] [O] RX USER session=118C seq=288 frame=13B user=1B RX=-45/-0 Q100 disposition=1
2026-09-28T03:48:37.726+03:00 [s2] [O] USER DUPLICATE session=118C seq=288 presentation=suppressed ack=repeated
2026-09-28T03:48:37.757+03:00 [s1] [O] 
2026-09-28T03:48:37.801+03:00 [s1] [O] TX USER RETRY seq=288 frame=13B user=1B attempt=2/5 OK time=48 ms
2026-09-28T03:48:37.893+03:00 [s1] [O] DELIVERY WAIT_ACK user=118C/288 attempt=2/5 timeout=747ms queue=0
2026-09-28T03:48:37.942+03:00 [s2] [O] 
2026-09-28T03:48:37.943+03:00 [s2] [O] TX ACK seq=290 ack_to=118C/288 frame=14B OK time=48 ms guard=500ms
2026-09-28T03:48:38.027+03:00 [s1] [O] PEER_REPORT our_seq=288 TX=-45/0 Q100
2026-09-28T03:48:38.072+03:00 [s1] [O] 
2026-09-28T03:48:38.118+03:00 [s1] [O] RX ACK session=EBE8 seq=290 ack_to=118C/288 frame=14B RX=-39/3 Q97
2026-09-28T03:48:38.252+03:00 [s1] [O] DELIVERY ACK user=118C/288 attempts=2/5 elapsed=1118ms queue=0
2026-09-28T03:48:38.255+03:00 [s1] [I] A
2026-09-28T03:48:38.343+03:00 [s1] [O] DELIVERY QUEUED source=2 bytes=1 waiting=1/8 in_flight=0
2026-09-28T03:48:38.394+03:00 [s2] [O] PEER_REPORT our_seq=290 TX=-39/3 Q97
2026-09-28T03:48:38.394+03:00 [s2] [O] 
2026-09-28T03:48:38.396+03:00 [s2] [O] RX USER session=118C seq=289 frame=13B user=1B RX=-40/-0 Q100 disposition=0
2026-09-28T03:48:38.401+03:00 [s2] [O] < [-40/-0 Q100] A
2026-09-28T03:48:38.432+03:00 [s1] [O] 
2026-09-28T03:48:38.478+03:00 [s1] [O] TX USER seq=289 frame=13B user=1B attempt=1/5 OK time=48 ms
2026-09-28T03:48:38.522+03:00 [s1] [O] > A
2026-09-28T03:48:38.569+03:00 [s1] [O] DELIVERY WAIT_ACK user=118C/289 attempt=1/5 timeout=747ms queue=0
2026-09-28T03:48:38.615+03:00 [s1] [O] PEER_REPORT our_seq=289 TX=-40/-1 Q100
2026-09-28T03:48:38.619+03:00 [s2] [O] 
2026-09-28T03:48:38.621+03:00 [s2] [O] TX ACK seq=291 ack_to=118C/289 frame=14B OK time=48 ms guard=500ms
2026-09-28T03:48:38.658+03:00 [s1] [O] 
2026-09-28T03:48:38.704+03:00 [s1] [O] RX ACK session=EBE8 seq=291 ack_to=118C/289 frame=14B RX=-40/0 Q97
2026-09-28T03:48:38.838+03:00 [s1] [O] DELIVERY ACK user=118C/289 attempts=1/5 elapsed=262ms queue=0
2026-09-28T03:48:38.841+03:00 [s1] [I] A
2026-09-28T03:48:38.928+03:00 [s1] [O] DELIVERY QUEUED source=2 bytes=1 waiting=1/8 in_flight=0
2026-09-28T03:48:38.977+03:00 [s2] [O] PEER_REPORT our_seq=291 TX=-40/0 Q97
2026-09-28T03:48:38.980+03:00 [s2] [O] 
2026-09-28T03:48:38.983+03:00 [s2] [O] RX USER session=118C seq=290 frame=13B user=1B RX=-45/0 Q100 disposition=0
2026-09-28T03:48:38.985+03:00 [s2] [O] < [-45/0 Q100] A
2026-09-28T03:48:39.018+03:00 [s1] [O] 
2026-09-28T03:48:39.061+03:00 [s1] [O] TX USER seq=290 frame=13B user=1B attempt=1/5 OK time=48 ms
2026-09-28T03:48:39.109+03:00 [s1] [O] > A
2026-09-28T03:48:39.153+03:00 [s1] [O] DELIVERY WAIT_ACK user=118C/290 attempt=1/5 timeout=747ms queue=0
2026-09-28T03:48:39.201+03:00 [s2] [O] 
2026-09-28T03:48:39.204+03:00 [s2] [O] TX ACK seq=292 ack_to=118C/290 frame=14B OK time=48 ms guard=500ms
2026-09-28T03:48:39.242+03:00 [s1] [O] PEER_REPORT our_seq=290 TX=-45/0 Q100
2026-09-28T03:48:39.286+03:00 [s1] [O] 
2026-09-28T03:48:39.331+03:00 [s1] [O] RX ACK session=EBE8 seq=292 ack_to=118C/290 frame=14B RX=-38/2 Q97
2026-09-28T03:48:39.424+03:00 [s1] [O] DELIVERY ACK user=118C/290 attempts=1/5 elapsed=263ms queue=0
2026-09-28T03:48:39.426+03:00 [s1] [I] A
2026-09-28T03:48:39.516+03:00 [s1] [O] DELIVERY QUEUED source=2 bytes=1 waiting=1/8 in_flight=0
2026-09-28T03:48:39.562+03:00 [s2] [O] PEER_REPORT our_seq=292 TX=-38/2 Q97
2026-09-28T03:48:39.564+03:00 [s2] [O] 
2026-09-28T03:48:39.567+03:00 [s2] [O] RX USER session=118C seq=291 frame=13B user=1B RX=-42/0 Q100 disposition=0
2026-09-28T03:48:39.571+03:00 [s2] [O] < [-42/0 Q100] A
2026-09-28T03:48:39.601+03:00 [s1] [O] 
2026-09-28T03:48:39.649+03:00 [s1] [O] TX USER seq=291 frame=13B user=1B attempt=1/5 OK time=49 ms
2026-09-28T03:48:39.693+03:00 [s1] [O] > A
2026-09-28T03:48:39.737+03:00 [s1] [O] DELIVERY WAIT_ACK user=118C/291 attempt=1/5 timeout=747ms queue=0
2026-09-28T03:48:39.787+03:00 [s2] [O] 
2026-09-28T03:48:39.791+03:00 [s2] [O] TX ACK seq=293 ack_to=118C/291 frame=14B OK time=48 ms guard=500ms
2026-09-28T03:48:40.278+03:00 [s1] [O] DELIVERY ACK TIMEOUT user=118C/291 attempt=1/5
2026-09-28T03:48:40.368+03:00 [s1] [O] DELIVERY RETRY user=118C/291 next_attempt=2/5 in=35ms
2026-09-28T03:48:40.375+03:00 [s2] [O] PEER_REPORT our_seq=292 TX=-38/2 Q94
2026-09-28T03:48:40.378+03:00 [s2] [O] 
2026-09-28T03:48:40.381+03:00 [s2] [O] RX USER session=118C seq=291 frame=13B user=1B RX=-42/0 Q100 disposition=1
2026-09-28T03:48:40.382+03:00 [s2] [O] USER DUPLICATE session=118C seq=291 presentation=suppressed ack=repeated
2026-09-28T03:48:40.457+03:00 [s1] [O] 
2026-09-28T03:48:40.502+03:00 [s1] [O] TX USER RETRY seq=291 frame=13B user=1B attempt=2/5 OK time=48 ms
2026-09-28T03:48:40.591+03:00 [s1] [O] DELIVERY WAIT_ACK user=118C/291 attempt=2/5 timeout=747ms queue=0
2026-09-28T03:48:40.641+03:00 [s2] [O] 
2026-09-28T03:48:40.642+03:00 [s2] [O] TX ACK seq=294 ack_to=118C/291 frame=14B OK time=48 ms guard=500ms
2026-09-28T03:48:40.684+03:00 [s1] [O] PEER_REPORT our_seq=291 TX=-42/0 Q100
2026-09-28T03:48:40.725+03:00 [s1] [O] 
2026-09-28T03:48:40.772+03:00 [s1] [O] RX ACK session=EBE8 seq=294 ack_to=118C/291 frame=14B RX=-39/1 Q94
2026-09-28T03:48:40.866+03:00 [s1] [O] DELIVERY ACK user=118C/291 attempts=2/5 elapsed=1094ms queue=0
2026-09-28T03:48:40.868+03:00 [s1] [I] A
2026-09-28T03:48:40.954+03:00 [s1] [O] DELIVERY QUEUED source=2 bytes=1 waiting=1/8 in_flight=0
2026-09-28T03:48:41.003+03:00 [s2] [O] PEER_REPORT our_seq=294 TX=-39/1 Q94
2026-09-28T03:48:41.004+03:00 [s2] [O] 
2026-09-28T03:48:41.008+03:00 [s2] [O] RX USER session=118C seq=292 frame=13B user=1B RX=-40/0 Q100 disposition=0
2026-09-28T03:48:41.041+03:00 [s1] [O] 
2026-09-28T03:48:41.048+03:00 [s2] [O] < [-40/0 Q100] A
2026-09-28T03:48:41.088+03:00 [s1] [O] TX USER seq=292 frame=13B user=1B attempt=1/5 OK time=49 ms
2026-09-28T03:48:41.132+03:00 [s1] [O] > A
2026-09-28T03:48:41.177+03:00 [s1] [O] DELIVERY WAIT_ACK user=118C/292 attempt=1/5 timeout=747ms queue=0
2026-09-28T03:48:41.226+03:00 [s2] [O] 
2026-09-28T03:48:41.228+03:00 [s2] [O] TX ACK seq=295 ack_to=118C/292 frame=14B OK time=48 ms guard=500ms
2026-09-28T03:48:41.720+03:00 [s1] [O] DELIVERY ACK TIMEOUT user=118C/292 attempt=1/5
2026-09-28T03:48:41.806+03:00 [s1] [O] DELIVERY RETRY user=118C/292 next_attempt=2/5 in=40ms
2026-09-28T03:48:41.811+03:00 [s2] [O] PEER_REPORT our_seq=294 TX=-39/1 Q91
2026-09-28T03:48:41.813+03:00 [s2] [O] 
2026-09-28T03:48:41.816+03:00 [s2] [O] RX USER session=118C seq=292 frame=13B user=1B RX=-42/0 Q100 disposition=1
2026-09-28T03:48:41.857+03:00 [s2] [O] USER DUPLICATE session=118C seq=292 presentation=suppressed ack=repeated
2026-09-28T03:48:41.896+03:00 [s1] [O] 
2026-09-28T03:48:41.944+03:00 [s1] [O] TX USER RETRY seq=292 frame=13B user=1B attempt=2/5 OK time=48 ms
2026-09-28T03:48:42.034+03:00 [s1] [O] DELIVERY WAIT_ACK user=118C/292 attempt=2/5 timeout=747ms queue=0
2026-09-28T03:48:42.083+03:00 [s2] [O] 
2026-09-28T03:48:42.085+03:00 [s2] [O] TX ACK seq=296 ack_to=118C/292 frame=14B OK time=48 ms guard=500ms
2026-09-28T03:48:42.123+03:00 [s1] [O] PEER_REPORT our_seq=292 TX=-42/0 Q100
2026-09-28T03:48:42.168+03:00 [s1] [O] 
2026-09-28T03:48:42.213+03:00 [s1] [O] RX ACK session=EBE8 seq=296 ack_to=118C/292 frame=14B RX=-44/2 Q91
2026-09-28T03:48:42.346+03:00 [s1] [O] DELIVERY ACK user=118C/292 attempts=2/5 elapsed=1099ms queue=0
2026-09-28T03:48:42.351+03:00 [s1] [I] A
2026-09-28T03:48:42.440+03:00 [s1] [O] DELIVERY QUEUED source=2 bytes=1 waiting=1/8 in_flight=0
2026-09-28T03:48:42.487+03:00 [s2] [O] PEER_REPORT our_seq=296 TX=-44/2 Q91
2026-09-28T03:48:42.489+03:00 [s2] [O] 
2026-09-28T03:48:42.491+03:00 [s2] [O] RX USER session=118C seq=293 frame=13B user=1B RX=-41/0 Q100 disposition=0
2026-09-28T03:48:42.493+03:00 [s2] [O] < [-41/0 Q100] A
2026-09-28T03:48:42.526+03:00 [s1] [O] 
2026-09-28T03:48:42.571+03:00 [s1] [O] TX USER seq=293 frame=13B user=1B attempt=1/5 OK time=48 ms
2026-09-28T03:48:42.618+03:00 [s1] [O] > A
2026-09-28T03:48:42.662+03:00 [s1] [O] DELIVERY WAIT_ACK user=118C/293 attempt=1/5 timeout=747ms queue=0
2026-09-28T03:48:42.709+03:00 [s1] [O] PEER_REPORT our_seq=293 TX=-41/0 Q100
2026-09-28T03:48:42.711+03:00 [s2] [O] 
2026-09-28T03:48:42.714+03:00 [s2] [O] TX ACK seq=297 ack_to=118C/293 frame=14B OK time=48 ms guard=500ms
2026-09-28T03:48:42.799+03:00 [s1] [O] 
2026-09-28T03:48:42.842+03:00 [s1] [O] RX ACK session=EBE8 seq=297 ack_to=118C/293 frame=14B RX=-42/1 Q91
2026-09-28T03:48:42.978+03:00 [s1] [O] DELIVERY ACK user=118C/293 attempts=1/5 elapsed=252ms queue=0
2026-09-28T03:48:42.982+03:00 [s1] [I] A
2026-09-28T03:48:43.070+03:00 [s1] [O] DELIVERY QUEUED source=2 bytes=1 waiting=1/8 in_flight=0
2026-09-28T03:48:43.119+03:00 [s2] [O] PEER_REPORT our_seq=297 TX=-42/1 Q91
2026-09-28T03:48:43.122+03:00 [s2] [O] 
2026-09-28T03:48:43.124+03:00 [s2] [O] RX USER session=118C seq=294 frame=13B user=1B RX=-42/0 Q100 disposition=0
2026-09-28T03:48:43.125+03:00 [s2] [O] < [-42/0 Q100] A
2026-09-28T03:48:43.157+03:00 [s1] [O] 
2026-09-28T03:48:43.202+03:00 [s1] [O] TX USER seq=294 frame=13B user=1B attempt=1/5 OK time=48 ms
2026-09-28T03:48:43.249+03:00 [s1] [O] > A
2026-09-28T03:48:43.293+03:00 [s1] [O] DELIVERY WAIT_ACK user=118C/294 attempt=1/5 timeout=747ms queue=0
2026-09-28T03:48:43.340+03:00 [s1] [O] PEER_REPORT our_seq=294 TX=-42/1 Q100
2026-09-28T03:48:43.341+03:00 [s2] [O] 
2026-09-28T03:48:43.345+03:00 [s2] [O] TX ACK seq=298 ack_to=118C/294 frame=14B OK time=48 ms guard=500ms
2026-09-28T03:48:43.383+03:00 [s1] [O] 
2026-09-28T03:48:43.429+03:00 [s1] [O] RX ACK session=EBE8 seq=298 ack_to=118C/294 frame=14B RX=-43/2 Q91
2026-09-28T03:48:43.562+03:00 [s1] [O] DELIVERY ACK user=118C/294 attempts=1/5 elapsed=263ms queue=0
2026-09-28T03:48:43.565+03:00 [s1] [I] A
2026-09-28T03:48:43.654+03:00 [s1] [O] DELIVERY QUEUED source=2 bytes=1 waiting=1/8 in_flight=0
2026-09-28T03:48:43.702+03:00 [s2] [O] PEER_REPORT our_seq=298 TX=-43/2 Q91
2026-09-28T03:48:43.703+03:00 [s2] [O] 
2026-09-28T03:48:43.705+03:00 [s2] [O] RX USER session=118C seq=295 frame=13B user=1B RX=-40/0 Q100 disposition=0
2026-09-28T03:48:43.709+03:00 [s2] [O] < [-40/0 Q100] A
2026-09-28T03:48:43.741+03:00 [s1] [O] 
2026-09-28T03:48:43.785+03:00 [s1] [O] TX USER seq=295 frame=13B user=1B attempt=1/5 OK time=49 ms
2026-09-28T03:48:43.833+03:00 [s1] [O] > A
2026-09-28T03:48:43.924+03:00 [s1] [O] DELIVERY WAIT_ACK user=118C/295 attempt=1/5 timeout=747ms queue=0
2026-09-28T03:48:43.925+03:00 [s2] [O] 
2026-09-28T03:48:43.927+03:00 [s2] [O] TX ACK seq=299 ack_to=118C/295 frame=14B OK time=48 ms guard=500ms
2026-09-28T03:48:44.013+03:00 [s1] [O] PEER_REPORT our_seq=295 TX=-40/0 Q100
2026-09-28T03:48:44.059+03:00 [s1] [O] 
2026-09-28T03:48:44.103+03:00 [s1] [O] RX ACK session=EBE8 seq=299 ack_to=118C/295 frame=14B RX=-41/1 Q91
2026-09-28T03:48:44.236+03:00 [s1] [O] DELIVERY ACK user=118C/295 attempts=1/5 elapsed=263ms queue=0
2026-09-28T03:48:44.238+03:00 [s2] [I] B
2026-09-28T03:48:44.376+03:00 [s2] [O] DELIVERY QUEUED source=2 bytes=1 waiting=1/8 in_flight=0
2026-09-28T03:48:44.420+03:00 [s1] [O] PEER_REPORT our_seq=295 TX=-40/0 Q100
2026-09-28T03:48:44.421+03:00 [s2] [O] 
2026-09-28T03:48:44.421+03:00 [s2] [O] TX USER seq=300 frame=13B user=1B attempt=1/5 OK time=48 ms
2026-09-28T03:48:44.425+03:00 [s2] [O] > B
2026-09-28T03:48:44.430+03:00 [s2] [O] DELIVERY WAIT_ACK user=EBE8/300 attempt=1/5 timeout=747ms queue=0
2026-09-28T03:48:44.466+03:00 [s1] [O] 
2026-09-28T03:48:44.507+03:00 [s1] [O] RX USER session=EBE8 seq=300 frame=13B user=1B RX=-41/2 Q91 disposition=0
2026-09-28T03:48:44.600+03:00 [s1] [O] < [-41/2 Q91] B
2026-09-28T03:48:44.650+03:00 [s2] [O] PEER_REPORT our_seq=300 TX=-41/2 Q91
2026-09-28T03:48:44.651+03:00 [s2] [O] 
2026-09-28T03:48:44.653+03:00 [s2] [O] RX ACK session=118C seq=296 ack_to=EBE8/300 frame=14B RX=-39/-0 Q100
2026-09-28T03:48:44.687+03:00 [s1] [O] 
2026-09-28T03:48:44.698+03:00 [s2] [O] DELIVERY ACK user=EBE8/300 attempts=1/5 elapsed=263ms queue=0
2026-09-28T03:48:44.700+03:00 [s2] [I] B
2026-09-28T03:48:44.733+03:00 [s1] [O] TX ACK seq=296 ack_to=EBE8/300 frame=14B OK time=48 ms guard=500ms
2026-09-28T03:48:44.782+03:00 [s2] [O] DELIVERY QUEUED source=2 bytes=1 waiting=1/8 in_flight=0
2026-09-28T03:48:44.822+03:00 [s1] [O] PEER_REPORT our_seq=296 TX=-39/0 Q100
2026-09-28T03:48:44.827+03:00 [s2] [O] 
2026-09-28T03:48:44.829+03:00 [s2] [O] TX USER seq=301 frame=13B user=1B attempt=1/5 OK time=48 ms
2026-09-28T03:48:44.834+03:00 [s2] [O] > B
2026-09-28T03:48:44.836+03:00 [s2] [O] DELIVERY WAIT_ACK user=EBE8/301 attempt=1/5 timeout=747ms queue=0
2026-09-28T03:48:44.872+03:00 [s1] [O] 
2026-09-28T03:48:44.912+03:00 [s1] [O] RX USER session=EBE8 seq=301 frame=13B user=1B RX=-41/1 Q91 disposition=0
2026-09-28T03:48:45.004+03:00 [s1] [O] < [-41/1 Q91] B
2026-09-28T03:48:45.053+03:00 [s2] [O] PEER_REPORT our_seq=301 TX=-41/1 Q91
2026-09-28T03:48:45.057+03:00 [s2] [O] 
2026-09-28T03:48:45.059+03:00 [s2] [O] RX ACK session=118C seq=297 ack_to=EBE8/301 frame=14B RX=-39/-0 Q100
2026-09-28T03:48:45.091+03:00 [s1] [O] 
2026-09-28T03:48:45.101+03:00 [s2] [O] DELIVERY ACK user=EBE8/301 attempts=1/5 elapsed=261ms queue=0
2026-09-28T03:48:45.103+03:00 [s2] [I] B
2026-09-28T03:48:45.137+03:00 [s1] [O] TX ACK seq=297 ack_to=EBE8/301 frame=14B OK time=48 ms guard=500ms
2026-09-28T03:48:45.189+03:00 [s2] [O] DELIVERY QUEUED source=2 bytes=1 waiting=1/8 in_flight=0
2026-09-28T03:48:45.228+03:00 [s1] [O] PEER_REPORT our_seq=297 TX=-39/0 Q100
2026-09-28T03:48:45.233+03:00 [s2] [O] 
2026-09-28T03:48:45.238+03:00 [s2] [O] TX USER seq=302 frame=13B user=1B attempt=1/5 OK time=48 ms
2026-09-28T03:48:45.241+03:00 [s2] [O] > B
2026-09-28T03:48:45.242+03:00 [s2] [O] DELIVERY WAIT_ACK user=EBE8/302 attempt=1/5 timeout=747ms queue=0
2026-09-28T03:48:45.274+03:00 [s1] [O] 
2026-09-28T03:48:45.322+03:00 [s1] [O] RX USER session=EBE8 seq=302 frame=13B user=1B RX=-38/1 Q91 disposition=0
2026-09-28T03:48:45.406+03:00 [s1] [O] < [-38/1 Q91] B
2026-09-28T03:48:45.451+03:00 [s1] [O] 
2026-09-28T03:48:45.456+03:00 [s2] [O] PEER_REPORT our_seq=302 TX=-38/1 Q91
2026-09-28T03:48:45.457+03:00 [s2] [O] 
2026-09-28T03:48:45.461+03:00 [s2] [O] RX ACK session=118C seq=298 ack_to=EBE8/302 frame=14B RX=-39/0 Q100
2026-09-28T03:48:45.496+03:00 [s1] [O] TX ACK seq=298 ack_to=EBE8/302 frame=14B OK time=48 ms guard=500ms
2026-09-28T03:48:45.505+03:00 [s2] [O] DELIVERY ACK user=EBE8/302 attempts=1/5 elapsed=262ms queue=0
2026-09-28T03:48:45.507+03:00 [s2] [I] B
2026-09-28T03:48:45.594+03:00 [s2] [O] DELIVERY QUEUED source=2 bytes=1 waiting=1/8 in_flight=0
2026-09-28T03:48:45.634+03:00 [s1] [O] PEER_REPORT our_seq=298 TX=-39/0 Q100
2026-09-28T03:48:45.637+03:00 [s2] [O] 
2026-09-28T03:48:45.639+03:00 [s2] [O] TX USER seq=303 frame=13B user=1B attempt=1/5 OK time=48 ms
2026-09-28T03:48:45.640+03:00 [s2] [O] > B
2026-09-28T03:48:45.643+03:00 [s2] [O] DELIVERY WAIT_ACK user=EBE8/303 attempt=1/5 timeout=747ms queue=0
2026-09-28T03:48:45.676+03:00 [s1] [O] 
2026-09-28T03:48:45.723+03:00 [s1] [O] RX USER session=EBE8 seq=303 frame=13B user=1B RX=-38/0 Q91 disposition=0
2026-09-28T03:48:45.811+03:00 [s1] [O] < [-38/0 Q91] B
2026-09-28T03:48:45.862+03:00 [s2] [O] PEER_REPORT our_seq=303 TX=-38/0 Q91
2026-09-28T03:48:45.864+03:00 [s2] [O] 
2026-09-28T03:48:45.867+03:00 [s2] [O] RX ACK session=118C seq=299 ack_to=EBE8/303 frame=14B RX=-41/-1 Q100
2026-09-28T03:48:45.902+03:00 [s1] [O] 
2026-09-28T03:48:45.916+03:00 [s2] [O] DELIVERY ACK user=EBE8/303 attempts=1/5 elapsed=258ms queue=0
2026-09-28T03:48:45.918+03:00 [s2] [I] B
2026-09-28T03:48:45.947+03:00 [s1] [O] TX ACK seq=299 ack_to=EBE8/303 frame=14B OK time=48 ms guard=500ms
2026-09-28T03:48:46.002+03:00 [s2] [O] DELIVERY QUEUED source=2 bytes=1 waiting=1/8 in_flight=0
2026-09-28T03:48:46.039+03:00 [s1] [O] PEER_REPORT our_seq=299 TX=-41/-1 Q100
2026-09-28T03:48:46.041+03:00 [s2] [O] 
2026-09-28T03:48:46.043+03:00 [s2] [O] TX USER seq=304 frame=13B user=1B attempt=1/5 OK time=48 ms
2026-09-28T03:48:46.047+03:00 [s2] [O] > B
2026-09-28T03:48:46.049+03:00 [s2] [O] DELIVERY WAIT_ACK user=EBE8/304 attempt=1/5 timeout=747ms queue=0
2026-09-28T03:48:46.081+03:00 [s1] [O] 
2026-09-28T03:48:46.128+03:00 [s1] [O] RX USER session=EBE8 seq=304 frame=13B user=1B RX=-41/2 Q91 disposition=0
2026-09-28T03:48:46.219+03:00 [s1] [O] < [-41/2 Q91] B
2026-09-28T03:48:46.260+03:00 [s1] [O] 
2026-09-28T03:48:46.305+03:00 [s1] [O] TX ACK seq=300 ack_to=EBE8/304 frame=14B OK time=48 ms guard=500ms
2026-09-28T03:48:46.311+03:00 [s2] [O] PEER_REPORT our_seq=304 TX=-41/2 Q91
2026-09-28T03:48:46.313+03:00 [s2] [O] 
2026-09-28T03:48:46.319+03:00 [s2] [O] RX ACK session=118C seq=300 ack_to=EBE8/304 frame=14B RX=-42/0 Q100
2026-09-28T03:48:46.320+03:00 [s2] [O] DELIVERY ACK user=EBE8/304 attempts=1/5 elapsed=261ms queue=0
2026-09-28T03:48:46.321+03:00 [s2] [I] B
2026-09-28T03:48:46.402+03:00 [s2] [O] DELIVERY QUEUED source=2 bytes=1 waiting=1/8 in_flight=0
2026-09-28T03:48:46.444+03:00 [s2] [O] 
2026-09-28T03:48:46.447+03:00 [s2] [O] TX USER seq=305 frame=13B user=1B attempt=1/5 OK time=48 ms
2026-09-28T03:48:46.449+03:00 [s2] [O] > B
2026-09-28T03:48:46.454+03:00 [s2] [O] DELIVERY WAIT_ACK user=EBE8/305 attempt=1/5 timeout=747ms queue=0
2026-09-28T03:48:47.167+03:00 [s2] [O] DELIVERY ACK TIMEOUT user=EBE8/305 attempt=1/5
2026-09-28T03:48:47.171+03:00 [s2] [O] DELIVERY RETRY user=EBE8/305 next_attempt=2/5 in=46ms
2026-09-28T03:48:47.301+03:00 [s2] [O] 
2026-09-28T03:48:47.303+03:00 [s2] [O] TX USER RETRY seq=305 frame=13B user=1B attempt=2/5 OK time=48 ms
2026-09-28T03:48:47.307+03:00 [s2] [O] DELIVERY WAIT_ACK user=EBE8/305 attempt=2/5 timeout=747ms queue=0
2026-09-28T03:48:47.343+03:00 [s1] [O] PEER_REPORT our_seq=300 TX=-42/0 Q97
2026-09-28T03:48:47.431+03:00 [s1] [O] 
2026-09-28T03:48:47.476+03:00 [s1] [O] RX USER session=EBE8 seq=305 frame=13B user=1B RX=-42/1 Q91 disposition=0
2026-09-28T03:48:47.568+03:00 [s1] [O] < [-42/1 Q91] B
2026-09-28T03:48:47.569+03:00 [s1] [O] 
2026-09-28T03:48:47.571+03:00 [s2] [O] PEER_REPORT our_seq=305 TX=-42/1 Q91
2026-09-28T03:48:47.574+03:00 [s2] [O] 
2026-09-28T03:48:47.575+03:00 [s2] [O] RX ACK session=118C seq=301 ack_to=EBE8/305 frame=14B RX=-41/0 Q97
2026-09-28T03:48:47.583+03:00 [s2] [O] DELIVERY ACK user=EBE8/305 attempts=2/5 elapsed=1106ms queue=0
2026-09-28T03:48:47.584+03:00 [s2] [I] B
2026-09-28T03:48:47.661+03:00 [s2] [O] DELIVERY QUEUED source=2 bytes=1 waiting=1/8 in_flight=0
2026-09-28T03:48:47.705+03:00 [s2] [O] 
2026-09-28T03:48:47.747+03:00 [s1] [O] TX ACK seq=301 ack_to=EBE8/305 frame=14B OK time=48 ms guard=500ms
2026-09-28T03:48:47.755+03:00 [s2] [O] TX USER seq=306 frame=13B user=1B attempt=1/5 OK time=48 ms
2026-09-28T03:48:47.757+03:00 [s2] [O] > B
2026-09-28T03:48:47.758+03:00 [s2] [O] DELIVERY WAIT_ACK user=EBE8/306 attempt=1/5 timeout=747ms queue=0
2026-09-28T03:48:47.884+03:00 [s1] [O] PEER_REPORT our_seq=301 TX=-41/0 Q97
2026-09-28T03:48:47.925+03:00 [s1] [O] 
2026-09-28T03:48:47.974+03:00 [s2] [O] PEER_REPORT our_seq=306 TX=-38/1 Q91
2026-09-28T03:48:48.015+03:00 [s1] [O] RX USER session=EBE8 seq=306 frame=13B user=1B RX=-38/1 Q91 disposition=0
2026-09-28T03:48:48.068+03:00 [s2] [O] 
2026-09-28T03:48:48.110+03:00 [s2] [O] RX ACK session=118C seq=302 ack_to=EBE8/306 frame=14B RX=-42/0 Q97
2026-09-28T03:48:48.152+03:00 [s1] [O] < [-38/1 Q91] B
2026-09-28T03:48:48.153+03:00 [s1] [O] 
2026-09-28T03:48:48.196+03:00 [s1] [O] TX ACK seq=302 ack_to=EBE8/306 frame=14B OK time=48 ms guard=500ms
2026-09-28T03:48:48.206+03:00 [s2] [O] DELIVERY ACK user=EBE8/306 attempts=1/5 elapsed=262ms queue=0
2026-09-28T03:48:48.209+03:00 [s2] [I] B
2026-09-28T03:48:48.292+03:00 [s2] [O] DELIVERY QUEUED source=2 bytes=1 waiting=1/8 in_flight=0
2026-09-28T03:48:48.334+03:00 [s1] [O] PEER_REPORT our_seq=302 TX=-42/0 Q97
2026-09-28T03:48:48.335+03:00 [s2] [O] 
2026-09-28T03:48:48.337+03:00 [s2] [O] TX USER seq=307 frame=13B user=1B attempt=1/5 OK time=48 ms
2026-09-28T03:48:48.339+03:00 [s2] [O] > B
2026-09-28T03:48:48.343+03:00 [s2] [O] DELIVERY WAIT_ACK user=EBE8/307 attempt=1/5 timeout=747ms queue=0
2026-09-28T03:48:48.376+03:00 [s1] [O] 
2026-09-28T03:48:48.421+03:00 [s1] [O] RX USER session=EBE8 seq=307 frame=13B user=1B RX=-43/2 Q91 disposition=0
2026-09-28T03:48:48.509+03:00 [s1] [O] < [-43/2 Q91] B
2026-09-28T03:48:48.555+03:00 [s1] [O] 
2026-09-28T03:48:48.559+03:00 [s2] [O] PEER_REPORT our_seq=307 TX=-43/2 Q91
2026-09-28T03:48:48.562+03:00 [s2] [O] 
2026-09-28T03:48:48.566+03:00 [s2] [O] RX ACK session=118C seq=303 ack_to=EBE8/307 frame=14B RX=-40/0 Q97
2026-09-28T03:48:48.601+03:00 [s1] [O] TX ACK seq=303 ack_to=EBE8/307 frame=14B OK time=48 ms guard=500ms
2026-09-28T03:48:48.606+03:00 [s2] [O] DELIVERY ACK user=EBE8/307 attempts=1/5 elapsed=261ms queue=0
2026-09-28T03:48:48.607+03:00 [s2] [I] B
2026-09-28T03:48:48.701+03:00 [s2] [O] DELIVERY QUEUED source=2 bytes=1 waiting=1/8 in_flight=0
2026-09-28T03:48:48.736+03:00 [s1] [O] PEER_REPORT our_seq=303 TX=-40/0 Q97
2026-09-28T03:48:48.739+03:00 [s2] [O] 
2026-09-28T03:48:48.742+03:00 [s2] [O] TX USER seq=308 frame=13B user=1B attempt=1/5 OK time=48 ms
2026-09-28T03:48:48.745+03:00 [s2] [O] > B
2026-09-28T03:48:48.747+03:00 [s2] [O] DELIVERY WAIT_ACK user=EBE8/308 attempt=1/5 timeout=747ms queue=0
2026-09-28T03:48:48.782+03:00 [s1] [O] 
2026-09-28T03:48:48.825+03:00 [s1] [O] RX USER session=EBE8 seq=308 frame=13B user=1B RX=-40/2 Q91 disposition=0
2026-09-28T03:48:48.918+03:00 [s1] [O] < [-40/2 Q91] B
2026-09-28T03:48:48.966+03:00 [s2] [O] PEER_REPORT our_seq=308 TX=-40/2 Q91
2026-09-28T03:48:48.973+03:00 [s2] [O] 
2026-09-28T03:48:48.974+03:00 [s2] [O] RX ACK session=118C seq=304 ack_to=EBE8/308 frame=14B RX=-41/0 Q97
2026-09-28T03:48:49.005+03:00 [s1] [O] 
2026-09-28T03:48:49.014+03:00 [s2] [O] DELIVERY ACK user=EBE8/308 attempts=1/5 elapsed=261ms queue=0
2026-09-28T03:48:49.017+03:00 [s2] [I] B
2026-09-28T03:48:49.050+03:00 [s1] [O] TX ACK seq=304 ack_to=EBE8/308 frame=14B OK time=48 ms guard=500ms
2026-09-28T03:48:49.102+03:00 [s2] [O] DELIVERY QUEUED source=2 bytes=1 waiting=1/8 in_flight=0
2026-09-28T03:48:49.141+03:00 [s1] [O] PEER_REPORT our_seq=304 TX=-41/1 Q97
2026-09-28T03:48:49.151+03:00 [s2] [O] 
2026-09-28T03:48:49.151+03:00 [s2] [O] TX USER seq=309 frame=13B user=1B attempt=1/5 OK time=48 ms
2026-09-28T03:48:49.151+03:00 [s2] [O] > B
2026-09-28T03:48:49.151+03:00 [s2] [O] DELIVERY WAIT_ACK user=EBE8/309 attempt=1/5 timeout=747ms queue=0
2026-09-28T03:48:49.186+03:00 [s1] [O] 
2026-09-28T03:48:49.233+03:00 [s1] [O] RX USER session=EBE8 seq=309 frame=13B user=1B RX=-38/1 Q91 disposition=0
2026-09-28T03:48:49.320+03:00 [s1] [O] < [-38/1 Q91] B
2026-09-28T03:48:49.365+03:00 [s1] [O] 
2026-09-28T03:48:49.410+03:00 [s1] [O] TX ACK seq=305 ack_to=EBE8/309 frame=14B OK time=48 ms guard=500ms
2026-09-28T03:48:49.868+03:00 [s2] [O] DELIVERY ACK TIMEOUT user=EBE8/309 attempt=1/5
2026-09-28T03:48:49.910+03:00 [s2] [O] DELIVERY RETRY user=EBE8/309 next_attempt=2/5 in=56ms
2026-09-28T03:48:50.002+03:00 [s1] [O] PEER_REPORT our_seq=304 TX=-41/1 Q94
2026-09-28T03:48:50.003+03:00 [s2] [O] 
2026-09-28T03:48:50.006+03:00 [s2] [O] TX USER RETRY seq=309 frame=13B user=1B attempt=2/5 OK time=48 ms
2026-09-28T03:48:50.009+03:00 [s2] [O] DELIVERY WAIT_ACK user=EBE8/309 attempt=2/5 timeout=747ms queue=0
2026-09-28T03:48:50.042+03:00 [s1] [O] 
2026-09-28T03:48:50.086+03:00 [s1] [O] RX USER session=EBE8 seq=309 frame=13B user=1B RX=-41/2 Q91 disposition=1
2026-09-28T03:48:50.220+03:00 [s1] [O] USER DUPLICATE session=EBE8 seq=309 presentation=suppressed ack=repeated
2026-09-28T03:48:50.270+03:00 [s1] [O] 
2026-09-28T03:48:50.275+03:00 [s2] [O] PEER_REPORT our_seq=309 TX=-41/2 Q91
2026-09-28T03:48:50.277+03:00 [s2] [O] 
2026-09-28T03:48:50.279+03:00 [s2] [O] RX ACK session=118C seq=306 ack_to=EBE8/309 frame=14B RX=-40/-0 Q94
2026-09-28T03:48:50.280+03:00 [s2] [O] DELIVERY ACK user=EBE8/309 attempts=2/5 elapsed=1115ms queue=0
2026-09-28T03:48:50.281+03:00 [s1] [I] S7AP8R1-
2026-09-28T03:48:50.316+03:00 [s1] [O] TX ACK seq=306 ack_to=EBE8/309 frame=14B OK time=48 ms guard=500ms
2026-09-28T03:48:50.407+03:00 [s2] [O] PEER_REPORT our_seq=309 TX=-41/2 Q91
2026-09-28T03:48:50.412+03:00 [s2] [O] 
2026-09-28T03:48:50.413+03:00 [s2] [O] RX USER session=118C seq=307 frame=20B user=8B RX=-40/0 Q94 disposition=0
2026-09-28T03:48:50.415+03:00 [s2] [O] < [-40/0 Q94] S7AP8R1-
2026-09-28T03:48:50.445+03:00 [s1] [O] DELIVERY QUEUED source=2 bytes=8 waiting=1/8 in_flight=0
2026-09-28T03:48:50.490+03:00 [s1] [O] 
2026-09-28T03:48:50.536+03:00 [s1] [O] TX USER seq=307 frame=20B user=8B attempt=1/5 OK time=58 ms
2026-09-28T03:48:50.586+03:00 [s1] [O] > S7AP8R1-
2026-09-28T03:48:50.630+03:00 [s1] [O] DELIVERY WAIT_ACK user=118C/307 attempt=1/5 timeout=747ms queue=0
2026-09-28T03:48:50.675+03:00 [s1] [O] 
2026-09-28T03:48:50.677+03:00 [s2] [O] 
2026-09-28T03:48:50.681+03:00 [s2] [O] TX ACK seq=310 ack_to=118C/307 frame=14B OK time=48 ms guard=500ms
2026-09-28T03:48:50.810+03:00 [s1] [O] SESSION t=3720s TX ok=312 user=126 echo_req=0 echo_rep=0 hb=70(idle=70) err=0 started=312 RX ok=307 user=116 echo_req=0 echo_rep=0 hb=0 crc=6 hdr=3 bad=0 readerr=0 reports=307 Q=91% drops=0 fatal=0
2026-09-28T03:48:51.035+03:00 [s1] [O] SESSION COURTESY window=5000ms peer_release=0 expired=0 yielding=0
2026-09-28T03:48:51.171+03:00 [s1] [O] SESSION DIO0_TX affected=0/312 episodes=0 avg_all=0.00 avg_affected=0.00 high_polls=0
2026-09-28T03:48:51.347+03:00 [s1] [O] SESSION RX_POLL polls=3584921 rxdone=316 interval=1000us DIO0_RX false_high_ep=0 high_polls=0 rxdone_low=7 isr=disabled
2026-09-28T03:48:51.438+03:00 [s1] [O] PEER_REPORT our_seq=307 TX=-40/0 Q94
2026-09-28T03:48:51.485+03:00 [s1] [O] 
2026-09-28T03:48:51.529+03:00 [s1] [O] RX ACK session=EBE8 seq=310 ack_to=118C/307 frame=14B RX=-38/1 Q91
2026-09-28T03:48:51.708+03:00 [s1] [O] DELIVERY ACK user=118C/307 attempts=1/5 elapsed=252ms queue=0
2026-09-28T03:48:51.712+03:00 [s1] [I] S7AP8R2-
2026-09-28T03:48:51.799+03:00 [s1] [O] DELIVERY QUEUED source=2 bytes=8 waiting=1/8 in_flight=0
2026-09-28T03:48:51.840+03:00 [s1] [O] 
2026-09-28T03:48:51.846+03:00 [s1] [O] TX USER seq=308 frame=20B user=8B attempt=1/5 OK time=58 ms
2026-09-28T03:48:51.850+03:00 [s1] [O] > S7AP8R2-
2026-09-28T03:48:51.852+03:00 [s1] [O] DELIVERY WAIT_ACK user=118C/308 attempt=1/5 timeout=747ms queue=0
2026-09-28T03:48:51.891+03:00 [s2] [O] PEER_REPORT our_seq=310 TX=-38/1 Q91
2026-09-28T03:48:51.896+03:00 [s2] [O] 
2026-09-28T03:48:51.900+03:00 [s2] [O] RX USER session=118C seq=308 frame=20B user=8B RX=-40/0 Q94 disposition=0
2026-09-28T03:48:51.902+03:00 [s2] [O] < [-40/0 Q94] S7AP8R2-
2026-09-28T03:48:52.115+03:00 [s1] [O] PEER_REPORT our_seq=308 TX=-40/0 Q94
2026-09-28T03:48:52.117+03:00 [s2] [O] 
2026-09-28T03:48:52.120+03:00 [s2] [O] TX ACK seq=311 ack_to=118C/308 frame=14B OK time=48 ms guard=500ms
2026-09-28T03:48:52.157+03:00 [s1] [O] 
2026-09-28T03:48:52.201+03:00 [s1] [O] RX ACK session=EBE8 seq=311 ack_to=118C/308 frame=14B RX=-40/1 Q91
2026-09-28T03:48:52.337+03:00 [s1] [O] DELIVERY ACK user=118C/308 attempts=1/5 elapsed=262ms queue=0
2026-09-28T03:48:52.339+03:00 [s1] [I] S7AP8R3-
2026-09-28T03:48:52.431+03:00 [s1] [O] DELIVERY QUEUED source=2 bytes=8 waiting=1/8 in_flight=0
2026-09-28T03:48:52.475+03:00 [s2] [O] PEER_REPORT our_seq=311 TX=-40/1 Q91
2026-09-28T03:48:52.516+03:00 [s1] [O] 
2026-09-28T03:48:52.521+03:00 [s2] [O] 
2026-09-28T03:48:52.526+03:00 [s2] [O] RX USER session=118C seq=309 frame=20B user=8B RX=-41/-0 Q94 disposition=0
2026-09-28T03:48:52.531+03:00 [s2] [O] < [-41/-0 Q94] S7AP8R3-
2026-09-28T03:48:52.560+03:00 [s1] [O] TX USER seq=309 frame=20B user=8B attempt=1/5 OK time=58 ms
2026-09-28T03:48:52.608+03:00 [s1] [O] > S7AP8R3-
2026-09-28T03:48:52.653+03:00 [s1] [O] DELIVERY WAIT_ACK user=118C/309 attempt=1/5 timeout=747ms queue=0
2026-09-28T03:48:52.742+03:00 [s1] [O] PEER_REPORT our_seq=309 TX=-41/0 Q94
2026-09-28T03:48:52.748+03:00 [s2] [O] 
2026-09-28T03:48:52.751+03:00 [s2] [O] TX ACK seq=312 ack_to=118C/309 frame=14B OK time=48 ms guard=500ms
2026-09-28T03:48:52.789+03:00 [s1] [O] 
2026-09-28T03:48:52.833+03:00 [s1] [O] RX ACK session=EBE8 seq=312 ack_to=118C/309 frame=14B RX=-38/0 Q91
2026-09-28T03:48:52.967+03:00 [s1] [O] DELIVERY ACK user=118C/309 attempts=1/5 elapsed=262ms queue=0
2026-09-28T03:48:52.969+03:00 [s1] [I] S7AP8R4-
2026-09-28T03:48:53.058+03:00 [s1] [O] DELIVERY QUEUED source=2 bytes=8 waiting=1/8 in_flight=0
2026-09-28T03:48:53.109+03:00 [s2] [O] PEER_REPORT our_seq=312 TX=-38/0 Q91
2026-09-28T03:48:53.110+03:00 [s2] [O] 
2026-09-28T03:48:53.112+03:00 [s2] [O] RX USER session=118C seq=310 frame=20B user=8B RX=-41/0 Q94 disposition=0
2026-09-28T03:48:53.117+03:00 [s2] [O] < [-41/0 Q94] S7AP8R4-
2026-09-28T03:48:53.145+03:00 [s1] [O] 
2026-09-28T03:48:53.192+03:00 [s1] [O] TX USER seq=310 frame=20B user=8B attempt=1/5 OK time=58 ms
2026-09-28T03:48:53.238+03:00 [s1] [O] > S7AP8R4-
2026-09-28T03:48:53.282+03:00 [s1] [O] DELIVERY WAIT_ACK user=118C/310 attempt=1/5 timeout=747ms queue=0
2026-09-28T03:48:53.370+03:00 [s1] [O] PEER_REPORT our_seq=310 TX=-41/0 Q94
2026-09-28T03:48:53.375+03:00 [s2] [O] 
2026-09-28T03:48:53.381+03:00 [s2] [O] TX ACK seq=313 ack_to=118C/310 frame=14B OK time=48 ms guard=500ms
2026-09-28T03:48:53.418+03:00 [s1] [O] 
2026-09-28T03:48:53.460+03:00 [s1] [O] RX ACK session=EBE8 seq=313 ack_to=118C/310 frame=14B RX=-43/0 Q91
2026-09-28T03:48:53.640+03:00 [s1] [O] DELIVERY ACK user=118C/310 attempts=1/5 elapsed=263ms queue=0
2026-09-28T03:48:53.642+03:00 [s1] [I] S7AP8R5-
2026-09-28T03:48:53.732+03:00 [s1] [O] DELIVERY QUEUED source=2 bytes=8 waiting=1/8 in_flight=0
2026-09-28T03:48:53.782+03:00 [s2] [O] PEER_REPORT our_seq=313 TX=-43/1 Q91
2026-09-28T03:48:53.786+03:00 [s2] [O] 
2026-09-28T03:48:53.787+03:00 [s2] [O] RX USER session=118C seq=311 frame=20B user=8B RX=-44/0 Q94 disposition=0
2026-09-28T03:48:53.789+03:00 [s2] [O] < [-44/0 Q94] S7AP8R5-
2026-09-28T03:48:53.820+03:00 [s1] [O] 
2026-09-28T03:48:53.865+03:00 [s1] [O] TX USER seq=311 frame=20B user=8B attempt=1/5 OK time=58 ms
2026-09-28T03:48:53.958+03:00 [s1] [O] > S7AP8R5-
2026-09-28T03:48:54.004+03:00 [s1] [O] DELIVERY WAIT_ACK user=118C/311 attempt=1/5 timeout=747ms queue=0
2026-09-28T03:48:54.053+03:00 [s1] [O] PEER_REPORT our_seq=311 TX=-44/0 Q94
2026-09-28T03:48:54.057+03:00 [s2] [O] 
2026-09-28T03:48:54.059+03:00 [s2] [O] TX ACK seq=314 ack_to=118C/311 frame=14B OK time=48 ms guard=500ms
2026-09-28T03:48:54.093+03:00 [s1] [O] 
2026-09-28T03:48:54.141+03:00 [s1] [O] RX ACK session=EBE8 seq=314 ack_to=118C/311 frame=14B RX=-45/2 Q91
2026-09-28T03:48:54.272+03:00 [s1] [O] DELIVERY ACK user=118C/311 attempts=1/5 elapsed=263ms queue=0
2026-09-28T03:48:54.273+03:00 [s1] [I] S7AP8R6-
2026-09-28T03:48:54.366+03:00 [s1] [O] DELIVERY QUEUED source=2 bytes=8 waiting=1/8 in_flight=0
2026-09-28T03:48:54.411+03:00 [s2] [O] PEER_REPORT our_seq=314 TX=-45/2 Q91
2026-09-28T03:48:54.413+03:00 [s2] [O] 
2026-09-28T03:48:54.415+03:00 [s2] [O] RX USER session=118C seq=312 frame=20B user=8B RX=-37/-0 Q94 disposition=0
2026-09-28T03:48:54.424+03:00 [s2] [O] < [-37/-0 Q94] S7AP8R6-
2026-09-28T03:48:54.451+03:00 [s1] [O] 
2026-09-28T03:48:54.496+03:00 [s1] [O] TX USER seq=312 frame=20B user=8B attempt=1/5 OK time=58 ms
2026-09-28T03:48:54.546+03:00 [s1] [O] > S7AP8R6-
2026-09-28T03:48:54.588+03:00 [s1] [O] DELIVERY WAIT_ACK user=118C/312 attempt=1/5 timeout=747ms queue=0
2026-09-28T03:48:54.678+03:00 [s1] [O] PEER_REPORT our_seq=312 TX=-37/0 Q94
2026-09-28T03:48:54.682+03:00 [s2] [O] 
2026-09-28T03:48:54.687+03:00 [s2] [O] TX ACK seq=315 ack_to=118C/312 frame=14B OK time=48 ms guard=500ms
2026-09-28T03:48:54.720+03:00 [s1] [O] 
2026-09-28T03:48:54.768+03:00 [s1] [O] RX ACK session=EBE8 seq=315 ack_to=118C/312 frame=14B RX=-37/1 Q91
2026-09-28T03:48:54.900+03:00 [s1] [O] DELIVERY ACK user=118C/312 attempts=1/5 elapsed=263ms queue=0
2026-09-28T03:48:54.904+03:00 [s1] [I] S7AP8R7-
2026-09-28T03:48:54.993+03:00 [s1] [O] DELIVERY QUEUED source=2 bytes=8 waiting=1/8 in_flight=0
2026-09-28T03:48:55.042+03:00 [s2] [O] PEER_REPORT our_seq=315 TX=-37/1 Q91
2026-09-28T03:48:55.046+03:00 [s2] [O] 
2026-09-28T03:48:55.050+03:00 [s2] [O] RX USER session=118C seq=313 frame=20B user=8B RX=-41/0 Q94 disposition=0
2026-09-28T03:48:55.052+03:00 [s2] [O] < [-41/0 Q94] S7AP8R7-
2026-09-28T03:48:55.083+03:00 [s1] [O] 
2026-09-28T03:48:55.125+03:00 [s1] [O] TX USER seq=313 frame=20B user=8B attempt=1/5 OK time=58 ms
2026-09-28T03:48:55.171+03:00 [s1] [O] > S7AP8R7-
2026-09-28T03:48:55.219+03:00 [s1] [O] DELIVERY WAIT_ACK user=118C/313 attempt=1/5 timeout=747ms queue=0
2026-09-28T03:48:55.309+03:00 [s1] [O] PEER_REPORT our_seq=313 TX=-41/0 Q94
2026-09-28T03:48:55.310+03:00 [s2] [O] 
2026-09-28T03:48:55.313+03:00 [s2] [O] TX ACK seq=316 ack_to=118C/313 frame=14B OK time=48 ms guard=500ms
2026-09-28T03:48:55.354+03:00 [s1] [O] 
2026-09-28T03:48:55.399+03:00 [s1] [O] RX ACK session=EBE8 seq=316 ack_to=118C/313 frame=14B RX=-40/0 Q91
2026-09-28T03:48:55.530+03:00 [s1] [O] DELIVERY ACK user=118C/313 attempts=1/5 elapsed=275ms queue=0
2026-09-28T03:48:55.535+03:00 [s1] [I] S7AP8R8-
2026-09-28T03:48:55.623+03:00 [s1] [O] DELIVERY QUEUED source=2 bytes=8 waiting=1/8 in_flight=0
2026-09-28T03:48:55.673+03:00 [s2] [O] PEER_REPORT our_seq=316 TX=-40/0 Q91
2026-09-28T03:48:55.676+03:00 [s2] [O] 
2026-09-28T03:48:55.678+03:00 [s2] [O] RX USER session=118C seq=314 frame=20B user=8B RX=-41/1 Q94 disposition=0
2026-09-28T03:48:55.679+03:00 [s2] [O] < [-41/1 Q94] S7AP8R8-
2026-09-28T03:48:55.710+03:00 [s1] [O] 
2026-09-28T03:48:55.755+03:00 [s1] [O] TX USER seq=314 frame=20B user=8B attempt=1/5 OK time=58 ms
2026-09-28T03:48:55.803+03:00 [s1] [O] > S7AP8R8-
2026-09-28T03:48:55.854+03:00 [s1] [O] DELIVERY WAIT_ACK user=118C/314 attempt=1/5 timeout=747ms queue=0
2026-09-28T03:48:55.938+03:00 [s1] [O] PEER_REPORT our_seq=314 TX=-41/1 Q94
2026-09-28T03:48:55.942+03:00 [s2] [O] 
2026-09-28T03:48:55.946+03:00 [s2] [O] TX ACK seq=317 ack_to=118C/314 frame=14B OK time=48 ms guard=500ms
2026-09-28T03:48:55.983+03:00 [s1] [O] 
2026-09-28T03:48:56.029+03:00 [s1] [O] RX ACK session=EBE8 seq=317 ack_to=118C/314 frame=14B RX=-41/4 Q91
2026-09-28T03:48:56.162+03:00 [s1] [O] DELIVERY ACK user=118C/314 attempts=1/5 elapsed=263ms queue=0
2026-09-28T03:48:56.166+03:00 [s1] [I] S7AP8R9-
2026-09-28T03:48:56.252+03:00 [s1] [O] DELIVERY QUEUED source=2 bytes=8 waiting=1/8 in_flight=0
2026-09-28T03:48:56.302+03:00 [s2] [O] PEER_REPORT our_seq=317 TX=-41/4 Q91
2026-09-28T03:48:56.303+03:00 [s2] [O] 
2026-09-28T03:48:56.305+03:00 [s2] [O] RX USER session=118C seq=315 frame=20B user=8B RX=-44/-0 Q94 disposition=0
2026-09-28T03:48:56.310+03:00 [s2] [O] < [-44/-0 Q94] S7AP8R9-
2026-09-28T03:48:56.340+03:00 [s1] [O] 
2026-09-28T03:48:56.384+03:00 [s1] [O] TX USER seq=315 frame=20B user=8B attempt=1/5 OK time=58 ms
2026-09-28T03:48:56.432+03:00 [s1] [O] > S7AP8R9-
2026-09-28T03:48:56.475+03:00 [s1] [O] DELIVERY WAIT_ACK user=118C/315 attempt=1/5 timeout=747ms queue=0
2026-09-28T03:48:56.568+03:00 [s1] [O] PEER_REPORT our_seq=315 TX=-44/-1 Q94
2026-09-28T03:48:56.570+03:00 [s2] [O] 
2026-09-28T03:48:56.572+03:00 [s2] [O] TX ACK seq=318 ack_to=118C/315 frame=14B OK time=48 ms guard=500ms
2026-09-28T03:48:56.616+03:00 [s1] [O] 
2026-09-28T03:48:56.655+03:00 [s1] [O] RX ACK session=EBE8 seq=318 ack_to=118C/315 frame=14B RX=-40/2 Q91
2026-09-28T03:48:56.790+03:00 [s1] [O] DELIVERY ACK user=118C/315 attempts=1/5 elapsed=262ms queue=0
2026-09-28T03:48:56.791+03:00 [s1] [I] S7AP8R10
2026-09-28T03:48:56.924+03:00 [s1] [O] DELIVERY QUEUED source=2 bytes=8 waiting=1/8 in_flight=0
2026-09-28T03:48:56.935+03:00 [s2] [O] PEER_REPORT our_seq=318 TX=-40/3 Q91
2026-09-28T03:48:56.937+03:00 [s2] [O] 
2026-09-28T03:48:56.938+03:00 [s2] [O] RX USER session=118C seq=316 frame=20B user=8B RX=-41/0 Q94 disposition=0
2026-09-28T03:48:56.939+03:00 [s2] [O] < [-41/0 Q94] S7AP8R10
2026-09-28T03:48:56.971+03:00 [s1] [O] 
2026-09-28T03:48:57.017+03:00 [s1] [O] TX USER seq=316 frame=20B user=8B attempt=1/5 OK time=58 ms
2026-09-28T03:48:57.067+03:00 [s1] [O] > S7AP8R10
2026-09-28T03:48:57.107+03:00 [s1] [O] DELIVERY WAIT_ACK user=118C/316 attempt=1/5 timeout=747ms queue=0
2026-09-28T03:48:57.203+03:00 [s2] [O] 
2026-09-28T03:48:57.203+03:00 [s1] [O] PEER_REPORT our_seq=316 TX=-41/0 Q94
2026-09-28T03:48:57.204+03:00 [s2] [O] TX ACK seq=319 ack_to=118C/316 frame=14B OK time=48 ms guard=500ms
2026-09-28T03:48:57.240+03:00 [s1] [O] 
2026-09-28T03:48:57.284+03:00 [s1] [O] RX ACK session=EBE8 seq=319 ack_to=118C/316 frame=14B RX=-38/0 Q91
2026-09-28T03:48:57.421+03:00 [s1] [O] DELIVERY ACK user=118C/316 attempts=1/5 elapsed=263ms queue=0
2026-09-28T03:48:57.423+03:00 [s2] [I] S7BP8R1-
2026-09-28T03:48:57.517+03:00 [s2] [O] DELIVERY QUEUED source=2 bytes=8 waiting=1/8 in_flight=0
2026-09-28T03:48:57.555+03:00 [s1] [O] PEER_REPORT our_seq=316 TX=-41/0 Q94
2026-09-28T03:48:57.560+03:00 [s2] [O] 
2026-09-28T03:48:57.562+03:00 [s2] [O] TX USER seq=320 frame=20B user=8B attempt=1/5 OK time=59 ms
2026-09-28T03:48:57.565+03:00 [s2] [O] > S7BP8R1-
2026-09-28T03:48:57.567+03:00 [s2] [O] DELIVERY WAIT_ACK user=EBE8/320 attempt=1/5 timeout=747ms queue=0
2026-09-28T03:48:57.601+03:00 [s1] [O] 
2026-09-28T03:48:57.649+03:00 [s1] [O] RX USER session=EBE8 seq=320 frame=20B user=8B RX=-42/3 Q91 disposition=0
2026-09-28T03:48:57.735+03:00 [s1] [O] < [-42/3 Q91] S7BP8R1-
2026-09-28T03:48:57.824+03:00 [s1] [O] 
2026-09-28T03:48:57.834+03:00 [s2] [O] PEER_REPORT our_seq=320 TX=-42/3 Q91
2026-09-28T03:48:57.834+03:00 [s2] [O] 
2026-09-28T03:48:57.835+03:00 [s2] [O] RX ACK session=118C seq=317 ack_to=EBE8/320 frame=14B RX=-41/-0 Q94
2026-09-28T03:48:57.839+03:00 [s2] [O] DELIVERY ACK user=EBE8/320 attempts=1/5 elapsed=263ms queue=0
2026-09-28T03:48:57.841+03:00 [s2] [I] S7BP8R2-
2026-09-28T03:48:57.870+03:00 [s1] [O] TX ACK seq=317 ack_to=EBE8/320 frame=14B OK time=48 ms guard=500ms
2026-09-28T03:48:57.922+03:00 [s2] [O] DELIVERY QUEUED source=2 bytes=8 waiting=1/8 in_flight=0
2026-09-28T03:48:57.963+03:00 [s1] [O] PEER_REPORT our_seq=317 TX=-41/0 Q94
2026-09-28T03:48:57.966+03:00 [s2] [O] 
2026-09-28T03:48:57.969+03:00 [s2] [O] TX USER seq=321 frame=20B user=8B attempt=1/5 OK time=59 ms
2026-09-28T03:48:57.973+03:00 [s2] [O] > S7BP8R2-
2026-09-28T03:48:57.980+03:00 [s2] [O] DELIVERY WAIT_ACK user=EBE8/321 attempt=1/5 timeout=747ms queue=0
2026-09-28T03:48:58.007+03:00 [s1] [O] 
2026-09-28T03:48:58.054+03:00 [s1] [O] RX USER session=EBE8 seq=321 frame=20B user=8B RX=-42/5 Q91 disposition=0
2026-09-28T03:48:58.143+03:00 [s1] [O] < [-42/5 Q91] S7BP8R2-
2026-09-28T03:48:58.234+03:00 [s1] [O] 
2026-09-28T03:48:58.238+03:00 [s2] [O] PEER_REPORT our_seq=321 TX=-42/5 Q91
2026-09-28T03:48:58.240+03:00 [s2] [O] 
2026-09-28T03:48:58.241+03:00 [s2] [O] RX ACK session=118C seq=318 ack_to=EBE8/321 frame=14B RX=-39/2 Q94
2026-09-28T03:48:58.245+03:00 [s2] [O] DELIVERY ACK user=EBE8/321 attempts=1/5 elapsed=262ms queue=0
2026-09-28T03:48:58.250+03:00 [s2] [I] S7BP8R3-
2026-09-28T03:48:58.276+03:00 [s1] [O] TX ACK seq=318 ack_to=EBE8/321 frame=14B OK time=48 ms guard=500ms
2026-09-28T03:48:58.327+03:00 [s2] [O] DELIVERY QUEUED source=2 bytes=8 waiting=1/8 in_flight=0
2026-09-28T03:48:58.370+03:00 [s2] [O] 
2026-09-28T03:48:58.372+03:00 [s1] [O] PEER_REPORT our_seq=318 TX=-39/2 Q94
2026-09-28T03:48:58.375+03:00 [s2] [O] TX USER seq=322 frame=20B user=8B attempt=1/5 OK time=58 ms
2026-09-28T03:48:58.378+03:00 [s2] [O] > S7BP8R3-
2026-09-28T03:48:58.383+03:00 [s2] [O] DELIVERY WAIT_ACK user=EBE8/322 attempt=1/5 timeout=747ms queue=0
2026-09-28T03:48:58.417+03:00 [s1] [O] 
2026-09-28T03:48:58.459+03:00 [s1] [O] RX USER session=EBE8 seq=322 frame=20B user=8B RX=-45/4 Q91 disposition=0
2026-09-28T03:48:58.553+03:00 [s1] [O] < [-45/4 Q91] S7BP8R3-
2026-09-28T03:48:58.635+03:00 [s1] [O] 
2026-09-28T03:48:58.641+03:00 [s2] [O] PEER_REPORT our_seq=322 TX=-45/4 Q91
2026-09-28T03:48:58.647+03:00 [s2] [O] 
2026-09-28T03:48:58.656+03:00 [s2] [O] RX ACK session=118C seq=319 ack_to=EBE8/322 frame=14B RX=-41/4 Q94
2026-09-28T03:48:58.657+03:00 [s2] [O] DELIVERY ACK user=EBE8/322 attempts=1/5 elapsed=262ms queue=0
2026-09-28T03:48:58.658+03:00 [s2] [I] S7BP8R4-
2026-09-28T03:48:58.682+03:00 [s1] [O] TX ACK seq=319 ack_to=EBE8/322 frame=14B OK time=48 ms guard=500ms
2026-09-28T03:48:58.734+03:00 [s2] [O] DELIVERY QUEUED source=2 bytes=8 waiting=1/8 in_flight=0
2026-09-28T03:48:58.773+03:00 [s1] [O] PEER_REPORT our_seq=319 TX=-41/4 Q94
2026-09-28T03:48:58.777+03:00 [s2] [O] 
2026-09-28T03:48:58.779+03:00 [s2] [O] TX USER seq=323 frame=20B user=8B attempt=1/5 OK time=58 ms
2026-09-28T03:48:58.783+03:00 [s2] [O] > S7BP8R4-
2026-09-28T03:48:58.785+03:00 [s2] [O] DELIVERY WAIT_ACK user=EBE8/323 attempt=1/5 timeout=747ms queue=0
2026-09-28T03:48:58.818+03:00 [s1] [O] 
2026-09-28T03:48:58.868+03:00 [s1] [O] RX USER session=EBE8 seq=323 frame=20B user=8B RX=-43/8 Q91 disposition=0
2026-09-28T03:48:58.953+03:00 [s1] [O] < [-43/8 Q91] S7BP8R4-
2026-09-28T03:48:59.040+03:00 [s1] [O] 
2026-09-28T03:48:59.049+03:00 [s2] [O] PEER_REPORT our_seq=323 TX=-43/8 Q91
2026-09-28T03:48:59.051+03:00 [s2] [O] 
2026-09-28T03:48:59.054+03:00 [s2] [O] RX ACK session=118C seq=320 ack_to=EBE8/323 frame=14B RX=-43/4 Q94
2026-09-28T03:48:59.057+03:00 [s2] [O] DELIVERY ACK user=EBE8/323 attempts=1/5 elapsed=262ms queue=0
2026-09-28T03:48:59.060+03:00 [s2] [I] S7BP8R5-
2026-09-28T03:48:59.085+03:00 [s1] [O] TX ACK seq=320 ack_to=EBE8/323 frame=14B OK time=48 ms guard=500ms
2026-09-28T03:48:59.140+03:00 [s2] [O] DELIVERY QUEUED source=2 bytes=8 waiting=1/8 in_flight=0
2026-09-28T03:48:59.177+03:00 [s1] [O] PEER_REPORT our_seq=320 TX=-43/4 Q94
2026-09-28T03:48:59.182+03:00 [s2] [O] 
2026-09-28T03:48:59.188+03:00 [s2] [O] TX USER seq=324 frame=20B user=8B attempt=1/5 OK time=59 ms
2026-09-28T03:48:59.189+03:00 [s2] [O] > S7BP8R5-
2026-09-28T03:48:59.191+03:00 [s2] [O] DELIVERY WAIT_ACK user=EBE8/324 attempt=1/5 timeout=747ms queue=0
2026-09-28T03:48:59.223+03:00 [s1] [O] 
2026-09-28T03:48:59.269+03:00 [s1] [O] RX USER session=EBE8 seq=324 frame=20B user=8B RX=-44/8 Q91 disposition=0
2026-09-28T03:48:59.359+03:00 [s1] [O] < [-44/8 Q91] S7BP8R5-
2026-09-28T03:48:59.445+03:00 [s1] [O] 
2026-09-28T03:48:59.450+03:00 [s2] [O] PEER_REPORT our_seq=324 TX=-44/8 Q91
2026-09-28T03:48:59.452+03:00 [s2] [O] 
2026-09-28T03:48:59.455+03:00 [s2] [O] RX ACK session=118C seq=321 ack_to=EBE8/324 frame=14B RX=-42/6 Q94
2026-09-28T03:48:59.461+03:00 [s2] [O] DELIVERY ACK user=EBE8/324 attempts=1/5 elapsed=262ms queue=0
2026-09-28T03:48:59.465+03:00 [s2] [I] S7BP8R6-
2026-09-28T03:48:59.490+03:00 [s1] [O] TX ACK seq=321 ack_to=EBE8/324 frame=14B OK time=48 ms guard=500ms
2026-09-28T03:48:59.543+03:00 [s2] [O] DELIVERY QUEUED source=2 bytes=8 waiting=1/8 in_flight=0
2026-09-28T03:48:59.586+03:00 [s1] [O] PEER_REPORT our_seq=321 TX=-42/6 Q94
2026-09-28T03:48:59.591+03:00 [s2] [O] 
2026-09-28T03:48:59.593+03:00 [s2] [O] TX USER seq=325 frame=20B user=8B attempt=1/5 OK time=59 ms
2026-09-28T03:48:59.594+03:00 [s2] [O] > S7BP8R6-
2026-09-28T03:48:59.595+03:00 [s2] [O] DELIVERY WAIT_ACK user=EBE8/325 attempt=1/5 timeout=747ms queue=0
2026-09-28T03:48:59.628+03:00 [s1] [O] 
2026-09-28T03:48:59.671+03:00 [s1] [O] RX USER session=EBE8 seq=325 frame=20B user=8B RX=-44/8 Q91 disposition=0
2026-09-28T03:48:59.764+03:00 [s1] [O] < [-44/8 Q91] S7BP8R6-
2026-09-28T03:48:59.861+03:00 [s2] [O] PEER_REPORT our_seq=325 TX=-44/8 Q91
2026-09-28T03:48:59.865+03:00 [s2] [O] 
2026-09-28T03:48:59.869+03:00 [s2] [O] RX ACK session=118C seq=322 ack_to=EBE8/325 frame=14B RX=-38/5 Q94
2026-09-28T03:48:59.870+03:00 [s2] [O] DELIVERY ACK user=EBE8/325 attempts=1/5 elapsed=262ms queue=0
2026-09-28T03:48:59.872+03:00 [s2] [I] S7BP8R7-
2026-09-28T03:48:59.897+03:00 [s1] [O] 
2026-09-28T03:48:59.940+03:00 [s1] [O] TX ACK seq=322 ack_to=EBE8/325 frame=14B OK time=48 ms guard=500ms
2026-09-28T03:48:59.946+03:00 [s2] [O] DELIVERY QUEUED source=2 bytes=8 waiting=1/8 in_flight=0
2026-09-28T03:48:59.991+03:00 [s2] [O] 
2026-09-28T03:49:00.000+03:00 [s2] [O] TX USER seq=326 frame=20B user=8B attempt=1/5 OK time=58 ms
2026-09-28T03:49:00.002+03:00 [s2] [O] > S7BP8R7-
2026-09-28T03:49:00.003+03:00 [s2] [O] DELIVERY WAIT_ACK user=EBE8/326 attempt=1/5 timeout=747ms queue=0
2026-09-28T03:49:00.033+03:00 [s1] [O] PEER_REPORT our_seq=322 TX=-38/5 Q94
2026-09-28T03:49:00.080+03:00 [s1] [O] 
2026-09-28T03:49:00.121+03:00 [s1] [O] RX USER session=EBE8 seq=326 frame=20B user=8B RX=-42/5 Q91 disposition=0
2026-09-28T03:49:00.214+03:00 [s1] [O] < [-42/5 Q91] S7BP8R7-
2026-09-28T03:49:00.255+03:00 [s1] [O] 
2026-09-28T03:49:00.301+03:00 [s1] [O] TX ACK seq=323 ack_to=EBE8/326 frame=14B OK time=48 ms guard=500ms
2026-09-28T03:49:00.308+03:00 [s2] [O] PEER_REPORT our_seq=326 TX=-42/5 Q91
2026-09-28T03:49:00.311+03:00 [s2] [O] 
2026-09-28T03:49:00.314+03:00 [s2] [O] RX ACK session=118C seq=323 ack_to=EBE8/326 frame=14B RX=-42/2 Q94
2026-09-28T03:49:00.316+03:00 [s2] [O] DELIVERY ACK user=EBE8/326 attempts=1/5 elapsed=262ms queue=0
2026-09-28T03:49:00.318+03:00 [s2] [I] S7BP8R8-
2026-09-28T03:49:00.402+03:00 [s2] [O] DELIVERY QUEUED source=2 bytes=8 waiting=1/8 in_flight=0
2026-09-28T03:49:00.438+03:00 [s1] [O] PEER_REPORT our_seq=323 TX=-42/2 Q94
2026-09-28T03:49:00.442+03:00 [s2] [O] 
2026-09-28T03:49:00.444+03:00 [s2] [O] TX USER seq=327 frame=20B user=8B attempt=1/5 OK time=59 ms
2026-09-28T03:49:00.450+03:00 [s2] [O] > S7BP8R8-
2026-09-28T03:49:00.451+03:00 [s2] [O] DELIVERY WAIT_ACK user=EBE8/327 attempt=1/5 timeout=747ms queue=0
2026-09-28T03:49:00.487+03:00 [s1] [O] 
2026-09-28T03:49:00.528+03:00 [s1] [O] RX USER session=EBE8 seq=327 frame=20B user=8B RX=-42/8 Q91 disposition=0
2026-09-28T03:49:00.618+03:00 [s1] [O] < [-42/8 Q91] S7BP8R8-
2026-09-28T03:49:00.705+03:00 [s1] [O] 
2026-09-28T03:49:00.716+03:00 [s2] [O] PEER_REPORT our_seq=327 TX=-42/8 Q91
2026-09-28T03:49:00.718+03:00 [s2] [O] 
2026-09-28T03:49:00.719+03:00 [s2] [O] RX ACK session=118C seq=324 ack_to=EBE8/327 frame=14B RX=-39/4 Q94
2026-09-28T03:49:00.721+03:00 [s2] [O] DELIVERY ACK user=EBE8/327 attempts=1/5 elapsed=262ms queue=0
2026-09-28T03:49:00.722+03:00 [s2] [I] S7BP8R9-
2026-09-28T03:49:00.750+03:00 [s1] [O] TX ACK seq=324 ack_to=EBE8/327 frame=14B OK time=48 ms guard=500ms
2026-09-28T03:49:00.801+03:00 [s2] [O] DELIVERY QUEUED source=2 bytes=8 waiting=1/8 in_flight=0
2026-09-28T03:49:00.842+03:00 [s1] [O] PEER_REPORT our_seq=324 TX=-39/4 Q94
2026-09-28T03:49:00.848+03:00 [s2] [O] 
2026-09-28T03:49:00.849+03:00 [s2] [O] TX USER seq=328 frame=20B user=8B attempt=1/5 OK time=59 ms
2026-09-28T03:49:00.854+03:00 [s2] [O] > S7BP8R9-
2026-09-28T03:49:00.855+03:00 [s2] [O] DELIVERY WAIT_ACK user=EBE8/328 attempt=1/5 timeout=747ms queue=0
2026-09-28T03:49:00.887+03:00 [s1] [O] 
2026-09-28T03:49:00.933+03:00 [s1] [O] RX USER session=EBE8 seq=328 frame=20B user=8B RX=-42/7 Q91 disposition=0
2026-09-28T03:49:01.023+03:00 [s1] [O] < [-42/7 Q91] S7BP8R9-
2026-09-28T03:49:01.113+03:00 [s1] [O] 
2026-09-28T03:49:01.118+03:00 [s2] [O] PEER_REPORT our_seq=328 TX=-42/7 Q91
2026-09-28T03:49:01.123+03:00 [s2] [O] 
2026-09-28T03:49:01.127+03:00 [s2] [O] RX ACK session=118C seq=325 ack_to=EBE8/328 frame=14B RX=-41/4 Q94
2026-09-28T03:49:01.129+03:00 [s2] [O] DELIVERY ACK user=EBE8/328 attempts=1/5 elapsed=262ms queue=0
2026-09-28T03:49:01.132+03:00 [s2] [I] S7BP8R10
2026-09-28T03:49:01.157+03:00 [s1] [O] TX ACK seq=325 ack_to=EBE8/328 frame=14B OK time=48 ms guard=500ms
2026-09-28T03:49:01.207+03:00 [s2] [O] DELIVERY QUEUED source=2 bytes=8 waiting=1/8 in_flight=0
2026-09-28T03:49:01.251+03:00 [s1] [O] PEER_REPORT our_seq=325 TX=-41/4 Q94
2026-09-28T03:49:01.252+03:00 [s2] [O] 
2026-09-28T03:49:01.255+03:00 [s2] [O] TX USER seq=329 frame=20B user=8B attempt=1/5 OK time=59 ms
2026-09-28T03:49:01.258+03:00 [s2] [O] > S7BP8R10
2026-09-28T03:49:01.261+03:00 [s2] [O] DELIVERY WAIT_ACK user=EBE8/329 attempt=1/5 timeout=747ms queue=0
2026-09-28T03:49:01.293+03:00 [s1] [O] 
2026-09-28T03:49:01.342+03:00 [s1] [O] RX USER session=EBE8 seq=329 frame=20B user=8B RX=-41/4 Q91 disposition=0
2026-09-28T03:49:01.425+03:00 [s1] [O] < [-41/4 Q91] S7BP8R10
2026-09-28T03:49:01.515+03:00 [s1] [O] 
2026-09-28T03:49:01.523+03:00 [s2] [O] PEER_REPORT our_seq=329 TX=-41/4 Q91
2026-09-28T03:49:01.526+03:00 [s2] [O] 
2026-09-28T03:49:01.529+03:00 [s2] [O] RX ACK session=118C seq=326 ack_to=EBE8/329 frame=14B RX=-43/1 Q94
2026-09-28T03:49:01.536+03:00 [s2] [O] DELIVERY ACK user=EBE8/329 attempts=1/5 elapsed=261ms queue=0
2026-09-28T03:49:01.539+03:00 [s1] [I] S7AP16R1-XXXXXXX
2026-09-28T03:49:01.561+03:00 [s1] [O] TX ACK seq=326 ack_to=EBE8/329 frame=14B OK time=48 ms guard=500ms
2026-09-28T03:49:01.654+03:00 [s1] [O] DELIVERY QUEUED source=2 bytes=16 waiting=1/8 in_flight=0
2026-09-28T03:49:01.657+03:00 [s2] [O] PEER_REPORT our_seq=329 TX=-41/4 Q91
2026-09-28T03:49:01.662+03:00 [s2] [O] 
2026-09-28T03:49:01.665+03:00 [s2] [O] RX USER session=118C seq=327 frame=28B user=16B RX=-43/0 Q94 disposition=0
2026-09-28T03:49:01.667+03:00 [s2] [O] < [-43/0 Q94] S7AP16R1-XXXXXXX
2026-09-28T03:49:01.696+03:00 [s1] [O] 
2026-09-28T03:49:01.741+03:00 [s1] [O] TX USER seq=327 frame=28B user=16B attempt=1/5 OK time=68 ms
2026-09-28T03:49:01.791+03:00 [s1] [O] > S7AP16R1-XXXXXXX
2026-09-28T03:49:01.875+03:00 [s1] [O] DELIVERY WAIT_ACK user=118C/327 attempt=1/5 timeout=747ms queue=0
2026-09-28T03:49:01.924+03:00 [s1] [O] PEER_REPORT our_seq=327 TX=-43/0 Q94
2026-09-28T03:49:01.928+03:00 [s2] [O] 
2026-09-28T03:49:01.931+03:00 [s2] [O] TX ACK seq=330 ack_to=118C/327 frame=14B OK time=48 ms guard=500ms
2026-09-28T03:49:01.968+03:00 [s1] [O] 
2026-09-28T03:49:02.014+03:00 [s1] [O] RX ACK session=EBE8 seq=330 ack_to=118C/327 frame=14B RX=-41/-0 Q91
2026-09-28T03:49:02.146+03:00 [s1] [O] DELIVERY ACK user=118C/327 attempts=1/5 elapsed=263ms queue=0
2026-09-28T03:49:02.155+03:00 [s1] [I] S7AP16R2-XXXXXXX
2026-09-28T03:49:02.243+03:00 [s1] [O] DELIVERY QUEUED source=2 bytes=16 waiting=1/8 in_flight=0
2026-09-28T03:49:02.285+03:00 [s2] [O] PEER_REPORT our_seq=330 TX=-41/0 Q91
2026-09-28T03:49:02.288+03:00 [s2] [O] 
2026-09-28T03:49:02.290+03:00 [s2] [O] RX USER session=118C seq=328 frame=28B user=16B RX=-43/0 Q94 disposition=0
2026-09-28T03:49:02.300+03:00 [s2] [O] < [-43/0 Q94] S7AP16R2-XXXXXXX
2026-09-28T03:49:02.324+03:00 [s1] [O] 
2026-09-28T03:49:02.369+03:00 [s1] [O] TX USER seq=328 frame=28B user=16B attempt=1/5 OK time=68 ms
2026-09-28T03:49:02.416+03:00 [s1] [O] > S7AP16R2-XXXXXXX
2026-09-28T03:49:02.464+03:00 [s1] [O] DELIVERY WAIT_ACK user=118C/328 attempt=1/5 timeout=747ms queue=0
2026-09-28T03:49:02.556+03:00 [s2] [O] 
2026-09-28T03:49:02.562+03:00 [s2] [O] TX ACK seq=331 ack_to=118C/328 frame=14B OK time=48 ms guard=500ms
2026-09-28T03:49:03.047+03:00 [s1] [O] DELIVERY ACK TIMEOUT user=118C/328 attempt=1/5
2026-09-28T03:49:03.138+03:00 [s1] [O] DELIVERY RETRY user=118C/328 next_attempt=2/5 in=100ms
2026-09-28T03:49:03.225+03:00 [s1] [O] 
2026-09-28T03:49:03.240+03:00 [s2] [O] PEER_REPORT our_seq=330 TX=-41/0 Q88
2026-09-28T03:49:03.243+03:00 [s2] [O] 
2026-09-28T03:49:03.244+03:00 [s2] [O] RX USER session=118C seq=328 frame=28B user=16B RX=-44/-0 Q94 disposition=1
2026-09-28T03:49:03.245+03:00 [s2] [O] USER DUPLICATE session=118C seq=328 presentation=suppressed ack=repeated
2026-09-28T03:49:03.270+03:00 [s1] [O] TX USER RETRY seq=328 frame=28B user=16B attempt=2/5 OK time=68 ms
2026-09-28T03:49:03.361+03:00 [s1] [O] DELIVERY WAIT_ACK user=118C/328 attempt=2/5 timeout=747ms queue=0
2026-09-28T03:49:03.452+03:00 [s1] [O] PEER_REPORT our_seq=328 TX=-44/-1 Q94
2026-09-28T03:49:03.455+03:00 [s2] [O] 
2026-09-28T03:49:03.456+03:00 [s2] [O] TX ACK seq=332 ack_to=118C/328 frame=14B OK time=48 ms guard=500ms
2026-09-28T03:49:03.496+03:00 [s1] [O] 
2026-09-28T03:49:03.543+03:00 [s1] [O] RX ACK session=EBE8 seq=332 ack_to=118C/328 frame=14B RX=-43/2 Q88
2026-09-28T03:49:03.676+03:00 [s1] [O] DELIVERY ACK user=118C/328 attempts=2/5 elapsed=1180ms queue=0
2026-09-28T03:49:03.682+03:00 [s1] [I] S7AP16R3-XXXXXXX
2026-09-28T03:49:03.770+03:00 [s1] [O] DELIVERY QUEUED source=2 bytes=16 waiting=1/8 in_flight=0
2026-09-28T03:49:03.817+03:00 [s2] [O] PEER_REPORT our_seq=332 TX=-43/2 Q88
2026-09-28T03:49:03.819+03:00 [s2] [O] 
2026-09-28T03:49:03.819+03:00 [s2] [O] RX USER session=118C seq=329 frame=28B user=16B RX=-39/0 Q94 disposition=0
2026-09-28T03:49:03.824+03:00 [s2] [O] < [-39/0 Q94] S7AP16R3-XXXXXXX
2026-09-28T03:49:03.855+03:00 [s1] [O] 
2026-09-28T03:49:03.901+03:00 [s1] [O] TX USER seq=329 frame=28B user=16B attempt=1/5 OK time=68 ms
2026-09-28T03:49:03.990+03:00 [s1] [O] > S7AP16R3-XXXXXXX
2026-09-28T03:49:04.038+03:00 [s1] [O] DELIVERY WAIT_ACK user=118C/329 attempt=1/5 timeout=747ms queue=0
2026-09-28T03:49:04.084+03:00 [s1] [O] PEER_REPORT our_seq=329 TX=-39/0 Q94
2026-09-28T03:49:04.086+03:00 [s2] [O] 
2026-09-28T03:49:04.092+03:00 [s2] [O] TX ACK seq=333 ack_to=118C/329 frame=14B OK time=48 ms guard=500ms
2026-09-28T03:49:04.135+03:00 [s1] [O] 
2026-09-28T03:49:04.175+03:00 [s1] [O] RX ACK session=EBE8 seq=333 ack_to=118C/329 frame=14B RX=-43/-0 Q88
2026-09-28T03:49:04.312+03:00 [s1] [O] DELIVERY ACK user=118C/329 attempts=1/5 elapsed=262ms queue=0
2026-09-28T03:49:04.317+03:00 [s1] [I] S7AP16R4-XXXXXXX
2026-09-28T03:49:04.400+03:00 [s1] [O] DELIVERY QUEUED source=2 bytes=16 waiting=1/8 in_flight=0
2026-09-28T03:49:04.449+03:00 [s2] [O] PEER_REPORT our_seq=333 TX=-43/0 Q88
2026-09-28T03:49:04.451+03:00 [s2] [O] 
2026-09-28T03:49:04.454+03:00 [s2] [O] RX USER session=118C seq=330 frame=28B user=16B RX=-45/0 Q94 disposition=0
2026-09-28T03:49:04.456+03:00 [s2] [O] < [-45/0 Q94] S7AP16R4-XXXXXXX
2026-09-28T03:49:04.486+03:00 [s1] [O] 
2026-09-28T03:49:04.532+03:00 [s1] [O] TX USER seq=330 frame=28B user=16B attempt=1/5 OK time=68 ms
2026-09-28T03:49:04.576+03:00 [s1] [O] > S7AP16R4-XXXXXXX
2026-09-28T03:49:04.623+03:00 [s1] [O] DELIVERY WAIT_ACK user=118C/330 attempt=1/5 timeout=747ms queue=0
2026-09-28T03:49:04.711+03:00 [s1] [O] PEER_REPORT our_seq=330 TX=-45/1 Q94
2026-09-28T03:49:04.721+03:00 [s2] [O] 
2026-09-28T03:49:04.722+03:00 [s2] [O] TX ACK seq=334 ack_to=118C/330 frame=14B OK time=48 ms guard=500ms
2026-09-28T03:49:04.758+03:00 [s1] [O] 
2026-09-28T03:49:04.802+03:00 [s1] [O] RX ACK session=EBE8 seq=334 ack_to=118C/330 frame=14B RX=-38/1 Q88
2026-09-28T03:49:04.936+03:00 [s1] [O] DELIVERY ACK user=118C/330 attempts=1/5 elapsed=262ms queue=0
2026-09-28T03:49:04.940+03:00 [s1] [I] S7AP16R5-XXXXXXX
2026-09-28T03:49:05.033+03:00 [s1] [O] DELIVERY QUEUED source=2 bytes=16 waiting=1/8 in_flight=0
2026-09-28T03:49:05.077+03:00 [s2] [O] PEER_REPORT our_seq=334 TX=-38/1 Q88
2026-09-28T03:49:05.082+03:00 [s2] [O] 
2026-09-28T03:49:05.085+03:00 [s2] [O] RX USER session=118C seq=331 frame=28B user=16B RX=-43/0 Q94 disposition=0
2026-09-28T03:49:05.087+03:00 [s2] [O] < [-43/0 Q94] S7AP16R5-XXXXXXX
2026-09-28T03:49:05.117+03:00 [s1] [O] 
2026-09-28T03:49:05.164+03:00 [s1] [O] TX USER seq=331 frame=28B user=16B attempt=1/5 OK time=68 ms
2026-09-28T03:49:05.210+03:00 [s1] [O] > S7AP16R5-XXXXXXX
2026-09-28T03:49:05.254+03:00 [s1] [O] DELIVERY WAIT_ACK user=118C/331 attempt=1/5 timeout=747ms queue=0
2026-09-28T03:49:05.341+03:00 [s1] [O] PEER_REPORT our_seq=331 TX=-43/1 Q94
2026-09-28T03:49:05.347+03:00 [s2] [O] 
2026-09-28T03:49:05.352+03:00 [s2] [O] TX ACK seq=335 ack_to=118C/331 frame=14B OK time=48 ms guard=500ms
2026-09-28T03:49:05.385+03:00 [s1] [O] 
2026-09-28T03:49:05.432+03:00 [s1] [O] RX ACK session=EBE8 seq=335 ack_to=118C/331 frame=14B RX=-38/0 Q88
2026-09-28T03:49:05.565+03:00 [s1] [O] DELIVERY ACK user=118C/331 attempts=1/5 elapsed=262ms queue=0
2026-09-28T03:49:05.567+03:00 [s1] [I] S7AP16R6-XXXXXXX
2026-09-28T03:49:05.660+03:00 [s1] [O] DELIVERY QUEUED source=2 bytes=16 waiting=1/8 in_flight=0
2026-09-28T03:49:05.707+03:00 [s2] [O] PEER_REPORT our_seq=335 TX=-38/1 Q88
2026-09-28T03:49:05.709+03:00 [s2] [O] 
2026-09-28T03:49:05.713+03:00 [s2] [O] RX USER session=118C seq=332 frame=28B user=16B RX=-42/0 Q94 disposition=0
2026-09-28T03:49:05.717+03:00 [s2] [O] < [-42/0 Q94] S7AP16R6-XXXXXXX
2026-09-28T03:49:05.747+03:00 [s1] [O] 
2026-09-28T03:49:05.838+03:00 [s1] [O] TX USER seq=332 frame=28B user=16B attempt=1/5 OK time=68 ms
2026-09-28T03:49:05.886+03:00 [s1] [O] > S7AP16R6-XXXXXXX
2026-09-28T03:49:05.931+03:00 [s1] [O] DELIVERY WAIT_ACK user=118C/332 attempt=1/5 timeout=747ms queue=0
2026-09-28T03:49:05.975+03:00 [s2] [O] 
2026-09-28T03:49:05.977+03:00 [s2] [O] TX ACK seq=336 ack_to=118C/332 frame=14B OK time=48 ms guard=500ms
2026-09-28T03:49:06.016+03:00 [s1] [O] PEER_REPORT our_seq=332 TX=-42/0 Q94
2026-09-28T03:49:06.063+03:00 [s1] [O] 
2026-09-28T03:49:06.105+03:00 [s1] [O] RX ACK session=EBE8 seq=336 ack_to=118C/332 frame=14B RX=-46/0 Q88
2026-09-28T03:49:06.200+03:00 [s1] [O] DELIVERY ACK user=118C/332 attempts=1/5 elapsed=262ms queue=0
2026-09-28T03:49:06.203+03:00 [s1] [I] S7AP16R7-XXXXXXX
2026-09-28T03:49:06.289+03:00 [s1] [O] DELIVERY QUEUED source=2 bytes=16 waiting=1/8 in_flight=0
2026-09-28T03:49:06.339+03:00 [s2] [O] PEER_REPORT our_seq=336 TX=-46/1 Q88
2026-09-28T03:49:06.341+03:00 [s2] [O] 
2026-09-28T03:49:06.343+03:00 [s2] [O] RX USER session=118C seq=333 frame=28B user=16B RX=-36/0 Q94 disposition=0
2026-09-28T03:49:06.346+03:00 [s2] [O] < [-36/0 Q94] S7AP16R7-XXXXXXX
2026-09-28T03:49:06.376+03:00 [s1] [O] 
2026-09-28T03:49:06.421+03:00 [s1] [O] TX USER seq=333 frame=28B user=16B attempt=1/5 OK time=68 ms
2026-09-28T03:49:06.469+03:00 [s1] [O] > S7AP16R7-XXXXXXX
2026-09-28T03:49:06.513+03:00 [s1] [O] DELIVERY WAIT_ACK user=118C/333 attempt=1/5 timeout=747ms queue=0
2026-09-28T03:49:06.605+03:00 [s1] [O] PEER_REPORT our_seq=333 TX=-36/0 Q94
2026-09-28T03:49:06.606+03:00 [s2] [O] 
2026-09-28T03:49:06.617+03:00 [s2] [O] TX ACK seq=337 ack_to=118C/333 frame=14B OK time=48 ms guard=500ms
2026-09-28T03:49:06.648+03:00 [s1] [O] 
2026-09-28T03:49:06.692+03:00 [s1] [O] RX ACK session=EBE8 seq=337 ack_to=118C/333 frame=14B RX=-43/2 Q88
2026-09-28T03:49:06.826+03:00 [s1] [O] DELIVERY ACK user=118C/333 attempts=1/5 elapsed=262ms queue=0
2026-09-28T03:49:06.830+03:00 [s1] [I] S7AP16R8-XXXXXXX
2026-09-28T03:49:06.919+03:00 [s1] [O] DELIVERY QUEUED source=2 bytes=16 waiting=1/8 in_flight=0
2026-09-28T03:49:06.972+03:00 [s2] [O] PEER_REPORT our_seq=337 TX=-43/3 Q88
2026-09-28T03:49:06.972+03:00 [s2] [O] 
2026-09-28T03:49:06.972+03:00 [s2] [O] RX USER session=118C seq=334 frame=28B user=16B RX=-41/1 Q94 disposition=0
2026-09-28T03:49:06.974+03:00 [s2] [O] < [-41/1 Q94] S7AP16R8-XXXXXXX
2026-09-28T03:49:07.005+03:00 [s1] [O] 
2026-09-28T03:49:07.049+03:00 [s1] [O] TX USER seq=334 frame=28B user=16B attempt=1/5 OK time=68 ms
2026-09-28T03:49:07.097+03:00 [s1] [O] > S7AP16R8-XXXXXXX
2026-09-28T03:49:07.141+03:00 [s1] [O] DELIVERY WAIT_ACK user=118C/334 attempt=1/5 timeout=747ms queue=0
2026-09-28T03:49:07.234+03:00 [s1] [O] PEER_REPORT our_seq=334 TX=-41/1 Q94
2026-09-28T03:49:07.241+03:00 [s2] [O] 
2026-09-28T03:49:07.241+03:00 [s2] [O] TX ACK seq=338 ack_to=118C/334 frame=14B OK time=48 ms guard=500ms
2026-09-28T03:49:07.281+03:00 [s1] [O] 
2026-09-28T03:49:07.320+03:00 [s1] [O] RX ACK session=EBE8 seq=338 ack_to=118C/334 frame=14B RX=-42/5 Q88
2026-09-28T03:49:07.456+03:00 [s1] [O] DELIVERY ACK user=118C/334 attempts=1/5 elapsed=262ms queue=0
2026-09-28T03:49:07.458+03:00 [s1] [I] S7AP16R9-XXXXXXX
2026-09-28T03:49:07.554+03:00 [s1] [O] DELIVERY QUEUED source=2 bytes=16 waiting=1/8 in_flight=0
2026-09-28T03:49:07.601+03:00 [s2] [O] PEER_REPORT our_seq=338 TX=-42/5 Q88
2026-09-28T03:49:07.603+03:00 [s2] [O] 
2026-09-28T03:49:07.603+03:00 [s2] [O] RX USER session=118C seq=335 frame=28B user=16B RX=-39/0 Q94 disposition=0
2026-09-28T03:49:07.604+03:00 [s2] [O] < [-39/0 Q94] S7AP16R9-XXXXXXX
2026-09-28T03:49:07.682+03:00 [s1] [O] 
2026-09-28T03:49:07.725+03:00 [s1] [O] TX USER seq=335 frame=28B user=16B attempt=1/5 OK time=69 ms
2026-09-28T03:49:07.774+03:00 [s1] [O] > S7AP16R9-XXXXXXX
2026-09-28T03:49:07.816+03:00 [s1] [O] DELIVERY WAIT_ACK user=118C/335 attempt=1/5 timeout=747ms queue=0
2026-09-28T03:49:07.867+03:00 [s2] [O] 
2026-09-28T03:49:07.867+03:00 [s2] [O] TX ACK seq=339 ack_to=118C/335 frame=14B OK time=48 ms guard=500ms
2026-09-28T03:49:07.904+03:00 [s1] [O] PEER_REPORT our_seq=335 TX=-39/0 Q94
2026-09-28T03:49:07.950+03:00 [s1] [O] 
2026-09-28T03:49:07.999+03:00 [s1] [O] RX ACK session=EBE8 seq=339 ack_to=118C/335 frame=14B RX=-42/4 Q88
2026-09-28T03:49:08.085+03:00 [s1] [O] DELIVERY ACK user=118C/335 attempts=1/5 elapsed=262ms queue=0
2026-09-28T03:49:08.088+03:00 [s1] [I] S7AP16R10-XXXXXX
2026-09-28T03:49:08.183+03:00 [s1] [O] DELIVERY QUEUED source=2 bytes=16 waiting=1/8 in_flight=0
2026-09-28T03:49:08.230+03:00 [s2] [O] PEER_REPORT our_seq=339 TX=-42/5 Q88
2026-09-28T03:49:08.237+03:00 [s2] [O] 
2026-09-28T03:49:08.241+03:00 [s2] [O] RX USER session=118C seq=336 frame=28B user=16B RX=-38/0 Q94 disposition=0
2026-09-28T03:49:08.243+03:00 [s2] [O] < [-38/0 Q94] S7AP16R10-XXXXXX
2026-09-28T03:49:08.265+03:00 [s1] [O] 
2026-09-28T03:49:08.314+03:00 [s1] [O] TX USER seq=336 frame=28B user=16B attempt=1/5 OK time=68 ms
2026-09-28T03:49:08.356+03:00 [s1] [O] > S7AP16R10-XXXXXX
2026-09-28T03:49:08.401+03:00 [s1] [O] DELIVERY WAIT_ACK user=118C/336 attempt=1/5 timeout=747ms queue=0
2026-09-28T03:49:08.490+03:00 [s1] [O] PEER_REPORT our_seq=336 TX=-38/0 Q94
2026-09-28T03:49:08.500+03:00 [s2] [O] 
2026-09-28T03:49:08.503+03:00 [s2] [O] TX ACK seq=340 ack_to=118C/336 frame=14B OK time=48 ms guard=500ms
2026-09-28T03:49:08.535+03:00 [s1] [O] 
2026-09-28T03:49:08.580+03:00 [s1] [O] RX ACK session=EBE8 seq=340 ack_to=118C/336 frame=14B RX=-39/3 Q88
2026-09-28T03:49:08.714+03:00 [s1] [O] DELIVERY ACK user=118C/336 attempts=1/5 elapsed=262ms queue=0
2026-09-28T03:49:08.716+03:00 [s2] [I] S7BP16R1-XXXXXXX
2026-09-28T03:49:08.813+03:00 [s2] [O] DELIVERY QUEUED source=2 bytes=16 waiting=1/8 in_flight=0
2026-09-28T03:49:08.849+03:00 [s1] [O] PEER_REPORT our_seq=336 TX=-38/0 Q94
2026-09-28T03:49:08.855+03:00 [s2] [O] 
2026-09-28T03:49:08.856+03:00 [s2] [O] TX USER seq=341 frame=28B user=16B attempt=1/5 OK time=68 ms
2026-09-28T03:49:08.864+03:00 [s2] [O] > S7BP16R1-XXXXXXX
2026-09-28T03:49:08.896+03:00 [s1] [O] 
2026-09-28T03:49:08.902+03:00 [s2] [O] DELIVERY WAIT_ACK user=EBE8/341 attempt=1/5 timeout=747ms queue=0
2026-09-28T03:49:08.939+03:00 [s1] [O] RX USER session=EBE8 seq=341 frame=28B user=16B RX=-41/2 Q88 disposition=0
2026-09-28T03:49:09.033+03:00 [s1] [O] < [-41/2 Q88] S7BP16R1-XXXXXXX
2026-09-28T03:49:09.121+03:00 [s1] [O] 
2026-09-28T03:49:09.133+03:00 [s2] [O] PEER_REPORT our_seq=341 TX=-41/2 Q88
2026-09-28T03:49:09.135+03:00 [s2] [O] 
2026-09-28T03:49:09.138+03:00 [s2] [O] RX ACK session=118C seq=337 ack_to=EBE8/341 frame=14B RX=-37/-0 Q94
2026-09-28T03:49:09.139+03:00 [s2] [O] DELIVERY ACK user=EBE8/341 attempts=1/5 elapsed=262ms queue=0
2026-09-28T03:49:09.140+03:00 [s2] [I] S7BP16R2-XXXXXXX
2026-09-28T03:49:09.167+03:00 [s1] [O] TX ACK seq=337 ack_to=EBE8/341 frame=14B OK time=48 ms guard=500ms
2026-09-28T03:49:09.221+03:00 [s2] [O] DELIVERY QUEUED source=2 bytes=16 waiting=1/8 in_flight=0
2026-09-28T03:49:09.255+03:00 [s1] [O] PEER_REPORT our_seq=337 TX=-37/0 Q94
2026-09-28T03:49:09.262+03:00 [s2] [O] 
2026-09-28T03:49:09.263+03:00 [s2] [O] TX USER seq=342 frame=28B user=16B attempt=1/5 OK time=68 ms
2026-09-28T03:49:09.266+03:00 [s2] [O] > S7BP16R2-XXXXXXX
2026-09-28T03:49:09.268+03:00 [s2] [O] DELIVERY WAIT_ACK user=EBE8/342 attempt=1/5 timeout=747ms queue=0
2026-09-28T03:49:09.304+03:00 [s1] [O] 
2026-09-28T03:49:09.351+03:00 [s1] [O] RX USER session=EBE8 seq=342 frame=28B user=16B RX=-41/3 Q88 disposition=0
2026-09-28T03:49:09.436+03:00 [s1] [O] < [-41/3 Q88] S7BP16R2-XXXXXXX
2026-09-28T03:49:09.525+03:00 [s1] [O] 
2026-09-28T03:49:09.536+03:00 [s2] [O] PEER_REPORT our_seq=342 TX=-41/3 Q88
2026-09-28T03:49:09.536+03:00 [s2] [O] 
2026-09-28T03:49:09.537+03:00 [s2] [O] RX ACK session=118C seq=338 ack_to=EBE8/342 frame=14B RX=-40/-0 Q94
2026-09-28T03:49:09.540+03:00 [s2] [O] DELIVERY ACK user=EBE8/342 attempts=1/5 elapsed=262ms queue=0
2026-09-28T03:49:09.541+03:00 [s2] [I] S7BP16R3-XXXXXXX
2026-09-28T03:49:09.570+03:00 [s1] [O] TX ACK seq=338 ack_to=EBE8/342 frame=14B OK time=48 ms guard=500ms
2026-09-28T03:49:09.621+03:00 [s2] [O] DELIVERY QUEUED source=2 bytes=16 waiting=1/8 in_flight=0
2026-09-28T03:49:09.664+03:00 [s1] [O] PEER_REPORT our_seq=338 TX=-40/-1 Q94
2026-09-28T03:49:09.669+03:00 [s2] [O] 
2026-09-28T03:49:09.671+03:00 [s2] [O] TX USER seq=343 frame=28B user=16B attempt=1/5 OK time=68 ms
2026-09-28T03:49:09.673+03:00 [s2] [O] > S7BP16R3-XXXXXXX
2026-09-28T03:49:09.675+03:00 [s2] [O] DELIVERY WAIT_ACK user=EBE8/343 attempt=1/5 timeout=747ms queue=0
2026-09-28T03:49:09.707+03:00 [s1] [O] 
2026-09-28T03:49:09.753+03:00 [s1] [O] RX USER session=EBE8 seq=343 frame=28B user=16B RX=-43/5 Q88 disposition=0
2026-09-28T03:49:09.844+03:00 [s1] [O] < [-43/5 Q88] S7BP16R3-XXXXXXX
2026-09-28T03:49:09.932+03:00 [s1] [O] 
2026-09-28T03:49:09.937+03:00 [s2] [O] PEER_REPORT our_seq=343 TX=-43/5 Q88
2026-09-28T03:49:09.943+03:00 [s2] [O] 
2026-09-28T03:49:09.943+03:00 [s2] [O] RX ACK session=118C seq=339 ack_to=EBE8/343 frame=14B RX=-42/-0 Q94
2026-09-28T03:49:09.948+03:00 [s2] [O] DELIVERY ACK user=EBE8/343 attempts=1/5 elapsed=262ms queue=0
2026-09-28T03:49:09.950+03:00 [s2] [I] S7BP16R4-XXXXXXX
2026-09-28T03:49:09.975+03:00 [s1] [O] TX ACK seq=339 ack_to=EBE8/343 frame=14B OK time=48 ms guard=500ms
2026-09-28T03:49:10.032+03:00 [s2] [O] DELIVERY QUEUED source=2 bytes=16 waiting=1/8 in_flight=0
2026-09-28T03:49:10.069+03:00 [s1] [O] PEER_REPORT our_seq=339 TX=-42/-1 Q94
2026-09-28T03:49:10.076+03:00 [s2] [O] 
2026-09-28T03:49:10.077+03:00 [s2] [O] TX USER seq=344 frame=28B user=16B attempt=1/5 OK time=68 ms
2026-09-28T03:49:10.081+03:00 [s2] [O] > S7BP16R4-XXXXXXX
2026-09-28T03:49:10.083+03:00 [s2] [O] DELIVERY WAIT_ACK user=EBE8/344 attempt=1/5 timeout=747ms queue=0
2026-09-28T03:49:10.111+03:00 [s1] [O] 
2026-09-28T03:49:10.158+03:00 [s1] [O] RX USER session=EBE8 seq=344 frame=28B user=16B RX=-40/2 Q88 disposition=0
2026-09-28T03:49:10.248+03:00 [s1] [O] < [-40/2 Q88] S7BP16R4-XXXXXXX
2026-09-28T03:49:10.335+03:00 [s1] [O] 
2026-09-28T03:49:10.345+03:00 [s2] [O] PEER_REPORT our_seq=344 TX=-40/2 Q88
2026-09-28T03:49:10.348+03:00 [s2] [O] 
2026-09-28T03:49:10.351+03:00 [s2] [O] RX ACK session=118C seq=340 ack_to=EBE8/344 frame=14B RX=-43/0 Q94
2026-09-28T03:49:10.353+03:00 [s2] [O] DELIVERY ACK user=EBE8/344 attempts=1/5 elapsed=262ms queue=0
2026-09-28T03:49:10.355+03:00 [s2] [I] S7BP16R5-XXXXXXX
2026-09-28T03:49:10.381+03:00 [s1] [O] TX ACK seq=340 ack_to=EBE8/344 frame=14B OK time=48 ms guard=500ms
2026-09-28T03:49:10.435+03:00 [s2] [O] DELIVERY QUEUED source=2 bytes=16 waiting=1/8 in_flight=0
2026-09-28T03:49:10.477+03:00 [s2] [O] 
2026-09-28T03:49:10.478+03:00 [s2] [O] TX USER seq=345 frame=28B user=16B attempt=1/5 OK time=68 ms
2026-09-28T03:49:10.483+03:00 [s1] [O] PEER_REPORT our_seq=340 TX=-43/1 Q94
2026-09-28T03:49:10.485+03:00 [s2] [O] > S7BP16R5-XXXXXXX
2026-09-28T03:49:10.489+03:00 [s2] [O] DELIVERY WAIT_ACK user=EBE8/345 attempt=1/5 timeout=747ms queue=0
2026-09-28T03:49:10.516+03:00 [s1] [O] 
2026-09-28T03:49:10.563+03:00 [s1] [O] RX USER session=EBE8 seq=345 frame=28B user=16B RX=-42/0 Q88 disposition=0
2026-09-28T03:49:10.651+03:00 [s1] [O] < [-42/0 Q88] S7BP16R5-XXXXXXX
2026-09-28T03:49:10.740+03:00 [s1] [O] 
2026-09-28T03:49:10.751+03:00 [s2] [O] PEER_REPORT our_seq=345 TX=-42/0 Q88
2026-09-28T03:49:10.754+03:00 [s2] [O] 
2026-09-28T03:49:10.757+03:00 [s2] [O] RX ACK session=118C seq=341 ack_to=EBE8/345 frame=14B RX=-43/0 Q94
2026-09-28T03:49:10.758+03:00 [s2] [O] DELIVERY ACK user=EBE8/345 attempts=1/5 elapsed=262ms queue=0
2026-09-28T03:49:10.760+03:00 [s2] [I] S7BP16R6-XXXXXXX
2026-09-28T03:49:10.785+03:00 [s1] [O] TX ACK seq=341 ack_to=EBE8/345 frame=14B OK time=48 ms guard=500ms
2026-09-28T03:49:10.837+03:00 [s2] [O] DELIVERY QUEUED source=2 bytes=16 waiting=1/8 in_flight=0
2026-09-28T03:49:10.880+03:00 [s1] [O] PEER_REPORT our_seq=341 TX=-43/1 Q94
2026-09-28T03:49:10.883+03:00 [s2] [O] 
2026-09-28T03:49:10.885+03:00 [s2] [O] TX USER seq=346 frame=28B user=16B attempt=1/5 OK time=68 ms
2026-09-28T03:49:10.890+03:00 [s2] [O] > S7BP16R6-XXXXXXX
2026-09-28T03:49:10.892+03:00 [s2] [O] DELIVERY WAIT_ACK user=EBE8/346 attempt=1/5 timeout=747ms queue=0
2026-09-28T03:49:10.925+03:00 [s1] [O] 
2026-09-28T03:49:10.972+03:00 [s1] [O] RX USER session=EBE8 seq=346 frame=28B user=16B RX=-41/0 Q88 disposition=0
2026-09-28T03:49:11.059+03:00 [s1] [O] < [-41/0 Q88] S7BP16R6-XXXXXXX
2026-09-28T03:49:11.145+03:00 [s1] [O] 
2026-09-28T03:49:11.154+03:00 [s2] [O] PEER_REPORT our_seq=346 TX=-41/0 Q88
2026-09-28T03:49:11.159+03:00 [s2] [O] 
2026-09-28T03:49:11.163+03:00 [s2] [O] RX ACK session=118C seq=342 ack_to=EBE8/346 frame=14B RX=-41/0 Q94
2026-09-28T03:49:11.163+03:00 [s2] [O] DELIVERY ACK user=EBE8/346 attempts=1/5 elapsed=262ms queue=0
2026-09-28T03:49:11.167+03:00 [s2] [I] S7BP16R7-XXXXXXX
2026-09-28T03:49:11.190+03:00 [s1] [O] TX ACK seq=342 ack_to=EBE8/346 frame=14B OK time=48 ms guard=500ms
2026-09-28T03:49:11.243+03:00 [s2] [O] DELIVERY QUEUED source=2 bytes=16 waiting=1/8 in_flight=0
2026-09-28T03:49:11.288+03:00 [s2] [O] 
2026-09-28T03:49:11.289+03:00 [s2] [O] TX USER seq=347 frame=28B user=16B attempt=1/5 OK time=68 ms
2026-09-28T03:49:11.292+03:00 [s1] [O] PEER_REPORT our_seq=342 TX=-41/1 Q94
2026-09-28T03:49:11.293+03:00 [s2] [O] > S7BP16R7-XXXXXXX
2026-09-28T03:49:11.300+03:00 [s2] [O] DELIVERY WAIT_ACK user=EBE8/347 attempt=1/5 timeout=747ms queue=0
2026-09-28T03:49:11.329+03:00 [s1] [O] 
2026-09-28T03:49:11.378+03:00 [s1] [O] RX USER session=EBE8 seq=347 frame=28B user=16B RX=-39/2 Q88 disposition=0
2026-09-28T03:49:11.466+03:00 [s1] [O] < [-39/2 Q88] S7BP16R7-XXXXXXX
2026-09-28T03:49:11.551+03:00 [s1] [O] 
2026-09-28T03:49:11.557+03:00 [s2] [O] PEER_REPORT our_seq=347 TX=-39/2 Q88
2026-09-28T03:49:11.562+03:00 [s2] [O] 
2026-09-28T03:49:11.568+03:00 [s2] [O] RX ACK session=118C seq=343 ack_to=EBE8/347 frame=14B RX=-41/0 Q94
2026-09-28T03:49:11.572+03:00 [s2] [O] DELIVERY ACK user=EBE8/347 attempts=1/5 elapsed=262ms queue=0
2026-09-28T03:49:11.573+03:00 [s2] [I] S7BP16R8-XXXXXXX
2026-09-28T03:49:11.598+03:00 [s1] [O] TX ACK seq=343 ack_to=EBE8/347 frame=14B OK time=48 ms guard=500ms
2026-09-28T03:49:11.652+03:00 [s2] [O] DELIVERY QUEUED source=2 bytes=16 waiting=1/8 in_flight=0
2026-09-28T03:49:11.686+03:00 [s1] [O] 
2026-09-28T03:49:11.687+03:00 [s1] [O] RX CRC ERROR IRQ=0x70 RX=-42/-2 len=28
2026-09-28T03:49:11.698+03:00 [s2] [O] 
2026-09-28T03:49:11.700+03:00 [s2] [O] TX USER seq=348 frame=28B user=16B attempt=1/5 OK time=68 ms
2026-09-28T03:49:11.703+03:00 [s2] [O] > S7BP16R8-XXXXXXX
2026-09-28T03:49:11.704+03:00 [s2] [O] DELIVERY WAIT_ACK user=EBE8/348 attempt=1/5 timeout=747ms queue=0
2026-09-28T03:49:12.463+03:00 [s2] [O] DELIVERY ACK TIMEOUT user=EBE8/348 attempt=1/5
2026-09-28T03:49:12.464+03:00 [s2] [O] DELIVERY RETRY user=EBE8/348 next_attempt=2/5 in=101ms
2026-09-28T03:49:12.637+03:00 [s1] [O] PEER_REPORT our_seq=343 TX=-41/0 Q91
2026-09-28T03:49:12.644+03:00 [s2] [O] 
2026-09-28T03:49:12.645+03:00 [s2] [O] TX USER RETRY seq=348 frame=28B user=16B attempt=2/5 OK time=68 ms
2026-09-28T03:49:12.651+03:00 [s2] [O] DELIVERY WAIT_ACK user=EBE8/348 attempt=2/5 timeout=747ms queue=0
2026-09-28T03:49:12.680+03:00 [s1] [O] 
2026-09-28T03:49:12.724+03:00 [s1] [O] RX USER session=EBE8 seq=348 frame=28B user=16B RX=-42/1 Q88 disposition=0
2026-09-28T03:49:12.814+03:00 [s1] [O] < [-42/1 Q88] S7BP16R8-XXXXXXX
2026-09-28T03:49:12.855+03:00 [s1] [O] 
2026-09-28T03:49:12.861+03:00 [s2] [O] PEER_REPORT our_seq=348 TX=-42/1 Q88
2026-09-28T03:49:12.867+03:00 [s2] [O] 
2026-09-28T03:49:12.871+03:00 [s2] [O] RX ACK session=118C seq=344 ack_to=EBE8/348 frame=14B RX=-44/0 Q91
2026-09-28T03:49:12.874+03:00 [s2] [O] DELIVERY ACK user=EBE8/348 attempts=2/5 elapsed=1181ms queue=0
2026-09-28T03:49:12.876+03:00 [s2] [I] S7BP16R9-XXXXXXX
2026-09-28T03:49:12.902+03:00 [s1] [O] TX ACK seq=344 ack_to=EBE8/348 frame=14B OK time=48 ms guard=500ms
2026-09-28T03:49:12.953+03:00 [s2] [O] DELIVERY QUEUED source=2 bytes=16 waiting=1/8 in_flight=0
2026-09-28T03:49:12.997+03:00 [s2] [O] 
2026-09-28T03:49:12.998+03:00 [s1] [O] PEER_REPORT our_seq=344 TX=-44/1 Q91
2026-09-28T03:49:13.000+03:00 [s2] [O] TX USER seq=349 frame=28B user=16B attempt=1/5 OK time=68 ms
2026-09-28T03:49:13.002+03:00 [s2] [O] > S7BP16R9-XXXXXXX
2026-09-28T03:49:13.003+03:00 [s2] [O] DELIVERY WAIT_ACK user=EBE8/349 attempt=1/5 timeout=747ms queue=0
2026-09-28T03:49:13.038+03:00 [s1] [O] 
2026-09-28T03:49:13.083+03:00 [s1] [O] RX USER session=EBE8 seq=349 frame=28B user=16B RX=-39/0 Q88 disposition=0
2026-09-28T03:49:13.175+03:00 [s1] [O] < [-39/0 Q88] S7BP16R9-XXXXXXX
2026-09-28T03:49:13.261+03:00 [s1] [O] 
2026-09-28T03:49:13.270+03:00 [s2] [O] PEER_REPORT our_seq=349 TX=-39/1 Q88
2026-09-28T03:49:13.305+03:00 [s1] [O] TX ACK seq=345 ack_to=EBE8/349 frame=14B OK time=48 ms guard=500ms
2026-09-28T03:49:13.317+03:00 [s2] [O] 
2026-09-28T03:49:13.320+03:00 [s2] [O] RX ACK session=118C seq=345 ack_to=EBE8/349 frame=14B RX=-42/0 Q91
2026-09-28T03:49:13.323+03:00 [s2] [O] DELIVERY ACK user=EBE8/349 attempts=1/5 elapsed=263ms queue=0
2026-09-28T03:49:13.324+03:00 [s2] [I] S7BP16R10-XXXXXX
2026-09-28T03:49:13.408+03:00 [s2] [O] DELIVERY QUEUED source=2 bytes=16 waiting=1/8 in_flight=0
2026-09-28T03:49:13.443+03:00 [s1] [O] PEER_REPORT our_seq=345 TX=-42/0 Q91
2026-09-28T03:49:13.455+03:00 [s2] [O] 
2026-09-28T03:49:13.456+03:00 [s2] [O] TX USER seq=350 frame=28B user=16B attempt=1/5 OK time=68 ms
2026-09-28T03:49:13.458+03:00 [s2] [O] > S7BP16R10-XXXXXX
2026-09-28T03:49:13.459+03:00 [s2] [O] DELIVERY WAIT_ACK user=EBE8/350 attempt=1/5 timeout=747ms queue=0
2026-09-28T03:49:13.489+03:00 [s1] [O] 
2026-09-28T03:49:13.534+03:00 [s1] [O] RX USER session=EBE8 seq=350 frame=28B user=16B RX=-40/2 Q88 disposition=0
2026-09-28T03:49:13.621+03:00 [s1] [O] < [-40/2 Q88] S7BP16R10-XXXXXX
2026-09-28T03:49:13.710+03:00 [s1] [O] 
2026-09-28T03:49:13.723+03:00 [s2] [O] PEER_REPORT our_seq=350 TX=-40/2 Q88
2026-09-28T03:49:13.725+03:00 [s2] [O] 
2026-09-28T03:49:13.732+03:00 [s2] [O] RX ACK session=118C seq=346 ack_to=EBE8/350 frame=14B RX=-44/1 Q91
2026-09-28T03:49:13.735+03:00 [s2] [O] DELIVERY ACK user=EBE8/350 attempts=1/5 elapsed=263ms queue=0
2026-09-28T03:49:13.737+03:00 [s1] [I] S7AP32R1-XXXXXXXXXXXXXXXXXXXXXXX
2026-09-28T03:49:13.755+03:00 [s1] [O] TX ACK seq=346 ack_to=EBE8/350 frame=14B OK time=48 ms guard=500ms
2026-09-28T03:49:13.850+03:00 [s1] [O] DELIVERY QUEUED source=2 bytes=32 waiting=1/8 in_flight=0
2026-09-28T03:49:13.895+03:00 [s1] [O] 
2026-09-28T03:49:13.899+03:00 [s2] [O] PEER_REPORT our_seq=350 TX=-40/2 Q88
2026-09-28T03:49:13.901+03:00 [s2] [O] 
2026-09-28T03:49:13.905+03:00 [s2] [O] RX USER session=118C seq=347 frame=44B user=32B RX=-41/0 Q91 disposition=0
2026-09-28T03:49:13.907+03:00 [s2] [O] < [-41/0 Q91] S7AP32R1-XXXXXXXXXXXXXXXXXXXXXXX
2026-09-28T03:49:13.939+03:00 [s1] [O] TX USER seq=347 frame=44B user=32B attempt=1/5 OK time=94 ms
2026-09-28T03:49:14.030+03:00 [s1] [O] > S7AP32R1-XXXXXXXXXXXXXXXXXXXXXXX
2026-09-28T03:49:14.115+03:00 [s1] [O] DELIVERY WAIT_ACK user=118C/347 attempt=1/5 timeout=747ms queue=0
2026-09-28T03:49:14.126+03:00 [s2] [O] 
2026-09-28T03:49:14.127+03:00 [s2] [O] TX ACK seq=351 ack_to=118C/347 frame=14B OK time=48 ms guard=500ms
2026-09-28T03:49:14.168+03:00 [s1] [O] PEER_REPORT our_seq=347 TX=-41/0 Q91
2026-09-28T03:49:14.209+03:00 [s1] [O] 
2026-09-28T03:49:14.254+03:00 [s1] [O] RX ACK session=EBE8 seq=351 ack_to=118C/347 frame=14B RX=-39/0 Q88
2026-09-28T03:49:14.386+03:00 [s1] [O] DELIVERY ACK user=118C/347 attempts=1/5 elapsed=263ms queue=0
2026-09-28T03:49:14.391+03:00 [s1] [I] S7AP32R2-XXXXXXXXXXXXXXXXXXXXXXX
2026-09-28T03:49:14.480+03:00 [s1] [O] DELIVERY QUEUED source=2 bytes=32 waiting=1/8 in_flight=0
2026-09-28T03:49:14.567+03:00 [s1] [O] 
2026-09-28T03:49:14.572+03:00 [s2] [O] PEER_REPORT our_seq=351 TX=-39/0 Q91
2026-09-28T03:49:14.576+03:00 [s2] [O] 
2026-09-28T03:49:14.580+03:00 [s2] [O] RX USER session=118C seq=348 frame=44B user=32B RX=-42/0 Q91 disposition=0
2026-09-28T03:49:14.582+03:00 [s2] [O] < [-42/0 Q91] S7AP32R2-XXXXXXXXXXXXXXXXXXXXXXX
2026-09-28T03:49:14.611+03:00 [s1] [O] TX USER seq=348 frame=44B user=32B attempt=1/5 OK time=94 ms
2026-09-28T03:49:14.664+03:00 [s1] [O] > S7AP32R2-XXXXXXXXXXXXXXXXXXXXXXX
2026-09-28T03:49:14.752+03:00 [s1] [O] DELIVERY WAIT_ACK user=118C/348 attempt=1/5 timeout=747ms queue=0
2026-09-28T03:49:14.797+03:00 [s2] [O] 
2026-09-28T03:49:14.802+03:00 [s2] [O] TX ACK seq=352 ack_to=118C/348 frame=14B OK time=48 ms guard=500ms
2026-09-28T03:49:14.846+03:00 [s1] [O] PEER_REPORT our_seq=348 TX=-42/0 Q91
2026-09-28T03:49:14.882+03:00 [s1] [O] 
2026-09-28T03:49:14.929+03:00 [s1] [O] RX ACK session=EBE8 seq=352 ack_to=118C/348 frame=14B RX=-45/0 Q91
2026-09-28T03:49:15.064+03:00 [s1] [O] DELIVERY ACK user=118C/348 attempts=1/5 elapsed=252ms queue=0
2026-09-28T03:49:15.069+03:00 [s1] [I] S7AP32R3-XXXXXXXXXXXXXXXXXXXXXXX
2026-09-28T03:49:15.156+03:00 [s1] [O] DELIVERY QUEUED source=2 bytes=32 waiting=1/8 in_flight=0
2026-09-28T03:49:15.240+03:00 [s1] [O] 
2026-09-28T03:49:15.253+03:00 [s2] [O] PEER_REPORT our_seq=352 TX=-45/0 Q91
2026-09-28T03:49:15.253+03:00 [s2] [O] 
2026-09-28T03:49:15.257+03:00 [s2] [O] RX USER session=118C seq=349 frame=44B user=32B RX=-43/0 Q91 disposition=0
2026-09-28T03:49:15.259+03:00 [s2] [O] < [-43/0 Q91] S7AP32R3-XXXXXXXXXXXXXXXXXXXXXXX
2026-09-28T03:49:15.285+03:00 [s1] [O] TX USER seq=349 frame=44B user=32B attempt=1/5 OK time=94 ms
2026-09-28T03:49:15.336+03:00 [s1] [O] > S7AP32R3-XXXXXXXXXXXXXXXXXXXXXXX
2026-09-28T03:49:15.380+03:00 [s1] [O] DELIVERY WAIT_ACK user=118C/349 attempt=1/5 timeout=747ms queue=0
2026-09-28T03:49:15.471+03:00 [s1] [O] PEER_REPORT our_seq=349 TX=-43/1 Q91
2026-09-28T03:49:15.474+03:00 [s2] [O] 
2026-09-28T03:49:15.478+03:00 [s2] [O] TX ACK seq=353 ack_to=118C/349 frame=14B OK time=48 ms guard=500ms
2026-09-28T03:49:15.515+03:00 [s1] [O] 
2026-09-28T03:49:15.558+03:00 [s1] [O] RX ACK session=EBE8 seq=353 ack_to=118C/349 frame=14B RX=-41/0 Q91
2026-09-28T03:49:15.691+03:00 [s1] [O] DELIVERY ACK user=118C/349 attempts=1/5 elapsed=263ms queue=0
2026-09-28T03:49:15.697+03:00 [s1] [I] S7AP32R4-XXXXXXXXXXXXXXXXXXXXXXX
2026-09-28T03:49:15.788+03:00 [s1] [O] DELIVERY QUEUED source=2 bytes=32 waiting=1/8 in_flight=0
2026-09-28T03:49:15.877+03:00 [s2] [O] PEER_REPORT our_seq=353 TX=-41/0 Q91
2026-09-28T03:49:15.881+03:00 [s2] [O] 
2026-09-28T03:49:15.887+03:00 [s2] [O] RX USER session=118C seq=350 frame=44B user=32B RX=-43/0 Q91 disposition=0
2026-09-28T03:49:15.890+03:00 [s2] [O] < [-43/0 Q91] S7AP32R4-XXXXXXXXXXXXXXXXXXXXXXX
2026-09-28T03:49:15.918+03:00 [s1] [O] 
2026-09-28T03:49:15.960+03:00 [s1] [O] TX USER seq=350 frame=44B user=32B attempt=1/5 OK time=94 ms
2026-09-28T03:49:16.015+03:00 [s1] [O] > S7AP32R4-XXXXXXXXXXXXXXXXXXXXXXX
2026-09-28T03:49:16.051+03:00 [s1] [O] DELIVERY WAIT_ACK user=118C/350 attempt=1/5 timeout=747ms queue=0
2026-09-28T03:49:16.105+03:00 [s2] [O] 
2026-09-28T03:49:16.106+03:00 [s2] [O] TX ACK seq=354 ack_to=118C/350 frame=14B OK time=48 ms guard=500ms
2026-09-28T03:49:16.141+03:00 [s1] [O] PEER_REPORT our_seq=350 TX=-43/1 Q91
2026-09-28T03:49:16.194+03:00 [s1] [O] 
2026-09-28T03:49:16.233+03:00 [s1] [O] RX ACK session=EBE8 seq=354 ack_to=118C/350 frame=14B RX=-40/1 Q91
2026-09-28T03:49:16.365+03:00 [s1] [O] DELIVERY ACK user=118C/350 attempts=1/5 elapsed=263ms queue=0
2026-09-28T03:49:16.370+03:00 [s1] [I] S7AP32R5-XXXXXXXXXXXXXXXXXXXXXXX
2026-09-28T03:49:16.459+03:00 [s1] [O] DELIVERY QUEUED source=2 bytes=32 waiting=1/8 in_flight=0
2026-09-28T03:49:16.548+03:00 [s1] [O] 
2026-09-28T03:49:16.555+03:00 [s2] [O] PEER_REPORT our_seq=354 TX=-40/1 Q91
2026-09-28T03:49:16.559+03:00 [s2] [O] 
2026-09-28T03:49:16.561+03:00 [s2] [O] RX USER session=118C seq=351 frame=44B user=32B RX=-41/0 Q91 disposition=0
2026-09-28T03:49:16.562+03:00 [s2] [O] < [-41/0 Q91] S7AP32R5-XXXXXXXXXXXXXXXXXXXXXXX
2026-09-28T03:49:16.591+03:00 [s1] [O] TX USER seq=351 frame=44B user=32B attempt=1/5 OK time=94 ms
2026-09-28T03:49:16.639+03:00 [s1] [O] > S7AP32R5-XXXXXXXXXXXXXXXXXXXXXXX
2026-09-28T03:49:16.688+03:00 [s1] [O] DELIVERY WAIT_ACK user=118C/351 attempt=1/5 timeout=747ms queue=0
2026-09-28T03:49:16.777+03:00 [s2] [O] 
2026-09-28T03:49:16.778+03:00 [s1] [O] PEER_REPORT our_seq=351 TX=-41/0 Q91
2026-09-28T03:49:16.785+03:00 [s2] [O] TX ACK seq=355 ack_to=118C/351 frame=14B OK time=48 ms guard=500ms
2026-09-28T03:49:16.820+03:00 [s1] [O] 
2026-09-28T03:49:16.864+03:00 [s1] [O] RX ACK session=EBE8 seq=355 ack_to=118C/351 frame=14B RX=-41/0 Q91
2026-09-28T03:49:16.999+03:00 [s1] [O] DELIVERY ACK user=118C/351 attempts=1/5 elapsed=263ms queue=0
2026-09-28T03:49:17.003+03:00 [s1] [I] S7AP32R6-XXXXXXXXXXXXXXXXXXXXXXX
2026-09-28T03:49:17.088+03:00 [s1] [O] DELIVERY QUEUED source=2 bytes=32 waiting=1/8 in_flight=0
2026-09-28T03:49:17.177+03:00 [s1] [O] 
2026-09-28T03:49:17.188+03:00 [s2] [O] PEER_REPORT our_seq=355 TX=-41/0 Q94
2026-09-28T03:49:17.189+03:00 [s2] [O] 
2026-09-28T03:49:17.193+03:00 [s2] [O] RX USER session=118C seq=352 frame=44B user=32B RX=-43/0 Q91 disposition=0
2026-09-28T03:49:17.196+03:00 [s2] [O] < [-43/0 Q91] S7AP32R6-XXXXXXXXXXXXXXXXXXXXXXX
2026-09-28T03:49:17.220+03:00 [s1] [O] TX USER seq=352 frame=44B user=32B attempt=1/5 OK time=99 ms
2026-09-28T03:49:17.272+03:00 [s1] [O] > S7AP32R6-XXXXXXXXXXXXXXXXXXXXXXX
2026-09-28T03:49:17.315+03:00 [s1] [O] DELIVERY WAIT_ACK user=118C/352 attempt=1/5 timeout=747ms queue=0
2026-09-28T03:49:17.406+03:00 [s1] [O] PEER_REPORT our_seq=352 TX=-43/1 Q91
2026-09-28T03:49:17.410+03:00 [s2] [O] 
2026-09-28T03:49:17.412+03:00 [s2] [O] TX ACK seq=356 ack_to=118C/352 frame=14B OK time=48 ms guard=500ms
2026-09-28T03:49:17.450+03:00 [s1] [O] 
2026-09-28T03:49:17.500+03:00 [s1] [O] RX ACK session=EBE8 seq=356 ack_to=118C/352 frame=14B RX=-41/1 Q94
2026-09-28T03:49:17.625+03:00 [s1] [O] DELIVERY ACK user=118C/352 attempts=1/5 elapsed=262ms queue=0
2026-09-28T03:49:17.634+03:00 [s1] [I] S7AP32R7-XXXXXXXXXXXXXXXXXXXXXXX
2026-09-28T03:49:17.720+03:00 [s1] [O] DELIVERY QUEUED source=2 bytes=32 waiting=1/8 in_flight=0
2026-09-28T03:49:17.806+03:00 [s1] [O] 
2026-09-28T03:49:17.815+03:00 [s2] [O] PEER_REPORT our_seq=356 TX=-41/1 Q94
2026-09-28T03:49:17.818+03:00 [s2] [O] 
2026-09-28T03:49:17.822+03:00 [s2] [O] RX USER session=118C seq=353 frame=44B user=32B RX=-40/-0 Q91 disposition=0
2026-09-28T03:49:17.826+03:00 [s2] [O] < [-40/-0 Q91] S7AP32R7-XXXXXXXXXXXXXXXXXXXXXXX
2026-09-28T03:49:17.850+03:00 [s1] [O] TX USER seq=353 frame=44B user=32B attempt=1/5 OK time=94 ms
2026-09-28T03:49:17.905+03:00 [s1] [O] > S7AP32R7-XXXXXXXXXXXXXXXXXXXXXXX
2026-09-28T03:49:17.950+03:00 [s1] [O] DELIVERY WAIT_ACK user=118C/353 attempt=1/5 timeout=747ms queue=0
2026-09-28T03:49:18.037+03:00 [s1] [O] PEER_REPORT our_seq=353 TX=-40/0 Q91
2026-09-28T03:49:18.041+03:00 [s2] [O] 
2026-09-28T03:49:18.047+03:00 [s2] [O] TX ACK seq=357 ack_to=118C/353 frame=14B OK time=48 ms guard=500ms
2026-09-28T03:49:18.081+03:00 [s1] [O] 
2026-09-28T03:49:18.121+03:00 [s1] [O] RX ACK session=EBE8 seq=357 ack_to=118C/353 frame=14B RX=-42/2 Q94
2026-09-28T03:49:18.254+03:00 [s1] [O] DELIVERY ACK user=118C/353 attempts=1/5 elapsed=263ms queue=0
2026-09-28T03:49:18.258+03:00 [s1] [I] S7AP32R8-XXXXXXXXXXXXXXXXXXXXXXX
2026-09-28T03:49:18.352+03:00 [s1] [O] DELIVERY QUEUED source=2 bytes=32 waiting=1/8 in_flight=0
2026-09-28T03:49:18.435+03:00 [s1] [O] 
2026-09-28T03:49:18.441+03:00 [s2] [O] PEER_REPORT our_seq=357 TX=-42/2 Q97
2026-09-28T03:49:18.449+03:00 [s2] [O] 
2026-09-28T03:49:18.451+03:00 [s2] [O] RX USER session=118C seq=354 frame=44B user=32B RX=-42/-1 Q91 disposition=0
2026-09-28T03:49:18.452+03:00 [s2] [O] < [-42/-1 Q91] S7AP32R8-XXXXXXXXXXXXXXXXXXXXXXX
2026-09-28T03:49:18.479+03:00 [s1] [O] TX USER seq=354 frame=44B user=32B attempt=1/5 OK time=94 ms
2026-09-28T03:49:18.539+03:00 [s1] [O] > S7AP32R8-XXXXXXXXXXXXXXXXXXXXXXX
2026-09-28T03:49:18.571+03:00 [s1] [O] DELIVERY WAIT_ACK user=118C/354 attempt=1/5 timeout=747ms queue=0
2026-09-28T03:49:18.663+03:00 [s1] [O] PEER_REPORT our_seq=354 TX=-42/-1 Q91
2026-09-28T03:49:18.671+03:00 [s2] [O] 
2026-09-28T03:49:18.671+03:00 [s2] [O] TX ACK seq=358 ack_to=118C/354 frame=14B OK time=48 ms guard=500ms
2026-09-28T03:49:18.707+03:00 [s1] [O] 
2026-09-28T03:49:18.750+03:00 [s1] [O] RX ACK session=EBE8 seq=358 ack_to=118C/354 frame=14B RX=-40/2 Q97
2026-09-28T03:49:18.930+03:00 [s1] [O] DELIVERY ACK user=118C/354 attempts=1/5 elapsed=262ms queue=0
2026-09-28T03:49:18.932+03:00 [s1] [I] S7AP32R9-XXXXXXXXXXXXXXXXXXXXXXX
2026-09-28T03:49:19.023+03:00 [s1] [O] DELIVERY QUEUED source=2 bytes=32 waiting=1/8 in_flight=0
2026-09-28T03:49:19.113+03:00 [s1] [O] 
2026-09-28T03:49:19.124+03:00 [s2] [O] PEER_REPORT our_seq=358 TX=-40/3 Q97
2026-09-28T03:49:19.127+03:00 [s2] [O] 
2026-09-28T03:49:19.136+03:00 [s2] [O] RX USER session=118C seq=355 frame=44B user=32B RX=-40/-0 Q91 disposition=0
2026-09-28T03:49:19.138+03:00 [s2] [O] < [-40/-0 Q91] S7AP32R9-XXXXXXXXXXXXXXXXXXXXXXX
2026-09-28T03:49:19.155+03:00 [s1] [O] TX USER seq=355 frame=44B user=32B attempt=1/5 OK time=94 ms
2026-09-28T03:49:19.202+03:00 [s1] [O] > S7AP32R9-XXXXXXXXXXXXXXXXXXXXXXX
2026-09-28T03:49:19.249+03:00 [s1] [O] DELIVERY WAIT_ACK user=118C/355 attempt=1/5 timeout=747ms queue=0
2026-09-28T03:49:19.337+03:00 [s1] [O] PEER_REPORT our_seq=355 TX=-40/0 Q91
2026-09-28T03:49:19.342+03:00 [s2] [O] 
2026-09-28T03:49:19.347+03:00 [s2] [O] TX ACK seq=359 ack_to=118C/355 frame=14B OK time=48 ms guard=500ms
2026-09-28T03:49:19.382+03:00 [s1] [O] 
2026-09-28T03:49:19.428+03:00 [s1] [O] RX ACK session=EBE8 seq=359 ack_to=118C/355 frame=14B RX=-41/4 Q97
2026-09-28T03:49:19.559+03:00 [s1] [O] DELIVERY ACK user=118C/355 attempts=1/5 elapsed=262ms queue=0
2026-09-28T03:49:19.561+03:00 [s1] [I] S7AP32R10-XXXXXXXXXXXXXXXXXXXXXX
2026-09-28T03:49:19.652+03:00 [s1] [O] DELIVERY QUEUED source=2 bytes=32 waiting=1/8 in_flight=0
2026-09-28T03:49:19.740+03:00 [s1] [O] 
2026-09-28T03:49:19.748+03:00 [s2] [O] PEER_REPORT our_seq=359 TX=-41/4 Q97
2026-09-28T03:49:19.750+03:00 [s2] [O] 
2026-09-28T03:49:19.751+03:00 [s2] [O] RX USER session=118C seq=356 frame=44B user=32B RX=-42/-0 Q91 disposition=0
2026-09-28T03:49:19.754+03:00 [s2] [O] < [-42/-0 Q91] S7AP32R10-XXXXXXXXXXXXXXXXXXXXXX
2026-09-28T03:49:19.784+03:00 [s1] [O] TX USER seq=356 frame=44B user=32B attempt=1/5 OK time=94 ms
2026-09-28T03:49:19.831+03:00 [s1] [O] > S7AP32R10-XXXXXXXXXXXXXXXXXXXXXX
2026-09-28T03:49:19.877+03:00 [s1] [O] DELIVERY WAIT_ACK user=118C/356 attempt=1/5 timeout=747ms queue=0
2026-09-28T03:49:19.971+03:00 [s2] [O] 
2026-09-28T03:49:19.982+03:00 [s2] [O] TX ACK seq=360 ack_to=118C/356 frame=14B OK time=48 ms guard=500ms
2026-09-28T03:49:20.010+03:00 [s1] [O] PEER_REPORT our_seq=356 TX=-43/-1 Q91
2026-09-28T03:49:20.055+03:00 [s1] [O] 
2026-09-28T03:49:20.101+03:00 [s1] [O] RX ACK session=EBE8 seq=360 ack_to=118C/356 frame=14B RX=-40/1 Q97
2026-09-28T03:49:20.197+03:00 [s1] [O] DELIVERY ACK user=118C/356 attempts=1/5 elapsed=261ms queue=0
2026-09-28T03:49:20.198+03:00 [s2] [I] S7BP32R1-XXXXXXXXXXXXXXXXXXXXXXX
2026-09-28T03:49:20.287+03:00 [s2] [O] DELIVERY QUEUED source=2 bytes=32 waiting=1/8 in_flight=0
2026-09-28T03:49:20.369+03:00 [s1] [O] PEER_REPORT our_seq=356 TX=-43/-1 Q91
2026-09-28T03:49:20.378+03:00 [s2] [O] 
2026-09-28T03:49:20.382+03:00 [s2] [O] TX USER seq=361 frame=44B user=32B attempt=1/5 OK time=95 ms
2026-09-28T03:49:20.383+03:00 [s2] [O] > S7BP32R1-XXXXXXXXXXXXXXXXXXXXXXX
2026-09-28T03:49:20.384+03:00 [s2] [O] DELIVERY WAIT_ACK user=EBE8/361 attempt=1/5 timeout=747ms queue=0
2026-09-28T03:49:20.418+03:00 [s1] [O] 
2026-09-28T03:49:20.463+03:00 [s1] [O] RX USER session=EBE8 seq=361 frame=44B user=32B RX=-41/0 Q97 disposition=0
2026-09-28T03:49:20.551+03:00 [s1] [O] < [-41/0 Q97] S7BP32R1-XXXXXXXXXXXXXXXXXXXXXXX
2026-09-28T03:49:20.601+03:00 [s2] [O] PEER_REPORT our_seq=361 TX=-41/0 Q97
2026-09-28T03:49:20.603+03:00 [s2] [O] 
2026-09-28T03:49:20.643+03:00 [s1] [O] 
2026-09-28T03:49:20.653+03:00 [s2] [O] RX ACK session=118C seq=357 ack_to=EBE8/361 frame=14B RX=-37/1 Q91
2026-09-28T03:49:20.655+03:00 [s2] [O] DELIVERY ACK user=EBE8/361 attempts=1/5 elapsed=258ms queue=0
2026-09-28T03:49:20.657+03:00 [s2] [I] S7BP32R2-XXXXXXXXXXXXXXXXXXXXXXX
2026-09-28T03:49:20.685+03:00 [s1] [O] TX ACK seq=357 ack_to=EBE8/361 frame=14B OK time=48 ms guard=500ms
2026-09-28T03:49:20.736+03:00 [s2] [O] DELIVERY QUEUED source=2 bytes=32 waiting=1/8 in_flight=0
2026-09-28T03:49:20.821+03:00 [s1] [O] PEER_REPORT our_seq=357 TX=-37/1 Q91
2026-09-28T03:49:20.825+03:00 [s2] [O] 
2026-09-28T03:49:20.832+03:00 [s2] [O] TX USER seq=362 frame=44B user=32B attempt=1/5 OK time=94 ms
2026-09-28T03:49:20.834+03:00 [s2] [O] > S7BP32R2-XXXXXXXXXXXXXXXXXXXXXXX
2026-09-28T03:49:20.838+03:00 [s2] [O] DELIVERY WAIT_ACK user=EBE8/362 attempt=1/5 timeout=747ms queue=0
2026-09-28T03:49:20.867+03:00 [s1] [O] 
2026-09-28T03:49:20.911+03:00 [s1] [O] RX USER session=EBE8 seq=362 frame=44B user=32B RX=-44/8 Q97 disposition=0
2026-09-28T03:49:21.003+03:00 [s1] [O] < [-44/8 Q97] S7BP32R2-XXXXXXXXXXXXXXXXXXXXXXX
2026-09-28T03:49:21.050+03:00 [s2] [O] PEER_REPORT our_seq=362 TX=-44/8 Q97
2026-09-28T03:49:21.056+03:00 [s2] [O] 
2026-09-28T03:49:21.057+03:00 [s2] [O] RX ACK session=118C seq=358 ack_to=EBE8/362 frame=14B RX=-40/2 Q91
2026-09-28T03:49:21.093+03:00 [s1] [O] 
2026-09-28T03:49:21.100+03:00 [s2] [O] DELIVERY ACK user=EBE8/362 attempts=1/5 elapsed=260ms queue=0
2026-09-28T03:49:21.102+03:00 [s2] [I] S7BP32R3-XXXXXXXXXXXXXXXXXXXXXXX
2026-09-28T03:49:21.134+03:00 [s1] [O] TX ACK seq=358 ack_to=EBE8/362 frame=14B OK time=48 ms guard=500ms
2026-09-28T03:49:21.186+03:00 [s2] [O] DELIVERY QUEUED source=2 bytes=32 waiting=1/8 in_flight=0
2026-09-28T03:49:21.270+03:00 [s1] [O] PEER_REPORT our_seq=358 TX=-40/2 Q91
2026-09-28T03:49:21.274+03:00 [s2] [O] 
2026-09-28T03:49:21.278+03:00 [s2] [O] TX USER seq=363 frame=44B user=32B attempt=1/5 OK time=95 ms
2026-09-28T03:49:21.282+03:00 [s2] [O] > S7BP32R3-XXXXXXXXXXXXXXXXXXXXXXX
2026-09-28T03:49:21.283+03:00 [s2] [O] DELIVERY WAIT_ACK user=EBE8/363 attempt=1/5 timeout=747ms queue=0
2026-09-28T03:49:21.315+03:00 [s1] [O] 
2026-09-28T03:49:21.366+03:00 [s1] [O] RX USER session=EBE8 seq=363 frame=44B user=32B RX=-42/6 Q97 disposition=0
2026-09-28T03:49:21.450+03:00 [s1] [O] < [-42/6 Q97] S7BP32R3-XXXXXXXXXXXXXXXXXXXXXXX
2026-09-28T03:49:21.520+03:00 [s2] [O] PEER_REPORT our_seq=363 TX=-42/6 Q97
2026-09-28T03:49:21.520+03:00 [s2] [O] 
2026-09-28T03:49:21.522+03:00 [s2] [O] RX ACK session=118C seq=359 ack_to=EBE8/363 frame=14B RX=-41/3 Q91
2026-09-28T03:49:21.540+03:00 [s1] [O] 
2026-09-28T03:49:21.560+03:00 [s2] [O] DELIVERY ACK user=EBE8/363 attempts=1/5 elapsed=261ms queue=0
2026-09-28T03:49:21.564+03:00 [s2] [I] S7BP32R4-XXXXXXXXXXXXXXXXXXXXXXX
2026-09-28T03:49:21.585+03:00 [s1] [O] TX ACK seq=359 ack_to=EBE8/363 frame=14B OK time=48 ms guard=500ms
2026-09-28T03:49:21.636+03:00 [s2] [O] DELIVERY QUEUED source=2 bytes=32 waiting=1/8 in_flight=0
2026-09-28T03:49:21.719+03:00 [s1] [O] PEER_REPORT our_seq=359 TX=-41/3 Q91
2026-09-28T03:49:21.728+03:00 [s2] [O] 
2026-09-28T03:49:21.730+03:00 [s2] [O] TX USER seq=364 frame=44B user=32B attempt=1/5 OK time=95 ms
2026-09-28T03:49:21.732+03:00 [s2] [O] > S7BP32R4-XXXXXXXXXXXXXXXXXXXXXXX
2026-09-28T03:49:21.733+03:00 [s2] [O] DELIVERY WAIT_ACK user=EBE8/364 attempt=1/5 timeout=747ms queue=0
2026-09-28T03:49:21.766+03:00 [s1] [O] 
2026-09-28T03:49:21.810+03:00 [s1] [O] RX USER session=EBE8 seq=364 frame=44B user=32B RX=-44/8 Q97 disposition=0
2026-09-28T03:49:21.902+03:00 [s1] [O] < [-44/8 Q97] S7BP32R4-XXXXXXXXXXXXXXXXXXXXXXX
2026-09-28T03:49:21.950+03:00 [s2] [O] PEER_REPORT our_seq=364 TX=-44/8 Q97
2026-09-28T03:49:21.953+03:00 [s2] [O] 
2026-09-28T03:49:21.990+03:00 [s1] [O] 
2026-09-28T03:49:21.997+03:00 [s2] [O] RX ACK session=118C seq=360 ack_to=EBE8/364 frame=14B RX=-46/6 Q91
2026-09-28T03:49:22.000+03:00 [s2] [O] DELIVERY ACK user=EBE8/364 attempts=1/5 elapsed=262ms queue=0
2026-09-28T03:49:22.001+03:00 [s2] [I] S7BP32R5-XXXXXXXXXXXXXXXXXXXXXXX
2026-09-28T03:49:22.035+03:00 [s1] [O] TX ACK seq=360 ack_to=EBE8/364 frame=14B OK time=48 ms guard=500ms
2026-09-28T03:49:22.086+03:00 [s2] [O] DELIVERY QUEUED source=2 bytes=32 waiting=1/8 in_flight=0
2026-09-28T03:49:22.172+03:00 [s1] [O] PEER_REPORT our_seq=360 TX=-46/7 Q91
2026-09-28T03:49:22.218+03:00 [s1] [O] 
2026-09-28T03:49:22.222+03:00 [s2] [O] 
2026-09-28T03:49:22.223+03:00 [s2] [O] TX USER seq=365 frame=44B user=32B attempt=1/5 OK time=94 ms
2026-09-28T03:49:22.226+03:00 [s2] [O] > S7BP32R5-XXXXXXXXXXXXXXXXXXXXXXX
2026-09-28T03:49:22.230+03:00 [s2] [O] DELIVERY WAIT_ACK user=EBE8/365 attempt=1/5 timeout=747ms queue=0
2026-09-28T03:49:22.262+03:00 [s1] [O] RX USER session=EBE8 seq=365 frame=44B user=32B RX=-43/6 Q97 disposition=0
2026-09-28T03:49:22.353+03:00 [s1] [O] < [-43/6 Q97] S7BP32R5-XXXXXXXXXXXXXXXXXXXXXXX
2026-09-28T03:49:22.401+03:00 [s2] [O] PEER_REPORT our_seq=365 TX=-43/6 Q97
2026-09-28T03:49:22.405+03:00 [s2] [O] 
2026-09-28T03:49:22.439+03:00 [s1] [O] 
2026-09-28T03:49:22.444+03:00 [s2] [O] RX ACK session=118C seq=361 ack_to=EBE8/365 frame=14B RX=-39/2 Q91
2026-09-28T03:49:22.450+03:00 [s2] [O] DELIVERY ACK user=EBE8/365 attempts=1/5 elapsed=261ms queue=0
2026-09-28T03:49:22.452+03:00 [s2] [I] S7BP32R6-XXXXXXXXXXXXXXXXXXXXXXX
2026-09-28T03:49:22.486+03:00 [s1] [O] TX ACK seq=361 ack_to=EBE8/365 frame=14B OK time=48 ms guard=500ms
2026-09-28T03:49:22.537+03:00 [s2] [O] DELIVERY QUEUED source=2 bytes=32 waiting=1/8 in_flight=0
2026-09-28T03:49:22.620+03:00 [s1] [O] PEER_REPORT our_seq=361 TX=-39/3 Q94
2026-09-28T03:49:22.629+03:00 [s2] [O] 
2026-09-28T03:49:22.629+03:00 [s2] [O] TX USER seq=366 frame=44B user=32B attempt=1/5 OK time=94 ms
2026-09-28T03:49:22.631+03:00 [s2] [O] > S7BP32R6-XXXXXXXXXXXXXXXXXXXXXXX
2026-09-28T03:49:22.634+03:00 [s2] [O] DELIVERY WAIT_ACK user=EBE8/366 attempt=1/5 timeout=747ms queue=0
2026-09-28T03:49:22.667+03:00 [s1] [O] 
2026-09-28T03:49:22.715+03:00 [s1] [O] RX USER session=EBE8 seq=366 frame=44B user=32B RX=-44/8 Q97 disposition=0
2026-09-28T03:49:22.802+03:00 [s1] [O] < [-44/8 Q97] S7BP32R6-XXXXXXXXXXXXXXXXXXXXXXX
2026-09-28T03:49:22.850+03:00 [s2] [O] PEER_REPORT our_seq=366 TX=-44/8 Q97
2026-09-28T03:49:22.852+03:00 [s2] [O] 
2026-09-28T03:49:22.889+03:00 [s1] [O] 
2026-09-28T03:49:22.896+03:00 [s2] [O] RX ACK session=118C seq=362 ack_to=EBE8/366 frame=14B RX=-39/4 Q94
2026-09-28T03:49:22.900+03:00 [s2] [O] DELIVERY ACK user=EBE8/366 attempts=1/5 elapsed=262ms queue=0
2026-09-28T03:49:22.901+03:00 [s2] [I] S7BP32R7-XXXXXXXXXXXXXXXXXXXXXXX
2026-09-28T03:49:22.934+03:00 [s1] [O] TX ACK seq=362 ack_to=EBE8/366 frame=14B OK time=48 ms guard=500ms
2026-09-28T03:49:22.987+03:00 [s2] [O] DELIVERY QUEUED source=2 bytes=32 waiting=1/8 in_flight=0
2026-09-28T03:49:23.069+03:00 [s1] [O] PEER_REPORT our_seq=362 TX=-39/4 Q94
2026-09-28T03:49:23.074+03:00 [s2] [O] 
2026-09-28T03:49:23.077+03:00 [s2] [O] TX USER seq=367 frame=44B user=32B attempt=1/5 OK time=95 ms
2026-09-28T03:49:23.080+03:00 [s2] [O] > S7BP32R7-XXXXXXXXXXXXXXXXXXXXXXX
2026-09-28T03:49:23.086+03:00 [s2] [O] DELIVERY WAIT_ACK user=EBE8/367 attempt=1/5 timeout=747ms queue=0
2026-09-28T03:49:23.115+03:00 [s1] [O] 
2026-09-28T03:49:23.162+03:00 [s1] [O] RX USER session=EBE8 seq=367 frame=44B user=32B RX=-44/6 Q97 disposition=0
2026-09-28T03:49:23.250+03:00 [s1] [O] < [-44/6 Q97] S7BP32R7-XXXXXXXXXXXXXXXXXXXXXXX
2026-09-28T03:49:23.303+03:00 [s2] [O] PEER_REPORT our_seq=367 TX=-44/6 Q97
2026-09-28T03:49:23.305+03:00 [s2] [O] 
2026-09-28T03:49:23.340+03:00 [s1] [O] 
2026-09-28T03:49:23.349+03:00 [s2] [O] RX ACK session=118C seq=363 ack_to=EBE8/367 frame=14B RX=-40/1 Q94
2026-09-28T03:49:23.352+03:00 [s2] [O] DELIVERY ACK user=EBE8/367 attempts=1/5 elapsed=257ms queue=0
2026-09-28T03:49:23.355+03:00 [s2] [I] S7BP32R8-XXXXXXXXXXXXXXXXXXXXXXX
2026-09-28T03:49:23.384+03:00 [s1] [O] TX ACK seq=363 ack_to=EBE8/367 frame=14B OK time=48 ms guard=500ms
2026-09-28T03:49:23.439+03:00 [s2] [O] DELIVERY QUEUED source=2 bytes=32 waiting=1/8 in_flight=0
2026-09-28T03:49:23.521+03:00 [s1] [O] PEER_REPORT our_seq=363 TX=-40/1 Q94
2026-09-28T03:49:23.530+03:00 [s2] [O] 
2026-09-28T03:49:23.532+03:00 [s2] [O] TX USER seq=368 frame=44B user=32B attempt=1/5 OK time=94 ms
2026-09-28T03:49:23.534+03:00 [s2] [O] > S7BP32R8-XXXXXXXXXXXXXXXXXXXXXXX
2026-09-28T03:49:23.535+03:00 [s2] [O] DELIVERY WAIT_ACK user=EBE8/368 attempt=1/5 timeout=747ms queue=0
2026-09-28T03:49:23.564+03:00 [s1] [O] 
2026-09-28T03:49:23.613+03:00 [s1] [O] RX USER session=EBE8 seq=368 frame=44B user=32B RX=-44/8 Q97 disposition=0
2026-09-28T03:49:23.701+03:00 [s1] [O] < [-44/8 Q97] S7BP32R8-XXXXXXXXXXXXXXXXXXXXXXX
2026-09-28T03:49:23.750+03:00 [s2] [O] PEER_REPORT our_seq=368 TX=-44/8 Q97
2026-09-28T03:49:23.752+03:00 [s2] [O] 
2026-09-28T03:49:23.790+03:00 [s1] [O] 
2026-09-28T03:49:23.798+03:00 [s2] [O] RX ACK session=118C seq=364 ack_to=EBE8/368 frame=14B RX=-41/2 Q94
2026-09-28T03:49:23.802+03:00 [s2] [O] DELIVERY ACK user=EBE8/368 attempts=1/5 elapsed=257ms queue=0
2026-09-28T03:49:23.803+03:00 [s2] [I] S7BP32R9-XXXXXXXXXXXXXXXXXXXXXXX
2026-09-28T03:49:23.834+03:00 [s1] [O] TX ACK seq=364 ack_to=EBE8/368 frame=14B OK time=48 ms guard=500ms
2026-09-28T03:49:23.889+03:00 [s2] [O] DELIVERY QUEUED source=2 bytes=32 waiting=1/8 in_flight=0
2026-09-28T03:49:23.977+03:00 [s1] [O] PEER_REPORT our_seq=364 TX=-41/2 Q94
2026-09-28T03:49:23.988+03:00 [s2] [O] 
2026-09-28T03:49:23.989+03:00 [s2] [O] TX USER seq=369 frame=44B user=32B attempt=1/5 OK time=95 ms
2026-09-28T03:49:23.993+03:00 [s2] [O] > S7BP32R9-XXXXXXXXXXXXXXXXXXXXXXX
2026-09-28T03:49:23.997+03:00 [s2] [O] DELIVERY WAIT_ACK user=EBE8/369 attempt=1/5 timeout=747ms queue=0
2026-09-28T03:49:24.017+03:00 [s1] [O] 
2026-09-28T03:49:24.072+03:00 [s1] [O] RX USER session=EBE8 seq=369 frame=44B user=32B RX=-41/6 Q97 disposition=0
2026-09-28T03:49:24.196+03:00 [s1] [O] < [-41/6 Q97] S7BP32R9-XXXXXXXXXXXXXXXXXXXXXXX
2026-09-28T03:49:24.201+03:00 [s2] [O] PEER_REPORT our_seq=369 TX=-41/6 Q97
2026-09-28T03:49:24.203+03:00 [s2] [O] 
2026-09-28T03:49:24.241+03:00 [s1] [O] 
2026-09-28T03:49:24.252+03:00 [s2] [O] RX ACK session=118C seq=365 ack_to=EBE8/369 frame=14B RX=-42/1 Q94
2026-09-28T03:49:24.256+03:00 [s2] [O] DELIVERY ACK user=EBE8/369 attempts=1/5 elapsed=258ms queue=0
2026-09-28T03:49:24.261+03:00 [s2] [I] S7BP32R10-XXXXXXXXXXXXXXXXXXXXXX
2026-09-28T03:49:24.287+03:00 [s1] [O] TX ACK seq=365 ack_to=EBE8/369 frame=14B OK time=48 ms guard=500ms
2026-09-28T03:49:24.336+03:00 [s2] [O] DELIVERY QUEUED source=2 bytes=32 waiting=1/8 in_flight=0
2026-09-28T03:49:24.421+03:00 [s1] [O] PEER_REPORT our_seq=365 TX=-42/1 Q94
2026-09-28T03:49:24.425+03:00 [s2] [O] 
2026-09-28T03:49:24.467+03:00 [s1] [O] 
2026-09-28T03:49:24.474+03:00 [s2] [O] TX USER seq=370 frame=44B user=32B attempt=1/5 OK time=94 ms
2026-09-28T03:49:24.475+03:00 [s2] [O] > S7BP32R10-XXXXXXXXXXXXXXXXXXXXXX
2026-09-28T03:49:24.488+03:00 [s2] [O] DELIVERY WAIT_ACK user=EBE8/370 attempt=1/5 timeout=747ms queue=0
2026-09-28T03:49:24.513+03:00 [s1] [O] RX USER session=EBE8 seq=370 frame=44B user=32B RX=-45/8 Q97 disposition=0
2026-09-28T03:49:24.604+03:00 [s1] [O] < [-45/8 Q97] S7BP32R10-XXXXXXXXXXXXXXXXXXXXXX
2026-09-28T03:49:24.651+03:00 [s2] [O] PEER_REPORT our_seq=370 TX=-45/8 Q97
2026-09-28T03:49:24.666+03:00 [s2] [O] 
2026-09-28T03:49:24.692+03:00 [s1] [O] 
2026-09-28T03:49:24.698+03:00 [s2] [O] RX ACK session=118C seq=366 ack_to=EBE8/370 frame=14B RX=-37/2 Q94
2026-09-28T03:49:24.701+03:00 [s2] [O] DELIVERY ACK user=EBE8/370 attempts=1/5 elapsed=261ms queue=0
2026-09-28T03:49:24.703+03:00 [s1] [I] S7AP64R1-XXXXXXXXXXXXXXXXXXXXXXXXXXXXXXXXXXXXXXXXXXXXXXXXXXXXXXX
2026-09-28T03:49:24.735+03:00 [s1] [O] TX ACK seq=366 ack_to=EBE8/370 frame=14B OK time=48 ms guard=500ms
2026-09-28T03:49:24.824+03:00 [s1] [O] DELIVERY QUEUED source=2 bytes=64 waiting=1/8 in_flight=0
2026-09-28T03:49:24.915+03:00 [s1] [O] 
2026-09-28T03:49:24.920+03:00 [s2] [O] PEER_REPORT our_seq=370 TX=-45/8 Q97
2026-09-28T03:49:24.923+03:00 [s2] [O] 
2026-09-28T03:49:24.924+03:00 [s2] [O] RX USER session=118C seq=367 frame=76B user=64B RX=-43/4 Q97 disposition=0
2026-09-28T03:49:24.929+03:00 [s2] [O] < [-43/4 Q97] S7AP64R1-XXXXXXXXXXXXXXXXXXXXXXXXXXXXXXXXXXXXXXXXXXXXXXXXXXXXXXX
2026-09-28T03:49:24.960+03:00 [s1] [O] TX USER seq=367 frame=76B user=64B attempt=1/5 OK time=140 ms
2026-09-28T03:49:25.049+03:00 [s1] [O] > S7AP64R1-XXXXXXXXXXXXXXXXXXXXXXXXXXXXXXXXXXXXXXXXXXXXXXXXXXXXXXX
2026-09-28T03:49:25.097+03:00 [s1] [O] DELIVERY WAIT_ACK user=118C/367 attempt=1/5 timeout=747ms queue=0
2026-09-28T03:49:25.144+03:00 [s2] [O] 
2026-09-28T03:49:25.149+03:00 [s2] [O] TX ACK seq=371 ack_to=118C/367 frame=14B OK time=48 ms guard=500ms
2026-09-28T03:49:25.185+03:00 [s1] [O] PEER_REPORT our_seq=367 TX=-43/4 Q97
2026-09-28T03:49:25.231+03:00 [s1] [O] 
2026-09-28T03:49:25.277+03:00 [s1] [O] RX ACK session=EBE8 seq=371 ack_to=118C/367 frame=14B RX=-39/6 Q97
2026-09-28T03:49:25.368+03:00 [s1] [O] DELIVERY ACK user=118C/367 attempts=1/5 elapsed=263ms queue=0
2026-09-28T03:49:25.370+03:00 [s1] [I] S7AP64R2-XXXXXXXXXXXXXXXXXXXXXXXXXXXXXXXXXXXXXXXXXXXXXXXXXXXXXXX
2026-09-28T03:49:25.462+03:00 [s1] [O] DELIVERY QUEUED source=2 bytes=64 waiting=1/8 in_flight=0
2026-09-28T03:49:25.590+03:00 [s1] [O] 
2026-09-28T03:49:25.597+03:00 [s2] [O] PEER_REPORT our_seq=371 TX=-39/6 Q97
2026-09-28T03:49:25.600+03:00 [s2] [O] 
2026-09-28T03:49:25.605+03:00 [s2] [O] RX USER session=118C seq=368 frame=76B user=64B RX=-43/5 Q97 disposition=0
2026-09-28T03:49:25.606+03:00 [s2] [O] < [-43/5 Q97] S7AP64R2-XXXXXXXXXXXXXXXXXXXXXXXXXXXXXXXXXXXXXXXXXXXXXXXXXXXXXXX
2026-09-28T03:49:25.634+03:00 [s1] [O] TX USER seq=368 frame=76B user=64B attempt=1/5 OK time=140 ms
2026-09-28T03:49:25.729+03:00 [s1] [O] > S7AP64R2-XXXXXXXXXXXXXXXXXXXXXXXXXXXXXXXXXXXXXXXXXXXXXXXXXXXXXXX
2026-09-28T03:49:25.769+03:00 [s1] [O] DELIVERY WAIT_ACK user=118C/368 attempt=1/5 timeout=747ms queue=0
2026-09-28T03:49:25.819+03:00 [s2] [O] 
2026-09-28T03:49:25.830+03:00 [s2] [O] TX ACK seq=372 ack_to=118C/368 frame=14B OK time=48 ms guard=500ms
2026-09-28T03:49:25.904+03:00 [s1] [O] PEER_REPORT our_seq=368 TX=-43/5 Q97
2026-09-28T03:49:25.950+03:00 [s1] [O] 
2026-09-28T03:49:25.998+03:00 [s1] [O] RX ACK session=EBE8 seq=372 ack_to=118C/368 frame=14B RX=-46/8 Q97
2026-09-28T03:49:26.129+03:00 [s1] [O] DELIVERY ACK user=118C/368 attempts=1/5 elapsed=262ms queue=0
2026-09-28T03:49:26.134+03:00 [s1] [I] S7AP64R3-XXXXXXXXXXXXXXXXXXXXXXXXXXXXXXXXXXXXXXXXXXXXXXXXXXXXXXX
2026-09-28T03:49:26.220+03:00 [s1] [O] DELIVERY QUEUED source=2 bytes=64 waiting=1/8 in_flight=0
2026-09-28T03:49:26.355+03:00 [s1] [O] 
2026-09-28T03:49:26.365+03:00 [s2] [O] PEER_REPORT our_seq=372 TX=-46/8 Q97
2026-09-28T03:49:26.365+03:00 [s2] [O] 
2026-09-28T03:49:26.369+03:00 [s2] [O] RX USER session=118C seq=369 frame=76B user=64B RX=-41/3 Q97 disposition=0
2026-09-28T03:49:26.374+03:00 [s2] [O] < [-41/3 Q97] S7AP64R3-XXXXXXXXXXXXXXXXXXXXXXXXXXXXXXXXXXXXXXXXXXXXXXXXXXXXXXX
2026-09-28T03:49:26.400+03:00 [s1] [O] TX USER seq=369 frame=76B user=64B attempt=1/5 OK time=140 ms
2026-09-28T03:49:26.492+03:00 [s1] [O] > S7AP64R3-XXXXXXXXXXXXXXXXXXXXXXXXXXXXXXXXXXXXXXXXXXXXXXXXXXXXXXX
2026-09-28T03:49:26.535+03:00 [s1] [O] DELIVERY WAIT_ACK user=118C/369 attempt=1/5 timeout=747ms queue=0
2026-09-28T03:49:26.583+03:00 [s1] [O] PEER_REPORT our_seq=369 TX=-41/3 Q97
2026-09-28T03:49:26.585+03:00 [s2] [O] 
2026-09-28T03:49:26.587+03:00 [s2] [O] TX ACK seq=373 ack_to=118C/369 frame=14B OK time=48 ms guard=500ms
2026-09-28T03:49:26.632+03:00 [s1] [O] 
2026-09-28T03:49:26.670+03:00 [s1] [O] RX ACK session=EBE8 seq=373 ack_to=118C/369 frame=14B RX=-42/7 Q97
2026-09-28T03:49:26.805+03:00 [s1] [O] DELIVERY ACK user=118C/369 attempts=1/5 elapsed=263ms queue=0
2026-09-28T03:49:26.807+03:00 [s1] [I] S7AP64R4-XXXXXXXXXXXXXXXXXXXXXXXXXXXXXXXXXXXXXXXXXXXXXXXXXXXXXXX
2026-09-28T03:49:26.897+03:00 [s1] [O] DELIVERY QUEUED source=2 bytes=64 waiting=1/8 in_flight=0
2026-09-28T03:49:27.030+03:00 [s1] [O] 
2026-09-28T03:49:27.036+03:00 [s2] [O] PEER_REPORT our_seq=373 TX=-42/7 Q97
2026-09-28T03:49:27.037+03:00 [s2] [O] 
2026-09-28T03:49:27.040+03:00 [s2] [O] RX USER session=118C seq=370 frame=76B user=64B RX=-43/4 Q97 disposition=0
2026-09-28T03:49:27.045+03:00 [s2] [O] < [-43/4 Q97] S7AP64R4-XXXXXXXXXXXXXXXXXXXXXXXXXXXXXXXXXXXXXXXXXXXXXXXXXXXXXXX
2026-09-28T03:49:27.075+03:00 [s1] [O] TX USER seq=370 frame=76B user=64B attempt=1/5 OK time=140 ms
2026-09-28T03:49:27.165+03:00 [s1] [O] > S7AP64R4-XXXXXXXXXXXXXXXXXXXXXXXXXXXXXXXXXXXXXXXXXXXXXXXXXXXXXXX
2026-09-28T03:49:27.214+03:00 [s1] [O] DELIVERY WAIT_ACK user=118C/370 attempt=1/5 timeout=747ms queue=0
2026-09-28T03:49:27.265+03:00 [s2] [O] 
2026-09-28T03:49:27.266+03:00 [s2] [O] TX ACK seq=374 ack_to=118C/370 frame=14B OK time=48 ms guard=500ms
2026-09-28T03:49:27.300+03:00 [s1] [O] PEER_REPORT our_seq=370 TX=-43/4 Q97
2026-09-28T03:49:27.346+03:00 [s1] [O] 
2026-09-28T03:49:27.398+03:00 [s1] [O] RX ACK session=EBE8 seq=374 ack_to=118C/370 frame=14B RX=-42/7 Q97
2026-09-28T03:49:27.527+03:00 [s1] [O] DELIVERY ACK user=118C/370 attempts=1/5 elapsed=262ms queue=0
2026-09-28T03:49:27.532+03:00 [s1] [I] S7AP64R5-XXXXXXXXXXXXXXXXXXXXXXXXXXXXXXXXXXXXXXXXXXXXXXXXXXXXXXX
2026-09-28T03:49:27.618+03:00 [s1] [O] DELIVERY QUEUED source=2 bytes=64 waiting=1/8 in_flight=0
2026-09-28T03:49:27.751+03:00 [s1] [O] 
2026-09-28T03:49:27.766+03:00 [s2] [O] PEER_REPORT our_seq=374 TX=-42/7 Q97
2026-09-28T03:49:27.768+03:00 [s2] [O] 
2026-09-28T03:49:27.769+03:00 [s2] [O] RX USER session=118C seq=371 frame=76B user=64B RX=-43/4 Q97 disposition=0
2026-09-28T03:49:27.771+03:00 [s2] [O] < [-43/4 Q97] S7AP64R5-XXXXXXXXXXXXXXXXXXXXXXXXXXXXXXXXXXXXXXXXXXXXXXXXXXXXXXX
2026-09-28T03:49:27.796+03:00 [s1] [O] TX USER seq=371 frame=76B user=64B attempt=1/5 OK time=140 ms
2026-09-28T03:49:27.886+03:00 [s1] [O] > S7AP64R5-XXXXXXXXXXXXXXXXXXXXXXXXXXXXXXXXXXXXXXXXXXXXXXXXXXXXXXX
2026-09-28T03:49:27.934+03:00 [s1] [O] DELIVERY WAIT_ACK user=118C/371 attempt=1/5 timeout=747ms queue=0
2026-09-28T03:49:27.983+03:00 [s2] [O] 
2026-09-28T03:49:27.984+03:00 [s2] [O] TX ACK seq=375 ack_to=118C/371 frame=14B OK time=48 ms guard=500ms
2026-09-28T03:49:28.020+03:00 [s1] [O] PEER_REPORT our_seq=371 TX=-43/4 Q97
2026-09-28T03:49:28.070+03:00 [s1] [O] 
2026-09-28T03:49:28.113+03:00 [s1] [O] RX ACK session=EBE8 seq=375 ack_to=118C/371 frame=14B RX=-44/7 Q97
2026-09-28T03:49:28.246+03:00 [s1] [O] DELIVERY ACK user=118C/371 attempts=1/5 elapsed=263ms queue=0
2026-09-28T03:49:28.250+03:00 [s1] [I] S7AP64R6-XXXXXXXXXXXXXXXXXXXXXXXXXXXXXXXXXXXXXXXXXXXXXXXXXXXXXXX
2026-09-28T03:49:28.338+03:00 [s1] [O] DELIVERY QUEUED source=2 bytes=64 waiting=1/8 in_flight=0
2026-09-28T03:49:28.470+03:00 [s1] [O] 
2026-09-28T03:49:28.480+03:00 [s2] [O] PEER_REPORT our_seq=375 TX=-44/7 Q97
2026-09-28T03:49:28.483+03:00 [s2] [O] 
2026-09-28T03:49:28.485+03:00 [s2] [O] RX USER session=118C seq=372 frame=76B user=64B RX=-42/4 Q97 disposition=0
2026-09-28T03:49:28.487+03:00 [s2] [O] < [-42/4 Q97] S7AP64R6-XXXXXXXXXXXXXXXXXXXXXXXXXXXXXXXXXXXXXXXXXXXXXXXXXXXXXXX
2026-09-28T03:49:28.515+03:00 [s1] [O] TX USER seq=372 frame=76B user=64B attempt=1/5 OK time=140 ms
2026-09-28T03:49:28.605+03:00 [s1] [O] > S7AP64R6-XXXXXXXXXXXXXXXXXXXXXXXXXXXXXXXXXXXXXXXXXXXXXXXXXXXXXXX
2026-09-28T03:49:28.650+03:00 [s1] [O] DELIVERY WAIT_ACK user=118C/372 attempt=1/5 timeout=747ms queue=0
2026-09-28T03:49:28.702+03:00 [s2] [O] 
2026-09-28T03:49:28.705+03:00 [s2] [O] TX ACK seq=376 ack_to=118C/372 frame=14B OK time=48 ms guard=500ms
2026-09-28T03:49:28.748+03:00 [s1] [O] PEER_REPORT our_seq=372 TX=-42/4 Q97
2026-09-28T03:49:28.787+03:00 [s1] [O] 
2026-09-28T03:49:28.833+03:00 [s1] [O] RX ACK session=EBE8 seq=376 ack_to=118C/372 frame=14B RX=-42/7 Q97
2026-09-28T03:49:28.967+03:00 [s1] [O] DELIVERY ACK user=118C/372 attempts=1/5 elapsed=263ms queue=0
2026-09-28T03:49:28.970+03:00 [s1] [I] S7AP64R7-XXXXXXXXXXXXXXXXXXXXXXXXXXXXXXXXXXXXXXXXXXXXXXXXXXXXXXX
2026-09-28T03:49:29.066+03:00 [s1] [O] DELIVERY QUEUED source=2 bytes=64 waiting=1/8 in_flight=0
2026-09-28T03:49:29.191+03:00 [s1] [O] 
2026-09-28T03:49:29.196+03:00 [s2] [O] 
2026-09-28T03:49:29.202+03:00 [s2] [O] SESSION t=3780s TX ok=381 user=149 echo_req=0 echo_rep=0 hb=70(idle=0) err=0 started=381 RX ok=377 user=162 echo_req=0 echo_rep=0 hb=70 crc=4 hdr=5 bad=1 readerr=0 reports=376 Q=97% drops=0 fatal=0
2026-09-28T03:49:29.213+03:00 [s2] [O] SESSION COURTESY window=5000ms peer_release=0 expired=0 yielding=0
2026-09-28T03:49:29.217+03:00 [s2] [O] SESSION DIO0_TX affected=0/381 episodes=0 avg_all=0.00 avg_affected=0.00 high_polls=0
2026-09-28T03:49:29.235+03:00 [s1] [O] TX USER seq=373 frame=76B user=64B attempt=1/5 OK time=140 ms
2026-09-28T03:49:29.244+03:00 [s2] [O] SESSION RX_POLL polls=3573417 rxdone=387 interval=1000us DIO0_RX false_high_ep=0 high_polls=0 rxdone_low=1 isr=disabled
2026-09-28T03:49:29.290+03:00 [s2] [O] PEER_REPORT our_seq=376 TX=-42/7 Q97
2026-09-28T03:49:29.291+03:00 [s2] [O] 
2026-09-28T03:49:29.293+03:00 [s2] [O] RX USER session=118C seq=373 frame=76B user=64B RX=-42/4 Q97 disposition=0
2026-09-28T03:49:29.298+03:00 [s2] [O] < [-42/4 Q97] S7AP64R7-XXXXXXXXXXXXXXXXXXXXXXXXXXXXXXXXXXXXXXXXXXXXXXXXXXXXXXX
2026-09-28T03:49:29.328+03:00 [s1] [O] > S7AP64R7-XXXXXXXXXXXXXXXXXXXXXXXXXXXXXXXXXXXXXXXXXXXXXXXXXXXXXXX
2026-09-28T03:49:29.374+03:00 [s1] [O] DELIVERY WAIT_ACK user=118C/373 attempt=1/5 timeout=747ms queue=0
2026-09-28T03:49:29.463+03:00 [s1] [O] PEER_REPORT our_seq=373 TX=-42/4 Q97
2026-09-28T03:49:29.471+03:00 [s2] [O] 
2026-09-28T03:49:29.472+03:00 [s2] [O] TX ACK seq=377 ack_to=118C/373 frame=14B OK time=48 ms guard=500ms
2026-09-28T03:49:29.506+03:00 [s1] [O] 
2026-09-28T03:49:29.550+03:00 [s1] [O] RX ACK session=EBE8 seq=377 ack_to=118C/373 frame=14B RX=-42/7 Q97
2026-09-28T03:49:29.686+03:00 [s1] [O] DELIVERY ACK user=118C/373 attempts=1/5 elapsed=285ms queue=0
2026-09-28T03:49:29.689+03:00 [s1] [I] S7AP64R8-XXXXXXXXXXXXXXXXXXXXXXXXXXXXXXXXXXXXXXXXXXXXXXXXXXXXXXX
2026-09-28T03:49:29.775+03:00 [s1] [O] DELIVERY QUEUED source=2 bytes=64 waiting=1/8 in_flight=0
2026-09-28T03:49:29.911+03:00 [s1] [O] 
2026-09-28T03:49:29.925+03:00 [s2] [O] PEER_REPORT our_seq=377 TX=-42/7 Q97
2026-09-28T03:49:29.927+03:00 [s2] [O] 
2026-09-28T03:49:29.928+03:00 [s2] [O] RX USER session=118C seq=374 frame=76B user=64B RX=-43/3 Q97 disposition=0
2026-09-28T03:49:29.929+03:00 [s2] [O] < [-43/3 Q97] S7AP64R8-XXXXXXXXXXXXXXXXXXXXXXXXXXXXXXXXXXXXXXXXXXXXXXXXXXXXXXX
2026-09-28T03:49:30.000+03:00 [s1] [O] TX USER seq=374 frame=76B user=64B attempt=1/5 OK time=140 ms
2026-09-28T03:49:30.135+03:00 [s1] [O] > S7AP64R8-XXXXXXXXXXXXXXXXXXXXXXXXXXXXXXXXXXXXXXXXXXXXXXXXXXXXXXX
2026-09-28T03:49:30.144+03:00 [s2] [O] 
2026-09-28T03:49:30.147+03:00 [s2] [O] TX ACK seq=378 ack_to=118C/374 frame=14B OK time=48 ms guard=500ms
2026-09-28T03:49:30.187+03:00 [s1] [O] DELIVERY WAIT_ACK user=118C/374 attempt=1/5 timeout=747ms queue=0
2026-09-28T03:49:30.278+03:00 [s1] [O] PEER_REPORT our_seq=374 TX=-43/3 Q97
2026-09-28T03:49:30.315+03:00 [s1] [O] 
2026-09-28T03:49:30.362+03:00 [s1] [O] RX ACK session=EBE8 seq=378 ack_to=118C/374 frame=14B RX=-45/8 Q97
2026-09-28T03:49:30.495+03:00 [s1] [O] DELIVERY ACK user=118C/374 attempts=1/5 elapsed=262ms queue=0
2026-09-28T03:49:30.498+03:00 [s1] [I] S7AP64R9-XXXXXXXXXXXXXXXXXXXXXXXXXXXXXXXXXXXXXXXXXXXXXXXXXXXXXXX
2026-09-28T03:49:30.588+03:00 [s1] [O] DELIVERY QUEUED source=2 bytes=64 waiting=1/8 in_flight=0
2026-09-28T03:49:30.721+03:00 [s1] [O] 
2026-09-28T03:49:30.726+03:00 [s2] [O] PEER_REPORT our_seq=378 TX=-45/8 Q97
2026-09-28T03:49:30.736+03:00 [s2] [O] 
2026-09-28T03:49:30.737+03:00 [s2] [O] RX USER session=118C seq=375 frame=76B user=64B RX=-40/2 Q97 disposition=0
2026-09-28T03:49:30.739+03:00 [s2] [O] < [-40/2 Q97] S7AP64R9-XXXXXXXXXXXXXXXXXXXXXXXXXXXXXXXXXXXXXXXXXXXXXXXXXXXXXXX
2026-09-28T03:49:30.764+03:00 [s1] [O] TX USER seq=375 frame=76B user=64B attempt=1/5 OK time=140 ms
2026-09-28T03:49:30.854+03:00 [s1] [O] > S7AP64R9-XXXXXXXXXXXXXXXXXXXXXXXXXXXXXXXXXXXXXXXXXXXXXXXXXXXXXXX
2026-09-28T03:49:30.900+03:00 [s1] [O] DELIVERY WAIT_ACK user=118C/375 attempt=1/5 timeout=747ms queue=0
2026-09-28T03:49:30.951+03:00 [s1] [O] PEER_REPORT our_seq=375 TX=-40/2 Q97
2026-09-28T03:49:30.951+03:00 [s2] [O] 
2026-09-28T03:49:30.954+03:00 [s2] [O] TX ACK seq=379 ack_to=118C/375 frame=14B OK time=48 ms guard=500ms
2026-09-28T03:49:30.993+03:00 [s1] [O] 
2026-09-28T03:49:31.043+03:00 [s1] [O] RX ACK session=EBE8 seq=379 ack_to=118C/375 frame=14B RX=-42/5 Q97
2026-09-28T03:49:31.172+03:00 [s1] [O] DELIVERY ACK user=118C/375 attempts=1/5 elapsed=262ms queue=0
2026-09-28T03:49:31.175+03:00 [s1] [I] S7AP64R10-XXXXXXXXXXXXXXXXXXXXXXXXXXXXXXXXXXXXXXXXXXXXXXXXXXXXXX
2026-09-28T03:49:31.268+03:00 [s1] [O] DELIVERY QUEUED source=2 bytes=64 waiting=1/8 in_flight=0
2026-09-28T03:49:31.396+03:00 [s1] [O] 
2026-09-28T03:49:31.404+03:00 [s2] [O] PEER_REPORT our_seq=379 TX=-42/5 Q97
2026-09-28T03:49:31.404+03:00 [s2] [O] 
2026-09-28T03:49:31.417+03:00 [s2] [O] RX USER session=118C seq=376 frame=76B user=64B RX=-42/4 Q97 disposition=0
2026-09-28T03:49:31.419+03:00 [s2] [O] < [-42/4 Q97] S7AP64R10-XXXXXXXXXXXXXXXXXXXXXXXXXXXXXXXXXXXXXXXXXXXXXXXXXXXXXX
2026-09-28T03:49:31.441+03:00 [s1] [O] TX USER seq=376 frame=76B user=64B attempt=1/5 OK time=140 ms
2026-09-28T03:49:31.530+03:00 [s1] [O] > S7AP64R10-XXXXXXXXXXXXXXXXXXXXXXXXXXXXXXXXXXXXXXXXXXXXXXXXXXXXXX
2026-09-28T03:49:31.579+03:00 [s1] [O] DELIVERY WAIT_ACK user=118C/376 attempt=1/5 timeout=747ms queue=0
2026-09-28T03:49:31.633+03:00 [s2] [O] 
2026-09-28T03:49:31.636+03:00 [s2] [O] TX ACK seq=380 ack_to=118C/376 frame=14B OK time=48 ms guard=500ms
2026-09-28T03:49:31.666+03:00 [s1] [O] PEER_REPORT our_seq=376 TX=-42/4 Q97
2026-09-28T03:49:31.710+03:00 [s1] [O] 
2026-09-28T03:49:31.754+03:00 [s1] [O] RX ACK session=EBE8 seq=380 ack_to=118C/376 frame=14B RX=-43/6 Q97
2026-09-28T03:49:31.890+03:00 [s1] [O] DELIVERY ACK user=118C/376 attempts=1/5 elapsed=263ms queue=0
2026-09-28T03:49:31.894+03:00 [s2] [I] S7BP64R1-XXXXXXXXXXXXXXXXXXXXXXXXXXXXXXXXXXXXXXXXXXXXXXXXXXXXXXX
2026-09-28T03:49:31.988+03:00 [s2] [O] DELIVERY QUEUED source=2 bytes=64 waiting=1/8 in_flight=0
2026-09-28T03:49:32.120+03:00 [s2] [O] 
2026-09-28T03:49:32.122+03:00 [s2] [O] TX USER seq=381 frame=76B user=64B attempt=1/5 OK time=140 ms
2026-09-28T03:49:32.130+03:00 [s1] [O] PEER_REPORT our_seq=376 TX=-42/4 Q97
2026-09-28T03:49:32.134+03:00 [s2] [O] > S7BP64R1-XXXXXXXXXXXXXXXXXXXXXXXXXXXXXXXXXXXXXXXXXXXXXXXXXXXXXXX
2026-09-28T03:49:32.136+03:00 [s2] [O] DELIVERY WAIT_ACK user=EBE8/381 attempt=1/5 timeout=747ms queue=0
2026-09-28T03:49:32.168+03:00 [s1] [O] 
2026-09-28T03:49:32.205+03:00 [s1] [O] RX USER session=EBE8 seq=381 frame=76B user=64B RX=-44/8 Q97 disposition=0
2026-09-28T03:49:32.349+03:00 [s1] [O] < [-44/8 Q97] S7BP64R1-XXXXXXXXXXXXXXXXXXXXXXXXXXXXXXXXXXXXXXXXXXXXXXXXXXXXXXX
2026-09-28T03:49:32.351+03:00 [s2] [O] PEER_REPORT our_seq=381 TX=-44/8 Q97
2026-09-28T03:49:32.385+03:00 [s1] [O] 
2026-09-28T03:49:32.393+03:00 [s2] [O] 
2026-09-28T03:49:32.402+03:00 [s2] [O] RX ACK session=118C seq=377 ack_to=EBE8/381 frame=14B RX=-41/3 Q97
2026-09-28T03:49:32.404+03:00 [s2] [O] DELIVERY ACK user=EBE8/381 attempts=1/5 elapsed=263ms queue=0
2026-09-28T03:49:32.406+03:00 [s2] [I] S7BP64R2-XXXXXXXXXXXXXXXXXXXXXXXXXXXXXXXXXXXXXXXXXXXXXXXXXXXXXXX
2026-09-28T03:49:32.430+03:00 [s1] [O] TX ACK seq=377 ack_to=EBE8/381 frame=14B OK time=48 ms guard=500ms
2026-09-28T03:49:32.483+03:00 [s2] [O] DELIVERY QUEUED source=2 bytes=64 waiting=1/8 in_flight=0
2026-09-28T03:49:32.612+03:00 [s1] [O] PEER_REPORT our_seq=377 TX=-41/3 Q97
2026-09-28T03:49:32.615+03:00 [s2] [O] 
2026-09-28T03:49:32.618+03:00 [s2] [O] TX USER seq=382 frame=76B user=64B attempt=1/5 OK time=140 ms
2026-09-28T03:49:32.655+03:00 [s1] [O] 
2026-09-28T03:49:32.670+03:00 [s2] [O] > S7BP64R2-XXXXXXXXXXXXXXXXXXXXXXXXXXXXXXXXXXXXXXXXXXXXXXXXXXXXXXX
2026-09-28T03:49:32.673+03:00 [s2] [O] DELIVERY WAIT_ACK user=EBE8/382 attempt=1/5 timeout=747ms queue=0
2026-09-28T03:49:32.703+03:00 [s1] [O] RX USER session=EBE8 seq=382 frame=76B user=64B RX=-43/7 Q97 disposition=0
2026-09-28T03:49:32.835+03:00 [s1] [O] < [-43/7 Q97] S7BP64R2-XXXXXXXXXXXXXXXXXXXXXXXXXXXXXXXXXXXXXXXXXXXXXXXXXXXXXXX
2026-09-28T03:49:32.842+03:00 [s2] [O] PEER_REPORT our_seq=382 TX=-43/7 Q97
2026-09-28T03:49:32.881+03:00 [s1] [O] 
2026-09-28T03:49:32.894+03:00 [s2] [O] 
2026-09-28T03:49:32.897+03:00 [s2] [O] RX ACK session=118C seq=378 ack_to=EBE8/382 frame=14B RX=-40/1 Q97
2026-09-28T03:49:32.899+03:00 [s2] [O] DELIVERY ACK user=EBE8/382 attempts=1/5 elapsed=263ms queue=0
2026-09-28T03:49:32.901+03:00 [s2] [I] S7BP64R3-XXXXXXXXXXXXXXXXXXXXXXXXXXXXXXXXXXXXXXXXXXXXXXXXXXXXXXX
2026-09-28T03:49:32.926+03:00 [s1] [O] TX ACK seq=378 ack_to=EBE8/382 frame=14B OK time=48 ms guard=500ms
2026-09-28T03:49:32.982+03:00 [s2] [O] DELIVERY QUEUED source=2 bytes=64 waiting=1/8 in_flight=0
2026-09-28T03:49:33.105+03:00 [s1] [O] PEER_REPORT our_seq=378 TX=-40/1 Q97
2026-09-28T03:49:33.114+03:00 [s2] [O] 
2026-09-28T03:49:33.117+03:00 [s2] [O] TX USER seq=383 frame=76B user=64B attempt=1/5 OK time=140 ms
2026-09-28T03:49:33.119+03:00 [s2] [O] > S7BP64R3-XXXXXXXXXXXXXXXXXXXXXXXXXXXXXXXXXXXXXXXXXXXXXXXXXXXXXXX
2026-09-28T03:49:33.122+03:00 [s2] [O] DELIVERY WAIT_ACK user=EBE8/383 attempt=1/5 timeout=747ms queue=0
2026-09-28T03:49:33.153+03:00 [s1] [O] 
2026-09-28T03:49:33.197+03:00 [s1] [O] RX USER session=EBE8 seq=383 frame=76B user=64B RX=-42/4 Q97 disposition=0
2026-09-28T03:49:33.330+03:00 [s1] [O] < [-42/4 Q97] S7BP64R3-XXXXXXXXXXXXXXXXXXXXXXXXXXXXXXXXXXXXXXXXXXXXXXXXXXXXXXX
2026-09-28T03:49:33.377+03:00 [s1] [O] 
2026-09-28T03:49:33.383+03:00 [s2] [O] PEER_REPORT our_seq=383 TX=-42/5 Q97
2026-09-28T03:49:33.387+03:00 [s2] [O] 
2026-09-28T03:49:33.391+03:00 [s2] [O] RX ACK session=118C seq=379 ack_to=EBE8/383 frame=14B RX=-39/2 Q97
2026-09-28T03:49:33.397+03:00 [s2] [O] DELIVERY ACK user=EBE8/383 attempts=1/5 elapsed=263ms queue=0
2026-09-28T03:49:33.398+03:00 [s2] [I] S7BP64R4-XXXXXXXXXXXXXXXXXXXXXXXXXXXXXXXXXXXXXXXXXXXXXXXXXXXXXXX
2026-09-28T03:49:33.420+03:00 [s1] [O] TX ACK seq=379 ack_to=EBE8/383 frame=14B OK time=48 ms guard=500ms
2026-09-28T03:49:33.471+03:00 [s2] [O] DELIVERY QUEUED source=2 bytes=64 waiting=1/8 in_flight=0
2026-09-28T03:49:33.601+03:00 [s1] [O] PEER_REPORT our_seq=379 TX=-39/2 Q97
2026-09-28T03:49:33.607+03:00 [s2] [O] 
2026-09-28T03:49:33.607+03:00 [s2] [O] TX USER seq=384 frame=76B user=64B attempt=1/5 OK time=140 ms
2026-09-28T03:49:33.615+03:00 [s2] [O] > S7BP64R4-XXXXXXXXXXXXXXXXXXXXXXXXXXXXXXXXXXXXXXXXXXXXXXXXXXXXXXX
2026-09-28T03:49:33.617+03:00 [s2] [O] DELIVERY WAIT_ACK user=EBE8/384 attempt=1/5 timeout=747ms queue=0
2026-09-28T03:49:33.692+03:00 [s1] [O] 
2026-09-28T03:49:33.735+03:00 [s1] [O] RX USER session=EBE8 seq=384 frame=76B user=64B RX=-45/8 Q97 disposition=0
2026-09-28T03:49:33.833+03:00 [s2] [O] PEER_REPORT our_seq=384 TX=-45/8 Q97
2026-09-28T03:49:33.871+03:00 [s1] [O] < [-45/8 Q97] S7BP64R4-XXXXXXXXXXXXXXXXXXXXXXXXXXXXXXXXXXXXXXXXXXXXXXXXXXXXXXX
2026-09-28T03:49:33.880+03:00 [s1] [O] 
2026-09-28T03:49:33.880+03:00 [s2] [O] 
2026-09-28T03:49:33.883+03:00 [s2] [O] RX ACK session=118C seq=380 ack_to=EBE8/384 frame=14B RX=-40/3 Q97
2026-09-28T03:49:33.886+03:00 [s2] [O] DELIVERY ACK user=EBE8/384 attempts=1/5 elapsed=263ms queue=0
2026-09-28T03:49:33.888+03:00 [s2] [I] S7BP64R5-XXXXXXXXXXXXXXXXXXXXXXXXXXXXXXXXXXXXXXXXXXXXXXXXXXXXXXX
2026-09-28T03:49:33.918+03:00 [s1] [O] TX ACK seq=380 ack_to=EBE8/384 frame=14B OK time=48 ms guard=500ms
2026-09-28T03:49:33.974+03:00 [s2] [O] DELIVERY QUEUED source=2 bytes=64 waiting=1/8 in_flight=0
2026-09-28T03:49:34.098+03:00 [s1] [O] PEER_REPORT our_seq=380 TX=-40/3 Q97
2026-09-28T03:49:34.101+03:00 [s2] [O] 
2026-09-28T03:49:34.104+03:00 [s2] [O] TX USER seq=385 frame=76B user=64B attempt=1/5 OK time=139 ms
2026-09-28T03:49:34.107+03:00 [s2] [O] > S7BP64R5-XXXXXXXXXXXXXXXXXXXXXXXXXXXXXXXXXXXXXXXXXXXXXXXXXXXXXXX
2026-09-28T03:49:34.113+03:00 [s2] [O] DELIVERY WAIT_ACK user=EBE8/385 attempt=1/5 timeout=747ms queue=0
2026-09-28T03:49:34.141+03:00 [s1] [O] 
2026-09-28T03:49:34.187+03:00 [s1] [O] RX USER session=EBE8 seq=385 frame=76B user=64B RX=-43/8 Q97 disposition=0
2026-09-28T03:49:34.319+03:00 [s1] [O] < [-43/8 Q97] S7BP64R5-XXXXXXXXXXXXXXXXXXXXXXXXXXXXXXXXXXXXXXXXXXXXXXXXXXXXXXX
2026-09-28T03:49:34.327+03:00 [s2] [O] PEER_REPORT our_seq=385 TX=-43/8 Q97
2026-09-28T03:49:34.365+03:00 [s1] [O] 
2026-09-28T03:49:34.370+03:00 [s2] [O] 
2026-09-28T03:49:34.371+03:00 [s2] [O] RX ACK session=118C seq=381 ack_to=EBE8/385 frame=14B RX=-40/3 Q97
2026-09-28T03:49:34.380+03:00 [s2] [O] DELIVERY ACK user=EBE8/385 attempts=1/5 elapsed=262ms queue=0
2026-09-28T03:49:34.382+03:00 [s2] [I] S7BP64R6-XXXXXXXXXXXXXXXXXXXXXXXXXXXXXXXXXXXXXXXXXXXXXXXXXXXXXXX
2026-09-28T03:49:34.408+03:00 [s1] [O] TX ACK seq=381 ack_to=EBE8/385 frame=14B OK time=48 ms guard=500ms
2026-09-28T03:49:34.509+03:00 [s2] [O] DELIVERY QUEUED source=2 bytes=64 waiting=1/8 in_flight=0
2026-09-28T03:49:34.592+03:00 [s1] [O] PEER_REPORT our_seq=381 TX=-40/3 Q97
2026-09-28T03:49:34.600+03:00 [s2] [O] 
2026-09-28T03:49:34.601+03:00 [s2] [O] TX USER seq=386 frame=76B user=64B attempt=1/5 OK time=140 ms
2026-09-28T03:49:34.609+03:00 [s2] [O] > S7BP64R6-XXXXXXXXXXXXXXXXXXXXXXXXXXXXXXXXXXXXXXXXXXXXXXXXXXXXXXX
2026-09-28T03:49:34.615+03:00 [s2] [O] DELIVERY WAIT_ACK user=EBE8/386 attempt=1/5 timeout=747ms queue=0
2026-09-28T03:49:34.638+03:00 [s1] [O] 
2026-09-28T03:49:34.681+03:00 [s1] [O] RX USER session=EBE8 seq=386 frame=76B user=64B RX=-44/7 Q97 disposition=0
2026-09-28T03:49:34.815+03:00 [s1] [O] < [-44/7 Q97] S7BP64R6-XXXXXXXXXXXXXXXXXXXXXXXXXXXXXXXXXXXXXXXXXXXXXXXXXXXXXXX
2026-09-28T03:49:34.821+03:00 [s2] [O] PEER_REPORT our_seq=386 TX=-44/7 Q97
2026-09-28T03:49:34.860+03:00 [s1] [O] 
2026-09-28T03:49:34.870+03:00 [s2] [O] 
2026-09-28T03:49:34.870+03:00 [s2] [O] RX ACK session=118C seq=382 ack_to=EBE8/386 frame=14B RX=-41/1 Q97
2026-09-28T03:49:34.905+03:00 [s1] [O] TX ACK seq=382 ack_to=EBE8/386 frame=14B OK time=48 ms guard=500ms
2026-09-28T03:49:34.915+03:00 [s2] [O] DELIVERY ACK user=EBE8/386 attempts=1/5 elapsed=263ms queue=0
2026-09-28T03:49:34.916+03:00 [s2] [I] S7BP64R7-XXXXXXXXXXXXXXXXXXXXXXXXXXXXXXXXXXXXXXXXXXXXXXXXXXXXXXX
2026-09-28T03:49:35.004+03:00 [s2] [O] DELIVERY QUEUED source=2 bytes=64 waiting=1/8 in_flight=0
2026-09-28T03:49:35.130+03:00 [s1] [O] PEER_REPORT our_seq=382 TX=-41/1 Q97
2026-09-28T03:49:35.140+03:00 [s2] [O] 
2026-09-28T03:49:35.146+03:00 [s2] [O] TX USER seq=387 frame=76B user=64B attempt=1/5 OK time=140 ms
2026-09-28T03:49:35.148+03:00 [s2] [O] > S7BP64R7-XXXXXXXXXXXXXXXXXXXXXXXXXXXXXXXXXXXXXXXXXXXXXXXXXXXXXXX
2026-09-28T03:49:35.150+03:00 [s2] [O] DELIVERY WAIT_ACK user=EBE8/387 attempt=1/5 timeout=747ms queue=0
2026-09-28T03:49:35.178+03:00 [s1] [O] 
2026-09-28T03:49:35.220+03:00 [s1] [O] RX USER session=EBE8 seq=387 frame=76B user=64B RX=-44/7 Q97 disposition=0
2026-09-28T03:49:35.355+03:00 [s1] [O] < [-44/7 Q97] S7BP64R7-XXXXXXXXXXXXXXXXXXXXXXXXXXXXXXXXXXXXXXXXXXXXXXXXXXXXXXX
2026-09-28T03:49:35.359+03:00 [s2] [O] PEER_REPORT our_seq=387 TX=-44/7 Q97
2026-09-28T03:49:35.400+03:00 [s1] [O] 
2026-09-28T03:49:35.409+03:00 [s2] [O] 
2026-09-28T03:49:35.419+03:00 [s2] [O] RX ACK session=118C seq=383 ack_to=EBE8/387 frame=14B RX=-41/1 Q97
2026-09-28T03:49:35.423+03:00 [s2] [O] DELIVERY ACK user=EBE8/387 attempts=1/5 elapsed=262ms queue=0
2026-09-28T03:49:35.429+03:00 [s2] [I] S7BP64R8-XXXXXXXXXXXXXXXXXXXXXXXXXXXXXXXXXXXXXXXXXXXXXXXXXXXXXXX
2026-09-28T03:49:35.446+03:00 [s1] [O] TX ACK seq=383 ack_to=EBE8/387 frame=14B OK time=48 ms guard=500ms
2026-09-28T03:49:35.497+03:00 [s2] [O] DELIVERY QUEUED source=2 bytes=64 waiting=1/8 in_flight=0
2026-09-28T03:49:35.634+03:00 [s1] [O] PEER_REPORT our_seq=383 TX=-41/1 Q97
2026-09-28T03:49:35.638+03:00 [s2] [O] 
2026-09-28T03:49:35.638+03:00 [s2] [O] TX USER seq=388 frame=76B user=64B attempt=1/5 OK time=139 ms
2026-09-28T03:49:35.648+03:00 [s2] [O] > S7BP64R8-XXXXXXXXXXXXXXXXXXXXXXXXXXXXXXXXXXXXXXXXXXXXXXXXXXXXXXX
2026-09-28T03:49:35.650+03:00 [s2] [O] DELIVERY WAIT_ACK user=EBE8/388 attempt=1/5 timeout=747ms queue=0
2026-09-28T03:49:35.674+03:00 [s1] [O] 
2026-09-28T03:49:35.717+03:00 [s1] [O] RX USER session=EBE8 seq=388 frame=76B user=64B RX=-43/4 Q97 disposition=0
2026-09-28T03:49:35.851+03:00 [s1] [O] < [-43/4 Q97] S7BP64R8-XXXXXXXXXXXXXXXXXXXXXXXXXXXXXXXXXXXXXXXXXXXXXXXXXXXXXXX
2026-09-28T03:49:35.860+03:00 [s2] [O] PEER_REPORT our_seq=388 TX=-43/4 Q97
2026-09-28T03:49:35.904+03:00 [s2] [O] 
2026-09-28T03:49:35.910+03:00 [s2] [O] RX ACK session=118C seq=384 ack_to=EBE8/388 frame=14B RX=-39/2 Q97
2026-09-28T03:49:35.914+03:00 [s2] [O] DELIVERY ACK user=EBE8/388 attempts=1/5 elapsed=263ms queue=0
2026-09-28T03:49:35.916+03:00 [s2] [I] S7BP64R9-XXXXXXXXXXXXXXXXXXXXXXXXXXXXXXXXXXXXXXXXXXXXXXXXXXXXXXX
2026-09-28T03:49:35.941+03:00 [s1] [O] 
2026-09-28T03:49:35.987+03:00 [s1] [O] TX ACK seq=384 ack_to=EBE8/388 frame=14B OK time=48 ms guard=500ms
2026-09-28T03:49:36.001+03:00 [s2] [O] DELIVERY QUEUED source=2 bytes=64 waiting=1/8 in_flight=0
2026-09-28T03:49:36.120+03:00 [s1] [O] PEER_REPORT our_seq=384 TX=-39/2 Q97
2026-09-28T03:49:36.126+03:00 [s2] [O] 
2026-09-28T03:49:36.127+03:00 [s2] [O] TX USER seq=389 frame=76B user=64B attempt=1/5 OK time=141 ms
2026-09-28T03:49:36.133+03:00 [s2] [O] > S7BP64R9-XXXXXXXXXXXXXXXXXXXXXXXXXXXXXXXXXXXXXXXXXXXXXXXXXXXXXXX
2026-09-28T03:49:36.137+03:00 [s2] [O] DELIVERY WAIT_ACK user=EBE8/389 attempt=1/5 timeout=747ms queue=0
2026-09-28T03:49:36.169+03:00 [s1] [O] 
2026-09-28T03:49:36.211+03:00 [s1] [O] RX USER session=EBE8 seq=389 frame=76B user=64B RX=-44/8 Q97 disposition=0
2026-09-28T03:49:36.344+03:00 [s1] [O] < [-44/8 Q97] S7BP64R9-XXXXXXXXXXXXXXXXXXXXXXXXXXXXXXXXXXXXXXXXXXXXXXXXXXXXXXX
2026-09-28T03:49:36.351+03:00 [s2] [O] PEER_REPORT our_seq=389 TX=-44/8 Q97
2026-09-28T03:49:36.394+03:00 [s1] [O] 
2026-09-28T03:49:36.402+03:00 [s2] [O] 
2026-09-28T03:49:36.403+03:00 [s2] [O] RX ACK session=118C seq=385 ack_to=EBE8/389 frame=14B RX=-39/5 Q97
2026-09-28T03:49:36.404+03:00 [s2] [O] DELIVERY ACK user=EBE8/389 attempts=1/5 elapsed=261ms queue=0
2026-09-28T03:49:36.406+03:00 [s2] [I] S7BP64R10-XXXXXXXXXXXXXXXXXXXXXXXXXXXXXXXXXXXXXXXXXXXXXXXXXXXXXX
2026-09-28T03:49:36.435+03:00 [s1] [O] TX ACK seq=385 ack_to=EBE8/389 frame=14B OK time=48 ms guard=500ms
2026-09-28T03:49:36.485+03:00 [s2] [O] DELIVERY QUEUED source=2 bytes=64 waiting=1/8 in_flight=0
2026-09-28T03:49:36.618+03:00 [s1] [O] PEER_REPORT our_seq=385 TX=-39/5 Q97
2026-09-28T03:49:36.622+03:00 [s2] [O] 
2026-09-28T03:49:36.626+03:00 [s2] [O] TX USER seq=390 frame=76B user=64B attempt=1/5 OK time=139 ms
2026-09-28T03:49:36.629+03:00 [s2] [O] > S7BP64R10-XXXXXXXXXXXXXXXXXXXXXXXXXXXXXXXXXXXXXXXXXXXXXXXXXXXXXX
2026-09-28T03:49:36.632+03:00 [s2] [O] DELIVERY WAIT_ACK user=EBE8/390 attempt=1/5 timeout=747ms queue=0
2026-09-28T03:49:36.660+03:00 [s1] [O] 
2026-09-28T03:49:36.705+03:00 [s1] [O] RX USER session=EBE8 seq=390 frame=76B user=64B RX=-44/8 Q97 disposition=0
2026-09-28T03:49:36.841+03:00 [s1] [O] < [-44/8 Q97] S7BP64R10-XXXXXXXXXXXXXXXXXXXXXXXXXXXXXXXXXXXXXXXXXXXXXXXXXXXXXX
2026-09-28T03:49:36.848+03:00 [s2] [O] PEER_REPORT our_seq=390 TX=-44/8 Q97
2026-09-28T03:49:36.885+03:00 [s1] [O] 
2026-09-28T03:49:36.891+03:00 [s2] [O] 
2026-09-28T03:49:36.899+03:00 [s2] [O] RX ACK session=118C seq=386 ack_to=EBE8/390 frame=14B RX=-42/5 Q97
2026-09-28T03:49:36.902+03:00 [s2] [O] DELIVERY ACK user=EBE8/390 attempts=1/5 elapsed=263ms queue=0
2026-09-28T03:49:36.905+03:00 [s1] [I] S7AP96R1-XXXXXXXXXXXXXXXXXXXXXXXXXXXXXXXXXXXXXXXXXXXXXXXXXXXXXXXXXXXXXXXXXXXXXXXXXXXXXXXXXXXXXXX
2026-09-28T03:49:36.929+03:00 [s1] [O] TX ACK seq=386 ack_to=EBE8/390 frame=14B OK time=48 ms guard=500ms
2026-09-28T03:49:37.023+03:00 [s1] [O] DELIVERY QUEUED source=2 bytes=96 waiting=1/8 in_flight=0
2026-09-28T03:49:37.155+03:00 [s1] [O] 
2026-09-28T03:49:37.169+03:00 [s2] [O] 
2026-09-28T03:49:37.178+03:00 [s2] [O] RX CRC ERROR IRQ=0x70 RX=-43/-1 len=108
2026-09-28T03:49:37.199+03:00 [s1] [O] TX USER seq=387 frame=108B user=96B attempt=1/5 OK time=187 ms
2026-09-28T03:49:37.293+03:00 [s1] [O] > S7AP96R1-XXXXXXXXXXXXXXXXXXXXXXXXXXXXXXXXXXXXXXXXXXXXXXXXXXXXXXXXXXXXXXXXXXXXXXXXXXXXXXXXXXXXXXX
2026-09-28T03:49:37.338+03:00 [s1] [O] DELIVERY WAIT_ACK user=118C/387 attempt=1/5 timeout=747ms queue=0
2026-09-28T03:49:37.929+03:00 [s1] [O] DELIVERY ACK TIMEOUT user=118C/387 attempt=1/5
2026-09-28T03:49:38.012+03:00 [s1] [O] DELIVERY RETRY user=118C/387 next_attempt=2/5 in=106ms
2026-09-28T03:49:38.190+03:00 [s1] [O] 
2026-09-28T03:49:38.191+03:00 [s1] [O] TX USER RETRY seq=387 frame=108B user=96B attempt=2/5 OK time=186 ms
2026-09-28T03:49:38.198+03:00 [s1] [O] DELIVERY WAIT_ACK user=118C/387 attempt=2/5 timeout=747ms queue=0
2026-09-28T03:49:38.964+03:00 [s1] [O] DELIVERY ACK TIMEOUT user=118C/387 attempt=2/5
2026-09-28T03:49:38.964+03:00 [s1] [O] DELIVERY RETRY user=118C/387 next_attempt=3/5 in=310ms
2026-09-28T03:49:39.449+03:00 [s1] [O] 
2026-09-28T03:49:39.454+03:00 [s1] [O] TX USER RETRY seq=387 frame=108B user=96B attempt=3/5 OK time=186 ms
2026-09-28T03:49:39.459+03:00 [s1] [O] DELIVERY WAIT_ACK user=118C/387 attempt=3/5 timeout=747ms queue=0
2026-09-28T03:49:39.504+03:00 [s2] [O] PEER_REPORT our_seq=390 TX=-44/8 Q91
2026-09-28T03:49:39.505+03:00 [s2] [O] 
2026-09-28T03:49:39.513+03:00 [s2] [O] RX USER session=118C seq=387 frame=108B user=96B RX=-44/3 Q97 disposition=0
2026-09-28T03:49:39.514+03:00 [s2] [O] < [-44/3 Q97] S7AP96R1-XXXXXXXXXXXXXXXXXXXXXXXXXXXXXXXXXXXXXXXXXXXXXXXXXXXXXXXXXXXXXXXXXXXXXXXXXXXXXXXXXXXXXXX
2026-09-28T03:49:39.677+03:00 [s1] [O] PEER_REPORT our_seq=387 TX=-44/3 Q97
2026-09-28T03:49:39.685+03:00 [s2] [O] 
2026-09-28T03:49:39.686+03:00 [s2] [O] TX ACK seq=391 ack_to=118C/387 frame=14B OK time=48 ms guard=500ms
2026-09-28T03:49:39.720+03:00 [s1] [O] 
2026-09-28T03:49:39.765+03:00 [s1] [O] RX ACK session=EBE8 seq=391 ack_to=118C/387 frame=14B RX=-42/7 Q91
2026-09-28T03:49:39.900+03:00 [s1] [O] DELIVERY ACK user=118C/387 attempts=3/5 elapsed=2549ms queue=0
2026-09-28T03:49:39.903+03:00 [s1] [I] S7AP96R2-XXXXXXXXXXXXXXXXXXXXXXXXXXXXXXXXXXXXXXXXXXXXXXXXXXXXXXXXXXXXXXXXXXXXXXXXXXXXXXXXXXXXXXX
2026-09-28T03:49:40.035+03:00 [s1] [O] DELIVERY QUEUED source=2 bytes=96 waiting=1/8 in_flight=0
2026-09-28T03:49:40.172+03:00 [s1] [O] 
2026-09-28T03:49:40.187+03:00 [s2] [O] PEER_REPORT our_seq=391 TX=-42/7 Q94
2026-09-28T03:49:40.196+03:00 [s2] [O] 
2026-09-28T03:49:40.198+03:00 [s2] [O] RX USER session=118C seq=388 frame=108B user=96B RX=-43/6 Q97 disposition=0
2026-09-28T03:49:40.206+03:00 [s2] [O] < [-43/6 Q97] S7AP96R2-XXXXXXXXXXXXXXXXXXXXXXXXXXXXXXXXXXXXXXXXXXXXXXXXXXXXXXXXXXXXXXXXXXXXXXXXXXXXXXXXXXXXXXX
2026-09-28T03:49:40.215+03:00 [s1] [O] TX USER seq=388 frame=108B user=96B attempt=1/5 OK time=186 ms
2026-09-28T03:49:40.309+03:00 [s1] [O] > S7AP96R2-XXXXXXXXXXXXXXXXXXXXXXXXXXXXXXXXXXXXXXXXXXXXXXXXXXXXXXXXXXXXXXXXXXXXXXXXXXXXXXXXXXXXXXX
2026-09-28T03:49:40.354+03:00 [s1] [O] DELIVERY WAIT_ACK user=118C/388 attempt=1/5 timeout=747ms queue=0
2026-09-28T03:49:40.443+03:00 [s1] [O] PEER_REPORT our_seq=388 TX=-43/6 Q97
2026-09-28T03:49:40.445+03:00 [s2] [O] 
2026-09-28T03:49:40.452+03:00 [s2] [O] TX ACK seq=392 ack_to=118C/388 frame=14B OK time=48 ms guard=500ms
2026-09-28T03:49:40.484+03:00 [s1] [O] 
2026-09-28T03:49:40.529+03:00 [s1] [O] RX ACK session=EBE8 seq=392 ack_to=118C/388 frame=14B RX=-42/8 Q94
2026-09-28T03:49:40.623+03:00 [s1] [O] DELIVERY ACK user=118C/388 attempts=1/5 elapsed=264ms queue=0
2026-09-28T03:49:40.625+03:00 [s1] [I] S7AP96R3-XXXXXXXXXXXXXXXXXXXXXXXXXXXXXXXXXXXXXXXXXXXXXXXXXXXXXXXXXXXXXXXXXXXXXXXXXXXXXXXXXXXXXXX
2026-09-28T03:49:40.759+03:00 [s1] [O] DELIVERY QUEUED source=2 bytes=96 waiting=1/8 in_flight=0
2026-09-28T03:49:40.889+03:00 [s1] [O] 
2026-09-28T03:49:40.894+03:00 [s2] [O] PEER_REPORT our_seq=392 TX=-42/8 Q94
2026-09-28T03:49:40.900+03:00 [s2] [O] 
2026-09-28T03:49:40.904+03:00 [s2] [O] RX USER session=118C seq=389 frame=108B user=96B RX=-41/6 Q97 disposition=0
2026-09-28T03:49:40.908+03:00 [s2] [O] < [-41/6 Q97] S7AP96R3-XXXXXXXXXXXXXXXXXXXXXXXXXXXXXXXXXXXXXXXXXXXXXXXXXXXXXXXXXXXXXXXXXXXXXXXXXXXXXXXXXXXXXXX
2026-09-28T03:49:40.934+03:00 [s1] [O] TX USER seq=389 frame=108B user=96B attempt=1/5 OK time=186 ms
2026-09-28T03:49:41.070+03:00 [s1] [O] > S7AP96R3-XXXXXXXXXXXXXXXXXXXXXXXXXXXXXXXXXXXXXXXXXXXXXXXXXXXXXXXXXXXXXXXXXXXXXXXXXXXXXXXXXXXXXXX
2026-09-28T03:49:41.115+03:00 [s1] [O] DELIVERY WAIT_ACK user=118C/389 attempt=1/5 timeout=747ms queue=0
2026-09-28T03:49:41.120+03:00 [s2] [O] 
2026-09-28T03:49:41.124+03:00 [s2] [O] TX ACK seq=393 ack_to=118C/389 frame=14B OK time=48 ms guard=500ms
2026-09-28T03:49:41.205+03:00 [s1] [O] PEER_REPORT our_seq=389 TX=-41/6 Q97
2026-09-28T03:49:41.252+03:00 [s1] [O] 
2026-09-28T03:49:41.296+03:00 [s1] [O] RX ACK session=EBE8 seq=393 ack_to=118C/389 frame=14B RX=-42/8 Q94
2026-09-28T03:49:41.386+03:00 [s1] [O] DELIVERY ACK user=118C/389 attempts=1/5 elapsed=262ms queue=0
2026-09-28T03:49:41.394+03:00 [s1] [I] S7AP96R4-XXXXXXXXXXXXXXXXXXXXXXXXXXXXXXXXXXXXXXXXXXXXXXXXXXXXXXXXXXXXXXXXXXXXXXXXXXXXXXXXXXXXXXX
2026-09-28T03:49:41.484+03:00 [s1] [O] DELIVERY QUEUED source=2 bytes=96 waiting=1/8 in_flight=0
2026-09-28T03:49:41.656+03:00 [s1] [O] 
2026-09-28T03:49:41.674+03:00 [s2] [O] PEER_REPORT our_seq=393 TX=-42/8 Q94
2026-09-28T03:49:41.678+03:00 [s2] [O] 
2026-09-28T03:49:41.678+03:00 [s2] [O] RX USER session=118C seq=390 frame=108B user=96B RX=-43/5 Q97 disposition=0
2026-09-28T03:49:41.678+03:00 [s2] [O] < [-43/5 Q97] S7AP96R4-XXXXXXXXXXXXXXXXXXXXXXXXXXXXXXXXXXXXXXXXXXXXXXXXXXXXXXXXXXXXXXXXXXXXXXXXXXXXXXXXXXXXXXX
2026-09-28T03:49:41.699+03:00 [s1] [O] TX USER seq=390 frame=108B user=96B attempt=1/5 OK time=186 ms
2026-09-28T03:49:41.797+03:00 [s1] [O] > S7AP96R4-XXXXXXXXXXXXXXXXXXXXXXXXXXXXXXXXXXXXXXXXXXXXXXXXXXXXXXXXXXXXXXXXXXXXXXXXXXXXXXXXXXXXXXX
2026-09-28T03:49:41.842+03:00 [s1] [O] DELIVERY WAIT_ACK user=118C/390 attempt=1/5 timeout=747ms queue=0
2026-09-28T03:49:41.894+03:00 [s2] [O] 
2026-09-28T03:49:41.897+03:00 [s2] [O] TX ACK seq=394 ack_to=118C/390 frame=14B OK time=48 ms guard=500ms
2026-09-28T03:49:41.928+03:00 [s1] [O] PEER_REPORT our_seq=390 TX=-43/5 Q97
2026-09-28T03:49:41.970+03:00 [s1] [O] 
2026-09-28T03:49:42.020+03:00 [s1] [O] RX ACK session=EBE8 seq=394 ack_to=118C/390 frame=14B RX=-44/6 Q94
2026-09-28T03:49:42.149+03:00 [s1] [O] DELIVERY ACK user=118C/390 attempts=1/5 elapsed=264ms queue=0
2026-09-28T03:49:42.153+03:00 [s1] [I] S7AP96R5-XXXXXXXXXXXXXXXXXXXXXXXXXXXXXXXXXXXXXXXXXXXXXXXXXXXXXXXXXXXXXXXXXXXXXXXXXXXXXXXXXXXXXXX
2026-09-28T03:49:42.248+03:00 [s1] [O] DELIVERY QUEUED source=2 bytes=96 waiting=1/8 in_flight=0
2026-09-28T03:49:42.420+03:00 [s1] [O] 
2026-09-28T03:49:42.435+03:00 [s2] [O] PEER_REPORT our_seq=394 TX=-44/6 Q94
2026-09-28T03:49:42.438+03:00 [s2] [O] 
2026-09-28T03:49:42.440+03:00 [s2] [O] RX USER session=118C seq=391 frame=108B user=96B RX=-44/2 Q97 disposition=0
2026-09-28T03:49:42.442+03:00 [s2] [O] < [-44/2 Q97] S7AP96R5-XXXXXXXXXXXXXXXXXXXXXXXXXXXXXXXXXXXXXXXXXXXXXXXXXXXXXXXXXXXXXXXXXXXXXXXXXXXXXXXXXXXXXXX
2026-09-28T03:49:42.464+03:00 [s1] [O] TX USER seq=391 frame=108B user=96B attempt=1/5 OK time=186 ms
2026-09-28T03:49:42.554+03:00 [s1] [O] > S7AP96R5-XXXXXXXXXXXXXXXXXXXXXXXXXXXXXXXXXXXXXXXXXXXXXXXXXXXXXXXXXXXXXXXXXXXXXXXXXXXXXXXXXXXXXXX
2026-09-28T03:49:42.604+03:00 [s1] [O] DELIVERY WAIT_ACK user=118C/391 attempt=1/5 timeout=747ms queue=0
2026-09-28T03:49:42.653+03:00 [s2] [O] 
2026-09-28T03:49:42.653+03:00 [s2] [O] TX ACK seq=395 ack_to=118C/391 frame=14B OK time=48 ms guard=500ms
2026-09-28T03:49:42.692+03:00 [s1] [O] PEER_REPORT our_seq=391 TX=-44/3 Q97
2026-09-28T03:49:42.738+03:00 [s1] [O] 
2026-09-28T03:49:42.782+03:00 [s1] [O] RX ACK session=EBE8 seq=395 ack_to=118C/391 frame=14B RX=-44/8 Q94
2026-09-28T03:49:42.914+03:00 [s1] [O] DELIVERY ACK user=118C/391 attempts=1/5 elapsed=264ms queue=0
2026-09-28T03:49:42.918+03:00 [s1] [I] S7AP96R6-XXXXXXXXXXXXXXXXXXXXXXXXXXXXXXXXXXXXXXXXXXXXXXXXXXXXXXXXXXXXXXXXXXXXXXXXXXXXXXXXXXXXXXX
2026-09-28T03:49:43.053+03:00 [s1] [O] DELIVERY QUEUED source=2 bytes=96 waiting=1/8 in_flight=0
2026-09-28T03:49:43.231+03:00 [s1] [O] 
2026-09-28T03:49:43.237+03:00 [s2] [O] PEER_REPORT our_seq=395 TX=-44/8 Q94
2026-09-28T03:49:43.248+03:00 [s2] [O] 
2026-09-28T03:49:43.249+03:00 [s2] [O] RX USER session=118C seq=392 frame=108B user=96B RX=-42/5 Q97 disposition=0
2026-09-28T03:49:43.251+03:00 [s2] [O] < [-42/5 Q97] S7AP96R6-XXXXXXXXXXXXXXXXXXXXXXXXXXXXXXXXXXXXXXXXXXXXXXXXXXXXXXXXXXXXXXXXXXXXXXXXXXXXXXXXXXXXXXX
2026-09-28T03:49:43.277+03:00 [s1] [O] TX USER seq=392 frame=108B user=96B attempt=1/5 OK time=186 ms
2026-09-28T03:49:43.368+03:00 [s1] [O] > S7AP96R6-XXXXXXXXXXXXXXXXXXXXXXXXXXXXXXXXXXXXXXXXXXXXXXXXXXXXXXXXXXXXXXXXXXXXXXXXXXXXXXXXXXXXXXX
2026-09-28T03:49:43.412+03:00 [s1] [O] DELIVERY WAIT_ACK user=118C/392 attempt=1/5 timeout=747ms queue=0
2026-09-28T03:49:43.460+03:00 [s2] [O] 
2026-09-28T03:49:43.464+03:00 [s2] [O] TX ACK seq=396 ack_to=118C/392 frame=14B OK time=48 ms guard=500ms
2026-09-28T03:49:43.500+03:00 [s1] [O] PEER_REPORT our_seq=392 TX=-42/5 Q97
2026-09-28T03:49:43.545+03:00 [s1] [O] 
2026-09-28T03:49:43.590+03:00 [s1] [O] RX ACK session=EBE8 seq=396 ack_to=118C/392 frame=14B RX=-43/8 Q94
2026-09-28T03:49:43.726+03:00 [s1] [O] DELIVERY ACK user=118C/392 attempts=1/5 elapsed=264ms queue=0
2026-09-28T03:49:43.730+03:00 [s1] [I] S7AP96R7-XXXXXXXXXXXXXXXXXXXXXXXXXXXXXXXXXXXXXXXXXXXXXXXXXXXXXXXXXXXXXXXXXXXXXXXXXXXXXXXXXXXXXXX
2026-09-28T03:49:43.815+03:00 [s1] [O] DELIVERY QUEUED source=2 bytes=96 waiting=1/8 in_flight=0
2026-09-28T03:49:43.995+03:00 [s1] [O] 
2026-09-28T03:49:44.001+03:00 [s2] [O] PEER_REPORT our_seq=396 TX=-43/8 Q94
2026-09-28T03:49:44.005+03:00 [s2] [O] 
2026-09-28T03:49:44.009+03:00 [s2] [O] RX USER session=118C seq=393 frame=108B user=96B RX=-44/4 Q97 disposition=0
2026-09-28T03:49:44.013+03:00 [s2] [O] < [-44/4 Q97] S7AP96R7-XXXXXXXXXXXXXXXXXXXXXXXXXXXXXXXXXXXXXXXXXXXXXXXXXXXXXXXXXXXXXXXXXXXXXXXXXXXXXXXXXXXXXXX
2026-09-28T03:49:44.042+03:00 [s1] [O] TX USER seq=393 frame=108B user=96B attempt=1/5 OK time=186 ms
2026-09-28T03:49:44.130+03:00 [s1] [O] > S7AP96R7-XXXXXXXXXXXXXXXXXXXXXXXXXXXXXXXXXXXXXXXXXXXXXXXXXXXXXXXXXXXXXXXXXXXXXXXXXXXXXXXXXXXXXXX
2026-09-28T03:49:44.184+03:00 [s1] [O] DELIVERY WAIT_ACK user=118C/393 attempt=1/5 timeout=747ms queue=0
2026-09-28T03:49:44.229+03:00 [s2] [O] 
2026-09-28T03:49:44.237+03:00 [s2] [O] TX ACK seq=397 ack_to=118C/393 frame=14B OK time=48 ms guard=500ms
2026-09-28T03:49:44.268+03:00 [s1] [O] PEER_REPORT our_seq=393 TX=-44/4 Q97
2026-09-28T03:49:44.311+03:00 [s1] [O] 
2026-09-28T03:49:44.356+03:00 [s1] [O] RX ACK session=EBE8 seq=397 ack_to=118C/393 frame=14B RX=-42/6 Q94
2026-09-28T03:49:44.490+03:00 [s1] [O] DELIVERY ACK user=118C/393 attempts=1/5 elapsed=262ms queue=0
2026-09-28T03:49:44.493+03:00 [s1] [I] S7AP96R8-XXXXXXXXXXXXXXXXXXXXXXXXXXXXXXXXXXXXXXXXXXXXXXXXXXXXXXXXXXXXXXXXXXXXXXXXXXXXXXXXXXXXXXX
2026-09-28T03:49:44.583+03:00 [s1] [O] DELIVERY QUEUED source=2 bytes=96 waiting=1/8 in_flight=0
2026-09-28T03:49:44.760+03:00 [s1] [O] 
2026-09-28T03:49:44.765+03:00 [s2] [O] PEER_REPORT our_seq=397 TX=-42/6 Q94
2026-09-28T03:49:44.770+03:00 [s2] [O] 
2026-09-28T03:49:44.771+03:00 [s2] [O] RX USER session=118C seq=394 frame=108B user=96B RX=-41/4 Q97 disposition=0
2026-09-28T03:49:44.781+03:00 [s2] [O] < [-41/4 Q97] S7AP96R8-XXXXXXXXXXXXXXXXXXXXXXXXXXXXXXXXXXXXXXXXXXXXXXXXXXXXXXXXXXXXXXXXXXXXXXXXXXXXXXXXXXXXXXX
2026-09-28T03:49:44.803+03:00 [s1] [O] TX USER seq=394 frame=108B user=96B attempt=1/5 OK time=186 ms
2026-09-28T03:49:44.897+03:00 [s1] [O] > S7AP96R8-XXXXXXXXXXXXXXXXXXXXXXXXXXXXXXXXXXXXXXXXXXXXXXXXXXXXXXXXXXXXXXXXXXXXXXXXXXXXXXXXXXXXXXX
2026-09-28T03:49:44.944+03:00 [s1] [O] DELIVERY WAIT_ACK user=118C/394 attempt=1/5 timeout=747ms queue=0
2026-09-28T03:49:44.996+03:00 [s2] [O] 
2026-09-28T03:49:44.997+03:00 [s2] [O] TX ACK seq=398 ack_to=118C/394 frame=14B OK time=48 ms guard=500ms
2026-09-28T03:49:45.031+03:00 [s1] [O] PEER_REPORT our_seq=394 TX=-41/4 Q97
2026-09-28T03:49:45.077+03:00 [s1] [O] 
2026-09-28T03:49:45.119+03:00 [s1] [O] RX ACK session=EBE8 seq=398 ack_to=118C/394 frame=14B RX=-40/7 Q94
2026-09-28T03:49:45.217+03:00 [s1] [O] DELIVERY ACK user=118C/394 attempts=1/5 elapsed=263ms queue=0
2026-09-28T03:49:45.219+03:00 [s1] [I] S7AP96R9-XXXXXXXXXXXXXXXXXXXXXXXXXXXXXXXXXXXXXXXXXXXXXXXXXXXXXXXXXXXXXXXXXXXXXXXXXXXXXXXXXXXXXXX
2026-09-28T03:49:45.304+03:00 [s1] [O] DELIVERY QUEUED source=2 bytes=96 waiting=1/8 in_flight=0
2026-09-28T03:49:45.479+03:00 [s1] [O] 
2026-09-28T03:49:45.486+03:00 [s2] [O] PEER_REPORT our_seq=398 TX=-40/7 Q94
2026-09-28T03:49:45.486+03:00 [s2] [O] 
2026-09-28T03:49:45.489+03:00 [s2] [O] RX USER session=118C seq=395 frame=108B user=96B RX=-42/4 Q97 disposition=0
2026-09-28T03:49:45.501+03:00 [s2] [O] < [-42/4 Q97] S7AP96R9-XXXXXXXXXXXXXXXXXXXXXXXXXXXXXXXXXXXXXXXXXXXXXXXXXXXXXXXXXXXXXXXXXXXXXXXXXXXXXXXXXXXXXXX
2026-09-28T03:49:45.523+03:00 [s1] [O] TX USER seq=395 frame=108B user=96B attempt=1/5 OK time=186 ms
2026-09-28T03:49:45.615+03:00 [s1] [O] > S7AP96R9-XXXXXXXXXXXXXXXXXXXXXXXXXXXXXXXXXXXXXXXXXXXXXXXXXXXXXXXXXXXXXXXXXXXXXXXXXXXXXXXXXXXXXXX
2026-09-28T03:49:45.666+03:00 [s1] [O] DELIVERY WAIT_ACK user=118C/395 attempt=1/5 timeout=747ms queue=0
2026-09-28T03:49:45.715+03:00 [s2] [O] 
2026-09-28T03:49:45.721+03:00 [s2] [O] TX ACK seq=399 ack_to=118C/395 frame=14B OK time=48 ms guard=500ms
2026-09-28T03:49:45.753+03:00 [s1] [O] PEER_REPORT our_seq=395 TX=-42/4 Q97
2026-09-28T03:49:45.795+03:00 [s1] [O] 
2026-09-28T03:49:45.842+03:00 [s1] [O] RX ACK session=EBE8 seq=399 ack_to=118C/395 frame=14B RX=-43/7 Q94
2026-09-28T03:49:46.020+03:00 [s1] [O] DELIVERY ACK user=118C/395 attempts=1/5 elapsed=264ms queue=0
2026-09-28T03:49:46.029+03:00 [s1] [I] S7AP96R10-XXXXXXXXXXXXXXXXXXXXXXXXXXXXXXXXXXXXXXXXXXXXXXXXXXXXXXXXXXXXXXXXXXXXXXXXXXXXXXXXXXXXXX
2026-09-28T03:49:46.112+03:00 [s1] [O] DELIVERY QUEUED source=2 bytes=96 waiting=1/8 in_flight=0
2026-09-28T03:49:46.291+03:00 [s1] [O] 
2026-09-28T03:49:46.300+03:00 [s2] [O] PEER_REPORT our_seq=399 TX=-43/7 Q94
2026-09-28T03:49:46.303+03:00 [s2] [O] 
2026-09-28T03:49:46.310+03:00 [s2] [O] RX USER session=118C seq=396 frame=108B user=96B RX=-44/7 Q97 disposition=0
2026-09-28T03:49:46.313+03:00 [s2] [O] < [-44/7 Q97] S7AP96R10-XXXXXXXXXXXXXXXXXXXXXXXXXXXXXXXXXXXXXXXXXXXXXXXXXXXXXXXXXXXXXXXXXXXXXXXXXXXXXXXXXXXXXX
2026-09-28T03:49:46.333+03:00 [s1] [O] TX USER seq=396 frame=108B user=96B attempt=1/5 OK time=186 ms
2026-09-28T03:49:46.427+03:00 [s1] [O] > S7AP96R10-XXXXXXXXXXXXXXXXXXXXXXXXXXXXXXXXXXXXXXXXXXXXXXXXXXXXXXXXXXXXXXXXXXXXXXXXXXXXXXXXXXXXXX
2026-09-28T03:49:46.477+03:00 [s1] [O] DELIVERY WAIT_ACK user=118C/396 attempt=1/5 timeout=747ms queue=0
2026-09-28T03:49:46.524+03:00 [s2] [O] 
2026-09-28T03:49:46.525+03:00 [s2] [O] TX ACK seq=400 ack_to=118C/396 frame=14B OK time=48 ms guard=500ms
2026-09-28T03:49:46.607+03:00 [s1] [O] PEER_REPORT our_seq=396 TX=-44/7 Q97
2026-09-28T03:49:46.649+03:00 [s1] [O] 
2026-09-28T03:49:46.696+03:00 [s1] [O] RX ACK session=EBE8 seq=400 ack_to=118C/396 frame=14B RX=-43/9 Q94
2026-09-28T03:49:46.829+03:00 [s1] [O] DELIVERY ACK user=118C/396 attempts=1/5 elapsed=264ms queue=0
2026-09-28T03:49:46.834+03:00 [s2] [I] S7BP96R1-XXXXXXXXXXXXXXXXXXXXXXXXXXXXXXXXXXXXXXXXXXXXXXXXXXXXXXXXXXXXXXXXXXXXXXXXXXXXXXXXXXXXXXX
2026-09-28T03:49:46.929+03:00 [s2] [O] DELIVERY QUEUED source=2 bytes=96 waiting=1/8 in_flight=0
2026-09-28T03:49:47.099+03:00 [s1] [O] PEER_REPORT our_seq=396 TX=-44/7 Q97
2026-09-28T03:49:47.114+03:00 [s2] [O] 
2026-09-28T03:49:47.115+03:00 [s2] [O] TX USER seq=401 frame=108B user=96B attempt=1/5 OK time=186 ms
2026-09-28T03:49:47.119+03:00 [s2] [O] > S7BP96R1-XXXXXXXXXXXXXXXXXXXXXXXXXXXXXXXXXXXXXXXXXXXXXXXXXXXXXXXXXXXXXXXXXXXXXXXXXXXXXXXXXXXXXXX
2026-09-28T03:49:47.144+03:00 [s1] [O] 
2026-09-28T03:49:47.154+03:00 [s2] [O] DELIVERY WAIT_ACK user=EBE8/401 attempt=1/5 timeout=747ms queue=0
2026-09-28T03:49:47.190+03:00 [s1] [O] RX USER session=EBE8 seq=401 frame=108B user=96B RX=-43/6 Q94 disposition=0
2026-09-28T03:49:47.330+03:00 [s1] [O] < [-43/6 Q94] S7BP96R1-XXXXXXXXXXXXXXXXXXXXXXXXXXXXXXXXXXXXXXXXXXXXXXXXXXXXXXXXXXXXXXXXXXXXXXXXXXXXXXXXXXXXXXX
2026-09-28T03:49:47.369+03:00 [s1] [O] 
2026-09-28T03:49:47.380+03:00 [s2] [O] PEER_REPORT our_seq=401 TX=-43/6 Q94
2026-09-28T03:49:47.384+03:00 [s2] [O] 
2026-09-28T03:49:47.386+03:00 [s2] [O] RX ACK session=118C seq=397 ack_to=EBE8/401 frame=14B RX=-39/6 Q97
2026-09-28T03:49:47.389+03:00 [s2] [O] DELIVERY ACK user=EBE8/401 attempts=1/5 elapsed=263ms queue=0
2026-09-28T03:49:47.395+03:00 [s2] [I] S7BP96R2-XXXXXXXXXXXXXXXXXXXXXXXXXXXXXXXXXXXXXXXXXXXXXXXXXXXXXXXXXXXXXXXXXXXXXXXXXXXXXXXXXXXXXXX
2026-09-28T03:49:47.414+03:00 [s1] [O] TX ACK seq=397 ack_to=EBE8/401 frame=14B OK time=48 ms guard=500ms
2026-09-28T03:49:47.467+03:00 [s2] [O] DELIVERY QUEUED source=2 bytes=96 waiting=1/8 in_flight=0
2026-09-28T03:49:47.642+03:00 [s1] [O] PEER_REPORT our_seq=397 TX=-39/6 Q97
2026-09-28T03:49:47.645+03:00 [s2] [O] 
2026-09-28T03:49:47.651+03:00 [s2] [O] TX USER seq=402 frame=108B user=96B attempt=1/5 OK time=186 ms
2026-09-28T03:49:47.653+03:00 [s2] [O] > S7BP96R2-XXXXXXXXXXXXXXXXXXXXXXXXXXXXXXXXXXXXXXXXXXXXXXXXXXXXXXXXXXXXXXXXXXXXXXXXXXXXXXXXXXXXXXX
2026-09-28T03:49:47.658+03:00 [s2] [O] DELIVERY WAIT_ACK user=EBE8/402 attempt=1/5 timeout=747ms queue=0
2026-09-28T03:49:47.695+03:00 [s1] [O] 
2026-09-28T03:49:47.730+03:00 [s1] [O] RX USER session=EBE8 seq=402 frame=108B user=96B RX=-45/6 Q94 disposition=0
2026-09-28T03:49:47.914+03:00 [s1] [O] < [-45/6 Q94] S7BP96R2-XXXXXXXXXXXXXXXXXXXXXXXXXXXXXXXXXXXXXXXXXXXXXXXXXXXXXXXXXXXXXXXXXXXXXXXXXXXXXXXXXXXXXXX
2026-09-28T03:49:47.918+03:00 [s2] [O] PEER_REPORT our_seq=402 TX=-45/6 Q94
2026-09-28T03:49:47.921+03:00 [s2] [O] 
2026-09-28T03:49:47.923+03:00 [s2] [O] RX ACK session=118C seq=398 ack_to=EBE8/402 frame=14B RX=-41/4 Q97
2026-09-28T03:49:47.926+03:00 [s2] [O] DELIVERY ACK user=EBE8/402 attempts=1/5 elapsed=262ms queue=0
2026-09-28T03:49:47.928+03:00 [s2] [I] S7BP96R3-XXXXXXXXXXXXXXXXXXXXXXXXXXXXXXXXXXXXXXXXXXXXXXXXXXXXXXXXXXXXXXXXXXXXXXXXXXXXXXXXXXXXXXX
2026-09-28T03:49:47.954+03:00 [s1] [O] 
2026-09-28T03:49:47.999+03:00 [s1] [O] TX ACK seq=398 ack_to=EBE8/402 frame=14B OK time=48 ms guard=500ms
2026-09-28T03:49:48.008+03:00 [s2] [O] DELIVERY QUEUED source=2 bytes=96 waiting=1/8 in_flight=0
2026-09-28T03:49:48.186+03:00 [s1] [O] PEER_REPORT our_seq=398 TX=-41/4 Q97
2026-09-28T03:49:48.187+03:00 [s2] [O] 
2026-09-28T03:49:48.197+03:00 [s2] [O] TX USER seq=403 frame=108B user=96B attempt=1/5 OK time=186 ms
2026-09-28T03:49:48.200+03:00 [s2] [O] > S7BP96R3-XXXXXXXXXXXXXXXXXXXXXXXXXXXXXXXXXXXXXXXXXXXXXXXXXXXXXXXXXXXXXXXXXXXXXXXXXXXXXXXXXXXXXXX
2026-09-28T03:49:48.203+03:00 [s2] [O] DELIVERY WAIT_ACK user=EBE8/403 attempt=1/5 timeout=747ms queue=0
2026-09-28T03:49:48.269+03:00 [s1] [O] 
2026-09-28T03:49:48.314+03:00 [s1] [O] RX USER session=EBE8 seq=403 frame=108B user=96B RX=-41/6 Q94 disposition=0
2026-09-28T03:49:48.455+03:00 [s1] [O] < [-41/6 Q94] S7BP96R3-XXXXXXXXXXXXXXXXXXXXXXXXXXXXXXXXXXXXXXXXXXXXXXXXXXXXXXXXXXXXXXXXXXXXXXXXXXXXXXXXXXXXXXX
2026-09-28T03:49:48.463+03:00 [s2] [O] PEER_REPORT our_seq=403 TX=-41/6 Q94
2026-09-28T03:49:48.464+03:00 [s2] [O] 
2026-09-28T03:49:48.466+03:00 [s2] [O] RX ACK session=118C seq=399 ack_to=EBE8/403 frame=14B RX=-41/4 Q97
2026-09-28T03:49:48.469+03:00 [s2] [O] DELIVERY ACK user=EBE8/403 attempts=1/5 elapsed=263ms queue=0
2026-09-28T03:49:48.470+03:00 [s2] [I] S7BP96R4-XXXXXXXXXXXXXXXXXXXXXXXXXXXXXXXXXXXXXXXXXXXXXXXXXXXXXXXXXXXXXXXXXXXXXXXXXXXXXXXXXXXXXXX
2026-09-28T03:49:48.494+03:00 [s1] [O] 
2026-09-28T03:49:48.539+03:00 [s1] [O] TX ACK seq=399 ack_to=EBE8/403 frame=14B OK time=48 ms guard=500ms
2026-09-28T03:49:48.548+03:00 [s2] [O] DELIVERY QUEUED source=2 bytes=96 waiting=1/8 in_flight=0
2026-09-28T03:49:48.725+03:00 [s2] [O] 
2026-09-28T03:49:48.728+03:00 [s2] [O] TX USER seq=404 frame=108B user=96B attempt=1/5 OK time=186 ms
2026-09-28T03:49:48.736+03:00 [s2] [O] > S7BP96R4-XXXXXXXXXXXXXXXXXXXXXXXXXXXXXXXXXXXXXXXXXXXXXXXXXXXXXXXXXXXXXXXXXXXXXXXXXXXXXXXXXXXXXXX
2026-09-28T03:49:48.738+03:00 [s2] [O] DELIVERY WAIT_ACK user=EBE8/404 attempt=1/5 timeout=747ms queue=0
2026-09-28T03:49:48.764+03:00 [s1] [O] PEER_REPORT our_seq=399 TX=-41/4 Q97
2026-09-28T03:49:48.810+03:00 [s1] [O] 
2026-09-28T03:49:48.857+03:00 [s1] [O] RX USER session=EBE8 seq=404 frame=108B user=96B RX=-39/6 Q94 disposition=0
2026-09-28T03:49:48.992+03:00 [s1] [O] < [-39/6 Q94] S7BP96R4-XXXXXXXXXXXXXXXXXXXXXXXXXXXXXXXXXXXXXXXXXXXXXXXXXXXXXXXXXXXXXXXXXXXXXXXXXXXXXXXXXXXXXXX
2026-09-28T03:49:48.996+03:00 [s2] [O] PEER_REPORT our_seq=404 TX=-39/6 Q94
2026-09-28T03:49:48.999+03:00 [s2] [O] 
2026-09-28T03:49:49.000+03:00 [s2] [O] RX ACK session=118C seq=400 ack_to=EBE8/404 frame=14B RX=-43/3 Q97
2026-09-28T03:49:49.034+03:00 [s1] [O] 
2026-09-28T03:49:49.044+03:00 [s2] [O] DELIVERY ACK user=EBE8/404 attempts=1/5 elapsed=262ms queue=0
2026-09-28T03:49:49.049+03:00 [s2] [I] S7BP96R5-XXXXXXXXXXXXXXXXXXXXXXXXXXXXXXXXXXXXXXXXXXXXXXXXXXXXXXXXXXXXXXXXXXXXXXXXXXXXXXXXXXXXXXX
2026-09-28T03:49:49.079+03:00 [s1] [O] TX ACK seq=400 ack_to=EBE8/404 frame=14B OK time=48 ms guard=500ms
2026-09-28T03:49:49.132+03:00 [s2] [O] DELIVERY QUEUED source=2 bytes=96 waiting=1/8 in_flight=0
2026-09-28T03:49:49.307+03:00 [s1] [O] PEER_REPORT our_seq=400 TX=-43/3 Q97
2026-09-28T03:49:49.356+03:00 [s2] [O] 
2026-09-28T03:49:49.364+03:00 [s2] [O] TX USER seq=405 frame=108B user=96B attempt=1/5 OK time=186 ms
2026-09-28T03:49:49.364+03:00 [s2] [O] > S7BP96R5-XXXXXXXXXXXXXXXXXXXXXXXXXXXXXXXXXXXXXXXXXXXXXXXXXXXXXXXXXXXXXXXXXXXXXXXXXXXXXXXXXXXXXXX
2026-09-28T03:49:49.367+03:00 [s2] [O] DELIVERY WAIT_ACK user=EBE8/405 attempt=1/5 timeout=747ms queue=0
2026-09-28T03:49:49.394+03:00 [s1] [O] 
2026-09-28T03:49:49.443+03:00 [s1] [O] RX USER session=EBE8 seq=405 frame=108B user=96B RX=-44/6 Q94 disposition=0
2026-09-28T03:49:49.577+03:00 [s1] [O] < [-44/6 Q94] S7BP96R5-XXXXXXXXXXXXXXXXXXXXXXXXXXXXXXXXXXXXXXXXXXXXXXXXXXXXXXXXXXXXXXXXXXXXXXXXXXXXXXXXXXXXXXX
2026-09-28T03:49:49.582+03:00 [s2] [O] PEER_REPORT our_seq=405 TX=-44/6 Q94
2026-09-28T03:49:49.589+03:00 [s2] [O] 
2026-09-28T03:49:49.592+03:00 [s2] [O] RX ACK session=118C seq=401 ack_to=EBE8/405 frame=14B RX=-43/3 Q97
2026-09-28T03:49:49.598+03:00 [s2] [O] DELIVERY ACK user=EBE8/405 attempts=1/5 elapsed=263ms queue=0
2026-09-28T03:49:49.599+03:00 [s2] [I] S7BP96R6-XXXXXXXXXXXXXXXXXXXXXXXXXXXXXXXXXXXXXXXXXXXXXXXXXXXXXXXXXXXXXXXXXXXXXXXXXXXXXXXXXXXXXXX
2026-09-28T03:49:49.619+03:00 [s1] [O] 
2026-09-28T03:49:49.666+03:00 [s1] [O] TX ACK seq=401 ack_to=EBE8/405 frame=14B OK time=48 ms guard=500ms
2026-09-28T03:49:49.676+03:00 [s2] [O] DELIVERY QUEUED source=2 bytes=96 waiting=1/8 in_flight=0
2026-09-28T03:49:49.844+03:00 [s1] [O] PEER_REPORT our_seq=401 TX=-43/3 Q97
2026-09-28T03:49:49.848+03:00 [s2] [O] 
2026-09-28T03:49:49.854+03:00 [s2] [O] TX USER seq=406 frame=108B user=96B attempt=1/5 OK time=186 ms
2026-09-28T03:49:49.857+03:00 [s2] [O] > S7BP96R6-XXXXXXXXXXXXXXXXXXXXXXXXXXXXXXXXXXXXXXXXXXXXXXXXXXXXXXXXXXXXXXXXXXXXXXXXXXXXXXXXXXXXXXX
2026-09-28T03:49:49.864+03:00 [s2] [O] DELIVERY WAIT_ACK user=EBE8/406 attempt=1/5 timeout=747ms queue=0
2026-09-28T03:49:49.889+03:00 [s1] [O] 
2026-09-28T03:49:49.936+03:00 [s1] [O] RX USER session=EBE8 seq=406 frame=108B user=96B RX=-44/6 Q94 disposition=0
2026-09-28T03:49:50.115+03:00 [s1] [O] < [-44/6 Q94] S7BP96R6-XXXXXXXXXXXXXXXXXXXXXXXXXXXXXXXXXXXXXXXXXXXXXXXXXXXXXXXXXXXXXXXXXXXXXXXXXXXXXXXXXXXXXXX
2026-09-28T03:49:50.120+03:00 [s1] [O] 
2026-09-28T03:49:50.120+03:00 [s2] [O] PEER_REPORT our_seq=406 TX=-44/7 Q94
2026-09-28T03:49:50.126+03:00 [s2] [O] 
2026-09-28T03:49:50.129+03:00 [s2] [O] RX ACK session=118C seq=402 ack_to=EBE8/406 frame=14B RX=-39/3 Q97
2026-09-28T03:49:50.131+03:00 [s2] [O] DELIVERY ACK user=EBE8/406 attempts=1/5 elapsed=262ms queue=0
2026-09-28T03:49:50.133+03:00 [s2] [I] S7BP96R7-XXXXXXXXXXXXXXXXXXXXXXXXXXXXXXXXXXXXXXXXXXXXXXXXXXXXXXXXXXXXXXXXXXXXXXXXXXXXXXXXXXXXXXX
2026-09-28T03:49:50.162+03:00 [s1] [O] TX ACK seq=402 ack_to=EBE8/406 frame=14B OK time=48 ms guard=500ms
2026-09-28T03:49:50.217+03:00 [s2] [O] DELIVERY QUEUED source=2 bytes=96 waiting=1/8 in_flight=0
2026-09-28T03:49:50.384+03:00 [s1] [O] PEER_REPORT our_seq=402 TX=-39/3 Q97
2026-09-28T03:49:50.400+03:00 [s2] [O] 
2026-09-28T03:49:50.400+03:00 [s2] [O] TX USER seq=407 frame=108B user=96B attempt=1/5 OK time=186 ms
2026-09-28T03:49:50.403+03:00 [s2] [O] > S7BP96R7-XXXXXXXXXXXXXXXXXXXXXXXXXXXXXXXXXXXXXXXXXXXXXXXXXXXXXXXXXXXXXXXXXXXXXXXXXXXXXXXXXXXXXXX
2026-09-28T03:49:50.405+03:00 [s2] [O] DELIVERY WAIT_ACK user=EBE8/407 attempt=1/5 timeout=747ms queue=0
2026-09-28T03:49:50.429+03:00 [s1] [O] 
2026-09-28T03:49:50.476+03:00 [s1] [O] RX USER session=EBE8 seq=407 frame=108B user=96B RX=-44/6 Q94 disposition=0
2026-09-28T03:49:50.611+03:00 [s1] [O] < [-44/6 Q94] S7BP96R7-XXXXXXXXXXXXXXXXXXXXXXXXXXXXXXXXXXXXXXXXXXXXXXXXXXXXXXXXXXXXXXXXXXXXXXXXXXXXXXXXXXXXXXX
2026-09-28T03:49:50.654+03:00 [s1] [O] 
2026-09-28T03:49:50.665+03:00 [s2] [O] PEER_REPORT our_seq=407 TX=-44/7 Q94
2026-09-28T03:49:50.668+03:00 [s2] [O] 
2026-09-28T03:49:50.672+03:00 [s2] [O] RX ACK session=118C seq=403 ack_to=EBE8/407 frame=14B RX=-39/4 Q97
2026-09-28T03:49:50.679+03:00 [s2] [O] DELIVERY ACK user=EBE8/407 attempts=1/5 elapsed=261ms queue=0
2026-09-28T03:49:50.680+03:00 [s2] [I] S7BP96R8-XXXXXXXXXXXXXXXXXXXXXXXXXXXXXXXXXXXXXXXXXXXXXXXXXXXXXXXXXXXXXXXXXXXXXXXXXXXXXXXXXXXXXXX
2026-09-28T03:49:50.699+03:00 [s1] [O] TX ACK seq=403 ack_to=EBE8/407 frame=14B OK time=48 ms guard=500ms
2026-09-28T03:49:50.747+03:00 [s1] [O] 
2026-09-28T03:49:50.751+03:00 [s2] [O] DELIVERY QUEUED source=2 bytes=96 waiting=1/8 in_flight=0
2026-09-28T03:49:50.927+03:00 [s1] [O] SESSION t=3780s TX ok=411 user=178 echo_req=0 echo_rep=0 hb=70(idle=70) err=0 started=411 RX ok=404 user=163 echo_req=0 echo_rep=0 hb=0 crc=7 hdr=3 bad=0 readerr=0 reports=404 Q=94% drops=0 fatal=0
2026-09-28T03:49:50.931+03:00 [s2] [O] 
2026-09-28T03:49:50.932+03:00 [s2] [O] TX USER seq=408 frame=108B user=96B attempt=1/5 OK time=186 ms
2026-09-28T03:49:50.938+03:00 [s2] [O] > S7BP96R8-XXXXXXXXXXXXXXXXXXXXXXXXXXXXXXXXXXXXXXXXXXXXXXXXXXXXXXXXXXXXXXXXXXXXXXXXXXXXXXXXXXXXXXX
2026-09-28T03:49:50.942+03:00 [s2] [O] DELIVERY WAIT_ACK user=EBE8/408 attempt=1/5 timeout=747ms queue=0
2026-09-28T03:49:51.149+03:00 [s1] [O] SESSION COURTESY window=5000ms peer_release=0 expired=0 yielding=0
2026-09-28T03:49:51.202+03:00 [s2] [O] PEER_REPORT our_seq=408 TX=-42/7 Q94
2026-09-28T03:49:51.212+03:00 [s2] [O] 
2026-09-28T03:49:51.214+03:00 [s2] [O] RX ACK session=118C seq=404 ack_to=EBE8/408 frame=14B RX=-44/4 Q97
2026-09-28T03:49:51.216+03:00 [s2] [O] DELIVERY ACK user=EBE8/408 attempts=1/5 elapsed=264ms queue=0
2026-09-28T03:49:51.218+03:00 [s2] [I] S7BP96R9-XXXXXXXXXXXXXXXXXXXXXXXXXXXXXXXXXXXXXXXXXXXXXXXXXXXXXXXXXXXXXXXXXXXXXXXXXXXXXXXXXXXXXXX
2026-09-28T03:49:51.284+03:00 [s1] [O] SESSION DIO0_TX affected=0/411 episodes=0 avg_all=0.00 avg_affected=0.00 high_polls=0
2026-09-28T03:49:51.291+03:00 [s2] [O] DELIVERY QUEUED source=2 bytes=96 waiting=1/8 in_flight=0
2026-09-28T03:49:51.466+03:00 [s1] [O] SESSION RX_POLL polls=3625328 rxdone=414 interval=1000us DIO0_RX false_high_ep=0 high_polls=0 rxdone_low=11 isr=disabled
2026-09-28T03:49:51.475+03:00 [s2] [O] 
2026-09-28T03:49:51.476+03:00 [s2] [O] TX USER seq=409 frame=108B user=96B attempt=1/5 OK time=186 ms
2026-09-28T03:49:51.480+03:00 [s2] [O] > S7BP96R9-XXXXXXXXXXXXXXXXXXXXXXXXXXXXXXXXXXXXXXXXXXXXXXXXXXXXXXXXXXXXXXXXXXXXXXXXXXXXXXXXXXXXXXX
2026-09-28T03:49:51.483+03:00 [s2] [O] DELIVERY WAIT_ACK user=EBE8/409 attempt=1/5 timeout=747ms queue=0
2026-09-28T03:49:51.558+03:00 [s1] [O] PEER_REPORT our_seq=403 TX=-39/4 Q97
2026-09-28T03:49:51.599+03:00 [s1] [O] 
2026-09-28T03:49:51.645+03:00 [s1] [O] RX USER session=EBE8 seq=408 frame=108B user=96B RX=-42/7 Q94 disposition=0
2026-09-28T03:49:51.740+03:00 [s2] [O] PEER_REPORT our_seq=409 TX=-44/8 Q94
2026-09-28T03:49:51.744+03:00 [s2] [O] 
2026-09-28T03:49:51.748+03:00 [s2] [O] RX ACK session=118C seq=405 ack_to=EBE8/409 frame=14B RX=-43/1 Q97
2026-09-28T03:49:51.751+03:00 [s2] [O] DELIVERY ACK user=EBE8/409 attempts=1/5 elapsed=263ms queue=0
2026-09-28T03:49:51.753+03:00 [s2] [I] S7BP96R10-XXXXXXXXXXXXXXXXXXXXXXXXXXXXXXXXXXXXXXXXXXXXXXXXXXXXXXXXXXXXXXXXXXXXXXXXXXXXXXXXXXXXXX
2026-09-28T03:49:51.784+03:00 [s1] [O] < [-42/7 Q94] S7BP96R8-XXXXXXXXXXXXXXXXXXXXXXXXXXXXXXXXXXXXXXXXXXXXXXXXXXXXXXXXXXXXXXXXXXXXXXXXXXXXXXXXXXXXXXX
2026-09-28T03:49:51.824+03:00 [s1] [O] 
2026-09-28T03:49:51.835+03:00 [s2] [O] DELIVERY QUEUED source=2 bytes=96 waiting=1/8 in_flight=0
2026-09-28T03:49:51.870+03:00 [s1] [O] TX ACK seq=404 ack_to=EBE8/408 frame=14B OK time=47 ms guard=500ms
2026-09-28T03:49:51.961+03:00 [s1] [O] PEER_REPORT our_seq=404 TX=-44/5 Q97
2026-09-28T03:49:52.007+03:00 [s1] [O] 
2026-09-28T03:49:52.010+03:00 [s2] [O] 
2026-09-28T03:49:52.011+03:00 [s2] [O] TX USER seq=410 frame=108B user=96B attempt=1/5 OK time=186 ms
2026-09-28T03:49:52.019+03:00 [s2] [O] > S7BP96R10-XXXXXXXXXXXXXXXXXXXXXXXXXXXXXXXXXXXXXXXXXXXXXXXXXXXXXXXXXXXXXXXXXXXXXXXXXXXXXXXXXXXXXX
2026-09-28T03:49:52.024+03:00 [s2] [O] DELIVERY WAIT_ACK user=EBE8/410 attempt=1/5 timeout=747ms queue=0
2026-09-28T03:49:52.053+03:00 [s1] [O] RX USER session=EBE8 seq=409 frame=108B user=96B RX=-44/8 Q94 disposition=0
2026-09-28T03:49:52.229+03:00 [s1] [O] < [-44/8 Q94] S7BP96R9-XXXXXXXXXXXXXXXXXXXXXXXXXXXXXXXXXXXXXXXXXXXXXXXXXXXXXXXXXXXXXXXXXXXXXXXXXXXXXXXXXXXXXXX
2026-09-28T03:49:52.236+03:00 [s1] [O] 
2026-09-28T03:49:52.277+03:00 [s1] [O] TX ACK seq=405 ack_to=EBE8/409 frame=14B OK time=48 ms guard=500ms
2026-09-28T03:49:52.289+03:00 [s2] [O] PEER_REPORT our_seq=410 TX=-45/7 Q94
2026-09-28T03:49:52.294+03:00 [s2] [O] 
2026-09-28T03:49:52.297+03:00 [s2] [O] RX ACK session=118C seq=406 ack_to=EBE8/410 frame=14B RX=-41/0 Q100
2026-09-28T03:49:52.331+03:00 [s2] [O] DELIVERY ACK user=EBE8/410 attempts=1/5 elapsed=263ms queue=0
2026-09-28T03:49:52.334+03:00 [s1] [I] S7AP128R1-XXXXXXXXXXXXXXXXXXXXXXXXXXXXXXXXXXXXXXXXXXXXXXXXXXXXXXXXXXXXXXXXXXXXXXXXXXXXXXXXXXXXXXXXXXXXXXXXXXXXXXXXXXXXXXXXXXXXXX
2026-09-28T03:49:52.366+03:00 [s1] [O] PEER_REPORT our_seq=405 TX=-43/1 Q100
2026-09-28T03:49:52.418+03:00 [s1] [O] 
2026-09-28T03:49:52.464+03:00 [s1] [O] RX USER session=EBE8 seq=410 frame=108B user=96B RX=-45/7 Q94 disposition=0
2026-09-28T03:49:52.635+03:00 [s1] [O] < [-45/7 Q94] S7BP96R10-XXXXXXXXXXXXXXXXXXXXXXXXXXXXXXXXXXXXXXXXXXXXXXXXXXXXXXXXXXXXXXXXXXXXXXXXXXXXXXXXXXXXXX
2026-09-28T03:49:52.639+03:00 [s1] [O] 
2026-09-28T03:49:52.651+03:00 [s2] [O] PEER_REPORT our_seq=410 TX=-45/7 Q94
2026-09-28T03:49:52.654+03:00 [s2] [O] 
2026-09-28T03:49:52.656+03:00 [s2] [O] RX USER session=118C seq=407 frame=140B user=128B RX=-42/4 Q100 disposition=0
2026-09-28T03:49:52.658+03:00 [s2] [O] < [-42/4 Q100] S7AP128R1-XXXXXXXXXXXXXXXXXXXXXXXXXXXXXXXXXXXXXXXXXXXXXXXXXXXXXXXXXXXXXXXXXXXXXXXXXXXXXXXXXXXXXXXXXXXXXXXXXXXXXXXXXXXXXXXXXXXXXX
2026-09-28T03:49:52.686+03:00 [s1] [O] TX ACK seq=406 ack_to=EBE8/410 frame=14B OK time=48 ms guard=500ms
2026-09-28T03:49:52.788+03:00 [s1] [O] DELIVERY QUEUED source=2 bytes=128 waiting=1/8 in_flight=0
2026-09-28T03:49:52.859+03:00 [s1] [O] 
2026-09-28T03:49:52.873+03:00 [s2] [O] 
2026-09-28T03:49:52.877+03:00 [s2] [O] TX ACK seq=411 ack_to=118C/407 frame=14B OK time=48 ms guard=500ms
2026-09-28T03:49:52.904+03:00 [s1] [O] TX USER seq=407 frame=140B user=128B attempt=1/5 OK time=233 ms
2026-09-28T03:49:53.044+03:00 [s1] [O] > S7AP128R1-XXXXXXXXXXXXXXXXXXXXXXXXXXXXXXXXXXXXXXXXXXXXXXXXXXXXXXXXXXXXXXXXXXXXXXXXXXXXXXXXXXXXXXXXXXXXXXXXXXXXXXXXXXXXXXXXXXXXXX
2026-09-28T03:49:53.084+03:00 [s1] [O] DELIVERY WAIT_ACK user=118C/407 attempt=1/5 timeout=747ms queue=0
2026-09-28T03:49:53.137+03:00 [s1] [O] PEER_REPORT our_seq=407 TX=-42/4 Q100
2026-09-28T03:49:53.184+03:00 [s1] [O] 
2026-09-28T03:49:53.222+03:00 [s1] [O] RX ACK session=EBE8 seq=411 ack_to=118C/407 frame=14B RX=-40/7 Q94
2026-09-28T03:49:53.362+03:00 [s1] [O] DELIVERY ACK user=118C/407 attempts=1/5 elapsed=252ms queue=0
2026-09-28T03:49:53.369+03:00 [s1] [I] S7AP128R2-XXXXXXXXXXXXXXXXXXXXXXXXXXXXXXXXXXXXXXXXXXXXXXXXXXXXXXXXXXXXXXXXXXXXXXXXXXXXXXXXXXXXXXXXXXXXXXXXXXXXXXXXXXXXXXXXXXXXXX
2026-09-28T03:49:53.450+03:00 [s1] [O] DELIVERY QUEUED source=2 bytes=128 waiting=1/8 in_flight=0
2026-09-28T03:49:53.670+03:00 [s1] [O] 
2026-09-28T03:49:53.688+03:00 [s2] [O] PEER_REPORT our_seq=411 TX=-40/7 Q94
2026-09-28T03:49:53.701+03:00 [s2] [O] 
2026-09-28T03:49:53.706+03:00 [s2] [O] RX USER session=118C seq=408 frame=140B user=128B RX=-42/0 Q100 disposition=0
2026-09-28T03:49:53.709+03:00 [s2] [O] < [-42/0 Q100] S7AP128R2-XXXXXXXXXXXXXXXXXXXXXXXXXXXXXXXXXXXXXXXXXXXXXXXXXXXXXXXXXXXXXXXXXXXXXXXXXXXXXXXXXXXXXXXXXXXXXXXXXXXXXXXXXXXXXXXXXXXXXX
2026-09-28T03:49:53.714+03:00 [s1] [O] TX USER seq=408 frame=140B user=128B attempt=1/5 OK time=232 ms
2026-09-28T03:49:53.850+03:00 [s1] [O] > S7AP128R2-XXXXXXXXXXXXXXXXXXXXXXXXXXXXXXXXXXXXXXXXXXXXXXXXXXXXXXXXXXXXXXXXXXXXXXXXXXXXXXXXXXXXXXXXXXXXXXXXXXXXXXXXXXXXXXXXXXXXXX
2026-09-28T03:49:53.903+03:00 [s2] [O] 
2026-09-28T03:49:53.903+03:00 [s1] [O] DELIVERY WAIT_ACK user=118C/408 attempt=1/5 timeout=747ms queue=0
2026-09-28T03:49:53.907+03:00 [s2] [O] TX ACK seq=412 ack_to=118C/408 frame=14B OK time=48 ms guard=500ms
2026-09-28T03:49:53.944+03:00 [s1] [O] PEER_REPORT our_seq=408 TX=-42/1 Q100
2026-09-28T03:49:53.990+03:00 [s1] [O] 
2026-09-28T03:49:54.034+03:00 [s1] [O] RX ACK session=EBE8 seq=412 ack_to=118C/408 frame=14B RX=-39/5 Q94
2026-09-28T03:49:54.171+03:00 [s1] [O] DELIVERY ACK user=118C/408 attempts=1/5 elapsed=263ms queue=0
2026-09-28T03:49:54.175+03:00 [s1] [I] S7AP128R3-XXXXXXXXXXXXXXXXXXXXXXXXXXXXXXXXXXXXXXXXXXXXXXXXXXXXXXXXXXXXXXXXXXXXXXXXXXXXXXXXXXXXXXXXXXXXXXXXXXXXXXXXXXXXXXXXXXXXXX
2026-09-28T03:49:54.259+03:00 [s1] [O] DELIVERY QUEUED source=2 bytes=128 waiting=1/8 in_flight=0
2026-09-28T03:49:54.481+03:00 [s1] [O] 
2026-09-28T03:49:54.489+03:00 [s2] [O] PEER_REPORT our_seq=412 TX=-39/5 Q94
2026-09-28T03:49:54.490+03:00 [s2] [O] 
2026-09-28T03:49:54.498+03:00 [s2] [O] RX USER session=118C seq=409 frame=140B user=128B RX=-40/1 Q100 disposition=0
2026-09-28T03:49:54.500+03:00 [s2] [O] < [-40/1 Q100] S7AP128R3-XXXXXXXXXXXXXXXXXXXXXXXXXXXXXXXXXXXXXXXXXXXXXXXXXXXXXXXXXXXXXXXXXXXXXXXXXXXXXXXXXXXXXXXXXXXXXXXXXXXXXXXXXXXXXXXXXXXXXX
2026-09-28T03:49:54.525+03:00 [s1] [O] TX USER seq=409 frame=140B user=128B attempt=1/5 OK time=232 ms
2026-09-28T03:49:54.661+03:00 [s1] [O] > S7AP128R3-XXXXXXXXXXXXXXXXXXXXXXXXXXXXXXXXXXXXXXXXXXXXXXXXXXXXXXXXXXXXXXXXXXXXXXXXXXXXXXXXXXXXXXXXXXXXXXXXXXXXXXXXXXXXXXXXXXXXXX
2026-09-28T03:49:54.715+03:00 [s2] [O] 
2026-09-28T03:49:54.715+03:00 [s1] [O] DELIVERY WAIT_ACK user=118C/409 attempt=1/5 timeout=747ms queue=0
2026-09-28T03:49:54.716+03:00 [s2] [O] TX ACK seq=413 ack_to=118C/409 frame=14B OK time=48 ms guard=500ms
2026-09-28T03:49:54.803+03:00 [s1] [O] PEER_REPORT our_seq=409 TX=-40/1 Q100
2026-09-28T03:49:54.892+03:00 [s1] [O] 
2026-09-28T03:49:54.936+03:00 [s1] [O] RX ACK session=EBE8 seq=413 ack_to=118C/409 frame=14B RX=-45/6 Q94
2026-09-28T03:49:55.064+03:00 [s1] [O] DELIVERY ACK user=118C/409 attempts=1/5 elapsed=262ms queue=0
2026-09-28T03:49:55.071+03:00 [s1] [I] S7AP128R4-XXXXXXXXXXXXXXXXXXXXXXXXXXXXXXXXXXXXXXXXXXXXXXXXXXXXXXXXXXXXXXXXXXXXXXXXXXXXXXXXXXXXXXXXXXXXXXXXXXXXXXXXXXXXXXXXXXXXXX
2026-09-28T03:49:55.160+03:00 [s1] [O] DELIVERY QUEUED source=2 bytes=128 waiting=1/8 in_flight=0
2026-09-28T03:49:55.379+03:00 [s1] [O] 
2026-09-28T03:49:55.390+03:00 [s2] [O] PEER_REPORT our_seq=413 TX=-45/6 Q94
2026-09-28T03:49:55.400+03:00 [s2] [O] 
2026-09-28T03:49:55.403+03:00 [s2] [O] RX USER session=118C seq=410 frame=140B user=128B RX=-40/0 Q100 disposition=0
2026-09-28T03:49:55.405+03:00 [s2] [O] < [-40/0 Q100] S7AP128R4-XXXXXXXXXXXXXXXXXXXXXXXXXXXXXXXXXXXXXXXXXXXXXXXXXXXXXXXXXXXXXXXXXXXXXXXXXXXXXXXXXXXXXXXXXXXXXXXXXXXXXXXXXXXXXXXXXXXXXX
2026-09-28T03:49:55.427+03:00 [s1] [O] TX USER seq=410 frame=140B user=128B attempt=1/5 OK time=232 ms
2026-09-28T03:49:55.559+03:00 [s1] [O] > S7AP128R4-XXXXXXXXXXXXXXXXXXXXXXXXXXXXXXXXXXXXXXXXXXXXXXXXXXXXXXXXXXXXXXXXXXXXXXXXXXXXXXXXXXXXXXXXXXXXXXXXXXXXXXXXXXXXXXXXXXXXXX
2026-09-28T03:49:55.609+03:00 [s1] [O] DELIVERY WAIT_ACK user=118C/410 attempt=1/5 timeout=747ms queue=0
2026-09-28T03:49:55.616+03:00 [s2] [O] 
2026-09-28T03:49:55.622+03:00 [s2] [O] TX ACK seq=414 ack_to=118C/410 frame=14B OK time=48 ms guard=500ms
2026-09-28T03:49:55.695+03:00 [s1] [O] PEER_REPORT our_seq=410 TX=-40/1 Q100
2026-09-28T03:49:55.744+03:00 [s1] [O] 
2026-09-28T03:49:55.784+03:00 [s1] [O] RX ACK session=EBE8 seq=414 ack_to=118C/410 frame=14B RX=-41/5 Q94
2026-09-28T03:49:55.879+03:00 [s1] [O] DELIVERY ACK user=118C/410 attempts=1/5 elapsed=263ms queue=0
2026-09-28T03:49:55.884+03:00 [s1] [I] S7AP128R5-XXXXXXXXXXXXXXXXXXXXXXXXXXXXXXXXXXXXXXXXXXXXXXXXXXXXXXXXXXXXXXXXXXXXXXXXXXXXXXXXXXXXXXXXXXXXXXXXXXXXXXXXXXXXXXXXXXXXXX
2026-09-28T03:49:56.018+03:00 [s1] [O] DELIVERY QUEUED source=2 bytes=128 waiting=1/8 in_flight=0
2026-09-28T03:49:56.192+03:00 [s1] [O] 
2026-09-28T03:49:56.207+03:00 [s2] [O] PEER_REPORT our_seq=414 TX=-41/5 Q94
2026-09-28T03:49:56.212+03:00 [s2] [O] 
2026-09-28T03:49:56.216+03:00 [s2] [O] RX USER session=118C seq=411 frame=140B user=128B RX=-43/2 Q100 disposition=0
2026-09-28T03:49:56.218+03:00 [s2] [O] < [-43/2 Q100] S7AP128R5-XXXXXXXXXXXXXXXXXXXXXXXXXXXXXXXXXXXXXXXXXXXXXXXXXXXXXXXXXXXXXXXXXXXXXXXXXXXXXXXXXXXXXXXXXXXXXXXXXXXXXXXXXXXXXXXXXXXXXX
2026-09-28T03:49:56.234+03:00 [s1] [O] TX USER seq=411 frame=140B user=128B attempt=1/5 OK time=232 ms
2026-09-28T03:49:56.372+03:00 [s1] [O] > S7AP128R5-XXXXXXXXXXXXXXXXXXXXXXXXXXXXXXXXXXXXXXXXXXXXXXXXXXXXXXXXXXXXXXXXXXXXXXXXXXXXXXXXXXXXXXXXXXXXXXXXXXXXXXXXXXXXXXXXXXXXXX
2026-09-28T03:49:56.414+03:00 [s1] [O] DELIVERY WAIT_ACK user=118C/411 attempt=1/5 timeout=747ms queue=0
2026-09-28T03:49:56.422+03:00 [s2] [O] 
2026-09-28T03:49:56.427+03:00 [s2] [O] TX ACK seq=415 ack_to=118C/411 frame=14B OK time=48 ms guard=500ms
2026-09-28T03:49:56.509+03:00 [s1] [O] PEER_REPORT our_seq=411 TX=-43/2 Q100
2026-09-28T03:49:56.559+03:00 [s1] [O] 
2026-09-28T03:49:56.595+03:00 [s1] [O] RX ACK session=EBE8 seq=415 ack_to=118C/411 frame=14B RX=-43/4 Q94
2026-09-28T03:49:56.736+03:00 [s1] [O] DELIVERY ACK user=118C/411 attempts=1/5 elapsed=262ms queue=0
2026-09-28T03:49:56.740+03:00 [s1] [I] S7AP128R6-XXXXXXXXXXXXXXXXXXXXXXXXXXXXXXXXXXXXXXXXXXXXXXXXXXXXXXXXXXXXXXXXXXXXXXXXXXXXXXXXXXXXXXXXXXXXXXXXXXXXXXXXXXXXXXXXXXXXXX
2026-09-28T03:49:56.835+03:00 [s1] [O] DELIVERY QUEUED source=2 bytes=128 waiting=1/8 in_flight=0
2026-09-28T03:49:57.046+03:00 [s1] [O] 
2026-09-28T03:49:57.052+03:00 [s2] [O] PEER_REPORT our_seq=415 TX=-43/4 Q94
2026-09-28T03:49:57.062+03:00 [s2] [O] 
2026-09-28T03:49:57.064+03:00 [s2] [O] RX USER session=118C seq=412 frame=140B user=128B RX=-42/3 Q100 disposition=0
2026-09-28T03:49:57.067+03:00 [s2] [O] < [-42/3 Q100] S7AP128R6-XXXXXXXXXXXXXXXXXXXXXXXXXXXXXXXXXXXXXXXXXXXXXXXXXXXXXXXXXXXXXXXXXXXXXXXXXXXXXXXXXXXXXXXXXXXXXXXXXXXXXXXXXXXXXXXXXXXXXX
2026-09-28T03:49:57.092+03:00 [s1] [O] TX USER seq=412 frame=140B user=128B attempt=1/5 OK time=232 ms
2026-09-28T03:49:57.224+03:00 [s1] [O] > S7AP128R6-XXXXXXXXXXXXXXXXXXXXXXXXXXXXXXXXXXXXXXXXXXXXXXXXXXXXXXXXXXXXXXXXXXXXXXXXXXXXXXXXXXXXXXXXXXXXXXXXXXXXXXXXXXXXXXXXXXXXXX
2026-09-28T03:49:57.283+03:00 [s2] [O] 
2026-09-28T03:49:57.286+03:00 [s2] [O] TX ACK seq=416 ack_to=118C/412 frame=14B OK time=48 ms guard=500ms
2026-09-28T03:49:57.286+03:00 [s1] [O] DELIVERY WAIT_ACK user=118C/412 attempt=1/5 timeout=747ms queue=0
2026-09-28T03:49:57.363+03:00 [s1] [O] PEER_REPORT our_seq=412 TX=-42/3 Q100
2026-09-28T03:49:57.406+03:00 [s1] [O] 
2026-09-28T03:49:57.451+03:00 [s1] [O] RX ACK session=EBE8 seq=416 ack_to=118C/412 frame=14B RX=-41/5 Q94
2026-09-28T03:49:57.587+03:00 [s1] [O] DELIVERY ACK user=118C/412 attempts=1/5 elapsed=263ms queue=0
2026-09-28T03:49:57.598+03:00 [s1] [I] S7AP128R7-XXXXXXXXXXXXXXXXXXXXXXXXXXXXXXXXXXXXXXXXXXXXXXXXXXXXXXXXXXXXXXXXXXXXXXXXXXXXXXXXXXXXXXXXXXXXXXXXXXXXXXXXXXXXXXXXXXXXXX
2026-09-28T03:49:57.679+03:00 [s1] [O] DELIVERY QUEUED source=2 bytes=128 waiting=1/8 in_flight=0
2026-09-28T03:49:57.900+03:00 [s1] [O] 
2026-09-28T03:49:57.905+03:00 [s2] [O] PEER_REPORT our_seq=416 TX=-41/5 Q94
2026-09-28T03:49:57.919+03:00 [s2] [O] 
2026-09-28T03:49:57.921+03:00 [s2] [O] RX USER session=118C seq=413 frame=140B user=128B RX=-42/6 Q100 disposition=0
2026-09-28T03:49:57.923+03:00 [s2] [O] < [-42/6 Q100] S7AP128R7-XXXXXXXXXXXXXXXXXXXXXXXXXXXXXXXXXXXXXXXXXXXXXXXXXXXXXXXXXXXXXXXXXXXXXXXXXXXXXXXXXXXXXXXXXXXXXXXXXXXXXXXXXXXXXXXXXXXXXX
2026-09-28T03:49:57.945+03:00 [s1] [O] TX USER seq=413 frame=140B user=128B attempt=1/5 OK time=233 ms
2026-09-28T03:49:58.124+03:00 [s1] [O] > S7AP128R7-XXXXXXXXXXXXXXXXXXXXXXXXXXXXXXXXXXXXXXXXXXXXXXXXXXXXXXXXXXXXXXXXXXXXXXXXXXXXXXXXXXXXXXXXXXXXXXXXXXXXXXXXXXXXXXXXXXXXXX
2026-09-28T03:49:58.142+03:00 [s2] [O] 
2026-09-28T03:49:58.143+03:00 [s2] [O] TX ACK seq=417 ack_to=118C/413 frame=14B OK time=48 ms guard=500ms
2026-09-28T03:49:58.180+03:00 [s1] [O] DELIVERY WAIT_ACK user=118C/413 attempt=1/5 timeout=747ms queue=0
2026-09-28T03:49:58.261+03:00 [s1] [O] PEER_REPORT our_seq=413 TX=-42/6 Q100
2026-09-28T03:49:58.305+03:00 [s1] [O] 
2026-09-28T03:49:58.349+03:00 [s1] [O] RX ACK session=EBE8 seq=417 ack_to=118C/413 frame=14B RX=-42/8 Q94
2026-09-28T03:49:58.449+03:00 [s1] [O] DELIVERY ACK user=118C/413 attempts=1/5 elapsed=263ms queue=0
2026-09-28T03:49:58.453+03:00 [s1] [I] S7AP128R8-XXXXXXXXXXXXXXXXXXXXXXXXXXXXXXXXXXXXXXXXXXXXXXXXXXXXXXXXXXXXXXXXXXXXXXXXXXXXXXXXXXXXXXXXXXXXXXXXXXXXXXXXXXXXXXXXXXXXXX
2026-09-28T03:49:58.542+03:00 [s1] [O] DELIVERY QUEUED source=2 bytes=128 waiting=1/8 in_flight=0
2026-09-28T03:49:58.754+03:00 [s1] [O] 
2026-09-28T03:49:58.764+03:00 [s2] [O] PEER_REPORT our_seq=417 TX=-42/8 Q94
2026-09-28T03:49:58.771+03:00 [s2] [O] 
2026-09-28T03:49:58.774+03:00 [s2] [O] RX USER session=118C seq=414 frame=140B user=128B RX=-42/2 Q100 disposition=0
2026-09-28T03:49:58.775+03:00 [s2] [O] < [-42/2 Q100] S7AP128R8-XXXXXXXXXXXXXXXXXXXXXXXXXXXXXXXXXXXXXXXXXXXXXXXXXXXXXXXXXXXXXXXXXXXXXXXXXXXXXXXXXXXXXXXXXXXXXXXXXXXXXXXXXXXXXXXXXXXXXX
2026-09-28T03:49:58.799+03:00 [s1] [O] TX USER seq=414 frame=140B user=128B attempt=1/5 OK time=233 ms
2026-09-28T03:49:58.934+03:00 [s1] [O] > S7AP128R8-XXXXXXXXXXXXXXXXXXXXXXXXXXXXXXXXXXXXXXXXXXXXXXXXXXXXXXXXXXXXXXXXXXXXXXXXXXXXXXXXXXXXXXXXXXXXXXXXXXXXXXXXXXXXXXXXXXXXXX
2026-09-28T03:49:58.992+03:00 [s1] [O] DELIVERY WAIT_ACK user=118C/414 attempt=1/5 timeout=747ms queue=0
2026-09-28T03:49:58.997+03:00 [s2] [O] 
2026-09-28T03:49:59.002+03:00 [s2] [O] TX ACK seq=418 ack_to=118C/414 frame=14B OK time=48 ms guard=500ms
2026-09-28T03:49:59.069+03:00 [s1] [O] PEER_REPORT our_seq=414 TX=-42/2 Q100
2026-09-28T03:49:59.115+03:00 [s1] [O] 
2026-09-28T03:49:59.161+03:00 [s1] [O] RX ACK session=EBE8 seq=418 ack_to=118C/414 frame=14B RX=-44/4 Q94
2026-09-28T03:49:59.255+03:00 [s1] [O] DELIVERY ACK user=118C/414 attempts=1/5 elapsed=263ms queue=0
2026-09-28T03:49:59.258+03:00 [s1] [I] S7AP128R9-XXXXXXXXXXXXXXXXXXXXXXXXXXXXXXXXXXXXXXXXXXXXXXXXXXXXXXXXXXXXXXXXXXXXXXXXXXXXXXXXXXXXXXXXXXXXXXXXXXXXXXXXXXXXXXXXXXXXXX
2026-09-28T03:49:59.384+03:00 [s1] [O] DELIVERY QUEUED source=2 bytes=128 waiting=1/8 in_flight=0
2026-09-28T03:49:59.565+03:00 [s1] [O] 
2026-09-28T03:49:59.585+03:00 [s2] [O] PEER_REPORT our_seq=418 TX=-44/4 Q94
2026-09-28T03:49:59.588+03:00 [s2] [O] 
2026-09-28T03:49:59.593+03:00 [s2] [O] RX USER session=118C seq=415 frame=140B user=128B RX=-42/8 Q100 disposition=0
2026-09-28T03:49:59.595+03:00 [s2] [O] < [-42/8 Q100] S7AP128R9-XXXXXXXXXXXXXXXXXXXXXXXXXXXXXXXXXXXXXXXXXXXXXXXXXXXXXXXXXXXXXXXXXXXXXXXXXXXXXXXXXXXXXXXXXXXXXXXXXXXXXXXXXXXXXXXXXXXXXX
2026-09-28T03:49:59.611+03:00 [s1] [O] TX USER seq=415 frame=140B user=128B attempt=1/5 OK time=232 ms
2026-09-28T03:49:59.744+03:00 [s1] [O] > S7AP128R9-XXXXXXXXXXXXXXXXXXXXXXXXXXXXXXXXXXXXXXXXXXXXXXXXXXXXXXXXXXXXXXXXXXXXXXXXXXXXXXXXXXXXXXXXXXXXXXXXXXXXXXXXXXXXXXXXXXXXXX
2026-09-28T03:49:59.803+03:00 [s2] [O] 
2026-09-28T03:49:59.805+03:00 [s2] [O] TX ACK seq=419 ack_to=118C/415 frame=14B OK time=48 ms guard=500ms
2026-09-28T03:49:59.833+03:00 [s1] [O] DELIVERY WAIT_ACK user=118C/415 attempt=1/5 timeout=747ms queue=0
2026-09-28T03:49:59.891+03:00 [s1] [O] PEER_REPORT our_seq=415 TX=-42/8 Q100
2026-09-28T03:49:59.927+03:00 [s1] [O] 
2026-09-28T03:49:59.981+03:00 [s1] [O] RX ACK session=EBE8 seq=419 ack_to=118C/415 frame=14B RX=-46/7 Q94
2026-09-28T03:50:00.117+03:00 [s1] [O] DELIVERY ACK user=118C/415 attempts=1/5 elapsed=262ms queue=0
2026-09-28T03:50:00.119+03:00 [s1] [I] S7AP128R10-XXXXXXXXXXXXXXXXXXXXXXXXXXXXXXXXXXXXXXXXXXXXXXXXXXXXXXXXXXXXXXXXXXXXXXXXXXXXXXXXXXXXXXXXXXXXXXXXXXXXXXXXXXXXXXXXXXXXX
2026-09-28T03:50:00.203+03:00 [s1] [O] DELIVERY QUEUED source=2 bytes=128 waiting=1/8 in_flight=0
2026-09-28T03:50:00.418+03:00 [s1] [O] 
2026-09-28T03:50:00.425+03:00 [s2] [O] PEER_REPORT our_seq=419 TX=-46/7 Q94
2026-09-28T03:50:00.429+03:00 [s2] [O] 
2026-09-28T03:50:00.431+03:00 [s2] [O] RX USER session=118C seq=416 frame=140B user=128B RX=-40/-0 Q100 disposition=0
2026-09-28T03:50:00.436+03:00 [s2] [O] < [-40/-0 Q100] S7AP128R10-XXXXXXXXXXXXXXXXXXXXXXXXXXXXXXXXXXXXXXXXXXXXXXXXXXXXXXXXXXXXXXXXXXXXXXXXXXXXXXXXXXXXXXXXXXXXXXXXXXXXXXXXXXXXXXXXXXXXX
2026-09-28T03:50:00.463+03:00 [s1] [O] TX USER seq=416 frame=140B user=128B attempt=1/5 OK time=232 ms
2026-09-28T03:50:00.601+03:00 [s1] [O] > S7AP128R10-XXXXXXXXXXXXXXXXXXXXXXXXXXXXXXXXXXXXXXXXXXXXXXXXXXXXXXXXXXXXXXXXXXXXXXXXXXXXXXXXXXXXXXXXXXXXXXXXXXXXXXXXXXXXXXXXXXXXX
2026-09-28T03:50:00.664+03:00 [s2] [O] 
2026-09-28T03:50:00.670+03:00 [s2] [O] TX ACK seq=420 ack_to=118C/416 frame=14B OK time=48 ms guard=500ms
2026-09-28T03:50:00.693+03:00 [s1] [O] DELIVERY WAIT_ACK user=118C/416 attempt=1/5 timeout=747ms queue=0
2026-09-28T03:50:00.741+03:00 [s1] [O] PEER_REPORT our_seq=416 TX=-40/0 Q100
2026-09-28T03:50:00.780+03:00 [s1] [O] 
2026-09-28T03:50:00.825+03:00 [s1] [O] RX ACK session=EBE8 seq=420 ack_to=118C/416 frame=14B RX=-41/5 Q94
2026-09-28T03:50:00.961+03:00 [s1] [O] DELIVERY ACK user=118C/416 attempts=1/5 elapsed=262ms queue=0
2026-09-28T03:50:00.976+03:00 [s2] [I] S7BP128R1-XXXXXXXXXXXXXXXXXXXXXXXXXXXXXXXXXXXXXXXXXXXXXXXXXXXXXXXXXXXXXXXXXXXXXXXXXXXXXXXXXXXXXXXXXXXXXXXXXXXXXXXXXXXXXXXXXXXXXX
2026-09-28T03:50:01.064+03:00 [s2] [O] DELIVERY QUEUED source=2 bytes=128 waiting=1/8 in_flight=0
2026-09-28T03:50:01.280+03:00 [s1] [O] PEER_REPORT our_seq=416 TX=-40/0 Q100
2026-09-28T03:50:01.281+03:00 [s2] [O] 
2026-09-28T03:50:01.289+03:00 [s2] [O] TX USER seq=421 frame=140B user=128B attempt=1/5 OK time=233 ms
2026-09-28T03:50:01.296+03:00 [s2] [O] > S7BP128R1-XXXXXXXXXXXXXXXXXXXXXXXXXXXXXXXXXXXXXXXXXXXXXXXXXXXXXXXXXXXXXXXXXXXXXXXXXXXXXXXXXXXXXXXXXXXXXXXXXXXXXXXXXXXXXXXXXXXXXX
2026-09-28T03:50:01.299+03:00 [s2] [O] DELIVERY WAIT_ACK user=EBE8/421 attempt=1/5 timeout=747ms queue=0
2026-09-28T03:50:01.319+03:00 [s1] [O] 
2026-09-28T03:50:01.374+03:00 [s1] [O] RX USER session=EBE8 seq=421 frame=140B user=128B RX=-42/5 Q94 disposition=0
2026-09-28T03:50:01.562+03:00 [s2] [O] PEER_REPORT our_seq=421 TX=-42/5 Q94
2026-09-28T03:50:01.562+03:00 [s2] [O] 
2026-09-28T03:50:01.565+03:00 [s1] [O] < [-42/5 Q94] S7BP128R1-XXXXXXXXXXXXXXXXXXXXXXXXXXXXXXXXXXXXXXXXXXXXXXXXXXXXXXXXXXXXXXXXXXXXXXXXXXXXXXXXXXXXXXXXXXXXXXXXXXXXXXXXXXXXXXXXXXXXXX
2026-09-28T03:50:01.565+03:00 [s2] [O] RX ACK session=118C seq=417 ack_to=EBE8/421 frame=14B RX=-42/1 Q100
2026-09-28T03:50:01.568+03:00 [s1] [O] 
2026-09-28T03:50:01.571+03:00 [s2] [O] DELIVERY ACK user=EBE8/421 attempts=1/5 elapsed=262ms queue=0
2026-09-28T03:50:01.575+03:00 [s2] [I] S7BP128R2-XXXXXXXXXXXXXXXXXXXXXXXXXXXXXXXXXXXXXXXXXXXXXXXXXXXXXXXXXXXXXXXXXXXXXXXXXXXXXXXXXXXXXXXXXXXXXXXXXXXXXXXXXXXXXXXXXXXXXX
2026-09-28T03:50:01.595+03:00 [s1] [O] TX ACK seq=417 ack_to=EBE8/421 frame=14B OK time=48 ms guard=500ms
2026-09-28T03:50:01.648+03:00 [s2] [O] DELIVERY QUEUED source=2 bytes=128 waiting=1/8 in_flight=0
2026-09-28T03:50:01.861+03:00 [s1] [O] PEER_REPORT our_seq=417 TX=-42/1 Q100
2026-09-28T03:50:01.874+03:00 [s2] [O] 
2026-09-28T03:50:01.881+03:00 [s2] [O] TX USER seq=422 frame=140B user=128B attempt=1/5 OK time=232 ms
2026-09-28T03:50:01.884+03:00 [s2] [O] > S7BP128R2-XXXXXXXXXXXXXXXXXXXXXXXXXXXXXXXXXXXXXXXXXXXXXXXXXXXXXXXXXXXXXXXXXXXXXXXXXXXXXXXXXXXXXXXXXXXXXXXXXXXXXXXXXXXXXXXXXXXXXX
2026-09-28T03:50:01.885+03:00 [s2] [O] DELIVERY WAIT_ACK user=EBE8/422 attempt=1/5 timeout=747ms queue=0
2026-09-28T03:50:01.962+03:00 [s1] [O] 
2026-09-28T03:50:02.001+03:00 [s1] [O] RX USER session=EBE8 seq=422 frame=140B user=128B RX=-43/2 Q94 disposition=0
2026-09-28T03:50:02.140+03:00 [s2] [O] PEER_REPORT our_seq=422 TX=-43/3 Q94
2026-09-28T03:50:02.144+03:00 [s2] [O] 
2026-09-28T03:50:02.148+03:00 [s2] [O] RX ACK session=118C seq=418 ack_to=EBE8/422 frame=14B RX=-37/-0 Q100
2026-09-28T03:50:02.150+03:00 [s2] [O] DELIVERY ACK user=EBE8/422 attempts=1/5 elapsed=264ms queue=0
2026-09-28T03:50:02.151+03:00 [s2] [I] S7BP128R3-XXXXXXXXXXXXXXXXXXXXXXXXXXXXXXXXXXXXXXXXXXXXXXXXXXXXXXXXXXXXXXXXXXXXXXXXXXXXXXXXXXXXXXXXXXXXXXXXXXXXXXXXXXXXXXXXXXXXXX
2026-09-28T03:50:02.179+03:00 [s1] [O] < [-43/2 Q94] S7BP128R2-XXXXXXXXXXXXXXXXXXXXXXXXXXXXXXXXXXXXXXXXXXXXXXXXXXXXXXXXXXXXXXXXXXXXXXXXXXXXXXXXXXXXXXXXXXXXXXXXXXXXXXXXXXXXXXXXXXXXXX
2026-09-28T03:50:02.181+03:00 [s1] [O] 
2026-09-28T03:50:02.224+03:00 [s1] [O] TX ACK seq=418 ack_to=EBE8/422 frame=14B OK time=48 ms guard=500ms
2026-09-28T03:50:02.236+03:00 [s2] [O] DELIVERY QUEUED source=2 bytes=128 waiting=1/8 in_flight=0
2026-09-28T03:50:02.462+03:00 [s1] [O] PEER_REPORT our_seq=418 TX=-37/0 Q100
2026-09-28T03:50:02.462+03:00 [s2] [O] 
2026-09-28T03:50:02.467+03:00 [s2] [O] TX USER seq=423 frame=140B user=128B attempt=1/5 OK time=232 ms
2026-09-28T03:50:02.470+03:00 [s2] [O] > S7BP128R3-XXXXXXXXXXXXXXXXXXXXXXXXXXXXXXXXXXXXXXXXXXXXXXXXXXXXXXXXXXXXXXXXXXXXXXXXXXXXXXXXXXXXXXXXXXXXXXXXXXXXXXXXXXXXXXXXXXXXXX
2026-09-28T03:50:02.476+03:00 [s2] [O] DELIVERY WAIT_ACK user=EBE8/423 attempt=1/5 timeout=747ms queue=0
2026-09-28T03:50:02.489+03:00 [s1] [O] 
2026-09-28T03:50:02.535+03:00 [s1] [O] RX USER session=EBE8 seq=423 frame=140B user=128B RX=-39/0 Q94 disposition=0
2026-09-28T03:50:02.721+03:00 [s1] [O] < [-39/0 Q94] S7BP128R3-XXXXXXXXXXXXXXXXXXXXXXXXXXXXXXXXXXXXXXXXXXXXXXXXXXXXXXXXXXXXXXXXXXXXXXXXXXXXXXXXXXXXXXXXXXXXXXXXXXXXXXXXXXXXXXXXXXXXXX
2026-09-28T03:50:02.721+03:00 [s2] [O] PEER_REPORT our_seq=423 TX=-39/1 Q94
2026-09-28T03:50:02.724+03:00 [s1] [O] 
2026-09-28T03:50:02.731+03:00 [s2] [O] 
2026-09-28T03:50:02.761+03:00 [s1] [O] TX ACK seq=419 ack_to=EBE8/423 frame=14B OK time=48 ms guard=500ms
2026-09-28T03:50:02.765+03:00 [s2] [O] RX ACK session=118C seq=419 ack_to=EBE8/423 frame=14B RX=-43/0 Q100
2026-09-28T03:50:02.778+03:00 [s2] [O] DELIVERY ACK user=EBE8/423 attempts=1/5 elapsed=264ms queue=0
2026-09-28T03:50:02.780+03:00 [s2] [I] S7BP128R4-XXXXXXXXXXXXXXXXXXXXXXXXXXXXXXXXXXXXXXXXXXXXXXXXXXXXXXXXXXXXXXXXXXXXXXXXXXXXXXXXXXXXXXXXXXXXXXXXXXXXXXXXXXXXXXXXXXXXXX
2026-09-28T03:50:02.855+03:00 [s2] [O] DELIVERY QUEUED source=2 bytes=128 waiting=1/8 in_flight=0
2026-09-28T03:50:03.079+03:00 [s1] [O] PEER_REPORT our_seq=419 TX=-43/1 Q100
2026-09-28T03:50:03.084+03:00 [s2] [O] 
2026-09-28T03:50:03.086+03:00 [s2] [O] TX USER seq=424 frame=140B user=128B attempt=1/5 OK time=232 ms
2026-09-28T03:50:03.103+03:00 [s2] [O] > S7BP128R4-XXXXXXXXXXXXXXXXXXXXXXXXXXXXXXXXXXXXXXXXXXXXXXXXXXXXXXXXXXXXXXXXXXXXXXXXXXXXXXXXXXXXXXXXXXXXXXXXXXXXXXXXXXXXXXXXXXXXXX
2026-09-28T03:50:03.110+03:00 [s2] [O] DELIVERY WAIT_ACK user=EBE8/424 attempt=1/5 timeout=747ms queue=0
2026-09-28T03:50:03.121+03:00 [s1] [O] 
2026-09-28T03:50:03.170+03:00 [s1] [O] RX USER session=EBE8 seq=424 frame=140B user=128B RX=-44/6 Q94 disposition=0
2026-09-28T03:50:03.348+03:00 [s1] [O] < [-44/6 Q94] S7BP128R4-XXXXXXXXXXXXXXXXXXXXXXXXXXXXXXXXXXXXXXXXXXXXXXXXXXXXXXXXXXXXXXXXXXXXXXXXXXXXXXXXXXXXXXXXXXXXXXXXXXXXXXXXXXXXXXXXXXXXXX
2026-09-28T03:50:03.349+03:00 [s1] [O] 
2026-09-28T03:50:03.349+03:00 [s2] [O] PEER_REPORT our_seq=424 TX=-44/7 Q94
2026-09-28T03:50:03.354+03:00 [s2] [O] 
2026-09-28T03:50:03.360+03:00 [s2] [O] RX ACK session=118C seq=420 ack_to=EBE8/424 frame=14B RX=-44/1 Q100
2026-09-28T03:50:03.364+03:00 [s2] [O] DELIVERY ACK user=EBE8/424 attempts=1/5 elapsed=265ms queue=0
2026-09-28T03:50:03.367+03:00 [s2] [I] S7BP128R5-XXXXXXXXXXXXXXXXXXXXXXXXXXXXXXXXXXXXXXXXXXXXXXXXXXXXXXXXXXXXXXXXXXXXXXXXXXXXXXXXXXXXXXXXXXXXXXXXXXXXXXXXXXXXXXXXXXXXXX
2026-09-28T03:50:03.389+03:00 [s1] [O] TX ACK seq=420 ack_to=EBE8/424 frame=14B OK time=48 ms guard=500ms
2026-09-28T03:50:03.443+03:00 [s2] [O] DELIVERY QUEUED source=2 bytes=128 waiting=1/8 in_flight=0
2026-09-28T03:50:03.660+03:00 [s1] [O] PEER_REPORT our_seq=420 TX=-44/1 Q100
2026-09-28T03:50:03.667+03:00 [s2] [O] 
2026-09-28T03:50:03.673+03:00 [s2] [O] TX USER seq=425 frame=140B user=128B attempt=1/5 OK time=233 ms
2026-09-28T03:50:03.680+03:00 [s2] [O] > S7BP128R5-XXXXXXXXXXXXXXXXXXXXXXXXXXXXXXXXXXXXXXXXXXXXXXXXXXXXXXXXXXXXXXXXXXXXXXXXXXXXXXXXXXXXXXXXXXXXXXXXXXXXXXXXXXXXXXXXXXXXXX
2026-09-28T03:50:03.683+03:00 [s2] [O] DELIVERY WAIT_ACK user=EBE8/425 attempt=1/5 timeout=747ms queue=0
2026-09-28T03:50:03.707+03:00 [s1] [O] 
2026-09-28T03:50:03.751+03:00 [s1] [O] RX USER session=EBE8 seq=425 frame=140B user=128B RX=-43/4 Q94 disposition=0
2026-09-28T03:50:03.935+03:00 [s1] [O] < [-43/4 Q94] S7BP128R5-XXXXXXXXXXXXXXXXXXXXXXXXXXXXXXXXXXXXXXXXXXXXXXXXXXXXXXXXXXXXXXXXXXXXXXXXXXXXXXXXXXXXXXXXXXXXXXXXXXXXXXXXXXXXXXXXXXXXXX
2026-09-28T03:50:03.936+03:00 [s1] [O] 
2026-09-28T03:50:03.937+03:00 [s2] [O] PEER_REPORT our_seq=425 TX=-43/5 Q94
2026-09-28T03:50:03.947+03:00 [s2] [O] 
2026-09-28T03:50:03.953+03:00 [s2] [O] RX ACK session=118C seq=421 ack_to=EBE8/425 frame=14B RX=-37/2 Q100
2026-09-28T03:50:03.965+03:00 [s2] [O] DELIVERY ACK user=EBE8/425 attempts=1/5 elapsed=264ms queue=0
2026-09-28T03:50:03.968+03:00 [s2] [I] S7BP128R6-XXXXXXXXXXXXXXXXXXXXXXXXXXXXXXXXXXXXXXXXXXXXXXXXXXXXXXXXXXXXXXXXXXXXXXXXXXXXXXXXXXXXXXXXXXXXXXXXXXXXXXXXXXXXXXXXXXXXXX
2026-09-28T03:50:03.978+03:00 [s1] [O] TX ACK seq=421 ack_to=EBE8/425 frame=14B OK time=48 ms guard=500ms
2026-09-28T03:50:04.083+03:00 [s2] [O] DELIVERY QUEUED source=2 bytes=128 waiting=1/8 in_flight=0
2026-09-28T03:50:04.290+03:00 [s1] [O] PEER_REPORT our_seq=421 TX=-37/2 Q100
2026-09-28T03:50:04.297+03:00 [s2] [O] 
2026-09-28T03:50:04.300+03:00 [s2] [O] TX USER seq=426 frame=140B user=128B attempt=1/5 OK time=233 ms
2026-09-28T03:50:04.311+03:00 [s2] [O] > S7BP128R6-XXXXXXXXXXXXXXXXXXXXXXXXXXXXXXXXXXXXXXXXXXXXXXXXXXXXXXXXXXXXXXXXXXXXXXXXXXXXXXXXXXXXXXXXXXXXXXXXXXXXXXXXXXXXXXXXXXXXXX
2026-09-28T03:50:04.314+03:00 [s2] [O] DELIVERY WAIT_ACK user=EBE8/426 attempt=1/5 timeout=747ms queue=0
2026-09-28T03:50:04.335+03:00 [s1] [O] 
2026-09-28T03:50:04.383+03:00 [s1] [O] RX USER session=EBE8 seq=426 frame=140B user=128B RX=-44/8 Q94 disposition=0
2026-09-28T03:50:04.569+03:00 [s2] [O] PEER_REPORT our_seq=426 TX=-44/8 Q94
2026-09-28T03:50:04.570+03:00 [s1] [O] < [-44/8 Q94] S7BP128R6-XXXXXXXXXXXXXXXXXXXXXXXXXXXXXXXXXXXXXXXXXXXXXXXXXXXXXXXXXXXXXXXXXXXXXXXXXXXXXXXXXXXXXXXXXXXXXXXXXXXXXXXXXXXXXXXXXXXXXX
2026-09-28T03:50:04.576+03:00 [s2] [O] 
2026-09-28T03:50:04.581+03:00 [s1] [O] 
2026-09-28T03:50:04.608+03:00 [s1] [O] TX ACK seq=422 ack_to=EBE8/426 frame=14B OK time=48 ms guard=500ms
2026-09-28T03:50:04.614+03:00 [s2] [O] RX ACK session=118C seq=422 ack_to=EBE8/426 frame=14B RX=-40/1 Q100
2026-09-28T03:50:04.619+03:00 [s2] [O] DELIVERY ACK user=EBE8/426 attempts=1/5 elapsed=263ms queue=0
2026-09-28T03:50:04.622+03:00 [s2] [I] S7BP128R7-XXXXXXXXXXXXXXXXXXXXXXXXXXXXXXXXXXXXXXXXXXXXXXXXXXXXXXXXXXXXXXXXXXXXXXXXXXXXXXXXXXXXXXXXXXXXXXXXXXXXXXXXXXXXXXXXXXXXXX
2026-09-28T03:50:04.707+03:00 [s2] [O] DELIVERY QUEUED source=2 bytes=128 waiting=1/8 in_flight=0
2026-09-28T03:50:04.920+03:00 [s1] [O] PEER_REPORT our_seq=422 TX=-40/1 Q100
2026-09-28T03:50:04.932+03:00 [s2] [O] 
2026-09-28T03:50:04.935+03:00 [s2] [O] TX USER seq=427 frame=140B user=128B attempt=1/5 OK time=232 ms
2026-09-28T03:50:04.937+03:00 [s2] [O] > S7BP128R7-XXXXXXXXXXXXXXXXXXXXXXXXXXXXXXXXXXXXXXXXXXXXXXXXXXXXXXXXXXXXXXXXXXXXXXXXXXXXXXXXXXXXXXXXXXXXXXXXXXXXXXXXXXXXXXXXXXXXXX
2026-09-28T03:50:04.940+03:00 [s2] [O] DELIVERY WAIT_ACK user=EBE8/427 attempt=1/5 timeout=747ms queue=0
2026-09-28T03:50:04.967+03:00 [s1] [O] 
2026-09-28T03:50:05.019+03:00 [s1] [O] RX USER session=EBE8 seq=427 frame=140B user=128B RX=-43/4 Q94 disposition=0
2026-09-28T03:50:05.199+03:00 [s1] [O] < [-43/4 Q94] S7BP128R7-XXXXXXXXXXXXXXXXXXXXXXXXXXXXXXXXXXXXXXXXXXXXXXXXXXXXXXXXXXXXXXXXXXXXXXXXXXXXXXXXXXXXXXXXXXXXXXXXXXXXXXXXXXXXXXXXXXXXXX
2026-09-28T03:50:05.201+03:00 [s2] [O] PEER_REPORT our_seq=427 TX=-43/4 Q94
2026-09-28T03:50:05.209+03:00 [s1] [O] 
2026-09-28T03:50:05.211+03:00 [s2] [O] 
2026-09-28T03:50:05.214+03:00 [s2] [O] RX ACK session=118C seq=423 ack_to=EBE8/427 frame=14B RX=-46/1 Q100
2026-09-28T03:50:05.216+03:00 [s2] [O] DELIVERY ACK user=EBE8/427 attempts=1/5 elapsed=262ms queue=0
2026-09-28T03:50:05.217+03:00 [s2] [I] S7BP128R8-XXXXXXXXXXXXXXXXXXXXXXXXXXXXXXXXXXXXXXXXXXXXXXXXXXXXXXXXXXXXXXXXXXXXXXXXXXXXXXXXXXXXXXXXXXXXXXXXXXXXXXXXXXXXXXXXXXXXXX
2026-09-28T03:50:05.245+03:00 [s1] [O] TX ACK seq=423 ack_to=EBE8/427 frame=14B OK time=48 ms guard=500ms
2026-09-28T03:50:05.288+03:00 [s2] [O] DELIVERY QUEUED source=2 bytes=128 waiting=1/8 in_flight=0
2026-09-28T03:50:05.507+03:00 [s1] [O] PEER_REPORT our_seq=423 TX=-46/1 Q100
2026-09-28T03:50:05.514+03:00 [s2] [O] 
2026-09-28T03:50:05.518+03:00 [s2] [O] TX USER seq=428 frame=140B user=128B attempt=1/5 OK time=232 ms
2026-09-28T03:50:05.527+03:00 [s2] [O] > S7BP128R8-XXXXXXXXXXXXXXXXXXXXXXXXXXXXXXXXXXXXXXXXXXXXXXXXXXXXXXXXXXXXXXXXXXXXXXXXXXXXXXXXXXXXXXXXXXXXXXXXXXXXXXXXXXXXXXXXXXXXXX
2026-09-28T03:50:05.529+03:00 [s2] [O] DELIVERY WAIT_ACK user=EBE8/428 attempt=1/5 timeout=747ms queue=0
2026-09-28T03:50:05.551+03:00 [s1] [O] 
2026-09-28T03:50:05.594+03:00 [s1] [O] RX USER session=EBE8 seq=428 frame=140B user=128B RX=-44/6 Q94 disposition=0
2026-09-28T03:50:05.777+03:00 [s1] [O] < [-44/6 Q94] S7BP128R8-XXXXXXXXXXXXXXXXXXXXXXXXXXXXXXXXXXXXXXXXXXXXXXXXXXXXXXXXXXXXXXXXXXXXXXXXXXXXXXXXXXXXXXXXXXXXXXXXXXXXXXXXXXXXXXXXXXXXXX
2026-09-28T03:50:05.778+03:00 [s1] [O] 
2026-09-28T03:50:05.785+03:00 [s2] [O] PEER_REPORT our_seq=428 TX=-44/7 Q94
2026-09-28T03:50:05.797+03:00 [s2] [O] 
2026-09-28T03:50:05.798+03:00 [s2] [O] RX ACK session=118C seq=424 ack_to=EBE8/428 frame=14B RX=-44/0 Q100
2026-09-28T03:50:05.798+03:00 [s2] [O] DELIVERY ACK user=EBE8/428 attempts=1/5 elapsed=263ms queue=0
2026-09-28T03:50:05.800+03:00 [s2] [I] S7BP128R9-XXXXXXXXXXXXXXXXXXXXXXXXXXXXXXXXXXXXXXXXXXXXXXXXXXXXXXXXXXXXXXXXXXXXXXXXXXXXXXXXXXXXXXXXXXXXXXXXXXXXXXXXXXXXXXXXXXXXXX
2026-09-28T03:50:05.824+03:00 [s1] [O] TX ACK seq=424 ack_to=EBE8/428 frame=14B OK time=48 ms guard=500ms
2026-09-28T03:50:05.883+03:00 [s2] [O] DELIVERY QUEUED source=2 bytes=128 waiting=1/8 in_flight=0
2026-09-28T03:50:06.102+03:00 [s2] [O] 
2026-09-28T03:50:06.103+03:00 [s2] [O] TX USER seq=429 frame=140B user=128B attempt=1/5 OK time=232 ms
2026-09-28T03:50:06.106+03:00 [s2] [O] > S7BP128R9-XXXXXXXXXXXXXXXXXXXXXXXXXXXXXXXXXXXXXXXXXXXXXXXXXXXXXXXXXXXXXXXXXXXXXXXXXXXXXXXXXXXXXXXXXXXXXXXXXXXXXXXXXXXXXXXXXXXXXX
2026-09-28T03:50:06.109+03:00 [s2] [O] DELIVERY WAIT_ACK user=EBE8/429 attempt=1/5 timeout=747ms queue=0
2026-09-28T03:50:06.134+03:00 [s1] [O] PEER_REPORT our_seq=424 TX=-44/0 Q100
2026-09-28T03:50:06.182+03:00 [s1] [O] 
2026-09-28T03:50:06.225+03:00 [s1] [O] RX USER session=EBE8 seq=429 frame=140B user=128B RX=-42/6 Q94 disposition=0
2026-09-28T03:50:06.369+03:00 [s2] [O] PEER_REPORT our_seq=429 TX=-42/6 Q94
2026-09-28T03:50:06.405+03:00 [s1] [O] < [-42/6 Q94] S7BP128R9-XXXXXXXXXXXXXXXXXXXXXXXXXXXXXXXXXXXXXXXXXXXXXXXXXXXXXXXXXXXXXXXXXXXXXXXXXXXXXXXXXXXXXXXXXXXXXXXXXXXXXXXXXXXXXXXXXXXXXX
2026-09-28T03:50:06.410+03:00 [s1] [O] 
2026-09-28T03:50:06.449+03:00 [s1] [O] TX ACK seq=425 ack_to=EBE8/429 frame=14B OK time=48 ms guard=500ms
2026-09-28T03:50:06.462+03:00 [s2] [O] 
2026-09-28T03:50:06.462+03:00 [s2] [O] RX ACK session=118C seq=425 ack_to=EBE8/429 frame=14B RX=-40/-0 Q100
2026-09-28T03:50:06.468+03:00 [s2] [O] DELIVERY ACK user=EBE8/429 attempts=1/5 elapsed=263ms queue=0
2026-09-28T03:50:06.476+03:00 [s2] [I] S7BP128R10-XXXXXXXXXXXXXXXXXXXXXXXXXXXXXXXXXXXXXXXXXXXXXXXXXXXXXXXXXXXXXXXXXXXXXXXXXXXXXXXXXXXXXXXXXXXXXXXXXXXXXXXXXXXXXXXXXXXXX
2026-09-28T03:50:06.550+03:00 [s2] [O] DELIVERY QUEUED source=2 bytes=128 waiting=1/8 in_flight=0
2026-09-28T03:50:06.771+03:00 [s1] [O] PEER_REPORT our_seq=425 TX=-40/0 Q100
2026-09-28T03:50:06.775+03:00 [s2] [O] 
2026-09-28T03:50:06.785+03:00 [s2] [O] TX USER seq=430 frame=140B user=128B attempt=1/5 OK time=233 ms
2026-09-28T03:50:06.794+03:00 [s2] [O] > S7BP128R10-XXXXXXXXXXXXXXXXXXXXXXXXXXXXXXXXXXXXXXXXXXXXXXXXXXXXXXXXXXXXXXXXXXXXXXXXXXXXXXXXXXXXXXXXXXXXXXXXXXXXXXXXXXXXXXXXXXXXX
2026-09-28T03:50:06.796+03:00 [s2] [O] DELIVERY WAIT_ACK user=EBE8/430 attempt=1/5 timeout=747ms queue=0
2026-09-28T03:50:06.812+03:00 [s1] [O] 
2026-09-28T03:50:06.854+03:00 [s1] [O] RX USER session=EBE8 seq=430 frame=140B user=128B RX=-43/4 Q94 disposition=0
2026-09-28T03:50:07.042+03:00 [s1] [O] < [-43/4 Q94] S7BP128R10-XXXXXXXXXXXXXXXXXXXXXXXXXXXXXXXXXXXXXXXXXXXXXXXXXXXXXXXXXXXXXXXXXXXXXXXXXXXXXXXXXXXXXXXXXXXXXXXXXXXXXXXXXXXXXXXXXXXXX
2026-09-28T03:50:07.045+03:00 [s1] [O] 
2026-09-28T03:50:07.050+03:00 [s2] [O] PEER_REPORT our_seq=430 TX=-43/4 Q94
2026-09-28T03:50:07.058+03:00 [s2] [O] 
2026-09-28T03:50:07.060+03:00 [s2] [O] RX ACK session=118C seq=426 ack_to=EBE8/430 frame=14B RX=-41/0 Q100
2026-09-28T03:50:07.062+03:00 [s2] [O] DELIVERY ACK user=EBE8/430 attempts=1/5 elapsed=262ms queue=0
2026-09-28T03:50:07.066+03:00 [s1] [I] S7AP160R1-XXXXXXXXXXXXXXXXXXXXXXXXXXXXXXXXXXXXXXXXXXXXXXXXXXXXXXXXXXXXXXXXXXXXXXXXXXXXXXXXXXXXXXXXXXXXXXXXXXXXXXXXXXXXXXXXXXXXXXXXXXXXXXXXXXXXXXXXXXXXXXXXXXXXXX
2026-09-28T03:50:07.125+03:00 [s1] [O] TX ACK seq=426 ack_to=EBE8/430 frame=14B OK time=48 ms guard=500ms
2026-09-28T03:50:07.214+03:00 [s1] [O] DELIVERY QUEUED source=2 bytes=160 waiting=1/8 in_flight=0
2026-09-28T03:50:07.395+03:00 [s1] [O] 
2026-09-28T03:50:07.403+03:00 [s2] [O] PEER_REPORT our_seq=430 TX=-43/4 Q94
2026-09-28T03:50:07.406+03:00 [s2] [O] 
2026-09-28T03:50:07.412+03:00 [s2] [O] RX USER session=118C seq=427 frame=172B user=160B RX=-42/0 Q100 disposition=0
2026-09-28T03:50:07.417+03:00 [s2] [O] < [-42/0 Q100] S7AP160R1-XXXXXXXXXXXXXXXXXXXXXXXXXXXXXXXXXXXXXXXXXXXXXXXXXXXXXXXXXXXXXXXXXXXXXXXXXXXXXXXXXXXXXXXXXXXXXXXXXXXXXXXXXXXXXXXXXXXXXXXXXXXXXXXXXXXXXXXXXXXXXXXXXXXXXX
2026-09-28T03:50:07.440+03:00 [s1] [O] TX USER seq=427 frame=172B user=160B attempt=1/5 OK time=278 ms
2026-09-28T03:50:07.579+03:00 [s1] [O] > S7AP160R1-XXXXXXXXXXXXXXXXXXXXXXXXXXXXXXXXXXXXXXXXXXXXXXXXXXXXXXXXXXXXXXXXXXXXXXXXXXXXXXXXXXXXXXXXXXXXXXXXXXXXXXXXXXXXXXXXXXXXXXXXXXXXXXXXXXXXXXXXXXXXXXXXXXXXXX
2026-09-28T03:50:07.625+03:00 [s1] [O] DELIVERY WAIT_ACK user=118C/427 attempt=1/5 timeout=747ms queue=0
2026-09-28T03:50:07.674+03:00 [s2] [O] 
2026-09-28T03:50:07.678+03:00 [s2] [O] TX ACK seq=431 ack_to=118C/427 frame=14B OK time=48 ms guard=500ms
2026-09-28T03:50:07.716+03:00 [s1] [O] PEER_REPORT our_seq=427 TX=-42/0 Q100
2026-09-28T03:50:07.767+03:00 [s1] [O] 
2026-09-28T03:50:07.808+03:00 [s1] [O] RX ACK session=EBE8 seq=431 ack_to=118C/427 frame=14B RX=-41/4 Q94
2026-09-28T03:50:07.935+03:00 [s1] [O] DELIVERY ACK user=118C/427 attempts=1/5 elapsed=265ms queue=0
2026-09-28T03:50:07.949+03:00 [s1] [I] S7AP160R2-XXXXXXXXXXXXXXXXXXXXXXXXXXXXXXXXXXXXXXXXXXXXXXXXXXXXXXXXXXXXXXXXXXXXXXXXXXXXXXXXXXXXXXXXXXXXXXXXXXXXXXXXXXXXXXXXXXXXXXXXXXXXXXXXXXXXXXXXXXXXXXXXXXXXXX
2026-09-28T03:50:08.034+03:00 [s1] [O] DELIVERY QUEUED source=2 bytes=160 waiting=1/8 in_flight=0
2026-09-28T03:50:08.296+03:00 [s1] [O] 
2026-09-28T03:50:08.303+03:00 [s2] [O] PEER_REPORT our_seq=431 TX=-41/4 Q94
2026-09-28T03:50:08.306+03:00 [s2] [O] 
2026-09-28T03:50:08.310+03:00 [s2] [O] RX USER session=118C seq=428 frame=172B user=160B RX=-43/-0 Q100 disposition=0
2026-09-28T03:50:08.315+03:00 [s2] [O] < [-43/-0 Q100] S7AP160R2-XXXXXXXXXXXXXXXXXXXXXXXXXXXXXXXXXXXXXXXXXXXXXXXXXXXXXXXXXXXXXXXXXXXXXXXXXXXXXXXXXXXXXXXXXXXXXXXXXXXXXXXXXXXXXXXXXXXXXXXXXXXXXXXXXXXXXXXXXXXXXXXXXXXXXX
2026-09-28T03:50:08.341+03:00 [s1] [O] TX USER seq=428 frame=172B user=160B attempt=1/5 OK time=278 ms
2026-09-28T03:50:08.485+03:00 [s1] [O] > S7AP160R2-XXXXXXXXXXXXXXXXXXXXXXXXXXXXXXXXXXXXXXXXXXXXXXXXXXXXXXXXXXXXXXXXXXXXXXXXXXXXXXXXXXXXXXXXXXXXXXXXXXXXXXXXXXXXXXXXXXXXXXXXXXXXXXXXXXXXXXXXXXXXXXXXXXXXXX
2026-09-28T03:50:08.528+03:00 [s1] [O] DELIVERY WAIT_ACK user=118C/428 attempt=1/5 timeout=747ms queue=0
2026-09-28T03:50:08.580+03:00 [s2] [O] 
2026-09-28T03:50:08.581+03:00 [s2] [O] TX ACK seq=432 ack_to=118C/428 frame=14B OK time=48 ms guard=500ms
2026-09-28T03:50:08.618+03:00 [s1] [O] PEER_REPORT our_seq=428 TX=-43/0 Q100
2026-09-28T03:50:08.657+03:00 [s1] [O] 
2026-09-28T03:50:08.710+03:00 [s1] [O] RX ACK session=EBE8 seq=432 ack_to=118C/428 frame=14B RX=-40/6 Q94
2026-09-28T03:50:08.834+03:00 [s1] [O] DELIVERY ACK user=118C/428 attempts=1/5 elapsed=264ms queue=0
2026-09-28T03:50:08.847+03:00 [s1] [I] S7AP160R3-XXXXXXXXXXXXXXXXXXXXXXXXXXXXXXXXXXXXXXXXXXXXXXXXXXXXXXXXXXXXXXXXXXXXXXXXXXXXXXXXXXXXXXXXXXXXXXXXXXXXXXXXXXXXXXXXXXXXXXXXXXXXXXXXXXXXXXXXXXXXXXXXXXXXXX
2026-09-28T03:50:08.936+03:00 [s1] [O] DELIVERY QUEUED source=2 bytes=160 waiting=1/8 in_flight=0
2026-09-28T03:50:09.195+03:00 [s1] [O] 
2026-09-28T03:50:09.217+03:00 [s2] [O] PEER_REPORT our_seq=432 TX=-40/7 Q94
2026-09-28T03:50:09.219+03:00 [s2] [O] 
2026-09-28T03:50:09.228+03:00 [s2] [O] RX USER session=118C seq=429 frame=172B user=160B RX=-41/2 Q100 disposition=0
2026-09-28T03:50:09.244+03:00 [s2] [O] < [-41/2 Q100] S7AP160R3-XXXXXXXXXXXXXXXXXXXXXXXXXXXXXXXXXXXXXXXXXXXXXXXXXXXXXXXXXXXXXXXXXXXXXXXXXXXXXXXXXXXXXXXXXXXXXXXXXXXXXXXXXXXXXXXXXXXXXXXXXXXXXXXXXXXXXXXXXXXXXXXXXXXXXX
2026-09-28T03:50:09.244+03:00 [s1] [O] TX USER seq=429 frame=172B user=160B attempt=1/5 OK time=278 ms
2026-09-28T03:50:09.379+03:00 [s1] [O] > S7AP160R3-XXXXXXXXXXXXXXXXXXXXXXXXXXXXXXXXXXXXXXXXXXXXXXXXXXXXXXXXXXXXXXXXXXXXXXXXXXXXXXXXXXXXXXXXXXXXXXXXXXXXXXXXXXXXXXXXXXXXXXXXXXXXXXXXXXXXXXXXXXXXXXXXXXXXXX
2026-09-28T03:50:09.429+03:00 [s1] [O] DELIVERY WAIT_ACK user=118C/429 attempt=1/5 timeout=747ms queue=0
2026-09-28T03:50:09.478+03:00 [s2] [O] 
2026-09-28T03:50:09.481+03:00 [s2] [O] TX ACK seq=433 ack_to=118C/429 frame=14B OK time=48 ms guard=500ms
2026-09-28T03:50:09.522+03:00 [s1] [O] PEER_REPORT our_seq=429 TX=-41/2 Q100
2026-09-28T03:50:09.559+03:00 [s1] [O] 
2026-09-28T03:50:09.606+03:00 [s1] [O] RX ACK session=EBE8 seq=433 ack_to=118C/429 frame=14B RX=-42/4 Q94
2026-09-28T03:50:09.734+03:00 [s1] [O] DELIVERY ACK user=118C/429 attempts=1/5 elapsed=264ms queue=0
2026-09-28T03:50:09.738+03:00 [s1] [I] S7AP160R4-XXXXXXXXXXXXXXXXXXXXXXXXXXXXXXXXXXXXXXXXXXXXXXXXXXXXXXXXXXXXXXXXXXXXXXXXXXXXXXXXXXXXXXXXXXXXXXXXXXXXXXXXXXXXXXXXXXXXXXXXXXXXXXXXXXXXXXXXXXXXXXXXXXXXXX
2026-09-28T03:50:09.837+03:00 [s1] [O] DELIVERY QUEUED source=2 bytes=160 waiting=1/8 in_flight=0
2026-09-28T03:50:10.094+03:00 [s1] [O] 
2026-09-28T03:50:10.140+03:00 [s1] [O] TX USER seq=430 frame=172B user=160B attempt=1/5 OK time=278 ms
2026-09-28T03:50:10.147+03:00 [s2] [O] PEER_REPORT our_seq=433 TX=-42/4 Q94
2026-09-28T03:50:10.154+03:00 [s2] [O] 
2026-09-28T03:50:10.162+03:00 [s2] [O] RX USER session=118C seq=430 frame=172B user=160B RX=-38/2 Q100 disposition=0
2026-09-28T03:50:10.167+03:00 [s2] [O] < [-38/2 Q100] S7AP160R4-XXXXXXXXXXXXXXXXXXXXXXXXXXXXXXXXXXXXXXXXXXXXXXXXXXXXXXXXXXXXXXXXXXXXXXXXXXXXXXXXXXXXXXXXXXXXXXXXXXXXXXXXXXXXXXXXXXXXXXXXXXXXXXXXXXXXXXXXXXXXXXXXXXXXXX
2026-09-28T03:50:10.319+03:00 [s1] [O] > S7AP160R4-XXXXXXXXXXXXXXXXXXXXXXXXXXXXXXXXXXXXXXXXXXXXXXXXXXXXXXXXXXXXXXXXXXXXXXXXXXXXXXXXXXXXXXXXXXXXXXXXXXXXXXXXXXXXXXXXXXXXXXXXXXXXXXXXXXXXXXXXXXXXXXXXXXXXXX
2026-09-28T03:50:10.364+03:00 [s1] [O] DELIVERY WAIT_ACK user=118C/430 attempt=1/5 timeout=747ms queue=0
2026-09-28T03:50:10.378+03:00 [s2] [O] 
2026-09-28T03:50:10.379+03:00 [s2] [O] TX ACK seq=434 ack_to=118C/430 frame=14B OK time=48 ms guard=500ms
2026-09-28T03:50:10.418+03:00 [s1] [O] PEER_REPORT our_seq=430 TX=-38/3 Q100
2026-09-28T03:50:10.458+03:00 [s1] [O] 
2026-09-28T03:50:10.513+03:00 [s1] [O] RX ACK session=EBE8 seq=434 ack_to=118C/430 frame=14B RX=-41/7 Q94
2026-09-28T03:50:10.634+03:00 [s1] [O] DELIVERY ACK user=118C/430 attempts=1/5 elapsed=262ms queue=0
2026-09-28T03:50:10.644+03:00 [s1] [I] S7AP160R5-XXXXXXXXXXXXXXXXXXXXXXXXXXXXXXXXXXXXXXXXXXXXXXXXXXXXXXXXXXXXXXXXXXXXXXXXXXXXXXXXXXXXXXXXXXXXXXXXXXXXXXXXXXXXXXXXXXXXXXXXXXXXXXXXXXXXXXXXXXXXXXXXXXXXXX
2026-09-28T03:50:10.733+03:00 [s1] [O] DELIVERY QUEUED source=2 bytes=160 waiting=1/8 in_flight=0
2026-09-28T03:50:10.994+03:00 [s1] [O] 
2026-09-28T03:50:11.015+03:00 [s2] [O] PEER_REPORT our_seq=434 TX=-41/7 Q94
2026-09-28T03:50:11.017+03:00 [s2] [O] 
2026-09-28T03:50:11.019+03:00 [s2] [O] RX USER session=118C seq=431 frame=172B user=160B RX=-42/4 Q100 disposition=0
2026-09-28T03:50:11.020+03:00 [s2] [O] < [-42/4 Q100] S7AP160R5-XXXXXXXXXXXXXXXXXXXXXXXXXXXXXXXXXXXXXXXXXXXXXXXXXXXXXXXXXXXXXXXXXXXXXXXXXXXXXXXXXXXXXXXXXXXXXXXXXXXXXXXXXXXXXXXXXXXXXXXXXXXXXXXXXXXXXXXXXXXXXXXXXXXXXX
2026-09-28T03:50:11.042+03:00 [s1] [O] TX USER seq=431 frame=172B user=160B attempt=1/5 OK time=278 ms
2026-09-28T03:50:11.183+03:00 [s1] [O] > S7AP160R5-XXXXXXXXXXXXXXXXXXXXXXXXXXXXXXXXXXXXXXXXXXXXXXXXXXXXXXXXXXXXXXXXXXXXXXXXXXXXXXXXXXXXXXXXXXXXXXXXXXXXXXXXXXXXXXXXXXXXXXXXXXXXXXXXXXXXXXXXXXXXXXXXXXXXXX
2026-09-28T03:50:11.234+03:00 [s1] [O] DELIVERY WAIT_ACK user=118C/431 attempt=1/5 timeout=747ms queue=0
2026-09-28T03:50:11.283+03:00 [s2] [O] 
2026-09-28T03:50:11.284+03:00 [s2] [O] TX ACK seq=435 ack_to=118C/431 frame=14B OK time=48 ms guard=500ms
2026-09-28T03:50:11.310+03:00 [s1] [O] PEER_REPORT our_seq=431 TX=-42/4 Q100
2026-09-28T03:50:11.361+03:00 [s1] [O] 
2026-09-28T03:50:11.402+03:00 [s1] [O] RX ACK session=EBE8 seq=435 ack_to=118C/431 frame=14B RX=-42/8 Q94
2026-09-28T03:50:11.537+03:00 [s1] [O] DELIVERY ACK user=118C/431 attempts=1/5 elapsed=263ms queue=0
2026-09-28T03:50:11.543+03:00 [s1] [I] S7AP160R6-XXXXXXXXXXXXXXXXXXXXXXXXXXXXXXXXXXXXXXXXXXXXXXXXXXXXXXXXXXXXXXXXXXXXXXXXXXXXXXXXXXXXXXXXXXXXXXXXXXXXXXXXXXXXXXXXXXXXXXXXXXXXXXXXXXXXXXXXXXXXXXXXXXXXXX
2026-09-28T03:50:11.632+03:00 [s1] [O] DELIVERY QUEUED source=2 bytes=160 waiting=1/8 in_flight=0
2026-09-28T03:50:11.895+03:00 [s1] [O] 
2026-09-28T03:50:11.910+03:00 [s2] [O] PEER_REPORT our_seq=435 TX=-42/8 Q94
2026-09-28T03:50:11.915+03:00 [s2] [O] 
2026-09-28T03:50:11.917+03:00 [s2] [O] RX USER session=118C seq=432 frame=172B user=160B RX=-43/4 Q100 disposition=0
2026-09-28T03:50:11.920+03:00 [s2] [O] < [-43/4 Q100] S7AP160R6-XXXXXXXXXXXXXXXXXXXXXXXXXXXXXXXXXXXXXXXXXXXXXXXXXXXXXXXXXXXXXXXXXXXXXXXXXXXXXXXXXXXXXXXXXXXXXXXXXXXXXXXXXXXXXXXXXXXXXXXXXXXXXXXXXXXXXXXXXXXXXXXXXXXXXX
2026-09-28T03:50:11.986+03:00 [s1] [O] TX USER seq=432 frame=172B user=160B attempt=1/5 OK time=278 ms
2026-09-28T03:50:12.123+03:00 [s1] [O] > S7AP160R6-XXXXXXXXXXXXXXXXXXXXXXXXXXXXXXXXXXXXXXXXXXXXXXXXXXXXXXXXXXXXXXXXXXXXXXXXXXXXXXXXXXXXXXXXXXXXXXXXXXXXXXXXXXXXXXXXXXXXXXXXXXXXXXXXXXXXXXXXXXXXXXXXXXXXXX
2026-09-28T03:50:12.180+03:00 [s1] [O] DELIVERY WAIT_ACK user=118C/432 attempt=1/5 timeout=747ms queue=0
2026-09-28T03:50:12.183+03:00 [s2] [O] 
2026-09-28T03:50:12.192+03:00 [s2] [O] TX ACK seq=436 ack_to=118C/432 frame=14B OK time=48 ms guard=500ms
2026-09-28T03:50:12.265+03:00 [s1] [O] PEER_REPORT our_seq=432 TX=-43/4 Q100
2026-09-28T03:50:12.310+03:00 [s1] [O] 
2026-09-28T03:50:12.344+03:00 [s1] [O] RX ACK session=EBE8 seq=436 ack_to=118C/432 frame=14B RX=-42/6 Q94
2026-09-28T03:50:12.479+03:00 [s1] [O] DELIVERY ACK user=118C/432 attempts=1/5 elapsed=262ms queue=0
2026-09-28T03:50:12.486+03:00 [s1] [I] S7AP160R7-XXXXXXXXXXXXXXXXXXXXXXXXXXXXXXXXXXXXXXXXXXXXXXXXXXXXXXXXXXXXXXXXXXXXXXXXXXXXXXXXXXXXXXXXXXXXXXXXXXXXXXXXXXXXXXXXXXXXXXXXXXXXXXXXXXXXXXXXXXXXXXXXXXXXXX
2026-09-28T03:50:12.581+03:00 [s1] [O] DELIVERY QUEUED source=2 bytes=160 waiting=1/8 in_flight=0
2026-09-28T03:50:12.842+03:00 [s1] [O] 
2026-09-28T03:50:12.848+03:00 [s2] [O] PEER_REPORT our_seq=436 TX=-42/6 Q94
2026-09-28T03:50:12.852+03:00 [s2] [O] 
2026-09-28T03:50:12.856+03:00 [s2] [O] RX USER session=118C seq=433 frame=172B user=160B RX=-42/-0 Q100 disposition=0
2026-09-28T03:50:12.861+03:00 [s2] [O] < [-42/-0 Q100] S7AP160R7-XXXXXXXXXXXXXXXXXXXXXXXXXXXXXXXXXXXXXXXXXXXXXXXXXXXXXXXXXXXXXXXXXXXXXXXXXXXXXXXXXXXXXXXXXXXXXXXXXXXXXXXXXXXXXXXXXXXXXXXXXXXXXXXXXXXXXXXXXXXXXXXXXXXXXX
2026-09-28T03:50:12.884+03:00 [s1] [O] TX USER seq=433 frame=172B user=160B attempt=1/5 OK time=278 ms
2026-09-28T03:50:13.023+03:00 [s1] [O] > S7AP160R7-XXXXXXXXXXXXXXXXXXXXXXXXXXXXXXXXXXXXXXXXXXXXXXXXXXXXXXXXXXXXXXXXXXXXXXXXXXXXXXXXXXXXXXXXXXXXXXXXXXXXXXXXXXXXXXXXXXXXXXXXXXXXXXXXXXXXXXXXXXXXXXXXXXXXXX
2026-09-28T03:50:13.067+03:00 [s1] [O] DELIVERY WAIT_ACK user=118C/433 attempt=1/5 timeout=747ms queue=0
2026-09-28T03:50:13.078+03:00 [s2] [O] 
2026-09-28T03:50:13.115+03:00 [s2] [O] TX ACK seq=437 ack_to=118C/433 frame=14B OK time=48 ms guard=500ms
2026-09-28T03:50:13.160+03:00 [s1] [O] PEER_REPORT our_seq=433 TX=-42/-1 Q100
2026-09-28T03:50:13.209+03:00 [s1] [O] 
2026-09-28T03:50:13.292+03:00 [s1] [O] RX ACK session=EBE8 seq=437 ack_to=118C/433 frame=14B RX=-43/3 Q94
2026-09-28T03:50:13.381+03:00 [s1] [O] DELIVERY ACK user=118C/433 attempts=1/5 elapsed=264ms queue=0
2026-09-28T03:50:13.387+03:00 [s1] [I] S7AP160R8-XXXXXXXXXXXXXXXXXXXXXXXXXXXXXXXXXXXXXXXXXXXXXXXXXXXXXXXXXXXXXXXXXXXXXXXXXXXXXXXXXXXXXXXXXXXXXXXXXXXXXXXXXXXXXXXXXXXXXXXXXXXXXXXXXXXXXXXXXXXXXXXXXXXXXX
2026-09-28T03:50:13.514+03:00 [s1] [O] DELIVERY QUEUED source=2 bytes=160 waiting=1/8 in_flight=0
2026-09-28T03:50:13.739+03:00 [s1] [O] 
2026-09-28T03:50:13.750+03:00 [s2] [O] PEER_REPORT our_seq=437 TX=-43/3 Q94
2026-09-28T03:50:13.754+03:00 [s2] [O] 
2026-09-28T03:50:13.757+03:00 [s2] [O] RX USER session=118C seq=434 frame=172B user=160B RX=-41/1 Q100 disposition=0
2026-09-28T03:50:13.760+03:00 [s2] [O] < [-41/1 Q100] S7AP160R8-XXXXXXXXXXXXXXXXXXXXXXXXXXXXXXXXXXXXXXXXXXXXXXXXXXXXXXXXXXXXXXXXXXXXXXXXXXXXXXXXXXXXXXXXXXXXXXXXXXXXXXXXXXXXXXXXXXXXXXXXXXXXXXXXXXXXXXXXXXXXXXXXXXXXXX
2026-09-28T03:50:13.830+03:00 [s1] [O] TX USER seq=434 frame=172B user=160B attempt=1/5 OK time=278 ms
2026-09-28T03:50:14.010+03:00 [s1] [O] > S7AP160R8-XXXXXXXXXXXXXXXXXXXXXXXXXXXXXXXXXXXXXXXXXXXXXXXXXXXXXXXXXXXXXXXXXXXXXXXXXXXXXXXXXXXXXXXXXXXXXXXXXXXXXXXXXXXXXXXXXXXXXXXXXXXXXXXXXXXXXXXXXXXXXXXXXXXXXX
2026-09-28T03:50:14.020+03:00 [s2] [O] 
2026-09-28T03:50:14.025+03:00 [s2] [O] TX ACK seq=438 ack_to=118C/434 frame=14B OK time=48 ms guard=500ms
2026-09-28T03:50:14.057+03:00 [s1] [O] DELIVERY WAIT_ACK user=118C/434 attempt=1/5 timeout=747ms queue=0
2026-09-28T03:50:14.109+03:00 [s1] [O] PEER_REPORT our_seq=434 TX=-41/1 Q100
2026-09-28T03:50:14.152+03:00 [s1] [O] 
2026-09-28T03:50:14.201+03:00 [s1] [O] RX ACK session=EBE8 seq=438 ack_to=118C/434 frame=14B RX=-44/7 Q94
2026-09-28T03:50:14.330+03:00 [s1] [O] DELIVERY ACK user=118C/434 attempts=1/5 elapsed=263ms queue=0
2026-09-28T03:50:14.335+03:00 [s1] [I] S7AP160R9-XXXXXXXXXXXXXXXXXXXXXXXXXXXXXXXXXXXXXXXXXXXXXXXXXXXXXXXXXXXXXXXXXXXXXXXXXXXXXXXXXXXXXXXXXXXXXXXXXXXXXXXXXXXXXXXXXXXXXXXXXXXXXXXXXXXXXXXXXXXXXXXXXXXXXX
2026-09-28T03:50:14.418+03:00 [s1] [O] DELIVERY QUEUED source=2 bytes=160 waiting=1/8 in_flight=0
2026-09-28T03:50:14.685+03:00 [s1] [O] 
2026-09-28T03:50:14.692+03:00 [s2] [O] PEER_REPORT our_seq=438 TX=-44/7 Q94
2026-09-28T03:50:14.697+03:00 [s2] [O] 
2026-09-28T03:50:14.713+03:00 [s2] [O] RX USER session=118C seq=435 frame=172B user=160B RX=-42/6 Q100 disposition=0
2026-09-28T03:50:14.716+03:00 [s2] [O] < [-42/6 Q100] S7AP160R9-XXXXXXXXXXXXXXXXXXXXXXXXXXXXXXXXXXXXXXXXXXXXXXXXXXXXXXXXXXXXXXXXXXXXXXXXXXXXXXXXXXXXXXXXXXXXXXXXXXXXXXXXXXXXXXXXXXXXXXXXXXXXXXXXXXXXXXXXXXXXXXXXXXXXXX
2026-09-28T03:50:14.730+03:00 [s1] [O] TX USER seq=435 frame=172B user=160B attempt=1/5 OK time=278 ms
2026-09-28T03:50:14.875+03:00 [s1] [O] > S7AP160R9-XXXXXXXXXXXXXXXXXXXXXXXXXXXXXXXXXXXXXXXXXXXXXXXXXXXXXXXXXXXXXXXXXXXXXXXXXXXXXXXXXXXXXXXXXXXXXXXXXXXXXXXXXXXXXXXXXXXXXXXXXXXXXXXXXXXXXXXXXXXXXXXXXXXXXX
2026-09-28T03:50:14.922+03:00 [s2] [O] 
2026-09-28T03:50:14.923+03:00 [s1] [O] DELIVERY WAIT_ACK user=118C/435 attempt=1/5 timeout=747ms queue=0
2026-09-28T03:50:14.967+03:00 [s2] [O] TX ACK seq=439 ack_to=118C/435 frame=14B OK time=48 ms guard=500ms
2026-09-28T03:50:15.006+03:00 [s1] [O] PEER_REPORT our_seq=435 TX=-42/6 Q100
2026-09-28T03:50:15.047+03:00 [s1] [O] 
2026-09-28T03:50:15.095+03:00 [s1] [O] RX ACK session=EBE8 seq=439 ack_to=118C/435 frame=14B RX=-41/8 Q94
2026-09-28T03:50:15.225+03:00 [s1] [O] DELIVERY ACK user=118C/435 attempts=1/5 elapsed=263ms queue=0
2026-09-28T03:50:15.233+03:00 [s1] [I] S7AP160R10-XXXXXXXXXXXXXXXXXXXXXXXXXXXXXXXXXXXXXXXXXXXXXXXXXXXXXXXXXXXXXXXXXXXXXXXXXXXXXXXXXXXXXXXXXXXXXXXXXXXXXXXXXXXXXXXXXXXXXXXXXXXXXXXXXXXXXXXXXXXXXXXXXXXXX
2026-09-28T03:50:15.322+03:00 [s1] [O] DELIVERY QUEUED source=2 bytes=160 waiting=1/8 in_flight=0
2026-09-28T03:50:15.584+03:00 [s1] [O] 
2026-09-28T03:50:15.599+03:00 [s2] [O] PEER_REPORT our_seq=439 TX=-41/8 Q94
2026-09-28T03:50:15.604+03:00 [s2] [O] 
2026-09-28T03:50:15.609+03:00 [s2] [O] RX USER session=118C seq=436 frame=172B user=160B RX=-44/2 Q100 disposition=0
2026-09-28T03:50:15.611+03:00 [s2] [O] < [-44/2 Q100] S7AP160R10-XXXXXXXXXXXXXXXXXXXXXXXXXXXXXXXXXXXXXXXXXXXXXXXXXXXXXXXXXXXXXXXXXXXXXXXXXXXXXXXXXXXXXXXXXXXXXXXXXXXXXXXXXXXXXXXXXXXXXXXXXXXXXXXXXXXXXXXXXXXXXXXXXXXXX
2026-09-28T03:50:15.630+03:00 [s1] [O] TX USER seq=436 frame=172B user=160B attempt=1/5 OK time=278 ms
2026-09-28T03:50:15.767+03:00 [s1] [O] > S7AP160R10-XXXXXXXXXXXXXXXXXXXXXXXXXXXXXXXXXXXXXXXXXXXXXXXXXXXXXXXXXXXXXXXXXXXXXXXXXXXXXXXXXXXXXXXXXXXXXXXXXXXXXXXXXXXXXXXXXXXXXXXXXXXXXXXXXXXXXXXXXXXXXXXXXXXXX
2026-09-28T03:50:15.810+03:00 [s1] [O] DELIVERY WAIT_ACK user=118C/436 attempt=1/5 timeout=747ms queue=0
2026-09-28T03:50:15.816+03:00 [s2] [O] 
2026-09-28T03:50:15.863+03:00 [s2] [O] TX ACK seq=440 ack_to=118C/436 frame=14B OK time=48 ms guard=500ms
2026-09-28T03:50:15.900+03:00 [s1] [O] PEER_REPORT our_seq=436 TX=-44/2 Q100
2026-09-28T03:50:15.944+03:00 [s1] [O] 
2026-09-28T03:50:16.001+03:00 [s1] [O] RX ACK session=EBE8 seq=440 ack_to=118C/436 frame=14B RX=-42/3 Q94
2026-09-28T03:50:16.169+03:00 [s1] [O] DELIVERY ACK user=118C/436 attempts=1/5 elapsed=264ms queue=0
2026-09-28T03:50:16.174+03:00 [s2] [I] S7BP160R1-XXXXXXXXXXXXXXXXXXXXXXXXXXXXXXXXXXXXXXXXXXXXXXXXXXXXXXXXXXXXXXXXXXXXXXXXXXXXXXXXXXXXXXXXXXXXXXXXXXXXXXXXXXXXXXXXXXXXXXXXXXXXXXXXXXXXXXXXXXXXXXXXXXXXXX
2026-09-28T03:50:16.270+03:00 [s2] [O] DELIVERY QUEUED source=2 bytes=160 waiting=1/8 in_flight=0
2026-09-28T03:50:16.542+03:00 [s2] [O] 
2026-09-28T03:50:16.542+03:00 [s1] [O] PEER_REPORT our_seq=436 TX=-44/2 Q100
2026-09-28T03:50:16.544+03:00 [s2] [O] TX USER seq=441 frame=172B user=160B attempt=1/5 OK time=279 ms
2026-09-28T03:50:16.550+03:00 [s2] [O] > S7BP160R1-XXXXXXXXXXXXXXXXXXXXXXXXXXXXXXXXXXXXXXXXXXXXXXXXXXXXXXXXXXXXXXXXXXXXXXXXXXXXXXXXXXXXXXXXXXXXXXXXXXXXXXXXXXXXXXXXXXXXXXXXXXXXXXXXXXXXXXXXXXXXXXXXXXXXXX
2026-09-28T03:50:16.559+03:00 [s2] [O] DELIVERY WAIT_ACK user=EBE8/441 attempt=1/5 timeout=747ms queue=0
2026-09-28T03:50:16.574+03:00 [s1] [O] 
2026-09-28T03:50:16.626+03:00 [s1] [O] RX USER session=EBE8 seq=441 frame=172B user=160B RX=-43/8 Q94 disposition=0
2026-09-28T03:50:16.803+03:00 [s1] [O] < [-43/8 Q94] S7BP160R1-XXXXXXXXXXXXXXXXXXXXXXXXXXXXXXXXXXXXXXXXXXXXXXXXXXXXXXXXXXXXXXXXXXXXXXXXXXXXXXXXXXXXXXXXXXXXXXXXXXXXXXXXXXXXXXXXXXXXXXXXXXXXXXXXXXXXXXXXXXXXXXXXXXXXXX
2026-09-28T03:50:16.806+03:00 [s2] [O] PEER_REPORT our_seq=441 TX=-43/8 Q94
2026-09-28T03:50:16.810+03:00 [s2] [O] 
2026-09-28T03:50:16.814+03:00 [s2] [O] RX ACK session=118C seq=437 ack_to=EBE8/441 frame=14B RX=-45/2 Q100
2026-09-28T03:50:16.816+03:00 [s2] [O] DELIVERY ACK user=EBE8/441 attempts=1/5 elapsed=264ms queue=0
2026-09-28T03:50:16.818+03:00 [s2] [I] S7BP160R2-XXXXXXXXXXXXXXXXXXXXXXXXXXXXXXXXXXXXXXXXXXXXXXXXXXXXXXXXXXXXXXXXXXXXXXXXXXXXXXXXXXXXXXXXXXXXXXXXXXXXXXXXXXXXXXXXXXXXXXXXXXXXXXXXXXXXXXXXXXXXXXXXXXXXXX
2026-09-28T03:50:16.844+03:00 [s1] [O] 
2026-09-28T03:50:16.889+03:00 [s1] [O] TX ACK seq=437 ack_to=EBE8/441 frame=14B OK time=48 ms guard=500ms
2026-09-28T03:50:16.896+03:00 [s2] [O] DELIVERY QUEUED source=2 bytes=160 waiting=1/8 in_flight=0
2026-09-28T03:50:17.166+03:00 [s2] [O] 
2026-09-28T03:50:17.176+03:00 [s1] [O] PEER_REPORT our_seq=437 TX=-45/3 Q100
2026-09-28T03:50:17.182+03:00 [s2] [O] TX USER seq=442 frame=172B user=160B attempt=1/5 OK time=279 ms
2026-09-28T03:50:17.196+03:00 [s2] [O] > S7BP160R2-XXXXXXXXXXXXXXXXXXXXXXXXXXXXXXXXXXXXXXXXXXXXXXXXXXXXXXXXXXXXXXXXXXXXXXXXXXXXXXXXXXXXXXXXXXXXXXXXXXXXXXXXXXXXXXXXXXXXXXXXXXXXXXXXXXXXXXXXXXXXXXXXXXXXXX
2026-09-28T03:50:17.198+03:00 [s2] [O] DELIVERY WAIT_ACK user=EBE8/442 attempt=1/5 timeout=747ms queue=0
2026-09-28T03:50:17.208+03:00 [s1] [O] 
2026-09-28T03:50:17.250+03:00 [s1] [O] RX USER session=EBE8 seq=442 frame=172B user=160B RX=-42/5 Q94 disposition=0
2026-09-28T03:50:17.435+03:00 [s1] [O] < [-42/5 Q94] S7BP160R2-XXXXXXXXXXXXXXXXXXXXXXXXXXXXXXXXXXXXXXXXXXXXXXXXXXXXXXXXXXXXXXXXXXXXXXXXXXXXXXXXXXXXXXXXXXXXXXXXXXXXXXXXXXXXXXXXXXXXXXXXXXXXXXXXXXXXXXXXXXXXXXXXXXXXXX
2026-09-28T03:50:17.449+03:00 [s2] [O] PEER_REPORT our_seq=442 TX=-42/5 Q94
2026-09-28T03:50:17.451+03:00 [s2] [O] 
2026-09-28T03:50:17.458+03:00 [s2] [O] RX ACK session=118C seq=438 ack_to=EBE8/442 frame=14B RX=-40/0 Q100
2026-09-28T03:50:17.460+03:00 [s2] [O] DELIVERY ACK user=EBE8/442 attempts=1/5 elapsed=263ms queue=0
2026-09-28T03:50:17.463+03:00 [s2] [I] S7BP160R3-XXXXXXXXXXXXXXXXXXXXXXXXXXXXXXXXXXXXXXXXXXXXXXXXXXXXXXXXXXXXXXXXXXXXXXXXXXXXXXXXXXXXXXXXXXXXXXXXXXXXXXXXXXXXXXXXXXXXXXXXXXXXXXXXXXXXXXXXXXXXXXXXXXXXXX
2026-09-28T03:50:17.476+03:00 [s1] [O] 
2026-09-28T03:50:17.519+03:00 [s1] [O] TX ACK seq=438 ack_to=EBE8/442 frame=14B OK time=48 ms guard=500ms
2026-09-28T03:50:17.534+03:00 [s2] [O] DELIVERY QUEUED source=2 bytes=160 waiting=1/8 in_flight=0
2026-09-28T03:50:17.798+03:00 [s1] [O] PEER_REPORT our_seq=438 TX=-40/0 Q100
2026-09-28T03:50:17.800+03:00 [s2] [O] 
2026-09-28T03:50:17.811+03:00 [s2] [O] TX USER seq=443 frame=172B user=160B attempt=1/5 OK time=279 ms
2026-09-28T03:50:17.814+03:00 [s2] [O] > S7BP160R3-XXXXXXXXXXXXXXXXXXXXXXXXXXXXXXXXXXXXXXXXXXXXXXXXXXXXXXXXXXXXXXXXXXXXXXXXXXXXXXXXXXXXXXXXXXXXXXXXXXXXXXXXXXXXXXXXXXXXXXXXXXXXXXXXXXXXXXXXXXXXXXXXXXXXXX
2026-09-28T03:50:17.816+03:00 [s2] [O] DELIVERY WAIT_ACK user=EBE8/443 attempt=1/5 timeout=747ms queue=0
2026-09-28T03:50:17.835+03:00 [s1] [O] 
2026-09-28T03:50:17.887+03:00 [s1] [O] RX USER session=EBE8 seq=443 frame=172B user=160B RX=-43/6 Q94 disposition=0
2026-09-28T03:50:18.069+03:00 [s1] [O] < [-43/6 Q94] S7BP160R3-XXXXXXXXXXXXXXXXXXXXXXXXXXXXXXXXXXXXXXXXXXXXXXXXXXXXXXXXXXXXXXXXXXXXXXXXXXXXXXXXXXXXXXXXXXXXXXXXXXXXXXXXXXXXXXXXXXXXXXXXXXXXXXXXXXXXXXXXXXXXXXXXXXXXXX
2026-09-28T03:50:18.069+03:00 [s2] [O] PEER_REPORT our_seq=443 TX=-43/6 Q94
2026-09-28T03:50:18.075+03:00 [s2] [O] 
2026-09-28T03:50:18.079+03:00 [s2] [O] RX ACK session=118C seq=439 ack_to=EBE8/443 frame=14B RX=-40/0 Q100
2026-09-28T03:50:18.083+03:00 [s2] [O] DELIVERY ACK user=EBE8/443 attempts=1/5 elapsed=263ms queue=0
2026-09-28T03:50:18.084+03:00 [s2] [I] S7BP160R4-XXXXXXXXXXXXXXXXXXXXXXXXXXXXXXXXXXXXXXXXXXXXXXXXXXXXXXXXXXXXXXXXXXXXXXXXXXXXXXXXXXXXXXXXXXXXXXXXXXXXXXXXXXXXXXXXXXXXXXXXXXXXXXXXXXXXXXXXXXXXXXXXXXXXXX
2026-09-28T03:50:18.104+03:00 [s1] [O] 
2026-09-28T03:50:18.149+03:00 [s1] [O] TX ACK seq=439 ack_to=EBE8/443 frame=14B OK time=48 ms guard=500ms
2026-09-28T03:50:18.161+03:00 [s2] [O] DELIVERY QUEUED source=2 bytes=160 waiting=1/8 in_flight=0
2026-09-28T03:50:18.430+03:00 [s1] [O] PEER_REPORT our_seq=439 TX=-40/0 Q100
2026-09-28T03:50:18.430+03:00 [s2] [O] 
2026-09-28T03:50:18.434+03:00 [s2] [O] TX USER seq=444 frame=172B user=160B attempt=1/5 OK time=279 ms
2026-09-28T03:50:18.443+03:00 [s2] [O] > S7BP160R4-XXXXXXXXXXXXXXXXXXXXXXXXXXXXXXXXXXXXXXXXXXXXXXXXXXXXXXXXXXXXXXXXXXXXXXXXXXXXXXXXXXXXXXXXXXXXXXXXXXXXXXXXXXXXXXXXXXXXXXXXXXXXXXXXXXXXXXXXXXXXXXXXXXXXXX
2026-09-28T03:50:18.445+03:00 [s2] [O] DELIVERY WAIT_ACK user=EBE8/444 attempt=1/5 timeout=747ms queue=0
2026-09-28T03:50:18.468+03:00 [s1] [O] 
2026-09-28T03:50:18.513+03:00 [s1] [O] RX USER session=EBE8 seq=444 frame=172B user=160B RX=-42/6 Q94 disposition=0
2026-09-28T03:50:18.695+03:00 [s1] [O] < [-42/6 Q94] S7BP160R4-XXXXXXXXXXXXXXXXXXXXXXXXXXXXXXXXXXXXXXXXXXXXXXXXXXXXXXXXXXXXXXXXXXXXXXXXXXXXXXXXXXXXXXXXXXXXXXXXXXXXXXXXXXXXXXXXXXXXXXXXXXXXXXXXXXXXXXXXXXXXXXXXXXXXXX
2026-09-28T03:50:18.697+03:00 [s2] [O] PEER_REPORT our_seq=444 TX=-42/7 Q94
2026-09-28T03:50:18.734+03:00 [s1] [O] 
2026-09-28T03:50:18.742+03:00 [s2] [O] 
2026-09-28T03:50:18.749+03:00 [s2] [O] RX ACK session=118C seq=440 ack_to=EBE8/444 frame=14B RX=-45/0 Q100
2026-09-28T03:50:18.754+03:00 [s2] [O] DELIVERY ACK user=EBE8/444 attempts=1/5 elapsed=263ms queue=0
2026-09-28T03:50:18.758+03:00 [s2] [I] S7BP160R5-XXXXXXXXXXXXXXXXXXXXXXXXXXXXXXXXXXXXXXXXXXXXXXXXXXXXXXXXXXXXXXXXXXXXXXXXXXXXXXXXXXXXXXXXXXXXXXXXXXXXXXXXXXXXXXXXXXXXXXXXXXXXXXXXXXXXXXXXXXXXXXXXXXXXXX
2026-09-28T03:50:18.779+03:00 [s1] [O] TX ACK seq=440 ack_to=EBE8/444 frame=14B OK time=48 ms guard=500ms
2026-09-28T03:50:18.837+03:00 [s2] [O] DELIVERY QUEUED source=2 bytes=160 waiting=1/8 in_flight=0
2026-09-28T03:50:19.099+03:00 [s1] [O] PEER_REPORT our_seq=440 TX=-45/1 Q100
2026-09-28T03:50:19.112+03:00 [s2] [O] 
2026-09-28T03:50:19.116+03:00 [s2] [O] TX USER seq=445 frame=172B user=160B attempt=1/5 OK time=278 ms
2026-09-28T03:50:19.139+03:00 [s1] [O] 
2026-09-28T03:50:19.148+03:00 [s2] [O] > S7BP160R5-XXXXXXXXXXXXXXXXXXXXXXXXXXXXXXXXXXXXXXXXXXXXXXXXXXXXXXXXXXXXXXXXXXXXXXXXXXXXXXXXXXXXXXXXXXXXXXXXXXXXXXXXXXXXXXXXXXXXXXXXXXXXXXXXXXXXXXXXXXXXXXXXXXXXXX
2026-09-28T03:50:19.151+03:00 [s2] [O] DELIVERY WAIT_ACK user=EBE8/445 attempt=1/5 timeout=747ms queue=0
2026-09-28T03:50:19.188+03:00 [s1] [O] RX USER session=EBE8 seq=445 frame=172B user=160B RX=-43/2 Q94 disposition=0
2026-09-28T03:50:19.372+03:00 [s1] [O] < [-43/2 Q94] S7BP160R5-XXXXXXXXXXXXXXXXXXXXXXXXXXXXXXXXXXXXXXXXXXXXXXXXXXXXXXXXXXXXXXXXXXXXXXXXXXXXXXXXXXXXXXXXXXXXXXXXXXXXXXXXXXXXXXXXXXXXXXXXXXXXXXXXXXXXXXXXXXXXXXXXXXXXXX
2026-09-28T03:50:19.378+03:00 [s2] [O] PEER_REPORT our_seq=445 TX=-43/2 Q94
2026-09-28T03:50:19.384+03:00 [s2] [O] 
2026-09-28T03:50:19.391+03:00 [s2] [O] RX ACK session=118C seq=441 ack_to=EBE8/445 frame=14B RX=-41/0 Q100
2026-09-28T03:50:19.396+03:00 [s2] [O] DELIVERY ACK user=EBE8/445 attempts=1/5 elapsed=263ms queue=0
2026-09-28T03:50:19.399+03:00 [s2] [I] S7BP160R6-XXXXXXXXXXXXXXXXXXXXXXXXXXXXXXXXXXXXXXXXXXXXXXXXXXXXXXXXXXXXXXXXXXXXXXXXXXXXXXXXXXXXXXXXXXXXXXXXXXXXXXXXXXXXXXXXXXXXXXXXXXXXXXXXXXXXXXXXXXXXXXXXXXXXXX
2026-09-28T03:50:19.412+03:00 [s1] [O] 
2026-09-28T03:50:19.457+03:00 [s1] [O] TX ACK seq=441 ack_to=EBE8/445 frame=14B OK time=48 ms guard=500ms
2026-09-28T03:50:19.466+03:00 [s2] [O] DELIVERY QUEUED source=2 bytes=160 waiting=1/8 in_flight=0
2026-09-28T03:50:19.733+03:00 [s2] [O] 
2026-09-28T03:50:19.734+03:00 [s1] [O] PEER_REPORT our_seq=441 TX=-41/1 Q100
2026-09-28T03:50:19.735+03:00 [s2] [O] TX USER seq=446 frame=172B user=160B attempt=1/5 OK time=279 ms
2026-09-28T03:50:19.746+03:00 [s2] [O] > S7BP160R6-XXXXXXXXXXXXXXXXXXXXXXXXXXXXXXXXXXXXXXXXXXXXXXXXXXXXXXXXXXXXXXXXXXXXXXXXXXXXXXXXXXXXXXXXXXXXXXXXXXXXXXXXXXXXXXXXXXXXXXXXXXXXXXXXXXXXXXXXXXXXXXXXXXXXXX
2026-09-28T03:50:19.748+03:00 [s2] [O] DELIVERY WAIT_ACK user=EBE8/446 attempt=1/5 timeout=747ms queue=0
2026-09-28T03:50:19.772+03:00 [s1] [O] 
2026-09-28T03:50:19.814+03:00 [s1] [O] RX USER session=EBE8 seq=446 frame=172B user=160B RX=-41/4 Q94 disposition=0
2026-09-28T03:50:19.996+03:00 [s1] [O] < [-41/4 Q94] S7BP160R6-XXXXXXXXXXXXXXXXXXXXXXXXXXXXXXXXXXXXXXXXXXXXXXXXXXXXXXXXXXXXXXXXXXXXXXXXXXXXXXXXXXXXXXXXXXXXXXXXXXXXXXXXXXXXXXXXXXXXXXXXXXXXXXXXXXXXXXXXXXXXXXXXXXXXXX
2026-09-28T03:50:20.009+03:00 [s2] [O] PEER_REPORT our_seq=446 TX=-41/4 Q94
2026-09-28T03:50:20.012+03:00 [s2] [O] 
2026-09-28T03:50:20.015+03:00 [s2] [O] RX ACK session=118C seq=442 ack_to=EBE8/446 frame=14B RX=-38/-0 Q100
2026-09-28T03:50:20.016+03:00 [s2] [O] DELIVERY ACK user=EBE8/446 attempts=1/5 elapsed=263ms queue=0
2026-09-28T03:50:20.017+03:00 [s2] [I] S7BP160R7-XXXXXXXXXXXXXXXXXXXXXXXXXXXXXXXXXXXXXXXXXXXXXXXXXXXXXXXXXXXXXXXXXXXXXXXXXXXXXXXXXXXXXXXXXXXXXXXXXXXXXXXXXXXXXXXXXXXXXXXXXXXXXXXXXXXXXXXXXXXXXXXXXXXXXX
2026-09-28T03:50:20.041+03:00 [s1] [O] 
2026-09-28T03:50:20.086+03:00 [s1] [O] TX ACK seq=442 ack_to=EBE8/446 frame=14B OK time=48 ms guard=500ms
2026-09-28T03:50:20.097+03:00 [s2] [O] DELIVERY QUEUED source=2 bytes=160 waiting=1/8 in_flight=0
2026-09-28T03:50:20.364+03:00 [s1] [O] PEER_REPORT our_seq=442 TX=-38/-1 Q100
2026-09-28T03:50:20.364+03:00 [s2] [O] 
2026-09-28T03:50:20.367+03:00 [s2] [O] TX USER seq=447 frame=172B user=160B attempt=1/5 OK time=278 ms
2026-09-28T03:50:20.380+03:00 [s2] [O] > S7BP160R7-XXXXXXXXXXXXXXXXXXXXXXXXXXXXXXXXXXXXXXXXXXXXXXXXXXXXXXXXXXXXXXXXXXXXXXXXXXXXXXXXXXXXXXXXXXXXXXXXXXXXXXXXXXXXXXXXXXXXXXXXXXXXXXXXXXXXXXXXXXXXXXXXXXXXXX
2026-09-28T03:50:20.382+03:00 [s2] [O] DELIVERY WAIT_ACK user=EBE8/447 attempt=1/5 timeout=747ms queue=0
2026-09-28T03:50:20.400+03:00 [s1] [O] 
2026-09-28T03:50:20.453+03:00 [s1] [O] RX USER session=EBE8 seq=447 frame=172B user=160B RX=-42/3 Q94 disposition=0
2026-09-28T03:50:20.633+03:00 [s2] [O] PEER_REPORT our_seq=447 TX=-42/3 Q94
2026-09-28T03:50:20.638+03:00 [s1] [O] < [-42/3 Q94] S7BP160R7-XXXXXXXXXXXXXXXXXXXXXXXXXXXXXXXXXXXXXXXXXXXXXXXXXXXXXXXXXXXXXXXXXXXXXXXXXXXXXXXXXXXXXXXXXXXXXXXXXXXXXXXXXXXXXXXXXXXXXXXXXXXXXXXXXXXXXXXXXXXXXXXXXXXXXX
2026-09-28T03:50:20.643+03:00 [s2] [O] 
2026-09-28T03:50:20.651+03:00 [s2] [O] RX ACK session=118C seq=443 ack_to=EBE8/447 frame=14B RX=-40/0 Q100
2026-09-28T03:50:20.659+03:00 [s2] [O] DELIVERY ACK user=EBE8/447 attempts=1/5 elapsed=264ms queue=0
2026-09-28T03:50:20.662+03:00 [s2] [I] S7BP160R8-XXXXXXXXXXXXXXXXXXXXXXXXXXXXXXXXXXXXXXXXXXXXXXXXXXXXXXXXXXXXXXXXXXXXXXXXXXXXXXXXXXXXXXXXXXXXXXXXXXXXXXXXXXXXXXXXXXXXXXXXXXXXXXXXXXXXXXXXXXXXXXXXXXXXXX
2026-09-28T03:50:20.672+03:00 [s1] [O] 
2026-09-28T03:50:20.714+03:00 [s1] [O] TX ACK seq=443 ack_to=EBE8/447 frame=14B OK time=48 ms guard=500ms
2026-09-28T03:50:20.727+03:00 [s2] [O] DELIVERY QUEUED source=2 bytes=160 waiting=1/8 in_flight=0
2026-09-28T03:50:20.994+03:00 [s1] [O] PEER_REPORT our_seq=443 TX=-40/0 Q100
2026-09-28T03:50:20.995+03:00 [s2] [O] 
2026-09-28T03:50:20.999+03:00 [s2] [O] TX USER seq=448 frame=172B user=160B attempt=1/5 OK time=278 ms
2026-09-28T03:50:21.002+03:00 [s2] [O] > S7BP160R8-XXXXXXXXXXXXXXXXXXXXXXXXXXXXXXXXXXXXXXXXXXXXXXXXXXXXXXXXXXXXXXXXXXXXXXXXXXXXXXXXXXXXXXXXXXXXXXXXXXXXXXXXXXXXXXXXXXXXXXXXXXXXXXXXXXXXXXXXXXXXXXXXXXXXXX
2026-09-28T03:50:21.005+03:00 [s2] [O] DELIVERY WAIT_ACK user=EBE8/448 attempt=1/5 timeout=747ms queue=0
2026-09-28T03:50:21.029+03:00 [s1] [O] 
2026-09-28T03:50:21.083+03:00 [s1] [O] RX USER session=EBE8 seq=448 frame=172B user=160B RX=-41/6 Q94 disposition=0
2026-09-28T03:50:21.267+03:00 [s2] [O] PEER_REPORT our_seq=448 TX=-41/7 Q94
2026-09-28T03:50:21.271+03:00 [s1] [O] < [-41/6 Q94] S7BP160R8-XXXXXXXXXXXXXXXXXXXXXXXXXXXXXXXXXXXXXXXXXXXXXXXXXXXXXXXXXXXXXXXXXXXXXXXXXXXXXXXXXXXXXXXXXXXXXXXXXXXXXXXXXXXXXXXXXXXXXXXXXXXXXXXXXXXXXXXXXXXXXXXXXXXXXX
2026-09-28T03:50:21.271+03:00 [s2] [O] 
2026-09-28T03:50:21.277+03:00 [s2] [O] RX ACK session=118C seq=444 ack_to=EBE8/448 frame=14B RX=-39/0 Q100
2026-09-28T03:50:21.280+03:00 [s2] [O] DELIVERY ACK user=EBE8/448 attempts=1/5 elapsed=263ms queue=0
2026-09-28T03:50:21.282+03:00 [s2] [I] S7BP160R9-XXXXXXXXXXXXXXXXXXXXXXXXXXXXXXXXXXXXXXXXXXXXXXXXXXXXXXXXXXXXXXXXXXXXXXXXXXXXXXXXXXXXXXXXXXXXXXXXXXXXXXXXXXXXXXXXXXXXXXXXXXXXXXXXXXXXXXXXXXXXXXXXXXXXXX
2026-09-28T03:50:21.299+03:00 [s1] [O] 
2026-09-28T03:50:21.344+03:00 [s1] [O] TX ACK seq=444 ack_to=EBE8/448 frame=14B OK time=48 ms guard=500ms
2026-09-28T03:50:21.359+03:00 [s2] [O] DELIVERY QUEUED source=2 bytes=160 waiting=1/8 in_flight=0
2026-09-28T03:50:21.623+03:00 [s1] [O] PEER_REPORT our_seq=444 TX=-39/0 Q100
2026-09-28T03:50:21.627+03:00 [s2] [O] 
2026-09-28T03:50:21.639+03:00 [s2] [O] TX USER seq=449 frame=172B user=160B attempt=1/5 OK time=280 ms
2026-09-28T03:50:21.647+03:00 [s2] [O] > S7BP160R9-XXXXXXXXXXXXXXXXXXXXXXXXXXXXXXXXXXXXXXXXXXXXXXXXXXXXXXXXXXXXXXXXXXXXXXXXXXXXXXXXXXXXXXXXXXXXXXXXXXXXXXXXXXXXXXXXXXXXXXXXXXXXXXXXXXXXXXXXXXXXXXXXXXXXXX
2026-09-28T03:50:21.650+03:00 [s2] [O] DELIVERY WAIT_ACK user=EBE8/449 attempt=1/5 timeout=747ms queue=0
2026-09-28T03:50:21.669+03:00 [s1] [O] 
2026-09-28T03:50:21.704+03:00 [s1] [O] RX USER session=EBE8 seq=449 frame=172B user=160B RX=-41/2 Q94 disposition=0
2026-09-28T03:50:21.895+03:00 [s1] [O] < [-41/2 Q94] S7BP160R9-XXXXXXXXXXXXXXXXXXXXXXXXXXXXXXXXXXXXXXXXXXXXXXXXXXXXXXXXXXXXXXXXXXXXXXXXXXXXXXXXXXXXXXXXXXXXXXXXXXXXXXXXXXXXXXXXXXXXXXXXXXXXXXXXXXXXXXXXXXXXXXXXXXXXXX
2026-09-28T03:50:21.898+03:00 [s2] [O] PEER_REPORT our_seq=449 TX=-41/2 Q94
2026-09-28T03:50:21.912+03:00 [s2] [O] 
2026-09-28T03:50:21.914+03:00 [s2] [O] RX ACK session=118C seq=445 ack_to=EBE8/449 frame=14B RX=-42/0 Q100
2026-09-28T03:50:21.916+03:00 [s2] [O] DELIVERY ACK user=EBE8/449 attempts=1/5 elapsed=262ms queue=0
2026-09-28T03:50:21.918+03:00 [s2] [I] S7BP160R10-XXXXXXXXXXXXXXXXXXXXXXXXXXXXXXXXXXXXXXXXXXXXXXXXXXXXXXXXXXXXXXXXXXXXXXXXXXXXXXXXXXXXXXXXXXXXXXXXXXXXXXXXXXXXXXXXXXXXXXXXXXXXXXXXXXXXXXXXXXXXXXXXXXXXX
2026-09-28T03:50:21.930+03:00 [s1] [O] 
2026-09-28T03:50:21.984+03:00 [s2] [O] DELIVERY QUEUED source=2 bytes=160 waiting=1/8 in_flight=0
2026-09-28T03:50:22.020+03:00 [s1] [O] TX ACK seq=445 ack_to=EBE8/449 frame=14B OK time=48 ms guard=500ms
2026-09-28T03:50:22.254+03:00 [s1] [O] PEER_REPORT our_seq=445 TX=-42/0 Q100
2026-09-28T03:50:22.254+03:00 [s2] [O] 
2026-09-28T03:50:22.264+03:00 [s2] [O] TX USER seq=450 frame=172B user=160B attempt=1/5 OK time=278 ms
2026-09-28T03:50:22.268+03:00 [s2] [O] > S7BP160R10-XXXXXXXXXXXXXXXXXXXXXXXXXXXXXXXXXXXXXXXXXXXXXXXXXXXXXXXXXXXXXXXXXXXXXXXXXXXXXXXXXXXXXXXXXXXXXXXXXXXXXXXXXXXXXXXXXXXXXXXXXXXXXXXXXXXXXXXXXXXXXXXXXXXXX
2026-09-28T03:50:22.277+03:00 [s2] [O] DELIVERY WAIT_ACK user=EBE8/450 attempt=1/5 timeout=747ms queue=0
2026-09-28T03:50:22.290+03:00 [s1] [O] 
2026-09-28T03:50:22.348+03:00 [s1] [O] RX USER session=EBE8 seq=450 frame=172B user=160B RX=-43/7 Q94 disposition=0
2026-09-28T03:50:22.524+03:00 [s1] [O] < [-43/7 Q94] S7BP160R10-XXXXXXXXXXXXXXXXXXXXXXXXXXXXXXXXXXXXXXXXXXXXXXXXXXXXXXXXXXXXXXXXXXXXXXXXXXXXXXXXXXXXXXXXXXXXXXXXXXXXXXXXXXXXXXXXXXXXXXXXXXXXXXXXXXXXXXXXXXXXXXXXXXXXX
2026-09-28T03:50:22.525+03:00 [s2] [O] PEER_REPORT our_seq=450 TX=-43/7 Q94
2026-09-28T03:50:22.529+03:00 [s2] [O] 
2026-09-28T03:50:22.532+03:00 [s2] [O] RX ACK session=118C seq=446 ack_to=EBE8/450 frame=14B RX=-40/0 Q100
2026-09-28T03:50:22.534+03:00 [s2] [O] DELIVERY ACK user=EBE8/450 attempts=1/5 elapsed=264ms queue=0
2026-09-28T03:50:22.537+03:00 [s1] [I] S7AP180R1-XXXXXXXXXXXXXXXXXXXXXXXXXXXXXXXXXXXXXXXXXXXXXXXXXXXXXXXXXXXXXXXXXXXXXXXXXXXXXXXXXXXXXXXXXXXXXXXXXXXXXXXXXXXXXXXXXXXXXXXXXXXXXXXXXXXXXXXXXXXXXXXXXXXXXXXXXXXXXXXXXXXXXXXXXX
2026-09-28T03:50:22.561+03:00 [s1] [O] 
2026-09-28T03:50:22.614+03:00 [s1] [O] TX ACK seq=446 ack_to=EBE8/450 frame=14B OK time=48 ms guard=500ms
2026-09-28T03:50:22.739+03:00 [s1] [O] DELIVERY QUEUED source=2 bytes=180 waiting=1/8 in_flight=0
2026-09-28T03:50:22.919+03:00 [s1] [O] 
2026-09-28T03:50:22.927+03:00 [s2] [O] PEER_REPORT our_seq=450 TX=-43/7 Q94
2026-09-28T03:50:22.941+03:00 [s2] [O] 
2026-09-28T03:50:22.945+03:00 [s2] [O] RX USER session=118C seq=447 frame=192B user=180B RX=-41/1 Q100 disposition=0
2026-09-28T03:50:22.954+03:00 [s2] [O] < [-41/1 Q100] S7AP180R1-XXXXXXXXXXXXXXXXXXXXXXXXXXXXXXXXXXXXXXXXXXXXXXXXXXXXXXXXXXXXXXXXXXXXXXXXXXXXXXXXXXXXXXXXXXXXXXXXXXXXXXXXXXXXXXXXXXXXXXXXXXXXXXXXXXXXXXXXXXXXXXXXXXXXXXXXXXXXXXXXXXXXXXXXXX
2026-09-28T03:50:22.965+03:00 [s1] [O] TX USER seq=447 frame=192B user=180B attempt=1/5 OK time=310 ms
2026-09-28T03:50:23.145+03:00 [s1] [O] > S7AP180R1-XXXXXXXXXXXXXXXXXXXXXXXXXXXXXXXXXXXXXXXXXXXXXXXXXXXXXXXXXXXXXXXXXXXXXXXXXXXXXXXXXXXXXXXXXXXXXXXXXXXXXXXXXXXXXXXXXXXXXXXXXXXXXXXXXXXXXXXXXXXXXXXXXXXXXXXXXXXXXXXXXXXXXXXXXX
2026-09-28T03:50:23.152+03:00 [s2] [O] 
2026-09-28T03:50:23.156+03:00 [s2] [O] TX ACK seq=451 ack_to=118C/447 frame=14B OK time=48 ms guard=500ms
2026-09-28T03:50:23.189+03:00 [s1] [O] DELIVERY WAIT_ACK user=118C/447 attempt=1/5 timeout=747ms queue=0
2026-09-28T03:50:23.246+03:00 [s1] [O] PEER_REPORT our_seq=447 TX=-41/1 Q100
2026-09-28T03:50:23.280+03:00 [s1] [O] 
2026-09-28T03:50:23.342+03:00 [s1] [O] RX ACK session=EBE8 seq=451 ack_to=118C/447 frame=14B RX=-43/3 Q94
2026-09-28T03:50:23.459+03:00 [s1] [O] DELIVERY ACK user=118C/447 attempts=1/5 elapsed=262ms queue=0
2026-09-28T03:50:23.468+03:00 [s1] [I] S7AP180R2-XXXXXXXXXXXXXXXXXXXXXXXXXXXXXXXXXXXXXXXXXXXXXXXXXXXXXXXXXXXXXXXXXXXXXXXXXXXXXXXXXXXXXXXXXXXXXXXXXXXXXXXXXXXXXXXXXXXXXXXXXXXXXXXXXXXXXXXXXXXXXXXXXXXXXXXXXXXXXXXXXXXXXXXXXX
2026-09-28T03:50:23.559+03:00 [s1] [O] DELIVERY QUEUED source=2 bytes=180 waiting=1/8 in_flight=0
2026-09-28T03:50:23.864+03:00 [s1] [O] 
2026-09-28T03:50:23.884+03:00 [s2] [O] PEER_REPORT our_seq=451 TX=-43/3 Q97
2026-09-28T03:50:23.894+03:00 [s2] [O] 
2026-09-28T03:50:23.896+03:00 [s2] [O] RX USER session=118C seq=448 frame=192B user=180B RX=-39/1 Q100 disposition=0
2026-09-28T03:50:23.898+03:00 [s2] [O] < [-39/1 Q100] S7AP180R2-XXXXXXXXXXXXXXXXXXXXXXXXXXXXXXXXXXXXXXXXXXXXXXXXXXXXXXXXXXXXXXXXXXXXXXXXXXXXXXXXXXXXXXXXXXXXXXXXXXXXXXXXXXXXXXXXXXXXXXXXXXXXXXXXXXXXXXXXXXXXXXXXXXXXXXXXXXXXXXXXXXXXXXXXXX
2026-09-28T03:50:23.957+03:00 [s1] [O] TX USER seq=448 frame=192B user=180B attempt=1/5 OK time=309 ms
2026-09-28T03:50:24.099+03:00 [s2] [O] 
2026-09-28T03:50:24.101+03:00 [s2] [O] TX ACK seq=452 ack_to=118C/448 frame=14B OK time=48 ms guard=500ms
2026-09-28T03:50:24.145+03:00 [s1] [O] > S7AP180R2-XXXXXXXXXXXXXXXXXXXXXXXXXXXXXXXXXXXXXXXXXXXXXXXXXXXXXXXXXXXXXXXXXXXXXXXXXXXXXXXXXXXXXXXXXXXXXXXXXXXXXXXXXXXXXXXXXXXXXXXXXXXXXXXXXXXXXXXXXXXXXXXXXXXXXXXXXXXXXXXXXXXXXXXXXX
2026-09-28T03:50:24.185+03:00 [s1] [O] DELIVERY WAIT_ACK user=118C/448 attempt=1/5 timeout=747ms queue=0
2026-09-28T03:50:24.276+03:00 [s1] [O] PEER_REPORT our_seq=448 TX=-39/1 Q100
2026-09-28T03:50:24.316+03:00 [s1] [O] 
2026-09-28T03:50:24.366+03:00 [s1] [O] RX ACK session=EBE8 seq=452 ack_to=118C/448 frame=14B RX=-39/7 Q97
2026-09-28T03:50:24.494+03:00 [s1] [O] DELIVERY ACK user=118C/448 attempts=1/5 elapsed=258ms queue=0
2026-09-28T03:50:24.502+03:00 [s1] [I] S7AP180R3-XXXXXXXXXXXXXXXXXXXXXXXXXXXXXXXXXXXXXXXXXXXXXXXXXXXXXXXXXXXXXXXXXXXXXXXXXXXXXXXXXXXXXXXXXXXXXXXXXXXXXXXXXXXXXXXXXXXXXXXXXXXXXXXXXXXXXXXXXXXXXXXXXXXXXXXXXXXXXXXXXXXXXXXXXX
2026-09-28T03:50:24.592+03:00 [s1] [O] DELIVERY QUEUED source=2 bytes=180 waiting=1/8 in_flight=0
2026-09-28T03:50:24.899+03:00 [s1] [O] 
2026-09-28T03:50:24.909+03:00 [s2] [O] PEER_REPORT our_seq=452 TX=-39/7 Q100
2026-09-28T03:50:24.916+03:00 [s2] [O] 
2026-09-28T03:50:24.920+03:00 [s2] [O] RX USER session=118C seq=449 frame=192B user=180B RX=-42/1 Q100 disposition=0
2026-09-28T03:50:24.924+03:00 [s2] [O] < [-42/1 Q100] S7AP180R3-XXXXXXXXXXXXXXXXXXXXXXXXXXXXXXXXXXXXXXXXXXXXXXXXXXXXXXXXXXXXXXXXXXXXXXXXXXXXXXXXXXXXXXXXXXXXXXXXXXXXXXXXXXXXXXXXXXXXXXXXXXXXXXXXXXXXXXXXXXXXXXXXXXXXXXXXXXXXXXXXXXXXXXXXXX
2026-09-28T03:50:24.990+03:00 [s1] [O] TX USER seq=449 frame=192B user=180B attempt=1/5 OK time=309 ms
2026-09-28T03:50:25.134+03:00 [s2] [O] 
2026-09-28T03:50:25.137+03:00 [s2] [O] TX ACK seq=453 ack_to=118C/449 frame=14B OK time=48 ms guard=500ms
2026-09-28T03:50:25.169+03:00 [s1] [O] > S7AP180R3-XXXXXXXXXXXXXXXXXXXXXXXXXXXXXXXXXXXXXXXXXXXXXXXXXXXXXXXXXXXXXXXXXXXXXXXXXXXXXXXXXXXXXXXXXXXXXXXXXXXXXXXXXXXXXXXXXXXXXXXXXXXXXXXXXXXXXXXXXXXXXXXXXXXXXXXXXXXXXXXXXXXXXXXXXX
2026-09-28T03:50:25.220+03:00 [s1] [O] DELIVERY WAIT_ACK user=118C/449 attempt=1/5 timeout=747ms queue=0
2026-09-28T03:50:25.267+03:00 [s1] [O] PEER_REPORT our_seq=449 TX=-42/1 Q100
2026-09-28T03:50:25.308+03:00 [s1] [O] 
2026-09-28T03:50:25.353+03:00 [s1] [O] RX ACK session=EBE8 seq=453 ack_to=118C/449 frame=14B RX=-46/6 Q100
2026-09-28T03:50:25.491+03:00 [s1] [O] DELIVERY ACK user=118C/449 attempts=1/5 elapsed=258ms queue=0
2026-09-28T03:50:25.495+03:00 [s1] [I] S7AP180R4-XXXXXXXXXXXXXXXXXXXXXXXXXXXXXXXXXXXXXXXXXXXXXXXXXXXXXXXXXXXXXXXXXXXXXXXXXXXXXXXXXXXXXXXXXXXXXXXXXXXXXXXXXXXXXXXXXXXXXXXXXXXXXXXXXXXXXXXXXXXXXXXXXXXXXXXXXXXXXXXXXXXXXXXXXX
2026-09-28T03:50:25.577+03:00 [s1] [O] DELIVERY QUEUED source=2 bytes=180 waiting=1/8 in_flight=0
2026-09-28T03:50:25.889+03:00 [s1] [O] 
2026-09-28T03:50:25.901+03:00 [s2] [O] PEER_REPORT our_seq=453 TX=-46/7 Q100
2026-09-28T03:50:25.901+03:00 [s2] [O] 
2026-09-28T03:50:25.905+03:00 [s2] [O] RX USER session=118C seq=450 frame=192B user=180B RX=-51/10 Q100 disposition=0
2026-09-28T03:50:25.912+03:00 [s2] [O] < [-51/10 Q100] S7AP180R4-XXXXXXXXXXXXXXXXXXXXXXXXXXXXXXXXXXXXXXXXXXXXXXXXXXXXXXXXXXXXXXXXXXXXXXXXXXXXXXXXXXXXXXXXXXXXXXXXXXXXXXXXXXXXXXXXXXXXXXXXXXXXXXXXXXXXXXXXXXXXXXXXXXXXXXXXXXXXXXXXXXXXXXXXXX
2026-09-28T03:50:25.934+03:00 [s1] [O] TX USER seq=450 frame=192B user=180B attempt=1/5 OK time=309 ms
2026-09-28T03:50:26.122+03:00 [s1] [O] > S7AP180R4-XXXXXXXXXXXXXXXXXXXXXXXXXXXXXXXXXXXXXXXXXXXXXXXXXXXXXXXXXXXXXXXXXXXXXXXXXXXXXXXXXXXXXXXXXXXXXXXXXXXXXXXXXXXXXXXXXXXXXXXXXXXXXXXXXXXXXXXXXXXXXXXXXXXXXXXXXXXXXXXXXXXXXXXXXX
2026-09-28T03:50:26.167+03:00 [s1] [O] DELIVERY WAIT_ACK user=118C/450 attempt=1/5 timeout=747ms queue=0
2026-09-28T03:50:26.167+03:00 [s2] [O] 
2026-09-28T03:50:26.172+03:00 [s2] [O] TX ACK seq=454 ack_to=118C/450 frame=14B OK time=48 ms guard=500ms
2026-09-28T03:50:26.257+03:00 [s1] [O] PEER_REPORT our_seq=450 TX=-51/10 Q100
2026-09-28T03:50:26.300+03:00 [s1] [O] 
2026-09-28T03:50:26.339+03:00 [s1] [O] RX ACK session=EBE8 seq=454 ack_to=118C/450 frame=14B RX=-51/10 Q100
2026-09-28T03:50:26.475+03:00 [s1] [O] DELIVERY ACK user=118C/450 attempts=1/5 elapsed=261ms queue=0
2026-09-28T03:50:26.482+03:00 [s1] [I] S7AP180R5-XXXXXXXXXXXXXXXXXXXXXXXXXXXXXXXXXXXXXXXXXXXXXXXXXXXXXXXXXXXXXXXXXXXXXXXXXXXXXXXXXXXXXXXXXXXXXXXXXXXXXXXXXXXXXXXXXXXXXXXXXXXXXXXXXXXXXXXXXXXXXXXXXXXXXXXXXXXXXXXXXXXXXXXXXX
2026-09-28T03:50:26.568+03:00 [s1] [O] DELIVERY QUEUED source=2 bytes=180 waiting=1/8 in_flight=0
2026-09-28T03:50:26.881+03:00 [s1] [O] 
2026-09-28T03:50:26.894+03:00 [s2] [O] PEER_REPORT our_seq=454 TX=-51/10 Q100
2026-09-28T03:50:26.897+03:00 [s2] [O] 
2026-09-28T03:50:26.900+03:00 [s2] [O] RX USER session=118C seq=451 frame=192B user=180B RX=-46/10 Q100 disposition=0
2026-09-28T03:50:26.923+03:00 [s1] [O] TX USER seq=451 frame=192B user=180B attempt=1/5 OK time=309 ms
2026-09-28T03:50:26.936+03:00 [s2] [O] < [-46/10 Q100] S7AP180R5-XXXXXXXXXXXXXXXXXXXXXXXXXXXXXXXXXXXXXXXXXXXXXXXXXXXXXXXXXXXXXXXXXXXXXXXXXXXXXXXXXXXXXXXXXXXXXXXXXXXXXXXXXXXXXXXXXXXXXXXXXXXXXXXXXXXXXXXXXXXXXXXXXXXXXXXXXXXXXXXXXXXXXXXXXX
2026-09-28T03:50:27.107+03:00 [s1] [O] > S7AP180R5-XXXXXXXXXXXXXXXXXXXXXXXXXXXXXXXXXXXXXXXXXXXXXXXXXXXXXXXXXXXXXXXXXXXXXXXXXXXXXXXXXXXXXXXXXXXXXXXXXXXXXXXXXXXXXXXXXXXXXXXXXXXXXXXXXXXXXXXXXXXXXXXXXXXXXXXXXXXXXXXXXXXXXXXXXX
2026-09-28T03:50:27.117+03:00 [s2] [O] 
2026-09-28T03:50:27.118+03:00 [s2] [O] TX ACK seq=455 ack_to=118C/451 frame=14B OK time=48 ms guard=500ms
2026-09-28T03:50:27.150+03:00 [s1] [O] DELIVERY WAIT_ACK user=118C/451 attempt=1/5 timeout=747ms queue=0
2026-09-28T03:50:27.201+03:00 [s1] [O] PEER_REPORT our_seq=451 TX=-46/10 Q100
2026-09-28T03:50:27.242+03:00 [s1] [O] 
2026-09-28T03:50:27.295+03:00 [s1] [O] RX ACK session=EBE8 seq=455 ack_to=118C/451 frame=14B RX=-49/10 Q100
2026-09-28T03:50:27.419+03:00 [s1] [O] DELIVERY ACK user=118C/451 attempts=1/5 elapsed=262ms queue=0
2026-09-28T03:50:27.421+03:00 [s1] [I] S7AP180R6-XXXXXXXXXXXXXXXXXXXXXXXXXXXXXXXXXXXXXXXXXXXXXXXXXXXXXXXXXXXXXXXXXXXXXXXXXXXXXXXXXXXXXXXXXXXXXXXXXXXXXXXXXXXXXXXXXXXXXXXXXXXXXXXXXXXXXXXXXXXXXXXXXXXXXXXXXXXXXXXXXXXXXXXXXX
2026-09-28T03:50:27.516+03:00 [s1] [O] DELIVERY QUEUED source=2 bytes=180 waiting=1/8 in_flight=0
2026-09-28T03:50:27.830+03:00 [s2] [O] PEER_REPORT our_seq=455 TX=-49/10 Q100
2026-09-28T03:50:27.843+03:00 [s2] [O] 
2026-09-28T03:50:27.847+03:00 [s2] [O] RX USER session=118C seq=452 frame=192B user=180B RX=-45/10 Q100 disposition=0
2026-09-28T03:50:27.848+03:00 [s2] [O] < [-45/10 Q100] S7AP180R6-XXXXXXXXXXXXXXXXXXXXXXXXXXXXXXXXXXXXXXXXXXXXXXXXXXXXXXXXXXXXXXXXXXXXXXXXXXXXXXXXXXXXXXXXXXXXXXXXXXXXXXXXXXXXXXXXXXXXXXXXXXXXXXXXXXXXXXXXXXXXXXXXXXXXXXXXXXXXXXXXXXXXXXXXXX
2026-09-28T03:50:27.871+03:00 [s1] [O] 
2026-09-28T03:50:27.959+03:00 [s1] [O] TX USER seq=452 frame=192B user=180B attempt=1/5 OK time=309 ms
2026-09-28T03:50:28.058+03:00 [s2] [O] 
2026-09-28T03:50:28.058+03:00 [s2] [O] TX ACK seq=456 ack_to=118C/452 frame=14B OK time=48 ms guard=500ms
2026-09-28T03:50:28.141+03:00 [s1] [O] > S7AP180R6-XXXXXXXXXXXXXXXXXXXXXXXXXXXXXXXXXXXXXXXXXXXXXXXXXXXXXXXXXXXXXXXXXXXXXXXXXXXXXXXXXXXXXXXXXXXXXXXXXXXXXXXXXXXXXXXXXXXXXXXXXXXXXXXXXXXXXXXXXXXXXXXXXXXXXXXXXXXXXXXXXXXXXXXXXX
2026-09-28T03:50:28.185+03:00 [s1] [O] DELIVERY WAIT_ACK user=118C/452 attempt=1/5 timeout=747ms queue=0
2026-09-28T03:50:28.281+03:00 [s1] [O] PEER_REPORT our_seq=452 TX=-45/10 Q100
2026-09-28T03:50:28.324+03:00 [s1] [O] 
2026-09-28T03:50:28.364+03:00 [s1] [O] RX ACK session=EBE8 seq=456 ack_to=118C/452 frame=14B RX=-41/6 Q100
2026-09-28T03:50:28.511+03:00 [s1] [O] DELIVERY ACK user=118C/452 attempts=1/5 elapsed=257ms queue=0
2026-09-28T03:50:28.512+03:00 [s1] [I] S7AP180R7-XXXXXXXXXXXXXXXXXXXXXXXXXXXXXXXXXXXXXXXXXXXXXXXXXXXXXXXXXXXXXXXXXXXXXXXXXXXXXXXXXXXXXXXXXXXXXXXXXXXXXXXXXXXXXXXXXXXXXXXXXXXXXXXXXXXXXXXXXXXXXXXXXXXXXXXXXXXXXXXXXXXXXXXXXX
2026-09-28T03:50:28.635+03:00 [s1] [O] DELIVERY QUEUED source=2 bytes=180 waiting=1/8 in_flight=0
2026-09-28T03:50:28.906+03:00 [s1] [O] 
2026-09-28T03:50:28.915+03:00 [s2] [O] PEER_REPORT our_seq=456 TX=-41/6 Q100
2026-09-28T03:50:28.926+03:00 [s2] [O] 
2026-09-28T03:50:28.928+03:00 [s2] [O] RX USER session=118C seq=453 frame=192B user=180B RX=-45/7 Q100 disposition=0
2026-09-28T03:50:28.930+03:00 [s2] [O] < [-45/7 Q100] S7AP180R7-XXXXXXXXXXXXXXXXXXXXXXXXXXXXXXXXXXXXXXXXXXXXXXXXXXXXXXXXXXXXXXXXXXXXXXXXXXXXXXXXXXXXXXXXXXXXXXXXXXXXXXXXXXXXXXXXXXXXXXXXXXXXXXXXXXXXXXXXXXXXXXXXXXXXXXXXXXXXXXXXXXXXXXXXXX
2026-09-28T03:50:28.949+03:00 [s1] [O] TX USER seq=453 frame=192B user=180B attempt=1/5 OK time=309 ms
2026-09-28T03:50:29.129+03:00 [s1] [O] > S7AP180R7-XXXXXXXXXXXXXXXXXXXXXXXXXXXXXXXXXXXXXXXXXXXXXXXXXXXXXXXXXXXXXXXXXXXXXXXXXXXXXXXXXXXXXXXXXXXXXXXXXXXXXXXXXXXXXXXXXXXXXXXXXXXXXXXXXXXXXXXXXXXXXXXXXXXXXXXXXXXXXXXXXXXXXXXXXX
2026-09-28T03:50:29.142+03:00 [s2] [O] 
2026-09-28T03:50:29.143+03:00 [s2] [O] TX ACK seq=457 ack_to=118C/453 frame=14B OK time=48 ms guard=500ms
2026-09-28T03:50:29.175+03:00 [s1] [O] DELIVERY WAIT_ACK user=118C/453 attempt=1/5 timeout=747ms queue=0
2026-09-28T03:50:29.186+03:00 [s2] [O] 
2026-09-28T03:50:29.201+03:00 [s2] [O] SESSION t=3840s TX ok=462 user=189 echo_req=0 echo_rep=0 hb=70(idle=0) err=0 started=462 RX ok=458 user=203 echo_req=0 echo_rep=0 hb=70 crc=5 hdr=5 bad=1 readerr=0 reports=457 Q=100% drops=0 fatal=0
2026-09-28T03:50:29.203+03:00 [s2] [O] SESSION COURTESY window=5000ms peer_release=0 expired=0 yielding=0
2026-09-28T03:50:29.224+03:00 [s2] [O] SESSION DIO0_TX affected=0/462 episodes=0 avg_all=0.00 avg_affected=0.00 high_polls=0
2026-09-28T03:50:29.248+03:00 [s1] [O] PEER_REPORT our_seq=453 TX=-45/7 Q100
2026-09-28T03:50:29.249+03:00 [s2] [O] SESSION RX_POLL polls=3611731 rxdone=469 interval=1000us DIO0_RX false_high_ep=0 high_polls=0 rxdone_low=1 isr=disabled
2026-09-28T03:50:29.267+03:00 [s1] [O] 
2026-09-28T03:50:29.315+03:00 [s1] [O] RX ACK session=EBE8 seq=457 ack_to=118C/453 frame=14B RX=-40/6 Q100
2026-09-28T03:50:29.448+03:00 [s1] [O] DELIVERY ACK user=118C/453 attempts=1/5 elapsed=262ms queue=0
2026-09-28T03:50:29.454+03:00 [s1] [I] S7AP180R8-XXXXXXXXXXXXXXXXXXXXXXXXXXXXXXXXXXXXXXXXXXXXXXXXXXXXXXXXXXXXXXXXXXXXXXXXXXXXXXXXXXXXXXXXXXXXXXXXXXXXXXXXXXXXXXXXXXXXXXXXXXXXXXXXXXXXXXXXXXXXXXXXXXXXXXXXXXXXXXXXXXXXXXXXXX
2026-09-28T03:50:29.543+03:00 [s1] [O] DELIVERY QUEUED source=2 bytes=180 waiting=1/8 in_flight=0
2026-09-28T03:50:29.849+03:00 [s1] [O] 
2026-09-28T03:50:29.865+03:00 [s2] [O] PEER_REPORT our_seq=457 TX=-40/7 Q100
2026-09-28T03:50:29.867+03:00 [s2] [O] 
2026-09-28T03:50:29.871+03:00 [s2] [O] RX USER session=118C seq=454 frame=192B user=180B RX=-48/10 Q100 disposition=0
2026-09-28T03:50:29.894+03:00 [s1] [O] TX USER seq=454 frame=192B user=180B attempt=1/5 OK time=309 ms
2026-09-28T03:50:29.914+03:00 [s2] [O] < [-48/10 Q100] S7AP180R8-XXXXXXXXXXXXXXXXXXXXXXXXXXXXXXXXXXXXXXXXXXXXXXXXXXXXXXXXXXXXXXXXXXXXXXXXXXXXXXXXXXXXXXXXXXXXXXXXXXXXXXXXXXXXXXXXXXXXXXXXXXXXXXXXXXXXXXXXXXXXXXXXXXXXXXXXXXXXXXXXXXXXXXXXXX
2026-09-28T03:50:30.076+03:00 [s1] [O] > S7AP180R8-XXXXXXXXXXXXXXXXXXXXXXXXXXXXXXXXXXXXXXXXXXXXXXXXXXXXXXXXXXXXXXXXXXXXXXXXXXXXXXXXXXXXXXXXXXXXXXXXXXXXXXXXXXXXXXXXXXXXXXXXXXXXXXXXXXXXXXXXXXXXXXXXXXXXXXXXXXXXXXXXXXXXXXXXXX
2026-09-28T03:50:30.126+03:00 [s2] [O] 
2026-09-28T03:50:30.126+03:00 [s1] [O] DELIVERY WAIT_ACK user=118C/454 attempt=1/5 timeout=747ms queue=0
2026-09-28T03:50:30.126+03:00 [s2] [O] TX ACK seq=458 ack_to=118C/454 frame=14B OK time=48 ms guard=500ms
2026-09-28T03:50:30.219+03:00 [s1] [O] PEER_REPORT our_seq=454 TX=-48/10 Q100
2026-09-28T03:50:30.257+03:00 [s1] [O] 
2026-09-28T03:50:30.309+03:00 [s1] [O] RX ACK session=EBE8 seq=458 ack_to=118C/454 frame=14B RX=-44/10 Q100
2026-09-28T03:50:30.434+03:00 [s1] [O] DELIVERY ACK user=118C/454 attempts=1/5 elapsed=262ms queue=0
2026-09-28T03:50:30.445+03:00 [s1] [I] S7AP180R9-XXXXXXXXXXXXXXXXXXXXXXXXXXXXXXXXXXXXXXXXXXXXXXXXXXXXXXXXXXXXXXXXXXXXXXXXXXXXXXXXXXXXXXXXXXXXXXXXXXXXXXXXXXXXXXXXXXXXXXXXXXXXXXXXXXXXXXXXXXXXXXXXXXXXXXXXXXXXXXXXXXXXXXXXXX
2026-09-28T03:50:30.536+03:00 [s1] [O] DELIVERY QUEUED source=2 bytes=180 waiting=1/8 in_flight=0
2026-09-28T03:50:30.840+03:00 [s1] [O] 
2026-09-28T03:50:30.861+03:00 [s2] [O] PEER_REPORT our_seq=458 TX=-44/10 Q100
2026-09-28T03:50:30.861+03:00 [s2] [O] 
2026-09-28T03:50:30.863+03:00 [s2] [O] RX USER session=118C seq=455 frame=192B user=180B RX=-39/0 Q100 disposition=0
2026-09-28T03:50:30.865+03:00 [s2] [O] < [-39/0 Q100] S7AP180R9-XXXXXXXXXXXXXXXXXXXXXXXXXXXXXXXXXXXXXXXXXXXXXXXXXXXXXXXXXXXXXXXXXXXXXXXXXXXXXXXXXXXXXXXXXXXXXXXXXXXXXXXXXXXXXXXXXXXXXXXXXXXXXXXXXXXXXXXXXXXXXXXXXXXXXXXXXXXXXXXXXXXXXXXXXX
2026-09-28T03:50:30.885+03:00 [s1] [O] TX USER seq=455 frame=192B user=180B attempt=1/5 OK time=309 ms
2026-09-28T03:50:31.065+03:00 [s1] [O] > S7AP180R9-XXXXXXXXXXXXXXXXXXXXXXXXXXXXXXXXXXXXXXXXXXXXXXXXXXXXXXXXXXXXXXXXXXXXXXXXXXXXXXXXXXXXXXXXXXXXXXXXXXXXXXXXXXXXXXXXXXXXXXXXXXXXXXXXXXXXXXXXXXXXXXXXXXXXXXXXXXXXXXXXXXXXXXXXXX
2026-09-28T03:50:31.079+03:00 [s2] [O] 
2026-09-28T03:50:31.081+03:00 [s2] [O] TX ACK seq=459 ack_to=118C/455 frame=14B OK time=48 ms guard=500ms
2026-09-28T03:50:31.110+03:00 [s1] [O] DELIVERY WAIT_ACK user=118C/455 attempt=1/5 timeout=747ms queue=0
2026-09-28T03:50:31.158+03:00 [s1] [O] PEER_REPORT our_seq=455 TX=-39/1 Q100
2026-09-28T03:50:31.210+03:00 [s1] [O] 
2026-09-28T03:50:31.250+03:00 [s1] [O] RX ACK session=EBE8 seq=459 ack_to=118C/455 frame=14B RX=-45/6 Q100
2026-09-28T03:50:31.379+03:00 [s1] [O] DELIVERY ACK user=118C/455 attempts=1/5 elapsed=261ms queue=0
2026-09-28T03:50:31.386+03:00 [s1] [I] S7AP180R10-XXXXXXXXXXXXXXXXXXXXXXXXXXXXXXXXXXXXXXXXXXXXXXXXXXXXXXXXXXXXXXXXXXXXXXXXXXXXXXXXXXXXXXXXXXXXXXXXXXXXXXXXXXXXXXXXXXXXXXXXXXXXXXXXXXXXXXXXXXXXXXXXXXXXXXXXXXXXXXXXXXXXXXXXX
2026-09-28T03:50:31.476+03:00 [s1] [O] DELIVERY QUEUED source=2 bytes=180 waiting=1/8 in_flight=0
2026-09-28T03:50:31.784+03:00 [s1] [O] 
2026-09-28T03:50:31.795+03:00 [s2] [O] PEER_REPORT our_seq=459 TX=-45/6 Q100
2026-09-28T03:50:31.798+03:00 [s2] [O] 
2026-09-28T03:50:31.807+03:00 [s2] [O] RX USER session=118C seq=456 frame=192B user=180B RX=-43/5 Q100 disposition=0
2026-09-28T03:50:31.810+03:00 [s2] [O] < [-43/5 Q100] S7AP180R10-XXXXXXXXXXXXXXXXXXXXXXXXXXXXXXXXXXXXXXXXXXXXXXXXXXXXXXXXXXXXXXXXXXXXXXXXXXXXXXXXXXXXXXXXXXXXXXXXXXXXXXXXXXXXXXXXXXXXXXXXXXXXXXXXXXXXXXXXXXXXXXXXXXXXXXXXXXXXXXXXXXXXXXXXX
2026-09-28T03:50:31.829+03:00 [s1] [O] TX USER seq=456 frame=192B user=180B attempt=1/5 OK time=309 ms
2026-09-28T03:50:32.016+03:00 [s2] [O] 
2026-09-28T03:50:32.017+03:00 [s2] [O] TX ACK seq=460 ack_to=118C/456 frame=14B OK time=48 ms guard=500ms
2026-09-28T03:50:32.054+03:00 [s1] [O] > S7AP180R10-XXXXXXXXXXXXXXXXXXXXXXXXXXXXXXXXXXXXXXXXXXXXXXXXXXXXXXXXXXXXXXXXXXXXXXXXXXXXXXXXXXXXXXXXXXXXXXXXXXXXXXXXXXXXXXXXXXXXXXXXXXXXXXXXXXXXXXXXXXXXXXXXXXXXXXXXXXXXXXXXXXXXXXXXX
2026-09-28T03:50:32.099+03:00 [s1] [O] DELIVERY WAIT_ACK user=118C/456 attempt=1/5 timeout=747ms queue=0
2026-09-28T03:50:32.156+03:00 [s1] [O] PEER_REPORT our_seq=456 TX=-43/5 Q100
2026-09-28T03:50:32.235+03:00 [s1] [O] 
2026-09-28T03:50:32.280+03:00 [s1] [O] RX ACK session=EBE8 seq=460 ack_to=118C/456 frame=14B RX=-42/2 Q100
2026-09-28T03:50:32.372+03:00 [s1] [O] DELIVERY ACK user=118C/456 attempts=1/5 elapsed=262ms queue=0
2026-09-28T03:50:32.381+03:00 [s2] [I] S7BP180R1-XXXXXXXXXXXXXXXXXXXXXXXXXXXXXXXXXXXXXXXXXXXXXXXXXXXXXXXXXXXXXXXXXXXXXXXXXXXXXXXXXXXXXXXXXXXXXXXXXXXXXXXXXXXXXXXXXXXXXXXXXXXXXXXXXXXXXXXXXXXXXXXXXXXXXXXXXXXXXXXXXXXXXXXXXX
2026-09-28T03:50:32.517+03:00 [s2] [O] DELIVERY QUEUED source=2 bytes=180 waiting=1/8 in_flight=0
2026-09-28T03:50:32.823+03:00 [s1] [O] PEER_REPORT our_seq=456 TX=-43/5 Q100
2026-09-28T03:50:32.834+03:00 [s2] [O] 
2026-09-28T03:50:32.835+03:00 [s2] [O] TX USER seq=461 frame=192B user=180B attempt=1/5 OK time=309 ms
2026-09-28T03:50:32.880+03:00 [s1] [O] 
2026-09-28T03:50:32.883+03:00 [s2] [O] > S7BP180R1-XXXXXXXXXXXXXXXXXXXXXXXXXXXXXXXXXXXXXXXXXXXXXXXXXXXXXXXXXXXXXXXXXXXXXXXXXXXXXXXXXXXXXXXXXXXXXXXXXXXXXXXXXXXXXXXXXXXXXXXXXXXXXXXXXXXXXXXXXXXXXXXXXXXXXXXXXXXXXXXXXXXXXXXXXX
2026-09-28T03:50:32.888+03:00 [s2] [O] DELIVERY WAIT_ACK user=EBE8/461 attempt=1/5 timeout=747ms queue=0
2026-09-28T03:50:32.910+03:00 [s1] [O] RX USER session=EBE8 seq=461 frame=192B user=180B RX=-42/0 Q100 disposition=0
2026-09-28T03:50:33.055+03:00 [s2] [O] PEER_REPORT our_seq=461 TX=-42/0 Q100
2026-09-28T03:50:33.065+03:00 [s2] [O] 
2026-09-28T03:50:33.068+03:00 [s2] [O] RX ACK session=118C seq=457 ack_to=EBE8/461 frame=14B RX=-41/6 Q100
2026-09-28T03:50:33.074+03:00 [s2] [O] DELIVERY ACK user=EBE8/461 attempts=1/5 elapsed=262ms queue=0
2026-09-28T03:50:33.076+03:00 [s2] [I] S7BP180R2-XXXXXXXXXXXXXXXXXXXXXXXXXXXXXXXXXXXXXXXXXXXXXXXXXXXXXXXXXXXXXXXXXXXXXXXXXXXXXXXXXXXXXXXXXXXXXXXXXXXXXXXXXXXXXXXXXXXXXXXXXXXXXXXXXXXXXXXXXXXXXXXXXXXXXXXXXXXXXXXXXXXXXXXXXX
2026-09-28T03:50:33.134+03:00 [s1] [O] < [-42/0 Q100] S7BP180R1-XXXXXXXXXXXXXXXXXXXXXXXXXXXXXXXXXXXXXXXXXXXXXXXXXXXXXXXXXXXXXXXXXXXXXXXXXXXXXXXXXXXXXXXXXXXXXXXXXXXXXXXXXXXXXXXXXXXXXXXXXXXXXXXXXXXXXXXXXXXXXXXXXXXXXXXXXXXXXXXXXXXXXXXXXX
2026-09-28T03:50:33.136+03:00 [s1] [O] 
2026-09-28T03:50:33.151+03:00 [s2] [O] DELIVERY QUEUED source=2 bytes=180 waiting=1/8 in_flight=0
2026-09-28T03:50:33.180+03:00 [s1] [O] TX ACK seq=457 ack_to=EBE8/461 frame=14B OK time=48 ms guard=500ms
2026-09-28T03:50:33.454+03:00 [s1] [O] PEER_REPORT our_seq=457 TX=-41/6 Q100
2026-09-28T03:50:33.456+03:00 [s2] [O] 
2026-09-28T03:50:33.464+03:00 [s2] [O] TX USER seq=462 frame=192B user=180B attempt=1/5 OK time=309 ms
2026-09-28T03:50:33.474+03:00 [s2] [O] > S7BP180R2-XXXXXXXXXXXXXXXXXXXXXXXXXXXXXXXXXXXXXXXXXXXXXXXXXXXXXXXXXXXXXXXXXXXXXXXXXXXXXXXXXXXXXXXXXXXXXXXXXXXXXXXXXXXXXXXXXXXXXXXXXXXXXXXXXXXXXXXXXXXXXXXXXXXXXXXXXXXXXXXXXXXXXXXXXX
2026-09-28T03:50:33.477+03:00 [s2] [O] DELIVERY WAIT_ACK user=EBE8/462 attempt=1/5 timeout=747ms queue=0
2026-09-28T03:50:33.499+03:00 [s1] [O] 
2026-09-28T03:50:33.545+03:00 [s1] [O] RX USER session=EBE8 seq=462 frame=192B user=180B RX=-42/5 Q100 disposition=0
2026-09-28T03:50:33.681+03:00 [s2] [O] PEER_REPORT our_seq=462 TX=-42/5 Q100
2026-09-28T03:50:33.695+03:00 [s2] [O] 
2026-09-28T03:50:33.698+03:00 [s2] [O] RX ACK session=118C seq=458 ack_to=EBE8/462 frame=14B RX=-46/10 Q100
2026-09-28T03:50:33.701+03:00 [s2] [O] DELIVERY ACK user=EBE8/462 attempts=1/5 elapsed=262ms queue=0
2026-09-28T03:50:33.709+03:00 [s2] [I] S7BP180R3-XXXXXXXXXXXXXXXXXXXXXXXXXXXXXXXXXXXXXXXXXXXXXXXXXXXXXXXXXXXXXXXXXXXXXXXXXXXXXXXXXXXXXXXXXXXXXXXXXXXXXXXXXXXXXXXXXXXXXXXXXXXXXXXXXXXXXXXXXXXXXXXXXXXXXXXXXXXXXXXXXXXXXXXXXX
2026-09-28T03:50:33.780+03:00 [s2] [O] DELIVERY QUEUED source=2 bytes=180 waiting=1/8 in_flight=0
2026-09-28T03:50:33.810+03:00 [s1] [O] < [-42/5 Q100] S7BP180R2-XXXXXXXXXXXXXXXXXXXXXXXXXXXXXXXXXXXXXXXXXXXXXXXXXXXXXXXXXXXXXXXXXXXXXXXXXXXXXXXXXXXXXXXXXXXXXXXXXXXXXXXXXXXXXXXXXXXXXXXXXXXXXXXXXXXXXXXXXXXXXXXXXXXXXXXXXXXXXXXXXXXXXXXXXX
2026-09-28T03:50:33.818+03:00 [s1] [O] 
2026-09-28T03:50:33.899+03:00 [s1] [O] TX ACK seq=458 ack_to=EBE8/462 frame=14B OK time=48 ms guard=500ms
2026-09-28T03:50:34.091+03:00 [s2] [O] 
2026-09-28T03:50:34.095+03:00 [s1] [O] PEER_REPORT our_seq=458 TX=-46/10 Q100
2026-09-28T03:50:34.096+03:00 [s2] [O] TX USER seq=463 frame=192B user=180B attempt=1/5 OK time=309 ms
2026-09-28T03:50:34.099+03:00 [s2] [O] > S7BP180R3-XXXXXXXXXXXXXXXXXXXXXXXXXXXXXXXXXXXXXXXXXXXXXXXXXXXXXXXXXXXXXXXXXXXXXXXXXXXXXXXXXXXXXXXXXXXXXXXXXXXXXXXXXXXXXXXXXXXXXXXXXXXXXXXXXXXXXXXXXXXXXXXXXXXXXXXXXXXXXXXXXXXXXXXXXX
2026-09-28T03:50:34.102+03:00 [s2] [O] DELIVERY WAIT_ACK user=EBE8/463 attempt=1/5 timeout=747ms queue=0
2026-09-28T03:50:34.124+03:00 [s1] [O] 
2026-09-28T03:50:34.182+03:00 [s1] [O] RX USER session=EBE8 seq=463 frame=192B user=180B RX=-47/10 Q100 disposition=0
2026-09-28T03:50:34.319+03:00 [s2] [O] PEER_REPORT our_seq=463 TX=-47/10 Q100
2026-09-28T03:50:34.324+03:00 [s2] [O] 
2026-09-28T03:50:34.328+03:00 [s2] [O] RX ACK session=118C seq=459 ack_to=EBE8/463 frame=14B RX=-49/9 Q100
2026-09-28T03:50:34.329+03:00 [s2] [O] DELIVERY ACK user=EBE8/463 attempts=1/5 elapsed=262ms queue=0
2026-09-28T03:50:34.331+03:00 [s2] [I] S7BP180R4-XXXXXXXXXXXXXXXXXXXXXXXXXXXXXXXXXXXXXXXXXXXXXXXXXXXXXXXXXXXXXXXXXXXXXXXXXXXXXXXXXXXXXXXXXXXXXXXXXXXXXXXXXXXXXXXXXXXXXXXXXXXXXXXXXXXXXXXXXXXXXXXXXXXXXXXXXXXXXXXXXXXXXXXXXX
2026-09-28T03:50:34.395+03:00 [s1] [O] < [-47/10 Q100] S7BP180R3-XXXXXXXXXXXXXXXXXXXXXXXXXXXXXXXXXXXXXXXXXXXXXXXXXXXXXXXXXXXXXXXXXXXXXXXXXXXXXXXXXXXXXXXXXXXXXXXXXXXXXXXXXXXXXXXXXXXXXXXXXXXXXXXXXXXXXXXXXXXXXXXXXXXXXXXXXXXXXXXXXXXXXXXXXX
2026-09-28T03:50:34.401+03:00 [s1] [O] 
2026-09-28T03:50:34.402+03:00 [s2] [O] DELIVERY QUEUED source=2 bytes=180 waiting=1/8 in_flight=0
2026-09-28T03:50:34.441+03:00 [s1] [O] TX ACK seq=459 ack_to=EBE8/463 frame=14B OK time=48 ms guard=500ms
2026-09-28T03:50:34.717+03:00 [s1] [O] PEER_REPORT our_seq=459 TX=-49/9 Q100
2026-09-28T03:50:34.717+03:00 [s2] [O] 
2026-09-28T03:50:34.725+03:00 [s2] [O] TX USER seq=464 frame=192B user=180B attempt=1/5 OK time=309 ms
2026-09-28T03:50:34.739+03:00 [s2] [O] > S7BP180R4-XXXXXXXXXXXXXXXXXXXXXXXXXXXXXXXXXXXXXXXXXXXXXXXXXXXXXXXXXXXXXXXXXXXXXXXXXXXXXXXXXXXXXXXXXXXXXXXXXXXXXXXXXXXXXXXXXXXXXXXXXXXXXXXXXXXXXXXXXXXXXXXXXXXXXXXXXXXXXXXXXXXXXXXXXX
2026-09-28T03:50:34.740+03:00 [s2] [O] DELIVERY WAIT_ACK user=EBE8/464 attempt=1/5 timeout=747ms queue=0
2026-09-28T03:50:34.759+03:00 [s1] [O] 
2026-09-28T03:50:34.810+03:00 [s1] [O] RX USER session=EBE8 seq=464 frame=192B user=180B RX=-48/10 Q100 disposition=0
2026-09-28T03:50:34.947+03:00 [s2] [O] PEER_REPORT our_seq=464 TX=-48/10 Q100
2026-09-28T03:50:34.948+03:00 [s2] [O] 
2026-09-28T03:50:34.954+03:00 [s2] [O] RX ACK session=118C seq=460 ack_to=EBE8/464 frame=14B RX=-52/10 Q100
2026-09-28T03:50:34.957+03:00 [s2] [O] DELIVERY ACK user=EBE8/464 attempts=1/5 elapsed=262ms queue=0
2026-09-28T03:50:34.958+03:00 [s2] [I] S7BP180R5-XXXXXXXXXXXXXXXXXXXXXXXXXXXXXXXXXXXXXXXXXXXXXXXXXXXXXXXXXXXXXXXXXXXXXXXXXXXXXXXXXXXXXXXXXXXXXXXXXXXXXXXXXXXXXXXXXXXXXXXXXXXXXXXXXXXXXXXXXXXXXXXXXXXXXXXXXXXXXXXXXXXXXXXXXX
2026-09-28T03:50:35.024+03:00 [s1] [O] < [-48/10 Q100] S7BP180R4-XXXXXXXXXXXXXXXXXXXXXXXXXXXXXXXXXXXXXXXXXXXXXXXXXXXXXXXXXXXXXXXXXXXXXXXXXXXXXXXXXXXXXXXXXXXXXXXXXXXXXXXXXXXXXXXXXXXXXXXXXXXXXXXXXXXXXXXXXXXXXXXXXXXXXXXXXXXXXXXXXXXXXXXXXX
2026-09-28T03:50:35.032+03:00 [s1] [O] 
2026-09-28T03:50:35.032+03:00 [s2] [O] DELIVERY QUEUED source=2 bytes=180 waiting=1/8 in_flight=0
2026-09-28T03:50:35.072+03:00 [s1] [O] TX ACK seq=460 ack_to=EBE8/464 frame=14B OK time=48 ms guard=500ms
2026-09-28T03:50:35.351+03:00 [s1] [O] PEER_REPORT our_seq=460 TX=-52/10 Q100
2026-09-28T03:50:35.352+03:00 [s2] [O] 
2026-09-28T03:50:35.361+03:00 [s2] [O] TX USER seq=465 frame=192B user=180B attempt=1/5 OK time=309 ms
2026-09-28T03:50:35.363+03:00 [s2] [O] > S7BP180R5-XXXXXXXXXXXXXXXXXXXXXXXXXXXXXXXXXXXXXXXXXXXXXXXXXXXXXXXXXXXXXXXXXXXXXXXXXXXXXXXXXXXXXXXXXXXXXXXXXXXXXXXXXXXXXXXXXXXXXXXXXXXXXXXXXXXXXXXXXXXXXXXXXXXXXXXXXXXXXXXXXXXXXXXXXX
2026-09-28T03:50:35.367+03:00 [s2] [O] DELIVERY WAIT_ACK user=EBE8/465 attempt=1/5 timeout=747ms queue=0
2026-09-28T03:50:35.387+03:00 [s1] [O] 
2026-09-28T03:50:35.430+03:00 [s1] [O] RX USER session=EBE8 seq=465 frame=192B user=180B RX=-52/10 Q100 disposition=0
2026-09-28T03:50:35.580+03:00 [s2] [O] PEER_REPORT our_seq=465 TX=-52/10 Q100
2026-09-28T03:50:35.584+03:00 [s2] [O] 
2026-09-28T03:50:35.591+03:00 [s2] [O] RX ACK session=118C seq=461 ack_to=EBE8/465 frame=14B RX=-53/10 Q100
2026-09-28T03:50:35.593+03:00 [s2] [I] S7BP180R6-XXXXXXXXXXXXXXXXXXXXXXXXXXXXXXXXXXXXXXXXXXXXXXXXXXXXXXXXXXXXXXXXXXXXXXXXXXXXXXXXXXXXXXXXXXXXXXXXXXXXXXXXXXXXXXXXXXXXXXXXXXXXXXXXXXXXXXXXXXXXXXXXXXXXXXXXXXXXXXXXXXXXXXXXXX
2026-09-28T03:50:35.592+03:00 [s2] [O] DELIVERY ACK user=EBE8/465 attempts=1/5 elapsed=262ms queue=0
2026-09-28T03:50:35.657+03:00 [s1] [O] < [-52/10 Q100] S7BP180R5-XXXXXXXXXXXXXXXXXXXXXXXXXXXXXXXXXXXXXXXXXXXXXXXXXXXXXXXXXXXXXXXXXXXXXXXXXXXXXXXXXXXXXXXXXXXXXXXXXXXXXXXXXXXXXXXXXXXXXXXXXXXXXXXXXXXXXXXXXXXXXXXXXXXXXXXXXXXXXXXXXXXXXXXXXX
2026-09-28T03:50:35.664+03:00 [s1] [O] 
2026-09-28T03:50:35.666+03:00 [s2] [O] DELIVERY QUEUED source=2 bytes=180 waiting=1/8 in_flight=0
2026-09-28T03:50:35.708+03:00 [s1] [O] TX ACK seq=461 ack_to=EBE8/465 frame=14B OK time=48 ms guard=500ms
2026-09-28T03:50:35.984+03:00 [s1] [O] PEER_REPORT our_seq=461 TX=-53/10 Q100
2026-09-28T03:50:35.990+03:00 [s2] [O] 
2026-09-28T03:50:35.996+03:00 [s2] [O] TX USER seq=466 frame=192B user=180B attempt=1/5 OK time=309 ms
2026-09-28T03:50:35.999+03:00 [s2] [O] > S7BP180R6-XXXXXXXXXXXXXXXXXXXXXXXXXXXXXXXXXXXXXXXXXXXXXXXXXXXXXXXXXXXXXXXXXXXXXXXXXXXXXXXXXXXXXXXXXXXXXXXXXXXXXXXXXXXXXXXXXXXXXXXXXXXXXXXXXXXXXXXXXXXXXXXXXXXXXXXXXXXXXXXXXXXXXXXXXX
2026-09-28T03:50:36.003+03:00 [s2] [O] DELIVERY WAIT_ACK user=EBE8/466 attempt=1/5 timeout=747ms queue=0
2026-09-28T03:50:36.013+03:00 [s1] [O] 
2026-09-28T03:50:36.066+03:00 [s1] [O] RX USER session=EBE8 seq=466 frame=192B user=180B RX=-51/10 Q100 disposition=0
2026-09-28T03:50:36.209+03:00 [s2] [O] PEER_REPORT our_seq=466 TX=-51/10 Q100
2026-09-28T03:50:36.214+03:00 [s2] [O] 
2026-09-28T03:50:36.216+03:00 [s2] [O] RX ACK session=118C seq=462 ack_to=EBE8/466 frame=14B RX=-51/9 Q100
2026-09-28T03:50:36.218+03:00 [s2] [O] DELIVERY ACK user=EBE8/466 attempts=1/5 elapsed=262ms queue=0
2026-09-28T03:50:36.219+03:00 [s2] [I] S7BP180R7-XXXXXXXXXXXXXXXXXXXXXXXXXXXXXXXXXXXXXXXXXXXXXXXXXXXXXXXXXXXXXXXXXXXXXXXXXXXXXXXXXXXXXXXXXXXXXXXXXXXXXXXXXXXXXXXXXXXXXXXXXXXXXXXXXXXXXXXXXXXXXXXXXXXXXXXXXXXXXXXXXXXXXXXXXX
2026-09-28T03:50:36.287+03:00 [s1] [O] < [-51/10 Q100] S7BP180R6-XXXXXXXXXXXXXXXXXXXXXXXXXXXXXXXXXXXXXXXXXXXXXXXXXXXXXXXXXXXXXXXXXXXXXXXXXXXXXXXXXXXXXXXXXXXXXXXXXXXXXXXXXXXXXXXXXXXXXXXXXXXXXXXXXXXXXXXXXXXXXXXXXXXXXXXXXXXXXXXXXXXXXXXXXX
2026-09-28T03:50:36.297+03:00 [s2] [O] DELIVERY QUEUED source=2 bytes=180 waiting=1/8 in_flight=0
2026-09-28T03:50:36.328+03:00 [s1] [O] 
2026-09-28T03:50:36.374+03:00 [s1] [O] TX ACK seq=462 ack_to=EBE8/466 frame=14B OK time=48 ms guard=500ms
2026-09-28T03:50:36.612+03:00 [s2] [O] 
2026-09-28T03:50:36.612+03:00 [s1] [O] PEER_REPORT our_seq=462 TX=-51/9 Q100
2026-09-28T03:50:36.622+03:00 [s2] [O] TX USER seq=467 frame=192B user=180B attempt=1/5 OK time=309 ms
2026-09-28T03:50:36.624+03:00 [s2] [O] > S7BP180R7-XXXXXXXXXXXXXXXXXXXXXXXXXXXXXXXXXXXXXXXXXXXXXXXXXXXXXXXXXXXXXXXXXXXXXXXXXXXXXXXXXXXXXXXXXXXXXXXXXXXXXXXXXXXXXXXXXXXXXXXXXXXXXXXXXXXXXXXXXXXXXXXXXXXXXXXXXXXXXXXXXXXXXXXXXX
2026-09-28T03:50:36.626+03:00 [s2] [O] DELIVERY WAIT_ACK user=EBE8/467 attempt=1/5 timeout=747ms queue=0
2026-09-28T03:50:36.644+03:00 [s1] [O] 
2026-09-28T03:50:36.691+03:00 [s1] [O] RX USER session=EBE8 seq=467 frame=192B user=180B RX=-50/10 Q100 disposition=0
2026-09-28T03:50:36.837+03:00 [s2] [O] PEER_REPORT our_seq=467 TX=-50/10 Q100
2026-09-28T03:50:36.846+03:00 [s2] [O] 
2026-09-28T03:50:36.849+03:00 [s2] [O] RX ACK session=118C seq=463 ack_to=EBE8/467 frame=14B RX=-51/10 Q100
2026-09-28T03:50:36.859+03:00 [s2] [O] DELIVERY ACK user=EBE8/467 attempts=1/5 elapsed=262ms queue=0
2026-09-28T03:50:36.861+03:00 [s2] [I] S7BP180R8-XXXXXXXXXXXXXXXXXXXXXXXXXXXXXXXXXXXXXXXXXXXXXXXXXXXXXXXXXXXXXXXXXXXXXXXXXXXXXXXXXXXXXXXXXXXXXXXXXXXXXXXXXXXXXXXXXXXXXXXXXXXXXXXXXXXXXXXXXXXXXXXXXXXXXXXXXXXXXXXXXXXXXXXXXX
2026-09-28T03:50:36.914+03:00 [s1] [O] < [-50/10 Q100] S7BP180R7-XXXXXXXXXXXXXXXXXXXXXXXXXXXXXXXXXXXXXXXXXXXXXXXXXXXXXXXXXXXXXXXXXXXXXXXXXXXXXXXXXXXXXXXXXXXXXXXXXXXXXXXXXXXXXXXXXXXXXXXXXXXXXXXXXXXXXXXXXXXXXXXXXXXXXXXXXXXXXXXXXXXXXXXXXX
2026-09-28T03:50:36.916+03:00 [s1] [O] 
2026-09-28T03:50:36.927+03:00 [s2] [O] DELIVERY QUEUED source=2 bytes=180 waiting=1/8 in_flight=0
2026-09-28T03:50:36.960+03:00 [s1] [O] TX ACK seq=463 ack_to=EBE8/467 frame=14B OK time=48 ms guard=500ms
2026-09-28T03:50:37.231+03:00 [s1] [O] PEER_REPORT our_seq=463 TX=-51/10 Q100
2026-09-28T03:50:37.242+03:00 [s2] [O] 
2026-09-28T03:50:37.256+03:00 [s2] [O] TX USER seq=468 frame=192B user=180B attempt=1/5 OK time=309 ms
2026-09-28T03:50:37.259+03:00 [s2] [O] > S7BP180R8-XXXXXXXXXXXXXXXXXXXXXXXXXXXXXXXXXXXXXXXXXXXXXXXXXXXXXXXXXXXXXXXXXXXXXXXXXXXXXXXXXXXXXXXXXXXXXXXXXXXXXXXXXXXXXXXXXXXXXXXXXXXXXXXXXXXXXXXXXXXXXXXXXXXXXXXXXXXXXXXXXXXXXXXXXX
2026-09-28T03:50:37.260+03:00 [s2] [O] DELIVERY WAIT_ACK user=EBE8/468 attempt=1/5 timeout=747ms queue=0
2026-09-28T03:50:37.281+03:00 [s1] [O] 
2026-09-28T03:50:37.326+03:00 [s1] [O] RX USER session=EBE8 seq=468 frame=192B user=180B RX=-50/10 Q100 disposition=0
2026-09-28T03:50:37.474+03:00 [s2] [O] PEER_REPORT our_seq=468 TX=-50/10 Q100
2026-09-28T03:50:37.481+03:00 [s2] [O] 
2026-09-28T03:50:37.486+03:00 [s2] [O] RX ACK session=118C seq=464 ack_to=EBE8/468 frame=14B RX=-51/10 Q100
2026-09-28T03:50:37.488+03:00 [s2] [O] DELIVERY ACK user=EBE8/468 attempts=1/5 elapsed=264ms queue=0
2026-09-28T03:50:37.491+03:00 [s2] [I] S7BP180R9-XXXXXXXXXXXXXXXXXXXXXXXXXXXXXXXXXXXXXXXXXXXXXXXXXXXXXXXXXXXXXXXXXXXXXXXXXXXXXXXXXXXXXXXXXXXXXXXXXXXXXXXXXXXXXXXXXXXXXXXXXXXXXXXXXXXXXXXXXXXXXXXXXXXXXXXXXXXXXXXXXXXXXXXXXX
2026-09-28T03:50:37.560+03:00 [s1] [O] < [-50/10 Q100] S7BP180R8-XXXXXXXXXXXXXXXXXXXXXXXXXXXXXXXXXXXXXXXXXXXXXXXXXXXXXXXXXXXXXXXXXXXXXXXXXXXXXXXXXXXXXXXXXXXXXXXXXXXXXXXXXXXXXXXXXXXXXXXXXXXXXXXXXXXXXXXXXXXXXXXXXXXXXXXXXXXXXXXXXXXXXXXXXX
2026-09-28T03:50:37.561+03:00 [s2] [O] DELIVERY QUEUED source=2 bytes=180 waiting=1/8 in_flight=0
2026-09-28T03:50:37.561+03:00 [s1] [O] 
2026-09-28T03:50:37.594+03:00 [s1] [O] TX ACK seq=464 ack_to=EBE8/468 frame=14B OK time=48 ms guard=500ms
2026-09-28T03:50:37.859+03:00 [s1] [O] PEER_REPORT our_seq=464 TX=-51/10 Q100
2026-09-28T03:50:37.877+03:00 [s2] [O] 
2026-09-28T03:50:37.879+03:00 [s2] [O] TX USER seq=469 frame=192B user=180B attempt=1/5 OK time=310 ms
2026-09-28T03:50:37.881+03:00 [s2] [O] > S7BP180R9-XXXXXXXXXXXXXXXXXXXXXXXXXXXXXXXXXXXXXXXXXXXXXXXXXXXXXXXXXXXXXXXXXXXXXXXXXXXXXXXXXXXXXXXXXXXXXXXXXXXXXXXXXXXXXXXXXXXXXXXXXXXXXXXXXXXXXXXXXXXXXXXXXXXXXXXXXXXXXXXXXXXXXXXXXX
2026-09-28T03:50:37.883+03:00 [s2] [O] DELIVERY WAIT_ACK user=EBE8/469 attempt=1/5 timeout=747ms queue=0
2026-09-28T03:50:37.905+03:00 [s1] [O] 
2026-09-28T03:50:37.961+03:00 [s1] [O] RX USER session=EBE8 seq=469 frame=192B user=180B RX=-50/9 Q100 disposition=0
2026-09-28T03:50:38.096+03:00 [s2] [O] PEER_REPORT our_seq=469 TX=-50/9 Q100
2026-09-28T03:50:38.110+03:00 [s2] [O] 
2026-09-28T03:50:38.114+03:00 [s2] [O] RX ACK session=118C seq=465 ack_to=EBE8/469 frame=14B RX=-52/9 Q100
2026-09-28T03:50:38.116+03:00 [s2] [O] DELIVERY ACK user=EBE8/469 attempts=1/5 elapsed=263ms queue=0
2026-09-28T03:50:38.120+03:00 [s2] [I] S7BP180R10-XXXXXXXXXXXXXXXXXXXXXXXXXXXXXXXXXXXXXXXXXXXXXXXXXXXXXXXXXXXXXXXXXXXXXXXXXXXXXXXXXXXXXXXXXXXXXXXXXXXXXXXXXXXXXXXXXXXXXXXXXXXXXXXXXXXXXXXXXXXXXXXXXXXXXXXXXXXXXXXXXXXXXXXXX
2026-09-28T03:50:38.182+03:00 [s2] [O] DELIVERY QUEUED source=2 bytes=180 waiting=1/8 in_flight=0
2026-09-28T03:50:38.190+03:00 [s1] [O] < [-50/9 Q100] S7BP180R9-XXXXXXXXXXXXXXXXXXXXXXXXXXXXXXXXXXXXXXXXXXXXXXXXXXXXXXXXXXXXXXXXXXXXXXXXXXXXXXXXXXXXXXXXXXXXXXXXXXXXXXXXXXXXXXXXXXXXXXXXXXXXXXXXXXXXXXXXXXXXXXXXXXXXXXXXXXXXXXXXXXXXXXXXXX
2026-09-28T03:50:38.190+03:00 [s1] [O] 
2026-09-28T03:50:38.222+03:00 [s1] [O] TX ACK seq=465 ack_to=EBE8/469 frame=14B OK time=48 ms guard=500ms
2026-09-28T03:50:38.496+03:00 [s1] [O] PEER_REPORT our_seq=465 TX=-52/9 Q100
2026-09-28T03:50:38.499+03:00 [s2] [O] 
2026-09-28T03:50:38.514+03:00 [s2] [O] TX USER seq=470 frame=192B user=180B attempt=1/5 OK time=309 ms
2026-09-28T03:50:38.520+03:00 [s2] [O] > S7BP180R10-XXXXXXXXXXXXXXXXXXXXXXXXXXXXXXXXXXXXXXXXXXXXXXXXXXXXXXXXXXXXXXXXXXXXXXXXXXXXXXXXXXXXXXXXXXXXXXXXXXXXXXXXXXXXXXXXXXXXXXXXXXXXXXXXXXXXXXXXXXXXXXXXXXXXXXXXXXXXXXXXXXXXXXXXX
2026-09-28T03:50:38.521+03:00 [s2] [O] DELIVERY WAIT_ACK user=EBE8/470 attempt=1/5 timeout=747ms queue=0
2026-09-28T03:50:38.538+03:00 [s1] [O] 
2026-09-28T03:50:38.582+03:00 [s1] [O] RX USER session=EBE8 seq=470 frame=192B user=180B RX=-50/10 Q100 disposition=0
2026-09-28T03:50:38.728+03:00 [s2] [O] PEER_REPORT our_seq=470 TX=-50/10 Q100
2026-09-28T03:50:38.731+03:00 [s2] [O] 
2026-09-28T03:50:38.734+03:00 [s2] [O] RX ACK session=118C seq=466 ack_to=EBE8/470 frame=14B RX=-52/10 Q100
2026-09-28T03:50:38.736+03:00 [s2] [O] DELIVERY ACK user=EBE8/470 attempts=1/5 elapsed=263ms queue=0
2026-09-28T03:50:38.739+03:00 [s1] [I] S7AP200R1-XXXXXXXXXXXXXXXXXXXXXXXXXXXXXXXXXXXXXXXXXXXXXXXXXXXXXXXXXXXXXXXXXXXXXXXXXXXXXXXXXXXXXXXXXXXXXXXXXXXXXXXXXXXXXXXXXXXXXXXXXXXXXXXXXXXXXXXXXXXXXXXXXXXXXXXXXXXXXXXXXXXXXXXXXXXXXXXXXXXXXXXXXXXXXX
2026-09-28T03:50:38.815+03:00 [s1] [O] < [-50/10 Q100] S7BP180R10-XXXXXXXXXXXXXXXXXXXXXXXXXXXXXXXXXXXXXXXXXXXXXXXXXXXXXXXXXXXXXXXXXXXXXXXXXXXXXXXXXXXXXXXXXXXXXXXXXXXXXXXXXXXXXXXXXXXXXXXXXXXXXXXXXXXXXXXXXXXXXXXXXXXXXXXXXXXXXXXXXXXXXXXXX
2026-09-28T03:50:38.849+03:00 [s1] [O] 
2026-09-28T03:50:38.894+03:00 [s1] [O] TX ACK seq=466 ack_to=EBE8/470 frame=14B OK time=48 ms guard=500ms
2026-09-28T03:50:38.991+03:00 [s1] [O] DELIVERY QUEUED source=2 bytes=200 waiting=1/8 in_flight=0
2026-09-28T03:50:39.120+03:00 [s1] [O] 
2026-09-28T03:50:39.135+03:00 [s2] [O] PEER_REPORT our_seq=470 TX=-50/10 Q100
2026-09-28T03:50:39.139+03:00 [s2] [O] 
2026-09-28T03:50:39.144+03:00 [s2] [O] RX USER session=118C seq=467 frame=212B user=200B RX=-50/9 Q100 disposition=0
2026-09-28T03:50:39.165+03:00 [s1] [O] TX USER seq=467 frame=212B user=200B attempt=1/5 OK time=339 ms
2026-09-28T03:50:39.183+03:00 [s2] [O] < [-50/9 Q100] S7AP200R1-XXXXXXXXXXXXXXXXXXXXXXXXXXXXXXXXXXXXXXXXXXXXXXXXXXXXXXXXXXXXXXXXXXXXXXXXXXXXXXXXXXXXXXXXXXXXXXXXXXXXXXXXXXXXXXXXXXXXXXXXXXXXXXXXXXXXXXXXXXXXXXXXXXXXXXXXXXXXXXXXXXXXXXXXXXXXXXXXXXXXXXXXXXXXXX
2026-09-28T03:50:39.351+03:00 [s1] [O] > S7AP200R1-XXXXXXXXXXXXXXXXXXXXXXXXXXXXXXXXXXXXXXXXXXXXXXXXXXXXXXXXXXXXXXXXXXXXXXXXXXXXXXXXXXXXXXXXXXXXXXXXXXXXXXXXXXXXXXXXXXXXXXXXXXXXXXXXXXXXXXXXXXXXXXXXXXXXXXXXXXXXXXXXXXXXXXXXXXXXXXXXXXXXXXXXXXXXXX
2026-09-28T03:50:39.398+03:00 [s1] [O] DELIVERY WAIT_ACK user=118C/467 attempt=1/5 timeout=747ms queue=0
2026-09-28T03:50:39.403+03:00 [s2] [O] 
2026-09-28T03:50:39.405+03:00 [s2] [O] TX ACK seq=471 ack_to=118C/467 frame=14B OK time=48 ms guard=500ms
2026-09-28T03:50:39.441+03:00 [s1] [O] PEER_REPORT our_seq=467 TX=-50/9 Q100
2026-09-28T03:50:39.491+03:00 [s1] [O] 
2026-09-28T03:50:39.525+03:00 [s1] [O] RX ACK session=EBE8 seq=471 ack_to=118C/467 frame=14B RX=-52/10 Q100
2026-09-28T03:50:39.666+03:00 [s1] [O] DELIVERY ACK user=118C/467 attempts=1/5 elapsed=263ms queue=0
2026-09-28T03:50:39.671+03:00 [s1] [I] S7AP200R2-XXXXXXXXXXXXXXXXXXXXXXXXXXXXXXXXXXXXXXXXXXXXXXXXXXXXXXXXXXXXXXXXXXXXXXXXXXXXXXXXXXXXXXXXXXXXXXXXXXXXXXXXXXXXXXXXXXXXXXXXXXXXXXXXXXXXXXXXXXXXXXXXXXXXXXXXXXXXXXXXXXXXXXXXXXXXXXXXXXXXXXXXXXXXXX
2026-09-28T03:50:39.758+03:00 [s1] [O] DELIVERY QUEUED source=2 bytes=200 waiting=1/8 in_flight=0
2026-09-28T03:50:40.066+03:00 [s1] [O] 
2026-09-28T03:50:40.076+03:00 [s2] [O] PEER_REPORT our_seq=471 TX=-52/10 Q100
2026-09-28T03:50:40.077+03:00 [s2] [O] 
2026-09-28T03:50:40.082+03:00 [s2] [O] RX USER session=118C seq=468 frame=212B user=200B RX=-50/10 Q100 disposition=0
2026-09-28T03:50:40.109+03:00 [s1] [O] TX USER seq=468 frame=212B user=200B attempt=1/5 OK time=340 ms
2026-09-28T03:50:40.125+03:00 [s2] [O] < [-50/10 Q100] S7AP200R2-XXXXXXXXXXXXXXXXXXXXXXXXXXXXXXXXXXXXXXXXXXXXXXXXXXXXXXXXXXXXXXXXXXXXXXXXXXXXXXXXXXXXXXXXXXXXXXXXXXXXXXXXXXXXXXXXXXXXXXXXXXXXXXXXXXXXXXXXXXXXXXXXXXXXXXXXXXXXXXXXXXXXXXXXXXXXXXXXXXXXXXXXXXXXXX
2026-09-28T03:50:40.297+03:00 [s1] [O] > S7AP200R2-XXXXXXXXXXXXXXXXXXXXXXXXXXXXXXXXXXXXXXXXXXXXXXXXXXXXXXXXXXXXXXXXXXXXXXXXXXXXXXXXXXXXXXXXXXXXXXXXXXXXXXXXXXXXXXXXXXXXXXXXXXXXXXXXXXXXXXXXXXXXXXXXXXXXXXXXXXXXXXXXXXXXXXXXXXXXXXXXXXXXXXXXXXXXXX
2026-09-28T03:50:40.341+03:00 [s1] [O] DELIVERY WAIT_ACK user=118C/468 attempt=1/5 timeout=747ms queue=0
2026-09-28T03:50:40.342+03:00 [s2] [O] 
2026-09-28T03:50:40.350+03:00 [s2] [O] TX ACK seq=472 ack_to=118C/468 frame=14B OK time=48 ms guard=500ms
2026-09-28T03:50:40.432+03:00 [s1] [O] PEER_REPORT our_seq=468 TX=-50/10 Q100
2026-09-28T03:50:40.478+03:00 [s1] [O] 
2026-09-28T03:50:40.516+03:00 [s1] [O] RX ACK session=EBE8 seq=472 ack_to=118C/468 frame=14B RX=-52/9 Q100
2026-09-28T03:50:40.648+03:00 [s1] [O] DELIVERY ACK user=118C/468 attempts=1/5 elapsed=261ms queue=0
2026-09-28T03:50:40.663+03:00 [s1] [I] S7AP200R3-XXXXXXXXXXXXXXXXXXXXXXXXXXXXXXXXXXXXXXXXXXXXXXXXXXXXXXXXXXXXXXXXXXXXXXXXXXXXXXXXXXXXXXXXXXXXXXXXXXXXXXXXXXXXXXXXXXXXXXXXXXXXXXXXXXXXXXXXXXXXXXXXXXXXXXXXXXXXXXXXXXXXXXXXXXXXXXXXXXXXXXXXXXXXXX
2026-09-28T03:50:40.740+03:00 [s1] [O] DELIVERY QUEUED source=2 bytes=200 waiting=1/8 in_flight=0
2026-09-28T03:50:41.057+03:00 [s1] [O] 
2026-09-28T03:50:41.064+03:00 [s2] [O] PEER_REPORT our_seq=472 TX=-52/9 Q100
2026-09-28T03:50:41.070+03:00 [s2] [O] 
2026-09-28T03:50:41.074+03:00 [s2] [O] RX USER session=118C seq=469 frame=212B user=200B RX=-50/9 Q100 disposition=0
2026-09-28T03:50:41.098+03:00 [s1] [O] TX USER seq=469 frame=212B user=200B attempt=1/5 OK time=339 ms
2026-09-28T03:50:41.116+03:00 [s2] [O] < [-50/9 Q100] S7AP200R3-XXXXXXXXXXXXXXXXXXXXXXXXXXXXXXXXXXXXXXXXXXXXXXXXXXXXXXXXXXXXXXXXXXXXXXXXXXXXXXXXXXXXXXXXXXXXXXXXXXXXXXXXXXXXXXXXXXXXXXXXXXXXXXXXXXXXXXXXXXXXXXXXXXXXXXXXXXXXXXXXXXXXXXXXXXXXXXXXXXXXXXXXXXXXXX
2026-09-28T03:50:41.280+03:00 [s1] [O] > S7AP200R3-XXXXXXXXXXXXXXXXXXXXXXXXXXXXXXXXXXXXXXXXXXXXXXXXXXXXXXXXXXXXXXXXXXXXXXXXXXXXXXXXXXXXXXXXXXXXXXXXXXXXXXXXXXXXXXXXXXXXXXXXXXXXXXXXXXXXXXXXXXXXXXXXXXXXXXXXXXXXXXXXXXXXXXXXXXXXXXXXXXXXXXXXXXXXXX
2026-09-28T03:50:41.328+03:00 [s1] [O] DELIVERY WAIT_ACK user=118C/469 attempt=1/5 timeout=747ms queue=0
2026-09-28T03:50:41.331+03:00 [s2] [O] 
2026-09-28T03:50:41.332+03:00 [s2] [O] TX ACK seq=473 ack_to=118C/469 frame=14B OK time=48 ms guard=500ms
2026-09-28T03:50:41.373+03:00 [s1] [O] PEER_REPORT our_seq=469 TX=-50/9 Q100
2026-09-28T03:50:41.418+03:00 [s1] [O] 
2026-09-28T03:50:41.466+03:00 [s1] [O] RX ACK session=EBE8 seq=473 ack_to=118C/469 frame=14B RX=-51/10 Q100
2026-09-28T03:50:41.610+03:00 [s1] [O] DELIVERY ACK user=118C/469 attempts=1/5 elapsed=262ms queue=0
2026-09-28T03:50:41.613+03:00 [s1] [I] S7AP200R4-XXXXXXXXXXXXXXXXXXXXXXXXXXXXXXXXXXXXXXXXXXXXXXXXXXXXXXXXXXXXXXXXXXXXXXXXXXXXXXXXXXXXXXXXXXXXXXXXXXXXXXXXXXXXXXXXXXXXXXXXXXXXXXXXXXXXXXXXXXXXXXXXXXXXXXXXXXXXXXXXXXXXXXXXXXXXXXXXXXXXXXXXXXXXXX
2026-09-28T03:50:41.688+03:00 [s1] [O] DELIVERY QUEUED source=2 bytes=200 waiting=1/8 in_flight=0
2026-09-28T03:50:41.999+03:00 [s1] [O] 
2026-09-28T03:50:42.009+03:00 [s2] [O] PEER_REPORT our_seq=473 TX=-51/10 Q100
2026-09-28T03:50:42.009+03:00 [s2] [O] 
2026-09-28T03:50:42.011+03:00 [s2] [O] RX USER session=118C seq=470 frame=212B user=200B RX=-50/9 Q100 disposition=0
2026-09-28T03:50:42.070+03:00 [s2] [O] < [-50/9 Q100] S7AP200R4-XXXXXXXXXXXXXXXXXXXXXXXXXXXXXXXXXXXXXXXXXXXXXXXXXXXXXXXXXXXXXXXXXXXXXXXXXXXXXXXXXXXXXXXXXXXXXXXXXXXXXXXXXXXXXXXXXXXXXXXXXXXXXXXXXXXXXXXXXXXXXXXXXXXXXXXXXXXXXXXXXXXXXXXXXXXXXXXXXXXXXXXXXXXXXX
2026-09-28T03:50:42.090+03:00 [s1] [O] TX USER seq=470 frame=212B user=200B attempt=1/5 OK time=340 ms
2026-09-28T03:50:42.273+03:00 [s1] [O] > S7AP200R4-XXXXXXXXXXXXXXXXXXXXXXXXXXXXXXXXXXXXXXXXXXXXXXXXXXXXXXXXXXXXXXXXXXXXXXXXXXXXXXXXXXXXXXXXXXXXXXXXXXXXXXXXXXXXXXXXXXXXXXXXXXXXXXXXXXXXXXXXXXXXXXXXXXXXXXXXXXXXXXXXXXXXXXXXXXXXXXXXXXXXXXXXXXXXXX
2026-09-28T03:50:42.282+03:00 [s2] [O] 
2026-09-28T03:50:42.296+03:00 [s2] [O] TX ACK seq=474 ack_to=118C/470 frame=14B OK time=48 ms guard=500ms
2026-09-28T03:50:42.314+03:00 [s1] [O] DELIVERY WAIT_ACK user=118C/470 attempt=1/5 timeout=747ms queue=0
2026-09-28T03:50:42.406+03:00 [s1] [O] PEER_REPORT our_seq=470 TX=-50/9 Q100
2026-09-28T03:50:42.451+03:00 [s1] [O] 
2026-09-28T03:50:42.495+03:00 [s1] [O] RX ACK session=EBE8 seq=474 ack_to=118C/470 frame=14B RX=-51/10 Q100
2026-09-28T03:50:42.588+03:00 [s1] [O] DELIVERY ACK user=118C/470 attempts=1/5 elapsed=262ms queue=0
2026-09-28T03:50:42.594+03:00 [s1] [I] S7AP200R5-XXXXXXXXXXXXXXXXXXXXXXXXXXXXXXXXXXXXXXXXXXXXXXXXXXXXXXXXXXXXXXXXXXXXXXXXXXXXXXXXXXXXXXXXXXXXXXXXXXXXXXXXXXXXXXXXXXXXXXXXXXXXXXXXXXXXXXXXXXXXXXXXXXXXXXXXXXXXXXXXXXXXXXXXXXXXXXXXXXXXXXXXXXXXXX
2026-09-28T03:50:42.720+03:00 [s1] [O] DELIVERY QUEUED source=2 bytes=200 waiting=1/8 in_flight=0
2026-09-28T03:50:42.991+03:00 [s1] [O] 
2026-09-28T03:50:43.006+03:00 [s2] [O] PEER_REPORT our_seq=474 TX=-51/10 Q100
2026-09-28T03:50:43.009+03:00 [s2] [O] 
2026-09-28T03:50:43.012+03:00 [s2] [O] RX USER session=118C seq=471 frame=212B user=200B RX=-51/9 Q100 disposition=0
2026-09-28T03:50:43.033+03:00 [s1] [O] TX USER seq=471 frame=212B user=200B attempt=1/5 OK time=340 ms
2026-09-28T03:50:43.046+03:00 [s2] [O] < [-51/9 Q100] S7AP200R5-XXXXXXXXXXXXXXXXXXXXXXXXXXXXXXXXXXXXXXXXXXXXXXXXXXXXXXXXXXXXXXXXXXXXXXXXXXXXXXXXXXXXXXXXXXXXXXXXXXXXXXXXXXXXXXXXXXXXXXXXXXXXXXXXXXXXXXXXXXXXXXXXXXXXXXXXXXXXXXXXXXXXXXXXXXXXXXXXXXXXXXXXXXXXXX
2026-09-28T03:50:43.214+03:00 [s1] [O] > S7AP200R5-XXXXXXXXXXXXXXXXXXXXXXXXXXXXXXXXXXXXXXXXXXXXXXXXXXXXXXXXXXXXXXXXXXXXXXXXXXXXXXXXXXXXXXXXXXXXXXXXXXXXXXXXXXXXXXXXXXXXXXXXXXXXXXXXXXXXXXXXXXXXXXXXXXXXXXXXXXXXXXXXXXXXXXXXXXXXXXXXXXXXXXXXXXXXXX
2026-09-28T03:50:43.261+03:00 [s1] [O] DELIVERY WAIT_ACK user=118C/471 attempt=1/5 timeout=747ms queue=0
2026-09-28T03:50:43.272+03:00 [s2] [O] 
2026-09-28T03:50:43.275+03:00 [s2] [O] TX ACK seq=475 ack_to=118C/471 frame=14B OK time=48 ms guard=500ms
2026-09-28T03:50:43.348+03:00 [s1] [O] PEER_REPORT our_seq=471 TX=-51/9 Q100
2026-09-28T03:50:43.394+03:00 [s1] [O] 
2026-09-28T03:50:43.439+03:00 [s1] [O] RX ACK session=EBE8 seq=475 ack_to=118C/471 frame=14B RX=-52/10 Q100
2026-09-28T03:50:43.538+03:00 [s1] [O] DELIVERY ACK user=118C/471 attempts=1/5 elapsed=262ms queue=0
2026-09-28T03:50:43.542+03:00 [s1] [I] S7AP200R6-XXXXXXXXXXXXXXXXXXXXXXXXXXXXXXXXXXXXXXXXXXXXXXXXXXXXXXXXXXXXXXXXXXXXXXXXXXXXXXXXXXXXXXXXXXXXXXXXXXXXXXXXXXXXXXXXXXXXXXXXXXXXXXXXXXXXXXXXXXXXXXXXXXXXXXXXXXXXXXXXXXXXXXXXXXXXXXXXXXXXXXXXXXXXXX
2026-09-28T03:50:43.664+03:00 [s1] [O] DELIVERY QUEUED source=2 bytes=200 waiting=1/8 in_flight=0
2026-09-28T03:50:43.934+03:00 [s1] [O] 
2026-09-28T03:50:43.943+03:00 [s2] [O] PEER_REPORT our_seq=475 TX=-52/10 Q100
2026-09-28T03:50:43.949+03:00 [s2] [O] 
2026-09-28T03:50:43.956+03:00 [s2] [O] RX USER session=118C seq=472 frame=212B user=200B RX=-50/9 Q100 disposition=0
2026-09-28T03:50:43.978+03:00 [s1] [O] TX USER seq=472 frame=212B user=200B attempt=1/5 OK time=339 ms
2026-09-28T03:50:43.996+03:00 [s2] [O] < [-50/9 Q100] S7AP200R6-XXXXXXXXXXXXXXXXXXXXXXXXXXXXXXXXXXXXXXXXXXXXXXXXXXXXXXXXXXXXXXXXXXXXXXXXXXXXXXXXXXXXXXXXXXXXXXXXXXXXXXXXXXXXXXXXXXXXXXXXXXXXXXXXXXXXXXXXXXXXXXXXXXXXXXXXXXXXXXXXXXXXXXXXXXXXXXXXXXXXXXXXXXXXXX
2026-09-28T03:50:44.171+03:00 [s1] [O] > S7AP200R6-XXXXXXXXXXXXXXXXXXXXXXXXXXXXXXXXXXXXXXXXXXXXXXXXXXXXXXXXXXXXXXXXXXXXXXXXXXXXXXXXXXXXXXXXXXXXXXXXXXXXXXXXXXXXXXXXXXXXXXXXXXXXXXXXXXXXXXXXXXXXXXXXXXXXXXXXXXXXXXXXXXXXXXXXXXXXXXXXXXXXXXXXXXXXXX
2026-09-28T03:50:44.214+03:00 [s1] [O] DELIVERY WAIT_ACK user=118C/472 attempt=1/5 timeout=747ms queue=0
2026-09-28T03:50:44.216+03:00 [s2] [O] 
2026-09-28T03:50:44.221+03:00 [s2] [O] TX ACK seq=476 ack_to=118C/472 frame=14B OK time=48 ms guard=500ms
2026-09-28T03:50:44.294+03:00 [s1] [O] PEER_REPORT our_seq=472 TX=-50/9 Q100
2026-09-28T03:50:44.339+03:00 [s1] [O] 
2026-09-28T03:50:44.385+03:00 [s1] [O] RX ACK session=EBE8 seq=476 ack_to=118C/472 frame=14B RX=-52/9 Q100
2026-09-28T03:50:44.477+03:00 [s1] [O] DELIVERY ACK user=118C/472 attempts=1/5 elapsed=262ms queue=0
2026-09-28T03:50:44.481+03:00 [s1] [I] S7AP200R7-XXXXXXXXXXXXXXXXXXXXXXXXXXXXXXXXXXXXXXXXXXXXXXXXXXXXXXXXXXXXXXXXXXXXXXXXXXXXXXXXXXXXXXXXXXXXXXXXXXXXXXXXXXXXXXXXXXXXXXXXXXXXXXXXXXXXXXXXXXXXXXXXXXXXXXXXXXXXXXXXXXXXXXXXXXXXXXXXXXXXXXXXXXXXXX
2026-09-28T03:50:44.609+03:00 [s1] [O] DELIVERY QUEUED source=2 bytes=200 waiting=1/8 in_flight=0
2026-09-28T03:50:44.879+03:00 [s1] [O] 
2026-09-28T03:50:44.892+03:00 [s2] [O] PEER_REPORT our_seq=476 TX=-52/9 Q100
2026-09-28T03:50:44.896+03:00 [s2] [O] 
2026-09-28T03:50:44.906+03:00 [s2] [O] RX USER session=118C seq=473 frame=212B user=200B RX=-50/10 Q100 disposition=0
2026-09-28T03:50:44.923+03:00 [s1] [O] TX USER seq=473 frame=212B user=200B attempt=1/5 OK time=340 ms
2026-09-28T03:50:44.944+03:00 [s2] [O] < [-50/10 Q100] S7AP200R7-XXXXXXXXXXXXXXXXXXXXXXXXXXXXXXXXXXXXXXXXXXXXXXXXXXXXXXXXXXXXXXXXXXXXXXXXXXXXXXXXXXXXXXXXXXXXXXXXXXXXXXXXXXXXXXXXXXXXXXXXXXXXXXXXXXXXXXXXXXXXXXXXXXXXXXXXXXXXXXXXXXXXXXXXXXXXXXXXXXXXXXXXXXXXXX
2026-09-28T03:50:45.150+03:00 [s1] [O] > S7AP200R7-XXXXXXXXXXXXXXXXXXXXXXXXXXXXXXXXXXXXXXXXXXXXXXXXXXXXXXXXXXXXXXXXXXXXXXXXXXXXXXXXXXXXXXXXXXXXXXXXXXXXXXXXXXXXXXXXXXXXXXXXXXXXXXXXXXXXXXXXXXXXXXXXXXXXXXXXXXXXXXXXXXXXXXXXXXXXXXXXXXXXXXXXXXXXXX
2026-09-28T03:50:45.165+03:00 [s2] [O] 
2026-09-28T03:50:45.166+03:00 [s2] [O] TX ACK seq=477 ack_to=118C/473 frame=14B OK time=48 ms guard=500ms
2026-09-28T03:50:45.202+03:00 [s1] [O] DELIVERY WAIT_ACK user=118C/473 attempt=1/5 timeout=747ms queue=0
2026-09-28T03:50:45.288+03:00 [s1] [O] PEER_REPORT our_seq=473 TX=-50/10 Q100
2026-09-28T03:50:45.329+03:00 [s1] [O] 
2026-09-28T03:50:45.374+03:00 [s1] [O] RX ACK session=EBE8 seq=477 ack_to=118C/473 frame=14B RX=-51/9 Q100
2026-09-28T03:50:45.474+03:00 [s1] [O] DELIVERY ACK user=118C/473 attempts=1/5 elapsed=261ms queue=0
2026-09-28T03:50:45.477+03:00 [s1] [I] S7AP200R8-XXXXXXXXXXXXXXXXXXXXXXXXXXXXXXXXXXXXXXXXXXXXXXXXXXXXXXXXXXXXXXXXXXXXXXXXXXXXXXXXXXXXXXXXXXXXXXXXXXXXXXXXXXXXXXXXXXXXXXXXXXXXXXXXXXXXXXXXXXXXXXXXXXXXXXXXXXXXXXXXXXXXXXXXXXXXXXXXXXXXXXXXXXXXXX
2026-09-28T03:50:45.599+03:00 [s1] [O] DELIVERY QUEUED source=2 bytes=200 waiting=1/8 in_flight=0
2026-09-28T03:50:45.872+03:00 [s1] [O] 
2026-09-28T03:50:45.881+03:00 [s2] [O] PEER_REPORT our_seq=477 TX=-51/9 Q100
2026-09-28T03:50:45.894+03:00 [s2] [O] 
2026-09-28T03:50:45.898+03:00 [s2] [O] RX USER session=118C seq=474 frame=212B user=200B RX=-50/10 Q100 disposition=0
2026-09-28T03:50:45.913+03:00 [s1] [O] TX USER seq=474 frame=212B user=200B attempt=1/5 OK time=340 ms
2026-09-28T03:50:45.933+03:00 [s2] [O] < [-50/10 Q100] S7AP200R8-XXXXXXXXXXXXXXXXXXXXXXXXXXXXXXXXXXXXXXXXXXXXXXXXXXXXXXXXXXXXXXXXXXXXXXXXXXXXXXXXXXXXXXXXXXXXXXXXXXXXXXXXXXXXXXXXXXXXXXXXXXXXXXXXXXXXXXXXXXXXXXXXXXXXXXXXXXXXXXXXXXXXXXXXXXXXXXXXXXXXXXXXXXXXXX
2026-09-28T03:50:46.102+03:00 [s1] [O] > S7AP200R8-XXXXXXXXXXXXXXXXXXXXXXXXXXXXXXXXXXXXXXXXXXXXXXXXXXXXXXXXXXXXXXXXXXXXXXXXXXXXXXXXXXXXXXXXXXXXXXXXXXXXXXXXXXXXXXXXXXXXXXXXXXXXXXXXXXXXXXXXXXXXXXXXXXXXXXXXXXXXXXXXXXXXXXXXXXXXXXXXXXXXXXXXXXXXXX
2026-09-28T03:50:46.147+03:00 [s2] [O] 
2026-09-28T03:50:46.148+03:00 [s2] [O] TX ACK seq=478 ack_to=118C/474 frame=14B OK time=48 ms guard=500ms
2026-09-28T03:50:46.186+03:00 [s1] [O] DELIVERY WAIT_ACK user=118C/474 attempt=1/5 timeout=747ms queue=0
2026-09-28T03:50:46.242+03:00 [s1] [O] PEER_REPORT our_seq=474 TX=-50/10 Q100
2026-09-28T03:50:46.274+03:00 [s1] [O] 
2026-09-28T03:50:46.329+03:00 [s1] [O] RX ACK session=EBE8 seq=478 ack_to=118C/474 frame=14B RX=-51/10 Q100
2026-09-28T03:50:46.455+03:00 [s1] [O] DELIVERY ACK user=118C/474 attempts=1/5 elapsed=262ms queue=0
2026-09-28T03:50:46.461+03:00 [s1] [I] S7AP200R9-XXXXXXXXXXXXXXXXXXXXXXXXXXXXXXXXXXXXXXXXXXXXXXXXXXXXXXXXXXXXXXXXXXXXXXXXXXXXXXXXXXXXXXXXXXXXXXXXXXXXXXXXXXXXXXXXXXXXXXXXXXXXXXXXXXXXXXXXXXXXXXXXXXXXXXXXXXXXXXXXXXXXXXXXXXXXXXXXXXXXXXXXXXXXXX
2026-09-28T03:50:46.550+03:00 [s1] [O] DELIVERY QUEUED source=2 bytes=200 waiting=1/8 in_flight=0
2026-09-28T03:50:46.860+03:00 [s1] [O] 
2026-09-28T03:50:46.873+03:00 [s2] [O] PEER_REPORT our_seq=478 TX=-51/10 Q100
2026-09-28T03:50:46.879+03:00 [s2] [O] 
2026-09-28T03:50:46.887+03:00 [s2] [O] RX USER session=118C seq=475 frame=212B user=200B RX=-50/10 Q100 disposition=0
2026-09-28T03:50:46.903+03:00 [s1] [O] TX USER seq=475 frame=212B user=200B attempt=1/5 OK time=340 ms
2026-09-28T03:50:46.919+03:00 [s2] [O] < [-50/10 Q100] S7AP200R9-XXXXXXXXXXXXXXXXXXXXXXXXXXXXXXXXXXXXXXXXXXXXXXXXXXXXXXXXXXXXXXXXXXXXXXXXXXXXXXXXXXXXXXXXXXXXXXXXXXXXXXXXXXXXXXXXXXXXXXXXXXXXXXXXXXXXXXXXXXXXXXXXXXXXXXXXXXXXXXXXXXXXXXXXXXXXXXXXXXXXXXXXXXXXXX
2026-09-28T03:50:47.095+03:00 [s1] [O] > S7AP200R9-XXXXXXXXXXXXXXXXXXXXXXXXXXXXXXXXXXXXXXXXXXXXXXXXXXXXXXXXXXXXXXXXXXXXXXXXXXXXXXXXXXXXXXXXXXXXXXXXXXXXXXXXXXXXXXXXXXXXXXXXXXXXXXXXXXXXXXXXXXXXXXXXXXXXXXXXXXXXXXXXXXXXXXXXXXXXXXXXXXXXXXXXXXXXXX
2026-09-28T03:50:47.129+03:00 [s1] [O] DELIVERY WAIT_ACK user=118C/475 attempt=1/5 timeout=747ms queue=0
2026-09-28T03:50:47.140+03:00 [s2] [O] 
2026-09-28T03:50:47.141+03:00 [s2] [O] TX ACK seq=479 ack_to=118C/475 frame=14B OK time=48 ms guard=500ms
2026-09-28T03:50:47.182+03:00 [s1] [O] PEER_REPORT our_seq=475 TX=-50/10 Q100
2026-09-28T03:50:47.238+03:00 [s1] [O] 
2026-09-28T03:50:47.278+03:00 [s1] [O] RX ACK session=EBE8 seq=479 ack_to=118C/475 frame=14B RX=-52/10 Q100
2026-09-28T03:50:47.404+03:00 [s1] [O] DELIVERY ACK user=118C/475 attempts=1/5 elapsed=262ms queue=0
2026-09-28T03:50:47.412+03:00 [s1] [I] S7AP200R10-XXXXXXXXXXXXXXXXXXXXXXXXXXXXXXXXXXXXXXXXXXXXXXXXXXXXXXXXXXXXXXXXXXXXXXXXXXXXXXXXXXXXXXXXXXXXXXXXXXXXXXXXXXXXXXXXXXXXXXXXXXXXXXXXXXXXXXXXXXXXXXXXXXXXXXXXXXXXXXXXXXXXXXXXXXXXXXXXXXXXXXXXXXXXX
2026-09-28T03:50:47.497+03:00 [s1] [O] DELIVERY QUEUED source=2 bytes=200 waiting=1/8 in_flight=0
2026-09-28T03:50:47.816+03:00 [s2] [O] PEER_REPORT our_seq=479 TX=-52/10 Q100
2026-09-28T03:50:47.816+03:00 [s2] [O] 
2026-09-28T03:50:47.819+03:00 [s2] [O] RX USER session=118C seq=476 frame=212B user=200B RX=-50/9 Q100 disposition=0
2026-09-28T03:50:47.849+03:00 [s1] [O] 
2026-09-28T03:50:47.872+03:00 [s2] [O] < [-50/9 Q100] S7AP200R10-XXXXXXXXXXXXXXXXXXXXXXXXXXXXXXXXXXXXXXXXXXXXXXXXXXXXXXXXXXXXXXXXXXXXXXXXXXXXXXXXXXXXXXXXXXXXXXXXXXXXXXXXXXXXXXXXXXXXXXXXXXXXXXXXXXXXXXXXXXXXXXXXXXXXXXXXXXXXXXXXXXXXXXXXXXXXXXXXXXXXXXXXXXXXX
2026-09-28T03:50:47.894+03:00 [s1] [O] TX USER seq=476 frame=212B user=200B attempt=1/5 OK time=341 ms
2026-09-28T03:50:48.090+03:00 [s2] [O] 
2026-09-28T03:50:48.093+03:00 [s2] [O] TX ACK seq=480 ack_to=118C/476 frame=14B OK time=48 ms guard=500ms
2026-09-28T03:50:48.126+03:00 [s1] [O] > S7AP200R10-XXXXXXXXXXXXXXXXXXXXXXXXXXXXXXXXXXXXXXXXXXXXXXXXXXXXXXXXXXXXXXXXXXXXXXXXXXXXXXXXXXXXXXXXXXXXXXXXXXXXXXXXXXXXXXXXXXXXXXXXXXXXXXXXXXXXXXXXXXXXXXXXXXXXXXXXXXXXXXXXXXXXXXXXXXXXXXXXXXXXXXXXXXXXX
2026-09-28T03:50:48.179+03:00 [s1] [O] DELIVERY WAIT_ACK user=118C/476 attempt=1/5 timeout=747ms queue=0
2026-09-28T03:50:48.264+03:00 [s1] [O] PEER_REPORT our_seq=476 TX=-50/9 Q100
2026-09-28T03:50:48.309+03:00 [s1] [O] 
2026-09-28T03:50:48.355+03:00 [s1] [O] RX ACK session=EBE8 seq=480 ack_to=118C/476 frame=14B RX=-51/9 Q100
2026-09-28T03:50:48.479+03:00 [s1] [O] DELIVERY ACK user=118C/476 attempts=1/5 elapsed=258ms queue=0
2026-09-28T03:50:48.490+03:00 [s2] [I] S7BP200R1-XXXXXXXXXXXXXXXXXXXXXXXXXXXXXXXXXXXXXXXXXXXXXXXXXXXXXXXXXXXXXXXXXXXXXXXXXXXXXXXXXXXXXXXXXXXXXXXXXXXXXXXXXXXXXXXXXXXXXXXXXXXXXXXXXXXXXXXXXXXXXXXXXXXXXXXXXXXXXXXXXXXXXXXXXXXXXXXXXXXXXXXXXXXXXX
2026-09-28T03:50:48.590+03:00 [s2] [O] DELIVERY QUEUED source=2 bytes=200 waiting=1/8 in_flight=0
2026-09-28T03:50:48.890+03:00 [s2] [O] 
2026-09-28T03:50:48.903+03:00 [s2] [O] TX USER seq=481 frame=212B user=200B attempt=1/5 OK time=340 ms
2026-09-28T03:50:48.931+03:00 [s1] [O] PEER_REPORT our_seq=476 TX=-50/9 Q100
2026-09-28T03:50:48.949+03:00 [s2] [O] > S7BP200R1-XXXXXXXXXXXXXXXXXXXXXXXXXXXXXXXXXXXXXXXXXXXXXXXXXXXXXXXXXXXXXXXXXXXXXXXXXXXXXXXXXXXXXXXXXXXXXXXXXXXXXXXXXXXXXXXXXXXXXXXXXXXXXXXXXXXXXXXXXXXXXXXXXXXXXXXXXXXXXXXXXXXXXXXXXXXXXXXXXXXXXXXXXXXXXX
2026-09-28T03:50:48.952+03:00 [s2] [O] DELIVERY WAIT_ACK user=EBE8/481 attempt=1/5 timeout=747ms queue=0
2026-09-28T03:50:48.975+03:00 [s1] [O] 
2026-09-28T03:50:49.026+03:00 [s1] [O] RX USER session=EBE8 seq=481 frame=212B user=200B RX=-50/9 Q100 disposition=0
2026-09-28T03:50:49.168+03:00 [s2] [O] PEER_REPORT our_seq=481 TX=-50/9 Q100
2026-09-28T03:50:49.168+03:00 [s2] [O] 
2026-09-28T03:50:49.171+03:00 [s2] [O] RX ACK session=118C seq=477 ack_to=EBE8/481 frame=14B RX=-52/10 Q100
2026-09-28T03:50:49.174+03:00 [s2] [O] DELIVERY ACK user=EBE8/481 attempts=1/5 elapsed=263ms queue=0
2026-09-28T03:50:49.175+03:00 [s2] [I] S7BP200R2-XXXXXXXXXXXXXXXXXXXXXXXXXXXXXXXXXXXXXXXXXXXXXXXXXXXXXXXXXXXXXXXXXXXXXXXXXXXXXXXXXXXXXXXXXXXXXXXXXXXXXXXXXXXXXXXXXXXXXXXXXXXXXXXXXXXXXXXXXXXXXXXXXXXXXXXXXXXXXXXXXXXXXXXXXXXXXXXXXXXXXXXXXXXXXX
2026-09-28T03:50:49.259+03:00 [s1] [O] < [-50/9 Q100] S7BP200R1-XXXXXXXXXXXXXXXXXXXXXXXXXXXXXXXXXXXXXXXXXXXXXXXXXXXXXXXXXXXXXXXXXXXXXXXXXXXXXXXXXXXXXXXXXXXXXXXXXXXXXXXXXXXXXXXXXXXXXXXXXXXXXXXXXXXXXXXXXXXXXXXXXXXXXXXXXXXXXXXXXXXXXXXXXXXXXXXXXXXXXXXXXXXXXX
2026-09-28T03:50:49.260+03:00 [s1] [O] 
2026-09-28T03:50:49.260+03:00 [s2] [O] DELIVERY QUEUED source=2 bytes=200 waiting=1/8 in_flight=0
2026-09-28T03:50:49.293+03:00 [s1] [O] TX ACK seq=477 ack_to=EBE8/481 frame=14B OK time=48 ms guard=500ms
2026-09-28T03:50:49.570+03:00 [s1] [O] PEER_REPORT our_seq=477 TX=-52/10 Q100
2026-09-28T03:50:49.571+03:00 [s2] [O] 
2026-09-28T03:50:49.580+03:00 [s2] [O] TX USER seq=482 frame=212B user=200B attempt=1/5 OK time=340 ms
2026-09-28T03:50:49.621+03:00 [s1] [O] 
2026-09-28T03:50:49.624+03:00 [s2] [O] > S7BP200R2-XXXXXXXXXXXXXXXXXXXXXXXXXXXXXXXXXXXXXXXXXXXXXXXXXXXXXXXXXXXXXXXXXXXXXXXXXXXXXXXXXXXXXXXXXXXXXXXXXXXXXXXXXXXXXXXXXXXXXXXXXXXXXXXXXXXXXXXXXXXXXXXXXXXXXXXXXXXXXXXXXXXXXXXXXXXXXXXXXXXXXXXXXXXXXX
2026-09-28T03:50:49.624+03:00 [s2] [O] DELIVERY WAIT_ACK user=EBE8/482 attempt=1/5 timeout=747ms queue=0
2026-09-28T03:50:49.656+03:00 [s1] [O] RX USER session=EBE8 seq=482 frame=212B user=200B RX=-50/9 Q100 disposition=0
2026-09-28T03:50:49.843+03:00 [s2] [O] PEER_REPORT our_seq=482 TX=-50/9 Q100
2026-09-28T03:50:49.846+03:00 [s2] [O] 
2026-09-28T03:50:49.848+03:00 [s2] [O] RX ACK session=118C seq=478 ack_to=EBE8/482 frame=14B RX=-51/10 Q100
2026-09-28T03:50:49.850+03:00 [s2] [O] DELIVERY ACK user=EBE8/482 attempts=1/5 elapsed=262ms queue=0
2026-09-28T03:50:49.854+03:00 [s2] [I] S7BP200R3-XXXXXXXXXXXXXXXXXXXXXXXXXXXXXXXXXXXXXXXXXXXXXXXXXXXXXXXXXXXXXXXXXXXXXXXXXXXXXXXXXXXXXXXXXXXXXXXXXXXXXXXXXXXXXXXXXXXXXXXXXXXXXXXXXXXXXXXXXXXXXXXXXXXXXXXXXXXXXXXXXXXXXXXXXXXXXXXXXXXXXXXXXXXXXX
2026-09-28T03:50:49.877+03:00 [s1] [O] < [-50/9 Q100] S7BP200R2-XXXXXXXXXXXXXXXXXXXXXXXXXXXXXXXXXXXXXXXXXXXXXXXXXXXXXXXXXXXXXXXXXXXXXXXXXXXXXXXXXXXXXXXXXXXXXXXXXXXXXXXXXXXXXXXXXXXXXXXXXXXXXXXXXXXXXXXXXXXXXXXXXXXXXXXXXXXXXXXXXXXXXXXXXXXXXXXXXXXXXXXXXXXXXX
2026-09-28T03:50:49.922+03:00 [s1] [O] 
2026-09-28T03:50:49.930+03:00 [s2] [O] DELIVERY QUEUED source=2 bytes=200 waiting=1/8 in_flight=0
2026-09-28T03:50:49.963+03:00 [s1] [O] TX ACK seq=478 ack_to=EBE8/482 frame=14B OK time=48 ms guard=500ms
2026-09-28T03:50:50.236+03:00 [s1] [O] PEER_REPORT our_seq=478 TX=-51/10 Q100
2026-09-28T03:50:50.243+03:00 [s2] [O] 
2026-09-28T03:50:50.247+03:00 [s2] [O] TX USER seq=483 frame=212B user=200B attempt=1/5 OK time=340 ms
2026-09-28T03:50:50.284+03:00 [s1] [O] 
2026-09-28T03:50:50.315+03:00 [s2] [O] > S7BP200R3-XXXXXXXXXXXXXXXXXXXXXXXXXXXXXXXXXXXXXXXXXXXXXXXXXXXXXXXXXXXXXXXXXXXXXXXXXXXXXXXXXXXXXXXXXXXXXXXXXXXXXXXXXXXXXXXXXXXXXXXXXXXXXXXXXXXXXXXXXXXXXXXXXXXXXXXXXXXXXXXXXXXXXXXXXXXXXXXXXXXXXXXXXXXXXX
2026-09-28T03:50:50.317+03:00 [s2] [O] DELIVERY WAIT_ACK user=EBE8/483 attempt=1/5 timeout=747ms queue=0
2026-09-28T03:50:50.332+03:00 [s1] [O] RX USER session=EBE8 seq=483 frame=212B user=200B RX=-50/9 Q100 disposition=0
2026-09-28T03:50:50.514+03:00 [s2] [O] PEER_REPORT our_seq=483 TX=-50/9 Q100
2026-09-28T03:50:50.524+03:00 [s2] [O] 
2026-09-28T03:50:50.526+03:00 [s2] [O] RX ACK session=118C seq=479 ack_to=EBE8/483 frame=14B RX=-52/10 Q100
2026-09-28T03:50:50.527+03:00 [s2] [O] DELIVERY ACK user=EBE8/483 attempts=1/5 elapsed=262ms queue=0
2026-09-28T03:50:50.529+03:00 [s2] [I] S7BP200R4-XXXXXXXXXXXXXXXXXXXXXXXXXXXXXXXXXXXXXXXXXXXXXXXXXXXXXXXXXXXXXXXXXXXXXXXXXXXXXXXXXXXXXXXXXXXXXXXXXXXXXXXXXXXXXXXXXXXXXXXXXXXXXXXXXXXXXXXXXXXXXXXXXXXXXXXXXXXXXXXXXXXXXXXXXXXXXXXXXXXXXXXXXXXXXX
2026-09-28T03:50:50.553+03:00 [s1] [O] < [-50/9 Q100] S7BP200R3-XXXXXXXXXXXXXXXXXXXXXXXXXXXXXXXXXXXXXXXXXXXXXXXXXXXXXXXXXXXXXXXXXXXXXXXXXXXXXXXXXXXXXXXXXXXXXXXXXXXXXXXXXXXXXXXXXXXXXXXXXXXXXXXXXXXXXXXXXXXXXXXXXXXXXXXXXXXXXXXXXXXXXXXXXXXXXXXXXXXXXXXXXXXXXX
2026-09-28T03:50:50.596+03:00 [s1] [O] 
2026-09-28T03:50:50.608+03:00 [s2] [O] DELIVERY QUEUED source=2 bytes=200 waiting=1/8 in_flight=0
2026-09-28T03:50:50.639+03:00 [s1] [O] TX ACK seq=479 ack_to=EBE8/483 frame=14B OK time=48 ms guard=500ms
2026-09-28T03:50:50.686+03:00 [s1] [O] 
2026-09-28T03:50:50.826+03:00 [s1] [O] SESSION t=3840s TX ok=487 user=218 echo_req=0 echo_rep=0 hb=70(idle=70) err=0 started=487 RX ok=480 user=199 echo_req=0 echo_rep=0 hb=0 crc=7 hdr=3 bad=0 readerr=0 reports=480 Q=100% drops=0 fatal=0
2026-09-28T03:50:50.922+03:00 [s2] [O] 
2026-09-28T03:50:50.923+03:00 [s2] [O] TX USER seq=484 frame=212B user=200B attempt=1/5 OK time=340 ms
2026-09-28T03:50:50.976+03:00 [s2] [O] > S7BP200R4-XXXXXXXXXXXXXXXXXXXXXXXXXXXXXXXXXXXXXXXXXXXXXXXXXXXXXXXXXXXXXXXXXXXXXXXXXXXXXXXXXXXXXXXXXXXXXXXXXXXXXXXXXXXXXXXXXXXXXXXXXXXXXXXXXXXXXXXXXXXXXXXXXXXXXXXXXXXXXXXXXXXXXXXXXXXXXXXXXXXXXXXXXXXXXX
2026-09-28T03:50:50.978+03:00 [s2] [O] DELIVERY WAIT_ACK user=EBE8/484 attempt=1/5 timeout=747ms queue=0
2026-09-28T03:50:51.057+03:00 [s1] [O] SESSION COURTESY window=5000ms peer_release=0 expired=0 yielding=0
2026-09-28T03:50:51.185+03:00 [s2] [O] PEER_REPORT our_seq=484 TX=-50/10 Q100
2026-09-28T03:50:51.197+03:00 [s2] [O] 
2026-09-28T03:50:51.197+03:00 [s1] [O] SESSION DIO0_TX affected=0/487 episodes=0 avg_all=0.00 avg_affected=0.00 high_polls=0
2026-09-28T03:50:51.205+03:00 [s2] [O] RX ACK session=118C seq=480 ack_to=EBE8/484 frame=14B RX=-51/10 Q100
2026-09-28T03:50:51.215+03:00 [s2] [O] DELIVERY ACK user=EBE8/484 attempts=1/5 elapsed=263ms queue=0
2026-09-28T03:50:51.225+03:00 [s2] [I] S7BP200R5-XXXXXXXXXXXXXXXXXXXXXXXXXXXXXXXXXXXXXXXXXXXXXXXXXXXXXXXXXXXXXXXXXXXXXXXXXXXXXXXXXXXXXXXXXXXXXXXXXXXXXXXXXXXXXXXXXXXXXXXXXXXXXXXXXXXXXXXXXXXXXXXXXXXXXXXXXXXXXXXXXXXXXXXXXXXXXXXXXXXXXXXXXXXXXX
2026-09-28T03:50:51.328+03:00 [s2] [O] DELIVERY QUEUED source=2 bytes=200 waiting=1/8 in_flight=0
2026-09-28T03:50:51.359+03:00 [s1] [O] SESSION RX_POLL polls=3660270 rxdone=490 interval=1000us DIO0_RX false_high_ep=0 high_polls=0 rxdone_low=15 isr=disabled
2026-09-28T03:50:51.456+03:00 [s1] [O] PEER_REPORT our_seq=479 TX=-52/10 Q100
2026-09-28T03:50:51.493+03:00 [s1] [O] 
2026-09-28T03:50:51.538+03:00 [s1] [O] RX USER session=EBE8 seq=484 frame=212B user=200B RX=-50/10 Q100 disposition=0
2026-09-28T03:50:51.642+03:00 [s2] [O] 
2026-09-28T03:50:51.643+03:00 [s2] [O] TX USER seq=485 frame=212B user=200B attempt=1/5 OK time=340 ms
2026-09-28T03:50:51.693+03:00 [s2] [O] > S7BP200R5-XXXXXXXXXXXXXXXXXXXXXXXXXXXXXXXXXXXXXXXXXXXXXXXXXXXXXXXXXXXXXXXXXXXXXXXXXXXXXXXXXXXXXXXXXXXXXXXXXXXXXXXXXXXXXXXXXXXXXXXXXXXXXXXXXXXXXXXXXXXXXXXXXXXXXXXXXXXXXXXXXXXXXXXXXXXXXXXXXXXXXXXXXXXXXX
2026-09-28T03:50:51.695+03:00 [s2] [O] DELIVERY WAIT_ACK user=EBE8/485 attempt=1/5 timeout=747ms queue=0
2026-09-28T03:50:51.772+03:00 [s1] [O] < [-50/10 Q100] S7BP200R4-XXXXXXXXXXXXXXXXXXXXXXXXXXXXXXXXXXXXXXXXXXXXXXXXXXXXXXXXXXXXXXXXXXXXXXXXXXXXXXXXXXXXXXXXXXXXXXXXXXXXXXXXXXXXXXXXXXXXXXXXXXXXXXXXXXXXXXXXXXXXXXXXXXXXXXXXXXXXXXXXXXXXXXXXXXXXXXXXXXXXXXXXXXXXXX
2026-09-28T03:50:51.774+03:00 [s1] [O] 
2026-09-28T03:50:51.822+03:00 [s1] [O] TX ACK seq=480 ack_to=EBE8/484 frame=14B OK time=48 ms guard=500ms
2026-09-28T03:50:51.908+03:00 [s2] [O] PEER_REPORT our_seq=485 TX=-50/9 Q100
2026-09-28T03:50:51.909+03:00 [s2] [O] 
2026-09-28T03:50:51.915+03:00 [s2] [O] RX ACK session=118C seq=481 ack_to=EBE8/485 frame=14B RX=-52/9 Q100
2026-09-28T03:50:51.915+03:00 [s1] [O] PEER_REPORT our_seq=480 TX=-51/10 Q100
2026-09-28T03:50:51.919+03:00 [s2] [O] DELIVERY ACK user=EBE8/485 attempts=1/5 elapsed=262ms queue=0
2026-09-28T03:50:51.923+03:00 [s2] [I] S7BP200R6-XXXXXXXXXXXXXXXXXXXXXXXXXXXXXXXXXXXXXXXXXXXXXXXXXXXXXXXXXXXXXXXXXXXXXXXXXXXXXXXXXXXXXXXXXXXXXXXXXXXXXXXXXXXXXXXXXXXXXXXXXXXXXXXXXXXXXXXXXXXXXXXXXXXXXXXXXXXXXXXXXXXXXXXXXXXXXXXXXXXXXXXXXXXXXX
2026-09-28T03:50:51.949+03:00 [s1] [O] 
2026-09-28T03:50:52.000+03:00 [s1] [O] RX USER session=EBE8 seq=485 frame=212B user=200B RX=-50/9 Q100 disposition=0
2026-09-28T03:50:52.004+03:00 [s2] [O] DELIVERY QUEUED source=2 bytes=200 waiting=1/8 in_flight=0
2026-09-28T03:50:52.259+03:00 [s1] [O] < [-50/9 Q100] S7BP200R5-XXXXXXXXXXXXXXXXXXXXXXXXXXXXXXXXXXXXXXXXXXXXXXXXXXXXXXXXXXXXXXXXXXXXXXXXXXXXXXXXXXXXXXXXXXXXXXXXXXXXXXXXXXXXXXXXXXXXXXXXXXXXXXXXXXXXXXXXXXXXXXXXXXXXXXXXXXXXXXXXXXXXXXXXXXXXXXXXXXXXXXXXXXXXXX
2026-09-28T03:50:52.305+03:00 [s1] [O] 
2026-09-28T03:50:52.313+03:00 [s2] [O] 
2026-09-28T03:50:52.317+03:00 [s2] [O] TX USER seq=486 frame=212B user=200B attempt=1/5 OK time=340 ms
2026-09-28T03:50:52.348+03:00 [s1] [O] TX ACK seq=481 ack_to=EBE8/485 frame=14B OK time=48 ms guard=500ms
2026-09-28T03:50:52.367+03:00 [s2] [O] > S7BP200R6-XXXXXXXXXXXXXXXXXXXXXXXXXXXXXXXXXXXXXXXXXXXXXXXXXXXXXXXXXXXXXXXXXXXXXXXXXXXXXXXXXXXXXXXXXXXXXXXXXXXXXXXXXXXXXXXXXXXXXXXXXXXXXXXXXXXXXXXXXXXXXXXXXXXXXXXXXXXXXXXXXXXXXXXXXXXXXXXXXXXXXXXXXXXXXX
2026-09-28T03:50:52.368+03:00 [s2] [O] DELIVERY WAIT_ACK user=EBE8/486 attempt=1/5 timeout=747ms queue=0
2026-09-28T03:50:52.440+03:00 [s1] [O] PEER_REPORT our_seq=481 TX=-52/9 Q100
2026-09-28T03:50:52.487+03:00 [s1] [O] 
2026-09-28T03:50:52.528+03:00 [s1] [O] RX USER session=EBE8 seq=486 frame=212B user=200B RX=-50/9 Q100 disposition=0
2026-09-28T03:50:52.589+03:00 [s2] [O] PEER_REPORT our_seq=486 TX=-50/9 Q100
2026-09-28T03:50:52.594+03:00 [s2] [O] 
2026-09-28T03:50:52.596+03:00 [s2] [O] RX ACK session=118C seq=482 ack_to=EBE8/486 frame=14B RX=-51/9 Q100
2026-09-28T03:50:52.596+03:00 [s2] [O] DELIVERY ACK user=EBE8/486 attempts=1/5 elapsed=263ms queue=0
2026-09-28T03:50:52.598+03:00 [s2] [I] S7BP200R7-XXXXXXXXXXXXXXXXXXXXXXXXXXXXXXXXXXXXXXXXXXXXXXXXXXXXXXXXXXXXXXXXXXXXXXXXXXXXXXXXXXXXXXXXXXXXXXXXXXXXXXXXXXXXXXXXXXXXXXXXXXXXXXXXXXXXXXXXXXXXXXXXXXXXXXXXXXXXXXXXXXXXXXXXXXXXXXXXXXXXXXXXXXXXXX
2026-09-28T03:50:52.689+03:00 [s2] [O] DELIVERY QUEUED source=2 bytes=200 waiting=1/8 in_flight=0
2026-09-28T03:50:52.754+03:00 [s1] [O] < [-50/9 Q100] S7BP200R6-XXXXXXXXXXXXXXXXXXXXXXXXXXXXXXXXXXXXXXXXXXXXXXXXXXXXXXXXXXXXXXXXXXXXXXXXXXXXXXXXXXXXXXXXXXXXXXXXXXXXXXXXXXXXXXXXXXXXXXXXXXXXXXXXXXXXXXXXXXXXXXXXXXXXXXXXXXXXXXXXXXXXXXXXXXXXXXXXXXXXXXXXXXXXXX
2026-09-28T03:50:52.762+03:00 [s1] [O] 
2026-09-28T03:50:52.806+03:00 [s1] [O] TX ACK seq=482 ack_to=EBE8/486 frame=14B OK time=48 ms guard=500ms
2026-09-28T03:50:52.992+03:00 [s2] [O] 
2026-09-28T03:50:52.996+03:00 [s1] [O] PEER_REPORT our_seq=482 TX=-51/9 Q100
2026-09-28T03:50:52.996+03:00 [s2] [O] TX USER seq=487 frame=212B user=200B attempt=1/5 OK time=340 ms
2026-09-28T03:50:53.023+03:00 [s1] [O] 
2026-09-28T03:50:53.042+03:00 [s2] [O] > S7BP200R7-XXXXXXXXXXXXXXXXXXXXXXXXXXXXXXXXXXXXXXXXXXXXXXXXXXXXXXXXXXXXXXXXXXXXXXXXXXXXXXXXXXXXXXXXXXXXXXXXXXXXXXXXXXXXXXXXXXXXXXXXXXXXXXXXXXXXXXXXXXXXXXXXXXXXXXXXXXXXXXXXXXXXXXXXXXXXXXXXXXXXXXXXXXXXXX
2026-09-28T03:50:53.044+03:00 [s2] [O] DELIVERY WAIT_ACK user=EBE8/487 attempt=1/5 timeout=747ms queue=0
2026-09-28T03:50:53.079+03:00 [s1] [O] RX USER session=EBE8 seq=487 frame=212B user=200B RX=-50/10 Q100 disposition=0
2026-09-28T03:50:53.260+03:00 [s2] [O] PEER_REPORT our_seq=487 TX=-50/10 Q100
2026-09-28T03:50:53.264+03:00 [s2] [O] 
2026-09-28T03:50:53.273+03:00 [s2] [O] RX ACK session=118C seq=483 ack_to=EBE8/487 frame=14B RX=-51/9 Q100
2026-09-28T03:50:53.275+03:00 [s2] [O] DELIVERY ACK user=EBE8/487 attempts=1/5 elapsed=264ms queue=0
2026-09-28T03:50:53.277+03:00 [s2] [I] S7BP200R8-XXXXXXXXXXXXXXXXXXXXXXXXXXXXXXXXXXXXXXXXXXXXXXXXXXXXXXXXXXXXXXXXXXXXXXXXXXXXXXXXXXXXXXXXXXXXXXXXXXXXXXXXXXXXXXXXXXXXXXXXXXXXXXXXXXXXXXXXXXXXXXXXXXXXXXXXXXXXXXXXXXXXXXXXXXXXXXXXXXXXXXXXXXXXXX
2026-09-28T03:50:53.296+03:00 [s1] [O] < [-50/10 Q100] S7BP200R7-XXXXXXXXXXXXXXXXXXXXXXXXXXXXXXXXXXXXXXXXXXXXXXXXXXXXXXXXXXXXXXXXXXXXXXXXXXXXXXXXXXXXXXXXXXXXXXXXXXXXXXXXXXXXXXXXXXXXXXXXXXXXXXXXXXXXXXXXXXXXXXXXXXXXXXXXXXXXXXXXXXXXXXXXXXXXXXXXXXXXXXXXXXXXXX
2026-09-28T03:50:53.297+03:00 [s1] [O] 
2026-09-28T03:50:53.358+03:00 [s2] [O] DELIVERY QUEUED source=2 bytes=200 waiting=1/8 in_flight=0
2026-09-28T03:50:53.360+03:00 [s1] [O] TX ACK seq=483 ack_to=EBE8/487 frame=14B OK time=48 ms guard=500ms
2026-09-28T03:50:53.674+03:00 [s2] [O] 
2026-09-28T03:50:53.674+03:00 [s2] [O] TX USER seq=488 frame=212B user=200B attempt=1/5 OK time=340 ms
2026-09-28T03:50:53.675+03:00 [s1] [O] PEER_REPORT our_seq=483 TX=-51/9 Q100
2026-09-28T03:50:53.704+03:00 [s1] [O] 
2026-09-28T03:50:53.716+03:00 [s2] [O] > S7BP200R8-XXXXXXXXXXXXXXXXXXXXXXXXXXXXXXXXXXXXXXXXXXXXXXXXXXXXXXXXXXXXXXXXXXXXXXXXXXXXXXXXXXXXXXXXXXXXXXXXXXXXXXXXXXXXXXXXXXXXXXXXXXXXXXXXXXXXXXXXXXXXXXXXXXXXXXXXXXXXXXXXXXXXXXXXXXXXXXXXXXXXXXXXXXXXXX
2026-09-28T03:50:53.729+03:00 [s2] [O] DELIVERY WAIT_ACK user=EBE8/488 attempt=1/5 timeout=747ms queue=0
2026-09-28T03:50:53.743+03:00 [s1] [O] RX USER session=EBE8 seq=488 frame=212B user=200B RX=-50/10 Q100 disposition=0
2026-09-28T03:50:53.934+03:00 [s2] [O] PEER_REPORT our_seq=488 TX=-50/10 Q100
2026-09-28T03:50:53.946+03:00 [s2] [O] 
2026-09-28T03:50:53.947+03:00 [s2] [O] RX ACK session=118C seq=484 ack_to=EBE8/488 frame=14B RX=-50/10 Q100
2026-09-28T03:50:53.954+03:00 [s2] [O] DELIVERY ACK user=EBE8/488 attempts=1/5 elapsed=263ms queue=0
2026-09-28T03:50:53.955+03:00 [s2] [I] S7BP200R9-XXXXXXXXXXXXXXXXXXXXXXXXXXXXXXXXXXXXXXXXXXXXXXXXXXXXXXXXXXXXXXXXXXXXXXXXXXXXXXXXXXXXXXXXXXXXXXXXXXXXXXXXXXXXXXXXXXXXXXXXXXXXXXXXXXXXXXXXXXXXXXXXXXXXXXXXXXXXXXXXXXXXXXXXXXXXXXXXXXXXXXXXXXXXXX
2026-09-28T03:50:53.969+03:00 [s1] [O] < [-50/10 Q100] S7BP200R8-XXXXXXXXXXXXXXXXXXXXXXXXXXXXXXXXXXXXXXXXXXXXXXXXXXXXXXXXXXXXXXXXXXXXXXXXXXXXXXXXXXXXXXXXXXXXXXXXXXXXXXXXXXXXXXXXXXXXXXXXXXXXXXXXXXXXXXXXXXXXXXXXXXXXXXXXXXXXXXXXXXXXXXXXXXXXXXXXXXXXXXXXXXXXXX
2026-09-28T03:50:53.973+03:00 [s1] [O] 
2026-09-28T03:50:54.029+03:00 [s2] [O] DELIVERY QUEUED source=2 bytes=200 waiting=1/8 in_flight=0
2026-09-28T03:50:54.034+03:00 [s1] [O] TX ACK seq=484 ack_to=EBE8/488 frame=14B OK time=48 ms guard=500ms
2026-09-28T03:50:54.332+03:00 [s1] [O] PEER_REPORT our_seq=484 TX=-50/10 Q100
2026-09-28T03:50:54.384+03:00 [s1] [O] 
2026-09-28T03:50:54.391+03:00 [s2] [O] 
2026-09-28T03:50:54.392+03:00 [s2] [O] TX USER seq=489 frame=212B user=200B attempt=1/5 OK time=341 ms
2026-09-28T03:50:54.394+03:00 [s2] [O] > S7BP200R9-XXXXXXXXXXXXXXXXXXXXXXXXXXXXXXXXXXXXXXXXXXXXXXXXXXXXXXXXXXXXXXXXXXXXXXXXXXXXXXXXXXXXXXXXXXXXXXXXXXXXXXXXXXXXXXXXXXXXXXXXXXXXXXXXXXXXXXXXXXXXXXXXXXXXXXXXXXXXXXXXXXXXXXXXXXXXXXXXXXXXXXXXXXXXXX
2026-09-28T03:50:54.419+03:00 [s1] [O] RX USER session=EBE8 seq=489 frame=212B user=200B RX=-50/10 Q100 disposition=0
2026-09-28T03:50:54.426+03:00 [s2] [O] DELIVERY WAIT_ACK user=EBE8/489 attempt=1/5 timeout=747ms queue=0
2026-09-28T03:50:54.608+03:00 [s2] [O] PEER_REPORT our_seq=489 TX=-50/10 Q100
2026-09-28T03:50:54.611+03:00 [s2] [O] 
2026-09-28T03:50:54.622+03:00 [s2] [O] RX ACK session=118C seq=485 ack_to=EBE8/489 frame=14B RX=-51/10 Q100
2026-09-28T03:50:54.624+03:00 [s2] [O] DELIVERY ACK user=EBE8/489 attempts=1/5 elapsed=262ms queue=0
2026-09-28T03:50:54.626+03:00 [s2] [I] S7BP200R10-XXXXXXXXXXXXXXXXXXXXXXXXXXXXXXXXXXXXXXXXXXXXXXXXXXXXXXXXXXXXXXXXXXXXXXXXXXXXXXXXXXXXXXXXXXXXXXXXXXXXXXXXXXXXXXXXXXXXXXXXXXXXXXXXXXXXXXXXXXXXXXXXXXXXXXXXXXXXXXXXXXXXXXXXXXXXXXXXXXXXXXXXXXXXX
2026-09-28T03:50:54.657+03:00 [s1] [O] < [-50/10 Q100] S7BP200R9-XXXXXXXXXXXXXXXXXXXXXXXXXXXXXXXXXXXXXXXXXXXXXXXXXXXXXXXXXXXXXXXXXXXXXXXXXXXXXXXXXXXXXXXXXXXXXXXXXXXXXXXXXXXXXXXXXXXXXXXXXXXXXXXXXXXXXXXXXXXXXXXXXXXXXXXXXXXXXXXXXXXXXXXXXXXXXXXXXXXXXXXXXXXXXX
2026-09-28T03:50:54.658+03:00 [s1] [O] 
2026-09-28T03:50:54.694+03:00 [s1] [O] TX ACK seq=485 ack_to=EBE8/489 frame=14B OK time=48 ms guard=500ms
2026-09-28T03:50:54.694+03:00 [s2] [O] DELIVERY QUEUED source=2 bytes=200 waiting=1/8 in_flight=0
2026-09-28T03:50:55.015+03:00 [s2] [O] 
2026-09-28T03:50:55.021+03:00 [s2] [O] TX USER seq=490 frame=212B user=200B attempt=1/5 OK time=340 ms
2026-09-28T03:50:55.026+03:00 [s1] [O] PEER_REPORT our_seq=485 TX=-51/10 Q100
2026-09-28T03:50:55.073+03:00 [s2] [O] > S7BP200R10-XXXXXXXXXXXXXXXXXXXXXXXXXXXXXXXXXXXXXXXXXXXXXXXXXXXXXXXXXXXXXXXXXXXXXXXXXXXXXXXXXXXXXXXXXXXXXXXXXXXXXXXXXXXXXXXXXXXXXXXXXXXXXXXXXXXXXXXXXXXXXXXXXXXXXXXXXXXXXXXXXXXXXXXXXXXXXXXXXXXXXXXXXXXXX
2026-09-28T03:50:55.073+03:00 [s2] [O] DELIVERY WAIT_ACK user=EBE8/490 attempt=1/5 timeout=747ms queue=0
2026-09-28T03:50:55.099+03:00 [s1] [O] 
2026-09-28T03:50:55.148+03:00 [s1] [O] RX USER session=EBE8 seq=490 frame=212B user=200B RX=-50/9 Q100 disposition=0
2026-09-28T03:50:55.285+03:00 [s2] [O] PEER_REPORT our_seq=490 TX=-50/9 Q100
2026-09-28T03:50:55.291+03:00 [s2] [O] 
2026-09-28T03:50:55.296+03:00 [s2] [O] RX ACK session=118C seq=486 ack_to=EBE8/490 frame=14B RX=-51/9 Q100
2026-09-28T03:50:55.305+03:00 [s2] [O] DELIVERY ACK user=EBE8/490 attempts=1/5 elapsed=262ms queue=0
2026-09-28T03:50:55.307+03:00 [s1] [I] /power 2
2026-09-28T03:50:55.375+03:00 [s1] [O] < [-50/9 Q100] S7BP200R10-XXXXXXXXXXXXXXXXXXXXXXXXXXXXXXXXXXXXXXXXXXXXXXXXXXXXXXXXXXXXXXXXXXXXXXXXXXXXXXXXXXXXXXXXXXXXXXXXXXXXXXXXXXXXXXXXXXXXXXXXXXXXXXXXXXXXXXXXXXXXXXXXXXXXXXXXXXXXXXXXXXXXXXXXXXXXXXXXXXXXXXXXXXXXX
2026-09-28T03:50:55.376+03:00 [s1] [O] 
2026-09-28T03:50:55.415+03:00 [s1] [O] TX ACK seq=486 ack_to=EBE8/490 frame=14B OK time=48 ms guard=500ms
2026-09-28T03:50:55.507+03:00 [s1] [O] [SYS] POWER 2 dBm SAVED
2026-09-28T03:50:55.511+03:00 [s1] [I] /freq 470.000
2026-09-28T03:50:55.604+03:00 [s1] [O] [SYS] FREQ 470 MHz SAVED
2026-09-28T03:50:55.607+03:00 [s1] [I] /bw 250.000
2026-09-28T03:50:55.682+03:00 [s1] [O] [SYS] BW 250 kHz SAVED
2026-09-28T03:50:55.684+03:00 [s1] [I] /sf 7
2026-09-28T03:50:55.771+03:00 [s1] [O] [SYS] SF 7 SAVED
2026-09-28T03:50:55.777+03:00 [s2] [I] /power 2
2026-09-28T03:50:55.868+03:00 [s2] [O] [SYS] POWER 2 dBm SAVED
2026-09-28T03:50:55.870+03:00 [s2] [I] /freq 470.000
2026-09-28T03:50:55.960+03:00 [s2] [O] [SYS] FREQ 470 MHz SAVED
2026-09-28T03:50:55.964+03:00 [s2] [I] /bw 250.000
2026-09-28T03:50:56.045+03:00 [s2] [O] [SYS] BW 250 kHz SAVED
2026-09-28T03:50:56.048+03:00 [s2] [I] /sf 7
2026-09-28T03:50:56.137+03:00 [s2] [O] [SYS] SF 7 SAVED
2026-09-28T03:50:56.142+03:00 [s1] [I] /config
2026-09-28T03:50:56.233+03:00 [s1] [O] [SYS] CFG schema=2 storage=NVS freq_oob=OFF
2026-09-28T03:50:56.276+03:00 [s1] [O] [SYS] CFG RADIO power=2 dBm freq=470 MHz sf=7 bw=250 kHz
2026-09-28T03:50:56.280+03:00 [s2] [I] /config
2026-09-28T03:50:56.310+03:00 [s1] [O] [SYS] CFG LINK heartbeat=OFF retry=ON attempts=5 diag=OFF
2026-09-28T03:50:56.368+03:00 [s2] [O] [SYS] CFG schema=2 storage=NVS freq_oob=OFF
2026-09-28T03:50:56.378+03:00 [s2] [O] [SYS] CFG RADIO power=2 dBm freq=470 MHz sf=7 bw=250 kHz
2026-09-28T03:50:56.381+03:00 [s1] [I] A
2026-09-28T03:50:56.380+03:00 [s2] [O] [SYS] CFG LINK heartbeat=OFF retry=ON attempts=5 diag=OFF
2026-09-28T03:50:56.455+03:00 [s1] [O] DELIVERY QUEUED source=2 bytes=1 waiting=1/8 in_flight=0
2026-09-28T03:50:56.455+03:00 [s2] [O] PEER_REPORT our_seq=490 TX=-50/9 Q100
2026-09-28T03:50:56.464+03:00 [s2] [O] 
2026-09-28T03:50:56.472+03:00 [s2] [O] RX USER session=118C seq=487 frame=13B user=1B RX=-49/9 Q100 disposition=0
2026-09-28T03:50:56.476+03:00 [s2] [O] < [-49/9 Q100] A
2026-09-28T03:50:56.536+03:00 [s1] [O] 
2026-09-28T03:50:56.578+03:00 [s1] [O] TX USER seq=487 frame=13B user=1B attempt=1/5 OK time=25 ms
2026-09-28T03:50:56.632+03:00 [s1] [O] > A
2026-09-28T03:50:56.677+03:00 [s2] [O] 
2026-09-28T03:50:56.679+03:00 [s1] [O] DELIVERY WAIT_ACK user=118C/487 attempt=1/5 timeout=724ms queue=0
2026-09-28T03:50:56.679+03:00 [s2] [O] TX ACK seq=491 ack_to=118C/487 frame=14B OK time=25 ms guard=500ms
2026-09-28T03:50:56.718+03:00 [s1] [O] PEER_REPORT our_seq=487 TX=-49/9 Q100
2026-09-28T03:50:56.759+03:00 [s1] [O] 
2026-09-28T03:50:56.812+03:00 [s1] [O] RX ACK session=EBE8 seq=491 ack_to=118C/487 frame=14B RX=-50/10 Q100
2026-09-28T03:50:56.949+03:00 [s1] [O] DELIVERY ACK user=118C/487 attempts=1/5 elapsed=240ms queue=0
2026-09-28T03:50:56.958+03:00 [s1] [I] A
2026-09-28T03:50:57.035+03:00 [s1] [O] DELIVERY QUEUED source=2 bytes=1 waiting=1/8 in_flight=0
2026-09-28T03:50:57.047+03:00 [s2] [O] PEER_REPORT our_seq=491 TX=-50/10 Q100
2026-09-28T03:50:57.059+03:00 [s2] [O] 
2026-09-28T03:50:57.062+03:00 [s2] [O] RX USER session=118C seq=488 frame=13B user=1B RX=-50/10 Q100 disposition=0
2026-09-28T03:50:57.065+03:00 [s2] [O] < [-50/10 Q100] A
2026-09-28T03:50:57.120+03:00 [s1] [O] 
2026-09-28T03:50:57.165+03:00 [s1] [O] TX USER seq=488 frame=13B user=1B attempt=1/5 OK time=25 ms
2026-09-28T03:50:57.215+03:00 [s1] [O] > A
2026-09-28T03:50:57.263+03:00 [s1] [O] DELIVERY WAIT_ACK user=118C/488 attempt=1/5 timeout=724ms queue=0
2026-09-28T03:50:57.264+03:00 [s2] [O] 
2026-09-28T03:50:57.272+03:00 [s2] [O] TX ACK seq=492 ack_to=118C/488 frame=14B OK time=24 ms guard=500ms
2026-09-28T03:50:57.351+03:00 [s1] [O] PEER_REPORT our_seq=488 TX=-50/10 Q100
2026-09-28T03:50:57.397+03:00 [s1] [O] 
2026-09-28T03:50:57.440+03:00 [s1] [O] RX ACK session=EBE8 seq=492 ack_to=118C/488 frame=14B RX=-51/10 Q100
2026-09-28T03:50:57.571+03:00 [s1] [O] DELIVERY ACK user=118C/488 attempts=1/5 elapsed=238ms queue=0
2026-09-28T03:50:57.579+03:00 [s1] [I] A
2026-09-28T03:50:57.666+03:00 [s2] [O] PEER_REPORT our_seq=492 TX=-51/10 Q100
2026-09-28T03:50:57.676+03:00 [s1] [O] DELIVERY QUEUED source=2 bytes=1 waiting=1/8 in_flight=0
2026-09-28T03:50:57.677+03:00 [s2] [O] 
2026-09-28T03:50:57.680+03:00 [s2] [O] RX USER session=118C seq=489 frame=13B user=1B RX=-50/10 Q100 disposition=0
2026-09-28T03:50:57.685+03:00 [s2] [O] < [-50/10 Q100] A
2026-09-28T03:50:57.748+03:00 [s1] [O] 
2026-09-28T03:50:57.794+03:00 [s1] [O] TX USER seq=489 frame=13B user=1B attempt=1/5 OK time=25 ms
2026-09-28T03:50:57.844+03:00 [s1] [O] > A
2026-09-28T03:50:57.889+03:00 [s1] [O] DELIVERY WAIT_ACK user=118C/489 attempt=1/5 timeout=724ms queue=0
2026-09-28T03:50:57.891+03:00 [s2] [O] 
2026-09-28T03:50:57.897+03:00 [s2] [O] TX ACK seq=493 ack_to=118C/489 frame=14B OK time=24 ms guard=500ms
2026-09-28T03:50:57.973+03:00 [s1] [O] PEER_REPORT our_seq=489 TX=-50/10 Q100
2026-09-28T03:50:58.064+03:00 [s1] [O] 
2026-09-28T03:50:58.111+03:00 [s1] [O] RX ACK session=EBE8 seq=493 ack_to=118C/489 frame=14B RX=-50/10 Q100
2026-09-28T03:50:58.209+03:00 [s1] [O] DELIVERY ACK user=118C/489 attempts=1/5 elapsed=238ms queue=0
2026-09-28T03:50:58.211+03:00 [s1] [I] A
2026-09-28T03:50:58.295+03:00 [s1] [O] DELIVERY QUEUED source=2 bytes=1 waiting=1/8 in_flight=0
2026-09-28T03:50:58.296+03:00 [s2] [O] PEER_REPORT our_seq=493 TX=-50/10 Q100
2026-09-28T03:50:58.305+03:00 [s2] [O] 
2026-09-28T03:50:58.307+03:00 [s2] [O] RX USER session=118C seq=490 frame=13B user=1B RX=-50/10 Q100 disposition=0
2026-09-28T03:50:58.342+03:00 [s2] [O] < [-50/10 Q100] A
2026-09-28T03:50:58.378+03:00 [s1] [O] 
2026-09-28T03:50:58.424+03:00 [s1] [O] TX USER seq=490 frame=13B user=1B attempt=1/5 OK time=25 ms
2026-09-28T03:50:58.470+03:00 [s1] [O] > A
2026-09-28T03:50:58.516+03:00 [s1] [O] DELIVERY WAIT_ACK user=118C/490 attempt=1/5 timeout=724ms queue=0
2026-09-28T03:50:58.577+03:00 [s2] [O] 
2026-09-28T03:50:58.578+03:00 [s2] [O] TX ACK seq=494 ack_to=118C/490 frame=14B OK time=24 ms guard=500ms
2026-09-28T03:50:58.604+03:00 [s1] [O] PEER_REPORT our_seq=490 TX=-50/10 Q100
2026-09-28T03:50:58.648+03:00 [s1] [O] 
2026-09-28T03:50:58.694+03:00 [s1] [O] RX ACK session=EBE8 seq=494 ack_to=118C/490 frame=14B RX=-50/10 Q100
2026-09-28T03:50:58.788+03:00 [s1] [O] DELIVERY ACK user=118C/490 attempts=1/5 elapsed=238ms queue=0
2026-09-28T03:50:58.800+03:00 [s1] [I] A
2026-09-28T03:50:58.878+03:00 [s1] [O] DELIVERY QUEUED source=2 bytes=1 waiting=1/8 in_flight=0
2026-09-28T03:50:58.895+03:00 [s2] [O] PEER_REPORT our_seq=494 TX=-50/10 Q100
2026-09-28T03:50:58.897+03:00 [s2] [O] 
2026-09-28T03:50:58.907+03:00 [s2] [O] RX USER session=118C seq=491 frame=13B user=1B RX=-50/10 Q100 disposition=0
2026-09-28T03:50:58.911+03:00 [s2] [O] < [-50/10 Q100] A
2026-09-28T03:50:58.963+03:00 [s1] [O] 
2026-09-28T03:50:59.008+03:00 [s1] [O] TX USER seq=491 frame=13B user=1B attempt=1/5 OK time=25 ms
2026-09-28T03:50:59.063+03:00 [s1] [O] > A
2026-09-28T03:50:59.106+03:00 [s1] [O] DELIVERY WAIT_ACK user=118C/491 attempt=1/5 timeout=724ms queue=0
2026-09-28T03:50:59.108+03:00 [s2] [O] 
2026-09-28T03:50:59.111+03:00 [s2] [O] TX ACK seq=495 ack_to=118C/491 frame=14B OK time=24 ms guard=500ms
2026-09-28T03:50:59.155+03:00 [s1] [O] PEER_REPORT our_seq=491 TX=-50/10 Q100
2026-09-28T03:50:59.196+03:00 [s1] [O] 
2026-09-28T03:50:59.247+03:00 [s1] [O] RX ACK session=EBE8 seq=495 ack_to=118C/491 frame=14B RX=-51/10 Q100
2026-09-28T03:50:59.371+03:00 [s1] [O] DELIVERY ACK user=118C/491 attempts=1/5 elapsed=238ms queue=0
2026-09-28T03:50:59.377+03:00 [s1] [I] A
2026-09-28T03:50:59.477+03:00 [s1] [O] DELIVERY QUEUED source=2 bytes=1 waiting=1/8 in_flight=0
2026-09-28T03:50:59.478+03:00 [s2] [O] PEER_REPORT our_seq=495 TX=-51/10 Q100
2026-09-28T03:50:59.482+03:00 [s2] [O] 
2026-09-28T03:50:59.485+03:00 [s2] [O] RX USER session=118C seq=492 frame=13B user=1B RX=-50/10 Q100 disposition=0
2026-09-28T03:50:59.489+03:00 [s2] [O] < [-50/10 Q100] A
2026-09-28T03:50:59.548+03:00 [s1] [O] 
2026-09-28T03:50:59.593+03:00 [s1] [O] TX USER seq=492 frame=13B user=1B attempt=1/5 OK time=25 ms
2026-09-28T03:50:59.643+03:00 [s1] [O] > A
2026-09-28T03:50:59.686+03:00 [s1] [O] DELIVERY WAIT_ACK user=118C/492 attempt=1/5 timeout=724ms queue=0
2026-09-28T03:50:59.694+03:00 [s2] [O] 
2026-09-28T03:50:59.696+03:00 [s2] [O] TX ACK seq=496 ack_to=118C/492 frame=14B OK time=24 ms guard=500ms
2026-09-28T03:50:59.740+03:00 [s1] [O] PEER_REPORT our_seq=492 TX=-50/11 Q100
2026-09-28T03:50:59.785+03:00 [s1] [O] 
2026-09-28T03:50:59.826+03:00 [s1] [O] RX ACK session=EBE8 seq=496 ack_to=118C/492 frame=14B RX=-50/10 Q100
2026-09-28T03:50:59.959+03:00 [s1] [O] DELIVERY ACK user=118C/492 attempts=1/5 elapsed=239ms queue=0
2026-09-28T03:50:59.962+03:00 [s1] [I] A
2026-09-28T03:51:00.057+03:00 [s1] [O] DELIVERY QUEUED source=2 bytes=1 waiting=1/8 in_flight=0
2026-09-28T03:51:00.060+03:00 [s2] [O] PEER_REPORT our_seq=496 TX=-50/10 Q100
2026-09-28T03:51:00.068+03:00 [s2] [O] 
2026-09-28T03:51:00.079+03:00 [s2] [O] RX USER session=118C seq=493 frame=13B user=1B RX=-50/10 Q100 disposition=0
2026-09-28T03:51:00.082+03:00 [s2] [O] < [-50/10 Q100] A
2026-09-28T03:51:00.136+03:00 [s1] [O] 
2026-09-28T03:51:00.178+03:00 [s1] [O] TX USER seq=493 frame=13B user=1B attempt=1/5 OK time=25 ms
2026-09-28T03:51:00.233+03:00 [s1] [O] > A
2026-09-28T03:51:00.275+03:00 [s1] [O] DELIVERY WAIT_ACK user=118C/493 attempt=1/5 timeout=724ms queue=0
2026-09-28T03:51:00.322+03:00 [s2] [O] 
2026-09-28T03:51:00.323+03:00 [s2] [O] TX ACK seq=497 ack_to=118C/493 frame=14B OK time=25 ms guard=500ms
2026-09-28T03:51:00.366+03:00 [s1] [O] PEER_REPORT our_seq=493 TX=-50/10 Q100
2026-09-28T03:51:00.413+03:00 [s1] [O] 
2026-09-28T03:51:00.449+03:00 [s1] [O] RX ACK session=EBE8 seq=497 ack_to=118C/493 frame=14B RX=-50/10 Q100
2026-09-28T03:51:00.583+03:00 [s1] [O] DELIVERY ACK user=118C/493 attempts=1/5 elapsed=240ms queue=0
2026-09-28T03:51:00.592+03:00 [s1] [I] A
2026-09-28T03:51:00.679+03:00 [s1] [O] DELIVERY QUEUED source=2 bytes=1 waiting=1/8 in_flight=0
2026-09-28T03:51:00.685+03:00 [s2] [O] PEER_REPORT our_seq=497 TX=-50/10 Q100
2026-09-28T03:51:00.726+03:00 [s2] [O] 
2026-09-28T03:51:00.734+03:00 [s2] [O] RX USER session=118C seq=494 frame=13B user=1B RX=-50/10 Q100 disposition=0
2026-09-28T03:51:00.736+03:00 [s2] [O] < [-50/10 Q100] A
2026-09-28T03:51:00.763+03:00 [s1] [O] 
2026-09-28T03:51:00.808+03:00 [s1] [O] TX USER seq=494 frame=13B user=1B attempt=1/5 OK time=25 ms
2026-09-28T03:51:00.861+03:00 [s1] [O] > A
2026-09-28T03:51:00.899+03:00 [s1] [O] DELIVERY WAIT_ACK user=118C/494 attempt=1/5 timeout=724ms queue=0
2026-09-28T03:51:00.910+03:00 [s2] [O] 
2026-09-28T03:51:00.919+03:00 [s2] [O] TX ACK seq=498 ack_to=118C/494 frame=14B OK time=24 ms guard=500ms
2026-09-28T03:51:01.037+03:00 [s1] [O] PEER_REPORT our_seq=494 TX=-50/10 Q100
2026-09-28T03:51:01.078+03:00 [s1] [O] 
2026-09-28T03:51:01.127+03:00 [s1] [O] RX ACK session=EBE8 seq=498 ack_to=118C/494 frame=14B RX=-50/10 Q100
2026-09-28T03:51:01.222+03:00 [s1] [O] DELIVERY ACK user=118C/494 attempts=1/5 elapsed=239ms queue=0
2026-09-28T03:51:01.227+03:00 [s1] [I] A
2026-09-28T03:51:01.316+03:00 [s2] [O] PEER_REPORT our_seq=498 TX=-50/10 Q100
2026-09-28T03:51:01.317+03:00 [s1] [O] DELIVERY QUEUED source=2 bytes=1 waiting=1/8 in_flight=0
2026-09-28T03:51:01.325+03:00 [s2] [O] 
2026-09-28T03:51:01.327+03:00 [s2] [O] RX USER session=118C seq=495 frame=13B user=1B RX=-51/10 Q100 disposition=0
2026-09-28T03:51:01.328+03:00 [s2] [O] < [-51/10 Q100] A
2026-09-28T03:51:01.393+03:00 [s1] [O] 
2026-09-28T03:51:01.438+03:00 [s1] [O] TX USER seq=495 frame=13B user=1B attempt=1/5 OK time=25 ms
2026-09-28T03:51:01.484+03:00 [s1] [O] > A
2026-09-28T03:51:01.537+03:00 [s2] [O] 
2026-09-28T03:51:01.540+03:00 [s1] [O] DELIVERY WAIT_ACK user=118C/495 attempt=1/5 timeout=724ms queue=0
2026-09-28T03:51:01.541+03:00 [s2] [O] TX ACK seq=499 ack_to=118C/495 frame=14B OK time=24 ms guard=500ms
2026-09-28T03:51:01.621+03:00 [s1] [O] PEER_REPORT our_seq=495 TX=-51/10 Q100
2026-09-28T03:51:01.670+03:00 [s1] [O] 
2026-09-28T03:51:01.708+03:00 [s1] [O] RX ACK session=EBE8 seq=499 ack_to=118C/495 frame=14B RX=-50/9 Q100
2026-09-28T03:51:01.808+03:00 [s1] [O] DELIVERY ACK user=118C/495 attempts=1/5 elapsed=239ms queue=0
2026-09-28T03:51:01.811+03:00 [s1] [I] A
2026-09-28T03:51:01.897+03:00 [s1] [O] DELIVERY QUEUED source=2 bytes=1 waiting=1/8 in_flight=0
2026-09-28T03:51:01.897+03:00 [s2] [O] PEER_REPORT our_seq=499 TX=-50/9 Q100
2026-09-28T03:51:01.910+03:00 [s2] [O] 
2026-09-28T03:51:01.912+03:00 [s2] [O] RX USER session=118C seq=496 frame=13B user=1B RX=-49/10 Q100 disposition=0
2026-09-28T03:51:01.922+03:00 [s2] [O] < [-49/10 Q100] A
2026-09-28T03:51:01.979+03:00 [s1] [O] 
2026-09-28T03:51:02.022+03:00 [s1] [O] TX USER seq=496 frame=13B user=1B attempt=1/5 OK time=25 ms
2026-09-28T03:51:02.068+03:00 [s1] [O] > A
2026-09-28T03:51:02.121+03:00 [s2] [O] 
2026-09-28T03:51:02.130+03:00 [s2] [O] TX ACK seq=500 ack_to=118C/496 frame=14B OK time=24 ms guard=500ms
2026-09-28T03:51:02.165+03:00 [s1] [O] DELIVERY WAIT_ACK user=118C/496 attempt=1/5 timeout=724ms queue=0
2026-09-28T03:51:02.211+03:00 [s1] [O] PEER_REPORT our_seq=496 TX=-49/10 Q100
2026-09-28T03:51:02.259+03:00 [s1] [O] 
2026-09-28T03:51:02.306+03:00 [s1] [O] RX ACK session=EBE8 seq=500 ack_to=118C/496 frame=14B RX=-51/10 Q100
2026-09-28T03:51:02.434+03:00 [s1] [O] DELIVERY ACK user=118C/496 attempts=1/5 elapsed=238ms queue=0
2026-09-28T03:51:02.441+03:00 [s2] [I] B
2026-09-28T03:51:02.524+03:00 [s1] [O] PEER_REPORT our_seq=496 TX=-49/10 Q100
2026-09-28T03:51:02.577+03:00 [s1] [O] 
2026-09-28T03:51:02.583+03:00 [s2] [O] DELIVERY QUEUED source=2 bytes=1 waiting=1/8 in_flight=0
2026-09-28T03:51:02.585+03:00 [s2] [O] 
2026-09-28T03:51:02.587+03:00 [s2] [O] TX USER seq=501 frame=13B user=1B attempt=1/5 OK time=25 ms
2026-09-28T03:51:02.589+03:00 [s2] [O] > B
2026-09-28T03:51:02.589+03:00 [s2] [O] DELIVERY WAIT_ACK user=EBE8/501 attempt=1/5 timeout=724ms queue=0
2026-09-28T03:51:02.614+03:00 [s1] [O] RX USER session=EBE8 seq=501 frame=13B user=1B RX=-50/10 Q100 disposition=0
2026-09-28T03:51:02.698+03:00 [s1] [O] < [-50/10 Q100] B
2026-09-28T03:51:02.746+03:00 [s1] [O] 
2026-09-28T03:51:02.763+03:00 [s2] [O] PEER_REPORT our_seq=501 TX=-50/10 Q100
2026-09-28T03:51:02.767+03:00 [s2] [O] 
2026-09-28T03:51:02.771+03:00 [s2] [O] RX ACK session=118C seq=497 ack_to=EBE8/501 frame=14B RX=-50/10 Q100
2026-09-28T03:51:02.789+03:00 [s1] [O] TX ACK seq=497 ack_to=EBE8/501 frame=14B OK time=25 ms guard=500ms
2026-09-28T03:51:02.795+03:00 [s2] [O] DELIVERY ACK user=EBE8/501 attempts=1/5 elapsed=238ms queue=0
2026-09-28T03:51:02.799+03:00 [s2] [I] B
2026-09-28T03:51:02.886+03:00 [s1] [O] PEER_REPORT our_seq=497 TX=-50/10 Q100
2026-09-28T03:51:02.887+03:00 [s2] [O] DELIVERY QUEUED source=2 bytes=1 waiting=1/8 in_flight=0
2026-09-28T03:51:02.894+03:00 [s2] [O] 
2026-09-28T03:51:02.898+03:00 [s2] [O] TX USER seq=502 frame=13B user=1B attempt=1/5 OK time=25 ms
2026-09-28T03:51:02.905+03:00 [s2] [O] > B
2026-09-28T03:51:02.908+03:00 [s2] [O] DELIVERY WAIT_ACK user=EBE8/502 attempt=1/5 timeout=724ms queue=0
2026-09-28T03:51:02.923+03:00 [s1] [O] 
2026-09-28T03:51:02.980+03:00 [s1] [O] RX USER session=EBE8 seq=502 frame=13B user=1B RX=-50/10 Q100 disposition=0
2026-09-28T03:51:03.059+03:00 [s1] [O] < [-50/10 Q100] B
2026-09-28T03:51:03.104+03:00 [s1] [O] 
2026-09-28T03:51:03.114+03:00 [s2] [O] PEER_REPORT our_seq=502 TX=-50/10 Q100
2026-09-28T03:51:03.123+03:00 [s2] [O] 
2026-09-28T03:51:03.126+03:00 [s2] [O] RX ACK session=118C seq=498 ack_to=EBE8/502 frame=14B RX=-50/10 Q100
2026-09-28T03:51:03.149+03:00 [s1] [O] TX ACK seq=498 ack_to=EBE8/502 frame=14B OK time=25 ms guard=500ms
2026-09-28T03:51:03.162+03:00 [s2] [O] DELIVERY ACK user=EBE8/502 attempts=1/5 elapsed=238ms queue=0
2026-09-28T03:51:03.165+03:00 [s2] [I] B
2026-09-28T03:51:03.253+03:00 [s2] [O] DELIVERY QUEUED source=2 bytes=1 waiting=1/8 in_flight=0
2026-09-28T03:51:03.261+03:00 [s2] [O] 
2026-09-28T03:51:03.259+03:00 [s1] [O] PEER_REPORT our_seq=498 TX=-50/10 Q100
2026-09-28T03:51:03.263+03:00 [s2] [O] TX USER seq=503 frame=13B user=1B attempt=1/5 OK time=25 ms
2026-09-28T03:51:03.267+03:00 [s2] [O] > B
2026-09-28T03:51:03.268+03:00 [s2] [O] DELIVERY WAIT_ACK user=EBE8/503 attempt=1/5 timeout=724ms queue=0
2026-09-28T03:51:03.291+03:00 [s1] [O] 
2026-09-28T03:51:03.329+03:00 [s1] [O] RX USER session=EBE8 seq=503 frame=13B user=1B RX=-50/10 Q100 disposition=0
2026-09-28T03:51:03.418+03:00 [s1] [O] < [-50/10 Q100] B
2026-09-28T03:51:03.462+03:00 [s1] [O] 
2026-09-28T03:51:03.478+03:00 [s2] [O] PEER_REPORT our_seq=503 TX=-50/10 Q100
2026-09-28T03:51:03.481+03:00 [s2] [O] 
2026-09-28T03:51:03.482+03:00 [s2] [O] RX ACK session=118C seq=499 ack_to=EBE8/503 frame=14B RX=-49/13 Q100
2026-09-28T03:51:03.508+03:00 [s1] [O] TX ACK seq=499 ack_to=EBE8/503 frame=14B OK time=25 ms guard=500ms
2026-09-28T03:51:03.524+03:00 [s2] [O] DELIVERY ACK user=EBE8/503 attempts=1/5 elapsed=240ms queue=0
2026-09-28T03:51:03.529+03:00 [s2] [I] B
2026-09-28T03:51:03.602+03:00 [s1] [O] PEER_REPORT our_seq=499 TX=-49/13 Q100
2026-09-28T03:51:03.623+03:00 [s2] [O] DELIVERY QUEUED source=2 bytes=1 waiting=1/8 in_flight=0
2026-09-28T03:51:03.625+03:00 [s2] [O] 
2026-09-28T03:51:03.627+03:00 [s2] [O] TX USER seq=504 frame=13B user=1B attempt=1/5 OK time=25 ms
2026-09-28T03:51:03.629+03:00 [s2] [O] > B
2026-09-28T03:51:03.631+03:00 [s2] [O] DELIVERY WAIT_ACK user=EBE8/504 attempt=1/5 timeout=724ms queue=0
2026-09-28T03:51:03.643+03:00 [s1] [O] 
2026-09-28T03:51:03.695+03:00 [s1] [O] RX USER session=EBE8 seq=504 frame=13B user=1B RX=-50/10 Q100 disposition=0
2026-09-28T03:51:03.778+03:00 [s1] [O] < [-50/10 Q100] B
2026-09-28T03:51:03.823+03:00 [s1] [O] 
2026-09-28T03:51:03.848+03:00 [s2] [O] PEER_REPORT our_seq=504 TX=-50/10 Q100
2026-09-28T03:51:03.857+03:00 [s2] [O] 
2026-09-28T03:51:03.862+03:00 [s2] [O] RX ACK session=118C seq=500 ack_to=EBE8/504 frame=14B RX=-50/10 Q100
2026-09-28T03:51:03.870+03:00 [s1] [O] TX ACK seq=500 ack_to=EBE8/504 frame=14B OK time=25 ms guard=500ms
2026-09-28T03:51:03.879+03:00 [s2] [O] DELIVERY ACK user=EBE8/504 attempts=1/5 elapsed=240ms queue=0
2026-09-28T03:51:03.881+03:00 [s2] [I] B
2026-09-28T03:51:03.972+03:00 [s2] [O] DELIVERY QUEUED source=2 bytes=1 waiting=1/8 in_flight=0
2026-09-28T03:51:04.013+03:00 [s1] [O] PEER_REPORT our_seq=500 TX=-50/10 Q100
2026-09-28T03:51:04.027+03:00 [s2] [O] 
2026-09-28T03:51:04.030+03:00 [s2] [O] TX USER seq=505 frame=13B user=1B attempt=1/5 OK time=25 ms
2026-09-28T03:51:04.032+03:00 [s2] [O] > B
2026-09-28T03:51:04.034+03:00 [s2] [O] DELIVERY WAIT_ACK user=EBE8/505 attempt=1/5 timeout=724ms queue=0
2026-09-28T03:51:04.057+03:00 [s1] [O] 
2026-09-28T03:51:04.093+03:00 [s1] [O] RX USER session=EBE8 seq=505 frame=13B user=1B RX=-50/10 Q100 disposition=0
2026-09-28T03:51:04.184+03:00 [s1] [O] < [-50/10 Q100] B
2026-09-28T03:51:04.193+03:00 [s1] [O] 
2026-09-28T03:51:04.196+03:00 [s2] [O] PEER_REPORT our_seq=505 TX=-50/10 Q100
2026-09-28T03:51:04.205+03:00 [s2] [O] 
2026-09-28T03:51:04.209+03:00 [s2] [O] RX ACK session=118C seq=501 ack_to=EBE8/505 frame=14B RX=-50/10 Q100
2026-09-28T03:51:04.242+03:00 [s1] [O] TX ACK seq=501 ack_to=EBE8/505 frame=14B OK time=25 ms guard=500ms
2026-09-28T03:51:04.245+03:00 [s2] [O] DELIVERY ACK user=EBE8/505 attempts=1/5 elapsed=240ms queue=0
2026-09-28T03:51:04.247+03:00 [s2] [I] B
2026-09-28T03:51:04.322+03:00 [s1] [O] PEER_REPORT our_seq=501 TX=-50/10 Q100
2026-09-28T03:51:04.331+03:00 [s2] [O] DELIVERY QUEUED source=2 bytes=1 waiting=1/8 in_flight=0
2026-09-28T03:51:04.334+03:00 [s2] [O] 
2026-09-28T03:51:04.338+03:00 [s2] [O] TX USER seq=506 frame=13B user=1B attempt=1/5 OK time=24 ms
2026-09-28T03:51:04.340+03:00 [s2] [O] > B
2026-09-28T03:51:04.340+03:00 [s2] [O] DELIVERY WAIT_ACK user=EBE8/506 attempt=1/5 timeout=724ms queue=0
2026-09-28T03:51:04.372+03:00 [s1] [O] 
2026-09-28T03:51:04.417+03:00 [s1] [O] RX USER session=EBE8 seq=506 frame=13B user=1B RX=-50/10 Q100 disposition=0
2026-09-28T03:51:04.498+03:00 [s1] [O] < [-50/10 Q100] B
2026-09-28T03:51:04.544+03:00 [s1] [O] 
2026-09-28T03:51:04.557+03:00 [s2] [O] PEER_REPORT our_seq=506 TX=-50/10 Q100
2026-09-28T03:51:04.557+03:00 [s2] [O] 
2026-09-28T03:51:04.560+03:00 [s2] [O] RX ACK session=118C seq=502 ack_to=EBE8/506 frame=14B RX=-50/10 Q100
2026-09-28T03:51:04.587+03:00 [s1] [O] TX ACK seq=502 ack_to=EBE8/506 frame=14B OK time=25 ms guard=500ms
2026-09-28T03:51:04.608+03:00 [s2] [O] DELIVERY ACK user=EBE8/506 attempts=1/5 elapsed=241ms queue=0
2026-09-28T03:51:04.611+03:00 [s2] [I] B
2026-09-28T03:51:04.694+03:00 [s2] [O] DELIVERY QUEUED source=2 bytes=1 waiting=1/8 in_flight=0
2026-09-28T03:51:04.703+03:00 [s1] [O] PEER_REPORT our_seq=502 TX=-50/10 Q100
2026-09-28T03:51:04.706+03:00 [s2] [O] 
2026-09-28T03:51:04.710+03:00 [s2] [O] TX USER seq=507 frame=13B user=1B attempt=1/5 OK time=25 ms
2026-09-28T03:51:04.713+03:00 [s2] [O] > B
2026-09-28T03:51:04.716+03:00 [s2] [O] DELIVERY WAIT_ACK user=EBE8/507 attempt=1/5 timeout=724ms queue=0
2026-09-28T03:51:04.729+03:00 [s1] [O] 
2026-09-28T03:51:04.777+03:00 [s1] [O] RX USER session=EBE8 seq=507 frame=13B user=1B RX=-50/10 Q100 disposition=0
2026-09-28T03:51:04.859+03:00 [s1] [O] < [-50/10 Q100] B
2026-09-28T03:51:04.907+03:00 [s1] [O] 
2026-09-28T03:51:04.922+03:00 [s2] [O] PEER_REPORT our_seq=507 TX=-50/10 Q100
2026-09-28T03:51:04.926+03:00 [s2] [O] 
2026-09-28T03:51:04.929+03:00 [s2] [O] RX ACK session=118C seq=503 ack_to=EBE8/507 frame=14B RX=-49/10 Q100
2026-09-28T03:51:04.948+03:00 [s1] [O] TX ACK seq=503 ack_to=EBE8/507 frame=14B OK time=25 ms guard=500ms
2026-09-28T03:51:04.957+03:00 [s2] [O] DELIVERY ACK user=EBE8/507 attempts=1/5 elapsed=240ms queue=0
2026-09-28T03:51:04.960+03:00 [s2] [I] B
2026-09-28T03:51:05.040+03:00 [s1] [O] PEER_REPORT our_seq=503 TX=-49/10 Q100
2026-09-28T03:51:05.049+03:00 [s2] [O] DELIVERY QUEUED source=2 bytes=1 waiting=1/8 in_flight=0
2026-09-28T03:51:05.059+03:00 [s2] [O] 
2026-09-28T03:51:05.062+03:00 [s2] [O] TX USER seq=508 frame=13B user=1B attempt=1/5 OK time=25 ms
2026-09-28T03:51:05.066+03:00 [s2] [O] > B
2026-09-28T03:51:05.069+03:00 [s2] [O] DELIVERY WAIT_ACK user=EBE8/508 attempt=1/5 timeout=724ms queue=0
2026-09-28T03:51:05.128+03:00 [s1] [O] 
2026-09-28T03:51:05.173+03:00 [s1] [O] RX USER session=EBE8 seq=508 frame=13B user=1B RX=-50/10 Q100 disposition=0
2026-09-28T03:51:05.221+03:00 [s1] [O] < [-50/10 Q100] B
2026-09-28T03:51:05.264+03:00 [s1] [O] 
2026-09-28T03:51:05.287+03:00 [s2] [O] PEER_REPORT our_seq=508 TX=-50/10 Q100
2026-09-28T03:51:05.289+03:00 [s2] [O] 
2026-09-28T03:51:05.292+03:00 [s2] [O] RX ACK session=118C seq=504 ack_to=EBE8/508 frame=14B RX=-50/10 Q100
2026-09-28T03:51:05.308+03:00 [s1] [O] TX ACK seq=504 ack_to=EBE8/508 frame=14B OK time=25 ms guard=500ms
2026-09-28T03:51:05.323+03:00 [s2] [O] DELIVERY ACK user=EBE8/508 attempts=1/5 elapsed=240ms queue=0
2026-09-28T03:51:05.324+03:00 [s2] [I] B
2026-09-28T03:51:05.398+03:00 [s1] [O] PEER_REPORT our_seq=504 TX=-50/10 Q100
2026-09-28T03:51:05.416+03:00 [s2] [O] DELIVERY QUEUED source=2 bytes=1 waiting=1/8 in_flight=0
2026-09-28T03:51:05.419+03:00 [s2] [O] 
2026-09-28T03:51:05.421+03:00 [s2] [O] TX USER seq=509 frame=13B user=1B attempt=1/5 OK time=24 ms
2026-09-28T03:51:05.423+03:00 [s2] [O] > B
2026-09-28T03:51:05.425+03:00 [s2] [O] DELIVERY WAIT_ACK user=EBE8/509 attempt=1/5 timeout=724ms queue=0
2026-09-28T03:51:05.450+03:00 [s1] [O] 
2026-09-28T03:51:05.494+03:00 [s1] [O] RX USER session=EBE8 seq=509 frame=13B user=1B RX=-49/10 Q100 disposition=0
2026-09-28T03:51:05.577+03:00 [s1] [O] < [-49/10 Q100] B
2026-09-28T03:51:05.624+03:00 [s1] [O] 
2026-09-28T03:51:05.637+03:00 [s2] [O] PEER_REPORT our_seq=509 TX=-49/10 Q100
2026-09-28T03:51:05.640+03:00 [s2] [O] 
2026-09-28T03:51:05.642+03:00 [s2] [O] RX ACK session=118C seq=505 ack_to=EBE8/509 frame=14B RX=-50/10 Q100
2026-09-28T03:51:05.668+03:00 [s1] [O] TX ACK seq=505 ack_to=EBE8/509 frame=14B OK time=25 ms guard=500ms
2026-09-28T03:51:05.681+03:00 [s2] [O] DELIVERY ACK user=EBE8/509 attempts=1/5 elapsed=241ms queue=0
2026-09-28T03:51:05.689+03:00 [s2] [I] B
2026-09-28T03:51:05.758+03:00 [s1] [O] PEER_REPORT our_seq=505 TX=-50/10 Q100
2026-09-28T03:51:05.768+03:00 [s2] [O] DELIVERY QUEUED source=2 bytes=1 waiting=1/8 in_flight=0
2026-09-28T03:51:05.778+03:00 [s2] [O] 
2026-09-28T03:51:05.787+03:00 [s2] [O] TX USER seq=510 frame=13B user=1B attempt=1/5 OK time=30 ms
2026-09-28T03:51:05.789+03:00 [s2] [O] > B
2026-09-28T03:51:05.791+03:00 [s2] [O] DELIVERY WAIT_ACK user=EBE8/510 attempt=1/5 timeout=724ms queue=0
2026-09-28T03:51:05.811+03:00 [s1] [O] 
2026-09-28T03:51:05.849+03:00 [s1] [O] RX USER session=EBE8 seq=510 frame=13B user=1B RX=-50/10 Q100 disposition=0
2026-09-28T03:51:05.939+03:00 [s1] [O] < [-50/10 Q100] B
2026-09-28T03:51:05.985+03:00 [s1] [O] 
2026-09-28T03:51:05.998+03:00 [s2] [O] PEER_REPORT our_seq=510 TX=-50/10 Q100
2026-09-28T03:51:06.002+03:00 [s2] [O] 
2026-09-28T03:51:06.006+03:00 [s2] [O] RX ACK session=118C seq=506 ack_to=EBE8/510 frame=14B RX=-49/10 Q100
2026-09-28T03:51:06.029+03:00 [s1] [O] TX ACK seq=506 ack_to=EBE8/510 frame=14B OK time=25 ms guard=500ms
2026-09-28T03:51:06.037+03:00 [s2] [O] DELIVERY ACK user=EBE8/510 attempts=1/5 elapsed=239ms queue=0
2026-09-28T03:51:06.044+03:00 [s1] [I] S7AP8R1-
2026-09-28T03:51:06.125+03:00 [s2] [O] PEER_REPORT our_seq=510 TX=-50/10 Q100
2026-09-28T03:51:06.129+03:00 [s1] [O] DELIVERY QUEUED source=2 bytes=8 waiting=1/8 in_flight=0
2026-09-28T03:51:06.129+03:00 [s2] [O] 
2026-09-28T03:51:06.133+03:00 [s2] [O] RX USER session=118C seq=507 frame=20B user=8B RX=-49/10 Q100 disposition=0
2026-09-28T03:51:06.139+03:00 [s2] [O] < [-49/10 Q100] S7AP8R1-
2026-09-28T03:51:06.208+03:00 [s1] [O] 
2026-09-28T03:51:06.253+03:00 [s1] [O] TX USER seq=507 frame=20B user=8B attempt=1/5 OK time=30 ms
2026-09-28T03:51:06.306+03:00 [s1] [O] > S7AP8R1-
2026-09-28T03:51:06.364+03:00 [s1] [O] DELIVERY WAIT_ACK user=118C/507 attempt=1/5 timeout=724ms queue=0
2026-09-28T03:51:06.372+03:00 [s2] [O] 
2026-09-28T03:51:06.372+03:00 [s2] [O] TX ACK seq=511 ack_to=118C/507 frame=14B OK time=25 ms guard=500ms
2026-09-28T03:51:06.436+03:00 [s1] [O] PEER_REPORT our_seq=507 TX=-49/10 Q100
2026-09-28T03:51:06.491+03:00 [s1] [O] 
2026-09-28T03:51:06.530+03:00 [s1] [O] RX ACK session=EBE8 seq=511 ack_to=118C/507 frame=14B RX=-50/10 Q100
2026-09-28T03:51:06.658+03:00 [s1] [O] DELIVERY ACK user=118C/507 attempts=1/5 elapsed=239ms queue=0
2026-09-28T03:51:06.672+03:00 [s1] [I] S7AP8R2-
2026-09-28T03:51:06.759+03:00 [s1] [O] DELIVERY QUEUED source=2 bytes=8 waiting=1/8 in_flight=0
2026-09-28T03:51:06.764+03:00 [s2] [O] PEER_REPORT our_seq=511 TX=-50/10 Q100
2026-09-28T03:51:06.770+03:00 [s2] [O] 
2026-09-28T03:51:06.772+03:00 [s2] [O] RX USER session=118C seq=508 frame=20B user=8B RX=-49/10 Q100 disposition=0
2026-09-28T03:51:06.775+03:00 [s2] [O] < [-49/10 Q100] S7AP8R2-
2026-09-28T03:51:06.838+03:00 [s1] [O] 
2026-09-28T03:51:06.887+03:00 [s1] [O] TX USER seq=508 frame=20B user=8B attempt=1/5 OK time=31 ms
2026-09-28T03:51:06.934+03:00 [s1] [O] > S7AP8R2-
2026-09-28T03:51:06.989+03:00 [s1] [O] DELIVERY WAIT_ACK user=118C/508 attempt=1/5 timeout=724ms queue=0
2026-09-28T03:51:06.990+03:00 [s2] [O] 
2026-09-28T03:51:06.991+03:00 [s2] [O] TX ACK seq=512 ack_to=118C/508 frame=14B OK time=24 ms guard=500ms
2026-09-28T03:51:07.025+03:00 [s1] [O] PEER_REPORT our_seq=508 TX=-49/10 Q100
2026-09-28T03:51:07.075+03:00 [s1] [O] 
2026-09-28T03:51:07.121+03:00 [s1] [O] RX ACK session=EBE8 seq=512 ack_to=118C/508 frame=14B RX=-51/10 Q100
2026-09-28T03:51:07.252+03:00 [s1] [O] DELIVERY ACK user=118C/508 attempts=1/5 elapsed=238ms queue=0
2026-09-28T03:51:07.259+03:00 [s1] [I] S7AP8R3-
2026-09-28T03:51:07.344+03:00 [s1] [O] DELIVERY QUEUED source=2 bytes=8 waiting=1/8 in_flight=0
2026-09-28T03:51:07.344+03:00 [s2] [O] PEER_REPORT our_seq=512 TX=-51/10 Q100
2026-09-28T03:51:07.359+03:00 [s2] [O] 
2026-09-28T03:51:07.361+03:00 [s2] [O] RX USER session=118C seq=509 frame=20B user=8B RX=-49/10 Q100 disposition=0
2026-09-28T03:51:07.363+03:00 [s2] [O] < [-49/10 Q100] S7AP8R3-
2026-09-28T03:51:07.423+03:00 [s1] [O] 
2026-09-28T03:51:07.470+03:00 [s1] [O] TX USER seq=509 frame=20B user=8B attempt=1/5 OK time=30 ms
2026-09-28T03:51:07.513+03:00 [s1] [O] > S7AP8R3-
2026-09-28T03:51:07.559+03:00 [s1] [O] DELIVERY WAIT_ACK user=118C/509 attempt=1/5 timeout=724ms queue=0
2026-09-28T03:51:07.576+03:00 [s2] [O] 
2026-09-28T03:51:07.579+03:00 [s2] [O] TX ACK seq=513 ack_to=118C/509 frame=14B OK time=24 ms guard=500ms
2026-09-28T03:51:07.652+03:00 [s1] [O] PEER_REPORT our_seq=509 TX=-49/10 Q100
2026-09-28T03:51:07.693+03:00 [s1] [O] 
2026-09-28T03:51:07.738+03:00 [s1] [O] RX ACK session=EBE8 seq=513 ack_to=118C/509 frame=14B RX=-50/10 Q100
2026-09-28T03:51:07.838+03:00 [s1] [O] DELIVERY ACK user=118C/509 attempts=1/5 elapsed=239ms queue=0
2026-09-28T03:51:07.844+03:00 [s1] [I] S7AP8R4-
2026-09-28T03:51:07.925+03:00 [s2] [O] PEER_REPORT our_seq=513 TX=-50/10 Q100
2026-09-28T03:51:07.932+03:00 [s2] [O] 
2026-09-28T03:51:07.939+03:00 [s2] [O] RX USER session=118C seq=510 frame=20B user=8B RX=-49/9 Q100 disposition=0
2026-09-28T03:51:07.943+03:00 [s2] [O] < [-49/9 Q100] S7AP8R4-
2026-09-28T03:51:07.973+03:00 [s1] [O] DELIVERY QUEUED source=2 bytes=8 waiting=1/8 in_flight=0
2026-09-28T03:51:08.100+03:00 [s1] [O] 
2026-09-28T03:51:08.145+03:00 [s1] [O] TX USER seq=510 frame=20B user=8B attempt=1/5 OK time=30 ms
2026-09-28T03:51:08.159+03:00 [s2] [O] 
2026-09-28T03:51:08.164+03:00 [s2] [O] TX ACK seq=514 ack_to=118C/510 frame=14B OK time=24 ms guard=500ms
2026-09-28T03:51:08.196+03:00 [s1] [O] > S7AP8R4-
2026-09-28T03:51:08.241+03:00 [s1] [O] DELIVERY WAIT_ACK user=118C/510 attempt=1/5 timeout=724ms queue=0
2026-09-28T03:51:08.290+03:00 [s1] [O] PEER_REPORT our_seq=510 TX=-49/9 Q100
2026-09-28T03:51:08.340+03:00 [s1] [O] 
2026-09-28T03:51:08.374+03:00 [s1] [O] RX ACK session=EBE8 seq=514 ack_to=118C/510 frame=14B RX=-50/10 Q100
2026-09-28T03:51:08.511+03:00 [s1] [O] DELIVERY ACK user=118C/510 attempts=1/5 elapsed=238ms queue=0
2026-09-28T03:51:08.521+03:00 [s1] [I] S7AP8R5-
2026-09-28T03:51:08.598+03:00 [s1] [O] DELIVERY QUEUED source=2 bytes=8 waiting=1/8 in_flight=0
2026-09-28T03:51:08.599+03:00 [s2] [O] PEER_REPORT our_seq=514 TX=-50/10 Q100
2026-09-28T03:51:08.608+03:00 [s2] [O] 
2026-09-28T03:51:08.611+03:00 [s2] [O] RX USER session=118C seq=511 frame=20B user=8B RX=-50/10 Q100 disposition=0
2026-09-28T03:51:08.612+03:00 [s2] [O] < [-50/10 Q100] S7AP8R5-
2026-09-28T03:51:08.686+03:00 [s1] [O] 
2026-09-28T03:51:08.729+03:00 [s1] [O] TX USER seq=511 frame=20B user=8B attempt=1/5 OK time=30 ms
2026-09-28T03:51:08.774+03:00 [s1] [O] > S7AP8R5-
2026-09-28T03:51:08.828+03:00 [s1] [O] DELIVERY WAIT_ACK user=118C/511 attempt=1/5 timeout=724ms queue=0
2026-09-28T03:51:08.832+03:00 [s2] [O] 
2026-09-28T03:51:08.839+03:00 [s2] [O] TX ACK seq=515 ack_to=118C/511 frame=14B OK time=24 ms guard=500ms
2026-09-28T03:51:08.908+03:00 [s1] [O] PEER_REPORT our_seq=511 TX=-50/10 Q100
2026-09-28T03:51:08.953+03:00 [s1] [O] 
2026-09-28T03:51:08.998+03:00 [s1] [O] RX ACK session=EBE8 seq=515 ack_to=118C/511 frame=14B RX=-50/12 Q100
2026-09-28T03:51:09.097+03:00 [s1] [O] DELIVERY ACK user=118C/511 attempts=1/5 elapsed=239ms queue=0
2026-09-28T03:51:09.101+03:00 [s1] [I] S7AP8R6-
2026-09-28T03:51:09.193+03:00 [s1] [O] DELIVERY QUEUED source=2 bytes=8 waiting=1/8 in_flight=0
2026-09-28T03:51:09.201+03:00 [s2] [O] PEER_REPORT our_seq=515 TX=-50/13 Q100
2026-09-28T03:51:09.205+03:00 [s2] [O] 
2026-09-28T03:51:09.205+03:00 [s2] [O] RX USER session=118C seq=512 frame=20B user=8B RX=-49/10 Q100 disposition=0
2026-09-28T03:51:09.208+03:00 [s2] [O] < [-49/10 Q100] S7AP8R6-
2026-09-28T03:51:09.269+03:00 [s1] [O] 
2026-09-28T03:51:09.314+03:00 [s1] [O] TX USER seq=512 frame=20B user=8B attempt=1/5 OK time=30 ms
2026-09-28T03:51:09.370+03:00 [s1] [O] > S7AP8R6-
2026-09-28T03:51:09.413+03:00 [s1] [O] DELIVERY WAIT_ACK user=118C/512 attempt=1/5 timeout=724ms queue=0
2026-09-28T03:51:09.420+03:00 [s2] [O] 
2026-09-28T03:51:09.420+03:00 [s2] [O] TX ACK seq=516 ack_to=118C/512 frame=14B OK time=24 ms guard=500ms
2026-09-28T03:51:09.493+03:00 [s1] [O] PEER_REPORT our_seq=512 TX=-49/10 Q100
2026-09-28T03:51:09.539+03:00 [s1] [O] 
2026-09-28T03:51:09.583+03:00 [s1] [O] RX ACK session=EBE8 seq=516 ack_to=118C/512 frame=14B RX=-50/10 Q100
2026-09-28T03:51:09.682+03:00 [s1] [O] DELIVERY ACK user=118C/512 attempts=1/5 elapsed=239ms queue=0
2026-09-28T03:51:09.693+03:00 [s1] [I] S7AP8R7-
2026-09-28T03:51:09.771+03:00 [s1] [O] DELIVERY QUEUED source=2 bytes=8 waiting=1/8 in_flight=0
2026-09-28T03:51:09.779+03:00 [s2] [O] PEER_REPORT our_seq=516 TX=-50/10 Q100
2026-09-28T03:51:09.789+03:00 [s2] [O] 
2026-09-28T03:51:09.795+03:00 [s2] [O] RX USER session=118C seq=513 frame=20B user=8B RX=-49/9 Q100 disposition=0
2026-09-28T03:51:09.805+03:00 [s2] [O] < [-49/9 Q100] S7AP8R7-
2026-09-28T03:51:09.853+03:00 [s1] [O] 
2026-09-28T03:51:09.944+03:00 [s1] [O] TX USER seq=513 frame=20B user=8B attempt=1/5 OK time=30 ms
2026-09-28T03:51:10.000+03:00 [s2] [O] 
2026-09-28T03:51:10.005+03:00 [s1] [O] > S7AP8R7-
2026-09-28T03:51:10.005+03:00 [s2] [O] TX ACK seq=517 ack_to=118C/513 frame=14B OK time=24 ms guard=500ms
2026-09-28T03:51:10.044+03:00 [s1] [O] DELIVERY WAIT_ACK user=118C/513 attempt=1/5 timeout=724ms queue=0
2026-09-28T03:51:10.091+03:00 [s1] [O] PEER_REPORT our_seq=513 TX=-49/9 Q100
2026-09-28T03:51:10.128+03:00 [s1] [O] 
2026-09-28T03:51:10.179+03:00 [s1] [O] RX ACK session=EBE8 seq=517 ack_to=118C/513 frame=14B RX=-51/10 Q100
2026-09-28T03:51:10.306+03:00 [s1] [O] DELIVERY ACK user=118C/513 attempts=1/5 elapsed=238ms queue=0
2026-09-28T03:51:10.312+03:00 [s1] [I] S7AP8R8-
2026-09-28T03:51:10.405+03:00 [s2] [O] PEER_REPORT our_seq=517 TX=-51/10 Q100
2026-09-28T03:51:10.408+03:00 [s1] [O] DELIVERY QUEUED source=2 bytes=8 waiting=1/8 in_flight=0
2026-09-28T03:51:10.409+03:00 [s2] [O] 
2026-09-28T03:51:10.413+03:00 [s2] [O] RX USER session=118C seq=514 frame=20B user=8B RX=-49/10 Q100 disposition=0
2026-09-28T03:51:10.415+03:00 [s2] [O] < [-49/10 Q100] S7AP8R8-
2026-09-28T03:51:10.485+03:00 [s1] [O] 
2026-09-28T03:51:10.528+03:00 [s1] [O] TX USER seq=514 frame=20B user=8B attempt=1/5 OK time=30 ms
2026-09-28T03:51:10.575+03:00 [s1] [O] > S7AP8R8-
2026-09-28T03:51:10.621+03:00 [s1] [O] DELIVERY WAIT_ACK user=118C/514 attempt=1/5 timeout=724ms queue=0
2026-09-28T03:51:10.629+03:00 [s2] [O] 
2026-09-28T03:51:10.629+03:00 [s2] [O] TX ACK seq=518 ack_to=118C/514 frame=14B OK time=24 ms guard=500ms
2026-09-28T03:51:10.708+03:00 [s1] [O] PEER_REPORT our_seq=514 TX=-49/10 Q100
2026-09-28T03:51:10.753+03:00 [s1] [O] 
2026-09-28T03:51:10.801+03:00 [s1] [O] RX ACK session=EBE8 seq=518 ack_to=118C/514 frame=14B RX=-51/10 Q100
2026-09-28T03:51:10.895+03:00 [s1] [O] DELIVERY ACK user=118C/514 attempts=1/5 elapsed=239ms queue=0
2026-09-28T03:51:10.900+03:00 [s1] [I] S7AP8R9-
2026-09-28T03:51:10.993+03:00 [s2] [O] PEER_REPORT our_seq=518 TX=-51/10 Q100
2026-09-28T03:51:10.999+03:00 [s1] [O] DELIVERY QUEUED source=2 bytes=8 waiting=1/8 in_flight=0
2026-09-28T03:51:11.000+03:00 [s2] [O] 
2026-09-28T03:51:11.007+03:00 [s2] [O] RX USER session=118C seq=515 frame=20B user=8B RX=-49/10 Q100 disposition=0
2026-09-28T03:51:11.012+03:00 [s2] [O] < [-49/10 Q100] S7AP8R9-
2026-09-28T03:51:11.069+03:00 [s1] [O] 
2026-09-28T03:51:11.113+03:00 [s1] [O] TX USER seq=515 frame=20B user=8B attempt=1/5 OK time=30 ms
2026-09-28T03:51:11.158+03:00 [s1] [O] > S7AP8R9-
2026-09-28T03:51:11.203+03:00 [s1] [O] DELIVERY WAIT_ACK user=118C/515 attempt=1/5 timeout=724ms queue=0
2026-09-28T03:51:11.210+03:00 [s2] [O] 
2026-09-28T03:51:11.211+03:00 [s2] [O] TX ACK seq=519 ack_to=118C/515 frame=14B OK time=24 ms guard=500ms
2026-09-28T03:51:11.293+03:00 [s1] [O] PEER_REPORT our_seq=515 TX=-49/10 Q100
2026-09-28T03:51:11.338+03:00 [s1] [O] 
2026-09-28T03:51:11.387+03:00 [s1] [O] RX ACK session=EBE8 seq=519 ack_to=118C/515 frame=14B RX=-50/12 Q100
2026-09-28T03:51:11.488+03:00 [s1] [O] DELIVERY ACK user=118C/515 attempts=1/5 elapsed=239ms queue=0
2026-09-28T03:51:11.492+03:00 [s1] [I] S7AP8R10
2026-09-28T03:51:11.576+03:00 [s2] [O] PEER_REPORT our_seq=519 TX=-50/13 Q100
2026-09-28T03:51:11.577+03:00 [s1] [O] DELIVERY QUEUED source=2 bytes=8 waiting=1/8 in_flight=0
2026-09-28T03:51:11.581+03:00 [s2] [O] 
2026-09-28T03:51:11.587+03:00 [s2] [O] RX USER session=118C seq=516 frame=20B user=8B RX=-49/10 Q100 disposition=0
2026-09-28T03:51:11.592+03:00 [s2] [O] < [-49/10 Q100] S7AP8R10
2026-09-28T03:51:11.659+03:00 [s1] [O] 
2026-09-28T03:51:11.744+03:00 [s1] [O] TX USER seq=516 frame=20B user=8B attempt=1/5 OK time=30 ms
2026-09-28T03:51:11.788+03:00 [s1] [O] > S7AP8R10
2026-09-28T03:51:11.799+03:00 [s2] [O] 
2026-09-28T03:51:11.803+03:00 [s2] [O] TX ACK seq=520 ack_to=118C/516 frame=14B OK time=24 ms guard=500ms
2026-09-28T03:51:11.844+03:00 [s1] [O] DELIVERY WAIT_ACK user=118C/516 attempt=1/5 timeout=724ms queue=0
2026-09-28T03:51:11.889+03:00 [s1] [O] PEER_REPORT our_seq=516 TX=-49/10 Q100
2026-09-28T03:51:11.974+03:00 [s1] [O] 
2026-09-28T03:51:12.030+03:00 [s1] [O] RX ACK session=EBE8 seq=520 ack_to=118C/516 frame=14B RX=-51/10 Q100
2026-09-28T03:51:12.194+03:00 [s1] [O] DELIVERY ACK user=118C/516 attempts=1/5 elapsed=238ms queue=0
2026-09-28T03:51:12.209+03:00 [s2] [I] S7BP8R1-
2026-09-28T03:51:12.294+03:00 [s2] [O] DELIVERY QUEUED source=2 bytes=8 waiting=1/8 in_flight=0
2026-09-28T03:51:12.304+03:00 [s2] [O] 
2026-09-28T03:51:12.307+03:00 [s2] [O] TX USER seq=521 frame=20B user=8B attempt=1/5 OK time=30 ms
2026-09-28T03:51:12.310+03:00 [s2] [O] > S7BP8R1-
2026-09-28T03:51:12.311+03:00 [s2] [O] DELIVERY WAIT_ACK user=EBE8/521 attempt=1/5 timeout=724ms queue=0
2026-09-28T03:51:12.333+03:00 [s1] [O] PEER_REPORT our_seq=516 TX=-49/10 Q100
2026-09-28T03:51:12.381+03:00 [s1] [O] 
2026-09-28T03:51:12.423+03:00 [s1] [O] RX USER session=EBE8 seq=521 frame=20B user=8B RX=-49/10 Q100 disposition=0
2026-09-28T03:51:12.520+03:00 [s2] [O] PEER_REPORT our_seq=521 TX=-49/10 Q100
2026-09-28T03:51:12.522+03:00 [s1] [O] < [-49/10 Q100] S7BP8R1-
2026-09-28T03:51:12.523+03:00 [s2] [O] 
2026-09-28T03:51:12.554+03:00 [s1] [O] 
2026-09-28T03:51:12.599+03:00 [s1] [O] TX ACK seq=517 ack_to=EBE8/521 frame=14B OK time=25 ms guard=500ms
2026-09-28T03:51:12.609+03:00 [s2] [O] RX ACK session=118C seq=517 ack_to=EBE8/521 frame=14B RX=-50/10 Q100
2026-09-28T03:51:12.615+03:00 [s2] [O] DELIVERY ACK user=EBE8/521 attempts=1/5 elapsed=238ms queue=0
2026-09-28T03:51:12.620+03:00 [s2] [I] S7BP8R2-
2026-09-28T03:51:12.702+03:00 [s2] [O] DELIVERY QUEUED source=2 bytes=8 waiting=1/8 in_flight=0
2026-09-28T03:51:12.703+03:00 [s2] [O] 
2026-09-28T03:51:12.708+03:00 [s2] [O] TX USER seq=522 frame=20B user=8B attempt=1/5 OK time=30 ms
2026-09-28T03:51:12.712+03:00 [s2] [O] > S7BP8R2-
2026-09-28T03:51:12.715+03:00 [s2] [O] DELIVERY WAIT_ACK user=EBE8/522 attempt=1/5 timeout=724ms queue=0
2026-09-28T03:51:12.736+03:00 [s1] [O] PEER_REPORT our_seq=517 TX=-50/10 Q100
2026-09-28T03:51:12.780+03:00 [s1] [O] 
2026-09-28T03:51:12.823+03:00 [s1] [O] RX USER session=EBE8 seq=522 frame=20B user=8B RX=-49/10 Q100 disposition=0
2026-09-28T03:51:12.915+03:00 [s1] [O] < [-49/10 Q100] S7BP8R2-
2026-09-28T03:51:12.928+03:00 [s2] [O] PEER_REPORT our_seq=522 TX=-49/10 Q100
2026-09-28T03:51:12.932+03:00 [s2] [O] 
2026-09-28T03:51:12.958+03:00 [s1] [O] 
2026-09-28T03:51:12.970+03:00 [s2] [O] RX ACK session=118C seq=518 ack_to=EBE8/522 frame=14B RX=-49/10 Q100
2026-09-28T03:51:13.005+03:00 [s1] [O] TX ACK seq=518 ack_to=EBE8/522 frame=14B OK time=25 ms guard=500ms
2026-09-28T03:51:13.037+03:00 [s2] [O] DELIVERY ACK user=EBE8/522 attempts=1/5 elapsed=238ms queue=0
2026-09-28T03:51:13.043+03:00 [s2] [I] S7BP8R3-
2026-09-28T03:51:13.114+03:00 [s2] [O] DELIVERY QUEUED source=2 bytes=8 waiting=1/8 in_flight=0
2026-09-28T03:51:13.117+03:00 [s2] [O] 
2026-09-28T03:51:13.120+03:00 [s2] [O] TX USER seq=523 frame=20B user=8B attempt=1/5 OK time=30 ms
2026-09-28T03:51:13.122+03:00 [s2] [O] > S7BP8R3-
2026-09-28T03:51:13.124+03:00 [s2] [O] DELIVERY WAIT_ACK user=EBE8/523 attempt=1/5 timeout=724ms queue=0
2026-09-28T03:51:13.144+03:00 [s1] [O] PEER_REPORT our_seq=518 TX=-49/10 Q100
2026-09-28T03:51:13.190+03:00 [s1] [O] 
2026-09-28T03:51:13.231+03:00 [s1] [O] RX USER session=EBE8 seq=523 frame=20B user=8B RX=-49/10 Q100 disposition=0
2026-09-28T03:51:13.321+03:00 [s1] [O] < [-49/10 Q100] S7BP8R3-
2026-09-28T03:51:13.327+03:00 [s2] [O] PEER_REPORT our_seq=523 TX=-49/10 Q100
2026-09-28T03:51:13.363+03:00 [s1] [O] 
2026-09-28T03:51:13.375+03:00 [s2] [O] 
2026-09-28T03:51:13.379+03:00 [s2] [O] RX ACK session=118C seq=519 ack_to=EBE8/523 frame=14B RX=-50/10 Q100
2026-09-28T03:51:13.381+03:00 [s2] [O] DELIVERY ACK user=EBE8/523 attempts=1/5 elapsed=239ms queue=0
2026-09-28T03:51:13.382+03:00 [s2] [I] S7BP8R4-
2026-09-28T03:51:13.408+03:00 [s1] [O] TX ACK seq=519 ack_to=EBE8/523 frame=14B OK time=25 ms guard=500ms
2026-09-28T03:51:13.461+03:00 [s2] [O] DELIVERY QUEUED source=2 bytes=8 waiting=1/8 in_flight=0
2026-09-28T03:51:13.470+03:00 [s2] [O] 
2026-09-28T03:51:13.474+03:00 [s2] [O] TX USER seq=524 frame=20B user=8B attempt=1/5 OK time=31 ms
2026-09-28T03:51:13.477+03:00 [s2] [O] > S7BP8R4-
2026-09-28T03:51:13.499+03:00 [s1] [O] PEER_REPORT our_seq=519 TX=-50/10 Q100
2026-09-28T03:51:13.505+03:00 [s2] [O] DELIVERY WAIT_ACK user=EBE8/524 attempt=1/5 timeout=724ms queue=0
2026-09-28T03:51:13.546+03:00 [s1] [O] 
2026-09-28T03:51:13.598+03:00 [s1] [O] RX USER session=EBE8 seq=524 frame=20B user=8B RX=-50/10 Q100 disposition=0
2026-09-28T03:51:13.687+03:00 [s1] [O] < [-50/10 Q100] S7BP8R4-
2026-09-28T03:51:13.726+03:00 [s1] [O] 
2026-09-28T03:51:13.734+03:00 [s2] [O] PEER_REPORT our_seq=524 TX=-50/10 Q100
2026-09-28T03:51:13.737+03:00 [s2] [O] 
2026-09-28T03:51:13.743+03:00 [s2] [O] RX ACK session=118C seq=520 ack_to=EBE8/524 frame=14B RX=-50/10 Q100
2026-09-28T03:51:13.756+03:00 [s2] [O] DELIVERY ACK user=EBE8/524 attempts=1/5 elapsed=239ms queue=0
2026-09-28T03:51:13.758+03:00 [s2] [I] S7BP8R5-
2026-09-28T03:51:13.769+03:00 [s1] [O] TX ACK seq=520 ack_to=EBE8/524 frame=14B OK time=25 ms guard=500ms
2026-09-28T03:51:13.826+03:00 [s2] [O] DELIVERY QUEUED source=2 bytes=8 waiting=1/8 in_flight=0
2026-09-28T03:51:13.826+03:00 [s2] [O] 
2026-09-28T03:51:13.829+03:00 [s2] [O] TX USER seq=525 frame=20B user=8B attempt=1/5 OK time=30 ms
2026-09-28T03:51:13.832+03:00 [s2] [O] > S7BP8R5-
2026-09-28T03:51:13.834+03:00 [s2] [O] DELIVERY WAIT_ACK user=EBE8/525 attempt=1/5 timeout=724ms queue=0
2026-09-28T03:51:13.903+03:00 [s1] [O] PEER_REPORT our_seq=520 TX=-50/10 Q100
2026-09-28T03:51:13.949+03:00 [s1] [O] 
2026-09-28T03:51:14.039+03:00 [s1] [O] RX USER session=EBE8 seq=525 frame=20B user=8B RX=-49/11 Q100 disposition=0
2026-09-28T03:51:14.046+03:00 [s2] [O] PEER_REPORT our_seq=525 TX=-49/11 Q100
2026-09-28T03:51:14.049+03:00 [s2] [O] 
2026-09-28T03:51:14.106+03:00 [s2] [O] RX ACK session=118C seq=521 ack_to=EBE8/525 frame=14B RX=-50/10 Q100
2026-09-28T03:51:14.109+03:00 [s2] [O] DELIVERY ACK user=EBE8/525 attempts=1/5 elapsed=238ms queue=0
2026-09-28T03:51:14.115+03:00 [s2] [I] S7BP8R6-
2026-09-28T03:51:14.128+03:00 [s1] [O] < [-49/11 Q100] S7BP8R5-
2026-09-28T03:51:14.128+03:00 [s1] [O] 
2026-09-28T03:51:14.179+03:00 [s1] [O] TX ACK seq=521 ack_to=EBE8/525 frame=14B OK time=25 ms guard=500ms
2026-09-28T03:51:14.180+03:00 [s2] [O] DELIVERY QUEUED source=2 bytes=8 waiting=1/8 in_flight=0
2026-09-28T03:51:14.196+03:00 [s2] [O] 
2026-09-28T03:51:14.198+03:00 [s2] [O] TX USER seq=526 frame=20B user=8B attempt=1/5 OK time=30 ms
2026-09-28T03:51:14.198+03:00 [s2] [O] > S7BP8R6-
2026-09-28T03:51:14.201+03:00 [s2] [O] DELIVERY WAIT_ACK user=EBE8/526 attempt=1/5 timeout=724ms queue=0
2026-09-28T03:51:14.263+03:00 [s1] [O] PEER_REPORT our_seq=521 TX=-50/10 Q100
2026-09-28T03:51:14.318+03:00 [s1] [O] 
2026-09-28T03:51:14.356+03:00 [s1] [O] RX USER session=EBE8 seq=526 frame=20B user=8B RX=-49/10 Q100 disposition=0
2026-09-28T03:51:14.450+03:00 [s1] [O] < [-49/10 Q100] S7BP8R6-
2026-09-28T03:51:14.451+03:00 [s1] [O] 
2026-09-28T03:51:14.458+03:00 [s2] [O] PEER_REPORT our_seq=526 TX=-49/10 Q100
2026-09-28T03:51:14.468+03:00 [s2] [O] 
2026-09-28T03:51:14.471+03:00 [s2] [O] RX ACK session=118C seq=522 ack_to=EBE8/526 frame=14B RX=-50/9 Q100
2026-09-28T03:51:14.473+03:00 [s2] [O] DELIVERY ACK user=EBE8/526 attempts=1/5 elapsed=238ms queue=0
2026-09-28T03:51:14.475+03:00 [s2] [I] S7BP8R7-
2026-09-28T03:51:14.489+03:00 [s1] [O] TX ACK seq=522 ack_to=EBE8/526 frame=14B OK time=25 ms guard=500ms
2026-09-28T03:51:14.543+03:00 [s2] [O] DELIVERY QUEUED source=2 bytes=8 waiting=1/8 in_flight=0
2026-09-28T03:51:14.555+03:00 [s2] [O] 
2026-09-28T03:51:14.559+03:00 [s2] [O] TX USER seq=527 frame=20B user=8B attempt=1/5 OK time=30 ms
2026-09-28T03:51:14.561+03:00 [s2] [O] > S7BP8R7-
2026-09-28T03:51:14.566+03:00 [s2] [O] DELIVERY WAIT_ACK user=EBE8/527 attempt=1/5 timeout=724ms queue=0
2026-09-28T03:51:14.590+03:00 [s1] [O] PEER_REPORT our_seq=522 TX=-50/9 Q100
2026-09-28T03:51:14.630+03:00 [s1] [O] 
2026-09-28T03:51:14.677+03:00 [s1] [O] RX USER session=EBE8 seq=527 frame=20B user=8B RX=-49/10 Q100 disposition=0
2026-09-28T03:51:14.760+03:00 [s1] [O] < [-49/10 Q100] S7BP8R7-
2026-09-28T03:51:14.776+03:00 [s2] [O] PEER_REPORT our_seq=527 TX=-49/10 Q100
2026-09-28T03:51:14.780+03:00 [s2] [O] 
2026-09-28T03:51:14.803+03:00 [s1] [O] 
2026-09-28T03:51:14.813+03:00 [s2] [O] RX ACK session=118C seq=523 ack_to=EBE8/527 frame=14B RX=-51/9 Q100
2026-09-28T03:51:14.848+03:00 [s1] [O] TX ACK seq=523 ack_to=EBE8/527 frame=14B OK time=25 ms guard=500ms
2026-09-28T03:51:14.872+03:00 [s2] [O] DELIVERY ACK user=EBE8/527 attempts=1/5 elapsed=238ms queue=0
2026-09-28T03:51:14.874+03:00 [s2] [I] S7BP8R8-
2026-09-28T03:51:14.956+03:00 [s2] [O] DELIVERY QUEUED source=2 bytes=8 waiting=1/8 in_flight=0
2026-09-28T03:51:14.956+03:00 [s2] [O] 
2026-09-28T03:51:14.956+03:00 [s2] [O] TX USER seq=528 frame=20B user=8B attempt=1/5 OK time=30 ms
2026-09-28T03:51:14.956+03:00 [s2] [O] > S7BP8R8-
2026-09-28T03:51:14.963+03:00 [s2] [O] DELIVERY WAIT_ACK user=EBE8/528 attempt=1/5 timeout=724ms queue=0
2026-09-28T03:51:14.992+03:00 [s1] [O] PEER_REPORT our_seq=523 TX=-51/9 Q100
2026-09-28T03:51:15.035+03:00 [s1] [O] 
2026-09-28T03:51:15.081+03:00 [s1] [O] RX USER session=EBE8 seq=528 frame=20B user=8B RX=-50/10 Q100 disposition=0
2026-09-28T03:51:15.176+03:00 [s2] [O] PEER_REPORT our_seq=528 TX=-50/10 Q100
2026-09-28T03:51:15.176+03:00 [s1] [O] < [-50/10 Q100] S7BP8R8-
2026-09-28T03:51:15.178+03:00 [s2] [O] 
2026-09-28T03:51:15.208+03:00 [s1] [O] 
2026-09-28T03:51:15.220+03:00 [s2] [O] RX ACK session=118C seq=524 ack_to=EBE8/528 frame=14B RX=-50/10 Q100
2026-09-28T03:51:15.231+03:00 [s2] [O] DELIVERY ACK user=EBE8/528 attempts=1/5 elapsed=238ms queue=0
2026-09-28T03:51:15.239+03:00 [s2] [I] S7BP8R9-
2026-09-28T03:51:15.253+03:00 [s1] [O] TX ACK seq=524 ack_to=EBE8/528 frame=14B OK time=25 ms guard=500ms
2026-09-28T03:51:15.311+03:00 [s2] [O] DELIVERY QUEUED source=2 bytes=8 waiting=1/8 in_flight=0
2026-09-28T03:51:15.315+03:00 [s2] [O] 
2026-09-28T03:51:15.326+03:00 [s2] [O] TX USER seq=529 frame=20B user=8B attempt=1/5 OK time=30 ms
2026-09-28T03:51:15.327+03:00 [s2] [O] > S7BP8R9-
2026-09-28T03:51:15.357+03:00 [s1] [O] PEER_REPORT our_seq=524 TX=-50/10 Q100
2026-09-28T03:51:15.358+03:00 [s2] [O] DELIVERY WAIT_ACK user=EBE8/529 attempt=1/5 timeout=724ms queue=0
2026-09-28T03:51:15.389+03:00 [s1] [O] 
2026-09-28T03:51:15.439+03:00 [s1] [O] RX USER session=EBE8 seq=529 frame=20B user=8B RX=-50/10 Q100 disposition=0
2026-09-28T03:51:15.530+03:00 [s1] [O] < [-50/10 Q100] S7BP8R9-
2026-09-28T03:51:15.571+03:00 [s1] [O] 
2026-09-28T03:51:15.577+03:00 [s2] [O] PEER_REPORT our_seq=529 TX=-50/10 Q100
2026-09-28T03:51:15.580+03:00 [s2] [O] 
2026-09-28T03:51:15.587+03:00 [s2] [O] RX ACK session=118C seq=525 ack_to=EBE8/529 frame=14B RX=-50/10 Q100
2026-09-28T03:51:15.589+03:00 [s2] [O] DELIVERY ACK user=EBE8/529 attempts=1/5 elapsed=239ms queue=0
2026-09-28T03:51:15.591+03:00 [s2] [I] S7BP8R10
2026-09-28T03:51:15.613+03:00 [s1] [O] TX ACK seq=525 ack_to=EBE8/529 frame=14B OK time=25 ms guard=500ms
2026-09-28T03:51:15.680+03:00 [s2] [O] DELIVERY QUEUED source=2 bytes=8 waiting=1/8 in_flight=0
2026-09-28T03:51:15.680+03:00 [s2] [O] 
2026-09-28T03:51:15.680+03:00 [s2] [O] TX USER seq=530 frame=20B user=8B attempt=1/5 OK time=30 ms
2026-09-28T03:51:15.680+03:00 [s2] [O] > S7BP8R10
2026-09-28T03:51:15.680+03:00 [s2] [O] DELIVERY WAIT_ACK user=EBE8/530 attempt=1/5 timeout=724ms queue=0
2026-09-28T03:51:15.716+03:00 [s1] [O] PEER_REPORT our_seq=525 TX=-50/10 Q100
2026-09-28T03:51:15.751+03:00 [s1] [O] 
2026-09-28T03:51:15.802+03:00 [s1] [O] RX USER session=EBE8 seq=530 frame=20B user=8B RX=-50/10 Q100 disposition=0
2026-09-28T03:51:15.886+03:00 [s1] [O] < [-50/10 Q100] S7BP8R10
2026-09-28T03:51:15.896+03:00 [s2] [O] PEER_REPORT our_seq=530 TX=-50/10 Q100
2026-09-28T03:51:15.928+03:00 [s1] [O] 
2026-09-28T03:51:15.943+03:00 [s2] [O] 
2026-09-28T03:51:15.944+03:00 [s2] [O] RX ACK session=118C seq=526 ack_to=EBE8/530 frame=14B RX=-50/9 Q100
2026-09-28T03:51:15.947+03:00 [s2] [O] DELIVERY ACK user=EBE8/530 attempts=1/5 elapsed=239ms queue=0
2026-09-28T03:51:15.953+03:00 [s1] [I] S7AP16R1-XXXXXXX
2026-09-28T03:51:15.973+03:00 [s1] [O] TX ACK seq=526 ack_to=EBE8/530 frame=14B OK time=25 ms guard=500ms
2026-09-28T03:51:16.027+03:00 [s2] [O] PEER_REPORT our_seq=530 TX=-50/10 Q100
2026-09-28T03:51:16.032+03:00 [s2] [O] 
2026-09-28T03:51:16.080+03:00 [s2] [O] RX USER session=118C seq=527 frame=28B user=16B RX=-49/9 Q100 disposition=0
2026-09-28T03:51:16.081+03:00 [s2] [O] < [-49/9 Q100] S7AP16R1-XXXXXXX
2026-09-28T03:51:16.108+03:00 [s1] [O] DELIVERY QUEUED source=2 bytes=16 waiting=1/8 in_flight=0
2026-09-28T03:51:16.154+03:00 [s1] [O] 
2026-09-28T03:51:16.210+03:00 [s1] [O] TX USER seq=527 frame=28B user=16B attempt=1/5 OK time=35 ms
2026-09-28T03:51:16.295+03:00 [s2] [O] 
2026-09-28T03:51:16.296+03:00 [s2] [O] TX ACK seq=531 ack_to=118C/527 frame=14B OK time=25 ms guard=500ms
2026-09-28T03:51:16.296+03:00 [s1] [O] > S7AP16R1-XXXXXXX
2026-09-28T03:51:16.341+03:00 [s1] [O] DELIVERY WAIT_ACK user=118C/527 attempt=1/5 timeout=724ms queue=0
2026-09-28T03:51:16.390+03:00 [s1] [O] 
2026-09-28T03:51:16.422+03:00 [s1] [O] RX CRC ERROR IRQ=0x70 RX=-50/4 len=14
2026-09-28T03:51:16.786+03:00 [s1] [O] DELIVERY ACK TIMEOUT user=118C/527 attempt=1/5
2026-09-28T03:51:16.838+03:00 [s2] [O] PEER_REPORT our_seq=530 TX=-50/10 Q97
2026-09-28T03:51:16.838+03:00 [s2] [O] 
2026-09-28T03:51:16.851+03:00 [s2] [O] RX USER session=118C seq=527 frame=28B user=16B RX=-49/10 Q100 disposition=1
2026-09-28T03:51:16.887+03:00 [s1] [O] DELIVERY RETRY user=118C/527 next_attempt=2/5 in=47ms
2026-09-28T03:51:16.890+03:00 [s2] [O] USER DUPLICATE session=118C seq=527 presentation=suppressed ack=repeated
2026-09-28T03:51:16.963+03:00 [s1] [O] 
2026-09-28T03:51:17.008+03:00 [s1] [O] TX USER RETRY seq=527 frame=28B user=16B attempt=2/5 OK time=35 ms
2026-09-28T03:51:17.068+03:00 [s2] [O] 
2026-09-28T03:51:17.070+03:00 [s2] [O] TX ACK seq=532 ack_to=118C/527 frame=14B OK time=24 ms guard=500ms
2026-09-28T03:51:17.109+03:00 [s1] [O] DELIVERY WAIT_ACK user=118C/527 attempt=2/5 timeout=724ms queue=0
2026-09-28T03:51:17.196+03:00 [s1] [O] PEER_REPORT our_seq=527 TX=-49/10 Q100
2026-09-28T03:51:17.244+03:00 [s1] [O] 
2026-09-28T03:51:17.284+03:00 [s1] [O] RX ACK session=EBE8 seq=532 ack_to=118C/527 frame=14B RX=-50/10 Q97
2026-09-28T03:51:17.413+03:00 [s1] [O] DELIVERY ACK user=118C/527 attempts=2/5 elapsed=1046ms queue=0
2026-09-28T03:51:17.416+03:00 [s1] [I] S7AP16R2-XXXXXXX
2026-09-28T03:51:17.510+03:00 [s1] [O] DELIVERY QUEUED source=2 bytes=16 waiting=1/8 in_flight=0
2026-09-28T03:51:17.519+03:00 [s2] [O] PEER_REPORT our_seq=532 TX=-50/10 Q97
2026-09-28T03:51:17.562+03:00 [s2] [O] 
2026-09-28T03:51:17.567+03:00 [s2] [O] RX USER session=118C seq=528 frame=28B user=16B RX=-49/10 Q100 disposition=0
2026-09-28T03:51:17.573+03:00 [s2] [O] < [-49/10 Q100] S7AP16R2-XXXXXXX
2026-09-28T03:51:17.594+03:00 [s1] [O] 
2026-09-28T03:51:17.638+03:00 [s1] [O] TX USER seq=528 frame=28B user=16B attempt=1/5 OK time=35 ms
2026-09-28T03:51:17.686+03:00 [s1] [O] > S7AP16R2-XXXXXXX
2026-09-28T03:51:17.743+03:00 [s1] [O] DELIVERY WAIT_ACK user=118C/528 attempt=1/5 timeout=724ms queue=0
2026-09-28T03:51:17.786+03:00 [s2] [O] 
2026-09-28T03:51:17.787+03:00 [s2] [O] TX ACK seq=533 ack_to=118C/528 frame=14B OK time=24 ms guard=500ms
2026-09-28T03:51:17.818+03:00 [s1] [O] PEER_REPORT our_seq=528 TX=-49/10 Q100
2026-09-28T03:51:17.867+03:00 [s1] [O] 
2026-09-28T03:51:17.908+03:00 [s1] [O] RX ACK session=EBE8 seq=533 ack_to=118C/528 frame=14B RX=-50/10 Q97
2026-09-28T03:51:18.002+03:00 [s1] [O] DELIVERY ACK user=118C/528 attempts=1/5 elapsed=239ms queue=0
2026-09-28T03:51:18.007+03:00 [s1] [I] S7AP16R3-XXXXXXX
2026-09-28T03:51:18.094+03:00 [s2] [O] PEER_REPORT our_seq=533 TX=-50/10 Q97
2026-09-28T03:51:18.147+03:00 [s2] [O] 
2026-09-28T03:51:18.157+03:00 [s1] [O] DELIVERY QUEUED source=2 bytes=16 waiting=1/8 in_flight=0
2026-09-28T03:51:18.159+03:00 [s2] [O] RX USER session=118C seq=529 frame=28B user=16B RX=-49/10 Q100 disposition=0
2026-09-28T03:51:18.162+03:00 [s2] [O] < [-49/10 Q100] S7AP16R3-XXXXXXX
2026-09-28T03:51:18.223+03:00 [s1] [O] 
2026-09-28T03:51:18.269+03:00 [s1] [O] TX USER seq=529 frame=28B user=16B attempt=1/5 OK time=36 ms
2026-09-28T03:51:18.330+03:00 [s1] [O] > S7AP16R3-XXXXXXX
2026-09-28T03:51:18.372+03:00 [s2] [O] 
2026-09-28T03:51:18.372+03:00 [s1] [O] DELIVERY WAIT_ACK user=118C/529 attempt=1/5 timeout=724ms queue=0
2026-09-28T03:51:18.373+03:00 [s2] [O] TX ACK seq=534 ack_to=118C/529 frame=14B OK time=24 ms guard=500ms
2026-09-28T03:51:18.452+03:00 [s1] [O] PEER_REPORT our_seq=529 TX=-49/10 Q100
2026-09-28T03:51:18.501+03:00 [s1] [O] 
2026-09-28T03:51:18.539+03:00 [s1] [O] RX ACK session=EBE8 seq=534 ack_to=118C/529 frame=14B RX=-50/10 Q97
2026-09-28T03:51:18.673+03:00 [s1] [O] DELIVERY ACK user=118C/529 attempts=1/5 elapsed=239ms queue=0
2026-09-28T03:51:18.679+03:00 [s1] [I] S7AP16R4-XXXXXXX
2026-09-28T03:51:18.774+03:00 [s2] [O] PEER_REPORT our_seq=534 TX=-50/10 Q97
2026-09-28T03:51:18.774+03:00 [s1] [O] DELIVERY QUEUED source=2 bytes=16 waiting=1/8 in_flight=0
2026-09-28T03:51:18.777+03:00 [s2] [O] 
2026-09-28T03:51:18.825+03:00 [s2] [O] RX USER session=118C seq=530 frame=28B user=16B RX=-48/10 Q100 disposition=0
2026-09-28T03:51:18.825+03:00 [s2] [O] < [-48/10 Q100] S7AP16R4-XXXXXXX
2026-09-28T03:51:18.853+03:00 [s1] [O] 
2026-09-28T03:51:18.903+03:00 [s1] [O] TX USER seq=530 frame=28B user=16B attempt=1/5 OK time=35 ms
2026-09-28T03:51:18.943+03:00 [s1] [O] > S7AP16R4-XXXXXXX
2026-09-28T03:51:18.989+03:00 [s1] [O] DELIVERY WAIT_ACK user=118C/530 attempt=1/5 timeout=724ms queue=0
2026-09-28T03:51:19.001+03:00 [s2] [O] 
2026-09-28T03:51:19.009+03:00 [s2] [O] TX ACK seq=535 ack_to=118C/530 frame=14B OK time=24 ms guard=500ms
2026-09-28T03:51:19.078+03:00 [s1] [O] PEER_REPORT our_seq=530 TX=-48/10 Q100
2026-09-28T03:51:19.132+03:00 [s1] [O] 
2026-09-28T03:51:19.170+03:00 [s1] [O] RX ACK session=EBE8 seq=535 ack_to=118C/530 frame=14B RX=-50/9 Q97
2026-09-28T03:51:19.303+03:00 [s1] [O] DELIVERY ACK user=118C/530 attempts=1/5 elapsed=238ms queue=0
2026-09-28T03:51:19.314+03:00 [s1] [I] S7AP16R5-XXXXXXX
2026-09-28T03:51:19.399+03:00 [s1] [O] DELIVERY QUEUED source=2 bytes=16 waiting=1/8 in_flight=0
2026-09-28T03:51:19.400+03:00 [s2] [O] PEER_REPORT our_seq=535 TX=-50/9 Q97
2026-09-28T03:51:19.405+03:00 [s2] [O] 
2026-09-28T03:51:19.457+03:00 [s2] [O] RX USER session=118C seq=531 frame=28B user=16B RX=-48/10 Q100 disposition=0
2026-09-28T03:51:19.458+03:00 [s2] [O] < [-48/10 Q100] S7AP16R5-XXXXXXX
2026-09-28T03:51:19.484+03:00 [s1] [O] 
2026-09-28T03:51:19.527+03:00 [s1] [O] TX USER seq=531 frame=28B user=16B attempt=1/5 OK time=35 ms
2026-09-28T03:51:19.573+03:00 [s1] [O] > S7AP16R5-XXXXXXX
2026-09-28T03:51:19.619+03:00 [s1] [O] DELIVERY WAIT_ACK user=118C/531 attempt=1/5 timeout=724ms queue=0
2026-09-28T03:51:19.636+03:00 [s2] [O] 
2026-09-28T03:51:19.671+03:00 [s2] [O] TX ACK seq=536 ack_to=118C/531 frame=14B OK time=24 ms guard=500ms
2026-09-28T03:51:19.714+03:00 [s1] [O] PEER_REPORT our_seq=531 TX=-48/10 Q100
2026-09-28T03:51:19.755+03:00 [s1] [O] 
2026-09-28T03:51:19.805+03:00 [s1] [O] RX ACK session=EBE8 seq=536 ack_to=118C/531 frame=14B RX=-50/10 Q97
2026-09-28T03:51:19.978+03:00 [s1] [O] DELIVERY ACK user=118C/531 attempts=1/5 elapsed=238ms queue=0
2026-09-28T03:51:19.991+03:00 [s1] [I] S7AP16R6-XXXXXXX
2026-09-28T03:51:20.079+03:00 [s1] [O] DELIVERY QUEUED source=2 bytes=16 waiting=1/8 in_flight=0
2026-09-28T03:51:20.086+03:00 [s2] [O] PEER_REPORT our_seq=536 TX=-50/10 Q97
2026-09-28T03:51:20.094+03:00 [s2] [O] 
2026-09-28T03:51:20.128+03:00 [s2] [O] RX USER session=118C seq=532 frame=28B user=16B RX=-48/10 Q100 disposition=0
2026-09-28T03:51:20.135+03:00 [s2] [O] < [-48/10 Q100] S7AP16R6-XXXXXXX
2026-09-28T03:51:20.158+03:00 [s1] [O] 
2026-09-28T03:51:20.206+03:00 [s1] [O] TX USER seq=532 frame=28B user=16B attempt=1/5 OK time=35 ms
2026-09-28T03:51:20.251+03:00 [s1] [O] > S7AP16R6-XXXXXXX
2026-09-28T03:51:20.297+03:00 [s1] [O] DELIVERY WAIT_ACK user=118C/532 attempt=1/5 timeout=724ms queue=0
2026-09-28T03:51:20.304+03:00 [s2] [O] 
2026-09-28T03:51:20.306+03:00 [s2] [O] TX ACK seq=537 ack_to=118C/532 frame=14B OK time=24 ms guard=500ms
2026-09-28T03:51:20.341+03:00 [s1] [O] PEER_REPORT our_seq=532 TX=-48/11 Q100
2026-09-28T03:51:20.398+03:00 [s1] [O] 
2026-09-28T03:51:20.429+03:00 [s1] [O] RX ACK session=EBE8 seq=537 ack_to=118C/532 frame=14B RX=-50/10 Q97
2026-09-28T03:51:20.573+03:00 [s1] [O] DELIVERY ACK user=118C/532 attempts=1/5 elapsed=239ms queue=0
2026-09-28T03:51:20.576+03:00 [s1] [I] S7AP16R7-XXXXXXX
2026-09-28T03:51:20.662+03:00 [s1] [O] DELIVERY QUEUED source=2 bytes=16 waiting=1/8 in_flight=0
2026-09-28T03:51:20.666+03:00 [s2] [O] PEER_REPORT our_seq=537 TX=-50/10 Q97
2026-09-28T03:51:20.676+03:00 [s2] [O] 
2026-09-28T03:51:20.708+03:00 [s2] [O] RX USER session=118C seq=533 frame=28B user=16B RX=-48/10 Q100 disposition=0
2026-09-28T03:51:20.711+03:00 [s2] [O] < [-48/10 Q100] S7AP16R7-XXXXXXX
2026-09-28T03:51:20.744+03:00 [s1] [O] 
2026-09-28T03:51:20.788+03:00 [s1] [O] TX USER seq=533 frame=28B user=16B attempt=1/5 OK time=35 ms
2026-09-28T03:51:20.836+03:00 [s1] [O] > S7AP16R7-XXXXXXX
2026-09-28T03:51:20.878+03:00 [s1] [O] DELIVERY WAIT_ACK user=118C/533 attempt=1/5 timeout=724ms queue=0
2026-09-28T03:51:20.886+03:00 [s2] [O] 
2026-09-28T03:51:20.888+03:00 [s2] [O] TX ACK seq=538 ack_to=118C/533 frame=14B OK time=24 ms guard=500ms
2026-09-28T03:51:20.936+03:00 [s1] [O] PEER_REPORT our_seq=533 TX=-48/10 Q100
2026-09-28T03:51:20.969+03:00 [s1] [O] 
2026-09-28T03:51:21.024+03:00 [s1] [O] RX ACK session=EBE8 seq=538 ack_to=118C/533 frame=14B RX=-50/10 Q97
2026-09-28T03:51:21.151+03:00 [s1] [O] DELIVERY ACK user=118C/533 attempts=1/5 elapsed=239ms queue=0
2026-09-28T03:51:21.157+03:00 [s1] [I] S7AP16R8-XXXXXXX
2026-09-28T03:51:21.247+03:00 [s1] [O] DELIVERY QUEUED source=2 bytes=16 waiting=1/8 in_flight=0
2026-09-28T03:51:21.247+03:00 [s2] [O] PEER_REPORT our_seq=538 TX=-50/10 Q97
2026-09-28T03:51:21.251+03:00 [s2] [O] 
2026-09-28T03:51:21.294+03:00 [s2] [O] RX USER session=118C seq=534 frame=28B user=16B RX=-49/10 Q100 disposition=0
2026-09-28T03:51:21.304+03:00 [s2] [O] < [-49/10 Q100] S7AP16R8-XXXXXXX
2026-09-28T03:51:21.329+03:00 [s1] [O] 
2026-09-28T03:51:21.373+03:00 [s1] [O] TX USER seq=534 frame=28B user=16B attempt=1/5 OK time=35 ms
2026-09-28T03:51:21.425+03:00 [s1] [O] > S7AP16R8-XXXXXXX
2026-09-28T03:51:21.471+03:00 [s1] [O] DELIVERY WAIT_ACK user=118C/534 attempt=1/5 timeout=724ms queue=0
2026-09-28T03:51:21.472+03:00 [s2] [O] 
2026-09-28T03:51:21.518+03:00 [s2] [O] TX ACK seq=539 ack_to=118C/534 frame=14B OK time=24 ms guard=500ms
2026-09-28T03:51:21.553+03:00 [s1] [O] PEER_REPORT our_seq=534 TX=-49/10 Q100
2026-09-28T03:51:21.601+03:00 [s1] [O] 
2026-09-28T03:51:21.643+03:00 [s1] [O] RX ACK session=EBE8 seq=539 ack_to=118C/534 frame=14B RX=-50/10 Q97
2026-09-28T03:51:21.745+03:00 [s1] [O] DELIVERY ACK user=118C/534 attempts=1/5 elapsed=229ms queue=0
2026-09-28T03:51:21.754+03:00 [s1] [I] S7AP16R9-XXXXXXX
2026-09-28T03:51:21.833+03:00 [s1] [O] DELIVERY QUEUED source=2 bytes=16 waiting=1/8 in_flight=0
2026-09-28T03:51:21.833+03:00 [s2] [O] PEER_REPORT our_seq=539 TX=-50/10 Q97
2026-09-28T03:51:21.889+03:00 [s2] [O] 
2026-09-28T03:51:21.889+03:00 [s2] [O] RX USER session=118C seq=535 frame=28B user=16B RX=-49/9 Q100 disposition=0
2026-09-28T03:51:21.894+03:00 [s2] [O] < [-49/9 Q100] S7AP16R9-XXXXXXX
2026-09-28T03:51:21.913+03:00 [s1] [O] 
2026-09-28T03:51:21.961+03:00 [s1] [O] TX USER seq=535 frame=28B user=16B attempt=1/5 OK time=35 ms
2026-09-28T03:51:22.012+03:00 [s1] [O] > S7AP16R9-XXXXXXX
2026-09-28T03:51:22.053+03:00 [s1] [O] DELIVERY WAIT_ACK user=118C/535 attempt=1/5 timeout=724ms queue=0
2026-09-28T03:51:22.108+03:00 [s2] [O] 
2026-09-28T03:51:22.108+03:00 [s2] [O] TX ACK seq=540 ack_to=118C/535 frame=14B OK time=24 ms guard=500ms
2026-09-28T03:51:22.108+03:00 [s1] [O] PEER_REPORT our_seq=535 TX=-49/9 Q100
2026-09-28T03:51:22.230+03:00 [s1] [O] 
2026-09-28T03:51:22.275+03:00 [s1] [O] RX ACK session=EBE8 seq=540 ack_to=118C/535 frame=14B RX=-50/10 Q97
2026-09-28T03:51:22.371+03:00 [s1] [O] DELIVERY ACK user=118C/535 attempts=1/5 elapsed=240ms queue=0
2026-09-28T03:51:22.377+03:00 [s1] [I] S7AP16R10-XXXXXX
2026-09-28T03:51:22.469+03:00 [s1] [O] DELIVERY QUEUED source=2 bytes=16 waiting=1/8 in_flight=0
2026-09-28T03:51:22.470+03:00 [s2] [O] PEER_REPORT our_seq=540 TX=-50/10 Q97
2026-09-28T03:51:22.513+03:00 [s2] [O] 
2026-09-28T03:51:22.515+03:00 [s2] [O] RX USER session=118C seq=536 frame=28B user=16B RX=-49/10 Q100 disposition=0
2026-09-28T03:51:22.516+03:00 [s2] [O] < [-49/10 Q100] S7AP16R10-XXXXXX
2026-09-28T03:51:22.543+03:00 [s1] [O] 
2026-09-28T03:51:22.589+03:00 [s1] [O] TX USER seq=536 frame=28B user=16B attempt=1/5 OK time=35 ms
2026-09-28T03:51:22.634+03:00 [s1] [O] > S7AP16R10-XXXXXX
2026-09-28T03:51:22.687+03:00 [s1] [O] DELIVERY WAIT_ACK user=118C/536 attempt=1/5 timeout=724ms queue=0
2026-09-28T03:51:22.741+03:00 [s2] [O] 
2026-09-28T03:51:22.741+03:00 [s1] [O] PEER_REPORT our_seq=536 TX=-49/11 Q100
2026-09-28T03:51:22.742+03:00 [s2] [O] TX ACK seq=541 ack_to=118C/536 frame=14B OK time=24 ms guard=500ms
2026-09-28T03:51:22.775+03:00 [s1] [O] 
2026-09-28T03:51:22.821+03:00 [s1] [O] RX ACK session=EBE8 seq=541 ack_to=118C/536 frame=14B RX=-50/10 Q97
2026-09-28T03:51:23.004+03:00 [s1] [O] DELIVERY ACK user=118C/536 attempts=1/5 elapsed=230ms queue=0
2026-09-28T03:51:23.007+03:00 [s2] [I] S7BP16R1-XXXXXXX
2026-09-28T03:51:23.096+03:00 [s2] [O] DELIVERY QUEUED source=2 bytes=16 waiting=1/8 in_flight=0
2026-09-28T03:51:23.101+03:00 [s2] [O] 
2026-09-28T03:51:23.128+03:00 [s1] [O] PEER_REPORT our_seq=536 TX=-49/11 Q100
2026-09-28T03:51:23.144+03:00 [s2] [O] TX USER seq=542 frame=28B user=16B attempt=1/5 OK time=36 ms
2026-09-28T03:51:23.146+03:00 [s2] [O] > S7BP16R1-XXXXXXX
2026-09-28T03:51:23.148+03:00 [s2] [O] DELIVERY WAIT_ACK user=EBE8/542 attempt=1/5 timeout=724ms queue=0
2026-09-28T03:51:23.176+03:00 [s1] [O] 
2026-09-28T03:51:23.228+03:00 [s1] [O] RX USER session=EBE8 seq=542 frame=28B user=16B RX=-48/11 Q97 disposition=0
2026-09-28T03:51:23.316+03:00 [s1] [O] < [-48/11 Q97] S7BP16R1-XXXXXXX
2026-09-28T03:51:23.354+03:00 [s1] [O] 
2026-09-28T03:51:23.362+03:00 [s2] [O] PEER_REPORT our_seq=542 TX=-48/11 Q97
2026-09-28T03:51:23.362+03:00 [s2] [O] 
2026-09-28T03:51:23.362+03:00 [s2] [O] RX ACK session=118C seq=537 ack_to=EBE8/542 frame=14B RX=-49/10 Q100
2026-09-28T03:51:23.375+03:00 [s2] [O] DELIVERY ACK user=EBE8/542 attempts=1/5 elapsed=239ms queue=0
2026-09-28T03:51:23.376+03:00 [s2] [I] S7BP16R2-XXXXXXX
2026-09-28T03:51:23.400+03:00 [s1] [O] TX ACK seq=537 ack_to=EBE8/542 frame=14B OK time=25 ms guard=500ms
2026-09-28T03:51:23.460+03:00 [s2] [O] DELIVERY QUEUED source=2 bytes=16 waiting=1/8 in_flight=0
2026-09-28T03:51:23.464+03:00 [s2] [O] 
2026-09-28T03:51:23.490+03:00 [s1] [O] PEER_REPORT our_seq=537 TX=-49/10 Q100
2026-09-28T03:51:23.498+03:00 [s2] [O] TX USER seq=543 frame=28B user=16B attempt=1/5 OK time=35 ms
2026-09-28T03:51:23.503+03:00 [s2] [O] > S7BP16R2-XXXXXXX
2026-09-28T03:51:23.507+03:00 [s2] [O] DELIVERY WAIT_ACK user=EBE8/543 attempt=1/5 timeout=724ms queue=0
2026-09-28T03:51:23.540+03:00 [s1] [O] 
2026-09-28T03:51:23.591+03:00 [s1] [O] RX USER session=EBE8 seq=543 frame=28B user=16B RX=-49/10 Q97 disposition=0
2026-09-28T03:51:23.679+03:00 [s1] [O] < [-49/10 Q97] S7BP16R2-XXXXXXX
2026-09-28T03:51:23.718+03:00 [s1] [O] 
2026-09-28T03:51:23.719+03:00 [s2] [O] PEER_REPORT our_seq=543 TX=-49/10 Q97
2026-09-28T03:51:23.759+03:00 [s1] [O] TX ACK seq=538 ack_to=EBE8/543 frame=14B OK time=25 ms guard=500ms
2026-09-28T03:51:23.774+03:00 [s2] [O] 
2026-09-28T03:51:23.777+03:00 [s2] [O] RX ACK session=118C seq=538 ack_to=EBE8/543 frame=14B RX=-50/10 Q100
2026-09-28T03:51:23.778+03:00 [s2] [O] DELIVERY ACK user=EBE8/543 attempts=1/5 elapsed=238ms queue=0
2026-09-28T03:51:23.779+03:00 [s2] [I] S7BP16R3-XXXXXXX
2026-09-28T03:51:23.863+03:00 [s2] [O] DELIVERY QUEUED source=2 bytes=16 waiting=1/8 in_flight=0
2026-09-28T03:51:23.865+03:00 [s2] [O] 
2026-09-28T03:51:23.895+03:00 [s1] [O] PEER_REPORT our_seq=538 TX=-50/10 Q100
2026-09-28T03:51:23.907+03:00 [s2] [O] TX USER seq=544 frame=28B user=16B attempt=1/5 OK time=35 ms
2026-09-28T03:51:23.908+03:00 [s2] [O] > S7BP16R3-XXXXXXX
2026-09-28T03:51:23.912+03:00 [s2] [O] DELIVERY WAIT_ACK user=EBE8/544 attempt=1/5 timeout=724ms queue=0
2026-09-28T03:51:23.939+03:00 [s1] [O] 
2026-09-28T03:51:23.986+03:00 [s1] [O] RX USER session=EBE8 seq=544 frame=28B user=16B RX=-48/10 Q97 disposition=0
2026-09-28T03:51:24.125+03:00 [s1] [O] < [-48/10 Q97] S7BP16R3-XXXXXXX
2026-09-28T03:51:24.126+03:00 [s1] [O] 
2026-09-28T03:51:24.126+03:00 [s2] [O] PEER_REPORT our_seq=544 TX=-48/10 Q97
2026-09-28T03:51:24.131+03:00 [s2] [O] 
2026-09-28T03:51:24.133+03:00 [s2] [O] RX ACK session=118C seq=539 ack_to=EBE8/544 frame=14B RX=-50/10 Q100
2026-09-28T03:51:24.148+03:00 [s2] [O] DELIVERY ACK user=EBE8/544 attempts=1/5 elapsed=240ms queue=0
2026-09-28T03:51:24.149+03:00 [s2] [I] S7BP16R4-XXXXXXX
2026-09-28T03:51:24.167+03:00 [s1] [O] TX ACK seq=539 ack_to=EBE8/544 frame=14B OK time=25 ms guard=500ms
2026-09-28T03:51:24.224+03:00 [s2] [O] DELIVERY QUEUED source=2 bytes=16 waiting=1/8 in_flight=0
2026-09-28T03:51:24.230+03:00 [s2] [O] 
2026-09-28T03:51:24.260+03:00 [s1] [O] PEER_REPORT our_seq=539 TX=-50/10 Q100
2026-09-28T03:51:24.270+03:00 [s2] [O] TX USER seq=545 frame=28B user=16B attempt=1/5 OK time=35 ms
2026-09-28T03:51:24.272+03:00 [s2] [O] > S7BP16R4-XXXXXXX
2026-09-28T03:51:24.274+03:00 [s2] [O] DELIVERY WAIT_ACK user=EBE8/545 attempt=1/5 timeout=724ms queue=0
2026-09-28T03:51:24.305+03:00 [s1] [O] 
2026-09-28T03:51:24.355+03:00 [s1] [O] RX USER session=EBE8 seq=545 frame=28B user=16B RX=-48/10 Q97 disposition=0
2026-09-28T03:51:24.445+03:00 [s1] [O] < [-48/10 Q97] S7BP16R4-XXXXXXX
2026-09-28T03:51:24.483+03:00 [s1] [O] 
2026-09-28T03:51:24.504+03:00 [s2] [O] PEER_REPORT our_seq=545 TX=-48/10 Q97
2026-09-28T03:51:24.506+03:00 [s2] [O] 
2026-09-28T03:51:24.506+03:00 [s2] [O] RX ACK session=118C seq=540 ack_to=EBE8/545 frame=14B RX=-50/10 Q100
2026-09-28T03:51:24.506+03:00 [s2] [O] DELIVERY ACK user=EBE8/545 attempts=1/5 elapsed=239ms queue=0
2026-09-28T03:51:24.507+03:00 [s2] [I] S7BP16R5-XXXXXXX
2026-09-28T03:51:24.523+03:00 [s1] [O] TX ACK seq=540 ack_to=EBE8/545 frame=14B OK time=25 ms guard=500ms
2026-09-28T03:51:24.581+03:00 [s2] [O] DELIVERY QUEUED source=2 bytes=16 waiting=1/8 in_flight=0
2026-09-28T03:51:24.585+03:00 [s2] [O] 
2026-09-28T03:51:24.623+03:00 [s2] [O] TX USER seq=546 frame=28B user=16B attempt=1/5 OK time=35 ms
2026-09-28T03:51:24.625+03:00 [s2] [O] > S7BP16R5-XXXXXXX
2026-09-28T03:51:24.625+03:00 [s1] [O] PEER_REPORT our_seq=540 TX=-50/10 Q100
2026-09-28T03:51:24.636+03:00 [s2] [O] DELIVERY WAIT_ACK user=EBE8/546 attempt=1/5 timeout=724ms queue=0
2026-09-28T03:51:24.658+03:00 [s1] [O] 
2026-09-28T03:51:24.704+03:00 [s1] [O] RX USER session=EBE8 seq=546 frame=28B user=16B RX=-48/10 Q97 disposition=0
2026-09-28T03:51:24.793+03:00 [s1] [O] < [-48/10 Q97] S7BP16R5-XXXXXXX
2026-09-28T03:51:24.841+03:00 [s1] [O] 
2026-09-28T03:51:24.851+03:00 [s2] [O] PEER_REPORT our_seq=546 TX=-48/10 Q97
2026-09-28T03:51:24.851+03:00 [s2] [O] 
2026-09-28T03:51:24.884+03:00 [s1] [O] TX ACK seq=541 ack_to=EBE8/546 frame=14B OK time=25 ms guard=500ms
2026-09-28T03:51:24.911+03:00 [s2] [O] RX ACK session=118C seq=541 ack_to=EBE8/546 frame=14B RX=-50/10 Q100
2026-09-28T03:51:24.915+03:00 [s2] [O] DELIVERY ACK user=EBE8/546 attempts=1/5 elapsed=239ms queue=0
2026-09-28T03:51:24.917+03:00 [s2] [I] S7BP16R6-XXXXXXX
2026-09-28T03:51:24.991+03:00 [s2] [O] DELIVERY QUEUED source=2 bytes=16 waiting=1/8 in_flight=0
2026-09-28T03:51:24.995+03:00 [s2] [O] 
2026-09-28T03:51:25.027+03:00 [s2] [O] TX USER seq=547 frame=28B user=16B attempt=1/5 OK time=35 ms
2026-09-28T03:51:25.027+03:00 [s1] [O] PEER_REPORT our_seq=541 TX=-50/10 Q100
2026-09-28T03:51:25.040+03:00 [s2] [O] > S7BP16R6-XXXXXXX
2026-09-28T03:51:25.043+03:00 [s2] [O] DELIVERY WAIT_ACK user=EBE8/547 attempt=1/5 timeout=724ms queue=0
2026-09-28T03:51:25.066+03:00 [s1] [O] 
2026-09-28T03:51:25.108+03:00 [s1] [O] RX USER session=EBE8 seq=547 frame=28B user=16B RX=-49/10 Q97 disposition=0
2026-09-28T03:51:25.207+03:00 [s1] [O] < [-49/10 Q97] S7BP16R6-XXXXXXX
2026-09-28T03:51:25.244+03:00 [s1] [O] 
2026-09-28T03:51:25.254+03:00 [s2] [O] PEER_REPORT our_seq=547 TX=-49/11 Q97
2026-09-28T03:51:25.257+03:00 [s2] [O] 
2026-09-28T03:51:25.261+03:00 [s2] [O] RX ACK session=118C seq=542 ack_to=EBE8/547 frame=14B RX=-50/10 Q100
2026-09-28T03:51:25.287+03:00 [s1] [O] TX ACK seq=542 ack_to=EBE8/547 frame=14B OK time=25 ms guard=500ms
2026-09-28T03:51:25.310+03:00 [s2] [O] DELIVERY ACK user=EBE8/547 attempts=1/5 elapsed=240ms queue=0
2026-09-28T03:51:25.314+03:00 [s2] [I] S7BP16R7-XXXXXXX
2026-09-28T03:51:25.392+03:00 [s2] [O] DELIVERY QUEUED source=2 bytes=16 waiting=1/8 in_flight=0
2026-09-28T03:51:25.396+03:00 [s2] [O] 
2026-09-28T03:51:25.430+03:00 [s1] [O] PEER_REPORT our_seq=542 TX=-50/10 Q100
2026-09-28T03:51:25.432+03:00 [s2] [O] TX USER seq=548 frame=28B user=16B attempt=1/5 OK time=35 ms
2026-09-28T03:51:25.438+03:00 [s2] [O] > S7BP16R7-XXXXXXX
2026-09-28T03:51:25.442+03:00 [s2] [O] DELIVERY WAIT_ACK user=EBE8/548 attempt=1/5 timeout=724ms queue=0
2026-09-28T03:51:25.469+03:00 [s1] [O] 
2026-09-28T03:51:25.516+03:00 [s1] [O] RX USER session=EBE8 seq=548 frame=28B user=16B RX=-49/10 Q97 disposition=0
2026-09-28T03:51:25.609+03:00 [s1] [O] < [-49/10 Q97] S7BP16R7-XXXXXXX
2026-09-28T03:51:25.653+03:00 [s1] [O] 
2026-09-28T03:51:25.654+03:00 [s2] [O] PEER_REPORT our_seq=548 TX=-49/10 Q97
2026-09-28T03:51:25.664+03:00 [s2] [O] 
2026-09-28T03:51:25.678+03:00 [s2] [O] RX ACK session=118C seq=543 ack_to=EBE8/548 frame=14B RX=-50/10 Q100
2026-09-28T03:51:25.681+03:00 [s2] [O] DELIVERY ACK user=EBE8/548 attempts=1/5 elapsed=240ms queue=0
2026-09-28T03:51:25.684+03:00 [s2] [I] S7BP16R8-XXXXXXX
2026-09-28T03:51:25.694+03:00 [s1] [O] TX ACK seq=543 ack_to=EBE8/548 frame=14B OK time=25 ms guard=500ms
2026-09-28T03:51:25.752+03:00 [s2] [O] DELIVERY QUEUED source=2 bytes=16 waiting=1/8 in_flight=0
2026-09-28T03:51:25.755+03:00 [s2] [O] 
2026-09-28T03:51:25.783+03:00 [s1] [O] PEER_REPORT our_seq=543 TX=-50/10 Q100
2026-09-28T03:51:25.790+03:00 [s2] [O] TX USER seq=549 frame=28B user=16B attempt=1/5 OK time=35 ms
2026-09-28T03:51:25.806+03:00 [s2] [O] > S7BP16R8-XXXXXXX
2026-09-28T03:51:25.809+03:00 [s2] [O] DELIVERY WAIT_ACK user=EBE8/549 attempt=1/5 timeout=724ms queue=0
2026-09-28T03:51:25.829+03:00 [s1] [O] 
2026-09-28T03:51:25.879+03:00 [s1] [O] RX USER session=EBE8 seq=549 frame=28B user=16B RX=-49/10 Q97 disposition=0
2026-09-28T03:51:25.965+03:00 [s1] [O] < [-49/10 Q97] S7BP16R8-XXXXXXX
2026-09-28T03:51:26.009+03:00 [s1] [O] 
2026-09-28T03:51:26.026+03:00 [s2] [O] PEER_REPORT our_seq=549 TX=-49/10 Q97
2026-09-28T03:51:26.029+03:00 [s2] [O] 
2026-09-28T03:51:26.033+03:00 [s2] [O] RX ACK session=118C seq=544 ack_to=EBE8/549 frame=14B RX=-50/10 Q100
2026-09-28T03:51:26.038+03:00 [s2] [O] DELIVERY ACK user=EBE8/549 attempts=1/5 elapsed=239ms queue=0
2026-09-28T03:51:26.039+03:00 [s2] [I] S7BP16R9-XXXXXXX
2026-09-28T03:51:26.053+03:00 [s1] [O] TX ACK seq=544 ack_to=EBE8/549 frame=14B OK time=25 ms guard=500ms
2026-09-28T03:51:26.114+03:00 [s2] [O] DELIVERY QUEUED source=2 bytes=16 waiting=1/8 in_flight=0
2026-09-28T03:51:26.115+03:00 [s2] [O] 
2026-09-28T03:51:26.157+03:00 [s2] [O] TX USER seq=550 frame=28B user=16B attempt=1/5 OK time=35 ms
2026-09-28T03:51:26.157+03:00 [s1] [O] PEER_REPORT our_seq=544 TX=-50/10 Q100
2026-09-28T03:51:26.159+03:00 [s2] [O] > S7BP16R9-XXXXXXX
2026-09-28T03:51:26.170+03:00 [s2] [O] DELIVERY WAIT_ACK user=EBE8/550 attempt=1/5 timeout=724ms queue=0
2026-09-28T03:51:26.188+03:00 [s1] [O] 
2026-09-28T03:51:26.237+03:00 [s1] [O] RX USER session=EBE8 seq=550 frame=28B user=16B RX=-49/10 Q97 disposition=0
2026-09-28T03:51:26.332+03:00 [s1] [O] < [-49/10 Q97] S7BP16R9-XXXXXXX
2026-09-28T03:51:26.370+03:00 [s1] [O] 
2026-09-28T03:51:26.374+03:00 [s2] [O] PEER_REPORT our_seq=550 TX=-49/10 Q97
2026-09-28T03:51:26.387+03:00 [s2] [O] 
2026-09-28T03:51:26.389+03:00 [s2] [O] RX ACK session=118C seq=545 ack_to=EBE8/550 frame=14B RX=-50/10 Q100
2026-09-28T03:51:26.392+03:00 [s2] [O] DELIVERY ACK user=EBE8/550 attempts=1/5 elapsed=239ms queue=0
2026-09-28T03:51:26.394+03:00 [s2] [I] S7BP16R10-XXXXXX
2026-09-28T03:51:26.413+03:00 [s1] [O] TX ACK seq=545 ack_to=EBE8/550 frame=14B OK time=25 ms guard=500ms
2026-09-28T03:51:26.478+03:00 [s2] [O] DELIVERY QUEUED source=2 bytes=16 waiting=1/8 in_flight=0
2026-09-28T03:51:26.486+03:00 [s2] [O] 
2026-09-28T03:51:26.504+03:00 [s1] [O] PEER_REPORT our_seq=545 TX=-50/10 Q100
2026-09-28T03:51:26.519+03:00 [s2] [O] TX USER seq=551 frame=28B user=16B attempt=1/5 OK time=36 ms
2026-09-28T03:51:26.520+03:00 [s2] [O] > S7BP16R10-XXXXXX
2026-09-28T03:51:26.523+03:00 [s2] [O] DELIVERY WAIT_ACK user=EBE8/551 attempt=1/5 timeout=724ms queue=0
2026-09-28T03:51:26.548+03:00 [s1] [O] 
2026-09-28T03:51:26.604+03:00 [s1] [O] RX USER session=EBE8 seq=551 frame=28B user=16B RX=-49/10 Q97 disposition=0
2026-09-28T03:51:26.690+03:00 [s1] [O] < [-49/10 Q97] S7BP16R10-XXXXXX
2026-09-28T03:51:26.728+03:00 [s1] [O] 
2026-09-28T03:51:26.748+03:00 [s2] [O] PEER_REPORT our_seq=551 TX=-49/11 Q97
2026-09-28T03:51:26.754+03:00 [s2] [O] 
2026-09-28T03:51:26.759+03:00 [s2] [O] RX ACK session=118C seq=546 ack_to=EBE8/551 frame=14B RX=-50/10 Q100
2026-09-28T03:51:26.764+03:00 [s2] [O] DELIVERY ACK user=EBE8/551 attempts=1/5 elapsed=238ms queue=0
2026-09-28T03:51:26.767+03:00 [s1] [I] S7AP32R1-XXXXXXXXXXXXXXXXXXXXXXX
2026-09-28T03:51:26.783+03:00 [s1] [O] TX ACK seq=546 ack_to=EBE8/551 frame=14B OK time=25 ms guard=500ms
2026-09-28T03:51:26.876+03:00 [s1] [O] DELIVERY QUEUED source=2 bytes=32 waiting=1/8 in_flight=0
2026-09-28T03:51:26.924+03:00 [s2] [O] PEER_REPORT our_seq=551 TX=-49/11 Q97
2026-09-28T03:51:26.932+03:00 [s2] [O] 
2026-09-28T03:51:26.937+03:00 [s2] [O] RX USER session=118C seq=547 frame=44B user=32B RX=-49/10 Q100 disposition=0
2026-09-28T03:51:26.940+03:00 [s2] [O] < [-49/10 Q100] S7AP32R1-XXXXXXXXXXXXXXXXXXXXXXX
2026-09-28T03:51:26.954+03:00 [s1] [O] 
2026-09-28T03:51:26.999+03:00 [s1] [O] TX USER seq=547 frame=44B user=32B attempt=1/5 OK time=49 ms
2026-09-28T03:51:27.048+03:00 [s1] [O] > S7AP32R1-XXXXXXXXXXXXXXXXXXXXXXX
2026-09-28T03:51:27.098+03:00 [s1] [O] DELIVERY WAIT_ACK user=118C/547 attempt=1/5 timeout=724ms queue=0
2026-09-28T03:51:27.151+03:00 [s2] [O] 
2026-09-28T03:51:27.153+03:00 [s2] [O] TX ACK seq=552 ack_to=118C/547 frame=14B OK time=25 ms guard=500ms
2026-09-28T03:51:27.190+03:00 [s1] [O] PEER_REPORT our_seq=547 TX=-49/10 Q100
2026-09-28T03:51:27.223+03:00 [s1] [O] 
2026-09-28T03:51:27.270+03:00 [s1] [O] RX ACK session=EBE8 seq=552 ack_to=118C/547 frame=14B RX=-51/10 Q97
2026-09-28T03:51:27.404+03:00 [s1] [O] DELIVERY ACK user=118C/547 attempts=1/5 elapsed=237ms queue=0
2026-09-28T03:51:27.410+03:00 [s1] [I] S7AP32R2-XXXXXXXXXXXXXXXXXXXXXXX
2026-09-28T03:51:27.503+03:00 [s1] [O] DELIVERY QUEUED source=2 bytes=32 waiting=1/8 in_flight=0
2026-09-28T03:51:27.543+03:00 [s2] [O] PEER_REPORT our_seq=552 TX=-51/10 Q97
2026-09-28T03:51:27.549+03:00 [s2] [O] 
2026-09-28T03:51:27.549+03:00 [s2] [O] RX USER session=118C seq=548 frame=44B user=32B RX=-49/10 Q100 disposition=0
2026-09-28T03:51:27.552+03:00 [s2] [O] < [-49/10 Q100] S7AP32R2-XXXXXXXXXXXXXXXXXXXXXXX
2026-09-28T03:51:27.585+03:00 [s1] [O] 
2026-09-28T03:51:27.628+03:00 [s1] [O] TX USER seq=548 frame=44B user=32B attempt=1/5 OK time=48 ms
2026-09-28T03:51:27.685+03:00 [s1] [O] > S7AP32R2-XXXXXXXXXXXXXXXXXXXXXXX
2026-09-28T03:51:27.719+03:00 [s1] [O] DELIVERY WAIT_ACK user=118C/548 attempt=1/5 timeout=724ms queue=0
2026-09-28T03:51:27.777+03:00 [s2] [O] 
2026-09-28T03:51:27.786+03:00 [s2] [O] TX ACK seq=553 ack_to=118C/548 frame=14B OK time=25 ms guard=500ms
2026-09-28T03:51:27.808+03:00 [s1] [O] PEER_REPORT our_seq=548 TX=-49/10 Q100
2026-09-28T03:51:27.861+03:00 [s1] [O] 
2026-09-28T03:51:27.907+03:00 [s1] [O] RX ACK session=EBE8 seq=553 ack_to=118C/548 frame=14B RX=-50/10 Q97
2026-09-28T03:51:28.034+03:00 [s1] [O] DELIVERY ACK user=118C/548 attempts=1/5 elapsed=237ms queue=0
2026-09-28T03:51:28.037+03:00 [s1] [I] S7AP32R3-XXXXXXXXXXXXXXXXXXXXXXX
2026-09-28T03:51:28.174+03:00 [s2] [O] PEER_REPORT our_seq=553 TX=-50/10 Q97
2026-09-28T03:51:28.178+03:00 [s1] [O] DELIVERY QUEUED source=2 bytes=32 waiting=1/8 in_flight=0
2026-09-28T03:51:28.179+03:00 [s2] [O] 
2026-09-28T03:51:28.188+03:00 [s2] [O] RX USER session=118C seq=549 frame=44B user=32B RX=-49/10 Q100 disposition=0
2026-09-28T03:51:28.190+03:00 [s2] [O] < [-49/10 Q100] S7AP32R3-XXXXXXXXXXXXXXXXXXXXXXX
2026-09-28T03:51:28.258+03:00 [s1] [O] 
2026-09-28T03:51:28.303+03:00 [s1] [O] TX USER seq=549 frame=44B user=32B attempt=1/5 OK time=48 ms
2026-09-28T03:51:28.360+03:00 [s1] [O] > S7AP32R3-XXXXXXXXXXXXXXXXXXXXXXX
2026-09-28T03:51:28.398+03:00 [s1] [O] DELIVERY WAIT_ACK user=118C/549 attempt=1/5 timeout=724ms queue=0
2026-09-28T03:51:28.404+03:00 [s2] [O] 
2026-09-28T03:51:28.405+03:00 [s2] [O] TX ACK seq=554 ack_to=118C/549 frame=14B OK time=24 ms guard=500ms
2026-09-28T03:51:28.493+03:00 [s1] [O] PEER_REPORT our_seq=549 TX=-49/10 Q100
2026-09-28T03:51:28.528+03:00 [s1] [O] 
2026-09-28T03:51:28.582+03:00 [s1] [O] RX ACK session=EBE8 seq=554 ack_to=118C/549 frame=14B RX=-51/10 Q97
2026-09-28T03:51:28.708+03:00 [s1] [O] DELIVERY ACK user=118C/549 attempts=1/5 elapsed=237ms queue=0
2026-09-28T03:51:28.725+03:00 [s1] [I] S7AP32R4-XXXXXXXXXXXXXXXXXXXXXXX
2026-09-28T03:51:28.806+03:00 [s1] [O] DELIVERY QUEUED source=2 bytes=32 waiting=1/8 in_flight=0
2026-09-28T03:51:28.856+03:00 [s2] [O] PEER_REPORT our_seq=554 TX=-51/10 Q97
2026-09-28T03:51:28.860+03:00 [s2] [O] 
2026-09-28T03:51:28.862+03:00 [s2] [O] RX USER session=118C seq=550 frame=44B user=32B RX=-49/10 Q100 disposition=0
2026-09-28T03:51:28.865+03:00 [s2] [O] < [-49/10 Q100] S7AP32R4-XXXXXXXXXXXXXXXXXXXXXXX
2026-09-28T03:51:28.888+03:00 [s1] [O] 
2026-09-28T03:51:28.938+03:00 [s1] [O] TX USER seq=550 frame=44B user=32B attempt=1/5 OK time=48 ms
2026-09-28T03:51:28.987+03:00 [s1] [O] > S7AP32R4-XXXXXXXXXXXXXXXXXXXXXXX
2026-09-28T03:51:29.035+03:00 [s1] [O] DELIVERY WAIT_ACK user=118C/550 attempt=1/5 timeout=724ms queue=0
2026-09-28T03:51:29.089+03:00 [s2] [O] 
2026-09-28T03:51:29.090+03:00 [s2] [O] TX ACK seq=555 ack_to=118C/550 frame=14B OK time=24 ms guard=500ms
2026-09-28T03:51:29.124+03:00 [s1] [O] PEER_REPORT our_seq=550 TX=-49/10 Q100
2026-09-28T03:51:29.171+03:00 [s2] [O] 
2026-09-28T03:51:29.172+03:00 [s1] [O] 
2026-09-28T03:51:29.173+03:00 [s2] [O] SESSION t=3900s TX ok=560 user=239 echo_req=0 echo_rep=0 hb=70(idle=0) err=0 started=560 RX ok=556 user=251 echo_req=0 echo_rep=0 hb=70 crc=5 hdr=5 bad=1 readerr=0 reports=555 Q=100% drops=0 fatal=0
2026-09-28T03:51:29.210+03:00 [s1] [O] RX ACK session=EBE8 seq=555 ack_to=118C/550 frame=14B RX=-50/10 Q97
2026-09-28T03:51:29.231+03:00 [s2] [O] SESSION COURTESY window=5000ms peer_release=0 expired=0 yielding=0
2026-09-28T03:51:29.234+03:00 [s2] [O] SESSION DIO0_TX affected=0/560 episodes=0 avg_all=0.00 avg_affected=0.00 high_polls=0
2026-09-28T03:51:29.256+03:00 [s2] [O] SESSION RX_POLL polls=3651776 rxdone=567 interval=1000us DIO0_RX false_high_ep=0 high_polls=0 rxdone_low=1 isr=disabled
2026-09-28T03:51:29.349+03:00 [s1] [O] DELIVERY ACK user=118C/550 attempts=1/5 elapsed=237ms queue=0
2026-09-28T03:51:29.354+03:00 [s1] [I] S7AP32R5-XXXXXXXXXXXXXXXXXXXXXXX
2026-09-28T03:51:29.438+03:00 [s1] [O] DELIVERY QUEUED source=2 bytes=32 waiting=1/8 in_flight=0
2026-09-28T03:51:29.481+03:00 [s2] [O] PEER_REPORT our_seq=555 TX=-50/10 Q97
2026-09-28T03:51:29.489+03:00 [s2] [O] 
2026-09-28T03:51:29.492+03:00 [s2] [O] RX USER session=118C seq=551 frame=44B user=32B RX=-50/10 Q100 disposition=0
2026-09-28T03:51:29.495+03:00 [s2] [O] < [-50/10 Q100] S7AP32R5-XXXXXXXXXXXXXXXXXXXXXXX
2026-09-28T03:51:29.566+03:00 [s1] [O] 
2026-09-28T03:51:29.608+03:00 [s1] [O] TX USER seq=551 frame=44B user=32B attempt=1/5 OK time=49 ms
2026-09-28T03:51:29.663+03:00 [s1] [O] > S7AP32R5-XXXXXXXXXXXXXXXXXXXXXXX
2026-09-28T03:51:29.703+03:00 [s1] [O] DELIVERY WAIT_ACK user=118C/551 attempt=1/5 timeout=724ms queue=0
2026-09-28T03:51:29.721+03:00 [s2] [O] 
2026-09-28T03:51:29.722+03:00 [s2] [O] TX ACK seq=556 ack_to=118C/551 frame=14B OK time=24 ms guard=500ms
2026-09-28T03:51:29.796+03:00 [s1] [O] PEER_REPORT our_seq=551 TX=-50/10 Q100
2026-09-28T03:51:29.846+03:00 [s1] [O] 
2026-09-28T03:51:29.878+03:00 [s1] [O] RX ACK session=EBE8 seq=556 ack_to=118C/551 frame=14B RX=-51/10 Q97
2026-09-28T03:51:30.014+03:00 [s1] [O] DELIVERY ACK user=118C/551 attempts=1/5 elapsed=237ms queue=0
2026-09-28T03:51:30.024+03:00 [s1] [I] S7AP32R6-XXXXXXXXXXXXXXXXXXXXXXX
2026-09-28T03:51:30.125+03:00 [s1] [O] DELIVERY QUEUED source=2 bytes=32 waiting=1/8 in_flight=0
2026-09-28T03:51:30.159+03:00 [s2] [O] PEER_REPORT our_seq=556 TX=-51/10 Q97
2026-09-28T03:51:30.162+03:00 [s2] [O] 
2026-09-28T03:51:30.165+03:00 [s2] [O] RX USER session=118C seq=552 frame=44B user=32B RX=-49/10 Q100 disposition=0
2026-09-28T03:51:30.167+03:00 [s2] [O] < [-49/10 Q100] S7AP32R6-XXXXXXXXXXXXXXXXXXXXXXX
2026-09-28T03:51:30.193+03:00 [s1] [O] 
2026-09-28T03:51:30.239+03:00 [s1] [O] TX USER seq=552 frame=44B user=32B attempt=1/5 OK time=48 ms
2026-09-28T03:51:30.344+03:00 [s1] [O] > S7AP32R6-XXXXXXXXXXXXXXXXXXXXXXX
2026-09-28T03:51:30.386+03:00 [s2] [O] 
2026-09-28T03:51:30.387+03:00 [s2] [O] TX ACK seq=557 ack_to=118C/552 frame=14B OK time=24 ms guard=500ms
2026-09-28T03:51:30.387+03:00 [s1] [O] DELIVERY WAIT_ACK user=118C/552 attempt=1/5 timeout=724ms queue=0
2026-09-28T03:51:30.467+03:00 [s1] [O] PEER_REPORT our_seq=552 TX=-49/10 Q100
2026-09-28T03:51:30.509+03:00 [s1] [O] 
2026-09-28T03:51:30.554+03:00 [s1] [O] RX ACK session=EBE8 seq=557 ack_to=118C/552 frame=14B RX=-51/10 Q97
2026-09-28T03:51:30.655+03:00 [s1] [O] DELIVERY ACK user=118C/552 attempts=1/5 elapsed=237ms queue=0
2026-09-28T03:51:30.660+03:00 [s1] [I] S7AP32R7-XXXXXXXXXXXXXXXXXXXXXXX
2026-09-28T03:51:30.743+03:00 [s1] [O] DELIVERY QUEUED source=2 bytes=32 waiting=1/8 in_flight=0
2026-09-28T03:51:30.791+03:00 [s2] [O] PEER_REPORT our_seq=557 TX=-51/10 Q97
2026-09-28T03:51:30.823+03:00 [s1] [O] 
2026-09-28T03:51:30.833+03:00 [s2] [O] 
2026-09-28T03:51:30.839+03:00 [s2] [O] RX USER session=118C seq=553 frame=44B user=32B RX=-49/10 Q100 disposition=0
2026-09-28T03:51:30.842+03:00 [s2] [O] < [-49/10 Q100] S7AP32R7-XXXXXXXXXXXXXXXXXXXXXXX
2026-09-28T03:51:30.869+03:00 [s1] [O] TX USER seq=553 frame=44B user=32B attempt=1/5 OK time=49 ms
2026-09-28T03:51:30.917+03:00 [s1] [O] > S7AP32R7-XXXXXXXXXXXXXXXXXXXXXXX
2026-09-28T03:51:30.971+03:00 [s1] [O] DELIVERY WAIT_ACK user=118C/553 attempt=1/5 timeout=724ms queue=0
2026-09-28T03:51:31.011+03:00 [s2] [O] 
2026-09-28T03:51:31.013+03:00 [s2] [O] TX ACK seq=558 ack_to=118C/553 frame=14B OK time=24 ms guard=500ms
2026-09-28T03:51:31.056+03:00 [s1] [O] PEER_REPORT our_seq=553 TX=-49/10 Q100
2026-09-28T03:51:31.104+03:00 [s1] [O] 
2026-09-28T03:51:31.148+03:00 [s1] [O] RX ACK session=EBE8 seq=558 ack_to=118C/553 frame=14B RX=-50/10 Q97
2026-09-28T03:51:31.283+03:00 [s1] [O] DELIVERY ACK user=118C/553 attempts=1/5 elapsed=238ms queue=0
2026-09-28T03:51:31.287+03:00 [s1] [I] S7AP32R8-XXXXXXXXXXXXXXXXXXXXXXX
2026-09-28T03:51:31.370+03:00 [s1] [O] DELIVERY QUEUED source=2 bytes=32 waiting=1/8 in_flight=0
2026-09-28T03:51:31.424+03:00 [s2] [O] PEER_REPORT our_seq=558 TX=-50/10 Q97
2026-09-28T03:51:31.429+03:00 [s2] [O] 
2026-09-28T03:51:31.432+03:00 [s2] [O] RX USER session=118C seq=554 frame=44B user=32B RX=-49/10 Q100 disposition=0
2026-09-28T03:51:31.437+03:00 [s2] [O] < [-49/10 Q100] S7AP32R8-XXXXXXXXXXXXXXXXXXXXXXX
2026-09-28T03:51:31.453+03:00 [s1] [O] 
2026-09-28T03:51:31.502+03:00 [s1] [O] TX USER seq=554 frame=44B user=32B attempt=1/5 OK time=49 ms
2026-09-28T03:51:31.550+03:00 [s1] [O] > S7AP32R8-XXXXXXXXXXXXXXXXXXXXXXX
2026-09-28T03:51:31.589+03:00 [s1] [O] DELIVERY WAIT_ACK user=118C/554 attempt=1/5 timeout=724ms queue=0
2026-09-28T03:51:31.644+03:00 [s2] [O] 
2026-09-28T03:51:31.644+03:00 [s2] [O] TX ACK seq=559 ack_to=118C/554 frame=14B OK time=24 ms guard=500ms
2026-09-28T03:51:31.681+03:00 [s1] [O] PEER_REPORT our_seq=554 TX=-49/10 Q100
2026-09-28T03:51:31.731+03:00 [s1] [O] 
2026-09-28T03:51:31.784+03:00 [s1] [O] RX ACK session=EBE8 seq=559 ack_to=118C/554 frame=14B RX=-50/10 Q97
2026-09-28T03:51:31.951+03:00 [s1] [O] DELIVERY ACK user=118C/554 attempts=1/5 elapsed=238ms queue=0
2026-09-28T03:51:31.958+03:00 [s1] [I] S7AP32R9-XXXXXXXXXXXXXXXXXXXXXXX
2026-09-28T03:51:32.046+03:00 [s1] [O] DELIVERY QUEUED source=2 bytes=32 waiting=1/8 in_flight=0
2026-09-28T03:51:32.105+03:00 [s2] [O] PEER_REPORT our_seq=559 TX=-50/11 Q97
2026-09-28T03:51:32.110+03:00 [s2] [O] 
2026-09-28T03:51:32.110+03:00 [s2] [O] RX USER session=118C seq=555 frame=44B user=32B RX=-49/10 Q100 disposition=0
2026-09-28T03:51:32.110+03:00 [s2] [O] < [-49/10 Q100] S7AP32R9-XXXXXXXXXXXXXXXXXXXXXXX
2026-09-28T03:51:32.129+03:00 [s1] [O] 
2026-09-28T03:51:32.173+03:00 [s1] [O] TX USER seq=555 frame=44B user=32B attempt=1/5 OK time=49 ms
2026-09-28T03:51:32.263+03:00 [s1] [O] > S7AP32R9-XXXXXXXXXXXXXXXXXXXXXXX
2026-09-28T03:51:32.319+03:00 [s1] [O] DELIVERY WAIT_ACK user=118C/555 attempt=1/5 timeout=724ms queue=0
2026-09-28T03:51:32.322+03:00 [s2] [O] 
2026-09-28T03:51:32.328+03:00 [s2] [O] TX ACK seq=560 ack_to=118C/555 frame=14B OK time=24 ms guard=500ms
2026-09-28T03:51:32.400+03:00 [s1] [O] PEER_REPORT our_seq=555 TX=-49/10 Q100
2026-09-28T03:51:32.443+03:00 [s1] [O] 
2026-09-28T03:51:32.489+03:00 [s1] [O] RX ACK session=EBE8 seq=560 ack_to=118C/555 frame=14B RX=-51/10 Q97
2026-09-28T03:51:32.588+03:00 [s1] [O] DELIVERY ACK user=118C/555 attempts=1/5 elapsed=237ms queue=0
2026-09-28T03:51:32.592+03:00 [s1] [I] S7AP32R10-XXXXXXXXXXXXXXXXXXXXXX
2026-09-28T03:51:32.684+03:00 [s1] [O] DELIVERY QUEUED source=2 bytes=32 waiting=1/8 in_flight=0
2026-09-28T03:51:32.728+03:00 [s2] [O] PEER_REPORT our_seq=560 TX=-51/10 Q97
2026-09-28T03:51:32.730+03:00 [s2] [O] 
2026-09-28T03:51:32.732+03:00 [s2] [O] RX USER session=118C seq=556 frame=44B user=32B RX=-50/9 Q100 disposition=0
2026-09-28T03:51:32.734+03:00 [s2] [O] < [-50/9 Q100] S7AP32R10-XXXXXXXXXXXXXXXXXXXXXX
2026-09-28T03:51:32.758+03:00 [s1] [O] 
2026-09-28T03:51:32.804+03:00 [s1] [O] TX USER seq=556 frame=44B user=32B attempt=1/5 OK time=48 ms
2026-09-28T03:51:32.851+03:00 [s1] [O] > S7AP32R10-XXXXXXXXXXXXXXXXXXXXXX
2026-09-28T03:51:32.908+03:00 [s1] [O] DELIVERY WAIT_ACK user=118C/556 attempt=1/5 timeout=724ms queue=0
2026-09-28T03:51:32.949+03:00 [s2] [O] 
2026-09-28T03:51:32.950+03:00 [s2] [O] TX ACK seq=561 ack_to=118C/556 frame=14B OK time=24 ms guard=500ms
2026-09-28T03:51:32.983+03:00 [s1] [O] PEER_REPORT our_seq=556 TX=-50/9 Q100
2026-09-28T03:51:33.028+03:00 [s1] [O] 
2026-09-28T03:51:33.073+03:00 [s1] [O] RX ACK session=EBE8 seq=561 ack_to=118C/556 frame=14B RX=-50/10 Q97
2026-09-28T03:51:33.171+03:00 [s1] [O] DELIVERY ACK user=118C/556 attempts=1/5 elapsed=237ms queue=0
2026-09-28T03:51:33.177+03:00 [s2] [I] S7BP32R1-XXXXXXXXXXXXXXXXXXXXXXX
2026-09-28T03:51:33.276+03:00 [s2] [O] DELIVERY QUEUED source=2 bytes=32 waiting=1/8 in_flight=0
2026-09-28T03:51:33.299+03:00 [s1] [O] PEER_REPORT our_seq=556 TX=-50/9 Q100
2026-09-28T03:51:33.309+03:00 [s2] [O] 
2026-09-28T03:51:33.310+03:00 [s2] [O] TX USER seq=562 frame=44B user=32B attempt=1/5 OK time=48 ms
2026-09-28T03:51:33.319+03:00 [s2] [O] > S7BP32R1-XXXXXXXXXXXXXXXXXXXXXXX
2026-09-28T03:51:33.321+03:00 [s2] [O] DELIVERY WAIT_ACK user=EBE8/562 attempt=1/5 timeout=724ms queue=0
2026-09-28T03:51:33.343+03:00 [s1] [O] 
2026-09-28T03:51:33.389+03:00 [s1] [O] RX USER session=EBE8 seq=562 frame=44B user=32B RX=-50/10 Q97 disposition=0
2026-09-28T03:51:33.491+03:00 [s1] [O] < [-50/10 Q97] S7BP32R1-XXXXXXXXXXXXXXXXXXXXXXX
2026-09-28T03:51:33.523+03:00 [s1] [O] 
2026-09-28T03:51:33.534+03:00 [s2] [O] PEER_REPORT our_seq=562 TX=-50/10 Q97
2026-09-28T03:51:33.540+03:00 [s2] [O] 
2026-09-28T03:51:33.544+03:00 [s2] [O] RX ACK session=118C seq=557 ack_to=EBE8/562 frame=14B RX=-50/10 Q100
2026-09-28T03:51:33.553+03:00 [s2] [O] DELIVERY ACK user=EBE8/562 attempts=1/5 elapsed=238ms queue=0
2026-09-28T03:51:33.557+03:00 [s2] [I] S7BP32R2-XXXXXXXXXXXXXXXXXXXXXXX
2026-09-28T03:51:33.570+03:00 [s1] [O] TX ACK seq=557 ack_to=EBE8/562 frame=14B OK time=25 ms guard=500ms
2026-09-28T03:51:33.626+03:00 [s2] [O] DELIVERY QUEUED source=2 bytes=32 waiting=1/8 in_flight=0
2026-09-28T03:51:33.659+03:00 [s1] [O] PEER_REPORT our_seq=557 TX=-50/11 Q100
2026-09-28T03:51:33.670+03:00 [s2] [O] 
2026-09-28T03:51:33.671+03:00 [s2] [O] TX USER seq=563 frame=44B user=32B attempt=1/5 OK time=47 ms
2026-09-28T03:51:33.675+03:00 [s2] [O] > S7BP32R2-XXXXXXXXXXXXXXXXXXXXXXX
2026-09-28T03:51:33.675+03:00 [s2] [O] DELIVERY WAIT_ACK user=EBE8/563 attempt=1/5 timeout=724ms queue=0
2026-09-28T03:51:33.708+03:00 [s1] [O] 
2026-09-28T03:51:33.752+03:00 [s1] [O] RX USER session=EBE8 seq=563 frame=44B user=32B RX=-50/10 Q97 disposition=0
2026-09-28T03:51:33.841+03:00 [s1] [O] < [-50/10 Q97] S7BP32R2-XXXXXXXXXXXXXXXXXXXXXXX
2026-09-28T03:51:33.883+03:00 [s1] [O] 
2026-09-28T03:51:33.892+03:00 [s2] [O] PEER_REPORT our_seq=563 TX=-50/10 Q97
2026-09-28T03:51:33.897+03:00 [s2] [O] 
2026-09-28T03:51:33.908+03:00 [s2] [O] RX ACK session=118C seq=558 ack_to=EBE8/563 frame=14B RX=-50/10 Q100
2026-09-28T03:51:33.911+03:00 [s2] [O] DELIVERY ACK user=EBE8/563 attempts=1/5 elapsed=239ms queue=0
2026-09-28T03:51:33.912+03:00 [s2] [I] S7BP32R3-XXXXXXXXXXXXXXXXXXXXXXX
2026-09-28T03:51:33.928+03:00 [s1] [O] TX ACK seq=558 ack_to=EBE8/563 frame=14B OK time=25 ms guard=500ms
2026-09-28T03:51:33.995+03:00 [s2] [O] DELIVERY QUEUED source=2 bytes=32 waiting=1/8 in_flight=0
2026-09-28T03:51:34.024+03:00 [s1] [O] PEER_REPORT our_seq=558 TX=-50/10 Q100
2026-09-28T03:51:34.031+03:00 [s2] [O] 
2026-09-28T03:51:34.035+03:00 [s2] [O] TX USER seq=564 frame=44B user=32B attempt=1/5 OK time=48 ms
2026-09-28T03:51:34.042+03:00 [s2] [O] > S7BP32R3-XXXXXXXXXXXXXXXXXXXXXXX
2026-09-28T03:51:34.048+03:00 [s2] [O] DELIVERY WAIT_ACK user=EBE8/564 attempt=1/5 timeout=724ms queue=0
2026-09-28T03:51:34.126+03:00 [s1] [O] 
2026-09-28T03:51:34.161+03:00 [s1] [O] RX USER session=EBE8 seq=564 frame=44B user=32B RX=-49/10 Q97 disposition=0
2026-09-28T03:51:34.255+03:00 [s1] [O] < [-49/10 Q97] S7BP32R3-XXXXXXXXXXXXXXXXXXXXXXX
2026-09-28T03:51:34.255+03:00 [s2] [O] PEER_REPORT our_seq=564 TX=-49/10 Q97
2026-09-28T03:51:34.259+03:00 [s2] [O] 
2026-09-28T03:51:34.271+03:00 [s2] [O] RX ACK session=118C seq=559 ack_to=EBE8/564 frame=14B RX=-50/11 Q100
2026-09-28T03:51:34.275+03:00 [s2] [O] DELIVERY ACK user=EBE8/564 attempts=1/5 elapsed=238ms queue=0
2026-09-28T03:51:34.277+03:00 [s2] [I] S7BP32R4-XXXXXXXXXXXXXXXXXXXXXXX
2026-09-28T03:51:34.289+03:00 [s1] [O] 
2026-09-28T03:51:34.333+03:00 [s1] [O] TX ACK seq=559 ack_to=EBE8/564 frame=14B OK time=25 ms guard=500ms
2026-09-28T03:51:34.351+03:00 [s2] [O] DELIVERY QUEUED source=2 bytes=32 waiting=1/8 in_flight=0
2026-09-28T03:51:34.388+03:00 [s2] [O] 
2026-09-28T03:51:34.396+03:00 [s2] [O] TX USER seq=565 frame=44B user=32B attempt=1/5 OK time=48 ms
2026-09-28T03:51:34.403+03:00 [s2] [O] > S7BP32R4-XXXXXXXXXXXXXXXXXXXXXXX
2026-09-28T03:51:34.405+03:00 [s2] [O] DELIVERY WAIT_ACK user=EBE8/565 attempt=1/5 timeout=724ms queue=0
2026-09-28T03:51:34.423+03:00 [s1] [O] PEER_REPORT our_seq=559 TX=-50/11 Q100
2026-09-28T03:51:34.469+03:00 [s1] [O] 
2026-09-28T03:51:34.518+03:00 [s1] [O] RX USER session=EBE8 seq=565 frame=44B user=32B RX=-49/9 Q97 disposition=0
2026-09-28T03:51:34.622+03:00 [s1] [O] < [-49/9 Q97] S7BP32R4-XXXXXXXXXXXXXXXXXXXXXXX
2026-09-28T03:51:34.622+03:00 [s2] [O] PEER_REPORT our_seq=565 TX=-49/9 Q97
2026-09-28T03:51:34.623+03:00 [s1] [O] 
2026-09-28T03:51:34.625+03:00 [s2] [O] 
2026-09-28T03:51:34.628+03:00 [s2] [O] RX ACK session=118C seq=560 ack_to=EBE8/565 frame=14B RX=-50/10 Q100
2026-09-28T03:51:34.630+03:00 [s2] [O] DELIVERY ACK user=EBE8/565 attempts=1/5 elapsed=237ms queue=0
2026-09-28T03:51:34.632+03:00 [s2] [I] S7BP32R5-XXXXXXXXXXXXXXXXXXXXXXX
2026-09-28T03:51:34.655+03:00 [s1] [O] TX ACK seq=560 ack_to=EBE8/565 frame=14B OK time=25 ms guard=500ms
2026-09-28T03:51:34.703+03:00 [s2] [O] DELIVERY QUEUED source=2 bytes=32 waiting=1/8 in_flight=0
2026-09-28T03:51:34.743+03:00 [s1] [O] PEER_REPORT our_seq=560 TX=-50/10 Q100
2026-09-28T03:51:34.744+03:00 [s2] [O] 
2026-09-28T03:51:34.753+03:00 [s2] [O] TX USER seq=566 frame=44B user=32B attempt=1/5 OK time=48 ms
2026-09-28T03:51:34.756+03:00 [s2] [O] > S7BP32R5-XXXXXXXXXXXXXXXXXXXXXXX
2026-09-28T03:51:34.760+03:00 [s2] [O] DELIVERY WAIT_ACK user=EBE8/566 attempt=1/5 timeout=724ms queue=0
2026-09-28T03:51:34.786+03:00 [s1] [O] 
2026-09-28T03:51:34.839+03:00 [s1] [O] RX USER session=EBE8 seq=566 frame=44B user=32B RX=-49/10 Q97 disposition=0
2026-09-28T03:51:34.965+03:00 [s1] [O] < [-49/10 Q97] S7BP32R5-XXXXXXXXXXXXXXXXXXXXXXX
2026-09-28T03:51:34.971+03:00 [s2] [O] PEER_REPORT our_seq=566 TX=-49/10 Q97
2026-09-28T03:51:34.971+03:00 [s1] [O] 
2026-09-28T03:51:34.985+03:00 [s2] [O] 
2026-09-28T03:51:34.990+03:00 [s2] [O] RX ACK session=118C seq=561 ack_to=EBE8/566 frame=14B RX=-50/10 Q100
2026-09-28T03:51:34.992+03:00 [s2] [O] DELIVERY ACK user=EBE8/566 attempts=1/5 elapsed=238ms queue=0
2026-09-28T03:51:34.994+03:00 [s2] [I] S7BP32R6-XXXXXXXXXXXXXXXXXXXXXXX
2026-09-28T03:51:35.018+03:00 [s1] [O] TX ACK seq=561 ack_to=EBE8/566 frame=14B OK time=25 ms guard=500ms
2026-09-28T03:51:35.064+03:00 [s2] [O] DELIVERY QUEUED source=2 bytes=32 waiting=1/8 in_flight=0
2026-09-28T03:51:35.109+03:00 [s2] [O] 
2026-09-28T03:51:35.109+03:00 [s1] [O] PEER_REPORT our_seq=561 TX=-50/11 Q100
2026-09-28T03:51:35.111+03:00 [s2] [O] TX USER seq=567 frame=44B user=32B attempt=1/5 OK time=48 ms
2026-09-28T03:51:35.125+03:00 [s2] [O] > S7BP32R6-XXXXXXXXXXXXXXXXXXXXXXX
2026-09-28T03:51:35.128+03:00 [s2] [O] DELIVERY WAIT_ACK user=EBE8/567 attempt=1/5 timeout=724ms queue=0
2026-09-28T03:51:35.147+03:00 [s1] [O] 
2026-09-28T03:51:35.198+03:00 [s1] [O] RX USER session=EBE8 seq=567 frame=44B user=32B RX=-49/10 Q97 disposition=0
2026-09-28T03:51:35.300+03:00 [s1] [O] < [-49/10 Q97] S7BP32R6-XXXXXXXXXXXXXXXXXXXXXXX
2026-09-28T03:51:35.324+03:00 [s1] [O] 
2026-09-28T03:51:35.336+03:00 [s2] [O] PEER_REPORT our_seq=567 TX=-49/10 Q97
2026-09-28T03:51:35.345+03:00 [s2] [O] 
2026-09-28T03:51:35.348+03:00 [s2] [O] RX ACK session=118C seq=562 ack_to=EBE8/567 frame=14B RX=-50/10 Q100
2026-09-28T03:51:35.353+03:00 [s2] [O] DELIVERY ACK user=EBE8/567 attempts=1/5 elapsed=237ms queue=0
2026-09-28T03:51:35.356+03:00 [s2] [I] S7BP32R7-XXXXXXXXXXXXXXXXXXXXXXX
2026-09-28T03:51:35.369+03:00 [s1] [O] TX ACK seq=562 ack_to=EBE8/567 frame=14B OK time=25 ms guard=500ms
2026-09-28T03:51:35.423+03:00 [s2] [O] DELIVERY QUEUED source=2 bytes=32 waiting=1/8 in_flight=0
2026-09-28T03:51:35.459+03:00 [s1] [O] PEER_REPORT our_seq=562 TX=-50/10 Q100
2026-09-28T03:51:35.475+03:00 [s2] [O] 
2026-09-28T03:51:35.476+03:00 [s2] [O] TX USER seq=568 frame=44B user=32B attempt=1/5 OK time=48 ms
2026-09-28T03:51:35.486+03:00 [s2] [O] > S7BP32R7-XXXXXXXXXXXXXXXXXXXXXXX
2026-09-28T03:51:35.489+03:00 [s2] [O] DELIVERY WAIT_ACK user=EBE8/568 attempt=1/5 timeout=724ms queue=0
2026-09-28T03:51:35.503+03:00 [s1] [O] 
2026-09-28T03:51:35.554+03:00 [s1] [O] RX USER session=EBE8 seq=568 frame=44B user=32B RX=-49/10 Q97 disposition=0
2026-09-28T03:51:35.657+03:00 [s1] [O] < [-49/10 Q97] S7BP32R7-XXXXXXXXXXXXXXXXXXXXXXX
2026-09-28T03:51:35.684+03:00 [s1] [O] 
2026-09-28T03:51:35.690+03:00 [s2] [O] PEER_REPORT our_seq=568 TX=-49/10 Q97
2026-09-28T03:51:35.693+03:00 [s2] [O] 
2026-09-28T03:51:35.698+03:00 [s2] [O] RX ACK session=118C seq=563 ack_to=EBE8/568 frame=14B RX=-50/10 Q100
2026-09-28T03:51:35.706+03:00 [s2] [O] DELIVERY ACK user=EBE8/568 attempts=1/5 elapsed=238ms queue=0
2026-09-28T03:51:35.709+03:00 [s2] [I] S7BP32R8-XXXXXXXXXXXXXXXXXXXXXXX
2026-09-28T03:51:35.729+03:00 [s1] [O] TX ACK seq=563 ack_to=EBE8/568 frame=14B OK time=25 ms guard=500ms
2026-09-28T03:51:35.788+03:00 [s2] [O] DELIVERY QUEUED source=2 bytes=32 waiting=1/8 in_flight=0
2026-09-28T03:51:35.839+03:00 [s1] [O] PEER_REPORT our_seq=563 TX=-50/10 Q100
2026-09-28T03:51:35.840+03:00 [s2] [O] 
2026-09-28T03:51:35.844+03:00 [s2] [O] TX USER seq=569 frame=44B user=32B attempt=1/5 OK time=48 ms
2026-09-28T03:51:35.852+03:00 [s2] [O] > S7BP32R8-XXXXXXXXXXXXXXXXXXXXXXX
2026-09-28T03:51:35.854+03:00 [s2] [O] DELIVERY WAIT_ACK user=EBE8/569 attempt=1/5 timeout=724ms queue=0
2026-09-28T03:51:35.863+03:00 [s1] [O] 
2026-09-28T03:51:35.913+03:00 [s1] [O] RX USER session=EBE8 seq=569 frame=44B user=32B RX=-49/10 Q97 disposition=0
2026-09-28T03:51:36.010+03:00 [s1] [O] < [-49/10 Q97] S7BP32R8-XXXXXXXXXXXXXXXXXXXXXXX
2026-09-28T03:51:36.043+03:00 [s1] [O] 
2026-09-28T03:51:36.061+03:00 [s2] [O] PEER_REPORT our_seq=569 TX=-49/10 Q97
2026-09-28T03:51:36.064+03:00 [s2] [O] 
2026-09-28T03:51:36.069+03:00 [s2] [O] RX ACK session=118C seq=564 ack_to=EBE8/569 frame=14B RX=-51/10 Q100
2026-09-28T03:51:36.071+03:00 [s2] [O] DELIVERY ACK user=EBE8/569 attempts=1/5 elapsed=239ms queue=0
2026-09-28T03:51:36.073+03:00 [s2] [I] S7BP32R9-XXXXXXXXXXXXXXXXXXXXXXX
2026-09-28T03:51:36.088+03:00 [s1] [O] TX ACK seq=564 ack_to=EBE8/569 frame=14B OK time=25 ms guard=500ms
2026-09-28T03:51:36.140+03:00 [s2] [O] DELIVERY QUEUED source=2 bytes=32 waiting=1/8 in_flight=0
2026-09-28T03:51:36.195+03:00 [s1] [O] PEER_REPORT our_seq=564 TX=-51/10 Q100
2026-09-28T03:51:36.202+03:00 [s2] [O] 
2026-09-28T03:51:36.205+03:00 [s2] [O] TX USER seq=570 frame=44B user=32B attempt=1/5 OK time=48 ms
2026-09-28T03:51:36.209+03:00 [s2] [O] > S7BP32R9-XXXXXXXXXXXXXXXXXXXXXXX
2026-09-28T03:51:36.212+03:00 [s2] [O] DELIVERY WAIT_ACK user=EBE8/570 attempt=1/5 timeout=724ms queue=0
2026-09-28T03:51:36.223+03:00 [s1] [O] 
2026-09-28T03:51:36.271+03:00 [s1] [O] RX USER session=EBE8 seq=570 frame=44B user=32B RX=-49/10 Q97 disposition=0
2026-09-28T03:51:36.358+03:00 [s1] [O] < [-49/10 Q97] S7BP32R9-XXXXXXXXXXXXXXXXXXXXXXX
2026-09-28T03:51:36.405+03:00 [s1] [O] 
2026-09-28T03:51:36.420+03:00 [s2] [O] PEER_REPORT our_seq=570 TX=-49/10 Q97
2026-09-28T03:51:36.423+03:00 [s2] [O] 
2026-09-28T03:51:36.426+03:00 [s2] [O] RX ACK session=118C seq=565 ack_to=EBE8/570 frame=14B RX=-50/10 Q100
2026-09-28T03:51:36.429+03:00 [s2] [O] DELIVERY ACK user=EBE8/570 attempts=1/5 elapsed=238ms queue=0
2026-09-28T03:51:36.431+03:00 [s2] [I] S7BP32R10-XXXXXXXXXXXXXXXXXXXXXX
2026-09-28T03:51:36.449+03:00 [s1] [O] TX ACK seq=565 ack_to=EBE8/570 frame=14B OK time=25 ms guard=500ms
2026-09-28T03:51:36.509+03:00 [s2] [O] DELIVERY QUEUED source=2 bytes=32 waiting=1/8 in_flight=0
2026-09-28T03:51:36.546+03:00 [s2] [O] 
2026-09-28T03:51:36.546+03:00 [s1] [O] PEER_REPORT our_seq=565 TX=-50/10 Q100
2026-09-28T03:51:36.551+03:00 [s2] [O] TX USER seq=571 frame=44B user=32B attempt=1/5 OK time=48 ms
2026-09-28T03:51:36.558+03:00 [s2] [O] > S7BP32R10-XXXXXXXXXXXXXXXXXXXXXX
2026-09-28T03:51:36.568+03:00 [s2] [O] DELIVERY WAIT_ACK user=EBE8/571 attempt=1/5 timeout=724ms queue=0
2026-09-28T03:51:36.588+03:00 [s1] [O] 
2026-09-28T03:51:36.637+03:00 [s1] [O] RX USER session=EBE8 seq=571 frame=44B user=32B RX=-49/10 Q97 disposition=0
2026-09-28T03:51:36.721+03:00 [s1] [O] < [-49/10 Q97] S7BP32R10-XXXXXXXXXXXXXXXXXXXXXX
2026-09-28T03:51:36.767+03:00 [s1] [O] 
2026-09-28T03:51:36.777+03:00 [s2] [O] PEER_REPORT our_seq=571 TX=-49/10 Q97
2026-09-28T03:51:36.780+03:00 [s2] [O] 
2026-09-28T03:51:36.786+03:00 [s2] [O] RX ACK session=118C seq=566 ack_to=EBE8/571 frame=14B RX=-50/11 Q100
2026-09-28T03:51:36.788+03:00 [s2] [O] DELIVERY ACK user=EBE8/571 attempts=1/5 elapsed=238ms queue=0
2026-09-28T03:51:36.791+03:00 [s1] [I] S7AP64R1-XXXXXXXXXXXXXXXXXXXXXXXXXXXXXXXXXXXXXXXXXXXXXXXXXXXXXXX
2026-09-28T03:51:36.809+03:00 [s1] [O] TX ACK seq=566 ack_to=EBE8/571 frame=14B OK time=25 ms guard=500ms
2026-09-28T03:51:36.908+03:00 [s2] [O] PEER_REPORT our_seq=571 TX=-49/10 Q97
2026-09-28T03:51:36.914+03:00 [s1] [O] DELIVERY QUEUED source=2 bytes=64 waiting=1/8 in_flight=0
2026-09-28T03:51:36.922+03:00 [s2] [O] 
2026-09-28T03:51:36.925+03:00 [s2] [O] RX USER session=118C seq=567 frame=76B user=64B RX=-48/10 Q100 disposition=0
2026-09-28T03:51:36.931+03:00 [s2] [O] < [-48/10 Q100] S7AP64R1-XXXXXXXXXXXXXXXXXXXXXXXXXXXXXXXXXXXXXXXXXXXXXXXXXXXXXXX
2026-09-28T03:51:36.947+03:00 [s1] [O] 
2026-09-28T03:51:36.998+03:00 [s1] [O] TX USER seq=567 frame=76B user=64B attempt=1/5 OK time=70 ms
2026-09-28T03:51:37.091+03:00 [s1] [O] > S7AP64R1-XXXXXXXXXXXXXXXXXXXXXXXXXXXXXXXXXXXXXXXXXXXXXXXXXXXXXXX
2026-09-28T03:51:37.136+03:00 [s2] [O] 
2026-09-28T03:51:37.141+03:00 [s2] [O] TX ACK seq=572 ack_to=118C/567 frame=14B OK time=24 ms guard=500ms
2026-09-28T03:51:37.168+03:00 [s1] [O] DELIVERY WAIT_ACK user=118C/567 attempt=1/5 timeout=724ms queue=0
2026-09-28T03:51:37.227+03:00 [s1] [O] PEER_REPORT our_seq=567 TX=-48/10 Q100
2026-09-28T03:51:37.259+03:00 [s1] [O] 
2026-09-28T03:51:37.305+03:00 [s1] [O] RX ACK session=EBE8 seq=572 ack_to=118C/567 frame=14B RX=-50/10 Q97
2026-09-28T03:51:37.438+03:00 [s1] [O] DELIVERY ACK user=118C/567 attempts=1/5 elapsed=239ms queue=0
2026-09-28T03:51:37.444+03:00 [s1] [I] S7AP64R2-XXXXXXXXXXXXXXXXXXXXXXXXXXXXXXXXXXXXXXXXXXXXXXXXXXXXXXX
2026-09-28T03:51:37.529+03:00 [s1] [O] DELIVERY QUEUED source=2 bytes=64 waiting=1/8 in_flight=0
2026-09-28T03:51:37.587+03:00 [s2] [O] PEER_REPORT our_seq=572 TX=-50/11 Q97
2026-09-28T03:51:37.591+03:00 [s2] [O] 
2026-09-28T03:51:37.594+03:00 [s2] [O] RX USER session=118C seq=568 frame=76B user=64B RX=-49/10 Q100 disposition=0
2026-09-28T03:51:37.602+03:00 [s2] [O] < [-49/10 Q100] S7AP64R2-XXXXXXXXXXXXXXXXXXXXXXXXXXXXXXXXXXXXXXXXXXXXXXXXXXXXXXX
2026-09-28T03:51:37.618+03:00 [s1] [O] 
2026-09-28T03:51:37.666+03:00 [s1] [O] TX USER seq=568 frame=76B user=64B attempt=1/5 OK time=72 ms
2026-09-28T03:51:37.754+03:00 [s1] [O] > S7AP64R2-XXXXXXXXXXXXXXXXXXXXXXXXXXXXXXXXXXXXXXXXXXXXXXXXXXXXXXX
2026-09-28T03:51:37.817+03:00 [s1] [O] DELIVERY WAIT_ACK user=118C/568 attempt=1/5 timeout=724ms queue=0
2026-09-28T03:51:37.817+03:00 [s2] [O] 
2026-09-28T03:51:37.821+03:00 [s2] [O] TX ACK seq=573 ack_to=118C/568 frame=14B OK time=24 ms guard=500ms
2026-09-28T03:51:37.858+03:00 [s1] [O] PEER_REPORT our_seq=568 TX=-49/10 Q100
2026-09-28T03:51:37.902+03:00 [s1] [O] 
2026-09-28T03:51:37.937+03:00 [s1] [O] RX ACK session=EBE8 seq=573 ack_to=118C/568 frame=14B RX=-50/10 Q97
2026-09-28T03:51:38.077+03:00 [s1] [O] DELIVERY ACK user=118C/568 attempts=1/5 elapsed=240ms queue=0
2026-09-28T03:51:38.079+03:00 [s1] [I] S7AP64R3-XXXXXXXXXXXXXXXXXXXXXXXXXXXXXXXXXXXXXXXXXXXXXXXXXXXXXXX
2026-09-28T03:51:38.222+03:00 [s1] [O] DELIVERY QUEUED source=2 bytes=64 waiting=1/8 in_flight=0
2026-09-28T03:51:38.226+03:00 [s2] [O] PEER_REPORT our_seq=573 TX=-50/10 Q97
2026-09-28T03:51:38.239+03:00 [s2] [O] 
2026-09-28T03:51:38.244+03:00 [s2] [O] RX USER session=118C seq=569 frame=76B user=64B RX=-49/10 Q100 disposition=0
2026-09-28T03:51:38.247+03:00 [s2] [O] < [-49/10 Q100] S7AP64R3-XXXXXXXXXXXXXXXXXXXXXXXXXXXXXXXXXXXXXXXXXXXXXXXXXXXXXXX
2026-09-28T03:51:38.293+03:00 [s1] [O] 
2026-09-28T03:51:38.339+03:00 [s1] [O] TX USER seq=569 frame=76B user=64B attempt=1/5 OK time=71 ms
2026-09-28T03:51:38.432+03:00 [s1] [O] > S7AP64R3-XXXXXXXXXXXXXXXXXXXXXXXXXXXXXXXXXXXXXXXXXXXXXXXXXXXXXXX
2026-09-28T03:51:38.444+03:00 [s2] [O] 
2026-09-28T03:51:38.445+03:00 [s2] [O] TX ACK seq=574 ack_to=118C/569 frame=14B OK time=24 ms guard=500ms
2026-09-28T03:51:38.474+03:00 [s1] [O] DELIVERY WAIT_ACK user=118C/569 attempt=1/5 timeout=724ms queue=0
2026-09-28T03:51:38.563+03:00 [s1] [O] PEER_REPORT our_seq=569 TX=-49/11 Q100
2026-09-28T03:51:38.609+03:00 [s1] [O] 
2026-09-28T03:51:38.653+03:00 [s1] [O] RX ACK session=EBE8 seq=574 ack_to=118C/569 frame=14B RX=-50/10 Q97
2026-09-28T03:51:38.756+03:00 [s1] [O] DELIVERY ACK user=118C/569 attempts=1/5 elapsed=239ms queue=0
2026-09-28T03:51:38.762+03:00 [s1] [I] S7AP64R4-XXXXXXXXXXXXXXXXXXXXXXXXXXXXXXXXXXXXXXXXXXXXXXXXXXXXXXX
2026-09-28T03:51:38.840+03:00 [s1] [O] DELIVERY QUEUED source=2 bytes=64 waiting=1/8 in_flight=0
2026-09-28T03:51:38.890+03:00 [s2] [O] PEER_REPORT our_seq=574 TX=-50/10 Q97
2026-09-28T03:51:38.896+03:00 [s2] [O] 
2026-09-28T03:51:38.899+03:00 [s2] [O] RX USER session=118C seq=570 frame=76B user=64B RX=-49/10 Q100 disposition=0
2026-09-28T03:51:38.902+03:00 [s2] [O] < [-49/10 Q100] S7AP64R4-XXXXXXXXXXXXXXXXXXXXXXXXXXXXXXXXXXXXXXXXXXXXXXXXXXXXXXX
2026-09-28T03:51:38.923+03:00 [s1] [O] 
2026-09-28T03:51:38.968+03:00 [s1] [O] TX USER seq=570 frame=76B user=64B attempt=1/5 OK time=72 ms
2026-09-28T03:51:39.058+03:00 [s1] [O] > S7AP64R4-XXXXXXXXXXXXXXXXXXXXXXXXXXXXXXXXXXXXXXXXXXXXXXXXXXXXXXX
2026-09-28T03:51:39.104+03:00 [s1] [O] DELIVERY WAIT_ACK user=118C/570 attempt=1/5 timeout=724ms queue=0
2026-09-28T03:51:39.117+03:00 [s2] [O] 
2026-09-28T03:51:39.118+03:00 [s2] [O] TX ACK seq=575 ack_to=118C/570 frame=14B OK time=24 ms guard=500ms
2026-09-28T03:51:39.192+03:00 [s1] [O] PEER_REPORT our_seq=570 TX=-49/10 Q100
2026-09-28T03:51:39.237+03:00 [s1] [O] 
2026-09-28T03:51:39.284+03:00 [s1] [O] RX ACK session=EBE8 seq=575 ack_to=118C/570 frame=14B RX=-50/11 Q97
2026-09-28T03:51:39.377+03:00 [s1] [O] DELIVERY ACK user=118C/570 attempts=1/5 elapsed=240ms queue=0
2026-09-28T03:51:39.384+03:00 [s1] [I] S7AP64R5-XXXXXXXXXXXXXXXXXXXXXXXXXXXXXXXXXXXXXXXXXXXXXXXXXXXXXXX
2026-09-28T03:51:39.478+03:00 [s1] [O] DELIVERY QUEUED source=2 bytes=64 waiting=1/8 in_flight=0
2026-09-28T03:51:39.517+03:00 [s2] [O] PEER_REPORT our_seq=575 TX=-50/11 Q97
2026-09-28T03:51:39.525+03:00 [s2] [O] 
2026-09-28T03:51:39.529+03:00 [s2] [O] RX USER session=118C seq=571 frame=76B user=64B RX=-49/10 Q100 disposition=0
2026-09-28T03:51:39.531+03:00 [s2] [O] < [-49/10 Q100] S7AP64R5-XXXXXXXXXXXXXXXXXXXXXXXXXXXXXXXXXXXXXXXXXXXXXXXXXXXXXXX
2026-09-28T03:51:39.554+03:00 [s1] [O] 
2026-09-28T03:51:39.600+03:00 [s1] [O] TX USER seq=571 frame=76B user=64B attempt=1/5 OK time=71 ms
2026-09-28T03:51:39.688+03:00 [s1] [O] > S7AP64R5-XXXXXXXXXXXXXXXXXXXXXXXXXXXXXXXXXXXXXXXXXXXXXXXXXXXXXXX
2026-09-28T03:51:39.754+03:00 [s1] [O] DELIVERY WAIT_ACK user=118C/571 attempt=1/5 timeout=724ms queue=0
2026-09-28T03:51:39.787+03:00 [s1] [O] PEER_REPORT our_seq=571 TX=-49/10 Q100
2026-09-28T03:51:39.787+03:00 [s2] [O] 
2026-09-28T03:51:39.791+03:00 [s2] [O] TX ACK seq=576 ack_to=118C/571 frame=14B OK time=24 ms guard=500ms
2026-09-28T03:51:39.825+03:00 [s1] [O] 
2026-09-28T03:51:39.874+03:00 [s1] [O] RX ACK session=EBE8 seq=576 ack_to=118C/571 frame=14B RX=-50/10 Q97
2026-09-28T03:51:40.050+03:00 [s1] [O] DELIVERY ACK user=118C/571 attempts=1/5 elapsed=240ms queue=0
2026-09-28T03:51:40.059+03:00 [s1] [I] S7AP64R6-XXXXXXXXXXXXXXXXXXXXXXXXXXXXXXXXXXXXXXXXXXXXXXXXXXXXXXX
2026-09-28T03:51:40.146+03:00 [s1] [O] DELIVERY QUEUED source=2 bytes=64 waiting=1/8 in_flight=0
2026-09-28T03:51:40.190+03:00 [s2] [O] PEER_REPORT our_seq=576 TX=-50/10 Q97
2026-09-28T03:51:40.194+03:00 [s2] [O] 
2026-09-28T03:51:40.207+03:00 [s2] [O] RX USER session=118C seq=572 frame=76B user=64B RX=-49/10 Q100 disposition=0
2026-09-28T03:51:40.211+03:00 [s2] [O] < [-49/10 Q100] S7AP64R6-XXXXXXXXXXXXXXXXXXXXXXXXXXXXXXXXXXXXXXXXXXXXXXXXXXXXXXX
2026-09-28T03:51:40.230+03:00 [s1] [O] 
2026-09-28T03:51:40.274+03:00 [s1] [O] TX USER seq=572 frame=76B user=64B attempt=1/5 OK time=72 ms
2026-09-28T03:51:40.366+03:00 [s1] [O] > S7AP64R6-XXXXXXXXXXXXXXXXXXXXXXXXXXXXXXXXXXXXXXXXXXXXXXXXXXXXXXX
2026-09-28T03:51:40.423+03:00 [s1] [O] DELIVERY WAIT_ACK user=118C/572 attempt=1/5 timeout=724ms queue=0
2026-09-28T03:51:40.458+03:00 [s1] [O] PEER_REPORT our_seq=572 TX=-49/10 Q100
2026-09-28T03:51:40.461+03:00 [s2] [O] 
2026-09-28T03:51:40.462+03:00 [s2] [O] TX ACK seq=577 ack_to=118C/572 frame=14B OK time=24 ms guard=500ms
2026-09-28T03:51:40.504+03:00 [s1] [O] 
2026-09-28T03:51:40.553+03:00 [s1] [O] RX ACK session=EBE8 seq=577 ack_to=118C/572 frame=14B RX=-50/10 Q97
2026-09-28T03:51:40.685+03:00 [s1] [O] DELIVERY ACK user=118C/572 attempts=1/5 elapsed=239ms queue=0
2026-09-28T03:51:40.688+03:00 [s1] [I] S7AP64R7-XXXXXXXXXXXXXXXXXXXXXXXXXXXXXXXXXXXXXXXXXXXXXXXXXXXXXXX
2026-09-28T03:51:40.771+03:00 [s1] [O] DELIVERY QUEUED source=2 bytes=64 waiting=1/8 in_flight=0
2026-09-28T03:51:40.826+03:00 [s2] [O] PEER_REPORT our_seq=577 TX=-50/10 Q97
2026-09-28T03:51:40.858+03:00 [s1] [O] 
2026-09-28T03:51:40.866+03:00 [s2] [O] 
2026-09-28T03:51:40.868+03:00 [s2] [O] RX USER session=118C seq=573 frame=76B user=64B RX=-49/9 Q100 disposition=0
2026-09-28T03:51:40.884+03:00 [s2] [O] < [-49/9 Q100] S7AP64R7-XXXXXXXXXXXXXXXXXXXXXXXXXXXXXXXXXXXXXXXXXXXXXXXXXXXXXXX
2026-09-28T03:51:40.903+03:00 [s1] [O] TX USER seq=573 frame=76B user=64B attempt=1/5 OK time=72 ms
2026-09-28T03:51:40.993+03:00 [s1] [O] > S7AP64R7-XXXXXXXXXXXXXXXXXXXXXXXXXXXXXXXXXXXXXXXXXXXXXXXXXXXXXXX
2026-09-28T03:51:41.039+03:00 [s1] [O] DELIVERY WAIT_ACK user=118C/573 attempt=1/5 timeout=724ms queue=0
2026-09-28T03:51:41.051+03:00 [s2] [O] 
2026-09-28T03:51:41.057+03:00 [s2] [O] TX ACK seq=578 ack_to=118C/573 frame=14B OK time=24 ms guard=500ms
2026-09-28T03:51:41.137+03:00 [s1] [O] PEER_REPORT our_seq=573 TX=-49/9 Q100
2026-09-28T03:51:41.173+03:00 [s1] [O] 
2026-09-28T03:51:41.220+03:00 [s1] [O] RX ACK session=EBE8 seq=578 ack_to=118C/573 frame=14B RX=-51/10 Q97
2026-09-28T03:51:41.353+03:00 [s1] [O] DELIVERY ACK user=118C/573 attempts=1/5 elapsed=239ms queue=0
2026-09-28T03:51:41.362+03:00 [s1] [I] S7AP64R8-XXXXXXXXXXXXXXXXXXXXXXXXXXXXXXXXXXXXXXXXXXXXXXXXXXXXXXX
2026-09-28T03:51:41.457+03:00 [s1] [O] DELIVERY QUEUED source=2 bytes=64 waiting=1/8 in_flight=0
2026-09-28T03:51:41.503+03:00 [s2] [O] PEER_REPORT our_seq=578 TX=-51/10 Q97
2026-09-28T03:51:41.508+03:00 [s2] [O] 
2026-09-28T03:51:41.510+03:00 [s2] [O] RX USER session=118C seq=574 frame=76B user=64B RX=-49/10 Q100 disposition=0
2026-09-28T03:51:41.511+03:00 [s2] [O] < [-49/10 Q100] S7AP64R8-XXXXXXXXXXXXXXXXXXXXXXXXXXXXXXXXXXXXXXXXXXXXXXXXXXXXXXX
2026-09-28T03:51:41.534+03:00 [s1] [O] 
2026-09-28T03:51:41.579+03:00 [s1] [O] TX USER seq=574 frame=76B user=64B attempt=1/5 OK time=72 ms
2026-09-28T03:51:41.668+03:00 [s1] [O] > S7AP64R8-XXXXXXXXXXXXXXXXXXXXXXXXXXXXXXXXXXXXXXXXXXXXXXXXXXXXXXX
2026-09-28T03:51:41.723+03:00 [s1] [O] DELIVERY WAIT_ACK user=118C/574 attempt=1/5 timeout=724ms queue=0
2026-09-28T03:51:41.723+03:00 [s2] [O] 
2026-09-28T03:51:41.731+03:00 [s2] [O] TX ACK seq=579 ack_to=118C/574 frame=14B OK time=24 ms guard=500ms
2026-09-28T03:51:41.775+03:00 [s1] [O] PEER_REPORT our_seq=574 TX=-49/10 Q100
2026-09-28T03:51:41.807+03:00 [s1] [O] 
2026-09-28T03:51:41.859+03:00 [s1] [O] RX ACK session=EBE8 seq=579 ack_to=118C/574 frame=14B RX=-50/10 Q97
2026-09-28T03:51:41.995+03:00 [s1] [O] DELIVERY ACK user=118C/574 attempts=1/5 elapsed=240ms queue=0
2026-09-28T03:51:42.005+03:00 [s1] [I] S7AP64R9-XXXXXXXXXXXXXXXXXXXXXXXXXXXXXXXXXXXXXXXXXXXXXXXXXXXXXXX
2026-09-28T03:51:42.086+03:00 [s1] [O] DELIVERY QUEUED source=2 bytes=64 waiting=1/8 in_flight=0
2026-09-28T03:51:42.128+03:00 [s2] [O] PEER_REPORT our_seq=579 TX=-50/10 Q97
2026-09-28T03:51:42.132+03:00 [s2] [O] 
2026-09-28T03:51:42.141+03:00 [s2] [O] RX USER session=118C seq=575 frame=76B user=64B RX=-48/10 Q100 disposition=0
2026-09-28T03:51:42.144+03:00 [s2] [O] < [-48/10 Q100] S7AP64R9-XXXXXXXXXXXXXXXXXXXXXXXXXXXXXXXXXXXXXXXXXXXXXXXXXXXXXXX
2026-09-28T03:51:42.166+03:00 [s1] [O] 
2026-09-28T03:51:42.209+03:00 [s1] [O] TX USER seq=575 frame=76B user=64B attempt=1/5 OK time=71 ms
2026-09-28T03:51:42.309+03:00 [s1] [O] > S7AP64R9-XXXXXXXXXXXXXXXXXXXXXXXXXXXXXXXXXXXXXXXXXXXXXXXXXXXXXXX
2026-09-28T03:51:42.361+03:00 [s2] [O] 
2026-09-28T03:51:42.363+03:00 [s2] [O] TX ACK seq=580 ack_to=118C/575 frame=14B OK time=24 ms guard=500ms
2026-09-28T03:51:42.388+03:00 [s1] [O] DELIVERY WAIT_ACK user=118C/575 attempt=1/5 timeout=724ms queue=0
2026-09-28T03:51:42.440+03:00 [s1] [O] PEER_REPORT our_seq=575 TX=-48/10 Q100
2026-09-28T03:51:42.483+03:00 [s1] [O] 
2026-09-28T03:51:42.523+03:00 [s1] [O] RX ACK session=EBE8 seq=580 ack_to=118C/575 frame=14B RX=-50/10 Q97
2026-09-28T03:51:42.661+03:00 [s1] [O] DELIVERY ACK user=118C/575 attempts=1/5 elapsed=239ms queue=0
2026-09-28T03:51:42.674+03:00 [s1] [I] S7AP64R10-XXXXXXXXXXXXXXXXXXXXXXXXXXXXXXXXXXXXXXXXXXXXXXXXXXXXXX
2026-09-28T03:51:42.760+03:00 [s1] [O] DELIVERY QUEUED source=2 bytes=64 waiting=1/8 in_flight=0
2026-09-28T03:51:42.812+03:00 [s2] [O] PEER_REPORT our_seq=580 TX=-50/10 Q97
2026-09-28T03:51:42.823+03:00 [s2] [O] 
2026-09-28T03:51:42.825+03:00 [s2] [O] RX USER session=118C seq=576 frame=76B user=64B RX=-49/9 Q100 disposition=0
2026-09-28T03:51:42.828+03:00 [s2] [O] < [-49/9 Q100] S7AP64R10-XXXXXXXXXXXXXXXXXXXXXXXXXXXXXXXXXXXXXXXXXXXXXXXXXXXXXX
2026-09-28T03:51:42.838+03:00 [s1] [O] 
2026-09-28T03:51:42.884+03:00 [s1] [O] TX USER seq=576 frame=76B user=64B attempt=1/5 OK time=72 ms
2026-09-28T03:51:43.020+03:00 [s1] [O] > S7AP64R10-XXXXXXXXXXXXXXXXXXXXXXXXXXXXXXXXXXXXXXXXXXXXXXXXXXXXXX
2026-09-28T03:51:43.038+03:00 [s2] [O] 
2026-09-28T03:51:43.039+03:00 [s2] [O] TX ACK seq=581 ack_to=118C/576 frame=14B OK time=25 ms guard=500ms
2026-09-28T03:51:43.070+03:00 [s1] [O] DELIVERY WAIT_ACK user=118C/576 attempt=1/5 timeout=724ms queue=0
2026-09-28T03:51:43.154+03:00 [s1] [O] PEER_REPORT our_seq=576 TX=-49/9 Q100
2026-09-28T03:51:43.202+03:00 [s1] [O] 
2026-09-28T03:51:43.248+03:00 [s1] [O] RX ACK session=EBE8 seq=581 ack_to=118C/576 frame=14B RX=-50/10 Q97
2026-09-28T03:51:43.352+03:00 [s1] [O] DELIVERY ACK user=118C/576 attempts=1/5 elapsed=236ms queue=0
2026-09-28T03:51:43.356+03:00 [s2] [I] S7BP64R1-XXXXXXXXXXXXXXXXXXXXXXXXXXXXXXXXXXXXXXXXXXXXXXXXXXXXXXX
2026-09-28T03:51:43.439+03:00 [s2] [O] DELIVERY QUEUED source=2 bytes=64 waiting=1/8 in_flight=0
2026-09-28T03:51:43.470+03:00 [s1] [O] PEER_REPORT our_seq=576 TX=-49/9 Q100
2026-09-28T03:51:43.483+03:00 [s2] [O] 
2026-09-28T03:51:43.484+03:00 [s2] [O] TX USER seq=582 frame=76B user=64B attempt=1/5 OK time=70 ms
2026-09-28T03:51:43.484+03:00 [s2] [O] > S7BP64R1-XXXXXXXXXXXXXXXXXXXXXXXXXXXXXXXXXXXXXXXXXXXXXXXXXXXXXXX
2026-09-28T03:51:43.516+03:00 [s1] [O] 
2026-09-28T03:51:43.521+03:00 [s2] [O] DELIVERY WAIT_ACK user=EBE8/582 attempt=1/5 timeout=724ms queue=0
2026-09-28T03:51:43.563+03:00 [s1] [O] RX USER session=EBE8 seq=582 frame=76B user=64B RX=-50/10 Q97 disposition=0
2026-09-28T03:51:43.693+03:00 [s1] [O] < [-50/10 Q97] S7BP64R1-XXXXXXXXXXXXXXXXXXXXXXXXXXXXXXXXXXXXXXXXXXXXXXXXXXXXXXX
2026-09-28T03:51:43.709+03:00 [s2] [O] PEER_REPORT our_seq=582 TX=-50/11 Q97
2026-09-28T03:51:43.726+03:00 [s2] [O] 
2026-09-28T03:51:43.731+03:00 [s2] [O] RX ACK session=118C seq=577 ack_to=EBE8/582 frame=14B RX=-50/10 Q100
2026-09-28T03:51:43.739+03:00 [s1] [O] 
2026-09-28T03:51:43.753+03:00 [s2] [O] DELIVERY ACK user=EBE8/582 attempts=1/5 elapsed=240ms queue=0
2026-09-28T03:51:43.756+03:00 [s2] [I] S7BP64R2-XXXXXXXXXXXXXXXXXXXXXXXXXXXXXXXXXXXXXXXXXXXXXXXXXXXXXXX
2026-09-28T03:51:43.784+03:00 [s1] [O] TX ACK seq=577 ack_to=EBE8/582 frame=14B OK time=25 ms guard=500ms
2026-09-28T03:51:43.838+03:00 [s2] [O] DELIVERY QUEUED source=2 bytes=64 waiting=1/8 in_flight=0
2026-09-28T03:51:43.874+03:00 [s1] [O] PEER_REPORT our_seq=577 TX=-50/10 Q100
2026-09-28T03:51:43.891+03:00 [s2] [O] 
2026-09-28T03:51:43.892+03:00 [s2] [O] TX USER seq=583 frame=76B user=64B attempt=1/5 OK time=70 ms
2026-09-28T03:51:43.895+03:00 [s2] [O] > S7BP64R2-XXXXXXXXXXXXXXXXXXXXXXXXXXXXXXXXXXXXXXXXXXXXXXXXXXXXXXX
2026-09-28T03:51:43.919+03:00 [s1] [O] 
2026-09-28T03:51:43.929+03:00 [s2] [O] DELIVERY WAIT_ACK user=EBE8/583 attempt=1/5 timeout=724ms queue=0
2026-09-28T03:51:43.979+03:00 [s1] [O] RX USER session=EBE8 seq=583 frame=76B user=64B RX=-50/10 Q97 disposition=0
2026-09-28T03:51:44.111+03:00 [s2] [O] PEER_REPORT our_seq=583 TX=-50/10 Q97
2026-09-28T03:51:44.119+03:00 [s2] [O] 
2026-09-28T03:51:44.145+03:00 [s1] [O] < [-50/10 Q97] S7BP64R2-XXXXXXXXXXXXXXXXXXXXXXXXXXXXXXXXXXXXXXXXXXXXXXXXXXXXXXX
2026-09-28T03:51:44.159+03:00 [s1] [O] 
2026-09-28T03:51:44.159+03:00 [s2] [O] RX ACK session=118C seq=578 ack_to=EBE8/583 frame=14B RX=-50/10 Q100
2026-09-28T03:51:44.166+03:00 [s2] [O] DELIVERY ACK user=EBE8/583 attempts=1/5 elapsed=240ms queue=0
2026-09-28T03:51:44.171+03:00 [s2] [I] S7BP64R3-XXXXXXXXXXXXXXXXXXXXXXXXXXXXXXXXXXXXXXXXXXXXXXXXXXXXXXX
2026-09-28T03:51:44.193+03:00 [s1] [O] TX ACK seq=578 ack_to=EBE8/583 frame=14B OK time=25 ms guard=500ms
2026-09-28T03:51:44.246+03:00 [s2] [O] DELIVERY QUEUED source=2 bytes=64 waiting=1/8 in_flight=0
2026-09-28T03:51:44.281+03:00 [s1] [O] PEER_REPORT our_seq=578 TX=-50/10 Q100
2026-09-28T03:51:44.294+03:00 [s2] [O] 
2026-09-28T03:51:44.297+03:00 [s2] [O] TX USER seq=584 frame=76B user=64B attempt=1/5 OK time=70 ms
2026-09-28T03:51:44.306+03:00 [s2] [O] > S7BP64R3-XXXXXXXXXXXXXXXXXXXXXXXXXXXXXXXXXXXXXXXXXXXXXXXXXXXXXXX
2026-09-28T03:51:44.309+03:00 [s2] [O] DELIVERY WAIT_ACK user=EBE8/584 attempt=1/5 timeout=724ms queue=0
2026-09-28T03:51:44.327+03:00 [s1] [O] 
2026-09-28T03:51:44.369+03:00 [s1] [O] RX USER session=EBE8 seq=584 frame=76B user=64B RX=-49/10 Q97 disposition=0
2026-09-28T03:51:44.503+03:00 [s1] [O] < [-49/10 Q97] S7BP64R3-XXXXXXXXXXXXXXXXXXXXXXXXXXXXXXXXXXXXXXXXXXXXXXXXXXXXXXX
2026-09-28T03:51:44.511+03:00 [s1] [O] 
2026-09-28T03:51:44.553+03:00 [s1] [O] TX ACK seq=579 ack_to=EBE8/584 frame=14B OK time=25 ms guard=500ms
2026-09-28T03:51:44.564+03:00 [s2] [O] PEER_REPORT our_seq=584 TX=-49/10 Q97
2026-09-28T03:51:44.572+03:00 [s2] [O] 
2026-09-28T03:51:44.574+03:00 [s2] [O] RX ACK session=118C seq=579 ack_to=EBE8/584 frame=14B RX=-50/10 Q100
2026-09-28T03:51:44.579+03:00 [s2] [O] DELIVERY ACK user=EBE8/584 attempts=1/5 elapsed=239ms queue=0
2026-09-28T03:51:44.588+03:00 [s2] [I] S7BP64R4-XXXXXXXXXXXXXXXXXXXXXXXXXXXXXXXXXXXXXXXXXXXXXXXXXXXXXXX
2026-09-28T03:51:44.646+03:00 [s2] [O] DELIVERY QUEUED source=2 bytes=64 waiting=1/8 in_flight=0
2026-09-28T03:51:44.685+03:00 [s1] [O] PEER_REPORT our_seq=579 TX=-50/10 Q100
2026-09-28T03:51:44.698+03:00 [s2] [O] 
2026-09-28T03:51:44.699+03:00 [s2] [O] TX USER seq=585 frame=76B user=64B attempt=1/5 OK time=71 ms
2026-09-28T03:51:44.703+03:00 [s2] [O] > S7BP64R4-XXXXXXXXXXXXXXXXXXXXXXXXXXXXXXXXXXXXXXXXXXXXXXXXXXXXXXX
2026-09-28T03:51:44.729+03:00 [s1] [O] 
2026-09-28T03:51:44.739+03:00 [s2] [O] DELIVERY WAIT_ACK user=EBE8/585 attempt=1/5 timeout=724ms queue=0
2026-09-28T03:51:44.786+03:00 [s1] [O] RX USER session=EBE8 seq=585 frame=76B user=64B RX=-49/10 Q97 disposition=0
2026-09-28T03:51:44.908+03:00 [s1] [O] < [-49/10 Q97] S7BP64R4-XXXXXXXXXXXXXXXXXXXXXXXXXXXXXXXXXXXXXXXXXXXXXXXXXXXXXXX
2026-09-28T03:51:44.911+03:00 [s1] [O] 
2026-09-28T03:51:44.918+03:00 [s2] [O] PEER_REPORT our_seq=585 TX=-49/10 Q97
2026-09-28T03:51:44.925+03:00 [s2] [O] 
2026-09-28T03:51:44.962+03:00 [s1] [O] TX ACK seq=580 ack_to=EBE8/585 frame=14B OK time=25 ms guard=500ms
2026-09-28T03:51:44.964+03:00 [s2] [O] RX ACK session=118C seq=580 ack_to=EBE8/585 frame=14B RX=-50/10 Q100
2026-09-28T03:51:44.970+03:00 [s2] [O] DELIVERY ACK user=EBE8/585 attempts=1/5 elapsed=239ms queue=0
2026-09-28T03:51:44.973+03:00 [s2] [I] S7BP64R5-XXXXXXXXXXXXXXXXXXXXXXXXXXXXXXXXXXXXXXXXXXXXXXXXXXXXXXX
2026-09-28T03:51:45.057+03:00 [s2] [O] DELIVERY QUEUED source=2 bytes=64 waiting=1/8 in_flight=0
2026-09-28T03:51:45.096+03:00 [s1] [O] PEER_REPORT our_seq=580 TX=-50/10 Q100
2026-09-28T03:51:45.105+03:00 [s2] [O] 
2026-09-28T03:51:45.108+03:00 [s2] [O] TX USER seq=586 frame=76B user=64B attempt=1/5 OK time=70 ms
2026-09-28T03:51:45.114+03:00 [s2] [O] > S7BP64R5-XXXXXXXXXXXXXXXXXXXXXXXXXXXXXXXXXXXXXXXXXXXXXXXXXXXXXXX
2026-09-28T03:51:45.117+03:00 [s2] [O] DELIVERY WAIT_ACK user=EBE8/586 attempt=1/5 timeout=724ms queue=0
2026-09-28T03:51:45.139+03:00 [s1] [O] 
2026-09-28T03:51:45.180+03:00 [s1] [O] RX USER session=EBE8 seq=586 frame=76B user=64B RX=-49/10 Q97 disposition=0
2026-09-28T03:51:45.315+03:00 [s1] [O] < [-49/10 Q97] S7BP64R5-XXXXXXXXXXXXXXXXXXXXXXXXXXXXXXXXXXXXXXXXXXXXXXXXXXXXXXX
2026-09-28T03:51:45.324+03:00 [s2] [O] PEER_REPORT our_seq=586 TX=-49/10 Q97
2026-09-28T03:51:45.324+03:00 [s1] [O] 
2026-09-28T03:51:45.326+03:00 [s2] [O] 
2026-09-28T03:51:45.329+03:00 [s2] [O] RX ACK session=118C seq=581 ack_to=EBE8/586 frame=14B RX=-50/10 Q100
2026-09-28T03:51:45.358+03:00 [s1] [O] TX ACK seq=581 ack_to=EBE8/586 frame=14B OK time=25 ms guard=500ms
2026-09-28T03:51:45.369+03:00 [s2] [O] DELIVERY ACK user=EBE8/586 attempts=1/5 elapsed=238ms queue=0
2026-09-28T03:51:45.371+03:00 [s2] [I] S7BP64R6-XXXXXXXXXXXXXXXXXXXXXXXXXXXXXXXXXXXXXXXXXXXXXXXXXXXXXXX
2026-09-28T03:51:45.464+03:00 [s2] [O] DELIVERY QUEUED source=2 bytes=64 waiting=1/8 in_flight=0
2026-09-28T03:51:45.504+03:00 [s1] [O] PEER_REPORT our_seq=581 TX=-50/10 Q100
2026-09-28T03:51:45.504+03:00 [s2] [O] 
2026-09-28T03:51:45.512+03:00 [s2] [O] TX USER seq=587 frame=76B user=64B attempt=1/5 OK time=70 ms
2026-09-28T03:51:45.518+03:00 [s2] [O] > S7BP64R6-XXXXXXXXXXXXXXXXXXXXXXXXXXXXXXXXXXXXXXXXXXXXXXXXXXXXXXX
2026-09-28T03:51:45.524+03:00 [s2] [O] DELIVERY WAIT_ACK user=EBE8/587 attempt=1/5 timeout=724ms queue=0
2026-09-28T03:51:45.539+03:00 [s1] [O] 
2026-09-28T03:51:45.589+03:00 [s1] [O] RX USER session=EBE8 seq=587 frame=76B user=64B RX=-49/10 Q97 disposition=0
2026-09-28T03:51:45.719+03:00 [s1] [O] < [-49/10 Q97] S7BP64R6-XXXXXXXXXXXXXXXXXXXXXXXXXXXXXXXXXXXXXXXXXXXXXXXXXXXXXXX
2026-09-28T03:51:45.721+03:00 [s1] [O] 
2026-09-28T03:51:45.734+03:00 [s2] [O] PEER_REPORT our_seq=587 TX=-49/10 Q97
2026-09-28T03:51:45.737+03:00 [s2] [O] 
2026-09-28T03:51:45.741+03:00 [s2] [O] RX ACK session=118C seq=582 ack_to=EBE8/587 frame=14B RX=-50/10 Q100
2026-09-28T03:51:45.763+03:00 [s1] [O] TX ACK seq=582 ack_to=EBE8/587 frame=14B OK time=25 ms guard=500ms
2026-09-28T03:51:45.796+03:00 [s2] [O] DELIVERY ACK user=EBE8/587 attempts=1/5 elapsed=239ms queue=0
2026-09-28T03:51:45.799+03:00 [s2] [I] S7BP64R7-XXXXXXXXXXXXXXXXXXXXXXXXXXXXXXXXXXXXXXXXXXXXXXXXXXXXXXX
2026-09-28T03:51:45.861+03:00 [s2] [O] DELIVERY QUEUED source=2 bytes=64 waiting=1/8 in_flight=0
2026-09-28T03:51:45.907+03:00 [s1] [O] PEER_REPORT our_seq=582 TX=-50/11 Q100
2026-09-28T03:51:45.911+03:00 [s2] [O] 
2026-09-28T03:51:45.916+03:00 [s2] [O] TX USER seq=588 frame=76B user=64B attempt=1/5 OK time=70 ms
2026-09-28T03:51:45.920+03:00 [s2] [O] > S7BP64R7-XXXXXXXXXXXXXXXXXXXXXXXXXXXXXXXXXXXXXXXXXXXXXXXXXXXXXXX
2026-09-28T03:51:45.924+03:00 [s2] [O] DELIVERY WAIT_ACK user=EBE8/588 attempt=1/5 timeout=724ms queue=0
2026-09-28T03:51:45.994+03:00 [s1] [O] 
2026-09-28T03:51:46.041+03:00 [s1] [O] RX USER session=EBE8 seq=588 frame=76B user=64B RX=-49/9 Q97 disposition=0
2026-09-28T03:51:46.138+03:00 [s2] [O] PEER_REPORT our_seq=588 TX=-49/9 Q97
2026-09-28T03:51:46.143+03:00 [s2] [O] 
2026-09-28T03:51:46.144+03:00 [s2] [O] RX ACK session=118C seq=583 ack_to=EBE8/588 frame=14B RX=-50/10 Q100
2026-09-28T03:51:46.168+03:00 [s1] [O] < [-49/9 Q97] S7BP64R7-XXXXXXXXXXXXXXXXXXXXXXXXXXXXXXXXXXXXXXXXXXXXXXXXXXXXXXX
2026-09-28T03:51:46.170+03:00 [s1] [O] 
2026-09-28T03:51:46.196+03:00 [s2] [O] DELIVERY ACK user=EBE8/588 attempts=1/5 elapsed=239ms queue=0
2026-09-28T03:51:46.199+03:00 [s2] [I] S7BP64R8-XXXXXXXXXXXXXXXXXXXXXXXXXXXXXXXXXXXXXXXXXXXXXXXXXXXXXXX
2026-09-28T03:51:46.221+03:00 [s1] [O] TX ACK seq=583 ack_to=EBE8/588 frame=14B OK time=25 ms guard=500ms
2026-09-28T03:51:46.266+03:00 [s2] [O] DELIVERY QUEUED source=2 bytes=64 waiting=1/8 in_flight=0
2026-09-28T03:51:46.308+03:00 [s1] [O] PEER_REPORT our_seq=583 TX=-50/10 Q100
2026-09-28T03:51:46.319+03:00 [s2] [O] 
2026-09-28T03:51:46.320+03:00 [s2] [O] TX USER seq=589 frame=76B user=64B attempt=1/5 OK time=70 ms
2026-09-28T03:51:46.325+03:00 [s2] [O] > S7BP64R8-XXXXXXXXXXXXXXXXXXXXXXXXXXXXXXXXXXXXXXXXXXXXXXXXXXXXXXX
2026-09-28T03:51:46.332+03:00 [s2] [O] DELIVERY WAIT_ACK user=EBE8/589 attempt=1/5 timeout=724ms queue=0
2026-09-28T03:51:46.357+03:00 [s1] [O] 
2026-09-28T03:51:46.405+03:00 [s1] [O] RX USER session=EBE8 seq=589 frame=76B user=64B RX=-49/10 Q97 disposition=0
2026-09-28T03:51:46.530+03:00 [s1] [O] < [-49/10 Q97] S7BP64R8-XXXXXXXXXXXXXXXXXXXXXXXXXXXXXXXXXXXXXXXXXXXXXXXXXXXXXXX
2026-09-28T03:51:46.533+03:00 [s1] [O] 
2026-09-28T03:51:46.544+03:00 [s2] [O] PEER_REPORT our_seq=589 TX=-49/10 Q97
2026-09-28T03:51:46.548+03:00 [s2] [O] 
2026-09-28T03:51:46.552+03:00 [s2] [O] RX ACK session=118C seq=584 ack_to=EBE8/589 frame=14B RX=-50/9 Q100
2026-09-28T03:51:46.572+03:00 [s1] [O] TX ACK seq=584 ack_to=EBE8/589 frame=14B OK time=25 ms guard=500ms
2026-09-28T03:51:46.587+03:00 [s2] [O] DELIVERY ACK user=EBE8/589 attempts=1/5 elapsed=238ms queue=0
2026-09-28T03:51:46.590+03:00 [s2] [I] S7BP64R9-XXXXXXXXXXXXXXXXXXXXXXXXXXXXXXXXXXXXXXXXXXXXXXXXXXXXXXX
2026-09-28T03:51:46.669+03:00 [s2] [O] DELIVERY QUEUED source=2 bytes=64 waiting=1/8 in_flight=0
2026-09-28T03:51:46.709+03:00 [s1] [O] PEER_REPORT our_seq=584 TX=-50/9 Q100
2026-09-28T03:51:46.721+03:00 [s2] [O] 
2026-09-28T03:51:46.721+03:00 [s2] [O] TX USER seq=590 frame=76B user=64B attempt=1/5 OK time=70 ms
2026-09-28T03:51:46.724+03:00 [s2] [O] > S7BP64R9-XXXXXXXXXXXXXXXXXXXXXXXXXXXXXXXXXXXXXXXXXXXXXXXXXXXXXXX
2026-09-28T03:51:46.767+03:00 [s2] [O] DELIVERY WAIT_ACK user=EBE8/590 attempt=1/5 timeout=724ms queue=0
2026-09-28T03:51:46.767+03:00 [s1] [O] 
2026-09-28T03:51:46.800+03:00 [s1] [O] RX USER session=EBE8 seq=590 frame=76B user=64B RX=-49/10 Q97 disposition=0
2026-09-28T03:51:46.933+03:00 [s1] [O] < [-49/10 Q97] S7BP64R9-XXXXXXXXXXXXXXXXXXXXXXXXXXXXXXXXXXXXXXXXXXXXXXXXXXXXXXX
2026-09-28T03:51:46.939+03:00 [s2] [O] PEER_REPORT our_seq=590 TX=-49/10 Q97
2026-09-28T03:51:46.947+03:00 [s2] [O] 
2026-09-28T03:51:46.978+03:00 [s1] [O] 
2026-09-28T03:51:46.989+03:00 [s2] [O] RX ACK session=118C seq=585 ack_to=EBE8/590 frame=14B RX=-49/10 Q100
2026-09-28T03:51:47.004+03:00 [s2] [I] S7BP64R10-XXXXXXXXXXXXXXXXXXXXXXXXXXXXXXXXXXXXXXXXXXXXXXXXXXXXXX
2026-09-28T03:51:47.001+03:00 [s2] [O] DELIVERY ACK user=EBE8/590 attempts=1/5 elapsed=239ms queue=0
2026-09-28T03:51:47.023+03:00 [s1] [O] TX ACK seq=585 ack_to=EBE8/590 frame=14B OK time=25 ms guard=500ms
2026-09-28T03:51:47.084+03:00 [s2] [O] DELIVERY QUEUED source=2 bytes=64 waiting=1/8 in_flight=0
2026-09-28T03:51:47.126+03:00 [s2] [O] 
2026-09-28T03:51:47.140+03:00 [s2] [O] TX USER seq=591 frame=76B user=64B attempt=1/5 OK time=70 ms
2026-09-28T03:51:47.142+03:00 [s2] [O] > S7BP64R10-XXXXXXXXXXXXXXXXXXXXXXXXXXXXXXXXXXXXXXXXXXXXXXXXXXXXXX
2026-09-28T03:51:47.147+03:00 [s2] [O] DELIVERY WAIT_ACK user=EBE8/591 attempt=1/5 timeout=724ms queue=0
2026-09-28T03:51:47.159+03:00 [s1] [O] PEER_REPORT our_seq=585 TX=-49/10 Q100
2026-09-28T03:51:47.202+03:00 [s1] [O] 
2026-09-28T03:51:47.250+03:00 [s1] [O] RX USER session=EBE8 seq=591 frame=76B user=64B RX=-49/10 Q97 disposition=0
2026-09-28T03:51:47.348+03:00 [s1] [O] < [-49/10 Q97] S7BP64R10-XXXXXXXXXXXXXXXXXXXXXXXXXXXXXXXXXXXXXXXXXXXXXXXXXXXXXX
2026-09-28T03:51:47.350+03:00 [s2] [O] PEER_REPORT our_seq=591 TX=-49/10 Q97
2026-09-28T03:51:47.357+03:00 [s2] [O] 
2026-09-28T03:51:47.384+03:00 [s1] [O] 
2026-09-28T03:51:47.398+03:00 [s2] [O] RX ACK session=118C seq=586 ack_to=EBE8/591 frame=14B RX=-50/10 Q100
2026-09-28T03:51:47.398+03:00 [s2] [O] DELIVERY ACK user=EBE8/591 attempts=1/5 elapsed=240ms queue=0
2026-09-28T03:51:47.403+03:00 [s1] [I] S7AP96R1-XXXXXXXXXXXXXXXXXXXXXXXXXXXXXXXXXXXXXXXXXXXXXXXXXXXXXXXXXXXXXXXXXXXXXXXXXXXXXXXXXXXXXXX
2026-09-28T03:51:47.429+03:00 [s1] [O] TX ACK seq=586 ack_to=EBE8/591 frame=14B OK time=25 ms guard=500ms
2026-09-28T03:51:47.520+03:00 [s1] [O] DELIVERY QUEUED source=2 bytes=96 waiting=1/8 in_flight=0
2026-09-28T03:51:47.609+03:00 [s1] [O] 
2026-09-28T03:51:47.635+03:00 [s2] [O] PEER_REPORT our_seq=591 TX=-49/10 Q97
2026-09-28T03:51:47.638+03:00 [s2] [O] 
2026-09-28T03:51:47.640+03:00 [s2] [O] RX USER session=118C seq=587 frame=108B user=96B RX=-48/10 Q100 disposition=0
2026-09-28T03:51:47.641+03:00 [s2] [O] < [-48/10 Q100] S7AP96R1-XXXXXXXXXXXXXXXXXXXXXXXXXXXXXXXXXXXXXXXXXXXXXXXXXXXXXXXXXXXXXXXXXXXXXXXXXXXXXXXXXXXXXXX
2026-09-28T03:51:47.653+03:00 [s1] [O] TX USER seq=587 frame=108B user=96B attempt=1/5 OK time=95 ms
2026-09-28T03:51:47.758+03:00 [s1] [O] > S7AP96R1-XXXXXXXXXXXXXXXXXXXXXXXXXXXXXXXXXXXXXXXXXXXXXXXXXXXXXXXXXXXXXXXXXXXXXXXXXXXXXXXXXXXXXXX
2026-09-28T03:51:47.802+03:00 [s1] [O] DELIVERY WAIT_ACK user=118C/587 attempt=1/5 timeout=724ms queue=0
2026-09-28T03:51:47.807+03:00 [s2] [O] 
2026-09-28T03:51:47.807+03:00 [s2] [O] TX ACK seq=592 ack_to=118C/587 frame=14B OK time=25 ms guard=500ms
2026-09-28T03:51:47.880+03:00 [s1] [O] PEER_REPORT our_seq=587 TX=-48/10 Q100
2026-09-28T03:51:47.923+03:00 [s1] [O] 
2026-09-28T03:51:47.969+03:00 [s1] [O] RX ACK session=EBE8 seq=592 ack_to=118C/587 frame=14B RX=-49/10 Q97
2026-09-28T03:51:48.069+03:00 [s1] [O] DELIVERY ACK user=118C/587 attempts=1/5 elapsed=237ms queue=0
2026-09-28T03:51:48.071+03:00 [s1] [I] S7AP96R2-XXXXXXXXXXXXXXXXXXXXXXXXXXXXXXXXXXXXXXXXXXXXXXXXXXXXXXXXXXXXXXXXXXXXXXXXXXXXXXXXXXXXXXX
2026-09-28T03:51:48.160+03:00 [s1] [O] DELIVERY QUEUED source=2 bytes=96 waiting=1/8 in_flight=0
2026-09-28T03:51:48.254+03:00 [s2] [O] PEER_REPORT our_seq=592 TX=-49/10 Q97
2026-09-28T03:51:48.256+03:00 [s2] [O] 
2026-09-28T03:51:48.259+03:00 [s2] [O] RX USER session=118C seq=588 frame=108B user=96B RX=-49/10 Q100 disposition=0
2026-09-28T03:51:48.272+03:00 [s2] [O] < [-49/10 Q100] S7AP96R2-XXXXXXXXXXXXXXXXXXXXXXXXXXXXXXXXXXXXXXXXXXXXXXXXXXXXXXXXXXXXXXXXXXXXXXXXXXXXXXXXXXXXXXX
2026-09-28T03:51:48.283+03:00 [s1] [O] 
2026-09-28T03:51:48.332+03:00 [s1] [O] TX USER seq=588 frame=108B user=96B attempt=1/5 OK time=93 ms
2026-09-28T03:51:48.420+03:00 [s1] [O] > S7AP96R2-XXXXXXXXXXXXXXXXXXXXXXXXXXXXXXXXXXXXXXXXXXXXXXXXXXXXXXXXXXXXXXXXXXXXXXXXXXXXXXXXXXXXXXX
2026-09-28T03:51:48.471+03:00 [s1] [O] DELIVERY WAIT_ACK user=118C/588 attempt=1/5 timeout=724ms queue=0
2026-09-28T03:51:48.473+03:00 [s2] [O] 
2026-09-28T03:51:48.475+03:00 [s2] [O] TX ACK seq=593 ack_to=118C/588 frame=14B OK time=24 ms guard=500ms
2026-09-28T03:51:48.564+03:00 [s1] [O] PEER_REPORT our_seq=588 TX=-49/10 Q100
2026-09-28T03:51:48.598+03:00 [s1] [O] 
2026-09-28T03:51:48.648+03:00 [s1] [O] RX ACK session=EBE8 seq=593 ack_to=118C/588 frame=14B RX=-51/10 Q97
2026-09-28T03:51:48.782+03:00 [s1] [O] DELIVERY ACK user=118C/588 attempts=1/5 elapsed=237ms queue=0
2026-09-28T03:51:48.791+03:00 [s1] [I] S7AP96R3-XXXXXXXXXXXXXXXXXXXXXXXXXXXXXXXXXXXXXXXXXXXXXXXXXXXXXXXXXXXXXXXXXXXXXXXXXXXXXXXXXXXXXXX
2026-09-28T03:51:48.883+03:00 [s1] [O] DELIVERY QUEUED source=2 bytes=96 waiting=1/8 in_flight=0
2026-09-28T03:51:48.959+03:00 [s1] [O] 
2026-09-28T03:51:48.968+03:00 [s2] [O] PEER_REPORT our_seq=593 TX=-51/10 Q100
2026-09-28T03:51:48.975+03:00 [s2] [O] 
2026-09-28T03:51:48.978+03:00 [s2] [O] RX USER session=118C seq=589 frame=108B user=96B RX=-48/10 Q100 disposition=0
2026-09-28T03:51:48.981+03:00 [s2] [O] < [-48/10 Q100] S7AP96R3-XXXXXXXXXXXXXXXXXXXXXXXXXXXXXXXXXXXXXXXXXXXXXXXXXXXXXXXXXXXXXXXXXXXXXXXXXXXXXXXXXXXXXXX
2026-09-28T03:51:49.004+03:00 [s1] [O] TX USER seq=589 frame=108B user=96B attempt=1/5 OK time=95 ms
2026-09-28T03:51:49.093+03:00 [s1] [O] > S7AP96R3-XXXXXXXXXXXXXXXXXXXXXXXXXXXXXXXXXXXXXXXXXXXXXXXXXXXXXXXXXXXXXXXXXXXXXXXXXXXXXXXXXXXXXXX
2026-09-28T03:51:49.151+03:00 [s1] [O] DELIVERY WAIT_ACK user=118C/589 attempt=1/5 timeout=724ms queue=0
2026-09-28T03:51:49.190+03:00 [s2] [O] 
2026-09-28T03:51:49.196+03:00 [s2] [O] TX ACK seq=594 ack_to=118C/589 frame=14B OK time=24 ms guard=500ms
2026-09-28T03:51:49.241+03:00 [s1] [O] PEER_REPORT our_seq=589 TX=-48/10 Q100
2026-09-28T03:51:49.287+03:00 [s1] [O] 
2026-09-28T03:51:49.318+03:00 [s1] [O] RX ACK session=EBE8 seq=594 ack_to=118C/589 frame=14B RX=-51/10 Q100
2026-09-28T03:51:49.453+03:00 [s1] [O] DELIVERY ACK user=118C/589 attempts=1/5 elapsed=237ms queue=0
2026-09-28T03:51:49.460+03:00 [s1] [I] S7AP96R4-XXXXXXXXXXXXXXXXXXXXXXXXXXXXXXXXXXXXXXXXXXXXXXXXXXXXXXXXXXXXXXXXXXXXXXXXXXXXXXXXXXXXXXX
2026-09-28T03:51:49.551+03:00 [s1] [O] DELIVERY QUEUED source=2 bytes=96 waiting=1/8 in_flight=0
2026-09-28T03:51:49.633+03:00 [s1] [O] 
2026-09-28T03:51:49.644+03:00 [s2] [O] PEER_REPORT our_seq=594 TX=-51/10 Q100
2026-09-28T03:51:49.654+03:00 [s2] [O] 
2026-09-28T03:51:49.656+03:00 [s2] [O] RX USER session=118C seq=590 frame=108B user=96B RX=-49/10 Q100 disposition=0
2026-09-28T03:51:49.659+03:00 [s2] [O] < [-49/10 Q100] S7AP96R4-XXXXXXXXXXXXXXXXXXXXXXXXXXXXXXXXXXXXXXXXXXXXXXXXXXXXXXXXXXXXXXXXXXXXXXXXXXXXXXXXXXXXXXX
2026-09-28T03:51:49.681+03:00 [s1] [O] TX USER seq=590 frame=108B user=96B attempt=1/5 OK time=93 ms
2026-09-28T03:51:49.768+03:00 [s1] [O] > S7AP96R4-XXXXXXXXXXXXXXXXXXXXXXXXXXXXXXXXXXXXXXXXXXXXXXXXXXXXXXXXXXXXXXXXXXXXXXXXXXXXXXXXXXXXXXX
2026-09-28T03:51:49.826+03:00 [s1] [O] DELIVERY WAIT_ACK user=118C/590 attempt=1/5 timeout=724ms queue=0
2026-09-28T03:51:49.873+03:00 [s2] [O] 
2026-09-28T03:51:49.873+03:00 [s2] [O] TX ACK seq=595 ack_to=118C/590 frame=14B OK time=24 ms guard=500ms
2026-09-28T03:51:49.912+03:00 [s1] [O] PEER_REPORT our_seq=590 TX=-49/10 Q100
2026-09-28T03:51:49.957+03:00 [s1] [O] 
2026-09-28T03:51:50.001+03:00 [s1] [O] RX ACK session=EBE8 seq=595 ack_to=118C/590 frame=14B RX=-51/10 Q100
2026-09-28T03:51:50.173+03:00 [s1] [O] DELIVERY ACK user=118C/590 attempts=1/5 elapsed=239ms queue=0
2026-09-28T03:51:50.182+03:00 [s1] [I] S7AP96R5-XXXXXXXXXXXXXXXXXXXXXXXXXXXXXXXXXXXXXXXXXXXXXXXXXXXXXXXXXXXXXXXXXXXXXXXXXXXXXXXXXXXXXXX
2026-09-28T03:51:50.266+03:00 [s1] [O] DELIVERY QUEUED source=2 bytes=96 waiting=1/8 in_flight=0
2026-09-28T03:51:50.353+03:00 [s1] [O] 
2026-09-28T03:51:50.365+03:00 [s2] [O] PEER_REPORT our_seq=595 TX=-51/10 Q100
2026-09-28T03:51:50.370+03:00 [s2] [O] 
2026-09-28T03:51:50.375+03:00 [s2] [O] RX USER session=118C seq=591 frame=108B user=96B RX=-48/10 Q100 disposition=0
2026-09-28T03:51:50.398+03:00 [s1] [O] TX USER seq=591 frame=108B user=96B attempt=1/5 OK time=95 ms
2026-09-28T03:51:50.408+03:00 [s2] [O] < [-48/10 Q100] S7AP96R5-XXXXXXXXXXXXXXXXXXXXXXXXXXXXXXXXXXXXXXXXXXXXXXXXXXXXXXXXXXXXXXXXXXXXXXXXXXXXXXXXXXXXXXX
2026-09-28T03:51:50.496+03:00 [s1] [O] > S7AP96R5-XXXXXXXXXXXXXXXXXXXXXXXXXXXXXXXXXXXXXXXXXXXXXXXXXXXXXXXXXXXXXXXXXXXXXXXXXXXXXXXXXXXXXXX
2026-09-28T03:51:50.545+03:00 [s1] [O] DELIVERY WAIT_ACK user=118C/591 attempt=1/5 timeout=724ms queue=0
2026-09-28T03:51:50.636+03:00 [s2] [O] 
2026-09-28T03:51:50.636+03:00 [s1] [O] PEER_REPORT our_seq=591 TX=-48/11 Q100
2026-09-28T03:51:50.636+03:00 [s2] [O] TX ACK seq=596 ack_to=118C/591 frame=14B OK time=24 ms guard=500ms
2026-09-28T03:51:50.675+03:00 [s1] [O] 
2026-09-28T03:51:50.715+03:00 [s1] [O] RX ACK session=EBE8 seq=596 ack_to=118C/591 frame=14B RX=-51/10 Q100
2026-09-28T03:51:50.852+03:00 [s1] [O] DELIVERY ACK user=118C/591 attempts=1/5 elapsed=237ms queue=0
2026-09-28T03:51:50.856+03:00 [s1] [I] S7AP96R6-XXXXXXXXXXXXXXXXXXXXXXXXXXXXXXXXXXXXXXXXXXXXXXXXXXXXXXXXXXXXXXXXXXXXXXXXXXXXXXXXXXXXXXX
2026-09-28T03:51:50.903+03:00 [s1] [O] 
2026-09-28T03:51:51.038+03:00 [s1] [O] SESSION t=3900s TX ok=600 user=274 echo_req=0 echo_rep=0 hb=70(idle=70) err=0 started=600 RX ok=592 user=256 echo_req=0 echo_rep=0 hb=0 crc=8 hdr=3 bad=0 readerr=0 reports=592 Q=100% drops=0 fatal=0
2026-09-28T03:51:51.043+03:00 [s2] [O] PEER_REPORT our_seq=596 TX=-51/10 Q100
2026-09-28T03:51:51.053+03:00 [s2] [O] 
2026-09-28T03:51:51.055+03:00 [s2] [O] RX USER session=118C seq=592 frame=108B user=96B RX=-48/10 Q100 disposition=0
2026-09-28T03:51:51.057+03:00 [s2] [O] < [-48/10 Q100] S7AP96R6-XXXXXXXXXXXXXXXXXXXXXXXXXXXXXXXXXXXXXXXXXXXXXXXXXXXXXXXXXXXXXXXXXXXXXXXXXXXXXXXXXXXXXXX
2026-09-28T03:51:51.258+03:00 [s1] [O] SESSION COURTESY window=5000ms peer_release=0 expired=0 yielding=0
2026-09-28T03:51:51.260+03:00 [s2] [O] 
2026-09-28T03:51:51.271+03:00 [s2] [O] TX ACK seq=597 ack_to=118C/592 frame=14B OK time=24 ms guard=500ms
2026-09-28T03:51:51.395+03:00 [s1] [O] SESSION DIO0_TX affected=0/600 episodes=0 avg_all=0.00 avg_affected=0.00 high_polls=0
2026-09-28T03:51:51.537+03:00 [s1] [O] SESSION RX_POLL polls=3702232 rxdone=603 interval=1000us DIO0_RX false_high_ep=0 high_polls=0 rxdone_low=15 isr=disabled
2026-09-28T03:51:51.666+03:00 [s1] [O] DELIVERY QUEUED source=2 bytes=96 waiting=1/8 in_flight=0
2026-09-28T03:51:51.717+03:00 [s1] [O] 
2026-09-28T03:51:51.750+03:00 [s1] [O] TX USER seq=592 frame=108B user=96B attempt=1/5 OK time=94 ms
2026-09-28T03:51:51.884+03:00 [s1] [O] > S7AP96R6-XXXXXXXXXXXXXXXXXXXXXXXXXXXXXXXXXXXXXXXXXXXXXXXXXXXXXXXXXXXXXXXXXXXXXXXXXXXXXXXXXXXXXXX
2026-09-28T03:51:51.929+03:00 [s1] [O] DELIVERY WAIT_ACK user=118C/592 attempt=1/5 timeout=724ms queue=0
2026-09-28T03:51:51.987+03:00 [s1] [O] PEER_REPORT our_seq=592 TX=-48/10 Q100
2026-09-28T03:51:52.028+03:00 [s1] [O] 
2026-09-28T03:51:52.065+03:00 [s1] [O] RX ACK session=EBE8 seq=597 ack_to=118C/592 frame=14B RX=-49/10 Q100
2026-09-28T03:51:52.200+03:00 [s1] [O] DELIVERY ACK user=118C/592 attempts=1/5 elapsed=228ms queue=0
2026-09-28T03:51:52.207+03:00 [s1] [I] S7AP96R7-XXXXXXXXXXXXXXXXXXXXXXXXXXXXXXXXXXXXXXXXXXXXXXXXXXXXXXXXXXXXXXXXXXXXXXXXXXXXXXXXXXXXXXX
2026-09-28T03:51:52.335+03:00 [s1] [O] DELIVERY QUEUED source=2 bytes=96 waiting=1/8 in_flight=0
2026-09-28T03:51:52.381+03:00 [s1] [O] 
2026-09-28T03:51:52.398+03:00 [s1] [O] TX USER seq=593 frame=108B user=96B attempt=1/5 OK time=93 ms
2026-09-28T03:51:52.403+03:00 [s1] [O] > S7AP96R7-XXXXXXXXXXXXXXXXXXXXXXXXXXXXXXXXXXXXXXXXXXXXXXXXXXXXXXXXXXXXXXXXXXXXXXXXXXXXXXXXXXXXXXX
2026-09-28T03:51:52.403+03:00 [s1] [O] DELIVERY WAIT_ACK user=118C/593 attempt=1/5 timeout=724ms queue=0
2026-09-28T03:51:52.431+03:00 [s2] [O] PEER_REPORT our_seq=597 TX=-49/10 Q100
2026-09-28T03:51:52.432+03:00 [s2] [O] 
2026-09-28T03:51:52.433+03:00 [s2] [O] RX USER session=118C seq=593 frame=108B user=96B RX=-48/9 Q100 disposition=0
2026-09-28T03:51:52.439+03:00 [s2] [O] < [-48/9 Q100] S7AP96R7-XXXXXXXXXXXXXXXXXXXXXXXXXXXXXXXXXXXXXXXXXXXXXXXXXXXXXXXXXXXXXXXXXXXXXXXXXXXXXXXXXXXXXXX
2026-09-28T03:51:52.604+03:00 [s1] [O] PEER_REPORT our_seq=593 TX=-48/9 Q100
2026-09-28T03:51:52.617+03:00 [s2] [O] 
2026-09-28T03:51:52.625+03:00 [s2] [O] TX ACK seq=598 ack_to=118C/593 frame=14B OK time=24 ms guard=500ms
2026-09-28T03:51:52.659+03:00 [s1] [O] 
2026-09-28T03:51:52.694+03:00 [s1] [O] RX ACK session=EBE8 seq=598 ack_to=118C/593 frame=14B RX=-50/10 Q100
2026-09-28T03:51:52.828+03:00 [s1] [O] DELIVERY ACK user=118C/593 attempts=1/5 elapsed=239ms queue=0
2026-09-28T03:51:52.839+03:00 [s1] [I] S7AP96R8-XXXXXXXXXXXXXXXXXXXXXXXXXXXXXXXXXXXXXXXXXXXXXXXXXXXXXXXXXXXXXXXXXXXXXXXXXXXXXXXXXXXXXXX
2026-09-28T03:51:52.928+03:00 [s1] [O] DELIVERY QUEUED source=2 bytes=96 waiting=1/8 in_flight=0
2026-09-28T03:51:53.009+03:00 [s1] [O] 
2026-09-28T03:51:53.017+03:00 [s2] [O] PEER_REPORT our_seq=598 TX=-50/10 Q100
2026-09-28T03:51:53.035+03:00 [s2] [O] 
2026-09-28T03:51:53.038+03:00 [s2] [O] RX USER session=118C seq=594 frame=108B user=96B RX=-48/10 Q100 disposition=0
2026-09-28T03:51:53.041+03:00 [s2] [O] < [-48/10 Q100] S7AP96R8-XXXXXXXXXXXXXXXXXXXXXXXXXXXXXXXXXXXXXXXXXXXXXXXXXXXXXXXXXXXXXXXXXXXXXXXXXXXXXXXXXXXXXXX
2026-09-28T03:51:53.055+03:00 [s1] [O] TX USER seq=594 frame=108B user=96B attempt=1/5 OK time=95 ms
2026-09-28T03:51:53.144+03:00 [s1] [O] > S7AP96R8-XXXXXXXXXXXXXXXXXXXXXXXXXXXXXXXXXXXXXXXXXXXXXXXXXXXXXXXXXXXXXXXXXXXXXXXXXXXXXXXXXXXXXXX
2026-09-28T03:51:53.201+03:00 [s1] [O] DELIVERY WAIT_ACK user=118C/594 attempt=1/5 timeout=724ms queue=0
2026-09-28T03:51:53.256+03:00 [s2] [O] 
2026-09-28T03:51:53.257+03:00 [s2] [O] TX ACK seq=599 ack_to=118C/594 frame=14B OK time=24 ms guard=500ms
2026-09-28T03:51:53.281+03:00 [s1] [O] 
2026-09-28T03:51:53.291+03:00 [s1] [O] RX CRC ERROR IRQ=0x70 RX=-50/4 len=14
2026-09-28T03:51:53.739+03:00 [s1] [O] DELIVERY ACK TIMEOUT user=118C/594 attempt=1/5
2026-09-28T03:51:53.827+03:00 [s1] [O] DELIVERY RETRY user=118C/594 next_attempt=2/5 in=121ms
2026-09-28T03:51:53.955+03:00 [s1] [O] 
2026-09-28T03:51:53.968+03:00 [s2] [O] PEER_REPORT our_seq=598 TX=-50/10 Q97
2026-09-28T03:51:53.973+03:00 [s2] [O] 
2026-09-28T03:51:53.979+03:00 [s2] [O] RX USER session=118C seq=594 frame=108B user=96B RX=-49/10 Q100 disposition=1
2026-09-28T03:51:53.983+03:00 [s2] [O] USER DUPLICATE session=118C seq=594 presentation=suppressed ack=repeated
2026-09-28T03:51:54.001+03:00 [s1] [O] TX USER RETRY seq=594 frame=108B user=96B attempt=2/5 OK time=94 ms
2026-09-28T03:51:54.098+03:00 [s1] [O] DELIVERY WAIT_ACK user=118C/594 attempt=2/5 timeout=724ms queue=0
2026-09-28T03:51:54.197+03:00 [s2] [O] 
2026-09-28T03:51:54.197+03:00 [s2] [O] TX ACK seq=600 ack_to=118C/594 frame=14B OK time=24 ms guard=500ms
2026-09-28T03:51:54.235+03:00 [s1] [O] PEER_REPORT our_seq=594 TX=-49/10 Q100
2026-09-28T03:51:54.279+03:00 [s1] [O] 
2026-09-28T03:51:54.325+03:00 [s1] [O] RX ACK session=EBE8 seq=600 ack_to=118C/594 frame=14B RX=-50/10 Q97
2026-09-28T03:51:54.449+03:00 [s1] [O] DELIVERY ACK user=118C/594 attempts=2/5 elapsed=1179ms queue=0
2026-09-28T03:51:54.461+03:00 [s1] [I] S7AP96R9-XXXXXXXXXXXXXXXXXXXXXXXXXXXXXXXXXXXXXXXXXXXXXXXXXXXXXXXXXXXXXXXXXXXXXXXXXXXXXXXXXXXXXXX
2026-09-28T03:51:54.545+03:00 [s1] [O] DELIVERY QUEUED source=2 bytes=96 waiting=1/8 in_flight=0
2026-09-28T03:51:54.630+03:00 [s1] [O] 
2026-09-28T03:51:54.644+03:00 [s2] [O] PEER_REPORT our_seq=600 TX=-50/10 Q97
2026-09-28T03:51:54.645+03:00 [s2] [O] 
2026-09-28T03:51:54.645+03:00 [s2] [O] RX USER session=118C seq=595 frame=108B user=96B RX=-48/10 Q100 disposition=0
2026-09-28T03:51:54.657+03:00 [s2] [O] < [-48/10 Q100] S7AP96R9-XXXXXXXXXXXXXXXXXXXXXXXXXXXXXXXXXXXXXXXXXXXXXXXXXXXXXXXXXXXXXXXXXXXXXXXXXXXXXXXXXXXXXXX
2026-09-28T03:51:54.673+03:00 [s1] [O] TX USER seq=595 frame=108B user=96B attempt=1/5 OK time=93 ms
2026-09-28T03:51:54.766+03:00 [s1] [O] > S7AP96R9-XXXXXXXXXXXXXXXXXXXXXXXXXXXXXXXXXXXXXXXXXXXXXXXXXXXXXXXXXXXXXXXXXXXXXXXXXXXXXXXXXXXXXXX
2026-09-28T03:51:54.818+03:00 [s1] [O] DELIVERY WAIT_ACK user=118C/595 attempt=1/5 timeout=724ms queue=0
2026-09-28T03:51:54.860+03:00 [s2] [O] 
2026-09-28T03:51:54.876+03:00 [s2] [O] TX ACK seq=601 ack_to=118C/595 frame=14B OK time=24 ms guard=500ms
2026-09-28T03:51:54.909+03:00 [s1] [O] PEER_REPORT our_seq=595 TX=-48/10 Q100
2026-09-28T03:51:54.947+03:00 [s1] [O] 
2026-09-28T03:51:55.001+03:00 [s1] [O] RX ACK session=EBE8 seq=601 ack_to=118C/595 frame=14B RX=-50/10 Q97
2026-09-28T03:51:55.126+03:00 [s1] [O] DELIVERY ACK user=118C/595 attempts=1/5 elapsed=239ms queue=0
2026-09-28T03:51:55.139+03:00 [s1] [I] S7AP96R10-XXXXXXXXXXXXXXXXXXXXXXXXXXXXXXXXXXXXXXXXXXXXXXXXXXXXXXXXXXXXXXXXXXXXXXXXXXXXXXXXXXXXXX
2026-09-28T03:51:55.226+03:00 [s1] [O] DELIVERY QUEUED source=2 bytes=96 waiting=1/8 in_flight=0
2026-09-28T03:51:55.303+03:00 [s1] [O] 
2026-09-28T03:51:55.324+03:00 [s2] [O] PEER_REPORT our_seq=601 TX=-50/10 Q97
2026-09-28T03:51:55.326+03:00 [s2] [O] 
2026-09-28T03:51:55.328+03:00 [s2] [O] RX USER session=118C seq=596 frame=108B user=96B RX=-48/10 Q100 disposition=0
2026-09-28T03:51:55.330+03:00 [s2] [O] < [-48/10 Q100] S7AP96R10-XXXXXXXXXXXXXXXXXXXXXXXXXXXXXXXXXXXXXXXXXXXXXXXXXXXXXXXXXXXXXXXXXXXXXXXXXXXXXXXXXXXXXX
2026-09-28T03:51:55.393+03:00 [s1] [O] TX USER seq=596 frame=108B user=96B attempt=1/5 OK time=95 ms
2026-09-28T03:51:55.491+03:00 [s1] [O] > S7AP96R10-XXXXXXXXXXXXXXXXXXXXXXXXXXXXXXXXXXXXXXXXXXXXXXXXXXXXXXXXXXXXXXXXXXXXXXXXXXXXXXXXXXXXXX
2026-09-28T03:51:55.541+03:00 [s2] [O] 
2026-09-28T03:51:55.543+03:00 [s1] [O] DELIVERY WAIT_ACK user=118C/596 attempt=1/5 timeout=724ms queue=0
2026-09-28T03:51:55.545+03:00 [s2] [O] TX ACK seq=602 ack_to=118C/596 frame=14B OK time=24 ms guard=500ms
2026-09-28T03:51:55.624+03:00 [s1] [O] PEER_REPORT our_seq=596 TX=-48/10 Q100
2026-09-28T03:51:55.665+03:00 [s1] [O] 
2026-09-28T03:51:55.709+03:00 [s1] [O] RX ACK session=EBE8 seq=602 ack_to=118C/596 frame=14B RX=-50/10 Q97
2026-09-28T03:51:55.844+03:00 [s1] [O] DELIVERY ACK user=118C/596 attempts=1/5 elapsed=238ms queue=0
2026-09-28T03:51:55.853+03:00 [s2] [I] S7BP96R1-XXXXXXXXXXXXXXXXXXXXXXXXXXXXXXXXXXXXXXXXXXXXXXXXXXXXXXXXXXXXXXXXXXXXXXXXXXXXXXXXXXXXXXX
2026-09-28T03:51:55.948+03:00 [s2] [O] DELIVERY QUEUED source=2 bytes=96 waiting=1/8 in_flight=0
2026-09-28T03:51:56.025+03:00 [s1] [O] PEER_REPORT our_seq=596 TX=-48/10 Q100
2026-09-28T03:51:56.039+03:00 [s2] [O] 
2026-09-28T03:51:56.051+03:00 [s2] [O] TX USER seq=603 frame=108B user=96B attempt=1/5 OK time=94 ms
2026-09-28T03:51:56.055+03:00 [s2] [O] > S7BP96R1-XXXXXXXXXXXXXXXXXXXXXXXXXXXXXXXXXXXXXXXXXXXXXXXXXXXXXXXXXXXXXXXXXXXXXXXXXXXXXXXXXXXXXXX
2026-09-28T03:51:56.057+03:00 [s2] [O] DELIVERY WAIT_ACK user=EBE8/603 attempt=1/5 timeout=724ms queue=0
2026-09-28T03:51:56.069+03:00 [s1] [O] 
2026-09-28T03:51:56.115+03:00 [s1] [O] RX USER session=EBE8 seq=603 frame=108B user=96B RX=-49/10 Q97 disposition=0
2026-09-28T03:51:56.253+03:00 [s1] [O] < [-49/10 Q97] S7BP96R1-XXXXXXXXXXXXXXXXXXXXXXXXXXXXXXXXXXXXXXXXXXXXXXXXXXXXXXXXXXXXXXXXXXXXXXXXXXXXXXXXXXXXXXX
2026-09-28T03:51:56.254+03:00 [s2] [O] PEER_REPORT our_seq=603 TX=-49/10 Q97
2026-09-28T03:51:56.257+03:00 [s2] [O] 
2026-09-28T03:51:56.267+03:00 [s2] [O] RX ACK session=118C seq=597 ack_to=EBE8/603 frame=14B RX=-50/10 Q100
2026-09-28T03:51:56.272+03:00 [s2] [O] DELIVERY ACK user=EBE8/603 attempts=1/5 elapsed=239ms queue=0
2026-09-28T03:51:56.273+03:00 [s2] [I] S7BP96R2-XXXXXXXXXXXXXXXXXXXXXXXXXXXXXXXXXXXXXXXXXXXXXXXXXXXXXXXXXXXXXXXXXXXXXXXXXXXXXXXXXXXXXXX
2026-09-28T03:51:56.294+03:00 [s1] [O] 
2026-09-28T03:51:56.346+03:00 [s2] [O] DELIVERY QUEUED source=2 bytes=96 waiting=1/8 in_flight=0
2026-09-28T03:51:56.382+03:00 [s1] [O] TX ACK seq=597 ack_to=EBE8/603 frame=14B OK time=25 ms guard=500ms
2026-09-28T03:51:56.446+03:00 [s2] [O] 
2026-09-28T03:51:56.457+03:00 [s2] [O] TX USER seq=604 frame=108B user=96B attempt=1/5 OK time=94 ms
2026-09-28T03:51:56.461+03:00 [s2] [O] > S7BP96R2-XXXXXXXXXXXXXXXXXXXXXXXXXXXXXXXXXXXXXXXXXXXXXXXXXXXXXXXXXXXXXXXXXXXXXXXXXXXXXXXXXXXXXXX
2026-09-28T03:51:56.465+03:00 [s2] [O] DELIVERY WAIT_ACK user=EBE8/604 attempt=1/5 timeout=724ms queue=0
2026-09-28T03:51:56.474+03:00 [s1] [O] PEER_REPORT our_seq=597 TX=-50/10 Q100
2026-09-28T03:51:56.519+03:00 [s1] [O] 
2026-09-28T03:51:56.564+03:00 [s1] [O] RX USER session=EBE8 seq=604 frame=108B user=96B RX=-49/10 Q97 disposition=0
2026-09-28T03:51:56.674+03:00 [s2] [O] PEER_REPORT our_seq=604 TX=-49/10 Q97
2026-09-28T03:51:56.674+03:00 [s2] [O] 
2026-09-28T03:51:56.678+03:00 [s2] [O] RX ACK session=118C seq=598 ack_to=EBE8/604 frame=14B RX=-50/9 Q100
2026-09-28T03:51:56.683+03:00 [s2] [O] DELIVERY ACK user=EBE8/604 attempts=1/5 elapsed=239ms queue=0
2026-09-28T03:51:56.685+03:00 [s2] [I] S7BP96R3-XXXXXXXXXXXXXXXXXXXXXXXXXXXXXXXXXXXXXXXXXXXXXXXXXXXXXXXXXXXXXXXXXXXXXXXXXXXXXXXXXXXXXXX
2026-09-28T03:51:56.704+03:00 [s1] [O] < [-49/10 Q97] S7BP96R2-XXXXXXXXXXXXXXXXXXXXXXXXXXXXXXXXXXXXXXXXXXXXXXXXXXXXXXXXXXXXXXXXXXXXXXXXXXXXXXXXXXXXXXX
2026-09-28T03:51:56.705+03:00 [s1] [O] 
2026-09-28T03:51:56.745+03:00 [s1] [O] TX ACK seq=598 ack_to=EBE8/604 frame=14B OK time=25 ms guard=500ms
2026-09-28T03:51:56.755+03:00 [s2] [O] DELIVERY QUEUED source=2 bytes=96 waiting=1/8 in_flight=0
2026-09-28T03:51:56.843+03:00 [s1] [O] PEER_REPORT our_seq=598 TX=-50/9 Q100
2026-09-28T03:51:56.844+03:00 [s2] [O] 
2026-09-28T03:51:56.854+03:00 [s2] [O] TX USER seq=605 frame=108B user=96B attempt=1/5 OK time=94 ms
2026-09-28T03:51:56.859+03:00 [s2] [O] > S7BP96R3-XXXXXXXXXXXXXXXXXXXXXXXXXXXXXXXXXXXXXXXXXXXXXXXXXXXXXXXXXXXXXXXXXXXXXXXXXXXXXXXXXXXXXXX
2026-09-28T03:51:56.866+03:00 [s2] [O] DELIVERY WAIT_ACK user=EBE8/605 attempt=1/5 timeout=724ms queue=0
2026-09-28T03:51:56.879+03:00 [s1] [O] 
2026-09-28T03:51:56.924+03:00 [s1] [O] RX USER session=EBE8 seq=605 frame=108B user=96B RX=-49/10 Q97 disposition=0
2026-09-28T03:51:57.074+03:00 [s1] [O] < [-49/10 Q97] S7BP96R3-XXXXXXXXXXXXXXXXXXXXXXXXXXXXXXXXXXXXXXXXXXXXXXXXXXXXXXXXXXXXXXXXXXXXXXXXXXXXXXXXXXXXXXX
2026-09-28T03:51:57.078+03:00 [s2] [O] PEER_REPORT our_seq=605 TX=-49/10 Q97
2026-09-28T03:51:57.082+03:00 [s2] [O] 
2026-09-28T03:51:57.084+03:00 [s2] [O] RX ACK session=118C seq=599 ack_to=EBE8/605 frame=14B RX=-50/9 Q100
2026-09-28T03:51:57.086+03:00 [s2] [O] DELIVERY ACK user=EBE8/605 attempts=1/5 elapsed=238ms queue=0
2026-09-28T03:51:57.088+03:00 [s2] [I] S7BP96R4-XXXXXXXXXXXXXXXXXXXXXXXXXXXXXXXXXXXXXXXXXXXXXXXXXXXXXXXXXXXXXXXXXXXXXXXXXXXXXXXXXXXXXXX
2026-09-28T03:51:57.103+03:00 [s1] [O] 
2026-09-28T03:51:57.150+03:00 [s1] [O] TX ACK seq=599 ack_to=EBE8/605 frame=14B OK time=25 ms guard=500ms
2026-09-28T03:51:57.161+03:00 [s2] [O] DELIVERY QUEUED source=2 bytes=96 waiting=1/8 in_flight=0
2026-09-28T03:51:57.254+03:00 [s1] [O] PEER_REPORT our_seq=599 TX=-50/9 Q100
2026-09-28T03:51:57.255+03:00 [s2] [O] 
2026-09-28T03:51:57.270+03:00 [s2] [O] TX USER seq=606 frame=108B user=96B attempt=1/5 OK time=93 ms
2026-09-28T03:51:57.272+03:00 [s2] [O] > S7BP96R4-XXXXXXXXXXXXXXXXXXXXXXXXXXXXXXXXXXXXXXXXXXXXXXXXXXXXXXXXXXXXXXXXXXXXXXXXXXXXXXXXXXXXXXX
2026-09-28T03:51:57.274+03:00 [s2] [O] DELIVERY WAIT_ACK user=EBE8/606 attempt=1/5 timeout=724ms queue=0
2026-09-28T03:51:57.284+03:00 [s1] [O] 
2026-09-28T03:51:57.332+03:00 [s1] [O] RX USER session=EBE8 seq=606 frame=108B user=96B RX=-49/10 Q97 disposition=0
2026-09-28T03:51:57.466+03:00 [s1] [O] < [-49/10 Q97] S7BP96R4-XXXXXXXXXXXXXXXXXXXXXXXXXXXXXXXXXXXXXXXXXXXXXXXXXXXXXXXXXXXXXXXXXXXXXXXXXXXXXXXXXXXXXXX
2026-09-28T03:51:57.471+03:00 [s2] [O] PEER_REPORT our_seq=606 TX=-49/10 Q97
2026-09-28T03:51:57.477+03:00 [s2] [O] 
2026-09-28T03:51:57.493+03:00 [s2] [O] RX ACK session=118C seq=600 ack_to=EBE8/606 frame=14B RX=-49/10 Q100
2026-09-28T03:51:57.494+03:00 [s2] [O] DELIVERY ACK user=EBE8/606 attempts=1/5 elapsed=239ms queue=0
2026-09-28T03:51:57.496+03:00 [s2] [I] S7BP96R5-XXXXXXXXXXXXXXXXXXXXXXXXXXXXXXXXXXXXXXXXXXXXXXXXXXXXXXXXXXXXXXXXXXXXXXXXXXXXXXXXXXXXXXX
2026-09-28T03:51:57.508+03:00 [s1] [O] 
2026-09-28T03:51:57.553+03:00 [s1] [O] TX ACK seq=600 ack_to=EBE8/606 frame=14B OK time=25 ms guard=500ms
2026-09-28T03:51:57.574+03:00 [s2] [O] DELIVERY QUEUED source=2 bytes=96 waiting=1/8 in_flight=0
2026-09-28T03:51:57.644+03:00 [s1] [O] PEER_REPORT our_seq=600 TX=-49/10 Q100
2026-09-28T03:51:57.655+03:00 [s2] [O] 
2026-09-28T03:51:57.662+03:00 [s2] [O] TX USER seq=607 frame=108B user=96B attempt=1/5 OK time=94 ms
2026-09-28T03:51:57.673+03:00 [s2] [O] > S7BP96R5-XXXXXXXXXXXXXXXXXXXXXXXXXXXXXXXXXXXXXXXXXXXXXXXXXXXXXXXXXXXXXXXXXXXXXXXXXXXXXXXXXXXXXXX
2026-09-28T03:51:57.674+03:00 [s2] [O] DELIVERY WAIT_ACK user=EBE8/607 attempt=1/5 timeout=724ms queue=0
2026-09-28T03:51:57.690+03:00 [s1] [O] 
2026-09-28T03:51:57.733+03:00 [s1] [O] RX USER session=EBE8 seq=607 frame=108B user=96B RX=-48/10 Q97 disposition=0
2026-09-28T03:51:57.880+03:00 [s2] [O] PEER_REPORT our_seq=607 TX=-48/10 Q97
2026-09-28T03:51:57.890+03:00 [s1] [O] < [-48/10 Q97] S7BP96R5-XXXXXXXXXXXXXXXXXXXXXXXXXXXXXXXXXXXXXXXXXXXXXXXXXXXXXXXXXXXXXXXXXXXXXXXXXXXXXXXXXXXXXXX
2026-09-28T03:51:57.892+03:00 [s2] [O] 
2026-09-28T03:51:57.903+03:00 [s2] [O] RX ACK session=118C seq=601 ack_to=EBE8/607 frame=14B RX=-50/10 Q100
2026-09-28T03:51:57.907+03:00 [s2] [O] DELIVERY ACK user=EBE8/607 attempts=1/5 elapsed=239ms queue=0
2026-09-28T03:51:57.909+03:00 [s2] [I] S7BP96R6-XXXXXXXXXXXXXXXXXXXXXXXXXXXXXXXXXXXXXXXXXXXXXXXXXXXXXXXXXXXXXXXXXXXXXXXXXXXXXXXXXXXXXXX
2026-09-28T03:51:57.922+03:00 [s1] [O] 
2026-09-28T03:51:57.958+03:00 [s1] [O] TX ACK seq=601 ack_to=EBE8/607 frame=14B OK time=25 ms guard=500ms
2026-09-28T03:51:58.023+03:00 [s2] [O] DELIVERY QUEUED source=2 bytes=96 waiting=1/8 in_flight=0
2026-09-28T03:51:58.096+03:00 [s1] [O] PEER_REPORT our_seq=601 TX=-50/10 Q100
2026-09-28T03:51:58.120+03:00 [s2] [O] 
2026-09-28T03:51:58.125+03:00 [s2] [O] TX USER seq=608 frame=108B user=96B attempt=1/5 OK time=93 ms
2026-09-28T03:51:58.132+03:00 [s2] [O] > S7BP96R6-XXXXXXXXXXXXXXXXXXXXXXXXXXXXXXXXXXXXXXXXXXXXXXXXXXXXXXXXXXXXXXXXXXXXXXXXXXXXXXXXXXXXXXX
2026-09-28T03:51:58.134+03:00 [s2] [O] DELIVERY WAIT_ACK user=EBE8/608 attempt=1/5 timeout=724ms queue=0
2026-09-28T03:51:58.140+03:00 [s1] [O] 
2026-09-28T03:51:58.196+03:00 [s1] [O] RX USER session=EBE8 seq=608 frame=108B user=96B RX=-49/10 Q97 disposition=0
2026-09-28T03:51:58.332+03:00 [s2] [O] PEER_REPORT our_seq=608 TX=-49/10 Q97
2026-09-28T03:51:58.337+03:00 [s2] [O] 
2026-09-28T03:51:58.339+03:00 [s2] [O] RX ACK session=118C seq=602 ack_to=EBE8/608 frame=14B RX=-49/9 Q100
2026-09-28T03:51:58.363+03:00 [s1] [O] < [-49/10 Q97] S7BP96R6-XXXXXXXXXXXXXXXXXXXXXXXXXXXXXXXXXXXXXXXXXXXXXXXXXXXXXXXXXXXXXXXXXXXXXXXXXXXXXXXXXXXXXXX
2026-09-28T03:51:58.371+03:00 [s1] [O] 
2026-09-28T03:51:58.371+03:00 [s2] [O] DELIVERY ACK user=EBE8/608 attempts=1/5 elapsed=238ms queue=0
2026-09-28T03:51:58.377+03:00 [s2] [I] S7BP96R7-XXXXXXXXXXXXXXXXXXXXXXXXXXXXXXXXXXXXXXXXXXXXXXXXXXXXXXXXXXXXXXXXXXXXXXXXXXXXXXXXXXXXXXX
2026-09-28T03:51:58.414+03:00 [s1] [O] TX ACK seq=602 ack_to=EBE8/608 frame=14B OK time=25 ms guard=500ms
2026-09-28T03:51:58.470+03:00 [s2] [O] DELIVERY QUEUED source=2 bytes=96 waiting=1/8 in_flight=0
2026-09-28T03:51:58.559+03:00 [s2] [O] 
2026-09-28T03:51:58.563+03:00 [s1] [O] PEER_REPORT our_seq=602 TX=-49/9 Q100
2026-09-28T03:51:58.566+03:00 [s2] [O] TX USER seq=609 frame=108B user=96B attempt=1/5 OK time=93 ms
2026-09-28T03:51:58.571+03:00 [s2] [O] > S7BP96R7-XXXXXXXXXXXXXXXXXXXXXXXXXXXXXXXXXXXXXXXXXXXXXXXXXXXXXXXXXXXXXXXXXXXXXXXXXXXXXXXXXXXXXXX
2026-09-28T03:51:58.573+03:00 [s2] [O] DELIVERY WAIT_ACK user=EBE8/609 attempt=1/5 timeout=724ms queue=0
2026-09-28T03:51:58.596+03:00 [s1] [O] 
2026-09-28T03:51:58.641+03:00 [s1] [O] RX USER session=EBE8 seq=609 frame=108B user=96B RX=-49/10 Q97 disposition=0
2026-09-28T03:51:58.785+03:00 [s2] [O] PEER_REPORT our_seq=609 TX=-49/10 Q97
2026-09-28T03:51:58.788+03:00 [s1] [O] < [-49/10 Q97] S7BP96R7-XXXXXXXXXXXXXXXXXXXXXXXXXXXXXXXXXXXXXXXXXXXXXXXXXXXXXXXXXXXXXXXXXXXXXXXXXXXXXXXXXXXXXXX
2026-09-28T03:51:58.788+03:00 [s2] [O] 
2026-09-28T03:51:58.791+03:00 [s2] [O] RX ACK session=118C seq=603 ack_to=EBE8/609 frame=14B RX=-50/10 Q100
2026-09-28T03:51:58.793+03:00 [s2] [O] DELIVERY ACK user=EBE8/609 attempts=1/5 elapsed=238ms queue=0
2026-09-28T03:51:58.794+03:00 [s2] [I] S7BP96R8-XXXXXXXXXXXXXXXXXXXXXXXXXXXXXXXXXXXXXXXXXXXXXXXXXXXXXXXXXXXXXXXXXXXXXXXXXXXXXXXXXXXXXXX
2026-09-28T03:51:58.813+03:00 [s1] [O] 
2026-09-28T03:51:58.858+03:00 [s1] [O] TX ACK seq=603 ack_to=EBE8/609 frame=14B OK time=25 ms guard=500ms
2026-09-28T03:51:58.873+03:00 [s2] [O] DELIVERY QUEUED source=2 bytes=96 waiting=1/8 in_flight=0
2026-09-28T03:51:58.957+03:00 [s1] [O] PEER_REPORT our_seq=603 TX=-50/10 Q100
2026-09-28T03:51:58.958+03:00 [s2] [O] 
2026-09-28T03:51:58.970+03:00 [s2] [O] TX USER seq=610 frame=108B user=96B attempt=1/5 OK time=94 ms
2026-09-28T03:51:58.973+03:00 [s2] [O] > S7BP96R8-XXXXXXXXXXXXXXXXXXXXXXXXXXXXXXXXXXXXXXXXXXXXXXXXXXXXXXXXXXXXXXXXXXXXXXXXXXXXXXXXXXXXXXX
2026-09-28T03:51:58.975+03:00 [s2] [O] DELIVERY WAIT_ACK user=EBE8/610 attempt=1/5 timeout=724ms queue=0
2026-09-28T03:51:59.000+03:00 [s1] [O] 
2026-09-28T03:51:59.038+03:00 [s1] [O] RX USER session=EBE8 seq=610 frame=108B user=96B RX=-48/10 Q97 disposition=0
2026-09-28T03:51:59.190+03:00 [s2] [O] PEER_REPORT our_seq=610 TX=-48/10 Q97
2026-09-28T03:51:59.190+03:00 [s2] [O] 
2026-09-28T03:51:59.193+03:00 [s2] [O] RX ACK session=118C seq=604 ack_to=EBE8/610 frame=14B RX=-50/10 Q100
2026-09-28T03:51:59.193+03:00 [s1] [O] < [-48/10 Q97] S7BP96R8-XXXXXXXXXXXXXXXXXXXXXXXXXXXXXXXXXXXXXXXXXXXXXXXXXXXXXXXXXXXXXXXXXXXXXXXXXXXXXXXXXXXXXXX
2026-09-28T03:51:59.198+03:00 [s2] [I] S7BP96R9-XXXXXXXXXXXXXXXXXXXXXXXXXXXXXXXXXXXXXXXXXXXXXXXXXXXXXXXXXXXXXXXXXXXXXXXXXXXXXXXXXXXXXXX
2026-09-28T03:51:59.195+03:00 [s2] [O] DELIVERY ACK user=EBE8/610 attempts=1/5 elapsed=237ms queue=0
2026-09-28T03:51:59.218+03:00 [s1] [O] 
2026-09-28T03:51:59.268+03:00 [s1] [O] TX ACK seq=604 ack_to=EBE8/610 frame=14B OK time=25 ms guard=500ms
2026-09-28T03:51:59.275+03:00 [s2] [O] DELIVERY QUEUED source=2 bytes=96 waiting=1/8 in_flight=0
2026-09-28T03:51:59.356+03:00 [s1] [O] PEER_REPORT our_seq=604 TX=-50/10 Q100
2026-09-28T03:51:59.372+03:00 [s2] [O] 
2026-09-28T03:51:59.374+03:00 [s2] [O] TX USER seq=611 frame=108B user=96B attempt=1/5 OK time=94 ms
2026-09-28T03:51:59.381+03:00 [s2] [O] > S7BP96R9-XXXXXXXXXXXXXXXXXXXXXXXXXXXXXXXXXXXXXXXXXXXXXXXXXXXXXXXXXXXXXXXXXXXXXXXXXXXXXXXXXXXXXXX
2026-09-28T03:51:59.383+03:00 [s2] [O] DELIVERY WAIT_ACK user=EBE8/611 attempt=1/5 timeout=724ms queue=0
2026-09-28T03:51:59.402+03:00 [s1] [O] 
2026-09-28T03:51:59.447+03:00 [s1] [O] RX USER session=EBE8 seq=611 frame=108B user=96B RX=-49/10 Q97 disposition=0
2026-09-28T03:51:59.589+03:00 [s1] [O] < [-49/10 Q97] S7BP96R9-XXXXXXXXXXXXXXXXXXXXXXXXXXXXXXXXXXXXXXXXXXXXXXXXXXXXXXXXXXXXXXXXXXXXXXXXXXXXXXXXXXXXXXX
2026-09-28T03:51:59.590+03:00 [s2] [O] PEER_REPORT our_seq=611 TX=-49/10 Q97
2026-09-28T03:51:59.594+03:00 [s2] [O] 
2026-09-28T03:51:59.597+03:00 [s2] [O] RX ACK session=118C seq=605 ack_to=EBE8/611 frame=14B RX=-50/9 Q100
2026-09-28T03:51:59.597+03:00 [s2] [O] DELIVERY ACK user=EBE8/611 attempts=1/5 elapsed=238ms queue=0
2026-09-28T03:51:59.600+03:00 [s2] [I] S7BP96R10-XXXXXXXXXXXXXXXXXXXXXXXXXXXXXXXXXXXXXXXXXXXXXXXXXXXXXXXXXXXXXXXXXXXXXXXXXXXXXXXXXXXXXX
2026-09-28T03:51:59.624+03:00 [s1] [O] 
2026-09-28T03:51:59.668+03:00 [s1] [O] TX ACK seq=605 ack_to=EBE8/611 frame=14B OK time=25 ms guard=500ms
2026-09-28T03:51:59.684+03:00 [s2] [O] DELIVERY QUEUED source=2 bytes=96 waiting=1/8 in_flight=0
2026-09-28T03:51:59.773+03:00 [s2] [O] 
2026-09-28T03:51:59.773+03:00 [s1] [O] PEER_REPORT our_seq=605 TX=-50/9 Q100
2026-09-28T03:51:59.774+03:00 [s2] [O] TX USER seq=612 frame=108B user=96B attempt=1/5 OK time=93 ms
2026-09-28T03:51:59.791+03:00 [s2] [O] > S7BP96R10-XXXXXXXXXXXXXXXXXXXXXXXXXXXXXXXXXXXXXXXXXXXXXXXXXXXXXXXXXXXXXXXXXXXXXXXXXXXXXXXXXXXXXX
2026-09-28T03:51:59.798+03:00 [s2] [O] DELIVERY WAIT_ACK user=EBE8/612 attempt=1/5 timeout=724ms queue=0
2026-09-28T03:51:59.803+03:00 [s1] [O] 
2026-09-28T03:51:59.859+03:00 [s1] [O] RX USER session=EBE8 seq=612 frame=108B user=96B RX=-49/10 Q97 disposition=0
2026-09-28T03:51:59.996+03:00 [s1] [O] < [-49/10 Q97] S7BP96R10-XXXXXXXXXXXXXXXXXXXXXXXXXXXXXXXXXXXXXXXXXXXXXXXXXXXXXXXXXXXXXXXXXXXXXXXXXXXXXXXXXXXXXX
2026-09-28T03:52:00.009+03:00 [s2] [O] PEER_REPORT our_seq=612 TX=-49/10 Q97
2026-09-28T03:52:00.016+03:00 [s2] [O] 
2026-09-28T03:52:00.017+03:00 [s2] [O] RX ACK session=118C seq=606 ack_to=EBE8/612 frame=14B RX=-49/10 Q100
2026-09-28T03:52:00.019+03:00 [s2] [O] DELIVERY ACK user=EBE8/612 attempts=1/5 elapsed=238ms queue=0
2026-09-28T03:52:00.022+03:00 [s1] [I] S7AP128R1-XXXXXXXXXXXXXXXXXXXXXXXXXXXXXXXXXXXXXXXXXXXXXXXXXXXXXXXXXXXXXXXXXXXXXXXXXXXXXXXXXXXXXXXXXXXXXXXXXXXXXXXXXXXXXXXXXXXXXX
2026-09-28T03:52:00.119+03:00 [s1] [O] 
2026-09-28T03:52:00.165+03:00 [s1] [O] TX ACK seq=606 ack_to=EBE8/612 frame=14B OK time=25 ms guard=500ms
2026-09-28T03:52:00.175+03:00 [s2] [O] PEER_REPORT our_seq=612 TX=-49/10 Q97
2026-09-28T03:52:00.183+03:00 [s2] [O] 
2026-09-28T03:52:00.189+03:00 [s2] [O] RX USER session=118C seq=607 frame=140B user=128B RX=-48/10 Q100 disposition=0
2026-09-28T03:52:00.230+03:00 [s2] [O] < [-48/10 Q100] S7AP128R1-XXXXXXXXXXXXXXXXXXXXXXXXXXXXXXXXXXXXXXXXXXXXXXXXXXXXXXXXXXXXXXXXXXXXXXXXXXXXXXXXXXXXXXXXXXXXXXXXXXXXXXXXXXXXXXXXXXXXXX
2026-09-28T03:52:00.259+03:00 [s1] [O] DELIVERY QUEUED source=2 bytes=128 waiting=1/8 in_flight=0
2026-09-28T03:52:00.347+03:00 [s1] [O] 
2026-09-28T03:52:00.389+03:00 [s1] [O] TX USER seq=607 frame=140B user=128B attempt=1/5 OK time=117 ms
2026-09-28T03:52:00.404+03:00 [s2] [O] 
2026-09-28T03:52:00.405+03:00 [s2] [O] TX ACK seq=613 ack_to=118C/607 frame=14B OK time=24 ms guard=500ms
2026-09-28T03:52:00.523+03:00 [s1] [O] > S7AP128R1-XXXXXXXXXXXXXXXXXXXXXXXXXXXXXXXXXXXXXXXXXXXXXXXXXXXXXXXXXXXXXXXXXXXXXXXXXXXXXXXXXXXXXXXXXXXXXXXXXXXXXXXXXXXXXXXXXXXXXX
2026-09-28T03:52:00.568+03:00 [s1] [O] DELIVERY WAIT_ACK user=118C/607 attempt=1/5 timeout=724ms queue=0
2026-09-28T03:52:00.620+03:00 [s1] [O] PEER_REPORT our_seq=607 TX=-48/10 Q100
2026-09-28T03:52:00.671+03:00 [s1] [O] 
2026-09-28T03:52:00.717+03:00 [s1] [O] RX ACK session=EBE8 seq=613 ack_to=118C/607 frame=14B RX=-50/10 Q97
2026-09-28T03:52:00.839+03:00 [s1] [O] DELIVERY ACK user=118C/607 attempts=1/5 elapsed=229ms queue=0
2026-09-28T03:52:00.851+03:00 [s1] [I] S7AP128R2-XXXXXXXXXXXXXXXXXXXXXXXXXXXXXXXXXXXXXXXXXXXXXXXXXXXXXXXXXXXXXXXXXXXXXXXXXXXXXXXXXXXXXXXXXXXXXXXXXXXXXXXXXXXXXXXXXXXXXX
2026-09-28T03:52:00.933+03:00 [s1] [O] DELIVERY QUEUED source=2 bytes=128 waiting=1/8 in_flight=0
2026-09-28T03:52:01.019+03:00 [s1] [O] 
2026-09-28T03:52:01.055+03:00 [s2] [O] PEER_REPORT our_seq=613 TX=-50/10 Q97
2026-09-28T03:52:01.060+03:00 [s2] [O] 
2026-09-28T03:52:01.073+03:00 [s1] [O] TX USER seq=608 frame=140B user=128B attempt=1/5 OK time=118 ms
2026-09-28T03:52:01.074+03:00 [s2] [O] RX USER session=118C seq=608 frame=140B user=128B RX=-48/9 Q100 disposition=0
2026-09-28T03:52:01.091+03:00 [s2] [O] < [-48/9 Q100] S7AP128R2-XXXXXXXXXXXXXXXXXXXXXXXXXXXXXXXXXXXXXXXXXXXXXXXXXXXXXXXXXXXXXXXXXXXXXXXXXXXXXXXXXXXXXXXXXXXXXXXXXXXXXXXXXXXXXXXXXXXXXX
2026-09-28T03:52:01.199+03:00 [s1] [O] > S7AP128R2-XXXXXXXXXXXXXXXXXXXXXXXXXXXXXXXXXXXXXXXXXXXXXXXXXXXXXXXXXXXXXXXXXXXXXXXXXXXXXXXXXXXXXXXXXXXXXXXXXXXXXXXXXXXXXXXXXXXXXX
2026-09-28T03:52:01.244+03:00 [s1] [O] DELIVERY WAIT_ACK user=118C/608 attempt=1/5 timeout=724ms queue=0
2026-09-28T03:52:01.261+03:00 [s2] [O] 
2026-09-28T03:52:01.305+03:00 [s2] [O] TX ACK seq=614 ack_to=118C/608 frame=14B OK time=24 ms guard=500ms
2026-09-28T03:52:01.316+03:00 [s1] [O] PEER_REPORT our_seq=608 TX=-48/9 Q100
2026-09-28T03:52:01.342+03:00 [s1] [O] 
2026-09-28T03:52:01.383+03:00 [s1] [O] RX ACK session=EBE8 seq=614 ack_to=118C/608 frame=14B RX=-51/10 Q97
2026-09-28T03:52:01.516+03:00 [s1] [O] DELIVERY ACK user=118C/608 attempts=1/5 elapsed=240ms queue=0
2026-09-28T03:52:01.527+03:00 [s1] [I] S7AP128R3-XXXXXXXXXXXXXXXXXXXXXXXXXXXXXXXXXXXXXXXXXXXXXXXXXXXXXXXXXXXXXXXXXXXXXXXXXXXXXXXXXXXXXXXXXXXXXXXXXXXXXXXXXXXXXXXXXXXXXX
2026-09-28T03:52:01.625+03:00 [s1] [O] DELIVERY QUEUED source=2 bytes=128 waiting=1/8 in_flight=0
2026-09-28T03:52:01.693+03:00 [s1] [O] 
2026-09-28T03:52:01.719+03:00 [s2] [O] PEER_REPORT our_seq=614 TX=-51/10 Q97
2026-09-28T03:52:01.725+03:00 [s2] [O] 
2026-09-28T03:52:01.733+03:00 [s2] [O] RX USER session=118C seq=609 frame=140B user=128B RX=-49/10 Q100 disposition=0
2026-09-28T03:52:01.754+03:00 [s1] [O] TX USER seq=609 frame=140B user=128B attempt=1/5 OK time=118 ms
2026-09-28T03:52:01.773+03:00 [s2] [O] < [-49/10 Q100] S7AP128R3-XXXXXXXXXXXXXXXXXXXXXXXXXXXXXXXXXXXXXXXXXXXXXXXXXXXXXXXXXXXXXXXXXXXXXXXXXXXXXXXXXXXXXXXXXXXXXXXXXXXXXXXXXXXXXXXXXXXXXX
2026-09-28T03:52:01.873+03:00 [s1] [O] > S7AP128R3-XXXXXXXXXXXXXXXXXXXXXXXXXXXXXXXXXXXXXXXXXXXXXXXXXXXXXXXXXXXXXXXXXXXXXXXXXXXXXXXXXXXXXXXXXXXXXXXXXXXXXXXXXXXXXXXXXXXXXX
2026-09-28T03:52:01.939+03:00 [s1] [O] DELIVERY WAIT_ACK user=118C/609 attempt=1/5 timeout=724ms queue=0
2026-09-28T03:52:01.982+03:00 [s2] [O] 
2026-09-28T03:52:01.986+03:00 [s1] [O] PEER_REPORT our_seq=609 TX=-49/10 Q100
2026-09-28T03:52:01.991+03:00 [s2] [O] TX ACK seq=615 ack_to=118C/609 frame=14B OK time=25 ms guard=500ms
2026-09-28T03:52:02.023+03:00 [s1] [O] 
2026-09-28T03:52:02.072+03:00 [s1] [O] RX ACK session=EBE8 seq=615 ack_to=118C/609 frame=14B RX=-51/10 Q97
2026-09-28T03:52:02.191+03:00 [s1] [O] DELIVERY ACK user=118C/609 attempts=1/5 elapsed=240ms queue=0
2026-09-28T03:52:02.207+03:00 [s1] [I] S7AP128R4-XXXXXXXXXXXXXXXXXXXXXXXXXXXXXXXXXXXXXXXXXXXXXXXXXXXXXXXXXXXXXXXXXXXXXXXXXXXXXXXXXXXXXXXXXXXXXXXXXXXXXXXXXXXXXXXXXXXXXX
2026-09-28T03:52:02.369+03:00 [s1] [O] DELIVERY QUEUED source=2 bytes=128 waiting=1/8 in_flight=0
2026-09-28T03:52:02.382+03:00 [s2] [O] PEER_REPORT our_seq=615 TX=-51/10 Q97
2026-09-28T03:52:02.395+03:00 [s2] [O] 
2026-09-28T03:52:02.400+03:00 [s2] [O] RX USER session=118C seq=610 frame=140B user=128B RX=-49/10 Q100 disposition=0
2026-09-28T03:52:02.425+03:00 [s1] [O] 
2026-09-28T03:52:02.449+03:00 [s2] [O] < [-49/10 Q100] S7AP128R4-XXXXXXXXXXXXXXXXXXXXXXXXXXXXXXXXXXXXXXXXXXXXXXXXXXXXXXXXXXXXXXXXXXXXXXXXXXXXXXXXXXXXXXXXXXXXXXXXXXXXXXXXXXXXXXXXXXXXXX
2026-09-28T03:52:02.472+03:00 [s1] [O] TX USER seq=610 frame=140B user=128B attempt=1/5 OK time=118 ms
2026-09-28T03:52:02.595+03:00 [s1] [O] > S7AP128R4-XXXXXXXXXXXXXXXXXXXXXXXXXXXXXXXXXXXXXXXXXXXXXXXXXXXXXXXXXXXXXXXXXXXXXXXXXXXXXXXXXXXXXXXXXXXXXXXXXXXXXXXXXXXXXXXXXXXXXX
2026-09-28T03:52:02.611+03:00 [s2] [O] 
2026-09-28T03:52:02.621+03:00 [s2] [O] TX ACK seq=616 ack_to=118C/610 frame=14B OK time=24 ms guard=500ms
2026-09-28T03:52:02.640+03:00 [s1] [O] DELIVERY WAIT_ACK user=118C/610 attempt=1/5 timeout=724ms queue=0
2026-09-28T03:52:02.731+03:00 [s1] [O] PEER_REPORT our_seq=610 TX=-49/10 Q100
2026-09-28T03:52:02.785+03:00 [s1] [O] 
2026-09-28T03:52:02.827+03:00 [s1] [O] RX ACK session=EBE8 seq=616 ack_to=118C/610 frame=14B RX=-50/10 Q97
2026-09-28T03:52:02.953+03:00 [s1] [O] DELIVERY ACK user=118C/610 attempts=1/5 elapsed=239ms queue=0
2026-09-28T03:52:02.963+03:00 [s1] [I] S7AP128R5-XXXXXXXXXXXXXXXXXXXXXXXXXXXXXXXXXXXXXXXXXXXXXXXXXXXXXXXXXXXXXXXXXXXXXXXXXXXXXXXXXXXXXXXXXXXXXXXXXXXXXXXXXXXXXXXXXXXXXX
2026-09-28T03:52:03.054+03:00 [s1] [O] DELIVERY QUEUED source=2 bytes=128 waiting=1/8 in_flight=0
2026-09-28T03:52:03.135+03:00 [s1] [O] 
2026-09-28T03:52:03.153+03:00 [s2] [O] PEER_REPORT our_seq=616 TX=-50/10 Q97
2026-09-28T03:52:03.161+03:00 [s2] [O] 
2026-09-28T03:52:03.166+03:00 [s2] [O] RX USER session=118C seq=611 frame=140B user=128B RX=-49/10 Q100 disposition=0
2026-09-28T03:52:03.181+03:00 [s1] [O] TX USER seq=611 frame=140B user=128B attempt=1/5 OK time=118 ms
2026-09-28T03:52:03.198+03:00 [s2] [O] < [-49/10 Q100] S7AP128R5-XXXXXXXXXXXXXXXXXXXXXXXXXXXXXXXXXXXXXXXXXXXXXXXXXXXXXXXXXXXXXXXXXXXXXXXXXXXXXXXXXXXXXXXXXXXXXXXXXXXXXXXXXXXXXXXXXXXXXX
2026-09-28T03:52:03.315+03:00 [s1] [O] > S7AP128R5-XXXXXXXXXXXXXXXXXXXXXXXXXXXXXXXXXXXXXXXXXXXXXXXXXXXXXXXXXXXXXXXXXXXXXXXXXXXXXXXXXXXXXXXXXXXXXXXXXXXXXXXXXXXXXXXXXXXXXX
2026-09-28T03:52:03.371+03:00 [s1] [O] DELIVERY WAIT_ACK user=118C/611 attempt=1/5 timeout=724ms queue=0
2026-09-28T03:52:03.372+03:00 [s2] [O] 
2026-09-28T03:52:03.383+03:00 [s2] [O] TX ACK seq=617 ack_to=118C/611 frame=14B OK time=24 ms guard=500ms
2026-09-28T03:52:03.416+03:00 [s1] [O] PEER_REPORT our_seq=611 TX=-49/10 Q100
2026-09-28T03:52:03.455+03:00 [s1] [O] 
2026-09-28T03:52:03.495+03:00 [s1] [O] RX ACK session=EBE8 seq=617 ack_to=118C/611 frame=14B RX=-50/10 Q97
2026-09-28T03:52:03.631+03:00 [s1] [O] DELIVERY ACK user=118C/611 attempts=1/5 elapsed=240ms queue=0
2026-09-28T03:52:03.637+03:00 [s1] [I] S7AP128R6-XXXXXXXXXXXXXXXXXXXXXXXXXXXXXXXXXXXXXXXXXXXXXXXXXXXXXXXXXXXXXXXXXXXXXXXXXXXXXXXXXXXXXXXXXXXXXXXXXXXXXXXXXXXXXXXXXXXXXX
2026-09-28T03:52:03.720+03:00 [s1] [O] DELIVERY QUEUED source=2 bytes=128 waiting=1/8 in_flight=0
2026-09-28T03:52:03.811+03:00 [s1] [O] 
2026-09-28T03:52:03.829+03:00 [s2] [O] PEER_REPORT our_seq=617 TX=-50/10 Q97
2026-09-28T03:52:03.842+03:00 [s2] [O] 
2026-09-28T03:52:03.857+03:00 [s2] [O] RX USER session=118C seq=612 frame=140B user=128B RX=-49/10 Q100 disposition=0
2026-09-28T03:52:03.858+03:00 [s1] [O] TX USER seq=612 frame=140B user=128B attempt=1/5 OK time=118 ms
2026-09-28T03:52:03.990+03:00 [s2] [O] < [-49/10 Q100] S7AP128R6-XXXXXXXXXXXXXXXXXXXXXXXXXXXXXXXXXXXXXXXXXXXXXXXXXXXXXXXXXXXXXXXXXXXXXXXXXXXXXXXXXXXXXXXXXXXXXXXXXXXXXXXXXXXXXXXXXXXXXX
2026-09-28T03:52:03.991+03:00 [s1] [O] > S7AP128R6-XXXXXXXXXXXXXXXXXXXXXXXXXXXXXXXXXXXXXXXXXXXXXXXXXXXXXXXXXXXXXXXXXXXXXXXXXXXXXXXXXXXXXXXXXXXXXXXXXXXXXXXXXXXXXXXXXXXXXX
2026-09-28T03:52:04.041+03:00 [s2] [O] 
2026-09-28T03:52:04.042+03:00 [s1] [O] DELIVERY WAIT_ACK user=118C/612 attempt=1/5 timeout=724ms queue=0
2026-09-28T03:52:04.050+03:00 [s2] [O] TX ACK seq=618 ack_to=118C/612 frame=14B OK time=24 ms guard=500ms
2026-09-28T03:52:04.107+03:00 [s1] [O] PEER_REPORT our_seq=612 TX=-49/10 Q100
2026-09-28T03:52:04.139+03:00 [s1] [O] 
2026-09-28T03:52:04.185+03:00 [s1] [O] RX ACK session=EBE8 seq=618 ack_to=118C/612 frame=14B RX=-51/10 Q97
2026-09-28T03:52:04.323+03:00 [s1] [O] DELIVERY ACK user=118C/612 attempts=1/5 elapsed=240ms queue=0
2026-09-28T03:52:04.340+03:00 [s1] [I] S7AP128R7-XXXXXXXXXXXXXXXXXXXXXXXXXXXXXXXXXXXXXXXXXXXXXXXXXXXXXXXXXXXXXXXXXXXXXXXXXXXXXXXXXXXXXXXXXXXXXXXXXXXXXXXXXXXXXXXXXXXXXX
2026-09-28T03:52:04.408+03:00 [s1] [O] DELIVERY QUEUED source=2 bytes=128 waiting=1/8 in_flight=0
2026-09-28T03:52:04.483+03:00 [s1] [O] 
2026-09-28T03:52:04.501+03:00 [s2] [O] PEER_REPORT our_seq=618 TX=-51/10 Q97
2026-09-28T03:52:04.540+03:00 [s2] [O] 
2026-09-28T03:52:04.542+03:00 [s1] [O] TX USER seq=613 frame=140B user=128B attempt=1/5 OK time=118 ms
2026-09-28T03:52:04.555+03:00 [s2] [O] RX USER session=118C seq=613 frame=140B user=128B RX=-48/10 Q100 disposition=0
2026-09-28T03:52:04.667+03:00 [s2] [O] < [-48/10 Q100] S7AP128R7-XXXXXXXXXXXXXXXXXXXXXXXXXXXXXXXXXXXXXXXXXXXXXXXXXXXXXXXXXXXXXXXXXXXXXXXXXXXXXXXXXXXXXXXXXXXXXXXXXXXXXXXXXXXXXXXXXXXXXX
2026-09-28T03:52:04.673+03:00 [s1] [O] > S7AP128R7-XXXXXXXXXXXXXXXXXXXXXXXXXXXXXXXXXXXXXXXXXXXXXXXXXXXXXXXXXXXXXXXXXXXXXXXXXXXXXXXXXXXXXXXXXXXXXXXXXXXXXXXXXXXXXXXXXXXXXX
2026-09-28T03:52:04.722+03:00 [s1] [O] DELIVERY WAIT_ACK user=118C/613 attempt=1/5 timeout=724ms queue=0
2026-09-28T03:52:04.736+03:00 [s2] [O] 
2026-09-28T03:52:04.757+03:00 [s2] [O] TX ACK seq=619 ack_to=118C/613 frame=14B OK time=25 ms guard=500ms
2026-09-28T03:52:04.765+03:00 [s1] [O] PEER_REPORT our_seq=613 TX=-48/10 Q100
2026-09-28T03:52:04.802+03:00 [s1] [O] 
2026-09-28T03:52:04.857+03:00 [s1] [O] RX ACK session=EBE8 seq=619 ack_to=118C/613 frame=14B RX=-50/10 Q97
2026-09-28T03:52:04.997+03:00 [s1] [O] DELIVERY ACK user=118C/613 attempts=1/5 elapsed=240ms queue=0
2026-09-28T03:52:05.008+03:00 [s1] [I] S7AP128R8-XXXXXXXXXXXXXXXXXXXXXXXXXXXXXXXXXXXXXXXXXXXXXXXXXXXXXXXXXXXXXXXXXXXXXXXXXXXXXXXXXXXXXXXXXXXXXXXXXXXXXXXXXXXXXXXXXXXXXX
2026-09-28T03:52:05.118+03:00 [s1] [O] DELIVERY QUEUED source=2 bytes=128 waiting=1/8 in_flight=0
2026-09-28T03:52:05.218+03:00 [s1] [O] 
2026-09-28T03:52:05.225+03:00 [s2] [O] PEER_REPORT our_seq=619 TX=-50/10 Q97
2026-09-28T03:52:05.250+03:00 [s2] [O] 
2026-09-28T03:52:05.264+03:00 [s1] [O] TX USER seq=614 frame=140B user=128B attempt=1/5 OK time=118 ms
2026-09-28T03:52:05.270+03:00 [s2] [O] RX USER session=118C seq=614 frame=140B user=128B RX=-49/9 Q100 disposition=0
2026-09-28T03:52:05.294+03:00 [s2] [O] < [-49/9 Q100] S7AP128R8-XXXXXXXXXXXXXXXXXXXXXXXXXXXXXXXXXXXXXXXXXXXXXXXXXXXXXXXXXXXXXXXXXXXXXXXXXXXXXXXXXXXXXXXXXXXXXXXXXXXXXXXXXXXXXXXXXXXXXX
2026-09-28T03:52:05.386+03:00 [s1] [O] > S7AP128R8-XXXXXXXXXXXXXXXXXXXXXXXXXXXXXXXXXXXXXXXXXXXXXXXXXXXXXXXXXXXXXXXXXXXXXXXXXXXXXXXXXXXXXXXXXXXXXXXXXXXXXXXXXXXXXXXXXXXXXX
2026-09-28T03:52:05.458+03:00 [s2] [O] 
2026-09-28T03:52:05.459+03:00 [s1] [O] DELIVERY WAIT_ACK user=118C/614 attempt=1/5 timeout=724ms queue=0
2026-09-28T03:52:05.478+03:00 [s2] [O] TX ACK seq=620 ack_to=118C/614 frame=14B OK time=24 ms guard=500ms
2026-09-28T03:52:05.554+03:00 [s1] [O] PEER_REPORT our_seq=614 TX=-49/9 Q100
2026-09-28T03:52:05.571+03:00 [s1] [O] 
2026-09-28T03:52:05.588+03:00 [s1] [O] RX ACK session=EBE8 seq=620 ack_to=118C/614 frame=14B RX=-50/10 Q97
2026-09-28T03:52:05.707+03:00 [s1] [O] DELIVERY ACK user=118C/614 attempts=1/5 elapsed=238ms queue=0
2026-09-28T03:52:05.722+03:00 [s1] [I] S7AP128R9-XXXXXXXXXXXXXXXXXXXXXXXXXXXXXXXXXXXXXXXXXXXXXXXXXXXXXXXXXXXXXXXXXXXXXXXXXXXXXXXXXXXXXXXXXXXXXXXXXXXXXXXXXXXXXXXXXXXXXX
2026-09-28T03:52:05.793+03:00 [s1] [O] DELIVERY QUEUED source=2 bytes=128 waiting=1/8 in_flight=0
2026-09-28T03:52:05.894+03:00 [s1] [O] 
2026-09-28T03:52:05.894+03:00 [s2] [O] PEER_REPORT our_seq=620 TX=-50/10 Q97
2026-09-28T03:52:05.921+03:00 [s2] [O] 
2026-09-28T03:52:05.943+03:00 [s1] [O] TX USER seq=615 frame=140B user=128B attempt=1/5 OK time=118 ms
2026-09-28T03:52:05.944+03:00 [s2] [O] RX USER session=118C seq=615 frame=140B user=128B RX=-49/10 Q100 disposition=0
2026-09-28T03:52:06.044+03:00 [s2] [O] < [-49/10 Q100] S7AP128R9-XXXXXXXXXXXXXXXXXXXXXXXXXXXXXXXXXXXXXXXXXXXXXXXXXXXXXXXXXXXXXXXXXXXXXXXXXXXXXXXXXXXXXXXXXXXXXXXXXXXXXXXXXXXXXXXXXXXXXX
2026-09-28T03:52:06.104+03:00 [s1] [O] > S7AP128R9-XXXXXXXXXXXXXXXXXXXXXXXXXXXXXXXXXXXXXXXXXXXXXXXXXXXXXXXXXXXXXXXXXXXXXXXXXXXXXXXXXXXXXXXXXXXXXXXXXXXXXXXXXXXXXXXXXXXXXX
2026-09-28T03:52:06.142+03:00 [s2] [O] 
2026-09-28T03:52:06.159+03:00 [s2] [O] TX ACK seq=621 ack_to=118C/615 frame=14B OK time=25 ms guard=500ms
2026-09-28T03:52:06.167+03:00 [s1] [O] DELIVERY WAIT_ACK user=118C/615 attempt=1/5 timeout=724ms queue=0
2026-09-28T03:52:06.203+03:00 [s1] [O] PEER_REPORT our_seq=615 TX=-49/10 Q100
2026-09-28T03:52:06.259+03:00 [s1] [O] 
2026-09-28T03:52:06.300+03:00 [s1] [O] RX ACK session=EBE8 seq=621 ack_to=118C/615 frame=14B RX=-51/10 Q97
2026-09-28T03:52:06.419+03:00 [s1] [O] DELIVERY ACK user=118C/615 attempts=1/5 elapsed=239ms queue=0
2026-09-28T03:52:06.437+03:00 [s1] [I] S7AP128R10-XXXXXXXXXXXXXXXXXXXXXXXXXXXXXXXXXXXXXXXXXXXXXXXXXXXXXXXXXXXXXXXXXXXXXXXXXXXXXXXXXXXXXXXXXXXXXXXXXXXXXXXXXXXXXXXXXXXXX
2026-09-28T03:52:06.528+03:00 [s1] [O] DELIVERY QUEUED source=2 bytes=128 waiting=1/8 in_flight=0
2026-09-28T03:52:06.601+03:00 [s1] [O] 
2026-09-28T03:52:06.625+03:00 [s2] [O] PEER_REPORT our_seq=621 TX=-51/10 Q97
2026-09-28T03:52:06.632+03:00 [s2] [O] 
2026-09-28T03:52:06.639+03:00 [s2] [O] RX USER session=118C seq=616 frame=140B user=128B RX=-49/10 Q100 disposition=0
2026-09-28T03:52:06.656+03:00 [s1] [O] TX USER seq=616 frame=140B user=128B attempt=1/5 OK time=118 ms
2026-09-28T03:52:06.666+03:00 [s2] [O] < [-49/10 Q100] S7AP128R10-XXXXXXXXXXXXXXXXXXXXXXXXXXXXXXXXXXXXXXXXXXXXXXXXXXXXXXXXXXXXXXXXXXXXXXXXXXXXXXXXXXXXXXXXXXXXXXXXXXXXXXXXXXXXXXXXXXXXX
2026-09-28T03:52:06.783+03:00 [s1] [O] > S7AP128R10-XXXXXXXXXXXXXXXXXXXXXXXXXXXXXXXXXXXXXXXXXXXXXXXXXXXXXXXXXXXXXXXXXXXXXXXXXXXXXXXXXXXXXXXXXXXXXXXXXXXXXXXXXXXXXXXXXXXXX
2026-09-28T03:52:06.824+03:00 [s1] [O] DELIVERY WAIT_ACK user=118C/616 attempt=1/5 timeout=724ms queue=0
2026-09-28T03:52:06.842+03:00 [s2] [O] 
2026-09-28T03:52:06.887+03:00 [s2] [O] TX ACK seq=622 ack_to=118C/616 frame=14B OK time=24 ms guard=500ms
2026-09-28T03:52:06.923+03:00 [s1] [O] PEER_REPORT our_seq=616 TX=-49/10 Q100
2026-09-28T03:52:06.958+03:00 [s1] [O] 
2026-09-28T03:52:07.003+03:00 [s1] [O] RX ACK session=EBE8 seq=622 ack_to=118C/616 frame=14B RX=-50/10 Q97
2026-09-28T03:52:07.099+03:00 [s1] [O] DELIVERY ACK user=118C/616 attempts=1/5 elapsed=240ms queue=0
2026-09-28T03:52:07.115+03:00 [s2] [I] S7BP128R1-XXXXXXXXXXXXXXXXXXXXXXXXXXXXXXXXXXXXXXXXXXXXXXXXXXXXXXXXXXXXXXXXXXXXXXXXXXXXXXXXXXXXXXXXXXXXXXXXXXXXXXXXXXXXXXXXXXXXXX
2026-09-28T03:52:07.243+03:00 [s2] [O] DELIVERY QUEUED source=2 bytes=128 waiting=1/8 in_flight=0
2026-09-28T03:52:07.278+03:00 [s2] [O] 
2026-09-28T03:52:07.283+03:00 [s2] [O] TX USER seq=623 frame=140B user=128B attempt=1/5 OK time=116 ms
2026-09-28T03:52:07.335+03:00 [s1] [O] PEER_REPORT our_seq=616 TX=-49/10 Q100
2026-09-28T03:52:07.339+03:00 [s2] [O] > S7BP128R1-XXXXXXXXXXXXXXXXXXXXXXXXXXXXXXXXXXXXXXXXXXXXXXXXXXXXXXXXXXXXXXXXXXXXXXXXXXXXXXXXXXXXXXXXXXXXXXXXXXXXXXXXXXXXXXXXXXXXXX
2026-09-28T03:52:07.352+03:00 [s2] [O] DELIVERY WAIT_ACK user=EBE8/623 attempt=1/5 timeout=724ms queue=0
2026-09-28T03:52:07.388+03:00 [s1] [O] 
2026-09-28T03:52:07.410+03:00 [s1] [O] RX USER session=EBE8 seq=623 frame=140B user=128B RX=-50/10 Q97 disposition=0
2026-09-28T03:52:07.526+03:00 [s2] [O] PEER_REPORT our_seq=623 TX=-50/11 Q97
2026-09-28T03:52:07.559+03:00 [s2] [O] 
2026-09-28T03:52:07.602+03:00 [s1] [O] < [-50/10 Q97] S7BP128R1-XXXXXXXXXXXXXXXXXXXXXXXXXXXXXXXXXXXXXXXXXXXXXXXXXXXXXXXXXXXXXXXXXXXXXXXXXXXXXXXXXXXXXXXXXXXXXXXXXXXXXXXXXXXXXXXXXXXXXX
2026-09-28T03:52:07.610+03:00 [s2] [O] RX ACK session=118C seq=617 ack_to=EBE8/623 frame=14B RX=-50/10 Q100
2026-09-28T03:52:07.624+03:00 [s1] [O] 
2026-09-28T03:52:07.632+03:00 [s2] [O] DELIVERY ACK user=EBE8/623 attempts=1/5 elapsed=233ms queue=0
2026-09-28T03:52:07.638+03:00 [s1] [O] TX ACK seq=617 ack_to=EBE8/623 frame=14B OK time=25 ms guard=500ms
2026-09-28T03:52:07.643+03:00 [s2] [I] S7BP128R2-XXXXXXXXXXXXXXXXXXXXXXXXXXXXXXXXXXXXXXXXXXXXXXXXXXXXXXXXXXXXXXXXXXXXXXXXXXXXXXXXXXXXXXXXXXXXXXXXXXXXXXXXXXXXXXXXXXXXXX
2026-09-28T03:52:07.733+03:00 [s2] [O] DELIVERY QUEUED source=2 bytes=128 waiting=1/8 in_flight=0
2026-09-28T03:52:07.819+03:00 [s2] [O] 
2026-09-28T03:52:07.839+03:00 [s2] [O] TX USER seq=624 frame=140B user=128B attempt=1/5 OK time=116 ms
2026-09-28T03:52:07.859+03:00 [s1] [O] PEER_REPORT our_seq=617 TX=-50/10 Q100
2026-09-28T03:52:07.922+03:00 [s2] [O] > S7BP128R2-XXXXXXXXXXXXXXXXXXXXXXXXXXXXXXXXXXXXXXXXXXXXXXXXXXXXXXXXXXXXXXXXXXXXXXXXXXXXXXXXXXXXXXXXXXXXXXXXXXXXXXXXXXXXXXXXXXXXXX
2026-09-28T03:52:07.924+03:00 [s1] [O] 
2026-09-28T03:52:07.957+03:00 [s2] [O] DELIVERY WAIT_ACK user=EBE8/624 attempt=1/5 timeout=724ms queue=0
2026-09-28T03:52:07.973+03:00 [s1] [O] RX USER session=EBE8 seq=624 frame=140B user=128B RX=-49/10 Q97 disposition=0
2026-09-28T03:52:08.068+03:00 [s2] [O] PEER_REPORT our_seq=624 TX=-49/10 Q97
2026-09-28T03:52:08.080+03:00 [s2] [O] 
2026-09-28T03:52:08.101+03:00 [s2] [O] RX ACK session=118C seq=618 ack_to=EBE8/624 frame=14B RX=-50/10 Q100
2026-09-28T03:52:08.136+03:00 [s2] [O] DELIVERY ACK user=EBE8/624 attempts=1/5 elapsed=237ms queue=0
2026-09-28T03:52:08.137+03:00 [s1] [O] < [-49/10 Q97] S7BP128R2-XXXXXXXXXXXXXXXXXXXXXXXXXXXXXXXXXXXXXXXXXXXXXXXXXXXXXXXXXXXXXXXXXXXXXXXXXXXXXXXXXXXXXXXXXXXXXXXXXXXXXXXXXXXXXXXXXXXXXX
2026-09-28T03:52:08.148+03:00 [s1] [O] 
2026-09-28T03:52:08.153+03:00 [s2] [I] S7BP128R3-XXXXXXXXXXXXXXXXXXXXXXXXXXXXXXXXXXXXXXXXXXXXXXXXXXXXXXXXXXXXXXXXXXXXXXXXXXXXXXXXXXXXXXXXXXXXXXXXXXXXXXXXXXXXXXXXXXXXXX
2026-09-28T03:52:08.175+03:00 [s1] [O] TX ACK seq=618 ack_to=EBE8/624 frame=14B OK time=25 ms guard=500ms
2026-09-28T03:52:08.249+03:00 [s2] [O] DELIVERY QUEUED source=2 bytes=128 waiting=1/8 in_flight=0
2026-09-28T03:52:08.317+03:00 [s2] [O] 
2026-09-28T03:52:08.323+03:00 [s2] [O] TX USER seq=625 frame=140B user=128B attempt=1/5 OK time=116 ms
2026-09-28T03:52:08.362+03:00 [s1] [O] PEER_REPORT our_seq=618 TX=-50/10 Q100
2026-09-28T03:52:08.370+03:00 [s2] [O] > S7BP128R3-XXXXXXXXXXXXXXXXXXXXXXXXXXXXXXXXXXXXXXXXXXXXXXXXXXXXXXXXXXXXXXXXXXXXXXXXXXXXXXXXXXXXXXXXXXXXXXXXXXXXXXXXXXXXXXXXXXXXXX
2026-09-28T03:52:08.398+03:00 [s2] [O] DELIVERY WAIT_ACK user=EBE8/625 attempt=1/5 timeout=724ms queue=0
2026-09-28T03:52:08.425+03:00 [s1] [O] 
2026-09-28T03:52:08.456+03:00 [s1] [O] RX USER session=EBE8 seq=625 frame=140B user=128B RX=-49/10 Q97 disposition=0
2026-09-28T03:52:08.559+03:00 [s2] [O] PEER_REPORT our_seq=625 TX=-49/10 Q97
2026-09-28T03:52:08.564+03:00 [s2] [O] 
2026-09-28T03:52:08.599+03:00 [s2] [O] RX ACK session=118C seq=619 ack_to=EBE8/625 frame=14B RX=-50/10 Q100
2026-09-28T03:52:08.608+03:00 [s2] [O] DELIVERY ACK user=EBE8/625 attempts=1/5 elapsed=236ms queue=0
2026-09-28T03:52:08.628+03:00 [s2] [I] S7BP128R4-XXXXXXXXXXXXXXXXXXXXXXXXXXXXXXXXXXXXXXXXXXXXXXXXXXXXXXXXXXXXXXXXXXXXXXXXXXXXXXXXXXXXXXXXXXXXXXXXXXXXXXXXXXXXXXXXXXXXXX
2026-09-28T03:52:08.629+03:00 [s1] [O] < [-49/10 Q97] S7BP128R3-XXXXXXXXXXXXXXXXXXXXXXXXXXXXXXXXXXXXXXXXXXXXXXXXXXXXXXXXXXXXXXXXXXXXXXXXXXXXXXXXXXXXXXXXXXXXXXXXXXXXXXXXXXXXXXXXXXXXXX
2026-09-28T03:52:08.651+03:00 [s1] [O] 
2026-09-28T03:52:08.678+03:00 [s1] [O] TX ACK seq=619 ack_to=EBE8/625 frame=14B OK time=25 ms guard=500ms
2026-09-28T03:52:08.779+03:00 [s2] [O] DELIVERY QUEUED source=2 bytes=128 waiting=1/8 in_flight=0
2026-09-28T03:52:08.853+03:00 [s2] [O] 
2026-09-28T03:52:08.892+03:00 [s2] [O] TX USER seq=626 frame=140B user=128B attempt=1/5 OK time=116 ms
2026-09-28T03:52:08.908+03:00 [s1] [O] PEER_REPORT our_seq=619 TX=-50/10 Q100
2026-09-28T03:52:08.924+03:00 [s2] [O] > S7BP128R4-XXXXXXXXXXXXXXXXXXXXXXXXXXXXXXXXXXXXXXXXXXXXXXXXXXXXXXXXXXXXXXXXXXXXXXXXXXXXXXXXXXXXXXXXXXXXXXXXXXXXXXXXXXXXXXXXXXXXXX
2026-09-28T03:52:08.936+03:00 [s2] [O] DELIVERY WAIT_ACK user=EBE8/626 attempt=1/5 timeout=724ms queue=0
2026-09-28T03:52:08.943+03:00 [s1] [O] 
2026-09-28T03:52:08.998+03:00 [s1] [O] RX USER session=EBE8 seq=626 frame=140B user=128B RX=-49/10 Q97 disposition=0
2026-09-28T03:52:09.100+03:00 [s2] [O] PEER_REPORT our_seq=626 TX=-49/10 Q97
2026-09-28T03:52:09.111+03:00 [s2] [O] 
2026-09-28T03:52:09.140+03:00 [s2] [O] RX ACK session=118C seq=620 ack_to=EBE8/626 frame=14B RX=-50/10 Q100
2026-09-28T03:52:09.142+03:00 [s2] [O] DELIVERY ACK user=EBE8/626 attempts=1/5 elapsed=237ms queue=0
2026-09-28T03:52:09.154+03:00 [s2] [I] S7BP128R5-XXXXXXXXXXXXXXXXXXXXXXXXXXXXXXXXXXXXXXXXXXXXXXXXXXXXXXXXXXXXXXXXXXXXXXXXXXXXXXXXXXXXXXXXXXXXXXXXXXXXXXXXXXXXXXXXXXXXXX
2026-09-28T03:52:09.169+03:00 [s1] [O] < [-49/10 Q97] S7BP128R4-XXXXXXXXXXXXXXXXXXXXXXXXXXXXXXXXXXXXXXXXXXXXXXXXXXXXXXXXXXXXXXXXXXXXXXXXXXXXXXXXXXXXXXXXXXXXXXXXXXXXXXXXXXXXXXXXXXXXXX
2026-09-28T03:52:09.188+03:00 [s1] [O] 
2026-09-28T03:52:09.209+03:00 [s1] [O] TX ACK seq=620 ack_to=EBE8/626 frame=14B OK time=25 ms guard=500ms
2026-09-28T03:52:09.222+03:00 [s2] [O] DELIVERY QUEUED source=2 bytes=128 waiting=1/8 in_flight=0
2026-09-28T03:52:09.304+03:00 [s2] [O] 
2026-09-28T03:52:09.309+03:00 [s2] [O] TX USER seq=627 frame=140B user=128B attempt=1/5 OK time=117 ms
2026-09-28T03:52:09.346+03:00 [s1] [O] PEER_REPORT our_seq=620 TX=-50/10 Q100
2026-09-28T03:52:09.364+03:00 [s2] [O] > S7BP128R5-XXXXXXXXXXXXXXXXXXXXXXXXXXXXXXXXXXXXXXXXXXXXXXXXXXXXXXXXXXXXXXXXXXXXXXXXXXXXXXXXXXXXXXXXXXXXXXXXXXXXXXXXXXXXXXXXXXXXXX
2026-09-28T03:52:09.373+03:00 [s2] [O] DELIVERY WAIT_ACK user=EBE8/627 attempt=1/5 timeout=724ms queue=0
2026-09-28T03:52:09.392+03:00 [s1] [O] 
2026-09-28T03:52:09.433+03:00 [s1] [O] RX USER session=EBE8 seq=627 frame=140B user=128B RX=-49/10 Q97 disposition=0
2026-09-28T03:52:09.557+03:00 [s2] [O] PEER_REPORT our_seq=627 TX=-49/10 Q97
2026-09-28T03:52:09.570+03:00 [s2] [O] 
2026-09-28T03:52:09.598+03:00 [s2] [O] RX ACK session=118C seq=621 ack_to=EBE8/627 frame=14B RX=-49/10 Q100
2026-09-28T03:52:09.607+03:00 [s2] [O] DELIVERY ACK user=EBE8/627 attempts=1/5 elapsed=237ms queue=0
2026-09-28T03:52:09.621+03:00 [s1] [O] < [-49/10 Q97] S7BP128R5-XXXXXXXXXXXXXXXXXXXXXXXXXXXXXXXXXXXXXXXXXXXXXXXXXXXXXXXXXXXXXXXXXXXXXXXXXXXXXXXXXXXXXXXXXXXXXXXXXXXXXXXXXXXXXXXXXXXXXX
2026-09-28T03:52:09.626+03:00 [s2] [I] S7BP128R6-XXXXXXXXXXXXXXXXXXXXXXXXXXXXXXXXXXXXXXXXXXXXXXXXXXXXXXXXXXXXXXXXXXXXXXXXXXXXXXXXXXXXXXXXXXXXXXXXXXXXXXXXXXXXXXXXXXXXXX
2026-09-28T03:52:09.624+03:00 [s1] [O] 
2026-09-28T03:52:09.666+03:00 [s1] [O] TX ACK seq=621 ack_to=EBE8/627 frame=14B OK time=25 ms guard=500ms
2026-09-28T03:52:09.722+03:00 [s2] [O] DELIVERY QUEUED source=2 bytes=128 waiting=1/8 in_flight=0
2026-09-28T03:52:09.800+03:00 [s2] [O] 
2026-09-28T03:52:09.803+03:00 [s2] [O] TX USER seq=628 frame=140B user=128B attempt=1/5 OK time=116 ms
2026-09-28T03:52:09.838+03:00 [s1] [O] PEER_REPORT our_seq=621 TX=-49/10 Q100
2026-09-28T03:52:09.921+03:00 [s1] [O] 
2026-09-28T03:52:09.934+03:00 [s2] [O] > S7BP128R6-XXXXXXXXXXXXXXXXXXXXXXXXXXXXXXXXXXXXXXXXXXXXXXXXXXXXXXXXXXXXXXXXXXXXXXXXXXXXXXXXXXXXXXXXXXXXXXXXXXXXXXXXXXXXXXXXXXXXXX
2026-09-28T03:52:09.934+03:00 [s1] [O] RX USER session=EBE8 seq=628 frame=140B user=128B RX=-48/10 Q97 disposition=0
2026-09-28T03:52:09.953+03:00 [s2] [O] DELIVERY WAIT_ACK user=EBE8/628 attempt=1/5 timeout=724ms queue=0
2026-09-28T03:52:10.043+03:00 [s2] [O] PEER_REPORT our_seq=628 TX=-48/10 Q97
2026-09-28T03:52:10.056+03:00 [s2] [O] 
2026-09-28T03:52:10.071+03:00 [s2] [O] RX ACK session=118C seq=622 ack_to=EBE8/628 frame=14B RX=-50/9 Q100
2026-09-28T03:52:10.090+03:00 [s2] [O] DELIVERY ACK user=EBE8/628 attempts=1/5 elapsed=237ms queue=0
2026-09-28T03:52:10.096+03:00 [s2] [I] S7BP128R7-XXXXXXXXXXXXXXXXXXXXXXXXXXXXXXXXXXXXXXXXXXXXXXXXXXXXXXXXXXXXXXXXXXXXXXXXXXXXXXXXXXXXXXXXXXXXXXXXXXXXXXXXXXXXXXXXXXXXXX
2026-09-28T03:52:10.155+03:00 [s1] [O] < [-48/10 Q97] S7BP128R6-XXXXXXXXXXXXXXXXXXXXXXXXXXXXXXXXXXXXXXXXXXXXXXXXXXXXXXXXXXXXXXXXXXXXXXXXXXXXXXXXXXXXXXXXXXXXXXXXXXXXXXXXXXXXXXXXXXXXXX
2026-09-28T03:52:10.170+03:00 [s1] [O] 
2026-09-28T03:52:10.170+03:00 [s2] [O] DELIVERY QUEUED source=2 bytes=128 waiting=1/8 in_flight=0
2026-09-28T03:52:10.220+03:00 [s1] [O] TX ACK seq=622 ack_to=EBE8/628 frame=14B OK time=25 ms guard=500ms
2026-09-28T03:52:10.252+03:00 [s2] [O] 
2026-09-28T03:52:10.256+03:00 [s2] [O] TX USER seq=629 frame=140B user=128B attempt=1/5 OK time=117 ms
2026-09-28T03:52:10.329+03:00 [s2] [O] > S7BP128R7-XXXXXXXXXXXXXXXXXXXXXXXXXXXXXXXXXXXXXXXXXXXXXXXXXXXXXXXXXXXXXXXXXXXXXXXXXXXXXXXXXXXXXXXXXXXXXXXXXXXXXXXXXXXXXXXXXXXXXX
2026-09-28T03:52:10.337+03:00 [s1] [O] PEER_REPORT our_seq=622 TX=-50/9 Q100
2026-09-28T03:52:10.337+03:00 [s2] [O] DELIVERY WAIT_ACK user=EBE8/629 attempt=1/5 timeout=724ms queue=0
2026-09-28T03:52:10.381+03:00 [s1] [O] 
2026-09-28T03:52:10.442+03:00 [s1] [O] RX USER session=EBE8 seq=629 frame=140B user=128B RX=-49/10 Q97 disposition=0
2026-09-28T03:52:10.488+03:00 [s2] [O] PEER_REPORT our_seq=629 TX=-49/10 Q97
2026-09-28T03:52:10.495+03:00 [s2] [O] 
2026-09-28T03:52:10.565+03:00 [s2] [O] RX ACK session=118C seq=623 ack_to=EBE8/629 frame=14B RX=-50/10 Q100
2026-09-28T03:52:10.592+03:00 [s2] [O] DELIVERY ACK user=EBE8/629 attempts=1/5 elapsed=238ms queue=0
2026-09-28T03:52:10.598+03:00 [s2] [I] S7BP128R8-XXXXXXXXXXXXXXXXXXXXXXXXXXXXXXXXXXXXXXXXXXXXXXXXXXXXXXXXXXXXXXXXXXXXXXXXXXXXXXXXXXXXXXXXXXXXXXXXXXXXXXXXXXXXXXXXXXXXXX
2026-09-28T03:52:10.606+03:00 [s1] [O] < [-49/10 Q97] S7BP128R7-XXXXXXXXXXXXXXXXXXXXXXXXXXXXXXXXXXXXXXXXXXXXXXXXXXXXXXXXXXXXXXXXXXXXXXXXXXXXXXXXXXXXXXXXXXXXXXXXXXXXXXXXXXXXXXXXXXXXXX
2026-09-28T03:52:10.623+03:00 [s1] [O] 
2026-09-28T03:52:10.658+03:00 [s2] [O] DELIVERY QUEUED source=2 bytes=128 waiting=1/8 in_flight=0
2026-09-28T03:52:10.672+03:00 [s1] [O] TX ACK seq=623 ack_to=EBE8/629 frame=14B OK time=25 ms guard=500ms
2026-09-28T03:52:10.747+03:00 [s2] [O] 
2026-09-28T03:52:10.749+03:00 [s2] [O] TX USER seq=630 frame=140B user=128B attempt=1/5 OK time=117 ms
2026-09-28T03:52:10.811+03:00 [s1] [O] PEER_REPORT our_seq=623 TX=-50/10 Q100
2026-09-28T03:52:10.854+03:00 [s1] [O] 
2026-09-28T03:52:10.865+03:00 [s2] [O] > S7BP128R8-XXXXXXXXXXXXXXXXXXXXXXXXXXXXXXXXXXXXXXXXXXXXXXXXXXXXXXXXXXXXXXXXXXXXXXXXXXXXXXXXXXXXXXXXXXXXXXXXXXXXXXXXXXXXXXXXXXXXXX
2026-09-28T03:52:10.888+03:00 [s1] [O] RX USER session=EBE8 seq=630 frame=140B user=128B RX=-49/10 Q97 disposition=0
2026-09-28T03:52:10.888+03:00 [s2] [O] DELIVERY WAIT_ACK user=EBE8/630 attempt=1/5 timeout=724ms queue=0
2026-09-28T03:52:10.976+03:00 [s2] [O] PEER_REPORT our_seq=630 TX=-49/10 Q97
2026-09-28T03:52:10.992+03:00 [s2] [O] 
2026-09-28T03:52:11.016+03:00 [s2] [O] RX ACK session=118C seq=624 ack_to=EBE8/630 frame=14B RX=-50/10 Q100
2026-09-28T03:52:11.032+03:00 [s2] [O] DELIVERY ACK user=EBE8/630 attempts=1/5 elapsed=237ms queue=0
2026-09-28T03:52:11.040+03:00 [s2] [I] S7BP128R9-XXXXXXXXXXXXXXXXXXXXXXXXXXXXXXXXXXXXXXXXXXXXXXXXXXXXXXXXXXXXXXXXXXXXXXXXXXXXXXXXXXXXXXXXXXXXXXXXXXXXXXXXXXXXXXXXXXXXXX
2026-09-28T03:52:11.054+03:00 [s1] [O] < [-49/10 Q97] S7BP128R8-XXXXXXXXXXXXXXXXXXXXXXXXXXXXXXXXXXXXXXXXXXXXXXXXXXXXXXXXXXXXXXXXXXXXXXXXXXXXXXXXXXXXXXXXXXXXXXXXXXXXXXXXXXXXXXXXXXXXXX
2026-09-28T03:52:11.056+03:00 [s1] [O] 
2026-09-28T03:52:11.109+03:00 [s1] [O] TX ACK seq=624 ack_to=EBE8/630 frame=14B OK time=25 ms guard=500ms
2026-09-28T03:52:11.111+03:00 [s2] [O] DELIVERY QUEUED source=2 bytes=128 waiting=1/8 in_flight=0
2026-09-28T03:52:11.199+03:00 [s2] [O] 
2026-09-28T03:52:11.201+03:00 [s2] [O] TX USER seq=631 frame=140B user=128B attempt=1/5 OK time=117 ms
2026-09-28T03:52:11.248+03:00 [s1] [O] PEER_REPORT our_seq=624 TX=-50/10 Q100
2026-09-28T03:52:11.248+03:00 [s2] [O] > S7BP128R9-XXXXXXXXXXXXXXXXXXXXXXXXXXXXXXXXXXXXXXXXXXXXXXXXXXXXXXXXXXXXXXXXXXXXXXXXXXXXXXXXXXXXXXXXXXXXXXXXXXXXXXXXXXXXXXXXXXXXXX
2026-09-28T03:52:11.284+03:00 [s2] [O] DELIVERY WAIT_ACK user=EBE8/631 attempt=1/5 timeout=724ms queue=0
2026-09-28T03:52:11.299+03:00 [s1] [O] 
2026-09-28T03:52:11.342+03:00 [s1] [O] RX USER session=EBE8 seq=631 frame=140B user=128B RX=-49/10 Q97 disposition=0
2026-09-28T03:52:11.436+03:00 [s2] [O] PEER_REPORT our_seq=631 TX=-49/10 Q97
2026-09-28T03:52:11.448+03:00 [s2] [O] 
2026-09-28T03:52:11.468+03:00 [s2] [O] RX ACK session=118C seq=625 ack_to=EBE8/631 frame=14B RX=-51/10 Q100
2026-09-28T03:52:11.494+03:00 [s2] [O] DELIVERY ACK user=EBE8/631 attempts=1/5 elapsed=238ms queue=0
2026-09-28T03:52:11.508+03:00 [s1] [O] < [-49/10 Q97] S7BP128R9-XXXXXXXXXXXXXXXXXXXXXXXXXXXXXXXXXXXXXXXXXXXXXXXXXXXXXXXXXXXXXXXXXXXXXXXXXXXXXXXXXXXXXXXXXXXXXXXXXXXXXXXXXXXXXXXXXXXXXX
2026-09-28T03:52:11.513+03:00 [s1] [O] 
2026-09-28T03:52:11.522+03:00 [s2] [I] S7BP128R10-XXXXXXXXXXXXXXXXXXXXXXXXXXXXXXXXXXXXXXXXXXXXXXXXXXXXXXXXXXXXXXXXXXXXXXXXXXXXXXXXXXXXXXXXXXXXXXXXXXXXXXXXXXXXXXXXXXXXX
2026-09-28T03:52:11.561+03:00 [s1] [O] TX ACK seq=625 ack_to=EBE8/631 frame=14B OK time=25 ms guard=500ms
2026-09-28T03:52:11.703+03:00 [s2] [O] DELIVERY QUEUED source=2 bytes=128 waiting=1/8 in_flight=0
2026-09-28T03:52:11.714+03:00 [s2] [O] 
2026-09-28T03:52:11.722+03:00 [s2] [O] TX USER seq=632 frame=140B user=128B attempt=1/5 OK time=116 ms
2026-09-28T03:52:11.739+03:00 [s2] [O] > S7BP128R10-XXXXXXXXXXXXXXXXXXXXXXXXXXXXXXXXXXXXXXXXXXXXXXXXXXXXXXXXXXXXXXXXXXXXXXXXXXXXXXXXXXXXXXXXXXXXXXXXXXXXXXXXXXXXXXXXXXXXX
2026-09-28T03:52:11.740+03:00 [s1] [O] PEER_REPORT our_seq=625 TX=-51/10 Q100
2026-09-28T03:52:11.743+03:00 [s2] [O] DELIVERY WAIT_ACK user=EBE8/632 attempt=1/5 timeout=724ms queue=0
2026-09-28T03:52:11.775+03:00 [s1] [O] 
2026-09-28T03:52:11.818+03:00 [s1] [O] RX USER session=EBE8 seq=632 frame=140B user=128B RX=-50/10 Q97 disposition=0
2026-09-28T03:52:11.922+03:00 [s2] [O] PEER_REPORT our_seq=632 TX=-50/10 Q97
2026-09-28T03:52:11.946+03:00 [s2] [O] 
2026-09-28T03:52:11.972+03:00 [s2] [O] RX ACK session=118C seq=626 ack_to=EBE8/632 frame=14B RX=-50/10 Q100
2026-09-28T03:52:11.975+03:00 [s2] [O] DELIVERY ACK user=EBE8/632 attempts=1/5 elapsed=237ms queue=0
2026-09-28T03:52:11.992+03:00 [s1] [I] S7AP160R1-XXXXXXXXXXXXXXXXXXXXXXXXXXXXXXXXXXXXXXXXXXXXXXXXXXXXXXXXXXXXXXXXXXXXXXXXXXXXXXXXXXXXXXXXXXXXXXXXXXXXXXXXXXXXXXXXXXXXXXXXXXXXXXXXXXXXXXXXXXXXXXXXXXXXXX
2026-09-28T03:52:12.014+03:00 [s1] [O] < [-50/10 Q97] S7BP128R10-XXXXXXXXXXXXXXXXXXXXXXXXXXXXXXXXXXXXXXXXXXXXXXXXXXXXXXXXXXXXXXXXXXXXXXXXXXXXXXXXXXXXXXXXXXXXXXXXXXXXXXXXXXXXXXXXXXXXX
2026-09-28T03:52:12.030+03:00 [s1] [O] 
2026-09-28T03:52:12.089+03:00 [s1] [O] TX ACK seq=626 ack_to=EBE8/632 frame=14B OK time=25 ms guard=500ms
2026-09-28T03:52:12.181+03:00 [s1] [O] DELIVERY QUEUED source=2 bytes=160 waiting=1/8 in_flight=0
2026-09-28T03:52:12.250+03:00 [s2] [O] PEER_REPORT our_seq=632 TX=-50/10 Q97
2026-09-28T03:52:12.255+03:00 [s2] [O] 
2026-09-28T03:52:12.261+03:00 [s2] [O] RX USER session=118C seq=627 frame=172B user=160B RX=-49/10 Q100 disposition=0
2026-09-28T03:52:12.277+03:00 [s1] [O] 
2026-09-28T03:52:12.282+03:00 [s2] [O] < [-49/10 Q100] S7AP160R1-XXXXXXXXXXXXXXXXXXXXXXXXXXXXXXXXXXXXXXXXXXXXXXXXXXXXXXXXXXXXXXXXXXXXXXXXXXXXXXXXXXXXXXXXXXXXXXXXXXXXXXXXXXXXXXXXXXXXXXXXXXXXXXXXXXXXXXXXXXXXXXXXXXXXXX
2026-09-28T03:52:12.316+03:00 [s1] [O] TX USER seq=627 frame=172B user=160B attempt=1/5 OK time=141 ms
2026-09-28T03:52:12.495+03:00 [s1] [O] > S7AP160R1-XXXXXXXXXXXXXXXXXXXXXXXXXXXXXXXXXXXXXXXXXXXXXXXXXXXXXXXXXXXXXXXXXXXXXXXXXXXXXXXXXXXXXXXXXXXXXXXXXXXXXXXXXXXXXXXXXXXXXXXXXXXXXXXXXXXXXXXXXXXXXXXXXXXXXX
2026-09-28T03:52:12.506+03:00 [s2] [O] 
2026-09-28T03:52:12.508+03:00 [s2] [O] TX ACK seq=633 ack_to=118C/627 frame=14B OK time=25 ms guard=500ms
2026-09-28T03:52:12.539+03:00 [s1] [O] DELIVERY WAIT_ACK user=118C/627 attempt=1/5 timeout=724ms queue=0
2026-09-28T03:52:12.585+03:00 [s1] [O] PEER_REPORT our_seq=627 TX=-49/10 Q100
2026-09-28T03:52:12.631+03:00 [s1] [O] 
2026-09-28T03:52:12.674+03:00 [s1] [O] RX ACK session=EBE8 seq=633 ack_to=118C/627 frame=14B RX=-50/10 Q97
2026-09-28T03:52:12.811+03:00 [s1] [O] DELIVERY ACK user=118C/627 attempts=1/5 elapsed=237ms queue=0
2026-09-28T03:52:12.822+03:00 [s1] [I] S7AP160R2-XXXXXXXXXXXXXXXXXXXXXXXXXXXXXXXXXXXXXXXXXXXXXXXXXXXXXXXXXXXXXXXXXXXXXXXXXXXXXXXXXXXXXXXXXXXXXXXXXXXXXXXXXXXXXXXXXXXXXXXXXXXXXXXXXXXXXXXXXXXXXXXXXXXXXX
2026-09-28T03:52:12.917+03:00 [s1] [O] DELIVERY QUEUED source=2 bytes=160 waiting=1/8 in_flight=0
2026-09-28T03:52:13.034+03:00 [s1] [O] 
2026-09-28T03:52:13.076+03:00 [s2] [O] PEER_REPORT our_seq=633 TX=-50/10 Q97
2026-09-28T03:52:13.103+03:00 [s1] [O] TX USER seq=628 frame=172B user=160B attempt=1/5 OK time=141 ms
2026-09-28T03:52:13.134+03:00 [s2] [O] 
2026-09-28T03:52:13.158+03:00 [s2] [O] RX USER session=118C seq=628 frame=172B user=160B RX=-49/10 Q100 disposition=0
2026-09-28T03:52:13.179+03:00 [s2] [O] < [-49/10 Q100] S7AP160R2-XXXXXXXXXXXXXXXXXXXXXXXXXXXXXXXXXXXXXXXXXXXXXXXXXXXXXXXXXXXXXXXXXXXXXXXXXXXXXXXXXXXXXXXXXXXXXXXXXXXXXXXXXXXXXXXXXXXXXXXXXXXXXXXXXXXXXXXXXXXXXXXXXXXXXX
2026-09-28T03:52:13.224+03:00 [s1] [O] > S7AP160R2-XXXXXXXXXXXXXXXXXXXXXXXXXXXXXXXXXXXXXXXXXXXXXXXXXXXXXXXXXXXXXXXXXXXXXXXXXXXXXXXXXXXXXXXXXXXXXXXXXXXXXXXXXXXXXXXXXXXXXXXXXXXXXXXXXXXXXXXXXXXXXXXXXXXXXX
2026-09-28T03:52:13.264+03:00 [s2] [O] 
2026-09-28T03:52:13.265+03:00 [s1] [O] DELIVERY WAIT_ACK user=118C/628 attempt=1/5 timeout=724ms queue=0
2026-09-28T03:52:13.322+03:00 [s2] [O] TX ACK seq=634 ack_to=118C/628 frame=14B OK time=24 ms guard=500ms
2026-09-28T03:52:13.367+03:00 [s1] [O] PEER_REPORT our_seq=628 TX=-49/10 Q100
2026-09-28T03:52:13.449+03:00 [s1] [O] 
2026-09-28T03:52:13.488+03:00 [s1] [O] RX ACK session=EBE8 seq=634 ack_to=118C/628 frame=14B RX=-50/10 Q97
2026-09-28T03:52:13.662+03:00 [s1] [O] DELIVERY ACK user=118C/628 attempts=1/5 elapsed=239ms queue=0
2026-09-28T03:52:13.672+03:00 [s1] [I] S7AP160R3-XXXXXXXXXXXXXXXXXXXXXXXXXXXXXXXXXXXXXXXXXXXXXXXXXXXXXXXXXXXXXXXXXXXXXXXXXXXXXXXXXXXXXXXXXXXXXXXXXXXXXXXXXXXXXXXXXXXXXXXXXXXXXXXXXXXXXXXXXXXXXXXXXXXXXX
2026-09-28T03:52:14.004+03:00 [s1] [O] DELIVERY QUEUED source=2 bytes=160 waiting=1/8 in_flight=0
2026-09-28T03:52:14.118+03:00 [s1] [O] 
2026-09-28T03:52:14.135+03:00 [s2] [O] PEER_REPORT our_seq=634 TX=-50/10 Q97
2026-09-28T03:52:14.172+03:00 [s1] [O] TX USER seq=629 frame=172B user=160B attempt=1/5 OK time=140 ms
2026-09-28T03:52:14.172+03:00 [s2] [O] 
2026-09-28T03:52:14.192+03:00 [s2] [O] RX USER session=118C seq=629 frame=172B user=160B RX=-49/10 Q100 disposition=0
2026-09-28T03:52:14.239+03:00 [s2] [O] < [-49/10 Q100] S7AP160R3-XXXXXXXXXXXXXXXXXXXXXXXXXXXXXXXXXXXXXXXXXXXXXXXXXXXXXXXXXXXXXXXXXXXXXXXXXXXXXXXXXXXXXXXXXXXXXXXXXXXXXXXXXXXXXXXXXXXXXXXXXXXXXXXXXXXXXXXXXXXXXXXXXXXXXX
2026-09-28T03:52:14.304+03:00 [s1] [O] > S7AP160R3-XXXXXXXXXXXXXXXXXXXXXXXXXXXXXXXXXXXXXXXXXXXXXXXXXXXXXXXXXXXXXXXXXXXXXXXXXXXXXXXXXXXXXXXXXXXXXXXXXXXXXXXXXXXXXXXXXXXXXXXXXXXXXXXXXXXXXXXXXXXXXXXXXXXXXX
2026-09-28T03:52:14.340+03:00 [s1] [O] DELIVERY WAIT_ACK user=118C/629 attempt=1/5 timeout=724ms queue=0
2026-09-28T03:52:14.370+03:00 [s2] [O] 
2026-09-28T03:52:14.385+03:00 [s2] [O] TX ACK seq=635 ack_to=118C/629 frame=14B OK time=24 ms guard=500ms
2026-09-28T03:52:14.440+03:00 [s1] [O] PEER_REPORT our_seq=629 TX=-49/10 Q100
2026-09-28T03:52:14.481+03:00 [s1] [O] 
2026-09-28T03:52:14.535+03:00 [s1] [O] RX ACK session=EBE8 seq=635 ack_to=118C/629 frame=14B RX=-50/10 Q97
2026-09-28T03:52:14.655+03:00 [s1] [O] DELIVERY ACK user=118C/629 attempts=1/5 elapsed=240ms queue=0
2026-09-28T03:52:14.669+03:00 [s1] [I] S7AP160R4-XXXXXXXXXXXXXXXXXXXXXXXXXXXXXXXXXXXXXXXXXXXXXXXXXXXXXXXXXXXXXXXXXXXXXXXXXXXXXXXXXXXXXXXXXXXXXXXXXXXXXXXXXXXXXXXXXXXXXXXXXXXXXXXXXXXXXXXXXXXXXXXXXXXXXX
2026-09-28T03:52:14.758+03:00 [s1] [O] DELIVERY QUEUED source=2 bytes=160 waiting=1/8 in_flight=0
2026-09-28T03:52:14.881+03:00 [s1] [O] 
2026-09-28T03:52:14.919+03:00 [s2] [O] PEER_REPORT our_seq=635 TX=-50/10 Q97
2026-09-28T03:52:14.925+03:00 [s2] [O] 
2026-09-28T03:52:14.930+03:00 [s1] [O] TX USER seq=630 frame=172B user=160B attempt=1/5 OK time=140 ms
2026-09-28T03:52:14.932+03:00 [s2] [O] RX USER session=118C seq=630 frame=172B user=160B RX=-49/10 Q100 disposition=0
2026-09-28T03:52:14.942+03:00 [s2] [O] < [-49/10 Q100] S7AP160R4-XXXXXXXXXXXXXXXXXXXXXXXXXXXXXXXXXXXXXXXXXXXXXXXXXXXXXXXXXXXXXXXXXXXXXXXXXXXXXXXXXXXXXXXXXXXXXXXXXXXXXXXXXXXXXXXXXXXXXXXXXXXXXXXXXXXXXXXXXXXXXXXXXXXXXX
2026-09-28T03:52:15.072+03:00 [s1] [O] > S7AP160R4-XXXXXXXXXXXXXXXXXXXXXXXXXXXXXXXXXXXXXXXXXXXXXXXXXXXXXXXXXXXXXXXXXXXXXXXXXXXXXXXXXXXXXXXXXXXXXXXXXXXXXXXXXXXXXXXXXXXXXXXXXXXXXXXXXXXXXXXXXXXXXXXXXXXXXX
2026-09-28T03:52:15.113+03:00 [s2] [O] 
2026-09-28T03:52:15.114+03:00 [s2] [O] TX ACK seq=636 ack_to=118C/630 frame=14B OK time=25 ms guard=500ms
2026-09-28T03:52:15.116+03:00 [s1] [O] DELIVERY WAIT_ACK user=118C/630 attempt=1/5 timeout=724ms queue=0
2026-09-28T03:52:15.193+03:00 [s1] [O] PEER_REPORT our_seq=630 TX=-49/10 Q100
2026-09-28T03:52:15.239+03:00 [s1] [O] 
2026-09-28T03:52:15.283+03:00 [s1] [O] RX ACK session=EBE8 seq=636 ack_to=118C/630 frame=14B RX=-50/10 Q97
2026-09-28T03:52:15.390+03:00 [s1] [O] DELIVERY ACK user=118C/630 attempts=1/5 elapsed=240ms queue=0
2026-09-28T03:52:15.401+03:00 [s1] [I] S7AP160R5-XXXXXXXXXXXXXXXXXXXXXXXXXXXXXXXXXXXXXXXXXXXXXXXXXXXXXXXXXXXXXXXXXXXXXXXXXXXXXXXXXXXXXXXXXXXXXXXXXXXXXXXXXXXXXXXXXXXXXXXXXXXXXXXXXXXXXXXXXXXXXXXXXXXXXX
2026-09-28T03:52:15.508+03:00 [s1] [O] DELIVERY QUEUED source=2 bytes=160 waiting=1/8 in_flight=0
2026-09-28T03:52:15.599+03:00 [s1] [O] 
2026-09-28T03:52:15.610+03:00 [s2] [O] PEER_REPORT our_seq=636 TX=-50/10 Q97
2026-09-28T03:52:15.622+03:00 [s2] [O] 
2026-09-28T03:52:15.633+03:00 [s2] [O] RX USER session=118C seq=631 frame=172B user=160B RX=-49/10 Q100 disposition=0
2026-09-28T03:52:15.638+03:00 [s2] [O] < [-49/10 Q100] S7AP160R5-XXXXXXXXXXXXXXXXXXXXXXXXXXXXXXXXXXXXXXXXXXXXXXXXXXXXXXXXXXXXXXXXXXXXXXXXXXXXXXXXXXXXXXXXXXXXXXXXXXXXXXXXXXXXXXXXXXXXXXXXXXXXXXXXXXXXXXXXXXXXXXXXXXXXXX
2026-09-28T03:52:15.646+03:00 [s1] [O] TX USER seq=631 frame=172B user=160B attempt=1/5 OK time=141 ms
2026-09-28T03:52:15.781+03:00 [s1] [O] > S7AP160R5-XXXXXXXXXXXXXXXXXXXXXXXXXXXXXXXXXXXXXXXXXXXXXXXXXXXXXXXXXXXXXXXXXXXXXXXXXXXXXXXXXXXXXXXXXXXXXXXXXXXXXXXXXXXXXXXXXXXXXXXXXXXXXXXXXXXXXXXXXXXXXXXXXXXXXX
2026-09-28T03:52:15.828+03:00 [s1] [O] DELIVERY WAIT_ACK user=118C/631 attempt=1/5 timeout=724ms queue=0
2026-09-28T03:52:15.828+03:00 [s2] [O] 
2026-09-28T03:52:15.833+03:00 [s2] [O] TX ACK seq=637 ack_to=118C/631 frame=14B OK time=24 ms guard=500ms
2026-09-28T03:52:15.921+03:00 [s1] [O] PEER_REPORT our_seq=631 TX=-49/10 Q100
2026-09-28T03:52:15.958+03:00 [s1] [O] 
2026-09-28T03:52:16.008+03:00 [s1] [O] RX ACK session=EBE8 seq=637 ack_to=118C/631 frame=14B RX=-51/10 Q97
2026-09-28T03:52:16.182+03:00 [s1] [O] DELIVERY ACK user=118C/631 attempts=1/5 elapsed=238ms queue=0
2026-09-28T03:52:16.188+03:00 [s1] [I] S7AP160R6-XXXXXXXXXXXXXXXXXXXXXXXXXXXXXXXXXXXXXXXXXXXXXXXXXXXXXXXXXXXXXXXXXXXXXXXXXXXXXXXXXXXXXXXXXXXXXXXXXXXXXXXXXXXXXXXXXXXXXXXXXXXXXXXXXXXXXXXXXXXXXXXXXXXXXX
2026-09-28T03:52:16.275+03:00 [s1] [O] DELIVERY QUEUED source=2 bytes=160 waiting=1/8 in_flight=0
2026-09-28T03:52:16.408+03:00 [s1] [O] 
2026-09-28T03:52:16.416+03:00 [s2] [O] PEER_REPORT our_seq=637 TX=-51/10 Q97
2026-09-28T03:52:16.418+03:00 [s2] [O] 
2026-09-28T03:52:16.423+03:00 [s2] [O] RX USER session=118C seq=632 frame=172B user=160B RX=-49/10 Q100 disposition=0
2026-09-28T03:52:16.427+03:00 [s2] [O] < [-49/10 Q100] S7AP160R6-XXXXXXXXXXXXXXXXXXXXXXXXXXXXXXXXXXXXXXXXXXXXXXXXXXXXXXXXXXXXXXXXXXXXXXXXXXXXXXXXXXXXXXXXXXXXXXXXXXXXXXXXXXXXXXXXXXXXXXXXXXXXXXXXXXXXXXXXXXXXXXXXXXXXXX
2026-09-28T03:52:16.452+03:00 [s1] [O] TX USER seq=632 frame=172B user=160B attempt=1/5 OK time=140 ms
2026-09-28T03:52:16.603+03:00 [s1] [O] > S7AP160R6-XXXXXXXXXXXXXXXXXXXXXXXXXXXXXXXXXXXXXXXXXXXXXXXXXXXXXXXXXXXXXXXXXXXXXXXXXXXXXXXXXXXXXXXXXXXXXXXXXXXXXXXXXXXXXXXXXXXXXXXXXXXXXXXXXXXXXXXXXXXXXXXXXXXXXX
2026-09-28T03:52:16.643+03:00 [s1] [O] DELIVERY WAIT_ACK user=118C/632 attempt=1/5 timeout=724ms queue=0
2026-09-28T03:52:16.643+03:00 [s2] [O] 
2026-09-28T03:52:16.650+03:00 [s2] [O] TX ACK seq=638 ack_to=118C/632 frame=14B OK time=24 ms guard=500ms
2026-09-28T03:52:16.732+03:00 [s1] [O] PEER_REPORT our_seq=632 TX=-49/10 Q100
2026-09-28T03:52:16.767+03:00 [s1] [O] 
2026-09-28T03:52:16.817+03:00 [s1] [O] RX ACK session=EBE8 seq=638 ack_to=118C/632 frame=14B RX=-50/10 Q97
2026-09-28T03:52:16.947+03:00 [s1] [O] DELIVERY ACK user=118C/632 attempts=1/5 elapsed=238ms queue=0
2026-09-28T03:52:16.952+03:00 [s1] [I] S7AP160R7-XXXXXXXXXXXXXXXXXXXXXXXXXXXXXXXXXXXXXXXXXXXXXXXXXXXXXXXXXXXXXXXXXXXXXXXXXXXXXXXXXXXXXXXXXXXXXXXXXXXXXXXXXXXXXXXXXXXXXXXXXXXXXXXXXXXXXXXXXXXXXXXXXXXXXX
2026-09-28T03:52:17.042+03:00 [s1] [O] DELIVERY QUEUED source=2 bytes=160 waiting=1/8 in_flight=0
2026-09-28T03:52:17.173+03:00 [s1] [O] 
2026-09-28T03:52:17.186+03:00 [s2] [O] PEER_REPORT our_seq=638 TX=-50/10 Q97
2026-09-28T03:52:17.190+03:00 [s2] [O] 
2026-09-28T03:52:17.194+03:00 [s2] [O] RX USER session=118C seq=633 frame=172B user=160B RX=-49/10 Q100 disposition=0
2026-09-28T03:52:17.200+03:00 [s2] [O] < [-49/10 Q100] S7AP160R7-XXXXXXXXXXXXXXXXXXXXXXXXXXXXXXXXXXXXXXXXXXXXXXXXXXXXXXXXXXXXXXXXXXXXXXXXXXXXXXXXXXXXXXXXXXXXXXXXXXXXXXXXXXXXXXXXXXXXXXXXXXXXXXXXXXXXXXXXXXXXXXXXXXXXXX
2026-09-28T03:52:17.228+03:00 [s1] [O] TX USER seq=633 frame=172B user=160B attempt=1/5 OK time=140 ms
2026-09-28T03:52:17.398+03:00 [s1] [O] > S7AP160R7-XXXXXXXXXXXXXXXXXXXXXXXXXXXXXXXXXXXXXXXXXXXXXXXXXXXXXXXXXXXXXXXXXXXXXXXXXXXXXXXXXXXXXXXXXXXXXXXXXXXXXXXXXXXXXXXXXXXXXXXXXXXXXXXXXXXXXXXXXXXXXXXXXXXXXX
2026-09-28T03:52:17.407+03:00 [s2] [O] 
2026-09-28T03:52:17.408+03:00 [s2] [O] TX ACK seq=639 ack_to=118C/633 frame=14B OK time=25 ms guard=500ms
2026-09-28T03:52:17.447+03:00 [s1] [O] DELIVERY WAIT_ACK user=118C/633 attempt=1/5 timeout=724ms queue=0
2026-09-28T03:52:17.505+03:00 [s1] [O] PEER_REPORT our_seq=633 TX=-49/10 Q100
2026-09-28T03:52:17.544+03:00 [s1] [O] 
2026-09-28T03:52:17.581+03:00 [s1] [O] RX ACK session=EBE8 seq=639 ack_to=118C/633 frame=14B RX=-50/10 Q97
2026-09-28T03:52:17.715+03:00 [s1] [O] DELIVERY ACK user=118C/633 attempts=1/5 elapsed=237ms queue=0
2026-09-28T03:52:17.721+03:00 [s1] [I] S7AP160R8-XXXXXXXXXXXXXXXXXXXXXXXXXXXXXXXXXXXXXXXXXXXXXXXXXXXXXXXXXXXXXXXXXXXXXXXXXXXXXXXXXXXXXXXXXXXXXXXXXXXXXXXXXXXXXXXXXXXXXXXXXXXXXXXXXXXXXXXXXXXXXXXXXXXXXX
2026-09-28T03:52:17.817+03:00 [s1] [O] DELIVERY QUEUED source=2 bytes=160 waiting=1/8 in_flight=0
2026-09-28T03:52:17.937+03:00 [s1] [O] 
2026-09-28T03:52:17.982+03:00 [s1] [O] TX USER seq=634 frame=172B user=160B attempt=1/5 OK time=139 ms
2026-09-28T03:52:17.998+03:00 [s2] [O] PEER_REPORT our_seq=639 TX=-50/11 Q97
2026-09-28T03:52:18.007+03:00 [s2] [O] 
2026-09-28T03:52:18.010+03:00 [s2] [O] RX USER session=118C seq=634 frame=172B user=160B RX=-49/9 Q100 disposition=0
2026-09-28T03:52:18.013+03:00 [s2] [O] < [-49/9 Q100] S7AP160R8-XXXXXXXXXXXXXXXXXXXXXXXXXXXXXXXXXXXXXXXXXXXXXXXXXXXXXXXXXXXXXXXXXXXXXXXXXXXXXXXXXXXXXXXXXXXXXXXXXXXXXXXXXXXXXXXXXXXXXXXXXXXXXXXXXXXXXXXXXXXXXXXXXXXXXX
2026-09-28T03:52:18.124+03:00 [s1] [O] > S7AP160R8-XXXXXXXXXXXXXXXXXXXXXXXXXXXXXXXXXXXXXXXXXXXXXXXXXXXXXXXXXXXXXXXXXXXXXXXXXXXXXXXXXXXXXXXXXXXXXXXXXXXXXXXXXXXXXXXXXXXXXXXXXXXXXXXXXXXXXXXXXXXXXXXXXXXXXX
2026-09-28T03:52:18.173+03:00 [s1] [O] DELIVERY WAIT_ACK user=118C/634 attempt=1/5 timeout=724ms queue=0
2026-09-28T03:52:18.178+03:00 [s2] [O] 
2026-09-28T03:52:18.186+03:00 [s2] [O] TX ACK seq=640 ack_to=118C/634 frame=14B OK time=24 ms guard=500ms
2026-09-28T03:52:18.265+03:00 [s1] [O] PEER_REPORT our_seq=634 TX=-49/9 Q100
2026-09-28T03:52:18.346+03:00 [s1] [O] 
2026-09-28T03:52:18.387+03:00 [s1] [O] RX ACK session=EBE8 seq=640 ack_to=118C/634 frame=14B RX=-51/10 Q97
2026-09-28T03:52:18.480+03:00 [s1] [O] DELIVERY ACK user=118C/634 attempts=1/5 elapsed=240ms queue=0
2026-09-28T03:52:18.484+03:00 [s1] [I] S7AP160R9-XXXXXXXXXXXXXXXXXXXXXXXXXXXXXXXXXXXXXXXXXXXXXXXXXXXXXXXXXXXXXXXXXXXXXXXXXXXXXXXXXXXXXXXXXXXXXXXXXXXXXXXXXXXXXXXXXXXXXXXXXXXXXXXXXXXXXXXXXXXXXXXXXXXXXX
2026-09-28T03:52:18.613+03:00 [s1] [O] DELIVERY QUEUED source=2 bytes=160 waiting=1/8 in_flight=0
2026-09-28T03:52:18.703+03:00 [s1] [O] 
2026-09-28T03:52:18.749+03:00 [s1] [O] TX USER seq=635 frame=172B user=160B attempt=1/5 OK time=141 ms
2026-09-28T03:52:18.756+03:00 [s2] [O] PEER_REPORT our_seq=640 TX=-51/10 Q97
2026-09-28T03:52:18.770+03:00 [s2] [O] 
2026-09-28T03:52:18.778+03:00 [s2] [O] RX USER session=118C seq=635 frame=172B user=160B RX=-49/10 Q100 disposition=0
2026-09-28T03:52:18.784+03:00 [s2] [O] < [-49/10 Q100] S7AP160R9-XXXXXXXXXXXXXXXXXXXXXXXXXXXXXXXXXXXXXXXXXXXXXXXXXXXXXXXXXXXXXXXXXXXXXXXXXXXXXXXXXXXXXXXXXXXXXXXXXXXXXXXXXXXXXXXXXXXXXXXXXXXXXXXXXXXXXXXXXXXXXXXXXXXXXX
2026-09-28T03:52:18.883+03:00 [s1] [O] > S7AP160R9-XXXXXXXXXXXXXXXXXXXXXXXXXXXXXXXXXXXXXXXXXXXXXXXXXXXXXXXXXXXXXXXXXXXXXXXXXXXXXXXXXXXXXXXXXXXXXXXXXXXXXXXXXXXXXXXXXXXXXXXXXXXXXXXXXXXXXXXXXXXXXXXXXXXXXX
2026-09-28T03:52:18.940+03:00 [s1] [O] DELIVERY WAIT_ACK user=118C/635 attempt=1/5 timeout=724ms queue=0
2026-09-28T03:52:18.941+03:00 [s2] [O] 
2026-09-28T03:52:18.944+03:00 [s2] [O] TX ACK seq=641 ack_to=118C/635 frame=14B OK time=25 ms guard=500ms
2026-09-28T03:52:19.022+03:00 [s1] [O] PEER_REPORT our_seq=635 TX=-49/10 Q100
2026-09-28T03:52:19.064+03:00 [s1] [O] 
2026-09-28T03:52:19.111+03:00 [s1] [O] RX ACK session=EBE8 seq=641 ack_to=118C/635 frame=14B RX=-52/10 Q97
2026-09-28T03:52:19.241+03:00 [s1] [O] DELIVERY ACK user=118C/635 attempts=1/5 elapsed=239ms queue=0
2026-09-28T03:52:19.247+03:00 [s1] [I] S7AP160R10-XXXXXXXXXXXXXXXXXXXXXXXXXXXXXXXXXXXXXXXXXXXXXXXXXXXXXXXXXXXXXXXXXXXXXXXXXXXXXXXXXXXXXXXXXXXXXXXXXXXXXXXXXXXXXXXXXXXXXXXXXXXXXXXXXXXXXXXXXXXXXXXXXXXXX
2026-09-28T03:52:19.337+03:00 [s1] [O] DELIVERY QUEUED source=2 bytes=160 waiting=1/8 in_flight=0
2026-09-28T03:52:19.467+03:00 [s1] [O] 
2026-09-28T03:52:19.515+03:00 [s1] [O] TX USER seq=636 frame=172B user=160B attempt=1/5 OK time=141 ms
2026-09-28T03:52:19.522+03:00 [s2] [O] PEER_REPORT our_seq=641 TX=-52/10 Q97
2026-09-28T03:52:19.526+03:00 [s2] [O] 
2026-09-28T03:52:19.528+03:00 [s2] [O] RX USER session=118C seq=636 frame=172B user=160B RX=-49/9 Q100 disposition=0
2026-09-28T03:52:19.573+03:00 [s2] [O] < [-49/9 Q100] S7AP160R10-XXXXXXXXXXXXXXXXXXXXXXXXXXXXXXXXXXXXXXXXXXXXXXXXXXXXXXXXXXXXXXXXXXXXXXXXXXXXXXXXXXXXXXXXXXXXXXXXXXXXXXXXXXXXXXXXXXXXXXXXXXXXXXXXXXXXXXXXXXXXXXXXXXXXX
2026-09-28T03:52:19.654+03:00 [s1] [O] > S7AP160R10-XXXXXXXXXXXXXXXXXXXXXXXXXXXXXXXXXXXXXXXXXXXXXXXXXXXXXXXXXXXXXXXXXXXXXXXXXXXXXXXXXXXXXXXXXXXXXXXXXXXXXXXXXXXXXXXXXXXXXXXXXXXXXXXXXXXXXXXXXXXXXXXXXXXXX
2026-09-28T03:52:19.705+03:00 [s2] [O] 
2026-09-28T03:52:19.706+03:00 [s2] [O] TX ACK seq=642 ack_to=118C/636 frame=14B OK time=25 ms guard=500ms
2026-09-28T03:52:19.706+03:00 [s1] [O] DELIVERY WAIT_ACK user=118C/636 attempt=1/5 timeout=724ms queue=0
2026-09-28T03:52:19.789+03:00 [s1] [O] PEER_REPORT our_seq=636 TX=-49/9 Q100
2026-09-28T03:52:19.830+03:00 [s1] [O] 
2026-09-28T03:52:19.872+03:00 [s1] [O] RX ACK session=EBE8 seq=642 ack_to=118C/636 frame=14B RX=-51/10 Q97
2026-09-28T03:52:20.008+03:00 [s1] [O] DELIVERY ACK user=118C/636 attempts=1/5 elapsed=240ms queue=0
2026-09-28T03:52:20.025+03:00 [s2] [I] S7BP160R1-XXXXXXXXXXXXXXXXXXXXXXXXXXXXXXXXXXXXXXXXXXXXXXXXXXXXXXXXXXXXXXXXXXXXXXXXXXXXXXXXXXXXXXXXXXXXXXXXXXXXXXXXXXXXXXXXXXXXXXXXXXXXXXXXXXXXXXXXXXXXXXXXXXXXXX
2026-09-28T03:52:20.117+03:00 [s2] [O] DELIVERY QUEUED source=2 bytes=160 waiting=1/8 in_flight=0
2026-09-28T03:52:20.243+03:00 [s1] [O] PEER_REPORT our_seq=636 TX=-49/9 Q100
2026-09-28T03:52:20.249+03:00 [s2] [O] 
2026-09-28T03:52:20.254+03:00 [s2] [O] TX USER seq=643 frame=172B user=160B attempt=1/5 OK time=140 ms
2026-09-28T03:52:20.281+03:00 [s1] [O] 
2026-09-28T03:52:20.295+03:00 [s2] [O] > S7BP160R1-XXXXXXXXXXXXXXXXXXXXXXXXXXXXXXXXXXXXXXXXXXXXXXXXXXXXXXXXXXXXXXXXXXXXXXXXXXXXXXXXXXXXXXXXXXXXXXXXXXXXXXXXXXXXXXXXXXXXXXXXXXXXXXXXXXXXXXXXXXXXXXXXXXXXXX
2026-09-28T03:52:20.296+03:00 [s2] [O] DELIVERY WAIT_ACK user=EBE8/643 attempt=1/5 timeout=724ms queue=0
2026-09-28T03:52:20.336+03:00 [s1] [O] RX USER session=EBE8 seq=643 frame=172B user=160B RX=-48/10 Q97 disposition=0
2026-09-28T03:52:20.486+03:00 [s2] [O] PEER_REPORT our_seq=643 TX=-48/11 Q97
2026-09-28T03:52:20.498+03:00 [s2] [O] 
2026-09-28T03:52:20.500+03:00 [s2] [O] RX ACK session=118C seq=637 ack_to=EBE8/643 frame=14B RX=-50/10 Q100
2026-09-28T03:52:20.502+03:00 [s2] [O] DELIVERY ACK user=EBE8/643 attempts=1/5 elapsed=238ms queue=0
2026-09-28T03:52:20.505+03:00 [s1] [O] < [-48/10 Q97] S7BP160R1-XXXXXXXXXXXXXXXXXXXXXXXXXXXXXXXXXXXXXXXXXXXXXXXXXXXXXXXXXXXXXXXXXXXXXXXXXXXXXXXXXXXXXXXXXXXXXXXXXXXXXXXXXXXXXXXXXXXXXXXXXXXXXXXXXXXXXXXXXXXXXXXXXXXXXX
2026-09-28T03:52:20.507+03:00 [s2] [I] S7BP160R2-XXXXXXXXXXXXXXXXXXXXXXXXXXXXXXXXXXXXXXXXXXXXXXXXXXXXXXXXXXXXXXXXXXXXXXXXXXXXXXXXXXXXXXXXXXXXXXXXXXXXXXXXXXXXXXXXXXXXXXXXXXXXXXXXXXXXXXXXXXXXXXXXXXXXXX
2026-09-28T03:52:20.548+03:00 [s1] [O] 
2026-09-28T03:52:20.595+03:00 [s1] [O] TX ACK seq=637 ack_to=EBE8/643 frame=14B OK time=25 ms guard=500ms
2026-09-28T03:52:20.652+03:00 [s2] [O] DELIVERY QUEUED source=2 bytes=160 waiting=1/8 in_flight=0
2026-09-28T03:52:20.779+03:00 [s1] [O] PEER_REPORT our_seq=637 TX=-50/10 Q100
2026-09-28T03:52:20.790+03:00 [s2] [O] 
2026-09-28T03:52:20.794+03:00 [s2] [O] TX USER seq=644 frame=172B user=160B attempt=1/5 OK time=139 ms
2026-09-28T03:52:20.796+03:00 [s2] [O] > S7BP160R2-XXXXXXXXXXXXXXXXXXXXXXXXXXXXXXXXXXXXXXXXXXXXXXXXXXXXXXXXXXXXXXXXXXXXXXXXXXXXXXXXXXXXXXXXXXXXXXXXXXXXXXXXXXXXXXXXXXXXXXXXXXXXXXXXXXXXXXXXXXXXXXXXXXXXXX
2026-09-28T03:52:20.798+03:00 [s2] [O] DELIVERY WAIT_ACK user=EBE8/644 attempt=1/5 timeout=724ms queue=0
2026-09-28T03:52:20.818+03:00 [s1] [O] 
2026-09-28T03:52:20.875+03:00 [s1] [O] RX USER session=EBE8 seq=644 frame=172B user=160B RX=-49/10 Q97 disposition=0
2026-09-28T03:52:21.008+03:00 [s2] [O] PEER_REPORT our_seq=644 TX=-49/10 Q97
2026-09-28T03:52:21.023+03:00 [s2] [O] 
2026-09-28T03:52:21.025+03:00 [s2] [O] RX ACK session=118C seq=638 ack_to=EBE8/644 frame=14B RX=-50/10 Q100
2026-09-28T03:52:21.028+03:00 [s2] [O] DELIVERY ACK user=EBE8/644 attempts=1/5 elapsed=239ms queue=0
2026-09-28T03:52:21.029+03:00 [s2] [I] S7BP160R3-XXXXXXXXXXXXXXXXXXXXXXXXXXXXXXXXXXXXXXXXXXXXXXXXXXXXXXXXXXXXXXXXXXXXXXXXXXXXXXXXXXXXXXXXXXXXXXXXXXXXXXXXXXXXXXXXXXXXXXXXXXXXXXXXXXXXXXXXXXXXXXXXXXXXXX
2026-09-28T03:52:21.047+03:00 [s1] [O] < [-49/10 Q97] S7BP160R2-XXXXXXXXXXXXXXXXXXXXXXXXXXXXXXXXXXXXXXXXXXXXXXXXXXXXXXXXXXXXXXXXXXXXXXXXXXXXXXXXXXXXXXXXXXXXXXXXXXXXXXXXXXXXXXXXXXXXXXXXXXXXXXXXXXXXXXXXXXXXXXXXXXXXXX
2026-09-28T03:52:21.088+03:00 [s1] [O] 
2026-09-28T03:52:21.104+03:00 [s2] [O] DELIVERY QUEUED source=2 bytes=160 waiting=1/8 in_flight=0
2026-09-28T03:52:21.132+03:00 [s1] [O] TX ACK seq=638 ack_to=EBE8/644 frame=14B OK time=25 ms guard=500ms
2026-09-28T03:52:21.223+03:00 [s1] [O] PEER_REPORT our_seq=638 TX=-50/10 Q100
2026-09-28T03:52:21.239+03:00 [s2] [O] 
2026-09-28T03:52:21.248+03:00 [s2] [O] TX USER seq=645 frame=172B user=160B attempt=1/5 OK time=140 ms
2026-09-28T03:52:21.252+03:00 [s2] [O] > S7BP160R3-XXXXXXXXXXXXXXXXXXXXXXXXXXXXXXXXXXXXXXXXXXXXXXXXXXXXXXXXXXXXXXXXXXXXXXXXXXXXXXXXXXXXXXXXXXXXXXXXXXXXXXXXXXXXXXXXXXXXXXXXXXXXXXXXXXXXXXXXXXXXXXXXXXXXXX
2026-09-28T03:52:21.255+03:00 [s2] [O] DELIVERY WAIT_ACK user=EBE8/645 attempt=1/5 timeout=724ms queue=0
2026-09-28T03:52:21.315+03:00 [s1] [O] 
2026-09-28T03:52:21.359+03:00 [s1] [O] RX USER session=EBE8 seq=645 frame=172B user=160B RX=-48/10 Q97 disposition=0
2026-09-28T03:52:21.473+03:00 [s2] [O] PEER_REPORT our_seq=645 TX=-48/10 Q97
2026-09-28T03:52:21.502+03:00 [s2] [O] 
2026-09-28T03:52:21.511+03:00 [s2] [O] RX ACK session=118C seq=639 ack_to=EBE8/645 frame=14B RX=-49/10 Q100
2026-09-28T03:52:21.514+03:00 [s2] [O] DELIVERY ACK user=EBE8/645 attempts=1/5 elapsed=238ms queue=0
2026-09-28T03:52:21.524+03:00 [s2] [I] S7BP160R4-XXXXXXXXXXXXXXXXXXXXXXXXXXXXXXXXXXXXXXXXXXXXXXXXXXXXXXXXXXXXXXXXXXXXXXXXXXXXXXXXXXXXXXXXXXXXXXXXXXXXXXXXXXXXXXXXXXXXXXXXXXXXXXXXXXXXXXXXXXXXXXXXXXXXXX
2026-09-28T03:52:21.536+03:00 [s1] [O] < [-48/10 Q97] S7BP160R3-XXXXXXXXXXXXXXXXXXXXXXXXXXXXXXXXXXXXXXXXXXXXXXXXXXXXXXXXXXXXXXXXXXXXXXXXXXXXXXXXXXXXXXXXXXXXXXXXXXXXXXXXXXXXXXXXXXXXXXXXXXXXXXXXXXXXXXXXXXXXXXXXXXXXXX
2026-09-28T03:52:21.541+03:00 [s1] [O] 
2026-09-28T03:52:21.597+03:00 [s1] [O] TX ACK seq=639 ack_to=EBE8/645 frame=14B OK time=25 ms guard=500ms
2026-09-28T03:52:21.601+03:00 [s2] [O] DELIVERY QUEUED source=2 bytes=160 waiting=1/8 in_flight=0
2026-09-28T03:52:21.720+03:00 [s1] [O] PEER_REPORT our_seq=639 TX=-49/10 Q100
2026-09-28T03:52:21.736+03:00 [s2] [O] 
2026-09-28T03:52:21.748+03:00 [s2] [O] TX USER seq=646 frame=172B user=160B attempt=1/5 OK time=139 ms
2026-09-28T03:52:21.753+03:00 [s2] [O] > S7BP160R4-XXXXXXXXXXXXXXXXXXXXXXXXXXXXXXXXXXXXXXXXXXXXXXXXXXXXXXXXXXXXXXXXXXXXXXXXXXXXXXXXXXXXXXXXXXXXXXXXXXXXXXXXXXXXXXXXXXXXXXXXXXXXXXXXXXXXXXXXXXXXXXXXXXXXXX
2026-09-28T03:52:21.755+03:00 [s2] [O] DELIVERY WAIT_ACK user=EBE8/646 attempt=1/5 timeout=724ms queue=0
2026-09-28T03:52:21.764+03:00 [s1] [O] 
2026-09-28T03:52:21.817+03:00 [s1] [O] RX USER session=EBE8 seq=646 frame=172B user=160B RX=-48/10 Q97 disposition=0
2026-09-28T03:52:21.954+03:00 [s2] [O] PEER_REPORT our_seq=646 TX=-48/10 Q97
2026-09-28T03:52:21.968+03:00 [s2] [O] 
2026-09-28T03:52:21.971+03:00 [s2] [O] RX ACK session=118C seq=640 ack_to=EBE8/646 frame=14B RX=-50/10 Q100
2026-09-28T03:52:21.975+03:00 [s2] [O] DELIVERY ACK user=EBE8/646 attempts=1/5 elapsed=238ms queue=0
2026-09-28T03:52:21.980+03:00 [s2] [I] S7BP160R5-XXXXXXXXXXXXXXXXXXXXXXXXXXXXXXXXXXXXXXXXXXXXXXXXXXXXXXXXXXXXXXXXXXXXXXXXXXXXXXXXXXXXXXXXXXXXXXXXXXXXXXXXXXXXXXXXXXXXXXXXXXXXXXXXXXXXXXXXXXXXXXXXXXXXXX
2026-09-28T03:52:22.042+03:00 [s1] [O] < [-48/10 Q97] S7BP160R4-XXXXXXXXXXXXXXXXXXXXXXXXXXXXXXXXXXXXXXXXXXXXXXXXXXXXXXXXXXXXXXXXXXXXXXXXXXXXXXXXXXXXXXXXXXXXXXXXXXXXXXXXXXXXXXXXXXXXXXXXXXXXXXXXXXXXXXXXXXXXXXXXXXXXXX
2026-09-28T03:52:22.047+03:00 [s2] [O] DELIVERY QUEUED source=2 bytes=160 waiting=1/8 in_flight=0
2026-09-28T03:52:22.077+03:00 [s1] [O] 
2026-09-28T03:52:22.126+03:00 [s1] [O] TX ACK seq=640 ack_to=EBE8/646 frame=14B OK time=25 ms guard=500ms
2026-09-28T03:52:22.176+03:00 [s2] [O] 
2026-09-28T03:52:22.178+03:00 [s2] [O] TX USER seq=647 frame=172B user=160B attempt=1/5 OK time=140 ms
2026-09-28T03:52:22.182+03:00 [s2] [O] > S7BP160R5-XXXXXXXXXXXXXXXXXXXXXXXXXXXXXXXXXXXXXXXXXXXXXXXXXXXXXXXXXXXXXXXXXXXXXXXXXXXXXXXXXXXXXXXXXXXXXXXXXXXXXXXXXXXXXXXXXXXXXXXXXXXXXXXXXXXXXXXXXXXXXXXXXXXXXX
2026-09-28T03:52:22.186+03:00 [s2] [O] DELIVERY WAIT_ACK user=EBE8/647 attempt=1/5 timeout=724ms queue=0
2026-09-28T03:52:22.215+03:00 [s1] [O] PEER_REPORT our_seq=640 TX=-50/10 Q100
2026-09-28T03:52:22.260+03:00 [s1] [O] 
2026-09-28T03:52:22.303+03:00 [s1] [O] RX USER session=EBE8 seq=647 frame=172B user=160B RX=-48/10 Q97 disposition=0
2026-09-28T03:52:22.400+03:00 [s2] [O] PEER_REPORT our_seq=647 TX=-48/10 Q97
2026-09-28T03:52:22.409+03:00 [s2] [O] 
2026-09-28T03:52:22.409+03:00 [s2] [O] RX ACK session=118C seq=641 ack_to=EBE8/647 frame=14B RX=-48/10 Q100
2026-09-28T03:52:22.415+03:00 [s2] [O] DELIVERY ACK user=EBE8/647 attempts=1/5 elapsed=238ms queue=0
2026-09-28T03:52:22.417+03:00 [s2] [I] S7BP160R6-XXXXXXXXXXXXXXXXXXXXXXXXXXXXXXXXXXXXXXXXXXXXXXXXXXXXXXXXXXXXXXXXXXXXXXXXXXXXXXXXXXXXXXXXXXXXXXXXXXXXXXXXXXXXXXXXXXXXXXXXXXXXXXXXXXXXXXXXXXXXXXXXXXXXXX
2026-09-28T03:52:22.484+03:00 [s1] [O] < [-48/10 Q97] S7BP160R5-XXXXXXXXXXXXXXXXXXXXXXXXXXXXXXXXXXXXXXXXXXXXXXXXXXXXXXXXXXXXXXXXXXXXXXXXXXXXXXXXXXXXXXXXXXXXXXXXXXXXXXXXXXXXXXXXXXXXXXXXXXXXXXXXXXXXXXXXXXXXXXXXXXXXXX
2026-09-28T03:52:22.496+03:00 [s1] [O] 
2026-09-28T03:52:22.502+03:00 [s2] [O] DELIVERY QUEUED source=2 bytes=160 waiting=1/8 in_flight=0
2026-09-28T03:52:22.535+03:00 [s1] [O] TX ACK seq=641 ack_to=EBE8/647 frame=14B OK time=25 ms guard=500ms
2026-09-28T03:52:22.626+03:00 [s1] [O] PEER_REPORT our_seq=641 TX=-48/10 Q100
2026-09-28T03:52:22.633+03:00 [s2] [O] 
2026-09-28T03:52:22.643+03:00 [s2] [O] TX USER seq=648 frame=172B user=160B attempt=1/5 OK time=139 ms
2026-09-28T03:52:22.650+03:00 [s2] [O] > S7BP160R6-XXXXXXXXXXXXXXXXXXXXXXXXXXXXXXXXXXXXXXXXXXXXXXXXXXXXXXXXXXXXXXXXXXXXXXXXXXXXXXXXXXXXXXXXXXXXXXXXXXXXXXXXXXXXXXXXXXXXXXXXXXXXXXXXXXXXXXXXXXXXXXXXXXXXXX
2026-09-28T03:52:22.652+03:00 [s2] [O] DELIVERY WAIT_ACK user=EBE8/648 attempt=1/5 timeout=724ms queue=0
2026-09-28T03:52:22.669+03:00 [s1] [O] 
2026-09-28T03:52:22.719+03:00 [s1] [O] RX USER session=EBE8 seq=648 frame=172B user=160B RX=-47/10 Q97 disposition=0
2026-09-28T03:52:22.856+03:00 [s2] [O] PEER_REPORT our_seq=648 TX=-47/10 Q97
2026-09-28T03:52:22.873+03:00 [s2] [O] 
2026-09-28T03:52:22.875+03:00 [s2] [O] RX ACK session=118C seq=642 ack_to=EBE8/648 frame=14B RX=-48/10 Q100
2026-09-28T03:52:22.877+03:00 [s2] [O] DELIVERY ACK user=EBE8/648 attempts=1/5 elapsed=238ms queue=0
2026-09-28T03:52:22.879+03:00 [s2] [I] S7BP160R7-XXXXXXXXXXXXXXXXXXXXXXXXXXXXXXXXXXXXXXXXXXXXXXXXXXXXXXXXXXXXXXXXXXXXXXXXXXXXXXXXXXXXXXXXXXXXXXXXXXXXXXXXXXXXXXXXXXXXXXXXXXXXXXXXXXXXXXXXXXXXXXXXXXXXXX
2026-09-28T03:52:22.934+03:00 [s1] [O] < [-47/10 Q97] S7BP160R6-XXXXXXXXXXXXXXXXXXXXXXXXXXXXXXXXXXXXXXXXXXXXXXXXXXXXXXXXXXXXXXXXXXXXXXXXXXXXXXXXXXXXXXXXXXXXXXXXXXXXXXXXXXXXXXXXXXXXXXXXXXXXXXXXXXXXXXXXXXXXXXXXXXXXXX
2026-09-28T03:52:22.937+03:00 [s1] [O] 
2026-09-28T03:52:22.951+03:00 [s2] [O] DELIVERY QUEUED source=2 bytes=160 waiting=1/8 in_flight=0
2026-09-28T03:52:22.985+03:00 [s1] [O] TX ACK seq=642 ack_to=EBE8/648 frame=14B OK time=25 ms guard=500ms
2026-09-28T03:52:23.076+03:00 [s2] [O] 
2026-09-28T03:52:23.078+03:00 [s1] [O] PEER_REPORT our_seq=642 TX=-48/10 Q100
2026-09-28T03:52:23.080+03:00 [s2] [O] TX USER seq=649 frame=172B user=160B attempt=1/5 OK time=140 ms
2026-09-28T03:52:23.092+03:00 [s2] [O] > S7BP160R7-XXXXXXXXXXXXXXXXXXXXXXXXXXXXXXXXXXXXXXXXXXXXXXXXXXXXXXXXXXXXXXXXXXXXXXXXXXXXXXXXXXXXXXXXXXXXXXXXXXXXXXXXXXXXXXXXXXXXXXXXXXXXXXXXXXXXXXXXXXXXXXXXXXXXXX
2026-09-28T03:52:23.095+03:00 [s2] [O] DELIVERY WAIT_ACK user=EBE8/649 attempt=1/5 timeout=724ms queue=0
2026-09-28T03:52:23.159+03:00 [s1] [O] 
2026-09-28T03:52:23.215+03:00 [s1] [O] RX USER session=EBE8 seq=649 frame=172B user=160B RX=-45/10 Q97 disposition=0
2026-09-28T03:52:23.307+03:00 [s2] [O] PEER_REPORT our_seq=649 TX=-45/10 Q97
2026-09-28T03:52:23.311+03:00 [s2] [O] 
2026-09-28T03:52:23.313+03:00 [s2] [O] RX ACK session=118C seq=643 ack_to=EBE8/649 frame=14B RX=-41/8 Q100
2026-09-28T03:52:23.313+03:00 [s2] [O] DELIVERY ACK user=EBE8/649 attempts=1/5 elapsed=238ms queue=0
2026-09-28T03:52:23.316+03:00 [s2] [I] S7BP160R8-XXXXXXXXXXXXXXXXXXXXXXXXXXXXXXXXXXXXXXXXXXXXXXXXXXXXXXXXXXXXXXXXXXXXXXXXXXXXXXXXXXXXXXXXXXXXXXXXXXXXXXXXXXXXXXXXXXXXXXXXXXXXXXXXXXXXXXXXXXXXXXXXXXXXXX
2026-09-28T03:52:23.399+03:00 [s1] [O] < [-45/10 Q97] S7BP160R7-XXXXXXXXXXXXXXXXXXXXXXXXXXXXXXXXXXXXXXXXXXXXXXXXXXXXXXXXXXXXXXXXXXXXXXXXXXXXXXXXXXXXXXXXXXXXXXXXXXXXXXXXXXXXXXXXXXXXXXXXXXXXXXXXXXXXXXXXXXXXXXXXXXXXXX
2026-09-28T03:52:23.405+03:00 [s2] [O] DELIVERY QUEUED source=2 bytes=160 waiting=1/8 in_flight=0
2026-09-28T03:52:23.428+03:00 [s1] [O] 
2026-09-28T03:52:23.473+03:00 [s1] [O] TX ACK seq=643 ack_to=EBE8/649 frame=14B OK time=25 ms guard=500ms
2026-09-28T03:52:23.565+03:00 [s1] [O] PEER_REPORT our_seq=643 TX=-41/8 Q100
2026-09-28T03:52:23.577+03:00 [s2] [O] 
2026-09-28T03:52:23.577+03:00 [s2] [O] TX USER seq=650 frame=172B user=160B attempt=1/5 OK time=140 ms
2026-09-28T03:52:23.578+03:00 [s2] [O] > S7BP160R8-XXXXXXXXXXXXXXXXXXXXXXXXXXXXXXXXXXXXXXXXXXXXXXXXXXXXXXXXXXXXXXXXXXXXXXXXXXXXXXXXXXXXXXXXXXXXXXXXXXXXXXXXXXXXXXXXXXXXXXXXXXXXXXXXXXXXXXXXXXXXXXXXXXXXXX
2026-09-28T03:52:23.583+03:00 [s2] [O] DELIVERY WAIT_ACK user=EBE8/650 attempt=1/5 timeout=724ms queue=0
2026-09-28T03:52:23.607+03:00 [s1] [O] 
2026-09-28T03:52:23.653+03:00 [s1] [O] RX USER session=EBE8 seq=650 frame=172B user=160B RX=-38/3 Q97 disposition=0
2026-09-28T03:52:23.747+03:00 [s2] [O] PEER_REPORT our_seq=650 TX=-38/3 Q97
2026-09-28T03:52:23.754+03:00 [s2] [O] 
2026-09-28T03:52:23.764+03:00 [s2] [O] RX ACK session=118C seq=644 ack_to=EBE8/650 frame=14B RX=-43/2 Q100
2026-09-28T03:52:23.765+03:00 [s2] [O] DELIVERY ACK user=EBE8/650 attempts=1/5 elapsed=238ms queue=0
2026-09-28T03:52:23.767+03:00 [s2] [I] S7BP160R9-XXXXXXXXXXXXXXXXXXXXXXXXXXXXXXXXXXXXXXXXXXXXXXXXXXXXXXXXXXXXXXXXXXXXXXXXXXXXXXXXXXXXXXXXXXXXXXXXXXXXXXXXXXXXXXXXXXXXXXXXXXXXXXXXXXXXXXXXXXXXXXXXXXXXXX
2026-09-28T03:52:23.843+03:00 [s1] [O] < [-38/3 Q97] S7BP160R8-XXXXXXXXXXXXXXXXXXXXXXXXXXXXXXXXXXXXXXXXXXXXXXXXXXXXXXXXXXXXXXXXXXXXXXXXXXXXXXXXXXXXXXXXXXXXXXXXXXXXXXXXXXXXXXXXXXXXXXXXXXXXXXXXXXXXXXXXXXXXXXXXXXXXXX
2026-09-28T03:52:23.849+03:00 [s1] [O] 
2026-09-28T03:52:23.851+03:00 [s2] [O] DELIVERY QUEUED source=2 bytes=160 waiting=1/8 in_flight=0
2026-09-28T03:52:23.885+03:00 [s1] [O] TX ACK seq=644 ack_to=EBE8/650 frame=14B OK time=25 ms guard=500ms
2026-09-28T03:52:23.978+03:00 [s2] [O] 
2026-09-28T03:52:23.984+03:00 [s2] [O] TX USER seq=651 frame=172B user=160B attempt=1/5 OK time=140 ms
2026-09-28T03:52:23.992+03:00 [s1] [O] PEER_REPORT our_seq=644 TX=-43/2 Q100
2026-09-28T03:52:23.990+03:00 [s2] [O] > S7BP160R9-XXXXXXXXXXXXXXXXXXXXXXXXXXXXXXXXXXXXXXXXXXXXXXXXXXXXXXXXXXXXXXXXXXXXXXXXXXXXXXXXXXXXXXXXXXXXXXXXXXXXXXXXXXXXXXXXXXXXXXXXXXXXXXXXXXXXXXXXXXXXXXXXXXXXXX
2026-09-28T03:52:24.003+03:00 [s2] [O] DELIVERY WAIT_ACK user=EBE8/651 attempt=1/5 timeout=724ms queue=0
2026-09-28T03:52:24.012+03:00 [s1] [O] 
2026-09-28T03:52:24.058+03:00 [s1] [O] RX USER session=EBE8 seq=651 frame=172B user=160B RX=-43/10 Q97 disposition=0
2026-09-28T03:52:24.216+03:00 [s2] [O] PEER_REPORT our_seq=651 TX=-43/10 Q97
2026-09-28T03:52:24.219+03:00 [s2] [O] 
2026-09-28T03:52:24.224+03:00 [s2] [O] RX ACK session=118C seq=645 ack_to=EBE8/651 frame=14B RX=-41/8 Q100
2026-09-28T03:52:24.235+03:00 [s2] [O] DELIVERY ACK user=EBE8/651 attempts=1/5 elapsed=238ms queue=0
2026-09-28T03:52:24.238+03:00 [s2] [I] S7BP160R10-XXXXXXXXXXXXXXXXXXXXXXXXXXXXXXXXXXXXXXXXXXXXXXXXXXXXXXXXXXXXXXXXXXXXXXXXXXXXXXXXXXXXXXXXXXXXXXXXXXXXXXXXXXXXXXXXXXXXXXXXXXXXXXXXXXXXXXXXXXXXXXXXXXXXX
2026-09-28T03:52:24.328+03:00 [s1] [O] < [-43/10 Q97] S7BP160R9-XXXXXXXXXXXXXXXXXXXXXXXXXXXXXXXXXXXXXXXXXXXXXXXXXXXXXXXXXXXXXXXXXXXXXXXXXXXXXXXXXXXXXXXXXXXXXXXXXXXXXXXXXXXXXXXXXXXXXXXXXXXXXXXXXXXXXXXXXXXXXXXXXXXXXX
2026-09-28T03:52:24.330+03:00 [s1] [O] 
2026-09-28T03:52:24.386+03:00 [s1] [O] TX ACK seq=645 ack_to=EBE8/651 frame=14B OK time=25 ms guard=500ms
2026-09-28T03:52:24.386+03:00 [s2] [O] DELIVERY QUEUED source=2 bytes=160 waiting=1/8 in_flight=0
2026-09-28T03:52:24.465+03:00 [s1] [O] PEER_REPORT our_seq=645 TX=-41/8 Q100
2026-09-28T03:52:24.490+03:00 [s2] [O] 
2026-09-28T03:52:24.495+03:00 [s2] [O] TX USER seq=652 frame=172B user=160B attempt=1/5 OK time=140 ms
2026-09-28T03:52:24.501+03:00 [s2] [O] > S7BP160R10-XXXXXXXXXXXXXXXXXXXXXXXXXXXXXXXXXXXXXXXXXXXXXXXXXXXXXXXXXXXXXXXXXXXXXXXXXXXXXXXXXXXXXXXXXXXXXXXXXXXXXXXXXXXXXXXXXXXXXXXXXXXXXXXXXXXXXXXXXXXXXXXXXXXXX
2026-09-28T03:52:24.503+03:00 [s2] [O] DELIVERY WAIT_ACK user=EBE8/652 attempt=1/5 timeout=724ms queue=0
2026-09-28T03:52:24.513+03:00 [s1] [O] 
2026-09-28T03:52:24.560+03:00 [s1] [O] RX USER session=EBE8 seq=652 frame=172B user=160B RX=-42/7 Q97 disposition=0
2026-09-28T03:52:24.716+03:00 [s2] [O] PEER_REPORT our_seq=652 TX=-42/7 Q97
2026-09-28T03:52:24.721+03:00 [s2] [O] 
2026-09-28T03:52:24.723+03:00 [s2] [O] RX ACK session=118C seq=646 ack_to=EBE8/652 frame=14B RX=-39/6 Q100
2026-09-28T03:52:24.725+03:00 [s2] [O] DELIVERY ACK user=EBE8/652 attempts=1/5 elapsed=238ms queue=0
2026-09-28T03:52:24.728+03:00 [s1] [I] S7AP180R1-XXXXXXXXXXXXXXXXXXXXXXXXXXXXXXXXXXXXXXXXXXXXXXXXXXXXXXXXXXXXXXXXXXXXXXXXXXXXXXXXXXXXXXXXXXXXXXXXXXXXXXXXXXXXXXXXXXXXXXXXXXXXXXXXXXXXXXXXXXXXXXXXXXXXXXXXXXXXXXXXXXXXXXXXXX
2026-09-28T03:52:24.780+03:00 [s1] [O] < [-42/7 Q97] S7BP160R10-XXXXXXXXXXXXXXXXXXXXXXXXXXXXXXXXXXXXXXXXXXXXXXXXXXXXXXXXXXXXXXXXXXXXXXXXXXXXXXXXXXXXXXXXXXXXXXXXXXXXXXXXXXXXXXXXXXXXXXXXXXXXXXXXXXXXXXXXXXXXXXXXXXXXX
2026-09-28T03:52:24.788+03:00 [s1] [O] 
2026-09-28T03:52:24.830+03:00 [s1] [O] TX ACK seq=646 ack_to=EBE8/652 frame=14B OK time=25 ms guard=500ms
2026-09-28T03:52:24.936+03:00 [s2] [O] PEER_REPORT our_seq=652 TX=-42/7 Q97
2026-09-28T03:52:24.938+03:00 [s2] [O] 
2026-09-28T03:52:24.943+03:00 [s2] [O] RX USER session=118C seq=647 frame=192B user=180B RX=-42/11 Q100 disposition=0
2026-09-28T03:52:24.957+03:00 [s1] [O] DELIVERY QUEUED source=2 bytes=180 waiting=1/8 in_flight=0
2026-09-28T03:52:24.969+03:00 [s2] [O] < [-42/11 Q100] S7AP180R1-XXXXXXXXXXXXXXXXXXXXXXXXXXXXXXXXXXXXXXXXXXXXXXXXXXXXXXXXXXXXXXXXXXXXXXXXXXXXXXXXXXXXXXXXXXXXXXXXXXXXXXXXXXXXXXXXXXXXXXXXXXXXXXXXXXXXXXXXXXXXXXXXXXXXXXXXXXXXXXXXXXXXXXXXXX
2026-09-28T03:52:25.007+03:00 [s1] [O] 
2026-09-28T03:52:25.055+03:00 [s1] [O] TX USER seq=647 frame=192B user=180B attempt=1/5 OK time=156 ms
2026-09-28T03:52:25.152+03:00 [s2] [O] 
2026-09-28T03:52:25.156+03:00 [s2] [O] TX ACK seq=653 ack_to=118C/647 frame=14B OK time=24 ms guard=500ms
2026-09-28T03:52:25.228+03:00 [s1] [O] > S7AP180R1-XXXXXXXXXXXXXXXXXXXXXXXXXXXXXXXXXXXXXXXXXXXXXXXXXXXXXXXXXXXXXXXXXXXXXXXXXXXXXXXXXXXXXXXXXXXXXXXXXXXXXXXXXXXXXXXXXXXXXXXXXXXXXXXXXXXXXXXXXXXXXXXXXXXXXXXXXXXXXXXXXXXXXXXXXX
2026-09-28T03:52:25.284+03:00 [s1] [O] DELIVERY WAIT_ACK user=118C/647 attempt=1/5 timeout=724ms queue=0
2026-09-28T03:52:25.363+03:00 [s1] [O] PEER_REPORT our_seq=647 TX=-42/11 Q100
2026-09-28T03:52:25.417+03:00 [s1] [O] 
2026-09-28T03:52:25.468+03:00 [s1] [O] RX ACK session=EBE8 seq=653 ack_to=118C/647 frame=14B RX=-44/10 Q97
2026-09-28T03:52:25.632+03:00 [s1] [O] DELIVERY ACK user=118C/647 attempts=1/5 elapsed=234ms queue=0
2026-09-28T03:52:25.640+03:00 [s1] [I] S7AP180R2-XXXXXXXXXXXXXXXXXXXXXXXXXXXXXXXXXXXXXXXXXXXXXXXXXXXXXXXXXXXXXXXXXXXXXXXXXXXXXXXXXXXXXXXXXXXXXXXXXXXXXXXXXXXXXXXXXXXXXXXXXXXXXXXXXXXXXXXXXXXXXXXXXXXXXXXXXXXXXXXXXXXXXXXXXX
2026-09-28T03:52:25.736+03:00 [s1] [O] DELIVERY QUEUED source=2 bytes=180 waiting=1/8 in_flight=0
2026-09-28T03:52:25.857+03:00 [s1] [O] 
2026-09-28T03:52:25.872+03:00 [s2] [O] PEER_REPORT our_seq=653 TX=-44/10 Q97
2026-09-28T03:52:25.883+03:00 [s2] [O] 
2026-09-28T03:52:25.886+03:00 [s2] [O] RX USER session=118C seq=648 frame=192B user=180B RX=-38/3 Q100 disposition=0
2026-09-28T03:52:25.905+03:00 [s1] [O] TX USER seq=648 frame=192B user=180B attempt=1/5 OK time=156 ms
2026-09-28T03:52:25.915+03:00 [s2] [O] < [-38/3 Q100] S7AP180R2-XXXXXXXXXXXXXXXXXXXXXXXXXXXXXXXXXXXXXXXXXXXXXXXXXXXXXXXXXXXXXXXXXXXXXXXXXXXXXXXXXXXXXXXXXXXXXXXXXXXXXXXXXXXXXXXXXXXXXXXXXXXXXXXXXXXXXXXXXXXXXXXXXXXXXXXXXXXXXXXXXXXXXXXXXX
2026-09-28T03:52:26.087+03:00 [s2] [O] 
2026-09-28T03:52:26.101+03:00 [s2] [O] TX ACK seq=654 ack_to=118C/648 frame=14B OK time=24 ms guard=500ms
2026-09-28T03:52:26.129+03:00 [s1] [O] > S7AP180R2-XXXXXXXXXXXXXXXXXXXXXXXXXXXXXXXXXXXXXXXXXXXXXXXXXXXXXXXXXXXXXXXXXXXXXXXXXXXXXXXXXXXXXXXXXXXXXXXXXXXXXXXXXXXXXXXXXXXXXXXXXXXXXXXXXXXXXXXXXXXXXXXXXXXXXXXXXXXXXXXXXXXXXXXXXX
2026-09-28T03:52:26.173+03:00 [s1] [O] DELIVERY WAIT_ACK user=118C/648 attempt=1/5 timeout=724ms queue=0
2026-09-28T03:52:26.225+03:00 [s1] [O] PEER_REPORT our_seq=648 TX=-38/3 Q100
2026-09-28T03:52:26.262+03:00 [s1] [O] 
2026-09-28T03:52:26.352+03:00 [s1] [O] RX ACK session=EBE8 seq=654 ack_to=118C/648 frame=14B RX=-42/2 Q97
2026-09-28T03:52:26.450+03:00 [s1] [O] DELIVERY ACK user=118C/648 attempts=1/5 elapsed=238ms queue=0
2026-09-28T03:52:26.456+03:00 [s1] [I] S7AP180R3-XXXXXXXXXXXXXXXXXXXXXXXXXXXXXXXXXXXXXXXXXXXXXXXXXXXXXXXXXXXXXXXXXXXXXXXXXXXXXXXXXXXXXXXXXXXXXXXXXXXXXXXXXXXXXXXXXXXXXXXXXXXXXXXXXXXXXXXXXXXXXXXXXXXXXXXXXXXXXXXXXXXXXXXXXX
2026-09-28T03:52:26.581+03:00 [s1] [O] DELIVERY QUEUED source=2 bytes=180 waiting=1/8 in_flight=0
2026-09-28T03:52:26.670+03:00 [s1] [O] 
2026-09-28T03:52:26.680+03:00 [s2] [O] PEER_REPORT our_seq=654 TX=-42/2 Q97
2026-09-28T03:52:26.686+03:00 [s2] [O] 
2026-09-28T03:52:26.689+03:00 [s2] [O] RX USER session=118C seq=649 frame=192B user=180B RX=-44/8 Q100 disposition=0
2026-09-28T03:52:26.713+03:00 [s1] [O] TX USER seq=649 frame=192B user=180B attempt=1/5 OK time=156 ms
2026-09-28T03:52:26.733+03:00 [s2] [O] < [-44/8 Q100] S7AP180R3-XXXXXXXXXXXXXXXXXXXXXXXXXXXXXXXXXXXXXXXXXXXXXXXXXXXXXXXXXXXXXXXXXXXXXXXXXXXXXXXXXXXXXXXXXXXXXXXXXXXXXXXXXXXXXXXXXXXXXXXXXXXXXXXXXXXXXXXXXXXXXXXXXXXXXXXXXXXXXXXXXXXXXXXXXX
2026-09-28T03:52:26.895+03:00 [s1] [O] > S7AP180R3-XXXXXXXXXXXXXXXXXXXXXXXXXXXXXXXXXXXXXXXXXXXXXXXXXXXXXXXXXXXXXXXXXXXXXXXXXXXXXXXXXXXXXXXXXXXXXXXXXXXXXXXXXXXXXXXXXXXXXXXXXXXXXXXXXXXXXXXXXXXXXXXXXXXXXXXXXXXXXXXXXXXXXXXXXX
2026-09-28T03:52:26.903+03:00 [s2] [O] 
2026-09-28T03:52:26.904+03:00 [s2] [O] TX ACK seq=655 ack_to=118C/649 frame=14B OK time=24 ms guard=500ms
2026-09-28T03:52:26.937+03:00 [s1] [O] DELIVERY WAIT_ACK user=118C/649 attempt=1/5 timeout=724ms queue=0
2026-09-28T03:52:26.991+03:00 [s1] [O] PEER_REPORT our_seq=649 TX=-44/9 Q100
2026-09-28T03:52:27.035+03:00 [s1] [O] 
2026-09-28T03:52:27.081+03:00 [s1] [O] RX ACK session=EBE8 seq=655 ack_to=118C/649 frame=14B RX=-45/9 Q97
2026-09-28T03:52:27.209+03:00 [s1] [O] DELIVERY ACK user=118C/649 attempts=1/5 elapsed=239ms queue=0
2026-09-28T03:52:27.219+03:00 [s1] [I] S7AP180R4-XXXXXXXXXXXXXXXXXXXXXXXXXXXXXXXXXXXXXXXXXXXXXXXXXXXXXXXXXXXXXXXXXXXXXXXXXXXXXXXXXXXXXXXXXXXXXXXXXXXXXXXXXXXXXXXXXXXXXXXXXXXXXXXXXXXXXXXXXXXXXXXXXXXXXXXXXXXXXXXXXXXXXXXXXX
2026-09-28T03:52:27.307+03:00 [s1] [O] DELIVERY QUEUED source=2 bytes=180 waiting=1/8 in_flight=0
2026-09-28T03:52:27.435+03:00 [s1] [O] 
2026-09-28T03:52:27.455+03:00 [s2] [O] PEER_REPORT our_seq=655 TX=-45/9 Q97
2026-09-28T03:52:27.460+03:00 [s2] [O] 
2026-09-28T03:52:27.462+03:00 [s2] [O] RX USER session=118C seq=650 frame=192B user=180B RX=-43/8 Q100 disposition=0
2026-09-28T03:52:27.480+03:00 [s1] [O] TX USER seq=650 frame=192B user=180B attempt=1/5 OK time=156 ms
2026-09-28T03:52:27.503+03:00 [s2] [O] < [-43/8 Q100] S7AP180R4-XXXXXXXXXXXXXXXXXXXXXXXXXXXXXXXXXXXXXXXXXXXXXXXXXXXXXXXXXXXXXXXXXXXXXXXXXXXXXXXXXXXXXXXXXXXXXXXXXXXXXXXXXXXXXXXXXXXXXXXXXXXXXXXXXXXXXXXXXXXXXXXXXXXXXXXXXXXXXXXXXXXXXXXXXX
2026-09-28T03:52:27.657+03:00 [s1] [O] > S7AP180R4-XXXXXXXXXXXXXXXXXXXXXXXXXXXXXXXXXXXXXXXXXXXXXXXXXXXXXXXXXXXXXXXXXXXXXXXXXXXXXXXXXXXXXXXXXXXXXXXXXXXXXXXXXXXXXXXXXXXXXXXXXXXXXXXXXXXXXXXXXXXXXXXXXXXXXXXXXXXXXXXXXXXXXXXXXX
2026-09-28T03:52:27.669+03:00 [s2] [O] 
2026-09-28T03:52:27.670+03:00 [s2] [O] TX ACK seq=656 ack_to=118C/650 frame=14B OK time=24 ms guard=500ms
2026-09-28T03:52:27.747+03:00 [s1] [O] DELIVERY WAIT_ACK user=118C/650 attempt=1/5 timeout=724ms queue=0
2026-09-28T03:52:27.802+03:00 [s1] [O] PEER_REPORT our_seq=650 TX=-43/8 Q100
2026-09-28T03:52:27.856+03:00 [s1] [O] 
2026-09-28T03:52:27.891+03:00 [s1] [O] RX ACK session=EBE8 seq=656 ack_to=118C/650 frame=14B RX=-41/3 Q97
2026-09-28T03:52:28.017+03:00 [s1] [O] DELIVERY ACK user=118C/650 attempts=1/5 elapsed=239ms queue=0
2026-09-28T03:52:28.024+03:00 [s1] [I] S7AP180R5-XXXXXXXXXXXXXXXXXXXXXXXXXXXXXXXXXXXXXXXXXXXXXXXXXXXXXXXXXXXXXXXXXXXXXXXXXXXXXXXXXXXXXXXXXXXXXXXXXXXXXXXXXXXXXXXXXXXXXXXXXXXXXXXXXXXXXXXXXXXXXXXXXXXXXXXXXXXXXXXXXXXXXXXXXX
2026-09-28T03:52:28.121+03:00 [s1] [O] DELIVERY QUEUED source=2 bytes=180 waiting=1/8 in_flight=0
2026-09-28T03:52:28.245+03:00 [s1] [O] 
2026-09-28T03:52:28.266+03:00 [s2] [O] PEER_REPORT our_seq=656 TX=-41/3 Q97
2026-09-28T03:52:28.271+03:00 [s2] [O] 
2026-09-28T03:52:28.279+03:00 [s2] [O] RX USER session=118C seq=651 frame=192B user=180B RX=-40/1 Q100 disposition=0
2026-09-28T03:52:28.286+03:00 [s1] [O] TX USER seq=651 frame=192B user=180B attempt=1/5 OK time=156 ms
2026-09-28T03:52:28.308+03:00 [s2] [O] < [-40/1 Q100] S7AP180R5-XXXXXXXXXXXXXXXXXXXXXXXXXXXXXXXXXXXXXXXXXXXXXXXXXXXXXXXXXXXXXXXXXXXXXXXXXXXXXXXXXXXXXXXXXXXXXXXXXXXXXXXXXXXXXXXXXXXXXXXXXXXXXXXXXXXXXXXXXXXXXXXXXXXXXXXXXXXXXXXXXXXXXXXXXX
2026-09-28T03:52:28.480+03:00 [s2] [O] 
2026-09-28T03:52:28.481+03:00 [s2] [O] TX ACK seq=657 ack_to=118C/651 frame=14B OK time=24 ms guard=500ms
2026-09-28T03:52:28.519+03:00 [s1] [O] > S7AP180R5-XXXXXXXXXXXXXXXXXXXXXXXXXXXXXXXXXXXXXXXXXXXXXXXXXXXXXXXXXXXXXXXXXXXXXXXXXXXXXXXXXXXXXXXXXXXXXXXXXXXXXXXXXXXXXXXXXXXXXXXXXXXXXXXXXXXXXXXXXXXXXXXXXXXXXXXXXXXXXXXXXXXXXXXXXX
2026-09-28T03:52:28.570+03:00 [s1] [O] DELIVERY WAIT_ACK user=118C/651 attempt=1/5 timeout=724ms queue=0
2026-09-28T03:52:28.659+03:00 [s1] [O] PEER_REPORT our_seq=651 TX=-40/1 Q100
2026-09-28T03:52:28.695+03:00 [s1] [O] 
2026-09-28T03:52:28.744+03:00 [s1] [O] RX ACK session=EBE8 seq=657 ack_to=118C/651 frame=14B RX=-39/5 Q97
2026-09-28T03:52:28.872+03:00 [s1] [O] DELIVERY ACK user=118C/651 attempts=1/5 elapsed=236ms queue=0
2026-09-28T03:52:28.884+03:00 [s1] [I] S7AP180R6-XXXXXXXXXXXXXXXXXXXXXXXXXXXXXXXXXXXXXXXXXXXXXXXXXXXXXXXXXXXXXXXXXXXXXXXXXXXXXXXXXXXXXXXXXXXXXXXXXXXXXXXXXXXXXXXXXXXXXXXXXXXXXXXXXXXXXXXXXXXXXXXXXXXXXXXXXXXXXXXXXXXXXXXXXX
2026-09-28T03:52:29.011+03:00 [s1] [O] DELIVERY QUEUED source=2 bytes=180 waiting=1/8 in_flight=0
2026-09-28T03:52:29.112+03:00 [s2] [O] PEER_REPORT our_seq=657 TX=-39/5 Q97
2026-09-28T03:52:29.120+03:00 [s2] [O] 
2026-09-28T03:52:29.125+03:00 [s2] [O] RX USER session=118C seq=652 frame=192B user=180B RX=-42/4 Q100 disposition=0
2026-09-28T03:52:29.145+03:00 [s1] [O] 
2026-09-28T03:52:29.188+03:00 [s1] [O] TX USER seq=652 frame=192B user=180B attempt=1/5 OK time=156 ms
2026-09-28T03:52:29.198+03:00 [s2] [O] < [-42/4 Q100] S7AP180R6-XXXXXXXXXXXXXXXXXXXXXXXXXXXXXXXXXXXXXXXXXXXXXXXXXXXXXXXXXXXXXXXXXXXXXXXXXXXXXXXXXXXXXXXXXXXXXXXXXXXXXXXXXXXXXXXXXXXXXXXXXXXXXXXXXXXXXXXXXXXXXXXXXXXXXXXXXXXXXXXXXXXXXXXXXX
2026-09-28T03:52:29.198+03:00 [s2] [O] 
2026-09-28T03:52:29.203+03:00 [s2] [O] SESSION t=3960s TX ok=662 user=289 echo_req=0 echo_rep=0 hb=70(idle=0) err=0 started=662 RX ok=659 user=304 echo_req=0 echo_rep=0 hb=70 crc=5 hdr=5 bad=1 readerr=0 reports=658 Q=100% drops=0 fatal=0
2026-09-28T03:52:29.209+03:00 [s2] [O] SESSION COURTESY window=5000ms peer_release=0 expired=0 yielding=0
2026-09-28T03:52:29.251+03:00 [s2] [O] SESSION DIO0_TX affected=0/662 episodes=0 avg_all=0.00 avg_affected=0.00 high_polls=0
2026-09-28T03:52:29.254+03:00 [s2] [O] SESSION RX_POLL polls=3694714 rxdone=670 interval=1000us DIO0_RX false_high_ep=0 high_polls=0 rxdone_low=2 isr=disabled
2026-09-28T03:52:29.339+03:00 [s2] [O] 
2026-09-28T03:52:29.343+03:00 [s2] [O] TX ACK seq=658 ack_to=118C/652 frame=14B OK time=25 ms guard=500ms
2026-09-28T03:52:29.368+03:00 [s1] [O] > S7AP180R6-XXXXXXXXXXXXXXXXXXXXXXXXXXXXXXXXXXXXXXXXXXXXXXXXXXXXXXXXXXXXXXXXXXXXXXXXXXXXXXXXXXXXXXXXXXXXXXXXXXXXXXXXXXXXXXXXXXXXXXXXXXXXXXXXXXXXXXXXXXXXXXXXXXXXXXXXXXXXXXXXXXXXXXXXXX
2026-09-28T03:52:29.414+03:00 [s1] [O] DELIVERY WAIT_ACK user=118C/652 attempt=1/5 timeout=724ms queue=0
2026-09-28T03:52:29.472+03:00 [s1] [O] PEER_REPORT our_seq=652 TX=-42/4 Q100
2026-09-28T03:52:29.518+03:00 [s1] [O] 
2026-09-28T03:52:29.564+03:00 [s1] [O] RX ACK session=EBE8 seq=658 ack_to=118C/652 frame=14B RX=-36/2 Q97
2026-09-28T03:52:29.683+03:00 [s1] [O] DELIVERY ACK user=118C/652 attempts=1/5 elapsed=238ms queue=0
2026-09-28T03:52:29.697+03:00 [s1] [I] S7AP180R7-XXXXXXXXXXXXXXXXXXXXXXXXXXXXXXXXXXXXXXXXXXXXXXXXXXXXXXXXXXXXXXXXXXXXXXXXXXXXXXXXXXXXXXXXXXXXXXXXXXXXXXXXXXXXXXXXXXXXXXXXXXXXXXXXXXXXXXXXXXXXXXXXXXXXXXXXXXXXXXXXXXXXXXXXXX
2026-09-28T03:52:29.778+03:00 [s1] [O] DELIVERY QUEUED source=2 bytes=180 waiting=1/8 in_flight=0
2026-09-28T03:52:29.927+03:00 [s2] [O] PEER_REPORT our_seq=658 TX=-36/3 Q97
2026-09-28T03:52:29.928+03:00 [s2] [O] 
2026-09-28T03:52:29.932+03:00 [s2] [O] RX USER session=118C seq=653 frame=192B user=180B RX=-42/0 Q100 disposition=0
2026-09-28T03:52:29.952+03:00 [s1] [O] 
2026-09-28T03:52:29.972+03:00 [s2] [O] < [-42/0 Q100] S7AP180R7-XXXXXXXXXXXXXXXXXXXXXXXXXXXXXXXXXXXXXXXXXXXXXXXXXXXXXXXXXXXXXXXXXXXXXXXXXXXXXXXXXXXXXXXXXXXXXXXXXXXXXXXXXXXXXXXXXXXXXXXXXXXXXXXXXXXXXXXXXXXXXXXXXXXXXXXXXXXXXXXXXXXXXXXXXX
2026-09-28T03:52:29.997+03:00 [s1] [O] TX USER seq=653 frame=192B user=180B attempt=1/5 OK time=156 ms
2026-09-28T03:52:30.148+03:00 [s2] [O] 
2026-09-28T03:52:30.168+03:00 [s2] [O] TX ACK seq=659 ack_to=118C/653 frame=14B OK time=24 ms guard=500ms
2026-09-28T03:52:30.224+03:00 [s1] [O] > S7AP180R7-XXXXXXXXXXXXXXXXXXXXXXXXXXXXXXXXXXXXXXXXXXXXXXXXXXXXXXXXXXXXXXXXXXXXXXXXXXXXXXXXXXXXXXXXXXXXXXXXXXXXXXXXXXXXXXXXXXXXXXXXXXXXXXXXXXXXXXXXXXXXXXXXXXXXXXXXXXXXXXXXXXXXXXXXXX
2026-09-28T03:52:30.267+03:00 [s1] [O] DELIVERY WAIT_ACK user=118C/653 attempt=1/5 timeout=724ms queue=0
2026-09-28T03:52:30.358+03:00 [s1] [O] PEER_REPORT our_seq=653 TX=-42/1 Q100
2026-09-28T03:52:30.402+03:00 [s1] [O] 
2026-09-28T03:52:30.450+03:00 [s1] [O] RX ACK session=EBE8 seq=659 ack_to=118C/653 frame=14B RX=-46/8 Q97
2026-09-28T03:52:30.546+03:00 [s1] [O] DELIVERY ACK user=118C/653 attempts=1/5 elapsed=237ms queue=0
2026-09-28T03:52:30.553+03:00 [s1] [I] S7AP180R8-XXXXXXXXXXXXXXXXXXXXXXXXXXXXXXXXXXXXXXXXXXXXXXXXXXXXXXXXXXXXXXXXXXXXXXXXXXXXXXXXXXXXXXXXXXXXXXXXXXXXXXXXXXXXXXXXXXXXXXXXXXXXXXXXXXXXXXXXXXXXXXXXXXXXXXXXXXXXXXXXXXXXXXXXXX
2026-09-28T03:52:30.673+03:00 [s1] [O] DELIVERY QUEUED source=2 bytes=180 waiting=1/8 in_flight=0
2026-09-28T03:52:30.762+03:00 [s1] [O] 
2026-09-28T03:52:30.786+03:00 [s2] [O] PEER_REPORT our_seq=659 TX=-46/8 Q97
2026-09-28T03:52:30.788+03:00 [s2] [O] 
2026-09-28T03:52:30.792+03:00 [s2] [O] RX USER session=118C seq=654 frame=192B user=180B RX=-42/8 Q100 disposition=0
2026-09-28T03:52:30.809+03:00 [s1] [O] TX USER seq=654 frame=192B user=180B attempt=1/5 OK time=156 ms
2026-09-28T03:52:30.820+03:00 [s2] [O] < [-42/8 Q100] S7AP180R8-XXXXXXXXXXXXXXXXXXXXXXXXXXXXXXXXXXXXXXXXXXXXXXXXXXXXXXXXXXXXXXXXXXXXXXXXXXXXXXXXXXXXXXXXXXXXXXXXXXXXXXXXXXXXXXXXXXXXXXXXXXXXXXXXXXXXXXXXXXXXXXXXXXXXXXXXXXXXXXXXXXXXXXXXXX
2026-09-28T03:52:30.987+03:00 [s1] [O] > S7AP180R8-XXXXXXXXXXXXXXXXXXXXXXXXXXXXXXXXXXXXXXXXXXXXXXXXXXXXXXXXXXXXXXXXXXXXXXXXXXXXXXXXXXXXXXXXXXXXXXXXXXXXXXXXXXXXXXXXXXXXXXXXXXXXXXXXXXXXXXXXXXXXXXXXXXXXXXXXXXXXXXXXXXXXXXXXXX
2026-09-28T03:52:31.006+03:00 [s2] [O] 
2026-09-28T03:52:31.020+03:00 [s2] [O] TX ACK seq=660 ack_to=118C/654 frame=14B OK time=24 ms guard=500ms
2026-09-28T03:52:31.033+03:00 [s1] [O] DELIVERY WAIT_ACK user=118C/654 attempt=1/5 timeout=724ms queue=0
2026-09-28T03:52:31.085+03:00 [s1] [O] PEER_REPORT our_seq=654 TX=-42/8 Q100
2026-09-28T03:52:31.122+03:00 [s1] [O] 
2026-09-28T03:52:31.183+03:00 [s1] [O] RX ACK session=EBE8 seq=660 ack_to=118C/654 frame=14B RX=-40/6 Q97
2026-09-28T03:52:31.302+03:00 [s1] [O] DELIVERY ACK user=118C/654 attempts=1/5 elapsed=238ms queue=0
2026-09-28T03:52:31.317+03:00 [s1] [I] S7AP180R9-XXXXXXXXXXXXXXXXXXXXXXXXXXXXXXXXXXXXXXXXXXXXXXXXXXXXXXXXXXXXXXXXXXXXXXXXXXXXXXXXXXXXXXXXXXXXXXXXXXXXXXXXXXXXXXXXXXXXXXXXXXXXXXXXXXXXXXXXXXXXXXXXXXXXXXXXXXXXXXXXXXXXXXXXXX
2026-09-28T03:52:31.405+03:00 [s1] [O] DELIVERY QUEUED source=2 bytes=180 waiting=1/8 in_flight=0
2026-09-28T03:52:31.531+03:00 [s1] [O] 
2026-09-28T03:52:31.542+03:00 [s2] [O] PEER_REPORT our_seq=660 TX=-40/6 Q97
2026-09-28T03:52:31.545+03:00 [s2] [O] 
2026-09-28T03:52:31.547+03:00 [s2] [O] RX USER session=118C seq=655 frame=192B user=180B RX=-42/9 Q100 disposition=0
2026-09-28T03:52:31.572+03:00 [s1] [O] TX USER seq=655 frame=192B user=180B attempt=1/5 OK time=156 ms
2026-09-28T03:52:31.595+03:00 [s2] [O] < [-42/9 Q100] S7AP180R9-XXXXXXXXXXXXXXXXXXXXXXXXXXXXXXXXXXXXXXXXXXXXXXXXXXXXXXXXXXXXXXXXXXXXXXXXXXXXXXXXXXXXXXXXXXXXXXXXXXXXXXXXXXXXXXXXXXXXXXXXXXXXXXXXXXXXXXXXXXXXXXXXXXXXXXXXXXXXXXXXXXXXXXXXXX
2026-09-28T03:52:31.752+03:00 [s1] [O] > S7AP180R9-XXXXXXXXXXXXXXXXXXXXXXXXXXXXXXXXXXXXXXXXXXXXXXXXXXXXXXXXXXXXXXXXXXXXXXXXXXXXXXXXXXXXXXXXXXXXXXXXXXXXXXXXXXXXXXXXXXXXXXXXXXXXXXXXXXXXXXXXXXXXXXXXXXXXXXXXXXXXXXXXXXXXXXXXXX
2026-09-28T03:52:31.768+03:00 [s2] [O] 
2026-09-28T03:52:31.771+03:00 [s2] [O] TX ACK seq=661 ack_to=118C/655 frame=14B OK time=24 ms guard=500ms
2026-09-28T03:52:31.798+03:00 [s1] [O] DELIVERY WAIT_ACK user=118C/655 attempt=1/5 timeout=724ms queue=0
2026-09-28T03:52:31.854+03:00 [s1] [O] PEER_REPORT our_seq=655 TX=-42/9 Q100
2026-09-28T03:52:31.895+03:00 [s1] [O] 
2026-09-28T03:52:31.951+03:00 [s1] [O] RX ACK session=EBE8 seq=661 ack_to=118C/655 frame=14B RX=-41/8 Q97
2026-09-28T03:52:32.112+03:00 [s1] [O] DELIVERY ACK user=118C/655 attempts=1/5 elapsed=240ms queue=0
2026-09-28T03:52:32.120+03:00 [s1] [I] S7AP180R10-XXXXXXXXXXXXXXXXXXXXXXXXXXXXXXXXXXXXXXXXXXXXXXXXXXXXXXXXXXXXXXXXXXXXXXXXXXXXXXXXXXXXXXXXXXXXXXXXXXXXXXXXXXXXXXXXXXXXXXXXXXXXXXXXXXXXXXXXXXXXXXXXXXXXXXXXXXXXXXXXXXXXXXXXX
2026-09-28T03:52:32.204+03:00 [s1] [O] DELIVERY QUEUED source=2 bytes=180 waiting=1/8 in_flight=0
2026-09-28T03:52:32.337+03:00 [s1] [O] 
2026-09-28T03:52:32.351+03:00 [s2] [O] PEER_REPORT our_seq=661 TX=-41/9 Q100
2026-09-28T03:52:32.367+03:00 [s2] [O] 
2026-09-28T03:52:32.370+03:00 [s2] [O] RX USER session=118C seq=656 frame=192B user=180B RX=-41/3 Q100 disposition=0
2026-09-28T03:52:32.381+03:00 [s1] [O] TX USER seq=656 frame=192B user=180B attempt=1/5 OK time=156 ms
2026-09-28T03:52:32.392+03:00 [s2] [O] < [-41/3 Q100] S7AP180R10-XXXXXXXXXXXXXXXXXXXXXXXXXXXXXXXXXXXXXXXXXXXXXXXXXXXXXXXXXXXXXXXXXXXXXXXXXXXXXXXXXXXXXXXXXXXXXXXXXXXXXXXXXXXXXXXXXXXXXXXXXXXXXXXXXXXXXXXXXXXXXXXXXXXXXXXXXXXXXXXXXXXXXXXXX
2026-09-28T03:52:32.566+03:00 [s1] [O] > S7AP180R10-XXXXXXXXXXXXXXXXXXXXXXXXXXXXXXXXXXXXXXXXXXXXXXXXXXXXXXXXXXXXXXXXXXXXXXXXXXXXXXXXXXXXXXXXXXXXXXXXXXXXXXXXXXXXXXXXXXXXXXXXXXXXXXXXXXXXXXXXXXXXXXXXXXXXXXXXXXXXXXXXXXXXXXXXX
2026-09-28T03:52:32.574+03:00 [s2] [O] 
2026-09-28T03:52:32.585+03:00 [s2] [O] TX ACK seq=662 ack_to=118C/656 frame=14B OK time=24 ms guard=500ms
2026-09-28T03:52:32.608+03:00 [s1] [O] DELIVERY WAIT_ACK user=118C/656 attempt=1/5 timeout=724ms queue=0
2026-09-28T03:52:32.699+03:00 [s1] [O] PEER_REPORT our_seq=656 TX=-41/3 Q100
2026-09-28T03:52:32.745+03:00 [s1] [O] 
2026-09-28T03:52:32.787+03:00 [s1] [O] RX ACK session=EBE8 seq=662 ack_to=118C/656 frame=14B RX=-39/3 Q100
2026-09-28T03:52:32.886+03:00 [s1] [O] DELIVERY ACK user=118C/656 attempts=1/5 elapsed=239ms queue=0
2026-09-28T03:52:32.892+03:00 [s2] [I] S7BP180R1-XXXXXXXXXXXXXXXXXXXXXXXXXXXXXXXXXXXXXXXXXXXXXXXXXXXXXXXXXXXXXXXXXXXXXXXXXXXXXXXXXXXXXXXXXXXXXXXXXXXXXXXXXXXXXXXXXXXXXXXXXXXXXXXXXXXXXXXXXXXXXXXXXXXXXXXXXXXXXXXXXXXXXXXXXX
2026-09-28T03:52:32.988+03:00 [s2] [O] DELIVERY QUEUED source=2 bytes=180 waiting=1/8 in_flight=0
2026-09-28T03:52:33.113+03:00 [s1] [O] PEER_REPORT our_seq=656 TX=-41/3 Q100
2026-09-28T03:52:33.113+03:00 [s2] [O] 
2026-09-28T03:52:33.116+03:00 [s2] [O] TX USER seq=663 frame=192B user=180B attempt=1/5 OK time=156 ms
2026-09-28T03:52:33.157+03:00 [s1] [O] 
2026-09-28T03:52:33.172+03:00 [s2] [O] > S7BP180R1-XXXXXXXXXXXXXXXXXXXXXXXXXXXXXXXXXXXXXXXXXXXXXXXXXXXXXXXXXXXXXXXXXXXXXXXXXXXXXXXXXXXXXXXXXXXXXXXXXXXXXXXXXXXXXXXXXXXXXXXXXXXXXXXXXXXXXXXXXXXXXXXXXXXXXXXXXXXXXXXXXXXXXXXXXX
2026-09-28T03:52:33.175+03:00 [s2] [O] DELIVERY WAIT_ACK user=EBE8/663 attempt=1/5 timeout=724ms queue=0
2026-09-28T03:52:33.195+03:00 [s1] [O] RX USER session=EBE8 seq=663 frame=192B user=180B RX=-40/2 Q100 disposition=0
2026-09-28T03:52:33.357+03:00 [s2] [O] PEER_REPORT our_seq=663 TX=-40/2 Q100
2026-09-28T03:52:33.359+03:00 [s2] [O] 
2026-09-28T03:52:33.360+03:00 [s2] [O] RX ACK session=118C seq=657 ack_to=EBE8/663 frame=14B RX=-45/8 Q100
2026-09-28T03:52:33.386+03:00 [s2] [O] DELIVERY ACK user=EBE8/663 attempts=1/5 elapsed=239ms queue=0
2026-09-28T03:52:33.388+03:00 [s2] [I] S7BP180R2-XXXXXXXXXXXXXXXXXXXXXXXXXXXXXXXXXXXXXXXXXXXXXXXXXXXXXXXXXXXXXXXXXXXXXXXXXXXXXXXXXXXXXXXXXXXXXXXXXXXXXXXXXXXXXXXXXXXXXXXXXXXXXXXXXXXXXXXXXXXXXXXXXXXXXXXXXXXXXXXXXXXXXXXXXX
2026-09-28T03:52:33.463+03:00 [s1] [O] < [-40/2 Q100] S7BP180R1-XXXXXXXXXXXXXXXXXXXXXXXXXXXXXXXXXXXXXXXXXXXXXXXXXXXXXXXXXXXXXXXXXXXXXXXXXXXXXXXXXXXXXXXXXXXXXXXXXXXXXXXXXXXXXXXXXXXXXXXXXXXXXXXXXXXXXXXXXXXXXXXXXXXXXXXXXXXXXXXXXXXXXXXXXX
2026-09-28T03:52:33.465+03:00 [s1] [O] 
2026-09-28T03:52:33.472+03:00 [s2] [O] DELIVERY QUEUED source=2 bytes=180 waiting=1/8 in_flight=0
2026-09-28T03:52:33.517+03:00 [s1] [O] TX ACK seq=657 ack_to=EBE8/663 frame=14B OK time=25 ms guard=500ms
2026-09-28T03:52:33.601+03:00 [s1] [O] PEER_REPORT our_seq=657 TX=-45/8 Q100
2026-09-28T03:52:33.619+03:00 [s2] [O] 
2026-09-28T03:52:33.620+03:00 [s2] [O] TX USER seq=664 frame=192B user=180B attempt=1/5 OK time=157 ms
2026-09-28T03:52:33.645+03:00 [s1] [O] 
2026-09-28T03:52:33.654+03:00 [s2] [O] > S7BP180R2-XXXXXXXXXXXXXXXXXXXXXXXXXXXXXXXXXXXXXXXXXXXXXXXXXXXXXXXXXXXXXXXXXXXXXXXXXXXXXXXXXXXXXXXXXXXXXXXXXXXXXXXXXXXXXXXXXXXXXXXXXXXXXXXXXXXXXXXXXXXXXXXXXXXXXXXXXXXXXXXXXXXXXXXXXX
2026-09-28T03:52:33.660+03:00 [s2] [O] DELIVERY WAIT_ACK user=EBE8/664 attempt=1/5 timeout=724ms queue=0
2026-09-28T03:52:33.695+03:00 [s1] [O] RX USER session=EBE8 seq=664 frame=192B user=180B RX=-43/3 Q100 disposition=0
2026-09-28T03:52:33.836+03:00 [s2] [O] PEER_REPORT our_seq=664 TX=-43/3 Q100
2026-09-28T03:52:33.841+03:00 [s2] [O] 
2026-09-28T03:52:33.841+03:00 [s2] [O] RX ACK session=118C seq=658 ack_to=EBE8/664 frame=14B RX=-41/3 Q100
2026-09-28T03:52:33.843+03:00 [s2] [O] DELIVERY ACK user=EBE8/664 attempts=1/5 elapsed=238ms queue=0
2026-09-28T03:52:33.845+03:00 [s2] [I] S7BP180R3-XXXXXXXXXXXXXXXXXXXXXXXXXXXXXXXXXXXXXXXXXXXXXXXXXXXXXXXXXXXXXXXXXXXXXXXXXXXXXXXXXXXXXXXXXXXXXXXXXXXXXXXXXXXXXXXXXXXXXXXXXXXXXXXXXXXXXXXXXXXXXXXXXXXXXXXXXXXXXXXXXXXXXXXXXX
2026-09-28T03:52:33.913+03:00 [s1] [O] < [-43/3 Q100] S7BP180R2-XXXXXXXXXXXXXXXXXXXXXXXXXXXXXXXXXXXXXXXXXXXXXXXXXXXXXXXXXXXXXXXXXXXXXXXXXXXXXXXXXXXXXXXXXXXXXXXXXXXXXXXXXXXXXXXXXXXXXXXXXXXXXXXXXXXXXXXXXXXXXXXXXXXXXXXXXXXXXXXXXXXXXXXXXX
2026-09-28T03:52:33.915+03:00 [s1] [O] 
2026-09-28T03:52:33.925+03:00 [s2] [O] DELIVERY QUEUED source=2 bytes=180 waiting=1/8 in_flight=0
2026-09-28T03:52:33.970+03:00 [s1] [O] TX ACK seq=658 ack_to=EBE8/664 frame=14B OK time=25 ms guard=500ms
2026-09-28T03:52:34.049+03:00 [s1] [O] PEER_REPORT our_seq=658 TX=-41/3 Q100
2026-09-28T03:52:34.064+03:00 [s2] [O] 
2026-09-28T03:52:34.067+03:00 [s2] [O] TX USER seq=665 frame=192B user=180B attempt=1/5 OK time=156 ms
2026-09-28T03:52:34.097+03:00 [s1] [O] 
2026-09-28T03:52:34.104+03:00 [s2] [O] > S7BP180R3-XXXXXXXXXXXXXXXXXXXXXXXXXXXXXXXXXXXXXXXXXXXXXXXXXXXXXXXXXXXXXXXXXXXXXXXXXXXXXXXXXXXXXXXXXXXXXXXXXXXXXXXXXXXXXXXXXXXXXXXXXXXXXXXXXXXXXXXXXXXXXXXXXXXXXXXXXXXXXXXXXXXXXXXXXX
2026-09-28T03:52:34.116+03:00 [s2] [O] DELIVERY WAIT_ACK user=EBE8/665 attempt=1/5 timeout=724ms queue=0
2026-09-28T03:52:34.149+03:00 [s1] [O] RX USER session=EBE8 seq=665 frame=192B user=180B RX=-42/2 Q100 disposition=0
2026-09-28T03:52:34.281+03:00 [s2] [O] PEER_REPORT our_seq=665 TX=-42/2 Q100
2026-09-28T03:52:34.282+03:00 [s2] [O] 
2026-09-28T03:52:34.295+03:00 [s2] [O] RX ACK session=118C seq=659 ack_to=EBE8/665 frame=14B RX=-37/1 Q100
2026-09-28T03:52:34.324+03:00 [s2] [O] DELIVERY ACK user=EBE8/665 attempts=1/5 elapsed=238ms queue=0
2026-09-28T03:52:34.330+03:00 [s2] [I] S7BP180R4-XXXXXXXXXXXXXXXXXXXXXXXXXXXXXXXXXXXXXXXXXXXXXXXXXXXXXXXXXXXXXXXXXXXXXXXXXXXXXXXXXXXXXXXXXXXXXXXXXXXXXXXXXXXXXXXXXXXXXXXXXXXXXXXXXXXXXXXXXXXXXXXXXXXXXXXXXXXXXXXXXXXXXXXXXX
2026-09-28T03:52:34.407+03:00 [s1] [O] < [-42/2 Q100] S7BP180R3-XXXXXXXXXXXXXXXXXXXXXXXXXXXXXXXXXXXXXXXXXXXXXXXXXXXXXXXXXXXXXXXXXXXXXXXXXXXXXXXXXXXXXXXXXXXXXXXXXXXXXXXXXXXXXXXXXXXXXXXXXXXXXXXXXXXXXXXXXXXXXXXXXXXXXXXXXXXXXXXXXXXXXXXXXX
2026-09-28T03:52:34.420+03:00 [s1] [O] 
2026-09-28T03:52:34.420+03:00 [s2] [O] DELIVERY QUEUED source=2 bytes=180 waiting=1/8 in_flight=0
2026-09-28T03:52:34.464+03:00 [s1] [O] TX ACK seq=659 ack_to=EBE8/665 frame=14B OK time=25 ms guard=500ms
2026-09-28T03:52:34.556+03:00 [s2] [O] 
2026-09-28T03:52:34.565+03:00 [s2] [O] TX USER seq=666 frame=192B user=180B attempt=1/5 OK time=156 ms
2026-09-28T03:52:34.604+03:00 [s2] [O] > S7BP180R4-XXXXXXXXXXXXXXXXXXXXXXXXXXXXXXXXXXXXXXXXXXXXXXXXXXXXXXXXXXXXXXXXXXXXXXXXXXXXXXXXXXXXXXXXXXXXXXXXXXXXXXXXXXXXXXXXXXXXXXXXXXXXXXXXXXXXXXXXXXXXXXXXXXXXXXXXXXXXXXXXXXXXXXXXXX
2026-09-28T03:52:34.604+03:00 [s2] [O] DELIVERY WAIT_ACK user=EBE8/666 attempt=1/5 timeout=724ms queue=0
2026-09-28T03:52:34.632+03:00 [s1] [O] PEER_REPORT our_seq=659 TX=-37/1 Q100
2026-09-28T03:52:34.677+03:00 [s1] [O] 
2026-09-28T03:52:34.724+03:00 [s1] [O] RX USER session=EBE8 seq=666 frame=192B user=180B RX=-44/10 Q100 disposition=0
2026-09-28T03:52:34.782+03:00 [s2] [O] PEER_REPORT our_seq=666 TX=-44/10 Q100
2026-09-28T03:52:34.789+03:00 [s2] [O] 
2026-09-28T03:52:34.798+03:00 [s2] [O] RX ACK session=118C seq=660 ack_to=EBE8/666 frame=14B RX=-47/10 Q100
2026-09-28T03:52:34.823+03:00 [s2] [O] DELIVERY ACK user=EBE8/666 attempts=1/5 elapsed=238ms queue=0
2026-09-28T03:52:34.835+03:00 [s2] [I] S7BP180R5-XXXXXXXXXXXXXXXXXXXXXXXXXXXXXXXXXXXXXXXXXXXXXXXXXXXXXXXXXXXXXXXXXXXXXXXXXXXXXXXXXXXXXXXXXXXXXXXXXXXXXXXXXXXXXXXXXXXXXXXXXXXXXXXXXXXXXXXXXXXXXXXXXXXXXXXXXXXXXXXXXXXXXXXXXX
2026-09-28T03:52:34.914+03:00 [s2] [O] DELIVERY QUEUED source=2 bytes=180 waiting=1/8 in_flight=0
2026-09-28T03:52:35.003+03:00 [s1] [O] < [-44/10 Q100] S7BP180R4-XXXXXXXXXXXXXXXXXXXXXXXXXXXXXXXXXXXXXXXXXXXXXXXXXXXXXXXXXXXXXXXXXXXXXXXXXXXXXXXXXXXXXXXXXXXXXXXXXXXXXXXXXXXXXXXXXXXXXXXXXXXXXXXXXXXXXXXXXXXXXXXXXXXXXXXXXXXXXXXXXXXXXXXXXX
2026-09-28T03:52:35.037+03:00 [s1] [O] 
2026-09-28T03:52:35.042+03:00 [s2] [O] 
2026-09-28T03:52:35.056+03:00 [s2] [O] TX USER seq=667 frame=192B user=180B attempt=1/5 OK time=156 ms
2026-09-28T03:52:35.082+03:00 [s1] [O] TX ACK seq=660 ack_to=EBE8/666 frame=14B OK time=25 ms guard=500ms
2026-09-28T03:52:35.137+03:00 [s2] [O] > S7BP180R5-XXXXXXXXXXXXXXXXXXXXXXXXXXXXXXXXXXXXXXXXXXXXXXXXXXXXXXXXXXXXXXXXXXXXXXXXXXXXXXXXXXXXXXXXXXXXXXXXXXXXXXXXXXXXXXXXXXXXXXXXXXXXXXXXXXXXXXXXXXXXXXXXXXXXXXXXXXXXXXXXXXXXXXXXXX
2026-09-28T03:52:35.144+03:00 [s2] [O] DELIVERY WAIT_ACK user=EBE8/667 attempt=1/5 timeout=724ms queue=0
2026-09-28T03:52:35.172+03:00 [s1] [O] PEER_REPORT our_seq=660 TX=-47/10 Q100
2026-09-28T03:52:35.220+03:00 [s1] [O] 
2026-09-28T03:52:35.262+03:00 [s1] [O] RX USER session=EBE8 seq=667 frame=192B user=180B RX=-46/10 Q100 disposition=0
2026-09-28T03:52:35.270+03:00 [s2] [O] PEER_REPORT our_seq=667 TX=-46/10 Q100
2026-09-28T03:52:35.272+03:00 [s2] [O] 
2026-09-28T03:52:35.286+03:00 [s2] [O] RX ACK session=118C seq=661 ack_to=EBE8/667 frame=14B RX=-47/10 Q100
2026-09-28T03:52:35.313+03:00 [s2] [O] DELIVERY ACK user=EBE8/667 attempts=1/5 elapsed=239ms queue=0
2026-09-28T03:52:35.320+03:00 [s2] [I] S7BP180R6-XXXXXXXXXXXXXXXXXXXXXXXXXXXXXXXXXXXXXXXXXXXXXXXXXXXXXXXXXXXXXXXXXXXXXXXXXXXXXXXXXXXXXXXXXXXXXXXXXXXXXXXXXXXXXXXXXXXXXXXXXXXXXXXXXXXXXXXXXXXXXXXXXXXXXXXXXXXXXXXXXXXXXXXXXX
2026-09-28T03:52:35.415+03:00 [s2] [O] DELIVERY QUEUED source=2 bytes=180 waiting=1/8 in_flight=0
2026-09-28T03:52:35.491+03:00 [s1] [O] < [-46/10 Q100] S7BP180R5-XXXXXXXXXXXXXXXXXXXXXXXXXXXXXXXXXXXXXXXXXXXXXXXXXXXXXXXXXXXXXXXXXXXXXXXXXXXXXXXXXXXXXXXXXXXXXXXXXXXXXXXXXXXXXXXXXXXXXXXXXXXXXXXXXXXXXXXXXXXXXXXXXXXXXXXXXXXXXXXXXXXXXXXXXX
2026-09-28T03:52:35.491+03:00 [s1] [O] 
2026-09-28T03:52:35.544+03:00 [s2] [O] 
2026-09-28T03:52:35.555+03:00 [s2] [O] TX USER seq=668 frame=192B user=180B attempt=1/5 OK time=157 ms
2026-09-28T03:52:35.579+03:00 [s1] [O] TX ACK seq=661 ack_to=EBE8/667 frame=14B OK time=25 ms guard=500ms
2026-09-28T03:52:35.591+03:00 [s2] [O] > S7BP180R6-XXXXXXXXXXXXXXXXXXXXXXXXXXXXXXXXXXXXXXXXXXXXXXXXXXXXXXXXXXXXXXXXXXXXXXXXXXXXXXXXXXXXXXXXXXXXXXXXXXXXXXXXXXXXXXXXXXXXXXXXXXXXXXXXXXXXXXXXXXXXXXXXXXXXXXXXXXXXXXXXXXXXXXXXXX
2026-09-28T03:52:35.595+03:00 [s2] [O] DELIVERY WAIT_ACK user=EBE8/668 attempt=1/5 timeout=724ms queue=0
2026-09-28T03:52:35.668+03:00 [s1] [O] PEER_REPORT our_seq=661 TX=-47/10 Q100
2026-09-28T03:52:35.715+03:00 [s1] [O] 
2026-09-28T03:52:35.758+03:00 [s1] [O] RX USER session=EBE8 seq=668 frame=192B user=180B RX=-47/10 Q100 disposition=0
2026-09-28T03:52:35.782+03:00 [s2] [O] PEER_REPORT our_seq=668 TX=-47/10 Q100
2026-09-28T03:52:35.785+03:00 [s2] [O] 
2026-09-28T03:52:35.787+03:00 [s2] [O] RX ACK session=118C seq=662 ack_to=EBE8/668 frame=14B RX=-48/10 Q100
2026-09-28T03:52:35.817+03:00 [s2] [O] DELIVERY ACK user=EBE8/668 attempts=1/5 elapsed=239ms queue=0
2026-09-28T03:52:35.821+03:00 [s2] [I] S7BP180R7-XXXXXXXXXXXXXXXXXXXXXXXXXXXXXXXXXXXXXXXXXXXXXXXXXXXXXXXXXXXXXXXXXXXXXXXXXXXXXXXXXXXXXXXXXXXXXXXXXXXXXXXXXXXXXXXXXXXXXXXXXXXXXXXXXXXXXXXXXXXXXXXXXXXXXXXXXXXXXXXXXXXXXXXXXX
2026-09-28T03:52:35.912+03:00 [s2] [O] DELIVERY QUEUED source=2 bytes=180 waiting=1/8 in_flight=0
2026-09-28T03:52:35.944+03:00 [s1] [O] < [-47/10 Q100] S7BP180R6-XXXXXXXXXXXXXXXXXXXXXXXXXXXXXXXXXXXXXXXXXXXXXXXXXXXXXXXXXXXXXXXXXXXXXXXXXXXXXXXXXXXXXXXXXXXXXXXXXXXXXXXXXXXXXXXXXXXXXXXXXXXXXXXXXXXXXXXXXXXXXXXXXXXXXXXXXXXXXXXXXXXXXXXXXX
2026-09-28T03:52:35.983+03:00 [s1] [O] 
2026-09-28T03:52:36.029+03:00 [s1] [O] TX ACK seq=662 ack_to=EBE8/668 frame=14B OK time=25 ms guard=500ms
2026-09-28T03:52:36.041+03:00 [s2] [O] 
2026-09-28T03:52:36.041+03:00 [s2] [O] TX USER seq=669 frame=192B user=180B attempt=1/5 OK time=157 ms
2026-09-28T03:52:36.101+03:00 [s2] [O] > S7BP180R7-XXXXXXXXXXXXXXXXXXXXXXXXXXXXXXXXXXXXXXXXXXXXXXXXXXXXXXXXXXXXXXXXXXXXXXXXXXXXXXXXXXXXXXXXXXXXXXXXXXXXXXXXXXXXXXXXXXXXXXXXXXXXXXXXXXXXXXXXXXXXXXXXXXXXXXXXXXXXXXXXXXXXXXXXXX
2026-09-28T03:52:36.104+03:00 [s2] [O] DELIVERY WAIT_ACK user=EBE8/669 attempt=1/5 timeout=724ms queue=0
2026-09-28T03:52:36.164+03:00 [s1] [O] PEER_REPORT our_seq=662 TX=-48/11 Q100
2026-09-28T03:52:36.210+03:00 [s1] [O] 
2026-09-28T03:52:36.252+03:00 [s1] [O] RX USER session=EBE8 seq=669 frame=192B user=180B RX=-49/10 Q100 disposition=0
2026-09-28T03:52:36.263+03:00 [s2] [O] PEER_REPORT our_seq=669 TX=-49/10 Q100
2026-09-28T03:52:36.272+03:00 [s2] [O] 
2026-09-28T03:52:36.285+03:00 [s2] [O] RX ACK session=118C seq=663 ack_to=EBE8/669 frame=14B RX=-50/10 Q100
2026-09-28T03:52:36.311+03:00 [s2] [O] DELIVERY ACK user=EBE8/669 attempts=1/5 elapsed=239ms queue=0
2026-09-28T03:52:36.317+03:00 [s2] [I] S7BP180R8-XXXXXXXXXXXXXXXXXXXXXXXXXXXXXXXXXXXXXXXXXXXXXXXXXXXXXXXXXXXXXXXXXXXXXXXXXXXXXXXXXXXXXXXXXXXXXXXXXXXXXXXXXXXXXXXXXXXXXXXXXXXXXXXXXXXXXXXXXXXXXXXXXXXXXXXXXXXXXXXXXXXXXXXXXX
2026-09-28T03:52:36.417+03:00 [s2] [O] DELIVERY QUEUED source=2 bytes=180 waiting=1/8 in_flight=0
2026-09-28T03:52:36.447+03:00 [s1] [O] < [-49/10 Q100] S7BP180R7-XXXXXXXXXXXXXXXXXXXXXXXXXXXXXXXXXXXXXXXXXXXXXXXXXXXXXXXXXXXXXXXXXXXXXXXXXXXXXXXXXXXXXXXXXXXXXXXXXXXXXXXXXXXXXXXXXXXXXXXXXXXXXXXXXXXXXXXXXXXXXXXXXXXXXXXXXXXXXXXXXXXXXXXXXX
2026-09-28T03:52:36.477+03:00 [s1] [O] 
2026-09-28T03:52:36.525+03:00 [s1] [O] TX ACK seq=663 ack_to=EBE8/669 frame=14B OK time=25 ms guard=500ms
2026-09-28T03:52:36.540+03:00 [s2] [O] 
2026-09-28T03:52:36.540+03:00 [s2] [O] TX USER seq=670 frame=192B user=180B attempt=1/5 OK time=157 ms
2026-09-28T03:52:36.586+03:00 [s2] [O] > S7BP180R8-XXXXXXXXXXXXXXXXXXXXXXXXXXXXXXXXXXXXXXXXXXXXXXXXXXXXXXXXXXXXXXXXXXXXXXXXXXXXXXXXXXXXXXXXXXXXXXXXXXXXXXXXXXXXXXXXXXXXXXXXXXXXXXXXXXXXXXXXXXXXXXXXXXXXXXXXXXXXXXXXXXXXXXXXXX
2026-09-28T03:52:36.598+03:00 [s2] [O] DELIVERY WAIT_ACK user=EBE8/670 attempt=1/5 timeout=724ms queue=0
2026-09-28T03:52:36.612+03:00 [s1] [O] PEER_REPORT our_seq=663 TX=-50/10 Q100
2026-09-28T03:52:36.660+03:00 [s1] [O] 
2026-09-28T03:52:36.702+03:00 [s1] [O] RX USER session=EBE8 seq=670 frame=192B user=180B RX=-50/10 Q100 disposition=0
2026-09-28T03:52:36.770+03:00 [s2] [O] PEER_REPORT our_seq=670 TX=-50/10 Q100
2026-09-28T03:52:36.773+03:00 [s2] [O] 
2026-09-28T03:52:36.775+03:00 [s2] [O] RX ACK session=118C seq=664 ack_to=EBE8/670 frame=14B RX=-50/10 Q100
2026-09-28T03:52:36.802+03:00 [s2] [O] DELIVERY ACK user=EBE8/670 attempts=1/5 elapsed=239ms queue=0
2026-09-28T03:52:36.805+03:00 [s2] [I] S7BP180R9-XXXXXXXXXXXXXXXXXXXXXXXXXXXXXXXXXXXXXXXXXXXXXXXXXXXXXXXXXXXXXXXXXXXXXXXXXXXXXXXXXXXXXXXXXXXXXXXXXXXXXXXXXXXXXXXXXXXXXXXXXXXXXXXXXXXXXXXXXXXXXXXXXXXXXXXXXXXXXXXXXXXXXXXXXX
2026-09-28T03:52:36.903+03:00 [s1] [O] < [-50/10 Q100] S7BP180R8-XXXXXXXXXXXXXXXXXXXXXXXXXXXXXXXXXXXXXXXXXXXXXXXXXXXXXXXXXXXXXXXXXXXXXXXXXXXXXXXXXXXXXXXXXXXXXXXXXXXXXXXXXXXXXXXXXXXXXXXXXXXXXXXXXXXXXXXXXXXXXXXXXXXXXXXXXXXXXXXXXXXXXXXXXX
2026-09-28T03:52:36.905+03:00 [s2] [O] DELIVERY QUEUED source=2 bytes=180 waiting=1/8 in_flight=0
2026-09-28T03:52:36.929+03:00 [s1] [O] 
2026-09-28T03:52:36.975+03:00 [s1] [O] TX ACK seq=664 ack_to=EBE8/670 frame=14B OK time=25 ms guard=500ms
2026-09-28T03:52:37.034+03:00 [s2] [O] 
2026-09-28T03:52:37.035+03:00 [s2] [O] TX USER seq=671 frame=192B user=180B attempt=1/5 OK time=156 ms
2026-09-28T03:52:37.063+03:00 [s1] [O] PEER_REPORT our_seq=664 TX=-50/11 Q100
2026-09-28T03:52:37.085+03:00 [s2] [O] > S7BP180R9-XXXXXXXXXXXXXXXXXXXXXXXXXXXXXXXXXXXXXXXXXXXXXXXXXXXXXXXXXXXXXXXXXXXXXXXXXXXXXXXXXXXXXXXXXXXXXXXXXXXXXXXXXXXXXXXXXXXXXXXXXXXXXXXXXXXXXXXXXXXXXXXXXXXXXXXXXXXXXXXXXXXXXXXXXX
2026-09-28T03:52:37.086+03:00 [s2] [O] DELIVERY WAIT_ACK user=EBE8/671 attempt=1/5 timeout=724ms queue=0
2026-09-28T03:52:37.107+03:00 [s1] [O] 
2026-09-28T03:52:37.153+03:00 [s1] [O] RX USER session=EBE8 seq=671 frame=192B user=180B RX=-49/10 Q100 disposition=0
2026-09-28T03:52:37.247+03:00 [s2] [O] PEER_REPORT our_seq=671 TX=-49/10 Q100
2026-09-28T03:52:37.254+03:00 [s2] [O] 
2026-09-28T03:52:37.259+03:00 [s2] [O] RX ACK session=118C seq=665 ack_to=EBE8/671 frame=14B RX=-50/10 Q100
2026-09-28T03:52:37.300+03:00 [s2] [O] DELIVERY ACK user=EBE8/671 attempts=1/5 elapsed=239ms queue=0
2026-09-28T03:52:37.303+03:00 [s2] [I] S7BP180R10-XXXXXXXXXXXXXXXXXXXXXXXXXXXXXXXXXXXXXXXXXXXXXXXXXXXXXXXXXXXXXXXXXXXXXXXXXXXXXXXXXXXXXXXXXXXXXXXXXXXXXXXXXXXXXXXXXXXXXXXXXXXXXXXXXXXXXXXXXXXXXXXXXXXXXXXXXXXXXXXXXXXXXXXXX
2026-09-28T03:52:37.398+03:00 [s2] [O] DELIVERY QUEUED source=2 bytes=180 waiting=1/8 in_flight=0
2026-09-28T03:52:37.398+03:00 [s1] [O] < [-49/10 Q100] S7BP180R9-XXXXXXXXXXXXXXXXXXXXXXXXXXXXXXXXXXXXXXXXXXXXXXXXXXXXXXXXXXXXXXXXXXXXXXXXXXXXXXXXXXXXXXXXXXXXXXXXXXXXXXXXXXXXXXXXXXXXXXXXXXXXXXXXXXXXXXXXXXXXXXXXXXXXXXXXXXXXXXXXXXXXXXXXXX
2026-09-28T03:52:37.422+03:00 [s1] [O] 
2026-09-28T03:52:37.467+03:00 [s1] [O] TX ACK seq=665 ack_to=EBE8/671 frame=14B OK time=25 ms guard=500ms
2026-09-28T03:52:37.530+03:00 [s2] [O] 
2026-09-28T03:52:37.531+03:00 [s2] [O] TX USER seq=672 frame=192B user=180B attempt=1/5 OK time=157 ms
2026-09-28T03:52:37.561+03:00 [s1] [O] PEER_REPORT our_seq=665 TX=-50/11 Q100
2026-09-28T03:52:37.571+03:00 [s2] [O] > S7BP180R10-XXXXXXXXXXXXXXXXXXXXXXXXXXXXXXXXXXXXXXXXXXXXXXXXXXXXXXXXXXXXXXXXXXXXXXXXXXXXXXXXXXXXXXXXXXXXXXXXXXXXXXXXXXXXXXXXXXXXXXXXXXXXXXXXXXXXXXXXXXXXXXXXXXXXXXXXXXXXXXXXXXXXXXXXX
2026-09-28T03:52:37.576+03:00 [s2] [O] DELIVERY WAIT_ACK user=EBE8/672 attempt=1/5 timeout=724ms queue=0
2026-09-28T03:52:37.602+03:00 [s1] [O] 
2026-09-28T03:52:37.647+03:00 [s1] [O] RX USER session=EBE8 seq=672 frame=192B user=180B RX=-49/10 Q100 disposition=0
2026-09-28T03:52:37.748+03:00 [s2] [O] PEER_REPORT our_seq=672 TX=-49/10 Q100
2026-09-28T03:52:37.754+03:00 [s2] [O] 
2026-09-28T03:52:37.756+03:00 [s2] [O] RX ACK session=118C seq=666 ack_to=EBE8/672 frame=14B RX=-47/10 Q100
2026-09-28T03:52:37.794+03:00 [s2] [O] DELIVERY ACK user=EBE8/672 attempts=1/5 elapsed=239ms queue=0
2026-09-28T03:52:37.806+03:00 [s1] [I] S7AP200R1-XXXXXXXXXXXXXXXXXXXXXXXXXXXXXXXXXXXXXXXXXXXXXXXXXXXXXXXXXXXXXXXXXXXXXXXXXXXXXXXXXXXXXXXXXXXXXXXXXXXXXXXXXXXXXXXXXXXXXXXXXXXXXXXXXXXXXXXXXXXXXXXXXXXXXXXXXXXXXXXXXXXXXXXXXXXXXXXXXXXXXXXXXXXXXX
2026-09-28T03:52:37.926+03:00 [s1] [O] < [-49/10 Q100] S7BP180R10-XXXXXXXXXXXXXXXXXXXXXXXXXXXXXXXXXXXXXXXXXXXXXXXXXXXXXXXXXXXXXXXXXXXXXXXXXXXXXXXXXXXXXXXXXXXXXXXXXXXXXXXXXXXXXXXXXXXXXXXXXXXXXXXXXXXXXXXXXXXXXXXXXXXXXXXXXXXXXXXXXXXXXXXXX
2026-09-28T03:52:37.928+03:00 [s1] [O] 
2026-09-28T03:52:37.979+03:00 [s1] [O] TX ACK seq=666 ack_to=EBE8/672 frame=14B OK time=25 ms guard=500ms
2026-09-28T03:52:38.072+03:00 [s2] [O] PEER_REPORT our_seq=672 TX=-49/10 Q100
2026-09-28T03:52:38.075+03:00 [s2] [O] 
2026-09-28T03:52:38.078+03:00 [s2] [O] RX USER session=118C seq=667 frame=212B user=200B RX=-48/10 Q100 disposition=0
2026-09-28T03:52:38.080+03:00 [s2] [O] < [-48/10 Q100] S7AP200R1-XXXXXXXXXXXXXXXXXXXXXXXXXXXXXXXXXXXXXXXXXXXXXXXXXXXXXXXXXXXXXXXXXXXXXXXXXXXXXXXXXXXXXXXXXXXXXXXXXXXXXXXXXXXXXXXXXXXXXXXXXXXXXXXXXXXXXXXXXXXXXXXXXXXXXXXXXXXXXXXXXXXXXXXXXXXXXXXXXXXXXXXXXXXXXX
2026-09-28T03:52:38.097+03:00 [s1] [O] DELIVERY QUEUED source=2 bytes=200 waiting=1/8 in_flight=0
2026-09-28T03:52:38.142+03:00 [s1] [O] 
2026-09-28T03:52:38.188+03:00 [s1] [O] TX USER seq=667 frame=212B user=200B attempt=1/5 OK time=170 ms
2026-09-28T03:52:38.289+03:00 [s2] [O] 
2026-09-28T03:52:38.299+03:00 [s2] [O] TX ACK seq=673 ack_to=118C/667 frame=14B OK time=25 ms guard=500ms
2026-09-28T03:52:38.415+03:00 [s1] [O] > S7AP200R1-XXXXXXXXXXXXXXXXXXXXXXXXXXXXXXXXXXXXXXXXXXXXXXXXXXXXXXXXXXXXXXXXXXXXXXXXXXXXXXXXXXXXXXXXXXXXXXXXXXXXXXXXXXXXXXXXXXXXXXXXXXXXXXXXXXXXXXXXXXXXXXXXXXXXXXXXXXXXXXXXXXXXXXXXXXXXXXXXXXXXXXXXXXXXXX
2026-09-28T03:52:38.457+03:00 [s1] [O] DELIVERY WAIT_ACK user=118C/667 attempt=1/5 timeout=724ms queue=0
2026-09-28T03:52:38.517+03:00 [s1] [O] PEER_REPORT our_seq=667 TX=-48/10 Q100
2026-09-28T03:52:38.547+03:00 [s1] [O] 
2026-09-28T03:52:38.592+03:00 [s1] [O] RX ACK session=EBE8 seq=673 ack_to=118C/667 frame=14B RX=-50/10 Q100
2026-09-28T03:52:38.728+03:00 [s1] [O] DELIVERY ACK user=118C/667 attempts=1/5 elapsed=230ms queue=0
2026-09-28T03:52:38.742+03:00 [s1] [I] S7AP200R2-XXXXXXXXXXXXXXXXXXXXXXXXXXXXXXXXXXXXXXXXXXXXXXXXXXXXXXXXXXXXXXXXXXXXXXXXXXXXXXXXXXXXXXXXXXXXXXXXXXXXXXXXXXXXXXXXXXXXXXXXXXXXXXXXXXXXXXXXXXXXXXXXXXXXXXXXXXXXXXXXXXXXXXXXXXXXXXXXXXXXXXXXXXXXXX
2026-09-28T03:52:38.865+03:00 [s1] [O] DELIVERY QUEUED source=2 bytes=200 waiting=1/8 in_flight=0
2026-09-28T03:52:38.998+03:00 [s1] [O] 
2026-09-28T03:52:39.012+03:00 [s2] [O] PEER_REPORT our_seq=673 TX=-50/10 Q100
2026-09-28T03:52:39.025+03:00 [s2] [O] 
2026-09-28T03:52:39.027+03:00 [s2] [O] RX USER session=118C seq=668 frame=212B user=200B RX=-55/10 Q100 disposition=0
2026-09-28T03:52:39.029+03:00 [s2] [O] < [-55/10 Q100] S7AP200R2-XXXXXXXXXXXXXXXXXXXXXXXXXXXXXXXXXXXXXXXXXXXXXXXXXXXXXXXXXXXXXXXXXXXXXXXXXXXXXXXXXXXXXXXXXXXXXXXXXXXXXXXXXXXXXXXXXXXXXXXXXXXXXXXXXXXXXXXXXXXXXXXXXXXXXXXXXXXXXXXXXXXXXXXXXXXXXXXXXXXXXXXXXXXXXX
2026-09-28T03:52:39.044+03:00 [s1] [O] TX USER seq=668 frame=212B user=200B attempt=1/5 OK time=171 ms
2026-09-28T03:52:39.230+03:00 [s2] [O] 
2026-09-28T03:52:39.249+03:00 [s2] [O] TX ACK seq=674 ack_to=118C/668 frame=14B OK time=24 ms guard=500ms
2026-09-28T03:52:39.267+03:00 [s1] [O] > S7AP200R2-XXXXXXXXXXXXXXXXXXXXXXXXXXXXXXXXXXXXXXXXXXXXXXXXXXXXXXXXXXXXXXXXXXXXXXXXXXXXXXXXXXXXXXXXXXXXXXXXXXXXXXXXXXXXXXXXXXXXXXXXXXXXXXXXXXXXXXXXXXXXXXXXXXXXXXXXXXXXXXXXXXXXXXXXXXXXXXXXXXXXXXXXXXXXXX
2026-09-28T03:52:39.321+03:00 [s1] [O] DELIVERY WAIT_ACK user=118C/668 attempt=1/5 timeout=724ms queue=0
2026-09-28T03:52:39.402+03:00 [s1] [O] PEER_REPORT our_seq=668 TX=-55/10 Q100
2026-09-28T03:52:39.449+03:00 [s1] [O] 
2026-09-28T03:52:39.492+03:00 [s1] [O] RX ACK session=EBE8 seq=674 ack_to=118C/668 frame=14B RX=-54/10 Q100
2026-09-28T03:52:39.601+03:00 [s1] [O] DELIVERY ACK user=118C/668 attempts=1/5 elapsed=234ms queue=0
2026-09-28T03:52:39.604+03:00 [s1] [I] S7AP200R3-XXXXXXXXXXXXXXXXXXXXXXXXXXXXXXXXXXXXXXXXXXXXXXXXXXXXXXXXXXXXXXXXXXXXXXXXXXXXXXXXXXXXXXXXXXXXXXXXXXXXXXXXXXXXXXXXXXXXXXXXXXXXXXXXXXXXXXXXXXXXXXXXXXXXXXXXXXXXXXXXXXXXXXXXXXXXXXXXXXXXXXXXXXXXXX
2026-09-28T03:52:39.718+03:00 [s1] [O] DELIVERY QUEUED source=2 bytes=200 waiting=1/8 in_flight=0
2026-09-28T03:52:39.853+03:00 [s1] [O] 
2026-09-28T03:52:39.885+03:00 [s2] [O] PEER_REPORT our_seq=674 TX=-54/10 Q100
2026-09-28T03:52:39.887+03:00 [s2] [O] 
2026-09-28T03:52:39.895+03:00 [s2] [O] RX USER session=118C seq=669 frame=212B user=200B RX=-50/10 Q100 disposition=0
2026-09-28T03:52:39.898+03:00 [s1] [O] TX USER seq=669 frame=212B user=200B attempt=1/5 OK time=171 ms
2026-09-28T03:52:39.898+03:00 [s2] [O] < [-50/10 Q100] S7AP200R3-XXXXXXXXXXXXXXXXXXXXXXXXXXXXXXXXXXXXXXXXXXXXXXXXXXXXXXXXXXXXXXXXXXXXXXXXXXXXXXXXXXXXXXXXXXXXXXXXXXXXXXXXXXXXXXXXXXXXXXXXXXXXXXXXXXXXXXXXXXXXXXXXXXXXXXXXXXXXXXXXXXXXXXXXXXXXXXXXXXXXXXXXXXXXXX
2026-09-28T03:52:40.080+03:00 [s1] [O] > S7AP200R3-XXXXXXXXXXXXXXXXXXXXXXXXXXXXXXXXXXXXXXXXXXXXXXXXXXXXXXXXXXXXXXXXXXXXXXXXXXXXXXXXXXXXXXXXXXXXXXXXXXXXXXXXXXXXXXXXXXXXXXXXXXXXXXXXXXXXXXXXXXXXXXXXXXXXXXXXXXXXXXXXXXXXXXXXXXXXXXXXXXXXXXXXXXXXXX
2026-09-28T03:52:40.090+03:00 [s2] [O] 
2026-09-28T03:52:40.090+03:00 [s2] [O] TX ACK seq=675 ack_to=118C/669 frame=14B OK time=24 ms guard=500ms
2026-09-28T03:52:40.132+03:00 [s1] [O] DELIVERY WAIT_ACK user=118C/669 attempt=1/5 timeout=724ms queue=0
2026-09-28T03:52:40.257+03:00 [s1] [O] PEER_REPORT our_seq=669 TX=-50/10 Q100
2026-09-28T03:52:40.302+03:00 [s1] [O] 
2026-09-28T03:52:40.347+03:00 [s1] [O] RX ACK session=EBE8 seq=675 ack_to=118C/669 frame=14B RX=-50/10 Q100
2026-09-28T03:52:40.447+03:00 [s1] [O] DELIVERY ACK user=118C/669 attempts=1/5 elapsed=237ms queue=0
2026-09-28T03:52:40.449+03:00 [s1] [I] S7AP200R4-XXXXXXXXXXXXXXXXXXXXXXXXXXXXXXXXXXXXXXXXXXXXXXXXXXXXXXXXXXXXXXXXXXXXXXXXXXXXXXXXXXXXXXXXXXXXXXXXXXXXXXXXXXXXXXXXXXXXXXXXXXXXXXXXXXXXXXXXXXXXXXXXXXXXXXXXXXXXXXXXXXXXXXXXXXXXXXXXXXXXXXXXXXXXXX
2026-09-28T03:52:40.573+03:00 [s1] [O] DELIVERY QUEUED source=2 bytes=200 waiting=1/8 in_flight=0
2026-09-28T03:52:40.710+03:00 [s1] [O] 
2026-09-28T03:52:40.718+03:00 [s2] [O] PEER_REPORT our_seq=675 TX=-50/10 Q100
2026-09-28T03:52:40.722+03:00 [s2] [O] 
2026-09-28T03:52:40.724+03:00 [s2] [O] RX USER session=118C seq=670 frame=212B user=200B RX=-48/9 Q100 disposition=0
2026-09-28T03:52:40.752+03:00 [s1] [O] TX USER seq=670 frame=212B user=200B attempt=1/5 OK time=171 ms
2026-09-28T03:52:40.761+03:00 [s2] [O] < [-48/9 Q100] S7AP200R4-XXXXXXXXXXXXXXXXXXXXXXXXXXXXXXXXXXXXXXXXXXXXXXXXXXXXXXXXXXXXXXXXXXXXXXXXXXXXXXXXXXXXXXXXXXXXXXXXXXXXXXXXXXXXXXXXXXXXXXXXXXXXXXXXXXXXXXXXXXXXXXXXXXXXXXXXXXXXXXXXXXXXXXXXXXXXXXXXXXXXXXXXXXXXXX
2026-09-28T03:52:40.933+03:00 [s1] [O] > S7AP200R4-XXXXXXXXXXXXXXXXXXXXXXXXXXXXXXXXXXXXXXXXXXXXXXXXXXXXXXXXXXXXXXXXXXXXXXXXXXXXXXXXXXXXXXXXXXXXXXXXXXXXXXXXXXXXXXXXXXXXXXXXXXXXXXXXXXXXXXXXXXXXXXXXXXXXXXXXXXXXXXXXXXXXXXXXXXXXXXXXXXXXXXXXXXXXXX
2026-09-28T03:52:40.942+03:00 [s2] [O] 
2026-09-28T03:52:40.942+03:00 [s2] [O] TX ACK seq=676 ack_to=118C/670 frame=14B OK time=24 ms guard=500ms
2026-09-28T03:52:40.993+03:00 [s1] [O] DELIVERY WAIT_ACK user=118C/670 attempt=1/5 timeout=724ms queue=0
2026-09-28T03:52:41.067+03:00 [s1] [O] PEER_REPORT our_seq=670 TX=-48/9 Q100
2026-09-28T03:52:41.112+03:00 [s1] [O] 
2026-09-28T03:52:41.164+03:00 [s1] [O] RX ACK session=EBE8 seq=676 ack_to=118C/670 frame=14B RX=-46/10 Q100
2026-09-28T03:52:41.297+03:00 [s1] [O] DELIVERY ACK user=118C/670 attempts=1/5 elapsed=237ms queue=0
2026-09-28T03:52:41.301+03:00 [s1] [I] S7AP200R5-XXXXXXXXXXXXXXXXXXXXXXXXXXXXXXXXXXXXXXXXXXXXXXXXXXXXXXXXXXXXXXXXXXXXXXXXXXXXXXXXXXXXXXXXXXXXXXXXXXXXXXXXXXXXXXXXXXXXXXXXXXXXXXXXXXXXXXXXXXXXXXXXXXXXXXXXXXXXXXXXXXXXXXXXXXXXXXXXXXXXXXXXXXXXXX
2026-09-28T03:52:41.392+03:00 [s1] [O] DELIVERY QUEUED source=2 bytes=200 waiting=1/8 in_flight=0
2026-09-28T03:52:41.567+03:00 [s1] [O] 
2026-09-28T03:52:41.582+03:00 [s2] [O] PEER_REPORT our_seq=676 TX=-46/10 Q100
2026-09-28T03:52:41.583+03:00 [s2] [O] 
2026-09-28T03:52:41.586+03:00 [s2] [O] RX USER session=118C seq=671 frame=212B user=200B RX=-45/10 Q100 disposition=0
2026-09-28T03:52:41.588+03:00 [s2] [O] < [-45/10 Q100] S7AP200R5-XXXXXXXXXXXXXXXXXXXXXXXXXXXXXXXXXXXXXXXXXXXXXXXXXXXXXXXXXXXXXXXXXXXXXXXXXXXXXXXXXXXXXXXXXXXXXXXXXXXXXXXXXXXXXXXXXXXXXXXXXXXXXXXXXXXXXXXXXXXXXXXXXXXXXXXXXXXXXXXXXXXXXXXXXXXXXXXXXXXXXXXXXXXXXX
2026-09-28T03:52:41.607+03:00 [s1] [O] TX USER seq=671 frame=212B user=200B attempt=1/5 OK time=171 ms
2026-09-28T03:52:41.802+03:00 [s1] [O] > S7AP200R5-XXXXXXXXXXXXXXXXXXXXXXXXXXXXXXXXXXXXXXXXXXXXXXXXXXXXXXXXXXXXXXXXXXXXXXXXXXXXXXXXXXXXXXXXXXXXXXXXXXXXXXXXXXXXXXXXXXXXXXXXXXXXXXXXXXXXXXXXXXXXXXXXXXXXXXXXXXXXXXXXXXXXXXXXXXXXXXXXXXXXXXXXXXXXXX
2026-09-28T03:52:41.805+03:00 [s2] [O] 
2026-09-28T03:52:41.806+03:00 [s2] [O] TX ACK seq=677 ack_to=118C/671 frame=14B OK time=24 ms guard=500ms
2026-09-28T03:52:41.840+03:00 [s1] [O] DELIVERY WAIT_ACK user=118C/671 attempt=1/5 timeout=724ms queue=0
2026-09-28T03:52:41.932+03:00 [s1] [O] PEER_REPORT our_seq=671 TX=-45/10 Q100
2026-09-28T03:52:41.967+03:00 [s1] [O] 
2026-09-28T03:52:42.017+03:00 [s1] [O] RX ACK session=EBE8 seq=677 ack_to=118C/671 frame=14B RX=-47/10 Q100
2026-09-28T03:52:42.192+03:00 [s1] [O] DELIVERY ACK user=118C/671 attempts=1/5 elapsed=236ms queue=0
2026-09-28T03:52:42.200+03:00 [s1] [I] S7AP200R6-XXXXXXXXXXXXXXXXXXXXXXXXXXXXXXXXXXXXXXXXXXXXXXXXXXXXXXXXXXXXXXXXXXXXXXXXXXXXXXXXXXXXXXXXXXXXXXXXXXXXXXXXXXXXXXXXXXXXXXXXXXXXXXXXXXXXXXXXXXXXXXXXXXXXXXXXXXXXXXXXXXXXXXXXXXXXXXXXXXXXXXXXXXXXXX
2026-09-28T03:52:42.291+03:00 [s1] [O] DELIVERY QUEUED source=2 bytes=200 waiting=1/8 in_flight=0
2026-09-28T03:52:42.465+03:00 [s1] [O] 
2026-09-28T03:52:42.477+03:00 [s2] [O] PEER_REPORT our_seq=677 TX=-47/10 Q100
2026-09-28T03:52:42.481+03:00 [s2] [O] 
2026-09-28T03:52:42.485+03:00 [s2] [O] RX USER session=118C seq=672 frame=212B user=200B RX=-46/10 Q100 disposition=0
2026-09-28T03:52:42.496+03:00 [s2] [O] < [-46/10 Q100] S7AP200R6-XXXXXXXXXXXXXXXXXXXXXXXXXXXXXXXXXXXXXXXXXXXXXXXXXXXXXXXXXXXXXXXXXXXXXXXXXXXXXXXXXXXXXXXXXXXXXXXXXXXXXXXXXXXXXXXXXXXXXXXXXXXXXXXXXXXXXXXXXXXXXXXXXXXXXXXXXXXXXXXXXXXXXXXXXXXXXXXXXXXXXXXXXXXXXX
2026-09-28T03:52:42.507+03:00 [s1] [O] TX USER seq=672 frame=212B user=200B attempt=1/5 OK time=171 ms
2026-09-28T03:52:42.699+03:00 [s2] [O] 
2026-09-28T03:52:42.702+03:00 [s1] [O] > S7AP200R6-XXXXXXXXXXXXXXXXXXXXXXXXXXXXXXXXXXXXXXXXXXXXXXXXXXXXXXXXXXXXXXXXXXXXXXXXXXXXXXXXXXXXXXXXXXXXXXXXXXXXXXXXXXXXXXXXXXXXXXXXXXXXXXXXXXXXXXXXXXXXXXXXXXXXXXXXXXXXXXXXXXXXXXXXXXXXXXXXXXXXXXXXXXXXXX
2026-09-28T03:52:42.706+03:00 [s2] [O] TX ACK seq=678 ack_to=118C/672 frame=14B OK time=24 ms guard=500ms
2026-09-28T03:52:42.739+03:00 [s1] [O] DELIVERY WAIT_ACK user=118C/672 attempt=1/5 timeout=724ms queue=0
2026-09-28T03:52:42.836+03:00 [s1] [O] PEER_REPORT our_seq=672 TX=-46/10 Q100
2026-09-28T03:52:42.878+03:00 [s1] [O] 
2026-09-28T03:52:42.920+03:00 [s1] [O] RX ACK session=EBE8 seq=678 ack_to=118C/672 frame=14B RX=-47/10 Q100
2026-09-28T03:52:43.047+03:00 [s1] [O] DELIVERY ACK user=118C/672 attempts=1/5 elapsed=236ms queue=0
2026-09-28T03:52:43.055+03:00 [s1] [I] S7AP200R7-XXXXXXXXXXXXXXXXXXXXXXXXXXXXXXXXXXXXXXXXXXXXXXXXXXXXXXXXXXXXXXXXXXXXXXXXXXXXXXXXXXXXXXXXXXXXXXXXXXXXXXXXXXXXXXXXXXXXXXXXXXXXXXXXXXXXXXXXXXXXXXXXXXXXXXXXXXXXXXXXXXXXXXXXXXXXXXXXXXXXXXXXXXXXXX
2026-09-28T03:52:43.145+03:00 [s1] [O] DELIVERY QUEUED source=2 bytes=200 waiting=1/8 in_flight=0
2026-09-28T03:52:43.320+03:00 [s1] [O] 
2026-09-28T03:52:43.340+03:00 [s2] [O] PEER_REPORT our_seq=678 TX=-47/10 Q100
2026-09-28T03:52:43.353+03:00 [s2] [O] 
2026-09-28T03:52:43.355+03:00 [s2] [O] RX USER session=118C seq=673 frame=212B user=200B RX=-46/10 Q100 disposition=0
2026-09-28T03:52:43.355+03:00 [s2] [O] < [-46/10 Q100] S7AP200R7-XXXXXXXXXXXXXXXXXXXXXXXXXXXXXXXXXXXXXXXXXXXXXXXXXXXXXXXXXXXXXXXXXXXXXXXXXXXXXXXXXXXXXXXXXXXXXXXXXXXXXXXXXXXXXXXXXXXXXXXXXXXXXXXXXXXXXXXXXXXXXXXXXXXXXXXXXXXXXXXXXXXXXXXXXXXXXXXXXXXXXXXXXXXXXX
2026-09-28T03:52:43.362+03:00 [s1] [O] TX USER seq=673 frame=212B user=200B attempt=1/5 OK time=171 ms
2026-09-28T03:52:43.546+03:00 [s1] [O] > S7AP200R7-XXXXXXXXXXXXXXXXXXXXXXXXXXXXXXXXXXXXXXXXXXXXXXXXXXXXXXXXXXXXXXXXXXXXXXXXXXXXXXXXXXXXXXXXXXXXXXXXXXXXXXXXXXXXXXXXXXXXXXXXXXXXXXXXXXXXXXXXXXXXXXXXXXXXXXXXXXXXXXXXXXXXXXXXXXXXXXXXXXXXXXXXXXXXXX
2026-09-28T03:52:43.557+03:00 [s2] [O] 
2026-09-28T03:52:43.559+03:00 [s2] [O] TX ACK seq=679 ack_to=118C/673 frame=14B OK time=25 ms guard=500ms
2026-09-28T03:52:43.587+03:00 [s1] [O] DELIVERY WAIT_ACK user=118C/673 attempt=1/5 timeout=724ms queue=0
2026-09-28T03:52:43.680+03:00 [s1] [O] PEER_REPORT our_seq=673 TX=-46/10 Q100
2026-09-28T03:52:43.722+03:00 [s1] [O] 
2026-09-28T03:52:43.768+03:00 [s1] [O] RX ACK session=EBE8 seq=679 ack_to=118C/673 frame=14B RX=-47/10 Q100
2026-09-28T03:52:43.872+03:00 [s1] [O] DELIVERY ACK user=118C/673 attempts=1/5 elapsed=236ms queue=0
2026-09-28T03:52:43.875+03:00 [s1] [I] S7AP200R8-XXXXXXXXXXXXXXXXXXXXXXXXXXXXXXXXXXXXXXXXXXXXXXXXXXXXXXXXXXXXXXXXXXXXXXXXXXXXXXXXXXXXXXXXXXXXXXXXXXXXXXXXXXXXXXXXXXXXXXXXXXXXXXXXXXXXXXXXXXXXXXXXXXXXXXXXXXXXXXXXXXXXXXXXXXXXXXXXXXXXXXXXXXXXXX
2026-09-28T03:52:43.995+03:00 [s1] [O] DELIVERY QUEUED source=2 bytes=200 waiting=1/8 in_flight=0
2026-09-28T03:52:44.129+03:00 [s1] [O] 
2026-09-28T03:52:44.139+03:00 [s2] [O] PEER_REPORT our_seq=679 TX=-47/10 Q100
2026-09-28T03:52:44.144+03:00 [s2] [O] 
2026-09-28T03:52:44.152+03:00 [s2] [O] RX USER session=118C seq=674 frame=212B user=200B RX=-44/8 Q100 disposition=0
2026-09-28T03:52:44.154+03:00 [s2] [O] < [-44/8 Q100] S7AP200R8-XXXXXXXXXXXXXXXXXXXXXXXXXXXXXXXXXXXXXXXXXXXXXXXXXXXXXXXXXXXXXXXXXXXXXXXXXXXXXXXXXXXXXXXXXXXXXXXXXXXXXXXXXXXXXXXXXXXXXXXXXXXXXXXXXXXXXXXXXXXXXXXXXXXXXXXXXXXXXXXXXXXXXXXXXXXXXXXXXXXXXXXXXXXXXX
2026-09-28T03:52:44.177+03:00 [s1] [O] TX USER seq=674 frame=212B user=200B attempt=1/5 OK time=171 ms
2026-09-28T03:52:44.358+03:00 [s2] [O] 
2026-09-28T03:52:44.361+03:00 [s2] [O] TX ACK seq=680 ack_to=118C/674 frame=14B OK time=24 ms guard=500ms
2026-09-28T03:52:44.397+03:00 [s1] [O] > S7AP200R8-XXXXXXXXXXXXXXXXXXXXXXXXXXXXXXXXXXXXXXXXXXXXXXXXXXXXXXXXXXXXXXXXXXXXXXXXXXXXXXXXXXXXXXXXXXXXXXXXXXXXXXXXXXXXXXXXXXXXXXXXXXXXXXXXXXXXXXXXXXXXXXXXXXXXXXXXXXXXXXXXXXXXXXXXXXXXXXXXXXXXXXXXXXXXXX
2026-09-28T03:52:44.446+03:00 [s1] [O] DELIVERY WAIT_ACK user=118C/674 attempt=1/5 timeout=724ms queue=0
2026-09-28T03:52:44.497+03:00 [s1] [O] PEER_REPORT our_seq=674 TX=-44/8 Q100
2026-09-28T03:52:44.546+03:00 [s1] [O] 
2026-09-28T03:52:44.583+03:00 [s1] [O] RX ACK session=EBE8 seq=680 ack_to=118C/674 frame=14B RX=-47/9 Q100
2026-09-28T03:52:44.713+03:00 [s1] [O] DELIVERY ACK user=118C/674 attempts=1/5 elapsed=235ms queue=0
2026-09-28T03:52:44.723+03:00 [s1] [I] S7AP200R9-XXXXXXXXXXXXXXXXXXXXXXXXXXXXXXXXXXXXXXXXXXXXXXXXXXXXXXXXXXXXXXXXXXXXXXXXXXXXXXXXXXXXXXXXXXXXXXXXXXXXXXXXXXXXXXXXXXXXXXXXXXXXXXXXXXXXXXXXXXXXXXXXXXXXXXXXXXXXXXXXXXXXXXXXXXXXXXXXXXXXXXXXXXXXXX
2026-09-28T03:52:44.816+03:00 [s1] [O] DELIVERY QUEUED source=2 bytes=200 waiting=1/8 in_flight=0
2026-09-28T03:52:44.982+03:00 [s1] [O] 
2026-09-28T03:52:44.996+03:00 [s2] [O] PEER_REPORT our_seq=680 TX=-47/9 Q100
2026-09-28T03:52:45.007+03:00 [s2] [O] 
2026-09-28T03:52:45.009+03:00 [s2] [O] RX USER session=118C seq=675 frame=212B user=200B RX=-43/10 Q100 disposition=0
2026-09-28T03:52:45.011+03:00 [s2] [O] < [-43/10 Q100] S7AP200R9-XXXXXXXXXXXXXXXXXXXXXXXXXXXXXXXXXXXXXXXXXXXXXXXXXXXXXXXXXXXXXXXXXXXXXXXXXXXXXXXXXXXXXXXXXXXXXXXXXXXXXXXXXXXXXXXXXXXXXXXXXXXXXXXXXXXXXXXXXXXXXXXXXXXXXXXXXXXXXXXXXXXXXXXXXXXXXXXXXXXXXXXXXXXXXX
2026-09-28T03:52:45.028+03:00 [s1] [O] TX USER seq=675 frame=212B user=200B attempt=1/5 OK time=171 ms
2026-09-28T03:52:45.218+03:00 [s1] [O] > S7AP200R9-XXXXXXXXXXXXXXXXXXXXXXXXXXXXXXXXXXXXXXXXXXXXXXXXXXXXXXXXXXXXXXXXXXXXXXXXXXXXXXXXXXXXXXXXXXXXXXXXXXXXXXXXXXXXXXXXXXXXXXXXXXXXXXXXXXXXXXXXXXXXXXXXXXXXXXXXXXXXXXXXXXXXXXXXXXXXXXXXXXXXXXXXXXXXXX
2026-09-28T03:52:45.228+03:00 [s2] [O] 
2026-09-28T03:52:45.245+03:00 [s2] [O] TX ACK seq=681 ack_to=118C/675 frame=14B OK time=24 ms guard=500ms
2026-09-28T03:52:45.256+03:00 [s1] [O] DELIVERY WAIT_ACK user=118C/675 attempt=1/5 timeout=724ms queue=0
2026-09-28T03:52:45.352+03:00 [s1] [O] PEER_REPORT our_seq=675 TX=-43/10 Q100
2026-09-28T03:52:45.394+03:00 [s1] [O] 
2026-09-28T03:52:45.432+03:00 [s1] [O] RX ACK session=EBE8 seq=681 ack_to=118C/675 frame=14B RX=-42/9 Q100
2026-09-28T03:52:45.568+03:00 [s1] [O] DELIVERY ACK user=118C/675 attempts=1/5 elapsed=236ms queue=0
2026-09-28T03:52:45.576+03:00 [s1] [I] S7AP200R10-XXXXXXXXXXXXXXXXXXXXXXXXXXXXXXXXXXXXXXXXXXXXXXXXXXXXXXXXXXXXXXXXXXXXXXXXXXXXXXXXXXXXXXXXXXXXXXXXXXXXXXXXXXXXXXXXXXXXXXXXXXXXXXXXXXXXXXXXXXXXXXXXXXXXXXXXXXXXXXXXXXXXXXXXXXXXXXXXXXXXXXXXXXXXX
2026-09-28T03:52:45.669+03:00 [s1] [O] DELIVERY QUEUED source=2 bytes=200 waiting=1/8 in_flight=0
2026-09-28T03:52:45.837+03:00 [s1] [O] 
2026-09-28T03:52:45.864+03:00 [s2] [O] PEER_REPORT our_seq=681 TX=-42/9 Q100
2026-09-28T03:52:45.867+03:00 [s2] [O] 
2026-09-28T03:52:45.869+03:00 [s2] [O] RX USER session=118C seq=676 frame=212B user=200B RX=-44/6 Q100 disposition=0
2026-09-28T03:52:45.871+03:00 [s2] [O] < [-44/6 Q100] S7AP200R10-XXXXXXXXXXXXXXXXXXXXXXXXXXXXXXXXXXXXXXXXXXXXXXXXXXXXXXXXXXXXXXXXXXXXXXXXXXXXXXXXXXXXXXXXXXXXXXXXXXXXXXXXXXXXXXXXXXXXXXXXXXXXXXXXXXXXXXXXXXXXXXXXXXXXXXXXXXXXXXXXXXXXXXXXXXXXXXXXXXXXXXXXXXXXX
2026-09-28T03:52:45.883+03:00 [s1] [O] TX USER seq=676 frame=212B user=200B attempt=1/5 OK time=171 ms
2026-09-28T03:52:46.064+03:00 [s1] [O] > S7AP200R10-XXXXXXXXXXXXXXXXXXXXXXXXXXXXXXXXXXXXXXXXXXXXXXXXXXXXXXXXXXXXXXXXXXXXXXXXXXXXXXXXXXXXXXXXXXXXXXXXXXXXXXXXXXXXXXXXXXXXXXXXXXXXXXXXXXXXXXXXXXXXXXXXXXXXXXXXXXXXXXXXXXXXXXXXXXXXXXXXXXXXXXXXXXXXX
2026-09-28T03:52:46.080+03:00 [s2] [O] 
2026-09-28T03:52:46.084+03:00 [s2] [O] TX ACK seq=682 ack_to=118C/676 frame=14B OK time=24 ms guard=500ms
2026-09-28T03:52:46.106+03:00 [s1] [O] DELIVERY WAIT_ACK user=118C/676 attempt=1/5 timeout=724ms queue=0
2026-09-28T03:52:46.245+03:00 [s1] [O] PEER_REPORT our_seq=676 TX=-44/6 Q100
2026-09-28T03:52:46.288+03:00 [s1] [O] 
2026-09-28T03:52:46.336+03:00 [s1] [O] RX ACK session=EBE8 seq=682 ack_to=118C/676 frame=14B RX=-44/3 Q100
2026-09-28T03:52:46.433+03:00 [s1] [O] DELIVERY ACK user=118C/676 attempts=1/5 elapsed=236ms queue=0
2026-09-28T03:52:46.439+03:00 [s2] [I] S7BP200R1-XXXXXXXXXXXXXXXXXXXXXXXXXXXXXXXXXXXXXXXXXXXXXXXXXXXXXXXXXXXXXXXXXXXXXXXXXXXXXXXXXXXXXXXXXXXXXXXXXXXXXXXXXXXXXXXXXXXXXXXXXXXXXXXXXXXXXXXXXXXXXXXXXXXXXXXXXXXXXXXXXXXXXXXXXXXXXXXXXXXXXXXXXXXXXX
2026-09-28T03:52:46.536+03:00 [s2] [O] DELIVERY QUEUED source=2 bytes=200 waiting=1/8 in_flight=0
2026-09-28T03:52:46.698+03:00 [s1] [O] PEER_REPORT our_seq=676 TX=-44/6 Q100
2026-09-28T03:52:46.707+03:00 [s2] [O] 
2026-09-28T03:52:46.713+03:00 [s2] [O] TX USER seq=683 frame=212B user=200B attempt=1/5 OK time=171 ms
2026-09-28T03:52:46.720+03:00 [s2] [O] > S7BP200R1-XXXXXXXXXXXXXXXXXXXXXXXXXXXXXXXXXXXXXXXXXXXXXXXXXXXXXXXXXXXXXXXXXXXXXXXXXXXXXXXXXXXXXXXXXXXXXXXXXXXXXXXXXXXXXXXXXXXXXXXXXXXXXXXXXXXXXXXXXXXXXXXXXXXXXXXXXXXXXXXXXXXXXXXXXXXXXXXXXXXXXXXXXXXXXX
2026-09-28T03:52:46.726+03:00 [s2] [O] DELIVERY WAIT_ACK user=EBE8/683 attempt=1/5 timeout=724ms queue=0
2026-09-28T03:52:46.740+03:00 [s1] [O] 
2026-09-28T03:52:46.796+03:00 [s1] [O] RX USER session=EBE8 seq=683 frame=212B user=200B RX=-39/0 Q100 disposition=0
2026-09-28T03:52:47.019+03:00 [s1] [O] < [-39/0 Q100] S7BP200R1-XXXXXXXXXXXXXXXXXXXXXXXXXXXXXXXXXXXXXXXXXXXXXXXXXXXXXXXXXXXXXXXXXXXXXXXXXXXXXXXXXXXXXXXXXXXXXXXXXXXXXXXXXXXXXXXXXXXXXXXXXXXXXXXXXXXXXXXXXXXXXXXXXXXXXXXXXXXXXXXXXXXXXXXXXXXXXXXXXXXXXXXXXXXXXX
2026-09-28T03:52:47.020+03:00 [s1] [O] 
2026-09-28T03:52:47.066+03:00 [s1] [O] TX ACK seq=677 ack_to=EBE8/683 frame=14B OK time=25 ms guard=500ms
2026-09-28T03:52:47.434+03:00 [s2] [O] DELIVERY ACK TIMEOUT user=EBE8/683 attempt=1/5
2026-09-28T03:52:47.437+03:00 [s2] [O] DELIVERY RETRY user=EBE8/683 next_attempt=2/5 in=163ms
2026-09-28T03:52:47.730+03:00 [s1] [O] PEER_REPORT our_seq=676 TX=-44/6 Q97
2026-09-28T03:52:47.746+03:00 [s2] [O] 
2026-09-28T03:52:47.747+03:00 [s2] [O] TX USER RETRY seq=683 frame=212B user=200B attempt=2/5 OK time=171 ms
2026-09-28T03:52:47.752+03:00 [s2] [O] DELIVERY WAIT_ACK user=EBE8/683 attempt=2/5 timeout=724ms queue=0
2026-09-28T03:52:47.776+03:00 [s1] [O] 
2026-09-28T03:52:47.828+03:00 [s1] [O] RX USER session=EBE8 seq=683 frame=212B user=200B RX=-46/-0 Q100 disposition=1
2026-09-28T03:52:47.952+03:00 [s1] [O] USER DUPLICATE session=EBE8 seq=683 presentation=suppressed ack=repeated
2026-09-28T03:52:47.968+03:00 [s2] [O] PEER_REPORT our_seq=683 TX=-46/0 Q100
2026-09-28T03:52:47.973+03:00 [s2] [O] 
2026-09-28T03:52:47.985+03:00 [s2] [O] RX ACK session=118C seq=678 ack_to=EBE8/683 frame=14B RX=-44/3 Q97
2026-09-28T03:52:47.987+03:00 [s2] [O] DELIVERY ACK user=EBE8/683 attempts=2/5 elapsed=1300ms queue=0
2026-09-28T03:52:47.988+03:00 [s2] [I] S7BP200R2-XXXXXXXXXXXXXXXXXXXXXXXXXXXXXXXXXXXXXXXXXXXXXXXXXXXXXXXXXXXXXXXXXXXXXXXXXXXXXXXXXXXXXXXXXXXXXXXXXXXXXXXXXXXXXXXXXXXXXXXXXXXXXXXXXXXXXXXXXXXXXXXXXXXXXXXXXXXXXXXXXXXXXXXXXXXXXXXXXXXXXXXXXXXXXX
2026-09-28T03:52:48.054+03:00 [s2] [O] DELIVERY QUEUED source=2 bytes=200 waiting=1/8 in_flight=0
2026-09-28T03:52:48.068+03:00 [s1] [O] 
2026-09-28T03:52:48.090+03:00 [s1] [O] TX ACK seq=678 ack_to=EBE8/683 frame=14B OK time=25 ms guard=500ms
2026-09-28T03:52:48.226+03:00 [s1] [O] PEER_REPORT our_seq=678 TX=-44/3 Q97
2026-09-28T03:52:48.243+03:00 [s2] [O] 
2026-09-28T03:52:48.249+03:00 [s2] [O] TX USER seq=684 frame=212B user=200B attempt=1/5 OK time=171 ms
2026-09-28T03:52:48.251+03:00 [s2] [O] > S7BP200R2-XXXXXXXXXXXXXXXXXXXXXXXXXXXXXXXXXXXXXXXXXXXXXXXXXXXXXXXXXXXXXXXXXXXXXXXXXXXXXXXXXXXXXXXXXXXXXXXXXXXXXXXXXXXXXXXXXXXXXXXXXXXXXXXXXXXXXXXXXXXXXXXXXXXXXXXXXXXXXXXXXXXXXXXXXXXXXXXXXXXXXXXXXXXXXX
2026-09-28T03:52:48.252+03:00 [s2] [O] DELIVERY WAIT_ACK user=EBE8/684 attempt=1/5 timeout=724ms queue=0
2026-09-28T03:52:48.267+03:00 [s1] [O] 
2026-09-28T03:52:48.321+03:00 [s1] [O] RX USER session=EBE8 seq=684 frame=212B user=200B RX=-44/3 Q100 disposition=0
2026-09-28T03:52:48.468+03:00 [s2] [O] PEER_REPORT our_seq=684 TX=-44/3 Q100
2026-09-28T03:52:48.470+03:00 [s2] [O] 
2026-09-28T03:52:48.472+03:00 [s2] [O] RX ACK session=118C seq=679 ack_to=EBE8/684 frame=14B RX=-41/4 Q97
2026-09-28T03:52:48.474+03:00 [s2] [O] DELIVERY ACK user=EBE8/684 attempts=1/5 elapsed=239ms queue=0
2026-09-28T03:52:48.476+03:00 [s2] [I] S7BP200R3-XXXXXXXXXXXXXXXXXXXXXXXXXXXXXXXXXXXXXXXXXXXXXXXXXXXXXXXXXXXXXXXXXXXXXXXXXXXXXXXXXXXXXXXXXXXXXXXXXXXXXXXXXXXXXXXXXXXXXXXXXXXXXXXXXXXXXXXXXXXXXXXXXXXXXXXXXXXXXXXXXXXXXXXXXXXXXXXXXXXXXXXXXXXXXX
2026-09-28T03:52:48.548+03:00 [s1] [O] < [-44/3 Q100] S7BP200R2-XXXXXXXXXXXXXXXXXXXXXXXXXXXXXXXXXXXXXXXXXXXXXXXXXXXXXXXXXXXXXXXXXXXXXXXXXXXXXXXXXXXXXXXXXXXXXXXXXXXXXXXXXXXXXXXXXXXXXXXXXXXXXXXXXXXXXXXXXXXXXXXXXXXXXXXXXXXXXXXXXXXXXXXXXXXXXXXXXXXXXXXXXXXXXX
2026-09-28T03:52:48.555+03:00 [s2] [O] DELIVERY QUEUED source=2 bytes=200 waiting=1/8 in_flight=0
2026-09-28T03:52:48.584+03:00 [s1] [O] 
2026-09-28T03:52:48.629+03:00 [s1] [O] TX ACK seq=679 ack_to=EBE8/684 frame=14B OK time=25 ms guard=500ms
2026-09-28T03:52:48.722+03:00 [s2] [O] 
2026-09-28T03:52:48.735+03:00 [s2] [O] TX USER seq=685 frame=212B user=200B attempt=1/5 OK time=171 ms
2026-09-28T03:52:48.751+03:00 [s2] [O] > S7BP200R3-XXXXXXXXXXXXXXXXXXXXXXXXXXXXXXXXXXXXXXXXXXXXXXXXXXXXXXXXXXXXXXXXXXXXXXXXXXXXXXXXXXXXXXXXXXXXXXXXXXXXXXXXXXXXXXXXXXXXXXXXXXXXXXXXXXXXXXXXXXXXXXXXXXXXXXXXXXXXXXXXXXXXXXXXXXXXXXXXXXXXXXXXXXXXXX
2026-09-28T03:52:48.752+03:00 [s2] [O] DELIVERY WAIT_ACK user=EBE8/685 attempt=1/5 timeout=724ms queue=0
2026-09-28T03:52:49.446+03:00 [s2] [O] DELIVERY ACK TIMEOUT user=EBE8/685 attempt=1/5
2026-09-28T03:52:49.455+03:00 [s2] [O] DELIVERY RETRY user=EBE8/685 next_attempt=2/5 in=157ms
2026-09-28T03:52:49.766+03:00 [s1] [O] PEER_REPORT our_seq=679 TX=-41/5 Q94
2026-09-28T03:52:49.766+03:00 [s2] [O] 
2026-09-28T03:52:49.779+03:00 [s2] [O] TX USER RETRY seq=685 frame=212B user=200B attempt=2/5 OK time=171 ms
2026-09-28T03:52:49.783+03:00 [s2] [O] DELIVERY WAIT_ACK user=EBE8/685 attempt=2/5 timeout=724ms queue=0
2026-09-28T03:52:49.798+03:00 [s1] [O] 
2026-09-28T03:52:49.858+03:00 [s1] [O] RX USER session=EBE8 seq=685 frame=212B user=200B RX=-45/1 Q100 disposition=0
2026-09-28T03:52:49.997+03:00 [s2] [O] PEER_REPORT our_seq=685 TX=-45/1 Q100
2026-09-28T03:52:49.997+03:00 [s2] [O] 
2026-09-28T03:52:50.002+03:00 [s2] [O] RX ACK session=118C seq=680 ack_to=EBE8/685 frame=14B RX=-43/3 Q94
2026-09-28T03:52:50.012+03:00 [s2] [O] DELIVERY ACK user=EBE8/685 attempts=2/5 elapsed=1294ms queue=0
2026-09-28T03:52:50.014+03:00 [s2] [I] S7BP200R4-XXXXXXXXXXXXXXXXXXXXXXXXXXXXXXXXXXXXXXXXXXXXXXXXXXXXXXXXXXXXXXXXXXXXXXXXXXXXXXXXXXXXXXXXXXXXXXXXXXXXXXXXXXXXXXXXXXXXXXXXXXXXXXXXXXXXXXXXXXXXXXXXXXXXXXXXXXXXXXXXXXXXXXXXXXXXXXXXXXXXXXXXXXXXXX
2026-09-28T03:52:50.083+03:00 [s2] [O] DELIVERY QUEUED source=2 bytes=200 waiting=1/8 in_flight=0
2026-09-28T03:52:50.083+03:00 [s1] [O] < [-45/1 Q100] S7BP200R3-XXXXXXXXXXXXXXXXXXXXXXXXXXXXXXXXXXXXXXXXXXXXXXXXXXXXXXXXXXXXXXXXXXXXXXXXXXXXXXXXXXXXXXXXXXXXXXXXXXXXXXXXXXXXXXXXXXXXXXXXXXXXXXXXXXXXXXXXXXXXXXXXXXXXXXXXXXXXXXXXXXXXXXXXXXXXXXXXXXXXXXXXXXXXXX
2026-09-28T03:52:50.088+03:00 [s1] [O] 
2026-09-28T03:52:50.123+03:00 [s1] [O] TX ACK seq=680 ack_to=EBE8/685 frame=14B OK time=25 ms guard=500ms
2026-09-28T03:52:50.252+03:00 [s2] [O] 
2026-09-28T03:52:50.264+03:00 [s2] [O] TX USER seq=686 frame=212B user=200B attempt=1/5 OK time=171 ms
2026-09-28T03:52:50.274+03:00 [s2] [O] > S7BP200R4-XXXXXXXXXXXXXXXXXXXXXXXXXXXXXXXXXXXXXXXXXXXXXXXXXXXXXXXXXXXXXXXXXXXXXXXXXXXXXXXXXXXXXXXXXXXXXXXXXXXXXXXXXXXXXXXXXXXXXXXXXXXXXXXXXXXXXXXXXXXXXXXXXXXXXXXXXXXXXXXXXXXXXXXXXXXXXXXXXXXXXXXXXXXXXX
2026-09-28T03:52:50.280+03:00 [s2] [O] DELIVERY WAIT_ACK user=EBE8/686 attempt=1/5 timeout=724ms queue=0
2026-09-28T03:52:50.353+03:00 [s1] [O] PEER_REPORT our_seq=680 TX=-43/3 Q94
2026-09-28T03:52:50.390+03:00 [s1] [O] 
2026-09-28T03:52:50.435+03:00 [s1] [O] RX USER session=EBE8 seq=686 frame=212B user=200B RX=-44/1 Q100 disposition=0
2026-09-28T03:52:50.491+03:00 [s2] [O] PEER_REPORT our_seq=686 TX=-44/1 Q100
2026-09-28T03:52:50.502+03:00 [s2] [O] 
2026-09-28T03:52:50.504+03:00 [s2] [O] RX ACK session=118C seq=681 ack_to=EBE8/686 frame=14B RX=-45/7 Q94
2026-09-28T03:52:50.506+03:00 [s2] [O] DELIVERY ACK user=EBE8/686 attempts=1/5 elapsed=239ms queue=0
2026-09-28T03:52:50.508+03:00 [s2] [I] S7BP200R5-XXXXXXXXXXXXXXXXXXXXXXXXXXXXXXXXXXXXXXXXXXXXXXXXXXXXXXXXXXXXXXXXXXXXXXXXXXXXXXXXXXXXXXXXXXXXXXXXXXXXXXXXXXXXXXXXXXXXXXXXXXXXXXXXXXXXXXXXXXXXXXXXXXXXXXXXXXXXXXXXXXXXXXXXXXXXXXXXXXXXXXXXXXXXXX
2026-09-28T03:52:50.570+03:00 [s2] [O] DELIVERY QUEUED source=2 bytes=200 waiting=1/8 in_flight=0
2026-09-28T03:52:50.666+03:00 [s1] [O] < [-44/1 Q100] S7BP200R4-XXXXXXXXXXXXXXXXXXXXXXXXXXXXXXXXXXXXXXXXXXXXXXXXXXXXXXXXXXXXXXXXXXXXXXXXXXXXXXXXXXXXXXXXXXXXXXXXXXXXXXXXXXXXXXXXXXXXXXXXXXXXXXXXXXXXXXXXXXXXXXXXXXXXXXXXXXXXXXXXXXXXXXXXXXXXXXXXXXXXXXXXXXXXXX
2026-09-28T03:52:50.698+03:00 [s1] [O] 
2026-09-28T03:52:50.743+03:00 [s1] [O] TX ACK seq=681 ack_to=EBE8/686 frame=14B OK time=25 ms guard=500ms
2026-09-28T03:52:50.761+03:00 [s2] [O] 
2026-09-28T03:52:50.765+03:00 [s2] [O] TX USER seq=687 frame=212B user=200B attempt=1/5 OK time=171 ms
2026-09-28T03:52:50.768+03:00 [s2] [O] > S7BP200R5-XXXXXXXXXXXXXXXXXXXXXXXXXXXXXXXXXXXXXXXXXXXXXXXXXXXXXXXXXXXXXXXXXXXXXXXXXXXXXXXXXXXXXXXXXXXXXXXXXXXXXXXXXXXXXXXXXXXXXXXXXXXXXXXXXXXXXXXXXXXXXXXXXXXXXXXXXXXXXXXXXXXXXXXXXXXXXXXXXXXXXXXXXXXXXX
2026-09-28T03:52:50.771+03:00 [s2] [O] DELIVERY WAIT_ACK user=EBE8/687 attempt=1/5 timeout=724ms queue=0
2026-09-28T03:52:50.797+03:00 [s1] [O] 
2026-09-28T03:52:50.930+03:00 [s1] [O] SESSION t=3960s TX ok=691 user=320 echo_req=0 echo_rep=0 hb=70(idle=70) err=0 started=691 RX ok=682 user=301 echo_req=0 echo_rep=0 hb=0 crc=9 hdr=3 bad=0 readerr=0 reports=682 Q=100% drops=0 fatal=0
2026-09-28T03:52:50.985+03:00 [s2] [O] PEER_REPORT our_seq=687 TX=-43/2 Q100
2026-09-28T03:52:50.989+03:00 [s2] [O] 
2026-09-28T03:52:50.990+03:00 [s2] [O] RX ACK session=118C seq=682 ack_to=EBE8/687 frame=14B RX=-42/5 Q94
2026-09-28T03:52:50.992+03:00 [s2] [O] DELIVERY ACK user=EBE8/687 attempts=1/5 elapsed=239ms queue=0
2026-09-28T03:52:50.993+03:00 [s2] [I] S7BP200R6-XXXXXXXXXXXXXXXXXXXXXXXXXXXXXXXXXXXXXXXXXXXXXXXXXXXXXXXXXXXXXXXXXXXXXXXXXXXXXXXXXXXXXXXXXXXXXXXXXXXXXXXXXXXXXXXXXXXXXXXXXXXXXXXXXXXXXXXXXXXXXXXXXXXXXXXXXXXXXXXXXXXXXXXXXXXXXXXXXXXXXXXXXXXXXX
2026-09-28T03:52:51.078+03:00 [s2] [O] DELIVERY QUEUED source=2 bytes=200 waiting=1/8 in_flight=0
2026-09-28T03:52:51.166+03:00 [s1] [O] SESSION COURTESY window=5000ms peer_release=0 expired=0 yielding=0
2026-09-28T03:52:51.249+03:00 [s2] [O] 
2026-09-28T03:52:51.259+03:00 [s2] [O] TX USER seq=688 frame=212B user=200B attempt=1/5 OK time=171 ms
2026-09-28T03:52:51.266+03:00 [s2] [O] > S7BP200R6-XXXXXXXXXXXXXXXXXXXXXXXXXXXXXXXXXXXXXXXXXXXXXXXXXXXXXXXXXXXXXXXXXXXXXXXXXXXXXXXXXXXXXXXXXXXXXXXXXXXXXXXXXXXXXXXXXXXXXXXXXXXXXXXXXXXXXXXXXXXXXXXXXXXXXXXXXXXXXXXXXXXXXXXXXXXXXXXXXXXXXXXXXXXXXX
2026-09-28T03:52:51.268+03:00 [s2] [O] DELIVERY WAIT_ACK user=EBE8/688 attempt=1/5 timeout=724ms queue=0
2026-09-28T03:52:51.283+03:00 [s1] [O] SESSION DIO0_TX affected=0/691 episodes=0 avg_all=0.00 avg_affected=0.00 high_polls=0
2026-09-28T03:52:51.483+03:00 [s1] [O] SESSION RX_POLL polls=3741053 rxdone=694 interval=1000us DIO0_RX false_high_ep=0 high_polls=0 rxdone_low=16 isr=disabled
2026-09-28T03:52:51.483+03:00 [s2] [O] PEER_REPORT our_seq=688 TX=-41/2 Q100
2026-09-28T03:52:51.487+03:00 [s2] [O] 
2026-09-28T03:52:51.494+03:00 [s2] [O] RX ACK session=118C seq=683 ack_to=EBE8/688 frame=14B RX=-41/1 Q94
2026-09-28T03:52:51.518+03:00 [s2] [O] DELIVERY ACK user=EBE8/688 attempts=1/5 elapsed=238ms queue=0
2026-09-28T03:52:51.522+03:00 [s2] [I] S7BP200R7-XXXXXXXXXXXXXXXXXXXXXXXXXXXXXXXXXXXXXXXXXXXXXXXXXXXXXXXXXXXXXXXXXXXXXXXXXXXXXXXXXXXXXXXXXXXXXXXXXXXXXXXXXXXXXXXXXXXXXXXXXXXXXXXXXXXXXXXXXXXXXXXXXXXXXXXXXXXXXXXXXXXXXXXXXXXXXXXXXXXXXXXXXXXXXX
2026-09-28T03:52:51.597+03:00 [s1] [O] PEER_REPORT our_seq=681 TX=-45/7 Q94
2026-09-28T03:52:51.614+03:00 [s2] [O] DELIVERY QUEUED source=2 bytes=200 waiting=1/8 in_flight=0
2026-09-28T03:52:51.646+03:00 [s1] [O] 
2026-09-28T03:52:51.687+03:00 [s1] [O] RX USER session=EBE8 seq=687 frame=212B user=200B RX=-43/2 Q100 disposition=0
2026-09-28T03:52:51.803+03:00 [s2] [O] 
2026-09-28T03:52:51.813+03:00 [s2] [O] TX USER seq=689 frame=212B user=200B attempt=1/5 OK time=171 ms
2026-09-28T03:52:51.816+03:00 [s2] [O] > S7BP200R7-XXXXXXXXXXXXXXXXXXXXXXXXXXXXXXXXXXXXXXXXXXXXXXXXXXXXXXXXXXXXXXXXXXXXXXXXXXXXXXXXXXXXXXXXXXXXXXXXXXXXXXXXXXXXXXXXXXXXXXXXXXXXXXXXXXXXXXXXXXXXXXXXXXXXXXXXXXXXXXXXXXXXXXXXXXXXXXXXXXXXXXXXXXXXXX
2026-09-28T03:52:51.818+03:00 [s2] [O] DELIVERY WAIT_ACK user=EBE8/689 attempt=1/5 timeout=724ms queue=0
2026-09-28T03:52:51.913+03:00 [s1] [O] < [-43/2 Q100] S7BP200R5-XXXXXXXXXXXXXXXXXXXXXXXXXXXXXXXXXXXXXXXXXXXXXXXXXXXXXXXXXXXXXXXXXXXXXXXXXXXXXXXXXXXXXXXXXXXXXXXXXXXXXXXXXXXXXXXXXXXXXXXXXXXXXXXXXXXXXXXXXXXXXXXXXXXXXXXXXXXXXXXXXXXXXXXXXXXXXXXXXXXXXXXXXXXXXX
2026-09-28T03:52:51.921+03:00 [s1] [O] 
2026-09-28T03:52:51.968+03:00 [s1] [O] TX ACK seq=682 ack_to=EBE8/687 frame=14B OK time=25 ms guard=500ms
2026-09-28T03:52:52.028+03:00 [s2] [O] PEER_REPORT our_seq=689 TX=-41/2 Q100
2026-09-28T03:52:52.031+03:00 [s2] [O] 
2026-09-28T03:52:52.033+03:00 [s2] [O] RX ACK session=118C seq=684 ack_to=EBE8/689 frame=14B RX=-45/5 Q94
2026-09-28T03:52:52.034+03:00 [s2] [O] DELIVERY ACK user=EBE8/689 attempts=1/5 elapsed=240ms queue=0
2026-09-28T03:52:52.036+03:00 [s2] [I] S7BP200R8-XXXXXXXXXXXXXXXXXXXXXXXXXXXXXXXXXXXXXXXXXXXXXXXXXXXXXXXXXXXXXXXXXXXXXXXXXXXXXXXXXXXXXXXXXXXXXXXXXXXXXXXXXXXXXXXXXXXXXXXXXXXXXXXXXXXXXXXXXXXXXXXXXXXXXXXXXXXXXXXXXXXXXXXXXXXXXXXXXXXXXXXXXXXXXX
2026-09-28T03:52:52.049+03:00 [s1] [O] PEER_REPORT our_seq=682 TX=-42/5 Q94
2026-09-28T03:52:52.118+03:00 [s2] [O] DELIVERY QUEUED source=2 bytes=200 waiting=1/8 in_flight=0
2026-09-28T03:52:52.192+03:00 [s1] [O] 
2026-09-28T03:52:52.232+03:00 [s1] [O] RX USER session=EBE8 seq=688 frame=212B user=200B RX=-41/2 Q100 disposition=0
2026-09-28T03:52:52.288+03:00 [s2] [O] 
2026-09-28T03:52:52.289+03:00 [s2] [O] TX USER seq=690 frame=212B user=200B attempt=1/5 OK time=171 ms
2026-09-28T03:52:52.293+03:00 [s2] [O] > S7BP200R8-XXXXXXXXXXXXXXXXXXXXXXXXXXXXXXXXXXXXXXXXXXXXXXXXXXXXXXXXXXXXXXXXXXXXXXXXXXXXXXXXXXXXXXXXXXXXXXXXXXXXXXXXXXXXXXXXXXXXXXXXXXXXXXXXXXXXXXXXXXXXXXXXXXXXXXXXXXXXXXXXXXXXXXXXXXXXXXXXXXXXXXXXXXXXXX
2026-09-28T03:52:52.296+03:00 [s2] [O] DELIVERY WAIT_ACK user=EBE8/690 attempt=1/5 timeout=724ms queue=0
2026-09-28T03:52:52.457+03:00 [s1] [O] < [-41/2 Q100] S7BP200R6-XXXXXXXXXXXXXXXXXXXXXXXXXXXXXXXXXXXXXXXXXXXXXXXXXXXXXXXXXXXXXXXXXXXXXXXXXXXXXXXXXXXXXXXXXXXXXXXXXXXXXXXXXXXXXXXXXXXXXXXXXXXXXXXXXXXXXXXXXXXXXXXXXXXXXXXXXXXXXXXXXXXXXXXXXXXXXXXXXXXXXXXXXXXXXX
2026-09-28T03:52:52.469+03:00 [s1] [O] 
2026-09-28T03:52:52.502+03:00 [s1] [O] TX ACK seq=683 ack_to=EBE8/688 frame=14B OK time=24 ms guard=500ms
2026-09-28T03:52:52.601+03:00 [s1] [O] PEER_REPORT our_seq=683 TX=-41/1 Q94
2026-09-28T03:52:52.636+03:00 [s1] [O] 
2026-09-28T03:52:52.680+03:00 [s1] [O] RX USER session=EBE8 seq=689 frame=212B user=200B RX=-41/2 Q100 disposition=0
2026-09-28T03:52:52.919+03:00 [s1] [O] < [-41/2 Q100] S7BP200R7-XXXXXXXXXXXXXXXXXXXXXXXXXXXXXXXXXXXXXXXXXXXXXXXXXXXXXXXXXXXXXXXXXXXXXXXXXXXXXXXXXXXXXXXXXXXXXXXXXXXXXXXXXXXXXXXXXXXXXXXXXXXXXXXXXXXXXXXXXXXXXXXXXXXXXXXXXXXXXXXXXXXXXXXXXXXXXXXXXXXXXXXXXXXXXX
2026-09-28T03:52:52.947+03:00 [s1] [O] 
2026-09-28T03:52:52.995+03:00 [s1] [O] TX ACK seq=684 ack_to=EBE8/689 frame=14B OK time=25 ms guard=500ms
2026-09-28T03:52:53.004+03:00 [s2] [O] DELIVERY ACK TIMEOUT user=EBE8/690 attempt=1/5
2026-09-28T03:52:53.007+03:00 [s2] [O] DELIVERY RETRY user=EBE8/690 next_attempt=2/5 in=119ms
2026-09-28T03:52:53.278+03:00 [s2] [O] 
2026-09-28T03:52:53.283+03:00 [s1] [O] PEER_REPORT our_seq=684 TX=-45/5 Q91
2026-09-28T03:52:53.286+03:00 [s2] [O] TX USER RETRY seq=690 frame=212B user=200B attempt=2/5 OK time=171 ms
2026-09-28T03:52:53.297+03:00 [s2] [O] DELIVERY WAIT_ACK user=EBE8/690 attempt=2/5 timeout=724ms queue=0
2026-09-28T03:52:53.309+03:00 [s1] [O] 
2026-09-28T03:52:53.366+03:00 [s1] [O] RX USER session=EBE8 seq=690 frame=212B user=200B RX=-41/0 Q100 disposition=0
2026-09-28T03:52:53.504+03:00 [s2] [O] PEER_REPORT our_seq=690 TX=-41/0 Q100
2026-09-28T03:52:53.514+03:00 [s2] [O] 
2026-09-28T03:52:53.518+03:00 [s2] [O] RX ACK session=118C seq=685 ack_to=EBE8/690 frame=14B RX=-42/4 Q91
2026-09-28T03:52:53.520+03:00 [s2] [O] DELIVERY ACK user=EBE8/690 attempts=2/5 elapsed=1256ms queue=0
2026-09-28T03:52:53.522+03:00 [s2] [I] S7BP200R9-XXXXXXXXXXXXXXXXXXXXXXXXXXXXXXXXXXXXXXXXXXXXXXXXXXXXXXXXXXXXXXXXXXXXXXXXXXXXXXXXXXXXXXXXXXXXXXXXXXXXXXXXXXXXXXXXXXXXXXXXXXXXXXXXXXXXXXXXXXXXXXXXXXXXXXXXXXXXXXXXXXXXXXXXXXXXXXXXXXXXXXXXXXXXXX
2026-09-28T03:52:53.589+03:00 [s1] [O] < [-41/0 Q100] S7BP200R8-XXXXXXXXXXXXXXXXXXXXXXXXXXXXXXXXXXXXXXXXXXXXXXXXXXXXXXXXXXXXXXXXXXXXXXXXXXXXXXXXXXXXXXXXXXXXXXXXXXXXXXXXXXXXXXXXXXXXXXXXXXXXXXXXXXXXXXXXXXXXXXXXXXXXXXXXXXXXXXXXXXXXXXXXXXXXXXXXXXXXXXXXXXXXXX
2026-09-28T03:52:53.590+03:00 [s1] [O] 
2026-09-28T03:52:53.590+03:00 [s2] [O] DELIVERY QUEUED source=2 bytes=200 waiting=1/8 in_flight=0
2026-09-28T03:52:53.625+03:00 [s1] [O] TX ACK seq=685 ack_to=EBE8/690 frame=14B OK time=25 ms guard=500ms
2026-09-28T03:52:53.767+03:00 [s1] [O] PEER_REPORT our_seq=685 TX=-42/4 Q91
2026-09-28T03:52:53.767+03:00 [s2] [O] 
2026-09-28T03:52:53.781+03:00 [s2] [O] TX USER seq=691 frame=212B user=200B attempt=1/5 OK time=171 ms
2026-09-28T03:52:53.784+03:00 [s2] [O] > S7BP200R9-XXXXXXXXXXXXXXXXXXXXXXXXXXXXXXXXXXXXXXXXXXXXXXXXXXXXXXXXXXXXXXXXXXXXXXXXXXXXXXXXXXXXXXXXXXXXXXXXXXXXXXXXXXXXXXXXXXXXXXXXXXXXXXXXXXXXXXXXXXXXXXXXXXXXXXXXXXXXXXXXXXXXXXXXXXXXXXXXXXXXXXXXXXXXXX
2026-09-28T03:52:53.788+03:00 [s2] [O] DELIVERY WAIT_ACK user=EBE8/691 attempt=1/5 timeout=724ms queue=0
2026-09-28T03:52:53.803+03:00 [s1] [O] 
2026-09-28T03:52:53.848+03:00 [s1] [O] RX USER session=EBE8 seq=691 frame=212B user=200B RX=-44/2 Q100 disposition=0
2026-09-28T03:52:54.006+03:00 [s2] [O] PEER_REPORT our_seq=691 TX=-44/2 Q100
2026-09-28T03:52:54.009+03:00 [s2] [O] 
2026-09-28T03:52:54.011+03:00 [s2] [O] RX ACK session=118C seq=686 ack_to=EBE8/691 frame=14B RX=-44/3 Q91
2026-09-28T03:52:54.015+03:00 [s2] [O] DELIVERY ACK user=EBE8/691 attempts=1/5 elapsed=240ms queue=0
2026-09-28T03:52:54.018+03:00 [s2] [I] S7BP200R10-XXXXXXXXXXXXXXXXXXXXXXXXXXXXXXXXXXXXXXXXXXXXXXXXXXXXXXXXXXXXXXXXXXXXXXXXXXXXXXXXXXXXXXXXXXXXXXXXXXXXXXXXXXXXXXXXXXXXXXXXXXXXXXXXXXXXXXXXXXXXXXXXXXXXXXXXXXXXXXXXXXXXXXXXXXXXXXXXXXXXXXXXXXXXX
2026-09-28T03:52:54.084+03:00 [s1] [O] < [-44/2 Q100] S7BP200R9-XXXXXXXXXXXXXXXXXXXXXXXXXXXXXXXXXXXXXXXXXXXXXXXXXXXXXXXXXXXXXXXXXXXXXXXXXXXXXXXXXXXXXXXXXXXXXXXXXXXXXXXXXXXXXXXXXXXXXXXXXXXXXXXXXXXXXXXXXXXXXXXXXXXXXXXXXXXXXXXXXXXXXXXXXXXXXXXXXXXXXXXXXXXXXX
2026-09-28T03:52:54.085+03:00 [s2] [O] DELIVERY QUEUED source=2 bytes=200 waiting=1/8 in_flight=0
2026-09-28T03:52:54.086+03:00 [s1] [O] 
2026-09-28T03:52:54.118+03:00 [s1] [O] TX ACK seq=686 ack_to=EBE8/691 frame=14B OK time=25 ms guard=500ms
2026-09-28T03:52:54.256+03:00 [s1] [O] PEER_REPORT our_seq=686 TX=-44/3 Q91
2026-09-28T03:52:54.263+03:00 [s2] [O] 
2026-09-28T03:52:54.266+03:00 [s2] [O] TX USER seq=692 frame=212B user=200B attempt=1/5 OK time=171 ms
2026-09-28T03:52:54.282+03:00 [s2] [O] > S7BP200R10-XXXXXXXXXXXXXXXXXXXXXXXXXXXXXXXXXXXXXXXXXXXXXXXXXXXXXXXXXXXXXXXXXXXXXXXXXXXXXXXXXXXXXXXXXXXXXXXXXXXXXXXXXXXXXXXXXXXXXXXXXXXXXXXXXXXXXXXXXXXXXXXXXXXXXXXXXXXXXXXXXXXXXXXXXXXXXXXXXXXXXXXXXXXXX
2026-09-28T03:52:54.285+03:00 [s2] [O] DELIVERY WAIT_ACK user=EBE8/692 attempt=1/5 timeout=724ms queue=0
2026-09-28T03:52:54.312+03:00 [s1] [O] 
2026-09-28T03:52:54.387+03:00 [s1] [O] RX USER session=EBE8 seq=692 frame=212B user=200B RX=-42/0 Q100 disposition=0
2026-09-28T03:52:54.489+03:00 [s2] [O] PEER_REPORT our_seq=692 TX=-42/0 Q100
2026-09-28T03:52:54.495+03:00 [s2] [O] 
2026-09-28T03:52:54.504+03:00 [s2] [O] RX ACK session=118C seq=687 ack_to=EBE8/692 frame=14B RX=-40/2 Q91
2026-09-28T03:52:54.514+03:00 [s2] [O] DELIVERY ACK user=EBE8/692 attempts=1/5 elapsed=240ms queue=0
2026-09-28T03:52:54.517+03:00 [s1] [I] /power 2
2026-09-28T03:52:54.613+03:00 [s1] [O] < [-42/0 Q100] S7BP200R10-XXXXXXXXXXXXXXXXXXXXXXXXXXXXXXXXXXXXXXXXXXXXXXXXXXXXXXXXXXXXXXXXXXXXXXXXXXXXXXXXXXXXXXXXXXXXXXXXXXXXXXXXXXXXXXXXXXXXXXXXXXXXXXXXXXXXXXXXXXXXXXXXXXXXXXXXXXXXXXXXXXXXXXXXXXXXXXXXXXXXXXXXXXXXX
2026-09-28T03:52:54.615+03:00 [s1] [O] 
2026-09-28T03:52:54.671+03:00 [s1] [O] TX ACK seq=687 ack_to=EBE8/692 frame=14B OK time=25 ms guard=500ms
2026-09-28T03:52:54.756+03:00 [s1] [O] [SYS] POWER 2 dBm SAVED
2026-09-28T03:52:54.766+03:00 [s1] [I] /freq 470.000
2026-09-28T03:52:54.844+03:00 [s1] [O] [SYS] FREQ 470 MHz SAVED
2026-09-28T03:52:54.848+03:00 [s1] [I] /bw 500.000
2026-09-28T03:52:54.929+03:00 [s1] [O] [SYS] BW 500 kHz SAVED
2026-09-28T03:52:54.935+03:00 [s1] [I] /sf 7
2026-09-28T03:52:55.017+03:00 [s1] [O] [SYS] SF 7 SAVED
2026-09-28T03:52:55.025+03:00 [s2] [I] /power 2
2026-09-28T03:52:55.121+03:00 [s2] [O] [SYS] POWER 2 dBm SAVED
2026-09-28T03:52:55.125+03:00 [s2] [I] /freq 470.000
2026-09-28T03:52:55.215+03:00 [s2] [O] [SYS] FREQ 470 MHz SAVED
2026-09-28T03:52:55.219+03:00 [s2] [I] /bw 500.000
2026-09-28T03:52:55.292+03:00 [s2] [O] [SYS] BW 500 kHz SAVED
2026-09-28T03:52:55.298+03:00 [s2] [I] /sf 7
2026-09-28T03:52:55.382+03:00 [s2] [O] [SYS] SF 7 SAVED
2026-09-28T03:52:55.388+03:00 [s1] [I] /config
2026-09-28T03:52:55.482+03:00 [s1] [O] [SYS] CFG schema=2 storage=NVS freq_oob=OFF
2026-09-28T03:52:55.513+03:00 [s1] [O] [SYS] CFG RADIO power=2 dBm freq=470 MHz sf=7 bw=500 kHz
2026-09-28T03:52:55.519+03:00 [s2] [I] /config
2026-09-28T03:52:55.568+03:00 [s1] [O] [SYS] CFG LINK heartbeat=OFF retry=ON attempts=5 diag=OFF
2026-09-28T03:52:55.610+03:00 [s2] [O] [SYS] CFG schema=2 storage=NVS freq_oob=OFF
2026-09-28T03:52:55.616+03:00 [s2] [O] [SYS] CFG RADIO power=2 dBm freq=470 MHz sf=7 bw=500 kHz
2026-09-28T03:52:55.620+03:00 [s1] [I] A
2026-09-28T03:52:55.620+03:00 [s2] [O] [SYS] CFG LINK heartbeat=OFF retry=ON attempts=5 diag=OFF
2026-09-28T03:52:55.695+03:00 [s1] [O] DELIVERY QUEUED source=2 bytes=1 waiting=1/8 in_flight=0
2026-09-28T03:52:55.707+03:00 [s2] [O] PEER_REPORT our_seq=692 TX=-42/0 Q100
2026-09-28T03:52:55.710+03:00 [s2] [O] 
2026-09-28T03:52:55.714+03:00 [s2] [O] RX USER session=118C seq=688 frame=13B user=1B RX=-44/4 Q91 disposition=0
2026-09-28T03:52:55.720+03:00 [s2] [O] < [-44/4 Q91] A
2026-09-28T03:52:55.784+03:00 [s1] [O] 
2026-09-28T03:52:55.838+03:00 [s1] [O] TX USER seq=688 frame=13B user=1B attempt=1/5 OK time=13 ms
2026-09-28T03:52:55.933+03:00 [s1] [O] > A
2026-09-28T03:52:55.938+03:00 [s2] [O] 
2026-09-28T03:52:55.940+03:00 [s2] [O] TX ACK seq=693 ack_to=118C/688 frame=14B OK time=13 ms guard=500ms
2026-09-28T03:52:55.970+03:00 [s1] [O] DELIVERY WAIT_ACK user=118C/688 attempt=1/5 timeout=712ms queue=0
2026-09-28T03:52:56.054+03:00 [s1] [O] PEER_REPORT our_seq=688 TX=-44/4 Q91
2026-09-28T03:52:56.097+03:00 [s1] [O] 
2026-09-28T03:52:56.145+03:00 [s1] [O] RX ACK session=EBE8 seq=693 ack_to=118C/688 frame=14B RX=-43/1 Q100
2026-09-28T03:52:56.284+03:00 [s1] [O] DELIVERY ACK user=118C/688 attempts=1/5 elapsed=225ms queue=0
2026-09-28T03:52:56.287+03:00 [s1] [I] A
2026-09-28T03:52:56.376+03:00 [s2] [O] PEER_REPORT our_seq=693 TX=-43/1 Q100
2026-09-28T03:52:56.383+03:00 [s2] [O] 
2026-09-28T03:52:56.387+03:00 [s2] [O] RX USER session=118C seq=689 frame=13B user=1B RX=-39/-1 Q91 disposition=0
2026-09-28T03:52:56.394+03:00 [s2] [O] < [-39/-1 Q91] A
2026-09-28T03:52:56.416+03:00 [s1] [O] DELIVERY QUEUED source=2 bytes=1 waiting=1/8 in_flight=0
2026-09-28T03:52:56.510+03:00 [s1] [O] 
2026-09-28T03:52:56.549+03:00 [s1] [O] TX USER seq=689 frame=13B user=1B attempt=1/5 OK time=13 ms
2026-09-28T03:52:56.596+03:00 [s1] [O] > A
2026-09-28T03:52:56.618+03:00 [s2] [O] 
2026-09-28T03:52:56.623+03:00 [s2] [O] TX ACK seq=694 ack_to=118C/689 frame=14B OK time=13 ms guard=500ms
2026-09-28T03:52:56.649+03:00 [s1] [O] DELIVERY WAIT_ACK user=118C/689 attempt=1/5 timeout=712ms queue=0
2026-09-28T03:52:56.786+03:00 [s1] [O] PEER_REPORT our_seq=689 TX=-39/-1 Q91
2026-09-28T03:52:56.831+03:00 [s1] [O] 
2026-09-28T03:52:56.873+03:00 [s1] [O] RX ACK session=EBE8 seq=694 ack_to=118C/689 frame=14B RX=-43/2 Q100
2026-09-28T03:52:56.998+03:00 [s1] [O] DELIVERY ACK user=118C/689 attempts=1/5 elapsed=225ms queue=0
2026-09-28T03:52:57.007+03:00 [s1] [I] A
2026-09-28T03:52:57.096+03:00 [s1] [O] DELIVERY QUEUED source=2 bytes=1 waiting=1/8 in_flight=0
2026-09-28T03:52:57.099+03:00 [s2] [O] PEER_REPORT our_seq=694 TX=-43/2 Q100
2026-09-28T03:52:57.104+03:00 [s2] [O] 
2026-09-28T03:52:57.107+03:00 [s2] [O] RX USER session=118C seq=690 frame=13B user=1B RX=-39/-1 Q91 disposition=0
2026-09-28T03:52:57.111+03:00 [s2] [O] < [-39/-1 Q91] A
2026-09-28T03:52:57.181+03:00 [s1] [O] 
2026-09-28T03:52:57.226+03:00 [s1] [O] TX USER seq=690 frame=13B user=1B attempt=1/5 OK time=13 ms
2026-09-28T03:52:57.267+03:00 [s1] [O] > A
2026-09-28T03:52:57.321+03:00 [s1] [O] DELIVERY WAIT_ACK user=118C/690 attempt=1/5 timeout=712ms queue=0
2026-09-28T03:52:57.322+03:00 [s2] [O] 
2026-09-28T03:52:57.328+03:00 [s2] [O] TX ACK seq=695 ack_to=118C/690 frame=14B OK time=13 ms guard=500ms
2026-09-28T03:52:57.365+03:00 [s1] [O] PEER_REPORT our_seq=690 TX=-39/-1 Q91
2026-09-28T03:52:57.418+03:00 [s1] [O] 
2026-09-28T03:52:57.455+03:00 [s1] [O] RX ACK session=EBE8 seq=695 ack_to=118C/690 frame=14B RX=-44/3 Q100
2026-09-28T03:52:57.592+03:00 [s1] [O] DELIVERY ACK user=118C/690 attempts=1/5 elapsed=225ms queue=0
2026-09-28T03:52:57.598+03:00 [s1] [I] A
2026-09-28T03:52:57.684+03:00 [s1] [O] DELIVERY QUEUED source=2 bytes=1 waiting=1/8 in_flight=0
2026-09-28T03:52:57.687+03:00 [s2] [O] PEER_REPORT our_seq=695 TX=-44/3 Q100
2026-09-28T03:52:57.689+03:00 [s2] [O] 
2026-09-28T03:52:57.690+03:00 [s2] [O] RX USER session=118C seq=691 frame=13B user=1B RX=-40/3 Q91 disposition=0
2026-09-28T03:52:57.692+03:00 [s2] [O] < [-40/3 Q91] A
2026-09-28T03:52:57.764+03:00 [s1] [O] 
2026-09-28T03:52:57.810+03:00 [s1] [O] TX USER seq=691 frame=13B user=1B attempt=1/5 OK time=13 ms
2026-09-28T03:52:57.869+03:00 [s1] [O] > A
2026-09-28T03:52:57.910+03:00 [s1] [O] DELIVERY WAIT_ACK user=118C/691 attempt=1/5 timeout=712ms queue=0
2026-09-28T03:52:57.912+03:00 [s2] [O] 
2026-09-28T03:52:57.915+03:00 [s2] [O] TX ACK seq=696 ack_to=118C/691 frame=14B OK time=13 ms guard=500ms
2026-09-28T03:52:57.951+03:00 [s1] [O] PEER_REPORT our_seq=691 TX=-40/3 Q91
2026-09-28T03:52:57.998+03:00 [s1] [O] 
2026-09-28T03:52:58.087+03:00 [s1] [O] RX ACK session=EBE8 seq=696 ack_to=118C/691 frame=14B RX=-44/0 Q100
2026-09-28T03:52:58.222+03:00 [s1] [O] DELIVERY ACK user=118C/691 attempts=1/5 elapsed=226ms queue=0
2026-09-28T03:52:58.236+03:00 [s1] [I] A
2026-09-28T03:52:58.303+03:00 [s1] [O] DELIVERY QUEUED source=2 bytes=1 waiting=1/8 in_flight=0
2026-09-28T03:52:58.309+03:00 [s2] [O] PEER_REPORT our_seq=696 TX=-44/0 Q100
2026-09-28T03:52:58.317+03:00 [s2] [O] 
2026-09-28T03:52:58.319+03:00 [s2] [O] RX USER session=118C seq=692 frame=13B user=1B RX=-38/0 Q91 disposition=0
2026-09-28T03:52:58.322+03:00 [s2] [O] < [-38/0 Q91] A
2026-09-28T03:52:58.392+03:00 [s1] [O] 
2026-09-28T03:52:58.438+03:00 [s1] [O] TX USER seq=692 frame=13B user=1B attempt=1/5 OK time=13 ms
2026-09-28T03:52:58.492+03:00 [s1] [O] > A
2026-09-28T03:52:58.540+03:00 [s2] [O] 
2026-09-28T03:52:58.540+03:00 [s1] [O] DELIVERY WAIT_ACK user=118C/692 attempt=1/5 timeout=712ms queue=0
2026-09-28T03:52:58.541+03:00 [s2] [O] TX ACK seq=697 ack_to=118C/692 frame=14B OK time=13 ms guard=500ms
2026-09-28T03:52:58.626+03:00 [s1] [O] PEER_REPORT our_seq=692 TX=-38/0 Q91
2026-09-28T03:52:58.665+03:00 [s1] [O] 
2026-09-28T03:52:58.754+03:00 [s1] [O] RX ACK session=EBE8 seq=697 ack_to=118C/692 frame=14B RX=-41/-1 Q100
2026-09-28T03:52:58.845+03:00 [s1] [O] DELIVERY ACK user=118C/692 attempts=1/5 elapsed=225ms queue=0
2026-09-28T03:52:58.852+03:00 [s1] [I] A
2026-09-28T03:52:58.937+03:00 [s1] [O] DELIVERY QUEUED source=2 bytes=1 waiting=1/8 in_flight=0
2026-09-28T03:52:58.937+03:00 [s2] [O] PEER_REPORT our_seq=697 TX=-41/-1 Q100
2026-09-28T03:52:58.941+03:00 [s2] [O] 
2026-09-28T03:52:58.943+03:00 [s2] [O] RX USER session=118C seq=693 frame=13B user=1B RX=-43/4 Q91 disposition=0
2026-09-28T03:52:58.946+03:00 [s2] [O] < [-43/4 Q91] A
2026-09-28T03:52:59.024+03:00 [s1] [O] 
2026-09-28T03:52:59.066+03:00 [s1] [O] TX USER seq=693 frame=13B user=1B attempt=1/5 OK time=13 ms
2026-09-28T03:52:59.111+03:00 [s1] [O] > A
2026-09-28T03:52:59.161+03:00 [s1] [O] DELIVERY WAIT_ACK user=118C/693 attempt=1/5 timeout=712ms queue=0
2026-09-28T03:52:59.169+03:00 [s2] [O] 
2026-09-28T03:52:59.212+03:00 [s2] [O] TX ACK seq=698 ack_to=118C/693 frame=14B OK time=13 ms guard=500ms
2026-09-28T03:52:59.248+03:00 [s1] [O] PEER_REPORT our_seq=693 TX=-43/4 Q91
2026-09-28T03:52:59.294+03:00 [s1] [O] 
2026-09-28T03:52:59.340+03:00 [s1] [O] RX ACK session=EBE8 seq=698 ack_to=118C/693 frame=14B RX=-41/2 Q100
2026-09-28T03:52:59.475+03:00 [s1] [O] DELIVERY ACK user=118C/693 attempts=1/5 elapsed=226ms queue=0
2026-09-28T03:52:59.485+03:00 [s1] [I] A
2026-09-28T03:52:59.582+03:00 [s1] [O] DELIVERY QUEUED source=2 bytes=1 waiting=1/8 in_flight=0
2026-09-28T03:52:59.587+03:00 [s2] [O] PEER_REPORT our_seq=698 TX=-41/2 Q100
2026-09-28T03:52:59.589+03:00 [s2] [O] 
2026-09-28T03:52:59.591+03:00 [s2] [O] RX USER session=118C seq=694 frame=13B user=1B RX=-39/0 Q91 disposition=0
2026-09-28T03:52:59.595+03:00 [s2] [O] < [-39/0 Q91] A
2026-09-28T03:52:59.652+03:00 [s1] [O] 
2026-09-28T03:52:59.697+03:00 [s1] [O] TX USER seq=694 frame=13B user=1B attempt=1/5 OK time=13 ms
2026-09-28T03:52:59.750+03:00 [s1] [O] > A
2026-09-28T03:52:59.793+03:00 [s2] [O] 
2026-09-28T03:52:59.805+03:00 [s2] [O] TX ACK seq=699 ack_to=118C/694 frame=14B OK time=13 ms guard=500ms
2026-09-28T03:52:59.835+03:00 [s1] [O] DELIVERY WAIT_ACK user=118C/694 attempt=1/5 timeout=712ms queue=0
2026-09-28T03:52:59.925+03:00 [s1] [O] PEER_REPORT our_seq=694 TX=-39/0 Q91
2026-09-28T03:52:59.975+03:00 [s1] [O] 
2026-09-28T03:53:00.014+03:00 [s1] [O] RX ACK session=EBE8 seq=699 ack_to=118C/694 frame=14B RX=-40/0 Q100
2026-09-28T03:53:00.148+03:00 [s1] [O] DELIVERY ACK user=118C/694 attempts=1/5 elapsed=226ms queue=0
2026-09-28T03:53:00.159+03:00 [s1] [I] A
2026-09-28T03:53:00.251+03:00 [s1] [O] DELIVERY QUEUED source=2 bytes=1 waiting=1/8 in_flight=0
2026-09-28T03:53:00.254+03:00 [s2] [O] PEER_REPORT our_seq=699 TX=-40/0 Q100
2026-09-28T03:53:00.256+03:00 [s2] [O] 
2026-09-28T03:53:00.258+03:00 [s2] [O] RX USER session=118C seq=695 frame=13B user=1B RX=-40/3 Q91 disposition=0
2026-09-28T03:53:00.259+03:00 [s2] [O] < [-40/3 Q91] A
2026-09-28T03:53:00.375+03:00 [s1] [O] 
2026-09-28T03:53:00.417+03:00 [s1] [O] TX USER seq=695 frame=13B user=1B attempt=1/5 OK time=13 ms
2026-09-28T03:53:00.469+03:00 [s1] [O] > A
2026-09-28T03:53:00.478+03:00 [s2] [O] 
2026-09-28T03:53:00.486+03:00 [s2] [O] TX ACK seq=700 ack_to=118C/695 frame=14B OK time=13 ms guard=500ms
2026-09-28T03:53:00.507+03:00 [s1] [O] DELIVERY WAIT_ACK user=118C/695 attempt=1/5 timeout=712ms queue=0
2026-09-28T03:53:00.562+03:00 [s1] [O] PEER_REPORT our_seq=695 TX=-40/3 Q91
2026-09-28T03:53:00.606+03:00 [s1] [O] 
2026-09-28T03:53:00.655+03:00 [s1] [O] RX ACK session=EBE8 seq=700 ack_to=118C/695 frame=14B RX=-35/0 Q100
2026-09-28T03:53:00.826+03:00 [s1] [O] DELIVERY ACK user=118C/695 attempts=1/5 elapsed=224ms queue=0
2026-09-28T03:53:00.833+03:00 [s1] [I] A
2026-09-28T03:53:00.928+03:00 [s1] [O] DELIVERY QUEUED source=2 bytes=1 waiting=1/8 in_flight=0
2026-09-28T03:53:00.934+03:00 [s2] [O] PEER_REPORT our_seq=700 TX=-35/0 Q100
2026-09-28T03:53:00.945+03:00 [s2] [O] 
2026-09-28T03:53:00.948+03:00 [s2] [O] RX USER session=118C seq=696 frame=13B user=1B RX=-41/5 Q91 disposition=0
2026-09-28T03:53:00.948+03:00 [s2] [O] < [-41/5 Q91] A
2026-09-28T03:53:01.002+03:00 [s1] [O] 
2026-09-28T03:53:01.048+03:00 [s1] [O] TX USER seq=696 frame=13B user=1B attempt=1/5 OK time=13 ms
2026-09-28T03:53:01.145+03:00 [s2] [O] 
2026-09-28T03:53:01.147+03:00 [s1] [O] > A
2026-09-28T03:53:01.163+03:00 [s2] [O] TX ACK seq=701 ack_to=118C/696 frame=14B OK time=13 ms guard=500ms
2026-09-28T03:53:01.183+03:00 [s1] [O] DELIVERY WAIT_ACK user=118C/696 attempt=1/5 timeout=712ms queue=0
2026-09-28T03:53:01.274+03:00 [s1] [O] PEER_REPORT our_seq=696 TX=-41/5 Q91
2026-09-28T03:53:01.317+03:00 [s1] [O] 
2026-09-28T03:53:01.362+03:00 [s1] [O] RX ACK session=EBE8 seq=701 ack_to=118C/696 frame=14B RX=-44/6 Q100
2026-09-28T03:53:01.497+03:00 [s1] [O] DELIVERY ACK user=118C/696 attempts=1/5 elapsed=225ms queue=0
2026-09-28T03:53:01.506+03:00 [s1] [I] A
2026-09-28T03:53:01.600+03:00 [s2] [O] PEER_REPORT our_seq=701 TX=-44/6 Q100
2026-09-28T03:53:01.601+03:00 [s1] [O] DELIVERY QUEUED source=2 bytes=1 waiting=1/8 in_flight=0
2026-09-28T03:53:01.607+03:00 [s2] [O] 
2026-09-28T03:53:01.612+03:00 [s2] [O] RX USER session=118C seq=697 frame=13B user=1B RX=-40/5 Q91 disposition=0
2026-09-28T03:53:01.614+03:00 [s2] [O] < [-40/5 Q91] A
2026-09-28T03:53:01.678+03:00 [s1] [O] 
2026-09-28T03:53:01.723+03:00 [s1] [O] TX USER seq=697 frame=13B user=1B attempt=1/5 OK time=13 ms
2026-09-28T03:53:01.781+03:00 [s1] [O] > A
2026-09-28T03:53:01.822+03:00 [s2] [O] 
2026-09-28T03:53:01.822+03:00 [s2] [O] TX ACK seq=702 ack_to=118C/697 frame=14B OK time=13 ms guard=500ms
2026-09-28T03:53:01.831+03:00 [s1] [O] DELIVERY WAIT_ACK user=118C/697 attempt=1/5 timeout=712ms queue=0
2026-09-28T03:53:01.866+03:00 [s1] [O] PEER_REPORT our_seq=697 TX=-40/5 Q91
2026-09-28T03:53:01.911+03:00 [s1] [O] 
2026-09-28T03:53:01.949+03:00 [s1] [O] RX ACK session=EBE8 seq=702 ack_to=118C/697 frame=14B RX=-41/5 Q100
2026-09-28T03:53:02.092+03:00 [s1] [O] DELIVERY ACK user=118C/697 attempts=1/5 elapsed=225ms queue=0
2026-09-28T03:53:02.098+03:00 [s2] [I] B
2026-09-28T03:53:02.192+03:00 [s1] [O] PEER_REPORT our_seq=697 TX=-40/5 Q91
2026-09-28T03:53:02.194+03:00 [s2] [O] DELIVERY QUEUED source=2 bytes=1 waiting=1/8 in_flight=0
2026-09-28T03:53:02.196+03:00 [s2] [O] 
2026-09-28T03:53:02.199+03:00 [s2] [O] TX USER seq=703 frame=13B user=1B attempt=1/5 OK time=13 ms
2026-09-28T03:53:02.200+03:00 [s2] [O] > B
2026-09-28T03:53:02.212+03:00 [s2] [O] DELIVERY WAIT_ACK user=EBE8/703 attempt=1/5 timeout=712ms queue=0
2026-09-28T03:53:02.221+03:00 [s1] [O] 
2026-09-28T03:53:02.276+03:00 [s1] [O] RX USER session=EBE8 seq=703 frame=13B user=1B RX=-40/6 Q100 disposition=0
2026-09-28T03:53:02.360+03:00 [s1] [O] < [-40/6 Q100] B
2026-09-28T03:53:02.399+03:00 [s1] [O] 
2026-09-28T03:53:02.411+03:00 [s2] [O] PEER_REPORT our_seq=703 TX=-40/6 Q100
2026-09-28T03:53:02.415+03:00 [s2] [O] 
2026-09-28T03:53:02.417+03:00 [s2] [O] RX ACK session=118C seq=698 ack_to=EBE8/703 frame=14B RX=-43/5 Q91
2026-09-28T03:53:02.419+03:00 [s2] [O] DELIVERY ACK user=EBE8/703 attempts=1/5 elapsed=228ms queue=0
2026-09-28T03:53:02.421+03:00 [s2] [I] B
2026-09-28T03:53:02.443+03:00 [s1] [O] TX ACK seq=698 ack_to=EBE8/703 frame=14B OK time=13 ms guard=500ms
2026-09-28T03:53:02.515+03:00 [s2] [O] DELIVERY QUEUED source=2 bytes=1 waiting=1/8 in_flight=0
2026-09-28T03:53:02.517+03:00 [s2] [O] 
2026-09-28T03:53:02.519+03:00 [s2] [O] TX USER seq=704 frame=13B user=1B attempt=1/5 OK time=13 ms
2026-09-28T03:53:02.523+03:00 [s2] [O] > B
2026-09-28T03:53:02.534+03:00 [s1] [O] PEER_REPORT our_seq=698 TX=-43/5 Q91
2026-09-28T03:53:02.535+03:00 [s2] [O] DELIVERY WAIT_ACK user=EBE8/704 attempt=1/5 timeout=712ms queue=0
2026-09-28T03:53:02.626+03:00 [s1] [O] 
2026-09-28T03:53:02.667+03:00 [s1] [O] RX USER session=EBE8 seq=704 frame=13B user=1B RX=-44/6 Q100 disposition=0
2026-09-28T03:53:02.728+03:00 [s1] [O] < [-44/6 Q100] B
2026-09-28T03:53:02.729+03:00 [s2] [O] PEER_REPORT our_seq=704 TX=-44/6 Q100
2026-09-28T03:53:02.734+03:00 [s2] [O] 
2026-09-28T03:53:02.737+03:00 [s2] [O] RX ACK session=118C seq=699 ack_to=EBE8/704 frame=14B RX=-41/2 Q91
2026-09-28T03:53:02.739+03:00 [s2] [O] DELIVERY ACK user=EBE8/704 attempts=1/5 elapsed=227ms queue=0
2026-09-28T03:53:02.741+03:00 [s2] [I] B
2026-09-28T03:53:02.759+03:00 [s1] [O] 
2026-09-28T03:53:02.815+03:00 [s1] [O] TX ACK seq=699 ack_to=EBE8/704 frame=14B OK time=13 ms guard=500ms
2026-09-28T03:53:02.815+03:00 [s2] [O] DELIVERY QUEUED source=2 bytes=1 waiting=1/8 in_flight=0
2026-09-28T03:53:02.828+03:00 [s2] [O] 
2026-09-28T03:53:02.831+03:00 [s2] [O] TX USER seq=705 frame=13B user=1B attempt=1/5 OK time=13 ms
2026-09-28T03:53:02.833+03:00 [s2] [O] > B
2026-09-28T03:53:02.835+03:00 [s2] [O] DELIVERY WAIT_ACK user=EBE8/705 attempt=1/5 timeout=712ms queue=0
2026-09-28T03:53:02.903+03:00 [s1] [O] PEER_REPORT our_seq=699 TX=-41/2 Q91
2026-09-28T03:53:02.945+03:00 [s1] [O] 
2026-09-28T03:53:02.994+03:00 [s1] [O] RX USER session=EBE8 seq=705 frame=13B user=1B RX=-41/4 Q100 disposition=0
2026-09-28T03:53:03.037+03:00 [s2] [O] PEER_REPORT our_seq=705 TX=-41/4 Q100
2026-09-28T03:53:03.040+03:00 [s2] [O] 
2026-09-28T03:53:03.044+03:00 [s2] [O] RX ACK session=118C seq=700 ack_to=EBE8/705 frame=14B RX=-44/4 Q91
2026-09-28T03:53:03.044+03:00 [s2] [O] DELIVERY ACK user=EBE8/705 attempts=1/5 elapsed=226ms queue=0
2026-09-28T03:53:03.046+03:00 [s2] [I] B
2026-09-28T03:53:03.074+03:00 [s1] [O] < [-41/4 Q100] B
2026-09-28T03:53:03.087+03:00 [s1] [O] 
2026-09-28T03:53:03.127+03:00 [s2] [O] DELIVERY QUEUED source=2 bytes=1 waiting=1/8 in_flight=0
2026-09-28T03:53:03.137+03:00 [s1] [O] TX ACK seq=700 ack_to=EBE8/705 frame=14B OK time=13 ms guard=500ms
2026-09-28T03:53:03.138+03:00 [s2] [O] 
2026-09-28T03:53:03.142+03:00 [s2] [O] TX USER seq=706 frame=13B user=1B attempt=1/5 OK time=13 ms
2026-09-28T03:53:03.142+03:00 [s2] [O] > B
2026-09-28T03:53:03.144+03:00 [s2] [O] DELIVERY WAIT_ACK user=EBE8/706 attempt=1/5 timeout=712ms queue=0
2026-09-28T03:53:03.218+03:00 [s1] [O] PEER_REPORT our_seq=700 TX=-44/4 Q91
2026-09-28T03:53:03.305+03:00 [s1] [O] 
2026-09-28T03:53:03.342+03:00 [s1] [O] RX USER session=EBE8 seq=706 frame=13B user=1B RX=-43/5 Q100 disposition=0
2026-09-28T03:53:03.352+03:00 [s2] [O] PEER_REPORT our_seq=706 TX=-43/5 Q100
2026-09-28T03:53:03.360+03:00 [s2] [O] 
2026-09-28T03:53:03.363+03:00 [s2] [O] RX ACK session=118C seq=701 ack_to=EBE8/706 frame=14B RX=-44/5 Q91
2026-09-28T03:53:03.399+03:00 [s2] [O] DELIVERY ACK user=EBE8/706 attempts=1/5 elapsed=227ms queue=0
2026-09-28T03:53:03.400+03:00 [s2] [I] B
2026-09-28T03:53:03.433+03:00 [s1] [O] < [-43/5 Q100] B
2026-09-28T03:53:03.445+03:00 [s1] [O] 
2026-09-28T03:53:03.478+03:00 [s1] [O] TX ACK seq=701 ack_to=EBE8/706 frame=14B OK time=13 ms guard=500ms
2026-09-28T03:53:03.487+03:00 [s2] [O] DELIVERY QUEUED source=2 bytes=1 waiting=1/8 in_flight=0
2026-09-28T03:53:03.489+03:00 [s2] [O] 
2026-09-28T03:53:03.527+03:00 [s2] [O] TX USER seq=707 frame=13B user=1B attempt=1/5 OK time=13 ms
2026-09-28T03:53:03.534+03:00 [s2] [O] > B
2026-09-28T03:53:03.534+03:00 [s2] [O] DELIVERY WAIT_ACK user=EBE8/707 attempt=1/5 timeout=712ms queue=0
2026-09-28T03:53:03.567+03:00 [s1] [O] PEER_REPORT our_seq=701 TX=-44/5 Q91
2026-09-28T03:53:03.612+03:00 [s1] [O] 
2026-09-28T03:53:03.660+03:00 [s1] [O] RX USER session=EBE8 seq=707 frame=13B user=1B RX=-42/6 Q100 disposition=0
2026-09-28T03:53:03.710+03:00 [s2] [O] PEER_REPORT our_seq=707 TX=-42/6 Q100
2026-09-28T03:53:03.722+03:00 [s2] [O] 
2026-09-28T03:53:03.728+03:00 [s2] [O] RX ACK session=118C seq=702 ack_to=EBE8/707 frame=14B RX=-45/5 Q91
2026-09-28T03:53:03.730+03:00 [s2] [O] DELIVERY ACK user=EBE8/707 attempts=1/5 elapsed=226ms queue=0
2026-09-28T03:53:03.731+03:00 [s2] [I] B
2026-09-28T03:53:03.746+03:00 [s1] [O] < [-42/6 Q100] B
2026-09-28T03:53:03.747+03:00 [s1] [O] 
2026-09-28T03:53:03.798+03:00 [s1] [O] TX ACK seq=702 ack_to=EBE8/707 frame=14B OK time=13 ms guard=500ms
2026-09-28T03:53:03.798+03:00 [s2] [O] DELIVERY QUEUED source=2 bytes=1 waiting=1/8 in_flight=0
2026-09-28T03:53:03.803+03:00 [s2] [O] 
2026-09-28T03:53:03.817+03:00 [s2] [O] TX USER seq=708 frame=13B user=1B attempt=1/5 OK time=13 ms
2026-09-28T03:53:03.817+03:00 [s2] [O] > B
2026-09-28T03:53:03.820+03:00 [s2] [O] DELIVERY WAIT_ACK user=EBE8/708 attempt=1/5 timeout=712ms queue=0
2026-09-28T03:53:03.890+03:00 [s1] [O] PEER_REPORT our_seq=702 TX=-45/5 Q91
2026-09-28T03:53:03.927+03:00 [s1] [O] 
2026-09-28T03:53:03.975+03:00 [s1] [O] RX USER session=EBE8 seq=708 frame=13B user=1B RX=-42/5 Q100 disposition=0
2026-09-28T03:53:04.030+03:00 [s2] [O] PEER_REPORT our_seq=708 TX=-42/5 Q100
2026-09-28T03:53:04.032+03:00 [s2] [O] 
2026-09-28T03:53:04.035+03:00 [s2] [O] RX ACK session=118C seq=703 ack_to=EBE8/708 frame=14B RX=-45/6 Q91
2026-09-28T03:53:04.039+03:00 [s2] [O] DELIVERY ACK user=EBE8/708 attempts=1/5 elapsed=227ms queue=0
2026-09-28T03:53:04.045+03:00 [s2] [I] B
2026-09-28T03:53:04.065+03:00 [s1] [O] < [-42/5 Q100] B
2026-09-28T03:53:04.110+03:00 [s1] [O] 
2026-09-28T03:53:04.116+03:00 [s2] [O] DELIVERY QUEUED source=2 bytes=1 waiting=1/8 in_flight=0
2026-09-28T03:53:04.130+03:00 [s2] [O] 
2026-09-28T03:53:04.133+03:00 [s2] [O] TX USER seq=709 frame=13B user=1B attempt=1/5 OK time=13 ms
2026-09-28T03:53:04.135+03:00 [s2] [O] > B
2026-09-28T03:53:04.141+03:00 [s2] [O] DELIVERY WAIT_ACK user=EBE8/709 attempt=1/5 timeout=712ms queue=0
2026-09-28T03:53:04.152+03:00 [s1] [O] TX ACK seq=703 ack_to=EBE8/708 frame=14B OK time=13 ms guard=500ms
2026-09-28T03:53:04.289+03:00 [s1] [O] PEER_REPORT our_seq=703 TX=-45/6 Q91
2026-09-28T03:53:04.332+03:00 [s1] [O] 
2026-09-28T03:53:04.345+03:00 [s2] [O] PEER_REPORT our_seq=709 TX=-45/6 Q100
2026-09-28T03:53:04.350+03:00 [s2] [O] 
2026-09-28T03:53:04.353+03:00 [s2] [O] RX ACK session=118C seq=704 ack_to=EBE8/709 frame=14B RX=-44/4 Q91
2026-09-28T03:53:04.355+03:00 [s2] [O] DELIVERY ACK user=EBE8/709 attempts=1/5 elapsed=227ms queue=0
2026-09-28T03:53:04.357+03:00 [s2] [I] B
2026-09-28T03:53:04.379+03:00 [s1] [O] RX USER session=EBE8 seq=709 frame=13B user=1B RX=-45/6 Q100 disposition=0
2026-09-28T03:53:04.436+03:00 [s2] [O] DELIVERY QUEUED source=2 bytes=1 waiting=1/8 in_flight=0
2026-09-28T03:53:04.449+03:00 [s2] [O] 
2026-09-28T03:53:04.451+03:00 [s2] [O] TX USER seq=710 frame=13B user=1B attempt=1/5 OK time=13 ms
2026-09-28T03:53:04.460+03:00 [s2] [O] > B
2026-09-28T03:53:04.465+03:00 [s2] [O] DELIVERY WAIT_ACK user=EBE8/710 attempt=1/5 timeout=712ms queue=0
2026-09-28T03:53:04.468+03:00 [s1] [O] < [-45/6 Q100] B
2026-09-28T03:53:04.479+03:00 [s1] [O] 
2026-09-28T03:53:04.519+03:00 [s1] [O] TX ACK seq=704 ack_to=EBE8/709 frame=14B OK time=13 ms guard=500ms
2026-09-28T03:53:04.651+03:00 [s1] [O] PEER_REPORT our_seq=704 TX=-44/4 Q91
2026-09-28T03:53:04.662+03:00 [s2] [O] PEER_REPORT our_seq=710 TX=-41/4 Q100
2026-09-28T03:53:04.665+03:00 [s2] [O] 
2026-09-28T03:53:04.669+03:00 [s2] [O] RX ACK session=118C seq=705 ack_to=EBE8/710 frame=14B RX=-43/5 Q91
2026-09-28T03:53:04.681+03:00 [s2] [O] DELIVERY ACK user=EBE8/710 attempts=1/5 elapsed=227ms queue=0
2026-09-28T03:53:04.683+03:00 [s2] [I] B
2026-09-28T03:53:04.695+03:00 [s1] [O] 
2026-09-28T03:53:04.738+03:00 [s1] [O] RX USER session=EBE8 seq=710 frame=13B user=1B RX=-41/4 Q100 disposition=0
2026-09-28T03:53:04.748+03:00 [s2] [O] DELIVERY QUEUED source=2 bytes=1 waiting=1/8 in_flight=0
2026-09-28T03:53:04.751+03:00 [s2] [O] 
2026-09-28T03:53:04.755+03:00 [s2] [O] TX USER seq=711 frame=13B user=1B attempt=1/5 OK time=13 ms
2026-09-28T03:53:04.759+03:00 [s2] [O] > B
2026-09-28T03:53:04.763+03:00 [s2] [O] DELIVERY WAIT_ACK user=EBE8/711 attempt=1/5 timeout=712ms queue=0
2026-09-28T03:53:04.876+03:00 [s1] [O] < [-41/4 Q100] B
2026-09-28T03:53:04.878+03:00 [s1] [O] 
2026-09-28T03:53:04.918+03:00 [s1] [O] TX ACK seq=705 ack_to=EBE8/710 frame=14B OK time=13 ms guard=500ms
2026-09-28T03:53:04.969+03:00 [s2] [O] PEER_REPORT our_seq=711 TX=-44/5 Q100
2026-09-28T03:53:04.974+03:00 [s2] [O] 
2026-09-28T03:53:04.975+03:00 [s2] [O] RX ACK session=118C seq=706 ack_to=EBE8/711 frame=14B RX=-44/4 Q91
2026-09-28T03:53:04.978+03:00 [s2] [O] DELIVERY ACK user=EBE8/711 attempts=1/5 elapsed=227ms queue=0
2026-09-28T03:53:04.980+03:00 [s2] [I] B
2026-09-28T03:53:05.009+03:00 [s1] [O] PEER_REPORT our_seq=705 TX=-43/5 Q91
2026-09-28T03:53:05.053+03:00 [s1] [O] 
2026-09-28T03:53:05.080+03:00 [s2] [O] DELIVERY QUEUED source=2 bytes=1 waiting=1/8 in_flight=0
2026-09-28T03:53:05.084+03:00 [s2] [O] 
2026-09-28T03:53:05.095+03:00 [s2] [O] TX USER seq=712 frame=13B user=1B attempt=1/5 OK time=13 ms
2026-09-28T03:53:05.110+03:00 [s2] [O] > B
2026-09-28T03:53:05.125+03:00 [s1] [O] RX USER session=EBE8 seq=711 frame=13B user=1B RX=-44/5 Q100 disposition=0
2026-09-28T03:53:05.139+03:00 [s2] [O] DELIVERY WAIT_ACK user=EBE8/712 attempt=1/5 timeout=712ms queue=0
2026-09-28T03:53:05.203+03:00 [s1] [O] < [-44/5 Q100] B
2026-09-28T03:53:05.203+03:00 [s1] [O] 
2026-09-28T03:53:05.253+03:00 [s1] [O] TX ACK seq=706 ack_to=EBE8/711 frame=14B OK time=13 ms guard=500ms
2026-09-28T03:53:05.332+03:00 [s2] [O] PEER_REPORT our_seq=712 TX=-41/5 Q100
2026-09-28T03:53:05.370+03:00 [s1] [O] PEER_REPORT our_seq=706 TX=-44/4 Q91
2026-09-28T03:53:05.402+03:00 [s2] [O] 
2026-09-28T03:53:05.430+03:00 [s1] [O] 
2026-09-28T03:53:05.455+03:00 [s2] [O] RX ACK session=118C seq=707 ack_to=EBE8/712 frame=14B RX=-41/5 Q91
2026-09-28T03:53:05.476+03:00 [s1] [O] RX USER session=EBE8 seq=712 frame=13B user=1B RX=-41/5 Q100 disposition=0
2026-09-28T03:53:05.507+03:00 [s2] [O] DELIVERY ACK user=EBE8/712 attempts=1/5 elapsed=227ms queue=0
2026-09-28T03:53:05.535+03:00 [s1] [O] < [-41/5 Q100] B
2026-09-28T03:53:05.535+03:00 [s1] [O] 
2026-09-28T03:53:05.537+03:00 [s1] [I] S7AP8R1-
2026-09-28T03:53:05.572+03:00 [s1] [O] TX ACK seq=707 ack_to=EBE8/712 frame=14B OK time=13 ms guard=500ms
2026-09-28T03:53:05.614+03:00 [s2] [O] PEER_REPORT our_seq=712 TX=-41/5 Q100
2026-09-28T03:53:05.615+03:00 [s2] [O] 
2026-09-28T03:53:05.643+03:00 [s2] [O] RX USER session=118C seq=708 frame=20B user=8B RX=-42/5 Q91 disposition=0
2026-09-28T03:53:05.649+03:00 [s2] [O] < [-42/5 Q91] S7AP8R1-
2026-09-28T03:53:05.681+03:00 [s1] [O] DELIVERY QUEUED source=2 bytes=8 waiting=1/8 in_flight=0
2026-09-28T03:53:05.727+03:00 [s1] [O] 
2026-09-28T03:53:05.817+03:00 [s1] [O] TX USER seq=708 frame=20B user=8B attempt=1/5 OK time=16 ms
2026-09-28T03:53:05.833+03:00 [s2] [O] 
2026-09-28T03:53:05.845+03:00 [s2] [O] TX ACK seq=713 ack_to=118C/708 frame=14B OK time=13 ms guard=500ms
2026-09-28T03:53:05.862+03:00 [s1] [O] > S7AP8R1-
2026-09-28T03:53:05.911+03:00 [s1] [O] DELIVERY WAIT_ACK user=118C/708 attempt=1/5 timeout=712ms queue=0
2026-09-28T03:53:06.047+03:00 [s1] [O] PEER_REPORT our_seq=708 TX=-42/5 Q91
2026-09-28T03:53:06.086+03:00 [s1] [O] 
2026-09-28T03:53:06.133+03:00 [s1] [O] RX ACK session=EBE8 seq=713 ack_to=118C/708 frame=14B RX=-44/5 Q100
2026-09-28T03:53:06.313+03:00 [s1] [O] DELIVERY ACK user=118C/708 attempts=1/5 elapsed=223ms queue=0
2026-09-28T03:53:06.317+03:00 [s1] [I] S7AP8R2-
2026-09-28T03:53:06.414+03:00 [s2] [O] PEER_REPORT our_seq=713 TX=-44/5 Q100
2026-09-28T03:53:06.417+03:00 [s2] [O] 
2026-09-28T03:53:06.417+03:00 [s1] [O] DELIVERY QUEUED source=2 bytes=8 waiting=1/8 in_flight=0
2026-09-28T03:53:06.420+03:00 [s2] [O] RX USER session=118C seq=709 frame=20B user=8B RX=-42/4 Q91 disposition=0
2026-09-28T03:53:06.433+03:00 [s2] [O] < [-42/4 Q91] S7AP8R2-
2026-09-28T03:53:06.495+03:00 [s1] [O] 
2026-09-28T03:53:06.537+03:00 [s1] [O] TX USER seq=709 frame=20B user=8B attempt=1/5 OK time=16 ms
2026-09-28T03:53:06.596+03:00 [s1] [O] > S7AP8R2-
2026-09-28T03:53:06.640+03:00 [s1] [O] DELIVERY WAIT_ACK user=118C/709 attempt=1/5 timeout=712ms queue=0
2026-09-28T03:53:06.641+03:00 [s2] [O] 
2026-09-28T03:53:06.650+03:00 [s2] [O] TX ACK seq=714 ack_to=118C/709 frame=14B OK time=13 ms guard=500ms
2026-09-28T03:53:06.679+03:00 [s1] [O] PEER_REPORT our_seq=709 TX=-42/4 Q91
2026-09-28T03:53:06.725+03:00 [s1] [O] 
2026-09-28T03:53:06.772+03:00 [s1] [O] RX ACK session=EBE8 seq=714 ack_to=118C/709 frame=14B RX=-40/5 Q100
2026-09-28T03:53:06.901+03:00 [s1] [O] DELIVERY ACK user=118C/709 attempts=1/5 elapsed=226ms queue=0
2026-09-28T03:53:06.910+03:00 [s1] [I] S7AP8R3-
2026-09-28T03:53:07.002+03:00 [s2] [O] PEER_REPORT our_seq=714 TX=-40/5 Q100
2026-09-28T03:53:07.002+03:00 [s1] [O] DELIVERY QUEUED source=2 bytes=8 waiting=1/8 in_flight=0
2026-09-28T03:53:07.006+03:00 [s2] [O] 
2026-09-28T03:53:07.011+03:00 [s2] [O] RX USER session=118C seq=710 frame=20B user=8B RX=-42/5 Q91 disposition=0
2026-09-28T03:53:07.015+03:00 [s2] [O] < [-42/5 Q91] S7AP8R3-
2026-09-28T03:53:07.077+03:00 [s1] [O] 
2026-09-28T03:53:07.132+03:00 [s1] [O] TX USER seq=710 frame=20B user=8B attempt=1/5 OK time=16 ms
2026-09-28T03:53:07.185+03:00 [s1] [O] > S7AP8R3-
2026-09-28T03:53:07.226+03:00 [s2] [O] 
2026-09-28T03:53:07.244+03:00 [s2] [O] TX ACK seq=715 ack_to=118C/710 frame=14B OK time=13 ms guard=500ms
2026-09-28T03:53:07.258+03:00 [s1] [O] DELIVERY WAIT_ACK user=118C/710 attempt=1/5 timeout=712ms queue=0
2026-09-28T03:53:07.402+03:00 [s1] [O] PEER_REPORT our_seq=710 TX=-42/5 Q91
2026-09-28T03:53:07.443+03:00 [s1] [O] 
2026-09-28T03:53:07.528+03:00 [s1] [O] RX ACK session=EBE8 seq=715 ack_to=118C/710 frame=14B RX=-44/6 Q100
2026-09-28T03:53:07.708+03:00 [s1] [O] DELIVERY ACK user=118C/710 attempts=1/5 elapsed=226ms queue=0
2026-09-28T03:53:07.712+03:00 [s1] [I] S7AP8R4-
2026-09-28T03:53:07.801+03:00 [s1] [O] DELIVERY QUEUED source=2 bytes=8 waiting=1/8 in_flight=0
2026-09-28T03:53:07.813+03:00 [s2] [O] PEER_REPORT our_seq=715 TX=-44/6 Q100
2026-09-28T03:53:07.818+03:00 [s2] [O] 
2026-09-28T03:53:07.825+03:00 [s2] [O] RX USER session=118C seq=711 frame=20B user=8B RX=-42/3 Q91 disposition=0
2026-09-28T03:53:07.832+03:00 [s2] [O] < [-42/3 Q91] S7AP8R4-
2026-09-28T03:53:07.932+03:00 [s1] [O] 
2026-09-28T03:53:07.981+03:00 [s1] [O] TX USER seq=711 frame=20B user=8B attempt=1/5 OK time=16 ms
2026-09-28T03:53:08.025+03:00 [s1] [O] > S7AP8R4-
2026-09-28T03:53:08.035+03:00 [s2] [O] 
2026-09-28T03:53:08.040+03:00 [s2] [O] TX ACK seq=716 ack_to=118C/711 frame=14B OK time=13 ms guard=500ms
2026-09-28T03:53:08.119+03:00 [s1] [O] DELIVERY WAIT_ACK user=118C/711 attempt=1/5 timeout=712ms queue=0
2026-09-28T03:53:08.216+03:00 [s1] [O] PEER_REPORT our_seq=711 TX=-42/3 Q91
2026-09-28T03:53:08.340+03:00 [s1] [O] 
2026-09-28T03:53:08.394+03:00 [s1] [O] RX ACK session=EBE8 seq=716 ack_to=118C/711 frame=14B RX=-44/6 Q100
2026-09-28T03:53:08.518+03:00 [s1] [O] DELIVERY ACK user=118C/711 attempts=1/5 elapsed=225ms queue=0
2026-09-28T03:53:08.526+03:00 [s1] [I] S7AP8R5-
2026-09-28T03:53:08.620+03:00 [s1] [O] DELIVERY QUEUED source=2 bytes=8 waiting=1/8 in_flight=0
2026-09-28T03:53:08.622+03:00 [s2] [O] PEER_REPORT our_seq=716 TX=-44/6 Q100
2026-09-28T03:53:08.628+03:00 [s2] [O] 
2026-09-28T03:53:08.630+03:00 [s2] [O] RX USER session=118C seq=712 frame=20B user=8B RX=-42/5 Q91 disposition=0
2026-09-28T03:53:08.632+03:00 [s2] [O] < [-42/5 Q91] S7AP8R5-
2026-09-28T03:53:08.698+03:00 [s1] [O] 
2026-09-28T03:53:08.742+03:00 [s1] [O] TX USER seq=712 frame=20B user=8B attempt=1/5 OK time=16 ms
2026-09-28T03:53:08.800+03:00 [s1] [O] > S7AP8R5-
2026-09-28T03:53:08.847+03:00 [s1] [O] DELIVERY WAIT_ACK user=118C/712 attempt=1/5 timeout=712ms queue=0
2026-09-28T03:53:08.848+03:00 [s2] [O] 
2026-09-28T03:53:08.855+03:00 [s2] [O] TX ACK seq=717 ack_to=118C/712 frame=14B OK time=13 ms guard=500ms
2026-09-28T03:53:08.886+03:00 [s1] [O] PEER_REPORT our_seq=712 TX=-42/5 Q91
2026-09-28T03:53:08.929+03:00 [s1] [O] 
2026-09-28T03:53:08.970+03:00 [s1] [O] RX ACK session=EBE8 seq=717 ack_to=118C/712 frame=14B RX=-44/5 Q100
2026-09-28T03:53:09.111+03:00 [s1] [O] DELIVERY ACK user=118C/712 attempts=1/5 elapsed=226ms queue=0
2026-09-28T03:53:09.115+03:00 [s1] [I] S7AP8R6-
2026-09-28T03:53:09.207+03:00 [s2] [O] PEER_REPORT our_seq=717 TX=-44/5 Q100
2026-09-28T03:53:09.208+03:00 [s2] [O] 
2026-09-28T03:53:09.213+03:00 [s2] [O] RX USER session=118C seq=713 frame=20B user=8B RX=-42/5 Q91 disposition=0
2026-09-28T03:53:09.216+03:00 [s2] [O] < [-42/5 Q91] S7AP8R6-
2026-09-28T03:53:09.339+03:00 [s1] [O] DELIVERY QUEUED source=2 bytes=8 waiting=1/8 in_flight=0
2026-09-28T03:53:09.376+03:00 [s1] [O] 
2026-09-28T03:53:09.431+03:00 [s1] [O] TX USER seq=713 frame=20B user=8B attempt=1/5 OK time=16 ms
2026-09-28T03:53:09.431+03:00 [s2] [O] 
2026-09-28T03:53:09.445+03:00 [s2] [O] TX ACK seq=718 ack_to=118C/713 frame=14B OK time=13 ms guard=500ms
2026-09-28T03:53:09.474+03:00 [s1] [O] > S7AP8R6-
2026-09-28T03:53:09.553+03:00 [s1] [O] DELIVERY WAIT_ACK user=118C/713 attempt=1/5 timeout=712ms queue=0
2026-09-28T03:53:09.657+03:00 [s1] [O] PEER_REPORT our_seq=713 TX=-42/5 Q91
2026-09-28T03:53:09.822+03:00 [s1] [O] 
2026-09-28T03:53:09.867+03:00 [s1] [O] RX ACK session=EBE8 seq=718 ack_to=118C/713 frame=14B RX=-43/6 Q100
2026-09-28T03:53:09.967+03:00 [s1] [O] DELIVERY ACK user=118C/713 attempts=1/5 elapsed=222ms queue=0
2026-09-28T03:53:09.972+03:00 [s1] [I] S7AP8R7-
2026-09-28T03:53:10.108+03:00 [s2] [O] PEER_REPORT our_seq=718 TX=-43/6 Q100
2026-09-28T03:53:10.117+03:00 [s2] [O] 
2026-09-28T03:53:10.119+03:00 [s2] [O] RX USER session=118C seq=714 frame=20B user=8B RX=-42/6 Q91 disposition=0
2026-09-28T03:53:10.121+03:00 [s2] [O] < [-42/6 Q91] S7AP8R7-
2026-09-28T03:53:10.139+03:00 [s1] [O] DELIVERY QUEUED source=2 bytes=8 waiting=1/8 in_flight=0
2026-09-28T03:53:10.191+03:00 [s1] [O] 
2026-09-28T03:53:10.231+03:00 [s1] [O] TX USER seq=714 frame=20B user=8B attempt=1/5 OK time=16 ms
2026-09-28T03:53:10.280+03:00 [s1] [O] > S7AP8R7-
2026-09-28T03:53:10.322+03:00 [s2] [O] 
2026-09-28T03:53:10.332+03:00 [s2] [O] TX ACK seq=719 ack_to=118C/714 frame=14B OK time=13 ms guard=500ms
2026-09-28T03:53:10.370+03:00 [s1] [O] DELIVERY WAIT_ACK user=118C/714 attempt=1/5 timeout=712ms queue=0
2026-09-28T03:53:10.452+03:00 [s1] [O] PEER_REPORT our_seq=714 TX=-42/6 Q91
2026-09-28T03:53:10.497+03:00 [s1] [O] 
2026-09-28T03:53:10.545+03:00 [s1] [O] RX ACK session=EBE8 seq=719 ack_to=118C/714 frame=14B RX=-44/5 Q100
2026-09-28T03:53:10.686+03:00 [s1] [O] DELIVERY ACK user=118C/714 attempts=1/5 elapsed=226ms queue=0
2026-09-28T03:53:10.693+03:00 [s1] [I] S7AP8R8-
2026-09-28T03:53:10.778+03:00 [s1] [O] DELIVERY QUEUED source=2 bytes=8 waiting=1/8 in_flight=0
2026-09-28T03:53:10.779+03:00 [s2] [O] PEER_REPORT our_seq=719 TX=-44/5 Q100
2026-09-28T03:53:10.788+03:00 [s2] [O] 
2026-09-28T03:53:10.794+03:00 [s2] [O] RX USER session=118C seq=715 frame=20B user=8B RX=-43/5 Q91 disposition=0
2026-09-28T03:53:10.797+03:00 [s2] [O] < [-43/5 Q91] S7AP8R8-
2026-09-28T03:53:10.858+03:00 [s1] [O] 
2026-09-28T03:53:10.903+03:00 [s1] [O] TX USER seq=715 frame=20B user=8B attempt=1/5 OK time=16 ms
2026-09-28T03:53:10.947+03:00 [s1] [O] > S7AP8R8-
2026-09-28T03:53:11.004+03:00 [s1] [O] DELIVERY WAIT_ACK user=118C/715 attempt=1/5 timeout=712ms queue=0
2026-09-28T03:53:11.010+03:00 [s2] [O] 
2026-09-28T03:53:11.011+03:00 [s2] [O] TX ACK seq=720 ack_to=118C/715 frame=14B OK time=13 ms guard=500ms
2026-09-28T03:53:11.091+03:00 [s1] [O] PEER_REPORT our_seq=715 TX=-43/5 Q91
2026-09-28T03:53:11.134+03:00 [s1] [O] 
2026-09-28T03:53:11.183+03:00 [s1] [O] RX ACK session=EBE8 seq=720 ack_to=118C/715 frame=14B RX=-43/5 Q100
2026-09-28T03:53:11.310+03:00 [s1] [O] DELIVERY ACK user=118C/715 attempts=1/5 elapsed=227ms queue=0
2026-09-28T03:53:11.319+03:00 [s1] [I] S7AP8R9-
2026-09-28T03:53:11.414+03:00 [s1] [O] DELIVERY QUEUED source=2 bytes=8 waiting=1/8 in_flight=0
2026-09-28T03:53:11.417+03:00 [s2] [O] PEER_REPORT our_seq=720 TX=-43/5 Q100
2026-09-28T03:53:11.423+03:00 [s2] [O] 
2026-09-28T03:53:11.427+03:00 [s2] [O] RX USER session=118C seq=716 frame=20B user=8B RX=-43/4 Q91 disposition=0
2026-09-28T03:53:11.432+03:00 [s2] [O] < [-43/4 Q91] S7AP8R9-
2026-09-28T03:53:11.488+03:00 [s1] [O] 
2026-09-28T03:53:11.540+03:00 [s1] [O] TX USER seq=716 frame=20B user=8B attempt=1/5 OK time=16 ms
2026-09-28T03:53:11.591+03:00 [s1] [O] > S7AP8R9-
2026-09-28T03:53:11.626+03:00 [s1] [O] DELIVERY WAIT_ACK user=118C/716 attempt=1/5 timeout=712ms queue=0
2026-09-28T03:53:11.639+03:00 [s2] [O] 
2026-09-28T03:53:11.640+03:00 [s2] [O] TX ACK seq=721 ack_to=118C/716 frame=14B OK time=13 ms guard=500ms
2026-09-28T03:53:11.713+03:00 [s1] [O] PEER_REPORT our_seq=716 TX=-43/4 Q91
2026-09-28T03:53:11.765+03:00 [s1] [O] 
2026-09-28T03:53:11.815+03:00 [s1] [O] RX ACK session=EBE8 seq=721 ack_to=118C/716 frame=14B RX=-44/5 Q100
2026-09-28T03:53:11.996+03:00 [s1] [O] DELIVERY ACK user=118C/716 attempts=1/5 elapsed=226ms queue=0
2026-09-28T03:53:12.002+03:00 [s1] [I] S7AP8R10
2026-09-28T03:53:12.075+03:00 [s1] [O] DELIVERY QUEUED source=2 bytes=8 waiting=1/8 in_flight=0
2026-09-28T03:53:12.085+03:00 [s2] [O] PEER_REPORT our_seq=721 TX=-44/5 Q100
2026-09-28T03:53:12.093+03:00 [s2] [O] 
2026-09-28T03:53:12.097+03:00 [s2] [O] RX USER session=118C seq=717 frame=20B user=8B RX=-42/5 Q91 disposition=0
2026-09-28T03:53:12.102+03:00 [s2] [O] < [-42/5 Q91] S7AP8R10
2026-09-28T03:53:12.162+03:00 [s1] [O] 
2026-09-28T03:53:12.209+03:00 [s1] [O] TX USER seq=717 frame=20B user=8B attempt=1/5 OK time=16 ms
2026-09-28T03:53:12.264+03:00 [s1] [O] > S7AP8R10
2026-09-28T03:53:12.314+03:00 [s2] [O] 
2026-09-28T03:53:12.316+03:00 [s2] [O] TX ACK seq=722 ack_to=118C/717 frame=14B OK time=13 ms guard=500ms
2026-09-28T03:53:12.316+03:00 [s1] [O] DELIVERY WAIT_ACK user=118C/717 attempt=1/5 timeout=712ms queue=0
2026-09-28T03:53:12.390+03:00 [s1] [O] PEER_REPORT our_seq=717 TX=-42/5 Q91
2026-09-28T03:53:12.440+03:00 [s1] [O] 
2026-09-28T03:53:12.478+03:00 [s1] [O] RX ACK session=EBE8 seq=722 ack_to=118C/717 frame=14B RX=-44/5 Q100
2026-09-28T03:53:12.657+03:00 [s1] [O] DELIVERY ACK user=118C/717 attempts=1/5 elapsed=227ms queue=0
2026-09-28T03:53:12.666+03:00 [s2] [I] S7BP8R1-
2026-09-28T03:53:12.758+03:00 [s2] [O] DELIVERY QUEUED source=2 bytes=8 waiting=1/8 in_flight=0
2026-09-28T03:53:12.758+03:00 [s1] [O] PEER_REPORT our_seq=717 TX=-42/5 Q91
2026-09-28T03:53:12.766+03:00 [s2] [O] 
2026-09-28T03:53:12.774+03:00 [s2] [O] TX USER seq=723 frame=20B user=8B attempt=1/5 OK time=16 ms
2026-09-28T03:53:12.777+03:00 [s2] [O] > S7BP8R1-
2026-09-28T03:53:12.779+03:00 [s2] [O] DELIVERY WAIT_ACK user=EBE8/723 attempt=1/5 timeout=712ms queue=0
2026-09-28T03:53:12.792+03:00 [s1] [O] 
2026-09-28T03:53:12.838+03:00 [s1] [O] RX USER session=EBE8 seq=723 frame=20B user=8B RX=-43/5 Q100 disposition=0
2026-09-28T03:53:12.931+03:00 [s1] [O] < [-43/5 Q100] S7BP8R1-
2026-09-28T03:53:12.975+03:00 [s1] [O] 
2026-09-28T03:53:12.993+03:00 [s2] [O] PEER_REPORT our_seq=723 TX=-43/5 Q100
2026-09-28T03:53:13.017+03:00 [s1] [O] TX ACK seq=718 ack_to=EBE8/723 frame=14B OK time=13 ms guard=500ms
2026-09-28T03:53:13.030+03:00 [s2] [O] 
2026-09-28T03:53:13.030+03:00 [s2] [O] RX ACK session=118C seq=718 ack_to=EBE8/723 frame=14B RX=-43/5 Q91
2026-09-28T03:53:13.036+03:00 [s2] [O] DELIVERY ACK user=EBE8/723 attempts=1/5 elapsed=226ms queue=0
2026-09-28T03:53:13.038+03:00 [s2] [I] S7BP8R2-
2026-09-28T03:53:13.108+03:00 [s1] [O] PEER_REPORT our_seq=718 TX=-43/5 Q91
2026-09-28T03:53:13.116+03:00 [s2] [O] DELIVERY QUEUED source=2 bytes=8 waiting=1/8 in_flight=0
2026-09-28T03:53:13.127+03:00 [s2] [O] 
2026-09-28T03:53:13.129+03:00 [s2] [O] TX USER seq=724 frame=20B user=8B attempt=1/5 OK time=17 ms
2026-09-28T03:53:13.135+03:00 [s2] [O] > S7BP8R2-
2026-09-28T03:53:13.142+03:00 [s2] [O] DELIVERY WAIT_ACK user=EBE8/724 attempt=1/5 timeout=712ms queue=0
2026-09-28T03:53:13.156+03:00 [s1] [O] 
2026-09-28T03:53:13.204+03:00 [s1] [O] RX USER session=EBE8 seq=724 frame=20B user=8B RX=-41/4 Q100 disposition=0
2026-09-28T03:53:13.297+03:00 [s1] [O] < [-41/4 Q100] S7BP8R2-
2026-09-28T03:53:13.332+03:00 [s1] [O] 
2026-09-28T03:53:13.354+03:00 [s2] [O] PEER_REPORT our_seq=724 TX=-41/4 Q100
2026-09-28T03:53:13.357+03:00 [s2] [O] 
2026-09-28T03:53:13.357+03:00 [s2] [O] RX ACK session=118C seq=719 ack_to=EBE8/724 frame=14B RX=-40/5 Q91
2026-09-28T03:53:13.359+03:00 [s2] [O] DELIVERY ACK user=EBE8/724 attempts=1/5 elapsed=226ms queue=0
2026-09-28T03:53:13.361+03:00 [s2] [I] S7BP8R3-
2026-09-28T03:53:13.376+03:00 [s1] [O] TX ACK seq=719 ack_to=EBE8/724 frame=14B OK time=13 ms guard=500ms
2026-09-28T03:53:13.441+03:00 [s2] [O] DELIVERY QUEUED source=2 bytes=8 waiting=1/8 in_flight=0
2026-09-28T03:53:13.445+03:00 [s2] [O] 
2026-09-28T03:53:13.446+03:00 [s2] [O] TX USER seq=725 frame=20B user=8B attempt=1/5 OK time=16 ms
2026-09-28T03:53:13.448+03:00 [s2] [O] > S7BP8R3-
2026-09-28T03:53:13.452+03:00 [s2] [O] DELIVERY WAIT_ACK user=EBE8/725 attempt=1/5 timeout=712ms queue=0
2026-09-28T03:53:13.470+03:00 [s1] [O] PEER_REPORT our_seq=719 TX=-40/5 Q91
2026-09-28T03:53:13.527+03:00 [s1] [O] 
2026-09-28T03:53:13.563+03:00 [s1] [O] RX USER session=EBE8 seq=725 frame=20B user=8B RX=-41/4 Q100 disposition=0
2026-09-28T03:53:13.661+03:00 [s1] [O] < [-41/4 Q100] S7BP8R3-
2026-09-28T03:53:13.662+03:00 [s2] [O] PEER_REPORT our_seq=725 TX=-41/5 Q100
2026-09-28T03:53:13.666+03:00 [s1] [O] 
2026-09-28T03:53:13.668+03:00 [s2] [O] 
2026-09-28T03:53:13.681+03:00 [s2] [O] RX ACK session=118C seq=720 ack_to=EBE8/725 frame=14B RX=-42/4 Q91
2026-09-28T03:53:13.683+03:00 [s2] [O] DELIVERY ACK user=EBE8/725 attempts=1/5 elapsed=226ms queue=0
2026-09-28T03:53:13.685+03:00 [s2] [I] S7BP8R4-
2026-09-28T03:53:13.695+03:00 [s1] [O] TX ACK seq=720 ack_to=EBE8/725 frame=14B OK time=13 ms guard=500ms
2026-09-28T03:53:13.752+03:00 [s2] [O] DELIVERY QUEUED source=2 bytes=8 waiting=1/8 in_flight=0
2026-09-28T03:53:13.757+03:00 [s2] [O] 
2026-09-28T03:53:13.759+03:00 [s2] [O] TX USER seq=726 frame=20B user=8B attempt=1/5 OK time=17 ms
2026-09-28T03:53:13.760+03:00 [s2] [O] > S7BP8R4-
2026-09-28T03:53:13.768+03:00 [s2] [O] DELIVERY WAIT_ACK user=EBE8/726 attempt=1/5 timeout=712ms queue=0
2026-09-28T03:53:13.782+03:00 [s1] [O] PEER_REPORT our_seq=720 TX=-42/5 Q91
2026-09-28T03:53:13.879+03:00 [s1] [O] 
2026-09-28T03:53:13.923+03:00 [s1] [O] RX USER session=EBE8 seq=726 frame=20B user=8B RX=-42/6 Q100 disposition=0
2026-09-28T03:53:13.986+03:00 [s2] [O] PEER_REPORT our_seq=726 TX=-42/6 Q100
2026-09-28T03:53:13.986+03:00 [s2] [O] 
2026-09-28T03:53:13.988+03:00 [s2] [O] RX ACK session=118C seq=721 ack_to=EBE8/726 frame=14B RX=-42/4 Q91
2026-09-28T03:53:13.990+03:00 [s2] [O] DELIVERY ACK user=EBE8/726 attempts=1/5 elapsed=225ms queue=0
2026-09-28T03:53:13.992+03:00 [s2] [I] S7BP8R5-
2026-09-28T03:53:14.014+03:00 [s1] [O] < [-42/6 Q100] S7BP8R4-
2026-09-28T03:53:14.014+03:00 [s1] [O] 
2026-09-28T03:53:14.053+03:00 [s1] [O] TX ACK seq=721 ack_to=EBE8/726 frame=14B OK time=13 ms guard=500ms
2026-09-28T03:53:14.063+03:00 [s2] [O] DELIVERY QUEUED source=2 bytes=8 waiting=1/8 in_flight=0
2026-09-28T03:53:14.076+03:00 [s2] [O] 
2026-09-28T03:53:14.083+03:00 [s2] [O] TX USER seq=727 frame=20B user=8B attempt=1/5 OK time=16 ms
2026-09-28T03:53:14.086+03:00 [s2] [O] > S7BP8R5-
2026-09-28T03:53:14.092+03:00 [s2] [O] DELIVERY WAIT_ACK user=EBE8/727 attempt=1/5 timeout=712ms queue=0
2026-09-28T03:53:14.144+03:00 [s1] [O] PEER_REPORT our_seq=721 TX=-42/4 Q91
2026-09-28T03:53:14.202+03:00 [s1] [O] 
2026-09-28T03:53:14.286+03:00 [s2] [O] PEER_REPORT our_seq=727 TX=-42/5 Q100
2026-09-28T03:53:14.292+03:00 [s1] [O] RX USER session=EBE8 seq=727 frame=20B user=8B RX=-42/5 Q100 disposition=0
2026-09-28T03:53:14.293+03:00 [s2] [O] 
2026-09-28T03:53:14.296+03:00 [s2] [O] RX ACK session=118C seq=722 ack_to=EBE8/727 frame=14B RX=-41/5 Q91
2026-09-28T03:53:14.296+03:00 [s2] [O] DELIVERY ACK user=EBE8/727 attempts=1/5 elapsed=225ms queue=0
2026-09-28T03:53:14.300+03:00 [s2] [I] S7BP8R6-
2026-09-28T03:53:14.379+03:00 [s2] [O] DELIVERY QUEUED source=2 bytes=8 waiting=1/8 in_flight=0
2026-09-28T03:53:14.397+03:00 [s1] [O] < [-42/5 Q100] S7BP8R5-
2026-09-28T03:53:14.397+03:00 [s2] [O] 
2026-09-28T03:53:14.400+03:00 [s1] [O] 
2026-09-28T03:53:14.401+03:00 [s2] [O] TX USER seq=728 frame=20B user=8B attempt=1/5 OK time=16 ms
2026-09-28T03:53:14.409+03:00 [s2] [O] > S7BP8R6-
2026-09-28T03:53:14.414+03:00 [s1] [O] TX ACK seq=722 ack_to=EBE8/727 frame=14B OK time=13 ms guard=500ms
2026-09-28T03:53:14.417+03:00 [s2] [O] DELIVERY WAIT_ACK user=EBE8/728 attempt=1/5 timeout=712ms queue=0
2026-09-28T03:53:14.513+03:00 [s1] [O] PEER_REPORT our_seq=722 TX=-41/5 Q91
2026-09-28T03:53:14.560+03:00 [s1] [O] 
2026-09-28T03:53:14.608+03:00 [s1] [O] RX USER session=EBE8 seq=728 frame=20B user=8B RX=-42/5 Q100 disposition=0
2026-09-28T03:53:14.614+03:00 [s2] [O] PEER_REPORT our_seq=728 TX=-42/5 Q100
2026-09-28T03:53:14.618+03:00 [s2] [O] 
2026-09-28T03:53:14.625+03:00 [s2] [O] RX ACK session=118C seq=723 ack_to=EBE8/728 frame=14B RX=-41/5 Q91
2026-09-28T03:53:14.627+03:00 [s2] [O] DELIVERY ACK user=EBE8/728 attempts=1/5 elapsed=225ms queue=0
2026-09-28T03:53:14.629+03:00 [s2] [I] S7BP8R7-
2026-09-28T03:53:14.689+03:00 [s1] [O] < [-42/5 Q100] S7BP8R6-
2026-09-28T03:53:14.691+03:00 [s2] [O] DELIVERY QUEUED source=2 bytes=8 waiting=1/8 in_flight=0
2026-09-28T03:53:14.699+03:00 [s1] [O] 
2026-09-28T03:53:14.707+03:00 [s2] [O] 
2026-09-28T03:53:14.713+03:00 [s2] [O] TX USER seq=729 frame=20B user=8B attempt=1/5 OK time=17 ms
2026-09-28T03:53:14.714+03:00 [s2] [O] > S7BP8R7-
2026-09-28T03:53:14.716+03:00 [s2] [O] DELIVERY WAIT_ACK user=EBE8/729 attempt=1/5 timeout=712ms queue=0
2026-09-28T03:53:14.780+03:00 [s1] [O] TX ACK seq=723 ack_to=EBE8/728 frame=14B OK time=13 ms guard=500ms
2026-09-28T03:53:14.871+03:00 [s1] [O] PEER_REPORT our_seq=723 TX=-41/5 Q91
2026-09-28T03:53:14.915+03:00 [s1] [O] 
2026-09-28T03:53:14.930+03:00 [s2] [O] PEER_REPORT our_seq=729 TX=-42/5 Q100
2026-09-28T03:53:14.933+03:00 [s2] [O] 
2026-09-28T03:53:14.935+03:00 [s2] [O] RX ACK session=118C seq=724 ack_to=EBE8/729 frame=14B RX=-38/3 Q91
2026-09-28T03:53:14.938+03:00 [s2] [O] DELIVERY ACK user=EBE8/729 attempts=1/5 elapsed=225ms queue=0
2026-09-28T03:53:14.940+03:00 [s2] [I] S7BP8R8-
2026-09-28T03:53:14.956+03:00 [s1] [O] RX USER session=EBE8 seq=729 frame=20B user=8B RX=-42/5 Q100 disposition=0
2026-09-28T03:53:15.021+03:00 [s2] [O] DELIVERY QUEUED source=2 bytes=8 waiting=1/8 in_flight=0
2026-09-28T03:53:15.029+03:00 [s2] [O] 
2026-09-28T03:53:15.032+03:00 [s2] [O] TX USER seq=730 frame=20B user=8B attempt=1/5 OK time=17 ms
2026-09-28T03:53:15.033+03:00 [s2] [O] > S7BP8R8-
2026-09-28T03:53:15.035+03:00 [s2] [O] DELIVERY WAIT_ACK user=EBE8/730 attempt=1/5 timeout=712ms queue=0
2026-09-28T03:53:15.041+03:00 [s1] [O] < [-42/5 Q100] S7BP8R7-
2026-09-28T03:53:15.046+03:00 [s1] [O] 
2026-09-28T03:53:15.090+03:00 [s1] [O] TX ACK seq=724 ack_to=EBE8/729 frame=14B OK time=13 ms guard=500ms
2026-09-28T03:53:15.225+03:00 [s1] [O] PEER_REPORT our_seq=724 TX=-38/3 Q91
2026-09-28T03:53:15.236+03:00 [s2] [O] PEER_REPORT our_seq=730 TX=-42/6 Q100
2026-09-28T03:53:15.258+03:00 [s2] [O] 
2026-09-28T03:53:15.260+03:00 [s2] [O] RX ACK session=118C seq=725 ack_to=EBE8/730 frame=14B RX=-43/4 Q91
2026-09-28T03:53:15.267+03:00 [s1] [O] 
2026-09-28T03:53:15.281+03:00 [s2] [O] DELIVERY ACK user=EBE8/730 attempts=1/5 elapsed=225ms queue=0
2026-09-28T03:53:15.283+03:00 [s2] [I] S7BP8R9-
2026-09-28T03:53:15.315+03:00 [s1] [O] RX USER session=EBE8 seq=730 frame=20B user=8B RX=-42/6 Q100 disposition=0
2026-09-28T03:53:15.370+03:00 [s2] [O] DELIVERY QUEUED source=2 bytes=8 waiting=1/8 in_flight=0
2026-09-28T03:53:15.382+03:00 [s2] [O] 
2026-09-28T03:53:15.383+03:00 [s2] [O] TX USER seq=731 frame=20B user=8B attempt=1/5 OK time=17 ms
2026-09-28T03:53:15.385+03:00 [s2] [O] > S7BP8R9-
2026-09-28T03:53:15.391+03:00 [s2] [O] DELIVERY WAIT_ACK user=EBE8/731 attempt=1/5 timeout=712ms queue=0
2026-09-28T03:53:15.413+03:00 [s1] [O] < [-42/6 Q100] S7BP8R8-
2026-09-28T03:53:15.415+03:00 [s1] [O] 
2026-09-28T03:53:15.457+03:00 [s1] [O] TX ACK seq=725 ack_to=EBE8/730 frame=14B OK time=13 ms guard=500ms
2026-09-28T03:53:15.542+03:00 [s1] [O] PEER_REPORT our_seq=725 TX=-43/4 Q91
2026-09-28T03:53:15.596+03:00 [s1] [O] 
2026-09-28T03:53:15.597+03:00 [s2] [O] PEER_REPORT our_seq=731 TX=-43/5 Q100
2026-09-28T03:53:15.603+03:00 [s2] [O] 
2026-09-28T03:53:15.609+03:00 [s2] [O] RX ACK session=118C seq=726 ack_to=EBE8/731 frame=14B RX=-43/4 Q91
2026-09-28T03:53:15.611+03:00 [s2] [O] DELIVERY ACK user=EBE8/731 attempts=1/5 elapsed=226ms queue=0
2026-09-28T03:53:15.612+03:00 [s2] [I] S7BP8R10
2026-09-28T03:53:15.672+03:00 [s1] [O] RX USER session=EBE8 seq=731 frame=20B user=8B RX=-43/5 Q100 disposition=0
2026-09-28T03:53:15.693+03:00 [s2] [O] DELIVERY QUEUED source=2 bytes=8 waiting=1/8 in_flight=0
2026-09-28T03:53:15.696+03:00 [s2] [O] 
2026-09-28T03:53:15.698+03:00 [s2] [O] TX USER seq=732 frame=20B user=8B attempt=1/5 OK time=17 ms
2026-09-28T03:53:15.700+03:00 [s2] [O] > S7BP8R10
2026-09-28T03:53:15.702+03:00 [s2] [O] DELIVERY WAIT_ACK user=EBE8/732 attempt=1/5 timeout=712ms queue=0
2026-09-28T03:53:15.762+03:00 [s1] [O] < [-43/5 Q100] S7BP8R9-
2026-09-28T03:53:15.771+03:00 [s1] [O] 
2026-09-28T03:53:15.811+03:00 [s1] [O] TX ACK seq=726 ack_to=EBE8/731 frame=14B OK time=13 ms guard=500ms
2026-09-28T03:53:15.897+03:00 [s1] [O] PEER_REPORT our_seq=726 TX=-43/4 Q91
2026-09-28T03:53:15.920+03:00 [s2] [O] PEER_REPORT our_seq=732 TX=-42/5 Q100
2026-09-28T03:53:15.923+03:00 [s2] [O] 
2026-09-28T03:53:15.927+03:00 [s2] [O] RX ACK session=118C seq=727 ack_to=EBE8/732 frame=14B RX=-44/6 Q91
2026-09-28T03:53:15.929+03:00 [s2] [O] DELIVERY ACK user=EBE8/732 attempts=1/5 elapsed=225ms queue=0
2026-09-28T03:53:15.932+03:00 [s1] [I] S7AP16R1-XXXXXXX
2026-09-28T03:53:15.942+03:00 [s1] [O] 
2026-09-28T03:53:15.989+03:00 [s1] [O] RX USER session=EBE8 seq=732 frame=20B user=8B RX=-42/5 Q100 disposition=0
2026-09-28T03:53:16.003+03:00 [s2] [O] PEER_REPORT our_seq=732 TX=-42/5 Q100
2026-09-28T03:53:16.007+03:00 [s2] [O] 
2026-09-28T03:53:16.010+03:00 [s2] [O] RX USER session=118C seq=728 frame=28B user=16B RX=-42/5 Q94 disposition=0
2026-09-28T03:53:16.012+03:00 [s2] [O] < [-42/5 Q94] S7AP16R1-XXXXXXX
2026-09-28T03:53:16.168+03:00 [s1] [O] < [-42/5 Q100] S7BP8R10
2026-09-28T03:53:16.180+03:00 [s1] [O] 
2026-09-28T03:53:16.215+03:00 [s1] [O] TX ACK seq=727 ack_to=EBE8/732 frame=14B OK time=13 ms guard=500ms
2026-09-28T03:53:16.229+03:00 [s2] [O] 
2026-09-28T03:53:16.230+03:00 [s2] [O] TX ACK seq=733 ack_to=118C/728 frame=14B OK time=13 ms guard=500ms
2026-09-28T03:53:16.392+03:00 [s1] [O] DELIVERY QUEUED source=2 bytes=16 waiting=1/8 in_flight=0
2026-09-28T03:53:16.437+03:00 [s1] [O] 
2026-09-28T03:53:16.535+03:00 [s1] [O] TX USER seq=728 frame=28B user=16B attempt=1/5 OK time=18 ms
2026-09-28T03:53:16.582+03:00 [s1] [O] > S7AP16R1-XXXXXXX
2026-09-28T03:53:16.626+03:00 [s1] [O] DELIVERY WAIT_ACK user=118C/728 attempt=1/5 timeout=712ms queue=0
2026-09-28T03:53:16.711+03:00 [s1] [O] PEER_REPORT our_seq=728 TX=-42/5 Q94
2026-09-28T03:53:16.752+03:00 [s1] [O] 
2026-09-28T03:53:16.797+03:00 [s1] [O] RX ACK session=EBE8 seq=733 ack_to=118C/728 frame=14B RX=-44/5 Q100
2026-09-28T03:53:16.903+03:00 [s1] [O] DELIVERY ACK user=118C/728 attempts=1/5 elapsed=217ms queue=0
2026-09-28T03:53:16.912+03:00 [s1] [I] S7AP16R2-XXXXXXX
2026-09-28T03:53:16.986+03:00 [s2] [O] PEER_REPORT our_seq=733 TX=-44/5 Q100
2026-09-28T03:53:16.993+03:00 [s1] [O] DELIVERY QUEUED source=2 bytes=16 waiting=1/8 in_flight=0
2026-09-28T03:53:16.999+03:00 [s2] [O] 
2026-09-28T03:53:17.007+03:00 [s2] [O] RX USER session=118C seq=729 frame=28B user=16B RX=-42/4 Q94 disposition=0
2026-09-28T03:53:17.010+03:00 [s2] [O] < [-42/4 Q94] S7AP16R2-XXXXXXX
2026-09-28T03:53:17.112+03:00 [s1] [O] 
2026-09-28T03:53:17.159+03:00 [s1] [O] TX USER seq=729 frame=28B user=16B attempt=1/5 OK time=18 ms
2026-09-28T03:53:17.208+03:00 [s1] [O] > S7AP16R2-XXXXXXX
2026-09-28T03:53:17.215+03:00 [s2] [O] 
2026-09-28T03:53:17.218+03:00 [s2] [O] TX ACK seq=734 ack_to=118C/729 frame=14B OK time=13 ms guard=500ms
2026-09-28T03:53:17.247+03:00 [s1] [O] DELIVERY WAIT_ACK user=118C/729 attempt=1/5 timeout=712ms queue=0
2026-09-28T03:53:17.338+03:00 [s1] [O] PEER_REPORT our_seq=729 TX=-42/4 Q94
2026-09-28T03:53:17.382+03:00 [s1] [O] 
2026-09-28T03:53:17.427+03:00 [s1] [O] RX ACK session=EBE8 seq=734 ack_to=118C/729 frame=14B RX=-43/5 Q100
2026-09-28T03:53:17.531+03:00 [s1] [O] DELIVERY ACK user=118C/729 attempts=1/5 elapsed=225ms queue=0
2026-09-28T03:53:17.538+03:00 [s1] [I] S7AP16R3-XXXXXXX
2026-09-28T03:53:17.609+03:00 [s1] [O] DELIVERY QUEUED source=2 bytes=16 waiting=1/8 in_flight=0
2026-09-28T03:53:17.621+03:00 [s2] [O] PEER_REPORT our_seq=734 TX=-43/5 Q100
2026-09-28T03:53:17.633+03:00 [s2] [O] 
2026-09-28T03:53:17.635+03:00 [s2] [O] RX USER session=118C seq=730 frame=28B user=16B RX=-42/5 Q94 disposition=0
2026-09-28T03:53:17.636+03:00 [s2] [O] < [-42/5 Q94] S7AP16R3-XXXXXXX
2026-09-28T03:53:17.698+03:00 [s1] [O] 
2026-09-28T03:53:17.742+03:00 [s1] [O] TX USER seq=730 frame=28B user=16B attempt=1/5 OK time=19 ms
2026-09-28T03:53:17.790+03:00 [s1] [O] > S7AP16R3-XXXXXXX
2026-09-28T03:53:17.844+03:00 [s2] [O] 
2026-09-28T03:53:17.846+03:00 [s2] [O] TX ACK seq=735 ack_to=118C/730 frame=14B OK time=13 ms guard=500ms
2026-09-28T03:53:17.880+03:00 [s1] [O] DELIVERY WAIT_ACK user=118C/730 attempt=1/5 timeout=712ms queue=0
2026-09-28T03:53:17.979+03:00 [s1] [O] PEER_REPORT our_seq=730 TX=-42/5 Q94
2026-09-28T03:53:18.072+03:00 [s1] [O] 
2026-09-28T03:53:18.106+03:00 [s1] [O] RX ACK session=EBE8 seq=735 ack_to=118C/730 frame=14B RX=-44/5 Q100
2026-09-28T03:53:18.247+03:00 [s1] [O] DELIVERY ACK user=118C/730 attempts=1/5 elapsed=227ms queue=0
2026-09-28T03:53:18.251+03:00 [s1] [I] S7AP16R4-XXXXXXX
2026-09-28T03:53:18.330+03:00 [s1] [O] DELIVERY QUEUED source=2 bytes=16 waiting=1/8 in_flight=0
2026-09-28T03:53:18.344+03:00 [s2] [O] PEER_REPORT our_seq=735 TX=-44/5 Q100
2026-09-28T03:53:18.351+03:00 [s2] [O] 
2026-09-28T03:53:18.358+03:00 [s2] [O] RX USER session=118C seq=731 frame=28B user=16B RX=-42/6 Q94 disposition=0
2026-09-28T03:53:18.362+03:00 [s2] [O] < [-42/6 Q94] S7AP16R4-XXXXXXX
2026-09-28T03:53:18.417+03:00 [s1] [O] 
2026-09-28T03:53:18.463+03:00 [s1] [O] TX USER seq=731 frame=28B user=16B attempt=1/5 OK time=18 ms
2026-09-28T03:53:18.514+03:00 [s1] [O] > S7AP16R4-XXXXXXX
2026-09-28T03:53:18.563+03:00 [s2] [O] 
2026-09-28T03:53:18.573+03:00 [s1] [O] DELIVERY WAIT_ACK user=118C/731 attempt=1/5 timeout=712ms queue=0
2026-09-28T03:53:18.579+03:00 [s2] [O] TX ACK seq=736 ack_to=118C/731 frame=14B OK time=13 ms guard=500ms
2026-09-28T03:53:18.643+03:00 [s1] [O] PEER_REPORT our_seq=731 TX=-42/6 Q94
2026-09-28T03:53:18.694+03:00 [s1] [O] 
2026-09-28T03:53:18.733+03:00 [s1] [O] RX ACK session=EBE8 seq=736 ack_to=118C/731 frame=14B RX=-44/6 Q100
2026-09-28T03:53:18.867+03:00 [s1] [O] DELIVERY ACK user=118C/731 attempts=1/5 elapsed=227ms queue=0
2026-09-28T03:53:18.880+03:00 [s1] [I] S7AP16R5-XXXXXXX
2026-09-28T03:53:18.972+03:00 [s1] [O] DELIVERY QUEUED source=2 bytes=16 waiting=1/8 in_flight=0
2026-09-28T03:53:18.974+03:00 [s2] [O] PEER_REPORT our_seq=736 TX=-44/6 Q100
2026-09-28T03:53:18.982+03:00 [s2] [O] 
2026-09-28T03:53:18.991+03:00 [s2] [O] RX USER session=118C seq=732 frame=28B user=16B RX=-44/3 Q94 disposition=0
2026-09-28T03:53:18.994+03:00 [s2] [O] < [-44/3 Q94] S7AP16R5-XXXXXXX
2026-09-28T03:53:19.048+03:00 [s1] [O] 
2026-09-28T03:53:19.092+03:00 [s1] [O] TX USER seq=732 frame=28B user=16B attempt=1/5 OK time=18 ms
2026-09-28T03:53:19.141+03:00 [s1] [O] > S7AP16R5-XXXXXXX
2026-09-28T03:53:19.190+03:00 [s2] [O] 
2026-09-28T03:53:19.190+03:00 [s2] [O] TX ACK seq=737 ack_to=118C/732 frame=14B OK time=13 ms guard=500ms
2026-09-28T03:53:19.198+03:00 [s1] [O] DELIVERY WAIT_ACK user=118C/732 attempt=1/5 timeout=712ms queue=0
2026-09-28T03:53:19.244+03:00 [s1] [O] PEER_REPORT our_seq=732 TX=-44/3 Q94
2026-09-28T03:53:19.275+03:00 [s1] [O] 
2026-09-28T03:53:19.321+03:00 [s1] [O] RX ACK session=EBE8 seq=737 ack_to=118C/732 frame=14B RX=-43/5 Q100
2026-09-28T03:53:19.501+03:00 [s1] [O] DELIVERY ACK user=118C/732 attempts=1/5 elapsed=227ms queue=0
2026-09-28T03:53:19.508+03:00 [s1] [I] S7AP16R6-XXXXXXX
2026-09-28T03:53:19.644+03:00 [s1] [O] DELIVERY QUEUED source=2 bytes=16 waiting=1/8 in_flight=0
2026-09-28T03:53:19.687+03:00 [s2] [O] PEER_REPORT our_seq=737 TX=-43/5 Q100
2026-09-28T03:53:19.695+03:00 [s2] [O] 
2026-09-28T03:53:19.699+03:00 [s2] [O] RX USER session=118C seq=733 frame=28B user=16B RX=-41/2 Q94 disposition=0
2026-09-28T03:53:19.701+03:00 [s2] [O] < [-41/2 Q94] S7AP16R6-XXXXXXX
2026-09-28T03:53:19.722+03:00 [s1] [O] 
2026-09-28T03:53:19.767+03:00 [s1] [O] TX USER seq=733 frame=28B user=16B attempt=1/5 OK time=18 ms
2026-09-28T03:53:19.828+03:00 [s1] [O] > S7AP16R6-XXXXXXX
2026-09-28T03:53:19.863+03:00 [s1] [O] DELIVERY WAIT_ACK user=118C/733 attempt=1/5 timeout=712ms queue=0
2026-09-28T03:53:19.867+03:00 [s2] [O] 
2026-09-28T03:53:19.870+03:00 [s2] [O] TX ACK seq=738 ack_to=118C/733 frame=14B OK time=13 ms guard=500ms
2026-09-28T03:53:19.948+03:00 [s1] [O] PEER_REPORT our_seq=733 TX=-41/2 Q94
2026-09-28T03:53:20.007+03:00 [s1] [O] 
2026-09-28T03:53:20.088+03:00 [s1] [O] RX ACK session=EBE8 seq=738 ack_to=118C/733 frame=14B RX=-43/4 Q100
2026-09-28T03:53:20.264+03:00 [s1] [O] DELIVERY ACK user=118C/733 attempts=1/5 elapsed=227ms queue=0
2026-09-28T03:53:20.279+03:00 [s1] [I] S7AP16R7-XXXXXXX
2026-09-28T03:53:20.361+03:00 [s2] [O] PEER_REPORT our_seq=738 TX=-43/4 Q100
2026-09-28T03:53:20.369+03:00 [s2] [O] 
2026-09-28T03:53:20.380+03:00 [s2] [O] RX USER session=118C seq=734 frame=28B user=16B RX=-39/4 Q94 disposition=0
2026-09-28T03:53:20.382+03:00 [s2] [O] < [-39/4 Q94] S7AP16R7-XXXXXXX
2026-09-28T03:53:20.397+03:00 [s1] [O] DELIVERY QUEUED source=2 bytes=16 waiting=1/8 in_flight=0
2026-09-28T03:53:20.451+03:00 [s1] [O] 
2026-09-28T03:53:20.488+03:00 [s1] [O] TX USER seq=734 frame=28B user=16B attempt=1/5 OK time=19 ms
2026-09-28T03:53:20.548+03:00 [s1] [O] > S7AP16R7-XXXXXXX
2026-09-28T03:53:20.596+03:00 [s2] [O] 
2026-09-28T03:53:20.596+03:00 [s2] [O] TX ACK seq=739 ack_to=118C/734 frame=14B OK time=13 ms guard=500ms
2026-09-28T03:53:20.622+03:00 [s1] [O] DELIVERY WAIT_ACK user=118C/734 attempt=1/5 timeout=712ms queue=0
2026-09-28T03:53:20.686+03:00 [s1] [O] PEER_REPORT our_seq=734 TX=-39/4 Q94
2026-09-28T03:53:20.725+03:00 [s1] [O] 
2026-09-28T03:53:20.765+03:00 [s1] [O] RX ACK session=EBE8 seq=739 ack_to=118C/734 frame=14B RX=-43/5 Q100
2026-09-28T03:53:20.897+03:00 [s1] [O] DELIVERY ACK user=118C/734 attempts=1/5 elapsed=226ms queue=0
2026-09-28T03:53:20.907+03:00 [s1] [I] S7AP16R8-XXXXXXX
2026-09-28T03:53:20.992+03:00 [s1] [O] DELIVERY QUEUED source=2 bytes=16 waiting=1/8 in_flight=0
2026-09-28T03:53:20.992+03:00 [s2] [O] PEER_REPORT our_seq=739 TX=-43/5 Q100
2026-09-28T03:53:21.001+03:00 [s2] [O] 
2026-09-28T03:53:21.005+03:00 [s2] [O] RX USER session=118C seq=735 frame=28B user=16B RX=-42/5 Q94 disposition=0
2026-09-28T03:53:21.011+03:00 [s2] [O] < [-42/5 Q94] S7AP16R8-XXXXXXX
2026-09-28T03:53:21.075+03:00 [s1] [O] 
2026-09-28T03:53:21.117+03:00 [s1] [O] TX USER seq=735 frame=28B user=16B attempt=1/5 OK time=18 ms
2026-09-28T03:53:21.168+03:00 [s1] [O] > S7AP16R8-XXXXXXX
2026-09-28T03:53:21.223+03:00 [s1] [O] DELIVERY WAIT_ACK user=118C/735 attempt=1/5 timeout=712ms queue=0
2026-09-28T03:53:21.226+03:00 [s2] [O] 
2026-09-28T03:53:21.234+03:00 [s2] [O] TX ACK seq=740 ack_to=118C/735 frame=14B OK time=13 ms guard=500ms
2026-09-28T03:53:21.297+03:00 [s1] [O] PEER_REPORT our_seq=735 TX=-42/5 Q94
2026-09-28T03:53:21.342+03:00 [s1] [O] 
2026-09-28T03:53:21.387+03:00 [s1] [O] RX ACK session=EBE8 seq=740 ack_to=118C/735 frame=14B RX=-44/5 Q100
2026-09-28T03:53:21.524+03:00 [s1] [O] DELIVERY ACK user=118C/735 attempts=1/5 elapsed=227ms queue=0
2026-09-28T03:53:21.537+03:00 [s1] [I] S7AP16R9-XXXXXXX
2026-09-28T03:53:21.622+03:00 [s1] [O] DELIVERY QUEUED source=2 bytes=16 waiting=1/8 in_flight=0
2026-09-28T03:53:21.630+03:00 [s2] [O] PEER_REPORT our_seq=740 TX=-44/5 Q100
2026-09-28T03:53:21.634+03:00 [s2] [O] 
2026-09-28T03:53:21.637+03:00 [s2] [O] RX USER session=118C seq=736 frame=28B user=16B RX=-39/3 Q94 disposition=0
2026-09-28T03:53:21.642+03:00 [s2] [O] < [-39/3 Q94] S7AP16R9-XXXXXXX
2026-09-28T03:53:21.704+03:00 [s1] [O] 
2026-09-28T03:53:21.747+03:00 [s1] [O] TX USER seq=736 frame=28B user=16B attempt=1/5 OK time=19 ms
2026-09-28T03:53:21.807+03:00 [s1] [O] > S7AP16R9-XXXXXXX
2026-09-28T03:53:21.841+03:00 [s1] [O] DELIVERY WAIT_ACK user=118C/736 attempt=1/5 timeout=712ms queue=0
2026-09-28T03:53:21.851+03:00 [s2] [O] 
2026-09-28T03:53:21.864+03:00 [s2] [O] TX ACK seq=741 ack_to=118C/736 frame=14B OK time=13 ms guard=500ms
2026-09-28T03:53:21.927+03:00 [s1] [O] PEER_REPORT our_seq=736 TX=-39/3 Q94
2026-09-28T03:53:21.974+03:00 [s1] [O] 
2026-09-28T03:53:22.018+03:00 [s1] [O] RX ACK session=EBE8 seq=741 ack_to=118C/736 frame=14B RX=-40/4 Q100
2026-09-28T03:53:22.119+03:00 [s1] [O] DELIVERY ACK user=118C/736 attempts=1/5 elapsed=226ms queue=0
2026-09-28T03:53:22.122+03:00 [s1] [I] S7AP16R10-XXXXXX
2026-09-28T03:53:22.205+03:00 [s2] [O] PEER_REPORT our_seq=741 TX=-40/4 Q100
2026-09-28T03:53:22.253+03:00 [s2] [O] 
2026-09-28T03:53:22.258+03:00 [s1] [O] DELIVERY QUEUED source=2 bytes=16 waiting=1/8 in_flight=0
2026-09-28T03:53:22.263+03:00 [s2] [O] RX USER session=118C seq=737 frame=28B user=16B RX=-42/5 Q94 disposition=0
2026-09-28T03:53:22.266+03:00 [s2] [O] < [-42/5 Q94] S7AP16R10-XXXXXX
2026-09-28T03:53:22.332+03:00 [s1] [O] 
2026-09-28T03:53:22.377+03:00 [s1] [O] TX USER seq=737 frame=28B user=16B attempt=1/5 OK time=18 ms
2026-09-28T03:53:22.431+03:00 [s1] [O] > S7AP16R10-XXXXXX
2026-09-28T03:53:22.432+03:00 [s2] [O] 
2026-09-28T03:53:22.436+03:00 [s2] [O] TX ACK seq=742 ack_to=118C/737 frame=14B OK time=13 ms guard=500ms
2026-09-28T03:53:22.466+03:00 [s1] [O] DELIVERY WAIT_ACK user=118C/737 attempt=1/5 timeout=712ms queue=0
2026-09-28T03:53:22.558+03:00 [s1] [O] PEER_REPORT our_seq=737 TX=-42/5 Q94
2026-09-28T03:53:22.606+03:00 [s1] [O] 
2026-09-28T03:53:22.648+03:00 [s1] [O] RX ACK session=EBE8 seq=742 ack_to=118C/737 frame=14B RX=-41/6 Q100
2026-09-28T03:53:22.740+03:00 [s1] [O] DELIVERY ACK user=118C/737 attempts=1/5 elapsed=226ms queue=0
2026-09-28T03:53:22.749+03:00 [s2] [I] S7BP16R1-XXXXXXX
2026-09-28T03:53:22.828+03:00 [s1] [O] PEER_REPORT our_seq=737 TX=-42/5 Q94
2026-09-28T03:53:22.845+03:00 [s2] [O] DELIVERY QUEUED source=2 bytes=16 waiting=1/8 in_flight=0
2026-09-28T03:53:22.854+03:00 [s2] [O] 
2026-09-28T03:53:22.859+03:00 [s2] [O] TX USER seq=743 frame=28B user=16B attempt=1/5 OK time=18 ms
2026-09-28T03:53:22.864+03:00 [s2] [O] > S7BP16R1-XXXXXXX
2026-09-28T03:53:22.867+03:00 [s2] [O] DELIVERY WAIT_ACK user=EBE8/743 attempt=1/5 timeout=712ms queue=0
2026-09-28T03:53:22.881+03:00 [s1] [O] 
2026-09-28T03:53:22.932+03:00 [s1] [O] RX USER session=EBE8 seq=743 frame=28B user=16B RX=-42/6 Q100 disposition=0
2026-09-28T03:53:23.006+03:00 [s1] [O] < [-42/6 Q100] S7BP16R1-XXXXXXX
2026-09-28T03:53:23.056+03:00 [s1] [O] 
2026-09-28T03:53:23.065+03:00 [s2] [O] PEER_REPORT our_seq=743 TX=-42/6 Q100
2026-09-28T03:53:23.076+03:00 [s2] [O] 
2026-09-28T03:53:23.081+03:00 [s2] [O] RX ACK session=118C seq=738 ack_to=EBE8/743 frame=14B RX=-44/5 Q94
2026-09-28T03:53:23.083+03:00 [s2] [O] DELIVERY ACK user=EBE8/743 attempts=1/5 elapsed=226ms queue=0
2026-09-28T03:53:23.088+03:00 [s2] [I] S7BP16R2-XXXXXXX
2026-09-28T03:53:23.097+03:00 [s1] [O] TX ACK seq=738 ack_to=EBE8/743 frame=14B OK time=13 ms guard=500ms
2026-09-28T03:53:23.150+03:00 [s2] [O] DELIVERY QUEUED source=2 bytes=16 waiting=1/8 in_flight=0
2026-09-28T03:53:23.161+03:00 [s2] [O] 
2026-09-28T03:53:23.163+03:00 [s2] [O] TX USER seq=744 frame=28B user=16B attempt=1/5 OK time=18 ms
2026-09-28T03:53:23.165+03:00 [s2] [O] > S7BP16R2-XXXXXXX
2026-09-28T03:53:23.167+03:00 [s2] [O] DELIVERY WAIT_ACK user=EBE8/744 attempt=1/5 timeout=712ms queue=0
2026-09-28T03:53:23.190+03:00 [s1] [O] PEER_REPORT our_seq=738 TX=-44/5 Q94
2026-09-28T03:53:23.233+03:00 [s1] [O] 
2026-09-28T03:53:23.278+03:00 [s1] [O] RX USER session=EBE8 seq=744 frame=28B user=16B RX=-42/6 Q100 disposition=0
2026-09-28T03:53:23.384+03:00 [s2] [O] PEER_REPORT our_seq=744 TX=-42/6 Q100
2026-09-28T03:53:23.397+03:00 [s2] [O] 
2026-09-28T03:53:23.404+03:00 [s2] [O] RX ACK session=118C seq=739 ack_to=EBE8/744 frame=14B RX=-44/5 Q94
2026-09-28T03:53:23.408+03:00 [s2] [O] DELIVERY ACK user=EBE8/744 attempts=1/5 elapsed=226ms queue=0
2026-09-28T03:53:23.410+03:00 [s2] [I] S7BP16R3-XXXXXXX
2026-09-28T03:53:23.418+03:00 [s1] [O] < [-42/6 Q100] S7BP16R2-XXXXXXX
2026-09-28T03:53:23.426+03:00 [s1] [O] 
2026-09-28T03:53:23.476+03:00 [s2] [O] DELIVERY QUEUED source=2 bytes=16 waiting=1/8 in_flight=0
2026-09-28T03:53:23.479+03:00 [s2] [O] 
2026-09-28T03:53:23.486+03:00 [s2] [O] TX USER seq=745 frame=28B user=16B attempt=1/5 OK time=18 ms
2026-09-28T03:53:23.495+03:00 [s2] [O] > S7BP16R3-XXXXXXX
2026-09-28T03:53:23.508+03:00 [s2] [O] DELIVERY WAIT_ACK user=EBE8/745 attempt=1/5 timeout=712ms queue=0
2026-09-28T03:53:23.508+03:00 [s1] [O] TX ACK seq=739 ack_to=EBE8/744 frame=14B OK time=13 ms guard=500ms
2026-09-28T03:53:23.600+03:00 [s1] [O] PEER_REPORT our_seq=739 TX=-44/5 Q94
2026-09-28T03:53:23.682+03:00 [s1] [O] 
2026-09-28T03:53:23.695+03:00 [s2] [O] PEER_REPORT our_seq=745 TX=-43/5 Q100
2026-09-28T03:53:23.701+03:00 [s2] [O] 
2026-09-28T03:53:23.714+03:00 [s2] [O] RX ACK session=118C seq=740 ack_to=EBE8/745 frame=14B RX=-44/6 Q94
2026-09-28T03:53:23.716+03:00 [s2] [O] DELIVERY ACK user=EBE8/745 attempts=1/5 elapsed=226ms queue=0
2026-09-28T03:53:23.722+03:00 [s2] [I] S7BP16R4-XXXXXXX
2026-09-28T03:53:23.736+03:00 [s1] [O] RX USER session=EBE8 seq=745 frame=28B user=16B RX=-43/5 Q100 disposition=0
2026-09-28T03:53:23.828+03:00 [s1] [O] < [-43/5 Q100] S7BP16R3-XXXXXXX
2026-09-28T03:53:23.846+03:00 [s2] [O] DELIVERY QUEUED source=2 bytes=16 waiting=1/8 in_flight=0
2026-09-28T03:53:23.846+03:00 [s1] [O] 
2026-09-28T03:53:23.859+03:00 [s2] [O] 
2026-09-28T03:53:23.875+03:00 [s1] [O] TX ACK seq=740 ack_to=EBE8/745 frame=14B OK time=13 ms guard=500ms
2026-09-28T03:53:23.881+03:00 [s2] [O] TX USER seq=746 frame=28B user=16B attempt=1/5 OK time=18 ms
2026-09-28T03:53:23.883+03:00 [s2] [O] > S7BP16R4-XXXXXXX
2026-09-28T03:53:23.890+03:00 [s2] [O] DELIVERY WAIT_ACK user=EBE8/746 attempt=1/5 timeout=712ms queue=0
2026-09-28T03:53:23.965+03:00 [s1] [O] PEER_REPORT our_seq=740 TX=-44/6 Q97
2026-09-28T03:53:23.998+03:00 [s1] [O] 
2026-09-28T03:53:24.047+03:00 [s2] [O] PEER_REPORT our_seq=746 TX=-42/6 Q100
2026-09-28T03:53:24.054+03:00 [s2] [O] 
2026-09-28T03:53:24.055+03:00 [s2] [O] RX ACK session=118C seq=741 ack_to=EBE8/746 frame=14B RX=-44/5 Q97
2026-09-28T03:53:24.059+03:00 [s2] [O] DELIVERY ACK user=EBE8/746 attempts=1/5 elapsed=226ms queue=0
2026-09-28T03:53:24.061+03:00 [s2] [I] S7BP16R5-XXXXXXX
2026-09-28T03:53:24.089+03:00 [s1] [O] RX USER session=EBE8 seq=746 frame=28B user=16B RX=-42/6 Q100 disposition=0
2026-09-28T03:53:24.142+03:00 [s2] [O] DELIVERY QUEUED source=2 bytes=16 waiting=1/8 in_flight=0
2026-09-28T03:53:24.157+03:00 [s2] [O] 
2026-09-28T03:53:24.162+03:00 [s2] [O] TX USER seq=747 frame=28B user=16B attempt=1/5 OK time=18 ms
2026-09-28T03:53:24.167+03:00 [s2] [O] > S7BP16R5-XXXXXXX
2026-09-28T03:53:24.172+03:00 [s2] [O] DELIVERY WAIT_ACK user=EBE8/747 attempt=1/5 timeout=712ms queue=0
2026-09-28T03:53:24.177+03:00 [s1] [O] < [-42/6 Q100] S7BP16R4-XXXXXXX
2026-09-28T03:53:24.182+03:00 [s1] [O] 
2026-09-28T03:53:24.247+03:00 [s1] [O] TX ACK seq=741 ack_to=EBE8/746 frame=14B OK time=13 ms guard=500ms
2026-09-28T03:53:24.317+03:00 [s1] [O] PEER_REPORT our_seq=741 TX=-44/5 Q97
2026-09-28T03:53:24.357+03:00 [s1] [O] 
2026-09-28T03:53:24.365+03:00 [s2] [O] PEER_REPORT our_seq=747 TX=-43/5 Q100
2026-09-28T03:53:24.370+03:00 [s2] [O] 
2026-09-28T03:53:24.377+03:00 [s2] [O] RX ACK session=118C seq=742 ack_to=EBE8/747 frame=14B RX=-43/4 Q97
2026-09-28T03:53:24.380+03:00 [s2] [O] DELIVERY ACK user=EBE8/747 attempts=1/5 elapsed=227ms queue=0
2026-09-28T03:53:24.382+03:00 [s2] [I] S7BP16R6-XXXXXXX
2026-09-28T03:53:24.409+03:00 [s1] [O] RX USER session=EBE8 seq=747 frame=28B user=16B RX=-43/5 Q100 disposition=0
2026-09-28T03:53:24.498+03:00 [s1] [O] < [-43/5 Q100] S7BP16R5-XXXXXXX
2026-09-28T03:53:24.498+03:00 [s2] [O] DELIVERY QUEUED source=2 bytes=16 waiting=1/8 in_flight=0
2026-09-28T03:53:24.512+03:00 [s2] [O] 
2026-09-28T03:53:24.516+03:00 [s2] [O] TX USER seq=748 frame=28B user=16B attempt=1/5 OK time=18 ms
2026-09-28T03:53:24.519+03:00 [s2] [O] > S7BP16R6-XXXXXXX
2026-09-28T03:53:24.520+03:00 [s2] [O] DELIVERY WAIT_ACK user=EBE8/748 attempt=1/5 timeout=712ms queue=0
2026-09-28T03:53:24.540+03:00 [s1] [O] 
2026-09-28T03:53:24.582+03:00 [s1] [O] TX ACK seq=742 ack_to=EBE8/747 frame=14B OK time=13 ms guard=500ms
2026-09-28T03:53:24.674+03:00 [s1] [O] PEER_REPORT our_seq=742 TX=-43/4 Q97
2026-09-28T03:53:24.679+03:00 [s2] [O] PEER_REPORT our_seq=748 TX=-43/5 Q100
2026-09-28T03:53:24.683+03:00 [s2] [O] 
2026-09-28T03:53:24.696+03:00 [s2] [O] RX ACK session=118C seq=743 ack_to=EBE8/748 frame=14B RX=-41/6 Q97
2026-09-28T03:53:24.698+03:00 [s2] [O] DELIVERY ACK user=EBE8/748 attempts=1/5 elapsed=227ms queue=0
2026-09-28T03:53:24.700+03:00 [s2] [I] S7BP16R7-XXXXXXX
2026-09-28T03:53:24.717+03:00 [s1] [O] 
2026-09-28T03:53:24.763+03:00 [s1] [O] RX USER session=EBE8 seq=748 frame=28B user=16B RX=-43/5 Q100 disposition=0
2026-09-28T03:53:24.795+03:00 [s2] [O] DELIVERY QUEUED source=2 bytes=16 waiting=1/8 in_flight=0
2026-09-28T03:53:24.797+03:00 [s2] [O] 
2026-09-28T03:53:24.799+03:00 [s2] [O] TX USER seq=749 frame=28B user=16B attempt=1/5 OK time=24 ms
2026-09-28T03:53:24.801+03:00 [s2] [O] > S7BP16R7-XXXXXXX
2026-09-28T03:53:24.811+03:00 [s2] [O] DELIVERY WAIT_ACK user=EBE8/749 attempt=1/5 timeout=712ms queue=0
2026-09-28T03:53:24.853+03:00 [s1] [O] < [-43/5 Q100] S7BP16R6-XXXXXXX
2026-09-28T03:53:24.855+03:00 [s1] [O] 
2026-09-28T03:53:24.908+03:00 [s1] [O] TX ACK seq=743 ack_to=EBE8/748 frame=14B OK time=13 ms guard=500ms
2026-09-28T03:53:24.987+03:00 [s1] [O] PEER_REPORT our_seq=743 TX=-41/6 Q97
2026-09-28T03:53:25.034+03:00 [s1] [O] 
2026-09-28T03:53:25.048+03:00 [s2] [O] PEER_REPORT our_seq=749 TX=-42/5 Q100
2026-09-28T03:53:25.132+03:00 [s2] [O] 
2026-09-28T03:53:25.140+03:00 [s1] [O] RX USER session=EBE8 seq=749 frame=28B user=16B RX=-42/5 Q100 disposition=0
2026-09-28T03:53:25.140+03:00 [s2] [O] RX ACK session=118C seq=744 ack_to=EBE8/749 frame=14B RX=-43/5 Q97
2026-09-28T03:53:25.152+03:00 [s2] [O] DELIVERY ACK user=EBE8/749 attempts=1/5 elapsed=225ms queue=0
2026-09-28T03:53:25.161+03:00 [s2] [I] S7BP16R8-XXXXXXX
2026-09-28T03:53:25.213+03:00 [s1] [O] < [-42/5 Q100] S7BP16R7-XXXXXXX
2026-09-28T03:53:25.229+03:00 [s1] [O] 
2026-09-28T03:53:25.265+03:00 [s2] [O] DELIVERY QUEUED source=2 bytes=16 waiting=1/8 in_flight=0
2026-09-28T03:53:25.277+03:00 [s1] [O] TX ACK seq=744 ack_to=EBE8/749 frame=14B OK time=13 ms guard=500ms
2026-09-28T03:53:25.282+03:00 [s2] [O] 
2026-09-28T03:53:25.291+03:00 [s2] [O] TX USER seq=750 frame=28B user=16B attempt=1/5 OK time=18 ms
2026-09-28T03:53:25.296+03:00 [s2] [O] > S7BP16R8-XXXXXXX
2026-09-28T03:53:25.301+03:00 [s2] [O] DELIVERY WAIT_ACK user=EBE8/750 attempt=1/5 timeout=712ms queue=0
2026-09-28T03:53:25.347+03:00 [s1] [O] PEER_REPORT our_seq=744 TX=-43/5 Q97
2026-09-28T03:53:25.399+03:00 [s1] [O] 
2026-09-28T03:53:25.450+03:00 [s1] [O] RX USER session=EBE8 seq=750 frame=28B user=16B RX=-43/6 Q100 disposition=0
2026-09-28T03:53:25.460+03:00 [s2] [O] PEER_REPORT our_seq=750 TX=-43/6 Q100
2026-09-28T03:53:25.464+03:00 [s2] [O] 
2026-09-28T03:53:25.466+03:00 [s2] [O] RX ACK session=118C seq=745 ack_to=EBE8/750 frame=14B RX=-44/5 Q97
2026-09-28T03:53:25.469+03:00 [s2] [O] DELIVERY ACK user=EBE8/750 attempts=1/5 elapsed=226ms queue=0
2026-09-28T03:53:25.475+03:00 [s2] [I] S7BP16R9-XXXXXXX
2026-09-28T03:53:25.538+03:00 [s2] [O] DELIVERY QUEUED source=2 bytes=16 waiting=1/8 in_flight=0
2026-09-28T03:53:25.539+03:00 [s1] [O] < [-43/6 Q100] S7BP16R8-XXXXXXX
2026-09-28T03:53:25.543+03:00 [s2] [O] 
2026-09-28T03:53:25.549+03:00 [s2] [O] TX USER seq=751 frame=28B user=16B attempt=1/5 OK time=18 ms
2026-09-28T03:53:25.552+03:00 [s2] [O] > S7BP16R9-XXXXXXX
2026-09-28T03:53:25.560+03:00 [s2] [O] DELIVERY WAIT_ACK user=EBE8/751 attempt=1/5 timeout=712ms queue=0
2026-09-28T03:53:25.573+03:00 [s1] [O] 
2026-09-28T03:53:25.617+03:00 [s1] [O] TX ACK seq=745 ack_to=EBE8/750 frame=14B OK time=13 ms guard=500ms
2026-09-28T03:53:25.710+03:00 [s1] [O] PEER_REPORT our_seq=745 TX=-44/5 Q97
2026-09-28T03:53:25.753+03:00 [s1] [O] 
2026-09-28T03:53:25.781+03:00 [s2] [O] PEER_REPORT our_seq=751 TX=-42/5 Q100
2026-09-28T03:53:25.783+03:00 [s2] [O] 
2026-09-28T03:53:25.783+03:00 [s2] [O] RX ACK session=118C seq=746 ack_to=EBE8/751 frame=14B RX=-44/6 Q97
2026-09-28T03:53:25.783+03:00 [s2] [O] DELIVERY ACK user=EBE8/751 attempts=1/5 elapsed=227ms queue=0
2026-09-28T03:53:25.788+03:00 [s2] [I] S7BP16R10-XXXXXX
2026-09-28T03:53:25.798+03:00 [s1] [O] RX USER session=EBE8 seq=751 frame=28B user=16B RX=-42/5 Q100 disposition=0
2026-09-28T03:53:25.854+03:00 [s2] [O] DELIVERY QUEUED source=2 bytes=16 waiting=1/8 in_flight=0
2026-09-28T03:53:25.862+03:00 [s2] [O] 
2026-09-28T03:53:25.865+03:00 [s2] [O] TX USER seq=752 frame=28B user=16B attempt=1/5 OK time=18 ms
2026-09-28T03:53:25.865+03:00 [s2] [O] > S7BP16R10-XXXXXX
2026-09-28T03:53:25.887+03:00 [s1] [O] < [-42/5 Q100] S7BP16R9-XXXXXXX
2026-09-28T03:53:25.889+03:00 [s1] [O] 
2026-09-28T03:53:25.900+03:00 [s2] [O] DELIVERY WAIT_ACK user=EBE8/752 attempt=1/5 timeout=712ms queue=0
2026-09-28T03:53:25.940+03:00 [s1] [O] TX ACK seq=746 ack_to=EBE8/751 frame=14B OK time=13 ms guard=500ms
2026-09-28T03:53:26.023+03:00 [s1] [O] PEER_REPORT our_seq=746 TX=-44/6 Q100
2026-09-28T03:53:26.077+03:00 [s1] [O] 
2026-09-28T03:53:26.080+03:00 [s2] [O] PEER_REPORT our_seq=752 TX=-43/6 Q100
2026-09-28T03:53:26.094+03:00 [s2] [O] 
2026-09-28T03:53:26.097+03:00 [s2] [O] RX ACK session=118C seq=747 ack_to=EBE8/752 frame=14B RX=-44/5 Q100
2026-09-28T03:53:26.099+03:00 [s2] [O] DELIVERY ACK user=EBE8/752 attempts=1/5 elapsed=226ms queue=0
2026-09-28T03:53:26.113+03:00 [s1] [I] S7AP32R1-XXXXXXXXXXXXXXXXXXXXXXX
2026-09-28T03:53:26.124+03:00 [s1] [O] RX USER session=EBE8 seq=752 frame=28B user=16B RX=-43/6 Q100 disposition=0
2026-09-28T03:53:26.206+03:00 [s1] [O] < [-43/6 Q100] S7BP16R10-XXXXXX
2026-09-28T03:53:26.216+03:00 [s1] [O] 
2026-09-28T03:53:26.216+03:00 [s2] [O] PEER_REPORT our_seq=752 TX=-43/6 Q100
2026-09-28T03:53:26.222+03:00 [s2] [O] 
2026-09-28T03:53:26.224+03:00 [s2] [O] RX USER session=118C seq=748 frame=44B user=32B RX=-43/5 Q100 disposition=0
2026-09-28T03:53:26.234+03:00 [s2] [O] < [-43/5 Q100] S7AP32R1-XXXXXXXXXXXXXXXXXXXXXXX
2026-09-28T03:53:26.250+03:00 [s1] [O] TX ACK seq=747 ack_to=EBE8/752 frame=14B OK time=13 ms guard=500ms
2026-09-28T03:53:26.427+03:00 [s1] [O] DELIVERY QUEUED source=2 bytes=32 waiting=1/8 in_flight=0
2026-09-28T03:53:26.437+03:00 [s2] [O] 
2026-09-28T03:53:26.440+03:00 [s2] [O] TX ACK seq=753 ack_to=118C/748 frame=14B OK time=13 ms guard=500ms
2026-09-28T03:53:26.473+03:00 [s1] [O] 
2026-09-28T03:53:26.520+03:00 [s1] [O] TX USER seq=748 frame=44B user=32B attempt=1/5 OK time=24 ms
2026-09-28T03:53:26.578+03:00 [s1] [O] > S7AP32R1-XXXXXXXXXXXXXXXXXXXXXXX
2026-09-28T03:53:26.652+03:00 [s1] [O] DELIVERY WAIT_ACK user=118C/748 attempt=1/5 timeout=712ms queue=0
2026-09-28T03:53:26.712+03:00 [s1] [O] PEER_REPORT our_seq=748 TX=-43/5 Q100
2026-09-28T03:53:26.758+03:00 [s1] [O] 
2026-09-28T03:53:26.791+03:00 [s1] [O] RX ACK session=EBE8 seq=753 ack_to=118C/748 frame=14B RX=-45/6 Q100
2026-09-28T03:53:26.933+03:00 [s1] [O] DELIVERY ACK user=118C/748 attempts=1/5 elapsed=217ms queue=0
2026-09-28T03:53:26.936+03:00 [s1] [I] S7AP32R2-XXXXXXXXXXXXXXXXXXXXXXX
2026-09-28T03:53:27.022+03:00 [s1] [O] DELIVERY QUEUED source=2 bytes=32 waiting=1/8 in_flight=0
2026-09-28T03:53:27.027+03:00 [s2] [O] PEER_REPORT our_seq=753 TX=-45/6 Q100
2026-09-28T03:53:27.031+03:00 [s2] [O] 
2026-09-28T03:53:27.035+03:00 [s2] [O] RX USER session=118C seq=749 frame=44B user=32B RX=-41/4 Q100 disposition=0
2026-09-28T03:53:27.039+03:00 [s2] [O] < [-41/4 Q100] S7AP32R2-XXXXXXXXXXXXXXXXXXXXXXX
2026-09-28T03:53:27.102+03:00 [s1] [O] 
2026-09-28T03:53:27.148+03:00 [s1] [O] TX USER seq=749 frame=44B user=32B attempt=1/5 OK time=25 ms
2026-09-28T03:53:27.199+03:00 [s1] [O] > S7AP32R2-XXXXXXXXXXXXXXXXXXXXXXX
2026-09-28T03:53:27.245+03:00 [s2] [O] 
2026-09-28T03:53:27.253+03:00 [s2] [O] TX ACK seq=754 ack_to=118C/749 frame=14B OK time=13 ms guard=500ms
2026-09-28T03:53:27.293+03:00 [s1] [O] DELIVERY WAIT_ACK user=118C/749 attempt=1/5 timeout=712ms queue=0
2026-09-28T03:53:27.376+03:00 [s1] [O] PEER_REPORT our_seq=749 TX=-41/4 Q100
2026-09-28T03:53:27.417+03:00 [s1] [O] 
2026-09-28T03:53:27.471+03:00 [s1] [O] RX ACK session=EBE8 seq=754 ack_to=118C/749 frame=14B RX=-41/5 Q100
2026-09-28T03:53:27.598+03:00 [s1] [O] DELIVERY ACK user=118C/749 attempts=1/5 elapsed=225ms queue=0
2026-09-28T03:53:27.602+03:00 [s1] [I] S7AP32R3-XXXXXXXXXXXXXXXXXXXXXXX
2026-09-28T03:53:27.697+03:00 [s2] [O] PEER_REPORT our_seq=754 TX=-41/5 Q100
2026-09-28T03:53:27.709+03:00 [s1] [O] DELIVERY QUEUED source=2 bytes=32 waiting=1/8 in_flight=0
2026-09-28T03:53:27.712+03:00 [s2] [O] 
2026-09-28T03:53:27.725+03:00 [s2] [O] RX USER session=118C seq=750 frame=44B user=32B RX=-41/4 Q100 disposition=0
2026-09-28T03:53:27.730+03:00 [s2] [O] < [-41/4 Q100] S7AP32R3-XXXXXXXXXXXXXXXXXXXXXXX
2026-09-28T03:53:27.777+03:00 [s1] [O] 
2026-09-28T03:53:27.824+03:00 [s1] [O] TX USER seq=750 frame=44B user=32B attempt=1/5 OK time=24 ms
2026-09-28T03:53:27.878+03:00 [s1] [O] > S7AP32R3-XXXXXXXXXXXXXXXXXXXXXXX
2026-09-28T03:53:27.929+03:00 [s2] [O] 
2026-09-28T03:53:27.931+03:00 [s2] [O] TX ACK seq=755 ack_to=118C/750 frame=14B OK time=13 ms guard=500ms
2026-09-28T03:53:27.958+03:00 [s1] [O] DELIVERY WAIT_ACK user=118C/750 attempt=1/5 timeout=712ms queue=0
2026-09-28T03:53:28.015+03:00 [s1] [O] PEER_REPORT our_seq=750 TX=-41/4 Q100
2026-09-28T03:53:28.048+03:00 [s1] [O] 
2026-09-28T03:53:28.093+03:00 [s1] [O] RX ACK session=EBE8 seq=755 ack_to=118C/750 frame=14B RX=-43/5 Q100
2026-09-28T03:53:28.228+03:00 [s1] [O] DELIVERY ACK user=118C/750 attempts=1/5 elapsed=227ms queue=0
2026-09-28T03:53:28.242+03:00 [s1] [I] S7AP32R4-XXXXXXXXXXXXXXXXXXXXXXX
2026-09-28T03:53:28.331+03:00 [s2] [O] PEER_REPORT our_seq=755 TX=-43/5 Q100
2026-09-28T03:53:28.335+03:00 [s2] [O] 
2026-09-28T03:53:28.335+03:00 [s1] [O] DELIVERY QUEUED source=2 bytes=32 waiting=1/8 in_flight=0
2026-09-28T03:53:28.338+03:00 [s2] [O] RX USER session=118C seq=751 frame=44B user=32B RX=-42/5 Q100 disposition=0
2026-09-28T03:53:28.340+03:00 [s2] [O] < [-42/5 Q100] S7AP32R4-XXXXXXXXXXXXXXXXXXXXXXX
2026-09-28T03:53:28.408+03:00 [s1] [O] 
2026-09-28T03:53:28.452+03:00 [s1] [O] TX USER seq=751 frame=44B user=32B attempt=1/5 OK time=25 ms
2026-09-28T03:53:28.511+03:00 [s1] [O] > S7AP32R4-XXXXXXXXXXXXXXXXXXXXXXX
2026-09-28T03:53:28.554+03:00 [s2] [O] 
2026-09-28T03:53:28.555+03:00 [s2] [O] TX ACK seq=756 ack_to=118C/751 frame=14B OK time=13 ms guard=500ms
2026-09-28T03:53:28.555+03:00 [s1] [O] DELIVERY WAIT_ACK user=118C/751 attempt=1/5 timeout=712ms queue=0
2026-09-28T03:53:28.645+03:00 [s1] [O] PEER_REPORT our_seq=751 TX=-42/5 Q100
2026-09-28T03:53:28.687+03:00 [s1] [O] 
2026-09-28T03:53:28.730+03:00 [s1] [O] RX ACK session=EBE8 seq=756 ack_to=118C/751 frame=14B RX=-44/5 Q100
2026-09-28T03:53:28.858+03:00 [s1] [O] DELIVERY ACK user=118C/751 attempts=1/5 elapsed=226ms queue=0
2026-09-28T03:53:28.863+03:00 [s1] [I] S7AP32R5-XXXXXXXXXXXXXXXXXXXXXXX
2026-09-28T03:53:28.953+03:00 [s1] [O] DELIVERY QUEUED source=2 bytes=32 waiting=1/8 in_flight=0
2026-09-28T03:53:28.953+03:00 [s2] [O] PEER_REPORT our_seq=756 TX=-44/5 Q100
2026-09-28T03:53:29.017+03:00 [s2] [O] 
2026-09-28T03:53:29.018+03:00 [s2] [O] RX USER session=118C seq=752 frame=44B user=32B RX=-43/2 Q100 disposition=0
2026-09-28T03:53:29.025+03:00 [s2] [O] < [-43/2 Q100] S7AP32R5-XXXXXXXXXXXXXXXXXXXXXXX
2026-09-28T03:53:29.037+03:00 [s1] [O] 
2026-09-28T03:53:29.082+03:00 [s1] [O] TX USER seq=752 frame=44B user=32B attempt=1/5 OK time=24 ms
2026-09-28T03:53:29.132+03:00 [s1] [O] > S7AP32R5-XXXXXXXXXXXXXXXXXXXXXXX
2026-09-28T03:53:29.187+03:00 [s2] [O] 
2026-09-28T03:53:29.194+03:00 [s1] [O] DELIVERY WAIT_ACK user=118C/752 attempt=1/5 timeout=712ms queue=0
2026-09-28T03:53:29.199+03:00 [s2] [O] TX ACK seq=757 ack_to=118C/752 frame=14B OK time=13 ms guard=500ms
2026-09-28T03:53:29.210+03:00 [s2] [O] 
2026-09-28T03:53:29.213+03:00 [s2] [O] SESSION t=4020s TX ok=765 user=342 echo_req=0 echo_rep=0 hb=70(idle=0) err=0 started=765 RX ok=758 user=353 echo_req=0 echo_rep=0 hb=70 crc=5 hdr=5 bad=1 readerr=0 reports=757 Q=100% drops=0 fatal=0
2026-09-28T03:53:29.215+03:00 [s2] [O] SESSION COURTESY window=5000ms peer_release=0 expired=0 yielding=0
2026-09-28T03:53:29.233+03:00 [s2] [O] SESSION DIO0_TX affected=0/765 episodes=0 avg_all=0.00 avg_affected=0.00 high_polls=0
2026-09-28T03:53:29.239+03:00 [s2] [O] SESSION RX_POLL polls=3739653 rxdone=769 interval=1000us DIO0_RX false_high_ep=0 high_polls=0 rxdone_low=3 isr=disabled
2026-09-28T03:53:29.266+03:00 [s1] [O] PEER_REPORT our_seq=752 TX=-43/3 Q100
2026-09-28T03:53:29.314+03:00 [s1] [O] 
2026-09-28T03:53:29.360+03:00 [s1] [O] RX ACK session=EBE8 seq=757 ack_to=118C/752 frame=14B RX=-42/3 Q100
2026-09-28T03:53:29.489+03:00 [s1] [O] DELIVERY ACK user=118C/752 attempts=1/5 elapsed=227ms queue=0
2026-09-28T03:53:29.502+03:00 [s1] [I] S7AP32R6-XXXXXXXXXXXXXXXXXXXXXXX
2026-09-28T03:53:29.598+03:00 [s2] [O] PEER_REPORT our_seq=757 TX=-42/3 Q100
2026-09-28T03:53:29.598+03:00 [s1] [O] DELIVERY QUEUED source=2 bytes=32 waiting=1/8 in_flight=0
2026-09-28T03:53:29.604+03:00 [s2] [O] 
2026-09-28T03:53:29.609+03:00 [s2] [O] RX USER session=118C seq=753 frame=44B user=32B RX=-42/5 Q100 disposition=0
2026-09-28T03:53:29.617+03:00 [s2] [O] < [-42/5 Q100] S7AP32R6-XXXXXXXXXXXXXXXXXXXXXXX
2026-09-28T03:53:29.667+03:00 [s1] [O] 
2026-09-28T03:53:29.712+03:00 [s1] [O] TX USER seq=753 frame=44B user=32B attempt=1/5 OK time=25 ms
2026-09-28T03:53:29.776+03:00 [s1] [O] > S7AP32R6-XXXXXXXXXXXXXXXXXXXXXXX
2026-09-28T03:53:29.806+03:00 [s1] [O] DELIVERY WAIT_ACK user=118C/753 attempt=1/5 timeout=712ms queue=0
2026-09-28T03:53:29.814+03:00 [s2] [O] 
2026-09-28T03:53:29.815+03:00 [s2] [O] TX ACK seq=758 ack_to=118C/753 frame=14B OK time=13 ms guard=500ms
2026-09-28T03:53:29.893+03:00 [s1] [O] PEER_REPORT our_seq=753 TX=-42/5 Q100
2026-09-28T03:53:29.940+03:00 [s1] [O] 
2026-09-28T03:53:29.983+03:00 [s1] [O] RX ACK session=EBE8 seq=758 ack_to=118C/753 frame=14B RX=-45/5 Q100
2026-09-28T03:53:30.089+03:00 [s1] [O] DELIVERY ACK user=118C/753 attempts=1/5 elapsed=226ms queue=0
2026-09-28T03:53:30.096+03:00 [s1] [I] S7AP32R7-XXXXXXXXXXXXXXXXXXXXXXX
2026-09-28T03:53:30.175+03:00 [s2] [O] PEER_REPORT our_seq=758 TX=-45/5 Q100
2026-09-28T03:53:30.175+03:00 [s2] [O] 
2026-09-28T03:53:30.175+03:00 [s2] [O] RX USER session=118C seq=754 frame=44B user=32B RX=-45/5 Q100 disposition=0
2026-09-28T03:53:30.186+03:00 [s1] [O] DELIVERY QUEUED source=2 bytes=32 waiting=1/8 in_flight=0
2026-09-28T03:53:30.191+03:00 [s2] [O] < [-45/5 Q100] S7AP32R7-XXXXXXXXXXXXXXXXXXXXXXX
2026-09-28T03:53:30.252+03:00 [s1] [O] 
2026-09-28T03:53:30.297+03:00 [s1] [O] TX USER seq=754 frame=44B user=32B attempt=1/5 OK time=24 ms
2026-09-28T03:53:30.351+03:00 [s1] [O] > S7AP32R7-XXXXXXXXXXXXXXXXXXXXXXX
2026-09-28T03:53:30.401+03:00 [s2] [O] 
2026-09-28T03:53:30.401+03:00 [s2] [O] TX ACK seq=759 ack_to=118C/754 frame=14B OK time=13 ms guard=500ms
2026-09-28T03:53:30.438+03:00 [s1] [O] DELIVERY WAIT_ACK user=118C/754 attempt=1/5 timeout=712ms queue=0
2026-09-28T03:53:30.534+03:00 [s1] [O] PEER_REPORT our_seq=754 TX=-45/5 Q100
2026-09-28T03:53:30.579+03:00 [s1] [O] 
2026-09-28T03:53:30.615+03:00 [s1] [O] RX ACK session=EBE8 seq=759 ack_to=118C/754 frame=14B RX=-45/5 Q100
2026-09-28T03:53:30.747+03:00 [s1] [O] DELIVERY ACK user=118C/754 attempts=1/5 elapsed=227ms queue=0
2026-09-28T03:53:30.757+03:00 [s1] [I] S7AP32R8-XXXXXXXXXXXXXXXXXXXXXXX
2026-09-28T03:53:30.848+03:00 [s2] [O] PEER_REPORT our_seq=759 TX=-45/5 Q100
2026-09-28T03:53:30.859+03:00 [s1] [O] DELIVERY QUEUED source=2 bytes=32 waiting=1/8 in_flight=0
2026-09-28T03:53:30.866+03:00 [s2] [O] 
2026-09-28T03:53:30.870+03:00 [s2] [O] RX USER session=118C seq=755 frame=44B user=32B RX=-43/5 Q100 disposition=0
2026-09-28T03:53:30.875+03:00 [s2] [O] < [-43/5 Q100] S7AP32R8-XXXXXXXXXXXXXXXXXXXXXXX
2026-09-28T03:53:30.927+03:00 [s1] [O] 
2026-09-28T03:53:30.972+03:00 [s1] [O] TX USER seq=755 frame=44B user=32B attempt=1/5 OK time=25 ms
2026-09-28T03:53:31.027+03:00 [s1] [O] > S7AP32R8-XXXXXXXXXXXXXXXXXXXXXXX
2026-09-28T03:53:31.073+03:00 [s1] [O] DELIVERY WAIT_ACK user=118C/755 attempt=1/5 timeout=712ms queue=0
2026-09-28T03:53:31.073+03:00 [s2] [O] 
2026-09-28T03:53:31.081+03:00 [s2] [O] TX ACK seq=760 ack_to=118C/755 frame=14B OK time=13 ms guard=500ms
2026-09-28T03:53:31.152+03:00 [s1] [O] PEER_REPORT our_seq=755 TX=-43/5 Q100
2026-09-28T03:53:31.198+03:00 [s1] [O] 
2026-09-28T03:53:31.242+03:00 [s1] [O] RX ACK session=EBE8 seq=760 ack_to=118C/755 frame=14B RX=-45/6 Q100
2026-09-28T03:53:31.345+03:00 [s1] [O] DELIVERY ACK user=118C/755 attempts=1/5 elapsed=226ms queue=0
2026-09-28T03:53:31.348+03:00 [s1] [I] S7AP32R9-XXXXXXXXXXXXXXXXXXXXXXX
2026-09-28T03:53:31.426+03:00 [s1] [O] DELIVERY QUEUED source=2 bytes=32 waiting=1/8 in_flight=0
2026-09-28T03:53:31.437+03:00 [s2] [O] PEER_REPORT our_seq=760 TX=-45/6 Q100
2026-09-28T03:53:31.440+03:00 [s2] [O] 
2026-09-28T03:53:31.443+03:00 [s2] [O] RX USER session=118C seq=756 frame=44B user=32B RX=-43/5 Q100 disposition=0
2026-09-28T03:53:31.446+03:00 [s2] [O] < [-43/5 Q100] S7AP32R9-XXXXXXXXXXXXXXXXXXXXXXX
2026-09-28T03:53:31.513+03:00 [s1] [O] 
2026-09-28T03:53:31.556+03:00 [s1] [O] TX USER seq=756 frame=44B user=32B attempt=1/5 OK time=25 ms
2026-09-28T03:53:31.613+03:00 [s1] [O] > S7AP32R9-XXXXXXXXXXXXXXXXXXXXXXX
2026-09-28T03:53:31.659+03:00 [s2] [O] 
2026-09-28T03:53:31.659+03:00 [s1] [O] DELIVERY WAIT_ACK user=118C/756 attempt=1/5 timeout=712ms queue=0
2026-09-28T03:53:31.660+03:00 [s2] [O] TX ACK seq=761 ack_to=118C/756 frame=14B OK time=13 ms guard=500ms
2026-09-28T03:53:31.745+03:00 [s1] [O] PEER_REPORT our_seq=756 TX=-43/5 Q100
2026-09-28T03:53:31.797+03:00 [s1] [O] 
2026-09-28T03:53:31.827+03:00 [s1] [O] RX ACK session=EBE8 seq=761 ack_to=118C/756 frame=14B RX=-44/5 Q100
2026-09-28T03:53:31.963+03:00 [s1] [O] DELIVERY ACK user=118C/756 attempts=1/5 elapsed=228ms queue=0
2026-09-28T03:53:31.977+03:00 [s1] [I] S7AP32R10-XXXXXXXXXXXXXXXXXXXXXX
2026-09-28T03:53:32.056+03:00 [s1] [O] DELIVERY QUEUED source=2 bytes=32 waiting=1/8 in_flight=0
2026-09-28T03:53:32.066+03:00 [s2] [O] PEER_REPORT our_seq=761 TX=-44/5 Q100
2026-09-28T03:53:32.074+03:00 [s2] [O] 
2026-09-28T03:53:32.076+03:00 [s2] [O] RX USER session=118C seq=757 frame=44B user=32B RX=-42/5 Q100 disposition=0
2026-09-28T03:53:32.078+03:00 [s2] [O] < [-42/5 Q100] S7AP32R10-XXXXXXXXXXXXXXXXXXXXXX
2026-09-28T03:53:32.143+03:00 [s1] [O] 
2026-09-28T03:53:32.191+03:00 [s1] [O] TX USER seq=757 frame=44B user=32B attempt=1/5 OK time=25 ms
2026-09-28T03:53:32.294+03:00 [s1] [O] > S7AP32R10-XXXXXXXXXXXXXXXXXXXXXX
2026-09-28T03:53:32.298+03:00 [s2] [O] 
2026-09-28T03:53:32.305+03:00 [s2] [O] TX ACK seq=762 ack_to=118C/757 frame=14B OK time=13 ms guard=500ms
2026-09-28T03:53:32.331+03:00 [s1] [O] DELIVERY WAIT_ACK user=118C/757 attempt=1/5 timeout=712ms queue=0
2026-09-28T03:53:32.414+03:00 [s1] [O] PEER_REPORT our_seq=757 TX=-42/5 Q100
2026-09-28T03:53:32.469+03:00 [s1] [O] 
2026-09-28T03:53:32.502+03:00 [s1] [O] RX ACK session=EBE8 seq=762 ack_to=118C/757 frame=14B RX=-41/6 Q100
2026-09-28T03:53:32.639+03:00 [s1] [O] DELIVERY ACK user=118C/757 attempts=1/5 elapsed=224ms queue=0
2026-09-28T03:53:32.645+03:00 [s2] [I] S7BP32R1-XXXXXXXXXXXXXXXXXXXXXXX
2026-09-28T03:53:32.727+03:00 [s1] [O] PEER_REPORT our_seq=757 TX=-42/5 Q100
2026-09-28T03:53:32.783+03:00 [s2] [O] DELIVERY QUEUED source=2 bytes=32 waiting=1/8 in_flight=0
2026-09-28T03:53:32.783+03:00 [s1] [O] 
2026-09-28T03:53:32.792+03:00 [s2] [O] 
2026-09-28T03:53:32.797+03:00 [s2] [O] TX USER seq=763 frame=44B user=32B attempt=1/5 OK time=24 ms
2026-09-28T03:53:32.810+03:00 [s2] [O] > S7BP32R1-XXXXXXXXXXXXXXXXXXXXXXX
2026-09-28T03:53:32.815+03:00 [s2] [O] DELIVERY WAIT_ACK user=EBE8/763 attempt=1/5 timeout=712ms queue=0
2026-09-28T03:53:32.821+03:00 [s1] [O] RX USER session=EBE8 seq=763 frame=44B user=32B RX=-43/5 Q100 disposition=0
2026-09-28T03:53:32.929+03:00 [s1] [O] < [-43/5 Q100] S7BP32R1-XXXXXXXXXXXXXXXXXXXXXXX
2026-09-28T03:53:32.951+03:00 [s1] [O] 
2026-09-28T03:53:32.958+03:00 [s2] [O] PEER_REPORT our_seq=763 TX=-43/5 Q100
2026-09-28T03:53:32.962+03:00 [s2] [O] 
2026-09-28T03:53:32.964+03:00 [s2] [O] RX ACK session=118C seq=758 ack_to=EBE8/763 frame=14B RX=-44/4 Q100
2026-09-28T03:53:32.968+03:00 [s2] [O] DELIVERY ACK user=EBE8/763 attempts=1/5 elapsed=226ms queue=0
2026-09-28T03:53:32.973+03:00 [s2] [I] S7BP32R2-XXXXXXXXXXXXXXXXXXXXXXX
2026-09-28T03:53:32.997+03:00 [s1] [O] TX ACK seq=758 ack_to=EBE8/763 frame=14B OK time=13 ms guard=500ms
2026-09-28T03:53:33.047+03:00 [s2] [O] DELIVERY QUEUED source=2 bytes=32 waiting=1/8 in_flight=0
2026-09-28T03:53:33.094+03:00 [s2] [O] 
2026-09-28T03:53:33.099+03:00 [s2] [O] TX USER seq=764 frame=44B user=32B attempt=1/5 OK time=24 ms
2026-09-28T03:53:33.102+03:00 [s2] [O] > S7BP32R2-XXXXXXXXXXXXXXXXXXXXXXX
2026-09-28T03:53:33.105+03:00 [s2] [O] DELIVERY WAIT_ACK user=EBE8/764 attempt=1/5 timeout=712ms queue=0
2026-09-28T03:53:33.133+03:00 [s1] [O] PEER_REPORT our_seq=758 TX=-44/4 Q100
2026-09-28T03:53:33.178+03:00 [s1] [O] 
2026-09-28T03:53:33.224+03:00 [s1] [O] RX USER session=EBE8 seq=764 frame=44B user=32B RX=-43/5 Q100 disposition=0
2026-09-28T03:53:33.277+03:00 [s2] [O] PEER_REPORT our_seq=764 TX=-43/5 Q100
2026-09-28T03:53:33.281+03:00 [s2] [O] 
2026-09-28T03:53:33.290+03:00 [s2] [O] RX ACK session=118C seq=759 ack_to=EBE8/764 frame=14B RX=-45/6 Q100
2026-09-28T03:53:33.294+03:00 [s2] [O] DELIVERY ACK user=EBE8/764 attempts=1/5 elapsed=227ms queue=0
2026-09-28T03:53:33.300+03:00 [s2] [I] S7BP32R3-XXXXXXXXXXXXXXXXXXXXXXX
2026-09-28T03:53:33.312+03:00 [s1] [O] < [-43/5 Q100] S7BP32R2-XXXXXXXXXXXXXXXXXXXXXXX
2026-09-28T03:53:33.317+03:00 [s1] [O] 
2026-09-28T03:53:33.374+03:00 [s2] [O] DELIVERY QUEUED source=2 bytes=32 waiting=1/8 in_flight=0
2026-09-28T03:53:33.376+03:00 [s2] [O] 
2026-09-28T03:53:33.379+03:00 [s2] [O] TX USER seq=765 frame=44B user=32B attempt=1/5 OK time=24 ms
2026-09-28T03:53:33.381+03:00 [s2] [O] > S7BP32R3-XXXXXXXXXXXXXXXXXXXXXXX
2026-09-28T03:53:33.383+03:00 [s2] [O] DELIVERY WAIT_ACK user=EBE8/765 attempt=1/5 timeout=712ms queue=0
2026-09-28T03:53:33.404+03:00 [s1] [O] TX ACK seq=759 ack_to=EBE8/764 frame=14B OK time=13 ms guard=500ms
2026-09-28T03:53:33.506+03:00 [s1] [O] PEER_REPORT our_seq=759 TX=-45/6 Q100
2026-09-28T03:53:33.539+03:00 [s1] [O] 
2026-09-28T03:53:33.585+03:00 [s1] [O] RX USER session=EBE8 seq=765 frame=44B user=32B RX=-42/5 Q100 disposition=0
2026-09-28T03:53:33.602+03:00 [s2] [O] PEER_REPORT our_seq=765 TX=-42/5 Q100
2026-09-28T03:53:33.604+03:00 [s2] [O] 
2026-09-28T03:53:33.606+03:00 [s2] [O] RX ACK session=118C seq=760 ack_to=EBE8/765 frame=14B RX=-43/5 Q100
2026-09-28T03:53:33.608+03:00 [s2] [O] DELIVERY ACK user=EBE8/765 attempts=1/5 elapsed=227ms queue=0
2026-09-28T03:53:33.611+03:00 [s2] [I] S7BP32R4-XXXXXXXXXXXXXXXXXXXXXXX
2026-09-28T03:53:33.689+03:00 [s2] [O] DELIVERY QUEUED source=2 bytes=32 waiting=1/8 in_flight=0
2026-09-28T03:53:33.689+03:00 [s1] [O] < [-42/5 Q100] S7BP32R3-XXXXXXXXXXXXXXXXXXXXXXX
2026-09-28T03:53:33.695+03:00 [s2] [O] 
2026-09-28T03:53:33.698+03:00 [s2] [O] TX USER seq=766 frame=44B user=32B attempt=1/5 OK time=25 ms
2026-09-28T03:53:33.698+03:00 [s2] [O] > S7BP32R4-XXXXXXXXXXXXXXXXXXXXXXX
2026-09-28T03:53:33.701+03:00 [s2] [O] DELIVERY WAIT_ACK user=EBE8/766 attempt=1/5 timeout=712ms queue=0
2026-09-28T03:53:33.716+03:00 [s1] [O] 
2026-09-28T03:53:33.762+03:00 [s1] [O] TX ACK seq=760 ack_to=EBE8/765 frame=14B OK time=13 ms guard=500ms
2026-09-28T03:53:33.852+03:00 [s1] [O] PEER_REPORT our_seq=760 TX=-43/5 Q100
2026-09-28T03:53:33.898+03:00 [s1] [O] 
2026-09-28T03:53:33.913+03:00 [s2] [O] PEER_REPORT our_seq=766 TX=-43/5 Q100
2026-09-28T03:53:33.918+03:00 [s2] [O] 
2026-09-28T03:53:33.929+03:00 [s2] [O] RX ACK session=118C seq=761 ack_to=EBE8/766 frame=14B RX=-40/4 Q100
2026-09-28T03:53:33.934+03:00 [s2] [O] DELIVERY ACK user=EBE8/766 attempts=1/5 elapsed=226ms queue=0
2026-09-28T03:53:33.936+03:00 [s2] [I] S7BP32R5-XXXXXXXXXXXXXXXXXXXXXXX
2026-09-28T03:53:33.941+03:00 [s1] [O] RX USER session=EBE8 seq=766 frame=44B user=32B RX=-43/5 Q100 disposition=0
2026-09-28T03:53:34.008+03:00 [s2] [O] DELIVERY QUEUED source=2 bytes=32 waiting=1/8 in_flight=0
2026-09-28T03:53:34.011+03:00 [s2] [O] 
2026-09-28T03:53:34.015+03:00 [s2] [O] TX USER seq=767 frame=44B user=32B attempt=1/5 OK time=25 ms
2026-09-28T03:53:34.019+03:00 [s2] [O] > S7BP32R5-XXXXXXXXXXXXXXXXXXXXXXX
2026-09-28T03:53:34.023+03:00 [s2] [O] DELIVERY WAIT_ACK user=EBE8/767 attempt=1/5 timeout=712ms queue=0
2026-09-28T03:53:34.032+03:00 [s1] [O] < [-43/5 Q100] S7BP32R4-XXXXXXXXXXXXXXXXXXXXXXX
2026-09-28T03:53:34.037+03:00 [s1] [O] 
2026-09-28T03:53:34.129+03:00 [s1] [O] TX ACK seq=761 ack_to=EBE8/766 frame=14B OK time=13 ms guard=500ms
2026-09-28T03:53:34.224+03:00 [s2] [O] PEER_REPORT our_seq=767 TX=-43/5 Q100
2026-09-28T03:53:34.224+03:00 [s1] [O] PEER_REPORT our_seq=761 TX=-40/4 Q100
2026-09-28T03:53:34.234+03:00 [s2] [O] 
2026-09-28T03:53:34.237+03:00 [s2] [O] RX ACK session=118C seq=762 ack_to=EBE8/767 frame=14B RX=-38/2 Q100
2026-09-28T03:53:34.240+03:00 [s2] [O] DELIVERY ACK user=EBE8/767 attempts=1/5 elapsed=226ms queue=0
2026-09-28T03:53:34.241+03:00 [s2] [I] S7BP32R6-XXXXXXXXXXXXXXXXXXXXXXX
2026-09-28T03:53:34.258+03:00 [s1] [O] 
2026-09-28T03:53:34.306+03:00 [s1] [O] RX USER session=EBE8 seq=767 frame=44B user=32B RX=-43/5 Q100 disposition=0
2026-09-28T03:53:34.331+03:00 [s2] [O] DELIVERY QUEUED source=2 bytes=32 waiting=1/8 in_flight=0
2026-09-28T03:53:34.344+03:00 [s2] [O] 
2026-09-28T03:53:34.352+03:00 [s2] [O] TX USER seq=768 frame=44B user=32B attempt=1/5 OK time=25 ms
2026-09-28T03:53:34.365+03:00 [s2] [O] > S7BP32R6-XXXXXXXXXXXXXXXXXXXXXXX
2026-09-28T03:53:34.375+03:00 [s2] [O] DELIVERY WAIT_ACK user=EBE8/768 attempt=1/5 timeout=712ms queue=0
2026-09-28T03:53:34.396+03:00 [s1] [O] < [-43/5 Q100] S7BP32R5-XXXXXXXXXXXXXXXXXXXXXXX
2026-09-28T03:53:34.438+03:00 [s1] [O] 
2026-09-28T03:53:34.482+03:00 [s1] [O] TX ACK seq=762 ack_to=EBE8/767 frame=14B OK time=13 ms guard=500ms
2026-09-28T03:53:34.544+03:00 [s2] [O] PEER_REPORT our_seq=768 TX=-42/4 Q100
2026-09-28T03:53:34.563+03:00 [s2] [O] 
2026-09-28T03:53:34.565+03:00 [s2] [O] RX ACK session=118C seq=763 ack_to=EBE8/768 frame=14B RX=-41/5 Q100
2026-09-28T03:53:34.579+03:00 [s1] [O] PEER_REPORT our_seq=762 TX=-38/3 Q100
2026-09-28T03:53:34.581+03:00 [s2] [O] DELIVERY ACK user=EBE8/768 attempts=1/5 elapsed=226ms queue=0
2026-09-28T03:53:34.589+03:00 [s2] [I] S7BP32R7-XXXXXXXXXXXXXXXXXXXXXXX
2026-09-28T03:53:34.617+03:00 [s1] [O] 
2026-09-28T03:53:34.663+03:00 [s1] [O] RX USER session=EBE8 seq=768 frame=44B user=32B RX=-42/4 Q100 disposition=0
2026-09-28T03:53:34.679+03:00 [s2] [O] DELIVERY QUEUED source=2 bytes=32 waiting=1/8 in_flight=0
2026-09-28T03:53:34.680+03:00 [s2] [O] 
2026-09-28T03:53:34.690+03:00 [s2] [O] TX USER seq=769 frame=44B user=32B attempt=1/5 OK time=25 ms
2026-09-28T03:53:34.695+03:00 [s2] [O] > S7BP32R7-XXXXXXXXXXXXXXXXXXXXXXX
2026-09-28T03:53:34.699+03:00 [s2] [O] DELIVERY WAIT_ACK user=EBE8/769 attempt=1/5 timeout=712ms queue=0
2026-09-28T03:53:34.798+03:00 [s1] [O] < [-42/4 Q100] S7BP32R6-XXXXXXXXXXXXXXXXXXXXXXX
2026-09-28T03:53:34.798+03:00 [s1] [O] 
2026-09-28T03:53:34.859+03:00 [s1] [O] TX ACK seq=763 ack_to=EBE8/768 frame=14B OK time=13 ms guard=500ms
2026-09-28T03:53:34.904+03:00 [s2] [O] PEER_REPORT our_seq=769 TX=-43/5 Q100
2026-09-28T03:53:34.938+03:00 [s1] [O] PEER_REPORT our_seq=763 TX=-41/5 Q100
2026-09-28T03:53:34.955+03:00 [s2] [O] 
2026-09-28T03:53:34.957+03:00 [s2] [O] RX ACK session=118C seq=764 ack_to=EBE8/769 frame=14B RX=-41/6 Q100
2026-09-28T03:53:34.959+03:00 [s2] [O] DELIVERY ACK user=EBE8/769 attempts=1/5 elapsed=226ms queue=0
2026-09-28T03:53:34.961+03:00 [s2] [I] S7BP32R8-XXXXXXXXXXXXXXXXXXXXXXX
2026-09-28T03:53:34.977+03:00 [s1] [O] 
2026-09-28T03:53:35.023+03:00 [s1] [O] RX USER session=EBE8 seq=769 frame=44B user=32B RX=-43/5 Q100 disposition=0
2026-09-28T03:53:35.031+03:00 [s2] [O] DELIVERY QUEUED source=2 bytes=32 waiting=1/8 in_flight=0
2026-09-28T03:53:35.040+03:00 [s2] [O] 
2026-09-28T03:53:35.046+03:00 [s2] [O] TX USER seq=770 frame=44B user=32B attempt=1/5 OK time=25 ms
2026-09-28T03:53:35.050+03:00 [s2] [O] > S7BP32R8-XXXXXXXXXXXXXXXXXXXXXXX
2026-09-28T03:53:35.056+03:00 [s2] [O] DELIVERY WAIT_ACK user=EBE8/770 attempt=1/5 timeout=712ms queue=0
2026-09-28T03:53:35.122+03:00 [s1] [O] < [-43/5 Q100] S7BP32R7-XXXXXXXXXXXXXXXXXXXXXXX
2026-09-28T03:53:35.159+03:00 [s1] [O] 
2026-09-28T03:53:35.248+03:00 [s1] [O] TX ACK seq=764 ack_to=EBE8/769 frame=14B OK time=13 ms guard=500ms
2026-09-28T03:53:35.309+03:00 [s2] [O] PEER_REPORT our_seq=770 TX=-43/5 Q100
2026-09-28T03:53:35.315+03:00 [s2] [O] 
2026-09-28T03:53:35.322+03:00 [s2] [O] RX ACK session=118C seq=765 ack_to=EBE8/770 frame=14B RX=-41/5 Q100
2026-09-28T03:53:35.337+03:00 [s1] [O] PEER_REPORT our_seq=764 TX=-41/6 Q100
2026-09-28T03:53:35.344+03:00 [s2] [O] DELIVERY ACK user=EBE8/770 attempts=1/5 elapsed=226ms queue=0
2026-09-28T03:53:35.351+03:00 [s2] [I] S7BP32R9-XXXXXXXXXXXXXXXXXXXXXXX
2026-09-28T03:53:35.382+03:00 [s1] [O] 
2026-09-28T03:53:35.427+03:00 [s1] [O] RX USER session=EBE8 seq=770 frame=44B user=32B RX=-43/5 Q100 disposition=0
2026-09-28T03:53:35.438+03:00 [s2] [O] DELIVERY QUEUED source=2 bytes=32 waiting=1/8 in_flight=0
2026-09-28T03:53:35.446+03:00 [s2] [O] 
2026-09-28T03:53:35.449+03:00 [s2] [O] TX USER seq=771 frame=44B user=32B attempt=1/5 OK time=24 ms
2026-09-28T03:53:35.456+03:00 [s2] [O] > S7BP32R9-XXXXXXXXXXXXXXXXXXXXXXX
2026-09-28T03:53:35.457+03:00 [s2] [O] DELIVERY WAIT_ACK user=EBE8/771 attempt=1/5 timeout=712ms queue=0
2026-09-28T03:53:35.518+03:00 [s1] [O] < [-43/5 Q100] S7BP32R8-XXXXXXXXXXXXXXXXXXXXXXX
2026-09-28T03:53:35.526+03:00 [s1] [O] 
2026-09-28T03:53:35.569+03:00 [s1] [O] TX ACK seq=765 ack_to=EBE8/770 frame=14B OK time=13 ms guard=500ms
2026-09-28T03:53:35.674+03:00 [s1] [O] PEER_REPORT our_seq=765 TX=-41/5 Q100
2026-09-28T03:53:35.674+03:00 [s2] [O] PEER_REPORT our_seq=771 TX=-44/6 Q100
2026-09-28T03:53:35.681+03:00 [s2] [O] 
2026-09-28T03:53:35.693+03:00 [s2] [O] RX ACK session=118C seq=766 ack_to=EBE8/771 frame=14B RX=-43/4 Q100
2026-09-28T03:53:35.697+03:00 [s2] [O] DELIVERY ACK user=EBE8/771 attempts=1/5 elapsed=226ms queue=0
2026-09-28T03:53:35.698+03:00 [s1] [O] 
2026-09-28T03:53:35.706+03:00 [s2] [I] S7BP32R10-XXXXXXXXXXXXXXXXXXXXXX
2026-09-28T03:53:35.756+03:00 [s1] [O] RX USER session=EBE8 seq=771 frame=44B user=32B RX=-44/6 Q100 disposition=0
2026-09-28T03:53:35.799+03:00 [s2] [O] DELIVERY QUEUED source=2 bytes=32 waiting=1/8 in_flight=0
2026-09-28T03:53:35.803+03:00 [s2] [O] 
2026-09-28T03:53:35.807+03:00 [s2] [O] TX USER seq=772 frame=44B user=32B attempt=1/5 OK time=24 ms
2026-09-28T03:53:35.814+03:00 [s2] [O] > S7BP32R10-XXXXXXXXXXXXXXXXXXXXXX
2026-09-28T03:53:35.816+03:00 [s2] [O] DELIVERY WAIT_ACK user=EBE8/772 attempt=1/5 timeout=712ms queue=0
2026-09-28T03:53:35.846+03:00 [s1] [O] < [-44/6 Q100] S7BP32R9-XXXXXXXXXXXXXXXXXXXXXXX
2026-09-28T03:53:35.878+03:00 [s1] [O] 
2026-09-28T03:53:35.922+03:00 [s1] [O] TX ACK seq=766 ack_to=EBE8/771 frame=14B OK time=13 ms guard=500ms
2026-09-28T03:53:36.014+03:00 [s1] [O] PEER_REPORT our_seq=766 TX=-43/4 Q100
2026-09-28T03:53:36.022+03:00 [s2] [O] PEER_REPORT our_seq=772 TX=-43/6 Q100
2026-09-28T03:53:36.031+03:00 [s2] [O] 
2026-09-28T03:53:36.039+03:00 [s2] [O] RX ACK session=118C seq=767 ack_to=EBE8/772 frame=14B RX=-43/3 Q100
2026-09-28T03:53:36.041+03:00 [s2] [O] DELIVERY ACK user=EBE8/772 attempts=1/5 elapsed=226ms queue=0
2026-09-28T03:53:36.044+03:00 [s1] [I] S7AP64R1-XXXXXXXXXXXXXXXXXXXXXXXXXXXXXXXXXXXXXXXXXXXXXXXXXXXXXXX
2026-09-28T03:53:36.060+03:00 [s1] [O] 
2026-09-28T03:53:36.105+03:00 [s1] [O] RX USER session=EBE8 seq=772 frame=44B user=32B RX=-43/6 Q100 disposition=0
2026-09-28T03:53:36.113+03:00 [s2] [O] PEER_REPORT our_seq=772 TX=-43/6 Q100
2026-09-28T03:53:36.123+03:00 [s2] [O] 
2026-09-28T03:53:36.198+03:00 [s2] [O] RX USER session=118C seq=768 frame=76B user=64B RX=-42/5 Q100 disposition=0
2026-09-28T03:53:36.198+03:00 [s1] [O] < [-43/6 Q100] S7BP32R10-XXXXXXXXXXXXXXXXXXXXXX
2026-09-28T03:53:36.206+03:00 [s2] [O] < [-42/5 Q100] S7AP64R1-XXXXXXXXXXXXXXXXXXXXXXXXXXXXXXXXXXXXXXXXXXXXXXXXXXXXXXX
2026-09-28T03:53:36.237+03:00 [s1] [O] 
2026-09-28T03:53:36.282+03:00 [s1] [O] TX ACK seq=767 ack_to=EBE8/772 frame=14B OK time=13 ms guard=500ms
2026-09-28T03:53:36.332+03:00 [s2] [O] 
2026-09-28T03:53:36.348+03:00 [s2] [O] TX ACK seq=773 ack_to=118C/768 frame=14B OK time=13 ms guard=500ms
2026-09-28T03:53:36.429+03:00 [s1] [O] DELIVERY QUEUED source=2 bytes=64 waiting=1/8 in_flight=0
2026-09-28T03:53:36.470+03:00 [s1] [O] 
2026-09-28T03:53:36.516+03:00 [s1] [O] TX USER seq=768 frame=76B user=64B attempt=1/5 OK time=36 ms
2026-09-28T03:53:36.606+03:00 [s1] [O] > S7AP64R1-XXXXXXXXXXXXXXXXXXXXXXXXXXXXXXXXXXXXXXXXXXXXXXXXXXXXXXX
2026-09-28T03:53:36.692+03:00 [s1] [O] DELIVERY WAIT_ACK user=118C/768 attempt=1/5 timeout=712ms queue=0
2026-09-28T03:53:36.748+03:00 [s1] [O] PEER_REPORT our_seq=768 TX=-42/5 Q100
2026-09-28T03:53:36.777+03:00 [s1] [O] 
2026-09-28T03:53:36.826+03:00 [s1] [O] RX ACK session=EBE8 seq=773 ack_to=118C/768 frame=14B RX=-41/6 Q100
2026-09-28T03:53:36.957+03:00 [s1] [O] DELIVERY ACK user=118C/768 attempts=1/5 elapsed=217ms queue=0
2026-09-28T03:53:36.961+03:00 [s1] [I] S7AP64R2-XXXXXXXXXXXXXXXXXXXXXXXXXXXXXXXXXXXXXXXXXXXXXXXXXXXXXXX
2026-09-28T03:53:37.061+03:00 [s2] [O] PEER_REPORT our_seq=773 TX=-41/6 Q100
2026-09-28T03:53:37.061+03:00 [s1] [O] DELIVERY QUEUED source=2 bytes=64 waiting=1/8 in_flight=0
2026-09-28T03:53:37.104+03:00 [s2] [O] 
2026-09-28T03:53:37.108+03:00 [s2] [O] RX USER session=118C seq=769 frame=76B user=64B RX=-42/6 Q100 disposition=0
2026-09-28T03:53:37.111+03:00 [s2] [O] < [-42/6 Q100] S7AP64R2-XXXXXXXXXXXXXXXXXXXXXXXXXXXXXXXXXXXXXXXXXXXXXXXXXXXXXXX
2026-09-28T03:53:37.140+03:00 [s1] [O] 
2026-09-28T03:53:37.182+03:00 [s1] [O] TX USER seq=769 frame=76B user=64B attempt=1/5 OK time=36 ms
2026-09-28T03:53:37.272+03:00 [s1] [O] > S7AP64R2-XXXXXXXXXXXXXXXXXXXXXXXXXXXXXXXXXXXXXXXXXXXXXXXXXXXXXXX
2026-09-28T03:53:37.278+03:00 [s2] [O] 
2026-09-28T03:53:37.284+03:00 [s2] [O] TX ACK seq=774 ack_to=118C/769 frame=14B OK time=13 ms guard=500ms
2026-09-28T03:53:37.318+03:00 [s1] [O] DELIVERY WAIT_ACK user=118C/769 attempt=1/5 timeout=712ms queue=0
2026-09-28T03:53:37.410+03:00 [s1] [O] PEER_REPORT our_seq=769 TX=-42/6 Q100
2026-09-28T03:53:37.455+03:00 [s1] [O] 
2026-09-28T03:53:37.501+03:00 [s1] [O] RX ACK session=EBE8 seq=774 ack_to=118C/769 frame=14B RX=-43/4 Q100
2026-09-28T03:53:37.632+03:00 [s1] [O] DELIVERY ACK user=118C/769 attempts=1/5 elapsed=226ms queue=0
2026-09-28T03:53:37.643+03:00 [s1] [I] S7AP64R3-XXXXXXXXXXXXXXXXXXXXXXXXXXXXXXXXXXXXXXXXXXXXXXXXXXXXXXX
2026-09-28T03:53:37.767+03:00 [s1] [O] DELIVERY QUEUED source=2 bytes=64 waiting=1/8 in_flight=0
2026-09-28T03:53:37.826+03:00 [s2] [O] PEER_REPORT our_seq=774 TX=-43/4 Q100
2026-09-28T03:53:37.830+03:00 [s2] [O] 
2026-09-28T03:53:37.835+03:00 [s2] [O] RX USER session=118C seq=770 frame=76B user=64B RX=-42/5 Q100 disposition=0
2026-09-28T03:53:37.840+03:00 [s2] [O] < [-42/5 Q100] S7AP64R3-XXXXXXXXXXXXXXXXXXXXXXXXXXXXXXXXXXXXXXXXXXXXXXXXXXXXXXX
2026-09-28T03:53:37.856+03:00 [s1] [O] 
2026-09-28T03:53:37.905+03:00 [s1] [O] TX USER seq=770 frame=76B user=64B attempt=1/5 OK time=37 ms
2026-09-28T03:53:37.992+03:00 [s1] [O] > S7AP64R3-XXXXXXXXXXXXXXXXXXXXXXXXXXXXXXXXXXXXXXXXXXXXXXXXXXXXXXX
2026-09-28T03:53:38.005+03:00 [s2] [O] 
2026-09-28T03:53:38.006+03:00 [s2] [O] TX ACK seq=775 ack_to=118C/770 frame=14B OK time=13 ms guard=500ms
2026-09-28T03:53:38.041+03:00 [s1] [O] DELIVERY WAIT_ACK user=118C/770 attempt=1/5 timeout=712ms queue=0
2026-09-28T03:53:38.127+03:00 [s1] [O] PEER_REPORT our_seq=770 TX=-42/5 Q100
2026-09-28T03:53:38.172+03:00 [s1] [O] 
2026-09-28T03:53:38.221+03:00 [s1] [O] RX ACK session=EBE8 seq=775 ack_to=118C/770 frame=14B RX=-44/5 Q100
2026-09-28T03:53:38.441+03:00 [s1] [O] DELIVERY ACK user=118C/770 attempts=1/5 elapsed=227ms queue=0
2026-09-28T03:53:38.446+03:00 [s1] [I] S7AP64R4-XXXXXXXXXXXXXXXXXXXXXXXXXXXXXXXXXXXXXXXXXXXXXXXXXXXXXXX
2026-09-28T03:53:38.547+03:00 [s2] [O] PEER_REPORT our_seq=775 TX=-44/5 Q100
2026-09-28T03:53:38.547+03:00 [s1] [O] DELIVERY QUEUED source=2 bytes=64 waiting=1/8 in_flight=0
2026-09-28T03:53:38.599+03:00 [s2] [O] 
2026-09-28T03:53:38.633+03:00 [s2] [O] RX USER session=118C seq=771 frame=76B user=64B RX=-42/5 Q100 disposition=0
2026-09-28T03:53:38.633+03:00 [s1] [O] 
2026-09-28T03:53:38.668+03:00 [s2] [O] < [-42/5 Q100] S7AP64R4-XXXXXXXXXXXXXXXXXXXXXXXXXXXXXXXXXXXXXXXXXXXXXXXXXXXXXXX
2026-09-28T03:53:38.691+03:00 [s1] [O] TX USER seq=771 frame=76B user=64B attempt=1/5 OK time=37 ms
2026-09-28T03:53:38.763+03:00 [s1] [O] > S7AP64R4-XXXXXXXXXXXXXXXXXXXXXXXXXXXXXXXXXXXXXXXXXXXXXXXXXXXXXXX
2026-09-28T03:53:38.783+03:00 [s2] [O] 
2026-09-28T03:53:38.788+03:00 [s2] [O] TX ACK seq=776 ack_to=118C/771 frame=14B OK time=13 ms guard=500ms
2026-09-28T03:53:38.805+03:00 [s1] [O] DELIVERY WAIT_ACK user=118C/771 attempt=1/5 timeout=712ms queue=0
2026-09-28T03:53:38.892+03:00 [s1] [O] PEER_REPORT our_seq=771 TX=-42/5 Q100
2026-09-28T03:53:38.939+03:00 [s1] [O] 
2026-09-28T03:53:38.982+03:00 [s1] [O] RX ACK session=EBE8 seq=776 ack_to=118C/771 frame=14B RX=-44/5 Q100
2026-09-28T03:53:39.081+03:00 [s1] [O] DELIVERY ACK user=118C/771 attempts=1/5 elapsed=227ms queue=0
2026-09-28T03:53:39.085+03:00 [s1] [I] S7AP64R5-XXXXXXXXXXXXXXXXXXXXXXXXXXXXXXXXXXXXXXXXXXXXXXXXXXXXXXX
2026-09-28T03:53:39.172+03:00 [s1] [O] DELIVERY QUEUED source=2 bytes=64 waiting=1/8 in_flight=0
2026-09-28T03:53:39.222+03:00 [s2] [O] PEER_REPORT our_seq=776 TX=-44/5 Q100
2026-09-28T03:53:39.232+03:00 [s2] [O] 
2026-09-28T03:53:39.243+03:00 [s2] [O] RX USER session=118C seq=772 frame=76B user=64B RX=-42/3 Q100 disposition=0
2026-09-28T03:53:39.246+03:00 [s2] [O] < [-42/3 Q100] S7AP64R5-XXXXXXXXXXXXXXXXXXXXXXXXXXXXXXXXXXXXXXXXXXXXXXXXXXXXXXX
2026-09-28T03:53:39.252+03:00 [s1] [O] 
2026-09-28T03:53:39.343+03:00 [s1] [O] TX USER seq=772 frame=76B user=64B attempt=1/5 OK time=37 ms
2026-09-28T03:53:39.406+03:00 [s2] [O] 
2026-09-28T03:53:39.428+03:00 [s2] [O] TX ACK seq=777 ack_to=118C/772 frame=14B OK time=13 ms guard=500ms
2026-09-28T03:53:39.434+03:00 [s1] [O] > S7AP64R5-XXXXXXXXXXXXXXXXXXXXXXXXXXXXXXXXXXXXXXXXXXXXXXXXXXXXXXX
2026-09-28T03:53:39.493+03:00 [s1] [O] DELIVERY WAIT_ACK user=118C/772 attempt=1/5 timeout=712ms queue=0
2026-09-28T03:53:39.567+03:00 [s1] [O] PEER_REPORT our_seq=772 TX=-42/3 Q100
2026-09-28T03:53:39.613+03:00 [s1] [O] 
2026-09-28T03:53:39.658+03:00 [s1] [O] RX ACK session=EBE8 seq=777 ack_to=118C/772 frame=14B RX=-42/6 Q100
2026-09-28T03:53:39.756+03:00 [s1] [O] DELIVERY ACK user=118C/772 attempts=1/5 elapsed=223ms queue=0
2026-09-28T03:53:39.763+03:00 [s1] [I] S7AP64R6-XXXXXXXXXXXXXXXXXXXXXXXXXXXXXXXXXXXXXXXXXXXXXXXXXXXXXXX
2026-09-28T03:53:39.849+03:00 [s1] [O] DELIVERY QUEUED source=2 bytes=64 waiting=1/8 in_flight=0
2026-09-28T03:53:39.900+03:00 [s2] [O] PEER_REPORT our_seq=777 TX=-42/6 Q100
2026-09-28T03:53:39.903+03:00 [s2] [O] 
2026-09-28T03:53:39.905+03:00 [s2] [O] RX USER session=118C seq=773 frame=76B user=64B RX=-43/5 Q100 disposition=0
2026-09-28T03:53:39.907+03:00 [s2] [O] < [-43/5 Q100] S7AP64R6-XXXXXXXXXXXXXXXXXXXXXXXXXXXXXXXXXXXXXXXXXXXXXXXXXXXXXXX
2026-09-28T03:53:39.928+03:00 [s1] [O] 
2026-09-28T03:53:39.973+03:00 [s1] [O] TX USER seq=773 frame=76B user=64B attempt=1/5 OK time=36 ms
2026-09-28T03:53:40.062+03:00 [s1] [O] > S7AP64R6-XXXXXXXXXXXXXXXXXXXXXXXXXXXXXXXXXXXXXXXXXXXXXXXXXXXXXXX
2026-09-28T03:53:40.083+03:00 [s2] [O] 
2026-09-28T03:53:40.083+03:00 [s2] [O] TX ACK seq=778 ack_to=118C/773 frame=14B OK time=13 ms guard=500ms
2026-09-28T03:53:40.129+03:00 [s1] [O] DELIVERY WAIT_ACK user=118C/773 attempt=1/5 timeout=712ms queue=0
2026-09-28T03:53:40.164+03:00 [s1] [O] PEER_REPORT our_seq=773 TX=-43/5 Q100
2026-09-28T03:53:40.209+03:00 [s1] [O] 
2026-09-28T03:53:40.251+03:00 [s1] [O] RX ACK session=EBE8 seq=778 ack_to=118C/773 frame=14B RX=-44/5 Q100
2026-09-28T03:53:40.377+03:00 [s1] [O] DELIVERY ACK user=118C/773 attempts=1/5 elapsed=226ms queue=0
2026-09-28T03:53:40.382+03:00 [s1] [I] S7AP64R7-XXXXXXXXXXXXXXXXXXXXXXXXXXXXXXXXXXXXXXXXXXXXXXXXXXXXXXX
2026-09-28T03:53:40.524+03:00 [s1] [O] DELIVERY QUEUED source=2 bytes=64 waiting=1/8 in_flight=0
2026-09-28T03:53:40.577+03:00 [s2] [O] PEER_REPORT our_seq=778 TX=-44/5 Q100
2026-09-28T03:53:40.582+03:00 [s2] [O] 
2026-09-28T03:53:40.585+03:00 [s2] [O] RX USER session=118C seq=774 frame=76B user=64B RX=-42/5 Q100 disposition=0
2026-09-28T03:53:40.589+03:00 [s2] [O] < [-42/5 Q100] S7AP64R7-XXXXXXXXXXXXXXXXXXXXXXXXXXXXXXXXXXXXXXXXXXXXXXXXXXXXXXX
2026-09-28T03:53:40.605+03:00 [s1] [O] 
2026-09-28T03:53:40.647+03:00 [s1] [O] TX USER seq=774 frame=76B user=64B attempt=1/5 OK time=37 ms
2026-09-28T03:53:40.737+03:00 [s1] [O] > S7AP64R7-XXXXXXXXXXXXXXXXXXXXXXXXXXXXXXXXXXXXXXXXXXXXXXXXXXXXXXX
2026-09-28T03:53:40.763+03:00 [s2] [O] 
2026-09-28T03:53:40.764+03:00 [s2] [O] TX ACK seq=779 ack_to=118C/774 frame=14B OK time=13 ms guard=500ms
2026-09-28T03:53:40.791+03:00 [s1] [O] DELIVERY WAIT_ACK user=118C/774 attempt=1/5 timeout=712ms queue=0
2026-09-28T03:53:40.837+03:00 [s1] [O] PEER_REPORT our_seq=774 TX=-42/5 Q100
2026-09-28T03:53:40.877+03:00 [s1] [O] 
2026-09-28T03:53:40.919+03:00 [s1] [O] RX ACK session=EBE8 seq=779 ack_to=118C/774 frame=14B RX=-44/5 Q100
2026-09-28T03:53:41.060+03:00 [s1] [O] DELIVERY ACK user=118C/774 attempts=1/5 elapsed=226ms queue=0
2026-09-28T03:53:41.066+03:00 [s1] [I] S7AP64R8-XXXXXXXXXXXXXXXXXXXXXXXXXXXXXXXXXXXXXXXXXXXXXXXXXXXXXXX
2026-09-28T03:53:41.150+03:00 [s1] [O] DELIVERY QUEUED source=2 bytes=64 waiting=1/8 in_flight=0
2026-09-28T03:53:41.209+03:00 [s2] [O] PEER_REPORT our_seq=779 TX=-44/5 Q100
2026-09-28T03:53:41.214+03:00 [s2] [O] 
2026-09-28T03:53:41.219+03:00 [s2] [O] RX USER session=118C seq=775 frame=76B user=64B RX=-42/4 Q100 disposition=0
2026-09-28T03:53:41.226+03:00 [s2] [O] < [-42/4 Q100] S7AP64R8-XXXXXXXXXXXXXXXXXXXXXXXXXXXXXXXXXXXXXXXXXXXXXXXXXXXXXXX
2026-09-28T03:53:41.239+03:00 [s1] [O] 
2026-09-28T03:53:41.278+03:00 [s1] [O] TX USER seq=775 frame=76B user=64B attempt=1/5 OK time=37 ms
2026-09-28T03:53:41.373+03:00 [s1] [O] > S7AP64R8-XXXXXXXXXXXXXXXXXXXXXXXXXXXXXXXXXXXXXXXXXXXXXXXXXXXXXXX
2026-09-28T03:53:41.381+03:00 [s2] [O] 
2026-09-28T03:53:41.397+03:00 [s2] [O] TX ACK seq=780 ack_to=118C/775 frame=14B OK time=13 ms guard=500ms
2026-09-28T03:53:41.417+03:00 [s1] [O] DELIVERY WAIT_ACK user=118C/775 attempt=1/5 timeout=712ms queue=0
2026-09-28T03:53:41.510+03:00 [s1] [O] PEER_REPORT our_seq=775 TX=-42/4 Q100
2026-09-28T03:53:41.547+03:00 [s1] [O] 
2026-09-28T03:53:41.596+03:00 [s1] [O] RX ACK session=EBE8 seq=780 ack_to=118C/775 frame=14B RX=-41/5 Q100
2026-09-28T03:53:41.727+03:00 [s1] [O] DELIVERY ACK user=118C/775 attempts=1/5 elapsed=226ms queue=0
2026-09-28T03:53:41.742+03:00 [s1] [I] S7AP64R9-XXXXXXXXXXXXXXXXXXXXXXXXXXXXXXXXXXXXXXXXXXXXXXXXXXXXXXX
2026-09-28T03:53:41.826+03:00 [s1] [O] DELIVERY QUEUED source=2 bytes=64 waiting=1/8 in_flight=0
2026-09-28T03:53:41.882+03:00 [s2] [O] PEER_REPORT our_seq=780 TX=-41/5 Q100
2026-09-28T03:53:41.887+03:00 [s2] [O] 
2026-09-28T03:53:41.893+03:00 [s2] [O] RX USER session=118C seq=776 frame=76B user=64B RX=-43/4 Q100 disposition=0
2026-09-28T03:53:41.898+03:00 [s2] [O] < [-43/4 Q100] S7AP64R9-XXXXXXXXXXXXXXXXXXXXXXXXXXXXXXXXXXXXXXXXXXXXXXXXXXXXXXX
2026-09-28T03:53:41.908+03:00 [s1] [O] 
2026-09-28T03:53:41.952+03:00 [s1] [O] TX USER seq=776 frame=76B user=64B attempt=1/5 OK time=36 ms
2026-09-28T03:53:42.045+03:00 [s1] [O] > S7AP64R9-XXXXXXXXXXXXXXXXXXXXXXXXXXXXXXXXXXXXXXXXXXXXXXXXXXXXXXX
2026-09-28T03:53:42.060+03:00 [s2] [O] 
2026-09-28T03:53:42.062+03:00 [s2] [O] TX ACK seq=781 ack_to=118C/776 frame=14B OK time=13 ms guard=500ms
2026-09-28T03:53:42.102+03:00 [s1] [O] DELIVERY WAIT_ACK user=118C/776 attempt=1/5 timeout=712ms queue=0
2026-09-28T03:53:42.145+03:00 [s1] [O] PEER_REPORT our_seq=776 TX=-43/5 Q100
2026-09-28T03:53:42.188+03:00 [s1] [O] 
2026-09-28T03:53:42.224+03:00 [s1] [O] RX ACK session=EBE8 seq=781 ack_to=118C/776 frame=14B RX=-43/5 Q100
2026-09-28T03:53:42.406+03:00 [s1] [O] DELIVERY ACK user=118C/776 attempts=1/5 elapsed=226ms queue=0
2026-09-28T03:53:42.414+03:00 [s1] [I] S7AP64R10-XXXXXXXXXXXXXXXXXXXXXXXXXXXXXXXXXXXXXXXXXXXXXXXXXXXXXX
2026-09-28T03:53:42.503+03:00 [s1] [O] DELIVERY QUEUED source=2 bytes=64 waiting=1/8 in_flight=0
2026-09-28T03:53:42.563+03:00 [s2] [O] PEER_REPORT our_seq=781 TX=-43/5 Q100
2026-09-28T03:53:42.570+03:00 [s2] [O] 
2026-09-28T03:53:42.579+03:00 [s2] [O] RX USER session=118C seq=777 frame=76B user=64B RX=-43/5 Q100 disposition=0
2026-09-28T03:53:42.585+03:00 [s2] [O] < [-43/5 Q100] S7AP64R10-XXXXXXXXXXXXXXXXXXXXXXXXXXXXXXXXXXXXXXXXXXXXXXXXXXXXXX
2026-09-28T03:53:42.585+03:00 [s1] [O] 
2026-09-28T03:53:42.629+03:00 [s1] [O] TX USER seq=777 frame=76B user=64B attempt=1/5 OK time=37 ms
2026-09-28T03:53:42.718+03:00 [s1] [O] > S7AP64R10-XXXXXXXXXXXXXXXXXXXXXXXXXXXXXXXXXXXXXXXXXXXXXXXXXXXXXX
2026-09-28T03:53:42.730+03:00 [s2] [O] 
2026-09-28T03:53:42.741+03:00 [s2] [O] TX ACK seq=782 ack_to=118C/777 frame=14B OK time=13 ms guard=500ms
2026-09-28T03:53:42.764+03:00 [s1] [O] DELIVERY WAIT_ACK user=118C/777 attempt=1/5 timeout=712ms queue=0
2026-09-28T03:53:42.864+03:00 [s1] [O] PEER_REPORT our_seq=777 TX=-43/5 Q100
2026-09-28T03:53:42.903+03:00 [s1] [O] 
2026-09-28T03:53:42.954+03:00 [s1] [O] RX ACK session=EBE8 seq=782 ack_to=118C/777 frame=14B RX=-44/5 Q100
2026-09-28T03:53:43.077+03:00 [s1] [O] DELIVERY ACK user=118C/777 attempts=1/5 elapsed=226ms queue=0
2026-09-28T03:53:43.089+03:00 [s2] [I] S7BP64R1-XXXXXXXXXXXXXXXXXXXXXXXXXXXXXXXXXXXXXXXXXXXXXXXXXXXXXXX
2026-09-28T03:53:43.192+03:00 [s2] [O] DELIVERY QUEUED source=2 bytes=64 waiting=1/8 in_flight=0
2026-09-28T03:53:43.220+03:00 [s1] [O] PEER_REPORT our_seq=777 TX=-43/5 Q100
2026-09-28T03:53:43.233+03:00 [s2] [O] 
2026-09-28T03:53:43.245+03:00 [s2] [O] TX USER seq=783 frame=76B user=64B attempt=1/5 OK time=36 ms
2026-09-28T03:53:43.250+03:00 [s2] [O] > S7BP64R1-XXXXXXXXXXXXXXXXXXXXXXXXXXXXXXXXXXXXXXXXXXXXXXXXXXXXXXX
2026-09-28T03:53:43.253+03:00 [s2] [O] DELIVERY WAIT_ACK user=EBE8/783 attempt=1/5 timeout=712ms queue=0
2026-09-28T03:53:43.260+03:00 [s1] [O] 
2026-09-28T03:53:43.306+03:00 [s1] [O] RX USER session=EBE8 seq=783 frame=76B user=64B RX=-43/6 Q100 disposition=0
2026-09-28T03:53:43.411+03:00 [s2] [O] PEER_REPORT our_seq=783 TX=-43/6 Q100
2026-09-28T03:53:43.413+03:00 [s2] [O] 
2026-09-28T03:53:43.417+03:00 [s2] [O] RX ACK session=118C seq=778 ack_to=EBE8/783 frame=14B RX=-44/6 Q100
2026-09-28T03:53:43.475+03:00 [s2] [O] DELIVERY ACK user=EBE8/783 attempts=1/5 elapsed=227ms queue=0
2026-09-28T03:53:43.478+03:00 [s2] [I] S7BP64R2-XXXXXXXXXXXXXXXXXXXXXXXXXXXXXXXXXXXXXXXXXXXXXXXXXXXXXXX
2026-09-28T03:53:43.489+03:00 [s1] [O] < [-43/6 Q100] S7BP64R1-XXXXXXXXXXXXXXXXXXXXXXXXXXXXXXXXXXXXXXXXXXXXXXXXXXXXXXX
2026-09-28T03:53:43.492+03:00 [s1] [O] 
2026-09-28T03:53:43.533+03:00 [s1] [O] TX ACK seq=778 ack_to=EBE8/783 frame=14B OK time=13 ms guard=500ms
2026-09-28T03:53:43.541+03:00 [s2] [O] DELIVERY QUEUED source=2 bytes=64 waiting=1/8 in_flight=0
2026-09-28T03:53:43.593+03:00 [s2] [O] 
2026-09-28T03:53:43.594+03:00 [s2] [O] TX USER seq=784 frame=76B user=64B attempt=1/5 OK time=36 ms
2026-09-28T03:53:43.618+03:00 [s1] [O] PEER_REPORT our_seq=778 TX=-44/6 Q100
2026-09-28T03:53:43.642+03:00 [s2] [O] > S7BP64R2-XXXXXXXXXXXXXXXXXXXXXXXXXXXXXXXXXXXXXXXXXXXXXXXXXXXXXXX
2026-09-28T03:53:43.646+03:00 [s2] [O] DELIVERY WAIT_ACK user=EBE8/784 attempt=1/5 timeout=712ms queue=0
2026-09-28T03:53:43.663+03:00 [s1] [O] 
2026-09-28T03:53:43.709+03:00 [s1] [O] RX USER session=EBE8 seq=784 frame=76B user=64B RX=-43/6 Q100 disposition=0
2026-09-28T03:53:43.813+03:00 [s2] [O] PEER_REPORT our_seq=784 TX=-43/6 Q100
2026-09-28T03:53:43.816+03:00 [s2] [O] 
2026-09-28T03:53:43.820+03:00 [s2] [O] RX ACK session=118C seq=779 ack_to=EBE8/784 frame=14B RX=-41/5 Q100
2026-09-28T03:53:43.822+03:00 [s2] [O] DELIVERY ACK user=EBE8/784 attempts=1/5 elapsed=225ms queue=0
2026-09-28T03:53:43.825+03:00 [s2] [I] S7BP64R3-XXXXXXXXXXXXXXXXXXXXXXXXXXXXXXXXXXXXXXXXXXXXXXXXXXXXXXX
2026-09-28T03:53:43.843+03:00 [s1] [O] < [-43/6 Q100] S7BP64R2-XXXXXXXXXXXXXXXXXXXXXXXXXXXXXXXXXXXXXXXXXXXXXXXXXXXXXXX
2026-09-28T03:53:43.844+03:00 [s1] [O] 
2026-09-28T03:53:43.898+03:00 [s1] [O] TX ACK seq=779 ack_to=EBE8/784 frame=14B OK time=13 ms guard=500ms
2026-09-28T03:53:43.898+03:00 [s2] [O] DELIVERY QUEUED source=2 bytes=64 waiting=1/8 in_flight=0
2026-09-28T03:53:43.942+03:00 [s2] [O] 
2026-09-28T03:53:43.955+03:00 [s2] [O] TX USER seq=785 frame=76B user=64B attempt=1/5 OK time=36 ms
2026-09-28T03:53:43.958+03:00 [s2] [O] > S7BP64R3-XXXXXXXXXXXXXXXXXXXXXXXXXXXXXXXXXXXXXXXXXXXXXXXXXXXXXXX
2026-09-28T03:53:43.964+03:00 [s2] [O] DELIVERY WAIT_ACK user=EBE8/785 attempt=1/5 timeout=712ms queue=0
2026-09-28T03:53:43.989+03:00 [s1] [O] PEER_REPORT our_seq=779 TX=-41/5 Q100
2026-09-28T03:53:44.023+03:00 [s1] [O] 
2026-09-28T03:53:44.077+03:00 [s1] [O] RX USER session=EBE8 seq=785 frame=76B user=64B RX=-43/5 Q100 disposition=0
2026-09-28T03:53:44.124+03:00 [s2] [O] PEER_REPORT our_seq=785 TX=-43/5 Q100
2026-09-28T03:53:44.129+03:00 [s2] [O] 
2026-09-28T03:53:44.134+03:00 [s2] [O] RX ACK session=118C seq=780 ack_to=EBE8/785 frame=14B RX=-41/5 Q100
2026-09-28T03:53:44.182+03:00 [s2] [O] DELIVERY ACK user=EBE8/785 attempts=1/5 elapsed=225ms queue=0
2026-09-28T03:53:44.185+03:00 [s2] [I] S7BP64R4-XXXXXXXXXXXXXXXXXXXXXXXXXXXXXXXXXXXXXXXXXXXXXXXXXXXXXXX
2026-09-28T03:53:44.206+03:00 [s1] [O] < [-43/5 Q100] S7BP64R3-XXXXXXXXXXXXXXXXXXXXXXXXXXXXXXXXXXXXXXXXXXXXXXXXXXXXXXX
2026-09-28T03:53:44.208+03:00 [s1] [O] 
2026-09-28T03:53:44.247+03:00 [s1] [O] TX ACK seq=780 ack_to=EBE8/785 frame=14B OK time=13 ms guard=500ms
2026-09-28T03:53:44.262+03:00 [s2] [O] DELIVERY QUEUED source=2 bytes=64 waiting=1/8 in_flight=0
2026-09-28T03:53:44.269+03:00 [s2] [O] 
2026-09-28T03:53:44.309+03:00 [s2] [O] TX USER seq=786 frame=76B user=64B attempt=1/5 OK time=36 ms
2026-09-28T03:53:44.346+03:00 [s1] [O] PEER_REPORT our_seq=780 TX=-41/5 Q100
2026-09-28T03:53:44.356+03:00 [s2] [O] > S7BP64R4-XXXXXXXXXXXXXXXXXXXXXXXXXXXXXXXXXXXXXXXXXXXXXXXXXXXXXXX
2026-09-28T03:53:44.359+03:00 [s2] [O] DELIVERY WAIT_ACK user=EBE8/786 attempt=1/5 timeout=712ms queue=0
2026-09-28T03:53:44.383+03:00 [s1] [O] 
2026-09-28T03:53:44.437+03:00 [s1] [O] RX USER session=EBE8 seq=786 frame=76B user=64B RX=-43/7 Q100 disposition=0
2026-09-28T03:53:44.485+03:00 [s2] [O] PEER_REPORT our_seq=786 TX=-43/7 Q100
2026-09-28T03:53:44.495+03:00 [s2] [O] 
2026-09-28T03:53:44.502+03:00 [s2] [O] RX ACK session=118C seq=781 ack_to=EBE8/786 frame=14B RX=-45/5 Q100
2026-09-28T03:53:44.541+03:00 [s2] [O] DELIVERY ACK user=EBE8/786 attempts=1/5 elapsed=225ms queue=0
2026-09-28T03:53:44.545+03:00 [s2] [I] S7BP64R5-XXXXXXXXXXXXXXXXXXXXXXXXXXXXXXXXXXXXXXXXXXXXXXXXXXXXXXX
2026-09-28T03:53:44.563+03:00 [s1] [O] < [-43/7 Q100] S7BP64R4-XXXXXXXXXXXXXXXXXXXXXXXXXXXXXXXXXXXXXXXXXXXXXXXXXXXXXXX
2026-09-28T03:53:44.571+03:00 [s1] [O] 
2026-09-28T03:53:44.608+03:00 [s1] [O] TX ACK seq=781 ack_to=EBE8/786 frame=14B OK time=13 ms guard=500ms
2026-09-28T03:53:44.631+03:00 [s2] [O] DELIVERY QUEUED source=2 bytes=64 waiting=1/8 in_flight=0
2026-09-28T03:53:44.663+03:00 [s2] [O] 
2026-09-28T03:53:44.673+03:00 [s2] [O] TX USER seq=787 frame=76B user=64B attempt=1/5 OK time=37 ms
2026-09-28T03:53:44.677+03:00 [s2] [O] > S7BP64R5-XXXXXXXXXXXXXXXXXXXXXXXXXXXXXXXXXXXXXXXXXXXXXXXXXXXXXXX
2026-09-28T03:53:44.680+03:00 [s2] [O] DELIVERY WAIT_ACK user=EBE8/787 attempt=1/5 timeout=712ms queue=0
2026-09-28T03:53:44.705+03:00 [s1] [O] PEER_REPORT our_seq=781 TX=-45/5 Q100
2026-09-28T03:53:44.751+03:00 [s1] [O] 
2026-09-28T03:53:44.799+03:00 [s1] [O] RX USER session=EBE8 seq=787 frame=76B user=64B RX=-42/5 Q100 disposition=0
2026-09-28T03:53:44.841+03:00 [s2] [O] PEER_REPORT our_seq=787 TX=-42/5 Q100
2026-09-28T03:53:44.841+03:00 [s2] [O] 
2026-09-28T03:53:44.855+03:00 [s2] [O] RX ACK session=118C seq=782 ack_to=EBE8/787 frame=14B RX=-41/5 Q100
2026-09-28T03:53:44.894+03:00 [s2] [O] DELIVERY ACK user=EBE8/787 attempts=1/5 elapsed=226ms queue=0
2026-09-28T03:53:44.898+03:00 [s2] [I] S7BP64R6-XXXXXXXXXXXXXXXXXXXXXXXXXXXXXXXXXXXXXXXXXXXXXXXXXXXXXXX
2026-09-28T03:53:44.922+03:00 [s1] [O] < [-42/5 Q100] S7BP64R5-XXXXXXXXXXXXXXXXXXXXXXXXXXXXXXXXXXXXXXXXXXXXXXXXXXXXXXX
2026-09-28T03:53:44.922+03:00 [s1] [O] 
2026-09-28T03:53:44.974+03:00 [s1] [O] TX ACK seq=782 ack_to=EBE8/787 frame=14B OK time=13 ms guard=500ms
2026-09-28T03:53:44.983+03:00 [s2] [O] DELIVERY QUEUED source=2 bytes=64 waiting=1/8 in_flight=0
2026-09-28T03:53:45.028+03:00 [s2] [O] 
2026-09-28T03:53:45.030+03:00 [s2] [O] TX USER seq=788 frame=76B user=64B attempt=1/5 OK time=36 ms
2026-09-28T03:53:45.033+03:00 [s2] [O] > S7BP64R6-XXXXXXXXXXXXXXXXXXXXXXXXXXXXXXXXXXXXXXXXXXXXXXXXXXXXXXX
2026-09-28T03:53:45.036+03:00 [s2] [O] DELIVERY WAIT_ACK user=EBE8/788 attempt=1/5 timeout=712ms queue=0
2026-09-28T03:53:45.068+03:00 [s1] [O] PEER_REPORT our_seq=782 TX=-41/5 Q100
2026-09-28T03:53:45.108+03:00 [s1] [O] 
2026-09-28T03:53:45.161+03:00 [s1] [O] RX USER session=EBE8 seq=788 frame=76B user=64B RX=-44/6 Q100 disposition=0
2026-09-28T03:53:45.209+03:00 [s2] [O] PEER_REPORT our_seq=788 TX=-44/6 Q100
2026-09-28T03:53:45.220+03:00 [s2] [O] 
2026-09-28T03:53:45.228+03:00 [s2] [O] RX ACK session=118C seq=783 ack_to=EBE8/788 frame=14B RX=-41/6 Q100
2026-09-28T03:53:45.283+03:00 [s1] [O] < [-44/6 Q100] S7BP64R6-XXXXXXXXXXXXXXXXXXXXXXXXXXXXXXXXXXXXXXXXXXXXXXXXXXXXXXX
2026-09-28T03:53:45.284+03:00 [s1] [O] 
2026-09-28T03:53:45.292+03:00 [s2] [O] DELIVERY ACK user=EBE8/788 attempts=1/5 elapsed=225ms queue=0
2026-09-28T03:53:45.299+03:00 [s2] [I] S7BP64R7-XXXXXXXXXXXXXXXXXXXXXXXXXXXXXXXXXXXXXXXXXXXXXXXXXXXXXXX
2026-09-28T03:53:45.333+03:00 [s1] [O] TX ACK seq=783 ack_to=EBE8/788 frame=14B OK time=13 ms guard=500ms
2026-09-28T03:53:45.383+03:00 [s2] [O] DELIVERY QUEUED source=2 bytes=64 waiting=1/8 in_flight=0
2026-09-28T03:53:45.386+03:00 [s2] [O] 
2026-09-28T03:53:45.431+03:00 [s1] [O] PEER_REPORT our_seq=783 TX=-41/6 Q100
2026-09-28T03:53:45.432+03:00 [s2] [O] TX USER seq=789 frame=76B user=64B attempt=1/5 OK time=36 ms
2026-09-28T03:53:45.442+03:00 [s2] [O] > S7BP64R7-XXXXXXXXXXXXXXXXXXXXXXXXXXXXXXXXXXXXXXXXXXXXXXXXXXXXXXX
2026-09-28T03:53:45.445+03:00 [s2] [O] DELIVERY WAIT_ACK user=EBE8/789 attempt=1/5 timeout=712ms queue=0
2026-09-28T03:53:45.462+03:00 [s1] [O] 
2026-09-28T03:53:45.508+03:00 [s1] [O] RX USER session=EBE8 seq=789 frame=76B user=64B RX=-44/6 Q100 disposition=0
2026-09-28T03:53:45.607+03:00 [s2] [O] PEER_REPORT our_seq=789 TX=-44/6 Q100
2026-09-28T03:53:45.614+03:00 [s2] [O] 
2026-09-28T03:53:45.617+03:00 [s2] [O] RX ACK session=118C seq=784 ack_to=EBE8/789 frame=14B RX=-44/6 Q100
2026-09-28T03:53:45.643+03:00 [s1] [O] < [-44/6 Q100] S7BP64R7-XXXXXXXXXXXXXXXXXXXXXXXXXXXXXXXXXXXXXXXXXXXXXXXXXXXXXXX
2026-09-28T03:53:45.657+03:00 [s2] [O] DELIVERY ACK user=EBE8/789 attempts=1/5 elapsed=225ms queue=0
2026-09-28T03:53:45.660+03:00 [s2] [I] S7BP64R8-XXXXXXXXXXXXXXXXXXXXXXXXXXXXXXXXXXXXXXXXXXXXXXXXXXXXXXX
2026-09-28T03:53:45.690+03:00 [s1] [O] 
2026-09-28T03:53:45.732+03:00 [s1] [O] TX ACK seq=784 ack_to=EBE8/789 frame=14B OK time=13 ms guard=500ms
2026-09-28T03:53:45.748+03:00 [s2] [O] DELIVERY QUEUED source=2 bytes=64 waiting=1/8 in_flight=0
2026-09-28T03:53:45.796+03:00 [s2] [O] 
2026-09-28T03:53:45.807+03:00 [s2] [O] TX USER seq=790 frame=76B user=64B attempt=1/5 OK time=36 ms
2026-09-28T03:53:45.822+03:00 [s1] [O] PEER_REPORT our_seq=784 TX=-44/6 Q100
2026-09-28T03:53:45.833+03:00 [s2] [O] > S7BP64R8-XXXXXXXXXXXXXXXXXXXXXXXXXXXXXXXXXXXXXXXXXXXXXXXXXXXXXXX
2026-09-28T03:53:45.857+03:00 [s2] [O] DELIVERY WAIT_ACK user=EBE8/790 attempt=1/5 timeout=712ms queue=0
2026-09-28T03:53:45.867+03:00 [s1] [O] 
2026-09-28T03:53:45.913+03:00 [s1] [O] RX USER session=EBE8 seq=790 frame=76B user=64B RX=-43/6 Q100 disposition=0
2026-09-28T03:53:45.990+03:00 [s2] [O] PEER_REPORT our_seq=790 TX=-43/6 Q100
2026-09-28T03:53:45.995+03:00 [s2] [O] 
2026-09-28T03:53:46.001+03:00 [s2] [O] RX ACK session=118C seq=785 ack_to=EBE8/790 frame=14B RX=-44/5 Q100
2026-09-28T03:53:46.006+03:00 [s1] [O] < [-43/6 Q100] S7BP64R8-XXXXXXXXXXXXXXXXXXXXXXXXXXXXXXXXXXXXXXXXXXXXXXXXXXXXXXX
2026-09-28T03:53:46.014+03:00 [s2] [O] DELIVERY ACK user=EBE8/790 attempts=1/5 elapsed=225ms queue=0
2026-09-28T03:53:46.024+03:00 [s2] [I] S7BP64R9-XXXXXXXXXXXXXXXXXXXXXXXXXXXXXXXXXXXXXXXXXXXXXXXXXXXXXXX
2026-09-28T03:53:46.048+03:00 [s1] [O] 
2026-09-28T03:53:46.092+03:00 [s1] [O] TX ACK seq=785 ack_to=EBE8/790 frame=14B OK time=13 ms guard=500ms
2026-09-28T03:53:46.113+03:00 [s2] [O] DELIVERY QUEUED source=2 bytes=64 waiting=1/8 in_flight=0
2026-09-28T03:53:46.154+03:00 [s2] [O] 
2026-09-28T03:53:46.160+03:00 [s2] [O] TX USER seq=791 frame=76B user=64B attempt=1/5 OK time=37 ms
2026-09-28T03:53:46.170+03:00 [s2] [O] > S7BP64R9-XXXXXXXXXXXXXXXXXXXXXXXXXXXXXXXXXXXXXXXXXXXXXXXXXXXXXXX
2026-09-28T03:53:46.191+03:00 [s2] [O] DELIVERY WAIT_ACK user=EBE8/791 attempt=1/5 timeout=712ms queue=0
2026-09-28T03:53:46.200+03:00 [s1] [O] PEER_REPORT our_seq=785 TX=-44/5 Q100
2026-09-28T03:53:46.230+03:00 [s1] [O] 
2026-09-28T03:53:46.272+03:00 [s1] [O] RX USER session=EBE8 seq=791 frame=76B user=64B RX=-43/6 Q100 disposition=0
2026-09-28T03:53:46.332+03:00 [s2] [O] PEER_REPORT our_seq=791 TX=-43/6 Q100
2026-09-28T03:53:46.341+03:00 [s2] [O] 
2026-09-28T03:53:46.346+03:00 [s2] [O] RX ACK session=118C seq=786 ack_to=EBE8/791 frame=14B RX=-41/5 Q100
2026-09-28T03:53:46.376+03:00 [s2] [O] DELIVERY ACK user=EBE8/791 attempts=1/5 elapsed=225ms queue=0
2026-09-28T03:53:46.385+03:00 [s2] [I] S7BP64R10-XXXXXXXXXXXXXXXXXXXXXXXXXXXXXXXXXXXXXXXXXXXXXXXXXXXXXX
2026-09-28T03:53:46.416+03:00 [s1] [O] < [-43/6 Q100] S7BP64R9-XXXXXXXXXXXXXXXXXXXXXXXXXXXXXXXXXXXXXXXXXXXXXXXXXXXXXXX
2026-09-28T03:53:46.455+03:00 [s1] [O] 
2026-09-28T03:53:46.467+03:00 [s2] [O] DELIVERY QUEUED source=2 bytes=64 waiting=1/8 in_flight=0
2026-09-28T03:53:46.498+03:00 [s1] [O] TX ACK seq=786 ack_to=EBE8/791 frame=14B OK time=13 ms guard=500ms
2026-09-28T03:53:46.517+03:00 [s2] [O] 
2026-09-28T03:53:46.522+03:00 [s2] [O] TX USER seq=792 frame=76B user=64B attempt=1/5 OK time=36 ms
2026-09-28T03:53:46.526+03:00 [s2] [O] > S7BP64R10-XXXXXXXXXXXXXXXXXXXXXXXXXXXXXXXXXXXXXXXXXXXXXXXXXXXXXX
2026-09-28T03:53:46.528+03:00 [s2] [O] DELIVERY WAIT_ACK user=EBE8/792 attempt=1/5 timeout=712ms queue=0
2026-09-28T03:53:46.590+03:00 [s1] [O] PEER_REPORT our_seq=786 TX=-41/5 Q100
2026-09-28T03:53:46.633+03:00 [s1] [O] 
2026-09-28T03:53:46.677+03:00 [s1] [O] RX USER session=EBE8 seq=792 frame=76B user=64B RX=-43/6 Q100 disposition=0
2026-09-28T03:53:46.700+03:00 [s2] [O] PEER_REPORT our_seq=792 TX=-43/6 Q100
2026-09-28T03:53:46.703+03:00 [s2] [O] 
2026-09-28T03:53:46.706+03:00 [s2] [O] RX ACK session=118C seq=787 ack_to=EBE8/792 frame=14B RX=-41/6 Q100
2026-09-28T03:53:46.733+03:00 [s2] [O] DELIVERY ACK user=EBE8/792 attempts=1/5 elapsed=223ms queue=0
2026-09-28T03:53:46.740+03:00 [s1] [I] S7AP96R1-XXXXXXXXXXXXXXXXXXXXXXXXXXXXXXXXXXXXXXXXXXXXXXXXXXXXXXXXXXXXXXXXXXXXXXXXXXXXXXXXXXXXXXX
2026-09-28T03:53:46.813+03:00 [s1] [O] < [-43/6 Q100] S7BP64R10-XXXXXXXXXXXXXXXXXXXXXXXXXXXXXXXXXXXXXXXXXXXXXXXXXXXXXX
2026-09-28T03:53:46.824+03:00 [s1] [O] 
2026-09-28T03:53:46.868+03:00 [s2] [O] PEER_REPORT our_seq=792 TX=-43/6 Q100
2026-09-28T03:53:46.869+03:00 [s1] [O] TX ACK seq=787 ack_to=EBE8/792 frame=14B OK time=13 ms guard=500ms
2026-09-28T03:53:46.878+03:00 [s2] [O] 
2026-09-28T03:53:46.884+03:00 [s2] [O] RX USER session=118C seq=788 frame=108B user=96B RX=-40/3 Q100 disposition=0
2026-09-28T03:53:46.891+03:00 [s2] [O] < [-40/3 Q100] S7AP96R1-XXXXXXXXXXXXXXXXXXXXXXXXXXXXXXXXXXXXXXXXXXXXXXXXXXXXXXXXXXXXXXXXXXXXXXXXXXXXXXXXXXXXXXX
2026-09-28T03:53:46.947+03:00 [s1] [O] DELIVERY QUEUED source=2 bytes=96 waiting=1/8 in_flight=0
2026-09-28T03:53:47.039+03:00 [s1] [O] 
2026-09-28T03:53:47.082+03:00 [s1] [O] TX USER seq=788 frame=108B user=96B attempt=1/5 OK time=48 ms
2026-09-28T03:53:47.095+03:00 [s2] [O] 
2026-09-28T03:53:47.096+03:00 [s2] [O] TX ACK seq=793 ack_to=118C/788 frame=14B OK time=13 ms guard=500ms
2026-09-28T03:53:47.180+03:00 [s1] [O] > S7AP96R1-XXXXXXXXXXXXXXXXXXXXXXXXXXXXXXXXXXXXXXXXXXXXXXXXXXXXXXXXXXXXXXXXXXXXXXXXXXXXXXXXXXXXXXX
2026-09-28T03:53:47.240+03:00 [s1] [O] DELIVERY WAIT_ACK user=118C/788 attempt=1/5 timeout=712ms queue=0
2026-09-28T03:53:47.310+03:00 [s1] [O] PEER_REPORT our_seq=788 TX=-40/3 Q100
2026-09-28T03:53:47.355+03:00 [s1] [O] 
2026-09-28T03:53:47.408+03:00 [s1] [O] RX ACK session=EBE8 seq=793 ack_to=118C/788 frame=14B RX=-40/5 Q100
2026-09-28T03:53:47.532+03:00 [s1] [O] DELIVERY ACK user=118C/788 attempts=1/5 elapsed=218ms queue=0
2026-09-28T03:53:47.544+03:00 [s1] [I] S7AP96R2-XXXXXXXXXXXXXXXXXXXXXXXXXXXXXXXXXXXXXXXXXXXXXXXXXXXXXXXXXXXXXXXXXXXXXXXXXXXXXXXXXXXXXXX
2026-09-28T03:53:47.635+03:00 [s1] [O] DELIVERY QUEUED source=2 bytes=96 waiting=1/8 in_flight=0
2026-09-28T03:53:47.679+03:00 [s2] [O] PEER_REPORT our_seq=793 TX=-40/5 Q100
2026-09-28T03:53:47.693+03:00 [s2] [O] 
2026-09-28T03:53:47.697+03:00 [s2] [O] RX USER session=118C seq=789 frame=108B user=96B RX=-42/5 Q100 disposition=0
2026-09-28T03:53:47.705+03:00 [s2] [O] < [-42/5 Q100] S7AP96R2-XXXXXXXXXXXXXXXXXXXXXXXXXXXXXXXXXXXXXXXXXXXXXXXXXXXXXXXXXXXXXXXXXXXXXXXXXXXXXXXXXXXXXXX
2026-09-28T03:53:47.713+03:00 [s1] [O] 
2026-09-28T03:53:47.757+03:00 [s1] [O] TX USER seq=789 frame=108B user=96B attempt=1/5 OK time=49 ms
2026-09-28T03:53:47.848+03:00 [s1] [O] > S7AP96R2-XXXXXXXXXXXXXXXXXXXXXXXXXXXXXXXXXXXXXXXXXXXXXXXXXXXXXXXXXXXXXXXXXXXXXXXXXXXXXXXXXXXXXXX
2026-09-28T03:53:47.908+03:00 [s1] [O] DELIVERY WAIT_ACK user=118C/789 attempt=1/5 timeout=712ms queue=0
2026-09-28T03:53:47.908+03:00 [s2] [O] 
2026-09-28T03:53:47.912+03:00 [s2] [O] TX ACK seq=794 ack_to=118C/789 frame=14B OK time=13 ms guard=500ms
2026-09-28T03:53:47.993+03:00 [s1] [O] PEER_REPORT our_seq=789 TX=-42/5 Q100
2026-09-28T03:53:48.028+03:00 [s1] [O] 
2026-09-28T03:53:48.081+03:00 [s1] [O] RX ACK session=EBE8 seq=794 ack_to=118C/789 frame=14B RX=-44/5 Q100
2026-09-28T03:53:48.255+03:00 [s1] [O] DELIVERY ACK user=118C/789 attempts=1/5 elapsed=227ms queue=0
2026-09-28T03:53:48.263+03:00 [s1] [I] S7AP96R3-XXXXXXXXXXXXXXXXXXXXXXXXXXXXXXXXXXXXXXXXXXXXXXXXXXXXXXXXXXXXXXXXXXXXXXXXXXXXXXXXXXXXXXX
2026-09-28T03:53:48.353+03:00 [s1] [O] DELIVERY QUEUED source=2 bytes=96 waiting=1/8 in_flight=0
2026-09-28T03:53:48.403+03:00 [s2] [O] PEER_REPORT our_seq=794 TX=-44/5 Q100
2026-09-28T03:53:48.413+03:00 [s2] [O] 
2026-09-28T03:53:48.422+03:00 [s2] [O] RX USER session=118C seq=790 frame=108B user=96B RX=-42/5 Q100 disposition=0
2026-09-28T03:53:48.428+03:00 [s2] [O] < [-42/5 Q100] S7AP96R3-XXXXXXXXXXXXXXXXXXXXXXXXXXXXXXXXXXXXXXXXXXXXXXXXXXXXXXXXXXXXXXXXXXXXXXXXXXXXXXXXXXXXXXX
2026-09-28T03:53:48.435+03:00 [s1] [O] 
2026-09-28T03:53:48.479+03:00 [s1] [O] TX USER seq=790 frame=108B user=96B attempt=1/5 OK time=47 ms
2026-09-28T03:53:48.569+03:00 [s1] [O] > S7AP96R3-XXXXXXXXXXXXXXXXXXXXXXXXXXXXXXXXXXXXXXXXXXXXXXXXXXXXXXXXXXXXXXXXXXXXXXXXXXXXXXXXXXXXXXX
2026-09-28T03:53:48.623+03:00 [s1] [O] DELIVERY WAIT_ACK user=118C/790 attempt=1/5 timeout=712ms queue=0
2026-09-28T03:53:48.624+03:00 [s2] [O] 
2026-09-28T03:53:48.627+03:00 [s2] [O] TX ACK seq=795 ack_to=118C/790 frame=14B OK time=13 ms guard=500ms
2026-09-28T03:53:48.704+03:00 [s1] [O] PEER_REPORT our_seq=790 TX=-42/5 Q100
2026-09-28T03:53:48.749+03:00 [s1] [O] 
2026-09-28T03:53:48.793+03:00 [s1] [O] RX ACK session=EBE8 seq=795 ack_to=118C/790 frame=14B RX=-44/4 Q100
2026-09-28T03:53:48.897+03:00 [s1] [O] DELIVERY ACK user=118C/790 attempts=1/5 elapsed=228ms queue=0
2026-09-28T03:53:48.904+03:00 [s1] [I] S7AP96R4-XXXXXXXXXXXXXXXXXXXXXXXXXXXXXXXXXXXXXXXXXXXXXXXXXXXXXXXXXXXXXXXXXXXXXXXXXXXXXXXXXXXXXXX
2026-09-28T03:53:48.982+03:00 [s1] [O] DELIVERY QUEUED source=2 bytes=96 waiting=1/8 in_flight=0
2026-09-28T03:53:49.029+03:00 [s2] [O] PEER_REPORT our_seq=795 TX=-44/4 Q100
2026-09-28T03:53:49.035+03:00 [s2] [O] 
2026-09-28T03:53:49.040+03:00 [s2] [O] RX USER session=118C seq=791 frame=108B user=96B RX=-42/4 Q100 disposition=0
2026-09-28T03:53:49.062+03:00 [s1] [O] 
2026-09-28T03:53:49.078+03:00 [s2] [O] < [-42/4 Q100] S7AP96R4-XXXXXXXXXXXXXXXXXXXXXXXXXXXXXXXXXXXXXXXXXXXXXXXXXXXXXXXXXXXXXXXXXXXXXXXXXXXXXXXXXXXXXXX
2026-09-28T03:53:49.107+03:00 [s1] [O] TX USER seq=791 frame=108B user=96B attempt=1/5 OK time=49 ms
2026-09-28T03:53:49.211+03:00 [s1] [O] > S7AP96R4-XXXXXXXXXXXXXXXXXXXXXXXXXXXXXXXXXXXXXXXXXXXXXXXXXXXXXXXXXXXXXXXXXXXXXXXXXXXXXXXXXXXXXXX
2026-09-28T03:53:49.247+03:00 [s1] [O] DELIVERY WAIT_ACK user=118C/791 attempt=1/5 timeout=712ms queue=0
2026-09-28T03:53:49.260+03:00 [s2] [O] 
2026-09-28T03:53:49.262+03:00 [s2] [O] TX ACK seq=796 ack_to=118C/791 frame=14B OK time=13 ms guard=500ms
2026-09-28T03:53:49.347+03:00 [s1] [O] PEER_REPORT our_seq=791 TX=-42/5 Q100
2026-09-28T03:53:49.377+03:00 [s1] [O] 
2026-09-28T03:53:49.432+03:00 [s1] [O] RX ACK session=EBE8 seq=796 ack_to=118C/791 frame=14B RX=-44/6 Q100
2026-09-28T03:53:49.557+03:00 [s1] [O] DELIVERY ACK user=118C/791 attempts=1/5 elapsed=227ms queue=0
2026-09-28T03:53:49.570+03:00 [s1] [I] S7AP96R5-XXXXXXXXXXXXXXXXXXXXXXXXXXXXXXXXXXXXXXXXXXXXXXXXXXXXXXXXXXXXXXXXXXXXXXXXXXXXXXXXXXXXXXX
2026-09-28T03:53:49.666+03:00 [s1] [O] DELIVERY QUEUED source=2 bytes=96 waiting=1/8 in_flight=0
2026-09-28T03:53:49.708+03:00 [s2] [O] PEER_REPORT our_seq=796 TX=-44/6 Q100
2026-09-28T03:53:49.711+03:00 [s2] [O] 
2026-09-28T03:53:49.716+03:00 [s2] [O] RX USER session=118C seq=792 frame=108B user=96B RX=-44/3 Q100 disposition=0
2026-09-28T03:53:49.725+03:00 [s2] [O] < [-44/3 Q100] S7AP96R5-XXXXXXXXXXXXXXXXXXXXXXXXXXXXXXXXXXXXXXXXXXXXXXXXXXXXXXXXXXXXXXXXXXXXXXXXXXXXXXXXXXXXXXX
2026-09-28T03:53:49.736+03:00 [s1] [O] 
2026-09-28T03:53:49.828+03:00 [s1] [O] TX USER seq=792 frame=108B user=96B attempt=1/5 OK time=47 ms
2026-09-28T03:53:49.920+03:00 [s1] [O] > S7AP96R5-XXXXXXXXXXXXXXXXXXXXXXXXXXXXXXXXXXXXXXXXXXXXXXXXXXXXXXXXXXXXXXXXXXXXXXXXXXXXXXXXXXXXXXX
2026-09-28T03:53:49.927+03:00 [s2] [O] 
2026-09-28T03:53:49.931+03:00 [s2] [O] TX ACK seq=797 ack_to=118C/792 frame=14B OK time=13 ms guard=500ms
2026-09-28T03:53:49.974+03:00 [s1] [O] DELIVERY WAIT_ACK user=118C/792 attempt=1/5 timeout=712ms queue=0
2026-09-28T03:53:50.054+03:00 [s1] [O] PEER_REPORT our_seq=792 TX=-44/3 Q100
2026-09-28T03:53:50.097+03:00 [s1] [O] 
2026-09-28T03:53:50.143+03:00 [s1] [O] RX ACK session=EBE8 seq=797 ack_to=118C/792 frame=14B RX=-42/4 Q100
2026-09-28T03:53:50.236+03:00 [s1] [O] DELIVERY ACK user=118C/792 attempts=1/5 elapsed=227ms queue=0
2026-09-28T03:53:50.239+03:00 [s1] [I] S7AP96R6-XXXXXXXXXXXXXXXXXXXXXXXXXXXXXXXXXXXXXXXXXXXXXXXXXXXXXXXXXXXXXXXXXXXXXXXXXXXXXXXXXXXXXXX
2026-09-28T03:53:50.333+03:00 [s1] [O] DELIVERY QUEUED source=2 bytes=96 waiting=1/8 in_flight=0
2026-09-28T03:53:50.373+03:00 [s2] [O] PEER_REPORT our_seq=797 TX=-42/4 Q100
2026-09-28T03:53:50.382+03:00 [s2] [O] 
2026-09-28T03:53:50.386+03:00 [s2] [O] RX USER session=118C seq=793 frame=108B user=96B RX=-42/5 Q100 disposition=0
2026-09-28T03:53:50.389+03:00 [s2] [O] < [-42/5 Q100] S7AP96R6-XXXXXXXXXXXXXXXXXXXXXXXXXXXXXXXXXXXXXXXXXXXXXXXXXXXXXXXXXXXXXXXXXXXXXXXXXXXXXXXXXXXXXXX
2026-09-28T03:53:50.414+03:00 [s1] [O] 
2026-09-28T03:53:50.458+03:00 [s1] [O] TX USER seq=793 frame=108B user=96B attempt=1/5 OK time=49 ms
2026-09-28T03:53:50.593+03:00 [s1] [O] > S7AP96R6-XXXXXXXXXXXXXXXXXXXXXXXXXXXXXXXXXXXXXXXXXXXXXXXXXXXXXXXXXXXXXXXXXXXXXXXXXXXXXXXXXXXXXXX
2026-09-28T03:53:50.599+03:00 [s2] [O] 
2026-09-28T03:53:50.600+03:00 [s2] [O] TX ACK seq=798 ack_to=118C/793 frame=14B OK time=13 ms guard=500ms
2026-09-28T03:53:50.640+03:00 [s1] [O] DELIVERY WAIT_ACK user=118C/793 attempt=1/5 timeout=712ms queue=0
2026-09-28T03:53:50.729+03:00 [s1] [O] PEER_REPORT our_seq=793 TX=-42/5 Q100
2026-09-28T03:53:50.772+03:00 [s1] [O] 
2026-09-28T03:53:50.817+03:00 [s1] [O] RX ACK session=EBE8 seq=798 ack_to=118C/793 frame=14B RX=-43/4 Q100
2026-09-28T03:53:50.910+03:00 [s1] [O] DELIVERY ACK user=118C/793 attempts=1/5 elapsed=225ms queue=0
2026-09-28T03:53:50.925+03:00 [s1] [I] S7AP96R7-XXXXXXXXXXXXXXXXXXXXXXXXXXXXXXXXXXXXXXXXXXXXXXXXXXXXXXXXXXXXXXXXXXXXXXXXXXXXXXXXXXXXXXX
2026-09-28T03:53:51.010+03:00 [s1] [O] 
2026-09-28T03:53:51.137+03:00 [s1] [O] SESSION t=4020s TX ok=803 user=376 echo_req=0 echo_rep=0 hb=70(idle=70) err=0 started=803 RX ok=794 user=357 echo_req=0 echo_rep=0 hb=0 crc=9 hdr=3 bad=0 readerr=0 reports=794 Q=100% drops=0 fatal=0
2026-09-28T03:53:51.313+03:00 [s1] [O] SESSION COURTESY window=5000ms peer_release=0 expired=0 yielding=0
2026-09-28T03:53:51.458+03:00 [s1] [O] SESSION DIO0_TX affected=0/803 episodes=0 avg_all=0.00 avg_affected=0.00 high_polls=0
2026-09-28T03:53:51.629+03:00 [s1] [O] SESSION RX_POLL polls=3784696 rxdone=806 interval=1000us DIO0_RX false_high_ep=0 high_polls=0 rxdone_low=17 isr=disabled
2026-09-28T03:53:51.664+03:00 [s1] [O] DELIVERY QUEUED source=2 bytes=96 waiting=1/8 in_flight=0
2026-09-28T03:53:51.671+03:00 [s1] [O] 
2026-09-28T03:53:51.675+03:00 [s1] [O] TX USER seq=794 frame=108B user=96B attempt=1/5 OK time=48 ms
2026-09-28T03:53:51.680+03:00 [s1] [O] > S7AP96R7-XXXXXXXXXXXXXXXXXXXXXXXXXXXXXXXXXXXXXXXXXXXXXXXXXXXXXXXXXXXXXXXXXXXXXXXXXXXXXXXXXXXXXXX
2026-09-28T03:53:51.691+03:00 [s1] [O] DELIVERY WAIT_ACK user=118C/794 attempt=1/5 timeout=712ms queue=0
2026-09-28T03:53:51.775+03:00 [s1] [O] DELIVERY ACK TIMEOUT user=118C/794 attempt=1/5
2026-09-28T03:53:51.826+03:00 [s1] [O] DELIVERY RETRY user=118C/794 next_attempt=2/5 in=40ms
2026-09-28T03:53:51.826+03:00 [s1] [O] 
2026-09-28T03:53:51.826+03:00 [s1] [O] TX USER RETRY seq=794 frame=108B user=96B attempt=2/5 OK time=47 ms
2026-09-28T03:53:51.866+03:00 [s1] [O] DELIVERY WAIT_ACK user=118C/794 attempt=2/5 timeout=712ms queue=0
2026-09-28T03:53:51.903+03:00 [s2] [O] PEER_REPORT our_seq=798 TX=-43/5 Q97
2026-09-28T03:53:51.921+03:00 [s2] [O] 
2026-09-28T03:53:51.926+03:00 [s2] [O] RX USER session=118C seq=794 frame=108B user=96B RX=-41/3 Q100 disposition=0
2026-09-28T03:53:51.935+03:00 [s2] [O] < [-41/3 Q100] S7AP96R7-XXXXXXXXXXXXXXXXXXXXXXXXXXXXXXXXXXXXXXXXXXXXXXXXXXXXXXXXXXXXXXXXXXXXXXXXXXXXXXXXXXXXXXX
2026-09-28T03:53:52.037+03:00 [s1] [O] PEER_REPORT our_seq=794 TX=-41/3 Q100
2026-09-28T03:53:52.055+03:00 [s2] [O] 
2026-09-28T03:53:52.060+03:00 [s2] [O] TX ACK seq=799 ack_to=118C/794 frame=14B OK time=13 ms guard=500ms
2026-09-28T03:53:52.080+03:00 [s1] [O] 
2026-09-28T03:53:52.124+03:00 [s1] [O] RX ACK session=EBE8 seq=799 ack_to=118C/794 frame=14B RX=-40/5 Q97
2026-09-28T03:53:52.258+03:00 [s1] [O] DELIVERY ACK user=118C/794 attempts=2/5 elapsed=1029ms queue=0
2026-09-28T03:53:52.266+03:00 [s1] [I] S7AP96R8-XXXXXXXXXXXXXXXXXXXXXXXXXXXXXXXXXXXXXXXXXXXXXXXXXXXXXXXXXXXXXXXXXXXXXXXXXXXXXXXXXXXXXXX
2026-09-28T03:53:52.404+03:00 [s1] [O] DELIVERY QUEUED source=2 bytes=96 waiting=1/8 in_flight=0
2026-09-28T03:53:52.451+03:00 [s2] [O] PEER_REPORT our_seq=799 TX=-40/5 Q97
2026-09-28T03:53:52.458+03:00 [s2] [O] 
2026-09-28T03:53:52.470+03:00 [s2] [O] RX USER session=118C seq=795 frame=108B user=96B RX=-41/3 Q100 disposition=0
2026-09-28T03:53:52.475+03:00 [s2] [O] < [-41/3 Q100] S7AP96R8-XXXXXXXXXXXXXXXXXXXXXXXXXXXXXXXXXXXXXXXXXXXXXXXXXXXXXXXXXXXXXXXXXXXXXXXXXXXXXXXXXXXXXXX
2026-09-28T03:53:52.483+03:00 [s1] [O] 
2026-09-28T03:53:52.527+03:00 [s1] [O] TX USER seq=795 frame=108B user=96B attempt=1/5 OK time=49 ms
2026-09-28T03:53:52.620+03:00 [s1] [O] > S7AP96R8-XXXXXXXXXXXXXXXXXXXXXXXXXXXXXXXXXXXXXXXXXXXXXXXXXXXXXXXXXXXXXXXXXXXXXXXXXXXXXXXXXXXXXXX
2026-09-28T03:53:52.672+03:00 [s2] [O] 
2026-09-28T03:53:52.683+03:00 [s1] [O] DELIVERY WAIT_ACK user=118C/795 attempt=1/5 timeout=712ms queue=0
2026-09-28T03:53:52.692+03:00 [s2] [O] TX ACK seq=800 ack_to=118C/795 frame=14B OK time=13 ms guard=500ms
2026-09-28T03:53:52.761+03:00 [s1] [O] PEER_REPORT our_seq=795 TX=-41/3 Q100
2026-09-28T03:53:52.798+03:00 [s1] [O] 
2026-09-28T03:53:52.851+03:00 [s1] [O] RX ACK session=EBE8 seq=800 ack_to=118C/795 frame=14B RX=-41/5 Q97
2026-09-28T03:53:52.977+03:00 [s1] [O] DELIVERY ACK user=118C/795 attempts=1/5 elapsed=224ms queue=0
2026-09-28T03:53:52.989+03:00 [s1] [I] S7AP96R9-XXXXXXXXXXXXXXXXXXXXXXXXXXXXXXXXXXXXXXXXXXXXXXXXXXXXXXXXXXXXXXXXXXXXXXXXXXXXXXXXXXXXXXX
2026-09-28T03:53:53.076+03:00 [s1] [O] DELIVERY QUEUED source=2 bytes=96 waiting=1/8 in_flight=0
2026-09-28T03:53:53.123+03:00 [s2] [O] PEER_REPORT our_seq=800 TX=-41/5 Q97
2026-09-28T03:53:53.123+03:00 [s2] [O] 
2026-09-28T03:53:53.158+03:00 [s1] [O] 
2026-09-28T03:53:53.177+03:00 [s2] [O] RX USER session=118C seq=796 frame=108B user=96B RX=-42/4 Q100 disposition=0
2026-09-28T03:53:53.209+03:00 [s1] [O] TX USER seq=796 frame=108B user=96B attempt=1/5 OK time=47 ms
2026-09-28T03:53:53.241+03:00 [s2] [O] < [-42/4 Q100] S7AP96R9-XXXXXXXXXXXXXXXXXXXXXXXXXXXXXXXXXXXXXXXXXXXXXXXXXXXXXXXXXXXXXXXXXXXXXXXXXXXXXXXXXXXXXXX
2026-09-28T03:53:53.292+03:00 [s1] [O] > S7AP96R9-XXXXXXXXXXXXXXXXXXXXXXXXXXXXXXXXXXXXXXXXXXXXXXXXXXXXXXXXXXXXXXXXXXXXXXXXXXXXXXXXXXXXXXX
2026-09-28T03:53:53.351+03:00 [s2] [O] 
2026-09-28T03:53:53.357+03:00 [s1] [O] DELIVERY WAIT_ACK user=118C/796 attempt=1/5 timeout=712ms queue=0
2026-09-28T03:53:53.361+03:00 [s2] [O] TX ACK seq=801 ack_to=118C/796 frame=14B OK time=13 ms guard=500ms
2026-09-28T03:53:53.482+03:00 [s1] [O] PEER_REPORT our_seq=796 TX=-42/4 Q100
2026-09-28T03:53:53.521+03:00 [s1] [O] 
2026-09-28T03:53:53.572+03:00 [s1] [O] RX ACK session=EBE8 seq=801 ack_to=118C/796 frame=14B RX=-44/5 Q97
2026-09-28T03:53:53.697+03:00 [s1] [O] DELIVERY ACK user=118C/796 attempts=1/5 elapsed=227ms queue=0
2026-09-28T03:53:53.701+03:00 [s1] [I] S7AP96R10-XXXXXXXXXXXXXXXXXXXXXXXXXXXXXXXXXXXXXXXXXXXXXXXXXXXXXXXXXXXXXXXXXXXXXXXXXXXXXXXXXXXXXX
2026-09-28T03:53:53.794+03:00 [s1] [O] DELIVERY QUEUED source=2 bytes=96 waiting=1/8 in_flight=0
2026-09-28T03:53:53.846+03:00 [s2] [O] PEER_REPORT our_seq=801 TX=-44/5 Q97
2026-09-28T03:53:53.850+03:00 [s2] [O] 
2026-09-28T03:53:53.854+03:00 [s2] [O] RX USER session=118C seq=797 frame=108B user=96B RX=-41/4 Q100 disposition=0
2026-09-28T03:53:53.860+03:00 [s2] [O] < [-41/4 Q100] S7AP96R10-XXXXXXXXXXXXXXXXXXXXXXXXXXXXXXXXXXXXXXXXXXXXXXXXXXXXXXXXXXXXXXXXXXXXXXXXXXXXXXXXXXXXXX
2026-09-28T03:53:53.878+03:00 [s1] [O] 
2026-09-28T03:53:53.923+03:00 [s1] [O] TX USER seq=797 frame=108B user=96B attempt=1/5 OK time=49 ms
2026-09-28T03:53:54.027+03:00 [s1] [O] > S7AP96R10-XXXXXXXXXXXXXXXXXXXXXXXXXXXXXXXXXXXXXXXXXXXXXXXXXXXXXXXXXXXXXXXXXXXXXXXXXXXXXXXXXXXXXX
2026-09-28T03:53:54.063+03:00 [s1] [O] DELIVERY WAIT_ACK user=118C/797 attempt=1/5 timeout=712ms queue=0
2026-09-28T03:53:54.075+03:00 [s2] [O] 
2026-09-28T03:53:54.079+03:00 [s2] [O] TX ACK seq=802 ack_to=118C/797 frame=14B OK time=13 ms guard=500ms
2026-09-28T03:53:54.159+03:00 [s1] [O] PEER_REPORT our_seq=797 TX=-41/5 Q100
2026-09-28T03:53:54.211+03:00 [s1] [O] 
2026-09-28T03:53:54.244+03:00 [s1] [O] RX ACK session=EBE8 seq=802 ack_to=118C/797 frame=14B RX=-43/5 Q97
2026-09-28T03:53:54.373+03:00 [s1] [O] DELIVERY ACK user=118C/797 attempts=1/5 elapsed=227ms queue=0
2026-09-28T03:53:54.383+03:00 [s2] [I] S7BP96R1-XXXXXXXXXXXXXXXXXXXXXXXXXXXXXXXXXXXXXXXXXXXXXXXXXXXXXXXXXXXXXXXXXXXXXXXXXXXXXXXXXXXXXXX
2026-09-28T03:53:54.471+03:00 [s2] [O] DELIVERY QUEUED source=2 bytes=96 waiting=1/8 in_flight=0
2026-09-28T03:53:54.507+03:00 [s1] [O] PEER_REPORT our_seq=797 TX=-41/5 Q100
2026-09-28T03:53:54.524+03:00 [s2] [O] 
2026-09-28T03:53:54.530+03:00 [s2] [O] TX USER seq=803 frame=108B user=96B attempt=1/5 OK time=47 ms
2026-09-28T03:53:54.539+03:00 [s2] [O] > S7BP96R1-XXXXXXXXXXXXXXXXXXXXXXXXXXXXXXXXXXXXXXXXXXXXXXXXXXXXXXXXXXXXXXXXXXXXXXXXXXXXXXXXXXXXXXX
2026-09-28T03:53:54.545+03:00 [s2] [O] DELIVERY WAIT_ACK user=EBE8/803 attempt=1/5 timeout=712ms queue=0
2026-09-28T03:53:54.555+03:00 [s1] [O] 
2026-09-28T03:53:54.642+03:00 [s1] [O] RX USER session=EBE8 seq=803 frame=108B user=96B RX=-42/5 Q97 disposition=0
2026-09-28T03:53:54.745+03:00 [s2] [O] PEER_REPORT our_seq=803 TX=-42/5 Q97
2026-09-28T03:53:54.764+03:00 [s2] [O] 
2026-09-28T03:53:54.779+03:00 [s2] [O] RX ACK session=118C seq=798 ack_to=EBE8/803 frame=14B RX=-41/6 Q100
2026-09-28T03:53:54.779+03:00 [s1] [O] < [-42/5 Q97] S7BP96R1-XXXXXXXXXXXXXXXXXXXXXXXXXXXXXXXXXXXXXXXXXXXXXXXXXXXXXXXXXXXXXXXXXXXXXXXXXXXXXXXXXXXXXXX
2026-09-28T03:53:54.786+03:00 [s2] [O] DELIVERY ACK user=EBE8/803 attempts=1/5 elapsed=227ms queue=0
2026-09-28T03:53:54.793+03:00 [s2] [I] S7BP96R2-XXXXXXXXXXXXXXXXXXXXXXXXXXXXXXXXXXXXXXXXXXXXXXXXXXXXXXXXXXXXXXXXXXXXXXXXXXXXXXXXXXXXXXX
2026-09-28T03:53:54.826+03:00 [s1] [O] 
2026-09-28T03:53:54.871+03:00 [s1] [O] TX ACK seq=798 ack_to=EBE8/803 frame=14B OK time=13 ms guard=500ms
2026-09-28T03:53:54.893+03:00 [s2] [O] DELIVERY QUEUED source=2 bytes=96 waiting=1/8 in_flight=0
2026-09-28T03:53:54.929+03:00 [s2] [O] 
2026-09-28T03:53:54.930+03:00 [s2] [O] TX USER seq=804 frame=108B user=96B attempt=1/5 OK time=47 ms
2026-09-28T03:53:54.931+03:00 [s2] [O] > S7BP96R2-XXXXXXXXXXXXXXXXXXXXXXXXXXXXXXXXXXXXXXXXXXXXXXXXXXXXXXXXXXXXXXXXXXXXXXXXXXXXXXXXXXXXXXX
2026-09-28T03:53:54.933+03:00 [s2] [O] DELIVERY WAIT_ACK user=EBE8/804 attempt=1/5 timeout=712ms queue=0
2026-09-28T03:53:54.958+03:00 [s1] [O] PEER_REPORT our_seq=798 TX=-41/6 Q100
2026-09-28T03:53:55.004+03:00 [s1] [O] 
2026-09-28T03:53:55.047+03:00 [s1] [O] RX USER session=EBE8 seq=804 frame=108B user=96B RX=-42/6 Q97 disposition=0
2026-09-28T03:53:55.159+03:00 [s2] [O] PEER_REPORT our_seq=804 TX=-42/6 Q97
2026-09-28T03:53:55.163+03:00 [s2] [O] 
2026-09-28T03:53:55.166+03:00 [s2] [O] RX ACK session=118C seq=799 ack_to=EBE8/804 frame=14B RX=-41/4 Q100
2026-09-28T03:53:55.172+03:00 [s2] [O] DELIVERY ACK user=EBE8/804 attempts=1/5 elapsed=226ms queue=0
2026-09-28T03:53:55.174+03:00 [s2] [I] S7BP96R3-XXXXXXXXXXXXXXXXXXXXXXXXXXXXXXXXXXXXXXXXXXXXXXXXXXXXXXXXXXXXXXXXXXXXXXXXXXXXXXXXXXXXXXX
2026-09-28T03:53:55.189+03:00 [s1] [O] < [-42/6 Q97] S7BP96R2-XXXXXXXXXXXXXXXXXXXXXXXXXXXXXXXXXXXXXXXXXXXXXXXXXXXXXXXXXXXXXXXXXXXXXXXXXXXXXXXXXXXXXXX
2026-09-28T03:53:55.190+03:00 [s1] [O] 
2026-09-28T03:53:55.237+03:00 [s1] [O] TX ACK seq=799 ack_to=EBE8/804 frame=14B OK time=13 ms guard=500ms
2026-09-28T03:53:55.238+03:00 [s2] [O] DELIVERY QUEUED source=2 bytes=96 waiting=1/8 in_flight=0
2026-09-28T03:53:55.290+03:00 [s2] [O] 
2026-09-28T03:53:55.298+03:00 [s2] [O] TX USER seq=805 frame=108B user=96B attempt=1/5 OK time=47 ms
2026-09-28T03:53:55.304+03:00 [s2] [O] > S7BP96R3-XXXXXXXXXXXXXXXXXXXXXXXXXXXXXXXXXXXXXXXXXXXXXXXXXXXXXXXXXXXXXXXXXXXXXXXXXXXXXXXXXXXXXXX
2026-09-28T03:53:55.307+03:00 [s2] [O] DELIVERY WAIT_ACK user=EBE8/805 attempt=1/5 timeout=712ms queue=0
2026-09-28T03:53:55.326+03:00 [s1] [O] PEER_REPORT our_seq=799 TX=-41/4 Q100
2026-09-28T03:53:55.371+03:00 [s1] [O] 
2026-09-28T03:53:55.418+03:00 [s1] [O] RX USER session=EBE8 seq=805 frame=108B user=96B RX=-42/5 Q97 disposition=0
2026-09-28T03:53:55.512+03:00 [s2] [O] PEER_REPORT our_seq=805 TX=-42/5 Q97
2026-09-28T03:53:55.516+03:00 [s2] [O] 
2026-09-28T03:53:55.516+03:00 [s2] [O] RX ACK session=118C seq=800 ack_to=EBE8/805 frame=14B RX=-46/4 Q100
2026-09-28T03:53:55.516+03:00 [s2] [O] DELIVERY ACK user=EBE8/805 attempts=1/5 elapsed=227ms queue=0
2026-09-28T03:53:55.519+03:00 [s2] [I] S7BP96R4-XXXXXXXXXXXXXXXXXXXXXXXXXXXXXXXXXXXXXXXXXXXXXXXXXXXXXXXXXXXXXXXXXXXXXXXXXXXXXXXXXXXXXXX
2026-09-28T03:53:55.548+03:00 [s1] [O] < [-42/5 Q97] S7BP96R3-XXXXXXXXXXXXXXXXXXXXXXXXXXXXXXXXXXXXXXXXXXXXXXXXXXXXXXXXXXXXXXXXXXXXXXXXXXXXXXXXXXXXXXX
2026-09-28T03:53:55.587+03:00 [s1] [O] 
2026-09-28T03:53:55.595+03:00 [s2] [O] DELIVERY QUEUED source=2 bytes=96 waiting=1/8 in_flight=0
2026-09-28T03:53:55.632+03:00 [s1] [O] TX ACK seq=800 ack_to=EBE8/805 frame=14B OK time=13 ms guard=500ms
2026-09-28T03:53:55.644+03:00 [s2] [O] 
2026-09-28T03:53:55.663+03:00 [s2] [O] TX USER seq=806 frame=108B user=96B attempt=1/5 OK time=47 ms
2026-09-28T03:53:55.666+03:00 [s2] [O] > S7BP96R4-XXXXXXXXXXXXXXXXXXXXXXXXXXXXXXXXXXXXXXXXXXXXXXXXXXXXXXXXXXXXXXXXXXXXXXXXXXXXXXXXXXXXXXX
2026-09-28T03:53:55.672+03:00 [s2] [O] DELIVERY WAIT_ACK user=EBE8/806 attempt=1/5 timeout=712ms queue=0
2026-09-28T03:53:55.723+03:00 [s1] [O] PEER_REPORT our_seq=800 TX=-46/4 Q100
2026-09-28T03:53:55.767+03:00 [s1] [O] 
2026-09-28T03:53:55.813+03:00 [s1] [O] RX USER session=EBE8 seq=806 frame=108B user=96B RX=-43/6 Q97 disposition=0
2026-09-28T03:53:55.873+03:00 [s2] [O] PEER_REPORT our_seq=806 TX=-43/6 Q97
2026-09-28T03:53:55.880+03:00 [s2] [O] 
2026-09-28T03:53:55.887+03:00 [s2] [O] RX ACK session=118C seq=801 ack_to=EBE8/806 frame=14B RX=-44/4 Q100
2026-09-28T03:53:55.890+03:00 [s2] [O] DELIVERY ACK user=EBE8/806 attempts=1/5 elapsed=226ms queue=0
2026-09-28T03:53:55.892+03:00 [s2] [I] S7BP96R5-XXXXXXXXXXXXXXXXXXXXXXXXXXXXXXXXXXXXXXXXXXXXXXXXXXXXXXXXXXXXXXXXXXXXXXXXXXXXXXXXXXXXXXX
2026-09-28T03:53:55.958+03:00 [s1] [O] < [-43/6 Q97] S7BP96R4-XXXXXXXXXXXXXXXXXXXXXXXXXXXXXXXXXXXXXXXXXXXXXXXXXXXXXXXXXXXXXXXXXXXXXXXXXXXXXXXXXXXXXXX
2026-09-28T03:53:55.961+03:00 [s1] [O] 
2026-09-28T03:53:55.961+03:00 [s2] [O] DELIVERY QUEUED source=2 bytes=96 waiting=1/8 in_flight=0
2026-09-28T03:53:56.003+03:00 [s2] [O] 
2026-09-28T03:53:56.004+03:00 [s2] [O] TX USER seq=807 frame=108B user=96B attempt=1/5 OK time=47 ms
2026-09-28T03:53:56.003+03:00 [s1] [O] TX ACK seq=801 ack_to=EBE8/806 frame=14B OK time=13 ms guard=500ms
2026-09-28T03:53:56.045+03:00 [s2] [O] > S7BP96R5-XXXXXXXXXXXXXXXXXXXXXXXXXXXXXXXXXXXXXXXXXXXXXXXXXXXXXXXXXXXXXXXXXXXXXXXXXXXXXXXXXXXXXXX
2026-09-28T03:53:56.050+03:00 [s2] [O] DELIVERY WAIT_ACK user=EBE8/807 attempt=1/5 timeout=712ms queue=0
2026-09-28T03:53:56.100+03:00 [s1] [O] PEER_REPORT our_seq=801 TX=-44/4 Q100
2026-09-28T03:53:56.134+03:00 [s1] [O] 
2026-09-28T03:53:56.229+03:00 [s2] [O] PEER_REPORT our_seq=807 TX=-43/5 Q97
2026-09-28T03:53:56.267+03:00 [s1] [O] RX USER session=EBE8 seq=807 frame=108B user=96B RX=-43/5 Q97 disposition=0
2026-09-28T03:53:56.280+03:00 [s2] [O] 
2026-09-28T03:53:56.302+03:00 [s2] [O] RX ACK session=118C seq=802 ack_to=EBE8/807 frame=14B RX=-41/3 Q100
2026-09-28T03:53:56.316+03:00 [s2] [O] DELIVERY ACK user=EBE8/807 attempts=1/5 elapsed=227ms queue=0
2026-09-28T03:53:56.319+03:00 [s2] [I] S7BP96R6-XXXXXXXXXXXXXXXXXXXXXXXXXXXXXXXXXXXXXXXXXXXXXXXXXXXXXXXXXXXXXXXXXXXXXXXXXXXXXXXXXXXXXXX
2026-09-28T03:53:56.406+03:00 [s2] [O] DELIVERY QUEUED source=2 bytes=96 waiting=1/8 in_flight=0
2026-09-28T03:53:56.453+03:00 [s2] [O] 
2026-09-28T03:53:56.455+03:00 [s2] [O] TX USER seq=808 frame=108B user=96B attempt=1/5 OK time=47 ms
2026-09-28T03:53:56.455+03:00 [s1] [O] < [-43/5 Q97] S7BP96R5-XXXXXXXXXXXXXXXXXXXXXXXXXXXXXXXXXXXXXXXXXXXXXXXXXXXXXXXXXXXXXXXXXXXXXXXXXXXXXXXXXXXXXXX
2026-09-28T03:53:56.464+03:00 [s2] [O] > S7BP96R6-XXXXXXXXXXXXXXXXXXXXXXXXXXXXXXXXXXXXXXXXXXXXXXXXXXXXXXXXXXXXXXXXXXXXXXXXXXXXXXXXXXXXXXX
2026-09-28T03:53:56.473+03:00 [s2] [O] DELIVERY WAIT_ACK user=EBE8/808 attempt=1/5 timeout=712ms queue=0
2026-09-28T03:53:56.490+03:00 [s1] [O] 
2026-09-28T03:53:56.532+03:00 [s1] [O] TX ACK seq=802 ack_to=EBE8/807 frame=14B OK time=13 ms guard=500ms
2026-09-28T03:53:56.622+03:00 [s1] [O] PEER_REPORT our_seq=802 TX=-41/3 Q100
2026-09-28T03:53:56.667+03:00 [s1] [O] 
2026-09-28T03:53:56.685+03:00 [s2] [O] PEER_REPORT our_seq=808 TX=-41/3 Q97
2026-09-28T03:53:56.689+03:00 [s2] [O] 
2026-09-28T03:53:56.691+03:00 [s2] [O] RX ACK session=118C seq=803 ack_to=EBE8/808 frame=14B RX=-43/5 Q100
2026-09-28T03:53:56.696+03:00 [s2] [O] DELIVERY ACK user=EBE8/808 attempts=1/5 elapsed=227ms queue=0
2026-09-28T03:53:56.704+03:00 [s2] [I] S7BP96R7-XXXXXXXXXXXXXXXXXXXXXXXXXXXXXXXXXXXXXXXXXXXXXXXXXXXXXXXXXXXXXXXXXXXXXXXXXXXXXXXXXXXXXXX
2026-09-28T03:53:56.715+03:00 [s1] [O] RX USER session=EBE8 seq=808 frame=108B user=96B RX=-41/3 Q97 disposition=0
2026-09-28T03:53:56.779+03:00 [s2] [O] DELIVERY QUEUED source=2 bytes=96 waiting=1/8 in_flight=0
2026-09-28T03:53:56.848+03:00 [s1] [O] < [-41/3 Q97] S7BP96R6-XXXXXXXXXXXXXXXXXXXXXXXXXXXXXXXXXXXXXXXXXXXXXXXXXXXXXXXXXXXXXXXXXXXXXXXXXXXXXXXXXXXXXXX
2026-09-28T03:53:56.863+03:00 [s1] [O] 
2026-09-28T03:53:56.871+03:00 [s2] [O] 
2026-09-28T03:53:56.878+03:00 [s2] [O] TX USER seq=809 frame=108B user=96B attempt=1/5 OK time=47 ms
2026-09-28T03:53:56.890+03:00 [s2] [O] > S7BP96R7-XXXXXXXXXXXXXXXXXXXXXXXXXXXXXXXXXXXXXXXXXXXXXXXXXXXXXXXXXXXXXXXXXXXXXXXXXXXXXXXXXXXXXXX
2026-09-28T03:53:56.899+03:00 [s1] [O] TX ACK seq=803 ack_to=EBE8/808 frame=14B OK time=13 ms guard=500ms
2026-09-28T03:53:56.899+03:00 [s2] [O] DELIVERY WAIT_ACK user=EBE8/809 attempt=1/5 timeout=712ms queue=0
2026-09-28T03:53:56.990+03:00 [s1] [O] PEER_REPORT our_seq=803 TX=-43/5 Q100
2026-09-28T03:53:57.040+03:00 [s1] [O] 
2026-09-28T03:53:57.041+03:00 [s2] [O] PEER_REPORT our_seq=809 TX=-41/3 Q97
2026-09-28T03:53:57.046+03:00 [s2] [O] 
2026-09-28T03:53:57.048+03:00 [s2] [O] RX ACK session=118C seq=804 ack_to=EBE8/809 frame=14B RX=-40/4 Q100
2026-09-28T03:53:57.053+03:00 [s2] [O] DELIVERY ACK user=EBE8/809 attempts=1/5 elapsed=226ms queue=0
2026-09-28T03:53:57.055+03:00 [s2] [I] S7BP96R8-XXXXXXXXXXXXXXXXXXXXXXXXXXXXXXXXXXXXXXXXXXXXXXXXXXXXXXXXXXXXXXXXXXXXXXXXXXXXXXXXXXXXXXX
2026-09-28T03:53:57.072+03:00 [s1] [O] RX USER session=EBE8 seq=809 frame=108B user=96B RX=-41/3 Q97 disposition=0
2026-09-28T03:53:57.132+03:00 [s2] [O] DELIVERY QUEUED source=2 bytes=96 waiting=1/8 in_flight=0
2026-09-28T03:53:57.169+03:00 [s2] [O] 
2026-09-28T03:53:57.174+03:00 [s2] [O] TX USER seq=810 frame=108B user=96B attempt=1/5 OK time=48 ms
2026-09-28T03:53:57.181+03:00 [s2] [O] > S7BP96R8-XXXXXXXXXXXXXXXXXXXXXXXXXXXXXXXXXXXXXXXXXXXXXXXXXXXXXXXXXXXXXXXXXXXXXXXXXXXXXXXXXXXXXXX
2026-09-28T03:53:57.186+03:00 [s2] [O] DELIVERY WAIT_ACK user=EBE8/810 attempt=1/5 timeout=712ms queue=0
2026-09-28T03:53:57.260+03:00 [s1] [O] < [-41/3 Q97] S7BP96R7-XXXXXXXXXXXXXXXXXXXXXXXXXXXXXXXXXXXXXXXXXXXXXXXXXXXXXXXXXXXXXXXXXXXXXXXXXXXXXXXXXXXXXXX
2026-09-28T03:53:57.299+03:00 [s1] [O] 
2026-09-28T03:53:57.342+03:00 [s1] [O] TX ACK seq=804 ack_to=EBE8/809 frame=14B OK time=13 ms guard=500ms
2026-09-28T03:53:57.422+03:00 [s2] [O] PEER_REPORT our_seq=810 TX=-39/4 Q97
2026-09-28T03:53:57.432+03:00 [s2] [O] 
2026-09-28T03:53:57.440+03:00 [s2] [O] RX ACK session=118C seq=805 ack_to=EBE8/810 frame=14B RX=-43/5 Q100
2026-09-28T03:53:57.443+03:00 [s1] [O] PEER_REPORT our_seq=804 TX=-40/5 Q100
2026-09-28T03:53:57.444+03:00 [s2] [O] DELIVERY ACK user=EBE8/810 attempts=1/5 elapsed=227ms queue=0
2026-09-28T03:53:57.447+03:00 [s2] [I] S7BP96R9-XXXXXXXXXXXXXXXXXXXXXXXXXXXXXXXXXXXXXXXXXXXXXXXXXXXXXXXXXXXXXXXXXXXXXXXXXXXXXXXXXXXXXXX
2026-09-28T03:53:57.478+03:00 [s1] [O] 
2026-09-28T03:53:57.522+03:00 [s1] [O] RX USER session=EBE8 seq=810 frame=108B user=96B RX=-39/4 Q97 disposition=0
2026-09-28T03:53:57.528+03:00 [s2] [O] DELIVERY QUEUED source=2 bytes=96 waiting=1/8 in_flight=0
2026-09-28T03:53:57.586+03:00 [s2] [O] 
2026-09-28T03:53:57.588+03:00 [s2] [O] TX USER seq=811 frame=108B user=96B attempt=1/5 OK time=47 ms
2026-09-28T03:53:57.591+03:00 [s2] [O] > S7BP96R9-XXXXXXXXXXXXXXXXXXXXXXXXXXXXXXXXXXXXXXXXXXXXXXXXXXXXXXXXXXXXXXXXXXXXXXXXXXXXXXXXXXXXXXX
2026-09-28T03:53:57.595+03:00 [s2] [O] DELIVERY WAIT_ACK user=EBE8/811 attempt=1/5 timeout=712ms queue=0
2026-09-28T03:53:57.674+03:00 [s1] [O] < [-39/4 Q97] S7BP96R8-XXXXXXXXXXXXXXXXXXXXXXXXXXXXXXXXXXXXXXXXXXXXXXXXXXXXXXXXXXXXXXXXXXXXXXXXXXXXXXXXXXXXXXX
2026-09-28T03:53:57.675+03:00 [s1] [O] 
2026-09-28T03:53:57.712+03:00 [s1] [O] TX ACK seq=805 ack_to=EBE8/810 frame=14B OK time=13 ms guard=500ms
2026-09-28T03:53:57.806+03:00 [s2] [O] PEER_REPORT our_seq=811 TX=-42/6 Q97
2026-09-28T03:53:57.811+03:00 [s1] [O] PEER_REPORT our_seq=805 TX=-43/5 Q100
2026-09-28T03:53:57.814+03:00 [s2] [O] 
2026-09-28T03:53:57.827+03:00 [s2] [O] RX ACK session=118C seq=806 ack_to=EBE8/811 frame=14B RX=-41/6 Q100
2026-09-28T03:53:57.831+03:00 [s2] [O] DELIVERY ACK user=EBE8/811 attempts=1/5 elapsed=226ms queue=0
2026-09-28T03:53:57.833+03:00 [s2] [I] S7BP96R10-XXXXXXXXXXXXXXXXXXXXXXXXXXXXXXXXXXXXXXXXXXXXXXXXXXXXXXXXXXXXXXXXXXXXXXXXXXXXXXXXXXXXXX
2026-09-28T03:53:57.840+03:00 [s1] [O] 
2026-09-28T03:53:57.893+03:00 [s2] [O] DELIVERY QUEUED source=2 bytes=96 waiting=1/8 in_flight=0
2026-09-28T03:53:57.895+03:00 [s1] [O] RX USER session=EBE8 seq=811 frame=108B user=96B RX=-42/6 Q97 disposition=0
2026-09-28T03:53:57.938+03:00 [s2] [O] 
2026-09-28T03:53:57.938+03:00 [s2] [O] TX USER seq=812 frame=108B user=96B attempt=1/5 OK time=47 ms
2026-09-28T03:53:57.948+03:00 [s2] [O] > S7BP96R10-XXXXXXXXXXXXXXXXXXXXXXXXXXXXXXXXXXXXXXXXXXXXXXXXXXXXXXXXXXXXXXXXXXXXXXXXXXXXXXXXXXXXXX
2026-09-28T03:53:57.955+03:00 [s2] [O] DELIVERY WAIT_ACK user=EBE8/812 attempt=1/5 timeout=712ms queue=0
2026-09-28T03:53:58.062+03:00 [s1] [O] < [-42/6 Q97] S7BP96R9-XXXXXXXXXXXXXXXXXXXXXXXXXXXXXXXXXXXXXXXXXXXXXXXXXXXXXXXXXXXXXXXXXXXXXXXXXXXXXXXXXXXXXXX
2026-09-28T03:53:58.074+03:00 [s1] [O] 
2026-09-28T03:53:58.115+03:00 [s1] [O] TX ACK seq=806 ack_to=EBE8/811 frame=14B OK time=13 ms guard=500ms
2026-09-28T03:53:58.174+03:00 [s2] [O] PEER_REPORT our_seq=812 TX=-42/5 Q97
2026-09-28T03:53:58.178+03:00 [s2] [O] 
2026-09-28T03:53:58.183+03:00 [s2] [O] RX ACK session=118C seq=807 ack_to=EBE8/812 frame=14B RX=-41/6 Q100
2026-09-28T03:53:58.192+03:00 [s2] [O] DELIVERY ACK user=EBE8/812 attempts=1/5 elapsed=226ms queue=0
2026-09-28T03:53:58.197+03:00 [s1] [I] S7AP128R1-XXXXXXXXXXXXXXXXXXXXXXXXXXXXXXXXXXXXXXXXXXXXXXXXXXXXXXXXXXXXXXXXXXXXXXXXXXXXXXXXXXXXXXXXXXXXXXXXXXXXXXXXXXXXXXXXXXXXXX
2026-09-28T03:53:58.200+03:00 [s1] [O] PEER_REPORT our_seq=806 TX=-41/6 Q100
2026-09-28T03:53:58.291+03:00 [s1] [O] 
2026-09-28T03:53:58.336+03:00 [s1] [O] RX USER session=EBE8 seq=812 frame=108B user=96B RX=-42/5 Q97 disposition=0
2026-09-28T03:53:58.392+03:00 [s2] [O] PEER_REPORT our_seq=812 TX=-42/5 Q97
2026-09-28T03:53:58.407+03:00 [s2] [O] 
2026-09-28T03:53:58.410+03:00 [s2] [O] RX USER session=118C seq=808 frame=140B user=128B RX=-42/5 Q100 disposition=0
2026-09-28T03:53:58.413+03:00 [s2] [O] < [-42/5 Q100] S7AP128R1-XXXXXXXXXXXXXXXXXXXXXXXXXXXXXXXXXXXXXXXXXXXXXXXXXXXXXXXXXXXXXXXXXXXXXXXXXXXXXXXXXXXXXXXXXXXXXXXXXXXXXXXXXXXXXXXXXXXXXX
2026-09-28T03:53:58.513+03:00 [s1] [O] < [-42/5 Q97] S7BP96R10-XXXXXXXXXXXXXXXXXXXXXXXXXXXXXXXXXXXXXXXXXXXXXXXXXXXXXXXXXXXXXXXXXXXXXXXXXXXXXXXXXXXXXX
2026-09-28T03:53:58.517+03:00 [s1] [O] 
2026-09-28T03:53:58.558+03:00 [s1] [O] TX ACK seq=807 ack_to=EBE8/812 frame=14B OK time=13 ms guard=500ms
2026-09-28T03:53:58.614+03:00 [s2] [O] 
2026-09-28T03:53:58.622+03:00 [s2] [O] TX ACK seq=813 ack_to=118C/808 frame=14B OK time=13 ms guard=500ms
2026-09-28T03:53:58.653+03:00 [s1] [O] DELIVERY QUEUED source=2 bytes=128 waiting=1/8 in_flight=0
2026-09-28T03:53:58.738+03:00 [s1] [O] 
2026-09-28T03:53:58.781+03:00 [s1] [O] TX USER seq=808 frame=140B user=128B attempt=1/5 OK time=59 ms
2026-09-28T03:53:58.917+03:00 [s1] [O] > S7AP128R1-XXXXXXXXXXXXXXXXXXXXXXXXXXXXXXXXXXXXXXXXXXXXXXXXXXXXXXXXXXXXXXXXXXXXXXXXXXXXXXXXXXXXXXXXXXXXXXXXXXXXXXXXXXXXXXXXXXXXXX
2026-09-28T03:53:58.973+03:00 [s1] [O] DELIVERY WAIT_ACK user=118C/808 attempt=1/5 timeout=712ms queue=0
2026-09-28T03:53:59.021+03:00 [s1] [O] PEER_REPORT our_seq=808 TX=-42/5 Q100
2026-09-28T03:53:59.061+03:00 [s1] [O] 
2026-09-28T03:53:59.098+03:00 [s1] [O] RX ACK session=EBE8 seq=813 ack_to=118C/808 frame=14B RX=-44/5 Q97
2026-09-28T03:53:59.245+03:00 [s1] [O] DELIVERY ACK user=118C/808 attempts=1/5 elapsed=217ms queue=0
2026-09-28T03:53:59.250+03:00 [s1] [I] S7AP128R2-XXXXXXXXXXXXXXXXXXXXXXXXXXXXXXXXXXXXXXXXXXXXXXXXXXXXXXXXXXXXXXXXXXXXXXXXXXXXXXXXXXXXXXXXXXXXXXXXXXXXXXXXXXXXXXXXXXXXXX
2026-09-28T03:53:59.333+03:00 [s1] [O] DELIVERY QUEUED source=2 bytes=128 waiting=1/8 in_flight=0
2026-09-28T03:53:59.376+03:00 [s2] [O] PEER_REPORT our_seq=813 TX=-44/5 Q97
2026-09-28T03:53:59.380+03:00 [s2] [O] 
2026-09-28T03:53:59.383+03:00 [s2] [O] RX USER session=118C seq=809 frame=140B user=128B RX=-41/4 Q100 disposition=0
2026-09-28T03:53:59.386+03:00 [s2] [O] < [-41/4 Q100] S7AP128R2-XXXXXXXXXXXXXXXXXXXXXXXXXXXXXXXXXXXXXXXXXXXXXXXXXXXXXXXXXXXXXXXXXXXXXXXXXXXXXXXXXXXXXXXXXXXXXXXXXXXXXXXXXXXXXXXXXXXXXX
2026-09-28T03:53:59.459+03:00 [s1] [O] 
2026-09-28T03:53:59.503+03:00 [s1] [O] TX USER seq=809 frame=140B user=128B attempt=1/5 OK time=59 ms
2026-09-28T03:53:59.611+03:00 [s2] [O] 
2026-09-28T03:53:59.612+03:00 [s2] [O] TX ACK seq=814 ack_to=118C/809 frame=14B OK time=13 ms guard=500ms
2026-09-28T03:53:59.640+03:00 [s1] [O] > S7AP128R2-XXXXXXXXXXXXXXXXXXXXXXXXXXXXXXXXXXXXXXXXXXXXXXXXXXXXXXXXXXXXXXXXXXXXXXXXXXXXXXXXXXXXXXXXXXXXXXXXXXXXXXXXXXXXXXXXXXXXXX
2026-09-28T03:53:59.683+03:00 [s1] [O] DELIVERY WAIT_ACK user=118C/809 attempt=1/5 timeout=712ms queue=0
2026-09-28T03:53:59.740+03:00 [s1] [O] PEER_REPORT our_seq=809 TX=-41/5 Q100
2026-09-28T03:53:59.781+03:00 [s1] [O] 
2026-09-28T03:53:59.831+03:00 [s1] [O] RX ACK session=EBE8 seq=814 ack_to=118C/809 frame=14B RX=-41/5 Q97
2026-09-28T03:53:59.964+03:00 [s1] [O] DELIVERY ACK user=118C/809 attempts=1/5 elapsed=223ms queue=0
2026-09-28T03:53:59.973+03:00 [s1] [I] S7AP128R3-XXXXXXXXXXXXXXXXXXXXXXXXXXXXXXXXXXXXXXXXXXXXXXXXXXXXXXXXXXXXXXXXXXXXXXXXXXXXXXXXXXXXXXXXXXXXXXXXXXXXXXXXXXXXXXXXXXXXXX
2026-09-28T03:54:00.055+03:00 [s1] [O] DELIVERY QUEUED source=2 bytes=128 waiting=1/8 in_flight=0
2026-09-28T03:54:00.114+03:00 [s2] [O] PEER_REPORT our_seq=814 TX=-41/5 Q97
2026-09-28T03:54:00.116+03:00 [s2] [O] 
2026-09-28T03:54:00.118+03:00 [s2] [O] RX USER session=118C seq=810 frame=140B user=128B RX=-42/4 Q100 disposition=0
2026-09-28T03:54:00.120+03:00 [s2] [O] < [-42/4 Q100] S7AP128R3-XXXXXXXXXXXXXXXXXXXXXXXXXXXXXXXXXXXXXXXXXXXXXXXXXXXXXXXXXXXXXXXXXXXXXXXXXXXXXXXXXXXXXXXXXXXXXXXXXXXXXXXXXXXXXXXXXXXXXX
2026-09-28T03:54:00.134+03:00 [s1] [O] 
2026-09-28T03:54:00.178+03:00 [s1] [O] TX USER seq=810 frame=140B user=128B attempt=1/5 OK time=60 ms
2026-09-28T03:54:00.312+03:00 [s1] [O] > S7AP128R3-XXXXXXXXXXXXXXXXXXXXXXXXXXXXXXXXXXXXXXXXXXXXXXXXXXXXXXXXXXXXXXXXXXXXXXXXXXXXXXXXXXXXXXXXXXXXXXXXXXXXXXXXXXXXXXXXXXXXXX
2026-09-28T03:54:00.320+03:00 [s2] [O] 
2026-09-28T03:54:00.336+03:00 [s2] [O] TX ACK seq=815 ack_to=118C/810 frame=14B OK time=13 ms guard=500ms
2026-09-28T03:54:00.365+03:00 [s1] [O] DELIVERY WAIT_ACK user=118C/810 attempt=1/5 timeout=712ms queue=0
2026-09-28T03:54:00.413+03:00 [s1] [O] PEER_REPORT our_seq=810 TX=-42/5 Q100
2026-09-28T03:54:00.455+03:00 [s1] [O] 
2026-09-28T03:54:00.538+03:00 [s1] [O] RX ACK session=EBE8 seq=815 ack_to=118C/810 frame=14B RX=-41/5 Q97
2026-09-28T03:54:00.637+03:00 [s1] [O] DELIVERY ACK user=118C/810 attempts=1/5 elapsed=224ms queue=0
2026-09-28T03:54:00.639+03:00 [s1] [I] S7AP128R4-XXXXXXXXXXXXXXXXXXXXXXXXXXXXXXXXXXXXXXXXXXXXXXXXXXXXXXXXXXXXXXXXXXXXXXXXXXXXXXXXXXXXXXXXXXXXXXXXXXXXXXXXXXXXXXXXXXXXXX
2026-09-28T03:54:00.730+03:00 [s1] [O] DELIVERY QUEUED source=2 bytes=128 waiting=1/8 in_flight=0
2026-09-28T03:54:00.768+03:00 [s2] [O] PEER_REPORT our_seq=815 TX=-41/5 Q97
2026-09-28T03:54:00.780+03:00 [s2] [O] 
2026-09-28T03:54:00.788+03:00 [s2] [O] RX USER session=118C seq=811 frame=140B user=128B RX=-42/5 Q100 disposition=0
2026-09-28T03:54:00.792+03:00 [s2] [O] < [-42/5 Q100] S7AP128R4-XXXXXXXXXXXXXXXXXXXXXXXXXXXXXXXXXXXXXXXXXXXXXXXXXXXXXXXXXXXXXXXXXXXXXXXXXXXXXXXXXXXXXXXXXXXXXXXXXXXXXXXXXXXXXXXXXXXXXX
2026-09-28T03:54:00.809+03:00 [s1] [O] 
2026-09-28T03:54:00.855+03:00 [s1] [O] TX USER seq=811 frame=140B user=128B attempt=1/5 OK time=60 ms
2026-09-28T03:54:00.987+03:00 [s1] [O] > S7AP128R4-XXXXXXXXXXXXXXXXXXXXXXXXXXXXXXXXXXXXXXXXXXXXXXXXXXXXXXXXXXXXXXXXXXXXXXXXXXXXXXXXXXXXXXXXXXXXXXXXXXXXXXXXXXXXXXXXXXXXXX
2026-09-28T03:54:00.999+03:00 [s2] [O] 
2026-09-28T03:54:01.001+03:00 [s2] [O] TX ACK seq=816 ack_to=118C/811 frame=14B OK time=13 ms guard=500ms
2026-09-28T03:54:01.040+03:00 [s1] [O] DELIVERY WAIT_ACK user=118C/811 attempt=1/5 timeout=712ms queue=0
2026-09-28T03:54:01.130+03:00 [s1] [O] PEER_REPORT our_seq=811 TX=-42/5 Q100
2026-09-28T03:54:01.179+03:00 [s1] [O] 
2026-09-28T03:54:01.227+03:00 [s1] [O] RX ACK session=EBE8 seq=816 ack_to=118C/811 frame=14B RX=-43/5 Q97
2026-09-28T03:54:01.348+03:00 [s1] [O] DELIVERY ACK user=118C/811 attempts=1/5 elapsed=224ms queue=0
2026-09-28T03:54:01.355+03:00 [s1] [I] S7AP128R5-XXXXXXXXXXXXXXXXXXXXXXXXXXXXXXXXXXXXXXXXXXXXXXXXXXXXXXXXXXXXXXXXXXXXXXXXXXXXXXXXXXXXXXXXXXXXXXXXXXXXXXXXXXXXXXXXXXXXXX
2026-09-28T03:54:01.448+03:00 [s1] [O] DELIVERY QUEUED source=2 bytes=128 waiting=1/8 in_flight=0
2026-09-28T03:54:01.495+03:00 [s2] [O] PEER_REPORT our_seq=816 TX=-43/5 Q97
2026-09-28T03:54:01.500+03:00 [s2] [O] 
2026-09-28T03:54:01.504+03:00 [s2] [O] RX USER session=118C seq=812 frame=140B user=128B RX=-42/4 Q100 disposition=0
2026-09-28T03:54:01.506+03:00 [s2] [O] < [-42/4 Q100] S7AP128R5-XXXXXXXXXXXXXXXXXXXXXXXXXXXXXXXXXXXXXXXXXXXXXXXXXXXXXXXXXXXXXXXXXXXXXXXXXXXXXXXXXXXXXXXXXXXXXXXXXXXXXXXXXXXXXXXXXXXXXX
2026-09-28T03:54:01.527+03:00 [s1] [O] 
2026-09-28T03:54:01.571+03:00 [s1] [O] TX USER seq=812 frame=140B user=128B attempt=1/5 OK time=60 ms
2026-09-28T03:54:01.708+03:00 [s1] [O] > S7AP128R5-XXXXXXXXXXXXXXXXXXXXXXXXXXXXXXXXXXXXXXXXXXXXXXXXXXXXXXXXXXXXXXXXXXXXXXXXXXXXXXXXXXXXXXXXXXXXXXXXXXXXXXXXXXXXXXXXXXXXXX
2026-09-28T03:54:01.725+03:00 [s2] [O] 
2026-09-28T03:54:01.740+03:00 [s2] [O] TX ACK seq=817 ack_to=118C/812 frame=14B OK time=13 ms guard=500ms
2026-09-28T03:54:01.753+03:00 [s1] [O] DELIVERY WAIT_ACK user=118C/812 attempt=1/5 timeout=712ms queue=0
2026-09-28T03:54:01.850+03:00 [s1] [O] PEER_REPORT our_seq=812 TX=-42/4 Q100
2026-09-28T03:54:01.902+03:00 [s1] [O] 
2026-09-28T03:54:01.936+03:00 [s1] [O] RX ACK session=EBE8 seq=817 ack_to=118C/812 frame=14B RX=-43/5 Q97
2026-09-28T03:54:02.067+03:00 [s1] [O] DELIVERY ACK user=118C/812 attempts=1/5 elapsed=224ms queue=0
2026-09-28T03:54:02.087+03:00 [s1] [I] S7AP128R6-XXXXXXXXXXXXXXXXXXXXXXXXXXXXXXXXXXXXXXXXXXXXXXXXXXXXXXXXXXXXXXXXXXXXXXXXXXXXXXXXXXXXXXXXXXXXXXXXXXXXXXXXXXXXXXXXXXXXXX
2026-09-28T03:54:02.175+03:00 [s1] [O] DELIVERY QUEUED source=2 bytes=128 waiting=1/8 in_flight=0
2026-09-28T03:54:02.209+03:00 [s2] [O] PEER_REPORT our_seq=817 TX=-43/5 Q97
2026-09-28T03:54:02.215+03:00 [s2] [O] 
2026-09-28T03:54:02.219+03:00 [s2] [O] RX USER session=118C seq=813 frame=140B user=128B RX=-42/4 Q100 disposition=0
2026-09-28T03:54:02.222+03:00 [s2] [O] < [-42/4 Q100] S7AP128R6-XXXXXXXXXXXXXXXXXXXXXXXXXXXXXXXXXXXXXXXXXXXXXXXXXXXXXXXXXXXXXXXXXXXXXXXXXXXXXXXXXXXXXXXXXXXXXXXXXXXXXXXXXXXXXXXXXXXXXX
2026-09-28T03:54:02.246+03:00 [s1] [O] 
2026-09-28T03:54:02.293+03:00 [s1] [O] TX USER seq=813 frame=140B user=128B attempt=1/5 OK time=60 ms
2026-09-28T03:54:02.444+03:00 [s2] [O] 
2026-09-28T03:54:02.459+03:00 [s2] [O] TX ACK seq=818 ack_to=118C/813 frame=14B OK time=13 ms guard=500ms
2026-09-28T03:54:02.476+03:00 [s1] [O] > S7AP128R6-XXXXXXXXXXXXXXXXXXXXXXXXXXXXXXXXXXXXXXXXXXXXXXXXXXXXXXXXXXXXXXXXXXXXXXXXXXXXXXXXXXXXXXXXXXXXXXXXXXXXXXXXXXXXXXXXXXXXXX
2026-09-28T03:54:02.531+03:00 [s1] [O] DELIVERY WAIT_ACK user=118C/813 attempt=1/5 timeout=712ms queue=0
2026-09-28T03:54:02.572+03:00 [s1] [O] PEER_REPORT our_seq=813 TX=-42/4 Q100
2026-09-28T03:54:02.617+03:00 [s1] [O] 
2026-09-28T03:54:02.663+03:00 [s1] [O] RX ACK session=EBE8 seq=818 ack_to=118C/813 frame=14B RX=-44/5 Q97
2026-09-28T03:54:02.790+03:00 [s1] [O] DELIVERY ACK user=118C/813 attempts=1/5 elapsed=223ms queue=0
2026-09-28T03:54:02.796+03:00 [s1] [I] S7AP128R7-XXXXXXXXXXXXXXXXXXXXXXXXXXXXXXXXXXXXXXXXXXXXXXXXXXXXXXXXXXXXXXXXXXXXXXXXXXXXXXXXXXXXXXXXXXXXXXXXXXXXXXXXXXXXXXXXXXXXXX
2026-09-28T03:54:02.893+03:00 [s1] [O] DELIVERY QUEUED source=2 bytes=128 waiting=1/8 in_flight=0
2026-09-28T03:54:02.939+03:00 [s2] [O] PEER_REPORT our_seq=818 TX=-44/5 Q97
2026-09-28T03:54:02.942+03:00 [s2] [O] 
2026-09-28T03:54:02.944+03:00 [s2] [O] RX USER session=118C seq=814 frame=140B user=128B RX=-42/4 Q100 disposition=0
2026-09-28T03:54:02.946+03:00 [s2] [O] < [-42/4 Q100] S7AP128R7-XXXXXXXXXXXXXXXXXXXXXXXXXXXXXXXXXXXXXXXXXXXXXXXXXXXXXXXXXXXXXXXXXXXXXXXXXXXXXXXXXXXXXXXXXXXXXXXXXXXXXXXXXXXXXXXXXXXXXX
2026-09-28T03:54:02.967+03:00 [s1] [O] 
2026-09-28T03:54:03.012+03:00 [s1] [O] TX USER seq=814 frame=140B user=128B attempt=1/5 OK time=60 ms
2026-09-28T03:54:03.147+03:00 [s1] [O] > S7AP128R7-XXXXXXXXXXXXXXXXXXXXXXXXXXXXXXXXXXXXXXXXXXXXXXXXXXXXXXXXXXXXXXXXXXXXXXXXXXXXXXXXXXXXXXXXXXXXXXXXXXXXXXXXXXXXXXXXXXXXXX
2026-09-28T03:54:03.161+03:00 [s2] [O] 
2026-09-28T03:54:03.175+03:00 [s2] [O] TX ACK seq=819 ack_to=118C/814 frame=14B OK time=13 ms guard=500ms
2026-09-28T03:54:03.193+03:00 [s1] [O] DELIVERY WAIT_ACK user=118C/814 attempt=1/5 timeout=712ms queue=0
2026-09-28T03:54:03.295+03:00 [s1] [O] PEER_REPORT our_seq=814 TX=-42/5 Q100
2026-09-28T03:54:03.342+03:00 [s1] [O] 
2026-09-28T03:54:03.375+03:00 [s1] [O] RX ACK session=EBE8 seq=819 ack_to=118C/814 frame=14B RX=-43/5 Q97
2026-09-28T03:54:03.507+03:00 [s1] [O] DELIVERY ACK user=118C/814 attempts=1/5 elapsed=224ms queue=0
2026-09-28T03:54:03.514+03:00 [s1] [I] S7AP128R8-XXXXXXXXXXXXXXXXXXXXXXXXXXXXXXXXXXXXXXXXXXXXXXXXXXXXXXXXXXXXXXXXXXXXXXXXXXXXXXXXXXXXXXXXXXXXXXXXXXXXXXXXXXXXXXXXXXXXXX
2026-09-28T03:54:03.606+03:00 [s1] [O] DELIVERY QUEUED source=2 bytes=128 waiting=1/8 in_flight=0
2026-09-28T03:54:03.666+03:00 [s2] [O] PEER_REPORT our_seq=819 TX=-43/5 Q97
2026-09-28T03:54:03.668+03:00 [s2] [O] 
2026-09-28T03:54:03.678+03:00 [s2] [O] RX USER session=118C seq=815 frame=140B user=128B RX=-42/4 Q100 disposition=0
2026-09-28T03:54:03.690+03:00 [s2] [O] < [-42/4 Q100] S7AP128R8-XXXXXXXXXXXXXXXXXXXXXXXXXXXXXXXXXXXXXXXXXXXXXXXXXXXXXXXXXXXXXXXXXXXXXXXXXXXXXXXXXXXXXXXXXXXXXXXXXXXXXXXXXXXXXXXXXXXXXX
2026-09-28T03:54:03.690+03:00 [s1] [O] 
2026-09-28T03:54:03.732+03:00 [s1] [O] TX USER seq=815 frame=140B user=128B attempt=1/5 OK time=60 ms
2026-09-28T03:54:03.871+03:00 [s1] [O] > S7AP128R8-XXXXXXXXXXXXXXXXXXXXXXXXXXXXXXXXXXXXXXXXXXXXXXXXXXXXXXXXXXXXXXXXXXXXXXXXXXXXXXXXXXXXXXXXXXXXXXXXXXXXXXXXXXXXXXXXXXXXXX
2026-09-28T03:54:03.912+03:00 [s1] [O] DELIVERY WAIT_ACK user=118C/815 attempt=1/5 timeout=712ms queue=0
2026-09-28T03:54:03.923+03:00 [s2] [O] 
2026-09-28T03:54:03.926+03:00 [s2] [O] TX ACK seq=820 ack_to=118C/815 frame=14B OK time=13 ms guard=500ms
2026-09-28T03:54:03.960+03:00 [s1] [O] PEER_REPORT our_seq=815 TX=-42/4 Q100
2026-09-28T03:54:04.013+03:00 [s1] [O] 
2026-09-28T03:54:04.059+03:00 [s1] [O] RX ACK session=EBE8 seq=820 ack_to=118C/815 frame=14B RX=-44/4 Q97
2026-09-28T03:54:04.230+03:00 [s1] [O] DELIVERY ACK user=118C/815 attempts=1/5 elapsed=224ms queue=0
2026-09-28T03:54:04.246+03:00 [s1] [I] S7AP128R9-XXXXXXXXXXXXXXXXXXXXXXXXXXXXXXXXXXXXXXXXXXXXXXXXXXXXXXXXXXXXXXXXXXXXXXXXXXXXXXXXXXXXXXXXXXXXXXXXXXXXXXXXXXXXXXXXXXXXXX
2026-09-28T03:54:04.328+03:00 [s1] [O] DELIVERY QUEUED source=2 bytes=128 waiting=1/8 in_flight=0
2026-09-28T03:54:04.383+03:00 [s2] [O] PEER_REPORT our_seq=820 TX=-44/4 Q97
2026-09-28T03:54:04.388+03:00 [s2] [O] 
2026-09-28T03:54:04.396+03:00 [s2] [O] RX USER session=118C seq=816 frame=140B user=128B RX=-41/4 Q100 disposition=0
2026-09-28T03:54:04.399+03:00 [s2] [O] < [-41/4 Q100] S7AP128R9-XXXXXXXXXXXXXXXXXXXXXXXXXXXXXXXXXXXXXXXXXXXXXXXXXXXXXXXXXXXXXXXXXXXXXXXXXXXXXXXXXXXXXXXXXXXXXXXXXXXXXXXXXXXXXXXXXXXXXX
2026-09-28T03:54:04.407+03:00 [s1] [O] 
2026-09-28T03:54:04.454+03:00 [s1] [O] TX USER seq=816 frame=140B user=128B attempt=1/5 OK time=60 ms
2026-09-28T03:54:04.588+03:00 [s1] [O] > S7AP128R9-XXXXXXXXXXXXXXXXXXXXXXXXXXXXXXXXXXXXXXXXXXXXXXXXXXXXXXXXXXXXXXXXXXXXXXXXXXXXXXXXXXXXXXXXXXXXXXXXXXXXXXXXXXXXXXXXXXXXXX
2026-09-28T03:54:04.637+03:00 [s1] [O] DELIVERY WAIT_ACK user=118C/816 attempt=1/5 timeout=712ms queue=0
2026-09-28T03:54:04.643+03:00 [s2] [O] 
2026-09-28T03:54:04.656+03:00 [s2] [O] TX ACK seq=821 ack_to=118C/816 frame=14B OK time=13 ms guard=500ms
2026-09-28T03:54:04.722+03:00 [s1] [O] PEER_REPORT our_seq=816 TX=-41/4 Q100
2026-09-28T03:54:04.769+03:00 [s1] [O] 
2026-09-28T03:54:04.813+03:00 [s1] [O] RX ACK session=EBE8 seq=821 ack_to=118C/816 frame=14B RX=-43/4 Q97
2026-09-28T03:54:04.914+03:00 [s1] [O] DELIVERY ACK user=118C/816 attempts=1/5 elapsed=224ms queue=0
2026-09-28T03:54:04.919+03:00 [s1] [I] S7AP128R10-XXXXXXXXXXXXXXXXXXXXXXXXXXXXXXXXXXXXXXXXXXXXXXXXXXXXXXXXXXXXXXXXXXXXXXXXXXXXXXXXXXXXXXXXXXXXXXXXXXXXXXXXXXXXXXXXXXXXX
2026-09-28T03:54:05.007+03:00 [s1] [O] DELIVERY QUEUED source=2 bytes=128 waiting=1/8 in_flight=0
2026-09-28T03:54:05.052+03:00 [s2] [O] PEER_REPORT our_seq=821 TX=-43/4 Q97
2026-09-28T03:54:05.059+03:00 [s2] [O] 
2026-09-28T03:54:05.061+03:00 [s2] [O] RX USER session=118C seq=817 frame=140B user=128B RX=-42/5 Q100 disposition=0
2026-09-28T03:54:05.065+03:00 [s2] [O] < [-42/5 Q100] S7AP128R10-XXXXXXXXXXXXXXXXXXXXXXXXXXXXXXXXXXXXXXXXXXXXXXXXXXXXXXXXXXXXXXXXXXXXXXXXXXXXXXXXXXXXXXXXXXXXXXXXXXXXXXXXXXXXXXXXXXXXX
2026-09-28T03:54:05.085+03:00 [s1] [O] 
2026-09-28T03:54:05.127+03:00 [s1] [O] TX USER seq=817 frame=140B user=128B attempt=1/5 OK time=60 ms
2026-09-28T03:54:05.262+03:00 [s1] [O] > S7AP128R10-XXXXXXXXXXXXXXXXXXXXXXXXXXXXXXXXXXXXXXXXXXXXXXXXXXXXXXXXXXXXXXXXXXXXXXXXXXXXXXXXXXXXXXXXXXXXXXXXXXXXXXXXXXXXXXXXXXXXX
2026-09-28T03:54:05.272+03:00 [s2] [O] 
2026-09-28T03:54:05.282+03:00 [s2] [O] TX ACK seq=822 ack_to=118C/817 frame=14B OK time=13 ms guard=500ms
2026-09-28T03:54:05.355+03:00 [s1] [O] DELIVERY WAIT_ACK user=118C/817 attempt=1/5 timeout=712ms queue=0
2026-09-28T03:54:05.443+03:00 [s1] [O] PEER_REPORT our_seq=817 TX=-42/5 Q100
2026-09-28T03:54:05.490+03:00 [s1] [O] 
2026-09-28T03:54:05.533+03:00 [s1] [O] RX ACK session=EBE8 seq=822 ack_to=118C/817 frame=14B RX=-44/5 Q97
2026-09-28T03:54:05.634+03:00 [s1] [O] DELIVERY ACK user=118C/817 attempts=1/5 elapsed=224ms queue=0
2026-09-28T03:54:05.646+03:00 [s2] [I] S7BP128R1-XXXXXXXXXXXXXXXXXXXXXXXXXXXXXXXXXXXXXXXXXXXXXXXXXXXXXXXXXXXXXXXXXXXXXXXXXXXXXXXXXXXXXXXXXXXXXXXXXXXXXXXXXXXXXXXXXXXXXX
2026-09-28T03:54:05.818+03:00 [s2] [O] DELIVERY QUEUED source=2 bytes=128 waiting=1/8 in_flight=0
2026-09-28T03:54:05.856+03:00 [s1] [O] PEER_REPORT our_seq=817 TX=-42/5 Q100
2026-09-28T03:54:05.858+03:00 [s2] [O] 
2026-09-28T03:54:05.864+03:00 [s2] [O] TX USER seq=823 frame=140B user=128B attempt=1/5 OK time=60 ms
2026-09-28T03:54:05.869+03:00 [s2] [O] > S7BP128R1-XXXXXXXXXXXXXXXXXXXXXXXXXXXXXXXXXXXXXXXXXXXXXXXXXXXXXXXXXXXXXXXXXXXXXXXXXXXXXXXXXXXXXXXXXXXXXXXXXXXXXXXXXXXXXXXXXXXXXX
2026-09-28T03:54:05.893+03:00 [s1] [O] 
2026-09-28T03:54:05.909+03:00 [s2] [O] DELIVERY WAIT_ACK user=EBE8/823 attempt=1/5 timeout=712ms queue=0
2026-09-28T03:54:05.938+03:00 [s1] [O] RX USER session=EBE8 seq=823 frame=140B user=128B RX=-42/5 Q97 disposition=0
2026-09-28T03:54:06.091+03:00 [s2] [O] PEER_REPORT our_seq=823 TX=-42/5 Q97
2026-09-28T03:54:06.093+03:00 [s2] [O] 
2026-09-28T03:54:06.096+03:00 [s2] [O] RX ACK session=118C seq=818 ack_to=EBE8/823 frame=14B RX=-39/3 Q100
2026-09-28T03:54:06.105+03:00 [s2] [O] DELIVERY ACK user=EBE8/823 attempts=1/5 elapsed=225ms queue=0
2026-09-28T03:54:06.107+03:00 [s2] [I] S7BP128R2-XXXXXXXXXXXXXXXXXXXXXXXXXXXXXXXXXXXXXXXXXXXXXXXXXXXXXXXXXXXXXXXXXXXXXXXXXXXXXXXXXXXXXXXXXXXXXXXXXXXXXXXXXXXXXXXXXXXXXX
2026-09-28T03:54:06.117+03:00 [s1] [O] < [-42/5 Q97] S7BP128R1-XXXXXXXXXXXXXXXXXXXXXXXXXXXXXXXXXXXXXXXXXXXXXXXXXXXXXXXXXXXXXXXXXXXXXXXXXXXXXXXXXXXXXXXXXXXXXXXXXXXXXXXXXXXXXXXXXXXXXX
2026-09-28T03:54:06.122+03:00 [s1] [O] 
2026-09-28T03:54:06.164+03:00 [s1] [O] TX ACK seq=818 ack_to=EBE8/823 frame=14B OK time=13 ms guard=500ms
2026-09-28T03:54:06.177+03:00 [s2] [O] DELIVERY QUEUED source=2 bytes=128 waiting=1/8 in_flight=0
2026-09-28T03:54:06.218+03:00 [s2] [O] 
2026-09-28T03:54:06.218+03:00 [s2] [O] TX USER seq=824 frame=140B user=128B attempt=1/5 OK time=59 ms
2026-09-28T03:54:06.230+03:00 [s2] [O] > S7BP128R2-XXXXXXXXXXXXXXXXXXXXXXXXXXXXXXXXXXXXXXXXXXXXXXXXXXXXXXXXXXXXXXXXXXXXXXXXXXXXXXXXXXXXXXXXXXXXXXXXXXXXXXXXXXXXXXXXXXXXXX
2026-09-28T03:54:06.263+03:00 [s2] [O] DELIVERY WAIT_ACK user=EBE8/824 attempt=1/5 timeout=712ms queue=0
2026-09-28T03:54:06.297+03:00 [s1] [O] PEER_REPORT our_seq=818 TX=-39/3 Q100
2026-09-28T03:54:06.342+03:00 [s1] [O] 
2026-09-28T03:54:06.390+03:00 [s1] [O] RX USER session=EBE8 seq=824 frame=140B user=128B RX=-42/6 Q97 disposition=0
2026-09-28T03:54:06.506+03:00 [s2] [O] PEER_REPORT our_seq=824 TX=-42/6 Q97
2026-09-28T03:54:06.513+03:00 [s2] [O] 
2026-09-28T03:54:06.518+03:00 [s2] [O] RX ACK session=118C seq=819 ack_to=EBE8/824 frame=14B RX=-38/3 Q100
2026-09-28T03:54:06.523+03:00 [s2] [O] DELIVERY ACK user=EBE8/824 attempts=1/5 elapsed=225ms queue=0
2026-09-28T03:54:06.529+03:00 [s2] [I] S7BP128R3-XXXXXXXXXXXXXXXXXXXXXXXXXXXXXXXXXXXXXXXXXXXXXXXXXXXXXXXXXXXXXXXXXXXXXXXXXXXXXXXXXXXXXXXXXXXXXXXXXXXXXXXXXXXXXXXXXXXXXX
2026-09-28T03:54:06.570+03:00 [s1] [O] < [-42/6 Q97] S7BP128R2-XXXXXXXXXXXXXXXXXXXXXXXXXXXXXXXXXXXXXXXXXXXXXXXXXXXXXXXXXXXXXXXXXXXXXXXXXXXXXXXXXXXXXXXXXXXXXXXXXXXXXXXXXXXXXXXXXXXXXX
2026-09-28T03:54:06.574+03:00 [s1] [O] 
2026-09-28T03:54:06.625+03:00 [s1] [O] TX ACK seq=819 ack_to=EBE8/824 frame=14B OK time=13 ms guard=500ms
2026-09-28T03:54:06.640+03:00 [s2] [O] DELIVERY QUEUED source=2 bytes=128 waiting=1/8 in_flight=0
2026-09-28T03:54:06.668+03:00 [s2] [O] 
2026-09-28T03:54:06.668+03:00 [s2] [O] TX USER seq=825 frame=140B user=128B attempt=1/5 OK time=60 ms
2026-09-28T03:54:06.688+03:00 [s2] [O] > S7BP128R3-XXXXXXXXXXXXXXXXXXXXXXXXXXXXXXXXXXXXXXXXXXXXXXXXXXXXXXXXXXXXXXXXXXXXXXXXXXXXXXXXXXXXXXXXXXXXXXXXXXXXXXXXXXXXXXXXXXXXXX
2026-09-28T03:54:06.713+03:00 [s2] [O] DELIVERY WAIT_ACK user=EBE8/825 attempt=1/5 timeout=712ms queue=0
2026-09-28T03:54:06.713+03:00 [s1] [O] PEER_REPORT our_seq=819 TX=-38/3 Q100
2026-09-28T03:54:06.758+03:00 [s1] [O] 
2026-09-28T03:54:06.807+03:00 [s1] [O] RX USER session=EBE8 seq=825 frame=140B user=128B RX=-43/6 Q97 disposition=0
2026-09-28T03:54:06.902+03:00 [s2] [O] PEER_REPORT our_seq=825 TX=-43/6 Q97
2026-09-28T03:54:06.906+03:00 [s2] [O] 
2026-09-28T03:54:06.908+03:00 [s2] [O] RX ACK session=118C seq=820 ack_to=EBE8/825 frame=14B RX=-40/5 Q100
2026-09-28T03:54:06.911+03:00 [s2] [O] DELIVERY ACK user=EBE8/825 attempts=1/5 elapsed=225ms queue=0
2026-09-28T03:54:06.913+03:00 [s2] [I] S7BP128R4-XXXXXXXXXXXXXXXXXXXXXXXXXXXXXXXXXXXXXXXXXXXXXXXXXXXXXXXXXXXXXXXXXXXXXXXXXXXXXXXXXXXXXXXXXXXXXXXXXXXXXXXXXXXXXXXXXXXXXX
2026-09-28T03:54:06.989+03:00 [s1] [O] < [-43/6 Q97] S7BP128R3-XXXXXXXXXXXXXXXXXXXXXXXXXXXXXXXXXXXXXXXXXXXXXXXXXXXXXXXXXXXXXXXXXXXXXXXXXXXXXXXXXXXXXXXXXXXXXXXXXXXXXXXXXXXXXXXXXXXXXX
2026-09-28T03:54:06.995+03:00 [s1] [O] 
2026-09-28T03:54:06.996+03:00 [s2] [O] DELIVERY QUEUED source=2 bytes=128 waiting=1/8 in_flight=0
2026-09-28T03:54:07.020+03:00 [s1] [O] TX ACK seq=820 ack_to=EBE8/825 frame=14B OK time=13 ms guard=500ms
2026-09-28T03:54:07.030+03:00 [s2] [O] 
2026-09-28T03:54:07.031+03:00 [s2] [O] TX USER seq=826 frame=140B user=128B attempt=1/5 OK time=60 ms
2026-09-28T03:54:07.034+03:00 [s2] [O] > S7BP128R4-XXXXXXXXXXXXXXXXXXXXXXXXXXXXXXXXXXXXXXXXXXXXXXXXXXXXXXXXXXXXXXXXXXXXXXXXXXXXXXXXXXXXXXXXXXXXXXXXXXXXXXXXXXXXXXXXXXXXXX
2026-09-28T03:54:07.081+03:00 [s2] [O] DELIVERY WAIT_ACK user=EBE8/826 attempt=1/5 timeout=712ms queue=0
2026-09-28T03:54:07.117+03:00 [s1] [O] PEER_REPORT our_seq=820 TX=-40/5 Q100
2026-09-28T03:54:07.154+03:00 [s1] [O] 
2026-09-28T03:54:07.214+03:00 [s1] [O] RX USER session=EBE8 seq=826 frame=140B user=128B RX=-42/5 Q97 disposition=0
2026-09-28T03:54:07.252+03:00 [s2] [O] PEER_REPORT our_seq=826 TX=-42/5 Q97
2026-09-28T03:54:07.259+03:00 [s2] [O] 
2026-09-28T03:54:07.298+03:00 [s2] [O] RX ACK session=118C seq=821 ack_to=EBE8/826 frame=14B RX=-41/5 Q100
2026-09-28T03:54:07.327+03:00 [s2] [O] DELIVERY ACK user=EBE8/826 attempts=1/5 elapsed=225ms queue=0
2026-09-28T03:54:07.330+03:00 [s2] [I] S7BP128R5-XXXXXXXXXXXXXXXXXXXXXXXXXXXXXXXXXXXXXXXXXXXXXXXXXXXXXXXXXXXXXXXXXXXXXXXXXXXXXXXXXXXXXXXXXXXXXXXXXXXXXXXXXXXXXXXXXXXXXX
2026-09-28T03:54:07.377+03:00 [s1] [O] < [-42/5 Q97] S7BP128R4-XXXXXXXXXXXXXXXXXXXXXXXXXXXXXXXXXXXXXXXXXXXXXXXXXXXXXXXXXXXXXXXXXXXXXXXXXXXXXXXXXXXXXXXXXXXXXXXXXXXXXXXXXXXXXXXXXXXXXX
2026-09-28T03:54:07.378+03:00 [s1] [O] 
2026-09-28T03:54:07.427+03:00 [s1] [O] TX ACK seq=821 ack_to=EBE8/826 frame=14B OK time=13 ms guard=500ms
2026-09-28T03:54:07.445+03:00 [s2] [O] DELIVERY QUEUED source=2 bytes=128 waiting=1/8 in_flight=0
2026-09-28T03:54:07.489+03:00 [s2] [O] 
2026-09-28T03:54:07.490+03:00 [s2] [O] TX USER seq=827 frame=140B user=128B attempt=1/5 OK time=60 ms
2026-09-28T03:54:07.495+03:00 [s2] [O] > S7BP128R5-XXXXXXXXXXXXXXXXXXXXXXXXXXXXXXXXXXXXXXXXXXXXXXXXXXXXXXXXXXXXXXXXXXXXXXXXXXXXXXXXXXXXXXXXXXXXXXXXXXXXXXXXXXXXXXXXXXXXXX
2026-09-28T03:54:07.515+03:00 [s1] [O] PEER_REPORT our_seq=821 TX=-41/5 Q100
2026-09-28T03:54:07.531+03:00 [s2] [O] DELIVERY WAIT_ACK user=EBE8/827 attempt=1/5 timeout=712ms queue=0
2026-09-28T03:54:07.557+03:00 [s1] [O] 
2026-09-28T03:54:07.605+03:00 [s1] [O] RX USER session=EBE8 seq=827 frame=140B user=128B RX=-43/6 Q97 disposition=0
2026-09-28T03:54:07.711+03:00 [s2] [O] PEER_REPORT our_seq=827 TX=-43/6 Q97
2026-09-28T03:54:07.718+03:00 [s2] [O] 
2026-09-28T03:54:07.724+03:00 [s2] [O] RX ACK session=118C seq=822 ack_to=EBE8/827 frame=14B RX=-42/4 Q100
2026-09-28T03:54:07.728+03:00 [s2] [O] DELIVERY ACK user=EBE8/827 attempts=1/5 elapsed=225ms queue=0
2026-09-28T03:54:07.731+03:00 [s2] [I] S7BP128R6-XXXXXXXXXXXXXXXXXXXXXXXXXXXXXXXXXXXXXXXXXXXXXXXXXXXXXXXXXXXXXXXXXXXXXXXXXXXXXXXXXXXXXXXXXXXXXXXXXXXXXXXXXXXXXXXXXXXXXX
2026-09-28T03:54:07.784+03:00 [s1] [O] < [-43/6 Q97] S7BP128R5-XXXXXXXXXXXXXXXXXXXXXXXXXXXXXXXXXXXXXXXXXXXXXXXXXXXXXXXXXXXXXXXXXXXXXXXXXXXXXXXXXXXXXXXXXXXXXXXXXXXXXXXXXXXXXXXXXXXXXX
2026-09-28T03:54:07.790+03:00 [s1] [O] 
2026-09-28T03:54:07.796+03:00 [s2] [O] DELIVERY QUEUED source=2 bytes=128 waiting=1/8 in_flight=0
2026-09-28T03:54:07.828+03:00 [s1] [O] TX ACK seq=822 ack_to=EBE8/827 frame=14B OK time=13 ms guard=500ms
2026-09-28T03:54:07.848+03:00 [s2] [O] 
2026-09-28T03:54:07.855+03:00 [s2] [O] TX USER seq=828 frame=140B user=128B attempt=1/5 OK time=59 ms
2026-09-28T03:54:07.858+03:00 [s2] [O] > S7BP128R6-XXXXXXXXXXXXXXXXXXXXXXXXXXXXXXXXXXXXXXXXXXXXXXXXXXXXXXXXXXXXXXXXXXXXXXXXXXXXXXXXXXXXXXXXXXXXXXXXXXXXXXXXXXXXXXXXXXXXXX
2026-09-28T03:54:07.891+03:00 [s2] [O] DELIVERY WAIT_ACK user=EBE8/828 attempt=1/5 timeout=712ms queue=0
2026-09-28T03:54:07.920+03:00 [s1] [O] PEER_REPORT our_seq=822 TX=-42/4 Q100
2026-09-28T03:54:07.975+03:00 [s1] [O] 
2026-09-28T03:54:08.016+03:00 [s1] [O] RX USER session=EBE8 seq=828 frame=140B user=128B RX=-42/5 Q97 disposition=0
2026-09-28T03:54:08.069+03:00 [s2] [O] PEER_REPORT our_seq=828 TX=-42/5 Q97
2026-09-28T03:54:08.076+03:00 [s2] [O] 
2026-09-28T03:54:08.079+03:00 [s2] [O] RX ACK session=118C seq=823 ack_to=EBE8/828 frame=14B RX=-41/3 Q100
2026-09-28T03:54:08.085+03:00 [s2] [O] DELIVERY ACK user=EBE8/828 attempts=1/5 elapsed=225ms queue=0
2026-09-28T03:54:08.088+03:00 [s2] [I] S7BP128R7-XXXXXXXXXXXXXXXXXXXXXXXXXXXXXXXXXXXXXXXXXXXXXXXXXXXXXXXXXXXXXXXXXXXXXXXXXXXXXXXXXXXXXXXXXXXXXXXXXXXXXXXXXXXXXXXXXXXXXX
2026-09-28T03:54:08.152+03:00 [s2] [O] DELIVERY QUEUED source=2 bytes=128 waiting=1/8 in_flight=0
2026-09-28T03:54:08.204+03:00 [s2] [O] 
2026-09-28T03:54:08.205+03:00 [s1] [O] < [-42/5 Q97] S7BP128R6-XXXXXXXXXXXXXXXXXXXXXXXXXXXXXXXXXXXXXXXXXXXXXXXXXXXXXXXXXXXXXXXXXXXXXXXXXXXXXXXXXXXXXXXXXXXXXXXXXXXXXXXXXXXXXXXXXXXXXX
2026-09-28T03:54:08.205+03:00 [s2] [O] TX USER seq=829 frame=140B user=128B attempt=1/5 OK time=60 ms
2026-09-28T03:54:08.206+03:00 [s1] [O] 
2026-09-28T03:54:08.211+03:00 [s2] [O] > S7BP128R7-XXXXXXXXXXXXXXXXXXXXXXXXXXXXXXXXXXXXXXXXXXXXXXXXXXXXXXXXXXXXXXXXXXXXXXXXXXXXXXXXXXXXXXXXXXXXXXXXXXXXXXXXXXXXXXXXXXXXXX
2026-09-28T03:54:08.239+03:00 [s1] [O] TX ACK seq=823 ack_to=EBE8/828 frame=14B OK time=13 ms guard=500ms
2026-09-28T03:54:08.246+03:00 [s2] [O] DELIVERY WAIT_ACK user=EBE8/829 attempt=1/5 timeout=712ms queue=0
2026-09-28T03:54:08.324+03:00 [s1] [O] PEER_REPORT our_seq=823 TX=-41/3 Q100
2026-09-28T03:54:08.370+03:00 [s1] [O] 
2026-09-28T03:54:08.427+03:00 [s1] [O] RX USER session=EBE8 seq=829 frame=140B user=128B RX=-43/6 Q97 disposition=0
2026-09-28T03:54:08.440+03:00 [s2] [O] PEER_REPORT our_seq=829 TX=-43/6 Q97
2026-09-28T03:54:08.456+03:00 [s2] [O] 
2026-09-28T03:54:08.469+03:00 [s2] [O] RX ACK session=118C seq=824 ack_to=EBE8/829 frame=14B RX=-40/4 Q100
2026-09-28T03:54:08.475+03:00 [s2] [O] DELIVERY ACK user=EBE8/829 attempts=1/5 elapsed=225ms queue=0
2026-09-28T03:54:08.480+03:00 [s2] [I] S7BP128R8-XXXXXXXXXXXXXXXXXXXXXXXXXXXXXXXXXXXXXXXXXXXXXXXXXXXXXXXXXXXXXXXXXXXXXXXXXXXXXXXXXXXXXXXXXXXXXXXXXXXXXXXXXXXXXXXXXXXXXX
2026-09-28T03:54:08.560+03:00 [s2] [O] DELIVERY QUEUED source=2 bytes=128 waiting=1/8 in_flight=0
2026-09-28T03:54:08.607+03:00 [s2] [O] 
2026-09-28T03:54:08.607+03:00 [s1] [O] < [-43/6 Q97] S7BP128R7-XXXXXXXXXXXXXXXXXXXXXXXXXXXXXXXXXXXXXXXXXXXXXXXXXXXXXXXXXXXXXXXXXXXXXXXXXXXXXXXXXXXXXXXXXXXXXXXXXXXXXXXXXXXXXXXXXXXXXX
2026-09-28T03:54:08.609+03:00 [s2] [O] TX USER seq=830 frame=140B user=128B attempt=1/5 OK time=60 ms
2026-09-28T03:54:08.614+03:00 [s1] [O] 
2026-09-28T03:54:08.622+03:00 [s2] [O] > S7BP128R8-XXXXXXXXXXXXXXXXXXXXXXXXXXXXXXXXXXXXXXXXXXXXXXXXXXXXXXXXXXXXXXXXXXXXXXXXXXXXXXXXXXXXXXXXXXXXXXXXXXXXXXXXXXXXXXXXXXXXXX
2026-09-28T03:54:08.638+03:00 [s1] [O] TX ACK seq=824 ack_to=EBE8/829 frame=14B OK time=13 ms guard=500ms
2026-09-28T03:54:08.651+03:00 [s2] [O] DELIVERY WAIT_ACK user=EBE8/830 attempt=1/5 timeout=712ms queue=0
2026-09-28T03:54:08.739+03:00 [s1] [O] PEER_REPORT our_seq=824 TX=-40/4 Q100
2026-09-28T03:54:08.783+03:00 [s1] [O] 
2026-09-28T03:54:08.821+03:00 [s1] [O] RX USER session=EBE8 seq=830 frame=140B user=128B RX=-42/5 Q97 disposition=0
2026-09-28T03:54:08.832+03:00 [s2] [O] PEER_REPORT our_seq=830 TX=-42/5 Q97
2026-09-28T03:54:08.834+03:00 [s2] [O] 
2026-09-28T03:54:08.842+03:00 [s2] [O] RX ACK session=118C seq=825 ack_to=EBE8/830 frame=14B RX=-40/5 Q100
2026-09-28T03:54:08.849+03:00 [s2] [O] DELIVERY ACK user=EBE8/830 attempts=1/5 elapsed=225ms queue=0
2026-09-28T03:54:08.856+03:00 [s2] [I] S7BP128R9-XXXXXXXXXXXXXXXXXXXXXXXXXXXXXXXXXXXXXXXXXXXXXXXXXXXXXXXXXXXXXXXXXXXXXXXXXXXXXXXXXXXXXXXXXXXXXXXXXXXXXXXXXXXXXXXXXXXXXX
2026-09-28T03:54:08.964+03:00 [s2] [O] DELIVERY QUEUED source=2 bytes=128 waiting=1/8 in_flight=0
2026-09-28T03:54:08.997+03:00 [s1] [O] < [-42/5 Q97] S7BP128R8-XXXXXXXXXXXXXXXXXXXXXXXXXXXXXXXXXXXXXXXXXXXXXXXXXXXXXXXXXXXXXXXXXXXXXXXXXXXXXXXXXXXXXXXXXXXXXXXXXXXXXXXXXXXXXXXXXXXXXX
2026-09-28T03:54:09.005+03:00 [s2] [O] 
2026-09-28T03:54:09.017+03:00 [s1] [O] 
2026-09-28T03:54:09.021+03:00 [s2] [O] TX USER seq=831 frame=140B user=128B attempt=1/5 OK time=60 ms
2026-09-28T03:54:09.040+03:00 [s2] [O] > S7BP128R9-XXXXXXXXXXXXXXXXXXXXXXXXXXXXXXXXXXXXXXXXXXXXXXXXXXXXXXXXXXXXXXXXXXXXXXXXXXXXXXXXXXXXXXXXXXXXXXXXXXXXXXXXXXXXXXXXXXXXXX
2026-09-28T03:54:09.048+03:00 [s1] [O] TX ACK seq=825 ack_to=EBE8/830 frame=14B OK time=13 ms guard=500ms
2026-09-28T03:54:09.062+03:00 [s2] [O] DELIVERY WAIT_ACK user=EBE8/831 attempt=1/5 timeout=712ms queue=0
2026-09-28T03:54:09.139+03:00 [s1] [O] PEER_REPORT our_seq=825 TX=-40/5 Q100
2026-09-28T03:54:09.188+03:00 [s1] [O] 
2026-09-28T03:54:09.237+03:00 [s2] [O] PEER_REPORT our_seq=831 TX=-43/5 Q97
2026-09-28T03:54:09.237+03:00 [s2] [O] 
2026-09-28T03:54:09.249+03:00 [s2] [O] RX ACK session=118C seq=826 ack_to=EBE8/831 frame=14B RX=-41/5 Q100
2026-09-28T03:54:09.247+03:00 [s1] [O] RX USER session=EBE8 seq=831 frame=140B user=128B RX=-43/5 Q97 disposition=0
2026-09-28T03:54:09.256+03:00 [s2] [O] DELIVERY ACK user=EBE8/831 attempts=1/5 elapsed=225ms queue=0
2026-09-28T03:54:09.259+03:00 [s2] [I] S7BP128R10-XXXXXXXXXXXXXXXXXXXXXXXXXXXXXXXXXXXXXXXXXXXXXXXXXXXXXXXXXXXXXXXXXXXXXXXXXXXXXXXXXXXXXXXXXXXXXXXXXXXXXXXXXXXXXXXXXXXXX
2026-09-28T03:54:09.332+03:00 [s2] [O] DELIVERY QUEUED source=2 bytes=128 waiting=1/8 in_flight=0
2026-09-28T03:54:09.367+03:00 [s2] [O] 
2026-09-28T03:54:09.368+03:00 [s2] [O] TX USER seq=832 frame=140B user=128B attempt=1/5 OK time=60 ms
2026-09-28T03:54:09.377+03:00 [s2] [O] > S7BP128R10-XXXXXXXXXXXXXXXXXXXXXXXXXXXXXXXXXXXXXXXXXXXXXXXXXXXXXXXXXXXXXXXXXXXXXXXXXXXXXXXXXXXXXXXXXXXXXXXXXXXXXXXXXXXXXXXXXXXXX
2026-09-28T03:54:09.404+03:00 [s1] [O] < [-43/5 Q97] S7BP128R9-XXXXXXXXXXXXXXXXXXXXXXXXXXXXXXXXXXXXXXXXXXXXXXXXXXXXXXXXXXXXXXXXXXXXXXXXXXXXXXXXXXXXXXXXXXXXXXXXXXXXXXXXXXXXXXXXXXXXXX
2026-09-28T03:54:09.412+03:00 [s1] [O] 
2026-09-28T03:54:09.412+03:00 [s2] [O] DELIVERY WAIT_ACK user=EBE8/832 attempt=1/5 timeout=712ms queue=0
2026-09-28T03:54:09.464+03:00 [s1] [O] TX ACK seq=826 ack_to=EBE8/831 frame=14B OK time=13 ms guard=500ms
2026-09-28T03:54:09.537+03:00 [s1] [O] PEER_REPORT our_seq=826 TX=-41/5 Q100
2026-09-28T03:54:09.584+03:00 [s1] [O] 
2026-09-28T03:54:09.601+03:00 [s2] [O] PEER_REPORT our_seq=832 TX=-43/5 Q97
2026-09-28T03:54:09.604+03:00 [s2] [O] 
2026-09-28T03:54:09.607+03:00 [s2] [O] RX ACK session=118C seq=827 ack_to=EBE8/832 frame=14B RX=-40/5 Q100
2026-09-28T03:54:09.612+03:00 [s2] [O] DELIVERY ACK user=EBE8/832 attempts=1/5 elapsed=226ms queue=0
2026-09-28T03:54:09.618+03:00 [s1] [I] S7AP160R1-XXXXXXXXXXXXXXXXXXXXXXXXXXXXXXXXXXXXXXXXXXXXXXXXXXXXXXXXXXXXXXXXXXXXXXXXXXXXXXXXXXXXXXXXXXXXXXXXXXXXXXXXXXXXXXXXXXXXXXXXXXXXXXXXXXXXXXXXXXXXXXXXXXXXXX
2026-09-28T03:54:09.674+03:00 [s1] [O] RX USER session=EBE8 seq=832 frame=140B user=128B RX=-43/5 Q97 disposition=0
2026-09-28T03:54:09.730+03:00 [s2] [O] PEER_REPORT our_seq=832 TX=-43/5 Q97
2026-09-28T03:54:09.733+03:00 [s2] [O] 
2026-09-28T03:54:09.744+03:00 [s2] [O] RX USER session=118C seq=828 frame=172B user=160B RX=-43/5 Q100 disposition=0
2026-09-28T03:54:09.787+03:00 [s2] [O] < [-43/5 Q100] S7AP160R1-XXXXXXXXXXXXXXXXXXXXXXXXXXXXXXXXXXXXXXXXXXXXXXXXXXXXXXXXXXXXXXXXXXXXXXXXXXXXXXXXXXXXXXXXXXXXXXXXXXXXXXXXXXXXXXXXXXXXXXXXXXXXXXXXXXXXXXXXXXXXXXXXXXXXXX
2026-09-28T03:54:09.852+03:00 [s1] [O] < [-43/5 Q97] S7BP128R10-XXXXXXXXXXXXXXXXXXXXXXXXXXXXXXXXXXXXXXXXXXXXXXXXXXXXXXXXXXXXXXXXXXXXXXXXXXXXXXXXXXXXXXXXXXXXXXXXXXXXXXXXXXXXXXXXXXXXX
2026-09-28T03:54:09.855+03:00 [s1] [O] 
2026-09-28T03:54:09.897+03:00 [s1] [O] TX ACK seq=827 ack_to=EBE8/832 frame=14B OK time=13 ms guard=500ms
2026-09-28T03:54:09.957+03:00 [s2] [O] 
2026-09-28T03:54:09.958+03:00 [s2] [O] TX ACK seq=833 ack_to=118C/828 frame=14B OK time=13 ms guard=500ms
2026-09-28T03:54:09.997+03:00 [s1] [O] DELIVERY QUEUED source=2 bytes=160 waiting=1/8 in_flight=0
2026-09-28T03:54:10.042+03:00 [s1] [O] 
2026-09-28T03:54:10.091+03:00 [s1] [O] TX USER seq=828 frame=172B user=160B attempt=1/5 OK time=71 ms
2026-09-28T03:54:10.257+03:00 [s1] [O] > S7AP160R1-XXXXXXXXXXXXXXXXXXXXXXXXXXXXXXXXXXXXXXXXXXXXXXXXXXXXXXXXXXXXXXXXXXXXXXXXXXXXXXXXXXXXXXXXXXXXXXXXXXXXXXXXXXXXXXXXXXXXXXXXXXXXXXXXXXXXXXXXXXXXXXXXXXXXXX
2026-09-28T03:54:10.310+03:00 [s1] [O] DELIVERY WAIT_ACK user=118C/828 attempt=1/5 timeout=712ms queue=0
2026-09-28T03:54:10.400+03:00 [s1] [O] PEER_REPORT our_seq=828 TX=-43/5 Q100
2026-09-28T03:54:10.449+03:00 [s1] [O] 
2026-09-28T03:54:10.486+03:00 [s1] [O] RX ACK session=EBE8 seq=833 ack_to=118C/828 frame=14B RX=-44/5 Q97
2026-09-28T03:54:10.632+03:00 [s1] [O] DELIVERY ACK user=118C/828 attempts=1/5 elapsed=218ms queue=0
2026-09-28T03:54:10.639+03:00 [s1] [I] S7AP160R2-XXXXXXXXXXXXXXXXXXXXXXXXXXXXXXXXXXXXXXXXXXXXXXXXXXXXXXXXXXXXXXXXXXXXXXXXXXXXXXXXXXXXXXXXXXXXXXXXXXXXXXXXXXXXXXXXXXXXXXXXXXXXXXXXXXXXXXXXXXXXXXXXXXXXXX
2026-09-28T03:54:10.723+03:00 [s1] [O] DELIVERY QUEUED source=2 bytes=160 waiting=1/8 in_flight=0
2026-09-28T03:54:10.770+03:00 [s2] [O] PEER_REPORT our_seq=833 TX=-44/5 Q97
2026-09-28T03:54:10.788+03:00 [s2] [O] 
2026-09-28T03:54:10.791+03:00 [s2] [O] RX USER session=118C seq=829 frame=172B user=160B RX=-42/4 Q100 disposition=0
2026-09-28T03:54:10.798+03:00 [s1] [O] 
2026-09-28T03:54:10.812+03:00 [s2] [O] < [-42/4 Q100] S7AP160R2-XXXXXXXXXXXXXXXXXXXXXXXXXXXXXXXXXXXXXXXXXXXXXXXXXXXXXXXXXXXXXXXXXXXXXXXXXXXXXXXXXXXXXXXXXXXXXXXXXXXXXXXXXXXXXXXXXXXXXXXXXXXXXXXXXXXXXXXXXXXXXXXXXXXXXX
2026-09-28T03:54:10.844+03:00 [s1] [O] TX USER seq=829 frame=172B user=160B attempt=1/5 OK time=72 ms
2026-09-28T03:54:10.986+03:00 [s1] [O] > S7AP160R2-XXXXXXXXXXXXXXXXXXXXXXXXXXXXXXXXXXXXXXXXXXXXXXXXXXXXXXXXXXXXXXXXXXXXXXXXXXXXXXXXXXXXXXXXXXXXXXXXXXXXXXXXXXXXXXXXXXXXXXXXXXXXXXXXXXXXXXXXXXXXXXXXXXXXXX
2026-09-28T03:54:10.992+03:00 [s2] [O] 
2026-09-28T03:54:10.998+03:00 [s2] [O] TX ACK seq=834 ack_to=118C/829 frame=14B OK time=13 ms guard=500ms
2026-09-28T03:54:11.033+03:00 [s1] [O] DELIVERY WAIT_ACK user=118C/829 attempt=1/5 timeout=712ms queue=0
2026-09-28T03:54:11.112+03:00 [s1] [O] PEER_REPORT our_seq=829 TX=-42/5 Q100
2026-09-28T03:54:11.158+03:00 [s1] [O] 
2026-09-28T03:54:11.204+03:00 [s1] [O] RX ACK session=EBE8 seq=834 ack_to=118C/829 frame=14B RX=-45/5 Q97
2026-09-28T03:54:11.340+03:00 [s1] [O] DELIVERY ACK user=118C/829 attempts=1/5 elapsed=226ms queue=0
2026-09-28T03:54:11.346+03:00 [s1] [I] S7AP160R3-XXXXXXXXXXXXXXXXXXXXXXXXXXXXXXXXXXXXXXXXXXXXXXXXXXXXXXXXXXXXXXXXXXXXXXXXXXXXXXXXXXXXXXXXXXXXXXXXXXXXXXXXXXXXXXXXXXXXXXXXXXXXXXXXXXXXXXXXXXXXXXXXXXXXXX
2026-09-28T03:54:11.472+03:00 [s1] [O] DELIVERY QUEUED source=2 bytes=160 waiting=1/8 in_flight=0
2026-09-28T03:54:11.485+03:00 [s2] [O] PEER_REPORT our_seq=834 TX=-45/5 Q97
2026-09-28T03:54:11.493+03:00 [s2] [O] 
2026-09-28T03:54:11.497+03:00 [s2] [O] RX USER session=118C seq=830 frame=172B user=160B RX=-41/4 Q100 disposition=0
2026-09-28T03:54:11.519+03:00 [s1] [O] 
2026-09-28T03:54:11.537+03:00 [s2] [O] < [-41/4 Q100] S7AP160R3-XXXXXXXXXXXXXXXXXXXXXXXXXXXXXXXXXXXXXXXXXXXXXXXXXXXXXXXXXXXXXXXXXXXXXXXXXXXXXXXXXXXXXXXXXXXXXXXXXXXXXXXXXXXXXXXXXXXXXXXXXXXXXXXXXXXXXXXXXXXXXXXXXXXXXX
2026-09-28T03:54:11.562+03:00 [s1] [O] TX USER seq=830 frame=172B user=160B attempt=1/5 OK time=72 ms
2026-09-28T03:54:11.714+03:00 [s2] [O] 
2026-09-28T03:54:11.717+03:00 [s2] [O] TX ACK seq=835 ack_to=118C/830 frame=14B OK time=13 ms guard=500ms
2026-09-28T03:54:11.741+03:00 [s1] [O] > S7AP160R3-XXXXXXXXXXXXXXXXXXXXXXXXXXXXXXXXXXXXXXXXXXXXXXXXXXXXXXXXXXXXXXXXXXXXXXXXXXXXXXXXXXXXXXXXXXXXXXXXXXXXXXXXXXXXXXXXXXXXXXXXXXXXXXXXXXXXXXXXXXXXXXXXXXXXXX
2026-09-28T03:54:11.788+03:00 [s1] [O] DELIVERY WAIT_ACK user=118C/830 attempt=1/5 timeout=712ms queue=0
2026-09-28T03:54:11.836+03:00 [s1] [O] PEER_REPORT our_seq=830 TX=-41/4 Q100
2026-09-28T03:54:11.885+03:00 [s1] [O] 
2026-09-28T03:54:11.925+03:00 [s1] [O] RX ACK session=EBE8 seq=835 ack_to=118C/830 frame=14B RX=-44/5 Q97
2026-09-28T03:54:12.057+03:00 [s1] [O] DELIVERY ACK user=118C/830 attempts=1/5 elapsed=224ms queue=0
2026-09-28T03:54:12.071+03:00 [s1] [I] S7AP160R4-XXXXXXXXXXXXXXXXXXXXXXXXXXXXXXXXXXXXXXXXXXXXXXXXXXXXXXXXXXXXXXXXXXXXXXXXXXXXXXXXXXXXXXXXXXXXXXXXXXXXXXXXXXXXXXXXXXXXXXXXXXXXXXXXXXXXXXXXXXXXXXXXXXXXXX
2026-09-28T03:54:12.160+03:00 [s1] [O] DELIVERY QUEUED source=2 bytes=160 waiting=1/8 in_flight=0
2026-09-28T03:54:12.227+03:00 [s2] [O] PEER_REPORT our_seq=835 TX=-44/5 Q97
2026-09-28T03:54:12.242+03:00 [s1] [O] 
2026-09-28T03:54:12.252+03:00 [s2] [O] 
2026-09-28T03:54:12.265+03:00 [s2] [O] RX USER session=118C seq=831 frame=172B user=160B RX=-43/4 Q100 disposition=0
2026-09-28T03:54:12.271+03:00 [s2] [O] < [-43/4 Q100] S7AP160R4-XXXXXXXXXXXXXXXXXXXXXXXXXXXXXXXXXXXXXXXXXXXXXXXXXXXXXXXXXXXXXXXXXXXXXXXXXXXXXXXXXXXXXXXXXXXXXXXXXXXXXXXXXXXXXXXXXXXXXXXXXXXXXXXXXXXXXXXXXXXXXXXXXXXXXX
2026-09-28T03:54:12.282+03:00 [s1] [O] TX USER seq=831 frame=172B user=160B attempt=1/5 OK time=72 ms
2026-09-28T03:54:12.425+03:00 [s2] [O] 
2026-09-28T03:54:12.439+03:00 [s2] [O] TX ACK seq=836 ack_to=118C/831 frame=14B OK time=13 ms guard=500ms
2026-09-28T03:54:12.470+03:00 [s1] [O] > S7AP160R4-XXXXXXXXXXXXXXXXXXXXXXXXXXXXXXXXXXXXXXXXXXXXXXXXXXXXXXXXXXXXXXXXXXXXXXXXXXXXXXXXXXXXXXXXXXXXXXXXXXXXXXXXXXXXXXXXXXXXXXXXXXXXXXXXXXXXXXXXXXXXXXXXXXXXXX
2026-09-28T03:54:12.514+03:00 [s1] [O] DELIVERY WAIT_ACK user=118C/831 attempt=1/5 timeout=712ms queue=0
2026-09-28T03:54:12.604+03:00 [s1] [O] PEER_REPORT our_seq=831 TX=-43/4 Q100
2026-09-28T03:54:12.642+03:00 [s1] [O] 
2026-09-28T03:54:12.689+03:00 [s1] [O] RX ACK session=EBE8 seq=836 ack_to=118C/831 frame=14B RX=-41/5 Q97
2026-09-28T03:54:12.825+03:00 [s1] [O] DELIVERY ACK user=118C/831 attempts=1/5 elapsed=222ms queue=0
2026-09-28T03:54:12.841+03:00 [s1] [I] S7AP160R5-XXXXXXXXXXXXXXXXXXXXXXXXXXXXXXXXXXXXXXXXXXXXXXXXXXXXXXXXXXXXXXXXXXXXXXXXXXXXXXXXXXXXXXXXXXXXXXXXXXXXXXXXXXXXXXXXXXXXXXXXXXXXXXXXXXXXXXXXXXXXXXXXXXXXXX
2026-09-28T03:54:12.931+03:00 [s1] [O] DELIVERY QUEUED source=2 bytes=160 waiting=1/8 in_flight=0
2026-09-28T03:54:12.974+03:00 [s2] [O] PEER_REPORT our_seq=836 TX=-41/5 Q97
2026-09-28T03:54:12.974+03:00 [s2] [O] 
2026-09-28T03:54:12.977+03:00 [s2] [O] RX USER session=118C seq=832 frame=172B user=160B RX=-42/4 Q100 disposition=0
2026-09-28T03:54:13.002+03:00 [s1] [O] 
2026-09-28T03:54:13.015+03:00 [s2] [O] < [-42/4 Q100] S7AP160R5-XXXXXXXXXXXXXXXXXXXXXXXXXXXXXXXXXXXXXXXXXXXXXXXXXXXXXXXXXXXXXXXXXXXXXXXXXXXXXXXXXXXXXXXXXXXXXXXXXXXXXXXXXXXXXXXXXXXXXXXXXXXXXXXXXXXXXXXXXXXXXXXXXXXXXX
2026-09-28T03:54:13.048+03:00 [s1] [O] TX USER seq=832 frame=172B user=160B attempt=1/5 OK time=72 ms
2026-09-28T03:54:13.184+03:00 [s1] [O] > S7AP160R5-XXXXXXXXXXXXXXXXXXXXXXXXXXXXXXXXXXXXXXXXXXXXXXXXXXXXXXXXXXXXXXXXXXXXXXXXXXXXXXXXXXXXXXXXXXXXXXXXXXXXXXXXXXXXXXXXXXXXXXXXXXXXXXXXXXXXXXXXXXXXXXXXXXXXXX
2026-09-28T03:54:13.197+03:00 [s2] [O] 
2026-09-28T03:54:13.205+03:00 [s2] [O] TX ACK seq=837 ack_to=118C/832 frame=14B OK time=13 ms guard=500ms
2026-09-28T03:54:13.231+03:00 [s1] [O] DELIVERY WAIT_ACK user=118C/832 attempt=1/5 timeout=712ms queue=0
2026-09-28T03:54:13.319+03:00 [s1] [O] PEER_REPORT our_seq=832 TX=-42/4 Q100
2026-09-28T03:54:13.363+03:00 [s1] [O] 
2026-09-28T03:54:13.409+03:00 [s1] [O] RX ACK session=EBE8 seq=837 ack_to=118C/832 frame=14B RX=-44/5 Q97
2026-09-28T03:54:13.543+03:00 [s1] [O] DELIVERY ACK user=118C/832 attempts=1/5 elapsed=225ms queue=0
2026-09-28T03:54:13.556+03:00 [s1] [I] S7AP160R6-XXXXXXXXXXXXXXXXXXXXXXXXXXXXXXXXXXXXXXXXXXXXXXXXXXXXXXXXXXXXXXXXXXXXXXXXXXXXXXXXXXXXXXXXXXXXXXXXXXXXXXXXXXXXXXXXXXXXXXXXXXXXXXXXXXXXXXXXXXXXXXXXXXXXXX
2026-09-28T03:54:13.645+03:00 [s1] [O] DELIVERY QUEUED source=2 bytes=160 waiting=1/8 in_flight=0
2026-09-28T03:54:13.691+03:00 [s2] [O] PEER_REPORT our_seq=837 TX=-44/5 Q97
2026-09-28T03:54:13.698+03:00 [s2] [O] 
2026-09-28T03:54:13.709+03:00 [s2] [O] RX USER session=118C seq=833 frame=172B user=160B RX=-40/4 Q100 disposition=0
2026-09-28T03:54:13.722+03:00 [s1] [O] 
2026-09-28T03:54:13.737+03:00 [s2] [O] < [-40/4 Q100] S7AP160R6-XXXXXXXXXXXXXXXXXXXXXXXXXXXXXXXXXXXXXXXXXXXXXXXXXXXXXXXXXXXXXXXXXXXXXXXXXXXXXXXXXXXXXXXXXXXXXXXXXXXXXXXXXXXXXXXXXXXXXXXXXXXXXXXXXXXXXXXXXXXXXXXXXXXXXX
2026-09-28T03:54:13.769+03:00 [s1] [O] TX USER seq=833 frame=172B user=160B attempt=1/5 OK time=72 ms
2026-09-28T03:54:13.913+03:00 [s1] [O] > S7AP160R6-XXXXXXXXXXXXXXXXXXXXXXXXXXXXXXXXXXXXXXXXXXXXXXXXXXXXXXXXXXXXXXXXXXXXXXXXXXXXXXXXXXXXXXXXXXXXXXXXXXXXXXXXXXXXXXXXXXXXXXXXXXXXXXXXXXXXXXXXXXXXXXXXXXXXXX
2026-09-28T03:54:13.914+03:00 [s2] [O] 
2026-09-28T03:54:13.917+03:00 [s2] [O] TX ACK seq=838 ack_to=118C/833 frame=14B OK time=13 ms guard=500ms
2026-09-28T03:54:13.965+03:00 [s1] [O] DELIVERY WAIT_ACK user=118C/833 attempt=1/5 timeout=712ms queue=0
2026-09-28T03:54:14.041+03:00 [s1] [O] PEER_REPORT our_seq=833 TX=-40/4 Q100
2026-09-28T03:54:14.086+03:00 [s1] [O] 
2026-09-28T03:54:14.144+03:00 [s1] [O] RX ACK session=EBE8 seq=838 ack_to=118C/833 frame=14B RX=-44/5 Q97
2026-09-28T03:54:14.307+03:00 [s1] [O] DELIVERY ACK user=118C/833 attempts=1/5 elapsed=226ms queue=0
2026-09-28T03:54:14.317+03:00 [s1] [I] S7AP160R7-XXXXXXXXXXXXXXXXXXXXXXXXXXXXXXXXXXXXXXXXXXXXXXXXXXXXXXXXXXXXXXXXXXXXXXXXXXXXXXXXXXXXXXXXXXXXXXXXXXXXXXXXXXXXXXXXXXXXXXXXXXXXXXXXXXXXXXXXXXXXXXXXXXXXXX
2026-09-28T03:54:14.411+03:00 [s1] [O] DELIVERY QUEUED source=2 bytes=160 waiting=1/8 in_flight=0
2026-09-28T03:54:14.459+03:00 [s2] [O] PEER_REPORT our_seq=838 TX=-44/5 Q97
2026-09-28T03:54:14.462+03:00 [s2] [O] 
2026-09-28T03:54:14.467+03:00 [s2] [O] RX USER session=118C seq=834 frame=172B user=160B RX=-42/4 Q100 disposition=0
2026-09-28T03:54:14.487+03:00 [s1] [O] 
2026-09-28T03:54:14.504+03:00 [s2] [O] < [-42/4 Q100] S7AP160R7-XXXXXXXXXXXXXXXXXXXXXXXXXXXXXXXXXXXXXXXXXXXXXXXXXXXXXXXXXXXXXXXXXXXXXXXXXXXXXXXXXXXXXXXXXXXXXXXXXXXXXXXXXXXXXXXXXXXXXXXXXXXXXXXXXXXXXXXXXXXXXXXXXXXXXX
2026-09-28T03:54:14.536+03:00 [s1] [O] TX USER seq=834 frame=172B user=160B attempt=1/5 OK time=71 ms
2026-09-28T03:54:14.679+03:00 [s1] [O] > S7AP160R7-XXXXXXXXXXXXXXXXXXXXXXXXXXXXXXXXXXXXXXXXXXXXXXXXXXXXXXXXXXXXXXXXXXXXXXXXXXXXXXXXXXXXXXXXXXXXXXXXXXXXXXXXXXXXXXXXXXXXXXXXXXXXXXXXXXXXXXXXXXXXXXXXXXXXXX
2026-09-28T03:54:14.688+03:00 [s2] [O] 
2026-09-28T03:54:14.694+03:00 [s2] [O] TX ACK seq=839 ack_to=118C/834 frame=14B OK time=13 ms guard=500ms
2026-09-28T03:54:14.723+03:00 [s1] [O] DELIVERY WAIT_ACK user=118C/834 attempt=1/5 timeout=712ms queue=0
2026-09-28T03:54:14.804+03:00 [s1] [O] PEER_REPORT our_seq=834 TX=-42/4 Q100
2026-09-28T03:54:14.850+03:00 [s1] [O] 
2026-09-28T03:54:14.893+03:00 [s1] [O] RX ACK session=EBE8 seq=839 ack_to=118C/834 frame=14B RX=-40/4 Q97
2026-09-28T03:54:15.000+03:00 [s1] [O] DELIVERY ACK user=118C/834 attempts=1/5 elapsed=226ms queue=0
2026-09-28T03:54:15.010+03:00 [s1] [I] S7AP160R8-XXXXXXXXXXXXXXXXXXXXXXXXXXXXXXXXXXXXXXXXXXXXXXXXXXXXXXXXXXXXXXXXXXXXXXXXXXXXXXXXXXXXXXXXXXXXXXXXXXXXXXXXXXXXXXXXXXXXXXXXXXXXXXXXXXXXXXXXXXXXXXXXXXXXXX
2026-09-28T03:54:15.120+03:00 [s1] [O] DELIVERY QUEUED source=2 bytes=160 waiting=1/8 in_flight=0
2026-09-28T03:54:15.131+03:00 [s2] [O] PEER_REPORT our_seq=839 TX=-40/5 Q97
2026-09-28T03:54:15.141+03:00 [s2] [O] 
2026-09-28T03:54:15.146+03:00 [s2] [O] RX USER session=118C seq=835 frame=172B user=160B RX=-41/2 Q100 disposition=0
2026-09-28T03:54:15.162+03:00 [s1] [O] 
2026-09-28T03:54:15.177+03:00 [s2] [O] < [-41/2 Q100] S7AP160R8-XXXXXXXXXXXXXXXXXXXXXXXXXXXXXXXXXXXXXXXXXXXXXXXXXXXXXXXXXXXXXXXXXXXXXXXXXXXXXXXXXXXXXXXXXXXXXXXXXXXXXXXXXXXXXXXXXXXXXXXXXXXXXXXXXXXXXXXXXXXXXXXXXXXXXX
2026-09-28T03:54:15.207+03:00 [s1] [O] TX USER seq=835 frame=172B user=160B attempt=1/5 OK time=72 ms
2026-09-28T03:54:15.347+03:00 [s2] [O] 
2026-09-28T03:54:15.361+03:00 [s2] [O] TX ACK seq=840 ack_to=118C/835 frame=14B OK time=13 ms guard=500ms
2026-09-28T03:54:15.431+03:00 [s1] [O] > S7AP160R8-XXXXXXXXXXXXXXXXXXXXXXXXXXXXXXXXXXXXXXXXXXXXXXXXXXXXXXXXXXXXXXXXXXXXXXXXXXXXXXXXXXXXXXXXXXXXXXXXXXXXXXXXXXXXXXXXXXXXXXXXXXXXXXXXXXXXXXXXXXXXXXXXXXXXXX
2026-09-28T03:54:15.476+03:00 [s1] [O] DELIVERY WAIT_ACK user=118C/835 attempt=1/5 timeout=712ms queue=0
2026-09-28T03:54:15.532+03:00 [s1] [O] PEER_REPORT our_seq=835 TX=-41/3 Q100
2026-09-28T03:54:15.580+03:00 [s1] [O] 
2026-09-28T03:54:15.622+03:00 [s1] [O] RX ACK session=EBE8 seq=840 ack_to=118C/835 frame=14B RX=-44/5 Q97
2026-09-28T03:54:15.747+03:00 [s1] [O] DELIVERY ACK user=118C/835 attempts=1/5 elapsed=225ms queue=0
2026-09-28T03:54:15.756+03:00 [s1] [I] S7AP160R9-XXXXXXXXXXXXXXXXXXXXXXXXXXXXXXXXXXXXXXXXXXXXXXXXXXXXXXXXXXXXXXXXXXXXXXXXXXXXXXXXXXXXXXXXXXXXXXXXXXXXXXXXXXXXXXXXXXXXXXXXXXXXXXXXXXXXXXXXXXXXXXXXXXXXXX
2026-09-28T03:54:15.846+03:00 [s1] [O] DELIVERY QUEUED source=2 bytes=160 waiting=1/8 in_flight=0
2026-09-28T03:54:15.903+03:00 [s2] [O] PEER_REPORT our_seq=840 TX=-44/5 Q97
2026-09-28T03:54:15.906+03:00 [s2] [O] 
2026-09-28T03:54:15.909+03:00 [s2] [O] RX USER session=118C seq=836 frame=172B user=160B RX=-42/4 Q100 disposition=0
2026-09-28T03:54:15.927+03:00 [s1] [O] 
2026-09-28T03:54:15.937+03:00 [s2] [O] < [-42/4 Q100] S7AP160R9-XXXXXXXXXXXXXXXXXXXXXXXXXXXXXXXXXXXXXXXXXXXXXXXXXXXXXXXXXXXXXXXXXXXXXXXXXXXXXXXXXXXXXXXXXXXXXXXXXXXXXXXXXXXXXXXXXXXXXXXXXXXXXXXXXXXXXXXXXXXXXXXXXXXXXX
2026-09-28T03:54:15.972+03:00 [s1] [O] TX USER seq=836 frame=172B user=160B attempt=1/5 OK time=71 ms
2026-09-28T03:54:16.117+03:00 [s2] [O] 
2026-09-28T03:54:16.119+03:00 [s2] [O] TX ACK seq=841 ack_to=118C/836 frame=14B OK time=13 ms guard=500ms
2026-09-28T03:54:16.170+03:00 [s1] [O] > S7AP160R9-XXXXXXXXXXXXXXXXXXXXXXXXXXXXXXXXXXXXXXXXXXXXXXXXXXXXXXXXXXXXXXXXXXXXXXXXXXXXXXXXXXXXXXXXXXXXXXXXXXXXXXXXXXXXXXXXXXXXXXXXXXXXXXXXXXXXXXXXXXXXXXXXXXXXXX
2026-09-28T03:54:16.209+03:00 [s1] [O] DELIVERY WAIT_ACK user=118C/836 attempt=1/5 timeout=712ms queue=0
2026-09-28T03:54:16.289+03:00 [s1] [O] PEER_REPORT our_seq=836 TX=-42/5 Q100
2026-09-28T03:54:16.332+03:00 [s1] [O] 
2026-09-28T03:54:16.377+03:00 [s1] [O] RX ACK session=EBE8 seq=841 ack_to=118C/836 frame=14B RX=-40/5 Q97
2026-09-28T03:54:16.526+03:00 [s1] [O] DELIVERY ACK user=118C/836 attempts=1/5 elapsed=227ms queue=0
2026-09-28T03:54:16.538+03:00 [s1] [I] S7AP160R10-XXXXXXXXXXXXXXXXXXXXXXXXXXXXXXXXXXXXXXXXXXXXXXXXXXXXXXXXXXXXXXXXXXXXXXXXXXXXXXXXXXXXXXXXXXXXXXXXXXXXXXXXXXXXXXXXXXXXXXXXXXXXXXXXXXXXXXXXXXXXXXXXXXXXX
2026-09-28T03:54:16.610+03:00 [s1] [O] DELIVERY QUEUED source=2 bytes=160 waiting=1/8 in_flight=0
2026-09-28T03:54:16.661+03:00 [s2] [O] PEER_REPORT our_seq=841 TX=-40/5 Q97
2026-09-28T03:54:16.664+03:00 [s2] [O] 
2026-09-28T03:54:16.664+03:00 [s2] [O] RX USER session=118C seq=837 frame=172B user=160B RX=-43/6 Q100 disposition=0
2026-09-28T03:54:16.693+03:00 [s1] [O] 
2026-09-28T03:54:16.714+03:00 [s2] [O] < [-43/6 Q100] S7AP160R10-XXXXXXXXXXXXXXXXXXXXXXXXXXXXXXXXXXXXXXXXXXXXXXXXXXXXXXXXXXXXXXXXXXXXXXXXXXXXXXXXXXXXXXXXXXXXXXXXXXXXXXXXXXXXXXXXXXXXXXXXXXXXXXXXXXXXXXXXXXXXXXXXXXXXX
2026-09-28T03:54:16.737+03:00 [s1] [O] TX USER seq=837 frame=172B user=160B attempt=1/5 OK time=72 ms
2026-09-28T03:54:16.881+03:00 [s1] [O] > S7AP160R10-XXXXXXXXXXXXXXXXXXXXXXXXXXXXXXXXXXXXXXXXXXXXXXXXXXXXXXXXXXXXXXXXXXXXXXXXXXXXXXXXXXXXXXXXXXXXXXXXXXXXXXXXXXXXXXXXXXXXXXXXXXXXXXXXXXXXXXXXXXXXXXXXXXXXX
2026-09-28T03:54:16.935+03:00 [s1] [O] DELIVERY WAIT_ACK user=118C/837 attempt=1/5 timeout=712ms queue=0
2026-09-28T03:54:16.935+03:00 [s2] [O] 
2026-09-28T03:54:16.945+03:00 [s2] [O] TX ACK seq=842 ack_to=118C/837 frame=14B OK time=13 ms guard=500ms
2026-09-28T03:54:17.023+03:00 [s1] [O] PEER_REPORT our_seq=837 TX=-43/6 Q100
2026-09-28T03:54:17.055+03:00 [s1] [O] 
2026-09-28T03:54:17.097+03:00 [s1] [O] RX ACK session=EBE8 seq=842 ack_to=118C/837 frame=14B RX=-43/4 Q97
2026-09-28T03:54:17.233+03:00 [s1] [O] DELIVERY ACK user=118C/837 attempts=1/5 elapsed=225ms queue=0
2026-09-28T03:54:17.254+03:00 [s2] [I] S7BP160R1-XXXXXXXXXXXXXXXXXXXXXXXXXXXXXXXXXXXXXXXXXXXXXXXXXXXXXXXXXXXXXXXXXXXXXXXXXXXXXXXXXXXXXXXXXXXXXXXXXXXXXXXXXXXXXXXXXXXXXXXXXXXXXXXXXXXXXXXXXXXXXXXXXXXXXX
2026-09-28T03:54:17.385+03:00 [s2] [O] DELIVERY QUEUED source=2 bytes=160 waiting=1/8 in_flight=0
2026-09-28T03:54:17.400+03:00 [s2] [O] 
2026-09-28T03:54:17.405+03:00 [s2] [O] TX USER seq=843 frame=172B user=160B attempt=1/5 OK time=70 ms
2026-09-28T03:54:17.423+03:00 [s1] [O] PEER_REPORT our_seq=837 TX=-43/6 Q100
2026-09-28T03:54:17.429+03:00 [s2] [O] > S7BP160R1-XXXXXXXXXXXXXXXXXXXXXXXXXXXXXXXXXXXXXXXXXXXXXXXXXXXXXXXXXXXXXXXXXXXXXXXXXXXXXXXXXXXXXXXXXXXXXXXXXXXXXXXXXXXXXXXXXXXXXXXXXXXXXXXXXXXXXXXXXXXXXXXXXXXXXX
2026-09-28T03:54:17.437+03:00 [s2] [O] DELIVERY WAIT_ACK user=EBE8/843 attempt=1/5 timeout=712ms queue=0
2026-09-28T03:54:17.464+03:00 [s1] [O] 
2026-09-28T03:54:17.553+03:00 [s1] [O] RX USER session=EBE8 seq=843 frame=172B user=160B RX=-42/6 Q97 disposition=0
2026-09-28T03:54:17.601+03:00 [s2] [O] PEER_REPORT our_seq=843 TX=-42/6 Q97
2026-09-28T03:54:17.602+03:00 [s2] [O] 
2026-09-28T03:54:17.607+03:00 [s2] [O] RX ACK session=118C seq=838 ack_to=EBE8/843 frame=14B RX=-41/6 Q100
2026-09-28T03:54:17.621+03:00 [s2] [I] S7BP160R2-XXXXXXXXXXXXXXXXXXXXXXXXXXXXXXXXXXXXXXXXXXXXXXXXXXXXXXXXXXXXXXXXXXXXXXXXXXXXXXXXXXXXXXXXXXXXXXXXXXXXXXXXXXXXXXXXXXXXXXXXXXXXXXXXXXXXXXXXXXXXXXXXXXXXXX
2026-09-28T03:54:17.614+03:00 [s2] [O] DELIVERY ACK user=EBE8/843 attempts=1/5 elapsed=226ms queue=0
2026-09-28T03:54:17.704+03:00 [s2] [O] DELIVERY QUEUED source=2 bytes=160 waiting=1/8 in_flight=0
2026-09-28T03:54:17.740+03:00 [s1] [O] < [-42/6 Q97] S7BP160R1-XXXXXXXXXXXXXXXXXXXXXXXXXXXXXXXXXXXXXXXXXXXXXXXXXXXXXXXXXXXXXXXXXXXXXXXXXXXXXXXXXXXXXXXXXXXXXXXXXXXXXXXXXXXXXXXXXXXXXXXXXXXXXXXXXXXXXXXXXXXXXXXXXXXXXX
2026-09-28T03:54:17.741+03:00 [s2] [O] 
2026-09-28T03:54:17.742+03:00 [s1] [O] 
2026-09-28T03:54:17.747+03:00 [s2] [O] TX USER seq=844 frame=172B user=160B attempt=1/5 OK time=70 ms
2026-09-28T03:54:17.778+03:00 [s1] [O] TX ACK seq=838 ack_to=EBE8/843 frame=14B OK time=13 ms guard=500ms
2026-09-28T03:54:17.833+03:00 [s2] [O] > S7BP160R2-XXXXXXXXXXXXXXXXXXXXXXXXXXXXXXXXXXXXXXXXXXXXXXXXXXXXXXXXXXXXXXXXXXXXXXXXXXXXXXXXXXXXXXXXXXXXXXXXXXXXXXXXXXXXXXXXXXXXXXXXXXXXXXXXXXXXXXXXXXXXXXXXXXXXXX
2026-09-28T03:54:17.837+03:00 [s2] [O] DELIVERY WAIT_ACK user=EBE8/844 attempt=1/5 timeout=712ms queue=0
2026-09-28T03:54:17.875+03:00 [s1] [O] PEER_REPORT our_seq=838 TX=-41/6 Q100
2026-09-28T03:54:17.921+03:00 [s1] [O] 
2026-09-28T03:54:17.954+03:00 [s1] [O] RX USER session=EBE8 seq=844 frame=172B user=160B RX=-42/5 Q97 disposition=0
2026-09-28T03:54:17.974+03:00 [s2] [O] PEER_REPORT our_seq=844 TX=-42/5 Q97
2026-09-28T03:54:17.990+03:00 [s2] [O] 
2026-09-28T03:54:17.996+03:00 [s2] [O] RX ACK session=118C seq=839 ack_to=EBE8/844 frame=14B RX=-40/5 Q100
2026-09-28T03:54:18.000+03:00 [s2] [O] DELIVERY ACK user=EBE8/844 attempts=1/5 elapsed=228ms queue=0
2026-09-28T03:54:18.014+03:00 [s2] [I] S7BP160R3-XXXXXXXXXXXXXXXXXXXXXXXXXXXXXXXXXXXXXXXXXXXXXXXXXXXXXXXXXXXXXXXXXXXXXXXXXXXXXXXXXXXXXXXXXXXXXXXXXXXXXXXXXXXXXXXXXXXXXXXXXXXXXXXXXXXXXXXXXXXXXXXXXXXXXX
2026-09-28T03:54:18.101+03:00 [s2] [O] DELIVERY QUEUED source=2 bytes=160 waiting=1/8 in_flight=0
2026-09-28T03:54:18.145+03:00 [s2] [O] 
2026-09-28T03:54:18.145+03:00 [s1] [O] < [-42/5 Q97] S7BP160R2-XXXXXXXXXXXXXXXXXXXXXXXXXXXXXXXXXXXXXXXXXXXXXXXXXXXXXXXXXXXXXXXXXXXXXXXXXXXXXXXXXXXXXXXXXXXXXXXXXXXXXXXXXXXXXXXXXXXXXXXXXXXXXXXXXXXXXXXXXXXXXXXXXXXXXX
2026-09-28T03:54:18.146+03:00 [s2] [O] TX USER seq=845 frame=172B user=160B attempt=1/5 OK time=70 ms
2026-09-28T03:54:18.178+03:00 [s1] [O] 
2026-09-28T03:54:18.198+03:00 [s2] [O] > S7BP160R3-XXXXXXXXXXXXXXXXXXXXXXXXXXXXXXXXXXXXXXXXXXXXXXXXXXXXXXXXXXXXXXXXXXXXXXXXXXXXXXXXXXXXXXXXXXXXXXXXXXXXXXXXXXXXXXXXXXXXXXXXXXXXXXXXXXXXXXXXXXXXXXXXXXXXXX
2026-09-28T03:54:18.201+03:00 [s2] [O] DELIVERY WAIT_ACK user=EBE8/845 attempt=1/5 timeout=712ms queue=0
2026-09-28T03:54:18.223+03:00 [s1] [O] TX ACK seq=839 ack_to=EBE8/844 frame=14B OK time=13 ms guard=500ms
2026-09-28T03:54:18.357+03:00 [s1] [O] PEER_REPORT our_seq=839 TX=-40/5 Q100
2026-09-28T03:54:18.383+03:00 [s2] [O] PEER_REPORT our_seq=845 TX=-43/5 Q97
2026-09-28T03:54:18.387+03:00 [s2] [O] 
2026-09-28T03:54:18.390+03:00 [s2] [O] RX ACK session=118C seq=840 ack_to=EBE8/845 frame=14B RX=-44/4 Q100
2026-09-28T03:54:18.394+03:00 [s2] [O] DELIVERY ACK user=EBE8/845 attempts=1/5 elapsed=227ms queue=0
2026-09-28T03:54:18.397+03:00 [s2] [I] S7BP160R4-XXXXXXXXXXXXXXXXXXXXXXXXXXXXXXXXXXXXXXXXXXXXXXXXXXXXXXXXXXXXXXXXXXXXXXXXXXXXXXXXXXXXXXXXXXXXXXXXXXXXXXXXXXXXXXXXXXXXXXXXXXXXXXXXXXXXXXXXXXXXXXXXXXXXXX
2026-09-28T03:54:18.409+03:00 [s1] [O] 
2026-09-28T03:54:18.448+03:00 [s1] [O] RX USER session=EBE8 seq=845 frame=172B user=160B RX=-43/5 Q97 disposition=0
2026-09-28T03:54:18.545+03:00 [s2] [O] DELIVERY QUEUED source=2 bytes=160 waiting=1/8 in_flight=0
2026-09-28T03:54:18.557+03:00 [s2] [O] 
2026-09-28T03:54:18.762+03:00 [s1] [O] < [-43/5 Q97] S7BP160R3-XXXXXXXXXXXXXXXXXXXXXXXXXXXXXXXXXXXXXXXXXXXXXXXXXXXXXXXXXXXXXXXXXXXXXXXXXXXXXXXXXXXXXXXXXXXXXXXXXXXXXXXXXXXXXXXXXXXXXXXXXXXXXXXXXXXXXXXXXXXXXXXXXXXXXX
2026-09-28T03:54:18.767+03:00 [s1] [O] 
2026-09-28T03:54:18.777+03:00 [s2] [O] TX USER seq=846 frame=172B user=160B attempt=1/5 OK time=70 ms
2026-09-28T03:54:18.780+03:00 [s2] [O] > S7BP160R4-XXXXXXXXXXXXXXXXXXXXXXXXXXXXXXXXXXXXXXXXXXXXXXXXXXXXXXXXXXXXXXXXXXXXXXXXXXXXXXXXXXXXXXXXXXXXXXXXXXXXXXXXXXXXXXXXXXXXXXXXXXXXXXXXXXXXXXXXXXXXXXXXXXXXXX
2026-09-28T03:54:18.792+03:00 [s2] [O] DELIVERY WAIT_ACK user=EBE8/846 attempt=1/5 timeout=712ms queue=0
2026-09-28T03:54:18.797+03:00 [s2] [O] PEER_REPORT our_seq=846 TX=-43/5 Q97
2026-09-28T03:54:18.853+03:00 [s1] [O] TX ACK seq=840 ack_to=EBE8/845 frame=14B OK time=13 ms guard=500ms
2026-09-28T03:54:18.861+03:00 [s2] [O] 
2026-09-28T03:54:18.867+03:00 [s2] [O] RX ACK session=118C seq=841 ack_to=EBE8/846 frame=14B RX=-39/4 Q100
2026-09-28T03:54:18.871+03:00 [s2] [O] DELIVERY ACK user=EBE8/846 attempts=1/5 elapsed=217ms queue=0
2026-09-28T03:54:18.875+03:00 [s2] [I] S7BP160R5-XXXXXXXXXXXXXXXXXXXXXXXXXXXXXXXXXXXXXXXXXXXXXXXXXXXXXXXXXXXXXXXXXXXXXXXXXXXXXXXXXXXXXXXXXXXXXXXXXXXXXXXXXXXXXXXXXXXXXXXXXXXXXXXXXXXXXXXXXXXXXXXXXXXXXX
2026-09-28T03:54:18.942+03:00 [s1] [O] PEER_REPORT our_seq=840 TX=-44/5 Q100
2026-09-28T03:54:18.951+03:00 [s2] [O] DELIVERY QUEUED source=2 bytes=160 waiting=1/8 in_flight=0
2026-09-28T03:54:18.987+03:00 [s1] [O] 
2026-09-28T03:54:19.006+03:00 [s2] [O] 
2026-09-28T03:54:19.036+03:00 [s1] [O] RX USER session=EBE8 seq=846 frame=172B user=160B RX=-43/5 Q97 disposition=0
2026-09-28T03:54:19.047+03:00 [s2] [O] TX USER seq=847 frame=172B user=160B attempt=1/5 OK time=70 ms
2026-09-28T03:54:19.139+03:00 [s2] [O] > S7BP160R5-XXXXXXXXXXXXXXXXXXXXXXXXXXXXXXXXXXXXXXXXXXXXXXXXXXXXXXXXXXXXXXXXXXXXXXXXXXXXXXXXXXXXXXXXXXXXXXXXXXXXXXXXXXXXXXXXXXXXXXXXXXXXXXXXXXXXXXXXXXXXXXXXXXXXXX
2026-09-28T03:54:19.155+03:00 [s2] [O] DELIVERY WAIT_ACK user=EBE8/847 attempt=1/5 timeout=712ms queue=0
2026-09-28T03:54:19.241+03:00 [s2] [O] PEER_REPORT our_seq=847 TX=-42/5 Q97
2026-09-28T03:54:19.263+03:00 [s2] [O] 
2026-09-28T03:54:19.270+03:00 [s2] [O] RX ACK session=118C seq=842 ack_to=EBE8/847 frame=14B RX=-40/5 Q100
2026-09-28T03:54:19.276+03:00 [s2] [O] DELIVERY ACK user=EBE8/847 attempts=1/5 elapsed=227ms queue=0
2026-09-28T03:54:19.279+03:00 [s2] [I] S7BP160R6-XXXXXXXXXXXXXXXXXXXXXXXXXXXXXXXXXXXXXXXXXXXXXXXXXXXXXXXXXXXXXXXXXXXXXXXXXXXXXXXXXXXXXXXXXXXXXXXXXXXXXXXXXXXXXXXXXXXXXXXXXXXXXXXXXXXXXXXXXXXXXXXXXXXXXX
2026-09-28T03:54:19.347+03:00 [s1] [O] < [-43/5 Q97] S7BP160R4-XXXXXXXXXXXXXXXXXXXXXXXXXXXXXXXXXXXXXXXXXXXXXXXXXXXXXXXXXXXXXXXXXXXXXXXXXXXXXXXXXXXXXXXXXXXXXXXXXXXXXXXXXXXXXXXXXXXXXXXXXXXXXXXXXXXXXXXXXXXXXXXXXXXXXX
2026-09-28T03:54:19.350+03:00 [s1] [O] 
2026-09-28T03:54:19.356+03:00 [s2] [O] DELIVERY QUEUED source=2 bytes=160 waiting=1/8 in_flight=0
2026-09-28T03:54:19.393+03:00 [s1] [O] TX ACK seq=841 ack_to=EBE8/846 frame=14B OK time=13 ms guard=500ms
2026-09-28T03:54:19.404+03:00 [s2] [O] 
2026-09-28T03:54:19.406+03:00 [s2] [O] TX USER seq=848 frame=172B user=160B attempt=1/5 OK time=70 ms
2026-09-28T03:54:19.459+03:00 [s2] [O] > S7BP160R6-XXXXXXXXXXXXXXXXXXXXXXXXXXXXXXXXXXXXXXXXXXXXXXXXXXXXXXXXXXXXXXXXXXXXXXXXXXXXXXXXXXXXXXXXXXXXXXXXXXXXXXXXXXXXXXXXXXXXXXXXXXXXXXXXXXXXXXXXXXXXXXXXXXXXXX
2026-09-28T03:54:19.467+03:00 [s2] [O] DELIVERY WAIT_ACK user=EBE8/848 attempt=1/5 timeout=712ms queue=0
2026-09-28T03:54:19.487+03:00 [s1] [O] PEER_REPORT our_seq=841 TX=-39/4 Q100
2026-09-28T03:54:19.527+03:00 [s1] [O] 
2026-09-28T03:54:19.591+03:00 [s1] [O] RX USER session=EBE8 seq=847 frame=172B user=160B RX=-42/5 Q97 disposition=0
2026-09-28T03:54:19.629+03:00 [s2] [O] PEER_REPORT our_seq=848 TX=-43/5 Q97
2026-09-28T03:54:19.632+03:00 [s2] [O] 
2026-09-28T03:54:19.645+03:00 [s2] [O] RX ACK session=118C seq=843 ack_to=EBE8/848 frame=14B RX=-41/4 Q100
2026-09-28T03:54:19.661+03:00 [s2] [O] DELIVERY ACK user=EBE8/848 attempts=1/5 elapsed=227ms queue=0
2026-09-28T03:54:19.670+03:00 [s2] [I] S7BP160R7-XXXXXXXXXXXXXXXXXXXXXXXXXXXXXXXXXXXXXXXXXXXXXXXXXXXXXXXXXXXXXXXXXXXXXXXXXXXXXXXXXXXXXXXXXXXXXXXXXXXXXXXXXXXXXXXXXXXXXXXXXXXXXXXXXXXXXXXXXXXXXXXXXXXXXX
2026-09-28T03:54:19.856+03:00 [s1] [O] < [-42/5 Q97] S7BP160R5-XXXXXXXXXXXXXXXXXXXXXXXXXXXXXXXXXXXXXXXXXXXXXXXXXXXXXXXXXXXXXXXXXXXXXXXXXXXXXXXXXXXXXXXXXXXXXXXXXXXXXXXXXXXXXXXXXXXXXXXXXXXXXXXXXXXXXXXXXXXXXXXXXXXXXX
2026-09-28T03:54:19.860+03:00 [s2] [O] DELIVERY QUEUED source=2 bytes=160 waiting=1/8 in_flight=0
2026-09-28T03:54:19.880+03:00 [s2] [O] 
2026-09-28T03:54:19.893+03:00 [s2] [O] TX USER seq=849 frame=172B user=160B attempt=1/5 OK time=70 ms
2026-09-28T03:54:19.905+03:00 [s2] [O] > S7BP160R7-XXXXXXXXXXXXXXXXXXXXXXXXXXXXXXXXXXXXXXXXXXXXXXXXXXXXXXXXXXXXXXXXXXXXXXXXXXXXXXXXXXXXXXXXXXXXXXXXXXXXXXXXXXXXXXXXXXXXXXXXXXXXXXXXXXXXXXXXXXXXXXXXXXXXXX
2026-09-28T03:54:19.910+03:00 [s2] [O] DELIVERY WAIT_ACK user=EBE8/849 attempt=1/5 timeout=712ms queue=0
2026-09-28T03:54:19.932+03:00 [s1] [O] 
2026-09-28T03:54:19.976+03:00 [s1] [O] TX ACK seq=842 ack_to=EBE8/847 frame=14B OK time=13 ms guard=500ms
2026-09-28T03:54:20.089+03:00 [s1] [O] PEER_REPORT our_seq=842 TX=-40/5 Q100
2026-09-28T03:54:20.123+03:00 [s1] [O] 
2026-09-28T03:54:20.124+03:00 [s2] [O] PEER_REPORT our_seq=849 TX=-42/5 Q97
2026-09-28T03:54:20.145+03:00 [s2] [O] 
2026-09-28T03:54:20.162+03:00 [s2] [O] RX ACK session=118C seq=844 ack_to=EBE8/849 frame=14B RX=-43/3 Q100
2026-09-28T03:54:20.179+03:00 [s2] [O] DELIVERY ACK user=EBE8/849 attempts=1/5 elapsed=227ms queue=0
2026-09-28T03:54:20.184+03:00 [s2] [I] S7BP160R8-XXXXXXXXXXXXXXXXXXXXXXXXXXXXXXXXXXXXXXXXXXXXXXXXXXXXXXXXXXXXXXXXXXXXXXXXXXXXXXXXXXXXXXXXXXXXXXXXXXXXXXXXXXXXXXXXXXXXXXXXXXXXXXXXXXXXXXXXXXXXXXXXXXXXXX
2026-09-28T03:54:20.259+03:00 [s2] [O] DELIVERY QUEUED source=2 bytes=160 waiting=1/8 in_flight=0
2026-09-28T03:54:20.306+03:00 [s1] [O] RX USER session=EBE8 seq=848 frame=172B user=160B RX=-43/5 Q97 disposition=0
2026-09-28T03:54:20.312+03:00 [s2] [O] 
2026-09-28T03:54:20.316+03:00 [s2] [O] TX USER seq=850 frame=172B user=160B attempt=1/5 OK time=71 ms
2026-09-28T03:54:20.408+03:00 [s2] [O] > S7BP160R8-XXXXXXXXXXXXXXXXXXXXXXXXXXXXXXXXXXXXXXXXXXXXXXXXXXXXXXXXXXXXXXXXXXXXXXXXXXXXXXXXXXXXXXXXXXXXXXXXXXXXXXXXXXXXXXXXXXXXXXXXXXXXXXXXXXXXXXXXXXXXXXXXXXXXXX
2026-09-28T03:54:20.409+03:00 [s2] [O] DELIVERY WAIT_ACK user=EBE8/850 attempt=1/5 timeout=712ms queue=0
2026-09-28T03:54:20.517+03:00 [s1] [O] < [-43/5 Q97] S7BP160R6-XXXXXXXXXXXXXXXXXXXXXXXXXXXXXXXXXXXXXXXXXXXXXXXXXXXXXXXXXXXXXXXXXXXXXXXXXXXXXXXXXXXXXXXXXXXXXXXXXXXXXXXXXXXXXXXXXXXXXXXXXXXXXXXXXXXXXXXXXXXXXXXXXXXXXX
2026-09-28T03:54:20.527+03:00 [s1] [O] 
2026-09-28T03:54:20.548+03:00 [s2] [O] PEER_REPORT our_seq=850 TX=-43/5 Q97
2026-09-28T03:54:20.557+03:00 [s2] [O] 
2026-09-28T03:54:20.579+03:00 [s2] [O] RX ACK session=118C seq=845 ack_to=EBE8/850 frame=14B RX=-44/4 Q100
2026-09-28T03:54:20.595+03:00 [s2] [O] DELIVERY ACK user=EBE8/850 attempts=1/5 elapsed=226ms queue=0
2026-09-28T03:54:20.595+03:00 [s1] [O] TX ACK seq=843 ack_to=EBE8/848 frame=14B OK time=13 ms guard=500ms
2026-09-28T03:54:20.614+03:00 [s2] [I] S7BP160R9-XXXXXXXXXXXXXXXXXXXXXXXXXXXXXXXXXXXXXXXXXXXXXXXXXXXXXXXXXXXXXXXXXXXXXXXXXXXXXXXXXXXXXXXXXXXXXXXXXXXXXXXXXXXXXXXXXXXXXXXXXXXXXXXXXXXXXXXXXXXXXXXXXXXXXX
2026-09-28T03:54:20.657+03:00 [s1] [O] PEER_REPORT our_seq=843 TX=-41/4 Q100
2026-09-28T03:54:20.709+03:00 [s1] [O] 
2026-09-28T03:54:20.751+03:00 [s2] [O] DELIVERY QUEUED source=2 bytes=160 waiting=1/8 in_flight=0
2026-09-28T03:54:20.774+03:00 [s1] [O] RX USER session=EBE8 seq=849 frame=172B user=160B RX=-42/5 Q97 disposition=0
2026-09-28T03:54:20.794+03:00 [s2] [O] 
2026-09-28T03:54:20.842+03:00 [s2] [O] TX USER seq=851 frame=172B user=160B attempt=1/5 OK time=70 ms
2026-09-28T03:54:20.863+03:00 [s2] [O] > S7BP160R9-XXXXXXXXXXXXXXXXXXXXXXXXXXXXXXXXXXXXXXXXXXXXXXXXXXXXXXXXXXXXXXXXXXXXXXXXXXXXXXXXXXXXXXXXXXXXXXXXXXXXXXXXXXXXXXXXXXXXXXXXXXXXXXXXXXXXXXXXXXXXXXXXXXXXXX
2026-09-28T03:54:20.873+03:00 [s2] [O] DELIVERY WAIT_ACK user=EBE8/851 attempt=1/5 timeout=712ms queue=0
2026-09-28T03:54:20.946+03:00 [s1] [O] < [-42/5 Q97] S7BP160R7-XXXXXXXXXXXXXXXXXXXXXXXXXXXXXXXXXXXXXXXXXXXXXXXXXXXXXXXXXXXXXXXXXXXXXXXXXXXXXXXXXXXXXXXXXXXXXXXXXXXXXXXXXXXXXXXXXXXXXXXXXXXXXXXXXXXXXXXXXXXXXXXXXXXXXX
2026-09-28T03:54:20.971+03:00 [s1] [O] 
2026-09-28T03:54:20.987+03:00 [s2] [O] PEER_REPORT our_seq=851 TX=-43/5 Q97
2026-09-28T03:54:21.022+03:00 [s1] [O] TX ACK seq=844 ack_to=EBE8/849 frame=14B OK time=13 ms guard=500ms
2026-09-28T03:54:21.051+03:00 [s2] [O] 
2026-09-28T03:54:21.058+03:00 [s2] [O] RX ACK session=118C seq=846 ack_to=EBE8/851 frame=14B RX=-42/6 Q100
2026-09-28T03:54:21.071+03:00 [s2] [O] DELIVERY ACK user=EBE8/851 attempts=1/5 elapsed=227ms queue=0
2026-09-28T03:54:21.078+03:00 [s2] [I] S7BP160R10-XXXXXXXXXXXXXXXXXXXXXXXXXXXXXXXXXXXXXXXXXXXXXXXXXXXXXXXXXXXXXXXXXXXXXXXXXXXXXXXXXXXXXXXXXXXXXXXXXXXXXXXXXXXXXXXXXXXXXXXXXXXXXXXXXXXXXXXXXXXXXXXXXXXXX
2026-09-28T03:54:21.104+03:00 [s1] [O] PEER_REPORT our_seq=844 TX=-43/3 Q100
2026-09-28T03:54:21.148+03:00 [s1] [O] 
2026-09-28T03:54:21.161+03:00 [s2] [O] DELIVERY QUEUED source=2 bytes=160 waiting=1/8 in_flight=0
2026-09-28T03:54:21.192+03:00 [s1] [O] RX USER session=EBE8 seq=850 frame=172B user=160B RX=-43/5 Q97 disposition=0
2026-09-28T03:54:21.206+03:00 [s2] [O] 
2026-09-28T03:54:21.209+03:00 [s2] [O] TX USER seq=852 frame=172B user=160B attempt=1/5 OK time=70 ms
2026-09-28T03:54:21.335+03:00 [s2] [O] > S7BP160R10-XXXXXXXXXXXXXXXXXXXXXXXXXXXXXXXXXXXXXXXXXXXXXXXXXXXXXXXXXXXXXXXXXXXXXXXXXXXXXXXXXXXXXXXXXXXXXXXXXXXXXXXXXXXXXXXXXXXXXXXXXXXXXXXXXXXXXXXXXXXXXXXXXXXXX
2026-09-28T03:54:21.380+03:00 [s2] [O] DELIVERY WAIT_ACK user=EBE8/852 attempt=1/5 timeout=712ms queue=0
2026-09-28T03:54:21.392+03:00 [s1] [O] < [-43/5 Q97] S7BP160R8-XXXXXXXXXXXXXXXXXXXXXXXXXXXXXXXXXXXXXXXXXXXXXXXXXXXXXXXXXXXXXXXXXXXXXXXXXXXXXXXXXXXXXXXXXXXXXXXXXXXXXXXXXXXXXXXXXXXXXXXXXXXXXXXXXXXXXXXXXXXXXXXXXXXXXX
2026-09-28T03:54:21.411+03:00 [s1] [O] 
2026-09-28T03:54:21.444+03:00 [s2] [O] PEER_REPORT our_seq=852 TX=-43/5 Q97
2026-09-28T03:54:21.478+03:00 [s1] [O] TX ACK seq=845 ack_to=EBE8/850 frame=14B OK time=13 ms guard=500ms
2026-09-28T03:54:21.480+03:00 [s2] [O] 
2026-09-28T03:54:21.506+03:00 [s2] [O] RX ACK session=118C seq=847 ack_to=EBE8/852 frame=14B RX=-44/5 Q100
2026-09-28T03:54:21.514+03:00 [s1] [O] PEER_REPORT our_seq=845 TX=-44/5 Q100
2026-09-28T03:54:21.519+03:00 [s2] [O] DELIVERY ACK user=EBE8/852 attempts=1/5 elapsed=227ms queue=0
2026-09-28T03:54:21.532+03:00 [s1] [I] S7AP180R1-XXXXXXXXXXXXXXXXXXXXXXXXXXXXXXXXXXXXXXXXXXXXXXXXXXXXXXXXXXXXXXXXXXXXXXXXXXXXXXXXXXXXXXXXXXXXXXXXXXXXXXXXXXXXXXXXXXXXXXXXXXXXXXXXXXXXXXXXXXXXXXXXXXXXXXXXXXXXXXXXXXXXXXXXXX
2026-09-28T03:54:21.604+03:00 [s1] [O] 
2026-09-28T03:54:21.642+03:00 [s1] [O] RX USER session=EBE8 seq=851 frame=172B user=160B RX=-43/5 Q97 disposition=0
2026-09-28T03:54:21.681+03:00 [s2] [O] PEER_REPORT our_seq=852 TX=-43/5 Q97
2026-09-28T03:54:21.706+03:00 [s2] [O] 
2026-09-28T03:54:21.721+03:00 [s2] [O] RX USER session=118C seq=848 frame=192B user=180B RX=-43/5 Q100 disposition=0
2026-09-28T03:54:21.738+03:00 [s2] [O] < [-43/5 Q100] S7AP180R1-XXXXXXXXXXXXXXXXXXXXXXXXXXXXXXXXXXXXXXXXXXXXXXXXXXXXXXXXXXXXXXXXXXXXXXXXXXXXXXXXXXXXXXXXXXXXXXXXXXXXXXXXXXXXXXXXXXXXXXXXXXXXXXXXXXXXXXXXXXXXXXXXXXXXXXXXXXXXXXXXXXXXXXXXXX
2026-09-28T03:54:21.833+03:00 [s1] [O] < [-43/5 Q97] S7BP160R9-XXXXXXXXXXXXXXXXXXXXXXXXXXXXXXXXXXXXXXXXXXXXXXXXXXXXXXXXXXXXXXXXXXXXXXXXXXXXXXXXXXXXXXXXXXXXXXXXXXXXXXXXXXXXXXXXXXXXXXXXXXXXXXXXXXXXXXXXXXXXXXXXXXXXXX
2026-09-28T03:54:21.835+03:00 [s1] [O] 
2026-09-28T03:54:21.870+03:00 [s1] [O] TX ACK seq=846 ack_to=EBE8/851 frame=14B OK time=13 ms guard=500ms
2026-09-28T03:54:21.879+03:00 [s2] [O] 
2026-09-28T03:54:21.890+03:00 [s2] [O] TX ACK seq=853 ack_to=118C/848 frame=14B OK time=13 ms guard=500ms
2026-09-28T03:54:21.973+03:00 [s1] [O] PEER_REPORT our_seq=846 TX=-42/6 Q100
2026-09-28T03:54:22.004+03:00 [s1] [O] 
2026-09-28T03:54:22.061+03:00 [s1] [O] RX USER session=EBE8 seq=852 frame=172B user=160B RX=-43/5 Q97 disposition=0
2026-09-28T03:54:22.229+03:00 [s1] [O] < [-43/5 Q97] S7BP160R10-XXXXXXXXXXXXXXXXXXXXXXXXXXXXXXXXXXXXXXXXXXXXXXXXXXXXXXXXXXXXXXXXXXXXXXXXXXXXXXXXXXXXXXXXXXXXXXXXXXXXXXXXXXXXXXXXXXXXXXXXXXXXXXXXXXXXXXXXXXXXXXXXXXXXX
2026-09-28T03:54:22.276+03:00 [s1] [O] 
2026-09-28T03:54:22.317+03:00 [s1] [O] TX ACK seq=847 ack_to=EBE8/852 frame=14B OK time=13 ms guard=500ms
2026-09-28T03:54:22.454+03:00 [s1] [O] DELIVERY QUEUED source=2 bytes=180 waiting=1/8 in_flight=0
2026-09-28T03:54:22.500+03:00 [s1] [O] 
2026-09-28T03:54:22.556+03:00 [s1] [O] TX USER seq=848 frame=192B user=180B attempt=1/5 OK time=79 ms
2026-09-28T03:54:22.738+03:00 [s1] [O] > S7AP180R1-XXXXXXXXXXXXXXXXXXXXXXXXXXXXXXXXXXXXXXXXXXXXXXXXXXXXXXXXXXXXXXXXXXXXXXXXXXXXXXXXXXXXXXXXXXXXXXXXXXXXXXXXXXXXXXXXXXXXXXXXXXXXXXXXXXXXXXXXXXXXXXXXXXXXXXXXXXXXXXXXXXXXXXXXXX
2026-09-28T03:54:22.777+03:00 [s1] [O] DELIVERY WAIT_ACK user=118C/848 attempt=1/5 timeout=712ms queue=0
2026-09-28T03:54:22.857+03:00 [s1] [O] PEER_REPORT our_seq=848 TX=-43/5 Q100
2026-09-28T03:54:22.903+03:00 [s1] [O] 
2026-09-28T03:54:22.921+03:00 [s1] [O] RX ACK session=EBE8 seq=853 ack_to=118C/848 frame=14B RX=-45/5 Q97
2026-09-28T03:54:22.924+03:00 [s1] [O] DELIVERY ACK user=118C/848 attempts=1/5 elapsed=218ms queue=0
2026-09-28T03:54:22.926+03:00 [s1] [I] S7AP180R2-XXXXXXXXXXXXXXXXXXXXXXXXXXXXXXXXXXXXXXXXXXXXXXXXXXXXXXXXXXXXXXXXXXXXXXXXXXXXXXXXXXXXXXXXXXXXXXXXXXXXXXXXXXXXXXXXXXXXXXXXXXXXXXXXXXXXXXXXXXXXXXXXXXXXXXXXXXXXXXXXXXXXXXXXXX
2026-09-28T03:54:23.003+03:00 [s1] [O] DELIVERY QUEUED source=2 bytes=180 waiting=1/8 in_flight=0
2026-09-28T03:54:23.050+03:00 [s2] [O] PEER_REPORT our_seq=853 TX=-45/5 Q97
2026-09-28T03:54:23.086+03:00 [s1] [O] 
2026-09-28T03:54:23.107+03:00 [s2] [O] 
2026-09-28T03:54:23.113+03:00 [s2] [O] RX USER session=118C seq=849 frame=192B user=180B RX=-42/5 Q100 disposition=0
2026-09-28T03:54:23.128+03:00 [s1] [O] TX USER seq=849 frame=192B user=180B attempt=1/5 OK time=79 ms
2026-09-28T03:54:23.143+03:00 [s2] [O] < [-42/5 Q100] S7AP180R2-XXXXXXXXXXXXXXXXXXXXXXXXXXXXXXXXXXXXXXXXXXXXXXXXXXXXXXXXXXXXXXXXXXXXXXXXXXXXXXXXXXXXXXXXXXXXXXXXXXXXXXXXXXXXXXXXXXXXXXXXXXXXXXXXXXXXXXXXXXXXXXXXXXXXXXXXXXXXXXXXXXXXXXXXXX
2026-09-28T03:54:23.277+03:00 [s2] [O] 
2026-09-28T03:54:23.280+03:00 [s2] [O] TX ACK seq=854 ack_to=118C/849 frame=14B OK time=13 ms guard=500ms
2026-09-28T03:54:23.307+03:00 [s1] [O] > S7AP180R2-XXXXXXXXXXXXXXXXXXXXXXXXXXXXXXXXXXXXXXXXXXXXXXXXXXXXXXXXXXXXXXXXXXXXXXXXXXXXXXXXXXXXXXXXXXXXXXXXXXXXXXXXXXXXXXXXXXXXXXXXXXXXXXXXXXXXXXXXXXXXXXXXXXXXXXXXXXXXXXXXXXXXXXXXXX
2026-09-28T03:54:23.353+03:00 [s1] [O] DELIVERY WAIT_ACK user=118C/849 attempt=1/5 timeout=712ms queue=0
2026-09-28T03:54:23.408+03:00 [s1] [O] PEER_REPORT our_seq=849 TX=-42/5 Q100
2026-09-28T03:54:23.450+03:00 [s1] [O] 
2026-09-28T03:54:23.494+03:00 [s1] [O] RX ACK session=EBE8 seq=854 ack_to=118C/849 frame=14B RX=-44/5 Q97
2026-09-28T03:54:23.621+03:00 [s1] [O] DELIVERY ACK user=118C/849 attempts=1/5 elapsed=224ms queue=0
2026-09-28T03:54:23.635+03:00 [s1] [I] S7AP180R3-XXXXXXXXXXXXXXXXXXXXXXXXXXXXXXXXXXXXXXXXXXXXXXXXXXXXXXXXXXXXXXXXXXXXXXXXXXXXXXXXXXXXXXXXXXXXXXXXXXXXXXXXXXXXXXXXXXXXXXXXXXXXXXXXXXXXXXXXXXXXXXXXXXXXXXXXXXXXXXXXXXXXXXXXXX
2026-09-28T03:54:23.724+03:00 [s1] [O] DELIVERY QUEUED source=2 bytes=180 waiting=1/8 in_flight=0
2026-09-28T03:54:23.767+03:00 [s2] [O] PEER_REPORT our_seq=854 TX=-44/5 Q97
2026-09-28T03:54:23.775+03:00 [s2] [O] 
2026-09-28T03:54:23.802+03:00 [s1] [O] 
2026-09-28T03:54:23.823+03:00 [s2] [O] RX USER session=118C seq=850 frame=192B user=180B RX=-42/5 Q100 disposition=0
2026-09-28T03:54:23.825+03:00 [s2] [O] < [-42/5 Q100] S7AP180R3-XXXXXXXXXXXXXXXXXXXXXXXXXXXXXXXXXXXXXXXXXXXXXXXXXXXXXXXXXXXXXXXXXXXXXXXXXXXXXXXXXXXXXXXXXXXXXXXXXXXXXXXXXXXXXXXXXXXXXXXXXXXXXXXXXXXXXXXXXXXXXXXXXXXXXXXXXXXXXXXXXXXXXXXXXX
2026-09-28T03:54:23.846+03:00 [s1] [O] TX USER seq=850 frame=192B user=180B attempt=1/5 OK time=79 ms
2026-09-28T03:54:23.996+03:00 [s2] [O] 
2026-09-28T03:54:24.002+03:00 [s2] [O] TX ACK seq=855 ack_to=118C/850 frame=14B OK time=13 ms guard=500ms
2026-09-28T03:54:24.026+03:00 [s1] [O] > S7AP180R3-XXXXXXXXXXXXXXXXXXXXXXXXXXXXXXXXXXXXXXXXXXXXXXXXXXXXXXXXXXXXXXXXXXXXXXXXXXXXXXXXXXXXXXXXXXXXXXXXXXXXXXXXXXXXXXXXXXXXXXXXXXXXXXXXXXXXXXXXXXXXXXXXXXXXXXXXXXXXXXXXXXXXXXXXXX
2026-09-28T03:54:24.073+03:00 [s1] [O] DELIVERY WAIT_ACK user=118C/850 attempt=1/5 timeout=712ms queue=0
2026-09-28T03:54:24.127+03:00 [s1] [O] PEER_REPORT our_seq=850 TX=-42/5 Q100
2026-09-28T03:54:24.179+03:00 [s1] [O] 
2026-09-28T03:54:24.208+03:00 [s1] [O] RX ACK session=EBE8 seq=855 ack_to=118C/850 frame=14B RX=-44/5 Q97
2026-09-28T03:54:24.388+03:00 [s1] [O] DELIVERY ACK user=118C/850 attempts=1/5 elapsed=225ms queue=0
2026-09-28T03:54:24.397+03:00 [s1] [I] S7AP180R4-XXXXXXXXXXXXXXXXXXXXXXXXXXXXXXXXXXXXXXXXXXXXXXXXXXXXXXXXXXXXXXXXXXXXXXXXXXXXXXXXXXXXXXXXXXXXXXXXXXXXXXXXXXXXXXXXXXXXXXXXXXXXXXXXXXXXXXXXXXXXXXXXXXXXXXXXXXXXXXXXXXXXXXXXXX
2026-09-28T03:54:24.490+03:00 [s1] [O] DELIVERY QUEUED source=2 bytes=180 waiting=1/8 in_flight=0
2026-09-28T03:54:24.536+03:00 [s2] [O] PEER_REPORT our_seq=855 TX=-44/5 Q97
2026-09-28T03:54:24.567+03:00 [s1] [O] 
2026-09-28T03:54:24.586+03:00 [s2] [O] 
2026-09-28T03:54:24.586+03:00 [s2] [O] RX USER session=118C seq=851 frame=192B user=180B RX=-42/5 Q100 disposition=0
2026-09-28T03:54:24.591+03:00 [s2] [O] < [-42/5 Q100] S7AP180R4-XXXXXXXXXXXXXXXXXXXXXXXXXXXXXXXXXXXXXXXXXXXXXXXXXXXXXXXXXXXXXXXXXXXXXXXXXXXXXXXXXXXXXXXXXXXXXXXXXXXXXXXXXXXXXXXXXXXXXXXXXXXXXXXXXXXXXXXXXXXXXXXXXXXXXXXXXXXXXXXXXXXXXXXXXX
2026-09-28T03:54:24.610+03:00 [s1] [O] TX USER seq=851 frame=192B user=180B attempt=1/5 OK time=79 ms
2026-09-28T03:54:24.761+03:00 [s2] [O] 
2026-09-28T03:54:24.771+03:00 [s2] [O] TX ACK seq=856 ack_to=118C/851 frame=14B OK time=13 ms guard=500ms
2026-09-28T03:54:24.791+03:00 [s1] [O] > S7AP180R4-XXXXXXXXXXXXXXXXXXXXXXXXXXXXXXXXXXXXXXXXXXXXXXXXXXXXXXXXXXXXXXXXXXXXXXXXXXXXXXXXXXXXXXXXXXXXXXXXXXXXXXXXXXXXXXXXXXXXXXXXXXXXXXXXXXXXXXXXXXXXXXXXXXXXXXXXXXXXXXXXXXXXXXXXXX
2026-09-28T03:54:24.837+03:00 [s1] [O] DELIVERY WAIT_ACK user=118C/851 attempt=1/5 timeout=712ms queue=0
2026-09-28T03:54:24.889+03:00 [s1] [O] PEER_REPORT our_seq=851 TX=-42/5 Q100
2026-09-28T03:54:24.939+03:00 [s1] [O] 
2026-09-28T03:54:24.987+03:00 [s1] [O] RX ACK session=EBE8 seq=856 ack_to=118C/851 frame=14B RX=-42/4 Q97
2026-09-28T03:54:25.108+03:00 [s1] [O] DELIVERY ACK user=118C/851 attempts=1/5 elapsed=225ms queue=0
2026-09-28T03:54:25.120+03:00 [s1] [I] S7AP180R5-XXXXXXXXXXXXXXXXXXXXXXXXXXXXXXXXXXXXXXXXXXXXXXXXXXXXXXXXXXXXXXXXXXXXXXXXXXXXXXXXXXXXXXXXXXXXXXXXXXXXXXXXXXXXXXXXXXXXXXXXXXXXXXXXXXXXXXXXXXXXXXXXXXXXXXXXXXXXXXXXXXXXXXXXXX
2026-09-28T03:54:25.209+03:00 [s1] [O] DELIVERY QUEUED source=2 bytes=180 waiting=1/8 in_flight=0
2026-09-28T03:54:25.256+03:00 [s2] [O] PEER_REPORT our_seq=856 TX=-42/4 Q97
2026-09-28T03:54:25.288+03:00 [s1] [O] 
2026-09-28T03:54:25.296+03:00 [s2] [O] 
2026-09-28T03:54:25.301+03:00 [s2] [O] RX USER session=118C seq=852 frame=192B user=180B RX=-42/5 Q100 disposition=0
2026-09-28T03:54:25.305+03:00 [s2] [O] < [-42/5 Q100] S7AP180R5-XXXXXXXXXXXXXXXXXXXXXXXXXXXXXXXXXXXXXXXXXXXXXXXXXXXXXXXXXXXXXXXXXXXXXXXXXXXXXXXXXXXXXXXXXXXXXXXXXXXXXXXXXXXXXXXXXXXXXXXXXXXXXXXXXXXXXXXXXXXXXXXXXXXXXXXXXXXXXXXXXXXXXXXXXX
2026-09-28T03:54:25.331+03:00 [s1] [O] TX USER seq=852 frame=192B user=180B attempt=1/5 OK time=79 ms
2026-09-28T03:54:25.478+03:00 [s2] [O] 
2026-09-28T03:54:25.495+03:00 [s2] [O] TX ACK seq=857 ack_to=118C/852 frame=14B OK time=13 ms guard=500ms
2026-09-28T03:54:25.511+03:00 [s1] [O] > S7AP180R5-XXXXXXXXXXXXXXXXXXXXXXXXXXXXXXXXXXXXXXXXXXXXXXXXXXXXXXXXXXXXXXXXXXXXXXXXXXXXXXXXXXXXXXXXXXXXXXXXXXXXXXXXXXXXXXXXXXXXXXXXXXXXXXXXXXXXXXXXXXXXXXXXXXXXXXXXXXXXXXXXXXXXXXXXXX
2026-09-28T03:54:25.556+03:00 [s1] [O] DELIVERY WAIT_ACK user=118C/852 attempt=1/5 timeout=712ms queue=0
2026-09-28T03:54:25.610+03:00 [s1] [O] PEER_REPORT our_seq=852 TX=-42/5 Q100
2026-09-28T03:54:25.663+03:00 [s1] [O] 
2026-09-28T03:54:25.696+03:00 [s1] [O] RX ACK session=EBE8 seq=857 ack_to=118C/852 frame=14B RX=-42/4 Q97
2026-09-28T03:54:25.827+03:00 [s1] [O] DELIVERY ACK user=118C/852 attempts=1/5 elapsed=225ms queue=0
2026-09-28T03:54:25.845+03:00 [s1] [I] S7AP180R6-XXXXXXXXXXXXXXXXXXXXXXXXXXXXXXXXXXXXXXXXXXXXXXXXXXXXXXXXXXXXXXXXXXXXXXXXXXXXXXXXXXXXXXXXXXXXXXXXXXXXXXXXXXXXXXXXXXXXXXXXXXXXXXXXXXXXXXXXXXXXXXXXXXXXXXXXXXXXXXXXXXXXXXXXXX
2026-09-28T03:54:25.922+03:00 [s1] [O] DELIVERY QUEUED source=2 bytes=180 waiting=1/8 in_flight=0
2026-09-28T03:54:25.976+03:00 [s2] [O] PEER_REPORT our_seq=857 TX=-42/4 Q97
2026-09-28T03:54:25.980+03:00 [s2] [O] 
2026-09-28T03:54:26.006+03:00 [s1] [O] 
2026-09-28T03:54:26.012+03:00 [s2] [O] RX USER session=118C seq=853 frame=192B user=180B RX=-42/5 Q100 disposition=0
2026-09-28T03:54:26.034+03:00 [s2] [O] < [-42/5 Q100] S7AP180R6-XXXXXXXXXXXXXXXXXXXXXXXXXXXXXXXXXXXXXXXXXXXXXXXXXXXXXXXXXXXXXXXXXXXXXXXXXXXXXXXXXXXXXXXXXXXXXXXXXXXXXXXXXXXXXXXXXXXXXXXXXXXXXXXXXXXXXXXXXXXXXXXXXXXXXXXXXXXXXXXXXXXXXXXXXX
2026-09-28T03:54:26.056+03:00 [s1] [O] TX USER seq=853 frame=192B user=180B attempt=1/5 OK time=79 ms
2026-09-28T03:54:26.195+03:00 [s2] [O] 
2026-09-28T03:54:26.196+03:00 [s2] [O] TX ACK seq=858 ack_to=118C/853 frame=14B OK time=13 ms guard=500ms
2026-09-28T03:54:26.232+03:00 [s1] [O] > S7AP180R6-XXXXXXXXXXXXXXXXXXXXXXXXXXXXXXXXXXXXXXXXXXXXXXXXXXXXXXXXXXXXXXXXXXXXXXXXXXXXXXXXXXXXXXXXXXXXXXXXXXXXXXXXXXXXXXXXXXXXXXXXXXXXXXXXXXXXXXXXXXXXXXXXXXXXXXXXXXXXXXXXXXXXXXXXXX
2026-09-28T03:54:26.277+03:00 [s1] [O] DELIVERY WAIT_ACK user=118C/853 attempt=1/5 timeout=712ms queue=0
2026-09-28T03:54:26.330+03:00 [s1] [O] PEER_REPORT our_seq=853 TX=-42/5 Q100
2026-09-28T03:54:26.369+03:00 [s1] [O] 
2026-09-28T03:54:26.420+03:00 [s1] [O] RX ACK session=EBE8 seq=858 ack_to=118C/853 frame=14B RX=-41/3 Q97
2026-09-28T03:54:26.556+03:00 [s1] [O] DELIVERY ACK user=118C/853 attempts=1/5 elapsed=224ms queue=0
2026-09-28T03:54:26.558+03:00 [s1] [I] S7AP180R7-XXXXXXXXXXXXXXXXXXXXXXXXXXXXXXXXXXXXXXXXXXXXXXXXXXXXXXXXXXXXXXXXXXXXXXXXXXXXXXXXXXXXXXXXXXXXXXXXXXXXXXXXXXXXXXXXXXXXXXXXXXXXXXXXXXXXXXXXXXXXXXXXXXXXXXXXXXXXXXXXXXXXXXXXXX
2026-09-28T03:54:26.686+03:00 [s1] [O] DELIVERY QUEUED source=2 bytes=180 waiting=1/8 in_flight=0
2026-09-28T03:54:26.694+03:00 [s2] [O] PEER_REPORT our_seq=858 TX=-41/3 Q97
2026-09-28T03:54:26.695+03:00 [s2] [O] 
2026-09-28T03:54:26.745+03:00 [s2] [O] RX USER session=118C seq=854 frame=192B user=180B RX=-42/5 Q100 disposition=0
2026-09-28T03:54:26.745+03:00 [s1] [O] 
2026-09-28T03:54:26.756+03:00 [s2] [O] < [-42/5 Q100] S7AP180R7-XXXXXXXXXXXXXXXXXXXXXXXXXXXXXXXXXXXXXXXXXXXXXXXXXXXXXXXXXXXXXXXXXXXXXXXXXXXXXXXXXXXXXXXXXXXXXXXXXXXXXXXXXXXXXXXXXXXXXXXXXXXXXXXXXXXXXXXXXXXXXXXXXXXXXXXXXXXXXXXXXXXXXXXXXX
2026-09-28T03:54:26.776+03:00 [s1] [O] TX USER seq=854 frame=192B user=180B attempt=1/5 OK time=79 ms
2026-09-28T03:54:26.923+03:00 [s2] [O] 
2026-09-28T03:54:26.954+03:00 [s1] [O] > S7AP180R7-XXXXXXXXXXXXXXXXXXXXXXXXXXXXXXXXXXXXXXXXXXXXXXXXXXXXXXXXXXXXXXXXXXXXXXXXXXXXXXXXXXXXXXXXXXXXXXXXXXXXXXXXXXXXXXXXXXXXXXXXXXXXXXXXXXXXXXXXXXXXXXXXXXXXXXXXXXXXXXXXXXXXXXXXXX
2026-09-28T03:54:26.961+03:00 [s2] [O] TX ACK seq=859 ack_to=118C/854 frame=14B OK time=13 ms guard=500ms
2026-09-28T03:54:26.998+03:00 [s1] [O] DELIVERY WAIT_ACK user=118C/854 attempt=1/5 timeout=712ms queue=0
2026-09-28T03:54:27.087+03:00 [s1] [O] PEER_REPORT our_seq=854 TX=-42/5 Q100
2026-09-28T03:54:27.133+03:00 [s1] [O] 
2026-09-28T03:54:27.178+03:00 [s1] [O] RX ACK session=EBE8 seq=859 ack_to=118C/854 frame=14B RX=-40/3 Q97
2026-09-28T03:54:27.280+03:00 [s1] [O] DELIVERY ACK user=118C/854 attempts=1/5 elapsed=224ms queue=0
2026-09-28T03:54:27.286+03:00 [s1] [I] S7AP180R8-XXXXXXXXXXXXXXXXXXXXXXXXXXXXXXXXXXXXXXXXXXXXXXXXXXXXXXXXXXXXXXXXXXXXXXXXXXXXXXXXXXXXXXXXXXXXXXXXXXXXXXXXXXXXXXXXXXXXXXXXXXXXXXXXXXXXXXXXXXXXXXXXXXXXXXXXXXXXXXXXXXXXXXXXXX
2026-09-28T03:54:27.403+03:00 [s1] [O] DELIVERY QUEUED source=2 bytes=180 waiting=1/8 in_flight=0
2026-09-28T03:54:27.414+03:00 [s2] [O] PEER_REPORT our_seq=859 TX=-40/3 Q97
2026-09-28T03:54:27.424+03:00 [s2] [O] 
2026-09-28T03:54:27.448+03:00 [s1] [O] 
2026-09-28T03:54:27.468+03:00 [s2] [O] RX USER session=118C seq=855 frame=192B user=180B RX=-42/5 Q100 disposition=0
2026-09-28T03:54:27.472+03:00 [s2] [O] < [-42/5 Q100] S7AP180R8-XXXXXXXXXXXXXXXXXXXXXXXXXXXXXXXXXXXXXXXXXXXXXXXXXXXXXXXXXXXXXXXXXXXXXXXXXXXXXXXXXXXXXXXXXXXXXXXXXXXXXXXXXXXXXXXXXXXXXXXXXXXXXXXXXXXXXXXXXXXXXXXXXXXXXXXXXXXXXXXXXXXXXXXXXX
2026-09-28T03:54:27.500+03:00 [s1] [O] TX USER seq=855 frame=192B user=180B attempt=1/5 OK time=79 ms
2026-09-28T03:54:27.649+03:00 [s2] [O] 
2026-09-28T03:54:27.650+03:00 [s2] [O] TX ACK seq=860 ack_to=118C/855 frame=14B OK time=13 ms guard=500ms
2026-09-28T03:54:27.674+03:00 [s1] [O] > S7AP180R8-XXXXXXXXXXXXXXXXXXXXXXXXXXXXXXXXXXXXXXXXXXXXXXXXXXXXXXXXXXXXXXXXXXXXXXXXXXXXXXXXXXXXXXXXXXXXXXXXXXXXXXXXXXXXXXXXXXXXXXXXXXXXXXXXXXXXXXXXXXXXXXXXXXXXXXXXXXXXXXXXXXXXXXXXXX
2026-09-28T03:54:27.726+03:00 [s1] [O] DELIVERY WAIT_ACK user=118C/855 attempt=1/5 timeout=712ms queue=0
2026-09-28T03:54:27.777+03:00 [s1] [O] PEER_REPORT our_seq=855 TX=-42/5 Q100
2026-09-28T03:54:27.818+03:00 [s1] [O] 
2026-09-28T03:54:27.866+03:00 [s1] [O] RX ACK session=EBE8 seq=860 ack_to=118C/855 frame=14B RX=-42/4 Q97
2026-09-28T03:54:27.996+03:00 [s1] [O] DELIVERY ACK user=118C/855 attempts=1/5 elapsed=224ms queue=0
2026-09-28T03:54:28.002+03:00 [s1] [I] S7AP180R9-XXXXXXXXXXXXXXXXXXXXXXXXXXXXXXXXXXXXXXXXXXXXXXXXXXXXXXXXXXXXXXXXXXXXXXXXXXXXXXXXXXXXXXXXXXXXXXXXXXXXXXXXXXXXXXXXXXXXXXXXXXXXXXXXXXXXXXXXXXXXXXXXXXXXXXXXXXXXXXXXXXXXXXXXXX
2026-09-28T03:54:28.086+03:00 [s1] [O] DELIVERY QUEUED source=2 bytes=180 waiting=1/8 in_flight=0
2026-09-28T03:54:28.145+03:00 [s2] [O] PEER_REPORT our_seq=860 TX=-42/4 Q100
2026-09-28T03:54:28.147+03:00 [s2] [O] 
2026-09-28T03:54:28.169+03:00 [s1] [O] 
2026-09-28T03:54:28.178+03:00 [s2] [O] RX USER session=118C seq=856 frame=192B user=180B RX=-42/6 Q100 disposition=0
2026-09-28T03:54:28.191+03:00 [s2] [O] < [-42/6 Q100] S7AP180R9-XXXXXXXXXXXXXXXXXXXXXXXXXXXXXXXXXXXXXXXXXXXXXXXXXXXXXXXXXXXXXXXXXXXXXXXXXXXXXXXXXXXXXXXXXXXXXXXXXXXXXXXXXXXXXXXXXXXXXXXXXXXXXXXXXXXXXXXXXXXXXXXXXXXXXXXXXXXXXXXXXXXXXXXXXX
2026-09-28T03:54:28.211+03:00 [s1] [O] TX USER seq=856 frame=192B user=180B attempt=1/5 OK time=79 ms
2026-09-28T03:54:28.352+03:00 [s2] [O] 
2026-09-28T03:54:28.366+03:00 [s2] [O] TX ACK seq=861 ack_to=118C/856 frame=14B OK time=13 ms guard=500ms
2026-09-28T03:54:28.436+03:00 [s1] [O] > S7AP180R9-XXXXXXXXXXXXXXXXXXXXXXXXXXXXXXXXXXXXXXXXXXXXXXXXXXXXXXXXXXXXXXXXXXXXXXXXXXXXXXXXXXXXXXXXXXXXXXXXXXXXXXXXXXXXXXXXXXXXXXXXXXXXXXXXXXXXXXXXXXXXXXXXXXXXXXXXXXXXXXXXXXXXXXXXXX
2026-09-28T03:54:28.482+03:00 [s1] [O] DELIVERY WAIT_ACK user=118C/856 attempt=1/5 timeout=712ms queue=0
2026-09-28T03:54:28.540+03:00 [s1] [O] PEER_REPORT our_seq=856 TX=-42/6 Q100
2026-09-28T03:54:28.581+03:00 [s1] [O] 
2026-09-28T03:54:28.629+03:00 [s1] [O] RX ACK session=EBE8 seq=861 ack_to=118C/856 frame=14B RX=-39/4 Q100
2026-09-28T03:54:28.753+03:00 [s1] [O] DELIVERY ACK user=118C/856 attempts=1/5 elapsed=224ms queue=0
2026-09-28T03:54:28.761+03:00 [s1] [I] S7AP180R10-XXXXXXXXXXXXXXXXXXXXXXXXXXXXXXXXXXXXXXXXXXXXXXXXXXXXXXXXXXXXXXXXXXXXXXXXXXXXXXXXXXXXXXXXXXXXXXXXXXXXXXXXXXXXXXXXXXXXXXXXXXXXXXXXXXXXXXXXXXXXXXXXXXXXXXXXXXXXXXXXXXXXXXXXX
2026-09-28T03:54:28.854+03:00 [s1] [O] DELIVERY QUEUED source=2 bytes=180 waiting=1/8 in_flight=0
2026-09-28T03:54:28.895+03:00 [s2] [O] PEER_REPORT our_seq=861 TX=-39/4 Q100
2026-09-28T03:54:28.932+03:00 [s1] [O] 
2026-09-28T03:54:28.947+03:00 [s2] [O] 
2026-09-28T03:54:28.951+03:00 [s2] [O] RX USER session=118C seq=857 frame=192B user=180B RX=-42/4 Q100 disposition=0
2026-09-28T03:54:28.955+03:00 [s2] [O] < [-42/4 Q100] S7AP180R10-XXXXXXXXXXXXXXXXXXXXXXXXXXXXXXXXXXXXXXXXXXXXXXXXXXXXXXXXXXXXXXXXXXXXXXXXXXXXXXXXXXXXXXXXXXXXXXXXXXXXXXXXXXXXXXXXXXXXXXXXXXXXXXXXXXXXXXXXXXXXXXXXXXXXXXXXXXXXXXXXXXXXXXXXX
2026-09-28T03:54:28.976+03:00 [s1] [O] TX USER seq=857 frame=192B user=180B attempt=1/5 OK time=79 ms
2026-09-28T03:54:29.123+03:00 [s2] [O] 
2026-09-28T03:54:29.155+03:00 [s2] [O] TX ACK seq=862 ack_to=118C/857 frame=14B OK time=13 ms guard=500ms
2026-09-28T03:54:29.162+03:00 [s1] [O] > S7AP180R10-XXXXXXXXXXXXXXXXXXXXXXXXXXXXXXXXXXXXXXXXXXXXXXXXXXXXXXXXXXXXXXXXXXXXXXXXXXXXXXXXXXXXXXXXXXXXXXXXXXXXXXXXXXXXXXXXXXXXXXXXXXXXXXXXXXXXXXXXXXXXXXXXXXXXXXXXXXXXXXXXXXXXXXXXX
2026-09-28T03:54:29.201+03:00 [s1] [O] DELIVERY WAIT_ACK user=118C/857 attempt=1/5 timeout=712ms queue=0
2026-09-28T03:54:29.225+03:00 [s2] [O] 
2026-09-28T03:54:29.247+03:00 [s2] [O] SESSION t=4080s TX ok=870 user=392 echo_req=0 echo_rep=0 hb=70(idle=0) err=0 started=870 RX ok=863 user=408 echo_req=0 echo_rep=0 hb=70 crc=5 hdr=5 bad=1 readerr=0 reports=862 Q=100% drops=0 fatal=0
2026-09-28T03:54:29.253+03:00 [s1] [O] PEER_REPORT our_seq=857 TX=-42/5 Q100
2026-09-28T03:54:29.253+03:00 [s2] [O] SESSION COURTESY window=5000ms peer_release=0 expired=0 yielding=0
2026-09-28T03:54:29.258+03:00 [s2] [O] SESSION DIO0_TX affected=0/870 episodes=0 avg_all=0.00 avg_affected=0.00 high_polls=0
2026-09-28T03:54:29.262+03:00 [s2] [O] SESSION RX_POLL polls=3786332 rxdone=874 interval=1000us DIO0_RX false_high_ep=0 high_polls=0 rxdone_low=4 isr=disabled
2026-09-28T03:54:29.290+03:00 [s1] [O] 
2026-09-28T03:54:29.341+03:00 [s1] [O] RX ACK session=EBE8 seq=862 ack_to=118C/857 frame=14B RX=-41/5 Q100
2026-09-28T03:54:29.471+03:00 [s1] [O] DELIVERY ACK user=118C/857 attempts=1/5 elapsed=224ms queue=0
2026-09-28T03:54:29.490+03:00 [s2] [I] S7BP180R1-XXXXXXXXXXXXXXXXXXXXXXXXXXXXXXXXXXXXXXXXXXXXXXXXXXXXXXXXXXXXXXXXXXXXXXXXXXXXXXXXXXXXXXXXXXXXXXXXXXXXXXXXXXXXXXXXXXXXXXXXXXXXXXXXXXXXXXXXXXXXXXXXXXXXXXXXXXXXXXXXXXXXXXXXXX
2026-09-28T03:54:29.575+03:00 [s2] [O] DELIVERY QUEUED source=2 bytes=180 waiting=1/8 in_flight=0
2026-09-28T03:54:29.661+03:00 [s1] [O] PEER_REPORT our_seq=857 TX=-42/5 Q100
2026-09-28T03:54:29.662+03:00 [s2] [O] 
2026-09-28T03:54:29.676+03:00 [s2] [O] TX USER seq=863 frame=192B user=180B attempt=1/5 OK time=79 ms
2026-09-28T03:54:29.679+03:00 [s2] [O] > S7BP180R1-XXXXXXXXXXXXXXXXXXXXXXXXXXXXXXXXXXXXXXXXXXXXXXXXXXXXXXXXXXXXXXXXXXXXXXXXXXXXXXXXXXXXXXXXXXXXXXXXXXXXXXXXXXXXXXXXXXXXXXXXXXXXXXXXXXXXXXXXXXXXXXXXXXXXXXXXXXXXXXXXXXXXXXXXXX
2026-09-28T03:54:29.681+03:00 [s2] [O] DELIVERY WAIT_ACK user=EBE8/863 attempt=1/5 timeout=712ms queue=0
2026-09-28T03:54:29.699+03:00 [s1] [O] 
2026-09-28T03:54:29.753+03:00 [s1] [O] RX USER session=EBE8 seq=863 frame=192B user=180B RX=-43/5 Q100 disposition=0
2026-09-28T03:54:29.841+03:00 [s2] [O] PEER_REPORT our_seq=863 TX=-43/5 Q100
2026-09-28T03:54:29.855+03:00 [s2] [O] 
2026-09-28T03:54:29.863+03:00 [s2] [O] RX ACK session=118C seq=858 ack_to=EBE8/863 frame=14B RX=-44/4 Q100
2026-09-28T03:54:29.895+03:00 [s2] [O] DELIVERY ACK user=EBE8/863 attempts=1/5 elapsed=227ms queue=0
2026-09-28T03:54:29.901+03:00 [s2] [I] S7BP180R2-XXXXXXXXXXXXXXXXXXXXXXXXXXXXXXXXXXXXXXXXXXXXXXXXXXXXXXXXXXXXXXXXXXXXXXXXXXXXXXXXXXXXXXXXXXXXXXXXXXXXXXXXXXXXXXXXXXXXXXXXXXXXXXXXXXXXXXXXXXXXXXXXXXXXXXXXXXXXXXXXXXXXXXXXXX
2026-09-28T03:54:29.968+03:00 [s1] [O] < [-43/5 Q100] S7BP180R1-XXXXXXXXXXXXXXXXXXXXXXXXXXXXXXXXXXXXXXXXXXXXXXXXXXXXXXXXXXXXXXXXXXXXXXXXXXXXXXXXXXXXXXXXXXXXXXXXXXXXXXXXXXXXXXXXXXXXXXXXXXXXXXXXXXXXXXXXXXXXXXXXXXXXXXXXXXXXXXXXXXXXXXXXXX
2026-09-28T03:54:29.970+03:00 [s1] [O] 
2026-09-28T03:54:29.981+03:00 [s2] [O] DELIVERY QUEUED source=2 bytes=180 waiting=1/8 in_flight=0
2026-09-28T03:54:30.018+03:00 [s1] [O] TX ACK seq=858 ack_to=EBE8/863 frame=14B OK time=13 ms guard=500ms
2026-09-28T03:54:30.080+03:00 [s2] [O] 
2026-09-28T03:54:30.080+03:00 [s2] [O] TX USER seq=864 frame=192B user=180B attempt=1/5 OK time=79 ms
2026-09-28T03:54:30.083+03:00 [s2] [O] > S7BP180R2-XXXXXXXXXXXXXXXXXXXXXXXXXXXXXXXXXXXXXXXXXXXXXXXXXXXXXXXXXXXXXXXXXXXXXXXXXXXXXXXXXXXXXXXXXXXXXXXXXXXXXXXXXXXXXXXXXXXXXXXXXXXXXXXXXXXXXXXXXXXXXXXXXXXXXXXXXXXXXXXXXXXXXXXXXX
2026-09-28T03:54:30.085+03:00 [s2] [O] DELIVERY WAIT_ACK user=EBE8/864 attempt=1/5 timeout=712ms queue=0
2026-09-28T03:54:30.104+03:00 [s1] [O] PEER_REPORT our_seq=858 TX=-44/5 Q100
2026-09-28T03:54:30.154+03:00 [s1] [O] 
2026-09-28T03:54:30.201+03:00 [s1] [O] RX USER session=EBE8 seq=864 frame=192B user=180B RX=-42/6 Q100 disposition=0
2026-09-28T03:54:30.247+03:00 [s2] [O] PEER_REPORT our_seq=864 TX=-42/6 Q100
2026-09-28T03:54:30.259+03:00 [s2] [O] 
2026-09-28T03:54:30.262+03:00 [s2] [O] RX ACK session=118C seq=859 ack_to=EBE8/864 frame=14B RX=-42/4 Q100
2026-09-28T03:54:30.295+03:00 [s2] [O] DELIVERY ACK user=EBE8/864 attempts=1/5 elapsed=226ms queue=0
2026-09-28T03:54:30.296+03:00 [s2] [I] S7BP180R3-XXXXXXXXXXXXXXXXXXXXXXXXXXXXXXXXXXXXXXXXXXXXXXXXXXXXXXXXXXXXXXXXXXXXXXXXXXXXXXXXXXXXXXXXXXXXXXXXXXXXXXXXXXXXXXXXXXXXXXXXXXXXXXXXXXXXXXXXXXXXXXXXXXXXXXXXXXXXXXXXXXXXXXXXXX
2026-09-28T03:54:30.392+03:00 [s2] [O] DELIVERY QUEUED source=2 bytes=180 waiting=1/8 in_flight=0
2026-09-28T03:54:30.417+03:00 [s1] [O] < [-42/6 Q100] S7BP180R2-XXXXXXXXXXXXXXXXXXXXXXXXXXXXXXXXXXXXXXXXXXXXXXXXXXXXXXXXXXXXXXXXXXXXXXXXXXXXXXXXXXXXXXXXXXXXXXXXXXXXXXXXXXXXXXXXXXXXXXXXXXXXXXXXXXXXXXXXXXXXXXXXXXXXXXXXXXXXXXXXXXXXXXXXXX
2026-09-28T03:54:30.425+03:00 [s1] [O] 
2026-09-28T03:54:30.468+03:00 [s2] [O] 
2026-09-28T03:54:30.474+03:00 [s1] [O] TX ACK seq=859 ack_to=EBE8/864 frame=14B OK time=13 ms guard=500ms
2026-09-28T03:54:30.479+03:00 [s2] [O] TX USER seq=865 frame=192B user=180B attempt=1/5 OK time=79 ms
2026-09-28T03:54:30.485+03:00 [s2] [O] > S7BP180R3-XXXXXXXXXXXXXXXXXXXXXXXXXXXXXXXXXXXXXXXXXXXXXXXXXXXXXXXXXXXXXXXXXXXXXXXXXXXXXXXXXXXXXXXXXXXXXXXXXXXXXXXXXXXXXXXXXXXXXXXXXXXXXXXXXXXXXXXXXXXXXXXXXXXXXXXXXXXXXXXXXXXXXXXXXX
2026-09-28T03:54:30.487+03:00 [s2] [O] DELIVERY WAIT_ACK user=EBE8/865 attempt=1/5 timeout=712ms queue=0
2026-09-28T03:54:30.562+03:00 [s1] [O] PEER_REPORT our_seq=859 TX=-42/5 Q100
2026-09-28T03:54:30.600+03:00 [s1] [O] 
2026-09-28T03:54:30.643+03:00 [s1] [O] RX USER session=EBE8 seq=865 frame=192B user=180B RX=-43/5 Q100 disposition=0
2026-09-28T03:54:30.660+03:00 [s2] [O] PEER_REPORT our_seq=865 TX=-43/5 Q100
2026-09-28T03:54:30.664+03:00 [s2] [O] 
2026-09-28T03:54:30.666+03:00 [s2] [O] RX ACK session=118C seq=860 ack_to=EBE8/865 frame=14B RX=-41/6 Q100
2026-09-28T03:54:30.717+03:00 [s2] [O] DELIVERY ACK user=EBE8/865 attempts=1/5 elapsed=228ms queue=0
2026-09-28T03:54:30.719+03:00 [s2] [I] S7BP180R4-XXXXXXXXXXXXXXXXXXXXXXXXXXXXXXXXXXXXXXXXXXXXXXXXXXXXXXXXXXXXXXXXXXXXXXXXXXXXXXXXXXXXXXXXXXXXXXXXXXXXXXXXXXXXXXXXXXXXXXXXXXXXXXXXXXXXXXXXXXXXXXXXXXXXXXXXXXXXXXXXXXXXXXXXXX
2026-09-28T03:54:30.797+03:00 [s2] [O] DELIVERY QUEUED source=2 bytes=180 waiting=1/8 in_flight=0
2026-09-28T03:54:30.867+03:00 [s1] [O] < [-43/5 Q100] S7BP180R3-XXXXXXXXXXXXXXXXXXXXXXXXXXXXXXXXXXXXXXXXXXXXXXXXXXXXXXXXXXXXXXXXXXXXXXXXXXXXXXXXXXXXXXXXXXXXXXXXXXXXXXXXXXXXXXXXXXXXXXXXXXXXXXXXXXXXXXXXXXXXXXXXXXXXXXXXXXXXXXXXXXXXXXXXXX
2026-09-28T03:54:30.870+03:00 [s1] [O] 
2026-09-28T03:54:30.882+03:00 [s2] [O] 
2026-09-28T03:54:30.894+03:00 [s2] [O] TX USER seq=866 frame=192B user=180B attempt=1/5 OK time=79 ms
2026-09-28T03:54:30.902+03:00 [s2] [O] > S7BP180R4-XXXXXXXXXXXXXXXXXXXXXXXXXXXXXXXXXXXXXXXXXXXXXXXXXXXXXXXXXXXXXXXXXXXXXXXXXXXXXXXXXXXXXXXXXXXXXXXXXXXXXXXXXXXXXXXXXXXXXXXXXXXXXXXXXXXXXXXXXXXXXXXXXXXXXXXXXXXXXXXXXXXXXXXXXX
2026-09-28T03:54:30.903+03:00 [s2] [O] DELIVERY WAIT_ACK user=EBE8/866 attempt=1/5 timeout=712ms queue=0
2026-09-28T03:54:30.911+03:00 [s1] [O] TX ACK seq=860 ack_to=EBE8/865 frame=14B OK time=13 ms guard=500ms
2026-09-28T03:54:31.011+03:00 [s1] [O] PEER_REPORT our_seq=860 TX=-41/6 Q100
2026-09-28T03:54:31.063+03:00 [s2] [O] PEER_REPORT our_seq=866 TX=-42/5 Q100
2026-09-28T03:54:31.063+03:00 [s1] [O] 
2026-09-28T03:54:31.066+03:00 [s2] [O] 
2026-09-28T03:54:31.070+03:00 [s2] [O] RX ACK session=118C seq=861 ack_to=EBE8/866 frame=14B RX=-44/5 Q100
2026-09-28T03:54:31.098+03:00 [s1] [O] RX USER session=EBE8 seq=866 frame=192B user=180B RX=-42/5 Q100 disposition=0
2026-09-28T03:54:31.110+03:00 [s2] [O] DELIVERY ACK user=EBE8/866 attempts=1/5 elapsed=228ms queue=0
2026-09-28T03:54:31.118+03:00 [s2] [I] S7BP180R5-XXXXXXXXXXXXXXXXXXXXXXXXXXXXXXXXXXXXXXXXXXXXXXXXXXXXXXXXXXXXXXXXXXXXXXXXXXXXXXXXXXXXXXXXXXXXXXXXXXXXXXXXXXXXXXXXXXXXXXXXXXXXXXXXXXXXXXXXXXXXXXXXXXXXXXXXXXXXXXXXXXXXXXXXXX
2026-09-28T03:54:31.197+03:00 [s2] [O] DELIVERY QUEUED source=2 bytes=180 waiting=1/8 in_flight=0
2026-09-28T03:54:31.305+03:00 [s2] [O] 
2026-09-28T03:54:31.309+03:00 [s2] [O] TX USER seq=867 frame=192B user=180B attempt=1/5 OK time=78 ms
2026-09-28T03:54:31.313+03:00 [s2] [O] > S7BP180R5-XXXXXXXXXXXXXXXXXXXXXXXXXXXXXXXXXXXXXXXXXXXXXXXXXXXXXXXXXXXXXXXXXXXXXXXXXXXXXXXXXXXXXXXXXXXXXXXXXXXXXXXXXXXXXXXXXXXXXXXXXXXXXXXXXXXXXXXXXXXXXXXXXXXXXXXXXXXXXXXXXXXXXXXXXX
2026-09-28T03:54:31.317+03:00 [s2] [O] DELIVERY WAIT_ACK user=EBE8/867 attempt=1/5 timeout=712ms queue=0
2026-09-28T03:54:31.362+03:00 [s1] [O] < [-42/5 Q100] S7BP180R4-XXXXXXXXXXXXXXXXXXXXXXXXXXXXXXXXXXXXXXXXXXXXXXXXXXXXXXXXXXXXXXXXXXXXXXXXXXXXXXXXXXXXXXXXXXXXXXXXXXXXXXXXXXXXXXXXXXXXXXXXXXXXXXXXXXXXXXXXXXXXXXXXXXXXXXXXXXXXXXXXXXXXXXXXXX
2026-09-28T03:54:31.363+03:00 [s1] [O] 
2026-09-28T03:54:31.409+03:00 [s1] [O] TX ACK seq=861 ack_to=EBE8/866 frame=14B OK time=13 ms guard=500ms
2026-09-28T03:54:31.472+03:00 [s2] [O] PEER_REPORT our_seq=867 TX=-42/5 Q100
2026-09-28T03:54:31.472+03:00 [s2] [O] 
2026-09-28T03:54:31.475+03:00 [s2] [O] RX ACK session=118C seq=862 ack_to=EBE8/867 frame=14B RX=-39/1 Q100
2026-09-28T03:54:31.497+03:00 [s1] [O] PEER_REPORT our_seq=861 TX=-44/5 Q100
2026-09-28T03:54:31.511+03:00 [s2] [O] DELIVERY ACK user=EBE8/867 attempts=1/5 elapsed=227ms queue=0
2026-09-28T03:54:31.519+03:00 [s2] [I] S7BP180R6-XXXXXXXXXXXXXXXXXXXXXXXXXXXXXXXXXXXXXXXXXXXXXXXXXXXXXXXXXXXXXXXXXXXXXXXXXXXXXXXXXXXXXXXXXXXXXXXXXXXXXXXXXXXXXXXXXXXXXXXXXXXXXXXXXXXXXXXXXXXXXXXXXXXXXXXXXXXXXXXXXXXXXXXXXX
2026-09-28T03:54:31.543+03:00 [s1] [O] 
2026-09-28T03:54:31.599+03:00 [s2] [O] DELIVERY QUEUED source=2 bytes=180 waiting=1/8 in_flight=0
2026-09-28T03:54:31.607+03:00 [s1] [O] RX USER session=EBE8 seq=867 frame=192B user=180B RX=-42/5 Q100 disposition=0
2026-09-28T03:54:31.693+03:00 [s2] [O] 
2026-09-28T03:54:31.700+03:00 [s2] [O] TX USER seq=868 frame=192B user=180B attempt=1/5 OK time=79 ms
2026-09-28T03:54:31.703+03:00 [s2] [O] > S7BP180R6-XXXXXXXXXXXXXXXXXXXXXXXXXXXXXXXXXXXXXXXXXXXXXXXXXXXXXXXXXXXXXXXXXXXXXXXXXXXXXXXXXXXXXXXXXXXXXXXXXXXXXXXXXXXXXXXXXXXXXXXXXXXXXXXXXXXXXXXXXXXXXXXXXXXXXXXXXXXXXXXXXXXXXXXXXX
2026-09-28T03:54:31.704+03:00 [s2] [O] DELIVERY WAIT_ACK user=EBE8/868 attempt=1/5 timeout=712ms queue=0
2026-09-28T03:54:31.812+03:00 [s1] [O] < [-42/5 Q100] S7BP180R5-XXXXXXXXXXXXXXXXXXXXXXXXXXXXXXXXXXXXXXXXXXXXXXXXXXXXXXXXXXXXXXXXXXXXXXXXXXXXXXXXXXXXXXXXXXXXXXXXXXXXXXXXXXXXXXXXXXXXXXXXXXXXXXXXXXXXXXXXXXXXXXXXXXXXXXXXXXXXXXXXXXXXXXXXXX
2026-09-28T03:54:31.834+03:00 [s1] [O] 
2026-09-28T03:54:31.858+03:00 [s1] [O] TX ACK seq=862 ack_to=EBE8/867 frame=14B OK time=13 ms guard=500ms
2026-09-28T03:54:31.868+03:00 [s2] [O] PEER_REPORT our_seq=868 TX=-42/2 Q100
2026-09-28T03:54:31.871+03:00 [s2] [O] 
2026-09-28T03:54:31.873+03:00 [s2] [O] RX ACK session=118C seq=863 ack_to=EBE8/868 frame=14B RX=-41/2 Q100
2026-09-28T03:54:31.919+03:00 [s2] [O] DELIVERY ACK user=EBE8/868 attempts=1/5 elapsed=226ms queue=0
2026-09-28T03:54:31.921+03:00 [s2] [I] S7BP180R7-XXXXXXXXXXXXXXXXXXXXXXXXXXXXXXXXXXXXXXXXXXXXXXXXXXXXXXXXXXXXXXXXXXXXXXXXXXXXXXXXXXXXXXXXXXXXXXXXXXXXXXXXXXXXXXXXXXXXXXXXXXXXXXXXXXXXXXXXXXXXXXXXXXXXXXXXXXXXXXXXXXXXXXXXXX
2026-09-28T03:54:31.950+03:00 [s1] [O] PEER_REPORT our_seq=862 TX=-39/1 Q100
2026-09-28T03:54:31.992+03:00 [s1] [O] 
2026-09-28T03:54:32.007+03:00 [s2] [O] DELIVERY QUEUED source=2 bytes=180 waiting=1/8 in_flight=0
2026-09-28T03:54:32.037+03:00 [s1] [O] RX USER session=EBE8 seq=868 frame=192B user=180B RX=-42/2 Q100 disposition=0
2026-09-28T03:54:32.094+03:00 [s2] [O] 
2026-09-28T03:54:32.094+03:00 [s2] [O] TX USER seq=869 frame=192B user=180B attempt=1/5 OK time=79 ms
2026-09-28T03:54:32.105+03:00 [s2] [O] > S7BP180R7-XXXXXXXXXXXXXXXXXXXXXXXXXXXXXXXXXXXXXXXXXXXXXXXXXXXXXXXXXXXXXXXXXXXXXXXXXXXXXXXXXXXXXXXXXXXXXXXXXXXXXXXXXXXXXXXXXXXXXXXXXXXXXXXXXXXXXXXXXXXXXXXXXXXXXXXXXXXXXXXXXXXXXXXXXX
2026-09-28T03:54:32.107+03:00 [s2] [O] DELIVERY WAIT_ACK user=EBE8/869 attempt=1/5 timeout=712ms queue=0
2026-09-28T03:54:32.261+03:00 [s1] [O] < [-42/2 Q100] S7BP180R6-XXXXXXXXXXXXXXXXXXXXXXXXXXXXXXXXXXXXXXXXXXXXXXXXXXXXXXXXXXXXXXXXXXXXXXXXXXXXXXXXXXXXXXXXXXXXXXXXXXXXXXXXXXXXXXXXXXXXXXXXXXXXXXXXXXXXXXXXXXXXXXXXXXXXXXXXXXXXXXXXXXXXXXXXXX
2026-09-28T03:54:32.261+03:00 [s1] [O] 
2026-09-28T03:54:32.272+03:00 [s2] [O] PEER_REPORT our_seq=869 TX=-41/3 Q100
2026-09-28T03:54:32.283+03:00 [s2] [O] 
2026-09-28T03:54:32.288+03:00 [s2] [O] RX ACK session=118C seq=864 ack_to=EBE8/869 frame=14B RX=-43/5 Q100
2026-09-28T03:54:32.307+03:00 [s1] [O] TX ACK seq=863 ack_to=EBE8/868 frame=14B OK time=13 ms guard=500ms
2026-09-28T03:54:32.320+03:00 [s2] [O] DELIVERY ACK user=EBE8/869 attempts=1/5 elapsed=229ms queue=0
2026-09-28T03:54:32.323+03:00 [s2] [I] S7BP180R8-XXXXXXXXXXXXXXXXXXXXXXXXXXXXXXXXXXXXXXXXXXXXXXXXXXXXXXXXXXXXXXXXXXXXXXXXXXXXXXXXXXXXXXXXXXXXXXXXXXXXXXXXXXXXXXXXXXXXXXXXXXXXXXXXXXXXXXXXXXXXXXXXXXXXXXXXXXXXXXXXXXXXXXXXXX
2026-09-28T03:54:32.401+03:00 [s1] [O] PEER_REPORT our_seq=863 TX=-41/2 Q100
2026-09-28T03:54:32.411+03:00 [s2] [O] DELIVERY QUEUED source=2 bytes=180 waiting=1/8 in_flight=0
2026-09-28T03:54:32.499+03:00 [s2] [O] 
2026-09-28T03:54:32.503+03:00 [s2] [O] TX USER seq=870 frame=192B user=180B attempt=1/5 OK time=78 ms
2026-09-28T03:54:32.508+03:00 [s1] [O] 
2026-09-28T03:54:32.510+03:00 [s2] [O] > S7BP180R8-XXXXXXXXXXXXXXXXXXXXXXXXXXXXXXXXXXXXXXXXXXXXXXXXXXXXXXXXXXXXXXXXXXXXXXXXXXXXXXXXXXXXXXXXXXXXXXXXXXXXXXXXXXXXXXXXXXXXXXXXXXXXXXXXXXXXXXXXXXXXXXXXXXXXXXXXXXXXXXXXXXXXXXXXXX
2026-09-28T03:54:32.514+03:00 [s2] [O] DELIVERY WAIT_ACK user=EBE8/870 attempt=1/5 timeout=712ms queue=0
2026-09-28T03:54:32.534+03:00 [s1] [O] RX USER session=EBE8 seq=869 frame=192B user=180B RX=-41/3 Q100 disposition=0
2026-09-28T03:54:32.674+03:00 [s2] [O] PEER_REPORT our_seq=870 TX=-42/5 Q100
2026-09-28T03:54:32.689+03:00 [s2] [O] 
2026-09-28T03:54:32.694+03:00 [s2] [O] RX ACK session=118C seq=865 ack_to=EBE8/870 frame=14B RX=-43/5 Q100
2026-09-28T03:54:32.727+03:00 [s2] [O] DELIVERY ACK user=EBE8/870 attempts=1/5 elapsed=227ms queue=0
2026-09-28T03:54:32.732+03:00 [s2] [I] S7BP180R9-XXXXXXXXXXXXXXXXXXXXXXXXXXXXXXXXXXXXXXXXXXXXXXXXXXXXXXXXXXXXXXXXXXXXXXXXXXXXXXXXXXXXXXXXXXXXXXXXXXXXXXXXXXXXXXXXXXXXXXXXXXXXXXXXXXXXXXXXXXXXXXXXXXXXXXXXXXXXXXXXXXXXXXXXXX
2026-09-28T03:54:32.755+03:00 [s1] [O] < [-41/3 Q100] S7BP180R7-XXXXXXXXXXXXXXXXXXXXXXXXXXXXXXXXXXXXXXXXXXXXXXXXXXXXXXXXXXXXXXXXXXXXXXXXXXXXXXXXXXXXXXXXXXXXXXXXXXXXXXXXXXXXXXXXXXXXXXXXXXXXXXXXXXXXXXXXXXXXXXXXXXXXXXXXXXXXXXXXXXXXXXXXXX
2026-09-28T03:54:32.756+03:00 [s1] [O] 
2026-09-28T03:54:32.803+03:00 [s1] [O] TX ACK seq=864 ack_to=EBE8/869 frame=14B OK time=13 ms guard=500ms
2026-09-28T03:54:32.823+03:00 [s2] [O] DELIVERY QUEUED source=2 bytes=180 waiting=1/8 in_flight=0
2026-09-28T03:54:32.901+03:00 [s2] [O] 
2026-09-28T03:54:32.904+03:00 [s1] [O] PEER_REPORT our_seq=864 TX=-43/5 Q100
2026-09-28T03:54:32.915+03:00 [s2] [O] TX USER seq=871 frame=192B user=180B attempt=1/5 OK time=79 ms
2026-09-28T03:54:32.922+03:00 [s2] [O] > S7BP180R9-XXXXXXXXXXXXXXXXXXXXXXXXXXXXXXXXXXXXXXXXXXXXXXXXXXXXXXXXXXXXXXXXXXXXXXXXXXXXXXXXXXXXXXXXXXXXXXXXXXXXXXXXXXXXXXXXXXXXXXXXXXXXXXXXXXXXXXXXXXXXXXXXXXXXXXXXXXXXXXXXXXXXXXXXXX
2026-09-28T03:54:32.929+03:00 [s2] [O] DELIVERY WAIT_ACK user=EBE8/871 attempt=1/5 timeout=712ms queue=0
2026-09-28T03:54:32.941+03:00 [s1] [O] 
2026-09-28T03:54:32.995+03:00 [s1] [O] RX USER session=EBE8 seq=870 frame=192B user=180B RX=-42/5 Q100 disposition=0
2026-09-28T03:54:33.091+03:00 [s2] [O] PEER_REPORT our_seq=871 TX=-42/5 Q100
2026-09-28T03:54:33.095+03:00 [s2] [O] 
2026-09-28T03:54:33.102+03:00 [s2] [O] RX ACK session=118C seq=866 ack_to=EBE8/871 frame=14B RX=-41/4 Q100
2026-09-28T03:54:33.124+03:00 [s2] [O] DELIVERY ACK user=EBE8/871 attempts=1/5 elapsed=226ms queue=0
2026-09-28T03:54:33.130+03:00 [s2] [I] S7BP180R10-XXXXXXXXXXXXXXXXXXXXXXXXXXXXXXXXXXXXXXXXXXXXXXXXXXXXXXXXXXXXXXXXXXXXXXXXXXXXXXXXXXXXXXXXXXXXXXXXXXXXXXXXXXXXXXXXXXXXXXXXXXXXXXXXXXXXXXXXXXXXXXXXXXXXXXXXXXXXXXXXXXXXXXXXX
2026-09-28T03:54:33.208+03:00 [s1] [O] < [-42/5 Q100] S7BP180R8-XXXXXXXXXXXXXXXXXXXXXXXXXXXXXXXXXXXXXXXXXXXXXXXXXXXXXXXXXXXXXXXXXXXXXXXXXXXXXXXXXXXXXXXXXXXXXXXXXXXXXXXXXXXXXXXXXXXXXXXXXXXXXXXXXXXXXXXXXXXXXXXXXXXXXXXXXXXXXXXXXXXXXXXXXX
2026-09-28T03:54:33.210+03:00 [s1] [O] 
2026-09-28T03:54:33.222+03:00 [s2] [O] DELIVERY QUEUED source=2 bytes=180 waiting=1/8 in_flight=0
2026-09-28T03:54:33.260+03:00 [s1] [O] TX ACK seq=865 ack_to=EBE8/870 frame=14B OK time=13 ms guard=500ms
2026-09-28T03:54:33.313+03:00 [s2] [O] 
2026-09-28T03:54:33.315+03:00 [s2] [O] TX USER seq=872 frame=192B user=180B attempt=1/5 OK time=79 ms
2026-09-28T03:54:33.322+03:00 [s2] [O] > S7BP180R10-XXXXXXXXXXXXXXXXXXXXXXXXXXXXXXXXXXXXXXXXXXXXXXXXXXXXXXXXXXXXXXXXXXXXXXXXXXXXXXXXXXXXXXXXXXXXXXXXXXXXXXXXXXXXXXXXXXXXXXXXXXXXXXXXXXXXXXXXXXXXXXXXXXXXXXXXXXXXXXXXXXXXXXXXX
2026-09-28T03:54:33.324+03:00 [s2] [O] DELIVERY WAIT_ACK user=EBE8/872 attempt=1/5 timeout=712ms queue=0
2026-09-28T03:54:33.342+03:00 [s1] [O] PEER_REPORT our_seq=865 TX=-43/5 Q100
2026-09-28T03:54:33.390+03:00 [s1] [O] 
2026-09-28T03:54:33.443+03:00 [s1] [O] RX USER session=EBE8 seq=871 frame=192B user=180B RX=-42/5 Q100 disposition=0
2026-09-28T03:54:33.494+03:00 [s2] [O] PEER_REPORT our_seq=872 TX=-42/5 Q100
2026-09-28T03:54:33.496+03:00 [s2] [O] 
2026-09-28T03:54:33.531+03:00 [s2] [O] RX ACK session=118C seq=867 ack_to=EBE8/872 frame=14B RX=-42/4 Q100
2026-09-28T03:54:33.539+03:00 [s2] [O] DELIVERY ACK user=EBE8/872 attempts=1/5 elapsed=231ms queue=0
2026-09-28T03:54:33.544+03:00 [s1] [I] S7AP200R1-XXXXXXXXXXXXXXXXXXXXXXXXXXXXXXXXXXXXXXXXXXXXXXXXXXXXXXXXXXXXXXXXXXXXXXXXXXXXXXXXXXXXXXXXXXXXXXXXXXXXXXXXXXXXXXXXXXXXXXXXXXXXXXXXXXXXXXXXXXXXXXXXXXXXXXXXXXXXXXXXXXXXXXXXXXXXXXXXXXXXXXXXXXXXXX
2026-09-28T03:54:33.670+03:00 [s1] [O] < [-42/5 Q100] S7BP180R9-XXXXXXXXXXXXXXXXXXXXXXXXXXXXXXXXXXXXXXXXXXXXXXXXXXXXXXXXXXXXXXXXXXXXXXXXXXXXXXXXXXXXXXXXXXXXXXXXXXXXXXXXXXXXXXXXXXXXXXXXXXXXXXXXXXXXXXXXXXXXXXXXXXXXXXXXXXXXXXXXXXXXXXXXXX
2026-09-28T03:54:33.703+03:00 [s1] [O] 
2026-09-28T03:54:33.718+03:00 [s2] [O] PEER_REPORT our_seq=872 TX=-42/5 Q100
2026-09-28T03:54:33.721+03:00 [s2] [O] 
2026-09-28T03:54:33.725+03:00 [s2] [O] RX USER session=118C seq=868 frame=212B user=200B RX=-42/5 Q100 disposition=0
2026-09-28T03:54:33.728+03:00 [s2] [O] < [-42/5 Q100] S7AP200R1-XXXXXXXXXXXXXXXXXXXXXXXXXXXXXXXXXXXXXXXXXXXXXXXXXXXXXXXXXXXXXXXXXXXXXXXXXXXXXXXXXXXXXXXXXXXXXXXXXXXXXXXXXXXXXXXXXXXXXXXXXXXXXXXXXXXXXXXXXXXXXXXXXXXXXXXXXXXXXXXXXXXXXXXXXXXXXXXXXXXXXXXXXXXXXX
2026-09-28T03:54:33.746+03:00 [s1] [O] TX ACK seq=866 ack_to=EBE8/871 frame=14B OK time=13 ms guard=500ms
2026-09-28T03:54:33.837+03:00 [s1] [O] PEER_REPORT our_seq=866 TX=-41/4 Q100
2026-09-28T03:54:33.885+03:00 [s1] [O] 
2026-09-28T03:54:33.888+03:00 [s2] [O] 
2026-09-28T03:54:33.896+03:00 [s2] [O] TX ACK seq=873 ack_to=118C/868 frame=14B OK time=13 ms guard=500ms
2026-09-28T03:54:33.927+03:00 [s1] [O] RX USER session=EBE8 seq=872 frame=192B user=180B RX=-42/5 Q100 disposition=0
2026-09-28T03:54:34.110+03:00 [s1] [O] < [-42/5 Q100] S7BP180R10-XXXXXXXXXXXXXXXXXXXXXXXXXXXXXXXXXXXXXXXXXXXXXXXXXXXXXXXXXXXXXXXXXXXXXXXXXXXXXXXXXXXXXXXXXXXXXXXXXXXXXXXXXXXXXXXXXXXXXXXXXXXXXXXXXXXXXXXXXXXXXXXXXXXXXXXXXXXXXXXXXXXXXXXXX
2026-09-28T03:54:34.156+03:00 [s1] [O] 
2026-09-28T03:54:34.199+03:00 [s1] [O] TX ACK seq=867 ack_to=EBE8/872 frame=14B OK time=13 ms guard=500ms
2026-09-28T03:54:34.341+03:00 [s1] [O] DELIVERY QUEUED source=2 bytes=200 waiting=1/8 in_flight=0
2026-09-28T03:54:34.385+03:00 [s1] [O] 
2026-09-28T03:54:34.437+03:00 [s1] [O] TX USER seq=868 frame=212B user=200B attempt=1/5 OK time=87 ms
2026-09-28T03:54:34.647+03:00 [s1] [O] > S7AP200R1-XXXXXXXXXXXXXXXXXXXXXXXXXXXXXXXXXXXXXXXXXXXXXXXXXXXXXXXXXXXXXXXXXXXXXXXXXXXXXXXXXXXXXXXXXXXXXXXXXXXXXXXXXXXXXXXXXXXXXXXXXXXXXXXXXXXXXXXXXXXXXXXXXXXXXXXXXXXXXXXXXXXXXXXXXXXXXXXXXXXXXXXXXXXXXX
2026-09-28T03:54:34.691+03:00 [s1] [O] DELIVERY WAIT_ACK user=118C/868 attempt=1/5 timeout=712ms queue=0
2026-09-28T03:54:34.752+03:00 [s1] [O] PEER_REPORT our_seq=868 TX=-42/5 Q100
2026-09-28T03:54:34.784+03:00 [s1] [O] 
2026-09-28T03:54:34.836+03:00 [s1] [O] RX ACK session=EBE8 seq=873 ack_to=118C/868 frame=14B RX=-44/5 Q100
2026-09-28T03:54:34.922+03:00 [s1] [O] DELIVERY ACK user=118C/868 attempts=1/5 elapsed=217ms queue=0
2026-09-28T03:54:34.928+03:00 [s1] [I] S7AP200R2-XXXXXXXXXXXXXXXXXXXXXXXXXXXXXXXXXXXXXXXXXXXXXXXXXXXXXXXXXXXXXXXXXXXXXXXXXXXXXXXXXXXXXXXXXXXXXXXXXXXXXXXXXXXXXXXXXXXXXXXXXXXXXXXXXXXXXXXXXXXXXXXXXXXXXXXXXXXXXXXXXXXXXXXXXXXXXXXXXXXXXXXXXXXXXX
2026-09-28T03:54:35.016+03:00 [s1] [O] DELIVERY QUEUED source=2 bytes=200 waiting=1/8 in_flight=0
2026-09-28T03:54:35.101+03:00 [s1] [O] 
2026-09-28T03:54:35.112+03:00 [s1] [O] TX USER seq=869 frame=212B user=200B attempt=1/5 OK time=87 ms
2026-09-28T03:54:35.161+03:00 [s1] [O] > S7AP200R2-XXXXXXXXXXXXXXXXXXXXXXXXXXXXXXXXXXXXXXXXXXXXXXXXXXXXXXXXXXXXXXXXXXXXXXXXXXXXXXXXXXXXXXXXXXXXXXXXXXXXXXXXXXXXXXXXXXXXXXXXXXXXXXXXXXXXXXXXXXXXXXXXXXXXXXXXXXXXXXXXXXXXXXXXXXXXXXXXXXXXXXXXXXXXXX
2026-09-28T03:54:35.164+03:00 [s1] [O] DELIVERY WAIT_ACK user=118C/869 attempt=1/5 timeout=712ms queue=0
2026-09-28T03:54:35.193+03:00 [s2] [O] PEER_REPORT our_seq=873 TX=-44/5 Q100
2026-09-28T03:54:35.206+03:00 [s2] [O] 
2026-09-28T03:54:35.213+03:00 [s2] [O] RX USER session=118C seq=869 frame=212B user=200B RX=-43/5 Q100 disposition=0
2026-09-28T03:54:35.219+03:00 [s2] [O] < [-43/5 Q100] S7AP200R2-XXXXXXXXXXXXXXXXXXXXXXXXXXXXXXXXXXXXXXXXXXXXXXXXXXXXXXXXXXXXXXXXXXXXXXXXXXXXXXXXXXXXXXXXXXXXXXXXXXXXXXXXXXXXXXXXXXXXXXXXXXXXXXXXXXXXXXXXXXXXXXXXXXXXXXXXXXXXXXXXXXXXXXXXXXXXXXXXXXXXXXXXXXXXXX
2026-09-28T03:54:35.285+03:00 [s2] [O] 
2026-09-28T03:54:35.295+03:00 [s2] [O] TX ACK seq=874 ack_to=118C/869 frame=14B OK time=13 ms guard=500ms
2026-09-28T03:54:35.331+03:00 [s1] [O] PEER_REPORT our_seq=869 TX=-43/5 Q100
2026-09-28T03:54:35.376+03:00 [s1] [O] 
2026-09-28T03:54:35.413+03:00 [s1] [O] RX ACK session=EBE8 seq=874 ack_to=118C/869 frame=14B RX=-43/5 Q100
2026-09-28T03:54:35.547+03:00 [s1] [O] DELIVERY ACK user=118C/869 attempts=1/5 elapsed=229ms queue=0
2026-09-28T03:54:35.560+03:00 [s1] [I] S7AP200R3-XXXXXXXXXXXXXXXXXXXXXXXXXXXXXXXXXXXXXXXXXXXXXXXXXXXXXXXXXXXXXXXXXXXXXXXXXXXXXXXXXXXXXXXXXXXXXXXXXXXXXXXXXXXXXXXXXXXXXXXXXXXXXXXXXXXXXXXXXXXXXXXXXXXXXXXXXXXXXXXXXXXXXXXXXXXXXXXXXXXXXXXXXXXXXX
2026-09-28T03:54:35.651+03:00 [s1] [O] DELIVERY QUEUED source=2 bytes=200 waiting=1/8 in_flight=0
2026-09-28T03:54:35.730+03:00 [s1] [O] 
2026-09-28T03:54:35.749+03:00 [s2] [O] PEER_REPORT our_seq=874 TX=-43/5 Q100
2026-09-28T03:54:35.750+03:00 [s2] [O] 
2026-09-28T03:54:35.752+03:00 [s2] [O] RX USER session=118C seq=870 frame=212B user=200B RX=-44/2 Q100 disposition=0
2026-09-28T03:54:35.754+03:00 [s2] [O] < [-44/2 Q100] S7AP200R3-XXXXXXXXXXXXXXXXXXXXXXXXXXXXXXXXXXXXXXXXXXXXXXXXXXXXXXXXXXXXXXXXXXXXXXXXXXXXXXXXXXXXXXXXXXXXXXXXXXXXXXXXXXXXXXXXXXXXXXXXXXXXXXXXXXXXXXXXXXXXXXXXXXXXXXXXXXXXXXXXXXXXXXXXXXXXXXXXXXXXXXXXXXXXXX
2026-09-28T03:54:35.770+03:00 [s1] [O] TX USER seq=870 frame=212B user=200B attempt=1/5 OK time=87 ms
2026-09-28T03:54:35.925+03:00 [s2] [O] 
2026-09-28T03:54:35.926+03:00 [s2] [O] TX ACK seq=875 ack_to=118C/870 frame=14B OK time=13 ms guard=500ms
2026-09-28T03:54:35.959+03:00 [s1] [O] > S7AP200R3-XXXXXXXXXXXXXXXXXXXXXXXXXXXXXXXXXXXXXXXXXXXXXXXXXXXXXXXXXXXXXXXXXXXXXXXXXXXXXXXXXXXXXXXXXXXXXXXXXXXXXXXXXXXXXXXXXXXXXXXXXXXXXXXXXXXXXXXXXXXXXXXXXXXXXXXXXXXXXXXXXXXXXXXXXXXXXXXXXXXXXXXXXXXXXX
2026-09-28T03:54:36.012+03:00 [s1] [O] DELIVERY WAIT_ACK user=118C/870 attempt=1/5 timeout=712ms queue=0
2026-09-28T03:54:36.054+03:00 [s1] [O] PEER_REPORT our_seq=870 TX=-44/2 Q100
2026-09-28T03:54:36.096+03:00 [s1] [O] 
2026-09-28T03:54:36.135+03:00 [s1] [O] RX ACK session=EBE8 seq=875 ack_to=118C/870 frame=14B RX=-44/5 Q100
2026-09-28T03:54:36.277+03:00 [s1] [O] DELIVERY ACK user=118C/870 attempts=1/5 elapsed=226ms queue=0
2026-09-28T03:54:36.279+03:00 [s1] [I] S7AP200R4-XXXXXXXXXXXXXXXXXXXXXXXXXXXXXXXXXXXXXXXXXXXXXXXXXXXXXXXXXXXXXXXXXXXXXXXXXXXXXXXXXXXXXXXXXXXXXXXXXXXXXXXXXXXXXXXXXXXXXXXXXXXXXXXXXXXXXXXXXXXXXXXXXXXXXXXXXXXXXXXXXXXXXXXXXXXXXXXXXXXXXXXXXXXXXX
2026-09-28T03:54:36.365+03:00 [s1] [O] DELIVERY QUEUED source=2 bytes=200 waiting=1/8 in_flight=0
2026-09-28T03:54:36.450+03:00 [s1] [O] 
2026-09-28T03:54:36.465+03:00 [s2] [O] PEER_REPORT our_seq=875 TX=-44/5 Q100
2026-09-28T03:54:36.477+03:00 [s2] [O] 
2026-09-28T03:54:36.477+03:00 [s2] [O] RX USER session=118C seq=871 frame=212B user=200B RX=-41/2 Q100 disposition=0
2026-09-28T03:54:36.479+03:00 [s2] [O] < [-41/2 Q100] S7AP200R4-XXXXXXXXXXXXXXXXXXXXXXXXXXXXXXXXXXXXXXXXXXXXXXXXXXXXXXXXXXXXXXXXXXXXXXXXXXXXXXXXXXXXXXXXXXXXXXXXXXXXXXXXXXXXXXXXXXXXXXXXXXXXXXXXXXXXXXXXXXXXXXXXXXXXXXXXXXXXXXXXXXXXXXXXXXXXXXXXXXXXXXXXXXXXXX
2026-09-28T03:54:36.491+03:00 [s1] [O] TX USER seq=871 frame=212B user=200B attempt=1/5 OK time=87 ms
2026-09-28T03:54:36.641+03:00 [s2] [O] 
2026-09-28T03:54:36.652+03:00 [s2] [O] TX ACK seq=876 ack_to=118C/871 frame=14B OK time=13 ms guard=500ms
2026-09-28T03:54:36.716+03:00 [s1] [O] > S7AP200R4-XXXXXXXXXXXXXXXXXXXXXXXXXXXXXXXXXXXXXXXXXXXXXXXXXXXXXXXXXXXXXXXXXXXXXXXXXXXXXXXXXXXXXXXXXXXXXXXXXXXXXXXXXXXXXXXXXXXXXXXXXXXXXXXXXXXXXXXXXXXXXXXXXXXXXXXXXXXXXXXXXXXXXXXXXXXXXXXXXXXXXXXXXXXXXX
2026-09-28T03:54:36.768+03:00 [s1] [O] DELIVERY WAIT_ACK user=118C/871 attempt=1/5 timeout=712ms queue=0
2026-09-28T03:54:36.822+03:00 [s1] [O] PEER_REPORT our_seq=871 TX=-41/2 Q100
2026-09-28T03:54:36.864+03:00 [s1] [O] 
2026-09-28T03:54:36.897+03:00 [s1] [O] RX ACK session=EBE8 seq=876 ack_to=118C/871 frame=14B RX=-40/5 Q100
2026-09-28T03:54:37.033+03:00 [s1] [O] DELIVERY ACK user=118C/871 attempts=1/5 elapsed=225ms queue=0
2026-09-28T03:54:37.042+03:00 [s1] [I] S7AP200R5-XXXXXXXXXXXXXXXXXXXXXXXXXXXXXXXXXXXXXXXXXXXXXXXXXXXXXXXXXXXXXXXXXXXXXXXXXXXXXXXXXXXXXXXXXXXXXXXXXXXXXXXXXXXXXXXXXXXXXXXXXXXXXXXXXXXXXXXXXXXXXXXXXXXXXXXXXXXXXXXXXXXXXXXXXXXXXXXXXXXXXXXXXXXXXX
2026-09-28T03:54:37.122+03:00 [s1] [O] DELIVERY QUEUED source=2 bytes=200 waiting=1/8 in_flight=0
2026-09-28T03:54:37.214+03:00 [s1] [O] 
2026-09-28T03:54:37.233+03:00 [s2] [O] PEER_REPORT our_seq=876 TX=-40/5 Q100
2026-09-28T03:54:37.239+03:00 [s2] [O] 
2026-09-28T03:54:37.246+03:00 [s2] [O] RX USER session=118C seq=872 frame=212B user=200B RX=-42/4 Q100 disposition=0
2026-09-28T03:54:37.250+03:00 [s2] [O] < [-42/4 Q100] S7AP200R5-XXXXXXXXXXXXXXXXXXXXXXXXXXXXXXXXXXXXXXXXXXXXXXXXXXXXXXXXXXXXXXXXXXXXXXXXXXXXXXXXXXXXXXXXXXXXXXXXXXXXXXXXXXXXXXXXXXXXXXXXXXXXXXXXXXXXXXXXXXXXXXXXXXXXXXXXXXXXXXXXXXXXXXXXXXXXXXXXXXXXXXXXXXXXXX
2026-09-28T03:54:37.257+03:00 [s1] [O] TX USER seq=872 frame=212B user=200B attempt=1/5 OK time=87 ms
2026-09-28T03:54:37.404+03:00 [s2] [O] 
2026-09-28T03:54:37.421+03:00 [s2] [O] TX ACK seq=877 ack_to=118C/872 frame=14B OK time=13 ms guard=500ms
2026-09-28T03:54:37.445+03:00 [s1] [O] > S7AP200R5-XXXXXXXXXXXXXXXXXXXXXXXXXXXXXXXXXXXXXXXXXXXXXXXXXXXXXXXXXXXXXXXXXXXXXXXXXXXXXXXXXXXXXXXXXXXXXXXXXXXXXXXXXXXXXXXXXXXXXXXXXXXXXXXXXXXXXXXXXXXXXXXXXXXXXXXXXXXXXXXXXXXXXXXXXXXXXXXXXXXXXXXXXXXXXX
2026-09-28T03:54:37.488+03:00 [s1] [O] DELIVERY WAIT_ACK user=118C/872 attempt=1/5 timeout=712ms queue=0
2026-09-28T03:54:37.571+03:00 [s1] [O] PEER_REPORT our_seq=872 TX=-42/4 Q100
2026-09-28T03:54:37.621+03:00 [s1] [O] 
2026-09-28T03:54:37.665+03:00 [s1] [O] RX ACK session=EBE8 seq=877 ack_to=118C/872 frame=14B RX=-41/5 Q100
2026-09-28T03:54:37.802+03:00 [s1] [O] DELIVERY ACK user=118C/872 attempts=1/5 elapsed=228ms queue=0
2026-09-28T03:54:37.814+03:00 [s1] [I] S7AP200R6-XXXXXXXXXXXXXXXXXXXXXXXXXXXXXXXXXXXXXXXXXXXXXXXXXXXXXXXXXXXXXXXXXXXXXXXXXXXXXXXXXXXXXXXXXXXXXXXXXXXXXXXXXXXXXXXXXXXXXXXXXXXXXXXXXXXXXXXXXXXXXXXXXXXXXXXXXXXXXXXXXXXXXXXXXXXXXXXXXXXXXXXXXXXXXX
2026-09-28T03:54:37.919+03:00 [s1] [O] DELIVERY QUEUED source=2 bytes=200 waiting=1/8 in_flight=0
2026-09-28T03:54:37.976+03:00 [s1] [O] 
2026-09-28T03:54:38.022+03:00 [s1] [O] TX USER seq=873 frame=212B user=200B attempt=1/5 OK time=87 ms
2026-09-28T03:54:38.047+03:00 [s2] [O] PEER_REPORT our_seq=877 TX=-41/5 Q100
2026-09-28T03:54:38.061+03:00 [s2] [O] 
2026-09-28T03:54:38.073+03:00 [s2] [O] RX USER session=118C seq=873 frame=212B user=200B RX=-42/5 Q100 disposition=0
2026-09-28T03:54:38.080+03:00 [s2] [O] < [-42/5 Q100] S7AP200R6-XXXXXXXXXXXXXXXXXXXXXXXXXXXXXXXXXXXXXXXXXXXXXXXXXXXXXXXXXXXXXXXXXXXXXXXXXXXXXXXXXXXXXXXXXXXXXXXXXXXXXXXXXXXXXXXXXXXXXXXXXXXXXXXXXXXXXXXXXXXXXXXXXXXXXXXXXXXXXXXXXXXXXXXXXXXXXXXXXXXXXXXXXXXXXX
2026-09-28T03:54:38.172+03:00 [s2] [O] 
2026-09-28T03:54:38.173+03:00 [s2] [O] TX ACK seq=878 ack_to=118C/873 frame=14B OK time=13 ms guard=500ms
2026-09-28T03:54:38.220+03:00 [s1] [O] > S7AP200R6-XXXXXXXXXXXXXXXXXXXXXXXXXXXXXXXXXXXXXXXXXXXXXXXXXXXXXXXXXXXXXXXXXXXXXXXXXXXXXXXXXXXXXXXXXXXXXXXXXXXXXXXXXXXXXXXXXXXXXXXXXXXXXXXXXXXXXXXXXXXXXXXXXXXXXXXXXXXXXXXXXXXXXXXXXXXXXXXXXXXXXXXXXXXXXX
2026-09-28T03:54:38.252+03:00 [s1] [O] DELIVERY WAIT_ACK user=118C/873 attempt=1/5 timeout=712ms queue=0
2026-09-28T03:54:38.301+03:00 [s1] [O] PEER_REPORT our_seq=873 TX=-42/5 Q100
2026-09-28T03:54:38.337+03:00 [s1] [O] 
2026-09-28T03:54:38.440+03:00 [s1] [O] RX ACK session=EBE8 seq=878 ack_to=118C/873 frame=14B RX=-44/5 Q100
2026-09-28T03:54:38.576+03:00 [s1] [O] DELIVERY ACK user=118C/873 attempts=1/5 elapsed=226ms queue=0
2026-09-28T03:54:38.589+03:00 [s1] [I] S7AP200R7-XXXXXXXXXXXXXXXXXXXXXXXXXXXXXXXXXXXXXXXXXXXXXXXXXXXXXXXXXXXXXXXXXXXXXXXXXXXXXXXXXXXXXXXXXXXXXXXXXXXXXXXXXXXXXXXXXXXXXXXXXXXXXXXXXXXXXXXXXXXXXXXXXXXXXXXXXXXXXXXXXXXXXXXXXXXXXXXXXXXXXXXXXXXXXX
2026-09-28T03:54:38.659+03:00 [s1] [O] DELIVERY QUEUED source=2 bytes=200 waiting=1/8 in_flight=0
2026-09-28T03:54:38.741+03:00 [s1] [O] 
2026-09-28T03:54:38.758+03:00 [s2] [O] PEER_REPORT our_seq=878 TX=-44/5 Q100
2026-09-28T03:54:38.768+03:00 [s2] [O] 
2026-09-28T03:54:38.776+03:00 [s2] [O] RX USER session=118C seq=874 frame=212B user=200B RX=-42/4 Q100 disposition=0
2026-09-28T03:54:38.781+03:00 [s2] [O] < [-42/4 Q100] S7AP200R7-XXXXXXXXXXXXXXXXXXXXXXXXXXXXXXXXXXXXXXXXXXXXXXXXXXXXXXXXXXXXXXXXXXXXXXXXXXXXXXXXXXXXXXXXXXXXXXXXXXXXXXXXXXXXXXXXXXXXXXXXXXXXXXXXXXXXXXXXXXXXXXXXXXXXXXXXXXXXXXXXXXXXXXXXXXXXXXXXXXXXXXXXXXXXXX
2026-09-28T03:54:38.787+03:00 [s1] [O] TX USER seq=874 frame=212B user=200B attempt=1/5 OK time=87 ms
2026-09-28T03:54:38.942+03:00 [s2] [O] 
2026-09-28T03:54:38.945+03:00 [s2] [O] TX ACK seq=879 ack_to=118C/874 frame=14B OK time=13 ms guard=500ms
2026-09-28T03:54:38.976+03:00 [s1] [O] > S7AP200R7-XXXXXXXXXXXXXXXXXXXXXXXXXXXXXXXXXXXXXXXXXXXXXXXXXXXXXXXXXXXXXXXXXXXXXXXXXXXXXXXXXXXXXXXXXXXXXXXXXXXXXXXXXXXXXXXXXXXXXXXXXXXXXXXXXXXXXXXXXXXXXXXXXXXXXXXXXXXXXXXXXXXXXXXXXXXXXXXXXXXXXXXXXXXXXX
2026-09-28T03:54:39.026+03:00 [s1] [O] DELIVERY WAIT_ACK user=118C/874 attempt=1/5 timeout=712ms queue=0
2026-09-28T03:54:39.068+03:00 [s1] [O] PEER_REPORT our_seq=874 TX=-42/5 Q100
2026-09-28T03:54:39.114+03:00 [s1] [O] 
2026-09-28T03:54:39.149+03:00 [s1] [O] RX ACK session=EBE8 seq=879 ack_to=118C/874 frame=14B RX=-40/-1 Q100
2026-09-28T03:54:39.285+03:00 [s1] [O] DELIVERY ACK user=118C/874 attempts=1/5 elapsed=226ms queue=0
2026-09-28T03:54:39.294+03:00 [s1] [I] S7AP200R8-XXXXXXXXXXXXXXXXXXXXXXXXXXXXXXXXXXXXXXXXXXXXXXXXXXXXXXXXXXXXXXXXXXXXXXXXXXXXXXXXXXXXXXXXXXXXXXXXXXXXXXXXXXXXXXXXXXXXXXXXXXXXXXXXXXXXXXXXXXXXXXXXXXXXXXXXXXXXXXXXXXXXXXXXXXXXXXXXXXXXXXXXXXXXXX
2026-09-28T03:54:39.387+03:00 [s1] [O] DELIVERY QUEUED source=2 bytes=200 waiting=1/8 in_flight=0
2026-09-28T03:54:39.460+03:00 [s1] [O] 
2026-09-28T03:54:39.471+03:00 [s2] [O] PEER_REPORT our_seq=879 TX=-40/-1 Q100
2026-09-28T03:54:39.477+03:00 [s2] [O] 
2026-09-28T03:54:39.492+03:00 [s2] [O] RX USER session=118C seq=875 frame=212B user=200B RX=-42/5 Q100 disposition=0
2026-09-28T03:54:39.501+03:00 [s2] [O] < [-42/5 Q100] S7AP200R8-XXXXXXXXXXXXXXXXXXXXXXXXXXXXXXXXXXXXXXXXXXXXXXXXXXXXXXXXXXXXXXXXXXXXXXXXXXXXXXXXXXXXXXXXXXXXXXXXXXXXXXXXXXXXXXXXXXXXXXXXXXXXXXXXXXXXXXXXXXXXXXXXXXXXXXXXXXXXXXXXXXXXXXXXXXXXXXXXXXXXXXXXXXXXXX
2026-09-28T03:54:39.507+03:00 [s1] [O] TX USER seq=875 frame=212B user=200B attempt=1/5 OK time=87 ms
2026-09-28T03:54:39.655+03:00 [s2] [O] 
2026-09-28T03:54:39.656+03:00 [s2] [O] TX ACK seq=880 ack_to=118C/875 frame=14B OK time=13 ms guard=500ms
2026-09-28T03:54:39.687+03:00 [s1] [O] > S7AP200R8-XXXXXXXXXXXXXXXXXXXXXXXXXXXXXXXXXXXXXXXXXXXXXXXXXXXXXXXXXXXXXXXXXXXXXXXXXXXXXXXXXXXXXXXXXXXXXXXXXXXXXXXXXXXXXXXXXXXXXXXXXXXXXXXXXXXXXXXXXXXXXXXXXXXXXXXXXXXXXXXXXXXXXXXXXXXXXXXXXXXXXXXXXXXXXX
2026-09-28T03:54:39.742+03:00 [s1] [O] DELIVERY WAIT_ACK user=118C/875 attempt=1/5 timeout=712ms queue=0
2026-09-28T03:54:39.786+03:00 [s1] [O] PEER_REPORT our_seq=875 TX=-42/5 Q100
2026-09-28T03:54:39.831+03:00 [s1] [O] 
2026-09-28T03:54:39.871+03:00 [s1] [O] RX ACK session=EBE8 seq=880 ack_to=118C/875 frame=14B RX=-37/1 Q100
2026-09-28T03:54:40.050+03:00 [s1] [O] DELIVERY ACK user=118C/875 attempts=1/5 elapsed=227ms queue=0
2026-09-28T03:54:40.059+03:00 [s1] [I] S7AP200R9-XXXXXXXXXXXXXXXXXXXXXXXXXXXXXXXXXXXXXXXXXXXXXXXXXXXXXXXXXXXXXXXXXXXXXXXXXXXXXXXXXXXXXXXXXXXXXXXXXXXXXXXXXXXXXXXXXXXXXXXXXXXXXXXXXXXXXXXXXXXXXXXXXXXXXXXXXXXXXXXXXXXXXXXXXXXXXXXXXXXXXXXXXXXXXX
2026-09-28T03:54:40.144+03:00 [s1] [O] DELIVERY QUEUED source=2 bytes=200 waiting=1/8 in_flight=0
2026-09-28T03:54:40.229+03:00 [s1] [O] 
2026-09-28T03:54:40.247+03:00 [s2] [O] PEER_REPORT our_seq=880 TX=-37/1 Q100
2026-09-28T03:54:40.251+03:00 [s2] [O] 
2026-09-28T03:54:40.252+03:00 [s2] [O] RX USER session=118C seq=876 frame=212B user=200B RX=-40/0 Q100 disposition=0
2026-09-28T03:54:40.254+03:00 [s2] [O] < [-40/0 Q100] S7AP200R9-XXXXXXXXXXXXXXXXXXXXXXXXXXXXXXXXXXXXXXXXXXXXXXXXXXXXXXXXXXXXXXXXXXXXXXXXXXXXXXXXXXXXXXXXXXXXXXXXXXXXXXXXXXXXXXXXXXXXXXXXXXXXXXXXXXXXXXXXXXXXXXXXXXXXXXXXXXXXXXXXXXXXXXXXXXXXXXXXXXXXXXXXXXXXXX
2026-09-28T03:54:40.326+03:00 [s1] [O] TX USER seq=876 frame=212B user=200B attempt=1/5 OK time=86 ms
2026-09-28T03:54:40.422+03:00 [s2] [O] 
2026-09-28T03:54:40.424+03:00 [s2] [O] TX ACK seq=881 ack_to=118C/876 frame=14B OK time=13 ms guard=500ms
2026-09-28T03:54:40.508+03:00 [s1] [O] > S7AP200R9-XXXXXXXXXXXXXXXXXXXXXXXXXXXXXXXXXXXXXXXXXXXXXXXXXXXXXXXXXXXXXXXXXXXXXXXXXXXXXXXXXXXXXXXXXXXXXXXXXXXXXXXXXXXXXXXXXXXXXXXXXXXXXXXXXXXXXXXXXXXXXXXXXXXXXXXXXXXXXXXXXXXXXXXXXXXXXXXXXXXXXXXXXXXXXX
2026-09-28T03:54:40.551+03:00 [s1] [O] DELIVERY WAIT_ACK user=118C/876 attempt=1/5 timeout=712ms queue=0
2026-09-28T03:54:40.634+03:00 [s1] [O] PEER_REPORT our_seq=876 TX=-40/1 Q100
2026-09-28T03:54:40.688+03:00 [s1] [O] 
2026-09-28T03:54:40.739+03:00 [s1] [O] RX ACK session=EBE8 seq=881 ack_to=118C/876 frame=14B RX=-43/1 Q100
2026-09-28T03:54:40.856+03:00 [s1] [O] DELIVERY ACK user=118C/876 attempts=1/5 elapsed=223ms queue=0
2026-09-28T03:54:40.870+03:00 [s1] [I] S7AP200R10-XXXXXXXXXXXXXXXXXXXXXXXXXXXXXXXXXXXXXXXXXXXXXXXXXXXXXXXXXXXXXXXXXXXXXXXXXXXXXXXXXXXXXXXXXXXXXXXXXXXXXXXXXXXXXXXXXXXXXXXXXXXXXXXXXXXXXXXXXXXXXXXXXXXXXXXXXXXXXXXXXXXXXXXXXXXXXXXXXXXXXXXXXXXXX
2026-09-28T03:54:40.958+03:00 [s1] [O] DELIVERY QUEUED source=2 bytes=200 waiting=1/8 in_flight=0
2026-09-28T03:54:41.038+03:00 [s1] [O] 
2026-09-28T03:54:41.055+03:00 [s2] [O] PEER_REPORT our_seq=881 TX=-43/1 Q100
2026-09-28T03:54:41.084+03:00 [s1] [O] TX USER seq=877 frame=212B user=200B attempt=1/5 OK time=87 ms
2026-09-28T03:54:41.112+03:00 [s2] [O] 
2026-09-28T03:54:41.119+03:00 [s2] [O] RX USER session=118C seq=877 frame=212B user=200B RX=-44/-0 Q100 disposition=0
2026-09-28T03:54:41.121+03:00 [s2] [O] < [-44/-0 Q100] S7AP200R10-XXXXXXXXXXXXXXXXXXXXXXXXXXXXXXXXXXXXXXXXXXXXXXXXXXXXXXXXXXXXXXXXXXXXXXXXXXXXXXXXXXXXXXXXXXXXXXXXXXXXXXXXXXXXXXXXXXXXXXXXXXXXXXXXXXXXXXXXXXXXXXXXXXXXXXXXXXXXXXXXXXXXXXXXXXXXXXXXXXXXXXXXXXXXX
2026-09-28T03:54:41.238+03:00 [s2] [O] 
2026-09-28T03:54:41.239+03:00 [s2] [O] TX ACK seq=882 ack_to=118C/877 frame=14B OK time=13 ms guard=500ms
2026-09-28T03:54:41.262+03:00 [s1] [O] > S7AP200R10-XXXXXXXXXXXXXXXXXXXXXXXXXXXXXXXXXXXXXXXXXXXXXXXXXXXXXXXXXXXXXXXXXXXXXXXXXXXXXXXXXXXXXXXXXXXXXXXXXXXXXXXXXXXXXXXXXXXXXXXXXXXXXXXXXXXXXXXXXXXXXXXXXXXXXXXXXXXXXXXXXXXXXXXXXXXXXXXXXXXXXXXXXXXXX
2026-09-28T03:54:41.308+03:00 [s1] [O] DELIVERY WAIT_ACK user=118C/877 attempt=1/5 timeout=712ms queue=0
2026-09-28T03:54:41.360+03:00 [s1] [O] PEER_REPORT our_seq=877 TX=-45/-1 Q100
2026-09-28T03:54:41.408+03:00 [s1] [O] 
2026-09-28T03:54:41.455+03:00 [s1] [O] RX ACK session=EBE8 seq=882 ack_to=118C/877 frame=14B RX=-38/-0 Q100
2026-09-28T03:54:41.588+03:00 [s1] [O] DELIVERY ACK user=118C/877 attempts=1/5 elapsed=226ms queue=0
2026-09-28T03:54:41.593+03:00 [s2] [I] S7BP200R1-XXXXXXXXXXXXXXXXXXXXXXXXXXXXXXXXXXXXXXXXXXXXXXXXXXXXXXXXXXXXXXXXXXXXXXXXXXXXXXXXXXXXXXXXXXXXXXXXXXXXXXXXXXXXXXXXXXXXXXXXXXXXXXXXXXXXXXXXXXXXXXXXXXXXXXXXXXXXXXXXXXXXXXXXXXXXXXXXXXXXXXXXXXXXXX
2026-09-28T03:54:41.683+03:00 [s2] [O] DELIVERY QUEUED source=2 bytes=200 waiting=1/8 in_flight=0
2026-09-28T03:54:41.757+03:00 [s1] [O] PEER_REPORT our_seq=877 TX=-45/-1 Q100
2026-09-28T03:54:41.772+03:00 [s2] [O] 
2026-09-28T03:54:41.778+03:00 [s2] [O] TX USER seq=883 frame=212B user=200B attempt=1/5 OK time=87 ms
2026-09-28T03:54:41.778+03:00 [s2] [O] > S7BP200R1-XXXXXXXXXXXXXXXXXXXXXXXXXXXXXXXXXXXXXXXXXXXXXXXXXXXXXXXXXXXXXXXXXXXXXXXXXXXXXXXXXXXXXXXXXXXXXXXXXXXXXXXXXXXXXXXXXXXXXXXXXXXXXXXXXXXXXXXXXXXXXXXXXXXXXXXXXXXXXXXXXXXXXXXXXXXXXXXXXXXXXXXXXXXXXX
2026-09-28T03:54:41.791+03:00 [s2] [O] DELIVERY WAIT_ACK user=EBE8/883 attempt=1/5 timeout=712ms queue=0
2026-09-28T03:54:41.802+03:00 [s1] [O] 
2026-09-28T03:54:41.851+03:00 [s1] [O] RX USER session=EBE8 seq=883 frame=212B user=200B RX=-44/-0 Q100 disposition=0
2026-09-28T03:54:42.011+03:00 [s2] [O] PEER_REPORT our_seq=883 TX=-44/0 Q100
2026-09-28T03:54:42.018+03:00 [s2] [O] 
2026-09-28T03:54:42.021+03:00 [s2] [O] RX ACK session=118C seq=878 ack_to=EBE8/883 frame=14B RX=-45/0 Q100
2026-09-28T03:54:42.025+03:00 [s2] [O] DELIVERY ACK user=EBE8/883 attempts=1/5 elapsed=226ms queue=0
2026-09-28T03:54:42.034+03:00 [s2] [I] S7BP200R2-XXXXXXXXXXXXXXXXXXXXXXXXXXXXXXXXXXXXXXXXXXXXXXXXXXXXXXXXXXXXXXXXXXXXXXXXXXXXXXXXXXXXXXXXXXXXXXXXXXXXXXXXXXXXXXXXXXXXXXXXXXXXXXXXXXXXXXXXXXXXXXXXXXXXXXXXXXXXXXXXXXXXXXXXXXXXXXXXXXXXXXXXXXXXXX
2026-09-28T03:54:42.080+03:00 [s1] [O] < [-44/-0 Q100] S7BP200R1-XXXXXXXXXXXXXXXXXXXXXXXXXXXXXXXXXXXXXXXXXXXXXXXXXXXXXXXXXXXXXXXXXXXXXXXXXXXXXXXXXXXXXXXXXXXXXXXXXXXXXXXXXXXXXXXXXXXXXXXXXXXXXXXXXXXXXXXXXXXXXXXXXXXXXXXXXXXXXXXXXXXXXXXXXXXXXXXXXXXXXXXXXXXXXX
2026-09-28T03:54:42.084+03:00 [s1] [O] 
2026-09-28T03:54:42.127+03:00 [s2] [O] DELIVERY QUEUED source=2 bytes=200 waiting=1/8 in_flight=0
2026-09-28T03:54:42.141+03:00 [s1] [O] TX ACK seq=878 ack_to=EBE8/883 frame=14B OK time=13 ms guard=500ms
2026-09-28T03:54:42.222+03:00 [s2] [O] 
2026-09-28T03:54:42.222+03:00 [s1] [O] PEER_REPORT our_seq=878 TX=-45/0 Q100
2026-09-28T03:54:42.252+03:00 [s2] [O] TX USER seq=884 frame=212B user=200B attempt=1/5 OK time=87 ms
2026-09-28T03:54:42.256+03:00 [s1] [O] 
2026-09-28T03:54:42.259+03:00 [s2] [O] > S7BP200R2-XXXXXXXXXXXXXXXXXXXXXXXXXXXXXXXXXXXXXXXXXXXXXXXXXXXXXXXXXXXXXXXXXXXXXXXXXXXXXXXXXXXXXXXXXXXXXXXXXXXXXXXXXXXXXXXXXXXXXXXXXXXXXXXXXXXXXXXXXXXXXXXXXXXXXXXXXXXXXXXXXXXXXXXXXXXXXXXXXXXXXXXXXXXXXX
2026-09-28T03:54:42.270+03:00 [s2] [O] DELIVERY WAIT_ACK user=EBE8/884 attempt=1/5 timeout=712ms queue=0
2026-09-28T03:54:42.298+03:00 [s1] [O] RX USER session=EBE8 seq=884 frame=212B user=200B RX=-40/1 Q100 disposition=0
2026-09-28T03:54:42.453+03:00 [s2] [O] PEER_REPORT our_seq=884 TX=-40/1 Q100
2026-09-28T03:54:42.469+03:00 [s2] [O] 
2026-09-28T03:54:42.476+03:00 [s2] [O] RX ACK session=118C seq=879 ack_to=EBE8/884 frame=14B RX=-36/-1 Q100
2026-09-28T03:54:42.492+03:00 [s2] [O] DELIVERY ACK user=EBE8/884 attempts=1/5 elapsed=229ms queue=0
2026-09-28T03:54:42.501+03:00 [s2] [I] S7BP200R3-XXXXXXXXXXXXXXXXXXXXXXXXXXXXXXXXXXXXXXXXXXXXXXXXXXXXXXXXXXXXXXXXXXXXXXXXXXXXXXXXXXXXXXXXXXXXXXXXXXXXXXXXXXXXXXXXXXXXXXXXXXXXXXXXXXXXXXXXXXXXXXXXXXXXXXXXXXXXXXXXXXXXXXXXXXXXXXXXXXXXXXXXXXXXXX
2026-09-28T03:54:42.579+03:00 [s2] [O] DELIVERY QUEUED source=2 bytes=200 waiting=1/8 in_flight=0
2026-09-28T03:54:42.579+03:00 [s1] [O] < [-40/1 Q100] S7BP200R2-XXXXXXXXXXXXXXXXXXXXXXXXXXXXXXXXXXXXXXXXXXXXXXXXXXXXXXXXXXXXXXXXXXXXXXXXXXXXXXXXXXXXXXXXXXXXXXXXXXXXXXXXXXXXXXXXXXXXXXXXXXXXXXXXXXXXXXXXXXXXXXXXXXXXXXXXXXXXXXXXXXXXXXXXXXXXXXXXXXXXXXXXXXXXXX
2026-09-28T03:54:42.603+03:00 [s1] [O] 
2026-09-28T03:54:42.622+03:00 [s1] [O] TX ACK seq=879 ack_to=EBE8/884 frame=14B OK time=13 ms guard=500ms
2026-09-28T03:54:42.671+03:00 [s2] [O] 
2026-09-28T03:54:42.694+03:00 [s2] [O] TX USER seq=885 frame=212B user=200B attempt=1/5 OK time=87 ms
2026-09-28T03:54:42.705+03:00 [s2] [O] > S7BP200R3-XXXXXXXXXXXXXXXXXXXXXXXXXXXXXXXXXXXXXXXXXXXXXXXXXXXXXXXXXXXXXXXXXXXXXXXXXXXXXXXXXXXXXXXXXXXXXXXXXXXXXXXXXXXXXXXXXXXXXXXXXXXXXXXXXXXXXXXXXXXXXXXXXXXXXXXXXXXXXXXXXXXXXXXXXXXXXXXXXXXXXXXXXXXXXX
2026-09-28T03:54:42.705+03:00 [s1] [O] PEER_REPORT our_seq=879 TX=-36/-1 Q100
2026-09-28T03:54:42.721+03:00 [s2] [O] DELIVERY WAIT_ACK user=EBE8/885 attempt=1/5 timeout=712ms queue=0
2026-09-28T03:54:42.761+03:00 [s1] [O] 
2026-09-28T03:54:42.805+03:00 [s1] [O] RX USER session=EBE8 seq=885 frame=212B user=200B RX=-43/-1 Q100 disposition=0
2026-09-28T03:54:42.909+03:00 [s2] [O] PEER_REPORT our_seq=885 TX=-43/-1 Q100
2026-09-28T03:54:42.946+03:00 [s2] [O] 
2026-09-28T03:54:42.949+03:00 [s2] [O] RX ACK session=118C seq=880 ack_to=EBE8/885 frame=14B RX=-40/2 Q100
2026-09-28T03:54:42.954+03:00 [s2] [O] DELIVERY ACK user=EBE8/885 attempts=1/5 elapsed=228ms queue=0
2026-09-28T03:54:42.962+03:00 [s2] [I] S7BP200R4-XXXXXXXXXXXXXXXXXXXXXXXXXXXXXXXXXXXXXXXXXXXXXXXXXXXXXXXXXXXXXXXXXXXXXXXXXXXXXXXXXXXXXXXXXXXXXXXXXXXXXXXXXXXXXXXXXXXXXXXXXXXXXXXXXXXXXXXXXXXXXXXXXXXXXXXXXXXXXXXXXXXXXXXXXXXXXXXXXXXXXXXXXXXXXX
2026-09-28T03:54:43.039+03:00 [s1] [O] < [-43/-1 Q100] S7BP200R3-XXXXXXXXXXXXXXXXXXXXXXXXXXXXXXXXXXXXXXXXXXXXXXXXXXXXXXXXXXXXXXXXXXXXXXXXXXXXXXXXXXXXXXXXXXXXXXXXXXXXXXXXXXXXXXXXXXXXXXXXXXXXXXXXXXXXXXXXXXXXXXXXXXXXXXXXXXXXXXXXXXXXXXXXXXXXXXXXXXXXXXXXXXXXXX
2026-09-28T03:54:43.051+03:00 [s2] [O] DELIVERY QUEUED source=2 bytes=200 waiting=1/8 in_flight=0
2026-09-28T03:54:43.073+03:00 [s1] [O] 
2026-09-28T03:54:43.106+03:00 [s1] [O] TX ACK seq=880 ack_to=EBE8/885 frame=14B OK time=13 ms guard=500ms
2026-09-28T03:54:43.127+03:00 [s2] [O] 
2026-09-28T03:54:43.138+03:00 [s2] [O] TX USER seq=886 frame=212B user=200B attempt=1/5 OK time=87 ms
2026-09-28T03:54:43.146+03:00 [s2] [O] > S7BP200R4-XXXXXXXXXXXXXXXXXXXXXXXXXXXXXXXXXXXXXXXXXXXXXXXXXXXXXXXXXXXXXXXXXXXXXXXXXXXXXXXXXXXXXXXXXXXXXXXXXXXXXXXXXXXXXXXXXXXXXXXXXXXXXXXXXXXXXXXXXXXXXXXXXXXXXXXXXXXXXXXXXXXXXXXXXXXXXXXXXXXXXXXXXXXXXX
2026-09-28T03:54:43.169+03:00 [s2] [O] DELIVERY WAIT_ACK user=EBE8/886 attempt=1/5 timeout=712ms queue=0
2026-09-28T03:54:43.199+03:00 [s1] [O] PEER_REPORT our_seq=880 TX=-40/2 Q100
2026-09-28T03:54:43.243+03:00 [s1] [O] 
2026-09-28T03:54:43.286+03:00 [s1] [O] RX USER session=EBE8 seq=886 frame=212B user=200B RX=-41/2 Q100 disposition=0
2026-09-28T03:54:43.359+03:00 [s2] [O] PEER_REPORT our_seq=886 TX=-41/2 Q100
2026-09-28T03:54:43.366+03:00 [s2] [O] 
2026-09-28T03:54:43.369+03:00 [s2] [O] RX ACK session=118C seq=881 ack_to=EBE8/886 frame=14B RX=-38/-0 Q100
2026-09-28T03:54:43.375+03:00 [s2] [O] DELIVERY ACK user=EBE8/886 attempts=1/5 elapsed=229ms queue=0
2026-09-28T03:54:43.384+03:00 [s2] [I] S7BP200R5-XXXXXXXXXXXXXXXXXXXXXXXXXXXXXXXXXXXXXXXXXXXXXXXXXXXXXXXXXXXXXXXXXXXXXXXXXXXXXXXXXXXXXXXXXXXXXXXXXXXXXXXXXXXXXXXXXXXXXXXXXXXXXXXXXXXXXXXXXXXXXXXXXXXXXXXXXXXXXXXXXXXXXXXXXXXXXXXXXXXXXXXXXXXXXX
2026-09-28T03:54:43.486+03:00 [s2] [O] DELIVERY QUEUED source=2 bytes=200 waiting=1/8 in_flight=0
2026-09-28T03:54:43.512+03:00 [s1] [O] < [-41/2 Q100] S7BP200R4-XXXXXXXXXXXXXXXXXXXXXXXXXXXXXXXXXXXXXXXXXXXXXXXXXXXXXXXXXXXXXXXXXXXXXXXXXXXXXXXXXXXXXXXXXXXXXXXXXXXXXXXXXXXXXXXXXXXXXXXXXXXXXXXXXXXXXXXXXXXXXXXXXXXXXXXXXXXXXXXXXXXXXXXXXXXXXXXXXXXXXXXXXXXXXX
2026-09-28T03:54:43.518+03:00 [s1] [O] 
2026-09-28T03:54:43.570+03:00 [s2] [O] 
2026-09-28T03:54:43.578+03:00 [s2] [O] TX USER seq=887 frame=212B user=200B attempt=1/5 OK time=87 ms
2026-09-28T03:54:43.590+03:00 [s2] [O] > S7BP200R5-XXXXXXXXXXXXXXXXXXXXXXXXXXXXXXXXXXXXXXXXXXXXXXXXXXXXXXXXXXXXXXXXXXXXXXXXXXXXXXXXXXXXXXXXXXXXXXXXXXXXXXXXXXXXXXXXXXXXXXXXXXXXXXXXXXXXXXXXXXXXXXXXXXXXXXXXXXXXXXXXXXXXXXXXXXXXXXXXXXXXXXXXXXXXXX
2026-09-28T03:54:43.595+03:00 [s2] [O] DELIVERY WAIT_ACK user=EBE8/887 attempt=1/5 timeout=712ms queue=0
2026-09-28T03:54:43.603+03:00 [s1] [O] TX ACK seq=881 ack_to=EBE8/886 frame=14B OK time=13 ms guard=500ms
2026-09-28T03:54:43.700+03:00 [s1] [O] PEER_REPORT our_seq=881 TX=-38/-1 Q100
2026-09-28T03:54:43.740+03:00 [s1] [O] 
2026-09-28T03:54:43.784+03:00 [s1] [O] RX USER session=EBE8 seq=887 frame=212B user=200B RX=-41/0 Q100 disposition=0
2026-09-28T03:54:43.801+03:00 [s2] [O] PEER_REPORT our_seq=887 TX=-41/0 Q100
2026-09-28T03:54:43.813+03:00 [s2] [O] 
2026-09-28T03:54:43.820+03:00 [s2] [O] RX ACK session=118C seq=882 ack_to=EBE8/887 frame=14B RX=-41/4 Q100
2026-09-28T03:54:43.826+03:00 [s2] [O] DELIVERY ACK user=EBE8/887 attempts=1/5 elapsed=229ms queue=0
2026-09-28T03:54:43.838+03:00 [s2] [I] S7BP200R6-XXXXXXXXXXXXXXXXXXXXXXXXXXXXXXXXXXXXXXXXXXXXXXXXXXXXXXXXXXXXXXXXXXXXXXXXXXXXXXXXXXXXXXXXXXXXXXXXXXXXXXXXXXXXXXXXXXXXXXXXXXXXXXXXXXXXXXXXXXXXXXXXXXXXXXXXXXXXXXXXXXXXXXXXXXXXXXXXXXXXXXXXXXXXXX
2026-09-28T03:54:43.935+03:00 [s2] [O] DELIVERY QUEUED source=2 bytes=200 waiting=1/8 in_flight=0
2026-09-28T03:54:44.009+03:00 [s1] [O] < [-41/0 Q100] S7BP200R5-XXXXXXXXXXXXXXXXXXXXXXXXXXXXXXXXXXXXXXXXXXXXXXXXXXXXXXXXXXXXXXXXXXXXXXXXXXXXXXXXXXXXXXXXXXXXXXXXXXXXXXXXXXXXXXXXXXXXXXXXXXXXXXXXXXXXXXXXXXXXXXXXXXXXXXXXXXXXXXXXXXXXXXXXXXXXXXXXXXXXXXXXXXXXXX
2026-09-28T03:54:44.024+03:00 [s2] [O] 
2026-09-28T03:54:44.026+03:00 [s2] [O] TX USER seq=888 frame=212B user=200B attempt=1/5 OK time=87 ms
2026-09-28T03:54:44.033+03:00 [s1] [O] 
2026-09-28T03:54:44.039+03:00 [s2] [O] > S7BP200R6-XXXXXXXXXXXXXXXXXXXXXXXXXXXXXXXXXXXXXXXXXXXXXXXXXXXXXXXXXXXXXXXXXXXXXXXXXXXXXXXXXXXXXXXXXXXXXXXXXXXXXXXXXXXXXXXXXXXXXXXXXXXXXXXXXXXXXXXXXXXXXXXXXXXXXXXXXXXXXXXXXXXXXXXXXXXXXXXXXXXXXXXXXXXXXX
2026-09-28T03:54:44.048+03:00 [s2] [O] DELIVERY WAIT_ACK user=EBE8/888 attempt=1/5 timeout=712ms queue=0
2026-09-28T03:54:44.061+03:00 [s1] [O] TX ACK seq=882 ack_to=EBE8/887 frame=14B OK time=13 ms guard=500ms
2026-09-28T03:54:44.144+03:00 [s1] [O] PEER_REPORT our_seq=882 TX=-41/4 Q100
2026-09-28T03:54:44.197+03:00 [s1] [O] 
2026-09-28T03:54:44.235+03:00 [s1] [O] RX USER session=EBE8 seq=888 frame=212B user=200B RX=-43/4 Q100 disposition=0
2026-09-28T03:54:44.255+03:00 [s2] [O] PEER_REPORT our_seq=888 TX=-43/4 Q100
2026-09-28T03:54:44.268+03:00 [s2] [O] 
2026-09-28T03:54:44.273+03:00 [s2] [O] RX ACK session=118C seq=883 ack_to=EBE8/888 frame=14B RX=-36/-0 Q100
2026-09-28T03:54:44.277+03:00 [s2] [O] DELIVERY ACK user=EBE8/888 attempts=1/5 elapsed=228ms queue=0
2026-09-28T03:54:44.287+03:00 [s2] [I] S7BP200R7-XXXXXXXXXXXXXXXXXXXXXXXXXXXXXXXXXXXXXXXXXXXXXXXXXXXXXXXXXXXXXXXXXXXXXXXXXXXXXXXXXXXXXXXXXXXXXXXXXXXXXXXXXXXXXXXXXXXXXXXXXXXXXXXXXXXXXXXXXXXXXXXXXXXXXXXXXXXXXXXXXXXXXXXXXXXXXXXXXXXXXXXXXXXXXX
2026-09-28T03:54:44.384+03:00 [s2] [O] DELIVERY QUEUED source=2 bytes=200 waiting=1/8 in_flight=0
2026-09-28T03:54:44.474+03:00 [s2] [O] 
2026-09-28T03:54:44.477+03:00 [s2] [O] TX USER seq=889 frame=212B user=200B attempt=1/5 OK time=87 ms
2026-09-28T03:54:44.486+03:00 [s2] [O] > S7BP200R7-XXXXXXXXXXXXXXXXXXXXXXXXXXXXXXXXXXXXXXXXXXXXXXXXXXXXXXXXXXXXXXXXXXXXXXXXXXXXXXXXXXXXXXXXXXXXXXXXXXXXXXXXXXXXXXXXXXXXXXXXXXXXXXXXXXXXXXXXXXXXXXXXXXXXXXXXXXXXXXXXXXXXXXXXXXXXXXXXXXXXXXXXXXXXXX
2026-09-28T03:54:44.489+03:00 [s2] [O] DELIVERY WAIT_ACK user=EBE8/889 attempt=1/5 timeout=712ms queue=0
2026-09-28T03:54:44.507+03:00 [s1] [O] < [-43/4 Q100] S7BP200R6-XXXXXXXXXXXXXXXXXXXXXXXXXXXXXXXXXXXXXXXXXXXXXXXXXXXXXXXXXXXXXXXXXXXXXXXXXXXXXXXXXXXXXXXXXXXXXXXXXXXXXXXXXXXXXXXXXXXXXXXXXXXXXXXXXXXXXXXXXXXXXXXXXXXXXXXXXXXXXXXXXXXXXXXXXXXXXXXXXXXXXXXXXXXXXX
2026-09-28T03:54:44.512+03:00 [s1] [O] 
2026-09-28T03:54:44.563+03:00 [s1] [O] TX ACK seq=883 ack_to=EBE8/888 frame=14B OK time=13 ms guard=500ms
2026-09-28T03:54:44.650+03:00 [s1] [O] PEER_REPORT our_seq=883 TX=-36/-1 Q100
2026-09-28T03:54:44.709+03:00 [s1] [O] 
2026-09-28T03:54:44.726+03:00 [s2] [O] PEER_REPORT our_seq=889 TX=-42/2 Q100
2026-09-28T03:54:44.726+03:00 [s2] [O] 
2026-09-28T03:54:44.726+03:00 [s2] [O] RX ACK session=118C seq=884 ack_to=EBE8/889 frame=14B RX=-41/5 Q100
2026-09-28T03:54:44.726+03:00 [s2] [O] DELIVERY ACK user=EBE8/889 attempts=1/5 elapsed=228ms queue=0
2026-09-28T03:54:44.729+03:00 [s2] [I] S7BP200R8-XXXXXXXXXXXXXXXXXXXXXXXXXXXXXXXXXXXXXXXXXXXXXXXXXXXXXXXXXXXXXXXXXXXXXXXXXXXXXXXXXXXXXXXXXXXXXXXXXXXXXXXXXXXXXXXXXXXXXXXXXXXXXXXXXXXXXXXXXXXXXXXXXXXXXXXXXXXXXXXXXXXXXXXXXXXXXXXXXXXXXXXXXXXXXX
2026-09-28T03:54:44.743+03:00 [s1] [O] RX USER session=EBE8 seq=889 frame=212B user=200B RX=-42/2 Q100 disposition=0
2026-09-28T03:54:44.823+03:00 [s2] [O] DELIVERY QUEUED source=2 bytes=200 waiting=1/8 in_flight=0
2026-09-28T03:54:44.922+03:00 [s2] [O] 
2026-09-28T03:54:44.941+03:00 [s2] [O] TX USER seq=890 frame=212B user=200B attempt=1/5 OK time=87 ms
2026-09-28T03:54:44.943+03:00 [s2] [O] > S7BP200R8-XXXXXXXXXXXXXXXXXXXXXXXXXXXXXXXXXXXXXXXXXXXXXXXXXXXXXXXXXXXXXXXXXXXXXXXXXXXXXXXXXXXXXXXXXXXXXXXXXXXXXXXXXXXXXXXXXXXXXXXXXXXXXXXXXXXXXXXXXXXXXXXXXXXXXXXXXXXXXXXXXXXXXXXXXXXXXXXXXXXXXXXXXXXXXX
2026-09-28T03:54:44.951+03:00 [s2] [O] DELIVERY WAIT_ACK user=EBE8/890 attempt=1/5 timeout=712ms queue=0
2026-09-28T03:54:44.970+03:00 [s1] [O] < [-42/2 Q100] S7BP200R7-XXXXXXXXXXXXXXXXXXXXXXXXXXXXXXXXXXXXXXXXXXXXXXXXXXXXXXXXXXXXXXXXXXXXXXXXXXXXXXXXXXXXXXXXXXXXXXXXXXXXXXXXXXXXXXXXXXXXXXXXXXXXXXXXXXXXXXXXXXXXXXXXXXXXXXXXXXXXXXXXXXXXXXXXXXXXXXXXXXXXXXXXXXXXXX
2026-09-28T03:54:44.998+03:00 [s1] [O] 
2026-09-28T03:54:45.042+03:00 [s1] [O] TX ACK seq=884 ack_to=EBE8/889 frame=14B OK time=13 ms guard=500ms
2026-09-28T03:54:45.134+03:00 [s1] [O] PEER_REPORT our_seq=884 TX=-41/5 Q100
2026-09-28T03:54:45.157+03:00 [s2] [O] PEER_REPORT our_seq=890 TX=-43/5 Q100
2026-09-28T03:54:45.177+03:00 [s1] [O] 
2026-09-28T03:54:45.193+03:00 [s2] [O] 
2026-09-28T03:54:45.222+03:00 [s2] [O] RX ACK session=118C seq=885 ack_to=EBE8/890 frame=14B RX=-44/5 Q100
2026-09-28T03:54:45.238+03:00 [s2] [O] DELIVERY ACK user=EBE8/890 attempts=1/5 elapsed=228ms queue=0
2026-09-28T03:54:45.239+03:00 [s1] [O] RX USER session=EBE8 seq=890 frame=212B user=200B RX=-43/5 Q100 disposition=0
2026-09-28T03:54:45.252+03:00 [s2] [I] S7BP200R9-XXXXXXXXXXXXXXXXXXXXXXXXXXXXXXXXXXXXXXXXXXXXXXXXXXXXXXXXXXXXXXXXXXXXXXXXXXXXXXXXXXXXXXXXXXXXXXXXXXXXXXXXXXXXXXXXXXXXXXXXXXXXXXXXXXXXXXXXXXXXXXXXXXXXXXXXXXXXXXXXXXXXXXXXXXXXXXXXXXXXXXXXXXXXXX
2026-09-28T03:54:45.341+03:00 [s2] [O] DELIVERY QUEUED source=2 bytes=200 waiting=1/8 in_flight=0
2026-09-28T03:54:45.410+03:00 [s2] [O] 
2026-09-28T03:54:45.444+03:00 [s2] [O] TX USER seq=891 frame=212B user=200B attempt=1/5 OK time=87 ms
2026-09-28T03:54:45.452+03:00 [s2] [O] > S7BP200R9-XXXXXXXXXXXXXXXXXXXXXXXXXXXXXXXXXXXXXXXXXXXXXXXXXXXXXXXXXXXXXXXXXXXXXXXXXXXXXXXXXXXXXXXXXXXXXXXXXXXXXXXXXXXXXXXXXXXXXXXXXXXXXXXXXXXXXXXXXXXXXXXXXXXXXXXXXXXXXXXXXXXXXXXXXXXXXXXXXXXXXXXXXXXXXX
2026-09-28T03:54:45.461+03:00 [s2] [O] DELIVERY WAIT_ACK user=EBE8/891 attempt=1/5 timeout=712ms queue=0
2026-09-28T03:54:45.491+03:00 [s1] [O] < [-43/5 Q100] S7BP200R8-XXXXXXXXXXXXXXXXXXXXXXXXXXXXXXXXXXXXXXXXXXXXXXXXXXXXXXXXXXXXXXXXXXXXXXXXXXXXXXXXXXXXXXXXXXXXXXXXXXXXXXXXXXXXXXXXXXXXXXXXXXXXXXXXXXXXXXXXXXXXXXXXXXXXXXXXXXXXXXXXXXXXXXXXXXXXXXXXXXXXXXXXXXXXXX
2026-09-28T03:54:45.493+03:00 [s1] [O] 
2026-09-28T03:54:45.536+03:00 [s1] [O] TX ACK seq=885 ack_to=EBE8/890 frame=14B OK time=13 ms guard=500ms
2026-09-28T03:54:45.638+03:00 [s1] [O] PEER_REPORT our_seq=885 TX=-44/5 Q100
2026-09-28T03:54:45.638+03:00 [s2] [O] PEER_REPORT our_seq=891 TX=-43/5 Q100
2026-09-28T03:54:45.669+03:00 [s2] [O] 
2026-09-28T03:54:45.688+03:00 [s1] [O] 
2026-09-28T03:54:45.693+03:00 [s2] [O] RX ACK session=118C seq=886 ack_to=EBE8/891 frame=14B RX=-44/5 Q100
2026-09-28T03:54:45.705+03:00 [s2] [O] DELIVERY ACK user=EBE8/891 attempts=1/5 elapsed=227ms queue=0
2026-09-28T03:54:45.711+03:00 [s2] [I] S7BP200R10-XXXXXXXXXXXXXXXXXXXXXXXXXXXXXXXXXXXXXXXXXXXXXXXXXXXXXXXXXXXXXXXXXXXXXXXXXXXXXXXXXXXXXXXXXXXXXXXXXXXXXXXXXXXXXXXXXXXXXXXXXXXXXXXXXXXXXXXXXXXXXXXXXXXXXXXXXXXXXXXXXXXXXXXXXXXXXXXXXXXXXXXXXXXXX
2026-09-28T03:54:45.722+03:00 [s1] [O] RX USER session=EBE8 seq=891 frame=212B user=200B RX=-43/5 Q100 disposition=0
2026-09-28T03:54:45.784+03:00 [s2] [O] DELIVERY QUEUED source=2 bytes=200 waiting=1/8 in_flight=0
2026-09-28T03:54:45.866+03:00 [s2] [O] 
2026-09-28T03:54:45.878+03:00 [s2] [O] TX USER seq=892 frame=212B user=200B attempt=1/5 OK time=87 ms
2026-09-28T03:54:45.883+03:00 [s2] [O] > S7BP200R10-XXXXXXXXXXXXXXXXXXXXXXXXXXXXXXXXXXXXXXXXXXXXXXXXXXXXXXXXXXXXXXXXXXXXXXXXXXXXXXXXXXXXXXXXXXXXXXXXXXXXXXXXXXXXXXXXXXXXXXXXXXXXXXXXXXXXXXXXXXXXXXXXXXXXXXXXXXXXXXXXXXXXXXXXXXXXXXXXXXXXXXXXXXXXX
2026-09-28T03:54:45.887+03:00 [s2] [O] DELIVERY WAIT_ACK user=EBE8/892 attempt=1/5 timeout=712ms queue=0
2026-09-28T03:54:45.986+03:00 [s1] [O] < [-43/5 Q100] S7BP200R9-XXXXXXXXXXXXXXXXXXXXXXXXXXXXXXXXXXXXXXXXXXXXXXXXXXXXXXXXXXXXXXXXXXXXXXXXXXXXXXXXXXXXXXXXXXXXXXXXXXXXXXXXXXXXXXXXXXXXXXXXXXXXXXXXXXXXXXXXXXXXXXXXXXXXXXXXXXXXXXXXXXXXXXXXXXXXXXXXXXXXXXXXXXXXXX
2026-09-28T03:54:45.989+03:00 [s1] [O] 
2026-09-28T03:54:46.034+03:00 [s1] [O] TX ACK seq=886 ack_to=EBE8/891 frame=14B OK time=15 ms guard=500ms
2026-09-28T03:54:46.122+03:00 [s1] [O] PEER_REPORT our_seq=886 TX=-44/5 Q100
2026-09-28T03:54:46.148+03:00 [s2] [O] PEER_REPORT our_seq=892 TX=-44/6 Q100
2026-09-28T03:54:46.156+03:00 [s2] [O] 
2026-09-28T03:54:46.162+03:00 [s2] [O] RX ACK session=118C seq=887 ack_to=EBE8/892 frame=14B RX=-44/5 Q100
2026-09-28T03:54:46.169+03:00 [s1] [O] 
2026-09-28T03:54:46.170+03:00 [s2] [O] DELIVERY ACK user=EBE8/892 attempts=1/5 elapsed=228ms queue=0
2026-09-28T03:54:46.178+03:00 [s1] [I] /cancel all
2026-09-28T03:54:46.180+03:00 [s2] [I] /cancel all
2026-09-28T03:54:46.215+03:00 [s1] [O] RX USER session=EBE8 seq=892 frame=212B user=200B RX=-44/6 Q100 disposition=0
2026-09-28T03:54:46.282+03:00 [s2] [O] DELIVERY CANCEL ALL pending=none queue_removed=0
2026-09-28T03:54:46.286+03:00 [s2] [O] [SYS] DELIVERY CANCEL: nothing pending
2026-09-28T03:54:46.486+03:00 [s1] [O] < [-44/6 Q100] S7BP200R10-XXXXXXXXXXXXXXXXXXXXXXXXXXXXXXXXXXXXXXXXXXXXXXXXXXXXXXXXXXXXXXXXXXXXXXXXXXXXXXXXXXXXXXXXXXXXXXXXXXXXXXXXXXXXXXXXXXXXXXXXXXXXXXXXXXXXXXXXXXXXXXXXXXXXXXXXXXXXXXXXXXXXXXXXXXXXXXXXXXXXXXXXXXXXX
2026-09-28T03:54:46.502+03:00 [s1] [O] 
2026-09-28T03:54:46.549+03:00 [s1] [O] TX ACK seq=887 ack_to=EBE8/892 frame=14B OK time=13 ms guard=500ms
2026-09-28T03:54:46.683+03:00 [s1] [O] DELIVERY CANCEL ALL pending=none queue_removed=0
2026-09-28T03:54:46.799+03:00 [s1] [O] [SYS] DELIVERY CANCEL: nothing pending
2026-09-28T03:54:50.622+03:00 [s1] [O] 
2026-09-28T03:54:50.712+03:00 [s1] [O] SESSION t=4080s TX ok=898 user=421 echo_req=0 echo_rep=0 hb=70(idle=70) err=0 started=898 RX ok=888 user=407 echo_req=0 echo_rep=0 hb=0 crc=9 hdr=3 bad=0 readerr=0 reports=888 Q=100% drops=0 fatal=0
2026-09-28T03:54:50.724+03:00 [s1] [O] SESSION COURTESY window=5000ms peer_release=0 expired=0 yielding=0
2026-09-28T03:54:50.732+03:00 [s1] [O] SESSION DIO0_TX affected=0/898 episodes=0 avg_all=0.00 avg_affected=0.00 high_polls=0
2026-09-28T03:54:50.768+03:00 [s1] [O] SESSION RX_POLL polls=3826760 rxdone=900 interval=1000us DIO0_RX false_high_ep=0 high_polls=0 rxdone_low=17 isr=disabled
2026-09-28T03:55:29.196+03:00 [s2] [O] 
2026-09-28T03:55:29.202+03:00 [s2] [O] SESSION t=4140s TX ok=900 user=412 echo_req=0 echo_rep=0 hb=70(idle=0) err=0 started=900 RX ok=893 user=418 echo_req=0 echo_rep=0 hb=70 crc=5 hdr=5 bad=1 readerr=0 reports=892 Q=100% drops=0 fatal=0
2026-09-28T03:55:29.209+03:00 [s2] [O] SESSION COURTESY window=5000ms peer_release=0 expired=0 yielding=0
2026-09-28T03:55:29.216+03:00 [s2] [O] SESSION DIO0_TX affected=0/900 episodes=0 avg_all=0.00 avg_affected=0.00 high_polls=0
2026-09-28T03:55:29.243+03:00 [s2] [O] SESSION RX_POLL polls=3840126 rxdone=904 interval=1000us DIO0_RX false_high_ep=0 high_polls=0 rxdone_low=4 isr=disabled
2026-09-28T03:55:50.651+03:00 [s1] [O] 
2026-09-28T03:55:50.662+03:00 [s1] [O] SESSION t=4140s TX ok=898 user=421 echo_req=0 echo_rep=0 hb=70(idle=70) err=0 started=898 RX ok=888 user=407 echo_req=0 echo_rep=0 hb=0 crc=9 hdr=3 bad=0 readerr=0 reports=888 Q=100% drops=0 fatal=0
2026-09-28T03:55:50.667+03:00 [s1] [O] SESSION COURTESY window=5000ms peer_release=0 expired=0 yielding=0
2026-09-28T03:55:50.682+03:00 [s1] [O] SESSION DIO0_TX affected=0/898 episodes=0 avg_all=0.00 avg_affected=0.00 high_polls=0
2026-09-28T03:55:50.703+03:00 [s1] [O] SESSION RX_POLL polls=3885482 rxdone=900 interval=1000us DIO0_RX false_high_ep=0 high_polls=0 rxdone_low=17 isr=disabled
2026-09-28T03:56:29.176+03:00 [s2] [O] 
2026-09-28T03:56:29.229+03:00 [s2] [O] SESSION t=4200s TX ok=900 user=412 echo_req=0 echo_rep=0 hb=70(idle=0) err=0 started=900 RX ok=893 user=418 echo_req=0 echo_rep=0 hb=70 crc=5 hdr=5 bad=1 readerr=0 reports=892 Q=100% drops=0 fatal=0
2026-09-28T03:56:29.236+03:00 [s2] [O] SESSION COURTESY window=5000ms peer_release=0 expired=0 yielding=0
2026-09-28T03:56:29.242+03:00 [s2] [O] SESSION DIO0_TX affected=0/900 episodes=0 avg_all=0.00 avg_affected=0.00 high_polls=0
2026-09-28T03:56:29.279+03:00 [s2] [O] SESSION RX_POLL polls=3899260 rxdone=904 interval=1000us DIO0_RX false_high_ep=0 high_polls=0 rxdone_low=4 isr=disabled
2026-09-28T03:56:41.210+03:00 [s1] [I] /config
2026-09-28T03:56:41.281+03:00 [s1] [O] [SYS] CFG schema=2 storage=NVS freq_oob=OFF
2026-09-28T03:56:41.282+03:00 [s1] [O] [SYS] CFG RADIO power=2 dBm freq=470 MHz sf=7 bw=500 kHz
2026-09-28T03:56:41.321+03:00 [s1] [O] [SYS] CFG LINK heartbeat=OFF retry=ON attempts=5 diag=OFF
2026-09-28T03:56:50.643+03:00 [s1] [O] 
2026-09-28T03:56:50.646+03:00 [s1] [O] SESSION t=4200s TX ok=898 user=421 echo_req=0 echo_rep=0 hb=70(idle=70) err=0 started=898 RX ok=888 user=407 echo_req=0 echo_rep=0 hb=0 crc=9 hdr=3 bad=0 readerr=0 reports=888 Q=100% drops=0 fatal=0
2026-09-28T03:56:50.651+03:00 [s1] [O] SESSION COURTESY window=5000ms peer_release=0 expired=0 yielding=0
2026-09-28T03:56:50.727+03:00 [s1] [O] SESSION DIO0_TX affected=0/898 episodes=0 avg_all=0.00 avg_affected=0.00 high_polls=0
2026-09-28T03:56:50.779+03:00 [s1] [O] SESSION RX_POLL polls=3928623 rxdone=900 interval=1000us DIO0_RX false_high_ep=0 high_polls=0 rxdone_low=17 isr=disabled
2026-09-28T03:57:21.724+03:00 [s2] [I] /config
2026-09-28T03:57:21.784+03:00 [s2] [O] [SYS] CFG schema=2 storage=NVS freq_oob=OFF
2026-09-28T03:57:21.789+03:00 [s2] [O] [SYS] CFG RADIO power=2 dBm freq=470 MHz sf=7 bw=500 kHz
2026-09-28T03:57:21.789+03:00 [s2] [O] [SYS] CFG LINK heartbeat=OFF retry=ON attempts=5 diag=OFF
2026-09-28T03:57:29.206+03:00 [s2] [O] 
2026-09-28T03:57:29.216+03:00 [s2] [O] SESSION t=4260s TX ok=900 user=412 echo_req=0 echo_rep=0 hb=70(idle=0) err=0 started=900 RX ok=893 user=418 echo_req=0 echo_rep=0 hb=70 crc=5 hdr=5 bad=1 readerr=0 reports=892 Q=100% drops=0 fatal=0
2026-09-28T03:57:29.223+03:00 [s2] [O] SESSION COURTESY window=5000ms peer_release=0 expired=0 yielding=0
2026-09-28T03:57:29.233+03:00 [s2] [O] SESSION DIO0_TX affected=0/900 episodes=0 avg_all=0.00 avg_affected=0.00 high_polls=0
2026-09-28T03:57:29.261+03:00 [s2] [O] SESSION RX_POLL polls=3958767 rxdone=904 interval=1000us DIO0_RX false_high_ep=0 high_polls=0 rxdone_low=4 isr=disabled
2026-09-28T03:57:50.623+03:00 [s1] [O] 
2026-09-28T03:57:50.641+03:00 [s1] [O] SESSION t=4260s TX ok=898 user=421 echo_req=0 echo_rep=0 hb=70(idle=70) err=0 started=898 RX ok=888 user=407 echo_req=0 echo_rep=0 hb=0 crc=9 hdr=3 bad=0 readerr=0 reports=888 Q=100% drops=0 fatal=0
2026-09-28T03:57:50.674+03:00 [s1] [O] SESSION COURTESY window=5000ms peer_release=0 expired=0 yielding=0
2026-09-28T03:57:50.677+03:00 [s1] [O] SESSION DIO0_TX affected=0/898 episodes=0 avg_all=0.00 avg_affected=0.00 high_polls=0
2026-09-28T03:57:50.712+03:00 [s1] [O] SESSION RX_POLL polls=3987670 rxdone=900 interval=1000us DIO0_RX false_high_ep=0 high_polls=0 rxdone_low=17 isr=disabled
