2026-09-25T13:54:36.452+03:00 [s1] [O] [SYS] CHATTER NODE LoRa-Chatter-1B44
2026-09-25T13:54:41.290+03:00 [s2] [O] [SYS] CHATTER NODE LoRa-Chatter-72E0
2026-09-25T13:54:48.252+03:00 [s1] [I] /id
2026-09-25T13:54:48.253+03:00 [s1] [I] /config
2026-09-25T13:54:48.255+03:00 [s2] [I] /id
2026-09-25T13:54:48.257+03:00 [s2] [I] /config
2026-09-25T13:54:48.312+03:00 [s2] [O] [SYS] CHATTER NODE LoRa-Chatter-72E0
2026-09-25T13:54:48.313+03:00 [s2] [O] [SYS] CFG schema=2 storage=NVS freq_oob=OFF
2026-09-25T13:54:48.316+03:00 [s2] [O] [SYS] CFG RADIO power=2 dBm freq=470 MHz sf=12 bw=62.5 kHz
2026-09-25T13:54:48.317+03:00 [s2] [O] [SYS] CFG LINK heartbeat=OFF retry=ON attempts=5 diag=OFF
2026-09-25T13:54:48.333+03:00 [s1] [O] [SYS] CHATTER NODE LoRa-Chatter-1B44
2026-09-25T13:54:48.335+03:00 [s1] [O] [SYS] CFG schema=2 storage=NVS freq_oob=OFF
2026-09-25T13:54:48.338+03:00 [s1] [O] [SYS] CFG RADIO power=2 dBm freq=470 MHz sf=12 bw=62.5 kHz
2026-09-25T13:54:48.340+03:00 [s1] [O] [SYS] CFG LINK heartbeat=OFF retry=ON attempts=5 diag=OFF
2026-09-25T13:55:11.254+03:00 [s1] [I] /help
2026-09-25T13:55:11.255+03:00 [s1] [I] /version
2026-09-25T13:55:11.257+03:00 [s2] [I] /help
2026-09-25T13:55:11.258+03:00 [s2] [I] /version
2026-09-25T13:55:11.331+03:00 [s1] [O] [SYS] FIRMWARE Chatter git=b76ffa04ab47a3f344b8270159ab274256f6ff62 state=clean env=esp32-s3-n16r8
2026-09-25T13:55:11.336+03:00 [s1] [O] [SYS] FIRMWARE IMAGE validation_sha256=c4e8407581882b7ca53680197748d4e8dabdf2cf9a389ad62bf271d6ef9307b6 status=OK slot=0
2026-09-25T13:55:11.340+03:00 [s1] [O] [SYS] BUILD META toolchain_sha256=cbb867e635dd96b27372354196469534b17a4276405a02a3ea1c58d8fc3f0d19 pio=6.2.0
2026-09-25T13:55:11.341+03:00 [s1] [O] [SYS] CHATTER HELP
2026-09-25T13:55:11.342+03:00 [s1] [O] [SYS] CHATTER NODE LoRa-Chatter-1B44
2026-09-25T13:55:11.343+03:00 [s1] [O] [SYS] CHAT OUTPUT:
2026-09-25T13:55:11.345+03:00 [s1] [O] [SYS]   > text                       local USER TX confirmed
2026-09-25T13:55:11.348+03:00 [s1] [O] [SYS]   < [RSSI/SNR Q] text          USER received from peer
2026-09-25T13:55:11.352+03:00 [s2] [O] [SYS] FIRMWARE Chatter git=b76ffa04ab47a3f344b8270159ab274256f6ff62 state=clean env=esp32-s3-n16r8
2026-09-25T13:55:11.358+03:00 [s2] [O] [SYS] FIRMWARE IMAGE validation_sha256=c4e8407581882b7ca53680197748d4e8dabdf2cf9a389ad62bf271d6ef9307b6 status=OK slot=0
2026-09-25T13:55:11.362+03:00 [s2] [O] [SYS] BUILD META toolchain_sha256=cbb867e635dd96b27372354196469534b17a4276405a02a3ea1c58d8fc3f0d19 pio=6.2.0
2026-09-25T13:55:11.363+03:00 [s2] [O] [SYS] CHATTER HELP
2026-09-25T13:55:11.365+03:00 [s2] [O] [SYS] CHATTER NODE LoRa-Chatter-72E0
2026-09-25T13:55:11.365+03:00 [s2] [O] [SYS] CHAT OUTPUT:
2026-09-25T13:55:11.368+03:00 [s2] [O] [SYS]   > text                       local USER TX confirmed
2026-09-25T13:55:11.376+03:00 [s1] [O] [SYS]   > [ECHO TX] text             local echo TX confirmed
2026-09-25T13:55:11.379+03:00 [s1] [O] [SYS]   < [ECHO RSSI/SNR Q] text     matching echo reply received
2026-09-25T13:55:11.381+03:00 [s1] [O] [SYS]   [ECHO] NO RESPONSE           matching echo reply timed out
2026-09-25T13:55:11.383+03:00 [s1] [O] [SYS]   delivery retry details       TELEMETRY only
2026-09-25T13:55:11.386+03:00 [s1] [O] [SYS]   RSSI/SNR=dBm/dB, Q=0..100 rolling transaction link quality
2026-09-25T13:55:11.387+03:00 [s1] [O] [SYS] HUMAN CONSOLE MODES:
2026-09-25T13:55:11.388+03:00 [s1] [O] [SYS]   CHAT       chat + SYSTEM
2026-09-25T13:55:11.389+03:00 [s1] [O] [SYS]   TELEMETRY  telemetry + SYSTEM
2026-09-25T13:55:11.391+03:00 [s1] [O] [SYS]   BOTH       chat + telemetry + SYSTEM
2026-09-25T13:55:11.395+03:00 [s2] [O] [SYS]   < [RSSI/SNR Q] text          USER received from peer
2026-09-25T13:55:11.397+03:00 [s2] [O] [SYS]   > [ECHO TX] text             local echo TX confirmed
2026-09-25T13:55:11.400+03:00 [s2] [O] [SYS]   < [ECHO RSSI/SNR Q] text     matching echo reply received
2026-09-25T13:55:11.403+03:00 [s2] [O] [SYS]   [ECHO] NO RESPONSE           matching echo reply timed out
2026-09-25T13:55:11.405+03:00 [s2] [O] [SYS]   delivery retry details       TELEMETRY only
2026-09-25T13:55:11.408+03:00 [s2] [O] [SYS]   RSSI/SNR=dBm/dB, Q=0..100 rolling transaction link quality
2026-09-25T13:55:11.410+03:00 [s2] [O] [SYS] HUMAN CONSOLE MODES:
2026-09-25T13:55:11.411+03:00 [s2] [O] [SYS]   CHAT       chat + SYSTEM
2026-09-25T13:55:11.413+03:00 [s2] [O] [SYS]   TELEMETRY  telemetry + SYSTEM
2026-09-25T13:55:11.414+03:00 [s2] [O] [SYS]   BOTH       chat + telemetry + SYSTEM
2026-09-25T13:55:11.418+03:00 [s1] [O] [SYS]   BLE 0004 machine telemetry is independent when subscribed
2026-09-25T13:55:11.420+03:00 [s1] [O] [SYS]   current=CHAT echo=OFF
2026-09-25T13:55:11.420+03:00 [s1] [O] [SYS] COMMANDS:
2026-09-25T13:55:11.422+03:00 [s1] [O] [SYS]   /help       show this help
2026-09-25T13:55:11.423+03:00 [s1] [O] [SYS]   /id         show node identity
2026-09-25T13:55:11.425+03:00 [s1] [O] [SYS]   /version    show firmware provenance (/firmware alias)
2026-09-25T13:55:11.427+03:00 [s1] [O] [SYS]   /power      show SX1278 PA_BOOST setting
2026-09-25T13:55:11.429+03:00 [s1] [O] [SYS]   /power N    set/persist N=2..17 or 20 dBm
2026-09-25T13:55:11.431+03:00 [s1] [O] [SYS]   /freq       show frequency in MHz
2026-09-25T13:55:11.433+03:00 [s1] [O] [SYS]   /freq MHz   set/persist frequency; 1 kHz precision, truncates extra decimals
2026-09-25T13:55:11.435+03:00 [s1] [O] [SYS]   /freq-oob   show experimental out-of-band flag
2026-09-25T13:55:11.437+03:00 [s1] [O] [SYS]   /freq-oob on|off persist frequency-range policy
2026-09-25T13:55:11.441+03:00 [s2] [O] [SYS]   BLE 0004 machine telemetry is independent when subscribed
2026-09-25T13:55:11.443+03:00 [s2] [O] [SYS]   current=CHAT echo=OFF
2026-09-25T13:55:11.443+03:00 [s2] [O] [SYS] COMMANDS:
2026-09-25T13:55:11.445+03:00 [s2] [O] [SYS]   /help       show this help
2026-09-25T13:55:11.446+03:00 [s2] [O] [SYS]   /id         show node identity
2026-09-25T13:55:11.449+03:00 [s2] [O] [SYS]   /version    show firmware provenance (/firmware alias)
2026-09-25T13:55:11.451+03:00 [s2] [O] [SYS]   /power      show SX1278 PA_BOOST setting
2026-09-25T13:55:11.453+03:00 [s2] [O] [SYS]   /power N    set/persist N=2..17 or 20 dBm
2026-09-25T13:55:11.455+03:00 [s2] [O] [SYS]   /freq       show frequency in MHz
2026-09-25T13:55:11.458+03:00 [s2] [O] [SYS]   /freq MHz   set/persist frequency; 1 kHz precision, truncates extra decimals
2026-09-25T13:55:11.463+03:00 [s1] [O] [SYS]   /sf /sf N   show/set SF, N=7..12
2026-09-25T13:55:11.466+03:00 [s1] [O] [SYS]   /bw /bw KHz show/set BW: 7.8 10.4 15.6 20.8 31.25 41.7 62.5 125 250 500
2026-09-25T13:55:11.468+03:00 [s1] [O] [SYS]   /config     show persisted PHY + runtime link config
2026-09-25T13:55:11.470+03:00 [s1] [O] [SYS]   /config reset restore persisted PHY defaults
2026-09-25T13:55:11.472+03:00 [s1] [O] [SYS]   /heartbeat  show runtime heartbeat state
2026-09-25T13:55:11.474+03:00 [s1] [O] [SYS]   /heartbeat on|off set runtime heartbeat state
2026-09-25T13:55:11.476+03:00 [s1] [O] [SYS]   /diag       show radio diagnostic state
2026-09-25T13:55:11.478+03:00 [s1] [O] [SYS]   /diag on|off enter/leave radio diagnostic mode
2026-09-25T13:55:11.481+03:00 [s1] [O] [SYS]   /diag size N set total heartbeat RF frame N=16..255 bytes
2026-09-25T13:55:11.485+03:00 [s2] [O] [SYS]   /freq-oob   show experimental out-of-band flag
2026-09-25T13:55:11.487+03:00 [s2] [O] [SYS]   /freq-oob on|off persist frequency-range policy
2026-09-25T13:55:11.489+03:00 [s2] [O] [SYS]   /sf /sf N   show/set SF, N=7..12
2026-09-25T13:55:11.491+03:00 [s2] [O] [SYS]   /bw /bw KHz show/set BW: 7.8 10.4 15.6 20.8 31.25 41.7 62.5 125 250 500
2026-09-25T13:55:11.494+03:00 [s2] [O] [SYS]   /config     show persisted PHY + runtime link config
2026-09-25T13:55:11.496+03:00 [s2] [O] [SYS]   /config reset restore persisted PHY defaults
2026-09-25T13:55:11.498+03:00 [s2] [O] [SYS]   /heartbeat  show runtime heartbeat state
2026-09-25T13:55:11.500+03:00 [s2] [O] [SYS]   /heartbeat on|off set runtime heartbeat state
2026-09-25T13:55:11.501+03:00 [s2] [O] [SYS]   /diag       show radio diagnostic state
2026-09-25T13:55:11.503+03:00 [s2] [O] [SYS]   /diag on|off enter/leave radio diagnostic mode
2026-09-25T13:55:11.508+03:00 [s1] [O] [SYS]   /chat       human console CHAT
2026-09-25T13:55:11.510+03:00 [s1] [O] [SYS]   /tele       human console TELEMETRY
2026-09-25T13:55:11.510+03:00 [s1] [O] [SYS]   /both       human console BOTH
2026-09-25T13:55:11.512+03:00 [s1] [O] [SYS]   /echo       toggle manual echo mode
2026-09-25T13:55:11.514+03:00 [s1] [O] [SYS]   /echo-loop  show continuous echo status
2026-09-25T13:55:11.517+03:00 [s1] [O] [SYS]   /echo-loop N start continuous echo with N=1..200 payload bytes
2026-09-25T13:55:11.520+03:00 [s1] [O] [SYS]   /echo-loop stop stop scheduling continuous echo requests
2026-09-25T13:55:11.522+03:00 [s1] [O] [SYS]   /cancel     stop current USER delivery/retries
2026-09-25T13:55:11.524+03:00 [s1] [O] [SYS]   /cancel all stop current USER and discard queued USERs
2026-09-25T13:55:11.530+03:00 [s2] [O] [SYS]   /diag size N set total heartbeat RF frame N=16..255 bytes
2026-09-25T13:55:11.531+03:00 [s2] [O] [SYS]   /chat       human console CHAT
2026-09-25T13:55:11.533+03:00 [s2] [O] [SYS]   /tele       human console TELEMETRY
2026-09-25T13:55:11.534+03:00 [s2] [O] [SYS]   /both       human console BOTH
2026-09-25T13:55:11.536+03:00 [s2] [O] [SYS]   /echo       toggle manual echo mode
2026-09-25T13:55:11.538+03:00 [s2] [O] [SYS]   /echo-loop  show continuous echo status
2026-09-25T13:55:11.541+03:00 [s2] [O] [SYS]   /echo-loop N start continuous echo with N=1..200 payload bytes
2026-09-25T13:55:11.544+03:00 [s2] [O] [SYS]   /echo-loop stop stop scheduling continuous echo requests
2026-09-25T13:55:11.545+03:00 [s2] [O] [SYS]   /cancel     stop current USER delivery/retries
2026-09-25T13:55:11.551+03:00 [s1] [O] [SYS]   /reboot     reboot ESP32 controller
2026-09-25T13:55:11.553+03:00 [s1] [O] [SYS] RAW CONTROLS (HEX):
2026-09-25T13:55:11.556+03:00 [s1] [O] [SYS]   14 31=CHAT  14 32=TELEMETRY  14 33=BOTH  14 65=ECHO toggle
2026-09-25T13:55:11.558+03:00 [s1] [O] [SYS] ANDROID BLE TERMINAL MACROS:
2026-09-25T13:55:11.560+03:00 [s1] [O] [SYS]   HEX macro, no EOL: 14 31 / 14 32 / 14 33 / 14 65
2026-09-25T13:55:11.567+03:00 [s1] [O] [SYS]   or TEXT macro + LF: /help /id /version /power /freq /freq-oob /sf /bw /config /heartbeat on|off /diag on|off /diag size N /chat /tele /both /echo /echo-loop N /echo-loop stop /cancel /cancel all /reboot
2026-09-25T13:55:11.577+03:00 [s2] [O] [SYS]   /cancel all stop current USER and discard queued USERs
2026-09-25T13:55:11.579+03:00 [s2] [O] [SYS]   /reboot     reboot ESP32 controller
2026-09-25T13:55:11.580+03:00 [s2] [O] [SYS] RAW CONTROLS (HEX):
2026-09-25T13:55:11.583+03:00 [s2] [O] [SYS]   14 31=CHAT  14 32=TELEMETRY  14 33=BOTH  14 65=ECHO toggle
2026-09-25T13:55:11.584+03:00 [s2] [O] [SYS] ANDROID BLE TERMINAL MACROS:
2026-09-25T13:55:11.586+03:00 [s2] [O] [SYS]   HEX macro, no EOL: 14 31 / 14 32 / 14 33 / 14 65
2026-09-25T13:55:11.599+03:00 [s1] [O] [SYS]   Nordic UART human console=0003; machine telemetry=0004 optional
2026-09-25T13:55:11.602+03:00 [s1] [O] [SYS] BLE CLIENT: machine telemetry 0004 subscribed in background
2026-09-25T13:55:11.628+03:00 [s2] [O] [SYS]   or TEXT macro + LF: /help /id /version /power /freq /freq-oob /sf /bw /config /heartbeat on|off /diag on|off /diag size N /chat /tele /both /echo /echo-loop N /echo-loop stop /cancel /cancel all /reboot
2026-09-25T13:55:11.631+03:00 [s2] [O] [SYS]   Nordic UART human console=0003; machine telemetry=0004 optional
2026-09-25T13:55:11.634+03:00 [s2] [O] [SYS] BLE CLIENT: machine telemetry 0004 subscribed in background
2026-09-25T13:55:37.330+03:00 [s1] [I] /heartbeat off
2026-09-25T13:55:37.332+03:00 [s1] [I] /diag off
2026-09-25T13:55:37.334+03:00 [s1] [I] /echo-loop stop
2026-09-25T13:55:37.336+03:00 [s2] [I] /heartbeat off
2026-09-25T13:55:37.338+03:00 [s2] [I] /diag off
2026-09-25T13:55:37.339+03:00 [s2] [I] /echo-loop stop
2026-09-25T13:55:37.384+03:00 [s1] [O] [SYS] HEARTBEAT OFF
2026-09-25T13:55:37.406+03:00 [s2] [O] [SYS] HEARTBEAT OFF
2026-09-25T13:55:37.407+03:00 [s2] [O] [SYS] DIAG already OFF
2026-09-25T13:55:37.409+03:00 [s2] [O] [SYS] ECHO LOOP already stopped
2026-09-25T13:55:37.429+03:00 [s1] [O] [SYS] DIAG already OFF
2026-09-25T13:55:37.431+03:00 [s1] [O] [SYS] ECHO LOOP already stopped
2026-09-25T13:55:57.574+03:00 [s1] [I] /cancel all
2026-09-25T13:55:57.576+03:00 [s2] [I] /cancel all
2026-09-25T13:55:57.639+03:00 [s1] [O] [SYS] DELIVERY CANCEL: nothing pending
2026-09-25T13:55:57.660+03:00 [s2] [O] [SYS] DELIVERY CANCEL: nothing pending
2026-09-25T13:56:12.504+03:00 [s1] [I] /sf 7
2026-09-25T13:56:12.505+03:00 [s2] [I] /sf 7
2026-09-25T13:56:12.575+03:00 [s1] [O] [SYS] SF 7 SAVED
2026-09-25T13:56:12.598+03:00 [s2] [O] [SYS] SF 7 SAVED
2026-09-25T13:56:32.736+03:00 [s1] [I] /bw 500
2026-09-25T13:56:32.737+03:00 [s1] [I] /freq 470
2026-09-25T13:56:32.738+03:00 [s1] [I] /power 2
2026-09-25T13:56:32.740+03:00 [s2] [I] /bw 500
2026-09-25T13:56:32.742+03:00 [s2] [I] /freq 470
2026-09-25T13:56:32.745+03:00 [s2] [I] /power 2
2026-09-25T13:56:32.804+03:00 [s2] [O] [SYS] BW 500 kHz SAVED
2026-09-25T13:56:32.806+03:00 [s2] [O] [SYS] FREQ 470 MHz SAVED
2026-09-25T13:56:32.808+03:00 [s2] [O] [SYS] POWER 2 dBm SAVED
2026-09-25T13:56:32.828+03:00 [s1] [O] [SYS] BW 500 kHz SAVED
2026-09-25T13:56:32.829+03:00 [s1] [O] [SYS] FREQ 470 MHz SAVED
2026-09-25T13:56:32.831+03:00 [s1] [O] [SYS] POWER 2 dBm SAVED
2026-09-25T13:56:54.170+03:00 [s1] [I] /config
2026-09-25T13:56:54.171+03:00 [s2] [I] /config
2026-09-25T13:56:54.226+03:00 [s2] [O] [SYS] CFG schema=2 storage=NVS freq_oob=OFF
2026-09-25T13:56:54.229+03:00 [s2] [O] [SYS] CFG RADIO power=2 dBm freq=470 MHz sf=7 bw=500 kHz
2026-09-25T13:56:54.231+03:00 [s2] [O] [SYS] CFG LINK heartbeat=OFF retry=ON attempts=5 diag=OFF
2026-09-25T13:56:54.248+03:00 [s1] [O] [SYS] CFG schema=2 storage=NVS freq_oob=OFF
2026-09-25T13:56:54.250+03:00 [s1] [O] [SYS] CFG RADIO power=2 dBm freq=470 MHz sf=7 bw=500 kHz
2026-09-25T13:56:54.253+03:00 [s1] [O] [SYS] CFG LINK heartbeat=OFF retry=ON attempts=5 diag=OFF
2026-09-25T13:57:15.042+03:00 [s1] [I] A
2026-09-25T13:57:15.132+03:00 [s1] [O] > A
2026-09-25T13:57:15.151+03:00 [s2] [O] < [-73/6 Q0] A
2026-09-25T13:57:54.337+03:00 [s1] [I] B
2026-09-25T13:57:54.422+03:00 [s1] [O] > B
2026-09-25T13:57:54.441+03:00 [s2] [O] < [-74/6 Q0] B
2026-09-25T13:59:11.996+03:00 [s1] [I] C
2026-09-25T13:59:12.093+03:00 [s1] [O] > C
2026-09-25T13:59:12.116+03:00 [s2] [O] < [-74/6 Q0] C
2026-09-25T14:00:25.821+03:00 [s1] [I] D
2026-09-25T14:00:25.897+03:00 [s1] [O] > D
2026-09-25T14:00:25.915+03:00 [s2] [O] < [-75/6 Q0] D
2026-09-25T14:02:17.835+03:00 [s1] [I] .
2026-09-25T14:02:17.905+03:00 [s1] [O] > .
2026-09-25T14:02:17.925+03:00 [s2] [O] < [-72/6 Q0] .
2026-09-25T14:02:21.048+03:00 [s1] [I] /
2026-09-25T14:02:21.144+03:00 [s1] [O] > /
2026-09-25T14:02:21.165+03:00 [s2] [O] < [-73/6 Q0] /
2026-09-25T14:02:24.257+03:00 [s1] [I] 0
2026-09-25T14:02:24.339+03:00 [s1] [O] > 0
2026-09-25T14:02:24.359+03:00 [s2] [O] < [-73/6 Q0] 0
2026-09-25T14:02:27.467+03:00 [s1] [I] 1
2026-09-25T14:02:27.534+03:00 [s1] [O] > 1
2026-09-25T14:02:27.556+03:00 [s2] [O] < [-74/6 Q0] 1
2026-09-25T14:02:30.677+03:00 [s1] [I] 2
2026-09-25T14:02:30.774+03:00 [s1] [O] > 2
2026-09-25T14:02:30.795+03:00 [s2] [O] < [-73/6 Q0] 2
2026-09-25T14:02:33.886+03:00 [s1] [I] 3
2026-09-25T14:02:33.970+03:00 [s1] [O] > 3
2026-09-25T14:02:33.992+03:00 [s2] [O] < [-73/6 Q0] 3
2026-09-25T14:02:37.095+03:00 [s2] [I] Y
2026-09-25T14:02:37.187+03:00 [s2] [O] > Y
2026-09-25T14:02:37.210+03:00 [s1] [O] < [-74/6 Q100] Y
2026-09-25T14:02:40.304+03:00 [s2] [I] Z
2026-09-25T14:02:40.383+03:00 [s2] [O] > Z
2026-09-25T14:02:40.407+03:00 [s1] [O] < [-74/6 Q100] Z
2026-09-25T14:02:43.514+03:00 [s2] [I] [
2026-09-25T14:02:43.580+03:00 [s2] [O] > [
2026-09-25T14:02:43.601+03:00 [s1] [O] < [-73/6 Q100] [
2026-09-25T14:02:46.723+03:00 [s2] [I] \
2026-09-25T14:02:46.818+03:00 [s2] [O] > \
2026-09-25T14:02:46.838+03:00 [s1] [O] < [-74/6 Q100] \
2026-09-25T14:02:49.931+03:00 [s2] [I] ]
2026-09-25T14:02:50.014+03:00 [s2] [O] > ]
2026-09-25T14:02:50.033+03:00 [s1] [O] < [-74/5 Q100] ]
2026-09-25T14:02:53.140+03:00 [s2] [I] ^
2026-09-25T14:02:53.207+03:00 [s2] [O] > ^
2026-09-25T14:02:53.228+03:00 [s1] [O] < [-74/6 Q100] ^
2026-09-25T14:02:56.349+03:00 [s2] [I] _
2026-09-25T14:02:56.448+03:00 [s2] [O] > _
2026-09-25T14:02:56.470+03:00 [s1] [O] < [-74/6 Q100] _
2026-09-25T14:02:59.558+03:00 [s2] [I] `
2026-09-25T14:02:59.642+03:00 [s2] [O] > `
2026-09-25T14:02:59.663+03:00 [s1] [O] < [-74/6 Q100] `
2026-09-25T14:03:02.768+03:00 [s2] [I] a
2026-09-25T14:03:02.838+03:00 [s2] [O] > a
2026-09-25T14:03:02.858+03:00 [s1] [O] < [-76/6 Q100] a
2026-09-25T14:03:05.978+03:00 [s2] [I] b
2026-09-25T14:03:06.078+03:00 [s2] [O] > b
2026-09-25T14:03:06.098+03:00 [s1] [O] < [-75/5 Q100] b
2026-09-25T14:04:56.756+03:00 [s1] [I] M7A00801
2026-09-25T14:04:56.852+03:00 [s1] [O] > M7A00801
2026-09-25T14:04:56.874+03:00 [s2] [O] < [-75/6 Q100] M7A00801
2026-09-25T14:04:59.469+03:00 [s1] [I] M7A00802
2026-09-25T14:04:59.551+03:00 [s1] [O] > M7A00802
2026-09-25T14:04:59.574+03:00 [s2] [O] < [-76/6 Q100] M7A00802
2026-09-25T14:05:02.178+03:00 [s1] [I] M7A00803
2026-09-25T14:05:02.250+03:00 [s1] [O] > M7A00803
2026-09-25T14:05:02.273+03:00 [s2] [O] < [-75/6 Q100] M7A00803
2026-09-25T14:05:04.888+03:00 [s1] [I] M7A00804
2026-09-25T14:05:04.952+03:00 [s1] [O] > M7A00804
2026-09-25T14:05:04.974+03:00 [s2] [O] < [-75/6 Q100] M7A00804
2026-09-25T14:05:07.597+03:00 [s1] [I] M7A00805
2026-09-25T14:05:07.696+03:00 [s1] [O] > M7A00805
2026-09-25T14:05:07.719+03:00 [s2] [O] < [-76/6 Q100] M7A00805
2026-09-25T14:05:10.306+03:00 [s1] [I] M7A00806
2026-09-25T14:05:10.399+03:00 [s1] [O] > M7A00806
2026-09-25T14:05:10.419+03:00 [s2] [O] < [-75/5 Q100] M7A00806
2026-09-25T14:05:13.015+03:00 [s1] [I] M7A00807
2026-09-25T14:05:13.096+03:00 [s1] [O] > M7A00807
2026-09-25T14:05:13.120+03:00 [s2] [O] < [-75/6 Q100] M7A00807
2026-09-25T14:05:15.724+03:00 [s1] [I] M7A00808
2026-09-25T14:05:15.796+03:00 [s1] [O] > M7A00808
2026-09-25T14:05:15.821+03:00 [s2] [O] < [-74/5 Q100] M7A00808
2026-09-25T14:05:18.433+03:00 [s1] [I] M7A00809
2026-09-25T14:05:18.497+03:00 [s1] [O] > M7A00809
2026-09-25T14:05:18.520+03:00 [s2] [O] < [-74/6 Q100] M7A00809
2026-09-25T14:05:21.142+03:00 [s1] [I] M7A00810
2026-09-25T14:05:21.241+03:00 [s1] [O] > M7A00810
2026-09-25T14:05:21.265+03:00 [s2] [O] < [-74/6 Q100] M7A00810
2026-09-25T14:05:23.851+03:00 [s2] [I] M7B00801
2026-09-25T14:05:23.919+03:00 [s2] [O] > M7B00801
2026-09-25T14:05:23.941+03:00 [s1] [O] < [-76/6 Q100] M7B00801
2026-09-25T14:05:26.560+03:00 [s2] [I] M7B00802
2026-09-25T14:05:26.620+03:00 [s2] [O] > M7B00802
2026-09-25T14:05:26.642+03:00 [s1] [O] < [-73/6 Q100] M7B00802
2026-09-25T14:05:29.270+03:00 [s2] [I] M7B00803
2026-09-25T14:05:29.365+03:00 [s2] [O] > M7B00803
2026-09-25T14:05:29.388+03:00 [s1] [O] < [-73/6 Q100] M7B00803
2026-09-25T14:05:31.979+03:00 [s2] [I] M7B00804
2026-09-25T14:05:32.066+03:00 [s2] [O] > M7B00804
2026-09-25T14:05:32.087+03:00 [s1] [O] < [-74/6 Q100] M7B00804
2026-09-25T14:05:34.689+03:00 [s2] [I] M7B00805
2026-09-25T14:05:34.765+03:00 [s2] [O] > M7B00805
2026-09-25T14:05:34.788+03:00 [s1] [O] < [-74/6 Q100] M7B00805
2026-09-25T14:05:37.400+03:00 [s2] [I] M7B00806
2026-09-25T14:05:37.464+03:00 [s2] [O] > M7B00806
2026-09-25T14:05:37.487+03:00 [s1] [O] < [-74/6 Q100] M7B00806
2026-09-25T14:05:40.109+03:00 [s2] [I] M7B00807
2026-09-25T14:05:40.209+03:00 [s2] [O] > M7B00807
2026-09-25T14:05:40.234+03:00 [s1] [O] < [-74/6 Q100] M7B00807
2026-09-25T14:05:42.818+03:00 [s2] [I] M7B00808
2026-09-25T14:05:42.909+03:00 [s2] [O] > M7B00808
2026-09-25T14:05:42.933+03:00 [s1] [O] < [-74/6 Q100] M7B00808
2026-09-25T14:05:45.529+03:00 [s2] [I] M7B00809
2026-09-25T14:05:45.610+03:00 [s2] [O] > M7B00809
2026-09-25T14:05:45.633+03:00 [s1] [O] < [-73/5 Q100] M7B00809
2026-09-25T14:05:48.238+03:00 [s2] [I] M7B00810
2026-09-25T14:05:48.311+03:00 [s2] [O] > M7B00810
2026-09-25T14:05:48.334+03:00 [s1] [O] < [-74/5 Q100] M7B00810
2026-09-25T14:05:52.452+03:00 [s1] [I] M7A01601........
2026-09-25T14:05:52.518+03:00 [s1] [O] > M7A01601........
2026-09-25T14:05:52.541+03:00 [s2] [O] < [-73/6 Q100] M7A01601........
2026-09-25T14:05:55.160+03:00 [s1] [I] M7A01602........
2026-09-25T14:05:55.218+03:00 [s1] [O] > M7A01602........
2026-09-25T14:05:55.241+03:00 [s2] [O] < [-73/6 Q100] M7A01602........
2026-09-25T14:05:57.870+03:00 [s1] [I] M7A01603........
2026-09-25T14:05:57.963+03:00 [s1] [O] > M7A01603........
2026-09-25T14:05:57.986+03:00 [s2] [O] < [-73/6 Q100] M7A01603........
2026-09-25T14:06:00.579+03:00 [s1] [I] M7A01604........
2026-09-25T14:06:00.665+03:00 [s1] [O] > M7A01604........
2026-09-25T14:06:00.688+03:00 [s2] [O] < [-73/6 Q100] M7A01604........
2026-09-25T14:06:03.288+03:00 [s1] [I] M7A01605........
2026-09-25T14:06:03.364+03:00 [s1] [O] > M7A01605........
2026-09-25T14:06:03.387+03:00 [s2] [O] < [-73/6 Q100] M7A01605........
2026-09-25T14:06:05.998+03:00 [s1] [I] M7A01606........
2026-09-25T14:06:06.063+03:00 [s1] [O] > M7A01606........
2026-09-25T14:06:06.086+03:00 [s2] [O] < [-73/6 Q100] M7A01606........
2026-09-25T14:06:08.707+03:00 [s1] [I] M7A01607........
2026-09-25T14:06:08.763+03:00 [s1] [O] > M7A01607........
2026-09-25T14:06:08.786+03:00 [s2] [O] < [-73/6 Q100] M7A01607........
2026-09-25T14:06:11.417+03:00 [s1] [I] M7A01608........
2026-09-25T14:06:11.511+03:00 [s1] [O] > M7A01608........
2026-09-25T14:06:11.530+03:00 [s2] [O] < [-73/6 Q100] M7A01608........
2026-09-25T14:06:14.127+03:00 [s1] [I] M7A01609........
2026-09-25T14:06:14.210+03:00 [s1] [O] > M7A01609........
2026-09-25T14:06:14.231+03:00 [s2] [O] < [-72/6 Q100] M7A01609........
2026-09-25T14:06:16.843+03:00 [s1] [I] M7A01610........
2026-09-25T14:06:16.909+03:00 [s1] [O] > M7A01610........
2026-09-25T14:06:16.932+03:00 [s2] [O] < [-73/6 Q100] M7A01610........
2026-09-25T14:06:19.553+03:00 [s2] [I] M7B01601........
2026-09-25T14:06:19.631+03:00 [s2] [O] > M7B01601........
2026-09-25T14:06:19.655+03:00 [s1] [O] < [-74/6 Q100] M7B01601........
2026-09-25T14:06:22.263+03:00 [s2] [I] M7B01602........
2026-09-25T14:06:22.333+03:00 [s2] [O] > M7B01602........
2026-09-25T14:06:22.354+03:00 [s1] [O] < [-74/6 Q100] M7B01602........
2026-09-25T14:06:24.973+03:00 [s2] [I] M7B01603........
2026-09-25T14:06:25.031+03:00 [s2] [O] > M7B01603........
2026-09-25T14:06:25.054+03:00 [s1] [O] < [-73/6 Q100] M7B01603........
2026-09-25T14:06:27.683+03:00 [s2] [I] M7B01604........
2026-09-25T14:06:27.777+03:00 [s2] [O] > M7B01604........
2026-09-25T14:06:27.799+03:00 [s1] [O] < [-74/6 Q100] M7B01604........
2026-09-25T14:06:30.392+03:00 [s2] [I] M7B01605........
2026-09-25T14:06:30.478+03:00 [s2] [O] > M7B01605........
2026-09-25T14:06:30.501+03:00 [s1] [O] < [-73/6 Q100] M7B01605........
2026-09-25T14:06:33.101+03:00 [s2] [I] M7B01606........
2026-09-25T14:06:33.178+03:00 [s2] [O] > M7B01606........
2026-09-25T14:06:33.200+03:00 [s1] [O] < [-73/6 Q100] M7B01606........
2026-09-25T14:06:35.811+03:00 [s2] [I] M7B01607........
2026-09-25T14:06:35.877+03:00 [s2] [O] > M7B01607........
2026-09-25T14:06:35.900+03:00 [s1] [O] < [-73/6 Q100] M7B01607........
2026-09-25T14:06:38.522+03:00 [s2] [I] M7B01608........
2026-09-25T14:06:38.622+03:00 [s2] [O] > M7B01608........
2026-09-25T14:06:38.646+03:00 [s1] [O] < [-73/6 Q100] M7B01608........
2026-09-25T14:06:41.231+03:00 [s2] [I] M7B01609........
2026-09-25T14:06:41.323+03:00 [s2] [O] > M7B01609........
2026-09-25T14:06:41.346+03:00 [s1] [O] < [-74/6 Q100] M7B01609........
2026-09-25T14:06:43.940+03:00 [s2] [I] M7B01610........
2026-09-25T14:06:44.022+03:00 [s2] [O] > M7B01610........
2026-09-25T14:06:44.045+03:00 [s1] [O] < [-74/6 Q100] M7B01610........
2026-09-25T14:06:48.154+03:00 [s1] [I] M7A03201........................
2026-09-25T14:06:48.230+03:00 [s1] [O] > M7A03201........................
2026-09-25T14:06:48.254+03:00 [s2] [O] < [-73/6 Q100] M7A03201........................
2026-09-25T14:06:50.863+03:00 [s1] [I] M7A03202........................
2026-09-25T14:06:50.930+03:00 [s1] [O] > M7A03202........................
2026-09-25T14:06:50.956+03:00 [s2] [O] < [-73/6 Q100] M7A03202........................
2026-09-25T14:06:53.573+03:00 [s1] [I] M7A03203........................
2026-09-25T14:06:53.631+03:00 [s1] [O] > M7A03203........................
2026-09-25T14:06:53.655+03:00 [s2] [O] < [-73/6 Q100] M7A03203........................
2026-09-25T14:06:56.283+03:00 [s1] [I] M7A03204........................
2026-09-25T14:06:56.376+03:00 [s1] [O] > M7A03204........................
2026-09-25T14:06:56.399+03:00 [s2] [O] < [-73/6 Q100] M7A03204........................
2026-09-25T14:06:58.992+03:00 [s1] [I] M7A03205........................
2026-09-25T14:06:59.077+03:00 [s1] [O] > M7A03205........................
2026-09-25T14:06:59.099+03:00 [s2] [O] < [-73/6 Q100] M7A03205........................
2026-09-25T14:07:01.702+03:00 [s1] [I] M7A03206........................
2026-09-25T14:07:01.776+03:00 [s1] [O] > M7A03206........................
2026-09-25T14:07:01.798+03:00 [s2] [O] < [-73/6 Q100] M7A03206........................
2026-09-25T14:07:04.412+03:00 [s1] [I] M7A03207........................
2026-09-25T14:07:04.476+03:00 [s1] [O] > M7A03207........................
2026-09-25T14:07:04.498+03:00 [s2] [O] < [-73/6 Q100] M7A03207........................
2026-09-25T14:07:07.121+03:00 [s1] [I] M7A03208........................
2026-09-25T14:07:07.221+03:00 [s1] [O] > M7A03208........................
2026-09-25T14:07:07.243+03:00 [s2] [O] < [-72/6 Q100] M7A03208........................
2026-09-25T14:07:09.832+03:00 [s1] [I] M7A03209........................
2026-09-25T14:07:09.923+03:00 [s1] [O] > M7A03209........................
2026-09-25T14:07:09.944+03:00 [s2] [O] < [-73/6 Q100] M7A03209........................
2026-09-25T14:10:04.539+03:00 [s2] [I] M7B03201........................
2026-09-25T14:10:04.641+03:00 [s2] [O] > M7B03201........................
2026-09-25T14:10:04.665+03:00 [s1] [O] < [-72/6 Q100] M7B03201........................
2026-09-25T14:10:07.159+03:00 [s2] [I] M7B03202........................
2026-09-25T14:10:07.251+03:00 [s2] [O] > M7B03202........................
2026-09-25T14:10:07.274+03:00 [s1] [O] < [-73/6 Q100] M7B03202........................
2026-09-25T14:10:09.768+03:00 [s2] [I] M7B03203........................
2026-09-25T14:10:09.861+03:00 [s2] [O] > M7B03203........................
2026-09-25T14:10:09.884+03:00 [s1] [O] < [-73/6 Q100] M7B03203........................
2026-09-25T14:10:12.377+03:00 [s1] [I] M7A06401........................................................
2026-09-25T14:10:12.472+03:00 [s2] [O] < [-72/6 Q100] M7A06401........................................................
2026-09-25T14:10:12.491+03:00 [s1] [O] > M7A06401........................................................
2026-09-25T14:10:14.986+03:00 [s1] [I] M7A06402........................................................
2026-09-25T14:10:15.082+03:00 [s2] [O] < [-73/6 Q100] M7A06402........................................................
2026-09-25T14:10:15.101+03:00 [s1] [O] > M7A06402........................................................
2026-09-25T14:10:17.595+03:00 [s1] [I] M7A06403........................................................
2026-09-25T14:10:17.693+03:00 [s2] [O] < [-73/6 Q100] M7A06403........................................................
2026-09-25T14:10:17.712+03:00 [s1] [O] > M7A06403........................................................
2026-09-25T14:10:20.204+03:00 [s1] [I] M7A06404........................................................
2026-09-25T14:10:20.303+03:00 [s2] [O] < [-71/6 Q100] M7A06404........................................................
2026-09-25T14:10:20.322+03:00 [s1] [O] > M7A06404........................................................
2026-09-25T14:10:22.813+03:00 [s1] [I] M7A06405........................................................
2026-09-25T14:10:22.912+03:00 [s2] [O] < [-72/6 Q100] M7A06405........................................................
2026-09-25T14:10:22.935+03:00 [s1] [O] > M7A06405........................................................
2026-09-25T14:10:25.423+03:00 [s1] [I] M7A06406........................................................
2026-09-25T14:10:25.522+03:00 [s2] [O] < [-73/6 Q100] M7A06406........................................................
2026-09-25T14:10:25.542+03:00 [s1] [O] > M7A06406........................................................
2026-09-25T14:10:28.034+03:00 [s1] [I] M7A06407........................................................
2026-09-25T14:10:28.133+03:00 [s2] [O] < [-72/6 Q100] M7A06407........................................................
2026-09-25T14:10:28.153+03:00 [s1] [O] > M7A06407........................................................
2026-09-25T14:10:30.644+03:00 [s1] [I] M7A06408........................................................
2026-09-25T14:10:30.743+03:00 [s2] [O] < [-73/6 Q100] M7A06408........................................................
2026-09-25T14:10:30.765+03:00 [s1] [O] > M7A06408........................................................
2026-09-25T14:10:33.254+03:00 [s1] [I] M7A06409........................................................
2026-09-25T14:10:33.353+03:00 [s2] [O] < [-72/6 Q100] M7A06409........................................................
2026-09-25T14:10:33.373+03:00 [s1] [O] > M7A06409........................................................
2026-09-25T14:10:35.864+03:00 [s1] [I] M7A06410........................................................
2026-09-25T14:10:35.964+03:00 [s2] [O] < [-73/6 Q100] M7A06410........................................................
2026-09-25T14:10:35.983+03:00 [s1] [O] > M7A06410........................................................
2026-09-25T14:10:38.474+03:00 [s2] [I] M7B06401........................................................
2026-09-25T14:10:38.596+03:00 [s1] [O] < [-73/6 Q100] M7B06401........................................................
2026-09-25T14:10:38.616+03:00 [s2] [O] > M7B06401........................................................
2026-09-25T14:10:41.083+03:00 [s2] [I] M7B06402........................................................
2026-09-25T14:10:41.206+03:00 [s1] [O] < [-72/6 Q100] M7B06402........................................................
2026-09-25T14:10:41.226+03:00 [s2] [O] > M7B06402........................................................
2026-09-25T14:10:43.692+03:00 [s2] [I] M7B06403........................................................
2026-09-25T14:10:43.816+03:00 [s1] [O] < [-73/6 Q100] M7B06403........................................................
2026-09-25T14:10:43.836+03:00 [s2] [O] > M7B06403........................................................
2026-09-25T14:10:46.301+03:00 [s2] [I] M7B06404........................................................
2026-09-25T14:10:46.429+03:00 [s1] [O] < [-73/6 Q100] M7B06404........................................................
2026-09-25T14:10:46.447+03:00 [s2] [O] > M7B06404........................................................
2026-09-25T14:10:48.910+03:00 [s2] [I] M7B06405........................................................
2026-09-25T14:10:49.037+03:00 [s1] [O] < [-72/5 Q100] M7B06405........................................................
2026-09-25T14:10:49.057+03:00 [s2] [O] > M7B06405........................................................
2026-09-25T14:10:51.519+03:00 [s2] [I] M7B06406........................................................
2026-09-25T14:10:51.602+03:00 [s1] [O] < [-72/6 Q100] M7B06406........................................................
2026-09-25T14:10:51.620+03:00 [s2] [O] > M7B06406........................................................
2026-09-25T14:10:54.128+03:00 [s2] [I] M7B06407........................................................
2026-09-25T14:10:54.211+03:00 [s1] [O] < [-73/6 Q100] M7B06407........................................................
2026-09-25T14:10:54.232+03:00 [s2] [O] > M7B06407........................................................
2026-09-25T14:10:56.737+03:00 [s2] [I] M7B06408........................................................
2026-09-25T14:10:56.822+03:00 [s1] [O] < [-73/6 Q100] M7B06408........................................................
2026-09-25T14:10:56.841+03:00 [s2] [O] > M7B06408........................................................
2026-09-25T14:10:59.347+03:00 [s2] [I] M7B06409........................................................
2026-09-25T14:10:59.433+03:00 [s1] [O] < [-72/6 Q100] M7B06409........................................................
2026-09-25T14:10:59.452+03:00 [s2] [O] > M7B06409........................................................
2026-09-25T14:11:01.956+03:00 [s2] [I] M7B06410........................................................
2026-09-25T14:11:02.043+03:00 [s1] [O] < [-73/6 Q100] M7B06410........................................................
2026-09-25T14:11:02.062+03:00 [s2] [O] > M7B06410........................................................
2026-09-25T14:11:05.972+03:00 [s1] [I] M7A09601........................................................................................
2026-09-25T14:11:06.071+03:00 [s2] [O] < [-72/6 Q100] M7A09601........................................................................................
2026-09-25T14:11:06.092+03:00 [s1] [O] > M7A09601........................................................................................
2026-09-25T14:11:08.580+03:00 [s1] [I] M7A09602........................................................................................
2026-09-25T14:11:08.681+03:00 [s2] [O] < [-71/6 Q100] M7A09602........................................................................................
2026-09-25T14:11:08.703+03:00 [s1] [O] > M7A09602........................................................................................
2026-09-25T14:11:11.190+03:00 [s1] [I] M7A09603........................................................................................
2026-09-25T14:11:11.293+03:00 [s2] [O] < [-72/6 Q100] M7A09603........................................................................................
2026-09-25T14:11:11.310+03:00 [s1] [O] > M7A09603........................................................................................
2026-09-25T14:11:13.798+03:00 [s2] [I] M7B09601........................................................................................
2026-09-25T14:11:13.924+03:00 [s1] [O] < [-72/6 Q100] M7B09601........................................................................................
2026-09-25T14:11:13.943+03:00 [s2] [O] > M7B09601........................................................................................
2026-09-25T14:11:16.407+03:00 [s2] [I] M7B09602........................................................................................
2026-09-25T14:11:16.533+03:00 [s1] [O] < [-73/6 Q100] M7B09602........................................................................................
2026-09-25T14:11:16.553+03:00 [s2] [O] > M7B09602........................................................................................
2026-09-25T14:11:19.016+03:00 [s2] [I] M7B09603........................................................................................
2026-09-25T14:11:19.098+03:00 [s1] [O] < [-72/6 Q100] M7B09603........................................................................................
2026-09-25T14:11:19.119+03:00 [s2] [O] > M7B09603........................................................................................
2026-09-25T14:11:23.031+03:00 [s1] [I] M7A12801........................................................................................................................
2026-09-25T14:11:23.149+03:00 [s1] [O] > M7A12801........................................................................................................................
2026-09-25T14:11:23.172+03:00 [s2] [O] < [-72/6 Q100] M7A12801........................................................................................................................
2026-09-25T14:11:25.641+03:00 [s1] [I] M7A12802........................................................................................................................
2026-09-25T14:11:25.758+03:00 [s1] [O] > M7A12802........................................................................................................................
2026-09-25T14:11:25.784+03:00 [s2] [O] < [-72/6 Q100] M7A12802........................................................................................................................
2026-09-25T14:11:28.250+03:00 [s1] [I] M7A12803........................................................................................................................
2026-09-25T14:11:28.369+03:00 [s1] [O] > M7A12803........................................................................................................................
2026-09-25T14:11:28.393+03:00 [s2] [O] < [-72/6 Q100] M7A12803........................................................................................................................
2026-09-25T14:11:30.859+03:00 [s2] [I] M7B12801........................................................................................................................
2026-09-25T14:11:31.002+03:00 [s2] [O] > M7B12801........................................................................................................................
2026-09-25T14:11:31.025+03:00 [s1] [O] < [-71/6 Q100] M7B12801........................................................................................................................
2026-09-25T14:11:33.468+03:00 [s2] [I] M7B12802........................................................................................................................
2026-09-25T14:11:33.612+03:00 [s2] [O] > M7B12802........................................................................................................................
2026-09-25T14:11:33.636+03:00 [s1] [O] < [-73/6 Q100] M7B12802........................................................................................................................
2026-09-25T14:11:36.078+03:00 [s2] [I] M7B12803........................................................................................................................
2026-09-25T14:11:36.222+03:00 [s2] [O] > M7B12803........................................................................................................................
2026-09-25T14:11:36.247+03:00 [s1] [O] < [-73/6 Q100] M7B12803........................................................................................................................
2026-09-25T14:11:40.091+03:00 [s1] [I] M7A16001........................................................................................................................................................
2026-09-25T14:11:40.230+03:00 [s2] [O] < [-73/6 Q100] M7A16001........................................................................................................................................................
2026-09-25T14:11:40.248+03:00 [s1] [O] > M7A16001........................................................................................................................................................
2026-09-25T14:11:42.700+03:00 [s1] [I] M7A16002........................................................................................................................................................
2026-09-25T14:11:42.840+03:00 [s2] [O] < [-72/6 Q100] M7A16002........................................................................................................................................................
2026-09-25T14:11:42.858+03:00 [s1] [O] > M7A16002........................................................................................................................................................
2026-09-25T14:11:45.309+03:00 [s1] [I] M7A16003........................................................................................................................................................
2026-09-25T14:11:45.451+03:00 [s2] [O] < [-72/6 Q100] M7A16003........................................................................................................................................................
2026-09-25T14:11:45.469+03:00 [s1] [O] > M7A16003........................................................................................................................................................
2026-09-25T14:11:47.919+03:00 [s2] [I] M7B16001........................................................................................................................................................
2026-09-25T14:11:48.084+03:00 [s1] [O] < [-73/6 Q100] M7B16001........................................................................................................................................................
2026-09-25T14:11:48.102+03:00 [s2] [O] > M7B16001........................................................................................................................................................
2026-09-25T14:11:50.528+03:00 [s2] [I] M7B16002........................................................................................................................................................
2026-09-25T14:11:50.693+03:00 [s1] [O] < [-73/6 Q100] M7B16002........................................................................................................................................................
2026-09-25T14:11:50.712+03:00 [s2] [O] > M7B16002........................................................................................................................................................
2026-09-25T14:11:53.137+03:00 [s2] [I] M7B16003........................................................................................................................................................
2026-09-25T14:11:53.303+03:00 [s1] [O] < [-73/6 Q100] M7B16003........................................................................................................................................................
2026-09-25T14:11:53.321+03:00 [s2] [O] > M7B16003........................................................................................................................................................
2026-09-25T14:11:57.151+03:00 [s1] [I] M7A18001............................................................................................................................................................................
2026-09-25T14:11:57.289+03:00 [s2] [O] < [-72/6 Q100] M7A18001............................................................................................................................................................................
2026-09-25T14:11:57.306+03:00 [s1] [O] > M7A18001............................................................................................................................................................................
2026-09-25T14:11:59.760+03:00 [s1] [I] M7A18002............................................................................................................................................................................
2026-09-25T14:11:59.896+03:00 [s2] [O] < [-72/6 Q100] M7A18002............................................................................................................................................................................
2026-09-25T14:11:59.918+03:00 [s1] [O] > M7A18002............................................................................................................................................................................
2026-09-25T14:12:02.369+03:00 [s1] [I] M7A18003............................................................................................................................................................................
2026-09-25T14:12:02.505+03:00 [s2] [O] < [-72/6 Q100] M7A18003............................................................................................................................................................................
2026-09-25T14:12:02.527+03:00 [s1] [O] > M7A18003............................................................................................................................................................................
2026-09-25T14:12:04.979+03:00 [s2] [I] M7B18001............................................................................................................................................................................
2026-09-25T14:12:05.138+03:00 [s1] [O] < [-72/6 Q100] M7B18001............................................................................................................................................................................
2026-09-25T14:12:05.161+03:00 [s2] [O] > M7B18001............................................................................................................................................................................
2026-09-25T14:12:07.589+03:00 [s2] [I] M7B18002............................................................................................................................................................................
2026-09-25T14:12:07.750+03:00 [s1] [O] < [-73/6 Q100] M7B18002............................................................................................................................................................................
2026-09-25T14:12:07.770+03:00 [s2] [O] > M7B18002............................................................................................................................................................................
2026-09-25T14:12:10.198+03:00 [s2] [I] M7B18003............................................................................................................................................................................
2026-09-25T14:12:10.358+03:00 [s1] [O] < [-73/6 Q100] M7B18003............................................................................................................................................................................
2026-09-25T14:12:10.379+03:00 [s2] [O] > M7B18003............................................................................................................................................................................
2026-09-25T14:12:14.212+03:00 [s1] [I] M7A20001................................................................................................................................................................................................
2026-09-25T14:12:14.410+03:00 [s1] [O] > M7A20001................................................................................................................................................................................................
2026-09-25T14:12:14.428+03:00 [s2] [O] < [-73/6 Q100] M7A20001................................................................................................................................................................................................
2026-09-25T14:12:16.822+03:00 [s1] [I] M7A20002................................................................................................................................................................................................
2026-09-25T14:12:17.019+03:00 [s1] [O] > M7A20002................................................................................................................................................................................................
2026-09-25T14:12:17.037+03:00 [s2] [O] < [-72/6 Q100] M7A20002................................................................................................................................................................................................
2026-09-25T14:12:19.432+03:00 [s1] [I] M7A20003................................................................................................................................................................................................
2026-09-25T14:12:19.628+03:00 [s1] [O] > M7A20003................................................................................................................................................................................................
2026-09-25T14:12:19.647+03:00 [s2] [O] < [-72/6 Q100] M7A20003................................................................................................................................................................................................
2026-09-25T14:12:22.042+03:00 [s2] [I] M7B20001................................................................................................................................................................................................
2026-09-25T14:12:22.215+03:00 [s2] [O] > M7B20001................................................................................................................................................................................................
2026-09-25T14:12:22.234+03:00 [s1] [O] < [-73/6 Q100] M7B20001................................................................................................................................................................................................
2026-09-25T14:12:24.652+03:00 [s2] [I] M7B20002................................................................................................................................................................................................
2026-09-25T14:12:24.828+03:00 [s2] [O] > M7B20002................................................................................................................................................................................................
2026-09-25T14:12:24.845+03:00 [s1] [O] < [-74/6 Q100] M7B20002................................................................................................................................................................................................
2026-09-25T14:12:27.261+03:00 [s2] [I] M7B20003................................................................................................................................................................................................
2026-09-25T14:12:27.435+03:00 [s2] [O] > M7B20003................................................................................................................................................................................................
2026-09-25T14:12:27.455+03:00 [s1] [O] < [-74/6 Q100] M7B20003................................................................................................................................................................................................
2026-09-25T14:12:54.392+03:00 [s1] [I] /sf 8
2026-09-25T14:12:54.450+03:00 [s1] [O] [SYS] SF 8 SAVED
2026-09-25T14:12:57.403+03:00 [s2] [I] /sf 8
2026-09-25T14:12:57.487+03:00 [s2] [O] [SYS] SF 8 SAVED
2026-09-25T14:13:00.412+03:00 [s1] [I] /config
2026-09-25T14:13:00.482+03:00 [s1] [O] [SYS] CFG schema=2 storage=NVS freq_oob=OFF
2026-09-25T14:13:00.483+03:00 [s1] [O] [SYS] CFG RADIO power=2 dBm freq=470 MHz sf=8 bw=500 kHz
2026-09-25T14:13:00.486+03:00 [s1] [O] [SYS] CFG LINK heartbeat=OFF retry=ON attempts=5 diag=OFF
2026-09-25T14:13:01.516+03:00 [s2] [I] /config
2026-09-25T14:13:01.584+03:00 [s2] [O] [SYS] CFG schema=2 storage=NVS freq_oob=OFF
2026-09-25T14:13:01.587+03:00 [s2] [O] [SYS] CFG RADIO power=2 dBm freq=470 MHz sf=8 bw=500 kHz
2026-09-25T14:13:01.588+03:00 [s2] [O] [SYS] CFG LINK heartbeat=OFF retry=ON attempts=5 diag=OFF
2026-09-25T14:13:53.854+03:00 [s1] [I] 7
2026-09-25T14:13:53.947+03:00 [s1] [O] > 7
2026-09-25T14:13:53.972+03:00 [s2] [O] < [-76/7 Q100] 7
2026-09-25T14:13:56.466+03:00 [s1] [I] 8
2026-09-25T14:13:56.557+03:00 [s1] [O] > 8
2026-09-25T14:13:56.579+03:00 [s2] [O] < [-77/8 Q100] 8
2026-09-25T14:13:59.076+03:00 [s1] [I] 9
2026-09-25T14:13:59.169+03:00 [s1] [O] > 9
2026-09-25T14:13:59.189+03:00 [s2] [O] < [-77/8 Q100] 9
2026-09-25T14:14:01.686+03:00 [s2] [I] f
2026-09-25T14:14:01.756+03:00 [s2] [O] > f
2026-09-25T14:14:01.777+03:00 [s1] [O] < [-77/8 Q100] f
2026-09-25T14:14:04.296+03:00 [s2] [I] g
2026-09-25T14:14:04.366+03:00 [s2] [O] > g
2026-09-25T14:14:04.391+03:00 [s1] [O] < [-77/8 Q100] g
2026-09-25T14:14:06.906+03:00 [s2] [I] h
2026-09-25T14:14:06.977+03:00 [s2] [O] > h
2026-09-25T14:14:06.996+03:00 [s1] [O] < [-77/7 Q100] h
2026-09-25T14:14:10.921+03:00 [s1] [I] M8A00801
2026-09-25T14:14:11.004+03:00 [s1] [O] > M8A00801
2026-09-25T14:14:11.026+03:00 [s2] [O] < [-75/7 Q100] M8A00801
2026-09-25T14:14:13.530+03:00 [s1] [I] M8A00802
2026-09-25T14:14:13.613+03:00 [s1] [O] > M8A00802
2026-09-25T14:14:13.635+03:00 [s2] [O] < [-76/7 Q100] M8A00802
2026-09-25T14:14:16.140+03:00 [s1] [I] M8A00803
2026-09-25T14:14:16.223+03:00 [s1] [O] > M8A00803
2026-09-25T14:14:16.245+03:00 [s2] [O] < [-76/8 Q100] M8A00803
2026-09-25T14:14:18.750+03:00 [s2] [I] M8B00801
2026-09-25T14:14:18.810+03:00 [s2] [O] > M8B00801
2026-09-25T14:14:18.832+03:00 [s1] [O] < [-76/7 Q100] M8B00801
2026-09-25T14:14:21.361+03:00 [s2] [I] M8B00802
2026-09-25T14:14:21.421+03:00 [s2] [O] > M8B00802
2026-09-25T14:14:21.443+03:00 [s1] [O] < [-77/7 Q100] M8B00802
2026-09-25T14:14:23.972+03:00 [s2] [I] M8B00803
2026-09-25T14:14:24.033+03:00 [s2] [O] > M8B00803
2026-09-25T14:14:24.053+03:00 [s1] [O] < [-76/7 Q100] M8B00803
2026-09-25T14:14:27.987+03:00 [s1] [I] M8A01601........
2026-09-25T14:14:28.059+03:00 [s1] [O] > M8A01601........
2026-09-25T14:14:28.080+03:00 [s2] [O] < [-75/7 Q100] M8A01601........
2026-09-25T14:14:30.597+03:00 [s1] [I] M8A01602........
2026-09-25T14:14:30.668+03:00 [s1] [O] > M8A01602........
2026-09-25T14:14:30.692+03:00 [s2] [O] < [-76/8 Q100] M8A01602........
2026-09-25T14:14:33.207+03:00 [s1] [I] M8A01603........
2026-09-25T14:14:33.279+03:00 [s1] [O] > M8A01603........
2026-09-25T14:14:33.302+03:00 [s2] [O] < [-75/7 Q100] M8A01603........
2026-09-25T14:14:35.817+03:00 [s2] [I] M8B01601........
2026-09-25T14:14:35.912+03:00 [s2] [O] > M8B01601........
2026-09-25T14:14:35.935+03:00 [s1] [O] < [-75/7 Q100] M8B01601........
2026-09-25T14:14:38.428+03:00 [s2] [I] M8B01602........
2026-09-25T14:14:38.522+03:00 [s2] [O] > M8B01602........
2026-09-25T14:14:38.545+03:00 [s1] [O] < [-76/8 Q100] M8B01602........
2026-09-25T14:14:41.037+03:00 [s2] [I] M8B01603........
2026-09-25T14:14:41.135+03:00 [s2] [O] > M8B01603........
2026-09-25T14:14:41.155+03:00 [s1] [O] < [-75/7 Q100] M8B01603........
2026-09-25T14:14:45.053+03:00 [s1] [I] M8A03201........................
2026-09-25T14:14:45.139+03:00 [s2] [O] < [-74/8 Q100] M8A03201........................
2026-09-25T14:14:45.158+03:00 [s1] [O] > M8A03201........................
2026-09-25T14:14:47.662+03:00 [s1] [I] M8A03202........................
2026-09-25T14:14:47.747+03:00 [s2] [O] < [-75/8 Q100] M8A03202........................
2026-09-25T14:14:47.767+03:00 [s1] [O] > M8A03202........................
2026-09-25T14:14:50.272+03:00 [s1] [I] M8A03203........................
2026-09-25T14:14:50.360+03:00 [s2] [O] < [-74/7 Q100] M8A03203........................
2026-09-25T14:14:50.378+03:00 [s1] [O] > M8A03203........................
2026-09-25T14:14:52.882+03:00 [s2] [I] M8B03201........................
2026-09-25T14:14:52.990+03:00 [s1] [O] < [-75/7 Q100] M8B03201........................
2026-09-25T14:14:53.011+03:00 [s2] [O] > M8B03201........................
2026-09-25T14:14:55.494+03:00 [s2] [I] M8B03202........................
2026-09-25T14:14:55.601+03:00 [s1] [O] < [-76/7 Q100] M8B03202........................
2026-09-25T14:14:55.621+03:00 [s2] [O] > M8B03202........................
2026-09-25T14:14:58.105+03:00 [s2] [I] M8B03203........................
2026-09-25T14:14:58.211+03:00 [s1] [O] < [-77/7 Q100] M8B03203........................
2026-09-25T14:14:58.230+03:00 [s2] [O] > M8B03203........................
2026-09-25T14:15:02.120+03:00 [s1] [I] M8A06401........................................................
2026-09-25T14:15:02.262+03:00 [s1] [O] > M8A06401........................................................
2026-09-25T14:15:03.135+03:00 [s2] [O] < [-75/8 Q100] M8A06401........................................................
2026-09-25T14:15:06.335+03:00 [s1] [I] M8A06402........................................................
2026-09-25T14:15:06.445+03:00 [s1] [O] > M8A06402........................................................
2026-09-25T14:15:06.470+03:00 [s2] [O] < [-76/8 Q100] M8A06402........................................................
2026-09-25T14:15:08.945+03:00 [s1] [I] M8A06403........................................................
2026-09-25T14:15:09.056+03:00 [s1] [O] > M8A06403........................................................
2026-09-25T14:15:09.079+03:00 [s2] [O] < [-76/8 Q100] M8A06403........................................................
2026-09-25T14:15:11.554+03:00 [s1] [I] M8A06404........................................................
2026-09-25T14:15:11.665+03:00 [s1] [O] > M8A06404........................................................
2026-09-25T14:15:11.690+03:00 [s2] [O] < [-75/8 Q100] M8A06404........................................................
2026-09-25T14:15:14.164+03:00 [s1] [I] M8A06405........................................................
2026-09-25T14:15:14.276+03:00 [s1] [O] > M8A06405........................................................
2026-09-25T14:15:14.301+03:00 [s2] [O] < [-76/7 Q100] M8A06405........................................................
2026-09-25T14:15:16.774+03:00 [s1] [I] M8A06406........................................................
2026-09-25T14:15:16.886+03:00 [s1] [O] > M8A06406........................................................
2026-09-25T14:15:16.910+03:00 [s2] [O] < [-75/8 Q100] M8A06406........................................................
2026-09-25T14:15:19.385+03:00 [s1] [I] M8A06407........................................................
2026-09-25T14:15:19.496+03:00 [s1] [O] > M8A06407........................................................
2026-09-25T14:15:19.519+03:00 [s2] [O] < [-75/8 Q100] M8A06407........................................................
2026-09-25T14:15:21.996+03:00 [s1] [I] M8A06408........................................................
2026-09-25T14:15:22.108+03:00 [s1] [O] > M8A06408........................................................
2026-09-25T14:15:22.131+03:00 [s2] [O] < [-75/8 Q100] M8A06408........................................................
2026-09-25T14:15:24.606+03:00 [s1] [I] M8A06409........................................................
2026-09-25T14:15:24.716+03:00 [s1] [O] > M8A06409........................................................
2026-09-25T14:15:24.739+03:00 [s2] [O] < [-74/8 Q100] M8A06409........................................................
2026-09-25T14:15:27.215+03:00 [s1] [I] M8A06410........................................................
2026-09-25T14:15:27.326+03:00 [s1] [O] > M8A06410........................................................
2026-09-25T14:15:27.350+03:00 [s2] [O] < [-76/7 Q100] M8A06410........................................................
2026-09-25T14:15:29.825+03:00 [s2] [I] M8B06401........................................................
2026-09-25T14:15:29.959+03:00 [s2] [O] > M8B06401........................................................
2026-09-25T14:15:29.982+03:00 [s1] [O] < [-77/6 Q97] M8B06401........................................................
2026-09-25T14:15:32.434+03:00 [s2] [I] M8B06402........................................................
2026-09-25T14:15:32.567+03:00 [s2] [O] > M8B06402........................................................
2026-09-25T14:15:32.593+03:00 [s1] [O] < [-77/6 Q97] M8B06402........................................................
2026-09-25T14:15:35.045+03:00 [s2] [I] M8B06403........................................................
2026-09-25T14:15:35.178+03:00 [s2] [O] > M8B06403........................................................
2026-09-25T14:15:35.203+03:00 [s1] [O] < [-76/7 Q97] M8B06403........................................................
2026-09-25T14:15:37.654+03:00 [s2] [I] M8B06404........................................................
2026-09-25T14:15:37.789+03:00 [s2] [O] > M8B06404........................................................
2026-09-25T14:15:37.815+03:00 [s1] [O] < [-76/6 Q97] M8B06404........................................................
2026-09-25T14:15:40.263+03:00 [s2] [I] M8B06405........................................................
2026-09-25T14:15:40.398+03:00 [s2] [O] > M8B06405........................................................
2026-09-25T14:15:40.423+03:00 [s1] [O] < [-76/6 Q97] M8B06405........................................................
2026-09-25T14:15:42.873+03:00 [s2] [I] M8B06406........................................................
2026-09-25T14:15:43.009+03:00 [s2] [O] > M8B06406........................................................
2026-09-25T14:15:43.035+03:00 [s1] [O] < [-76/6 Q97] M8B06406........................................................
2026-09-25T14:15:45.483+03:00 [s2] [I] M8B06407........................................................
2026-09-25T14:15:45.620+03:00 [s2] [O] > M8B06407........................................................
2026-09-25T14:15:45.643+03:00 [s1] [O] < [-76/6 Q97] M8B06407........................................................
2026-09-25T14:15:48.093+03:00 [s2] [I] M8B06408........................................................
2026-09-25T14:15:48.228+03:00 [s2] [O] > M8B06408........................................................
2026-09-25T14:15:48.253+03:00 [s1] [O] < [-77/7 Q97] M8B06408........................................................
2026-09-25T14:15:50.705+03:00 [s2] [I] M8B06409........................................................
2026-09-25T14:15:50.839+03:00 [s2] [O] > M8B06409........................................................
2026-09-25T14:15:50.863+03:00 [s1] [O] < [-77/6 Q97] M8B06409........................................................
2026-09-25T14:15:53.317+03:00 [s2] [I] M8B06410........................................................
2026-09-25T14:15:53.449+03:00 [s2] [O] > M8B06410........................................................
2026-09-25T14:15:53.474+03:00 [s1] [O] < [-77/6 Q97] M8B06410........................................................
2026-09-25T14:17:16.356+03:00 [s1] [I] M8A09601........................................................................................
2026-09-25T14:17:16.527+03:00 [s2] [O] < [-75/7 Q100] M8A09601........................................................................................
2026-09-25T14:17:16.546+03:00 [s1] [O] > M8A09601........................................................................................
2026-09-25T14:17:18.971+03:00 [s1] [I] M8A09602........................................................................................
2026-09-25T14:17:19.137+03:00 [s2] [O] < [-75/8 Q100] M8A09602........................................................................................
2026-09-25T14:17:19.159+03:00 [s1] [O] > M8A09602........................................................................................
2026-09-25T14:17:21.581+03:00 [s1] [I] M8A09603........................................................................................
2026-09-25T14:17:21.746+03:00 [s2] [O] < [-74/7 Q100] M8A09603........................................................................................
2026-09-25T14:17:21.768+03:00 [s1] [O] > M8A09603........................................................................................
2026-09-25T14:17:24.192+03:00 [s2] [I] M8B09601........................................................................................
2026-09-25T14:17:24.334+03:00 [s1] [O] < [-75/8 Q97] M8B09601........................................................................................
2026-09-25T14:17:24.354+03:00 [s2] [O] > M8B09601........................................................................................
2026-09-25T14:17:26.803+03:00 [s2] [I] M8B09602........................................................................................
2026-09-25T14:17:26.947+03:00 [s1] [O] < [-75/8 Q97] M8B09602........................................................................................
2026-09-25T14:17:26.965+03:00 [s2] [O] > M8B09602........................................................................................
2026-09-25T14:17:29.414+03:00 [s2] [I] M8B09603........................................................................................
2026-09-25T14:17:29.554+03:00 [s1] [O] < [-76/8 Q97] M8B09603........................................................................................
2026-09-25T14:17:29.574+03:00 [s2] [O] > M8B09603........................................................................................
2026-09-25T14:17:33.430+03:00 [s1] [I] M8A12801........................................................................................................................
2026-09-25T14:17:33.603+03:00 [s1] [O] > M8A12801........................................................................................................................
2026-09-25T14:17:33.627+03:00 [s2] [O] < [-75/7 Q100] M8A12801........................................................................................................................
2026-09-25T14:17:36.040+03:00 [s1] [I] M8A12802........................................................................................................................
2026-09-25T14:17:36.213+03:00 [s1] [O] > M8A12802........................................................................................................................
2026-09-25T14:17:36.241+03:00 [s2] [O] < [-75/7 Q100] M8A12802........................................................................................................................
2026-09-25T14:17:38.651+03:00 [s1] [I] M8A12803........................................................................................................................
2026-09-25T14:17:38.824+03:00 [s1] [O] > M8A12803........................................................................................................................
2026-09-25T14:17:38.847+03:00 [s2] [O] < [-75/7 Q100] M8A12803........................................................................................................................
2026-09-25T14:17:41.262+03:00 [s2] [I] M8B12801........................................................................................................................
2026-09-25T14:17:41.457+03:00 [s2] [O] > M8B12801........................................................................................................................
2026-09-25T14:17:41.482+03:00 [s1] [O] < [-76/7 Q97] M8B12801........................................................................................................................
2026-09-25T14:17:43.874+03:00 [s2] [I] M8B12802........................................................................................................................
2026-09-25T14:17:44.066+03:00 [s2] [O] > M8B12802........................................................................................................................
2026-09-25T14:17:44.092+03:00 [s1] [O] < [-76/7 Q97] M8B12802........................................................................................................................
2026-09-25T14:17:46.484+03:00 [s2] [I] M8B12803........................................................................................................................
2026-09-25T14:17:46.677+03:00 [s2] [O] > M8B12803........................................................................................................................
2026-09-25T14:17:46.703+03:00 [s1] [O] < [-76/7 Q97] M8B12803........................................................................................................................
2026-09-25T14:17:50.502+03:00 [s1] [I] M8A16001........................................................................................................................................................
2026-09-25T14:17:50.684+03:00 [s2] [O] < [-75/8 Q100] M8A16001........................................................................................................................................................
2026-09-25T14:17:50.707+03:00 [s1] [O] > M8A16001........................................................................................................................................................
2026-09-25T14:17:53.113+03:00 [s1] [I] M8A16002........................................................................................................................................................
2026-09-25T14:17:53.294+03:00 [s2] [O] < [-74/7 Q100] M8A16002........................................................................................................................................................
2026-09-25T14:17:53.314+03:00 [s1] [O] > M8A16002........................................................................................................................................................
2026-09-25T14:17:55.722+03:00 [s1] [I] M8A16003........................................................................................................................................................
2026-09-25T14:17:55.904+03:00 [s2] [O] < [-74/8 Q100] M8A16003........................................................................................................................................................
2026-09-25T14:17:55.926+03:00 [s1] [O] > M8A16003........................................................................................................................................................
2026-09-25T14:17:58.333+03:00 [s2] [I] M8B16001........................................................................................................................................................
2026-09-25T14:17:58.537+03:00 [s1] [O] < [-75/7 Q97] M8B16001........................................................................................................................................................
2026-09-25T14:17:58.557+03:00 [s2] [O] > M8B16001........................................................................................................................................................
2026-09-25T14:18:00.943+03:00 [s2] [I] M8B16002........................................................................................................................................................
2026-09-25T14:18:01.148+03:00 [s1] [O] < [-76/7 Q97] M8B16002........................................................................................................................................................
2026-09-25T14:18:01.168+03:00 [s2] [O] > M8B16002........................................................................................................................................................
2026-09-25T14:18:03.555+03:00 [s2] [I] M8B16003........................................................................................................................................................
2026-09-25T14:18:03.756+03:00 [s1] [O] < [-77/6 Q97] M8B16003........................................................................................................................................................
2026-09-25T14:18:03.778+03:00 [s2] [O] > M8B16003........................................................................................................................................................
2026-09-25T14:18:07.571+03:00 [s1] [I] M8A18001............................................................................................................................................................................
2026-09-25T14:18:07.806+03:00 [s1] [O] > M8A18001............................................................................................................................................................................
2026-09-25T14:18:07.827+03:00 [s2] [O] < [-75/7 Q100] M8A18001............................................................................................................................................................................
2026-09-25T14:18:10.181+03:00 [s1] [I] M8A18002............................................................................................................................................................................
2026-09-25T14:18:10.416+03:00 [s1] [O] > M8A18002............................................................................................................................................................................
2026-09-25T14:18:10.439+03:00 [s2] [O] < [-76/7 Q100] M8A18002............................................................................................................................................................................
2026-09-25T14:18:12.792+03:00 [s1] [I] M8A18003............................................................................................................................................................................
2026-09-25T14:18:13.027+03:00 [s1] [O] > M8A18003............................................................................................................................................................................
2026-09-25T14:18:13.048+03:00 [s2] [O] < [-76/7 Q100] M8A18003............................................................................................................................................................................
2026-09-25T14:18:15.403+03:00 [s2] [I] M8B18001............................................................................................................................................................................
2026-09-25T14:18:15.614+03:00 [s2] [O] > M8B18001............................................................................................................................................................................
2026-09-25T14:18:15.634+03:00 [s1] [O] < [-76/7 Q97] M8B18001............................................................................................................................................................................
2026-09-25T14:18:18.013+03:00 [s2] [I] M8B18002............................................................................................................................................................................
2026-09-25T14:18:18.226+03:00 [s2] [O] > M8B18002............................................................................................................................................................................
2026-09-25T14:18:18.246+03:00 [s1] [O] < [-77/7 Q97] M8B18002............................................................................................................................................................................
2026-09-25T14:18:20.623+03:00 [s2] [I] M8B18003............................................................................................................................................................................
2026-09-25T14:18:20.835+03:00 [s2] [O] > M8B18003............................................................................................................................................................................
2026-09-25T14:18:20.854+03:00 [s1] [O] < [-77/6 Q97] M8B18003............................................................................................................................................................................
2026-09-25T14:18:24.641+03:00 [s1] [I] M8A20001................................................................................................................................................................................................
2026-09-25T14:18:24.864+03:00 [s1] [O] > M8A20001................................................................................................................................................................................................
2026-09-25T14:18:24.887+03:00 [s2] [O] < [-75/7 Q100] M8A20001................................................................................................................................................................................................
2026-09-25T14:18:27.251+03:00 [s1] [I] M8A20002................................................................................................................................................................................................
2026-09-25T14:18:27.498+03:00 [s2] [O] < [-76/7 Q100] M8A20002................................................................................................................................................................................................
2026-09-25T14:18:27.508+03:00 [s1] [O] > M8A20002................................................................................................................................................................................................
2026-09-25T14:18:29.862+03:00 [s1] [I] M8A20003................................................................................................................................................................................................
2026-09-25T14:18:30.083+03:00 [s1] [O] > M8A20003................................................................................................................................................................................................
2026-09-25T14:18:30.106+03:00 [s2] [O] < [-75/8 Q100] M8A20003................................................................................................................................................................................................
2026-09-25T14:18:32.472+03:00 [s2] [I] M8B20001................................................................................................................................................................................................
2026-09-25T14:18:32.671+03:00 [s2] [O] > M8B20001................................................................................................................................................................................................
2026-09-25T14:18:32.696+03:00 [s1] [O] < [-76/7 Q97] M8B20001................................................................................................................................................................................................
2026-09-25T14:18:35.082+03:00 [s2] [I] M8B20002................................................................................................................................................................................................
2026-09-25T14:18:35.281+03:00 [s2] [O] > M8B20002................................................................................................................................................................................................
2026-09-25T14:18:35.305+03:00 [s1] [O] < [-77/7 Q97] M8B20002................................................................................................................................................................................................
2026-09-25T14:18:37.692+03:00 [s2] [I] M8B20003................................................................................................................................................................................................
2026-09-25T14:18:37.892+03:00 [s2] [O] > M8B20003................................................................................................................................................................................................
2026-09-25T14:18:37.915+03:00 [s1] [O] < [-76/6 Q97] M8B20003................................................................................................................................................................................................
2026-09-25T14:18:49.860+03:00 [s1] [I] /sf 9
2026-09-25T14:18:49.919+03:00 [s1] [O] [SYS] SF 9 SAVED
2026-09-25T14:18:52.769+03:00 [s2] [I] /sf 9
2026-09-25T14:18:52.821+03:00 [s2] [O] [SYS] SF 9 SAVED
2026-09-25T14:18:55.677+03:00 [s1] [I] /config
2026-09-25T14:18:55.771+03:00 [s1] [O] [SYS] CFG schema=2 storage=NVS freq_oob=OFF
2026-09-25T14:18:55.773+03:00 [s1] [O] [SYS] CFG RADIO power=2 dBm freq=470 MHz sf=9 bw=500 kHz
2026-09-25T14:18:55.775+03:00 [s1] [O] [SYS] CFG LINK heartbeat=OFF retry=ON attempts=5 diag=OFF
2026-09-25T14:18:56.681+03:00 [s2] [I] /config
2026-09-25T14:18:56.738+03:00 [s2] [O] [SYS] CFG schema=2 storage=NVS freq_oob=OFF
2026-09-25T14:18:56.741+03:00 [s2] [O] [SYS] CFG RADIO power=2 dBm freq=470 MHz sf=9 bw=500 kHz
2026-09-25T14:18:56.743+03:00 [s2] [O] [SYS] CFG LINK heartbeat=OFF retry=ON attempts=5 diag=OFF
2026-09-25T14:18:59.592+03:00 [s1] [I] D
2026-09-25T14:18:59.713+03:00 [s2] [O] < [-78/8 Q100] D
2026-09-25T14:18:59.733+03:00 [s1] [O] > D
2026-09-25T14:19:02.206+03:00 [s1] [I] E
2026-09-25T14:19:02.344+03:00 [s1] [O] > E
2026-09-25T14:19:03.177+03:00 [s2] [O] < [-79/7 Q100] E
2026-09-25T14:19:06.423+03:00 [s1] [I] F
2026-09-25T14:19:06.507+03:00 [s2] [O] < [-78/8 Q100] F
2026-09-25T14:19:06.528+03:00 [s1] [O] > F
2026-09-25T14:19:09.036+03:00 [s1] [I] G
2026-09-25T14:19:09.117+03:00 [s2] [O] < [-79/8 Q100] G
2026-09-25T14:19:09.140+03:00 [s1] [O] > G
2026-09-25T14:19:11.648+03:00 [s1] [I] H
2026-09-25T14:19:11.772+03:00 [s2] [O] < [-78/8 Q100] H
2026-09-25T14:19:11.792+03:00 [s1] [O] > H
2026-09-25T14:19:14.259+03:00 [s1] [I] I
2026-09-25T14:19:14.383+03:00 [s2] [O] < [-78/8 Q100] I
2026-09-25T14:19:14.403+03:00 [s1] [O] > I
2026-09-25T14:19:16.871+03:00 [s1] [I] J
2026-09-25T14:19:17.014+03:00 [s1] [O] > J
2026-09-25T14:19:17.032+03:00 [s2] [O] < [-78/8 Q100] J
2026-09-25T14:19:19.481+03:00 [s1] [I] K
2026-09-25T14:19:19.602+03:00 [s2] [O] < [-78/8 Q100] K
2026-09-25T14:19:19.624+03:00 [s1] [O] > K
2026-09-25T14:19:22.092+03:00 [s1] [I] L
2026-09-25T14:19:22.213+03:00 [s2] [O] < [-79/8 Q100] L
2026-09-25T14:19:22.233+03:00 [s1] [O] > L
2026-09-25T14:19:24.703+03:00 [s1] [I] M
2026-09-25T14:19:24.824+03:00 [s2] [O] < [-77/8 Q100] M
2026-09-25T14:19:24.843+03:00 [s1] [O] > M
2026-09-25T14:19:27.314+03:00 [s2] [I] s
2026-09-25T14:19:27.409+03:00 [s1] [O] < [-78/7 Q97] s
2026-09-25T14:19:27.431+03:00 [s2] [O] > s
2026-09-25T14:19:29.925+03:00 [s2] [I] t
2026-09-25T14:19:30.019+03:00 [s1] [O] < [-80/7 Q97] t
2026-09-25T14:19:30.041+03:00 [s2] [O] > t
2026-09-25T14:19:32.536+03:00 [s2] [I] u
2026-09-25T14:19:32.630+03:00 [s1] [O] < [-80/6 Q97] u
2026-09-25T14:19:32.651+03:00 [s2] [O] > u
2026-09-25T14:19:35.146+03:00 [s2] [I] v
2026-09-25T14:19:35.243+03:00 [s1] [O] < [-78/8 Q97] v
2026-09-25T14:19:35.262+03:00 [s2] [O] > v
2026-09-25T14:19:37.757+03:00 [s2] [I] w
2026-09-25T14:19:37.851+03:00 [s1] [O] < [-79/8 Q97] w
2026-09-25T14:19:37.871+03:00 [s2] [O] > w
2026-09-25T14:19:40.369+03:00 [s2] [I] x
2026-09-25T14:19:40.463+03:00 [s1] [O] < [-79/7 Q97] x
2026-09-25T14:19:40.483+03:00 [s2] [O] > x
2026-09-25T14:19:42.982+03:00 [s2] [I] y
2026-09-25T14:19:43.073+03:00 [s1] [O] < [-79/7 Q97] y
2026-09-25T14:19:43.092+03:00 [s2] [O] > y
2026-09-25T14:19:45.593+03:00 [s2] [I] z
2026-09-25T14:19:45.681+03:00 [s1] [O] < [-78/7 Q97] z
2026-09-25T14:19:45.701+03:00 [s2] [O] > z
2026-09-25T14:19:48.204+03:00 [s2] [I] !
2026-09-25T14:19:48.292+03:00 [s1] [O] < [-80/8 Q97] !
2026-09-25T14:19:48.312+03:00 [s2] [O] > !
2026-09-25T14:19:50.816+03:00 [s2] [I] "
2026-09-25T14:19:50.901+03:00 [s1] [O] < [-78/7 Q97] "
2026-09-25T14:19:50.922+03:00 [s2] [O] > "
2026-09-25T14:19:54.835+03:00 [s1] [I] M9A00801
2026-09-25T14:19:54.929+03:00 [s2] [O] < [-76/8 Q100] M9A00801
2026-09-25T14:19:54.950+03:00 [s1] [O] > M9A00801
2026-09-25T14:19:57.446+03:00 [s1] [I] M9A00802
2026-09-25T14:19:57.539+03:00 [s2] [O] < [-76/8 Q100] M9A00802
2026-09-25T14:19:57.559+03:00 [s1] [O] > M9A00802
2026-09-25T14:20:00.056+03:00 [s1] [I] M9A00803
2026-09-25T14:20:00.148+03:00 [s2] [O] < [-76/8 Q100] M9A00803
2026-09-25T14:20:00.169+03:00 [s1] [O] > M9A00803
2026-09-25T14:20:02.667+03:00 [s2] [I] M9B00801
2026-09-25T14:20:02.782+03:00 [s1] [O] < [-77/7 Q97] M9B00801
2026-09-25T14:20:02.803+03:00 [s2] [O] > M9B00801
2026-09-25T14:20:05.278+03:00 [s2] [I] M9B00802
2026-09-25T14:20:05.392+03:00 [s1] [O] < [-77/7 Q97] M9B00802
2026-09-25T14:20:05.414+03:00 [s2] [O] > M9B00802
2026-09-25T14:20:07.890+03:00 [s2] [I] M9B00803
2026-09-25T14:20:08.002+03:00 [s1] [O] < [-78/8 Q97] M9B00803
2026-09-25T14:20:08.023+03:00 [s2] [O] > M9B00803
2026-09-25T14:20:11.908+03:00 [s1] [I] M9A01601........
2026-09-25T14:20:12.050+03:00 [s1] [O] > M9A01601........
2026-09-25T14:20:12.073+03:00 [s2] [O] < [-75/8 Q100] M9A01601........
2026-09-25T14:20:14.520+03:00 [s1] [I] M9A01602........
2026-09-25T14:20:14.660+03:00 [s1] [O] > M9A01602........
2026-09-25T14:20:14.684+03:00 [s2] [O] < [-75/8 Q100] M9A01602........
2026-09-25T14:20:17.131+03:00 [s1] [I] M9A01603........
2026-09-25T14:20:17.271+03:00 [s1] [O] > M9A01603........
2026-09-25T14:20:17.297+03:00 [s2] [O] < [-75/9 Q100] M9A01603........
2026-09-25T14:20:19.742+03:00 [s2] [I] M9B01601........
2026-09-25T14:20:19.859+03:00 [s2] [O] > M9B01601........
2026-09-25T14:20:19.884+03:00 [s1] [O] < [-75/8 Q97] M9B01601........
2026-09-25T14:20:22.354+03:00 [s2] [I] M9B01602........
2026-09-25T14:20:22.468+03:00 [s2] [O] > M9B01602........
2026-09-25T14:20:22.492+03:00 [s1] [O] < [-75/8 Q97] M9B01602........
2026-09-25T14:20:24.965+03:00 [s2] [I] M9B01603........
2026-09-25T14:20:25.078+03:00 [s2] [O] > M9B01603........
2026-09-25T14:20:25.103+03:00 [s1] [O] < [-76/8 Q97] M9B01603........
2026-09-25T14:20:28.982+03:00 [s1] [I] M9A03201........................
2026-09-25T14:20:29.108+03:00 [s1] [O] > M9A03201........................
2026-09-25T14:20:29.131+03:00 [s2] [O] < [-75/8 Q100] M9A03201........................
2026-09-25T14:20:31.592+03:00 [s1] [I] M9A03202........................
2026-09-25T14:20:31.717+03:00 [s1] [O] > M9A03202........................
2026-09-25T14:20:31.742+03:00 [s2] [O] < [-75/8 Q100] M9A03202........................
2026-09-25T14:20:34.203+03:00 [s1] [I] M9A03203........................
2026-09-25T14:20:34.327+03:00 [s1] [O] > M9A03203........................
2026-09-25T14:20:34.351+03:00 [s2] [O] < [-75/8 Q100] M9A03203........................
2026-09-25T14:20:36.813+03:00 [s2] [I] M9B03201........................
2026-09-25T14:20:36.914+03:00 [s2] [O] > M9B03201........................
2026-09-25T14:20:36.938+03:00 [s1] [O] < [-76/8 Q97] M9B03201........................
2026-09-25T14:20:39.424+03:00 [s2] [I] M9B03202........................
2026-09-25T14:20:39.571+03:00 [s2] [O] > M9B03202........................
2026-09-25T14:20:39.594+03:00 [s1] [O] < [-77/8 Q97] M9B03202........................
2026-09-25T14:20:42.034+03:00 [s2] [I] M9B03203........................
2026-09-25T14:20:42.180+03:00 [s2] [O] > M9B03203........................
2026-09-25T14:20:42.205+03:00 [s1] [O] < [-77/7 Q97] M9B03203........................
2026-09-25T14:20:46.051+03:00 [s1] [I] M9A06401........................................................
2026-09-25T14:20:46.209+03:00 [s1] [O] > M9A06401........................................................
2026-09-25T14:20:46.233+03:00 [s2] [O] < [-76/8 Q100] M9A06401........................................................
2026-09-25T14:20:48.664+03:00 [s1] [I] M9A06402........................................................
2026-09-25T14:20:48.819+03:00 [s1] [O] > M9A06402........................................................
2026-09-25T14:20:48.843+03:00 [s2] [O] < [-77/6 Q100] M9A06402........................................................
2026-09-25T14:20:51.275+03:00 [s1] [I] M9A06403........................................................
2026-09-25T14:20:51.430+03:00 [s1] [O] > M9A06403........................................................
2026-09-25T14:20:51.455+03:00 [s2] [O] < [-77/8 Q100] M9A06403........................................................
2026-09-25T14:20:53.888+03:00 [s2] [I] M9B06401........................................................
2026-09-25T14:20:54.060+03:00 [s2] [O] > M9B06401........................................................
2026-09-25T14:20:54.087+03:00 [s1] [O] < [-76/7 Q97] M9B06401........................................................
2026-09-25T14:20:56.500+03:00 [s2] [I] M9B06402........................................................
2026-09-25T14:20:56.672+03:00 [s2] [O] > M9B06402........................................................
2026-09-25T14:20:56.696+03:00 [s1] [O] < [-77/6 Q97] M9B06402........................................................
2026-09-25T14:20:59.112+03:00 [s2] [I] M9B06403........................................................
2026-09-25T14:20:59.282+03:00 [s2] [O] > M9B06403........................................................
2026-09-25T14:20:59.307+03:00 [s1] [O] < [-77/6 Q97] M9B06403........................................................
2026-09-25T14:21:16.352+03:00 [s1] [I] M9A09601........................................................................................
2026-09-25T14:21:16.586+03:00 [s1] [O] > M9A09601........................................................................................
2026-09-25T14:21:16.610+03:00 [s2] [O] < [-76/8 Q100] M9A09601........................................................................................
2026-09-25T14:21:18.965+03:00 [s1] [I] M9A09602........................................................................................
2026-09-25T14:21:19.196+03:00 [s1] [O] > M9A09602........................................................................................
2026-09-25T14:21:19.222+03:00 [s2] [O] < [-75/8 Q100] M9A09602........................................................................................
2026-09-25T14:21:21.577+03:00 [s1] [I] M9A09603........................................................................................
2026-09-25T14:21:21.807+03:00 [s1] [O] > M9A09603........................................................................................
2026-09-25T14:21:21.830+03:00 [s2] [O] < [-75/8 Q100] M9A09603........................................................................................
2026-09-25T14:21:24.190+03:00 [s2] [I] M9B09601........................................................................................
2026-09-25T14:21:24.397+03:00 [s2] [O] > M9B09601........................................................................................
2026-09-25T14:21:24.418+03:00 [s1] [O] < [-78/6 Q97] M9B09601........................................................................................
2026-09-25T14:21:26.801+03:00 [s2] [I] M9B09602........................................................................................
2026-09-25T14:21:27.005+03:00 [s2] [O] > M9B09602........................................................................................
2026-09-25T14:21:27.028+03:00 [s1] [O] < [-78/6 Q97] M9B09602........................................................................................
2026-09-25T14:21:29.413+03:00 [s2] [I] M9B09603........................................................................................
2026-09-25T14:21:29.613+03:00 [s2] [O] > M9B09603........................................................................................
2026-09-25T14:21:29.638+03:00 [s1] [O] < [-78/6 Q97] M9B09603........................................................................................
2026-09-25T14:21:33.432+03:00 [s1] [I] M9A12801........................................................................................................................
2026-09-25T14:21:33.687+03:00 [s1] [O] > M9A12801........................................................................................................................
2026-09-25T14:21:33.708+03:00 [s2] [O] < [-75/8 Q100] M9A12801........................................................................................................................
2026-09-25T14:21:36.044+03:00 [s1] [I] M9A12802........................................................................................................................
2026-09-25T14:21:36.299+03:00 [s1] [O] > M9A12802........................................................................................................................
2026-09-25T14:21:36.319+03:00 [s2] [O] < [-75/8 Q100] M9A12802........................................................................................................................
2026-09-25T14:21:38.655+03:00 [s1] [I] M9A12803........................................................................................................................
2026-09-25T14:21:38.908+03:00 [s1] [O] > M9A12803........................................................................................................................
2026-09-25T14:21:38.931+03:00 [s2] [O] < [-74/8 Q100] M9A12803........................................................................................................................
2026-09-25T14:21:41.266+03:00 [s2] [I] M9B12801........................................................................................................................
2026-09-25T14:21:41.539+03:00 [s2] [O] > M9B12801........................................................................................................................
2026-09-25T14:21:41.560+03:00 [s1] [O] < [-78/7 Q97] M9B12801........................................................................................................................
2026-09-25T14:21:43.878+03:00 [s2] [I] M9B12802........................................................................................................................
2026-09-25T14:21:44.152+03:00 [s2] [O] > M9B12802........................................................................................................................
2026-09-25T14:21:44.171+03:00 [s1] [O] < [-78/6 Q97] M9B12802........................................................................................................................
2026-09-25T14:21:46.489+03:00 [s2] [I] M9B12803........................................................................................................................
2026-09-25T14:21:46.762+03:00 [s2] [O] > M9B12803........................................................................................................................
2026-09-25T14:21:46.782+03:00 [s1] [O] < [-78/6 Q97] M9B12803........................................................................................................................
2026-09-25T14:21:50.508+03:00 [s1] [I] M9A16001........................................................................................................................................................
2026-09-25T14:21:50.834+03:00 [s1] [O] > M9A16001........................................................................................................................................................
2026-09-25T14:21:50.855+03:00 [s2] [O] < [-76/8 Q100] M9A16001........................................................................................................................................................
2026-09-25T14:21:53.120+03:00 [s1] [I] M9A16002........................................................................................................................................................
2026-09-25T14:21:53.446+03:00 [s1] [O] > M9A16002........................................................................................................................................................
2026-09-25T14:21:53.466+03:00 [s2] [O] < [-76/8 Q100] M9A16002........................................................................................................................................................
2026-09-25T14:21:55.731+03:00 [s1] [I] M9A16003........................................................................................................................................................
2026-09-25T14:21:56.055+03:00 [s1] [O] > M9A16003........................................................................................................................................................
2026-09-25T14:21:56.075+03:00 [s2] [O] < [-76/8 Q100] M9A16003........................................................................................................................................................
2026-09-25T14:21:58.343+03:00 [s2] [I] M9B16001........................................................................................................................................................
2026-09-25T14:21:58.645+03:00 [s2] [O] > M9B16001........................................................................................................................................................
2026-09-25T14:21:58.662+03:00 [s1] [O] < [-76/8 Q97] M9B16001........................................................................................................................................................
2026-09-25T14:22:00.955+03:00 [s2] [I] M9B16002........................................................................................................................................................
2026-09-25T14:22:01.254+03:00 [s2] [O] > M9B16002........................................................................................................................................................
2026-09-25T14:22:01.273+03:00 [s1] [O] < [-76/8 Q97] M9B16002........................................................................................................................................................
2026-09-25T14:22:03.566+03:00 [s2] [I] M9B16003........................................................................................................................................................
2026-09-25T14:22:03.863+03:00 [s2] [O] > M9B16003........................................................................................................................................................
2026-09-25T14:22:03.882+03:00 [s1] [O] < [-77/8 Q97] M9B16003........................................................................................................................................................
2026-09-25T14:22:07.586+03:00 [s1] [I] M9A18001............................................................................................................................................................................
2026-09-25T14:22:07.916+03:00 [s2] [O] < [-76/8 Q100] M9A18001............................................................................................................................................................................
2026-09-25T14:22:07.928+03:00 [s1] [O] > M9A18001............................................................................................................................................................................
2026-09-25T14:22:10.198+03:00 [s1] [I] M9A18002............................................................................................................................................................................
2026-09-25T14:22:10.527+03:00 [s2] [O] < [-76/8 Q100] M9A18002............................................................................................................................................................................
2026-09-25T14:22:10.539+03:00 [s1] [O] > M9A18002............................................................................................................................................................................
2026-09-25T14:22:12.811+03:00 [s1] [I] M9A18003............................................................................................................................................................................
2026-09-25T14:22:13.133+03:00 [s2] [O] < [-76/8 Q100] M9A18003............................................................................................................................................................................
2026-09-25T14:22:13.147+03:00 [s1] [O] > M9A18003............................................................................................................................................................................
2026-09-25T14:22:15.422+03:00 [s2] [I] M9B18001............................................................................................................................................................................
2026-09-25T14:22:15.768+03:00 [s1] [O] < [-76/8 Q100] M9B18001............................................................................................................................................................................
2026-09-25T14:22:15.779+03:00 [s2] [O] > M9B18001............................................................................................................................................................................
2026-09-25T14:22:18.033+03:00 [s2] [I] M9B18002............................................................................................................................................................................
2026-09-25T14:22:18.379+03:00 [s1] [O] < [-76/8 Q100] M9B18002............................................................................................................................................................................
2026-09-25T14:22:18.389+03:00 [s2] [O] > M9B18002............................................................................................................................................................................
2026-09-25T14:22:20.644+03:00 [s2] [I] M9B18003............................................................................................................................................................................
2026-09-25T14:22:20.989+03:00 [s1] [O] < [-76/8 Q100] M9B18003............................................................................................................................................................................
2026-09-25T14:22:20.999+03:00 [s2] [O] > M9B18003............................................................................................................................................................................
2026-09-25T14:22:24.663+03:00 [s1] [I] M9A20001................................................................................................................................................................................................
2026-09-25T14:22:25.038+03:00 [s1] [O] > M9A20001................................................................................................................................................................................................
2026-09-25T14:22:25.059+03:00 [s2] [O] < [-76/8 Q100] M9A20001................................................................................................................................................................................................
2026-09-25T14:22:27.275+03:00 [s1] [I] M9A20002................................................................................................................................................................................................
2026-09-25T14:22:27.649+03:00 [s1] [O] > M9A20002................................................................................................................................................................................................
2026-09-25T14:22:27.666+03:00 [s2] [O] < [-77/6 Q100] M9A20002................................................................................................................................................................................................
2026-09-25T14:22:29.886+03:00 [s1] [I] M9A20003................................................................................................................................................................................................
2026-09-25T14:22:30.259+03:00 [s1] [O] > M9A20003................................................................................................................................................................................................
2026-09-25T14:22:30.276+03:00 [s2] [O] < [-75/8 Q100] M9A20003................................................................................................................................................................................................
2026-09-25T14:22:32.498+03:00 [s2] [I] M9B20001................................................................................................................................................................................................
2026-09-25T14:22:32.845+03:00 [s2] [O] > M9B20001................................................................................................................................................................................................
2026-09-25T14:22:32.865+03:00 [s1] [O] < [-75/8 Q100] M9B20001................................................................................................................................................................................................
2026-09-25T14:22:35.110+03:00 [s2] [I] M9B20002................................................................................................................................................................................................
2026-09-25T14:22:35.456+03:00 [s2] [O] > M9B20002................................................................................................................................................................................................
2026-09-25T14:22:35.478+03:00 [s1] [O] < [-76/8 Q100] M9B20002................................................................................................................................................................................................
2026-09-25T14:22:37.722+03:00 [s2] [I] M9B20003................................................................................................................................................................................................
2026-09-25T14:22:38.065+03:00 [s2] [O] > M9B20003................................................................................................................................................................................................
2026-09-25T14:22:38.087+03:00 [s1] [O] < [-76/8 Q100] M9B20003................................................................................................................................................................................................
2026-09-25T14:22:46.838+03:00 [s1] [I] /sf 10
2026-09-25T14:22:46.898+03:00 [s1] [O] [SYS] SF 10 SAVED
2026-09-25T14:22:49.746+03:00 [s2] [I] /sf 10
2026-09-25T14:22:49.801+03:00 [s2] [O] [SYS] SF 10 SAVED
2026-09-25T14:22:52.655+03:00 [s1] [I] /config
2026-09-25T14:22:52.750+03:00 [s1] [O] [SYS] CFG schema=2 storage=NVS freq_oob=OFF
2026-09-25T14:22:52.751+03:00 [s1] [O] [SYS] CFG RADIO power=2 dBm freq=470 MHz sf=10 bw=500 kHz
2026-09-25T14:22:52.755+03:00 [s1] [O] [SYS] CFG LINK heartbeat=OFF retry=ON attempts=5 diag=OFF
2026-09-25T14:22:53.658+03:00 [s2] [I] /config
2026-09-25T14:22:53.720+03:00 [s2] [O] [SYS] CFG schema=2 storage=NVS freq_oob=OFF
2026-09-25T14:22:53.723+03:00 [s2] [O] [SYS] CFG RADIO power=2 dBm freq=470 MHz sf=10 bw=500 kHz
2026-09-25T14:22:53.763+03:00 [s2] [O] [SYS] CFG LINK heartbeat=OFF retry=ON attempts=5 diag=OFF
2026-09-25T14:22:56.568+03:00 [s1] [I] Q
2026-09-25T14:22:56.712+03:00 [s1] [O] > Q
2026-09-25T14:22:56.736+03:00 [s2] [O] < [-80/8 Q100] Q
2026-09-25T14:22:59.181+03:00 [s1] [I] R
2026-09-25T14:22:59.323+03:00 [s1] [O] > R
2026-09-25T14:22:59.346+03:00 [s2] [O] < [-79/8 Q100] R
2026-09-25T14:23:01.796+03:00 [s1] [I] S
2026-09-25T14:23:01.933+03:00 [s1] [O] > S
2026-09-25T14:23:01.957+03:00 [s2] [O] < [-78/8 Q100] S
2026-09-25T14:23:04.408+03:00 [s2] [I] &
2026-09-25T14:23:04.520+03:00 [s2] [O] > &
2026-09-25T14:23:04.544+03:00 [s1] [O] < [-81/6 Q100] &
2026-09-25T14:23:07.022+03:00 [s2] [I] '
2026-09-25T14:23:07.132+03:00 [s2] [O] > '
2026-09-25T14:23:07.154+03:00 [s1] [O] < [-82/7 Q100] '
2026-09-25T14:23:09.634+03:00 [s2] [I] (
2026-09-25T14:23:09.739+03:00 [s2] [O] > (
2026-09-25T14:23:09.765+03:00 [s1] [O] < [-82/7 Q100] (
2026-09-25T14:23:42.150+03:00 [s1] [I] MAA00801
2026-09-25T14:23:42.278+03:00 [s2] [O] < [-74/8 Q100] MAA00801
2026-09-25T14:23:42.300+03:00 [s1] [O] > MAA00801
2026-09-25T14:23:44.763+03:00 [s1] [I] MAA00802
2026-09-25T14:23:44.932+03:00 [s2] [O] < [-75/8 Q100] MAA00802
2026-09-25T14:23:44.953+03:00 [s1] [O] > MAA00802
2026-09-25T14:23:47.376+03:00 [s1] [I] MAA00803
2026-09-25T14:23:47.544+03:00 [s2] [O] < [-75/8 Q100] MAA00803
2026-09-25T14:23:47.564+03:00 [s1] [O] > MAA00803
2026-09-25T14:23:49.988+03:00 [s2] [I] MAB00801
2026-09-25T14:23:50.132+03:00 [s1] [O] < [-78/8 Q100] MAB00801
2026-09-25T14:23:50.151+03:00 [s2] [O] > MAB00801
2026-09-25T14:23:52.602+03:00 [s2] [I] MAB00802
2026-09-25T14:23:52.742+03:00 [s1] [O] < [-78/8 Q100] MAB00802
2026-09-25T14:23:52.762+03:00 [s2] [O] > MAB00802
2026-09-25T14:23:55.215+03:00 [s2] [I] MAB00803
2026-09-25T14:23:55.350+03:00 [s1] [O] < [-78/8 Q100] MAB00803
2026-09-25T14:23:55.372+03:00 [s2] [O] > MAB00803
2026-09-25T14:23:59.233+03:00 [s1] [I] MAA01601........
2026-09-25T14:23:59.401+03:00 [s1] [O] > MAA01601........
2026-09-25T14:23:59.423+03:00 [s2] [O] < [-75/8 Q100] MAA01601........
2026-09-25T14:24:01.846+03:00 [s1] [I] MAA01602........
2026-09-25T14:24:02.010+03:00 [s1] [O] > MAA01602........
2026-09-25T14:24:02.033+03:00 [s2] [O] < [-74/8 Q100] MAA01602........
2026-09-25T14:24:04.458+03:00 [s1] [I] MAA01603........
2026-09-25T14:24:04.618+03:00 [s1] [O] > MAA01603........
2026-09-25T14:24:04.644+03:00 [s2] [O] < [-74/8 Q100] MAA01603........
2026-09-25T14:24:07.070+03:00 [s2] [I] MAB01601........
2026-09-25T14:24:07.253+03:00 [s2] [O] > MAB01601........
2026-09-25T14:24:07.276+03:00 [s1] [O] < [-75/8 Q100] MAB01601........
2026-09-25T14:24:09.681+03:00 [s2] [I] MAB01602........
2026-09-25T14:24:09.862+03:00 [s2] [O] > MAB01602........
2026-09-25T14:24:09.887+03:00 [s1] [O] < [-75/8 Q100] MAB01602........
2026-09-25T14:24:12.293+03:00 [s2] [I] MAB01603........
2026-09-25T14:24:12.472+03:00 [s2] [O] > MAB01603........
2026-09-25T14:24:12.497+03:00 [s1] [O] < [-76/8 Q100] MAB01603........
2026-09-25T14:24:16.313+03:00 [s1] [I] MAA03201........................
2026-09-25T14:24:16.528+03:00 [s2] [O] < [-74/9 Q100] MAA03201........................
2026-09-25T14:24:16.546+03:00 [s1] [O] > MAA03201........................
2026-09-25T14:24:18.925+03:00 [s1] [I] MAA03202........................
2026-09-25T14:24:19.155+03:00 [s1] [O] > MAA03202........................
2026-09-25T14:24:20.210+03:00 [s2] [O] < [-74/8 Q100] MAA03202........................
2026-09-25T14:24:23.141+03:00 [s1] [I] MAA03203........................
2026-09-25T14:24:23.322+03:00 [s2] [O] < [-74/9 Q100] MAA03203........................
2026-09-25T14:24:23.340+03:00 [s1] [O] > MAA03203........................
2026-09-25T14:24:25.754+03:00 [s1] [I] MAA03204........................
2026-09-25T14:24:25.931+03:00 [s2] [O] < [-73/8 Q100] MAA03204........................
2026-09-25T14:24:25.951+03:00 [s1] [O] > MAA03204........................
2026-09-25T14:24:28.366+03:00 [s1] [I] MAA03205........................
2026-09-25T14:24:28.541+03:00 [s2] [O] < [-73/9 Q100] MAA03205........................
2026-09-25T14:24:28.562+03:00 [s1] [O] > MAA03205........................
2026-09-25T14:24:30.978+03:00 [s1] [I] MAA03206........................
2026-09-25T14:24:31.151+03:00 [s2] [O] < [-73/9 Q100] MAA03206........................
2026-09-25T14:24:31.170+03:00 [s1] [O] > MAA03206........................
2026-09-25T14:24:33.591+03:00 [s1] [I] MAA03207........................
2026-09-25T14:24:33.806+03:00 [s2] [O] < [-73/9 Q100] MAA03207........................
2026-09-25T14:24:33.827+03:00 [s1] [O] > MAA03207........................
2026-09-25T14:24:36.204+03:00 [s1] [I] MAA03208........................
2026-09-25T14:24:36.416+03:00 [s2] [O] < [-74/9 Q100] MAA03208........................
2026-09-25T14:24:36.436+03:00 [s1] [O] > MAA03208........................
2026-09-25T14:24:38.816+03:00 [s1] [I] MAA03209........................
2026-09-25T14:24:39.048+03:00 [s1] [O] > MAA03209........................
2026-09-25T14:24:40.062+03:00 [s2] [O] < [-74/8 Q100] MAA03209........................
2026-09-25T14:24:43.031+03:00 [s1] [I] MAA03210........................
2026-09-25T14:24:43.212+03:00 [s2] [O] < [-74/8 Q100] MAA03210........................
2026-09-25T14:24:43.233+03:00 [s1] [O] > MAA03210........................
2026-09-25T14:24:45.646+03:00 [s2] [I] MAB03201........................
2026-09-25T14:24:45.844+03:00 [s1] [O] < [-75/8 Q94] MAB03201........................
2026-09-25T14:24:45.864+03:00 [s2] [O] > MAB03201........................
2026-09-25T14:24:48.259+03:00 [s2] [I] MAB03202........................
2026-09-25T14:24:48.456+03:00 [s1] [O] < [-75/8 Q94] MAB03202........................
2026-09-25T14:24:48.476+03:00 [s2] [O] > MAB03202........................
2026-09-25T14:24:50.870+03:00 [s2] [I] MAB03203........................
2026-09-25T14:24:51.065+03:00 [s1] [O] < [-74/7 Q94] MAB03203........................
2026-09-25T14:24:51.085+03:00 [s2] [O] > MAB03203........................
2026-09-25T14:24:53.485+03:00 [s2] [I] MAB03204........................
2026-09-25T14:24:53.674+03:00 [s1] [O] < [-75/8 Q94] MAB03204........................
2026-09-25T14:24:53.697+03:00 [s2] [O] > MAB03204........................
2026-09-25T14:24:56.098+03:00 [s2] [I] MAB03205........................
2026-09-25T14:24:56.285+03:00 [s1] [O] < [-75/8 Q94] MAB03205........................
2026-09-25T14:24:56.305+03:00 [s2] [O] > MAB03205........................
2026-09-25T14:24:58.711+03:00 [s2] [I] MAB03206........................
2026-09-25T14:24:58.895+03:00 [s1] [O] < [-75/8 Q94] MAB03206........................
2026-09-25T14:24:58.915+03:00 [s2] [O] > MAB03206........................
2026-09-25T14:25:01.325+03:00 [s2] [I] MAB03207........................
2026-09-25T14:25:01.505+03:00 [s1] [O] < [-74/8 Q94] MAB03207........................
2026-09-25T14:25:01.524+03:00 [s2] [O] > MAB03207........................
2026-09-25T14:25:03.938+03:00 [s2] [I] MAB03208........................
2026-09-25T14:25:04.116+03:00 [s1] [O] < [-75/8 Q94] MAB03208........................
2026-09-25T14:25:04.135+03:00 [s2] [O] > MAB03208........................
2026-09-25T14:25:06.550+03:00 [s2] [I] MAB03209........................
2026-09-25T14:25:06.727+03:00 [s1] [O] < [-75/8 Q94] MAB03209........................
2026-09-25T14:25:06.745+03:00 [s2] [O] > MAB03209........................
2026-09-25T14:25:09.162+03:00 [s2] [I] MAB03210........................
2026-09-25T14:25:09.335+03:00 [s1] [O] < [-75/8 Q94] MAB03210........................
2026-09-25T14:25:09.356+03:00 [s2] [O] > MAB03210........................
2026-09-25T14:25:13.183+03:00 [s1] [I] MAA06401........................................................
2026-09-25T14:25:13.430+03:00 [s1] [O] > MAA06401........................................................
2026-09-25T14:25:13.453+03:00 [s2] [O] < [-74/8 Q100] MAA06401........................................................
2026-09-25T14:25:15.795+03:00 [s1] [I] MAA06402........................................................
2026-09-25T14:25:16.039+03:00 [s1] [O] > MAA06402........................................................
2026-09-25T14:25:16.063+03:00 [s2] [O] < [-73/8 Q100] MAA06402........................................................
2026-09-25T14:25:18.408+03:00 [s1] [I] MAA06403........................................................
2026-09-25T14:25:18.649+03:00 [s1] [O] > MAA06403........................................................
2026-09-25T14:25:18.675+03:00 [s2] [O] < [-73/8 Q100] MAA06403........................................................
2026-09-25T14:25:21.020+03:00 [s2] [I] MAB06401........................................................
2026-09-25T14:25:21.283+03:00 [s2] [O] > MAB06401........................................................
2026-09-25T14:25:21.307+03:00 [s1] [O] < [-75/8 Q94] MAB06401........................................................
2026-09-25T14:25:23.632+03:00 [s2] [I] MAB06402........................................................
2026-09-25T14:25:23.891+03:00 [s2] [O] > MAB06402........................................................
2026-09-25T14:25:23.918+03:00 [s1] [O] < [-75/8 Q94] MAB06402........................................................
2026-09-25T14:25:26.245+03:00 [s2] [I] MAB06403........................................................
2026-09-25T14:25:26.504+03:00 [s2] [O] > MAB06403........................................................
2026-09-25T14:25:26.526+03:00 [s1] [O] < [-75/8 Q94] MAB06403........................................................
2026-09-25T14:25:33.677+03:00 [s1] [I] MAA09601........................................................................................
2026-09-25T14:25:34.021+03:00 [s2] [O] < [-73/8 Q100] MAA09601........................................................................................
2026-09-25T14:25:34.041+03:00 [s1] [O] > MAA09601........................................................................................
2026-09-25T14:25:36.291+03:00 [s1] [I] MAA09602........................................................................................
2026-09-25T14:25:36.632+03:00 [s2] [O] < [-73/9 Q100] MAA09602........................................................................................
2026-09-25T14:25:36.652+03:00 [s1] [O] > MAA09602........................................................................................
2026-09-25T14:25:38.905+03:00 [s1] [I] MAA09603........................................................................................
2026-09-25T14:25:39.241+03:00 [s2] [O] < [-74/8 Q100] MAA09603........................................................................................
2026-09-25T14:25:39.261+03:00 [s1] [O] > MAA09603........................................................................................
2026-09-25T14:25:41.516+03:00 [s2] [I] MAB09601........................................................................................
2026-09-25T14:25:41.827+03:00 [s1] [O] < [-75/8 Q94] MAB09601........................................................................................
2026-09-25T14:25:41.850+03:00 [s2] [O] > MAB09601........................................................................................
2026-09-25T14:25:44.128+03:00 [s2] [I] MAB09602........................................................................................
2026-09-25T14:25:44.437+03:00 [s1] [O] < [-75/7 Q94] MAB09602........................................................................................
2026-09-25T14:25:44.459+03:00 [s2] [O] > MAB09602........................................................................................
2026-09-25T14:25:46.742+03:00 [s2] [I] MAB09603........................................................................................
2026-09-25T14:25:47.093+03:00 [s1] [O] < [-75/7 Q94] MAB09603........................................................................................
2026-09-25T14:25:47.113+03:00 [s2] [O] > MAB09603........................................................................................
2026-09-25T14:25:50.763+03:00 [s1] [I] MAA12801........................................................................................................................
2026-09-25T14:25:51.187+03:00 [s1] [O] > MAA12801........................................................................................................................
2026-09-25T14:25:51.211+03:00 [s2] [O] < [-74/8 Q100] MAA12801........................................................................................................................
2026-09-25T14:25:53.375+03:00 [s1] [I] MAA12802........................................................................................................................
2026-09-25T14:25:53.779+03:00 [s2] [O] < [-74/8 Q100] MAA12802........................................................................................................................
2026-09-25T14:25:53.796+03:00 [s1] [O] > MAA12802........................................................................................................................
2026-09-25T14:25:55.988+03:00 [s1] [I] MAA12803........................................................................................................................
2026-09-25T14:25:56.389+03:00 [s2] [O] < [-74/8 Q100] MAA12803........................................................................................................................
2026-09-25T14:25:56.407+03:00 [s1] [O] > MAA12803........................................................................................................................
2026-09-25T14:25:58.601+03:00 [s2] [I] MAB12801........................................................................................................................
2026-09-25T14:25:59.021+03:00 [s1] [O] < [-74/8 Q94] MAB12801........................................................................................................................
2026-09-25T14:25:59.038+03:00 [s2] [O] > MAB12801........................................................................................................................
2026-09-25T14:26:01.214+03:00 [s2] [I] MAB12802........................................................................................................................
2026-09-25T14:26:01.632+03:00 [s1] [O] < [-73/8 Q94] MAB12802........................................................................................................................
2026-09-25T14:26:01.648+03:00 [s2] [O] > MAB12802........................................................................................................................
2026-09-25T14:26:03.826+03:00 [s2] [I] MAB12803........................................................................................................................
2026-09-25T14:26:04.242+03:00 [s1] [O] < [-73/8 Q94] MAB12803........................................................................................................................
2026-09-25T14:26:04.258+03:00 [s2] [O] > MAB12803........................................................................................................................
2026-09-25T14:26:07.848+03:00 [s1] [I] MAA16001........................................................................................................................................................
2026-09-25T14:26:08.336+03:00 [s1] [O] > MAA16001........................................................................................................................................................
2026-09-25T14:26:08.355+03:00 [s2] [O] < [-76/8 Q100] MAA16001........................................................................................................................................................
2026-09-25T14:26:10.462+03:00 [s1] [I] MAA16002........................................................................................................................................................
2026-09-25T14:26:10.945+03:00 [s1] [O] > MAA16002........................................................................................................................................................
2026-09-25T14:26:10.964+03:00 [s2] [O] < [-75/8 Q100] MAA16002........................................................................................................................................................
2026-09-25T14:26:13.074+03:00 [s1] [I] MAA16003........................................................................................................................................................
2026-09-25T14:26:13.555+03:00 [s1] [O] > MAA16003........................................................................................................................................................
2026-09-25T14:26:13.575+03:00 [s2] [O] < [-74/8 Q100] MAA16003........................................................................................................................................................
2026-09-25T14:26:15.690+03:00 [s2] [I] MAB16001........................................................................................................................................................
2026-09-25T14:26:16.188+03:00 [s2] [O] > MAB16001........................................................................................................................................................
2026-09-25T14:26:16.208+03:00 [s1] [O] < [-74/8 Q94] MAB16001........................................................................................................................................................
2026-09-25T14:26:18.300+03:00 [s2] [I] MAB16002........................................................................................................................................................
2026-09-25T14:26:18.799+03:00 [s2] [O] > MAB16002........................................................................................................................................................
2026-09-25T14:26:18.819+03:00 [s1] [O] < [-74/8 Q94] MAB16002........................................................................................................................................................
2026-09-25T14:26:20.914+03:00 [s2] [I] MAB16003........................................................................................................................................................
2026-09-25T14:26:21.408+03:00 [s2] [O] > MAB16003........................................................................................................................................................
2026-09-25T14:26:21.427+03:00 [s1] [O] < [-74/8 Q94] MAB16003........................................................................................................................................................
2026-09-25T14:26:24.935+03:00 [s1] [I] MAA18001............................................................................................................................................................................
2026-09-25T14:26:25.481+03:00 [s1] [O] > MAA18001............................................................................................................................................................................
2026-09-25T14:26:25.497+03:00 [s2] [O] < [-74/8 Q100] MAA18001............................................................................................................................................................................
2026-09-25T14:26:27.547+03:00 [s1] [I] MAA18002............................................................................................................................................................................
2026-09-25T14:26:28.095+03:00 [s1] [O] > MAA18002............................................................................................................................................................................
2026-09-25T14:26:28.108+03:00 [s2] [O] < [-74/8 Q100] MAA18002............................................................................................................................................................................
2026-09-25T14:26:30.161+03:00 [s1] [I] MAA18003............................................................................................................................................................................
2026-09-25T14:26:30.702+03:00 [s1] [O] > MAA18003............................................................................................................................................................................
2026-09-25T14:26:30.717+03:00 [s2] [O] < [-75/8 Q100] MAA18003............................................................................................................................................................................
2026-09-25T14:26:32.774+03:00 [s2] [I] MAB18001............................................................................................................................................................................
2026-09-25T14:26:33.292+03:00 [s2] [O] > MAB18001............................................................................................................................................................................
2026-09-25T14:26:33.304+03:00 [s1] [O] < [-73/8 Q94] MAB18001............................................................................................................................................................................
2026-09-25T14:26:35.385+03:00 [s2] [I] MAB18002............................................................................................................................................................................
2026-09-25T14:26:35.899+03:00 [s2] [O] > MAB18002............................................................................................................................................................................
2026-09-25T14:26:35.915+03:00 [s1] [O] < [-73/8 Q94] MAB18002............................................................................................................................................................................
2026-09-25T14:26:37.998+03:00 [s2] [I] MAB18003............................................................................................................................................................................
2026-09-25T14:26:38.553+03:00 [s2] [O] > MAB18003............................................................................................................................................................................
2026-09-25T14:26:38.573+03:00 [s1] [O] < [-74/8 Q94] MAB18003............................................................................................................................................................................
2026-09-25T14:26:42.019+03:00 [s1] [I] MAA20001................................................................................................................................................................................................
2026-09-25T14:26:42.563+03:00 [s2] [O] < [-75/8 Q100] MAA20001................................................................................................................................................................................................
2026-09-25T14:26:42.583+03:00 [s1] [O] > MAA20001................................................................................................................................................................................................
2026-09-25T14:26:44.633+03:00 [s1] [I] MAA20002................................................................................................................................................................................................
2026-09-25T14:26:45.174+03:00 [s2] [O] < [-75/8 Q100] MAA20002................................................................................................................................................................................................
2026-09-25T14:26:45.192+03:00 [s1] [O] > MAA20002................................................................................................................................................................................................
2026-09-25T14:26:47.246+03:00 [s1] [I] MAA20003................................................................................................................................................................................................
2026-09-25T14:26:47.829+03:00 [s2] [O] < [-75/8 Q100] MAA20003................................................................................................................................................................................................
2026-09-25T14:26:47.848+03:00 [s1] [O] > MAA20003................................................................................................................................................................................................
2026-09-25T14:26:49.860+03:00 [s2] [I] MAB20001................................................................................................................................................................................................
2026-09-25T14:26:50.416+03:00 [s1] [O] < [-74/8 Q94] MAB20001................................................................................................................................................................................................
2026-09-25T14:26:50.435+03:00 [s2] [O] > MAB20001................................................................................................................................................................................................
2026-09-25T14:26:52.473+03:00 [s2] [I] MAB20002................................................................................................................................................................................................
2026-09-25T14:26:53.024+03:00 [s1] [O] < [-74/8 Q94] MAB20002................................................................................................................................................................................................
2026-09-25T14:26:53.044+03:00 [s2] [O] > MAB20002................................................................................................................................................................................................
2026-09-25T14:26:55.085+03:00 [s2] [I] MAB20003................................................................................................................................................................................................
2026-09-25T14:26:55.635+03:00 [s1] [O] < [-74/8 Q94] MAB20003................................................................................................................................................................................................
2026-09-25T14:26:55.654+03:00 [s2] [O] > MAB20003................................................................................................................................................................................................
2026-09-25T14:27:05.004+03:00 [s1] [I] /sf 11
2026-09-25T14:27:05.073+03:00 [s1] [O] [SYS] SF 11 SAVED
2026-09-25T14:27:07.914+03:00 [s2] [I] /sf 11
2026-09-25T14:27:08.021+03:00 [s2] [O] [SYS] SF 11 SAVED
2026-09-25T14:27:10.823+03:00 [s1] [I] /config
2026-09-25T14:27:10.881+03:00 [s1] [O] [SYS] CFG schema=2 storage=NVS freq_oob=OFF
2026-09-25T14:27:10.885+03:00 [s1] [O] [SYS] CFG RADIO power=2 dBm freq=470 MHz sf=11 bw=500 kHz
2026-09-25T14:27:10.885+03:00 [s1] [O] [SYS] CFG LINK heartbeat=OFF retry=ON attempts=5 diag=OFF
2026-09-25T14:27:11.826+03:00 [s2] [I] /config
2026-09-25T14:27:11.893+03:00 [s2] [O] [SYS] CFG schema=2 storage=NVS freq_oob=OFF
2026-09-25T14:27:11.895+03:00 [s2] [O] [SYS] CFG RADIO power=2 dBm freq=470 MHz sf=11 bw=500 kHz
2026-09-25T14:27:11.896+03:00 [s2] [O] [SYS] CFG LINK heartbeat=OFF retry=ON attempts=5 diag=OFF
2026-09-25T14:27:14.738+03:00 [s1] [I] ^
2026-09-25T14:27:14.936+03:00 [s1] [O] > ^
2026-09-25T14:27:14.957+03:00 [s2] [O] < [-79/8 Q100] ^
2026-09-25T14:27:17.352+03:00 [s1] [I] _
2026-09-25T14:27:17.588+03:00 [s1] [O] > _
2026-09-25T14:27:17.611+03:00 [s2] [O] < [-79/8 Q100] _
2026-09-25T14:27:19.966+03:00 [s1] [I] `
2026-09-25T14:27:20.197+03:00 [s1] [O] > `
2026-09-25T14:27:20.219+03:00 [s2] [O] < [-79/8 Q100] `
2026-09-25T14:27:22.579+03:00 [s2] [I] 3
2026-09-25T14:27:22.784+03:00 [s2] [O] > 3
2026-09-25T14:27:22.808+03:00 [s1] [O] < [-79/8 Q94] 3
2026-09-25T14:27:25.193+03:00 [s2] [I] 4
2026-09-25T14:27:25.396+03:00 [s2] [O] > 4
2026-09-25T14:27:25.420+03:00 [s1] [O] < [-77/8 Q94] 4
2026-09-25T14:27:27.806+03:00 [s2] [I] 5
2026-09-25T14:27:28.007+03:00 [s2] [O] > 5
2026-09-25T14:27:28.030+03:00 [s1] [O] < [-79/8 Q94] 5
2026-09-25T14:27:31.827+03:00 [s1] [I] MBA00801
2026-09-25T14:27:32.032+03:00 [s1] [O] > MBA00801
2026-09-25T14:27:32.057+03:00 [s2] [O] < [-76/8 Q100] MBA00801
2026-09-25T14:27:34.439+03:00 [s1] [I] MBA00802
2026-09-25T14:27:34.643+03:00 [s1] [O] > MBA00802
2026-09-25T14:27:34.668+03:00 [s2] [O] < [-77/8 Q100] MBA00802
2026-09-25T14:27:37.055+03:00 [s1] [I] MBA00803
2026-09-25T14:27:37.253+03:00 [s1] [O] > MBA00803
2026-09-25T14:27:37.277+03:00 [s2] [O] < [-77/8 Q100] MBA00803
2026-09-25T14:27:39.669+03:00 [s2] [I] MBB00801
2026-09-25T14:27:39.886+03:00 [s2] [O] > MBB00801
2026-09-25T14:27:39.911+03:00 [s1] [O] < [-75/8 Q97] MBB00801
2026-09-25T14:27:42.282+03:00 [s2] [I] MBB00802
2026-09-25T14:27:42.497+03:00 [s2] [O] > MBB00802
2026-09-25T14:27:42.520+03:00 [s1] [O] < [-76/8 Q97] MBB00802
2026-09-25T14:27:44.894+03:00 [s2] [I] MBB00803
2026-09-25T14:27:45.106+03:00 [s2] [O] > MBB00803
2026-09-25T14:27:45.130+03:00 [s1] [O] < [-76/8 Q97] MBB00803
2026-09-25T14:27:48.914+03:00 [s1] [I] MBA01601........
2026-09-25T14:27:49.178+03:00 [s1] [O] > MBA01601........
2026-09-25T14:27:50.419+03:00 [s2] [O] < [-75/8 Q100] MBA01601........
2026-09-25T14:27:53.131+03:00 [s1] [I] MBA01602........
2026-09-25T14:27:53.408+03:00 [s1] [O] > MBA01602........
2026-09-25T14:27:53.433+03:00 [s2] [O] < [-75/8 Q100] MBA01602........
2026-09-25T14:27:57.349+03:00 [s1] [I] MBA01603........
2026-09-25T14:27:57.594+03:00 [s1] [O] > MBA01603........
2026-09-25T14:27:57.618+03:00 [s2] [O] < [-75/8 Q100] MBA01603........
2026-09-25T14:27:59.962+03:00 [s1] [I] MBA01604........
2026-09-25T14:28:00.203+03:00 [s1] [O] > MBA01604........
2026-09-25T14:28:00.229+03:00 [s2] [O] < [-76/8 Q100] MBA01604........
2026-09-25T14:28:04.179+03:00 [s1] [I] MBA01605........
2026-09-25T14:28:04.436+03:00 [s1] [O] > MBA01605........
2026-09-25T14:28:04.461+03:00 [s2] [O] < [-76/8 Q100] MBA01605........
2026-09-25T14:28:06.794+03:00 [s1] [I] MBA01606........
2026-09-25T14:28:07.045+03:00 [s1] [O] > MBA01606........
2026-09-25T14:28:07.071+03:00 [s2] [O] < [-75/8 Q100] MBA01606........
2026-09-25T14:28:09.409+03:00 [s1] [I] MBA01607........
2026-09-25T14:28:09.655+03:00 [s1] [O] > MBA01607........
2026-09-25T14:28:09.678+03:00 [s2] [O] < [-75/8 Q100] MBA01607........
2026-09-25T14:28:12.023+03:00 [s1] [I] MBA01608........
2026-09-25T14:28:12.265+03:00 [s1] [O] > MBA01608........
2026-09-25T14:28:12.291+03:00 [s2] [O] < [-75/8 Q100] MBA01608........
2026-09-25T14:28:14.635+03:00 [s1] [I] MBA01609........
2026-09-25T14:28:14.875+03:00 [s1] [O] > MBA01609........
2026-09-25T14:28:14.899+03:00 [s2] [O] < [-75/8 Q100] MBA01609........
2026-09-25T14:28:17.248+03:00 [s1] [I] MBA01610........
2026-09-25T14:28:17.484+03:00 [s1] [O] > MBA01610........
2026-09-25T14:28:17.509+03:00 [s2] [O] < [-75/8 Q100] MBA01610........
2026-09-25T14:28:19.862+03:00 [s2] [I] MBB01601........
2026-09-25T14:28:20.118+03:00 [s2] [O] > MBB01601........
2026-09-25T14:28:20.145+03:00 [s1] [O] < [-75/8 Q91] MBB01601........
2026-09-25T14:28:22.474+03:00 [s2] [I] MBB01602........
2026-09-25T14:28:22.728+03:00 [s2] [O] > MBB01602........
2026-09-25T14:28:22.751+03:00 [s1] [O] < [-74/8 Q91] MBB01602........
2026-09-25T14:28:25.087+03:00 [s2] [I] MBB01603........
2026-09-25T14:28:25.338+03:00 [s2] [O] > MBB01603........
2026-09-25T14:28:25.363+03:00 [s1] [O] < [-74/8 Q91] MBB01603........
2026-09-25T14:28:27.700+03:00 [s2] [I] MBB01604........
2026-09-25T14:28:27.947+03:00 [s2] [O] > MBB01604........
2026-09-25T14:28:27.974+03:00 [s1] [O] < [-74/8 Q91] MBB01604........
2026-09-25T14:28:30.313+03:00 [s2] [I] MBB01605........
2026-09-25T14:28:30.559+03:00 [s2] [O] > MBB01605........
2026-09-25T14:28:30.583+03:00 [s1] [O] < [-74/8 Q91] MBB01605........
2026-09-25T14:28:32.927+03:00 [s2] [I] MBB01606........
2026-09-25T14:28:33.194+03:00 [s1] [O] < [-75/8 Q91] MBB01606........
2026-09-25T14:28:33.213+03:00 [s2] [O] > MBB01606........
2026-09-25T14:28:35.541+03:00 [s2] [I] MBB01607........
2026-09-25T14:28:35.780+03:00 [s2] [O] > MBB01607........
2026-09-25T14:28:35.805+03:00 [s1] [O] < [-74/8 Q91] MBB01607........
2026-09-25T14:28:38.154+03:00 [s2] [I] MBB01608........
2026-09-25T14:28:38.436+03:00 [s2] [O] > MBB01608........
2026-09-25T14:28:38.458+03:00 [s1] [O] < [-73/8 Q91] MBB01608........
2026-09-25T14:28:40.767+03:00 [s2] [I] MBB01609........
2026-09-25T14:28:41.043+03:00 [s2] [O] > MBB01609........
2026-09-25T14:28:41.070+03:00 [s1] [O] < [-75/8 Q91] MBB01609........
2026-09-25T14:28:43.380+03:00 [s2] [I] MBB01610........
2026-09-25T14:28:43.654+03:00 [s2] [O] > MBB01610........
2026-09-25T14:28:43.681+03:00 [s1] [O] < [-74/8 Q91] MBB01610........
2026-09-25T14:28:47.401+03:00 [s1] [I] MBA03201........................
2026-09-25T14:28:47.728+03:00 [s1] [O] > MBA03201........................
2026-09-25T14:28:47.751+03:00 [s2] [O] < [-74/9 Q100] MBA03201........................
2026-09-25T14:28:50.014+03:00 [s1] [I] MBA03202........................
2026-09-25T14:28:50.338+03:00 [s1] [O] > MBA03202........................
2026-09-25T14:28:50.365+03:00 [s2] [O] < [-74/8 Q100] MBA03202........................
2026-09-25T14:28:52.627+03:00 [s1] [I] MBA03203........................
2026-09-25T14:28:52.948+03:00 [s1] [O] > MBA03203........................
2026-09-25T14:28:52.971+03:00 [s2] [O] < [-74/8 Q100] MBA03203........................
2026-09-25T14:28:55.241+03:00 [s2] [I] MBB03201........................
2026-09-25T14:28:55.534+03:00 [s2] [O] > MBB03201........................
2026-09-25T14:28:55.560+03:00 [s1] [O] < [-73/8 Q91] MBB03201........................
2026-09-25T14:28:57.854+03:00 [s2] [I] MBB03202........................
2026-09-25T14:28:58.144+03:00 [s2] [O] > MBB03202........................
2026-09-25T14:28:58.171+03:00 [s1] [O] < [-73/8 Q91] MBB03202........................
2026-09-25T14:29:00.467+03:00 [s2] [I] MBB03203........................
2026-09-25T14:29:00.755+03:00 [s2] [O] > MBB03203........................
2026-09-25T14:29:00.780+03:00 [s1] [O] < [-73/8 Q91] MBB03203........................
2026-09-25T14:29:04.488+03:00 [s1] [I] MBA06401........................................................
2026-09-25T14:29:04.922+03:00 [s1] [O] > MBA06401........................................................
2026-09-25T14:29:04.944+03:00 [s2] [O] < [-74/9 Q100] MBA06401........................................................
2026-09-25T14:29:07.102+03:00 [s1] [I] MBA06402........................................................
2026-09-25T14:29:07.531+03:00 [s1] [O] > MBA06402........................................................
2026-09-25T14:29:07.554+03:00 [s2] [O] < [-74/8 Q100] MBA06402........................................................
2026-09-25T14:29:09.718+03:00 [s1] [I] MBA06403........................................................
2026-09-25T14:29:10.140+03:00 [s1] [O] > MBA06403........................................................
2026-09-25T14:29:10.163+03:00 [s2] [O] < [-73/8 Q100] MBA06403........................................................
2026-09-25T14:29:12.332+03:00 [s2] [I] MBB06401........................................................
2026-09-25T14:29:12.771+03:00 [s2] [O] > MBB06401........................................................
2026-09-25T14:29:12.798+03:00 [s1] [O] < [-73/8 Q91] MBB06401........................................................
2026-09-25T14:29:14.945+03:00 [s2] [I] MBB06402........................................................
2026-09-25T14:29:15.382+03:00 [s2] [O] > MBB06402........................................................
2026-09-25T14:29:15.410+03:00 [s1] [O] < [-72/8 Q91] MBB06402........................................................
2026-09-25T14:29:17.558+03:00 [s2] [I] MBB06403........................................................
2026-09-25T14:29:17.992+03:00 [s2] [O] > MBB06403........................................................
2026-09-25T14:29:18.017+03:00 [s1] [O] < [-73/8 Q91] MBB06403........................................................
2026-09-25T14:29:24.533+03:00 [s1] [I] MBA09601........................................................................................
2026-09-25T14:29:25.106+03:00 [s2] [O] < [-74/8 Q100] MBA09601........................................................................................
2026-09-25T14:29:25.127+03:00 [s1] [O] > MBA09601........................................................................................
2026-09-25T14:29:27.148+03:00 [s1] [I] MBA09602........................................................................................
2026-09-25T14:29:27.715+03:00 [s2] [O] < [-74/8 Q100] MBA09602........................................................................................
2026-09-25T14:29:27.737+03:00 [s1] [O] > MBA09602........................................................................................
2026-09-25T14:29:29.765+03:00 [s1] [I] MBA09603........................................................................................
2026-09-25T14:29:30.326+03:00 [s2] [O] < [-74/8 Q100] MBA09603........................................................................................
2026-09-25T14:29:30.345+03:00 [s1] [O] > MBA09603........................................................................................
2026-09-25T14:29:32.380+03:00 [s2] [I] MBB09601........................................................................................
2026-09-25T14:29:32.957+03:00 [s1] [O] < [-73/8 Q91] MBB09601........................................................................................
2026-09-25T14:29:32.978+03:00 [s2] [O] > MBB09601........................................................................................
2026-09-25T14:29:34.995+03:00 [s2] [I] MBB09602........................................................................................
2026-09-25T14:29:35.568+03:00 [s1] [O] < [-73/8 Q91] MBB09602........................................................................................
2026-09-25T14:29:35.588+03:00 [s2] [O] > MBB09602........................................................................................
2026-09-25T14:29:37.609+03:00 [s2] [I] MBB09603........................................................................................
2026-09-25T14:29:38.179+03:00 [s1] [O] < [-73/8 Q91] MBB09603........................................................................................
2026-09-25T14:29:38.199+03:00 [s2] [O] > MBB09603........................................................................................
2026-09-25T14:29:41.632+03:00 [s1] [I] MBA12801........................................................................................................................
2026-09-25T14:29:42.343+03:00 [s2] [O] < [-75/8 Q100] MBA12801........................................................................................................................
2026-09-25T14:29:42.361+03:00 [s1] [O] > MBA12801........................................................................................................................
2026-09-25T14:29:45.850+03:00 [s1] [I] MBA12802........................................................................................................................
2026-09-25T14:29:46.527+03:00 [s2] [O] < [-75/8 Q100] MBA12802........................................................................................................................
2026-09-25T14:29:46.546+03:00 [s1] [O] > MBA12802........................................................................................................................
2026-09-25T14:29:50.069+03:00 [s1] [I] MBA12803........................................................................................................................
2026-09-25T14:29:50.757+03:00 [s2] [O] < [-75/8 Q100] MBA12803........................................................................................................................
2026-09-25T14:29:50.777+03:00 [s1] [O] > MBA12803........................................................................................................................
2026-09-25T14:29:54.287+03:00 [s2] [I] MBB12801........................................................................................................................
2026-09-25T14:29:54.968+03:00 [s1] [O] < [-74/8 Q91] MBB12801........................................................................................................................
2026-09-25T14:29:54.982+03:00 [s2] [O] > MBB12801........................................................................................................................
2026-09-25T14:29:58.505+03:00 [s2] [I] MBB12802........................................................................................................................
2026-09-25T14:29:59.196+03:00 [s1] [O] < [-74/8 Q91] MBB12802........................................................................................................................
2026-09-25T14:29:59.215+03:00 [s2] [O] > MBB12802........................................................................................................................
2026-09-25T14:30:02.723+03:00 [s2] [I] MBB12803........................................................................................................................
2026-09-25T14:30:03.428+03:00 [s1] [O] < [-73/8 Q91] MBB12803........................................................................................................................
2026-09-25T14:30:03.443+03:00 [s2] [O] > MBB12803........................................................................................................................
2026-09-25T14:30:08.350+03:00 [s1] [I] MBA16001........................................................................................................................................................
2026-09-25T14:30:09.165+03:00 [s2] [O] < [-75/8 Q100] MBA16001........................................................................................................................................................
2026-09-25T14:30:09.182+03:00 [s1] [O] > MBA16001........................................................................................................................................................
2026-09-25T14:30:12.570+03:00 [s1] [I] MBA16002........................................................................................................................................................
2026-09-25T14:30:13.395+03:00 [s2] [O] < [-73/8 Q100] MBA16002........................................................................................................................................................
2026-09-25T14:30:13.411+03:00 [s1] [O] > MBA16002........................................................................................................................................................
2026-09-25T14:30:16.787+03:00 [s1] [I] MBA16003........................................................................................................................................................
2026-09-25T14:30:17.626+03:00 [s2] [O] < [-73/8 Q100] MBA16003........................................................................................................................................................
2026-09-25T14:30:17.643+03:00 [s1] [O] > MBA16003........................................................................................................................................................
2026-09-25T14:30:21.005+03:00 [s2] [I] MBB16001........................................................................................................................................................
2026-09-25T14:30:21.838+03:00 [s1] [O] < [-74/8 Q91] MBB16001........................................................................................................................................................
2026-09-25T14:30:21.853+03:00 [s2] [O] > MBB16001........................................................................................................................................................
2026-09-25T14:30:25.223+03:00 [s2] [I] MBB16002........................................................................................................................................................
2026-09-25T14:30:26.081+03:00 [s2] [O] > MBB16002........................................................................................................................................................
2026-09-25T14:30:26.105+03:00 [s1] [O] < [-73/8 Q91] MBB16002........................................................................................................................................................
2026-09-25T14:30:29.441+03:00 [s2] [I] MBB16003........................................................................................................................................................
2026-09-25T14:30:30.252+03:00 [s1] [O] < [-75/8 Q91] MBB16003........................................................................................................................................................
2026-09-25T14:30:30.267+03:00 [s2] [O] > MBB16003........................................................................................................................................................
2026-09-25T14:30:35.066+03:00 [s1] [I] MBA18001............................................................................................................................................................................
2026-09-25T14:30:35.966+03:00 [s1] [O] > MBA18001............................................................................................................................................................................
2026-09-25T14:30:35.980+03:00 [s2] [O] < [-73/8 Q100] MBA18001............................................................................................................................................................................
2026-09-25T14:30:39.286+03:00 [s1] [I] MBA18002............................................................................................................................................................................
2026-09-25T14:30:40.194+03:00 [s1] [O] > MBA18002............................................................................................................................................................................
2026-09-25T14:30:40.208+03:00 [s2] [O] < [-73/9 Q100] MBA18002............................................................................................................................................................................
2026-09-25T14:30:43.504+03:00 [s1] [I] MBA18003............................................................................................................................................................................
2026-09-25T14:30:44.420+03:00 [s1] [O] > MBA18003............................................................................................................................................................................
2026-09-25T14:30:44.441+03:00 [s2] [O] < [-73/8 Q100] MBA18003............................................................................................................................................................................
2026-09-25T14:30:47.722+03:00 [s2] [I] MBB18001............................................................................................................................................................................
2026-09-25T14:30:48.629+03:00 [s2] [O] > MBB18001............................................................................................................................................................................
2026-09-25T14:30:48.648+03:00 [s1] [O] < [-73/8 Q91] MBB18001............................................................................................................................................................................
2026-09-25T14:30:51.948+03:00 [s2] [I] MBB18002............................................................................................................................................................................
2026-09-25T14:30:52.860+03:00 [s2] [O] > MBB18002............................................................................................................................................................................
2026-09-25T14:30:52.880+03:00 [s1] [O] < [-74/8 Q91] MBB18002............................................................................................................................................................................
2026-09-25T14:30:56.159+03:00 [s2] [I] MBB18003............................................................................................................................................................................
2026-09-25T14:30:57.046+03:00 [s2] [O] > MBB18003............................................................................................................................................................................
2026-09-25T14:30:57.062+03:00 [s1] [O] < [-74/8 Q91] MBB18003............................................................................................................................................................................
2026-09-25T14:31:01.787+03:00 [s1] [I] MBA20001................................................................................................................................................................................................
2026-09-25T14:31:02.763+03:00 [s2] [O] < [-73/8 Q100] MBA20001................................................................................................................................................................................................
2026-09-25T14:31:02.782+03:00 [s1] [O] > MBA20001................................................................................................................................................................................................
2026-09-25T14:31:06.006+03:00 [s1] [I] MBA20002................................................................................................................................................................................................
2026-09-25T14:31:06.993+03:00 [s2] [O] < [-73/8 Q100] MBA20002................................................................................................................................................................................................
2026-09-25T14:31:07.010+03:00 [s1] [O] > MBA20002................................................................................................................................................................................................
2026-09-25T14:31:10.226+03:00 [s1] [I] MBA20003................................................................................................................................................................................................
2026-09-25T14:31:11.178+03:00 [s2] [O] < [-73/8 Q100] MBA20003................................................................................................................................................................................................
2026-09-25T14:31:11.197+03:00 [s1] [O] > MBA20003................................................................................................................................................................................................
2026-09-25T14:31:14.445+03:00 [s2] [I] MBB20001................................................................................................................................................................................................
2026-09-25T14:31:15.449+03:00 [s2] [O] > MBB20001................................................................................................................................................................................................
2026-09-25T14:31:15.470+03:00 [s1] [O] < [-74/8 Q94] MBB20001................................................................................................................................................................................................
2026-09-25T14:31:18.664+03:00 [s2] [I] MBB20002................................................................................................................................................................................................
2026-09-25T14:31:19.617+03:00 [s1] [O] < [-74/8 Q94] MBB20002................................................................................................................................................................................................
2026-09-25T14:31:19.636+03:00 [s2] [O] > MBB20002................................................................................................................................................................................................
2026-09-25T14:31:22.883+03:00 [s2] [I] MBB20003................................................................................................................................................................................................
2026-09-25T14:31:23.850+03:00 [s1] [O] < [-74/8 Q94] MBB20003................................................................................................................................................................................................
2026-09-25T14:31:23.869+03:00 [s2] [O] > MBB20003................................................................................................................................................................................................
2026-09-25T14:31:35.729+03:00 [s1] [I] /sf 12
2026-09-25T14:31:35.804+03:00 [s1] [O] [SYS] SF 12 SAVED
2026-09-25T14:31:38.638+03:00 [s2] [I] /sf 12
2026-09-25T14:31:38.707+03:00 [s2] [O] [SYS] SF 12 SAVED
2026-09-25T14:31:41.548+03:00 [s1] [I] /config
2026-09-25T14:31:41.654+03:00 [s1] [O] [SYS] CFG schema=2 storage=NVS freq_oob=OFF
2026-09-25T14:31:41.656+03:00 [s1] [O] [SYS] CFG RADIO power=2 dBm freq=470 MHz sf=12 bw=500 kHz
2026-09-25T14:31:41.659+03:00 [s1] [O] [SYS] CFG LINK heartbeat=OFF retry=ON attempts=5 diag=OFF
2026-09-25T14:31:42.552+03:00 [s2] [I] /config
2026-09-25T14:31:42.624+03:00 [s2] [O] [SYS] CFG schema=2 storage=NVS freq_oob=OFF
2026-09-25T14:31:42.628+03:00 [s2] [O] [SYS] CFG RADIO power=2 dBm freq=470 MHz sf=12 bw=500 kHz
2026-09-25T14:31:42.629+03:00 [s2] [O] [SYS] CFG LINK heartbeat=OFF retry=ON attempts=5 diag=OFF
2026-09-25T14:31:45.463+03:00 [s1] [I] k
2026-09-25T14:31:45.798+03:00 [s1] [O] > k
2026-09-25T14:31:45.825+03:00 [s2] [O] < [-77/8 Q100] k
2026-09-25T14:31:48.083+03:00 [s1] [I] l
2026-09-25T14:31:48.455+03:00 [s1] [O] > l
2026-09-25T14:31:48.478+03:00 [s2] [O] < [-79/8 Q100] l
2026-09-25T14:31:50.698+03:00 [s1] [I] m
2026-09-25T14:31:51.065+03:00 [s1] [O] > m
2026-09-25T14:31:51.090+03:00 [s2] [O] < [-78/8 Q100] m
2026-09-25T14:31:53.314+03:00 [s2] [I] @
2026-09-25T14:31:53.654+03:00 [s2] [O] > @
2026-09-25T14:31:53.675+03:00 [s1] [O] < [-79/8 Q97] @
2026-09-25T14:31:55.928+03:00 [s2] [I] A
2026-09-25T14:31:56.263+03:00 [s2] [O] > A
2026-09-25T14:31:56.285+03:00 [s1] [O] < [-79/8 Q97] A
2026-09-25T14:31:58.542+03:00 [s2] [I] B
2026-09-25T14:31:58.871+03:00 [s2] [O] > B
2026-09-25T14:31:58.895+03:00 [s1] [O] < [-78/7 Q97] B
2026-09-25T14:32:02.569+03:00 [s1] [I] MCA00801
2026-09-25T14:32:02.944+03:00 [s1] [O] > MCA00801
2026-09-25T14:32:02.969+03:00 [s2] [O] < [-75/8 Q100] MCA00801
2026-09-25T14:32:05.184+03:00 [s1] [I] MCA00802
2026-09-25T14:32:05.598+03:00 [s1] [O] > MCA00802
2026-09-25T14:32:05.624+03:00 [s2] [O] < [-75/8 Q100] MCA00802
2026-09-25T14:32:07.798+03:00 [s1] [I] MCA00803
2026-09-25T14:32:08.209+03:00 [s1] [O] > MCA00803
2026-09-25T14:32:08.235+03:00 [s2] [O] < [-75/8 Q100] MCA00803
2026-09-25T14:32:10.413+03:00 [s2] [I] MCB00801
2026-09-25T14:32:10.797+03:00 [s2] [O] > MCB00801
2026-09-25T14:32:10.821+03:00 [s1] [O] < [-77/8 Q100] MCB00801
2026-09-25T14:32:13.027+03:00 [s2] [I] MCB00802
2026-09-25T14:32:13.408+03:00 [s2] [O] > MCB00802
2026-09-25T14:32:13.432+03:00 [s1] [O] < [-76/8 Q100] MCB00802
2026-09-25T14:32:15.640+03:00 [s2] [I] MCB00803
2026-09-25T14:32:16.016+03:00 [s2] [O] > MCB00803
2026-09-25T14:32:16.041+03:00 [s1] [O] < [-76/8 Q100] MCB00803
2026-09-25T14:32:19.667+03:00 [s1] [I] MCA01601........
2026-09-25T14:32:20.090+03:00 [s1] [O] > MCA01601........
2026-09-25T14:32:20.113+03:00 [s2] [O] < [-75/8 Q100] MCA01601........
2026-09-25T14:32:22.282+03:00 [s1] [I] MCA01602........
2026-09-25T14:32:22.701+03:00 [s1] [O] > MCA01602........
2026-09-25T14:32:22.727+03:00 [s2] [O] < [-75/8 Q100] MCA01602........
2026-09-25T14:32:24.897+03:00 [s1] [I] MCA01603........
2026-09-25T14:32:25.356+03:00 [s1] [O] > MCA01603........
2026-09-25T14:32:25.379+03:00 [s2] [O] < [-75/8 Q100] MCA01603........
2026-09-25T14:32:27.509+03:00 [s2] [I] MCB01601........
2026-09-25T14:32:27.944+03:00 [s2] [O] > MCB01601........
2026-09-25T14:32:27.967+03:00 [s1] [O] < [-76/8 Q100] MCB01601........
2026-09-25T14:32:30.123+03:00 [s2] [I] MCB01602........
2026-09-25T14:32:30.552+03:00 [s2] [O] > MCB01602........
2026-09-25T14:32:30.578+03:00 [s1] [O] < [-75/8 Q100] MCB01602........
2026-09-25T14:32:32.740+03:00 [s2] [I] MCB01603........
2026-09-25T14:32:33.163+03:00 [s2] [O] > MCB01603........
2026-09-25T14:32:33.188+03:00 [s1] [O] < [-75/8 Q100] MCB01603........
2026-09-25T14:32:36.764+03:00 [s1] [I] MCA03201........................
2026-09-25T14:32:37.306+03:00 [s2] [O] < [-74/8 Q100] MCA03201........................
2026-09-25T14:32:37.325+03:00 [s1] [O] > MCA03201........................
2026-09-25T14:32:40.983+03:00 [s1] [I] MCA03202........................
2026-09-25T14:32:41.537+03:00 [s2] [O] < [-73/8 Q100] MCA03202........................
2026-09-25T14:32:41.556+03:00 [s1] [O] > MCA03202........................
2026-09-25T14:32:45.200+03:00 [s1] [I] MCA03203........................
2026-09-25T14:32:45.768+03:00 [s2] [O] < [-73/8 Q100] MCA03203........................
2026-09-25T14:32:45.787+03:00 [s1] [O] > MCA03203........................
2026-09-25T14:32:49.418+03:00 [s2] [I] MCB03201........................
2026-09-25T14:32:49.973+03:00 [s1] [O] < [-74/7 Q100] MCB03201........................
2026-09-25T14:32:49.997+03:00 [s2] [O] > MCB03201........................
2026-09-25T14:32:53.635+03:00 [s2] [I] MCB03202........................
2026-09-25T14:32:54.204+03:00 [s1] [O] < [-74/8 Q100] MCB03202........................
2026-09-25T14:32:54.225+03:00 [s2] [O] > MCB03202........................
2026-09-25T14:32:57.852+03:00 [s2] [I] MCB03203........................
2026-09-25T14:32:58.390+03:00 [s1] [O] < [-74/8 Q100] MCB03203........................
2026-09-25T14:32:58.410+03:00 [s2] [O] > MCB03203........................
2026-09-25T14:33:03.478+03:00 [s1] [I] MCA06401........................................................
2026-09-25T14:33:04.243+03:00 [s1] [O] > MCA06401........................................................
2026-09-25T14:33:04.262+03:00 [s2] [O] < [-74/8 Q100] MCA06401........................................................
2026-09-25T14:33:07.695+03:00 [s1] [I] MCA06402........................................................
2026-09-25T14:33:08.469+03:00 [s1] [O] > MCA06402........................................................
2026-09-25T14:33:08.492+03:00 [s2] [O] < [-74/8 Q100] MCA06402........................................................
2026-09-25T14:33:11.913+03:00 [s1] [I] MCA06403........................................................
2026-09-25T14:33:12.657+03:00 [s1] [O] > MCA06403........................................................
2026-09-25T14:33:12.678+03:00 [s2] [O] < [-74/8 Q100] MCA06403........................................................
2026-09-25T14:33:16.130+03:00 [s2] [I] MCB06401........................................................
2026-09-25T14:33:16.952+03:00 [s2] [O] > MCB06401........................................................
2026-09-25T14:33:16.978+03:00 [s1] [O] < [-74/8 Q100] MCB06401........................................................
2026-09-25T14:33:20.349+03:00 [s2] [I] MCB06402........................................................
2026-09-25T14:33:21.092+03:00 [s2] [O] > MCB06402........................................................
2026-09-25T14:33:21.119+03:00 [s1] [O] < [-74/8 Q100] MCB06402........................................................
2026-09-25T14:33:24.568+03:00 [s2] [I] MCB06403........................................................
2026-09-25T14:33:25.322+03:00 [s2] [O] > MCB06403........................................................
2026-09-25T14:33:25.348+03:00 [s1] [O] < [-74/8 Q100] MCB06403........................................................
2026-09-25T14:33:33.857+03:00 [s1] [I] MCA09601........................................................................................
2026-09-25T14:33:34.843+03:00 [s1] [O] > MCA09601........................................................................................
2026-09-25T14:33:34.905+03:00 [s2] [O] < [-73/8 Q100] MCA09601........................................................................................
2026-09-25T14:33:38.078+03:00 [s1] [I] MCA09602........................................................................................
2026-09-25T14:33:39.070+03:00 [s1] [O] > MCA09602........................................................................................
2026-09-25T14:33:39.097+03:00 [s2] [O] < [-73/8 Q100] MCA09602........................................................................................
2026-09-25T14:33:42.299+03:00 [s1] [I] MCA09603........................................................................................
2026-09-25T14:33:43.327+03:00 [s2] [O] < [-73/8 Q100] MCA09603........................................................................................
2026-09-25T14:33:43.343+03:00 [s1] [O] > MCA09603........................................................................................
2026-09-25T14:33:46.518+03:00 [s2] [I] MCB09601........................................................................................
2026-09-25T14:33:47.508+03:00 [s2] [O] > MCB09601........................................................................................
2026-09-25T14:33:47.532+03:00 [s1] [O] < [-72/8 Q100] MCB09601........................................................................................
2026-09-25T14:33:50.737+03:00 [s2] [I] MCB09602........................................................................................
2026-09-25T14:33:51.739+03:00 [s2] [O] > MCB09602........................................................................................
2026-09-25T14:33:51.763+03:00 [s1] [O] < [-73/8 Q100] MCB09602........................................................................................
2026-09-25T14:33:54.955+03:00 [s2] [I] MCB09603........................................................................................
2026-09-25T14:33:55.926+03:00 [s2] [O] > MCB09603........................................................................................
2026-09-25T14:33:55.951+03:00 [s1] [O] < [-73/8 Q100] MCB09603........................................................................................
2026-09-25T14:34:00.582+03:00 [s1] [I] MCA12801........................................................................................................................
2026-09-25T14:34:01.823+03:00 [s2] [O] < [-74/8 Q100] MCA12801........................................................................................................................
2026-09-25T14:34:01.840+03:00 [s1] [O] > MCA12801........................................................................................................................
2026-09-25T14:34:04.802+03:00 [s1] [I] MCA12802........................................................................................................................
2026-09-25T14:34:06.052+03:00 [s2] [O] < [-74/8 Q100] MCA12802........................................................................................................................
2026-09-25T14:34:06.072+03:00 [s1] [O] > MCA12802........................................................................................................................
2026-09-25T14:34:09.022+03:00 [s1] [I] MCA12803........................................................................................................................
2026-09-25T14:34:10.237+03:00 [s2] [O] < [-74/8 Q100] MCA12803........................................................................................................................
2026-09-25T14:34:10.257+03:00 [s1] [O] > MCA12803........................................................................................................................
2026-09-25T14:34:13.241+03:00 [s2] [I] MCB12801........................................................................................................................
2026-09-25T14:34:14.489+03:00 [s1] [O] < [-74/8 Q100] MCB12801........................................................................................................................
2026-09-25T14:34:14.508+03:00 [s2] [O] > MCB12801........................................................................................................................
2026-09-25T14:34:17.460+03:00 [s2] [I] MCB12802........................................................................................................................
2026-09-25T14:34:18.677+03:00 [s1] [O] < [-74/8 Q100] MCB12802........................................................................................................................
2026-09-25T14:34:18.693+03:00 [s2] [O] > MCB12802........................................................................................................................
2026-09-25T14:34:21.678+03:00 [s2] [I] MCB12803........................................................................................................................
2026-09-25T14:34:22.906+03:00 [s1] [O] < [-73/8 Q100] MCB12803........................................................................................................................
2026-09-25T14:34:22.923+03:00 [s2] [O] > MCB12803........................................................................................................................
2026-09-25T14:34:27.307+03:00 [s1] [I] MCA16001........................................................................................................................................................
2026-09-25T14:34:28.757+03:00 [s1] [O] > MCA16001........................................................................................................................................................
2026-09-25T14:34:28.779+03:00 [s2] [O] < [-73/8 Q100] MCA16001........................................................................................................................................................
2026-09-25T14:34:31.526+03:00 [s1] [I] MCA16002........................................................................................................................................................
2026-09-25T14:34:32.941+03:00 [s1] [O] > MCA16002........................................................................................................................................................
2026-09-25T14:34:32.965+03:00 [s2] [O] < [-73/8 Q100] MCA16002........................................................................................................................................................
2026-09-25T14:34:35.746+03:00 [s1] [I] MCA16003........................................................................................................................................................
2026-09-25T14:34:37.173+03:00 [s1] [O] > MCA16003........................................................................................................................................................
2026-09-25T14:34:37.195+03:00 [s2] [O] < [-73/8 Q100] MCA16003........................................................................................................................................................
2026-09-25T14:34:39.965+03:00 [s2] [I] MCB16001........................................................................................................................................................
2026-09-25T14:34:41.381+03:00 [s2] [O] > MCB16001........................................................................................................................................................
2026-09-25T14:34:41.401+03:00 [s1] [O] < [-72/7 Q100] MCB16001........................................................................................................................................................
2026-09-25T14:34:44.183+03:00 [s2] [I] MCB16002........................................................................................................................................................
2026-09-25T14:34:45.613+03:00 [s2] [O] > MCB16002........................................................................................................................................................
2026-09-25T14:34:45.633+03:00 [s1] [O] < [-72/7 Q100] MCB16002........................................................................................................................................................
2026-09-25T14:34:48.401+03:00 [s2] [I] MCB16003........................................................................................................................................................
2026-09-25T14:34:49.838+03:00 [s2] [O] > MCB16003........................................................................................................................................................
2026-09-25T14:34:49.862+03:00 [s1] [O] < [-72/7 Q100] MCB16003........................................................................................................................................................
2026-09-25T14:34:54.030+03:00 [s1] [I] MCA18001............................................................................................................................................................................
2026-09-25T14:34:55.622+03:00 [s1] [O] > MCA18001............................................................................................................................................................................
2026-09-25T14:34:55.642+03:00 [s2] [O] < [-72/8 Q100] MCA18001............................................................................................................................................................................
2026-09-25T14:34:58.249+03:00 [s1] [I] MCA18002............................................................................................................................................................................
2026-09-25T14:34:59.811+03:00 [s1] [O] > MCA18002............................................................................................................................................................................
2026-09-25T14:34:59.828+03:00 [s2] [O] < [-72/8 Q100] MCA18002............................................................................................................................................................................
2026-09-25T14:35:02.468+03:00 [s1] [I] MCA18003............................................................................................................................................................................
2026-09-25T14:35:04.037+03:00 [s1] [O] > MCA18003............................................................................................................................................................................
2026-09-25T14:35:04.058+03:00 [s2] [O] < [-73/7 Q100] MCA18003............................................................................................................................................................................
2026-09-25T14:35:06.687+03:00 [s2] [I] MCB18001............................................................................................................................................................................
2026-09-25T14:35:08.245+03:00 [s2] [O] > MCB18001............................................................................................................................................................................
2026-09-25T14:35:08.266+03:00 [s1] [O] < [-72/6 Q100] MCB18001............................................................................................................................................................................
2026-09-25T14:35:10.904+03:00 [s2] [I] MCB18002............................................................................................................................................................................
2026-09-25T14:35:12.475+03:00 [s2] [O] > MCB18002............................................................................................................................................................................
2026-09-25T14:35:12.495+03:00 [s1] [O] < [-72/7 Q100] MCB18002............................................................................................................................................................................
2026-09-25T14:35:15.121+03:00 [s2] [I] MCB18003............................................................................................................................................................................
2026-09-25T14:35:16.707+03:00 [s2] [O] > MCB18003............................................................................................................................................................................
2026-09-25T14:35:16.726+03:00 [s1] [O] < [-72/6 Q100] MCB18003............................................................................................................................................................................
2026-09-25T14:35:20.751+03:00 [s1] [I] MCA20001................................................................................................................................................................................................
2026-09-25T14:35:22.466+03:00 [s2] [O] < [-72/8 Q100] MCA20001................................................................................................................................................................................................
2026-09-25T14:35:22.486+03:00 [s1] [O] > MCA20001................................................................................................................................................................................................
2026-09-25T14:35:24.971+03:00 [s1] [I] MCA20002................................................................................................................................................................................................
2026-09-25T14:35:26.698+03:00 [s2] [O] < [-73/7 Q100] MCA20002................................................................................................................................................................................................
2026-09-25T14:35:26.717+03:00 [s1] [O] > MCA20002................................................................................................................................................................................................
2026-09-25T14:35:29.189+03:00 [s1] [I] MCA20003................................................................................................................................................................................................
2026-09-25T14:35:30.931+03:00 [s2] [O] < [-73/6 Q100] MCA20003................................................................................................................................................................................................
2026-09-25T14:35:30.946+03:00 [s1] [O] > MCA20003................................................................................................................................................................................................
2026-09-25T14:35:33.409+03:00 [s2] [I] MCB20001................................................................................................................................................................................................
2026-09-25T14:35:35.136+03:00 [s1] [O] < [-71/5 Q100] MCB20001................................................................................................................................................................................................
2026-09-25T14:35:35.157+03:00 [s2] [O] > MCB20001................................................................................................................................................................................................
2026-09-25T14:35:37.627+03:00 [s2] [I] MCB20002................................................................................................................................................................................................
2026-09-25T14:35:39.368+03:00 [s1] [O] < [-72/6 Q100] MCB20002................................................................................................................................................................................................
2026-09-25T14:35:39.385+03:00 [s2] [O] > MCB20002................................................................................................................................................................................................
2026-09-25T14:35:41.848+03:00 [s2] [I] MCB20003................................................................................................................................................................................................
2026-09-25T14:35:43.597+03:00 [s1] [O] < [-72/6 Q100] MCB20003................................................................................................................................................................................................
2026-09-25T14:35:43.614+03:00 [s2] [O] > MCB20003................................................................................................................................................................................................
2026-09-25T14:36:01.096+03:00 [s1] [I] /cancel all
2026-09-25T14:36:01.100+03:00 [s2] [I] /cancel all
2026-09-25T14:36:01.160+03:00 [s2] [O] [SYS] DELIVERY CANCEL: nothing pending
2026-09-25T14:36:01.184+03:00 [s1] [O] [SYS] DELIVERY CANCEL: nothing pending
2026-09-25T14:36:16.268+03:00 [s1] [I] /heartbeat off
2026-09-25T14:36:16.271+03:00 [s1] [I] /diag off
2026-09-25T14:36:16.273+03:00 [s1] [I] /echo-loop stop
2026-09-25T14:36:16.277+03:00 [s2] [I] /heartbeat off
2026-09-25T14:36:16.284+03:00 [s2] [I] /diag off
2026-09-25T14:36:16.286+03:00 [s2] [I] /echo-loop stop
2026-09-25T14:36:16.345+03:00 [s1] [O] [SYS] HEARTBEAT OFF
2026-09-25T14:36:16.348+03:00 [s1] [O] [SYS] DIAG already OFF
2026-09-25T14:36:16.351+03:00 [s1] [O] [SYS] ECHO LOOP already stopped
2026-09-25T14:36:16.368+03:00 [s2] [O] [SYS] HEARTBEAT OFF
2026-09-25T14:36:16.371+03:00 [s2] [O] [SYS] DIAG already OFF
2026-09-25T14:36:16.374+03:00 [s2] [O] [SYS] ECHO LOOP already stopped
2026-09-25T14:36:36.255+03:00 [s1] [I] /power 2
2026-09-25T14:36:36.259+03:00 [s1] [I] /freq 470
2026-09-25T14:36:36.261+03:00 [s1] [I] /config
2026-09-25T14:36:36.264+03:00 [s2] [I] /power 2
2026-09-25T14:36:36.271+03:00 [s2] [I] /freq 470
2026-09-25T14:36:36.272+03:00 [s2] [I] /config
2026-09-25T14:36:36.329+03:00 [s1] [O] [SYS] POWER 2 dBm SAVED
2026-09-25T14:36:36.330+03:00 [s1] [O] [SYS] FREQ 470 MHz SAVED
2026-09-25T14:36:36.331+03:00 [s1] [O] [SYS] CFG schema=2 storage=NVS freq_oob=OFF
2026-09-25T14:36:36.332+03:00 [s1] [O] [SYS] CFG RADIO power=2 dBm freq=470 MHz sf=12 bw=500 kHz
2026-09-25T14:36:36.334+03:00 [s1] [O] [SYS] CFG LINK heartbeat=OFF retry=ON attempts=5 diag=OFF
2026-09-25T14:36:36.350+03:00 [s2] [O] [SYS] POWER 2 dBm SAVED
2026-09-25T14:36:36.351+03:00 [s2] [O] [SYS] FREQ 470 MHz SAVED
2026-09-25T14:36:36.353+03:00 [s2] [O] [SYS] CFG schema=2 storage=NVS freq_oob=OFF
2026-09-25T14:36:36.354+03:00 [s2] [O] [SYS] CFG RADIO power=2 dBm freq=470 MHz sf=12 bw=500 kHz
2026-09-25T14:36:36.356+03:00 [s2] [O] [SYS] CFG LINK heartbeat=OFF retry=ON attempts=5 diag=OFF
