2026-09-24T11:08:06.437+03:00 [RUN] {"event":"start","pid":21306}
2026-09-24T11:08:06.437+03:00 [AGENT] {"console_log_path":"/tmp/chatter-heartbeat-recovery-20260924T080759Z.console.log","event":"ready","log_path":"/tmp/chatter-heartbeat-recovery-20260924T080759Z.log"}
2026-09-24T11:08:09.840+03:00 [AGENT REQUEST] {"id":1,"op":"discover","scope":"ble"}
2026-09-24T11:08:12.937+03:00 [AGENT RESPONSE] {"id":1,"ok":true,"result":{"devices":[{"detail":"44:1B:F6:8D:B7:A9","key":"ble-address:44:1b:f6:8d:b7:a9","kind":"ble","label":"BLE  LoRa-Chatter-1B44"},{"detail":"E0:72:A1:D5:4C:15","key":"ble-address:e0:72:a1:d5:4c:15","kind":"ble","label":"BLE  LoRa-Chatter-72E0"}]}}
2026-09-24T11:08:23.154+03:00 [AGENT REQUEST] {"id":2,"op":"open","device_key":"ble-address:44:1b:f6:8d:b7:a9","profile":"chatter"}
2026-09-24T11:08:23.165+03:00 [STATE] {"description":"ble:LoRa-Chatter-1B44 44:1B:F6:8D:B7:A9","device_key":"ble-address:44:1b:f6:8d:b7:a9","kind":"state","seq":1,"session":"s1","state":"reconnecting","timestamp":1790237303.165683}
2026-09-24T11:08:28.015+03:00 [AGENT RESPONSE] {"id":2,"ok":true,"result":{"description":"ble:LoRa-Chatter-1B44 44:1B:F6:8D:B7:A9","device_key":"ble-address:44:1b:f6:8d:b7:a9","latest_seq":3,"profile":"chatter","session":"s1","state":"connected","streams":["chat","telemetry"]}}
2026-09-24T11:08:28.015+03:00 [TX] {"data_b64":"L2lkCg==","description":"ble:LoRa-Chatter-1B44 44:1B:F6:8D:B7:A9","device_key":"ble-address:44:1b:f6:8d:b7:a9","kind":"tx","seq":2,"session":"s1","timestamp":1790237308.01532,"tx_state":"connect-preamble-written"}
2026-09-24T11:08:28.016+03:00 [AGENT REQUEST] {"id":3,"op":"open","device_key":"ble-address:e0:72:a1:d5:4c:15","profile":"chatter"}
2026-09-24T11:08:28.016+03:00 [STATE] {"description":"ble:LoRa-Chatter-1B44 44:1B:F6:8D:B7:A9","device_key":"ble-address:44:1b:f6:8d:b7:a9","kind":"state","seq":3,"session":"s1","state":"connected","timestamp":1790237308.0154288}
2026-09-24T11:08:28.018+03:00 [STATE] {"description":"ble:LoRa-Chatter-72E0 E0:72:A1:D5:4C:15","device_key":"ble-address:e0:72:a1:d5:4c:15","kind":"state","seq":1,"session":"s2","state":"reconnecting","timestamp":1790237308.0183425}
2026-09-24T11:08:28.102+03:00 [RX chat] {"data_b64":"W1NZU10gQ0hBVFRFUiBOT0RFIEw=","description":"ble:LoRa-Chatter-1B44 44:1B:F6:8D:B7:A9","device_key":"ble-address:44:1b:f6:8d:b7:a9","kind":"rx","seq":4,"session":"s1","stream":"chat","text":"[SYS] CHATTER NODE L","timestamp":1790237308.1020463}
2026-09-24T11:08:28.103+03:00 [RX chat] {"data_b64":"b1JhLUNoYXR0ZXItMUI0NAo=","description":"ble:LoRa-Chatter-1B44 44:1B:F6:8D:B7:A9","device_key":"ble-address:44:1b:f6:8d:b7:a9","kind":"rx","seq":5,"session":"s1","stream":"chat","text":"oRa-Chatter-1B44\n","timestamp":1790237308.1026502}
2026-09-24T11:08:33.030+03:00 [TX] {"data_b64":"L2lkCg==","description":"ble:LoRa-Chatter-72E0 E0:72:A1:D5:4C:15","device_key":"ble-address:e0:72:a1:d5:4c:15","kind":"tx","seq":2,"session":"s2","timestamp":1790237313.0304313,"tx_state":"connect-preamble-written"}
2026-09-24T11:08:33.030+03:00 [STATE] {"description":"ble:LoRa-Chatter-72E0 E0:72:A1:D5:4C:15","device_key":"ble-address:e0:72:a1:d5:4c:15","kind":"state","seq":3,"session":"s2","state":"connected","timestamp":1790237313.0304847}
2026-09-24T11:08:33.031+03:00 [AGENT RESPONSE] {"id":3,"ok":true,"result":{"description":"ble:LoRa-Chatter-72E0 E0:72:A1:D5:4C:15","device_key":"ble-address:e0:72:a1:d5:4c:15","latest_seq":3,"profile":"chatter","session":"s2","state":"connected","streams":["chat","telemetry"]}}
2026-09-24T11:08:33.120+03:00 [RX chat] {"data_b64":"W1NZU10gQ0hBVFRFUiBOT0RFIEw=","description":"ble:LoRa-Chatter-72E0 E0:72:A1:D5:4C:15","device_key":"ble-address:e0:72:a1:d5:4c:15","kind":"rx","seq":4,"session":"s2","stream":"chat","text":"[SYS] CHATTER NODE L","timestamp":1790237313.1196964}
2026-09-24T11:08:33.121+03:00 [RX chat] {"data_b64":"b1JhLUNoYXR0ZXItNzJFMAo=","description":"ble:LoRa-Chatter-72E0 E0:72:A1:D5:4C:15","device_key":"ble-address:e0:72:a1:d5:4c:15","kind":"rx","seq":5,"session":"s2","stream":"chat","text":"oRa-Chatter-72E0\n","timestamp":1790237313.1206849}
2026-09-24T11:08:41.692+03:00 [RX telemetry] {"data_b64":"ClNFU1NJT04gdD00NjgwcyBUWCA=","description":"ble:LoRa-Chatter-1B44 44:1B:F6:8D:B7:A9","device_key":"ble-address:44:1b:f6:8d:b7:a9","kind":"rx","seq":6,"session":"s1","stream":"telemetry","text":"\nSESSION t=4680s TX ","timestamp":1790237321.6920524}
2026-09-24T11:08:41.692+03:00 [RX telemetry] {"data_b64":"b2s9MCB1c2VyPTAgZWNob19yZXE=","description":"ble:LoRa-Chatter-1B44 44:1B:F6:8D:B7:A9","device_key":"ble-address:44:1b:f6:8d:b7:a9","kind":"rx","seq":7,"session":"s1","stream":"telemetry","text":"ok=0 user=0 echo_req","timestamp":1790237321.6928194}
2026-09-24T11:08:41.693+03:00 [RX telemetry] {"data_b64":"PTAgZWNob19yZXA9MCBoYj0wKGk=","description":"ble:LoRa-Chatter-1B44 44:1B:F6:8D:B7:A9","device_key":"ble-address:44:1b:f6:8d:b7:a9","kind":"rx","seq":8,"session":"s1","stream":"telemetry","text":"=0 echo_rep=0 hb=0(i","timestamp":1790237321.6932323}
2026-09-24T11:08:41.694+03:00 [RX telemetry] {"data_b64":"ZGxlPTApIGVycj0wIHN0YXJ0ZWQ=","description":"ble:LoRa-Chatter-1B44 44:1B:F6:8D:B7:A9","device_key":"ble-address:44:1b:f6:8d:b7:a9","kind":"rx","seq":9,"session":"s1","stream":"telemetry","text":"dle=0) err=0 started","timestamp":1790237321.6938975}
2026-09-24T11:08:41.694+03:00 [RX telemetry] {"data_b64":"PTAgUlggb2s9MCB1c2VyPTAgZWM=","description":"ble:LoRa-Chatter-1B44 44:1B:F6:8D:B7:A9","device_key":"ble-address:44:1b:f6:8d:b7:a9","kind":"rx","seq":10,"session":"s1","stream":"telemetry","text":"=0 RX ok=0 user=0 ec","timestamp":1790237321.6945236}
2026-09-24T11:08:41.695+03:00 [RX telemetry] {"data_b64":"aG9fcmVxPTAgZWNob19yZXA9MCA=","description":"ble:LoRa-Chatter-1B44 44:1B:F6:8D:B7:A9","device_key":"ble-address:44:1b:f6:8d:b7:a9","kind":"rx","seq":11,"session":"s1","stream":"telemetry","text":"ho_req=0 echo_rep=0 ","timestamp":1790237321.6954043}
2026-09-24T11:08:41.696+03:00 [RX telemetry] {"data_b64":"aGI9MCBjcmM9MCBoZHI9MCBiYWQ=","description":"ble:LoRa-Chatter-1B44 44:1B:F6:8D:B7:A9","device_key":"ble-address:44:1b:f6:8d:b7:a9","kind":"rx","seq":12,"session":"s1","stream":"telemetry","text":"hb=0 crc=0 hdr=0 bad","timestamp":1790237321.6954844}
2026-09-24T11:08:41.696+03:00 [RX telemetry] {"data_b64":"PTEgcmVhZGVycj0wIHJlcG9ydHM=","description":"ble:LoRa-Chatter-1B44 44:1B:F6:8D:B7:A9","device_key":"ble-address:44:1b:f6:8d:b7:a9","kind":"rx","seq":13,"session":"s1","stream":"telemetry","text":"=1 readerr=0 reports","timestamp":1790237321.6964345}
2026-09-24T11:08:41.697+03:00 [RX telemetry] {"data_b64":"PTAgUT0wJSBkcm9wcz0wIGZhdGE=","description":"ble:LoRa-Chatter-1B44 44:1B:F6:8D:B7:A9","device_key":"ble-address:44:1b:f6:8d:b7:a9","kind":"rx","seq":14,"session":"s1","stream":"telemetry","text":"=0 Q=0% drops=0 fata","timestamp":1790237321.6971023}
2026-09-24T11:08:41.697+03:00 [RX telemetry] {"data_b64":"bD0wCg==","description":"ble:LoRa-Chatter-1B44 44:1B:F6:8D:B7:A9","device_key":"ble-address:44:1b:f6:8d:b7:a9","kind":"rx","seq":15,"session":"s1","stream":"telemetry","text":"l=0\n","timestamp":1790237321.6978006}
2026-09-24T11:08:41.698+03:00 [RX telemetry] {"data_b64":"U0VTU0lPTiBDT1VSVEVTWSB3aW4=","description":"ble:LoRa-Chatter-1B44 44:1B:F6:8D:B7:A9","device_key":"ble-address:44:1b:f6:8d:b7:a9","kind":"rx","seq":16,"session":"s1","stream":"telemetry","text":"SESSION COURTESY win","timestamp":1790237321.698594}
2026-09-24T11:08:41.699+03:00 [RX telemetry] {"data_b64":"ZG93PTkxMjNtcyBwZWVyX3JlbGU=","description":"ble:LoRa-Chatter-1B44 44:1B:F6:8D:B7:A9","device_key":"ble-address:44:1b:f6:8d:b7:a9","kind":"rx","seq":17,"session":"s1","stream":"telemetry","text":"dow=9123ms peer_rele","timestamp":1790237321.6996677}
2026-09-24T11:08:41.700+03:00 [RX telemetry] {"data_b64":"YXNlPTAgZXhwaXJlZD0wIHlpZWw=","description":"ble:LoRa-Chatter-1B44 44:1B:F6:8D:B7:A9","device_key":"ble-address:44:1b:f6:8d:b7:a9","kind":"rx","seq":18,"session":"s1","stream":"telemetry","text":"ase=0 expired=0 yiel","timestamp":1790237321.7006683}
2026-09-24T11:08:41.701+03:00 [RX telemetry] {"data_b64":"ZGluZz0wCg==","description":"ble:LoRa-Chatter-1B44 44:1B:F6:8D:B7:A9","device_key":"ble-address:44:1b:f6:8d:b7:a9","kind":"rx","seq":19,"session":"s1","stream":"telemetry","text":"ding=0\n","timestamp":1790237321.701245}
2026-09-24T11:08:41.702+03:00 [RX telemetry] {"data_b64":"U0VTU0lPTiBESU8wX1RYIGFmZmU=","description":"ble:LoRa-Chatter-1B44 44:1B:F6:8D:B7:A9","device_key":"ble-address:44:1b:f6:8d:b7:a9","kind":"rx","seq":20,"session":"s1","stream":"telemetry","text":"SESSION DIO0_TX affe","timestamp":1790237321.7018538}
2026-09-24T11:08:41.702+03:00 [RX telemetry] {"data_b64":"Y3RlZD0wLzAgZXBpc29kZXM9MCA=","description":"ble:LoRa-Chatter-1B44 44:1B:F6:8D:B7:A9","device_key":"ble-address:44:1b:f6:8d:b7:a9","kind":"rx","seq":21,"session":"s1","stream":"telemetry","text":"cted=0/0 episodes=0 ","timestamp":1790237321.7024467}
2026-09-24T11:08:41.703+03:00 [RX telemetry] {"data_b64":"YXZnX2FsbD0wLjAwIGF2Z19hZmY=","description":"ble:LoRa-Chatter-1B44 44:1B:F6:8D:B7:A9","device_key":"ble-address:44:1b:f6:8d:b7:a9","kind":"rx","seq":22,"session":"s1","stream":"telemetry","text":"avg_all=0.00 avg_aff","timestamp":1790237321.7031345}
2026-09-24T11:08:41.703+03:00 [RX telemetry] {"data_b64":"ZWN0ZWQ9MC4wMCBoaWdoX3BvbGw=","description":"ble:LoRa-Chatter-1B44 44:1B:F6:8D:B7:A9","device_key":"ble-address:44:1b:f6:8d:b7:a9","kind":"rx","seq":23,"session":"s1","stream":"telemetry","text":"ected=0.00 high_poll","timestamp":1790237321.703629}
2026-09-24T11:08:41.704+03:00 [RX telemetry] {"data_b64":"cz0wCg==","description":"ble:LoRa-Chatter-1B44 44:1B:F6:8D:B7:A9","device_key":"ble-address:44:1b:f6:8d:b7:a9","kind":"rx","seq":24,"session":"s1","stream":"telemetry","text":"s=0\n","timestamp":1790237321.704245}
2026-09-24T11:08:41.704+03:00 [RX telemetry] {"data_b64":"U0VTU0lPTiBSWF9QT0xMIHBvbGw=","description":"ble:LoRa-Chatter-1B44 44:1B:F6:8D:B7:A9","device_key":"ble-address:44:1b:f6:8d:b7:a9","kind":"rx","seq":25,"session":"s1","stream":"telemetry","text":"SESSION RX_POLL poll","timestamp":1790237321.7047536}
2026-09-24T11:08:41.705+03:00 [RX telemetry] {"data_b64":"cz00Njc3ODMwIHJ4ZG9uZT0xIGk=","description":"ble:LoRa-Chatter-1B44 44:1B:F6:8D:B7:A9","device_key":"ble-address:44:1b:f6:8d:b7:a9","kind":"rx","seq":26,"session":"s1","stream":"telemetry","text":"s=4677830 rxdone=1 i","timestamp":1790237321.7053087}
2026-09-24T11:08:41.706+03:00 [RX telemetry] {"data_b64":"bnRlcnZhbD0xMDAwdXMgRElPMF8=","description":"ble:LoRa-Chatter-1B44 44:1B:F6:8D:B7:A9","device_key":"ble-address:44:1b:f6:8d:b7:a9","kind":"rx","seq":27,"session":"s1","stream":"telemetry","text":"nterval=1000us DIO0_","timestamp":1790237321.7059329}
2026-09-24T11:08:41.706+03:00 [RX telemetry] {"data_b64":"UlggZmFsc2VfaGlnaF9lcD0wIGg=","description":"ble:LoRa-Chatter-1B44 44:1B:F6:8D:B7:A9","device_key":"ble-address:44:1b:f6:8d:b7:a9","kind":"rx","seq":28,"session":"s1","stream":"telemetry","text":"RX false_high_ep=0 h","timestamp":1790237321.7066035}
2026-09-24T11:08:41.707+03:00 [RX telemetry] {"data_b64":"aWdoX3BvbGxzPTAgcnhkb25lX2w=","description":"ble:LoRa-Chatter-1B44 44:1B:F6:8D:B7:A9","device_key":"ble-address:44:1b:f6:8d:b7:a9","kind":"rx","seq":29,"session":"s1","stream":"telemetry","text":"igh_polls=0 rxdone_l","timestamp":1790237321.7071812}
2026-09-24T11:08:41.707+03:00 [RX telemetry] {"data_b64":"b3c9MCBpc3I9ZGlzYWJsZWQK","description":"ble:LoRa-Chatter-1B44 44:1B:F6:8D:B7:A9","device_key":"ble-address:44:1b:f6:8d:b7:a9","kind":"rx","seq":30,"session":"s1","stream":"telemetry","text":"ow=0 isr=disabled\n","timestamp":1790237321.7078276}
2026-09-24T11:08:42.497+03:00 [AGENT REQUEST] {"id":4,"op":"send_line","session":"s1","text":"/id"}
2026-09-24T11:08:42.498+03:00 [TX] {"data_b64":"L2lkCg==","device_key":"ble-address:44:1b:f6:8d:b7:a9","kind":"tx","seq":31,"session":"s1","text":"/id","timestamp":1790237322.4978926,"tx_id":1,"tx_state":"queued"}
2026-09-24T11:08:42.498+03:00 [AGENT RESPONSE] {"id":4,"ok":true,"result":{"state":"queued","tx_id":1}}
2026-09-24T11:08:42.499+03:00 [AGENT REQUEST] {"id":5,"op":"send_line","session":"s2","text":"/id"}
2026-09-24T11:08:42.500+03:00 [TX] {"data_b64":"L2lkCg==","device_key":"ble-address:e0:72:a1:d5:4c:15","kind":"tx","seq":6,"session":"s2","text":"/id","timestamp":1790237322.499529,"tx_id":1,"tx_state":"queued"}
2026-09-24T11:08:42.501+03:00 [AGENT RESPONSE] {"id":5,"ok":true,"result":{"state":"queued","tx_id":1}}
2026-09-24T11:08:42.501+03:00 [TX] {"data_b64":"L2lkCg==","description":"ble:LoRa-Chatter-1B44 44:1B:F6:8D:B7:A9","device_key":"ble-address:44:1b:f6:8d:b7:a9","kind":"tx","seq":32,"session":"s1","text":"/id","timestamp":1790237322.5009809,"tx_id":1,"tx_state":"written"}
2026-09-24T11:08:42.502+03:00 [TX] {"data_b64":"L2lkCg==","description":"ble:LoRa-Chatter-72E0 E0:72:A1:D5:4C:15","device_key":"ble-address:e0:72:a1:d5:4c:15","kind":"tx","seq":7,"session":"s2","text":"/id","timestamp":1790237322.5015666,"tx_id":1,"tx_state":"written"}
2026-09-24T11:08:42.502+03:00 [AGENT REQUEST] {"id":6,"op":"send_line","session":"s1","text":"/version"}
2026-09-24T11:08:42.502+03:00 [TX] {"data_b64":"L3ZlcnNpb24K","device_key":"ble-address:44:1b:f6:8d:b7:a9","kind":"tx","seq":33,"session":"s1","text":"/version","timestamp":1790237322.5024724,"tx_id":2,"tx_state":"queued"}
2026-09-24T11:08:42.503+03:00 [AGENT RESPONSE] {"id":6,"ok":true,"result":{"state":"queued","tx_id":2}}
2026-09-24T11:08:42.503+03:00 [AGENT REQUEST] {"id":7,"op":"send_line","session":"s2","text":"/version"}
2026-09-24T11:08:42.504+03:00 [TX] {"data_b64":"L3ZlcnNpb24K","device_key":"ble-address:e0:72:a1:d5:4c:15","kind":"tx","seq":8,"session":"s2","text":"/version","timestamp":1790237322.5037591,"tx_id":2,"tx_state":"queued"}
2026-09-24T11:08:42.505+03:00 [AGENT RESPONSE] {"id":7,"ok":true,"result":{"state":"queued","tx_id":2}}
2026-09-24T11:08:42.505+03:00 [TX] {"data_b64":"L3ZlcnNpb24K","description":"ble:LoRa-Chatter-1B44 44:1B:F6:8D:B7:A9","device_key":"ble-address:44:1b:f6:8d:b7:a9","kind":"tx","seq":34,"session":"s1","text":"/version","timestamp":1790237322.5044787,"tx_id":2,"tx_state":"written"}
2026-09-24T11:08:42.506+03:00 [TX] {"data_b64":"L3ZlcnNpb24K","description":"ble:LoRa-Chatter-72E0 E0:72:A1:D5:4C:15","device_key":"ble-address:e0:72:a1:d5:4c:15","kind":"tx","seq":9,"session":"s2","text":"/version","timestamp":1790237322.5060067,"tx_id":2,"tx_state":"written"}
2026-09-24T11:08:42.569+03:00 [RX chat] {"data_b64":"W1NZU10gQ0hBVFRFUiBOT0RFIEw=","description":"ble:LoRa-Chatter-72E0 E0:72:A1:D5:4C:15","device_key":"ble-address:e0:72:a1:d5:4c:15","kind":"rx","seq":10,"session":"s2","stream":"chat","text":"[SYS] CHATTER NODE L","timestamp":1790237322.568933}
2026-09-24T11:08:42.570+03:00 [RX chat] {"data_b64":"b1JhLUNoYXR0ZXItNzJFMAo=","description":"ble:LoRa-Chatter-72E0 E0:72:A1:D5:4C:15","device_key":"ble-address:e0:72:a1:d5:4c:15","kind":"rx","seq":11,"session":"s2","stream":"chat","text":"oRa-Chatter-72E0\n","timestamp":1790237322.5696135}
2026-09-24T11:08:42.570+03:00 [RX chat] {"data_b64":"W1NZU10gRklSTVdBUkUgQ2hhdHQ=","description":"ble:LoRa-Chatter-72E0 E0:72:A1:D5:4C:15","device_key":"ble-address:e0:72:a1:d5:4c:15","kind":"rx","seq":12,"session":"s2","stream":"chat","text":"[SYS] FIRMWARE Chatt","timestamp":1790237322.5706525}
2026-09-24T11:08:42.571+03:00 [RX chat] {"data_b64":"ZXIgZ2l0PTBmYTAxYmQ3YTIyMGQ=","description":"ble:LoRa-Chatter-72E0 E0:72:A1:D5:4C:15","device_key":"ble-address:e0:72:a1:d5:4c:15","kind":"rx","seq":13,"session":"s2","stream":"chat","text":"er git=0fa01bd7a220d","timestamp":1790237322.5713646}
2026-09-24T11:08:42.572+03:00 [RX chat] {"data_b64":"MjUxMDE3MTZiYzg0MDg5YTIxZTc=","description":"ble:LoRa-Chatter-72E0 E0:72:A1:D5:4C:15","device_key":"ble-address:e0:72:a1:d5:4c:15","kind":"rx","seq":14,"session":"s2","stream":"chat","text":"25101716bc84089a21e7","timestamp":1790237322.571961}
2026-09-24T11:08:42.572+03:00 [RX chat] {"data_b64":"MTQ3MzliOSBzdGF0ZT1jbGVhbiA=","description":"ble:LoRa-Chatter-72E0 E0:72:A1:D5:4C:15","device_key":"ble-address:e0:72:a1:d5:4c:15","kind":"rx","seq":15,"session":"s2","stream":"chat","text":"14739b9 state=clean ","timestamp":1790237322.5724878}
2026-09-24T11:08:42.573+03:00 [RX chat] {"data_b64":"ZW52PWVzcDMyLXMzLW4xNnI4Cg==","description":"ble:LoRa-Chatter-72E0 E0:72:A1:D5:4C:15","device_key":"ble-address:e0:72:a1:d5:4c:15","kind":"rx","seq":16,"session":"s2","stream":"chat","text":"env=esp32-s3-n16r8\n","timestamp":1790237322.5732965}
2026-09-24T11:08:42.574+03:00 [RX chat] {"data_b64":"W1NZU10gRklSTVdBUkUgSU1BR0U=","description":"ble:LoRa-Chatter-72E0 E0:72:A1:D5:4C:15","device_key":"ble-address:e0:72:a1:d5:4c:15","kind":"rx","seq":17,"session":"s2","stream":"chat","text":"[SYS] FIRMWARE IMAGE","timestamp":1790237322.5737767}
2026-09-24T11:08:42.575+03:00 [RX chat] {"data_b64":"IHZhbGlkYXRpb25fc2hhMjU2PTk=","description":"ble:LoRa-Chatter-72E0 E0:72:A1:D5:4C:15","device_key":"ble-address:e0:72:a1:d5:4c:15","kind":"rx","seq":18,"session":"s2","stream":"chat","text":" validation_sha256=9","timestamp":1790237322.574807}
2026-09-24T11:08:42.575+03:00 [RX chat] {"data_b64":"YWY5OGRmZmE2ODljNmIyOWY2NTc=","description":"ble:LoRa-Chatter-72E0 E0:72:A1:D5:4C:15","device_key":"ble-address:e0:72:a1:d5:4c:15","kind":"rx","seq":19,"session":"s2","stream":"chat","text":"af98dffa689c6b29f657","timestamp":1790237322.5755768}
2026-09-24T11:08:42.576+03:00 [RX chat] {"data_b64":"YWNhNDI2OWM0NjNkMGFmMDE3MDE=","description":"ble:LoRa-Chatter-72E0 E0:72:A1:D5:4C:15","device_key":"ble-address:e0:72:a1:d5:4c:15","kind":"rx","seq":20,"session":"s2","stream":"chat","text":"aca4269c463d0af01701","timestamp":1790237322.5762916}
2026-09-24T11:08:42.577+03:00 [RX chat] {"data_b64":"MWU3NTViN2Q0MDA1M2ZjMzc0MjE=","description":"ble:LoRa-Chatter-72E0 E0:72:A1:D5:4C:15","device_key":"ble-address:e0:72:a1:d5:4c:15","kind":"rx","seq":21,"session":"s2","stream":"chat","text":"1e755b7d40053fc37421","timestamp":1790237322.577224}
2026-09-24T11:08:42.578+03:00 [RX chat] {"data_b64":"MWVmIHN0YXR1cz1PSyBzbG90PTA=","description":"ble:LoRa-Chatter-72E0 E0:72:A1:D5:4C:15","device_key":"ble-address:e0:72:a1:d5:4c:15","kind":"rx","seq":22,"session":"s2","stream":"chat","text":"1ef status=OK slot=0","timestamp":1790237322.5773103}
2026-09-24T11:08:42.578+03:00 [RX chat] {"data_b64":"Cg==","description":"ble:LoRa-Chatter-72E0 E0:72:A1:D5:4C:15","device_key":"ble-address:e0:72:a1:d5:4c:15","kind":"rx","seq":23,"session":"s2","stream":"chat","text":"\n","timestamp":1790237322.5779533}
2026-09-24T11:08:42.579+03:00 [RX chat] {"data_b64":"W1NZU10gQlVJTEQgTUVUQSB0b28=","description":"ble:LoRa-Chatter-72E0 E0:72:A1:D5:4C:15","device_key":"ble-address:e0:72:a1:d5:4c:15","kind":"rx","seq":24,"session":"s2","stream":"chat","text":"[SYS] BUILD META too","timestamp":1790237322.5787702}
2026-09-24T11:08:42.580+03:00 [RX chat] {"data_b64":"bGNoYWluX3NoYTI1Nj1hMDg3Yzc=","description":"ble:LoRa-Chatter-72E0 E0:72:A1:D5:4C:15","device_key":"ble-address:e0:72:a1:d5:4c:15","kind":"rx","seq":25,"session":"s2","stream":"chat","text":"lchain_sha256=a087c7","timestamp":1790237322.579253}
2026-09-24T11:08:42.580+03:00 [RX chat] {"data_b64":"M2MwMDk0ZjdkNWM3YmNlOTZkM2I=","description":"ble:LoRa-Chatter-72E0 E0:72:A1:D5:4C:15","device_key":"ble-address:e0:72:a1:d5:4c:15","kind":"rx","seq":26,"session":"s2","stream":"chat","text":"3c0094f7d5c7bce96d3b","timestamp":1790237322.5796497}
2026-09-24T11:08:42.581+03:00 [RX chat] {"data_b64":"NDRiNTM0OTM2MTUyNzE5MDczMGM=","description":"ble:LoRa-Chatter-72E0 E0:72:A1:D5:4C:15","device_key":"ble-address:e0:72:a1:d5:4c:15","kind":"rx","seq":27,"session":"s2","stream":"chat","text":"44b5349361527190730c","timestamp":1790237322.5808015}
2026-09-24T11:08:42.581+03:00 [RX chat] {"data_b64":"YWM3NmFhZjgwODcyODliYmZiIHA=","description":"ble:LoRa-Chatter-72E0 E0:72:A1:D5:4C:15","device_key":"ble-address:e0:72:a1:d5:4c:15","kind":"rx","seq":28,"session":"s2","stream":"chat","text":"ac76aaf8087289bbfb p","timestamp":1790237322.5815318}
2026-09-24T11:08:42.582+03:00 [RX chat] {"data_b64":"aW89Ni4yLjAK","description":"ble:LoRa-Chatter-72E0 E0:72:A1:D5:4C:15","device_key":"ble-address:e0:72:a1:d5:4c:15","kind":"rx","seq":29,"session":"s2","stream":"chat","text":"io=6.2.0\n","timestamp":1790237322.5822823}
2026-09-24T11:08:42.592+03:00 [RX chat] {"data_b64":"W1NZU10gQ0hBVFRFUiBOT0RFIEw=","description":"ble:LoRa-Chatter-1B44 44:1B:F6:8D:B7:A9","device_key":"ble-address:44:1b:f6:8d:b7:a9","kind":"rx","seq":35,"session":"s1","stream":"chat","text":"[SYS] CHATTER NODE L","timestamp":1790237322.5918295}
2026-09-24T11:08:42.592+03:00 [RX chat] {"data_b64":"b1JhLUNoYXR0ZXItMUI0NAo=","description":"ble:LoRa-Chatter-1B44 44:1B:F6:8D:B7:A9","device_key":"ble-address:44:1b:f6:8d:b7:a9","kind":"rx","seq":36,"session":"s1","stream":"chat","text":"oRa-Chatter-1B44\n","timestamp":1790237322.5925987}
2026-09-24T11:08:42.593+03:00 [RX chat] {"data_b64":"W1NZU10gRklSTVdBUkUgQ2hhdHQ=","description":"ble:LoRa-Chatter-1B44 44:1B:F6:8D:B7:A9","device_key":"ble-address:44:1b:f6:8d:b7:a9","kind":"rx","seq":37,"session":"s1","stream":"chat","text":"[SYS] FIRMWARE Chatt","timestamp":1790237322.5936954}
2026-09-24T11:08:42.594+03:00 [RX chat] {"data_b64":"ZXIgZ2l0PTBmYTAxYmQ3YTIyMGQ=","description":"ble:LoRa-Chatter-1B44 44:1B:F6:8D:B7:A9","device_key":"ble-address:44:1b:f6:8d:b7:a9","kind":"rx","seq":38,"session":"s1","stream":"chat","text":"er git=0fa01bd7a220d","timestamp":1790237322.5937746}
2026-09-24T11:08:42.594+03:00 [RX chat] {"data_b64":"MjUxMDE3MTZiYzg0MDg5YTIxZTc=","description":"ble:LoRa-Chatter-1B44 44:1B:F6:8D:B7:A9","device_key":"ble-address:44:1b:f6:8d:b7:a9","kind":"rx","seq":39,"session":"s1","stream":"chat","text":"25101716bc84089a21e7","timestamp":1790237322.5946033}
2026-09-24T11:08:42.595+03:00 [RX chat] {"data_b64":"MTQ3MzliOSBzdGF0ZT1jbGVhbiA=","description":"ble:LoRa-Chatter-1B44 44:1B:F6:8D:B7:A9","device_key":"ble-address:44:1b:f6:8d:b7:a9","kind":"rx","seq":40,"session":"s1","stream":"chat","text":"14739b9 state=clean ","timestamp":1790237322.5951147}
2026-09-24T11:08:42.596+03:00 [RX chat] {"data_b64":"ZW52PWVzcDMyLXMzLW4xNnI4Cg==","description":"ble:LoRa-Chatter-1B44 44:1B:F6:8D:B7:A9","device_key":"ble-address:44:1b:f6:8d:b7:a9","kind":"rx","seq":41,"session":"s1","stream":"chat","text":"env=esp32-s3-n16r8\n","timestamp":1790237322.596048}
2026-09-24T11:08:42.597+03:00 [RX chat] {"data_b64":"W1NZU10gRklSTVdBUkUgSU1BR0U=","description":"ble:LoRa-Chatter-1B44 44:1B:F6:8D:B7:A9","device_key":"ble-address:44:1b:f6:8d:b7:a9","kind":"rx","seq":42,"session":"s1","stream":"chat","text":"[SYS] FIRMWARE IMAGE","timestamp":1790237322.5966303}
2026-09-24T11:08:42.597+03:00 [RX chat] {"data_b64":"IHZhbGlkYXRpb25fc2hhMjU2PTk=","description":"ble:LoRa-Chatter-1B44 44:1B:F6:8D:B7:A9","device_key":"ble-address:44:1b:f6:8d:b7:a9","kind":"rx","seq":43,"session":"s1","stream":"chat","text":" validation_sha256=9","timestamp":1790237322.596717}
2026-09-24T11:08:42.598+03:00 [RX chat] {"data_b64":"YWY5OGRmZmE2ODljNmIyOWY2NTc=","description":"ble:LoRa-Chatter-1B44 44:1B:F6:8D:B7:A9","device_key":"ble-address:44:1b:f6:8d:b7:a9","kind":"rx","seq":44,"session":"s1","stream":"chat","text":"af98dffa689c6b29f657","timestamp":1790237322.598311}
2026-09-24T11:08:42.598+03:00 [RX chat] {"data_b64":"YWNhNDI2OWM0NjNkMGFmMDE3MDE=","description":"ble:LoRa-Chatter-1B44 44:1B:F6:8D:B7:A9","device_key":"ble-address:44:1b:f6:8d:b7:a9","kind":"rx","seq":45,"session":"s1","stream":"chat","text":"aca4269c463d0af01701","timestamp":1790237322.5984051}
2026-09-24T11:08:42.599+03:00 [RX chat] {"data_b64":"MWU3NTViN2Q0MDA1M2ZjMzc0MjE=","description":"ble:LoRa-Chatter-1B44 44:1B:F6:8D:B7:A9","device_key":"ble-address:44:1b:f6:8d:b7:a9","kind":"rx","seq":46,"session":"s1","stream":"chat","text":"1e755b7d40053fc37421","timestamp":1790237322.5992017}
2026-09-24T11:08:42.600+03:00 [RX chat] {"data_b64":"MWVmIHN0YXR1cz1PSyBzbG90PTA=","description":"ble:LoRa-Chatter-1B44 44:1B:F6:8D:B7:A9","device_key":"ble-address:44:1b:f6:8d:b7:a9","kind":"rx","seq":47,"session":"s1","stream":"chat","text":"1ef status=OK slot=0","timestamp":1790237322.6002047}
2026-09-24T11:08:42.601+03:00 [RX chat] {"data_b64":"Cg==","description":"ble:LoRa-Chatter-1B44 44:1B:F6:8D:B7:A9","device_key":"ble-address:44:1b:f6:8d:b7:a9","kind":"rx","seq":48,"session":"s1","stream":"chat","text":"\n","timestamp":1790237322.6008694}
2026-09-24T11:08:42.601+03:00 [RX chat] {"data_b64":"W1NZU10gQlVJTEQgTUVUQSB0b28=","description":"ble:LoRa-Chatter-1B44 44:1B:F6:8D:B7:A9","device_key":"ble-address:44:1b:f6:8d:b7:a9","kind":"rx","seq":49,"session":"s1","stream":"chat","text":"[SYS] BUILD META too","timestamp":1790237322.6017647}
2026-09-24T11:08:42.602+03:00 [RX chat] {"data_b64":"bGNoYWluX3NoYTI1Nj1hMDg3Yzc=","description":"ble:LoRa-Chatter-1B44 44:1B:F6:8D:B7:A9","device_key":"ble-address:44:1b:f6:8d:b7:a9","kind":"rx","seq":50,"session":"s1","stream":"chat","text":"lchain_sha256=a087c7","timestamp":1790237322.6018188}
2026-09-24T11:08:42.603+03:00 [RX chat] {"data_b64":"M2MwMDk0ZjdkNWM3YmNlOTZkM2I=","description":"ble:LoRa-Chatter-1B44 44:1B:F6:8D:B7:A9","device_key":"ble-address:44:1b:f6:8d:b7:a9","kind":"rx","seq":51,"session":"s1","stream":"chat","text":"3c0094f7d5c7bce96d3b","timestamp":1790237322.6036706}
2026-09-24T11:08:42.604+03:00 [RX chat] {"data_b64":"NDRiNTM0OTM2MTUyNzE5MDczMGM=","description":"ble:LoRa-Chatter-1B44 44:1B:F6:8D:B7:A9","device_key":"ble-address:44:1b:f6:8d:b7:a9","kind":"rx","seq":52,"session":"s1","stream":"chat","text":"44b5349361527190730c","timestamp":1790237322.6043024}
2026-09-24T11:08:42.605+03:00 [RX chat] {"data_b64":"YWM3NmFhZjgwODcyODliYmZiIHA=","description":"ble:LoRa-Chatter-1B44 44:1B:F6:8D:B7:A9","device_key":"ble-address:44:1b:f6:8d:b7:a9","kind":"rx","seq":53,"session":"s1","stream":"chat","text":"ac76aaf8087289bbfb p","timestamp":1790237322.604983}
2026-09-24T11:08:42.605+03:00 [RX chat] {"data_b64":"aW89Ni4yLjAK","description":"ble:LoRa-Chatter-1B44 44:1B:F6:8D:B7:A9","device_key":"ble-address:44:1b:f6:8d:b7:a9","kind":"rx","seq":54,"session":"s1","stream":"chat","text":"io=6.2.0\n","timestamp":1790237322.6056159}
2026-09-24T11:08:57.535+03:00 [AGENT REQUEST] {"id":8,"op":"observe","cursors":{"s1":3,"s2":3},"timeout_ms":5000}
2026-09-24T11:08:57.536+03:00 [AGENT RESPONSE] {"id":8,"ok":true,"result":{"cursors":{"s1":54,"s2":29},"lines":[{"seq_first":4,"seq_last":5,"session":"s1","stream":"chat","text":"[SYS] CHATTER NODE LoRa-Chatter-1B44"},{"seq_first":4,"seq_last":5,"session":"s2","stream":"chat","text":"[SYS] CHATTER NODE LoRa-Chatter-72E0"},{"seq_first":6,"seq_last":6,"session":"s1","stream":"telemetry","text":""},{"seq_first":6,"seq_last":15,"session":"s1","stream":"telemetry","text":"SESSION t=4680s TX ok=0 user=0 echo_req=0 echo_rep=0 hb=0(idle=0) err=0 started=0 RX ok=0 user=0 echo_req=0 echo_rep=0 hb=0 crc=0 hdr=0 bad=1 readerr=0 reports=0 Q=0% drops=0 fatal=0"},{"seq_first":16,"seq_last":19,"session":"s1","stream":"telemetry","text":"SESSION COURTESY window=9123ms peer_release=0 expired=0 yielding=0"},{"seq_first":20,"seq_last":24,"session":"s1","stream":"telemetry","text":"SESSION DIO0_TX affected=0/0 episodes=0 avg_all=0.00 avg_affected=0.00 high_polls=0"},{"seq_first":25,"seq_last":30,"session":"s1","stream":"telemetry","text":"SESSION RX_POLL polls=4677830 rxdone=1 interval=1000us DIO0_RX false_high_ep=0 high_polls=0 rxdone_low=0 isr=disabled"},{"seq_first":10,"seq_last":11,"session":"s2","stream":"chat","text":"[SYS] CHATTER NODE LoRa-Chatter-72E0"},{"seq_first":12,"seq_last":16,"session":"s2","stream":"chat","text":"[SYS] FIRMWARE Chatter git=0fa01bd7a220d25101716bc84089a21e714739b9 state=clean env=esp32-s3-n16r8"},{"seq_first":17,"seq_last":23,"session":"s2","stream":"chat","text":"[SYS] FIRMWARE IMAGE validation_sha256=9af98dffa689c6b29f657aca4269c463d0af017011e755b7d40053fc374211ef status=OK slot=0"},{"seq_first":24,"seq_last":29,"session":"s2","stream":"chat","text":"[SYS] BUILD META toolchain_sha256=a087c73c0094f7d5c7bce96d3b44b5349361527190730cac76aaf8087289bbfb pio=6.2.0"},{"seq_first":35,"seq_last":36,"session":"s1","stream":"chat","text":"[SYS] CHATTER NODE LoRa-Chatter-1B44"},{"seq_first":37,"seq_last":41,"session":"s1","stream":"chat","text":"[SYS] FIRMWARE Chatter git=0fa01bd7a220d25101716bc84089a21e714739b9 state=clean env=esp32-s3-n16r8"},{"seq_first":42,"seq_last":48,"session":"s1","stream":"chat","text":"[SYS] FIRMWARE IMAGE validation_sha256=9af98dffa689c6b29f657aca4269c463d0af017011e755b7d40053fc374211ef status=OK slot=0"},{"seq_first":49,"seq_last":54,"session":"s1","stream":"chat","text":"[SYS] BUILD META toolchain_sha256=a087c73c0094f7d5c7bce96d3b44b5349361527190730cac76aaf8087289bbfb pio=6.2.0"}],"timed_out":false}}
2026-09-24T11:09:21.709+03:00 [AGENT REQUEST] {"id":9,"op":"send_line","session":"s1","text":"/heartbeat off"}
2026-09-24T11:09:21.711+03:00 [TX] {"data_b64":"L2hlYXJ0YmVhdCBvZmYK","device_key":"ble-address:44:1b:f6:8d:b7:a9","kind":"tx","seq":55,"session":"s1","text":"/heartbeat off","timestamp":1790237361.7102048,"tx_id":3,"tx_state":"queued"}
2026-09-24T11:09:21.711+03:00 [AGENT RESPONSE] {"id":9,"ok":true,"result":{"state":"queued","tx_id":3}}
2026-09-24T11:09:21.711+03:00 [AGENT REQUEST] {"id":10,"op":"send_line","session":"s2","text":"/heartbeat off"}
2026-09-24T11:09:21.712+03:00 [TX] {"data_b64":"L2hlYXJ0YmVhdCBvZmYK","device_key":"ble-address:e0:72:a1:d5:4c:15","kind":"tx","seq":30,"session":"s2","text":"/heartbeat off","timestamp":1790237361.712066,"tx_id":3,"tx_state":"queued"}
2026-09-24T11:09:21.713+03:00 [AGENT RESPONSE] {"id":10,"ok":true,"result":{"state":"queued","tx_id":3}}
2026-09-24T11:09:21.713+03:00 [TX] {"data_b64":"L2hlYXJ0YmVhdCBvZmYK","description":"ble:LoRa-Chatter-1B44 44:1B:F6:8D:B7:A9","device_key":"ble-address:44:1b:f6:8d:b7:a9","kind":"tx","seq":56,"session":"s1","text":"/heartbeat off","timestamp":1790237361.7132862,"tx_id":3,"tx_state":"written"}
2026-09-24T11:09:21.714+03:00 [AGENT REQUEST] {"id":11,"op":"send_line","session":"s1","text":"/diag off"}
2026-09-24T11:09:21.715+03:00 [TX] {"data_b64":"L2RpYWcgb2ZmCg==","device_key":"ble-address:44:1b:f6:8d:b7:a9","kind":"tx","seq":57,"session":"s1","text":"/diag off","timestamp":1790237361.7146637,"tx_id":4,"tx_state":"queued"}
2026-09-24T11:09:21.716+03:00 [AGENT RESPONSE] {"id":11,"ok":true,"result":{"state":"queued","tx_id":4}}
2026-09-24T11:09:21.716+03:00 [TX] {"data_b64":"L2hlYXJ0YmVhdCBvZmYK","description":"ble:LoRa-Chatter-72E0 E0:72:A1:D5:4C:15","device_key":"ble-address:e0:72:a1:d5:4c:15","kind":"tx","seq":31,"session":"s2","text":"/heartbeat off","timestamp":1790237361.716143,"tx_id":3,"tx_state":"written"}
2026-09-24T11:09:21.716+03:00 [AGENT REQUEST] {"id":12,"op":"send_line","session":"s2","text":"/diag off"}
2026-09-24T11:09:21.718+03:00 [TX] {"data_b64":"L2RpYWcgb2ZmCg==","description":"ble:LoRa-Chatter-1B44 44:1B:F6:8D:B7:A9","device_key":"ble-address:44:1b:f6:8d:b7:a9","kind":"tx","seq":58,"session":"s1","text":"/diag off","timestamp":1790237361.7173264,"tx_id":4,"tx_state":"written"}
2026-09-24T11:09:21.718+03:00 [TX] {"data_b64":"L2RpYWcgb2ZmCg==","device_key":"ble-address:e0:72:a1:d5:4c:15","kind":"tx","seq":32,"session":"s2","text":"/diag off","timestamp":1790237361.7171292,"tx_id":4,"tx_state":"queued"}
2026-09-24T11:09:21.718+03:00 [AGENT RESPONSE] {"id":12,"ok":true,"result":{"state":"queued","tx_id":4}}
2026-09-24T11:09:21.719+03:00 [AGENT REQUEST] {"id":13,"op":"send_line","session":"s1","text":"/echo-loop stop"}
2026-09-24T11:09:21.719+03:00 [AGENT RESPONSE] {"id":13,"ok":true,"result":{"state":"queued","tx_id":5}}
2026-09-24T11:09:21.719+03:00 [TX] {"data_b64":"L2VjaG8tbG9vcCBzdG9wCg==","device_key":"ble-address:44:1b:f6:8d:b7:a9","kind":"tx","seq":59,"session":"s1","text":"/echo-loop stop","timestamp":1790237361.7194426,"tx_id":5,"tx_state":"queued"}
2026-09-24T11:09:21.720+03:00 [AGENT REQUEST] {"id":14,"op":"send_line","session":"s2","text":"/echo-loop stop"}
2026-09-24T11:09:21.720+03:00 [AGENT RESPONSE] {"id":14,"ok":true,"result":{"state":"queued","tx_id":5}}
2026-09-24T11:09:21.721+03:00 [TX] {"data_b64":"L2RpYWcgb2ZmCg==","description":"ble:LoRa-Chatter-72E0 E0:72:A1:D5:4C:15","device_key":"ble-address:e0:72:a1:d5:4c:15","kind":"tx","seq":33,"session":"s2","text":"/diag off","timestamp":1790237361.7191803,"tx_id":4,"tx_state":"written"}
2026-09-24T11:09:21.721+03:00 [TX] {"data_b64":"L2VjaG8tbG9vcCBzdG9wCg==","device_key":"ble-address:e0:72:a1:d5:4c:15","kind":"tx","seq":34,"session":"s2","text":"/echo-loop stop","timestamp":1790237361.7207024,"tx_id":5,"tx_state":"queued"}
2026-09-24T11:09:21.721+03:00 [AGENT REQUEST] {"id":15,"op":"send_line","session":"s1","text":"/cancel all"}
2026-09-24T11:09:21.723+03:00 [AGENT RESPONSE] {"id":15,"ok":true,"result":{"state":"queued","tx_id":6}}
2026-09-24T11:09:21.724+03:00 [TX] {"data_b64":"L2NhbmNlbCBhbGwK","device_key":"ble-address:44:1b:f6:8d:b7:a9","kind":"tx","seq":60,"session":"s1","text":"/cancel all","timestamp":1790237361.722362,"tx_id":6,"tx_state":"queued"}
2026-09-24T11:09:21.725+03:00 [TX] {"data_b64":"L2VjaG8tbG9vcCBzdG9wCg==","description":"ble:LoRa-Chatter-72E0 E0:72:A1:D5:4C:15","device_key":"ble-address:e0:72:a1:d5:4c:15","kind":"tx","seq":35,"session":"s2","text":"/echo-loop stop","timestamp":1790237361.7242858,"tx_id":5,"tx_state":"written"}
2026-09-24T11:09:21.725+03:00 [AGENT REQUEST] {"id":16,"op":"send_line","session":"s2","text":"/cancel all"}
2026-09-24T11:09:21.725+03:00 [TX] {"data_b64":"L2VjaG8tbG9vcCBzdG9wCg==","description":"ble:LoRa-Chatter-1B44 44:1B:F6:8D:B7:A9","device_key":"ble-address:44:1b:f6:8d:b7:a9","kind":"tx","seq":61,"session":"s1","text":"/echo-loop stop","timestamp":1790237361.723499,"tx_id":5,"tx_state":"written"}
2026-09-24T11:09:21.726+03:00 [AGENT RESPONSE] {"id":16,"ok":true,"result":{"state":"queued","tx_id":6}}
2026-09-24T11:09:21.726+03:00 [AGENT REQUEST] {"id":17,"op":"send_line","session":"s1","text":"/power 2"}
2026-09-24T11:09:21.727+03:00 [TX] {"data_b64":"L2NhbmNlbCBhbGwK","device_key":"ble-address:e0:72:a1:d5:4c:15","kind":"tx","seq":36,"session":"s2","text":"/cancel all","timestamp":1790237361.7256277,"tx_id":6,"tx_state":"queued"}
2026-09-24T11:09:21.727+03:00 [TX] {"data_b64":"L2NhbmNlbCBhbGwK","description":"ble:LoRa-Chatter-1B44 44:1B:F6:8D:B7:A9","device_key":"ble-address:44:1b:f6:8d:b7:a9","kind":"tx","seq":62,"session":"s1","text":"/cancel all","timestamp":1790237361.7252064,"tx_id":6,"tx_state":"written"}
2026-09-24T11:09:21.728+03:00 [TX] {"data_b64":"L3Bvd2VyIDIK","device_key":"ble-address:44:1b:f6:8d:b7:a9","kind":"tx","seq":63,"session":"s1","text":"/power 2","timestamp":1790237361.7269797,"tx_id":7,"tx_state":"queued"}
2026-09-24T11:09:21.729+03:00 [AGENT RESPONSE] {"id":17,"ok":true,"result":{"state":"queued","tx_id":7}}
2026-09-24T11:09:21.729+03:00 [TX] {"data_b64":"L2NhbmNlbCBhbGwK","description":"ble:LoRa-Chatter-72E0 E0:72:A1:D5:4C:15","device_key":"ble-address:e0:72:a1:d5:4c:15","kind":"tx","seq":37,"session":"s2","text":"/cancel all","timestamp":1790237361.7284567,"tx_id":6,"tx_state":"written"}
2026-09-24T11:09:21.729+03:00 [TX] {"data_b64":"L3Bvd2VyIDIK","description":"ble:LoRa-Chatter-1B44 44:1B:F6:8D:B7:A9","device_key":"ble-address:44:1b:f6:8d:b7:a9","kind":"tx","seq":64,"session":"s1","text":"/power 2","timestamp":1790237361.7292252,"tx_id":7,"tx_state":"written"}
2026-09-24T11:09:21.729+03:00 [AGENT REQUEST] {"id":18,"op":"send_line","session":"s2","text":"/power 2"}
2026-09-24T11:09:21.730+03:00 [TX] {"data_b64":"L3Bvd2VyIDIK","device_key":"ble-address:e0:72:a1:d5:4c:15","kind":"tx","seq":38,"session":"s2","text":"/power 2","timestamp":1790237361.7301466,"tx_id":7,"tx_state":"queued"}
2026-09-24T11:09:21.731+03:00 [AGENT RESPONSE] {"id":18,"ok":true,"result":{"state":"queued","tx_id":7}}
2026-09-24T11:09:21.731+03:00 [AGENT REQUEST] {"id":19,"op":"send_line","session":"s1","text":"/freq 470"}
2026-09-24T11:09:21.731+03:00 [TX] {"data_b64":"L2ZyZXEgNDcwCg==","device_key":"ble-address:44:1b:f6:8d:b7:a9","kind":"tx","seq":65,"session":"s1","text":"/freq 470","timestamp":1790237361.7314522,"tx_id":8,"tx_state":"queued"}
2026-09-24T11:09:21.732+03:00 [AGENT RESPONSE] {"id":19,"ok":true,"result":{"state":"queued","tx_id":8}}
2026-09-24T11:09:21.733+03:00 [TX] {"data_b64":"L3Bvd2VyIDIK","description":"ble:LoRa-Chatter-72E0 E0:72:A1:D5:4C:15","device_key":"ble-address:e0:72:a1:d5:4c:15","kind":"tx","seq":39,"session":"s2","text":"/power 2","timestamp":1790237361.7328038,"tx_id":7,"tx_state":"written"}
2026-09-24T11:09:21.733+03:00 [AGENT REQUEST] {"id":20,"op":"send_line","session":"s2","text":"/freq 470"}
2026-09-24T11:09:21.734+03:00 [TX] {"data_b64":"L2ZyZXEgNDcwCg==","description":"ble:LoRa-Chatter-1B44 44:1B:F6:8D:B7:A9","device_key":"ble-address:44:1b:f6:8d:b7:a9","kind":"tx","seq":66,"session":"s1","text":"/freq 470","timestamp":1790237361.733601,"tx_id":8,"tx_state":"written"}
2026-09-24T11:09:21.734+03:00 [AGENT RESPONSE] {"id":20,"ok":true,"result":{"state":"queued","tx_id":8}}
2026-09-24T11:09:21.735+03:00 [TX] {"data_b64":"L2ZyZXEgNDcwCg==","device_key":"ble-address:e0:72:a1:d5:4c:15","kind":"tx","seq":40,"session":"s2","text":"/freq 470","timestamp":1790237361.7341938,"tx_id":8,"tx_state":"queued"}
2026-09-24T11:09:21.735+03:00 [AGENT REQUEST] {"id":21,"op":"send_line","session":"s1","text":"/sf 12"}
2026-09-24T11:09:21.736+03:00 [TX] {"data_b64":"L3NmIDEyCg==","device_key":"ble-address:44:1b:f6:8d:b7:a9","kind":"tx","seq":67,"session":"s1","text":"/sf 12","timestamp":1790237361.735794,"tx_id":9,"tx_state":"queued"}
2026-09-24T11:09:21.737+03:00 [AGENT RESPONSE] {"id":21,"ok":true,"result":{"state":"queued","tx_id":9}}
2026-09-24T11:09:21.737+03:00 [TX] {"data_b64":"L2ZyZXEgNDcwCg==","description":"ble:LoRa-Chatter-72E0 E0:72:A1:D5:4C:15","device_key":"ble-address:e0:72:a1:d5:4c:15","kind":"tx","seq":41,"session":"s2","text":"/freq 470","timestamp":1790237361.736737,"tx_id":8,"tx_state":"written"}
2026-09-24T11:09:21.737+03:00 [AGENT REQUEST] {"id":22,"op":"send_line","session":"s2","text":"/sf 12"}
2026-09-24T11:09:21.739+03:00 [TX] {"data_b64":"L3NmIDEyCg==","device_key":"ble-address:e0:72:a1:d5:4c:15","kind":"tx","seq":42,"session":"s2","text":"/sf 12","timestamp":1790237361.7379336,"tx_id":9,"tx_state":"queued"}
2026-09-24T11:09:21.739+03:00 [AGENT RESPONSE] {"id":22,"ok":true,"result":{"state":"queued","tx_id":9}}
2026-09-24T11:09:21.739+03:00 [TX] {"data_b64":"L3NmIDEyCg==","description":"ble:LoRa-Chatter-1B44 44:1B:F6:8D:B7:A9","device_key":"ble-address:44:1b:f6:8d:b7:a9","kind":"tx","seq":68,"session":"s1","text":"/sf 12","timestamp":1790237361.738562,"tx_id":9,"tx_state":"written"}
2026-09-24T11:09:21.740+03:00 [AGENT REQUEST] {"id":23,"op":"send_line","session":"s1","text":"/bw 125"}
2026-09-24T11:09:21.740+03:00 [TX] {"data_b64":"L2J3IDEyNQo=","device_key":"ble-address:44:1b:f6:8d:b7:a9","kind":"tx","seq":69,"session":"s1","text":"/bw 125","timestamp":1790237361.740387,"tx_id":10,"tx_state":"queued"}
2026-09-24T11:09:21.741+03:00 [TX] {"data_b64":"L3NmIDEyCg==","description":"ble:LoRa-Chatter-72E0 E0:72:A1:D5:4C:15","device_key":"ble-address:e0:72:a1:d5:4c:15","kind":"tx","seq":43,"session":"s2","text":"/sf 12","timestamp":1790237361.7401848,"tx_id":9,"tx_state":"written"}
2026-09-24T11:09:21.741+03:00 [AGENT RESPONSE] {"id":23,"ok":true,"result":{"state":"queued","tx_id":10}}
2026-09-24T11:09:21.741+03:00 [AGENT REQUEST] {"id":24,"op":"send_line","session":"s2","text":"/bw 125"}
2026-09-24T11:09:21.742+03:00 [AGENT RESPONSE] {"id":24,"ok":true,"result":{"state":"queued","tx_id":10}}
2026-09-24T11:09:21.743+03:00 [AGENT REQUEST] {"id":25,"op":"send_line","session":"s1","text":"/config"}
2026-09-24T11:09:21.743+03:00 [TX] {"data_b64":"L2J3IDEyNQo=","description":"ble:LoRa-Chatter-1B44 44:1B:F6:8D:B7:A9","device_key":"ble-address:44:1b:f6:8d:b7:a9","kind":"tx","seq":70,"session":"s1","text":"/bw 125","timestamp":1790237361.7427905,"tx_id":10,"tx_state":"written"}
2026-09-24T11:09:21.744+03:00 [TX] {"data_b64":"L2J3IDEyNQo=","device_key":"ble-address:e0:72:a1:d5:4c:15","kind":"tx","seq":44,"session":"s2","text":"/bw 125","timestamp":1790237361.742165,"tx_id":10,"tx_state":"queued"}
2026-09-24T11:09:21.745+03:00 [TX] {"data_b64":"L2NvbmZpZwo=","device_key":"ble-address:44:1b:f6:8d:b7:a9","kind":"tx","seq":71,"session":"s1","text":"/config","timestamp":1790237361.743792,"tx_id":11,"tx_state":"queued"}
2026-09-24T11:09:21.745+03:00 [TX] {"data_b64":"L2J3IDEyNQo=","description":"ble:LoRa-Chatter-72E0 E0:72:A1:D5:4C:15","device_key":"ble-address:e0:72:a1:d5:4c:15","kind":"tx","seq":45,"session":"s2","text":"/bw 125","timestamp":1790237361.7446048,"tx_id":10,"tx_state":"written"}
2026-09-24T11:09:21.746+03:00 [AGENT RESPONSE] {"id":25,"ok":true,"result":{"state":"queued","tx_id":11}}
2026-09-24T11:09:21.746+03:00 [TX] {"data_b64":"L2NvbmZpZwo=","description":"ble:LoRa-Chatter-1B44 44:1B:F6:8D:B7:A9","device_key":"ble-address:44:1b:f6:8d:b7:a9","kind":"tx","seq":72,"session":"s1","text":"/config","timestamp":1790237361.7461877,"tx_id":11,"tx_state":"written"}
2026-09-24T11:09:21.746+03:00 [AGENT REQUEST] {"id":26,"op":"send_line","session":"s2","text":"/config"}
2026-09-24T11:09:21.747+03:00 [AGENT RESPONSE] {"id":26,"ok":true,"result":{"state":"queued","tx_id":11}}
2026-09-24T11:09:21.747+03:00 [TX] {"data_b64":"L2NvbmZpZwo=","device_key":"ble-address:e0:72:a1:d5:4c:15","kind":"tx","seq":46,"session":"s2","text":"/config","timestamp":1790237361.7469363,"tx_id":11,"tx_state":"queued"}
2026-09-24T11:09:21.748+03:00 [TX] {"data_b64":"L2NvbmZpZwo=","description":"ble:LoRa-Chatter-72E0 E0:72:A1:D5:4C:15","device_key":"ble-address:e0:72:a1:d5:4c:15","kind":"tx","seq":47,"session":"s2","text":"/config","timestamp":1790237361.7487829,"tx_id":11,"tx_state":"written"}
2026-09-24T11:09:21.787+03:00 [RX chat] {"data_b64":"W1NZU10gSEVBUlRCRUFUIE9GRgo=","description":"ble:LoRa-Chatter-1B44 44:1B:F6:8D:B7:A9","device_key":"ble-address:44:1b:f6:8d:b7:a9","kind":"rx","seq":73,"session":"s1","stream":"chat","text":"[SYS] HEARTBEAT OFF\n","timestamp":1790237361.7867532}
2026-09-24T11:09:21.788+03:00 [RX telemetry] {"data_b64":"REVMSVZFUlkgQ0FOQ0VMIEFMTCA=","description":"ble:LoRa-Chatter-1B44 44:1B:F6:8D:B7:A9","device_key":"ble-address:44:1b:f6:8d:b7:a9","kind":"rx","seq":74,"session":"s1","stream":"telemetry","text":"DELIVERY CANCEL ALL ","timestamp":1790237361.7878728}
2026-09-24T11:09:21.788+03:00 [RX telemetry] {"data_b64":"cGVuZGluZz1ub25lIHF1ZXVlX3I=","description":"ble:LoRa-Chatter-1B44 44:1B:F6:8D:B7:A9","device_key":"ble-address:44:1b:f6:8d:b7:a9","kind":"rx","seq":75,"session":"s1","stream":"telemetry","text":"pending=none queue_r","timestamp":1790237361.788615}
2026-09-24T11:09:21.789+03:00 [RX telemetry] {"data_b64":"ZW1vdmVkPTAK","description":"ble:LoRa-Chatter-1B44 44:1B:F6:8D:B7:A9","device_key":"ble-address:44:1b:f6:8d:b7:a9","kind":"rx","seq":76,"session":"s1","stream":"telemetry","text":"emoved=0\n","timestamp":1790237361.789426}
2026-09-24T11:09:21.790+03:00 [RX chat] {"data_b64":"W1NZU10gREVMSVZFUlkgQ0FOQ0U=","description":"ble:LoRa-Chatter-1B44 44:1B:F6:8D:B7:A9","device_key":"ble-address:44:1b:f6:8d:b7:a9","kind":"rx","seq":77,"session":"s1","stream":"chat","text":"[SYS] DELIVERY CANCE","timestamp":1790237361.7902095}
2026-09-24T11:09:21.791+03:00 [RX chat] {"data_b64":"TDogbm90aGluZyBwZW5kaW5nCg==","description":"ble:LoRa-Chatter-1B44 44:1B:F6:8D:B7:A9","device_key":"ble-address:44:1b:f6:8d:b7:a9","kind":"rx","seq":78,"session":"s1","stream":"chat","text":"L: nothing pending\n","timestamp":1790237361.7908885}
2026-09-24T11:09:21.791+03:00 [RX chat] {"data_b64":"W1NZU10gRElBRyBhbHJlYWR5IE8=","description":"ble:LoRa-Chatter-1B44 44:1B:F6:8D:B7:A9","device_key":"ble-address:44:1b:f6:8d:b7:a9","kind":"rx","seq":79,"session":"s1","stream":"chat","text":"[SYS] DIAG already O","timestamp":1790237361.7917914}
2026-09-24T11:09:21.792+03:00 [RX chat] {"data_b64":"RkYK","description":"ble:LoRa-Chatter-1B44 44:1B:F6:8D:B7:A9","device_key":"ble-address:44:1b:f6:8d:b7:a9","kind":"rx","seq":80,"session":"s1","stream":"chat","text":"FF\n","timestamp":1790237361.7925522}
2026-09-24T11:09:21.793+03:00 [RX chat] {"data_b64":"W1NZU10gRUNITyBMT09QIGFscmU=","description":"ble:LoRa-Chatter-1B44 44:1B:F6:8D:B7:A9","device_key":"ble-address:44:1b:f6:8d:b7:a9","kind":"rx","seq":81,"session":"s1","stream":"chat","text":"[SYS] ECHO LOOP alre","timestamp":1790237361.793417}
2026-09-24T11:09:21.794+03:00 [RX chat] {"data_b64":"YWR5IHN0b3BwZWQK","description":"ble:LoRa-Chatter-1B44 44:1B:F6:8D:B7:A9","device_key":"ble-address:44:1b:f6:8d:b7:a9","kind":"rx","seq":82,"session":"s1","stream":"chat","text":"ady stopped\n","timestamp":1790237361.7940636}
2026-09-24T11:09:21.808+03:00 [RX chat] {"data_b64":"W1NZU10gSEVBUlRCRUFUIE9GRgo=","description":"ble:LoRa-Chatter-72E0 E0:72:A1:D5:4C:15","device_key":"ble-address:e0:72:a1:d5:4c:15","kind":"rx","seq":48,"session":"s2","stream":"chat","text":"[SYS] HEARTBEAT OFF\n","timestamp":1790237361.807761}
2026-09-24T11:09:21.809+03:00 [RX telemetry] {"data_b64":"REVMSVZFUlkgQ0FOQ0VMIEFMTCA=","description":"ble:LoRa-Chatter-72E0 E0:72:A1:D5:4C:15","device_key":"ble-address:e0:72:a1:d5:4c:15","kind":"rx","seq":49,"session":"s2","stream":"telemetry","text":"DELIVERY CANCEL ALL ","timestamp":1790237361.8096776}
2026-09-24T11:09:21.810+03:00 [RX telemetry] {"data_b64":"cGVuZGluZz1ub25lIHF1ZXVlX3I=","description":"ble:LoRa-Chatter-72E0 E0:72:A1:D5:4C:15","device_key":"ble-address:e0:72:a1:d5:4c:15","kind":"rx","seq":50,"session":"s2","stream":"telemetry","text":"pending=none queue_r","timestamp":1790237361.8103454}
2026-09-24T11:09:21.811+03:00 [RX telemetry] {"data_b64":"ZW1vdmVkPTAK","description":"ble:LoRa-Chatter-72E0 E0:72:A1:D5:4C:15","device_key":"ble-address:e0:72:a1:d5:4c:15","kind":"rx","seq":51,"session":"s2","stream":"telemetry","text":"emoved=0\n","timestamp":1790237361.8109827}
2026-09-24T11:09:21.814+03:00 [RX chat] {"data_b64":"W1NZU10gREVMSVZFUlkgQ0FOQ0U=","description":"ble:LoRa-Chatter-72E0 E0:72:A1:D5:4C:15","device_key":"ble-address:e0:72:a1:d5:4c:15","kind":"rx","seq":52,"session":"s2","stream":"chat","text":"[SYS] DELIVERY CANCE","timestamp":1790237361.8147213}
2026-09-24T11:09:21.816+03:00 [RX chat] {"data_b64":"TDogbm90aGluZyBwZW5kaW5nCg==","description":"ble:LoRa-Chatter-72E0 E0:72:A1:D5:4C:15","device_key":"ble-address:e0:72:a1:d5:4c:15","kind":"rx","seq":53,"session":"s2","stream":"chat","text":"L: nothing pending\n","timestamp":1790237361.8152764}
2026-09-24T11:09:21.817+03:00 [RX chat] {"data_b64":"W1NZU10gRElBRyBhbHJlYWR5IE8=","description":"ble:LoRa-Chatter-72E0 E0:72:A1:D5:4C:15","device_key":"ble-address:e0:72:a1:d5:4c:15","kind":"rx","seq":54,"session":"s2","stream":"chat","text":"[SYS] DIAG already O","timestamp":1790237361.8162234}
2026-09-24T11:09:21.817+03:00 [RX chat] {"data_b64":"RkYK","description":"ble:LoRa-Chatter-72E0 E0:72:A1:D5:4C:15","device_key":"ble-address:e0:72:a1:d5:4c:15","kind":"rx","seq":55,"session":"s2","stream":"chat","text":"FF\n","timestamp":1790237361.816517}
2026-09-24T11:09:21.818+03:00 [RX chat] {"data_b64":"W1NZU10gRUNITyBMT09QIGFscmU=","description":"ble:LoRa-Chatter-72E0 E0:72:A1:D5:4C:15","device_key":"ble-address:e0:72:a1:d5:4c:15","kind":"rx","seq":56,"session":"s2","stream":"chat","text":"[SYS] ECHO LOOP alre","timestamp":1790237361.8171394}
2026-09-24T11:09:21.818+03:00 [RX chat] {"data_b64":"YWR5IHN0b3BwZWQK","description":"ble:LoRa-Chatter-72E0 E0:72:A1:D5:4C:15","device_key":"ble-address:e0:72:a1:d5:4c:15","kind":"rx","seq":57,"session":"s2","stream":"chat","text":"ady stopped\n","timestamp":1790237361.8178687}
2026-09-24T11:09:21.818+03:00 [RX chat] {"data_b64":"W1NZU10gUE9XRVIgMiBkQm0gU0E=","description":"ble:LoRa-Chatter-72E0 E0:72:A1:D5:4C:15","device_key":"ble-address:e0:72:a1:d5:4c:15","kind":"rx","seq":58,"session":"s2","stream":"chat","text":"[SYS] POWER 2 dBm SA","timestamp":1790237361.81852}
2026-09-24T11:09:21.820+03:00 [RX chat] {"data_b64":"VkVECg==","description":"ble:LoRa-Chatter-72E0 E0:72:A1:D5:4C:15","device_key":"ble-address:e0:72:a1:d5:4c:15","kind":"rx","seq":59,"session":"s2","stream":"chat","text":"VED\n","timestamp":1790237361.8193605}
2026-09-24T11:09:21.820+03:00 [RX chat] {"data_b64":"W1NZU10gRlJFUSA0NzAgTUh6IFM=","description":"ble:LoRa-Chatter-72E0 E0:72:A1:D5:4C:15","device_key":"ble-address:e0:72:a1:d5:4c:15","kind":"rx","seq":60,"session":"s2","stream":"chat","text":"[SYS] FREQ 470 MHz S","timestamp":1790237361.8197846}
2026-09-24T11:09:21.820+03:00 [RX chat] {"data_b64":"QVZFRAo=","description":"ble:LoRa-Chatter-72E0 E0:72:A1:D5:4C:15","device_key":"ble-address:e0:72:a1:d5:4c:15","kind":"rx","seq":61,"session":"s2","stream":"chat","text":"AVED\n","timestamp":1790237361.8198323}
2026-09-24T11:09:21.831+03:00 [RX chat] {"data_b64":"W1NZU10gUE9XRVIgMiBkQm0gU0E=","description":"ble:LoRa-Chatter-1B44 44:1B:F6:8D:B7:A9","device_key":"ble-address:44:1b:f6:8d:b7:a9","kind":"rx","seq":83,"session":"s1","stream":"chat","text":"[SYS] POWER 2 dBm SA","timestamp":1790237361.8316715}
2026-09-24T11:09:21.832+03:00 [RX chat] {"data_b64":"VkVECg==","description":"ble:LoRa-Chatter-1B44 44:1B:F6:8D:B7:A9","device_key":"ble-address:44:1b:f6:8d:b7:a9","kind":"rx","seq":84,"session":"s1","stream":"chat","text":"VED\n","timestamp":1790237361.8325062}
2026-09-24T11:09:21.833+03:00 [RX chat] {"data_b64":"W1NZU10gRlJFUSA0NzAgTUh6IFM=","description":"ble:LoRa-Chatter-1B44 44:1B:F6:8D:B7:A9","device_key":"ble-address:44:1b:f6:8d:b7:a9","kind":"rx","seq":85,"session":"s1","stream":"chat","text":"[SYS] FREQ 470 MHz S","timestamp":1790237361.833389}
2026-09-24T11:09:21.834+03:00 [RX chat] {"data_b64":"QVZFRAo=","description":"ble:LoRa-Chatter-1B44 44:1B:F6:8D:B7:A9","device_key":"ble-address:44:1b:f6:8d:b7:a9","kind":"rx","seq":86,"session":"s1","stream":"chat","text":"AVED\n","timestamp":1790237361.8340394}
2026-09-24T11:09:21.835+03:00 [RX chat] {"data_b64":"W1NZU10gU0YgMTIgU0FWRUQK","description":"ble:LoRa-Chatter-1B44 44:1B:F6:8D:B7:A9","device_key":"ble-address:44:1b:f6:8d:b7:a9","kind":"rx","seq":87,"session":"s1","stream":"chat","text":"[SYS] SF 12 SAVED\n","timestamp":1790237361.8348753}
2026-09-24T11:09:21.854+03:00 [RX chat] {"data_b64":"W1NZU10gU0YgMTIgU0FWRUQK","description":"ble:LoRa-Chatter-72E0 E0:72:A1:D5:4C:15","device_key":"ble-address:e0:72:a1:d5:4c:15","kind":"rx","seq":62,"session":"s2","stream":"chat","text":"[SYS] SF 12 SAVED\n","timestamp":1790237361.8536973}
2026-09-24T11:09:21.855+03:00 [RX chat] {"data_b64":"W1NZU10gQlcgMTI1IGtIeiBTQVY=","description":"ble:LoRa-Chatter-72E0 E0:72:A1:D5:4C:15","device_key":"ble-address:e0:72:a1:d5:4c:15","kind":"rx","seq":63,"session":"s2","stream":"chat","text":"[SYS] BW 125 kHz SAV","timestamp":1790237361.855006}
2026-09-24T11:09:21.856+03:00 [RX chat] {"data_b64":"RUQK","description":"ble:LoRa-Chatter-72E0 E0:72:A1:D5:4C:15","device_key":"ble-address:e0:72:a1:d5:4c:15","kind":"rx","seq":64,"session":"s2","stream":"chat","text":"ED\n","timestamp":1790237361.855086}
2026-09-24T11:09:21.856+03:00 [RX chat] {"data_b64":"W1NZU10gQ0ZHIHNjaGVtYT0yIHM=","description":"ble:LoRa-Chatter-72E0 E0:72:A1:D5:4C:15","device_key":"ble-address:e0:72:a1:d5:4c:15","kind":"rx","seq":65,"session":"s2","stream":"chat","text":"[SYS] CFG schema=2 s","timestamp":1790237361.8561022}
2026-09-24T11:09:21.856+03:00 [RX chat] {"data_b64":"dG9yYWdlPU5WUyBmcmVxX29vYj0=","description":"ble:LoRa-Chatter-72E0 E0:72:A1:D5:4C:15","device_key":"ble-address:e0:72:a1:d5:4c:15","kind":"rx","seq":66,"session":"s2","stream":"chat","text":"torage=NVS freq_oob=","timestamp":1790237361.8563323}
2026-09-24T11:09:21.857+03:00 [RX chat] {"data_b64":"T0ZGCg==","description":"ble:LoRa-Chatter-72E0 E0:72:A1:D5:4C:15","device_key":"ble-address:e0:72:a1:d5:4c:15","kind":"rx","seq":67,"session":"s2","stream":"chat","text":"OFF\n","timestamp":1790237361.8569403}
2026-09-24T11:09:21.858+03:00 [RX chat] {"data_b64":"W1NZU10gQ0ZHIFJBRElPIHBvd2U=","description":"ble:LoRa-Chatter-72E0 E0:72:A1:D5:4C:15","device_key":"ble-address:e0:72:a1:d5:4c:15","kind":"rx","seq":68,"session":"s2","stream":"chat","text":"[SYS] CFG RADIO powe","timestamp":1790237361.8586025}
2026-09-24T11:09:21.859+03:00 [RX chat] {"data_b64":"cj0yIGRCbSBmcmVxPTQ3MCBNSHo=","description":"ble:LoRa-Chatter-72E0 E0:72:A1:D5:4C:15","device_key":"ble-address:e0:72:a1:d5:4c:15","kind":"rx","seq":69,"session":"s2","stream":"chat","text":"r=2 dBm freq=470 MHz","timestamp":1790237361.8594184}
2026-09-24T11:09:21.860+03:00 [RX chat] {"data_b64":"IHNmPTEyIGJ3PTEyNSBrSHoK","description":"ble:LoRa-Chatter-72E0 E0:72:A1:D5:4C:15","device_key":"ble-address:e0:72:a1:d5:4c:15","kind":"rx","seq":70,"session":"s2","stream":"chat","text":" sf=12 bw=125 kHz\n","timestamp":1790237361.8602166}
2026-09-24T11:09:21.861+03:00 [RX chat] {"data_b64":"W1NZU10gQ0ZHIExJTksgaGVhcnQ=","description":"ble:LoRa-Chatter-72E0 E0:72:A1:D5:4C:15","device_key":"ble-address:e0:72:a1:d5:4c:15","kind":"rx","seq":71,"session":"s2","stream":"chat","text":"[SYS] CFG LINK heart","timestamp":1790237361.8605394}
2026-09-24T11:09:21.862+03:00 [RX chat] {"data_b64":"YmVhdD1PRkYgcmV0cnk9T04gYXQ=","description":"ble:LoRa-Chatter-72E0 E0:72:A1:D5:4C:15","device_key":"ble-address:e0:72:a1:d5:4c:15","kind":"rx","seq":72,"session":"s2","stream":"chat","text":"beat=OFF retry=ON at","timestamp":1790237361.8613856}
2026-09-24T11:09:21.862+03:00 [RX chat] {"data_b64":"dGVtcHRzPTUgZGlhZz1PRkYK","description":"ble:LoRa-Chatter-72E0 E0:72:A1:D5:4C:15","device_key":"ble-address:e0:72:a1:d5:4c:15","kind":"rx","seq":73,"session":"s2","stream":"chat","text":"tempts=5 diag=OFF\n","timestamp":1790237361.8616042}
2026-09-24T11:09:21.876+03:00 [RX chat] {"data_b64":"W1NZU10gQlcgMTI1IGtIeiBTQVY=","description":"ble:LoRa-Chatter-1B44 44:1B:F6:8D:B7:A9","device_key":"ble-address:44:1b:f6:8d:b7:a9","kind":"rx","seq":88,"session":"s1","stream":"chat","text":"[SYS] BW 125 kHz SAV","timestamp":1790237361.8766003}
2026-09-24T11:09:21.878+03:00 [RX chat] {"data_b64":"RUQK","description":"ble:LoRa-Chatter-1B44 44:1B:F6:8D:B7:A9","device_key":"ble-address:44:1b:f6:8d:b7:a9","kind":"rx","seq":89,"session":"s1","stream":"chat","text":"ED\n","timestamp":1790237361.8774705}
2026-09-24T11:09:21.878+03:00 [RX chat] {"data_b64":"W1NZU10gQ0ZHIHNjaGVtYT0yIHM=","description":"ble:LoRa-Chatter-1B44 44:1B:F6:8D:B7:A9","device_key":"ble-address:44:1b:f6:8d:b7:a9","kind":"rx","seq":90,"session":"s1","stream":"chat","text":"[SYS] CFG schema=2 s","timestamp":1790237361.8783143}
2026-09-24T11:09:21.879+03:00 [RX chat] {"data_b64":"dG9yYWdlPU5WUyBmcmVxX29vYj0=","description":"ble:LoRa-Chatter-1B44 44:1B:F6:8D:B7:A9","device_key":"ble-address:44:1b:f6:8d:b7:a9","kind":"rx","seq":91,"session":"s1","stream":"chat","text":"torage=NVS freq_oob=","timestamp":1790237361.879315}
2026-09-24T11:09:21.880+03:00 [RX chat] {"data_b64":"T0ZGCg==","description":"ble:LoRa-Chatter-1B44 44:1B:F6:8D:B7:A9","device_key":"ble-address:44:1b:f6:8d:b7:a9","kind":"rx","seq":92,"session":"s1","stream":"chat","text":"OFF\n","timestamp":1790237361.8801587}
2026-09-24T11:09:21.881+03:00 [RX chat] {"data_b64":"W1NZU10gQ0ZHIFJBRElPIHBvd2U=","description":"ble:LoRa-Chatter-1B44 44:1B:F6:8D:B7:A9","device_key":"ble-address:44:1b:f6:8d:b7:a9","kind":"rx","seq":93,"session":"s1","stream":"chat","text":"[SYS] CFG RADIO powe","timestamp":1790237361.8810914}
2026-09-24T11:09:21.882+03:00 [RX chat] {"data_b64":"cj0yIGRCbSBmcmVxPTQ3MCBNSHo=","description":"ble:LoRa-Chatter-1B44 44:1B:F6:8D:B7:A9","device_key":"ble-address:44:1b:f6:8d:b7:a9","kind":"rx","seq":94,"session":"s1","stream":"chat","text":"r=2 dBm freq=470 MHz","timestamp":1790237361.8818352}
2026-09-24T11:09:21.883+03:00 [RX chat] {"data_b64":"IHNmPTEyIGJ3PTEyNSBrSHoK","description":"ble:LoRa-Chatter-1B44 44:1B:F6:8D:B7:A9","device_key":"ble-address:44:1b:f6:8d:b7:a9","kind":"rx","seq":95,"session":"s1","stream":"chat","text":" sf=12 bw=125 kHz\n","timestamp":1790237361.8826945}
2026-09-24T11:09:21.883+03:00 [RX chat] {"data_b64":"W1NZU10gQ0ZHIExJTksgaGVhcnQ=","description":"ble:LoRa-Chatter-1B44 44:1B:F6:8D:B7:A9","device_key":"ble-address:44:1b:f6:8d:b7:a9","kind":"rx","seq":96,"session":"s1","stream":"chat","text":"[SYS] CFG LINK heart","timestamp":1790237361.8835168}
2026-09-24T11:09:21.884+03:00 [RX chat] {"data_b64":"YmVhdD1PRkYgcmV0cnk9T04gYXQ=","description":"ble:LoRa-Chatter-1B44 44:1B:F6:8D:B7:A9","device_key":"ble-address:44:1b:f6:8d:b7:a9","kind":"rx","seq":97,"session":"s1","stream":"chat","text":"beat=OFF retry=ON at","timestamp":1790237361.8842661}
2026-09-24T11:09:21.885+03:00 [RX chat] {"data_b64":"dGVtcHRzPTUgZGlhZz1PRkYK","description":"ble:LoRa-Chatter-1B44 44:1B:F6:8D:B7:A9","device_key":"ble-address:44:1b:f6:8d:b7:a9","kind":"rx","seq":98,"session":"s1","stream":"chat","text":"tempts=5 diag=OFF\n","timestamp":1790237361.8849056}
2026-09-24T11:09:22.574+03:00 [RX telemetry] {"data_b64":"ClNFU1NJT04gdD00NjgwcyBUWCA=","description":"ble:LoRa-Chatter-72E0 E0:72:A1:D5:4C:15","device_key":"ble-address:e0:72:a1:d5:4c:15","kind":"rx","seq":74,"session":"s2","stream":"telemetry","text":"\nSESSION t=4680s TX ","timestamp":1790237362.5738401}
2026-09-24T11:09:22.575+03:00 [RX telemetry] {"data_b64":"b2s9MCB1c2VyPTAgZWNob19yZXE=","description":"ble:LoRa-Chatter-72E0 E0:72:A1:D5:4C:15","device_key":"ble-address:e0:72:a1:d5:4c:15","kind":"rx","seq":75,"session":"s2","stream":"telemetry","text":"ok=0 user=0 echo_req","timestamp":1790237362.5746949}
2026-09-24T11:09:22.575+03:00 [RX telemetry] {"data_b64":"PTAgZWNob19yZXA9MCBoYj0wKGk=","description":"ble:LoRa-Chatter-72E0 E0:72:A1:D5:4C:15","device_key":"ble-address:e0:72:a1:d5:4c:15","kind":"rx","seq":76,"session":"s2","stream":"telemetry","text":"=0 echo_rep=0 hb=0(i","timestamp":1790237362.57542}
2026-09-24T11:09:22.576+03:00 [RX telemetry] {"data_b64":"ZGxlPTApIGVycj0wIHN0YXJ0ZWQ=","description":"ble:LoRa-Chatter-72E0 E0:72:A1:D5:4C:15","device_key":"ble-address:e0:72:a1:d5:4c:15","kind":"rx","seq":77,"session":"s2","stream":"telemetry","text":"dle=0) err=0 started","timestamp":1790237362.5761201}
2026-09-24T11:09:22.577+03:00 [RX telemetry] {"data_b64":"PTAgUlggb2s9MCB1c2VyPTAgZWM=","description":"ble:LoRa-Chatter-72E0 E0:72:A1:D5:4C:15","device_key":"ble-address:e0:72:a1:d5:4c:15","kind":"rx","seq":78,"session":"s2","stream":"telemetry","text":"=0 RX ok=0 user=0 ec","timestamp":1790237362.5768414}
2026-09-24T11:09:22.577+03:00 [RX telemetry] {"data_b64":"aG9fcmVxPTAgZWNob19yZXA9MCA=","description":"ble:LoRa-Chatter-72E0 E0:72:A1:D5:4C:15","device_key":"ble-address:e0:72:a1:d5:4c:15","kind":"rx","seq":79,"session":"s2","stream":"telemetry","text":"ho_req=0 echo_rep=0 ","timestamp":1790237362.5775514}
2026-09-24T11:09:22.580+03:00 [RX telemetry] {"data_b64":"aGI9MCBjcmM9MCBoZHI9MCBiYWQ=","description":"ble:LoRa-Chatter-72E0 E0:72:A1:D5:4C:15","device_key":"ble-address:e0:72:a1:d5:4c:15","kind":"rx","seq":80,"session":"s2","stream":"telemetry","text":"hb=0 crc=0 hdr=0 bad","timestamp":1790237362.5807304}
2026-09-24T11:09:22.581+03:00 [RX telemetry] {"data_b64":"PTAgcmVhZGVycj0wIHJlcG9ydHM=","description":"ble:LoRa-Chatter-72E0 E0:72:A1:D5:4C:15","device_key":"ble-address:e0:72:a1:d5:4c:15","kind":"rx","seq":81,"session":"s2","stream":"telemetry","text":"=0 readerr=0 reports","timestamp":1790237362.5814912}
2026-09-24T11:09:22.582+03:00 [RX telemetry] {"data_b64":"PTAgUT0wJSBkcm9wcz0wIGZhdGE=","description":"ble:LoRa-Chatter-72E0 E0:72:A1:D5:4C:15","device_key":"ble-address:e0:72:a1:d5:4c:15","kind":"rx","seq":82,"session":"s2","stream":"telemetry","text":"=0 Q=0% drops=0 fata","timestamp":1790237362.5821476}
2026-09-24T11:09:22.583+03:00 [RX telemetry] {"data_b64":"bD0wCg==","description":"ble:LoRa-Chatter-72E0 E0:72:A1:D5:4C:15","device_key":"ble-address:e0:72:a1:d5:4c:15","kind":"rx","seq":83,"session":"s2","stream":"telemetry","text":"l=0\n","timestamp":1790237362.582847}
2026-09-24T11:09:22.583+03:00 [RX telemetry] {"data_b64":"U0VTU0lPTiBDT1VSVEVTWSB3aW4=","description":"ble:LoRa-Chatter-72E0 E0:72:A1:D5:4C:15","device_key":"ble-address:e0:72:a1:d5:4c:15","kind":"rx","seq":84,"session":"s2","stream":"telemetry","text":"SESSION COURTESY win","timestamp":1790237362.5834026}
2026-09-24T11:09:22.584+03:00 [RX telemetry] {"data_b64":"ZG93PTkxMjNtcyBwZWVyX3JlbGU=","description":"ble:LoRa-Chatter-72E0 E0:72:A1:D5:4C:15","device_key":"ble-address:e0:72:a1:d5:4c:15","kind":"rx","seq":85,"session":"s2","stream":"telemetry","text":"dow=9123ms peer_rele","timestamp":1790237362.5838034}
2026-09-24T11:09:22.584+03:00 [RX telemetry] {"data_b64":"YXNlPTAgZXhwaXJlZD0wIHlpZWw=","description":"ble:LoRa-Chatter-72E0 E0:72:A1:D5:4C:15","device_key":"ble-address:e0:72:a1:d5:4c:15","kind":"rx","seq":86,"session":"s2","stream":"telemetry","text":"ase=0 expired=0 yiel","timestamp":1790237362.5845962}
2026-09-24T11:09:22.585+03:00 [RX telemetry] {"data_b64":"ZGluZz0wCg==","description":"ble:LoRa-Chatter-72E0 E0:72:A1:D5:4C:15","device_key":"ble-address:e0:72:a1:d5:4c:15","kind":"rx","seq":87,"session":"s2","stream":"telemetry","text":"ding=0\n","timestamp":1790237362.5852337}
2026-09-24T11:09:22.586+03:00 [RX telemetry] {"data_b64":"U0VTU0lPTiBESU8wX1RYIGFmZmU=","description":"ble:LoRa-Chatter-72E0 E0:72:A1:D5:4C:15","device_key":"ble-address:e0:72:a1:d5:4c:15","kind":"rx","seq":88,"session":"s2","stream":"telemetry","text":"SESSION DIO0_TX affe","timestamp":1790237362.5858834}
2026-09-24T11:09:22.586+03:00 [RX telemetry] {"data_b64":"Y3RlZD0wLzAgZXBpc29kZXM9MCA=","description":"ble:LoRa-Chatter-72E0 E0:72:A1:D5:4C:15","device_key":"ble-address:e0:72:a1:d5:4c:15","kind":"rx","seq":89,"session":"s2","stream":"telemetry","text":"cted=0/0 episodes=0 ","timestamp":1790237362.586314}
2026-09-24T11:09:22.587+03:00 [RX telemetry] {"data_b64":"YXZnX2FsbD0wLjAwIGF2Z19hZmY=","description":"ble:LoRa-Chatter-72E0 E0:72:A1:D5:4C:15","device_key":"ble-address:e0:72:a1:d5:4c:15","kind":"rx","seq":90,"session":"s2","stream":"telemetry","text":"avg_all=0.00 avg_aff","timestamp":1790237362.5869505}
2026-09-24T11:09:22.587+03:00 [RX telemetry] {"data_b64":"ZWN0ZWQ9MC4wMCBoaWdoX3BvbGw=","description":"ble:LoRa-Chatter-72E0 E0:72:A1:D5:4C:15","device_key":"ble-address:e0:72:a1:d5:4c:15","kind":"rx","seq":91,"session":"s2","stream":"telemetry","text":"ected=0.00 high_poll","timestamp":1790237362.5875974}
2026-09-24T11:09:22.588+03:00 [RX telemetry] {"data_b64":"cz0wCg==","description":"ble:LoRa-Chatter-72E0 E0:72:A1:D5:4C:15","device_key":"ble-address:e0:72:a1:d5:4c:15","kind":"rx","seq":92,"session":"s2","stream":"telemetry","text":"s=0\n","timestamp":1790237362.5882785}
2026-09-24T11:09:22.589+03:00 [RX telemetry] {"data_b64":"U0VTU0lPTiBSWF9QT0xMIHBvbGw=","description":"ble:LoRa-Chatter-72E0 E0:72:A1:D5:4C:15","device_key":"ble-address:e0:72:a1:d5:4c:15","kind":"rx","seq":93,"session":"s2","stream":"telemetry","text":"SESSION RX_POLL poll","timestamp":1790237362.5888932}
2026-09-24T11:09:22.589+03:00 [RX telemetry] {"data_b64":"cz00NjU2MjUxIHJ4ZG9uZT0wIGk=","description":"ble:LoRa-Chatter-72E0 E0:72:A1:D5:4C:15","device_key":"ble-address:e0:72:a1:d5:4c:15","kind":"rx","seq":94,"session":"s2","stream":"telemetry","text":"s=4656251 rxdone=0 i","timestamp":1790237362.5894914}
2026-09-24T11:09:22.590+03:00 [RX telemetry] {"data_b64":"bnRlcnZhbD0xMDAwdXMgRElPMF8=","description":"ble:LoRa-Chatter-72E0 E0:72:A1:D5:4C:15","device_key":"ble-address:e0:72:a1:d5:4c:15","kind":"rx","seq":95,"session":"s2","stream":"telemetry","text":"nterval=1000us DIO0_","timestamp":1790237362.590301}
2026-09-24T11:09:22.591+03:00 [RX telemetry] {"data_b64":"UlggZmFsc2VfaGlnaF9lcD0wIGg=","description":"ble:LoRa-Chatter-72E0 E0:72:A1:D5:4C:15","device_key":"ble-address:e0:72:a1:d5:4c:15","kind":"rx","seq":96,"session":"s2","stream":"telemetry","text":"RX false_high_ep=0 h","timestamp":1790237362.5911162}
2026-09-24T11:09:22.592+03:00 [RX telemetry] {"data_b64":"aWdoX3BvbGxzPTAgcnhkb25lX2w=","description":"ble:LoRa-Chatter-72E0 E0:72:A1:D5:4C:15","device_key":"ble-address:e0:72:a1:d5:4c:15","kind":"rx","seq":97,"session":"s2","stream":"telemetry","text":"igh_polls=0 rxdone_l","timestamp":1790237362.591345}
2026-09-24T11:09:22.592+03:00 [RX telemetry] {"data_b64":"b3c9MCBpc3I9ZGlzYWJsZWQK","description":"ble:LoRa-Chatter-72E0 E0:72:A1:D5:4C:15","device_key":"ble-address:e0:72:a1:d5:4c:15","kind":"rx","seq":98,"session":"s2","stream":"telemetry","text":"ow=0 isr=disabled\n","timestamp":1790237362.592423}
2026-09-24T11:09:39.717+03:00 [AGENT REQUEST] {"id":27,"op":"observe","cursors":{"s1":54,"s2":29},"timeout_ms":10000}
2026-09-24T11:09:39.718+03:00 [AGENT RESPONSE] {"id":27,"ok":true,"result":{"cursors":{"s1":98,"s2":98},"lines":[{"seq_first":73,"seq_last":73,"session":"s1","stream":"chat","text":"[SYS] HEARTBEAT OFF"},{"seq_first":74,"seq_last":76,"session":"s1","stream":"telemetry","text":"DELIVERY CANCEL ALL pending=none queue_removed=0"},{"seq_first":77,"seq_last":78,"session":"s1","stream":"chat","text":"[SYS] DELIVERY CANCEL: nothing pending"},{"seq_first":79,"seq_last":80,"session":"s1","stream":"chat","text":"[SYS] DIAG already OFF"},{"seq_first":81,"seq_last":82,"session":"s1","stream":"chat","text":"[SYS] ECHO LOOP already stopped"},{"seq_first":48,"seq_last":48,"session":"s2","stream":"chat","text":"[SYS] HEARTBEAT OFF"},{"seq_first":49,"seq_last":51,"session":"s2","stream":"telemetry","text":"DELIVERY CANCEL ALL pending=none queue_removed=0"},{"seq_first":52,"seq_last":53,"session":"s2","stream":"chat","text":"[SYS] DELIVERY CANCEL: nothing pending"},{"seq_first":54,"seq_last":55,"session":"s2","stream":"chat","text":"[SYS] DIAG already OFF"},{"seq_first":56,"seq_last":57,"session":"s2","stream":"chat","text":"[SYS] ECHO LOOP already stopped"},{"seq_first":58,"seq_last":59,"session":"s2","stream":"chat","text":"[SYS] POWER 2 dBm SAVED"},{"seq_first":60,"seq_last":61,"session":"s2","stream":"chat","text":"[SYS] FREQ 470 MHz SAVED"},{"seq_first":83,"seq_last":84,"session":"s1","stream":"chat","text":"[SYS] POWER 2 dBm SAVED"},{"seq_first":85,"seq_last":86,"session":"s1","stream":"chat","text":"[SYS] FREQ 470 MHz SAVED"},{"seq_first":87,"seq_last":87,"session":"s1","stream":"chat","text":"[SYS] SF 12 SAVED"},{"seq_first":62,"seq_last":62,"session":"s2","stream":"chat","text":"[SYS] SF 12 SAVED"},{"seq_first":63,"seq_last":64,"session":"s2","stream":"chat","text":"[SYS] BW 125 kHz SAVED"},{"seq_first":65,"seq_last":67,"session":"s2","stream":"chat","text":"[SYS] CFG schema=2 storage=NVS freq_oob=OFF"},{"seq_first":68,"seq_last":70,"session":"s2","stream":"chat","text":"[SYS] CFG RADIO power=2 dBm freq=470 MHz sf=12 bw=125 kHz"},{"seq_first":71,"seq_last":73,"session":"s2","stream":"chat","text":"[SYS] CFG LINK heartbeat=OFF retry=ON attempts=5 diag=OFF"},{"seq_first":88,"seq_last":89,"session":"s1","stream":"chat","text":"[SYS] BW 125 kHz SAVED"},{"seq_first":90,"seq_last":92,"session":"s1","stream":"chat","text":"[SYS] CFG schema=2 storage=NVS freq_oob=OFF"},{"seq_first":93,"seq_last":95,"session":"s1","stream":"chat","text":"[SYS] CFG RADIO power=2 dBm freq=470 MHz sf=12 bw=125 kHz"},{"seq_first":96,"seq_last":98,"session":"s1","stream":"chat","text":"[SYS] CFG LINK heartbeat=OFF retry=ON attempts=5 diag=OFF"},{"seq_first":74,"seq_last":74,"session":"s2","stream":"telemetry","text":""},{"seq_first":74,"seq_last":83,"session":"s2","stream":"telemetry","text":"SESSION t=4680s TX ok=0 user=0 echo_req=0 echo_rep=0 hb=0(idle=0) err=0 started=0 RX ok=0 user=0 echo_req=0 echo_rep=0 hb=0 crc=0 hdr=0 bad=0 readerr=0 reports=0 Q=0% drops=0 fatal=0"},{"seq_first":84,"seq_last":87,"session":"s2","stream":"telemetry","text":"SESSION COURTESY window=9123ms peer_release=0 expired=0 yielding=0"},{"seq_first":88,"seq_last":92,"session":"s2","stream":"telemetry","text":"SESSION DIO0_TX affected=0/0 episodes=0 avg_all=0.00 avg_affected=0.00 high_polls=0"},{"seq_first":93,"seq_last":98,"session":"s2","stream":"telemetry","text":"SESSION RX_POLL polls=4656251 rxdone=0 interval=1000us DIO0_RX false_high_ep=0 high_polls=0 rxdone_low=0 isr=disabled"}],"timed_out":false}}
2026-09-24T11:09:41.722+03:00 [RX telemetry] {"data_b64":"ClNFU1NJT04gdD00NzQwcyBUWCA=","description":"ble:LoRa-Chatter-1B44 44:1B:F6:8D:B7:A9","device_key":"ble-address:44:1b:f6:8d:b7:a9","kind":"rx","seq":99,"session":"s1","stream":"telemetry","text":"\nSESSION t=4740s TX ","timestamp":1790237381.7219834}
2026-09-24T11:09:41.723+03:00 [RX telemetry] {"data_b64":"b2s9MCB1c2VyPTAgZWNob19yZXE=","description":"ble:LoRa-Chatter-1B44 44:1B:F6:8D:B7:A9","device_key":"ble-address:44:1b:f6:8d:b7:a9","kind":"rx","seq":100,"session":"s1","stream":"telemetry","text":"ok=0 user=0 echo_req","timestamp":1790237381.7227814}
2026-09-24T11:09:41.723+03:00 [RX telemetry] {"data_b64":"PTAgZWNob19yZXA9MCBoYj0wKGk=","description":"ble:LoRa-Chatter-1B44 44:1B:F6:8D:B7:A9","device_key":"ble-address:44:1b:f6:8d:b7:a9","kind":"rx","seq":101,"session":"s1","stream":"telemetry","text":"=0 echo_rep=0 hb=0(i","timestamp":1790237381.7234423}
2026-09-24T11:09:41.728+03:00 [RX telemetry] {"data_b64":"ZGxlPTApIGVycj0wIHN0YXJ0ZWQ=","description":"ble:LoRa-Chatter-1B44 44:1B:F6:8D:B7:A9","device_key":"ble-address:44:1b:f6:8d:b7:a9","kind":"rx","seq":102,"session":"s1","stream":"telemetry","text":"dle=0) err=0 started","timestamp":1790237381.7240872}
2026-09-24T11:09:41.728+03:00 [RX telemetry] {"data_b64":"PTAgUlggb2s9MCB1c2VyPTAgZWM=","description":"ble:LoRa-Chatter-1B44 44:1B:F6:8D:B7:A9","device_key":"ble-address:44:1b:f6:8d:b7:a9","kind":"rx","seq":103,"session":"s1","stream":"telemetry","text":"=0 RX ok=0 user=0 ec","timestamp":1790237381.724501}
2026-09-24T11:09:41.728+03:00 [RX telemetry] {"data_b64":"aG9fcmVxPTAgZWNob19yZXA9MCA=","description":"ble:LoRa-Chatter-1B44 44:1B:F6:8D:B7:A9","device_key":"ble-address:44:1b:f6:8d:b7:a9","kind":"rx","seq":104,"session":"s1","stream":"telemetry","text":"ho_req=0 echo_rep=0 ","timestamp":1790237381.7249572}
2026-09-24T11:09:41.729+03:00 [RX telemetry] {"data_b64":"aGI9MCBjcmM9MCBoZHI9MCBiYWQ=","description":"ble:LoRa-Chatter-1B44 44:1B:F6:8D:B7:A9","device_key":"ble-address:44:1b:f6:8d:b7:a9","kind":"rx","seq":105,"session":"s1","stream":"telemetry","text":"hb=0 crc=0 hdr=0 bad","timestamp":1790237381.7255404}
2026-09-24T11:09:41.729+03:00 [RX telemetry] {"data_b64":"PTEgcmVhZGVycj0wIHJlcG9ydHM=","description":"ble:LoRa-Chatter-1B44 44:1B:F6:8D:B7:A9","device_key":"ble-address:44:1b:f6:8d:b7:a9","kind":"rx","seq":106,"session":"s1","stream":"telemetry","text":"=1 readerr=0 reports","timestamp":1790237381.726555}
2026-09-24T11:09:41.729+03:00 [RX telemetry] {"data_b64":"PTAgUT0wJSBkcm9wcz0wIGZhdGE=","description":"ble:LoRa-Chatter-1B44 44:1B:F6:8D:B7:A9","device_key":"ble-address:44:1b:f6:8d:b7:a9","kind":"rx","seq":107,"session":"s1","stream":"telemetry","text":"=0 Q=0% drops=0 fata","timestamp":1790237381.7272136}
2026-09-24T11:09:41.729+03:00 [RX telemetry] {"data_b64":"bD0wCg==","description":"ble:LoRa-Chatter-1B44 44:1B:F6:8D:B7:A9","device_key":"ble-address:44:1b:f6:8d:b7:a9","kind":"rx","seq":108,"session":"s1","stream":"telemetry","text":"l=0\n","timestamp":1790237381.7277572}
2026-09-24T11:09:41.729+03:00 [RX telemetry] {"data_b64":"U0VTU0lPTiBDT1VSVEVTWSB3aW4=","description":"ble:LoRa-Chatter-1B44 44:1B:F6:8D:B7:A9","device_key":"ble-address:44:1b:f6:8d:b7:a9","kind":"rx","seq":109,"session":"s1","stream":"telemetry","text":"SESSION COURTESY win","timestamp":1790237381.7283592}
2026-09-24T11:09:41.730+03:00 [RX telemetry] {"data_b64":"ZG93PTkxMjNtcyBwZWVyX3JlbGU=","description":"ble:LoRa-Chatter-1B44 44:1B:F6:8D:B7:A9","device_key":"ble-address:44:1b:f6:8d:b7:a9","kind":"rx","seq":110,"session":"s1","stream":"telemetry","text":"dow=9123ms peer_rele","timestamp":1790237381.7299914}
2026-09-24T11:09:41.731+03:00 [RX telemetry] {"data_b64":"YXNlPTAgZXhwaXJlZD0wIHlpZWw=","description":"ble:LoRa-Chatter-1B44 44:1B:F6:8D:B7:A9","device_key":"ble-address:44:1b:f6:8d:b7:a9","kind":"rx","seq":111,"session":"s1","stream":"telemetry","text":"ase=0 expired=0 yiel","timestamp":1790237381.7306623}
2026-09-24T11:09:41.731+03:00 [RX telemetry] {"data_b64":"ZGluZz0wCg==","description":"ble:LoRa-Chatter-1B44 44:1B:F6:8D:B7:A9","device_key":"ble-address:44:1b:f6:8d:b7:a9","kind":"rx","seq":112,"session":"s1","stream":"telemetry","text":"ding=0\n","timestamp":1790237381.730722}
2026-09-24T11:09:41.731+03:00 [RX telemetry] {"data_b64":"U0VTU0lPTiBESU8wX1RYIGFmZmU=","description":"ble:LoRa-Chatter-1B44 44:1B:F6:8D:B7:A9","device_key":"ble-address:44:1b:f6:8d:b7:a9","kind":"rx","seq":113,"session":"s1","stream":"telemetry","text":"SESSION DIO0_TX affe","timestamp":1790237381.7314873}
2026-09-24T11:09:41.732+03:00 [RX telemetry] {"data_b64":"Y3RlZD0wLzAgZXBpc29kZXM9MCA=","description":"ble:LoRa-Chatter-1B44 44:1B:F6:8D:B7:A9","device_key":"ble-address:44:1b:f6:8d:b7:a9","kind":"rx","seq":114,"session":"s1","stream":"telemetry","text":"cted=0/0 episodes=0 ","timestamp":1790237381.7321157}
2026-09-24T11:09:41.732+03:00 [RX telemetry] {"data_b64":"YXZnX2FsbD0wLjAwIGF2Z19hZmY=","description":"ble:LoRa-Chatter-1B44 44:1B:F6:8D:B7:A9","device_key":"ble-address:44:1b:f6:8d:b7:a9","kind":"rx","seq":115,"session":"s1","stream":"telemetry","text":"avg_all=0.00 avg_aff","timestamp":1790237381.7321928}
2026-09-24T11:09:41.733+03:00 [RX telemetry] {"data_b64":"ZWN0ZWQ9MC4wMCBoaWdoX3BvbGw=","description":"ble:LoRa-Chatter-1B44 44:1B:F6:8D:B7:A9","device_key":"ble-address:44:1b:f6:8d:b7:a9","kind":"rx","seq":116,"session":"s1","stream":"telemetry","text":"ected=0.00 high_poll","timestamp":1790237381.7329485}
2026-09-24T11:09:41.734+03:00 [RX telemetry] {"data_b64":"cz0wCg==","description":"ble:LoRa-Chatter-1B44 44:1B:F6:8D:B7:A9","device_key":"ble-address:44:1b:f6:8d:b7:a9","kind":"rx","seq":117,"session":"s1","stream":"telemetry","text":"s=0\n","timestamp":1790237381.733726}
2026-09-24T11:09:41.734+03:00 [RX telemetry] {"data_b64":"U0VTU0lPTiBSWF9QT0xMIHBvbGw=","description":"ble:LoRa-Chatter-1B44 44:1B:F6:8D:B7:A9","device_key":"ble-address:44:1b:f6:8d:b7:a9","kind":"rx","seq":118,"session":"s1","stream":"telemetry","text":"SESSION RX_POLL poll","timestamp":1790237381.7341816}
2026-09-24T11:09:41.735+03:00 [RX telemetry] {"data_b64":"cz00NzM3NDU3IHJ4ZG9uZT0xIGk=","description":"ble:LoRa-Chatter-1B44 44:1B:F6:8D:B7:A9","device_key":"ble-address:44:1b:f6:8d:b7:a9","kind":"rx","seq":119,"session":"s1","stream":"telemetry","text":"s=4737457 rxdone=1 i","timestamp":1790237381.7347708}
2026-09-24T11:09:41.735+03:00 [RX telemetry] {"data_b64":"bnRlcnZhbD0xMDAwdXMgRElPMF8=","description":"ble:LoRa-Chatter-1B44 44:1B:F6:8D:B7:A9","device_key":"ble-address:44:1b:f6:8d:b7:a9","kind":"rx","seq":120,"session":"s1","stream":"telemetry","text":"nterval=1000us DIO0_","timestamp":1790237381.735358}
2026-09-24T11:09:41.736+03:00 [RX telemetry] {"data_b64":"UlggZmFsc2VfaGlnaF9lcD0wIGg=","description":"ble:LoRa-Chatter-1B44 44:1B:F6:8D:B7:A9","device_key":"ble-address:44:1b:f6:8d:b7:a9","kind":"rx","seq":121,"session":"s1","stream":"telemetry","text":"RX false_high_ep=0 h","timestamp":1790237381.7360184}
2026-09-24T11:09:41.736+03:00 [RX telemetry] {"data_b64":"aWdoX3BvbGxzPTAgcnhkb25lX2w=","description":"ble:LoRa-Chatter-1B44 44:1B:F6:8D:B7:A9","device_key":"ble-address:44:1b:f6:8d:b7:a9","kind":"rx","seq":122,"session":"s1","stream":"telemetry","text":"igh_polls=0 rxdone_l","timestamp":1790237381.736728}
2026-09-24T11:09:41.737+03:00 [RX telemetry] {"data_b64":"b3c9MCBpc3I9ZGlzYWJsZWQK","description":"ble:LoRa-Chatter-1B44 44:1B:F6:8D:B7:A9","device_key":"ble-address:44:1b:f6:8d:b7:a9","kind":"rx","seq":123,"session":"s1","stream":"telemetry","text":"ow=0 isr=disabled\n","timestamp":1790237381.737508}
2026-09-24T11:09:59.015+03:00 [AGENT REQUEST] {"id":28,"op":"send_line","session":"s1","text":"/heartbeat on"}
2026-09-24T11:09:59.017+03:00 [TX] {"data_b64":"L2hlYXJ0YmVhdCBvbgo=","device_key":"ble-address:44:1b:f6:8d:b7:a9","kind":"tx","seq":124,"session":"s1","text":"/heartbeat on","timestamp":1790237399.0162702,"tx_id":12,"tx_state":"queued"}
2026-09-24T11:09:59.017+03:00 [AGENT RESPONSE] {"id":28,"ok":true,"result":{"state":"queued","tx_id":12}}
2026-09-24T11:09:59.017+03:00 [AGENT REQUEST] {"id":29,"op":"send_line","session":"s2","text":"/heartbeat on"}
2026-09-24T11:09:59.019+03:00 [TX] {"data_b64":"L2hlYXJ0YmVhdCBvbgo=","device_key":"ble-address:e0:72:a1:d5:4c:15","kind":"tx","seq":99,"session":"s2","text":"/heartbeat on","timestamp":1790237399.0180202,"tx_id":12,"tx_state":"queued"}
2026-09-24T11:09:59.019+03:00 [AGENT RESPONSE] {"id":29,"ok":true,"result":{"state":"queued","tx_id":12}}
2026-09-24T11:09:59.019+03:00 [TX] {"data_b64":"L2hlYXJ0YmVhdCBvbgo=","description":"ble:LoRa-Chatter-1B44 44:1B:F6:8D:B7:A9","device_key":"ble-address:44:1b:f6:8d:b7:a9","kind":"tx","seq":125,"session":"s1","text":"/heartbeat on","timestamp":1790237399.0189672,"tx_id":12,"tx_state":"written"}
2026-09-24T11:09:59.020+03:00 [TX] {"data_b64":"L2hlYXJ0YmVhdCBvbgo=","description":"ble:LoRa-Chatter-72E0 E0:72:A1:D5:4C:15","device_key":"ble-address:e0:72:a1:d5:4c:15","kind":"tx","seq":100,"session":"s2","text":"/heartbeat on","timestamp":1790237399.0202992,"tx_id":12,"tx_state":"written"}
2026-09-24T11:09:59.091+03:00 [RX chat] {"data_b64":"W1NZU10gSEVBUlRCRUFUIE9OCg==","description":"ble:LoRa-Chatter-1B44 44:1B:F6:8D:B7:A9","device_key":"ble-address:44:1b:f6:8d:b7:a9","kind":"rx","seq":126,"session":"s1","stream":"chat","text":"[SYS] HEARTBEAT ON\n","timestamp":1790237399.0909193}
2026-09-24T11:09:59.115+03:00 [RX chat] {"data_b64":"W1NZU10gSEVBUlRCRUFUIE9OCg==","description":"ble:LoRa-Chatter-72E0 E0:72:A1:D5:4C:15","device_key":"ble-address:e0:72:a1:d5:4c:15","kind":"rx","seq":101,"session":"s2","stream":"chat","text":"[SYS] HEARTBEAT ON\n","timestamp":1790237399.1148314}
2026-09-24T11:10:10.184+03:00 [RX telemetry] {"data_b64":"ClRYIEhFQVJUQkVBVCBQSU5HIHM=","description":"ble:LoRa-Chatter-72E0 E0:72:A1:D5:4C:15","device_key":"ble-address:e0:72:a1:d5:4c:15","kind":"rx","seq":102,"session":"s2","stream":"telemetry","text":"\nTX HEARTBEAT PING s","timestamp":1790237410.1840143}
2026-09-24T11:10:10.185+03:00 [RX telemetry] {"data_b64":"ZXE9MCBmcmFtZT0xMkIgcmVhc28=","description":"ble:LoRa-Chatter-72E0 E0:72:A1:D5:4C:15","device_key":"ble-address:e0:72:a1:d5:4c:15","kind":"rx","seq":103,"session":"s2","stream":"telemetry","text":"eq=0 frame=12B reaso","timestamp":1790237410.1851432}
2026-09-24T11:10:10.190+03:00 [RX telemetry] {"data_b64":"bj1pZGxlIE9LIHRpbWU9MTE1NiA=","description":"ble:LoRa-Chatter-72E0 E0:72:A1:D5:4C:15","device_key":"ble-address:e0:72:a1:d5:4c:15","kind":"rx","seq":104,"session":"s2","stream":"telemetry","text":"n=idle OK time=1156 ","timestamp":1790237410.1852221}
2026-09-24T11:10:10.190+03:00 [RX telemetry] {"data_b64":"bXMgcmVzcG9uc2U8PTIwMTltcwo=","description":"ble:LoRa-Chatter-72E0 E0:72:A1:D5:4C:15","device_key":"ble-address:e0:72:a1:d5:4c:15","kind":"rx","seq":105,"session":"s2","stream":"telemetry","text":"ms response<=2019ms\n","timestamp":1790237410.185863}
2026-09-24T11:10:10.205+03:00 [RX telemetry] {"data_b64":"ClRYIEhFQVJUQkVBVCBQSU5HIHM=","description":"ble:LoRa-Chatter-1B44 44:1B:F6:8D:B7:A9","device_key":"ble-address:44:1b:f6:8d:b7:a9","kind":"rx","seq":127,"session":"s1","stream":"telemetry","text":"\nTX HEARTBEAT PING s","timestamp":1790237410.2056985}
2026-09-24T11:10:10.206+03:00 [RX telemetry] {"data_b64":"ZXE9MCBmcmFtZT0xMkIgcmVhc28=","description":"ble:LoRa-Chatter-1B44 44:1B:F6:8D:B7:A9","device_key":"ble-address:44:1b:f6:8d:b7:a9","kind":"rx","seq":128,"session":"s1","stream":"telemetry","text":"eq=0 frame=12B reaso","timestamp":1790237410.2064202}
2026-09-24T11:10:10.209+03:00 [RX telemetry] {"data_b64":"bj1pZGxlIE9LIHRpbWU9MTE1NyA=","description":"ble:LoRa-Chatter-1B44 44:1B:F6:8D:B7:A9","device_key":"ble-address:44:1b:f6:8d:b7:a9","kind":"rx","seq":129,"session":"s1","stream":"telemetry","text":"n=idle OK time=1157 ","timestamp":1790237410.2097244}
2026-09-24T11:10:10.210+03:00 [RX telemetry] {"data_b64":"bXMgcmVzcG9uc2U8PTIwMTltcwo=","description":"ble:LoRa-Chatter-1B44 44:1B:F6:8D:B7:A9","device_key":"ble-address:44:1b:f6:8d:b7:a9","kind":"rx","seq":130,"session":"s1","stream":"telemetry","text":"ms response<=2019ms\n","timestamp":1790237410.2105205}
2026-09-24T11:10:12.209+03:00 [RX telemetry] {"data_b64":"SEVBUlRCRUFUIFRJTUVPVVQgcmU=","description":"ble:LoRa-Chatter-72E0 E0:72:A1:D5:4C:15","device_key":"ble-address:e0:72:a1:d5:4c:15","kind":"rx","seq":106,"session":"s2","stream":"telemetry","text":"HEARTBEAT TIMEOUT re","timestamp":1790237412.2089195}
2026-09-24T11:10:12.210+03:00 [RX telemetry] {"data_b64":"cXVlc3Q9Q0NFRC8wIG91dGNvbWU=","description":"ble:LoRa-Chatter-72E0 E0:72:A1:D5:4C:15","device_key":"ble-address:e0:72:a1:d5:4c:15","kind":"rx","seq":107,"session":"s2","stream":"telemetry","text":"quest=CCED/0 outcome","timestamp":1790237412.2098129}
2026-09-24T11:10:12.210+03:00 [RX telemetry] {"data_b64":"PU5SUCBSUT0wIHBlZXJfcT11bms=","description":"ble:LoRa-Chatter-72E0 E0:72:A1:D5:4C:15","device_key":"ble-address:e0:72:a1:d5:4c:15","kind":"rx","seq":108,"session":"s2","stream":"telemetry","text":"=NRP RQ=0 peer_q=unk","timestamp":1790237412.21061}
2026-09-24T11:10:12.211+03:00 [RX telemetry] {"data_b64":"bm93biByZWNvdmVyeT0xIGppdHQ=","description":"ble:LoRa-Chatter-72E0 E0:72:A1:D5:4C:15","device_key":"ble-address:e0:72:a1:d5:4c:15","kind":"rx","seq":109,"session":"s2","stream":"telemetry","text":"nown recovery=1 jitt","timestamp":1790237412.2113028}
2026-09-24T11:10:12.212+03:00 [RX telemetry] {"data_b64":"ZXI8PTExNTZtcwo=","description":"ble:LoRa-Chatter-72E0 E0:72:A1:D5:4C:15","device_key":"ble-address:e0:72:a1:d5:4c:15","kind":"rx","seq":110,"session":"s2","stream":"telemetry","text":"er<=1156ms\n","timestamp":1790237412.2116582}
2026-09-24T11:10:12.231+03:00 [RX telemetry] {"data_b64":"SEVBUlRCRUFUIFRJTUVPVVQgcmU=","description":"ble:LoRa-Chatter-1B44 44:1B:F6:8D:B7:A9","device_key":"ble-address:44:1b:f6:8d:b7:a9","kind":"rx","seq":131,"session":"s1","stream":"telemetry","text":"HEARTBEAT TIMEOUT re","timestamp":1790237412.2308588}
2026-09-24T11:10:12.231+03:00 [RX telemetry] {"data_b64":"cXVlc3Q9RTEzMC8wIG91dGNvbWU=","description":"ble:LoRa-Chatter-1B44 44:1B:F6:8D:B7:A9","device_key":"ble-address:44:1b:f6:8d:b7:a9","kind":"rx","seq":132,"session":"s1","stream":"telemetry","text":"quest=E130/0 outcome","timestamp":1790237412.2316852}
2026-09-24T11:10:12.232+03:00 [RX telemetry] {"data_b64":"PU5SUCBSUT0wIHBlZXJfcT11bms=","description":"ble:LoRa-Chatter-1B44 44:1B:F6:8D:B7:A9","device_key":"ble-address:44:1b:f6:8d:b7:a9","kind":"rx","seq":133,"session":"s1","stream":"telemetry","text":"=NRP RQ=0 peer_q=unk","timestamp":1790237412.232654}
2026-09-24T11:10:12.233+03:00 [RX telemetry] {"data_b64":"bm93biByZWNvdmVyeT0xIGppdHQ=","description":"ble:LoRa-Chatter-1B44 44:1B:F6:8D:B7:A9","device_key":"ble-address:44:1b:f6:8d:b7:a9","kind":"rx","seq":134,"session":"s1","stream":"telemetry","text":"nown recovery=1 jitt","timestamp":1790237412.233416}
2026-09-24T11:10:12.234+03:00 [RX telemetry] {"data_b64":"ZXI8PTExNTZtcwo=","description":"ble:LoRa-Chatter-1B44 44:1B:F6:8D:B7:A9","device_key":"ble-address:44:1b:f6:8d:b7:a9","kind":"rx","seq":135,"session":"s1","stream":"telemetry","text":"er<=1156ms\n","timestamp":1790237412.2341318}
2026-09-24T11:10:17.137+03:00 [AGENT REQUEST] {"id":30,"op":"observe","cursors":{"s1":98,"s2":98},"timeout_ms":30000}
2026-09-24T11:10:17.137+03:00 [AGENT RESPONSE] {"id":30,"ok":true,"result":{"cursors":{"s1":135,"s2":110},"lines":[{"seq_first":99,"seq_last":99,"session":"s1","stream":"telemetry","text":""},{"seq_first":99,"seq_last":108,"session":"s1","stream":"telemetry","text":"SESSION t=4740s TX ok=0 user=0 echo_req=0 echo_rep=0 hb=0(idle=0) err=0 started=0 RX ok=0 user=0 echo_req=0 echo_rep=0 hb=0 crc=0 hdr=0 bad=1 readerr=0 reports=0 Q=0% drops=0 fatal=0"},{"seq_first":109,"seq_last":112,"session":"s1","stream":"telemetry","text":"SESSION COURTESY window=9123ms peer_release=0 expired=0 yielding=0"},{"seq_first":113,"seq_last":117,"session":"s1","stream":"telemetry","text":"SESSION DIO0_TX affected=0/0 episodes=0 avg_all=0.00 avg_affected=0.00 high_polls=0"},{"seq_first":118,"seq_last":123,"session":"s1","stream":"telemetry","text":"SESSION RX_POLL polls=4737457 rxdone=1 interval=1000us DIO0_RX false_high_ep=0 high_polls=0 rxdone_low=0 isr=disabled"},{"seq_first":126,"seq_last":126,"session":"s1","stream":"chat","text":"[SYS] HEARTBEAT ON"},{"seq_first":101,"seq_last":101,"session":"s2","stream":"chat","text":"[SYS] HEARTBEAT ON"},{"seq_first":102,"seq_last":102,"session":"s2","stream":"telemetry","text":""},{"seq_first":102,"seq_last":105,"session":"s2","stream":"telemetry","text":"TX HEARTBEAT PING seq=0 frame=12B reason=idle OK time=1156 ms response<=2019ms"},{"seq_first":127,"seq_last":127,"session":"s1","stream":"telemetry","text":""},{"seq_first":127,"seq_last":130,"session":"s1","stream":"telemetry","text":"TX HEARTBEAT PING seq=0 frame=12B reason=idle OK time=1157 ms response<=2019ms"},{"seq_first":106,"seq_last":110,"session":"s2","stream":"telemetry","text":"HEARTBEAT TIMEOUT request=CCED/0 outcome=NRP RQ=0 peer_q=unknown recovery=1 jitter<=1156ms"},{"seq_first":131,"seq_last":135,"session":"s1","stream":"telemetry","text":"HEARTBEAT TIMEOUT request=E130/0 outcome=NRP RQ=0 peer_q=unknown recovery=1 jitter<=1156ms"}],"timed_out":false}}
2026-09-24T11:10:20.579+03:00 [RX telemetry] {"data_b64":"ClRYIEhFQVJUQkVBVCBQSU5HIHM=","description":"ble:LoRa-Chatter-72E0 E0:72:A1:D5:4C:15","device_key":"ble-address:e0:72:a1:d5:4c:15","kind":"rx","seq":111,"session":"s2","stream":"telemetry","text":"\nTX HEARTBEAT PING s","timestamp":1790237420.5790234}
2026-09-24T11:10:20.580+03:00 [RX telemetry] {"data_b64":"ZXE9MSBmcmFtZT0xMkIgcmVhc28=","description":"ble:LoRa-Chatter-72E0 E0:72:A1:D5:4C:15","device_key":"ble-address:e0:72:a1:d5:4c:15","kind":"rx","seq":112,"session":"s2","stream":"telemetry","text":"eq=1 frame=12B reaso","timestamp":1790237420.5797274}
2026-09-24T11:10:20.580+03:00 [RX telemetry] {"data_b64":"bj1pZGxlIE9LIHRpbWU9MTE1NiA=","description":"ble:LoRa-Chatter-72E0 E0:72:A1:D5:4C:15","device_key":"ble-address:e0:72:a1:d5:4c:15","kind":"rx","seq":113,"session":"s2","stream":"telemetry","text":"n=idle OK time=1156 ","timestamp":1790237420.5804405}
2026-09-24T11:10:20.581+03:00 [RX telemetry] {"data_b64":"bXMgcmVzcG9uc2U8PTIwMTltcwo=","description":"ble:LoRa-Chatter-72E0 E0:72:A1:D5:4C:15","device_key":"ble-address:e0:72:a1:d5:4c:15","kind":"rx","seq":114,"session":"s2","stream":"telemetry","text":"ms response<=2019ms\n","timestamp":1790237420.5810905}
2026-09-24T11:10:20.600+03:00 [RX telemetry] {"data_b64":"UlggSEVBUlRCRUFUIFBJTkcgc2U=","description":"ble:LoRa-Chatter-1B44 44:1B:F6:8D:B7:A9","device_key":"ble-address:44:1b:f6:8d:b7:a9","kind":"rx","seq":136,"session":"s1","stream":"telemetry","text":"RX HEARTBEAT PING se","timestamp":1790237420.6007717}
2026-09-24T11:10:20.601+03:00 [RX telemetry] {"data_b64":"c3Npb249Q0NFRCBzZXE9MSBmcmE=","description":"ble:LoRa-Chatter-1B44 44:1B:F6:8D:B7:A9","device_key":"ble-address:44:1b:f6:8d:b7:a9","kind":"rx","seq":137,"session":"s1","stream":"telemetry","text":"ssion=CCED seq=1 fra","timestamp":1790237420.6015508}
2026-09-24T11:10:20.602+03:00 [RX telemetry] {"data_b64":"bWU9MTJCIFJYPS02Ny8xNCBRMAo=","description":"ble:LoRa-Chatter-1B44 44:1B:F6:8D:B7:A9","device_key":"ble-address:44:1b:f6:8d:b7:a9","kind":"rx","seq":138,"session":"s1","stream":"telemetry","text":"me=12B RX=-67/14 Q0\n","timestamp":1790237420.6027677}
2026-09-24T11:10:22.131+03:00 [RX telemetry] {"data_b64":"ClRYIEhFQVJUQkVBVCBQT05HIHM=","description":"ble:LoRa-Chatter-1B44 44:1B:F6:8D:B7:A9","device_key":"ble-address:44:1b:f6:8d:b7:a9","kind":"rx","seq":139,"session":"s1","stream":"telemetry","text":"\nTX HEARTBEAT PONG s","timestamp":1790237422.1310067}
2026-09-24T11:10:22.131+03:00 [RX telemetry] {"data_b64":"ZXE9MSBmcmFtZT0xNkIgcmVxdWU=","description":"ble:LoRa-Chatter-1B44 44:1B:F6:8D:B7:A9","device_key":"ble-address:44:1b:f6:8d:b7:a9","kind":"rx","seq":140,"session":"s1","stream":"telemetry","text":"eq=1 frame=16B reque","timestamp":1790237422.1314168}
2026-09-24T11:10:22.133+03:00 [RX telemetry] {"data_b64":"c3Q9Q0NFRC8xIE9LIHRpbWU9MTM=","description":"ble:LoRa-Chatter-1B44 44:1B:F6:8D:B7:A9","device_key":"ble-address:44:1b:f6:8d:b7:a9","kind":"rx","seq":141,"session":"s1","stream":"telemetry","text":"st=CCED/1 OK time=13","timestamp":1790237422.1337492}
2026-09-24T11:10:22.134+03:00 [RX telemetry] {"data_b64":"MjAgbXMK","description":"ble:LoRa-Chatter-1B44 44:1B:F6:8D:B7:A9","device_key":"ble-address:44:1b:f6:8d:b7:a9","kind":"rx","seq":142,"session":"s1","stream":"telemetry","text":"20 ms\n","timestamp":1790237422.13455}
2026-09-24T11:10:22.153+03:00 [RX telemetry] {"data_b64":"UEVFUl9SRVBPUlQgb3VyX3NlcT0=","description":"ble:LoRa-Chatter-72E0 E0:72:A1:D5:4C:15","device_key":"ble-address:e0:72:a1:d5:4c:15","kind":"rx","seq":115,"session":"s2","stream":"telemetry","text":"PEER_REPORT our_seq=","timestamp":1790237422.1537578}
2026-09-24T11:10:22.154+03:00 [RX telemetry] {"data_b64":"MSBUWD0tNjcvMTQgUTAK","description":"ble:LoRa-Chatter-72E0 E0:72:A1:D5:4C:15","device_key":"ble-address:e0:72:a1:d5:4c:15","kind":"rx","seq":116,"session":"s2","stream":"telemetry","text":"1 TX=-67/14 Q0\n","timestamp":1790237422.154345}
2026-09-24T11:10:22.155+03:00 [RX telemetry] {"data_b64":"UlggSEVBUlRCRUFUIFBPTkcgcmU=","description":"ble:LoRa-Chatter-72E0 E0:72:A1:D5:4C:15","device_key":"ble-address:e0:72:a1:d5:4c:15","kind":"rx","seq":117,"session":"s2","stream":"telemetry","text":"RX HEARTBEAT PONG re","timestamp":1790237422.1549375}
2026-09-24T11:10:22.159+03:00 [RX telemetry] {"data_b64":"cXVlc3Q9Q0NFRC8xIGZyYW1lPTE=","description":"ble:LoRa-Chatter-72E0 E0:72:A1:D5:4C:15","device_key":"ble-address:e0:72:a1:d5:4c:15","kind":"rx","seq":118,"session":"s2","stream":"telemetry","text":"quest=CCED/1 frame=1","timestamp":1790237422.1596148}
2026-09-24T11:10:22.160+03:00 [RX telemetry] {"data_b64":"NkIgUlg9LTY0LzEyIFE1MCBUWD0=","description":"ble:LoRa-Chatter-72E0 E0:72:A1:D5:4C:15","device_key":"ble-address:e0:72:a1:d5:4c:15","kind":"rx","seq":119,"session":"s2","stream":"telemetry","text":"6B RX=-64/12 Q50 TX=","timestamp":1790237422.1607099}
2026-09-24T11:10:22.161+03:00 [RX telemetry] {"data_b64":"LTY3LzE0IFEwCg==","description":"ble:LoRa-Chatter-72E0 E0:72:A1:D5:4C:15","device_key":"ble-address:e0:72:a1:d5:4c:15","kind":"rx","seq":120,"session":"s2","stream":"telemetry","text":"-67/14 Q0\n","timestamp":1790237422.1615093}
2026-09-24T11:10:22.560+03:00 [RX telemetry] {"data_b64":"ClNFU1NJT04gdD00NzQwcyBUWCA=","description":"ble:LoRa-Chatter-72E0 E0:72:A1:D5:4C:15","device_key":"ble-address:e0:72:a1:d5:4c:15","kind":"rx","seq":121,"session":"s2","stream":"telemetry","text":"\nSESSION t=4740s TX ","timestamp":1790237422.559775}
2026-09-24T11:10:22.561+03:00 [RX telemetry] {"data_b64":"b2s9MiB1c2VyPTAgZWNob19yZXE=","description":"ble:LoRa-Chatter-72E0 E0:72:A1:D5:4C:15","device_key":"ble-address:e0:72:a1:d5:4c:15","kind":"rx","seq":122,"session":"s2","stream":"telemetry","text":"ok=2 user=0 echo_req","timestamp":1790237422.5606391}
2026-09-24T11:10:22.561+03:00 [RX telemetry] {"data_b64":"PTAgZWNob19yZXA9MCBoYj0yKGk=","description":"ble:LoRa-Chatter-72E0 E0:72:A1:D5:4C:15","device_key":"ble-address:e0:72:a1:d5:4c:15","kind":"rx","seq":123,"session":"s2","stream":"telemetry","text":"=0 echo_rep=0 hb=2(i","timestamp":1790237422.5608587}
2026-09-24T11:10:22.561+03:00 [RX telemetry] {"data_b64":"ZGxlPTIpIGVycj0wIHN0YXJ0ZWQ=","description":"ble:LoRa-Chatter-72E0 E0:72:A1:D5:4C:15","device_key":"ble-address:e0:72:a1:d5:4c:15","kind":"rx","seq":124,"session":"s2","stream":"telemetry","text":"dle=2) err=0 started","timestamp":1790237422.5615625}
2026-09-24T11:10:22.562+03:00 [RX telemetry] {"data_b64":"PTIgUlggb2s9MSB1c2VyPTAgZWM=","description":"ble:LoRa-Chatter-72E0 E0:72:A1:D5:4C:15","device_key":"ble-address:e0:72:a1:d5:4c:15","kind":"rx","seq":125,"session":"s2","stream":"telemetry","text":"=2 RX ok=1 user=0 ec","timestamp":1790237422.5624857}
2026-09-24T11:10:22.563+03:00 [RX telemetry] {"data_b64":"aG9fcmVxPTAgZWNob19yZXA9MCA=","description":"ble:LoRa-Chatter-72E0 E0:72:A1:D5:4C:15","device_key":"ble-address:e0:72:a1:d5:4c:15","kind":"rx","seq":126,"session":"s2","stream":"telemetry","text":"ho_req=0 echo_rep=0 ","timestamp":1790237422.5630927}
2026-09-24T11:10:22.564+03:00 [RX telemetry] {"data_b64":"aGI9MCBjcmM9MCBoZHI9MCBiYWQ=","description":"ble:LoRa-Chatter-72E0 E0:72:A1:D5:4C:15","device_key":"ble-address:e0:72:a1:d5:4c:15","kind":"rx","seq":127,"session":"s2","stream":"telemetry","text":"hb=0 crc=0 hdr=0 bad","timestamp":1790237422.563861}
2026-09-24T11:10:22.564+03:00 [RX telemetry] {"data_b64":"PTAgcmVhZGVycj0wIHJlcG9ydHM=","description":"ble:LoRa-Chatter-72E0 E0:72:A1:D5:4C:15","device_key":"ble-address:e0:72:a1:d5:4c:15","kind":"rx","seq":128,"session":"s2","stream":"telemetry","text":"=0 readerr=0 reports","timestamp":1790237422.5644407}
2026-09-24T11:10:22.565+03:00 [RX telemetry] {"data_b64":"PTEgUT01MCUgZHJvcHM9MCBmYXQ=","description":"ble:LoRa-Chatter-72E0 E0:72:A1:D5:4C:15","device_key":"ble-address:e0:72:a1:d5:4c:15","kind":"rx","seq":129,"session":"s2","stream":"telemetry","text":"=1 Q=50% drops=0 fat","timestamp":1790237422.5652032}
2026-09-24T11:10:22.566+03:00 [RX telemetry] {"data_b64":"YWw9MAo=","description":"ble:LoRa-Chatter-72E0 E0:72:A1:D5:4C:15","device_key":"ble-address:e0:72:a1:d5:4c:15","kind":"rx","seq":130,"session":"s2","stream":"telemetry","text":"al=0\n","timestamp":1790237422.5659747}
2026-09-24T11:10:22.566+03:00 [RX telemetry] {"data_b64":"U0VTU0lPTiBDT1VSVEVTWSB3aW4=","description":"ble:LoRa-Chatter-72E0 E0:72:A1:D5:4C:15","device_key":"ble-address:e0:72:a1:d5:4c:15","kind":"rx","seq":131,"session":"s2","stream":"telemetry","text":"SESSION COURTESY win","timestamp":1790237422.5660968}
2026-09-24T11:10:22.567+03:00 [RX telemetry] {"data_b64":"ZG93PTkxMjNtcyBwZWVyX3JlbGU=","description":"ble:LoRa-Chatter-72E0 E0:72:A1:D5:4C:15","device_key":"ble-address:e0:72:a1:d5:4c:15","kind":"rx","seq":132,"session":"s2","stream":"telemetry","text":"dow=9123ms peer_rele","timestamp":1790237422.5670712}
2026-09-24T11:10:22.567+03:00 [RX telemetry] {"data_b64":"YXNlPTAgZXhwaXJlZD0wIHlpZWw=","description":"ble:LoRa-Chatter-72E0 E0:72:A1:D5:4C:15","device_key":"ble-address:e0:72:a1:d5:4c:15","kind":"rx","seq":133,"session":"s2","stream":"telemetry","text":"ase=0 expired=0 yiel","timestamp":1790237422.5675943}
2026-09-24T11:10:22.568+03:00 [RX telemetry] {"data_b64":"ZGluZz0wCg==","description":"ble:LoRa-Chatter-72E0 E0:72:A1:D5:4C:15","device_key":"ble-address:e0:72:a1:d5:4c:15","kind":"rx","seq":134,"session":"s2","stream":"telemetry","text":"ding=0\n","timestamp":1790237422.56806}
2026-09-24T11:10:22.569+03:00 [RX telemetry] {"data_b64":"U0VTU0lPTiBESU8wX1RYIGFmZmU=","description":"ble:LoRa-Chatter-72E0 E0:72:A1:D5:4C:15","device_key":"ble-address:e0:72:a1:d5:4c:15","kind":"rx","seq":135,"session":"s2","stream":"telemetry","text":"SESSION DIO0_TX affe","timestamp":1790237422.5688462}
2026-09-24T11:10:22.569+03:00 [RX telemetry] {"data_b64":"Y3RlZD0wLzIgZXBpc29kZXM9MCA=","description":"ble:LoRa-Chatter-72E0 E0:72:A1:D5:4C:15","device_key":"ble-address:e0:72:a1:d5:4c:15","kind":"rx","seq":136,"session":"s2","stream":"telemetry","text":"cted=0/2 episodes=0 ","timestamp":1790237422.5690968}
2026-09-24T11:10:22.570+03:00 [RX telemetry] {"data_b64":"YXZnX2FsbD0wLjAwIGF2Z19hZmY=","description":"ble:LoRa-Chatter-72E0 E0:72:A1:D5:4C:15","device_key":"ble-address:e0:72:a1:d5:4c:15","kind":"rx","seq":137,"session":"s2","stream":"telemetry","text":"avg_all=0.00 avg_aff","timestamp":1790237422.5699797}
2026-09-24T11:10:22.570+03:00 [RX telemetry] {"data_b64":"ZWN0ZWQ9MC4wMCBoaWdoX3BvbGw=","description":"ble:LoRa-Chatter-72E0 E0:72:A1:D5:4C:15","device_key":"ble-address:e0:72:a1:d5:4c:15","kind":"rx","seq":138,"session":"s2","stream":"telemetry","text":"ected=0.00 high_poll","timestamp":1790237422.5702052}
2026-09-24T11:10:22.571+03:00 [RX telemetry] {"data_b64":"cz0wCg==","description":"ble:LoRa-Chatter-72E0 E0:72:A1:D5:4C:15","device_key":"ble-address:e0:72:a1:d5:4c:15","kind":"rx","seq":139,"session":"s2","stream":"telemetry","text":"s=0\n","timestamp":1790237422.5710945}
2026-09-24T11:10:22.572+03:00 [RX telemetry] {"data_b64":"U0VTU0lPTiBSWF9QT0xMIHBvbGw=","description":"ble:LoRa-Chatter-72E0 E0:72:A1:D5:4C:15","device_key":"ble-address:e0:72:a1:d5:4c:15","kind":"rx","seq":140,"session":"s2","stream":"telemetry","text":"SESSION RX_POLL poll","timestamp":1790237422.571796}
2026-09-24T11:10:22.572+03:00 [RX telemetry] {"data_b64":"cz00NzEzNjkzIHJ4ZG9uZT0xIGk=","description":"ble:LoRa-Chatter-72E0 E0:72:A1:D5:4C:15","device_key":"ble-address:e0:72:a1:d5:4c:15","kind":"rx","seq":141,"session":"s2","stream":"telemetry","text":"s=4713693 rxdone=1 i","timestamp":1790237422.5724497}
2026-09-24T11:10:22.573+03:00 [RX telemetry] {"data_b64":"bnRlcnZhbD0xMDAwdXMgRElPMF8=","description":"ble:LoRa-Chatter-72E0 E0:72:A1:D5:4C:15","device_key":"ble-address:e0:72:a1:d5:4c:15","kind":"rx","seq":142,"session":"s2","stream":"telemetry","text":"nterval=1000us DIO0_","timestamp":1790237422.5731816}
2026-09-24T11:10:22.574+03:00 [RX telemetry] {"data_b64":"UlggZmFsc2VfaGlnaF9lcD0wIGg=","description":"ble:LoRa-Chatter-72E0 E0:72:A1:D5:4C:15","device_key":"ble-address:e0:72:a1:d5:4c:15","kind":"rx","seq":143,"session":"s2","stream":"telemetry","text":"RX false_high_ep=0 h","timestamp":1790237422.5739424}
2026-09-24T11:10:22.574+03:00 [RX telemetry] {"data_b64":"aWdoX3BvbGxzPTAgcnhkb25lX2w=","description":"ble:LoRa-Chatter-72E0 E0:72:A1:D5:4C:15","device_key":"ble-address:e0:72:a1:d5:4c:15","kind":"rx","seq":144,"session":"s2","stream":"telemetry","text":"igh_polls=0 rxdone_l","timestamp":1790237422.574176}
2026-09-24T11:10:22.575+03:00 [RX telemetry] {"data_b64":"b3c9MCBpc3I9ZGlzYWJsZWQK","description":"ble:LoRa-Chatter-72E0 E0:72:A1:D5:4C:15","device_key":"ble-address:e0:72:a1:d5:4c:15","kind":"rx","seq":145,"session":"s2","stream":"telemetry","text":"ow=0 isr=disabled\n","timestamp":1790237422.5750558}
2026-09-24T11:10:30.660+03:00 [RX telemetry] {"data_b64":"ClRYIEhFQVJUQkVBVCBQSU5HIHM=","description":"ble:LoRa-Chatter-72E0 E0:72:A1:D5:4C:15","device_key":"ble-address:e0:72:a1:d5:4c:15","kind":"rx","seq":146,"session":"s2","stream":"telemetry","text":"\nTX HEARTBEAT PING s","timestamp":1790237430.659817}
2026-09-24T11:10:30.661+03:00 [RX telemetry] {"data_b64":"ZXE9MiBmcmFtZT0xMkIgcmVhc28=","description":"ble:LoRa-Chatter-72E0 E0:72:A1:D5:4C:15","device_key":"ble-address:e0:72:a1:d5:4c:15","kind":"rx","seq":147,"session":"s2","stream":"telemetry","text":"eq=2 frame=12B reaso","timestamp":1790237430.660596}
2026-09-24T11:10:30.661+03:00 [RX telemetry] {"data_b64":"bj1pZGxlIE9LIHRpbWU9MTE1NiA=","description":"ble:LoRa-Chatter-72E0 E0:72:A1:D5:4C:15","device_key":"ble-address:e0:72:a1:d5:4c:15","kind":"rx","seq":148,"session":"s2","stream":"telemetry","text":"n=idle OK time=1156 ","timestamp":1790237430.661429}
2026-09-24T11:10:30.662+03:00 [RX telemetry] {"data_b64":"bXMgcmVzcG9uc2U8PTIwMTltcwo=","description":"ble:LoRa-Chatter-72E0 E0:72:A1:D5:4C:15","device_key":"ble-address:e0:72:a1:d5:4c:15","kind":"rx","seq":149,"session":"s2","stream":"telemetry","text":"ms response<=2019ms\n","timestamp":1790237430.6616595}
2026-09-24T11:10:30.726+03:00 [RX telemetry] {"data_b64":"ClRYIEhFQVJUQkVBVCBQSU5HIHM=","description":"ble:LoRa-Chatter-1B44 44:1B:F6:8D:B7:A9","device_key":"ble-address:44:1b:f6:8d:b7:a9","kind":"rx","seq":143,"session":"s1","stream":"telemetry","text":"\nTX HEARTBEAT PING s","timestamp":1790237430.7257717}
2026-09-24T11:10:30.726+03:00 [RX telemetry] {"data_b64":"ZXE9MiBmcmFtZT0xMkIgcmVhc28=","description":"ble:LoRa-Chatter-1B44 44:1B:F6:8D:B7:A9","device_key":"ble-address:44:1b:f6:8d:b7:a9","kind":"rx","seq":144,"session":"s1","stream":"telemetry","text":"eq=2 frame=12B reaso","timestamp":1790237430.726658}
2026-09-24T11:10:30.727+03:00 [RX telemetry] {"data_b64":"bj1pZGxlIE9LIHRpbWU9MTE1NyA=","description":"ble:LoRa-Chatter-1B44 44:1B:F6:8D:B7:A9","device_key":"ble-address:44:1b:f6:8d:b7:a9","kind":"rx","seq":145,"session":"s1","stream":"telemetry","text":"n=idle OK time=1157 ","timestamp":1790237430.7274632}
2026-09-24T11:10:30.728+03:00 [RX telemetry] {"data_b64":"bXMgcmVzcG9uc2U8PTIwMTltcwo=","description":"ble:LoRa-Chatter-1B44 44:1B:F6:8D:B7:A9","device_key":"ble-address:44:1b:f6:8d:b7:a9","kind":"rx","seq":146,"session":"s1","stream":"telemetry","text":"ms response<=2019ms\n","timestamp":1790237430.7282815}
2026-09-24T11:10:32.684+03:00 [RX telemetry] {"data_b64":"SEVBUlRCRUFUIFRJTUVPVVQgcmU=","description":"ble:LoRa-Chatter-72E0 E0:72:A1:D5:4C:15","device_key":"ble-address:e0:72:a1:d5:4c:15","kind":"rx","seq":150,"session":"s2","stream":"telemetry","text":"HEARTBEAT TIMEOUT re","timestamp":1790237432.6839728}
2026-09-24T11:10:32.685+03:00 [RX telemetry] {"data_b64":"cXVlc3Q9Q0NFRC8yIG91dGNvbWU=","description":"ble:LoRa-Chatter-72E0 E0:72:A1:D5:4C:15","device_key":"ble-address:e0:72:a1:d5:4c:15","kind":"rx","seq":151,"session":"s2","stream":"telemetry","text":"quest=CCED/2 outcome","timestamp":1790237432.6847746}
2026-09-24T11:10:32.685+03:00 [RX telemetry] {"data_b64":"PU5SUCBSUT0zMyBwZWVyX3E9a24=","description":"ble:LoRa-Chatter-72E0 E0:72:A1:D5:4C:15","device_key":"ble-address:e0:72:a1:d5:4c:15","kind":"rx","seq":152,"session":"s2","stream":"telemetry","text":"=NRP RQ=33 peer_q=kn","timestamp":1790237432.6855981}
2026-09-24T11:10:32.686+03:00 [RX telemetry] {"data_b64":"b3duIHJlY292ZXJ5PTEgaml0dGU=","description":"ble:LoRa-Chatter-72E0 E0:72:A1:D5:4C:15","device_key":"ble-address:e0:72:a1:d5:4c:15","kind":"rx","seq":153,"session":"s2","stream":"telemetry","text":"own recovery=1 jitte","timestamp":1790237432.6862485}
2026-09-24T11:10:32.687+03:00 [RX telemetry] {"data_b64":"cjw9MTE1Nm1zCg==","description":"ble:LoRa-Chatter-72E0 E0:72:A1:D5:4C:15","device_key":"ble-address:e0:72:a1:d5:4c:15","kind":"rx","seq":154,"session":"s2","stream":"telemetry","text":"r<=1156ms\n","timestamp":1790237432.6866899}
2026-09-24T11:10:32.750+03:00 [RX telemetry] {"data_b64":"SEVBUlRCRUFUIFRJTUVPVVQgcmU=","description":"ble:LoRa-Chatter-1B44 44:1B:F6:8D:B7:A9","device_key":"ble-address:44:1b:f6:8d:b7:a9","kind":"rx","seq":147,"session":"s1","stream":"telemetry","text":"HEARTBEAT TIMEOUT re","timestamp":1790237432.7507207}
2026-09-24T11:10:32.751+03:00 [RX telemetry] {"data_b64":"cXVlc3Q9RTEzMC8yIG91dGNvbWU=","description":"ble:LoRa-Chatter-1B44 44:1B:F6:8D:B7:A9","device_key":"ble-address:44:1b:f6:8d:b7:a9","kind":"rx","seq":148,"session":"s1","stream":"telemetry","text":"quest=E130/2 outcome","timestamp":1790237432.7515266}
2026-09-24T11:10:32.752+03:00 [RX telemetry] {"data_b64":"PU5SUCBSUT0wIHBlZXJfcT11bms=","description":"ble:LoRa-Chatter-1B44 44:1B:F6:8D:B7:A9","device_key":"ble-address:44:1b:f6:8d:b7:a9","kind":"rx","seq":149,"session":"s1","stream":"telemetry","text":"=NRP RQ=0 peer_q=unk","timestamp":1790237432.7525847}
2026-09-24T11:10:32.753+03:00 [RX telemetry] {"data_b64":"bm93biByZWNvdmVyeT0xIGppdHQ=","description":"ble:LoRa-Chatter-1B44 44:1B:F6:8D:B7:A9","device_key":"ble-address:44:1b:f6:8d:b7:a9","kind":"rx","seq":150,"session":"s1","stream":"telemetry","text":"nown recovery=1 jitt","timestamp":1790237432.753253}
2026-09-24T11:10:32.754+03:00 [RX telemetry] {"data_b64":"ZXI8PTExNTZtcwo=","description":"ble:LoRa-Chatter-1B44 44:1B:F6:8D:B7:A9","device_key":"ble-address:44:1b:f6:8d:b7:a9","kind":"rx","seq":151,"session":"s1","stream":"telemetry","text":"er<=1156ms\n","timestamp":1790237432.7539341}
2026-09-24T11:10:40.739+03:00 [RX telemetry] {"data_b64":"ClRYIEhFQVJUQkVBVCBQSU5HIHM=","description":"ble:LoRa-Chatter-72E0 E0:72:A1:D5:4C:15","device_key":"ble-address:e0:72:a1:d5:4c:15","kind":"rx","seq":155,"session":"s2","stream":"telemetry","text":"\nTX HEARTBEAT PING s","timestamp":1790237440.7390382}
2026-09-24T11:10:40.740+03:00 [RX telemetry] {"data_b64":"ZXE9MyBmcmFtZT0xMkIgcmVhc28=","description":"ble:LoRa-Chatter-72E0 E0:72:A1:D5:4C:15","device_key":"ble-address:e0:72:a1:d5:4c:15","kind":"rx","seq":156,"session":"s2","stream":"telemetry","text":"eq=3 frame=12B reaso","timestamp":1790237440.7399468}
2026-09-24T11:10:40.740+03:00 [RX telemetry] {"data_b64":"bj1pZGxlIE9LIHRpbWU9MTE1NiA=","description":"ble:LoRa-Chatter-72E0 E0:72:A1:D5:4C:15","device_key":"ble-address:e0:72:a1:d5:4c:15","kind":"rx","seq":157,"session":"s2","stream":"telemetry","text":"n=idle OK time=1156 ","timestamp":1790237440.7402556}
2026-09-24T11:10:40.741+03:00 [RX telemetry] {"data_b64":"bXMgcmVzcG9uc2U8PTIwMTltcwo=","description":"ble:LoRa-Chatter-72E0 E0:72:A1:D5:4C:15","device_key":"ble-address:e0:72:a1:d5:4c:15","kind":"rx","seq":158,"session":"s2","stream":"telemetry","text":"ms response<=2019ms\n","timestamp":1790237440.7411084}
2026-09-24T11:10:40.761+03:00 [RX telemetry] {"data_b64":"UEVFUl9SRVBPUlQgb3VyX3NlcT0=","description":"ble:LoRa-Chatter-1B44 44:1B:F6:8D:B7:A9","device_key":"ble-address:44:1b:f6:8d:b7:a9","kind":"rx","seq":152,"session":"s1","stream":"telemetry","text":"PEER_REPORT our_seq=","timestamp":1790237440.7607615}
2026-09-24T11:10:40.761+03:00 [RX telemetry] {"data_b64":"MSBUWD0tNjQvMTMgUTMzCg==","description":"ble:LoRa-Chatter-1B44 44:1B:F6:8D:B7:A9","device_key":"ble-address:44:1b:f6:8d:b7:a9","kind":"rx","seq":153,"session":"s1","stream":"telemetry","text":"1 TX=-64/13 Q33\n","timestamp":1790237440.7615473}
2026-09-24T11:10:40.763+03:00 [RX telemetry] {"data_b64":"UlggSEVBUlRCRUFUIFBJTkcgc2U=","description":"ble:LoRa-Chatter-1B44 44:1B:F6:8D:B7:A9","device_key":"ble-address:44:1b:f6:8d:b7:a9","kind":"rx","seq":154,"session":"s1","stream":"telemetry","text":"RX HEARTBEAT PING se","timestamp":1790237440.7629614}
2026-09-24T11:10:40.764+03:00 [RX telemetry] {"data_b64":"c3Npb249Q0NFRCBzZXE9MyBmcmE=","description":"ble:LoRa-Chatter-1B44 44:1B:F6:8D:B7:A9","device_key":"ble-address:44:1b:f6:8d:b7:a9","kind":"rx","seq":155,"session":"s1","stream":"telemetry","text":"ssion=CCED seq=3 fra","timestamp":1790237440.7640264}
2026-09-24T11:10:40.765+03:00 [RX telemetry] {"data_b64":"bWU9MTJCIFJYPS02OC8xNCBRMAo=","description":"ble:LoRa-Chatter-1B44 44:1B:F6:8D:B7:A9","device_key":"ble-address:44:1b:f6:8d:b7:a9","kind":"rx","seq":156,"session":"s1","stream":"telemetry","text":"me=12B RX=-68/14 Q0\n","timestamp":1790237440.7650297}
2026-09-24T11:10:42.291+03:00 [RX telemetry] {"data_b64":"ClRYIEhFQVJUQkVBVCBQT05HIHM=","description":"ble:LoRa-Chatter-1B44 44:1B:F6:8D:B7:A9","device_key":"ble-address:44:1b:f6:8d:b7:a9","kind":"rx","seq":157,"session":"s1","stream":"telemetry","text":"\nTX HEARTBEAT PONG s","timestamp":1790237442.290896}
2026-09-24T11:10:42.291+03:00 [RX telemetry] {"data_b64":"ZXE9MyBmcmFtZT0xNkIgcmVxdWU=","description":"ble:LoRa-Chatter-1B44 44:1B:F6:8D:B7:A9","device_key":"ble-address:44:1b:f6:8d:b7:a9","kind":"rx","seq":158,"session":"s1","stream":"telemetry","text":"eq=3 frame=16B reque","timestamp":1790237442.2914915}
2026-09-24T11:10:42.293+03:00 [RX telemetry] {"data_b64":"c3Q9Q0NFRC8zIE9LIHRpbWU9MTM=","description":"ble:LoRa-Chatter-1B44 44:1B:F6:8D:B7:A9","device_key":"ble-address:44:1b:f6:8d:b7:a9","kind":"rx","seq":159,"session":"s1","stream":"telemetry","text":"st=CCED/3 OK time=13","timestamp":1790237442.2929525}
2026-09-24T11:10:42.294+03:00 [RX telemetry] {"data_b64":"MjAgbXMK","description":"ble:LoRa-Chatter-1B44 44:1B:F6:8D:B7:A9","device_key":"ble-address:44:1b:f6:8d:b7:a9","kind":"rx","seq":160,"session":"s1","stream":"telemetry","text":"20 ms\n","timestamp":1790237442.294053}
2026-09-24T11:10:42.295+03:00 [RX telemetry] {"data_b64":"ClNFU1NJT04gdD00ODAwcyBUWCA=","description":"ble:LoRa-Chatter-1B44 44:1B:F6:8D:B7:A9","device_key":"ble-address:44:1b:f6:8d:b7:a9","kind":"rx","seq":161,"session":"s1","stream":"telemetry","text":"\nSESSION t=4800s TX ","timestamp":1790237442.295003}
2026-09-24T11:10:42.296+03:00 [RX telemetry] {"data_b64":"b2s9NCB1c2VyPTAgZWNob19yZXE=","description":"ble:LoRa-Chatter-1B44 44:1B:F6:8D:B7:A9","device_key":"ble-address:44:1b:f6:8d:b7:a9","kind":"rx","seq":162,"session":"s1","stream":"telemetry","text":"ok=4 user=0 echo_req","timestamp":1790237442.2960198}
2026-09-24T11:10:42.297+03:00 [RX telemetry] {"data_b64":"PTAgZWNob19yZXA9MCBoYj00KGk=","description":"ble:LoRa-Chatter-1B44 44:1B:F6:8D:B7:A9","device_key":"ble-address:44:1b:f6:8d:b7:a9","kind":"rx","seq":163,"session":"s1","stream":"telemetry","text":"=0 echo_rep=0 hb=4(i","timestamp":1790237442.297191}
2026-09-24T11:10:42.298+03:00 [RX telemetry] {"data_b64":"ZGxlPTIpIGVycj0wIHN0YXJ0ZWQ=","description":"ble:LoRa-Chatter-1B44 44:1B:F6:8D:B7:A9","device_key":"ble-address:44:1b:f6:8d:b7:a9","kind":"rx","seq":164,"session":"s1","stream":"telemetry","text":"dle=2) err=0 started","timestamp":1790237442.29815}
2026-09-24T11:10:42.299+03:00 [RX telemetry] {"data_b64":"PTQgUlggb2s9MiB1c2VyPTAgZWM=","description":"ble:LoRa-Chatter-1B44 44:1B:F6:8D:B7:A9","device_key":"ble-address:44:1b:f6:8d:b7:a9","kind":"rx","seq":165,"session":"s1","stream":"telemetry","text":"=4 RX ok=2 user=0 ec","timestamp":1790237442.2991033}
2026-09-24T11:10:42.300+03:00 [RX telemetry] {"data_b64":"aG9fcmVxPTAgZWNob19yZXA9MCA=","description":"ble:LoRa-Chatter-1B44 44:1B:F6:8D:B7:A9","device_key":"ble-address:44:1b:f6:8d:b7:a9","kind":"rx","seq":166,"session":"s1","stream":"telemetry","text":"ho_req=0 echo_rep=0 ","timestamp":1790237442.3000932}
2026-09-24T11:10:42.301+03:00 [RX telemetry] {"data_b64":"aGI9MiBjcmM9MCBoZHI9MCBiYWQ=","description":"ble:LoRa-Chatter-1B44 44:1B:F6:8D:B7:A9","device_key":"ble-address:44:1b:f6:8d:b7:a9","kind":"rx","seq":167,"session":"s1","stream":"telemetry","text":"hb=2 crc=0 hdr=0 bad","timestamp":1790237442.301078}
2026-09-24T11:10:42.302+03:00 [RX telemetry] {"data_b64":"PTEgcmVhZGVycj0wIHJlcG9ydHM=","description":"ble:LoRa-Chatter-1B44 44:1B:F6:8D:B7:A9","device_key":"ble-address:44:1b:f6:8d:b7:a9","kind":"rx","seq":168,"session":"s1","stream":"telemetry","text":"=1 readerr=0 reports","timestamp":1790237442.3020453}
2026-09-24T11:10:42.303+03:00 [RX telemetry] {"data_b64":"PTEgUT0wJSBkcm9wcz0wIGZhdGE=","description":"ble:LoRa-Chatter-1B44 44:1B:F6:8D:B7:A9","device_key":"ble-address:44:1b:f6:8d:b7:a9","kind":"rx","seq":169,"session":"s1","stream":"telemetry","text":"=1 Q=0% drops=0 fata","timestamp":1790237442.3033266}
2026-09-24T11:10:42.304+03:00 [RX telemetry] {"data_b64":"bD0wCg==","description":"ble:LoRa-Chatter-1B44 44:1B:F6:8D:B7:A9","device_key":"ble-address:44:1b:f6:8d:b7:a9","kind":"rx","seq":170,"session":"s1","stream":"telemetry","text":"l=0\n","timestamp":1790237442.3042805}
2026-09-24T11:10:42.305+03:00 [RX telemetry] {"data_b64":"U0VTU0lPTiBDT1VSVEVTWSB3aW4=","description":"ble:LoRa-Chatter-1B44 44:1B:F6:8D:B7:A9","device_key":"ble-address:44:1b:f6:8d:b7:a9","kind":"rx","seq":171,"session":"s1","stream":"telemetry","text":"SESSION COURTESY win","timestamp":1790237442.3053064}
2026-09-24T11:10:42.306+03:00 [RX telemetry] {"data_b64":"ZG93PTkxMjNtcyBwZWVyX3JlbGU=","description":"ble:LoRa-Chatter-1B44 44:1B:F6:8D:B7:A9","device_key":"ble-address:44:1b:f6:8d:b7:a9","kind":"rx","seq":172,"session":"s1","stream":"telemetry","text":"dow=9123ms peer_rele","timestamp":1790237442.3062897}
2026-09-24T11:10:42.307+03:00 [RX telemetry] {"data_b64":"YXNlPTAgZXhwaXJlZD0wIHlpZWw=","description":"ble:LoRa-Chatter-1B44 44:1B:F6:8D:B7:A9","device_key":"ble-address:44:1b:f6:8d:b7:a9","kind":"rx","seq":173,"session":"s1","stream":"telemetry","text":"ase=0 expired=0 yiel","timestamp":1790237442.307249}
2026-09-24T11:10:42.308+03:00 [RX telemetry] {"data_b64":"ZGluZz0wCg==","description":"ble:LoRa-Chatter-1B44 44:1B:F6:8D:B7:A9","device_key":"ble-address:44:1b:f6:8d:b7:a9","kind":"rx","seq":174,"session":"s1","stream":"telemetry","text":"ding=0\n","timestamp":1790237442.3082294}
2026-09-24T11:10:42.309+03:00 [RX telemetry] {"data_b64":"U0VTU0lPTiBESU8wX1RYIGFmZmU=","description":"ble:LoRa-Chatter-1B44 44:1B:F6:8D:B7:A9","device_key":"ble-address:44:1b:f6:8d:b7:a9","kind":"rx","seq":175,"session":"s1","stream":"telemetry","text":"SESSION DIO0_TX affe","timestamp":1790237442.3092368}
2026-09-24T11:10:42.310+03:00 [RX telemetry] {"data_b64":"Y3RlZD0wLzQgZXBpc29kZXM9MCA=","description":"ble:LoRa-Chatter-1B44 44:1B:F6:8D:B7:A9","device_key":"ble-address:44:1b:f6:8d:b7:a9","kind":"rx","seq":176,"session":"s1","stream":"telemetry","text":"cted=0/4 episodes=0 ","timestamp":1790237442.310162}
2026-09-24T11:10:42.311+03:00 [RX telemetry] {"data_b64":"YXZnX2FsbD0wLjAwIGF2Z19hZmY=","description":"ble:LoRa-Chatter-1B44 44:1B:F6:8D:B7:A9","device_key":"ble-address:44:1b:f6:8d:b7:a9","kind":"rx","seq":177,"session":"s1","stream":"telemetry","text":"avg_all=0.00 avg_aff","timestamp":1790237442.3111439}
2026-09-24T11:10:42.312+03:00 [RX telemetry] {"data_b64":"ZWN0ZWQ9MC4wMCBoaWdoX3BvbGw=","description":"ble:LoRa-Chatter-1B44 44:1B:F6:8D:B7:A9","device_key":"ble-address:44:1b:f6:8d:b7:a9","kind":"rx","seq":178,"session":"s1","stream":"telemetry","text":"ected=0.00 high_poll","timestamp":1790237442.3124073}
2026-09-24T11:10:42.313+03:00 [RX telemetry] {"data_b64":"cz0wCg==","description":"ble:LoRa-Chatter-1B44 44:1B:F6:8D:B7:A9","device_key":"ble-address:44:1b:f6:8d:b7:a9","kind":"rx","seq":179,"session":"s1","stream":"telemetry","text":"s=0\n","timestamp":1790237442.3134274}
2026-09-24T11:10:42.314+03:00 [RX telemetry] {"data_b64":"U0VTU0lPTiBSWF9QT0xMIHBvbGw=","description":"ble:LoRa-Chatter-1B44 44:1B:F6:8D:B7:A9","device_key":"ble-address:44:1b:f6:8d:b7:a9","kind":"rx","seq":180,"session":"s1","stream":"telemetry","text":"SESSION RX_POLL poll","timestamp":1790237442.3143878}
2026-09-24T11:10:42.315+03:00 [RX telemetry] {"data_b64":"cz00NzkyODM1IHJ4ZG9uZT0zIGk=","description":"ble:LoRa-Chatter-1B44 44:1B:F6:8D:B7:A9","device_key":"ble-address:44:1b:f6:8d:b7:a9","kind":"rx","seq":181,"session":"s1","stream":"telemetry","text":"s=4792835 rxdone=3 i","timestamp":1790237442.3154175}
2026-09-24T11:10:42.316+03:00 [RX telemetry] {"data_b64":"bnRlcnZhbD0xMDAwdXMgRElPMF8=","description":"ble:LoRa-Chatter-1B44 44:1B:F6:8D:B7:A9","device_key":"ble-address:44:1b:f6:8d:b7:a9","kind":"rx","seq":182,"session":"s1","stream":"telemetry","text":"nterval=1000us DIO0_","timestamp":1790237442.31631}
2026-09-24T11:10:42.317+03:00 [RX telemetry] {"data_b64":"UlggZmFsc2VfaGlnaF9lcD0wIGg=","description":"ble:LoRa-Chatter-1B44 44:1B:F6:8D:B7:A9","device_key":"ble-address:44:1b:f6:8d:b7:a9","kind":"rx","seq":183,"session":"s1","stream":"telemetry","text":"RX false_high_ep=0 h","timestamp":1790237442.3173084}
2026-09-24T11:10:42.318+03:00 [RX telemetry] {"data_b64":"aWdoX3BvbGxzPTAgcnhkb25lX2w=","description":"ble:LoRa-Chatter-1B44 44:1B:F6:8D:B7:A9","device_key":"ble-address:44:1b:f6:8d:b7:a9","kind":"rx","seq":184,"session":"s1","stream":"telemetry","text":"igh_polls=0 rxdone_l","timestamp":1790237442.3182614}
2026-09-24T11:10:42.319+03:00 [RX telemetry] {"data_b64":"b3c9MCBpc3I9ZGlzYWJsZWQK","description":"ble:LoRa-Chatter-1B44 44:1B:F6:8D:B7:A9","device_key":"ble-address:44:1b:f6:8d:b7:a9","kind":"rx","seq":185,"session":"s1","stream":"telemetry","text":"ow=0 isr=disabled\n","timestamp":1790237442.3193154}
2026-09-24T11:10:42.320+03:00 [RX telemetry] {"data_b64":"UEVFUl9SRVBPUlQgb3VyX3NlcT0=","description":"ble:LoRa-Chatter-72E0 E0:72:A1:D5:4C:15","device_key":"ble-address:e0:72:a1:d5:4c:15","kind":"rx","seq":159,"session":"s2","stream":"telemetry","text":"PEER_REPORT our_seq=","timestamp":1790237442.320493}
2026-09-24T11:10:42.321+03:00 [RX telemetry] {"data_b64":"MyBUWD0tNjgvMTQgUTAK","description":"ble:LoRa-Chatter-72E0 E0:72:A1:D5:4C:15","device_key":"ble-address:e0:72:a1:d5:4c:15","kind":"rx","seq":160,"session":"s2","stream":"telemetry","text":"3 TX=-68/14 Q0\n","timestamp":1790237442.3214583}
2026-09-24T11:10:42.322+03:00 [RX telemetry] {"data_b64":"UlggSEVBUlRCRUFUIFBPTkcgcmU=","description":"ble:LoRa-Chatter-72E0 E0:72:A1:D5:4C:15","device_key":"ble-address:e0:72:a1:d5:4c:15","kind":"rx","seq":161,"session":"s2","stream":"telemetry","text":"RX HEARTBEAT PONG re","timestamp":1790237442.3224154}
2026-09-24T11:10:42.323+03:00 [RX telemetry] {"data_b64":"cXVlc3Q9Q0NFRC8zIGZyYW1lPTE=","description":"ble:LoRa-Chatter-72E0 E0:72:A1:D5:4C:15","device_key":"ble-address:e0:72:a1:d5:4c:15","kind":"rx","seq":162,"session":"s2","stream":"telemetry","text":"quest=CCED/3 frame=1","timestamp":1790237442.3234265}
2026-09-24T11:10:42.324+03:00 [RX telemetry] {"data_b64":"NkIgUlg9LTY0LzEyIFE1MCBUWD0=","description":"ble:LoRa-Chatter-72E0 E0:72:A1:D5:4C:15","device_key":"ble-address:e0:72:a1:d5:4c:15","kind":"rx","seq":163,"session":"s2","stream":"telemetry","text":"6B RX=-64/12 Q50 TX=","timestamp":1790237442.3244517}
2026-09-24T11:10:42.325+03:00 [RX telemetry] {"data_b64":"LTY4LzE0IFEwCg==","description":"ble:LoRa-Chatter-72E0 E0:72:A1:D5:4C:15","device_key":"ble-address:e0:72:a1:d5:4c:15","kind":"rx","seq":164,"session":"s2","stream":"telemetry","text":"-68/14 Q0\n","timestamp":1790237442.325335}
2026-09-24T11:10:50.131+03:00 [AGENT REQUEST] {"id":31,"op":"observe","cursors":{"s1":135,"s2":110},"timeout_ms":30000}
2026-09-24T11:10:50.132+03:00 [AGENT RESPONSE] {"id":31,"ok":true,"result":{"cursors":{"s1":185,"s2":164},"lines":[{"seq_first":111,"seq_last":111,"session":"s2","stream":"telemetry","text":""},{"seq_first":111,"seq_last":114,"session":"s2","stream":"telemetry","text":"TX HEARTBEAT PING seq=1 frame=12B reason=idle OK time=1156 ms response<=2019ms"},{"seq_first":136,"seq_last":138,"session":"s1","stream":"telemetry","text":"RX HEARTBEAT PING session=CCED seq=1 frame=12B RX=-67/14 Q0"},{"seq_first":139,"seq_last":139,"session":"s1","stream":"telemetry","text":""},{"seq_first":139,"seq_last":142,"session":"s1","stream":"telemetry","text":"TX HEARTBEAT PONG seq=1 frame=16B request=CCED/1 OK time=1320 ms"},{"seq_first":115,"seq_last":116,"session":"s2","stream":"telemetry","text":"PEER_REPORT our_seq=1 TX=-67/14 Q0"},{"seq_first":117,"seq_last":120,"session":"s2","stream":"telemetry","text":"RX HEARTBEAT PONG request=CCED/1 frame=16B RX=-64/12 Q50 TX=-67/14 Q0"},{"seq_first":121,"seq_last":121,"session":"s2","stream":"telemetry","text":""},{"seq_first":121,"seq_last":130,"session":"s2","stream":"telemetry","text":"SESSION t=4740s TX ok=2 user=0 echo_req=0 echo_rep=0 hb=2(idle=2) err=0 started=2 RX ok=1 user=0 echo_req=0 echo_rep=0 hb=0 crc=0 hdr=0 bad=0 readerr=0 reports=1 Q=50% drops=0 fatal=0"},{"seq_first":131,"seq_last":134,"session":"s2","stream":"telemetry","text":"SESSION COURTESY window=9123ms peer_release=0 expired=0 yielding=0"},{"seq_first":135,"seq_last":139,"session":"s2","stream":"telemetry","text":"SESSION DIO0_TX affected=0/2 episodes=0 avg_all=0.00 avg_affected=0.00 high_polls=0"},{"seq_first":140,"seq_last":145,"session":"s2","stream":"telemetry","text":"SESSION RX_POLL polls=4713693 rxdone=1 interval=1000us DIO0_RX false_high_ep=0 high_polls=0 rxdone_low=0 isr=disabled"},{"seq_first":146,"seq_last":146,"session":"s2","stream":"telemetry","text":""},{"seq_first":146,"seq_last":149,"session":"s2","stream":"telemetry","text":"TX HEARTBEAT PING seq=2 frame=12B reason=idle OK time=1156 ms response<=2019ms"},{"seq_first":143,"seq_last":143,"session":"s1","stream":"telemetry","text":""},{"seq_first":143,"seq_last":146,"session":"s1","stream":"telemetry","text":"TX HEARTBEAT PING seq=2 frame=12B reason=idle OK time=1157 ms response<=2019ms"},{"seq_first":150,"seq_last":154,"session":"s2","stream":"telemetry","text":"HEARTBEAT TIMEOUT request=CCED/2 outcome=NRP RQ=33 peer_q=known recovery=1 jitter<=1156ms"},{"seq_first":147,"seq_last":151,"session":"s1","stream":"telemetry","text":"HEARTBEAT TIMEOUT request=E130/2 outcome=NRP RQ=0 peer_q=unknown recovery=1 jitter<=1156ms"},{"seq_first":155,"seq_last":155,"session":"s2","stream":"telemetry","text":""},{"seq_first":155,"seq_last":158,"session":"s2","stream":"telemetry","text":"TX HEARTBEAT PING seq=3 frame=12B reason=idle OK time=1156 ms response<=2019ms"},{"seq_first":152,"seq_last":153,"session":"s1","stream":"telemetry","text":"PEER_REPORT our_seq=1 TX=-64/13 Q33"},{"seq_first":154,"seq_last":156,"session":"s1","stream":"telemetry","text":"RX HEARTBEAT PING session=CCED seq=3 frame=12B RX=-68/14 Q0"},{"seq_first":157,"seq_last":157,"session":"s1","stream":"telemetry","text":""},{"seq_first":157,"seq_last":160,"session":"s1","stream":"telemetry","text":"TX HEARTBEAT PONG seq=3 frame=16B request=CCED/3 OK time=1320 ms"},{"seq_first":161,"seq_last":161,"session":"s1","stream":"telemetry","text":""},{"seq_first":161,"seq_last":170,"session":"s1","stream":"telemetry","text":"SESSION t=4800s TX ok=4 user=0 echo_req=0 echo_rep=0 hb=4(idle=2) err=0 started=4 RX ok=2 user=0 echo_req=0 echo_rep=0 hb=2 crc=0 hdr=0 bad=1 readerr=0 reports=1 Q=0% drops=0 fatal=0"},{"seq_first":171,"seq_last":174,"session":"s1","stream":"telemetry","text":"SESSION COURTESY window=9123ms peer_release=0 expired=0 yielding=0"},{"seq_first":175,"seq_last":179,"session":"s1","stream":"telemetry","text":"SESSION DIO0_TX affected=0/4 episodes=0 avg_all=0.00 avg_affected=0.00 high_polls=0"},{"seq_first":180,"seq_last":185,"session":"s1","stream":"telemetry","text":"SESSION RX_POLL polls=4792835 rxdone=3 interval=1000us DIO0_RX false_high_ep=0 high_polls=0 rxdone_low=0 isr=disabled"},{"seq_first":159,"seq_last":160,"session":"s2","stream":"telemetry","text":"PEER_REPORT our_seq=3 TX=-68/14 Q0"},{"seq_first":161,"seq_last":164,"session":"s2","stream":"telemetry","text":"RX HEARTBEAT PONG request=CCED/3 frame=16B RX=-64/12 Q50 TX=-68/14 Q0"}],"timed_out":false}}
2026-09-24T11:10:50.684+03:00 [RX telemetry] {"data_b64":"ClRYIEhFQVJUQkVBVCBQSU5HIHM=","description":"ble:LoRa-Chatter-72E0 E0:72:A1:D5:4C:15","device_key":"ble-address:e0:72:a1:d5:4c:15","kind":"rx","seq":165,"session":"s2","stream":"telemetry","text":"\nTX HEARTBEAT PING s","timestamp":1790237450.6842263}
2026-09-24T11:10:50.685+03:00 [RX telemetry] {"data_b64":"ZXE9NCBmcmFtZT0xMkIgcmVhc28=","description":"ble:LoRa-Chatter-72E0 E0:72:A1:D5:4C:15","device_key":"ble-address:e0:72:a1:d5:4c:15","kind":"rx","seq":166,"session":"s2","stream":"telemetry","text":"eq=4 frame=12B reaso","timestamp":1790237450.6850805}
2026-09-24T11:10:50.686+03:00 [RX telemetry] {"data_b64":"bj1pZGxlIE9LIHRpbWU9MTE1NiA=","description":"ble:LoRa-Chatter-72E0 E0:72:A1:D5:4C:15","device_key":"ble-address:e0:72:a1:d5:4c:15","kind":"rx","seq":167,"session":"s2","stream":"telemetry","text":"n=idle OK time=1156 ","timestamp":1790237450.685987}
2026-09-24T11:10:50.687+03:00 [RX telemetry] {"data_b64":"bXMgcmVzcG9uc2U8PTIwMTltcwo=","description":"ble:LoRa-Chatter-72E0 E0:72:A1:D5:4C:15","device_key":"ble-address:e0:72:a1:d5:4c:15","kind":"rx","seq":168,"session":"s2","stream":"telemetry","text":"ms response<=2019ms\n","timestamp":1790237450.6870263}
2026-09-24T11:10:50.841+03:00 [RX telemetry] {"data_b64":"ClRYIEhFQVJUQkVBVCBQSU5HIHM=","description":"ble:LoRa-Chatter-1B44 44:1B:F6:8D:B7:A9","device_key":"ble-address:44:1b:f6:8d:b7:a9","kind":"rx","seq":186,"session":"s1","stream":"telemetry","text":"\nTX HEARTBEAT PING s","timestamp":1790237450.84089}
2026-09-24T11:10:50.842+03:00 [RX telemetry] {"data_b64":"ZXE9NCBmcmFtZT0xMkIgcmVhc28=","description":"ble:LoRa-Chatter-1B44 44:1B:F6:8D:B7:A9","device_key":"ble-address:44:1b:f6:8d:b7:a9","kind":"rx","seq":187,"session":"s1","stream":"telemetry","text":"eq=4 frame=12B reaso","timestamp":1790237450.8418539}
2026-09-24T11:10:50.842+03:00 [RX telemetry] {"data_b64":"bj1pZGxlIE9LIHRpbWU9MTE1NiA=","description":"ble:LoRa-Chatter-1B44 44:1B:F6:8D:B7:A9","device_key":"ble-address:44:1b:f6:8d:b7:a9","kind":"rx","seq":188,"session":"s1","stream":"telemetry","text":"n=idle OK time=1156 ","timestamp":1790237450.8419776}
2026-09-24T11:10:50.843+03:00 [RX telemetry] {"data_b64":"bXMgcmVzcG9uc2U8PTIwMTltcwo=","description":"ble:LoRa-Chatter-1B44 44:1B:F6:8D:B7:A9","device_key":"ble-address:44:1b:f6:8d:b7:a9","kind":"rx","seq":189,"session":"s1","stream":"telemetry","text":"ms response<=2019ms\n","timestamp":1790237450.843015}
2026-09-24T11:10:52.710+03:00 [RX telemetry] {"data_b64":"SEVBUlRCRUFUIFRJTUVPVVQgcmU=","description":"ble:LoRa-Chatter-72E0 E0:72:A1:D5:4C:15","device_key":"ble-address:e0:72:a1:d5:4c:15","kind":"rx","seq":169,"session":"s2","stream":"telemetry","text":"HEARTBEAT TIMEOUT re","timestamp":1790237452.7100549}
2026-09-24T11:10:52.710+03:00 [RX telemetry] {"data_b64":"cXVlc3Q9Q0NFRC80IG91dGNvbWU=","description":"ble:LoRa-Chatter-72E0 E0:72:A1:D5:4C:15","device_key":"ble-address:e0:72:a1:d5:4c:15","kind":"rx","seq":170,"session":"s2","stream":"telemetry","text":"quest=CCED/4 outcome","timestamp":1790237452.7106986}
2026-09-24T11:10:52.711+03:00 [RX telemetry] {"data_b64":"PU5SUCBSUT00MCBwZWVyX3E9a24=","description":"ble:LoRa-Chatter-72E0 E0:72:A1:D5:4C:15","device_key":"ble-address:e0:72:a1:d5:4c:15","kind":"rx","seq":171,"session":"s2","stream":"telemetry","text":"=NRP RQ=40 peer_q=kn","timestamp":1790237452.7115726}
2026-09-24T11:10:52.712+03:00 [RX telemetry] {"data_b64":"b3duIHJlY292ZXJ5PTEgaml0dGU=","description":"ble:LoRa-Chatter-72E0 E0:72:A1:D5:4C:15","device_key":"ble-address:e0:72:a1:d5:4c:15","kind":"rx","seq":172,"session":"s2","stream":"telemetry","text":"own recovery=1 jitte","timestamp":1790237452.7123003}
2026-09-24T11:10:52.713+03:00 [RX telemetry] {"data_b64":"cjw9MTE1Nm1zCg==","description":"ble:LoRa-Chatter-72E0 E0:72:A1:D5:4C:15","device_key":"ble-address:e0:72:a1:d5:4c:15","kind":"rx","seq":173,"session":"s2","stream":"telemetry","text":"r<=1156ms\n","timestamp":1790237452.7127512}
2026-09-24T11:10:52.865+03:00 [RX telemetry] {"data_b64":"SEVBUlRCRUFUIFRJTUVPVVQgcmU=","description":"ble:LoRa-Chatter-1B44 44:1B:F6:8D:B7:A9","device_key":"ble-address:44:1b:f6:8d:b7:a9","kind":"rx","seq":190,"session":"s1","stream":"telemetry","text":"HEARTBEAT TIMEOUT re","timestamp":1790237452.865747}
2026-09-24T11:10:52.866+03:00 [RX telemetry] {"data_b64":"cXVlc3Q9RTEzMC80IG91dGNvbWU=","description":"ble:LoRa-Chatter-1B44 44:1B:F6:8D:B7:A9","device_key":"ble-address:44:1b:f6:8d:b7:a9","kind":"rx","seq":191,"session":"s1","stream":"telemetry","text":"quest=E130/4 outcome","timestamp":1790237452.8666255}
2026-09-24T11:10:52.867+03:00 [RX telemetry] {"data_b64":"PU5SUCBSUT0wIHBlZXJfcT1rbm8=","description":"ble:LoRa-Chatter-1B44 44:1B:F6:8D:B7:A9","device_key":"ble-address:44:1b:f6:8d:b7:a9","kind":"rx","seq":192,"session":"s1","stream":"telemetry","text":"=NRP RQ=0 peer_q=kno","timestamp":1790237452.8672426}
2026-09-24T11:10:52.868+03:00 [RX telemetry] {"data_b64":"d24gcmVjb3Zlcnk9MSBqaXR0ZXI=","description":"ble:LoRa-Chatter-1B44 44:1B:F6:8D:B7:A9","device_key":"ble-address:44:1b:f6:8d:b7:a9","kind":"rx","seq":193,"session":"s1","stream":"telemetry","text":"wn recovery=1 jitter","timestamp":1790237452.867961}
2026-09-24T11:10:52.868+03:00 [RX telemetry] {"data_b64":"PD0xMTU2bXMK","description":"ble:LoRa-Chatter-1B44 44:1B:F6:8D:B7:A9","device_key":"ble-address:44:1b:f6:8d:b7:a9","kind":"rx","seq":194,"session":"s1","stream":"telemetry","text":"<=1156ms\n","timestamp":1790237452.8687217}
2026-09-24T11:11:01.326+03:00 [RX telemetry] {"data_b64":"ClRYIEhFQVJUQkVBVCBQSU5HIHM=","description":"ble:LoRa-Chatter-1B44 44:1B:F6:8D:B7:A9","device_key":"ble-address:44:1b:f6:8d:b7:a9","kind":"rx","seq":195,"session":"s1","stream":"telemetry","text":"\nTX HEARTBEAT PING s","timestamp":1790237461.3259292}
2026-09-24T11:11:01.326+03:00 [RX telemetry] {"data_b64":"ZXE9NSBmcmFtZT0xMkIgcmVhc28=","description":"ble:LoRa-Chatter-1B44 44:1B:F6:8D:B7:A9","device_key":"ble-address:44:1b:f6:8d:b7:a9","kind":"rx","seq":196,"session":"s1","stream":"telemetry","text":"eq=5 frame=12B reaso","timestamp":1790237461.3267632}
2026-09-24T11:11:01.327+03:00 [RX telemetry] {"data_b64":"bj1pZGxlIE9LIHRpbWU9MTE1NiA=","description":"ble:LoRa-Chatter-1B44 44:1B:F6:8D:B7:A9","device_key":"ble-address:44:1b:f6:8d:b7:a9","kind":"rx","seq":197,"session":"s1","stream":"telemetry","text":"n=idle OK time=1156 ","timestamp":1790237461.3274338}
2026-09-24T11:11:01.328+03:00 [RX telemetry] {"data_b64":"bXMgcmVzcG9uc2U8PTIwMTltcwo=","description":"ble:LoRa-Chatter-1B44 44:1B:F6:8D:B7:A9","device_key":"ble-address:44:1b:f6:8d:b7:a9","kind":"rx","seq":198,"session":"s1","stream":"telemetry","text":"ms response<=2019ms\n","timestamp":1790237461.3285491}
2026-09-24T11:11:01.348+03:00 [RX telemetry] {"data_b64":"UEVFUl9SRVBPUlQgb3VyX3NlcT0=","description":"ble:LoRa-Chatter-72E0 E0:72:A1:D5:4C:15","device_key":"ble-address:e0:72:a1:d5:4c:15","kind":"rx","seq":174,"session":"s2","stream":"telemetry","text":"PEER_REPORT our_seq=","timestamp":1790237461.3486574}
2026-09-24T11:11:01.349+03:00 [RX telemetry] {"data_b64":"MyBUWD0tNjgvMTQgUTAK","description":"ble:LoRa-Chatter-72E0 E0:72:A1:D5:4C:15","device_key":"ble-address:e0:72:a1:d5:4c:15","kind":"rx","seq":175,"session":"s2","stream":"telemetry","text":"3 TX=-68/14 Q0\n","timestamp":1790237461.3493068}
2026-09-24T11:11:01.350+03:00 [RX telemetry] {"data_b64":"UlggSEVBUlRCRUFUIFBJTkcgc2U=","description":"ble:LoRa-Chatter-72E0 E0:72:A1:D5:4C:15","device_key":"ble-address:e0:72:a1:d5:4c:15","kind":"rx","seq":176,"session":"s2","stream":"telemetry","text":"RX HEARTBEAT PING se","timestamp":1790237461.350069}
2026-09-24T11:11:01.351+03:00 [RX telemetry] {"data_b64":"c3Npb249RTEzMCBzZXE9NSBmcmE=","description":"ble:LoRa-Chatter-72E0 E0:72:A1:D5:4C:15","device_key":"ble-address:e0:72:a1:d5:4c:15","kind":"rx","seq":177,"session":"s2","stream":"telemetry","text":"ssion=E130 seq=5 fra","timestamp":1790237461.3507848}
2026-09-24T11:11:01.351+03:00 [RX telemetry] {"data_b64":"bWU9MTJCIFJYPS02Ny8xNSBRNDA=","description":"ble:LoRa-Chatter-72E0 E0:72:A1:D5:4C:15","device_key":"ble-address:e0:72:a1:d5:4c:15","kind":"rx","seq":178,"session":"s2","stream":"telemetry","text":"me=12B RX=-67/15 Q40","timestamp":1790237461.3515263}
2026-09-24T11:11:01.352+03:00 [RX telemetry] {"data_b64":"Cg==","description":"ble:LoRa-Chatter-72E0 E0:72:A1:D5:4C:15","device_key":"ble-address:e0:72:a1:d5:4c:15","kind":"rx","seq":179,"session":"s2","stream":"telemetry","text":"\n","timestamp":1790237461.3523045}
2026-09-24T11:11:02.879+03:00 [RX telemetry] {"data_b64":"ClRYIEhFQVJUQkVBVCBQT05HIHM=","description":"ble:LoRa-Chatter-72E0 E0:72:A1:D5:4C:15","device_key":"ble-address:e0:72:a1:d5:4c:15","kind":"rx","seq":180,"session":"s2","stream":"telemetry","text":"\nTX HEARTBEAT PONG s","timestamp":1790237462.8789551}
2026-09-24T11:11:02.880+03:00 [RX telemetry] {"data_b64":"ZXE9NSBmcmFtZT0xNkIgcmVxdWU=","description":"ble:LoRa-Chatter-72E0 E0:72:A1:D5:4C:15","device_key":"ble-address:e0:72:a1:d5:4c:15","kind":"rx","seq":181,"session":"s2","stream":"telemetry","text":"eq=5 frame=16B reque","timestamp":1790237462.8797524}
2026-09-24T11:11:02.880+03:00 [RX telemetry] {"data_b64":"c3Q9RTEzMC81IE9LIHRpbWU9MTM=","description":"ble:LoRa-Chatter-72E0 E0:72:A1:D5:4C:15","device_key":"ble-address:e0:72:a1:d5:4c:15","kind":"rx","seq":182,"session":"s2","stream":"telemetry","text":"st=E130/5 OK time=13","timestamp":1790237462.880541}
2026-09-24T11:11:02.881+03:00 [RX telemetry] {"data_b64":"MjAgbXMK","description":"ble:LoRa-Chatter-72E0 E0:72:A1:D5:4C:15","device_key":"ble-address:e0:72:a1:d5:4c:15","kind":"rx","seq":183,"session":"s2","stream":"telemetry","text":"20 ms\n","timestamp":1790237462.8811648}
2026-09-24T11:11:02.900+03:00 [RX telemetry] {"data_b64":"UEVFUl9SRVBPUlQgb3VyX3NlcT0=","description":"ble:LoRa-Chatter-1B44 44:1B:F6:8D:B7:A9","device_key":"ble-address:44:1b:f6:8d:b7:a9","kind":"rx","seq":199,"session":"s1","stream":"telemetry","text":"PEER_REPORT our_seq=","timestamp":1790237462.900669}
2026-09-24T11:11:02.901+03:00 [RX telemetry] {"data_b64":"NSBUWD0tNjcvMTUgUTQwCg==","description":"ble:LoRa-Chatter-1B44 44:1B:F6:8D:B7:A9","device_key":"ble-address:44:1b:f6:8d:b7:a9","kind":"rx","seq":200,"session":"s1","stream":"telemetry","text":"5 TX=-67/15 Q40\n","timestamp":1790237462.9014432}
2026-09-24T11:11:02.902+03:00 [RX telemetry] {"data_b64":"UlggSEVBUlRCRUFUIFBPTkcgcmU=","description":"ble:LoRa-Chatter-1B44 44:1B:F6:8D:B7:A9","device_key":"ble-address:44:1b:f6:8d:b7:a9","kind":"rx","seq":201,"session":"s1","stream":"telemetry","text":"RX HEARTBEAT PONG re","timestamp":1790237462.902294}
2026-09-24T11:11:02.903+03:00 [RX telemetry] {"data_b64":"cXVlc3Q9RTEzMC81IGZyYW1lPTE=","description":"ble:LoRa-Chatter-1B44 44:1B:F6:8D:B7:A9","device_key":"ble-address:44:1b:f6:8d:b7:a9","kind":"rx","seq":202,"session":"s1","stream":"telemetry","text":"quest=E130/5 frame=1","timestamp":1790237462.9031572}
2026-09-24T11:11:02.903+03:00 [RX telemetry] {"data_b64":"NkIgUlg9LTY1LzEyIFEyNSBUWD0=","description":"ble:LoRa-Chatter-1B44 44:1B:F6:8D:B7:A9","device_key":"ble-address:44:1b:f6:8d:b7:a9","kind":"rx","seq":203,"session":"s1","stream":"telemetry","text":"6B RX=-65/12 Q25 TX=","timestamp":1790237462.903722}
2026-09-24T11:11:02.904+03:00 [RX telemetry] {"data_b64":"LTY3LzE1IFE0MAo=","description":"ble:LoRa-Chatter-1B44 44:1B:F6:8D:B7:A9","device_key":"ble-address:44:1b:f6:8d:b7:a9","kind":"rx","seq":204,"session":"s1","stream":"telemetry","text":"-67/15 Q40\n","timestamp":1790237462.9045236}
2026-09-24T11:11:11.406+03:00 [RX telemetry] {"data_b64":"ClRYIEhFQVJUQkVBVCBQSU5HIHM=","description":"ble:LoRa-Chatter-1B44 44:1B:F6:8D:B7:A9","device_key":"ble-address:44:1b:f6:8d:b7:a9","kind":"rx","seq":205,"session":"s1","stream":"telemetry","text":"\nTX HEARTBEAT PING s","timestamp":1790237471.4057777}
2026-09-24T11:11:11.406+03:00 [RX telemetry] {"data_b64":"ZXE9NiBmcmFtZT0xMkIgcmVhc28=","description":"ble:LoRa-Chatter-1B44 44:1B:F6:8D:B7:A9","device_key":"ble-address:44:1b:f6:8d:b7:a9","kind":"rx","seq":206,"session":"s1","stream":"telemetry","text":"eq=6 frame=12B reaso","timestamp":1790237471.4068046}
2026-09-24T11:11:11.407+03:00 [RX telemetry] {"data_b64":"bj1pZGxlIE9LIHRpbWU9MTE1NiA=","description":"ble:LoRa-Chatter-1B44 44:1B:F6:8D:B7:A9","device_key":"ble-address:44:1b:f6:8d:b7:a9","kind":"rx","seq":207,"session":"s1","stream":"telemetry","text":"n=idle OK time=1156 ","timestamp":1790237471.40748}
2026-09-24T11:11:11.408+03:00 [RX telemetry] {"data_b64":"bXMgcmVzcG9uc2U8PTIwMTltcwo=","description":"ble:LoRa-Chatter-1B44 44:1B:F6:8D:B7:A9","device_key":"ble-address:44:1b:f6:8d:b7:a9","kind":"rx","seq":208,"session":"s1","stream":"telemetry","text":"ms response<=2019ms\n","timestamp":1790237471.408461}
2026-09-24T11:11:11.429+03:00 [RX telemetry] {"data_b64":"ClRYIEhFQVJUQkVBVCBQSU5HIHM=","description":"ble:LoRa-Chatter-72E0 E0:72:A1:D5:4C:15","device_key":"ble-address:e0:72:a1:d5:4c:15","kind":"rx","seq":184,"session":"s2","stream":"telemetry","text":"\nTX HEARTBEAT PING s","timestamp":1790237471.429041}
2026-09-24T11:11:11.430+03:00 [RX telemetry] {"data_b64":"ZXE9NiBmcmFtZT0xMkIgcmVhc28=","description":"ble:LoRa-Chatter-72E0 E0:72:A1:D5:4C:15","device_key":"ble-address:e0:72:a1:d5:4c:15","kind":"rx","seq":185,"session":"s2","stream":"telemetry","text":"eq=6 frame=12B reaso","timestamp":1790237471.4299214}
2026-09-24T11:11:11.431+03:00 [RX telemetry] {"data_b64":"bj1pZGxlIE9LIHRpbWU9MTE1NiA=","description":"ble:LoRa-Chatter-72E0 E0:72:A1:D5:4C:15","device_key":"ble-address:e0:72:a1:d5:4c:15","kind":"rx","seq":186,"session":"s2","stream":"telemetry","text":"n=idle OK time=1156 ","timestamp":1790237471.4308429}
2026-09-24T11:11:11.431+03:00 [RX telemetry] {"data_b64":"bXMgcmVzcG9uc2U8PTIwMTltcwo=","description":"ble:LoRa-Chatter-72E0 E0:72:A1:D5:4C:15","device_key":"ble-address:e0:72:a1:d5:4c:15","kind":"rx","seq":187,"session":"s2","stream":"telemetry","text":"ms response<=2019ms\n","timestamp":1790237471.4316597}
2026-09-24T11:11:13.431+03:00 [RX telemetry] {"data_b64":"SEVBUlRCRUFUIFRJTUVPVVQgcmU=","description":"ble:LoRa-Chatter-1B44 44:1B:F6:8D:B7:A9","device_key":"ble-address:44:1b:f6:8d:b7:a9","kind":"rx","seq":209,"session":"s1","stream":"telemetry","text":"HEARTBEAT TIMEOUT re","timestamp":1790237473.43126}
2026-09-24T11:11:13.432+03:00 [RX telemetry] {"data_b64":"cXVlc3Q9RTEzMC82IG91dGNvbWU=","description":"ble:LoRa-Chatter-1B44 44:1B:F6:8D:B7:A9","device_key":"ble-address:44:1b:f6:8d:b7:a9","kind":"rx","seq":210,"session":"s1","stream":"telemetry","text":"quest=E130/6 outcome","timestamp":1790237473.432144}
2026-09-24T11:11:13.433+03:00 [RX telemetry] {"data_b64":"PU5SUCBSUT0yMCBwZWVyX3E9a24=","description":"ble:LoRa-Chatter-1B44 44:1B:F6:8D:B7:A9","device_key":"ble-address:44:1b:f6:8d:b7:a9","kind":"rx","seq":211,"session":"s1","stream":"telemetry","text":"=NRP RQ=20 peer_q=kn","timestamp":1790237473.4328222}
2026-09-24T11:11:13.433+03:00 [RX telemetry] {"data_b64":"b3duIHJlY292ZXJ5PTEgaml0dGU=","description":"ble:LoRa-Chatter-1B44 44:1B:F6:8D:B7:A9","device_key":"ble-address:44:1b:f6:8d:b7:a9","kind":"rx","seq":212,"session":"s1","stream":"telemetry","text":"own recovery=1 jitte","timestamp":1790237473.4337397}
2026-09-24T11:11:13.434+03:00 [RX telemetry] {"data_b64":"cjw9MTE1Nm1zCg==","description":"ble:LoRa-Chatter-1B44 44:1B:F6:8D:B7:A9","device_key":"ble-address:44:1b:f6:8d:b7:a9","kind":"rx","seq":213,"session":"s1","stream":"telemetry","text":"r<=1156ms\n","timestamp":1790237473.4342968}
2026-09-24T11:11:13.454+03:00 [RX telemetry] {"data_b64":"SEVBUlRCRUFUIFRJTUVPVVQgcmU=","description":"ble:LoRa-Chatter-72E0 E0:72:A1:D5:4C:15","device_key":"ble-address:e0:72:a1:d5:4c:15","kind":"rx","seq":188,"session":"s2","stream":"telemetry","text":"HEARTBEAT TIMEOUT re","timestamp":1790237473.4539614}
2026-09-24T11:11:13.455+03:00 [RX telemetry] {"data_b64":"cXVlc3Q9Q0NFRC82IG91dGNvbWU=","description":"ble:LoRa-Chatter-72E0 E0:72:A1:D5:4C:15","device_key":"ble-address:e0:72:a1:d5:4c:15","kind":"rx","seq":189,"session":"s2","stream":"telemetry","text":"quest=CCED/6 outcome","timestamp":1790237473.4542766}
2026-09-24T11:11:13.456+03:00 [RX telemetry] {"data_b64":"PU5SUCBSUT0zMyBwZWVyX3E9a24=","description":"ble:LoRa-Chatter-72E0 E0:72:A1:D5:4C:15","device_key":"ble-address:e0:72:a1:d5:4c:15","kind":"rx","seq":190,"session":"s2","stream":"telemetry","text":"=NRP RQ=33 peer_q=kn","timestamp":1790237473.455652}
2026-09-24T11:11:13.456+03:00 [RX telemetry] {"data_b64":"b3duIHJlY292ZXJ5PTEgaml0dGU=","description":"ble:LoRa-Chatter-72E0 E0:72:A1:D5:4C:15","device_key":"ble-address:e0:72:a1:d5:4c:15","kind":"rx","seq":191,"session":"s2","stream":"telemetry","text":"own recovery=1 jitte","timestamp":1790237473.4559116}
2026-09-24T11:11:13.457+03:00 [RX telemetry] {"data_b64":"cjw9MTE1Nm1zCg==","description":"ble:LoRa-Chatter-72E0 E0:72:A1:D5:4C:15","device_key":"ble-address:e0:72:a1:d5:4c:15","kind":"rx","seq":192,"session":"s2","stream":"telemetry","text":"r<=1156ms\n","timestamp":1790237473.4566205}
2026-09-24T11:11:21.351+03:00 [RX telemetry] {"data_b64":"ClRYIEhFQVJUQkVBVCBQSU5HIHM=","description":"ble:LoRa-Chatter-1B44 44:1B:F6:8D:B7:A9","device_key":"ble-address:44:1b:f6:8d:b7:a9","kind":"rx","seq":214,"session":"s1","stream":"telemetry","text":"\nTX HEARTBEAT PING s","timestamp":1790237481.3510394}
2026-09-24T11:11:21.352+03:00 [RX telemetry] {"data_b64":"ZXE9NyBmcmFtZT0xMkIgcmVhc28=","description":"ble:LoRa-Chatter-1B44 44:1B:F6:8D:B7:A9","device_key":"ble-address:44:1b:f6:8d:b7:a9","kind":"rx","seq":215,"session":"s1","stream":"telemetry","text":"eq=7 frame=12B reaso","timestamp":1790237481.3517902}
2026-09-24T11:11:21.352+03:00 [RX telemetry] {"data_b64":"bj1pZGxlIE9LIHRpbWU9MTE1NiA=","description":"ble:LoRa-Chatter-1B44 44:1B:F6:8D:B7:A9","device_key":"ble-address:44:1b:f6:8d:b7:a9","kind":"rx","seq":216,"session":"s1","stream":"telemetry","text":"n=idle OK time=1156 ","timestamp":1790237481.3527677}
2026-09-24T11:11:21.353+03:00 [RX telemetry] {"data_b64":"bXMgcmVzcG9uc2U8PTIwMTltcwo=","description":"ble:LoRa-Chatter-1B44 44:1B:F6:8D:B7:A9","device_key":"ble-address:44:1b:f6:8d:b7:a9","kind":"rx","seq":217,"session":"s1","stream":"telemetry","text":"ms response<=2019ms\n","timestamp":1790237481.3534517}
2026-09-24T11:11:21.373+03:00 [RX telemetry] {"data_b64":"UEVFUl9SRVBPUlQgb3VyX3NlcT0=","description":"ble:LoRa-Chatter-72E0 E0:72:A1:D5:4C:15","device_key":"ble-address:e0:72:a1:d5:4c:15","kind":"rx","seq":193,"session":"s2","stream":"telemetry","text":"PEER_REPORT our_seq=","timestamp":1790237481.3736794}
2026-09-24T11:11:21.374+03:00 [RX telemetry] {"data_b64":"NSBUWD0tNjUvMTIgUTIwCg==","description":"ble:LoRa-Chatter-72E0 E0:72:A1:D5:4C:15","device_key":"ble-address:e0:72:a1:d5:4c:15","kind":"rx","seq":194,"session":"s2","stream":"telemetry","text":"5 TX=-65/12 Q20\n","timestamp":1790237481.3744204}
2026-09-24T11:11:21.375+03:00 [RX telemetry] {"data_b64":"UlggSEVBUlRCRUFUIFBJTkcgc2U=","description":"ble:LoRa-Chatter-72E0 E0:72:A1:D5:4C:15","device_key":"ble-address:e0:72:a1:d5:4c:15","kind":"rx","seq":195,"session":"s2","stream":"telemetry","text":"RX HEARTBEAT PING se","timestamp":1790237481.3752482}
2026-09-24T11:11:21.376+03:00 [RX telemetry] {"data_b64":"c3Npb249RTEzMCBzZXE9NyBmcmE=","description":"ble:LoRa-Chatter-72E0 E0:72:A1:D5:4C:15","device_key":"ble-address:e0:72:a1:d5:4c:15","kind":"rx","seq":196,"session":"s2","stream":"telemetry","text":"ssion=E130 seq=7 fra","timestamp":1790237481.3759346}
2026-09-24T11:11:21.377+03:00 [RX telemetry] {"data_b64":"bWU9MTJCIFJYPS02Ny8xNSBRMzM=","description":"ble:LoRa-Chatter-72E0 E0:72:A1:D5:4C:15","device_key":"ble-address:e0:72:a1:d5:4c:15","kind":"rx","seq":197,"session":"s2","stream":"telemetry","text":"me=12B RX=-67/15 Q33","timestamp":1790237481.3767989}
2026-09-24T11:11:21.377+03:00 [RX telemetry] {"data_b64":"Cg==","description":"ble:LoRa-Chatter-72E0 E0:72:A1:D5:4C:15","device_key":"ble-address:e0:72:a1:d5:4c:15","kind":"rx","seq":198,"session":"s2","stream":"telemetry","text":"\n","timestamp":1790237481.377488}
2026-09-24T11:11:22.904+03:00 [RX telemetry] {"data_b64":"ClRYIEhFQVJUQkVBVCBQT05HIHM=","description":"ble:LoRa-Chatter-72E0 E0:72:A1:D5:4C:15","device_key":"ble-address:e0:72:a1:d5:4c:15","kind":"rx","seq":199,"session":"s2","stream":"telemetry","text":"\nTX HEARTBEAT PONG s","timestamp":1790237482.9038796}
2026-09-24T11:11:22.904+03:00 [RX telemetry] {"data_b64":"ZXE9NyBmcmFtZT0xNkIgcmVxdWU=","description":"ble:LoRa-Chatter-72E0 E0:72:A1:D5:4C:15","device_key":"ble-address:e0:72:a1:d5:4c:15","kind":"rx","seq":200,"session":"s2","stream":"telemetry","text":"eq=7 frame=16B reque","timestamp":1790237482.9045105}
2026-09-24T11:11:22.905+03:00 [RX telemetry] {"data_b64":"c3Q9RTEzMC83IE9LIHRpbWU9MTM=","description":"ble:LoRa-Chatter-72E0 E0:72:A1:D5:4C:15","device_key":"ble-address:e0:72:a1:d5:4c:15","kind":"rx","seq":201,"session":"s2","stream":"telemetry","text":"st=E130/7 OK time=13","timestamp":1790237482.9053552}
2026-09-24T11:11:22.906+03:00 [RX telemetry] {"data_b64":"MjAgbXMK","description":"ble:LoRa-Chatter-72E0 E0:72:A1:D5:4C:15","device_key":"ble-address:e0:72:a1:d5:4c:15","kind":"rx","seq":202,"session":"s2","stream":"telemetry","text":"20 ms\n","timestamp":1790237482.9061732}
2026-09-24T11:11:22.907+03:00 [RX telemetry] {"data_b64":"ClNFU1NJT04gdD00ODAwcyBUWCA=","description":"ble:LoRa-Chatter-72E0 E0:72:A1:D5:4C:15","device_key":"ble-address:e0:72:a1:d5:4c:15","kind":"rx","seq":203,"session":"s2","stream":"telemetry","text":"\nSESSION t=4800s TX ","timestamp":1790237482.9074328}
2026-09-24T11:11:22.908+03:00 [RX telemetry] {"data_b64":"b2s9OCB1c2VyPTAgZWNob19yZXE=","description":"ble:LoRa-Chatter-72E0 E0:72:A1:D5:4C:15","device_key":"ble-address:e0:72:a1:d5:4c:15","kind":"rx","seq":204,"session":"s2","stream":"telemetry","text":"ok=8 user=0 echo_req","timestamp":1790237482.9086063}
2026-09-24T11:11:22.909+03:00 [RX telemetry] {"data_b64":"PTAgZWNob19yZXA9MCBoYj04KGk=","description":"ble:LoRa-Chatter-72E0 E0:72:A1:D5:4C:15","device_key":"ble-address:e0:72:a1:d5:4c:15","kind":"rx","seq":205,"session":"s2","stream":"telemetry","text":"=0 echo_rep=0 hb=8(i","timestamp":1790237482.9094813}
2026-09-24T11:11:22.910+03:00 [RX telemetry] {"data_b64":"ZGxlPTYpIGVycj0wIHN0YXJ0ZWQ=","description":"ble:LoRa-Chatter-72E0 E0:72:A1:D5:4C:15","device_key":"ble-address:e0:72:a1:d5:4c:15","kind":"rx","seq":206,"session":"s2","stream":"telemetry","text":"dle=6) err=0 started","timestamp":1790237482.9105105}
2026-09-24T11:11:22.911+03:00 [RX telemetry] {"data_b64":"PTggUlggb2s9NCB1c2VyPTAgZWM=","description":"ble:LoRa-Chatter-72E0 E0:72:A1:D5:4C:15","device_key":"ble-address:e0:72:a1:d5:4c:15","kind":"rx","seq":207,"session":"s2","stream":"telemetry","text":"=8 RX ok=4 user=0 ec","timestamp":1790237482.9113474}
2026-09-24T11:11:22.912+03:00 [RX telemetry] {"data_b64":"aG9fcmVxPTAgZWNob19yZXA9MCA=","description":"ble:LoRa-Chatter-72E0 E0:72:A1:D5:4C:15","device_key":"ble-address:e0:72:a1:d5:4c:15","kind":"rx","seq":208,"session":"s2","stream":"telemetry","text":"ho_req=0 echo_rep=0 ","timestamp":1790237482.9121242}
2026-09-24T11:11:22.913+03:00 [RX telemetry] {"data_b64":"aGI9MiBjcmM9MCBoZHI9MCBiYWQ=","description":"ble:LoRa-Chatter-72E0 E0:72:A1:D5:4C:15","device_key":"ble-address:e0:72:a1:d5:4c:15","kind":"rx","seq":209,"session":"s2","stream":"telemetry","text":"hb=2 crc=0 hdr=0 bad","timestamp":1790237482.9130414}
2026-09-24T11:11:22.913+03:00 [RX telemetry] {"data_b64":"PTAgcmVhZGVycj0wIHJlcG9ydHM=","description":"ble:LoRa-Chatter-72E0 E0:72:A1:D5:4C:15","device_key":"ble-address:e0:72:a1:d5:4c:15","kind":"rx","seq":210,"session":"s2","stream":"telemetry","text":"=0 readerr=0 reports","timestamp":1790237482.9131176}
2026-09-24T11:11:22.914+03:00 [RX telemetry] {"data_b64":"PTQgUT0zMyUgZHJvcHM9MCBmYXQ=","description":"ble:LoRa-Chatter-72E0 E0:72:A1:D5:4C:15","device_key":"ble-address:e0:72:a1:d5:4c:15","kind":"rx","seq":211,"session":"s2","stream":"telemetry","text":"=4 Q=33% drops=0 fat","timestamp":1790237482.9143913}
2026-09-24T11:11:22.915+03:00 [RX telemetry] {"data_b64":"YWw9MAo=","description":"ble:LoRa-Chatter-72E0 E0:72:A1:D5:4C:15","device_key":"ble-address:e0:72:a1:d5:4c:15","kind":"rx","seq":212,"session":"s2","stream":"telemetry","text":"al=0\n","timestamp":1790237482.9144688}
2026-09-24T11:11:22.915+03:00 [RX telemetry] {"data_b64":"U0VTU0lPTiBDT1VSVEVTWSB3aW4=","description":"ble:LoRa-Chatter-72E0 E0:72:A1:D5:4C:15","device_key":"ble-address:e0:72:a1:d5:4c:15","kind":"rx","seq":213,"session":"s2","stream":"telemetry","text":"SESSION COURTESY win","timestamp":1790237482.9153204}
2026-09-24T11:11:22.915+03:00 [RX telemetry] {"data_b64":"ZG93PTkxMjNtcyBwZWVyX3JlbGU=","description":"ble:LoRa-Chatter-72E0 E0:72:A1:D5:4C:15","device_key":"ble-address:e0:72:a1:d5:4c:15","kind":"rx","seq":214,"session":"s2","stream":"telemetry","text":"dow=9123ms peer_rele","timestamp":1790237482.9154067}
2026-09-24T11:11:22.916+03:00 [RX telemetry] {"data_b64":"YXNlPTAgZXhwaXJlZD0wIHlpZWw=","description":"ble:LoRa-Chatter-72E0 E0:72:A1:D5:4C:15","device_key":"ble-address:e0:72:a1:d5:4c:15","kind":"rx","seq":215,"session":"s2","stream":"telemetry","text":"ase=0 expired=0 yiel","timestamp":1790237482.91642}
2026-09-24T11:11:22.917+03:00 [RX telemetry] {"data_b64":"ZGluZz0wCg==","description":"ble:LoRa-Chatter-72E0 E0:72:A1:D5:4C:15","device_key":"ble-address:e0:72:a1:d5:4c:15","kind":"rx","seq":216,"session":"s2","stream":"telemetry","text":"ding=0\n","timestamp":1790237482.9171634}
2026-09-24T11:11:22.918+03:00 [RX telemetry] {"data_b64":"U0VTU0lPTiBESU8wX1RYIGFmZmU=","description":"ble:LoRa-Chatter-72E0 E0:72:A1:D5:4C:15","device_key":"ble-address:e0:72:a1:d5:4c:15","kind":"rx","seq":217,"session":"s2","stream":"telemetry","text":"SESSION DIO0_TX affe","timestamp":1790237482.917865}
2026-09-24T11:11:22.918+03:00 [RX telemetry] {"data_b64":"Y3RlZD0wLzggZXBpc29kZXM9MCA=","description":"ble:LoRa-Chatter-72E0 E0:72:A1:D5:4C:15","device_key":"ble-address:e0:72:a1:d5:4c:15","kind":"rx","seq":218,"session":"s2","stream":"telemetry","text":"cted=0/8 episodes=0 ","timestamp":1790237482.9181142}
2026-09-24T11:11:22.919+03:00 [RX telemetry] {"data_b64":"YXZnX2FsbD0wLjAwIGF2Z19hZmY=","description":"ble:LoRa-Chatter-72E0 E0:72:A1:D5:4C:15","device_key":"ble-address:e0:72:a1:d5:4c:15","kind":"rx","seq":219,"session":"s2","stream":"telemetry","text":"avg_all=0.00 avg_aff","timestamp":1790237482.9193227}
2026-09-24T11:11:22.919+03:00 [RX telemetry] {"data_b64":"ZWN0ZWQ9MC4wMCBoaWdoX3BvbGw=","description":"ble:LoRa-Chatter-72E0 E0:72:A1:D5:4C:15","device_key":"ble-address:e0:72:a1:d5:4c:15","kind":"rx","seq":220,"session":"s2","stream":"telemetry","text":"ected=0.00 high_poll","timestamp":1790237482.9194164}
2026-09-24T11:11:22.920+03:00 [RX telemetry] {"data_b64":"cz0wCg==","description":"ble:LoRa-Chatter-72E0 E0:72:A1:D5:4C:15","device_key":"ble-address:e0:72:a1:d5:4c:15","kind":"rx","seq":221,"session":"s2","stream":"telemetry","text":"s=0\n","timestamp":1790237482.9204109}
2026-09-24T11:11:22.921+03:00 [RX telemetry] {"data_b64":"U0VTU0lPTiBSWF9QT0xMIHBvbGw=","description":"ble:LoRa-Chatter-72E0 E0:72:A1:D5:4C:15","device_key":"ble-address:e0:72:a1:d5:4c:15","kind":"rx","seq":222,"session":"s2","stream":"telemetry","text":"SESSION RX_POLL poll","timestamp":1790237482.9213278}
2026-09-24T11:11:22.922+03:00 [RX telemetry] {"data_b64":"cz00NzY2NDEzIHJ4ZG9uZT00IGk=","description":"ble:LoRa-Chatter-72E0 E0:72:A1:D5:4C:15","device_key":"ble-address:e0:72:a1:d5:4c:15","kind":"rx","seq":223,"session":"s2","stream":"telemetry","text":"s=4766413 rxdone=4 i","timestamp":1790237482.921424}
2026-09-24T11:11:22.923+03:00 [RX telemetry] {"data_b64":"bnRlcnZhbD0xMDAwdXMgRElPMF8=","description":"ble:LoRa-Chatter-72E0 E0:72:A1:D5:4C:15","device_key":"ble-address:e0:72:a1:d5:4c:15","kind":"rx","seq":224,"session":"s2","stream":"telemetry","text":"nterval=1000us DIO0_","timestamp":1790237482.92244}
2026-09-24T11:11:22.923+03:00 [RX telemetry] {"data_b64":"UlggZmFsc2VfaGlnaF9lcD0wIGg=","description":"ble:LoRa-Chatter-72E0 E0:72:A1:D5:4C:15","device_key":"ble-address:e0:72:a1:d5:4c:15","kind":"rx","seq":225,"session":"s2","stream":"telemetry","text":"RX false_high_ep=0 h","timestamp":1790237482.9229054}
2026-09-24T11:11:22.923+03:00 [RX telemetry] {"data_b64":"aWdoX3BvbGxzPTAgcnhkb25lX2w=","description":"ble:LoRa-Chatter-72E0 E0:72:A1:D5:4C:15","device_key":"ble-address:e0:72:a1:d5:4c:15","kind":"rx","seq":226,"session":"s2","stream":"telemetry","text":"igh_polls=0 rxdone_l","timestamp":1790237482.922958}
2026-09-24T11:11:22.923+03:00 [RX telemetry] {"data_b64":"b3c9MSBpc3I9ZGlzYWJsZWQK","description":"ble:LoRa-Chatter-72E0 E0:72:A1:D5:4C:15","device_key":"ble-address:e0:72:a1:d5:4c:15","kind":"rx","seq":227,"session":"s2","stream":"telemetry","text":"ow=1 isr=disabled\n","timestamp":1790237482.9229932}
2026-09-24T11:11:22.925+03:00 [RX telemetry] {"data_b64":"UEVFUl9SRVBPUlQgb3VyX3NlcT0=","description":"ble:LoRa-Chatter-1B44 44:1B:F6:8D:B7:A9","device_key":"ble-address:44:1b:f6:8d:b7:a9","kind":"rx","seq":218,"session":"s1","stream":"telemetry","text":"PEER_REPORT our_seq=","timestamp":1790237482.9255636}
2026-09-24T11:11:22.926+03:00 [RX telemetry] {"data_b64":"NyBUWD0tNjcvMTUgUTMzCg==","description":"ble:LoRa-Chatter-1B44 44:1B:F6:8D:B7:A9","device_key":"ble-address:44:1b:f6:8d:b7:a9","kind":"rx","seq":219,"session":"s1","stream":"telemetry","text":"7 TX=-67/15 Q33\n","timestamp":1790237482.9265285}
2026-09-24T11:11:22.927+03:00 [RX telemetry] {"data_b64":"UlggSEVBUlRCRUFUIFBPTkcgcmU=","description":"ble:LoRa-Chatter-1B44 44:1B:F6:8D:B7:A9","device_key":"ble-address:44:1b:f6:8d:b7:a9","kind":"rx","seq":220,"session":"s1","stream":"telemetry","text":"RX HEARTBEAT PONG re","timestamp":1790237482.9274988}
2026-09-24T11:11:22.928+03:00 [RX telemetry] {"data_b64":"cXVlc3Q9RTEzMC83IGZyYW1lPTE=","description":"ble:LoRa-Chatter-1B44 44:1B:F6:8D:B7:A9","device_key":"ble-address:44:1b:f6:8d:b7:a9","kind":"rx","seq":221,"session":"s1","stream":"telemetry","text":"quest=E130/7 frame=1","timestamp":1790237482.9281244}
2026-09-24T11:11:22.928+03:00 [RX telemetry] {"data_b64":"NkIgUlg9LTY1LzEyIFEzMyBUWD0=","description":"ble:LoRa-Chatter-1B44 44:1B:F6:8D:B7:A9","device_key":"ble-address:44:1b:f6:8d:b7:a9","kind":"rx","seq":222,"session":"s1","stream":"telemetry","text":"6B RX=-65/12 Q33 TX=","timestamp":1790237482.9281745}
2026-09-24T11:11:22.929+03:00 [RX telemetry] {"data_b64":"LTY3LzE1IFEzMwo=","description":"ble:LoRa-Chatter-1B44 44:1B:F6:8D:B7:A9","device_key":"ble-address:44:1b:f6:8d:b7:a9","kind":"rx","seq":223,"session":"s1","stream":"telemetry","text":"-67/15 Q33\n","timestamp":1790237482.929007}
2026-09-24T11:11:23.343+03:00 [AGENT REQUEST] {"id":32,"op":"observe","cursors":{"s1":185,"s2":164},"timeout_ms":30000}
2026-09-24T11:11:23.344+03:00 [AGENT RESPONSE] {"id":32,"ok":true,"result":{"cursors":{"s1":223,"s2":227},"lines":[{"seq_first":165,"seq_last":165,"session":"s2","stream":"telemetry","text":""},{"seq_first":165,"seq_last":168,"session":"s2","stream":"telemetry","text":"TX HEARTBEAT PING seq=4 frame=12B reason=idle OK time=1156 ms response<=2019ms"},{"seq_first":186,"seq_last":186,"session":"s1","stream":"telemetry","text":""},{"seq_first":186,"seq_last":189,"session":"s1","stream":"telemetry","text":"TX HEARTBEAT PING seq=4 frame=12B reason=idle OK time=1156 ms response<=2019ms"},{"seq_first":169,"seq_last":173,"session":"s2","stream":"telemetry","text":"HEARTBEAT TIMEOUT request=CCED/4 outcome=NRP RQ=40 peer_q=known recovery=1 jitter<=1156ms"},{"seq_first":190,"seq_last":194,"session":"s1","stream":"telemetry","text":"HEARTBEAT TIMEOUT request=E130/4 outcome=NRP RQ=0 peer_q=known recovery=1 jitter<=1156ms"},{"seq_first":195,"seq_last":195,"session":"s1","stream":"telemetry","text":""},{"seq_first":195,"seq_last":198,"session":"s1","stream":"telemetry","text":"TX HEARTBEAT PING seq=5 frame=12B reason=idle OK time=1156 ms response<=2019ms"},{"seq_first":174,"seq_last":175,"session":"s2","stream":"telemetry","text":"PEER_REPORT our_seq=3 TX=-68/14 Q0"},{"seq_first":176,"seq_last":179,"session":"s2","stream":"telemetry","text":"RX HEARTBEAT PING session=E130 seq=5 frame=12B RX=-67/15 Q40"},{"seq_first":180,"seq_last":180,"session":"s2","stream":"telemetry","text":""},{"seq_first":180,"seq_last":183,"session":"s2","stream":"telemetry","text":"TX HEARTBEAT PONG seq=5 frame=16B request=E130/5 OK time=1320 ms"},{"seq_first":199,"seq_last":200,"session":"s1","stream":"telemetry","text":"PEER_REPORT our_seq=5 TX=-67/15 Q40"},{"seq_first":201,"seq_last":204,"session":"s1","stream":"telemetry","text":"RX HEARTBEAT PONG request=E130/5 frame=16B RX=-65/12 Q25 TX=-67/15 Q40"},{"seq_first":205,"seq_last":205,"session":"s1","stream":"telemetry","text":""},{"seq_first":205,"seq_last":208,"session":"s1","stream":"telemetry","text":"TX HEARTBEAT PING seq=6 frame=12B reason=idle OK time=1156 ms response<=2019ms"},{"seq_first":184,"seq_last":184,"session":"s2","stream":"telemetry","text":""},{"seq_first":184,"seq_last":187,"session":"s2","stream":"telemetry","text":"TX HEARTBEAT PING seq=6 frame=12B reason=idle OK time=1156 ms response<=2019ms"},{"seq_first":209,"seq_last":213,"session":"s1","stream":"telemetry","text":"HEARTBEAT TIMEOUT request=E130/6 outcome=NRP RQ=20 peer_q=known recovery=1 jitter<=1156ms"},{"seq_first":188,"seq_last":192,"session":"s2","stream":"telemetry","text":"HEARTBEAT TIMEOUT request=CCED/6 outcome=NRP RQ=33 peer_q=known recovery=1 jitter<=1156ms"},{"seq_first":214,"seq_last":214,"session":"s1","stream":"telemetry","text":""},{"seq_first":214,"seq_last":217,"session":"s1","stream":"telemetry","text":"TX HEARTBEAT PING seq=7 frame=12B reason=idle OK time=1156 ms response<=2019ms"},{"seq_first":193,"seq_last":194,"session":"s2","stream":"telemetry","text":"PEER_REPORT our_seq=5 TX=-65/12 Q20"},{"seq_first":195,"seq_last":198,"session":"s2","stream":"telemetry","text":"RX HEARTBEAT PING session=E130 seq=7 frame=12B RX=-67/15 Q33"},{"seq_first":199,"seq_last":199,"session":"s2","stream":"telemetry","text":""},{"seq_first":199,"seq_last":202,"session":"s2","stream":"telemetry","text":"TX HEARTBEAT PONG seq=7 frame=16B request=E130/7 OK time=1320 ms"},{"seq_first":203,"seq_last":203,"session":"s2","stream":"telemetry","text":""},{"seq_first":203,"seq_last":212,"session":"s2","stream":"telemetry","text":"SESSION t=4800s TX ok=8 user=0 echo_req=0 echo_rep=0 hb=8(idle=6) err=0 started=8 RX ok=4 user=0 echo_req=0 echo_rep=0 hb=2 crc=0 hdr=0 bad=0 readerr=0 reports=4 Q=33% drops=0 fatal=0"},{"seq_first":213,"seq_last":216,"session":"s2","stream":"telemetry","text":"SESSION COURTESY window=9123ms peer_release=0 expired=0 yielding=0"},{"seq_first":217,"seq_last":221,"session":"s2","stream":"telemetry","text":"SESSION DIO0_TX affected=0/8 episodes=0 avg_all=0.00 avg_affected=0.00 high_polls=0"},{"seq_first":222,"seq_last":227,"session":"s2","stream":"telemetry","text":"SESSION RX_POLL polls=4766413 rxdone=4 interval=1000us DIO0_RX false_high_ep=0 high_polls=0 rxdone_low=1 isr=disabled"},{"seq_first":218,"seq_last":219,"session":"s1","stream":"telemetry","text":"PEER_REPORT our_seq=7 TX=-67/15 Q33"},{"seq_first":220,"seq_last":223,"session":"s1","stream":"telemetry","text":"RX HEARTBEAT PONG request=E130/7 frame=16B RX=-65/12 Q33 TX=-67/15 Q33"}],"timed_out":false}}
2026-09-24T11:11:31.318+03:00 [RX telemetry] {"data_b64":"ClRYIEhFQVJUQkVBVCBQSU5HIHM=","description":"ble:LoRa-Chatter-72E0 E0:72:A1:D5:4C:15","device_key":"ble-address:e0:72:a1:d5:4c:15","kind":"rx","seq":228,"session":"s2","stream":"telemetry","text":"\nTX HEARTBEAT PING s","timestamp":1790237491.3177927}
2026-09-24T11:11:31.319+03:00 [RX telemetry] {"data_b64":"ZXE9OCBmcmFtZT0xMkIgcmVhc28=","description":"ble:LoRa-Chatter-72E0 E0:72:A1:D5:4C:15","device_key":"ble-address:e0:72:a1:d5:4c:15","kind":"rx","seq":229,"session":"s2","stream":"telemetry","text":"eq=8 frame=12B reaso","timestamp":1790237491.318878}
2026-09-24T11:11:31.319+03:00 [RX telemetry] {"data_b64":"bj1pZGxlIE9LIHRpbWU9MTE1NiA=","description":"ble:LoRa-Chatter-72E0 E0:72:A1:D5:4C:15","device_key":"ble-address:e0:72:a1:d5:4c:15","kind":"rx","seq":230,"session":"s2","stream":"telemetry","text":"n=idle OK time=1156 ","timestamp":1790237491.3196135}
2026-09-24T11:11:31.320+03:00 [RX telemetry] {"data_b64":"bXMgcmVzcG9uc2U8PTIwMTltcwo=","description":"ble:LoRa-Chatter-72E0 E0:72:A1:D5:4C:15","device_key":"ble-address:e0:72:a1:d5:4c:15","kind":"rx","seq":231,"session":"s2","stream":"telemetry","text":"ms response<=2019ms\n","timestamp":1790237491.320251}
2026-09-24T11:11:31.341+03:00 [RX telemetry] {"data_b64":"UEVFUl9SRVBPUlQgb3VyX3NlcT0=","description":"ble:LoRa-Chatter-1B44 44:1B:F6:8D:B7:A9","device_key":"ble-address:44:1b:f6:8d:b7:a9","kind":"rx","seq":224,"session":"s1","stream":"telemetry","text":"PEER_REPORT our_seq=","timestamp":1790237491.3407938}
2026-09-24T11:11:31.341+03:00 [RX telemetry] {"data_b64":"NyBUWD0tNjcvMTUgUTMzCg==","description":"ble:LoRa-Chatter-1B44 44:1B:F6:8D:B7:A9","device_key":"ble-address:44:1b:f6:8d:b7:a9","kind":"rx","seq":225,"session":"s1","stream":"telemetry","text":"7 TX=-67/15 Q33\n","timestamp":1790237491.3415651}
2026-09-24T11:11:31.342+03:00 [RX telemetry] {"data_b64":"UlggSEVBUlRCRUFUIFBJTkcgc2U=","description":"ble:LoRa-Chatter-1B44 44:1B:F6:8D:B7:A9","device_key":"ble-address:44:1b:f6:8d:b7:a9","kind":"rx","seq":226,"session":"s1","stream":"telemetry","text":"RX HEARTBEAT PING se","timestamp":1790237491.3421774}
2026-09-24T11:11:31.343+03:00 [RX telemetry] {"data_b64":"c3Npb249Q0NFRCBzZXE9OCBmcmE=","description":"ble:LoRa-Chatter-1B44 44:1B:F6:8D:B7:A9","device_key":"ble-address:44:1b:f6:8d:b7:a9","kind":"rx","seq":227,"session":"s1","stream":"telemetry","text":"ssion=CCED seq=8 fra","timestamp":1790237491.342994}
2026-09-24T11:11:31.343+03:00 [RX telemetry] {"data_b64":"bWU9MTJCIFJYPS02OC8xNCBRMzM=","description":"ble:LoRa-Chatter-1B44 44:1B:F6:8D:B7:A9","device_key":"ble-address:44:1b:f6:8d:b7:a9","kind":"rx","seq":228,"session":"s1","stream":"telemetry","text":"me=12B RX=-68/14 Q33","timestamp":1790237491.3437896}
2026-09-24T11:11:31.344+03:00 [RX telemetry] {"data_b64":"Cg==","description":"ble:LoRa-Chatter-1B44 44:1B:F6:8D:B7:A9","device_key":"ble-address:44:1b:f6:8d:b7:a9","kind":"rx","seq":229,"session":"s1","stream":"telemetry","text":"\n","timestamp":1790237491.3443959}
2026-09-24T11:11:32.871+03:00 [RX telemetry] {"data_b64":"ClRYIEhFQVJUQkVBVCBQT05HIHM=","description":"ble:LoRa-Chatter-1B44 44:1B:F6:8D:B7:A9","device_key":"ble-address:44:1b:f6:8d:b7:a9","kind":"rx","seq":230,"session":"s1","stream":"telemetry","text":"\nTX HEARTBEAT PONG s","timestamp":1790237492.8708572}
2026-09-24T11:11:32.871+03:00 [RX telemetry] {"data_b64":"ZXE9OCBmcmFtZT0xNkIgcmVxdWU=","description":"ble:LoRa-Chatter-1B44 44:1B:F6:8D:B7:A9","device_key":"ble-address:44:1b:f6:8d:b7:a9","kind":"rx","seq":231,"session":"s1","stream":"telemetry","text":"eq=8 frame=16B reque","timestamp":1790237492.8717132}
2026-09-24T11:11:32.872+03:00 [RX telemetry] {"data_b64":"c3Q9Q0NFRC84IE9LIHRpbWU9MTM=","description":"ble:LoRa-Chatter-1B44 44:1B:F6:8D:B7:A9","device_key":"ble-address:44:1b:f6:8d:b7:a9","kind":"rx","seq":232,"session":"s1","stream":"telemetry","text":"st=CCED/8 OK time=13","timestamp":1790237492.872414}
2026-09-24T11:11:32.875+03:00 [RX telemetry] {"data_b64":"MjAgbXMK","description":"ble:LoRa-Chatter-1B44 44:1B:F6:8D:B7:A9","device_key":"ble-address:44:1b:f6:8d:b7:a9","kind":"rx","seq":233,"session":"s1","stream":"telemetry","text":"20 ms\n","timestamp":1790237492.8753626}
2026-09-24T11:11:32.893+03:00 [RX telemetry] {"data_b64":"UEVFUl9SRVBPUlQgb3VyX3NlcT0=","description":"ble:LoRa-Chatter-72E0 E0:72:A1:D5:4C:15","device_key":"ble-address:e0:72:a1:d5:4c:15","kind":"rx","seq":232,"session":"s2","stream":"telemetry","text":"PEER_REPORT our_seq=","timestamp":1790237492.8936882}
2026-09-24T11:11:32.894+03:00 [RX telemetry] {"data_b64":"OCBUWD0tNjgvMTQgUTMzCg==","description":"ble:LoRa-Chatter-72E0 E0:72:A1:D5:4C:15","device_key":"ble-address:e0:72:a1:d5:4c:15","kind":"rx","seq":233,"session":"s2","stream":"telemetry","text":"8 TX=-68/14 Q33\n","timestamp":1790237492.894385}
2026-09-24T11:11:32.895+03:00 [RX telemetry] {"data_b64":"UlggSEVBUlRCRUFUIFBPTkcgcmU=","description":"ble:LoRa-Chatter-72E0 E0:72:A1:D5:4C:15","device_key":"ble-address:e0:72:a1:d5:4c:15","kind":"rx","seq":234,"session":"s2","stream":"telemetry","text":"RX HEARTBEAT PONG re","timestamp":1790237492.8952017}
2026-09-24T11:11:32.895+03:00 [RX telemetry] {"data_b64":"cXVlc3Q9Q0NFRC84IGZyYW1lPTE=","description":"ble:LoRa-Chatter-72E0 E0:72:A1:D5:4C:15","device_key":"ble-address:e0:72:a1:d5:4c:15","kind":"rx","seq":235,"session":"s2","stream":"telemetry","text":"quest=CCED/8 frame=1","timestamp":1790237492.8957253}
2026-09-24T11:11:32.896+03:00 [RX telemetry] {"data_b64":"NkIgUlg9LTY0LzEyIFE0MyBUWD0=","description":"ble:LoRa-Chatter-72E0 E0:72:A1:D5:4C:15","device_key":"ble-address:e0:72:a1:d5:4c:15","kind":"rx","seq":236,"session":"s2","stream":"telemetry","text":"6B RX=-64/12 Q43 TX=","timestamp":1790237492.8965805}
2026-09-24T11:11:32.897+03:00 [RX telemetry] {"data_b64":"LTY4LzE0IFEzMwo=","description":"ble:LoRa-Chatter-72E0 E0:72:A1:D5:4C:15","device_key":"ble-address:e0:72:a1:d5:4c:15","kind":"rx","seq":237,"session":"s2","stream":"telemetry","text":"-68/14 Q33\n","timestamp":1790237492.8974473}
2026-09-24T11:11:41.354+03:00 [RX telemetry] {"data_b64":"ClRYIEhFQVJUQkVBVCBQSU5HIHM=","description":"ble:LoRa-Chatter-72E0 E0:72:A1:D5:4C:15","device_key":"ble-address:e0:72:a1:d5:4c:15","kind":"rx","seq":238,"session":"s2","stream":"telemetry","text":"\nTX HEARTBEAT PING s","timestamp":1790237501.3538997}
2026-09-24T11:11:41.354+03:00 [RX telemetry] {"data_b64":"ZXE9OSBmcmFtZT0xMkIgcmVhc28=","description":"ble:LoRa-Chatter-72E0 E0:72:A1:D5:4C:15","device_key":"ble-address:e0:72:a1:d5:4c:15","kind":"rx","seq":239,"session":"s2","stream":"telemetry","text":"eq=9 frame=12B reaso","timestamp":1790237501.3546731}
2026-09-24T11:11:41.355+03:00 [RX telemetry] {"data_b64":"bj1pZGxlIE9LIHRpbWU9MTE1NiA=","description":"ble:LoRa-Chatter-72E0 E0:72:A1:D5:4C:15","device_key":"ble-address:e0:72:a1:d5:4c:15","kind":"rx","seq":240,"session":"s2","stream":"telemetry","text":"n=idle OK time=1156 ","timestamp":1790237501.3552382}
2026-09-24T11:11:41.356+03:00 [RX telemetry] {"data_b64":"bXMgcmVzcG9uc2U8PTIwMTltcwo=","description":"ble:LoRa-Chatter-72E0 E0:72:A1:D5:4C:15","device_key":"ble-address:e0:72:a1:d5:4c:15","kind":"rx","seq":241,"session":"s2","stream":"telemetry","text":"ms response<=2019ms\n","timestamp":1790237501.3559902}
2026-09-24T11:11:41.375+03:00 [RX telemetry] {"data_b64":"ClRYIEhFQVJUQkVBVCBQSU5HIHM=","description":"ble:LoRa-Chatter-1B44 44:1B:F6:8D:B7:A9","device_key":"ble-address:44:1b:f6:8d:b7:a9","kind":"rx","seq":234,"session":"s1","stream":"telemetry","text":"\nTX HEARTBEAT PING s","timestamp":1790237501.3757489}
2026-09-24T11:11:41.376+03:00 [RX telemetry] {"data_b64":"ZXE9OSBmcmFtZT0xMkIgcmVhc28=","description":"ble:LoRa-Chatter-1B44 44:1B:F6:8D:B7:A9","device_key":"ble-address:44:1b:f6:8d:b7:a9","kind":"rx","seq":235,"session":"s1","stream":"telemetry","text":"eq=9 frame=12B reaso","timestamp":1790237501.3765638}
2026-09-24T11:11:41.377+03:00 [RX telemetry] {"data_b64":"bj1pZGxlIE9LIHRpbWU9MTE1NiA=","description":"ble:LoRa-Chatter-1B44 44:1B:F6:8D:B7:A9","device_key":"ble-address:44:1b:f6:8d:b7:a9","kind":"rx","seq":236,"session":"s1","stream":"telemetry","text":"n=idle OK time=1156 ","timestamp":1790237501.3771715}
2026-09-24T11:11:41.379+03:00 [RX telemetry] {"data_b64":"bXMgcmVzcG9uc2U8PTIwMTltcwo=","description":"ble:LoRa-Chatter-1B44 44:1B:F6:8D:B7:A9","device_key":"ble-address:44:1b:f6:8d:b7:a9","kind":"rx","seq":237,"session":"s1","stream":"telemetry","text":"ms response<=2019ms\n","timestamp":1790237501.3790274}
2026-09-24T11:11:42.276+03:00 [RX telemetry] {"data_b64":"ClNFU1NJT04gdD00ODYwcyBUWCA=","description":"ble:LoRa-Chatter-1B44 44:1B:F6:8D:B7:A9","device_key":"ble-address:44:1b:f6:8d:b7:a9","kind":"rx","seq":238,"session":"s1","stream":"telemetry","text":"\nSESSION t=4860s TX ","timestamp":1790237502.2757995}
2026-09-24T11:11:42.277+03:00 [RX telemetry] {"data_b64":"b2s9MTAgdXNlcj0wIGVjaG9fcmU=","description":"ble:LoRa-Chatter-1B44 44:1B:F6:8D:B7:A9","device_key":"ble-address:44:1b:f6:8d:b7:a9","kind":"rx","seq":239,"session":"s1","stream":"telemetry","text":"ok=10 user=0 echo_re","timestamp":1790237502.2767925}
2026-09-24T11:11:42.277+03:00 [RX telemetry] {"data_b64":"cT0wIGVjaG9fcmVwPTAgaGI9MTA=","description":"ble:LoRa-Chatter-1B44 44:1B:F6:8D:B7:A9","device_key":"ble-address:44:1b:f6:8d:b7:a9","kind":"rx","seq":240,"session":"s1","stream":"telemetry","text":"q=0 echo_rep=0 hb=10","timestamp":1790237502.276861}
2026-09-24T11:11:42.278+03:00 [RX telemetry] {"data_b64":"KGlkbGU9NykgZXJyPTAgc3RhcnQ=","description":"ble:LoRa-Chatter-1B44 44:1B:F6:8D:B7:A9","device_key":"ble-address:44:1b:f6:8d:b7:a9","kind":"rx","seq":241,"session":"s1","stream":"telemetry","text":"(idle=7) err=0 start","timestamp":1790237502.278038}
2026-09-24T11:11:42.278+03:00 [RX telemetry] {"data_b64":"ZWQ9MTAgUlggb2s9NSB1c2VyPTA=","description":"ble:LoRa-Chatter-1B44 44:1B:F6:8D:B7:A9","device_key":"ble-address:44:1b:f6:8d:b7:a9","kind":"rx","seq":242,"session":"s1","stream":"telemetry","text":"ed=10 RX ok=5 user=0","timestamp":1790237502.2781181}
2026-09-24T11:11:42.279+03:00 [RX telemetry] {"data_b64":"IGVjaG9fcmVxPTAgZWNob19yZXA=","description":"ble:LoRa-Chatter-1B44 44:1B:F6:8D:B7:A9","device_key":"ble-address:44:1b:f6:8d:b7:a9","kind":"rx","seq":243,"session":"s1","stream":"telemetry","text":" echo_req=0 echo_rep","timestamp":1790237502.2788296}
2026-09-24T11:11:42.280+03:00 [RX telemetry] {"data_b64":"PTAgaGI9MyBjcmM9MCBoZHI9MCA=","description":"ble:LoRa-Chatter-1B44 44:1B:F6:8D:B7:A9","device_key":"ble-address:44:1b:f6:8d:b7:a9","kind":"rx","seq":244,"session":"s1","stream":"telemetry","text":"=0 hb=3 crc=0 hdr=0 ","timestamp":1790237502.279922}
2026-09-24T11:11:42.281+03:00 [RX telemetry] {"data_b64":"YmFkPTEgcmVhZGVycj0wIHJlcG8=","description":"ble:LoRa-Chatter-1B44 44:1B:F6:8D:B7:A9","device_key":"ble-address:44:1b:f6:8d:b7:a9","kind":"rx","seq":245,"session":"s1","stream":"telemetry","text":"bad=1 readerr=0 repo","timestamp":1790237502.2809346}
2026-09-24T11:11:42.281+03:00 [RX telemetry] {"data_b64":"cnRzPTQgUT0zMyUgZHJvcHM9MCA=","description":"ble:LoRa-Chatter-1B44 44:1B:F6:8D:B7:A9","device_key":"ble-address:44:1b:f6:8d:b7:a9","kind":"rx","seq":246,"session":"s1","stream":"telemetry","text":"rts=4 Q=33% drops=0 ","timestamp":1790237502.2817729}
2026-09-24T11:11:42.283+03:00 [RX telemetry] {"data_b64":"ZmF0YWw9MAo=","description":"ble:LoRa-Chatter-1B44 44:1B:F6:8D:B7:A9","device_key":"ble-address:44:1b:f6:8d:b7:a9","kind":"rx","seq":247,"session":"s1","stream":"telemetry","text":"fatal=0\n","timestamp":1790237502.2837446}
2026-09-24T11:11:42.285+03:00 [RX telemetry] {"data_b64":"U0VTU0lPTiBDT1VSVEVTWSB3aW4=","description":"ble:LoRa-Chatter-1B44 44:1B:F6:8D:B7:A9","device_key":"ble-address:44:1b:f6:8d:b7:a9","kind":"rx","seq":248,"session":"s1","stream":"telemetry","text":"SESSION COURTESY win","timestamp":1790237502.2847724}
2026-09-24T11:11:42.285+03:00 [RX telemetry] {"data_b64":"ZG93PTkxMjNtcyBwZWVyX3JlbGU=","description":"ble:LoRa-Chatter-1B44 44:1B:F6:8D:B7:A9","device_key":"ble-address:44:1b:f6:8d:b7:a9","kind":"rx","seq":249,"session":"s1","stream":"telemetry","text":"dow=9123ms peer_rele","timestamp":1790237502.284862}
2026-09-24T11:11:42.285+03:00 [RX telemetry] {"data_b64":"YXNlPTAgZXhwaXJlZD0wIHlpZWw=","description":"ble:LoRa-Chatter-1B44 44:1B:F6:8D:B7:A9","device_key":"ble-address:44:1b:f6:8d:b7:a9","kind":"rx","seq":250,"session":"s1","stream":"telemetry","text":"ase=0 expired=0 yiel","timestamp":1790237502.2853425}
2026-09-24T11:11:42.286+03:00 [RX telemetry] {"data_b64":"ZGluZz0wCg==","description":"ble:LoRa-Chatter-1B44 44:1B:F6:8D:B7:A9","device_key":"ble-address:44:1b:f6:8d:b7:a9","kind":"rx","seq":251,"session":"s1","stream":"telemetry","text":"ding=0\n","timestamp":1790237502.2861998}
2026-09-24T11:11:42.287+03:00 [RX telemetry] {"data_b64":"U0VTU0lPTiBESU8wX1RYIGFmZmU=","description":"ble:LoRa-Chatter-1B44 44:1B:F6:8D:B7:A9","device_key":"ble-address:44:1b:f6:8d:b7:a9","kind":"rx","seq":252,"session":"s1","stream":"telemetry","text":"SESSION DIO0_TX affe","timestamp":1790237502.2871418}
2026-09-24T11:11:42.288+03:00 [RX telemetry] {"data_b64":"Y3RlZD0wLzEwIGVwaXNvZGVzPTA=","description":"ble:LoRa-Chatter-1B44 44:1B:F6:8D:B7:A9","device_key":"ble-address:44:1b:f6:8d:b7:a9","kind":"rx","seq":253,"session":"s1","stream":"telemetry","text":"cted=0/10 episodes=0","timestamp":1790237502.2878656}
2026-09-24T11:11:42.288+03:00 [RX telemetry] {"data_b64":"IGF2Z19hbGw9MC4wMCBhdmdfYWY=","description":"ble:LoRa-Chatter-1B44 44:1B:F6:8D:B7:A9","device_key":"ble-address:44:1b:f6:8d:b7:a9","kind":"rx","seq":254,"session":"s1","stream":"telemetry","text":" avg_all=0.00 avg_af","timestamp":1790237502.2879615}
2026-09-24T11:11:42.289+03:00 [RX telemetry] {"data_b64":"ZmVjdGVkPTAuMDAgaGlnaF9wb2w=","description":"ble:LoRa-Chatter-1B44 44:1B:F6:8D:B7:A9","device_key":"ble-address:44:1b:f6:8d:b7:a9","kind":"rx","seq":255,"session":"s1","stream":"telemetry","text":"fected=0.00 high_pol","timestamp":1790237502.2884405}
2026-09-24T11:11:42.289+03:00 [RX telemetry] {"data_b64":"bHM9MAo=","description":"ble:LoRa-Chatter-1B44 44:1B:F6:8D:B7:A9","device_key":"ble-address:44:1b:f6:8d:b7:a9","kind":"rx","seq":256,"session":"s1","stream":"telemetry","text":"ls=0\n","timestamp":1790237502.2886233}
2026-09-24T11:11:42.290+03:00 [RX telemetry] {"data_b64":"U0VTU0lPTiBSWF9QT0xMIHBvbGw=","description":"ble:LoRa-Chatter-1B44 44:1B:F6:8D:B7:A9","device_key":"ble-address:44:1b:f6:8d:b7:a9","kind":"rx","seq":257,"session":"s1","stream":"telemetry","text":"SESSION RX_POLL poll","timestamp":1790237502.290149}
2026-09-24T11:11:42.290+03:00 [RX telemetry] {"data_b64":"cz00ODQ1NDgxIHJ4ZG9uZT02IGk=","description":"ble:LoRa-Chatter-1B44 44:1B:F6:8D:B7:A9","device_key":"ble-address:44:1b:f6:8d:b7:a9","kind":"rx","seq":258,"session":"s1","stream":"telemetry","text":"s=4845481 rxdone=6 i","timestamp":1790237502.2902272}
2026-09-24T11:11:42.291+03:00 [RX telemetry] {"data_b64":"bnRlcnZhbD0xMDAwdXMgRElPMF8=","description":"ble:LoRa-Chatter-1B44 44:1B:F6:8D:B7:A9","device_key":"ble-address:44:1b:f6:8d:b7:a9","kind":"rx","seq":259,"session":"s1","stream":"telemetry","text":"nterval=1000us DIO0_","timestamp":1790237502.2915075}
2026-09-24T11:11:42.292+03:00 [RX telemetry] {"data_b64":"UlggZmFsc2VfaGlnaF9lcD0wIGg=","description":"ble:LoRa-Chatter-1B44 44:1B:F6:8D:B7:A9","device_key":"ble-address:44:1b:f6:8d:b7:a9","kind":"rx","seq":260,"session":"s1","stream":"telemetry","text":"RX false_high_ep=0 h","timestamp":1790237502.2917821}
2026-09-24T11:11:42.293+03:00 [RX telemetry] {"data_b64":"aWdoX3BvbGxzPTAgcnhkb25lX2w=","description":"ble:LoRa-Chatter-1B44 44:1B:F6:8D:B7:A9","device_key":"ble-address:44:1b:f6:8d:b7:a9","kind":"rx","seq":261,"session":"s1","stream":"telemetry","text":"igh_polls=0 rxdone_l","timestamp":1790237502.2925727}
2026-09-24T11:11:42.293+03:00 [RX telemetry] {"data_b64":"b3c9MSBpc3I9ZGlzYWJsZWQK","description":"ble:LoRa-Chatter-1B44 44:1B:F6:8D:B7:A9","device_key":"ble-address:44:1b:f6:8d:b7:a9","kind":"rx","seq":262,"session":"s1","stream":"telemetry","text":"ow=1 isr=disabled\n","timestamp":1790237502.292816}
2026-09-24T11:11:43.378+03:00 [RX telemetry] {"data_b64":"SEVBUlRCRUFUIFRJTUVPVVQgcmU=","description":"ble:LoRa-Chatter-72E0 E0:72:A1:D5:4C:15","device_key":"ble-address:e0:72:a1:d5:4c:15","kind":"rx","seq":242,"session":"s2","stream":"telemetry","text":"HEARTBEAT TIMEOUT re","timestamp":1790237503.377801}
2026-09-24T11:11:43.378+03:00 [RX telemetry] {"data_b64":"cXVlc3Q9Q0NFRC85IG91dGNvbWU=","description":"ble:LoRa-Chatter-72E0 E0:72:A1:D5:4C:15","device_key":"ble-address:e0:72:a1:d5:4c:15","kind":"rx","seq":243,"session":"s2","stream":"telemetry","text":"quest=CCED/9 outcome","timestamp":1790237503.3787231}
2026-09-24T11:11:43.383+03:00 [RX telemetry] {"data_b64":"PU5SUCBSUT0zOCBwZWVyX3E9a24=","description":"ble:LoRa-Chatter-72E0 E0:72:A1:D5:4C:15","device_key":"ble-address:e0:72:a1:d5:4c:15","kind":"rx","seq":244,"session":"s2","stream":"telemetry","text":"=NRP RQ=38 peer_q=kn","timestamp":1790237503.3796005}
2026-09-24T11:11:43.384+03:00 [RX telemetry] {"data_b64":"b3duIHJlY292ZXJ5PTEgaml0dGU=","description":"ble:LoRa-Chatter-72E0 E0:72:A1:D5:4C:15","device_key":"ble-address:e0:72:a1:d5:4c:15","kind":"rx","seq":245,"session":"s2","stream":"telemetry","text":"own recovery=1 jitte","timestamp":1790237503.3800871}
2026-09-24T11:11:43.384+03:00 [RX telemetry] {"data_b64":"cjw9MTE1Nm1zCg==","description":"ble:LoRa-Chatter-72E0 E0:72:A1:D5:4C:15","device_key":"ble-address:e0:72:a1:d5:4c:15","kind":"rx","seq":246,"session":"s2","stream":"telemetry","text":"r<=1156ms\n","timestamp":1790237503.3807018}
2026-09-24T11:11:43.400+03:00 [RX telemetry] {"data_b64":"SEVBUlRCRUFUIFRJTUVPVVQgcmU=","description":"ble:LoRa-Chatter-1B44 44:1B:F6:8D:B7:A9","device_key":"ble-address:44:1b:f6:8d:b7:a9","kind":"rx","seq":263,"session":"s1","stream":"telemetry","text":"HEARTBEAT TIMEOUT re","timestamp":1790237503.40071}
2026-09-24T11:11:43.401+03:00 [RX telemetry] {"data_b64":"cXVlc3Q9RTEzMC85IG91dGNvbWU=","description":"ble:LoRa-Chatter-1B44 44:1B:F6:8D:B7:A9","device_key":"ble-address:44:1b:f6:8d:b7:a9","kind":"rx","seq":264,"session":"s1","stream":"telemetry","text":"quest=E130/9 outcome","timestamp":1790237503.4014053}
2026-09-24T11:11:43.402+03:00 [RX telemetry] {"data_b64":"PU5SUCBSUT0yOSBwZWVyX3E9a24=","description":"ble:LoRa-Chatter-1B44 44:1B:F6:8D:B7:A9","device_key":"ble-address:44:1b:f6:8d:b7:a9","kind":"rx","seq":265,"session":"s1","stream":"telemetry","text":"=NRP RQ=29 peer_q=kn","timestamp":1790237503.4021566}
2026-09-24T11:11:43.403+03:00 [RX telemetry] {"data_b64":"b3duIHJlY292ZXJ5PTEgaml0dGU=","description":"ble:LoRa-Chatter-1B44 44:1B:F6:8D:B7:A9","device_key":"ble-address:44:1b:f6:8d:b7:a9","kind":"rx","seq":266,"session":"s1","stream":"telemetry","text":"own recovery=1 jitte","timestamp":1790237503.4028618}
2026-09-24T11:11:43.403+03:00 [RX telemetry] {"data_b64":"cjw9MTE1Nm1zCg==","description":"ble:LoRa-Chatter-1B44 44:1B:F6:8D:B7:A9","device_key":"ble-address:44:1b:f6:8d:b7:a9","kind":"rx","seq":267,"session":"s1","stream":"telemetry","text":"r<=1156ms\n","timestamp":1790237503.4035995}
2026-09-24T11:11:51.793+03:00 [RX telemetry] {"data_b64":"ClRYIEhFQVJUQkVBVCBQSU5HIHM=","description":"ble:LoRa-Chatter-72E0 E0:72:A1:D5:4C:15","device_key":"ble-address:e0:72:a1:d5:4c:15","kind":"rx","seq":247,"session":"s2","stream":"telemetry","text":"\nTX HEARTBEAT PING s","timestamp":1790237511.7928786}
2026-09-24T11:11:51.793+03:00 [RX telemetry] {"data_b64":"ZXE9MTAgZnJhbWU9MTJCIHJlYXM=","description":"ble:LoRa-Chatter-72E0 E0:72:A1:D5:4C:15","device_key":"ble-address:e0:72:a1:d5:4c:15","kind":"rx","seq":248,"session":"s2","stream":"telemetry","text":"eq=10 frame=12B reas","timestamp":1790237511.7936184}
2026-09-24T11:11:51.794+03:00 [RX telemetry] {"data_b64":"b249aWRsZSBPSyB0aW1lPTExNTY=","description":"ble:LoRa-Chatter-72E0 E0:72:A1:D5:4C:15","device_key":"ble-address:e0:72:a1:d5:4c:15","kind":"rx","seq":249,"session":"s2","stream":"telemetry","text":"on=idle OK time=1156","timestamp":1790237511.7946837}
2026-09-24T11:11:51.795+03:00 [RX telemetry] {"data_b64":"IG1zIHJlc3BvbnNlPD0yMDE5bXM=","description":"ble:LoRa-Chatter-72E0 E0:72:A1:D5:4C:15","device_key":"ble-address:e0:72:a1:d5:4c:15","kind":"rx","seq":250,"session":"s2","stream":"telemetry","text":" ms response<=2019ms","timestamp":1790237511.7954087}
2026-09-24T11:11:51.796+03:00 [RX telemetry] {"data_b64":"Cg==","description":"ble:LoRa-Chatter-72E0 E0:72:A1:D5:4C:15","device_key":"ble-address:e0:72:a1:d5:4c:15","kind":"rx","seq":251,"session":"s2","stream":"telemetry","text":"\n","timestamp":1790237511.79605}
2026-09-24T11:11:51.816+03:00 [RX telemetry] {"data_b64":"ClRYIEhFQVJUQkVBVCBQSU5HIHM=","description":"ble:LoRa-Chatter-1B44 44:1B:F6:8D:B7:A9","device_key":"ble-address:44:1b:f6:8d:b7:a9","kind":"rx","seq":268,"session":"s1","stream":"telemetry","text":"\nTX HEARTBEAT PING s","timestamp":1790237511.8157346}
2026-09-24T11:11:51.817+03:00 [RX telemetry] {"data_b64":"ZXE9MTAgZnJhbWU9MTJCIHJlYXM=","description":"ble:LoRa-Chatter-1B44 44:1B:F6:8D:B7:A9","device_key":"ble-address:44:1b:f6:8d:b7:a9","kind":"rx","seq":269,"session":"s1","stream":"telemetry","text":"eq=10 frame=12B reas","timestamp":1790237511.8166652}
2026-09-24T11:11:51.817+03:00 [RX telemetry] {"data_b64":"b249aWRsZSBPSyB0aW1lPTExNTc=","description":"ble:LoRa-Chatter-1B44 44:1B:F6:8D:B7:A9","device_key":"ble-address:44:1b:f6:8d:b7:a9","kind":"rx","seq":270,"session":"s1","stream":"telemetry","text":"on=idle OK time=1157","timestamp":1790237511.816982}
2026-09-24T11:11:51.818+03:00 [RX telemetry] {"data_b64":"IG1zIHJlc3BvbnNlPD0yMDE5bXM=","description":"ble:LoRa-Chatter-1B44 44:1B:F6:8D:B7:A9","device_key":"ble-address:44:1b:f6:8d:b7:a9","kind":"rx","seq":271,"session":"s1","stream":"telemetry","text":" ms response<=2019ms","timestamp":1790237511.8178487}
2026-09-24T11:11:51.818+03:00 [RX telemetry] {"data_b64":"Cg==","description":"ble:LoRa-Chatter-1B44 44:1B:F6:8D:B7:A9","device_key":"ble-address:44:1b:f6:8d:b7:a9","kind":"rx","seq":272,"session":"s1","stream":"telemetry","text":"\n","timestamp":1790237511.8185785}
2026-09-24T11:11:53.818+03:00 [RX telemetry] {"data_b64":"SEVBUlRCRUFUIFRJTUVPVVQgcmU=","description":"ble:LoRa-Chatter-72E0 E0:72:A1:D5:4C:15","device_key":"ble-address:e0:72:a1:d5:4c:15","kind":"rx","seq":252,"session":"s2","stream":"telemetry","text":"HEARTBEAT TIMEOUT re","timestamp":1790237513.8178158}
2026-09-24T11:11:53.818+03:00 [RX telemetry] {"data_b64":"cXVlc3Q9Q0NFRC8xMCBvdXRjb20=","description":"ble:LoRa-Chatter-72E0 E0:72:A1:D5:4C:15","device_key":"ble-address:e0:72:a1:d5:4c:15","kind":"rx","seq":253,"session":"s2","stream":"telemetry","text":"quest=CCED/10 outcom","timestamp":1790237513.8186743}
2026-09-24T11:11:53.819+03:00 [RX telemetry] {"data_b64":"ZT1OUlAgUlE9MzMgcGVlcl9xPWs=","description":"ble:LoRa-Chatter-72E0 E0:72:A1:D5:4C:15","device_key":"ble-address:e0:72:a1:d5:4c:15","kind":"rx","seq":254,"session":"s2","stream":"telemetry","text":"e=NRP RQ=33 peer_q=k","timestamp":1790237513.8195589}
2026-09-24T11:11:53.820+03:00 [RX telemetry] {"data_b64":"bm93biByZWNvdmVyeT0yIGppdHQ=","description":"ble:LoRa-Chatter-72E0 E0:72:A1:D5:4C:15","device_key":"ble-address:e0:72:a1:d5:4c:15","kind":"rx","seq":255,"session":"s2","stream":"telemetry","text":"nown recovery=2 jitt","timestamp":1790237513.8202314}
2026-09-24T11:11:53.821+03:00 [RX telemetry] {"data_b64":"ZXI8PTIzMTJtcwo=","description":"ble:LoRa-Chatter-72E0 E0:72:A1:D5:4C:15","device_key":"ble-address:e0:72:a1:d5:4c:15","kind":"rx","seq":256,"session":"s2","stream":"telemetry","text":"er<=2312ms\n","timestamp":1790237513.8209646}
2026-09-24T11:11:53.841+03:00 [RX telemetry] {"data_b64":"SEVBUlRCRUFUIFRJTUVPVVQgcmU=","description":"ble:LoRa-Chatter-1B44 44:1B:F6:8D:B7:A9","device_key":"ble-address:44:1b:f6:8d:b7:a9","kind":"rx","seq":273,"session":"s1","stream":"telemetry","text":"HEARTBEAT TIMEOUT re","timestamp":1790237513.8409472}
2026-09-24T11:11:53.841+03:00 [RX telemetry] {"data_b64":"cXVlc3Q9RTEzMC8xMCBvdXRjb20=","description":"ble:LoRa-Chatter-1B44 44:1B:F6:8D:B7:A9","device_key":"ble-address:44:1b:f6:8d:b7:a9","kind":"rx","seq":274,"session":"s1","stream":"telemetry","text":"quest=E130/10 outcom","timestamp":1790237513.8417115}
2026-09-24T11:11:53.842+03:00 [RX telemetry] {"data_b64":"ZT1OUlAgUlE9MjUgcGVlcl9xPWs=","description":"ble:LoRa-Chatter-1B44 44:1B:F6:8D:B7:A9","device_key":"ble-address:44:1b:f6:8d:b7:a9","kind":"rx","seq":275,"session":"s1","stream":"telemetry","text":"e=NRP RQ=25 peer_q=k","timestamp":1790237513.842397}
2026-09-24T11:11:53.843+03:00 [RX telemetry] {"data_b64":"bm93biByZWNvdmVyeT0yIGppdHQ=","description":"ble:LoRa-Chatter-1B44 44:1B:F6:8D:B7:A9","device_key":"ble-address:44:1b:f6:8d:b7:a9","kind":"rx","seq":276,"session":"s1","stream":"telemetry","text":"nown recovery=2 jitt","timestamp":1790237513.8430557}
2026-09-24T11:11:53.844+03:00 [RX telemetry] {"data_b64":"ZXI8PTIzMTJtcwo=","description":"ble:LoRa-Chatter-1B44 44:1B:F6:8D:B7:A9","device_key":"ble-address:44:1b:f6:8d:b7:a9","kind":"rx","seq":277,"session":"s1","stream":"telemetry","text":"er<=2312ms\n","timestamp":1790237513.843792}
2026-09-24T11:11:56.572+03:00 [AGENT REQUEST] {"id":33,"op":"observe","cursors":{"s1":223,"s2":227},"timeout_ms":30000}
2026-09-24T11:11:56.573+03:00 [AGENT RESPONSE] {"id":33,"ok":true,"result":{"cursors":{"s1":277,"s2":256},"lines":[{"seq_first":228,"seq_last":228,"session":"s2","stream":"telemetry","text":""},{"seq_first":228,"seq_last":231,"session":"s2","stream":"telemetry","text":"TX HEARTBEAT PING seq=8 frame=12B reason=idle OK time=1156 ms response<=2019ms"},{"seq_first":224,"seq_last":225,"session":"s1","stream":"telemetry","text":"PEER_REPORT our_seq=7 TX=-67/15 Q33"},{"seq_first":226,"seq_last":229,"session":"s1","stream":"telemetry","text":"RX HEARTBEAT PING session=CCED seq=8 frame=12B RX=-68/14 Q33"},{"seq_first":230,"seq_last":230,"session":"s1","stream":"telemetry","text":""},{"seq_first":230,"seq_last":233,"session":"s1","stream":"telemetry","text":"TX HEARTBEAT PONG seq=8 frame=16B request=CCED/8 OK time=1320 ms"},{"seq_first":232,"seq_last":233,"session":"s2","stream":"telemetry","text":"PEER_REPORT our_seq=8 TX=-68/14 Q33"},{"seq_first":234,"seq_last":237,"session":"s2","stream":"telemetry","text":"RX HEARTBEAT PONG request=CCED/8 frame=16B RX=-64/12 Q43 TX=-68/14 Q33"},{"seq_first":238,"seq_last":238,"session":"s2","stream":"telemetry","text":""},{"seq_first":238,"seq_last":241,"session":"s2","stream":"telemetry","text":"TX HEARTBEAT PING seq=9 frame=12B reason=idle OK time=1156 ms response<=2019ms"},{"seq_first":234,"seq_last":234,"session":"s1","stream":"telemetry","text":""},{"seq_first":234,"seq_last":237,"session":"s1","stream":"telemetry","text":"TX HEARTBEAT PING seq=9 frame=12B reason=idle OK time=1156 ms response<=2019ms"},{"seq_first":238,"seq_last":238,"session":"s1","stream":"telemetry","text":""},{"seq_first":238,"seq_last":247,"session":"s1","stream":"telemetry","text":"SESSION t=4860s TX ok=10 user=0 echo_req=0 echo_rep=0 hb=10(idle=7) err=0 started=10 RX ok=5 user=0 echo_req=0 echo_rep=0 hb=3 crc=0 hdr=0 bad=1 readerr=0 reports=4 Q=33% drops=0 fatal=0"},{"seq_first":248,"seq_last":251,"session":"s1","stream":"telemetry","text":"SESSION COURTESY window=9123ms peer_release=0 expired=0 yielding=0"},{"seq_first":252,"seq_last":256,"session":"s1","stream":"telemetry","text":"SESSION DIO0_TX affected=0/10 episodes=0 avg_all=0.00 avg_affected=0.00 high_polls=0"},{"seq_first":257,"seq_last":262,"session":"s1","stream":"telemetry","text":"SESSION RX_POLL polls=4845481 rxdone=6 interval=1000us DIO0_RX false_high_ep=0 high_polls=0 rxdone_low=1 isr=disabled"},{"seq_first":242,"seq_last":246,"session":"s2","stream":"telemetry","text":"HEARTBEAT TIMEOUT request=CCED/9 outcome=NRP RQ=38 peer_q=known recovery=1 jitter<=1156ms"},{"seq_first":263,"seq_last":267,"session":"s1","stream":"telemetry","text":"HEARTBEAT TIMEOUT request=E130/9 outcome=NRP RQ=29 peer_q=known recovery=1 jitter<=1156ms"},{"seq_first":247,"seq_last":247,"session":"s2","stream":"telemetry","text":""},{"seq_first":247,"seq_last":251,"session":"s2","stream":"telemetry","text":"TX HEARTBEAT PING seq=10 frame=12B reason=idle OK time=1156 ms response<=2019ms"},{"seq_first":268,"seq_last":268,"session":"s1","stream":"telemetry","text":""},{"seq_first":268,"seq_last":272,"session":"s1","stream":"telemetry","text":"TX HEARTBEAT PING seq=10 frame=12B reason=idle OK time=1157 ms response<=2019ms"},{"seq_first":252,"seq_last":256,"session":"s2","stream":"telemetry","text":"HEARTBEAT TIMEOUT request=CCED/10 outcome=NRP RQ=33 peer_q=known recovery=2 jitter<=2312ms"},{"seq_first":273,"seq_last":277,"session":"s1","stream":"telemetry","text":"HEARTBEAT TIMEOUT request=E130/10 outcome=NRP RQ=25 peer_q=known recovery=2 jitter<=2312ms"}],"timed_out":false}}
2026-09-24T11:12:01.693+03:00 [RX telemetry] {"data_b64":"ClRYIEhFQVJUQkVBVCBQSU5HIHM=","description":"ble:LoRa-Chatter-72E0 E0:72:A1:D5:4C:15","device_key":"ble-address:e0:72:a1:d5:4c:15","kind":"rx","seq":257,"session":"s2","stream":"telemetry","text":"\nTX HEARTBEAT PING s","timestamp":1790237521.6929047}
2026-09-24T11:12:01.693+03:00 [RX telemetry] {"data_b64":"ZXE9MTEgZnJhbWU9MTJCIHJlYXM=","description":"ble:LoRa-Chatter-72E0 E0:72:A1:D5:4C:15","device_key":"ble-address:e0:72:a1:d5:4c:15","kind":"rx","seq":258,"session":"s2","stream":"telemetry","text":"eq=11 frame=12B reas","timestamp":1790237521.6936462}
2026-09-24T11:12:01.694+03:00 [RX telemetry] {"data_b64":"b249aWRsZSBPSyB0aW1lPTExNTY=","description":"ble:LoRa-Chatter-72E0 E0:72:A1:D5:4C:15","device_key":"ble-address:e0:72:a1:d5:4c:15","kind":"rx","seq":259,"session":"s2","stream":"telemetry","text":"on=idle OK time=1156","timestamp":1790237521.6945245}
2026-09-24T11:12:01.695+03:00 [RX telemetry] {"data_b64":"IG1zIHJlc3BvbnNlPD0yMDE5bXM=","description":"ble:LoRa-Chatter-72E0 E0:72:A1:D5:4C:15","device_key":"ble-address:e0:72:a1:d5:4c:15","kind":"rx","seq":260,"session":"s2","stream":"telemetry","text":" ms response<=2019ms","timestamp":1790237521.695298}
2026-09-24T11:12:01.696+03:00 [RX telemetry] {"data_b64":"Cg==","description":"ble:LoRa-Chatter-72E0 E0:72:A1:D5:4C:15","device_key":"ble-address:e0:72:a1:d5:4c:15","kind":"rx","seq":261,"session":"s2","stream":"telemetry","text":"\n","timestamp":1790237521.696181}
2026-09-24T11:12:01.715+03:00 [RX telemetry] {"data_b64":"UEVFUl9SRVBPUlQgb3VyX3NlcT0=","description":"ble:LoRa-Chatter-1B44 44:1B:F6:8D:B7:A9","device_key":"ble-address:44:1b:f6:8d:b7:a9","kind":"rx","seq":278,"session":"s1","stream":"telemetry","text":"PEER_REPORT our_seq=","timestamp":1790237521.715713}
2026-09-24T11:12:01.716+03:00 [RX telemetry] {"data_b64":"OCBUWD0tNjQvMTIgUTMzCg==","description":"ble:LoRa-Chatter-1B44 44:1B:F6:8D:B7:A9","device_key":"ble-address:44:1b:f6:8d:b7:a9","kind":"rx","seq":279,"session":"s1","stream":"telemetry","text":"8 TX=-64/12 Q33\n","timestamp":1790237521.7164967}
2026-09-24T11:12:01.717+03:00 [RX telemetry] {"data_b64":"UlggSEVBUlRCRUFUIFBJTkcgc2U=","description":"ble:LoRa-Chatter-1B44 44:1B:F6:8D:B7:A9","device_key":"ble-address:44:1b:f6:8d:b7:a9","kind":"rx","seq":280,"session":"s1","stream":"telemetry","text":"RX HEARTBEAT PING se","timestamp":1790237521.7173145}
2026-09-24T11:12:01.718+03:00 [RX telemetry] {"data_b64":"c3Npb249Q0NFRCBzZXE9MTEgZnI=","description":"ble:LoRa-Chatter-1B44 44:1B:F6:8D:B7:A9","device_key":"ble-address:44:1b:f6:8d:b7:a9","kind":"rx","seq":281,"session":"s1","stream":"telemetry","text":"ssion=CCED seq=11 fr","timestamp":1790237521.718016}
2026-09-24T11:12:01.718+03:00 [RX telemetry] {"data_b64":"YW1lPTEyQiBSWD0tNjgvMTQgUTI=","description":"ble:LoRa-Chatter-1B44 44:1B:F6:8D:B7:A9","device_key":"ble-address:44:1b:f6:8d:b7:a9","kind":"rx","seq":282,"session":"s1","stream":"telemetry","text":"ame=12B RX=-68/14 Q2","timestamp":1790237521.7187412}
2026-09-24T11:12:01.720+03:00 [RX telemetry] {"data_b64":"NQo=","description":"ble:LoRa-Chatter-1B44 44:1B:F6:8D:B7:A9","device_key":"ble-address:44:1b:f6:8d:b7:a9","kind":"rx","seq":283,"session":"s1","stream":"telemetry","text":"5\n","timestamp":1790237521.7197962}
2026-09-24T11:12:03.247+03:00 [RX telemetry] {"data_b64":"ClRYIEhFQVJUQkVBVCBQT05HIHM=","description":"ble:LoRa-Chatter-1B44 44:1B:F6:8D:B7:A9","device_key":"ble-address:44:1b:f6:8d:b7:a9","kind":"rx","seq":284,"session":"s1","stream":"telemetry","text":"\nTX HEARTBEAT PONG s","timestamp":1790237523.2470038}
2026-09-24T11:12:03.248+03:00 [RX telemetry] {"data_b64":"ZXE9MTEgZnJhbWU9MTZCIHJlcXU=","description":"ble:LoRa-Chatter-1B44 44:1B:F6:8D:B7:A9","device_key":"ble-address:44:1b:f6:8d:b7:a9","kind":"rx","seq":285,"session":"s1","stream":"telemetry","text":"eq=11 frame=16B requ","timestamp":1790237523.2479537}
2026-09-24T11:12:03.248+03:00 [RX telemetry] {"data_b64":"ZXN0PUNDRUQvMTEgT0sgdGltZT0=","description":"ble:LoRa-Chatter-1B44 44:1B:F6:8D:B7:A9","device_key":"ble-address:44:1b:f6:8d:b7:a9","kind":"rx","seq":286,"session":"s1","stream":"telemetry","text":"est=CCED/11 OK time=","timestamp":1790237523.2484987}
2026-09-24T11:12:03.249+03:00 [RX telemetry] {"data_b64":"MTMyMCBtcwo=","description":"ble:LoRa-Chatter-1B44 44:1B:F6:8D:B7:A9","device_key":"ble-address:44:1b:f6:8d:b7:a9","kind":"rx","seq":287,"session":"s1","stream":"telemetry","text":"1320 ms\n","timestamp":1790237523.249432}
2026-09-24T11:12:03.268+03:00 [RX telemetry] {"data_b64":"UEVFUl9SRVBPUlQgb3VyX3NlcT0=","description":"ble:LoRa-Chatter-72E0 E0:72:A1:D5:4C:15","device_key":"ble-address:e0:72:a1:d5:4c:15","kind":"rx","seq":262,"session":"s2","stream":"telemetry","text":"PEER_REPORT our_seq=","timestamp":1790237523.2677593}
2026-09-24T11:12:03.268+03:00 [RX telemetry] {"data_b64":"MTEgVFg9LTY4LzE0IFEyNQo=","description":"ble:LoRa-Chatter-72E0 E0:72:A1:D5:4C:15","device_key":"ble-address:e0:72:a1:d5:4c:15","kind":"rx","seq":263,"session":"s2","stream":"telemetry","text":"11 TX=-68/14 Q25\n","timestamp":1790237523.2685344}
2026-09-24T11:12:03.269+03:00 [RX telemetry] {"data_b64":"UlggSEVBUlRCRUFUIFBPTkcgcmU=","description":"ble:LoRa-Chatter-72E0 E0:72:A1:D5:4C:15","device_key":"ble-address:e0:72:a1:d5:4c:15","kind":"rx","seq":264,"session":"s2","stream":"telemetry","text":"RX HEARTBEAT PONG re","timestamp":1790237523.2696865}
2026-09-24T11:12:03.270+03:00 [RX telemetry] {"data_b64":"cXVlc3Q9Q0NFRC8xMSBmcmFtZT0=","description":"ble:LoRa-Chatter-72E0 E0:72:A1:D5:4C:15","device_key":"ble-address:e0:72:a1:d5:4c:15","kind":"rx","seq":265,"session":"s2","stream":"telemetry","text":"quest=CCED/11 frame=","timestamp":1790237523.2704194}
2026-09-24T11:12:03.271+03:00 [RX telemetry] {"data_b64":"MTZCIFJYPS02NC8xMyBRNDAgVFg=","description":"ble:LoRa-Chatter-72E0 E0:72:A1:D5:4C:15","device_key":"ble-address:e0:72:a1:d5:4c:15","kind":"rx","seq":266,"session":"s2","stream":"telemetry","text":"16B RX=-64/13 Q40 TX","timestamp":1790237523.2711613}
2026-09-24T11:12:03.271+03:00 [RX telemetry] {"data_b64":"PS02OC8xNCBRMjUK","description":"ble:LoRa-Chatter-72E0 E0:72:A1:D5:4C:15","device_key":"ble-address:e0:72:a1:d5:4c:15","kind":"rx","seq":267,"session":"s2","stream":"telemetry","text":"=-68/14 Q25\n","timestamp":1790237523.2717965}
2026-09-24T11:12:11.728+03:00 [RX telemetry] {"data_b64":"ClRYIEhFQVJUQkVBVCBQSU5HIHM=","description":"ble:LoRa-Chatter-72E0 E0:72:A1:D5:4C:15","device_key":"ble-address:e0:72:a1:d5:4c:15","kind":"rx","seq":268,"session":"s2","stream":"telemetry","text":"\nTX HEARTBEAT PING s","timestamp":1790237531.7280183}
2026-09-24T11:12:11.729+03:00 [RX telemetry] {"data_b64":"ZXE9MTIgZnJhbWU9MTJCIHJlYXM=","description":"ble:LoRa-Chatter-72E0 E0:72:A1:D5:4C:15","device_key":"ble-address:e0:72:a1:d5:4c:15","kind":"rx","seq":269,"session":"s2","stream":"telemetry","text":"eq=12 frame=12B reas","timestamp":1790237531.7288837}
2026-09-24T11:12:11.729+03:00 [RX telemetry] {"data_b64":"b249aWRsZSBPSyB0aW1lPTExNTY=","description":"ble:LoRa-Chatter-72E0 E0:72:A1:D5:4C:15","device_key":"ble-address:e0:72:a1:d5:4c:15","kind":"rx","seq":270,"session":"s2","stream":"telemetry","text":"on=idle OK time=1156","timestamp":1790237531.7296681}
2026-09-24T11:12:11.730+03:00 [RX telemetry] {"data_b64":"IG1zIHJlc3BvbnNlPD0yMDE5bXM=","description":"ble:LoRa-Chatter-72E0 E0:72:A1:D5:4C:15","device_key":"ble-address:e0:72:a1:d5:4c:15","kind":"rx","seq":271,"session":"s2","stream":"telemetry","text":" ms response<=2019ms","timestamp":1790237531.7301157}
2026-09-24T11:12:11.731+03:00 [RX telemetry] {"data_b64":"Cg==","description":"ble:LoRa-Chatter-72E0 E0:72:A1:D5:4C:15","device_key":"ble-address:e0:72:a1:d5:4c:15","kind":"rx","seq":272,"session":"s2","stream":"telemetry","text":"\n","timestamp":1790237531.7308695}
2026-09-24T11:12:11.796+03:00 [RX telemetry] {"data_b64":"ClRYIEhFQVJUQkVBVCBQSU5HIHM=","description":"ble:LoRa-Chatter-1B44 44:1B:F6:8D:B7:A9","device_key":"ble-address:44:1b:f6:8d:b7:a9","kind":"rx","seq":288,"session":"s1","stream":"telemetry","text":"\nTX HEARTBEAT PING s","timestamp":1790237531.7957876}
2026-09-24T11:12:11.796+03:00 [RX telemetry] {"data_b64":"ZXE9MTIgZnJhbWU9MTJCIHJlYXM=","description":"ble:LoRa-Chatter-1B44 44:1B:F6:8D:B7:A9","device_key":"ble-address:44:1b:f6:8d:b7:a9","kind":"rx","seq":289,"session":"s1","stream":"telemetry","text":"eq=12 frame=12B reas","timestamp":1790237531.7965562}
2026-09-24T11:12:11.797+03:00 [RX telemetry] {"data_b64":"b249aWRsZSBPSyB0aW1lPTExNTc=","description":"ble:LoRa-Chatter-1B44 44:1B:F6:8D:B7:A9","device_key":"ble-address:44:1b:f6:8d:b7:a9","kind":"rx","seq":290,"session":"s1","stream":"telemetry","text":"on=idle OK time=1157","timestamp":1790237531.7972963}
2026-09-24T11:12:11.798+03:00 [RX telemetry] {"data_b64":"IG1zIHJlc3BvbnNlPD0yMDE5bXM=","description":"ble:LoRa-Chatter-1B44 44:1B:F6:8D:B7:A9","device_key":"ble-address:44:1b:f6:8d:b7:a9","kind":"rx","seq":291,"session":"s1","stream":"telemetry","text":" ms response<=2019ms","timestamp":1790237531.7979343}
2026-09-24T11:12:11.798+03:00 [RX telemetry] {"data_b64":"Cg==","description":"ble:LoRa-Chatter-1B44 44:1B:F6:8D:B7:A9","device_key":"ble-address:44:1b:f6:8d:b7:a9","kind":"rx","seq":292,"session":"s1","stream":"telemetry","text":"\n","timestamp":1790237531.798708}
2026-09-24T11:12:13.753+03:00 [RX telemetry] {"data_b64":"SEVBUlRCRUFUIFRJTUVPVVQgcmU=","description":"ble:LoRa-Chatter-72E0 E0:72:A1:D5:4C:15","device_key":"ble-address:e0:72:a1:d5:4c:15","kind":"rx","seq":273,"session":"s2","stream":"telemetry","text":"HEARTBEAT TIMEOUT re","timestamp":1790237533.7530987}
2026-09-24T11:12:13.754+03:00 [RX telemetry] {"data_b64":"cXVlc3Q9Q0NFRC8xMiBvdXRjb20=","description":"ble:LoRa-Chatter-72E0 E0:72:A1:D5:4C:15","device_key":"ble-address:e0:72:a1:d5:4c:15","kind":"rx","seq":274,"session":"s2","stream":"telemetry","text":"quest=CCED/12 outcom","timestamp":1790237533.7538426}
2026-09-24T11:12:13.754+03:00 [RX telemetry] {"data_b64":"ZT1OUlAgUlE9MzYgcGVlcl9xPWs=","description":"ble:LoRa-Chatter-72E0 E0:72:A1:D5:4C:15","device_key":"ble-address:e0:72:a1:d5:4c:15","kind":"rx","seq":275,"session":"s2","stream":"telemetry","text":"e=NRP RQ=36 peer_q=k","timestamp":1790237533.75424}
2026-09-24T11:12:13.755+03:00 [RX telemetry] {"data_b64":"bm93biByZWNvdmVyeT0xIGppdHQ=","description":"ble:LoRa-Chatter-72E0 E0:72:A1:D5:4C:15","device_key":"ble-address:e0:72:a1:d5:4c:15","kind":"rx","seq":276,"session":"s2","stream":"telemetry","text":"nown recovery=1 jitt","timestamp":1790237533.7552502}
2026-09-24T11:12:13.755+03:00 [RX telemetry] {"data_b64":"ZXI8PTExNTZtcwo=","description":"ble:LoRa-Chatter-72E0 E0:72:A1:D5:4C:15","device_key":"ble-address:e0:72:a1:d5:4c:15","kind":"rx","seq":277,"session":"s2","stream":"telemetry","text":"er<=1156ms\n","timestamp":1790237533.7557216}
2026-09-24T11:12:13.821+03:00 [RX telemetry] {"data_b64":"SEVBUlRCRUFUIFRJTUVPVVQgcmU=","description":"ble:LoRa-Chatter-1B44 44:1B:F6:8D:B7:A9","device_key":"ble-address:44:1b:f6:8d:b7:a9","kind":"rx","seq":293,"session":"s1","stream":"telemetry","text":"HEARTBEAT TIMEOUT re","timestamp":1790237533.8216357}
2026-09-24T11:12:13.822+03:00 [RX telemetry] {"data_b64":"cXVlc3Q9RTEzMC8xMiBvdXRjb20=","description":"ble:LoRa-Chatter-1B44 44:1B:F6:8D:B7:A9","device_key":"ble-address:44:1b:f6:8d:b7:a9","kind":"rx","seq":294,"session":"s1","stream":"telemetry","text":"quest=E130/12 outcom","timestamp":1790237533.8224363}
2026-09-24T11:12:13.823+03:00 [RX telemetry] {"data_b64":"ZT1OUlAgUlE9MjIgcGVlcl9xPWs=","description":"ble:LoRa-Chatter-1B44 44:1B:F6:8D:B7:A9","device_key":"ble-address:44:1b:f6:8d:b7:a9","kind":"rx","seq":295,"session":"s1","stream":"telemetry","text":"e=NRP RQ=22 peer_q=k","timestamp":1790237533.8231125}
2026-09-24T11:12:13.823+03:00 [RX telemetry] {"data_b64":"bm93biByZWNvdmVyeT0xIGppdHQ=","description":"ble:LoRa-Chatter-1B44 44:1B:F6:8D:B7:A9","device_key":"ble-address:44:1b:f6:8d:b7:a9","kind":"rx","seq":296,"session":"s1","stream":"telemetry","text":"nown recovery=1 jitt","timestamp":1790237533.8237453}
2026-09-24T11:12:13.824+03:00 [RX telemetry] {"data_b64":"ZXI8PTExNTZtcwo=","description":"ble:LoRa-Chatter-1B44 44:1B:F6:8D:B7:A9","device_key":"ble-address:44:1b:f6:8d:b7:a9","kind":"rx","seq":297,"session":"s1","stream":"telemetry","text":"er<=1156ms\n","timestamp":1790237533.8245442}
2026-09-24T11:12:22.011+03:00 [RX telemetry] {"data_b64":"ClRYIEhFQVJUQkVBVCBQSU5HIHM=","description":"ble:LoRa-Chatter-1B44 44:1B:F6:8D:B7:A9","device_key":"ble-address:44:1b:f6:8d:b7:a9","kind":"rx","seq":298,"session":"s1","stream":"telemetry","text":"\nTX HEARTBEAT PING s","timestamp":1790237542.0109327}
2026-09-24T11:12:22.012+03:00 [RX telemetry] {"data_b64":"ZXE9MTMgZnJhbWU9MTJCIHJlYXM=","description":"ble:LoRa-Chatter-1B44 44:1B:F6:8D:B7:A9","device_key":"ble-address:44:1b:f6:8d:b7:a9","kind":"rx","seq":299,"session":"s1","stream":"telemetry","text":"eq=13 frame=12B reas","timestamp":1790237542.0118778}
2026-09-24T11:12:22.013+03:00 [RX telemetry] {"data_b64":"b249aWRsZSBPSyB0aW1lPTExNTc=","description":"ble:LoRa-Chatter-1B44 44:1B:F6:8D:B7:A9","device_key":"ble-address:44:1b:f6:8d:b7:a9","kind":"rx","seq":300,"session":"s1","stream":"telemetry","text":"on=idle OK time=1157","timestamp":1790237542.012734}
2026-09-24T11:12:22.013+03:00 [RX telemetry] {"data_b64":"IG1zIHJlc3BvbnNlPD0yMDE5bXM=","description":"ble:LoRa-Chatter-1B44 44:1B:F6:8D:B7:A9","device_key":"ble-address:44:1b:f6:8d:b7:a9","kind":"rx","seq":301,"session":"s1","stream":"telemetry","text":" ms response<=2019ms","timestamp":1790237542.013453}
2026-09-24T11:12:22.014+03:00 [RX telemetry] {"data_b64":"Cg==","description":"ble:LoRa-Chatter-1B44 44:1B:F6:8D:B7:A9","device_key":"ble-address:44:1b:f6:8d:b7:a9","kind":"rx","seq":302,"session":"s1","stream":"telemetry","text":"\n","timestamp":1790237542.0142949}
2026-09-24T11:12:22.122+03:00 [RX telemetry] {"data_b64":"ClRYIEhFQVJUQkVBVCBQSU5HIHM=","description":"ble:LoRa-Chatter-72E0 E0:72:A1:D5:4C:15","device_key":"ble-address:e0:72:a1:d5:4c:15","kind":"rx","seq":278,"session":"s2","stream":"telemetry","text":"\nTX HEARTBEAT PING s","timestamp":1790237542.1226943}
2026-09-24T11:12:22.123+03:00 [RX telemetry] {"data_b64":"ZXE9MTMgZnJhbWU9MTJCIHJlYXM=","description":"ble:LoRa-Chatter-72E0 E0:72:A1:D5:4C:15","device_key":"ble-address:e0:72:a1:d5:4c:15","kind":"rx","seq":279,"session":"s2","stream":"telemetry","text":"eq=13 frame=12B reas","timestamp":1790237542.123546}
2026-09-24T11:12:22.124+03:00 [RX telemetry] {"data_b64":"b249aWRsZSBPSyB0aW1lPTExNTY=","description":"ble:LoRa-Chatter-72E0 E0:72:A1:D5:4C:15","device_key":"ble-address:e0:72:a1:d5:4c:15","kind":"rx","seq":280,"session":"s2","stream":"telemetry","text":"on=idle OK time=1156","timestamp":1790237542.1242883}
2026-09-24T11:12:22.125+03:00 [RX telemetry] {"data_b64":"IG1zIHJlc3BvbnNlPD0yMDE5bXM=","description":"ble:LoRa-Chatter-72E0 E0:72:A1:D5:4C:15","device_key":"ble-address:e0:72:a1:d5:4c:15","kind":"rx","seq":281,"session":"s2","stream":"telemetry","text":" ms response<=2019ms","timestamp":1790237542.1249745}
2026-09-24T11:12:22.125+03:00 [RX telemetry] {"data_b64":"Cg==","description":"ble:LoRa-Chatter-72E0 E0:72:A1:D5:4C:15","device_key":"ble-address:e0:72:a1:d5:4c:15","kind":"rx","seq":282,"session":"s2","stream":"telemetry","text":"\n","timestamp":1790237542.1257021}
2026-09-24T11:12:22.888+03:00 [RX telemetry] {"data_b64":"ClNFU1NJT04gdD00ODYwcyBUWCA=","description":"ble:LoRa-Chatter-72E0 E0:72:A1:D5:4C:15","device_key":"ble-address:e0:72:a1:d5:4c:15","kind":"rx","seq":283,"session":"s2","stream":"telemetry","text":"\nSESSION t=4860s TX ","timestamp":1790237542.8878953}
2026-09-24T11:12:22.888+03:00 [RX telemetry] {"data_b64":"b2s9MTQgdXNlcj0wIGVjaG9fcmU=","description":"ble:LoRa-Chatter-72E0 E0:72:A1:D5:4C:15","device_key":"ble-address:e0:72:a1:d5:4c:15","kind":"rx","seq":284,"session":"s2","stream":"telemetry","text":"ok=14 user=0 echo_re","timestamp":1790237542.8887634}
2026-09-24T11:12:22.889+03:00 [RX telemetry] {"data_b64":"cT0wIGVjaG9fcmVwPTAgaGI9MTQ=","description":"ble:LoRa-Chatter-72E0 E0:72:A1:D5:4C:15","device_key":"ble-address:e0:72:a1:d5:4c:15","kind":"rx","seq":285,"session":"s2","stream":"telemetry","text":"q=0 echo_rep=0 hb=14","timestamp":1790237542.8895156}
2026-09-24T11:12:22.890+03:00 [RX telemetry] {"data_b64":"KGlkbGU9MTIpIGVycj0wIHN0YXI=","description":"ble:LoRa-Chatter-72E0 E0:72:A1:D5:4C:15","device_key":"ble-address:e0:72:a1:d5:4c:15","kind":"rx","seq":286,"session":"s2","stream":"telemetry","text":"(idle=12) err=0 star","timestamp":1790237542.8902175}
2026-09-24T11:12:22.891+03:00 [RX telemetry] {"data_b64":"dGVkPTE0IFJYIG9rPTYgdXNlcj0=","description":"ble:LoRa-Chatter-72E0 E0:72:A1:D5:4C:15","device_key":"ble-address:e0:72:a1:d5:4c:15","kind":"rx","seq":287,"session":"s2","stream":"telemetry","text":"ted=14 RX ok=6 user=","timestamp":1790237542.8909779}
2026-09-24T11:12:22.891+03:00 [RX telemetry] {"data_b64":"MCBlY2hvX3JlcT0wIGVjaG9fcmU=","description":"ble:LoRa-Chatter-72E0 E0:72:A1:D5:4C:15","device_key":"ble-address:e0:72:a1:d5:4c:15","kind":"rx","seq":288,"session":"s2","stream":"telemetry","text":"0 echo_req=0 echo_re","timestamp":1790237542.8917568}
2026-09-24T11:12:22.892+03:00 [RX telemetry] {"data_b64":"cD0wIGhiPTIgY3JjPTAgaGRyPTA=","description":"ble:LoRa-Chatter-72E0 E0:72:A1:D5:4C:15","device_key":"ble-address:e0:72:a1:d5:4c:15","kind":"rx","seq":289,"session":"s2","stream":"telemetry","text":"p=0 hb=2 crc=0 hdr=0","timestamp":1790237542.8923843}
2026-09-24T11:12:22.893+03:00 [RX telemetry] {"data_b64":"IGJhZD0wIHJlYWRlcnI9MCByZXA=","description":"ble:LoRa-Chatter-72E0 E0:72:A1:D5:4C:15","device_key":"ble-address:e0:72:a1:d5:4c:15","kind":"rx","seq":290,"session":"s2","stream":"telemetry","text":" bad=0 readerr=0 rep","timestamp":1790237542.893041}
2026-09-24T11:12:22.893+03:00 [RX telemetry] {"data_b64":"b3J0cz02IFE9MzYlIGRyb3BzPTA=","description":"ble:LoRa-Chatter-72E0 E0:72:A1:D5:4C:15","device_key":"ble-address:e0:72:a1:d5:4c:15","kind":"rx","seq":291,"session":"s2","stream":"telemetry","text":"orts=6 Q=36% drops=0","timestamp":1790237542.8936665}
2026-09-24T11:12:22.894+03:00 [RX telemetry] {"data_b64":"IGZhdGFsPTAK","description":"ble:LoRa-Chatter-72E0 E0:72:A1:D5:4C:15","device_key":"ble-address:e0:72:a1:d5:4c:15","kind":"rx","seq":292,"session":"s2","stream":"telemetry","text":" fatal=0\n","timestamp":1790237542.8943877}
2026-09-24T11:12:22.895+03:00 [RX telemetry] {"data_b64":"U0VTU0lPTiBDT1VSVEVTWSB3aW4=","description":"ble:LoRa-Chatter-72E0 E0:72:A1:D5:4C:15","device_key":"ble-address:e0:72:a1:d5:4c:15","kind":"rx","seq":293,"session":"s2","stream":"telemetry","text":"SESSION COURTESY win","timestamp":1790237542.8950307}
2026-09-24T11:12:22.896+03:00 [RX telemetry] {"data_b64":"ZG93PTkxMjNtcyBwZWVyX3JlbGU=","description":"ble:LoRa-Chatter-72E0 E0:72:A1:D5:4C:15","device_key":"ble-address:e0:72:a1:d5:4c:15","kind":"rx","seq":294,"session":"s2","stream":"telemetry","text":"dow=9123ms peer_rele","timestamp":1790237542.8958354}
2026-09-24T11:12:22.896+03:00 [RX telemetry] {"data_b64":"YXNlPTAgZXhwaXJlZD0wIHlpZWw=","description":"ble:LoRa-Chatter-72E0 E0:72:A1:D5:4C:15","device_key":"ble-address:e0:72:a1:d5:4c:15","kind":"rx","seq":295,"session":"s2","stream":"telemetry","text":"ase=0 expired=0 yiel","timestamp":1790237542.8966212}
2026-09-24T11:12:22.897+03:00 [RX telemetry] {"data_b64":"ZGluZz0wCg==","description":"ble:LoRa-Chatter-72E0 E0:72:A1:D5:4C:15","device_key":"ble-address:e0:72:a1:d5:4c:15","kind":"rx","seq":296,"session":"s2","stream":"telemetry","text":"ding=0\n","timestamp":1790237542.8973348}
2026-09-24T11:12:22.898+03:00 [RX telemetry] {"data_b64":"U0VTU0lPTiBESU8wX1RYIGFmZmU=","description":"ble:LoRa-Chatter-72E0 E0:72:A1:D5:4C:15","device_key":"ble-address:e0:72:a1:d5:4c:15","kind":"rx","seq":297,"session":"s2","stream":"telemetry","text":"SESSION DIO0_TX affe","timestamp":1790237542.897969}
2026-09-24T11:12:22.932+03:00 [RX telemetry] {"data_b64":"Y3RlZD0wLzE0IGVwaXNvZGVzPTA=","description":"ble:LoRa-Chatter-72E0 E0:72:A1:D5:4C:15","device_key":"ble-address:e0:72:a1:d5:4c:15","kind":"rx","seq":298,"session":"s2","stream":"telemetry","text":"cted=0/14 episodes=0","timestamp":1790237542.932735}
2026-09-24T11:12:22.933+03:00 [RX telemetry] {"data_b64":"IGF2Z19hbGw9MC4wMCBhdmdfYWY=","description":"ble:LoRa-Chatter-72E0 E0:72:A1:D5:4C:15","device_key":"ble-address:e0:72:a1:d5:4c:15","kind":"rx","seq":299,"session":"s2","stream":"telemetry","text":" avg_all=0.00 avg_af","timestamp":1790237542.9335675}
2026-09-24T11:12:22.934+03:00 [RX telemetry] {"data_b64":"ZmVjdGVkPTAuMDAgaGlnaF9wb2w=","description":"ble:LoRa-Chatter-72E0 E0:72:A1:D5:4C:15","device_key":"ble-address:e0:72:a1:d5:4c:15","kind":"rx","seq":300,"session":"s2","stream":"telemetry","text":"fected=0.00 high_pol","timestamp":1790237542.934346}
2026-09-24T11:12:22.935+03:00 [RX telemetry] {"data_b64":"bHM9MAo=","description":"ble:LoRa-Chatter-72E0 E0:72:A1:D5:4C:15","device_key":"ble-address:e0:72:a1:d5:4c:15","kind":"rx","seq":301,"session":"s2","stream":"telemetry","text":"ls=0\n","timestamp":1790237542.9349809}
2026-09-24T11:12:22.935+03:00 [RX telemetry] {"data_b64":"U0VTU0lPTiBSWF9QT0xMIHBvbGw=","description":"ble:LoRa-Chatter-72E0 E0:72:A1:D5:4C:15","device_key":"ble-address:e0:72:a1:d5:4c:15","kind":"rx","seq":302,"session":"s2","stream":"telemetry","text":"SESSION RX_POLL poll","timestamp":1790237542.9357064}
2026-09-24T11:12:22.936+03:00 [RX telemetry] {"data_b64":"cz00ODE5MjAzIHJ4ZG9uZT02IGk=","description":"ble:LoRa-Chatter-72E0 E0:72:A1:D5:4C:15","device_key":"ble-address:e0:72:a1:d5:4c:15","kind":"rx","seq":303,"session":"s2","stream":"telemetry","text":"s=4819203 rxdone=6 i","timestamp":1790237542.936446}
2026-09-24T11:12:22.937+03:00 [RX telemetry] {"data_b64":"bnRlcnZhbD0xMDAwdXMgRElPMF8=","description":"ble:LoRa-Chatter-72E0 E0:72:A1:D5:4C:15","device_key":"ble-address:e0:72:a1:d5:4c:15","kind":"rx","seq":304,"session":"s2","stream":"telemetry","text":"nterval=1000us DIO0_","timestamp":1790237542.937212}
2026-09-24T11:12:22.938+03:00 [RX telemetry] {"data_b64":"UlggZmFsc2VfaGlnaF9lcD0wIGg=","description":"ble:LoRa-Chatter-72E0 E0:72:A1:D5:4C:15","device_key":"ble-address:e0:72:a1:d5:4c:15","kind":"rx","seq":305,"session":"s2","stream":"telemetry","text":"RX false_high_ep=0 h","timestamp":1790237542.9379392}
2026-09-24T11:12:22.938+03:00 [RX telemetry] {"data_b64":"aWdoX3BvbGxzPTAgcnhkb25lX2w=","description":"ble:LoRa-Chatter-72E0 E0:72:A1:D5:4C:15","device_key":"ble-address:e0:72:a1:d5:4c:15","kind":"rx","seq":306,"session":"s2","stream":"telemetry","text":"igh_polls=0 rxdone_l","timestamp":1790237542.9386234}
2026-09-24T11:12:22.939+03:00 [RX telemetry] {"data_b64":"b3c9MSBpc3I9ZGlzYWJsZWQK","description":"ble:LoRa-Chatter-72E0 E0:72:A1:D5:4C:15","device_key":"ble-address:e0:72:a1:d5:4c:15","kind":"rx","seq":307,"session":"s2","stream":"telemetry","text":"ow=1 isr=disabled\n","timestamp":1790237542.9395185}
2026-09-24T11:12:24.036+03:00 [RX telemetry] {"data_b64":"SEVBUlRCRUFUIFRJTUVPVVQgcmU=","description":"ble:LoRa-Chatter-1B44 44:1B:F6:8D:B7:A9","device_key":"ble-address:44:1b:f6:8d:b7:a9","kind":"rx","seq":303,"session":"s1","stream":"telemetry","text":"HEARTBEAT TIMEOUT re","timestamp":1790237544.0358205}
2026-09-24T11:12:24.036+03:00 [RX telemetry] {"data_b64":"cXVlc3Q9RTEzMC8xMyBvdXRjb20=","description":"ble:LoRa-Chatter-1B44 44:1B:F6:8D:B7:A9","device_key":"ble-address:44:1b:f6:8d:b7:a9","kind":"rx","seq":304,"session":"s1","stream":"telemetry","text":"quest=E130/13 outcom","timestamp":1790237544.0365014}
2026-09-24T11:12:24.037+03:00 [RX telemetry] {"data_b64":"ZT1OUlAgUlE9MjAgcGVlcl9xPWs=","description":"ble:LoRa-Chatter-1B44 44:1B:F6:8D:B7:A9","device_key":"ble-address:44:1b:f6:8d:b7:a9","kind":"rx","seq":305,"session":"s1","stream":"telemetry","text":"e=NRP RQ=20 peer_q=k","timestamp":1790237544.0372949}
2026-09-24T11:12:24.038+03:00 [RX telemetry] {"data_b64":"bm93biByZWNvdmVyeT0yIGppdHQ=","description":"ble:LoRa-Chatter-1B44 44:1B:F6:8D:B7:A9","device_key":"ble-address:44:1b:f6:8d:b7:a9","kind":"rx","seq":306,"session":"s1","stream":"telemetry","text":"nown recovery=2 jitt","timestamp":1790237544.0381005}
2026-09-24T11:12:24.039+03:00 [RX telemetry] {"data_b64":"ZXI8PTIzMTJtcwo=","description":"ble:LoRa-Chatter-1B44 44:1B:F6:8D:B7:A9","device_key":"ble-address:44:1b:f6:8d:b7:a9","kind":"rx","seq":307,"session":"s1","stream":"telemetry","text":"er<=2312ms\n","timestamp":1790237544.039023}
2026-09-24T11:12:24.148+03:00 [RX telemetry] {"data_b64":"SEVBUlRCRUFUIFRJTUVPVVQgcmU=","description":"ble:LoRa-Chatter-72E0 E0:72:A1:D5:4C:15","device_key":"ble-address:e0:72:a1:d5:4c:15","kind":"rx","seq":308,"session":"s2","stream":"telemetry","text":"HEARTBEAT TIMEOUT re","timestamp":1790237544.1476598}
2026-09-24T11:12:24.148+03:00 [RX telemetry] {"data_b64":"cXVlc3Q9Q0NFRC8xMyBvdXRjb20=","description":"ble:LoRa-Chatter-72E0 E0:72:A1:D5:4C:15","device_key":"ble-address:e0:72:a1:d5:4c:15","kind":"rx","seq":309,"session":"s2","stream":"telemetry","text":"quest=CCED/13 outcom","timestamp":1790237544.148561}
2026-09-24T11:12:24.149+03:00 [RX telemetry] {"data_b64":"ZT1OUlAgUlE9MzMgcGVlcl9xPWs=","description":"ble:LoRa-Chatter-72E0 E0:72:A1:D5:4C:15","device_key":"ble-address:e0:72:a1:d5:4c:15","kind":"rx","seq":310,"session":"s2","stream":"telemetry","text":"e=NRP RQ=33 peer_q=k","timestamp":1790237544.1491513}
2026-09-24T11:12:24.150+03:00 [RX telemetry] {"data_b64":"bm93biByZWNvdmVyeT0yIGppdHQ=","description":"ble:LoRa-Chatter-72E0 E0:72:A1:D5:4C:15","device_key":"ble-address:e0:72:a1:d5:4c:15","kind":"rx","seq":311,"session":"s2","stream":"telemetry","text":"nown recovery=2 jitt","timestamp":1790237544.1499116}
2026-09-24T11:12:24.150+03:00 [RX telemetry] {"data_b64":"ZXI8PTIzMTJtcwo=","description":"ble:LoRa-Chatter-72E0 E0:72:A1:D5:4C:15","device_key":"ble-address:e0:72:a1:d5:4c:15","kind":"rx","seq":312,"session":"s2","stream":"telemetry","text":"er<=2312ms\n","timestamp":1790237544.1507812}
2026-09-24T11:12:30.258+03:00 [AGENT REQUEST] {"id":34,"op":"observe","cursors":{"s1":277,"s2":256},"timeout_ms":30000}
2026-09-24T11:12:30.259+03:00 [AGENT RESPONSE] {"id":34,"ok":true,"result":{"cursors":{"s1":307,"s2":312},"lines":[{"seq_first":257,"seq_last":257,"session":"s2","stream":"telemetry","text":""},{"seq_first":257,"seq_last":261,"session":"s2","stream":"telemetry","text":"TX HEARTBEAT PING seq=11 frame=12B reason=idle OK time=1156 ms response<=2019ms"},{"seq_first":278,"seq_last":279,"session":"s1","stream":"telemetry","text":"PEER_REPORT our_seq=8 TX=-64/12 Q33"},{"seq_first":280,"seq_last":283,"session":"s1","stream":"telemetry","text":"RX HEARTBEAT PING session=CCED seq=11 frame=12B RX=-68/14 Q25"},{"seq_first":284,"seq_last":284,"session":"s1","stream":"telemetry","text":""},{"seq_first":284,"seq_last":287,"session":"s1","stream":"telemetry","text":"TX HEARTBEAT PONG seq=11 frame=16B request=CCED/11 OK time=1320 ms"},{"seq_first":262,"seq_last":263,"session":"s2","stream":"telemetry","text":"PEER_REPORT our_seq=11 TX=-68/14 Q25"},{"seq_first":264,"seq_last":267,"session":"s2","stream":"telemetry","text":"RX HEARTBEAT PONG request=CCED/11 frame=16B RX=-64/13 Q40 TX=-68/14 Q25"},{"seq_first":268,"seq_last":268,"session":"s2","stream":"telemetry","text":""},{"seq_first":268,"seq_last":272,"session":"s2","stream":"telemetry","text":"TX HEARTBEAT PING seq=12 frame=12B reason=idle OK time=1156 ms response<=2019ms"},{"seq_first":288,"seq_last":288,"session":"s1","stream":"telemetry","text":""},{"seq_first":288,"seq_last":292,"session":"s1","stream":"telemetry","text":"TX HEARTBEAT PING seq=12 frame=12B reason=idle OK time=1157 ms response<=2019ms"},{"seq_first":273,"seq_last":277,"session":"s2","stream":"telemetry","text":"HEARTBEAT TIMEOUT request=CCED/12 outcome=NRP RQ=36 peer_q=known recovery=1 jitter<=1156ms"},{"seq_first":293,"seq_last":297,"session":"s1","stream":"telemetry","text":"HEARTBEAT TIMEOUT request=E130/12 outcome=NRP RQ=22 peer_q=known recovery=1 jitter<=1156ms"},{"seq_first":298,"seq_last":298,"session":"s1","stream":"telemetry","text":""},{"seq_first":298,"seq_last":302,"session":"s1","stream":"telemetry","text":"TX HEARTBEAT PING seq=13 frame=12B reason=idle OK time=1157 ms response<=2019ms"},{"seq_first":278,"seq_last":278,"session":"s2","stream":"telemetry","text":""},{"seq_first":278,"seq_last":282,"session":"s2","stream":"telemetry","text":"TX HEARTBEAT PING seq=13 frame=12B reason=idle OK time=1156 ms response<=2019ms"},{"seq_first":283,"seq_last":283,"session":"s2","stream":"telemetry","text":""},{"seq_first":283,"seq_last":292,"session":"s2","stream":"telemetry","text":"SESSION t=4860s TX ok=14 user=0 echo_req=0 echo_rep=0 hb=14(idle=12) err=0 started=14 RX ok=6 user=0 echo_req=0 echo_rep=0 hb=2 crc=0 hdr=0 bad=0 readerr=0 reports=6 Q=36% drops=0 fatal=0"},{"seq_first":293,"seq_last":296,"session":"s2","stream":"telemetry","text":"SESSION COURTESY window=9123ms peer_release=0 expired=0 yielding=0"},{"seq_first":297,"seq_last":301,"session":"s2","stream":"telemetry","text":"SESSION DIO0_TX affected=0/14 episodes=0 avg_all=0.00 avg_affected=0.00 high_polls=0"},{"seq_first":302,"seq_last":307,"session":"s2","stream":"telemetry","text":"SESSION RX_POLL polls=4819203 rxdone=6 interval=1000us DIO0_RX false_high_ep=0 high_polls=0 rxdone_low=1 isr=disabled"},{"seq_first":303,"seq_last":307,"session":"s1","stream":"telemetry","text":"HEARTBEAT TIMEOUT request=E130/13 outcome=NRP RQ=20 peer_q=known recovery=2 jitter<=2312ms"},{"seq_first":308,"seq_last":312,"session":"s2","stream":"telemetry","text":"HEARTBEAT TIMEOUT request=CCED/13 outcome=NRP RQ=33 peer_q=known recovery=2 jitter<=2312ms"}],"timed_out":false}}
2026-09-24T11:12:32.473+03:00 [RX telemetry] {"data_b64":"ClRYIEhFQVJUQkVBVCBQSU5HIHM=","description":"ble:LoRa-Chatter-72E0 E0:72:A1:D5:4C:15","device_key":"ble-address:e0:72:a1:d5:4c:15","kind":"rx","seq":313,"session":"s2","stream":"telemetry","text":"\nTX HEARTBEAT PING s","timestamp":1790237552.4729085}
2026-09-24T11:12:32.474+03:00 [RX telemetry] {"data_b64":"ZXE9MTQgZnJhbWU9MTJCIHJlYXM=","description":"ble:LoRa-Chatter-72E0 E0:72:A1:D5:4C:15","device_key":"ble-address:e0:72:a1:d5:4c:15","kind":"rx","seq":314,"session":"s2","stream":"telemetry","text":"eq=14 frame=12B reas","timestamp":1790237552.4739091}
2026-09-24T11:12:32.474+03:00 [RX telemetry] {"data_b64":"b249aWRsZSBPSyB0aW1lPTExNTY=","description":"ble:LoRa-Chatter-72E0 E0:72:A1:D5:4C:15","device_key":"ble-address:e0:72:a1:d5:4c:15","kind":"rx","seq":315,"session":"s2","stream":"telemetry","text":"on=idle OK time=1156","timestamp":1790237552.4747436}
2026-09-24T11:12:32.475+03:00 [RX telemetry] {"data_b64":"IG1zIHJlc3BvbnNlPD0yMDE5bXM=","description":"ble:LoRa-Chatter-72E0 E0:72:A1:D5:4C:15","device_key":"ble-address:e0:72:a1:d5:4c:15","kind":"rx","seq":316,"session":"s2","stream":"telemetry","text":" ms response<=2019ms","timestamp":1790237552.475741}
2026-09-24T11:12:32.476+03:00 [RX telemetry] {"data_b64":"Cg==","description":"ble:LoRa-Chatter-72E0 E0:72:A1:D5:4C:15","device_key":"ble-address:e0:72:a1:d5:4c:15","kind":"rx","seq":317,"session":"s2","stream":"telemetry","text":"\n","timestamp":1790237552.476467}
2026-09-24T11:12:32.542+03:00 [RX telemetry] {"data_b64":"UEVFUl9SRVBPUlQgb3VyX3NlcT0=","description":"ble:LoRa-Chatter-1B44 44:1B:F6:8D:B7:A9","device_key":"ble-address:44:1b:f6:8d:b7:a9","kind":"rx","seq":308,"session":"s1","stream":"telemetry","text":"PEER_REPORT our_seq=","timestamp":1790237552.5417871}
2026-09-24T11:12:32.542+03:00 [RX telemetry] {"data_b64":"MTEgVFg9LTY0LzEzIFEzMwo=","description":"ble:LoRa-Chatter-1B44 44:1B:F6:8D:B7:A9","device_key":"ble-address:44:1b:f6:8d:b7:a9","kind":"rx","seq":309,"session":"s1","stream":"telemetry","text":"11 TX=-64/13 Q33\n","timestamp":1790237552.542424}
2026-09-24T11:12:32.543+03:00 [RX telemetry] {"data_b64":"UlggSEVBUlRCRUFUIFBJTkcgc2U=","description":"ble:LoRa-Chatter-1B44 44:1B:F6:8D:B7:A9","device_key":"ble-address:44:1b:f6:8d:b7:a9","kind":"rx","seq":310,"session":"s1","stream":"telemetry","text":"RX HEARTBEAT PING se","timestamp":1790237552.5432591}
2026-09-24T11:12:32.544+03:00 [RX telemetry] {"data_b64":"c3Npb249Q0NFRCBzZXE9MTQgZnI=","description":"ble:LoRa-Chatter-1B44 44:1B:F6:8D:B7:A9","device_key":"ble-address:44:1b:f6:8d:b7:a9","kind":"rx","seq":311,"session":"s1","stream":"telemetry","text":"ssion=CCED seq=14 fr","timestamp":1790237552.5439036}
2026-09-24T11:12:32.544+03:00 [RX telemetry] {"data_b64":"YW1lPTEyQiBSWD0tNjcvMTQgUTI=","description":"ble:LoRa-Chatter-1B44 44:1B:F6:8D:B7:A9","device_key":"ble-address:44:1b:f6:8d:b7:a9","kind":"rx","seq":312,"session":"s1","stream":"telemetry","text":"ame=12B RX=-67/14 Q2","timestamp":1790237552.5445397}
2026-09-24T11:12:32.545+03:00 [RX telemetry] {"data_b64":"MAo=","description":"ble:LoRa-Chatter-1B44 44:1B:F6:8D:B7:A9","device_key":"ble-address:44:1b:f6:8d:b7:a9","kind":"rx","seq":313,"session":"s1","stream":"telemetry","text":"0\n","timestamp":1790237552.5453146}
2026-09-24T11:12:34.027+03:00 [RX telemetry] {"data_b64":"ClRYIEhFQVJUQkVBVCBQT05HIHM=","description":"ble:LoRa-Chatter-1B44 44:1B:F6:8D:B7:A9","device_key":"ble-address:44:1b:f6:8d:b7:a9","kind":"rx","seq":314,"session":"s1","stream":"telemetry","text":"\nTX HEARTBEAT PONG s","timestamp":1790237554.0267663}
2026-09-24T11:12:34.027+03:00 [RX telemetry] {"data_b64":"ZXE9MTQgZnJhbWU9MTZCIHJlcXU=","description":"ble:LoRa-Chatter-1B44 44:1B:F6:8D:B7:A9","device_key":"ble-address:44:1b:f6:8d:b7:a9","kind":"rx","seq":315,"session":"s1","stream":"telemetry","text":"eq=14 frame=16B requ","timestamp":1790237554.027528}
2026-09-24T11:12:34.028+03:00 [RX telemetry] {"data_b64":"ZXN0PUNDRUQvMTQgT0sgdGltZT0=","description":"ble:LoRa-Chatter-1B44 44:1B:F6:8D:B7:A9","device_key":"ble-address:44:1b:f6:8d:b7:a9","kind":"rx","seq":316,"session":"s1","stream":"telemetry","text":"est=CCED/14 OK time=","timestamp":1790237554.0284631}
2026-09-24T11:12:34.029+03:00 [RX telemetry] {"data_b64":"MTMyMCBtcwo=","description":"ble:LoRa-Chatter-1B44 44:1B:F6:8D:B7:A9","device_key":"ble-address:44:1b:f6:8d:b7:a9","kind":"rx","seq":317,"session":"s1","stream":"telemetry","text":"1320 ms\n","timestamp":1790237554.0294662}
2026-09-24T11:12:34.093+03:00 [RX telemetry] {"data_b64":"UEVFUl9SRVBPUlQgb3VyX3NlcT0=","description":"ble:LoRa-Chatter-72E0 E0:72:A1:D5:4C:15","device_key":"ble-address:e0:72:a1:d5:4c:15","kind":"rx","seq":318,"session":"s2","stream":"telemetry","text":"PEER_REPORT our_seq=","timestamp":1790237554.0926876}
2026-09-24T11:12:34.094+03:00 [RX telemetry] {"data_b64":"MTQgVFg9LTY3LzE0IFEyMAo=","description":"ble:LoRa-Chatter-72E0 E0:72:A1:D5:4C:15","device_key":"ble-address:e0:72:a1:d5:4c:15","kind":"rx","seq":319,"session":"s2","stream":"telemetry","text":"14 TX=-67/14 Q20\n","timestamp":1790237554.093934}
2026-09-24T11:12:34.094+03:00 [RX telemetry] {"data_b64":"UlggSEVBUlRCRUFUIFBPTkcgcmU=","description":"ble:LoRa-Chatter-72E0 E0:72:A1:D5:4C:15","device_key":"ble-address:e0:72:a1:d5:4c:15","kind":"rx","seq":320,"session":"s2","stream":"telemetry","text":"RX HEARTBEAT PONG re","timestamp":1790237554.0940456}
2026-09-24T11:12:34.095+03:00 [RX telemetry] {"data_b64":"cXVlc3Q9Q0NFRC8xNCBmcmFtZT0=","description":"ble:LoRa-Chatter-72E0 E0:72:A1:D5:4C:15","device_key":"ble-address:e0:72:a1:d5:4c:15","kind":"rx","seq":321,"session":"s2","stream":"telemetry","text":"quest=CCED/14 frame=","timestamp":1790237554.0951235}
2026-09-24T11:12:34.095+03:00 [RX telemetry] {"data_b64":"MTZCIFJYPS02NC8xMiBRMzggVFg=","description":"ble:LoRa-Chatter-72E0 E0:72:A1:D5:4C:15","device_key":"ble-address:e0:72:a1:d5:4c:15","kind":"rx","seq":322,"session":"s2","stream":"telemetry","text":"16B RX=-64/12 Q38 TX","timestamp":1790237554.0952072}
2026-09-24T11:12:34.096+03:00 [RX telemetry] {"data_b64":"PS02Ny8xNCBRMjAK","description":"ble:LoRa-Chatter-72E0 E0:72:A1:D5:4C:15","device_key":"ble-address:e0:72:a1:d5:4c:15","kind":"rx","seq":323,"session":"s2","stream":"telemetry","text":"=-67/14 Q20\n","timestamp":1790237554.096169}
2026-09-24T11:12:42.306+03:00 [RX telemetry] {"data_b64":"ClNFU1NJT04gdD00OTIwcyBUWCA=","description":"ble:LoRa-Chatter-1B44 44:1B:F6:8D:B7:A9","device_key":"ble-address:44:1b:f6:8d:b7:a9","kind":"rx","seq":318,"session":"s1","stream":"telemetry","text":"\nSESSION t=4920s TX ","timestamp":1790237562.3066688}
2026-09-24T11:12:42.308+03:00 [RX telemetry] {"data_b64":"b2s9MTUgdXNlcj0wIGVjaG9fcmU=","description":"ble:LoRa-Chatter-1B44 44:1B:F6:8D:B7:A9","device_key":"ble-address:44:1b:f6:8d:b7:a9","kind":"rx","seq":319,"session":"s1","stream":"telemetry","text":"ok=15 user=0 echo_re","timestamp":1790237562.3078272}
2026-09-24T11:12:42.308+03:00 [RX telemetry] {"data_b64":"cT0wIGVjaG9fcmVwPTAgaGI9MTU=","description":"ble:LoRa-Chatter-1B44 44:1B:F6:8D:B7:A9","device_key":"ble-address:44:1b:f6:8d:b7:a9","kind":"rx","seq":320,"session":"s1","stream":"telemetry","text":"q=0 echo_rep=0 hb=15","timestamp":1790237562.307907}
2026-09-24T11:12:42.309+03:00 [RX telemetry] {"data_b64":"KGlkbGU9MTApIGVycj0wIHN0YXI=","description":"ble:LoRa-Chatter-1B44 44:1B:F6:8D:B7:A9","device_key":"ble-address:44:1b:f6:8d:b7:a9","kind":"rx","seq":321,"session":"s1","stream":"telemetry","text":"(idle=10) err=0 star","timestamp":1790237562.3087666}
2026-09-24T11:12:42.310+03:00 [RX telemetry] {"data_b64":"dGVkPTE1IFJYIG9rPTcgdXNlcj0=","description":"ble:LoRa-Chatter-1B44 44:1B:F6:8D:B7:A9","device_key":"ble-address:44:1b:f6:8d:b7:a9","kind":"rx","seq":322,"session":"s1","stream":"telemetry","text":"ted=15 RX ok=7 user=","timestamp":1790237562.3097913}
2026-09-24T11:12:42.310+03:00 [RX telemetry] {"data_b64":"MCBlY2hvX3JlcT0wIGVjaG9fcmU=","description":"ble:LoRa-Chatter-1B44 44:1B:F6:8D:B7:A9","device_key":"ble-address:44:1b:f6:8d:b7:a9","kind":"rx","seq":323,"session":"s1","stream":"telemetry","text":"0 echo_req=0 echo_re","timestamp":1790237562.3098674}
2026-09-24T11:12:42.311+03:00 [RX telemetry] {"data_b64":"cD0wIGhiPTUgY3JjPTAgaGRyPTA=","description":"ble:LoRa-Chatter-1B44 44:1B:F6:8D:B7:A9","device_key":"ble-address:44:1b:f6:8d:b7:a9","kind":"rx","seq":324,"session":"s1","stream":"telemetry","text":"p=0 hb=5 crc=0 hdr=0","timestamp":1790237562.3110666}
2026-09-24T11:12:42.311+03:00 [RX telemetry] {"data_b64":"IGJhZD0xIHJlYWRlcnI9MCByZXA=","description":"ble:LoRa-Chatter-1B44 44:1B:F6:8D:B7:A9","device_key":"ble-address:44:1b:f6:8d:b7:a9","kind":"rx","seq":325,"session":"s1","stream":"telemetry","text":" bad=1 readerr=0 rep","timestamp":1790237562.3111424}
2026-09-24T11:12:42.311+03:00 [RX telemetry] {"data_b64":"b3J0cz02IFE9MjAlIGRyb3BzPTA=","description":"ble:LoRa-Chatter-1B44 44:1B:F6:8D:B7:A9","device_key":"ble-address:44:1b:f6:8d:b7:a9","kind":"rx","seq":326,"session":"s1","stream":"telemetry","text":"orts=6 Q=20% drops=0","timestamp":1790237562.3117657}
2026-09-24T11:12:42.312+03:00 [RX telemetry] {"data_b64":"IGZhdGFsPTAK","description":"ble:LoRa-Chatter-1B44 44:1B:F6:8D:B7:A9","device_key":"ble-address:44:1b:f6:8d:b7:a9","kind":"rx","seq":327,"session":"s1","stream":"telemetry","text":" fatal=0\n","timestamp":1790237562.3123844}
2026-09-24T11:12:42.313+03:00 [RX telemetry] {"data_b64":"U0VTU0lPTiBDT1VSVEVTWSB3aW4=","description":"ble:LoRa-Chatter-1B44 44:1B:F6:8D:B7:A9","device_key":"ble-address:44:1b:f6:8d:b7:a9","kind":"rx","seq":328,"session":"s1","stream":"telemetry","text":"SESSION COURTESY win","timestamp":1790237562.3128994}
2026-09-24T11:12:42.313+03:00 [RX telemetry] {"data_b64":"ZG93PTkxMjNtcyBwZWVyX3JlbGU=","description":"ble:LoRa-Chatter-1B44 44:1B:F6:8D:B7:A9","device_key":"ble-address:44:1b:f6:8d:b7:a9","kind":"rx","seq":329,"session":"s1","stream":"telemetry","text":"dow=9123ms peer_rele","timestamp":1790237562.3133633}
2026-09-24T11:12:42.313+03:00 [RX telemetry] {"data_b64":"YXNlPTAgZXhwaXJlZD0wIHlpZWw=","description":"ble:LoRa-Chatter-1B44 44:1B:F6:8D:B7:A9","device_key":"ble-address:44:1b:f6:8d:b7:a9","kind":"rx","seq":330,"session":"s1","stream":"telemetry","text":"ase=0 expired=0 yiel","timestamp":1790237562.3138335}
2026-09-24T11:12:42.314+03:00 [RX telemetry] {"data_b64":"ZGluZz0wCg==","description":"ble:LoRa-Chatter-1B44 44:1B:F6:8D:B7:A9","device_key":"ble-address:44:1b:f6:8d:b7:a9","kind":"rx","seq":331,"session":"s1","stream":"telemetry","text":"ding=0\n","timestamp":1790237562.3145397}
2026-09-24T11:12:42.314+03:00 [RX telemetry] {"data_b64":"U0VTU0lPTiBESU8wX1RYIGFmZmU=","description":"ble:LoRa-Chatter-1B44 44:1B:F6:8D:B7:A9","device_key":"ble-address:44:1b:f6:8d:b7:a9","kind":"rx","seq":332,"session":"s1","stream":"telemetry","text":"SESSION DIO0_TX affe","timestamp":1790237562.3148582}
2026-09-24T11:12:42.315+03:00 [RX telemetry] {"data_b64":"Y3RlZD0wLzE1IGVwaXNvZGVzPTA=","description":"ble:LoRa-Chatter-1B44 44:1B:F6:8D:B7:A9","device_key":"ble-address:44:1b:f6:8d:b7:a9","kind":"rx","seq":333,"session":"s1","stream":"telemetry","text":"cted=0/15 episodes=0","timestamp":1790237562.3155718}
2026-09-24T11:12:42.316+03:00 [RX telemetry] {"data_b64":"IGF2Z19hbGw9MC4wMCBhdmdfYWY=","description":"ble:LoRa-Chatter-1B44 44:1B:F6:8D:B7:A9","device_key":"ble-address:44:1b:f6:8d:b7:a9","kind":"rx","seq":334,"session":"s1","stream":"telemetry","text":" avg_all=0.00 avg_af","timestamp":1790237562.3162656}
2026-09-24T11:12:42.316+03:00 [RX telemetry] {"data_b64":"ZmVjdGVkPTAuMDAgaGlnaF9wb2w=","description":"ble:LoRa-Chatter-1B44 44:1B:F6:8D:B7:A9","device_key":"ble-address:44:1b:f6:8d:b7:a9","kind":"rx","seq":335,"session":"s1","stream":"telemetry","text":"fected=0.00 high_pol","timestamp":1790237562.3167918}
2026-09-24T11:12:42.317+03:00 [RX telemetry] {"data_b64":"bHM9MAo=","description":"ble:LoRa-Chatter-1B44 44:1B:F6:8D:B7:A9","device_key":"ble-address:44:1b:f6:8d:b7:a9","kind":"rx","seq":336,"session":"s1","stream":"telemetry","text":"ls=0\n","timestamp":1790237562.317099}
2026-09-24T11:12:42.317+03:00 [RX telemetry] {"data_b64":"U0VTU0lPTiBSWF9QT0xMIHBvbGw=","description":"ble:LoRa-Chatter-1B44 44:1B:F6:8D:B7:A9","device_key":"ble-address:44:1b:f6:8d:b7:a9","kind":"rx","seq":337,"session":"s1","stream":"telemetry","text":"SESSION RX_POLL poll","timestamp":1790237562.3177133}
2026-09-24T11:12:42.318+03:00 [RX telemetry] {"data_b64":"cz00ODk5MDQzIHJ4ZG9uZT04IGk=","description":"ble:LoRa-Chatter-1B44 44:1B:F6:8D:B7:A9","device_key":"ble-address:44:1b:f6:8d:b7:a9","kind":"rx","seq":338,"session":"s1","stream":"telemetry","text":"s=4899043 rxdone=8 i","timestamp":1790237562.3184526}
2026-09-24T11:12:42.319+03:00 [RX telemetry] {"data_b64":"bnRlcnZhbD0xMDAwdXMgRElPMF8=","description":"ble:LoRa-Chatter-1B44 44:1B:F6:8D:B7:A9","device_key":"ble-address:44:1b:f6:8d:b7:a9","kind":"rx","seq":339,"session":"s1","stream":"telemetry","text":"nterval=1000us DIO0_","timestamp":1790237562.3189514}
2026-09-24T11:12:42.319+03:00 [RX telemetry] {"data_b64":"UlggZmFsc2VfaGlnaF9lcD0wIGg=","description":"ble:LoRa-Chatter-1B44 44:1B:F6:8D:B7:A9","device_key":"ble-address:44:1b:f6:8d:b7:a9","kind":"rx","seq":340,"session":"s1","stream":"telemetry","text":"RX false_high_ep=0 h","timestamp":1790237562.3195493}
2026-09-24T11:12:42.320+03:00 [RX telemetry] {"data_b64":"aWdoX3BvbGxzPTAgcnhkb25lX2w=","description":"ble:LoRa-Chatter-1B44 44:1B:F6:8D:B7:A9","device_key":"ble-address:44:1b:f6:8d:b7:a9","kind":"rx","seq":341,"session":"s1","stream":"telemetry","text":"igh_polls=0 rxdone_l","timestamp":1790237562.3207085}
2026-09-24T11:12:42.321+03:00 [RX telemetry] {"data_b64":"b3c9MSBpc3I9ZGlzYWJsZWQK","description":"ble:LoRa-Chatter-1B44 44:1B:F6:8D:B7:A9","device_key":"ble-address:44:1b:f6:8d:b7:a9","kind":"rx","seq":342,"session":"s1","stream":"telemetry","text":"ow=1 isr=disabled\n","timestamp":1790237562.321396}
2026-09-24T11:12:42.419+03:00 [RX telemetry] {"data_b64":"ClRYIEhFQVJUQkVBVCBQSU5HIHM=","description":"ble:LoRa-Chatter-72E0 E0:72:A1:D5:4C:15","device_key":"ble-address:e0:72:a1:d5:4c:15","kind":"rx","seq":324,"session":"s2","stream":"telemetry","text":"\nTX HEARTBEAT PING s","timestamp":1790237562.41883}
2026-09-24T11:12:42.419+03:00 [RX telemetry] {"data_b64":"ZXE9MTUgZnJhbWU9MTJCIHJlYXM=","description":"ble:LoRa-Chatter-72E0 E0:72:A1:D5:4C:15","device_key":"ble-address:e0:72:a1:d5:4c:15","kind":"rx","seq":325,"session":"s2","stream":"telemetry","text":"eq=15 frame=12B reas","timestamp":1790237562.419625}
2026-09-24T11:12:42.420+03:00 [RX telemetry] {"data_b64":"b249aWRsZSBPSyB0aW1lPTExNTY=","description":"ble:LoRa-Chatter-72E0 E0:72:A1:D5:4C:15","device_key":"ble-address:e0:72:a1:d5:4c:15","kind":"rx","seq":326,"session":"s2","stream":"telemetry","text":"on=idle OK time=1156","timestamp":1790237562.4201632}
2026-09-24T11:12:42.421+03:00 [RX telemetry] {"data_b64":"IG1zIHJlc3BvbnNlPD0yMDE5bXM=","description":"ble:LoRa-Chatter-72E0 E0:72:A1:D5:4C:15","device_key":"ble-address:e0:72:a1:d5:4c:15","kind":"rx","seq":327,"session":"s2","stream":"telemetry","text":" ms response<=2019ms","timestamp":1790237562.4207392}
2026-09-24T11:12:42.421+03:00 [RX telemetry] {"data_b64":"Cg==","description":"ble:LoRa-Chatter-72E0 E0:72:A1:D5:4C:15","device_key":"ble-address:e0:72:a1:d5:4c:15","kind":"rx","seq":328,"session":"s2","stream":"telemetry","text":"\n","timestamp":1790237562.4214914}
2026-09-24T11:12:42.441+03:00 [RX telemetry] {"data_b64":"UEVFUl9SRVBPUlQgb3VyX3NlcT0=","description":"ble:LoRa-Chatter-1B44 44:1B:F6:8D:B7:A9","device_key":"ble-address:44:1b:f6:8d:b7:a9","kind":"rx","seq":343,"session":"s1","stream":"telemetry","text":"PEER_REPORT our_seq=","timestamp":1790237562.4410715}
2026-09-24T11:12:42.441+03:00 [RX telemetry] {"data_b64":"MTQgVFg9LTY0LzEyIFEzOAo=","description":"ble:LoRa-Chatter-1B44 44:1B:F6:8D:B7:A9","device_key":"ble-address:44:1b:f6:8d:b7:a9","kind":"rx","seq":344,"session":"s1","stream":"telemetry","text":"14 TX=-64/12 Q38\n","timestamp":1790237562.4416842}
2026-09-24T11:12:42.442+03:00 [RX telemetry] {"data_b64":"UlggSEVBUlRCRUFUIFBJTkcgc2U=","description":"ble:LoRa-Chatter-1B44 44:1B:F6:8D:B7:A9","device_key":"ble-address:44:1b:f6:8d:b7:a9","kind":"rx","seq":345,"session":"s1","stream":"telemetry","text":"RX HEARTBEAT PING se","timestamp":1790237562.4422853}
2026-09-24T11:12:42.443+03:00 [RX telemetry] {"data_b64":"c3Npb249Q0NFRCBzZXE9MTUgZnI=","description":"ble:LoRa-Chatter-1B44 44:1B:F6:8D:B7:A9","device_key":"ble-address:44:1b:f6:8d:b7:a9","kind":"rx","seq":346,"session":"s1","stream":"telemetry","text":"ssion=CCED seq=15 fr","timestamp":1790237562.4428844}
2026-09-24T11:12:42.443+03:00 [RX telemetry] {"data_b64":"YW1lPTEyQiBSWD0tNjcvMTQgUTI=","description":"ble:LoRa-Chatter-1B44 44:1B:F6:8D:B7:A9","device_key":"ble-address:44:1b:f6:8d:b7:a9","kind":"rx","seq":347,"session":"s1","stream":"telemetry","text":"ame=12B RX=-67/14 Q2","timestamp":1790237562.4436495}
2026-09-24T11:12:42.444+03:00 [RX telemetry] {"data_b64":"MAo=","description":"ble:LoRa-Chatter-1B44 44:1B:F6:8D:B7:A9","device_key":"ble-address:44:1b:f6:8d:b7:a9","kind":"rx","seq":348,"session":"s1","stream":"telemetry","text":"0\n","timestamp":1790237562.4444005}
2026-09-24T11:12:43.971+03:00 [RX telemetry] {"data_b64":"ClRYIEhFQVJUQkVBVCBQT05HIHM=","description":"ble:LoRa-Chatter-1B44 44:1B:F6:8D:B7:A9","device_key":"ble-address:44:1b:f6:8d:b7:a9","kind":"rx","seq":349,"session":"s1","stream":"telemetry","text":"\nTX HEARTBEAT PONG s","timestamp":1790237563.971085}
2026-09-24T11:12:43.972+03:00 [RX telemetry] {"data_b64":"ZXE9MTUgZnJhbWU9MTZCIHJlcXU=","description":"ble:LoRa-Chatter-1B44 44:1B:F6:8D:B7:A9","device_key":"ble-address:44:1b:f6:8d:b7:a9","kind":"rx","seq":350,"session":"s1","stream":"telemetry","text":"eq=15 frame=16B requ","timestamp":1790237563.972164}
2026-09-24T11:12:43.972+03:00 [RX telemetry] {"data_b64":"ZXN0PUNDRUQvMTUgT0sgdGltZT0=","description":"ble:LoRa-Chatter-1B44 44:1B:F6:8D:B7:A9","device_key":"ble-address:44:1b:f6:8d:b7:a9","kind":"rx","seq":351,"session":"s1","stream":"telemetry","text":"est=CCED/15 OK time=","timestamp":1790237563.9722073}
2026-09-24T11:12:43.973+03:00 [RX telemetry] {"data_b64":"MTMyMCBtcwo=","description":"ble:LoRa-Chatter-1B44 44:1B:F6:8D:B7:A9","device_key":"ble-address:44:1b:f6:8d:b7:a9","kind":"rx","seq":352,"session":"s1","stream":"telemetry","text":"1320 ms\n","timestamp":1790237563.9730651}
2026-09-24T11:12:43.993+03:00 [RX telemetry] {"data_b64":"UEVFUl9SRVBPUlQgb3VyX3NlcT0=","description":"ble:LoRa-Chatter-72E0 E0:72:A1:D5:4C:15","device_key":"ble-address:e0:72:a1:d5:4c:15","kind":"rx","seq":329,"session":"s2","stream":"telemetry","text":"PEER_REPORT our_seq=","timestamp":1790237563.9927018}
2026-09-24T11:12:43.994+03:00 [RX telemetry] {"data_b64":"MTUgVFg9LTY3LzE0IFEyMAo=","description":"ble:LoRa-Chatter-72E0 E0:72:A1:D5:4C:15","device_key":"ble-address:e0:72:a1:d5:4c:15","kind":"rx","seq":330,"session":"s2","stream":"telemetry","text":"15 TX=-67/14 Q20\n","timestamp":1790237563.993768}
2026-09-24T11:12:43.994+03:00 [RX telemetry] {"data_b64":"UlggSEVBUlRCRUFUIFBPTkcgcmU=","description":"ble:LoRa-Chatter-72E0 E0:72:A1:D5:4C:15","device_key":"ble-address:e0:72:a1:d5:4c:15","kind":"rx","seq":331,"session":"s2","stream":"telemetry","text":"RX HEARTBEAT PONG re","timestamp":1790237563.9938602}
2026-09-24T11:12:43.997+03:00 [RX telemetry] {"data_b64":"cXVlc3Q9Q0NFRC8xNSBmcmFtZT0=","description":"ble:LoRa-Chatter-72E0 E0:72:A1:D5:4C:15","device_key":"ble-address:e0:72:a1:d5:4c:15","kind":"rx","seq":332,"session":"s2","stream":"telemetry","text":"quest=CCED/15 frame=","timestamp":1790237563.9967568}
2026-09-24T11:12:43.997+03:00 [RX telemetry] {"data_b64":"MTZCIFJYPS02NC8xMyBRNDMgVFg=","description":"ble:LoRa-Chatter-72E0 E0:72:A1:D5:4C:15","device_key":"ble-address:e0:72:a1:d5:4c:15","kind":"rx","seq":333,"session":"s2","stream":"telemetry","text":"16B RX=-64/13 Q43 TX","timestamp":1790237563.9975083}
2026-09-24T11:12:43.998+03:00 [RX telemetry] {"data_b64":"PS02Ny8xNCBRMjAK","description":"ble:LoRa-Chatter-72E0 E0:72:A1:D5:4C:15","device_key":"ble-address:e0:72:a1:d5:4c:15","kind":"rx","seq":334,"session":"s2","stream":"telemetry","text":"=-67/14 Q20\n","timestamp":1790237563.9983008}
2026-09-24T11:12:52.318+03:00 [RX telemetry] {"data_b64":"ClRYIEhFQVJUQkVBVCBQSU5HIHM=","description":"ble:LoRa-Chatter-72E0 E0:72:A1:D5:4C:15","device_key":"ble-address:e0:72:a1:d5:4c:15","kind":"rx","seq":335,"session":"s2","stream":"telemetry","text":"\nTX HEARTBEAT PING s","timestamp":1790237572.317961}
2026-09-24T11:12:52.319+03:00 [RX telemetry] {"data_b64":"ZXE9MTYgZnJhbWU9MTJCIHJlYXM=","description":"ble:LoRa-Chatter-72E0 E0:72:A1:D5:4C:15","device_key":"ble-address:e0:72:a1:d5:4c:15","kind":"rx","seq":336,"session":"s2","stream":"telemetry","text":"eq=16 frame=12B reas","timestamp":1790237572.3189576}
2026-09-24T11:12:52.319+03:00 [RX telemetry] {"data_b64":"b249aWRsZSBPSyB0aW1lPTExNTY=","description":"ble:LoRa-Chatter-72E0 E0:72:A1:D5:4C:15","device_key":"ble-address:e0:72:a1:d5:4c:15","kind":"rx","seq":337,"session":"s2","stream":"telemetry","text":"on=idle OK time=1156","timestamp":1790237572.3196332}
2026-09-24T11:12:52.320+03:00 [RX telemetry] {"data_b64":"IG1zIHJlc3BvbnNlPD0yMDE5bXM=","description":"ble:LoRa-Chatter-72E0 E0:72:A1:D5:4C:15","device_key":"ble-address:e0:72:a1:d5:4c:15","kind":"rx","seq":338,"session":"s2","stream":"telemetry","text":" ms response<=2019ms","timestamp":1790237572.3204951}
2026-09-24T11:12:52.321+03:00 [RX telemetry] {"data_b64":"Cg==","description":"ble:LoRa-Chatter-72E0 E0:72:A1:D5:4C:15","device_key":"ble-address:e0:72:a1:d5:4c:15","kind":"rx","seq":339,"session":"s2","stream":"telemetry","text":"\n","timestamp":1790237572.3213098}
2026-09-24T11:12:52.340+03:00 [RX telemetry] {"data_b64":"UEVFUl9SRVBPUlQgb3VyX3NlcT0=","description":"ble:LoRa-Chatter-1B44 44:1B:F6:8D:B7:A9","device_key":"ble-address:44:1b:f6:8d:b7:a9","kind":"rx","seq":353,"session":"s1","stream":"telemetry","text":"PEER_REPORT our_seq=","timestamp":1790237572.339749}
2026-09-24T11:12:52.340+03:00 [RX telemetry] {"data_b64":"MTUgVFg9LTY0LzEzIFE0Mwo=","description":"ble:LoRa-Chatter-1B44 44:1B:F6:8D:B7:A9","device_key":"ble-address:44:1b:f6:8d:b7:a9","kind":"rx","seq":354,"session":"s1","stream":"telemetry","text":"15 TX=-64/13 Q43\n","timestamp":1790237572.3405044}
2026-09-24T11:12:52.341+03:00 [RX telemetry] {"data_b64":"UlggSEVBUlRCRUFUIFBJTkcgc2U=","description":"ble:LoRa-Chatter-1B44 44:1B:F6:8D:B7:A9","device_key":"ble-address:44:1b:f6:8d:b7:a9","kind":"rx","seq":355,"session":"s1","stream":"telemetry","text":"RX HEARTBEAT PING se","timestamp":1790237572.341627}
2026-09-24T11:12:52.342+03:00 [RX telemetry] {"data_b64":"c3Npb249Q0NFRCBzZXE9MTYgZnI=","description":"ble:LoRa-Chatter-1B44 44:1B:F6:8D:B7:A9","device_key":"ble-address:44:1b:f6:8d:b7:a9","kind":"rx","seq":356,"session":"s1","stream":"telemetry","text":"ssion=CCED seq=16 fr","timestamp":1790237572.342468}
2026-09-24T11:12:52.343+03:00 [RX telemetry] {"data_b64":"YW1lPTEyQiBSWD0tNjcvMTQgUTI=","description":"ble:LoRa-Chatter-1B44 44:1B:F6:8D:B7:A9","device_key":"ble-address:44:1b:f6:8d:b7:a9","kind":"rx","seq":357,"session":"s1","stream":"telemetry","text":"ame=12B RX=-67/14 Q2","timestamp":1790237572.3429978}
2026-09-24T11:12:52.344+03:00 [RX telemetry] {"data_b64":"MAo=","description":"ble:LoRa-Chatter-1B44 44:1B:F6:8D:B7:A9","device_key":"ble-address:44:1b:f6:8d:b7:a9","kind":"rx","seq":358,"session":"s1","stream":"telemetry","text":"0\n","timestamp":1790237572.3446102}
2026-09-24T11:12:53.870+03:00 [RX telemetry] {"data_b64":"ClRYIEhFQVJUQkVBVCBQT05HIHM=","description":"ble:LoRa-Chatter-1B44 44:1B:F6:8D:B7:A9","device_key":"ble-address:44:1b:f6:8d:b7:a9","kind":"rx","seq":359,"session":"s1","stream":"telemetry","text":"\nTX HEARTBEAT PONG s","timestamp":1790237573.8699713}
2026-09-24T11:12:53.871+03:00 [RX telemetry] {"data_b64":"ZXE9MTYgZnJhbWU9MTZCIHJlcXU=","description":"ble:LoRa-Chatter-1B44 44:1B:F6:8D:B7:A9","device_key":"ble-address:44:1b:f6:8d:b7:a9","kind":"rx","seq":360,"session":"s1","stream":"telemetry","text":"eq=16 frame=16B requ","timestamp":1790237573.870889}
2026-09-24T11:12:53.871+03:00 [RX telemetry] {"data_b64":"ZXN0PUNDRUQvMTYgT0sgdGltZT0=","description":"ble:LoRa-Chatter-1B44 44:1B:F6:8D:B7:A9","device_key":"ble-address:44:1b:f6:8d:b7:a9","kind":"rx","seq":361,"session":"s1","stream":"telemetry","text":"est=CCED/16 OK time=","timestamp":1790237573.8714743}
2026-09-24T11:12:53.872+03:00 [RX telemetry] {"data_b64":"MTMyMCBtcwo=","description":"ble:LoRa-Chatter-1B44 44:1B:F6:8D:B7:A9","device_key":"ble-address:44:1b:f6:8d:b7:a9","kind":"rx","seq":362,"session":"s1","stream":"telemetry","text":"1320 ms\n","timestamp":1790237573.8722227}
2026-09-24T11:12:53.892+03:00 [RX telemetry] {"data_b64":"UEVFUl9SRVBPUlQgb3VyX3NlcT0=","description":"ble:LoRa-Chatter-72E0 E0:72:A1:D5:4C:15","device_key":"ble-address:e0:72:a1:d5:4c:15","kind":"rx","seq":340,"session":"s2","stream":"telemetry","text":"PEER_REPORT our_seq=","timestamp":1790237573.8927042}
2026-09-24T11:12:53.893+03:00 [RX telemetry] {"data_b64":"MTYgVFg9LTY3LzE0IFEyMAo=","description":"ble:LoRa-Chatter-72E0 E0:72:A1:D5:4C:15","device_key":"ble-address:e0:72:a1:d5:4c:15","kind":"rx","seq":341,"session":"s2","stream":"telemetry","text":"16 TX=-67/14 Q20\n","timestamp":1790237573.8934271}
2026-09-24T11:12:53.894+03:00 [RX telemetry] {"data_b64":"UlggSEVBUlRCRUFUIFBPTkcgcmU=","description":"ble:LoRa-Chatter-72E0 E0:72:A1:D5:4C:15","device_key":"ble-address:e0:72:a1:d5:4c:15","kind":"rx","seq":342,"session":"s2","stream":"telemetry","text":"RX HEARTBEAT PONG re","timestamp":1790237573.8942728}
2026-09-24T11:12:53.895+03:00 [RX telemetry] {"data_b64":"cXVlc3Q9Q0NFRC8xNiBmcmFtZT0=","description":"ble:LoRa-Chatter-72E0 E0:72:A1:D5:4C:15","device_key":"ble-address:e0:72:a1:d5:4c:15","kind":"rx","seq":343,"session":"s2","stream":"telemetry","text":"quest=CCED/16 frame=","timestamp":1790237573.8950336}
2026-09-24T11:12:53.895+03:00 [RX telemetry] {"data_b64":"MTZCIFJYPS02NC8xMyBRNDcgVFg=","description":"ble:LoRa-Chatter-72E0 E0:72:A1:D5:4C:15","device_key":"ble-address:e0:72:a1:d5:4c:15","kind":"rx","seq":344,"session":"s2","stream":"telemetry","text":"16B RX=-64/13 Q47 TX","timestamp":1790237573.895656}
2026-09-24T11:12:53.896+03:00 [RX telemetry] {"data_b64":"PS02Ny8xNCBRMjAK","description":"ble:LoRa-Chatter-72E0 E0:72:A1:D5:4C:15","device_key":"ble-address:e0:72:a1:d5:4c:15","kind":"rx","seq":345,"session":"s2","stream":"telemetry","text":"=-67/14 Q20\n","timestamp":1790237573.8964682}
2026-09-24T11:13:02.375+03:00 [RX telemetry] {"data_b64":"ClRYIEhFQVJUQkVBVCBQSU5HIHM=","description":"ble:LoRa-Chatter-1B44 44:1B:F6:8D:B7:A9","device_key":"ble-address:44:1b:f6:8d:b7:a9","kind":"rx","seq":363,"session":"s1","stream":"telemetry","text":"\nTX HEARTBEAT PING s","timestamp":1790237582.3751469}
2026-09-24T11:13:02.376+03:00 [RX telemetry] {"data_b64":"ZXE9MTcgZnJhbWU9MTJCIHJlYXM=","description":"ble:LoRa-Chatter-1B44 44:1B:F6:8D:B7:A9","device_key":"ble-address:44:1b:f6:8d:b7:a9","kind":"rx","seq":364,"session":"s1","stream":"telemetry","text":"eq=17 frame=12B reas","timestamp":1790237582.3760767}
2026-09-24T11:13:02.377+03:00 [RX telemetry] {"data_b64":"b249aWRsZSBPSyB0aW1lPTExNTc=","description":"ble:LoRa-Chatter-1B44 44:1B:F6:8D:B7:A9","device_key":"ble-address:44:1b:f6:8d:b7:a9","kind":"rx","seq":365,"session":"s1","stream":"telemetry","text":"on=idle OK time=1157","timestamp":1790237582.377173}
2026-09-24T11:13:02.378+03:00 [RX telemetry] {"data_b64":"IG1zIHJlc3BvbnNlPD0yMDE5bXM=","description":"ble:LoRa-Chatter-1B44 44:1B:F6:8D:B7:A9","device_key":"ble-address:44:1b:f6:8d:b7:a9","kind":"rx","seq":366,"session":"s1","stream":"telemetry","text":" ms response<=2019ms","timestamp":1790237582.3778265}
2026-09-24T11:13:02.378+03:00 [RX telemetry] {"data_b64":"Cg==","description":"ble:LoRa-Chatter-1B44 44:1B:F6:8D:B7:A9","device_key":"ble-address:44:1b:f6:8d:b7:a9","kind":"rx","seq":367,"session":"s1","stream":"telemetry","text":"\n","timestamp":1790237582.378684}
2026-09-24T11:13:02.443+03:00 [RX telemetry] {"data_b64":"ClRYIEhFQVJUQkVBVCBQSU5HIHM=","description":"ble:LoRa-Chatter-72E0 E0:72:A1:D5:4C:15","device_key":"ble-address:e0:72:a1:d5:4c:15","kind":"rx","seq":346,"session":"s2","stream":"telemetry","text":"\nTX HEARTBEAT PING s","timestamp":1790237582.442817}
2026-09-24T11:13:02.443+03:00 [RX telemetry] {"data_b64":"ZXE9MTcgZnJhbWU9MTJCIHJlYXM=","description":"ble:LoRa-Chatter-72E0 E0:72:A1:D5:4C:15","device_key":"ble-address:e0:72:a1:d5:4c:15","kind":"rx","seq":347,"session":"s2","stream":"telemetry","text":"eq=17 frame=12B reas","timestamp":1790237582.443507}
2026-09-24T11:13:02.444+03:00 [RX telemetry] {"data_b64":"b249aWRsZSBPSyB0aW1lPTExNTY=","description":"ble:LoRa-Chatter-72E0 E0:72:A1:D5:4C:15","device_key":"ble-address:e0:72:a1:d5:4c:15","kind":"rx","seq":348,"session":"s2","stream":"telemetry","text":"on=idle OK time=1156","timestamp":1790237582.44445}
2026-09-24T11:13:02.445+03:00 [RX telemetry] {"data_b64":"IG1zIHJlc3BvbnNlPD0yMDE5bXM=","description":"ble:LoRa-Chatter-72E0 E0:72:A1:D5:4C:15","device_key":"ble-address:e0:72:a1:d5:4c:15","kind":"rx","seq":349,"session":"s2","stream":"telemetry","text":" ms response<=2019ms","timestamp":1790237582.4451933}
2026-09-24T11:13:02.446+03:00 [RX telemetry] {"data_b64":"Cg==","description":"ble:LoRa-Chatter-72E0 E0:72:A1:D5:4C:15","device_key":"ble-address:e0:72:a1:d5:4c:15","kind":"rx","seq":350,"session":"s2","stream":"telemetry","text":"\n","timestamp":1790237582.4460652}
2026-09-24T11:13:02.924+03:00 [AGENT REQUEST] {"id":35,"op":"observe","cursors":{"s1":307,"s2":312},"timeout_ms":30000}
2026-09-24T11:13:02.926+03:00 [AGENT RESPONSE] {"id":35,"ok":true,"result":{"cursors":{"s1":367,"s2":350},"lines":[{"seq_first":313,"seq_last":313,"session":"s2","stream":"telemetry","text":""},{"seq_first":313,"seq_last":317,"session":"s2","stream":"telemetry","text":"TX HEARTBEAT PING seq=14 frame=12B reason=idle OK time=1156 ms response<=2019ms"},{"seq_first":308,"seq_last":309,"session":"s1","stream":"telemetry","text":"PEER_REPORT our_seq=11 TX=-64/13 Q33"},{"seq_first":310,"seq_last":313,"session":"s1","stream":"telemetry","text":"RX HEARTBEAT PING session=CCED seq=14 frame=12B RX=-67/14 Q20"},{"seq_first":314,"seq_last":314,"session":"s1","stream":"telemetry","text":""},{"seq_first":314,"seq_last":317,"session":"s1","stream":"telemetry","text":"TX HEARTBEAT PONG seq=14 frame=16B request=CCED/14 OK time=1320 ms"},{"seq_first":318,"seq_last":319,"session":"s2","stream":"telemetry","text":"PEER_REPORT our_seq=14 TX=-67/14 Q20"},{"seq_first":320,"seq_last":323,"session":"s2","stream":"telemetry","text":"RX HEARTBEAT PONG request=CCED/14 frame=16B RX=-64/12 Q38 TX=-67/14 Q20"},{"seq_first":318,"seq_last":318,"session":"s1","stream":"telemetry","text":""},{"seq_first":318,"seq_last":327,"session":"s1","stream":"telemetry","text":"SESSION t=4920s TX ok=15 user=0 echo_req=0 echo_rep=0 hb=15(idle=10) err=0 started=15 RX ok=7 user=0 echo_req=0 echo_rep=0 hb=5 crc=0 hdr=0 bad=1 readerr=0 reports=6 Q=20% drops=0 fatal=0"},{"seq_first":328,"seq_last":331,"session":"s1","stream":"telemetry","text":"SESSION COURTESY window=9123ms peer_release=0 expired=0 yielding=0"},{"seq_first":332,"seq_last":336,"session":"s1","stream":"telemetry","text":"SESSION DIO0_TX affected=0/15 episodes=0 avg_all=0.00 avg_affected=0.00 high_polls=0"},{"seq_first":337,"seq_last":342,"session":"s1","stream":"telemetry","text":"SESSION RX_POLL polls=4899043 rxdone=8 interval=1000us DIO0_RX false_high_ep=0 high_polls=0 rxdone_low=1 isr=disabled"},{"seq_first":324,"seq_last":324,"session":"s2","stream":"telemetry","text":""},{"seq_first":324,"seq_last":328,"session":"s2","stream":"telemetry","text":"TX HEARTBEAT PING seq=15 frame=12B reason=idle OK time=1156 ms response<=2019ms"},{"seq_first":343,"seq_last":344,"session":"s1","stream":"telemetry","text":"PEER_REPORT our_seq=14 TX=-64/12 Q38"},{"seq_first":345,"seq_last":348,"session":"s1","stream":"telemetry","text":"RX HEARTBEAT PING session=CCED seq=15 frame=12B RX=-67/14 Q20"},{"seq_first":349,"seq_last":349,"session":"s1","stream":"telemetry","text":""},{"seq_first":349,"seq_last":352,"session":"s1","stream":"telemetry","text":"TX HEARTBEAT PONG seq=15 frame=16B request=CCED/15 OK time=1320 ms"},{"seq_first":329,"seq_last":330,"session":"s2","stream":"telemetry","text":"PEER_REPORT our_seq=15 TX=-67/14 Q20"},{"seq_first":331,"seq_last":334,"session":"s2","stream":"telemetry","text":"RX HEARTBEAT PONG request=CCED/15 frame=16B RX=-64/13 Q43 TX=-67/14 Q20"},{"seq_first":335,"seq_last":335,"session":"s2","stream":"telemetry","text":""},{"seq_first":335,"seq_last":339,"session":"s2","stream":"telemetry","text":"TX HEARTBEAT PING seq=16 frame=12B reason=idle OK time=1156 ms response<=2019ms"},{"seq_first":353,"seq_last":354,"session":"s1","stream":"telemetry","text":"PEER_REPORT our_seq=15 TX=-64/13 Q43"},{"seq_first":355,"seq_last":358,"session":"s1","stream":"telemetry","text":"RX HEARTBEAT PING session=CCED seq=16 frame=12B RX=-67/14 Q20"},{"seq_first":359,"seq_last":359,"session":"s1","stream":"telemetry","text":""},{"seq_first":359,"seq_last":362,"session":"s1","stream":"telemetry","text":"TX HEARTBEAT PONG seq=16 frame=16B request=CCED/16 OK time=1320 ms"},{"seq_first":340,"seq_last":341,"session":"s2","stream":"telemetry","text":"PEER_REPORT our_seq=16 TX=-67/14 Q20"},{"seq_first":342,"seq_last":345,"session":"s2","stream":"telemetry","text":"RX HEARTBEAT PONG request=CCED/16 frame=16B RX=-64/13 Q47 TX=-67/14 Q20"},{"seq_first":363,"seq_last":363,"session":"s1","stream":"telemetry","text":""},{"seq_first":363,"seq_last":367,"session":"s1","stream":"telemetry","text":"TX HEARTBEAT PING seq=17 frame=12B reason=idle OK time=1157 ms response<=2019ms"},{"seq_first":346,"seq_last":346,"session":"s2","stream":"telemetry","text":""},{"seq_first":346,"seq_last":350,"session":"s2","stream":"telemetry","text":"TX HEARTBEAT PING seq=17 frame=12B reason=idle OK time=1156 ms response<=2019ms"}],"timed_out":false}}
2026-09-24T11:13:04.401+03:00 [RX telemetry] {"data_b64":"SEVBUlRCRUFUIFRJTUVPVVQgcmU=","description":"ble:LoRa-Chatter-1B44 44:1B:F6:8D:B7:A9","device_key":"ble-address:44:1b:f6:8d:b7:a9","kind":"rx","seq":368,"session":"s1","stream":"telemetry","text":"HEARTBEAT TIMEOUT re","timestamp":1790237584.4009824}
2026-09-24T11:13:04.402+03:00 [RX telemetry] {"data_b64":"cXVlc3Q9RTEzMC8xNyBvdXRjb20=","description":"ble:LoRa-Chatter-1B44 44:1B:F6:8D:B7:A9","device_key":"ble-address:44:1b:f6:8d:b7:a9","kind":"rx","seq":369,"session":"s1","stream":"telemetry","text":"quest=E130/17 outcom","timestamp":1790237584.401966}
2026-09-24T11:13:04.402+03:00 [RX telemetry] {"data_b64":"ZT1OUlAgUlE9MTggcGVlcl9xPWs=","description":"ble:LoRa-Chatter-1B44 44:1B:F6:8D:B7:A9","device_key":"ble-address:44:1b:f6:8d:b7:a9","kind":"rx","seq":370,"session":"s1","stream":"telemetry","text":"e=NRP RQ=18 peer_q=k","timestamp":1790237584.4022577}
2026-09-24T11:13:04.403+03:00 [RX telemetry] {"data_b64":"bm93biByZWNvdmVyeT0xIGppdHQ=","description":"ble:LoRa-Chatter-1B44 44:1B:F6:8D:B7:A9","device_key":"ble-address:44:1b:f6:8d:b7:a9","kind":"rx","seq":371,"session":"s1","stream":"telemetry","text":"nown recovery=1 jitt","timestamp":1790237584.4033961}
2026-09-24T11:13:04.404+03:00 [RX telemetry] {"data_b64":"ZXI8PTExNTZtcwo=","description":"ble:LoRa-Chatter-1B44 44:1B:F6:8D:B7:A9","device_key":"ble-address:44:1b:f6:8d:b7:a9","kind":"rx","seq":372,"session":"s1","stream":"telemetry","text":"er<=1156ms\n","timestamp":1790237584.4043295}
2026-09-24T11:13:04.467+03:00 [RX telemetry] {"data_b64":"SEVBUlRCRUFUIFRJTUVPVVQgcmU=","description":"ble:LoRa-Chatter-72E0 E0:72:A1:D5:4C:15","device_key":"ble-address:e0:72:a1:d5:4c:15","kind":"rx","seq":351,"session":"s2","stream":"telemetry","text":"HEARTBEAT TIMEOUT re","timestamp":1790237584.4676137}
2026-09-24T11:13:04.468+03:00 [RX telemetry] {"data_b64":"cXVlc3Q9Q0NFRC8xNyBvdXRjb20=","description":"ble:LoRa-Chatter-72E0 E0:72:A1:D5:4C:15","device_key":"ble-address:e0:72:a1:d5:4c:15","kind":"rx","seq":352,"session":"s2","stream":"telemetry","text":"quest=CCED/17 outcom","timestamp":1790237584.4683163}
2026-09-24T11:13:04.469+03:00 [RX telemetry] {"data_b64":"ZT1OUlAgUlE9NDQgcGVlcl9xPWs=","description":"ble:LoRa-Chatter-72E0 E0:72:A1:D5:4C:15","device_key":"ble-address:e0:72:a1:d5:4c:15","kind":"rx","seq":353,"session":"s2","stream":"telemetry","text":"e=NRP RQ=44 peer_q=k","timestamp":1790237584.4690247}
2026-09-24T11:13:04.470+03:00 [RX telemetry] {"data_b64":"bm93biByZWNvdmVyeT0xIGppdHQ=","description":"ble:LoRa-Chatter-72E0 E0:72:A1:D5:4C:15","device_key":"ble-address:e0:72:a1:d5:4c:15","kind":"rx","seq":354,"session":"s2","stream":"telemetry","text":"nown recovery=1 jitt","timestamp":1790237584.470458}
2026-09-24T11:13:04.471+03:00 [RX telemetry] {"data_b64":"ZXI8PTExNTZtcwo=","description":"ble:LoRa-Chatter-72E0 E0:72:A1:D5:4C:15","device_key":"ble-address:e0:72:a1:d5:4c:15","kind":"rx","seq":355,"session":"s2","stream":"telemetry","text":"er<=1156ms\n","timestamp":1790237584.4712389}
2026-09-24T11:13:12.410+03:00 [RX telemetry] {"data_b64":"ClRYIEhFQVJUQkVBVCBQSU5HIHM=","description":"ble:LoRa-Chatter-1B44 44:1B:F6:8D:B7:A9","device_key":"ble-address:44:1b:f6:8d:b7:a9","kind":"rx","seq":373,"session":"s1","stream":"telemetry","text":"\nTX HEARTBEAT PING s","timestamp":1790237592.4100554}
2026-09-24T11:13:12.411+03:00 [RX telemetry] {"data_b64":"ZXE9MTggZnJhbWU9MTJCIHJlYXM=","description":"ble:LoRa-Chatter-1B44 44:1B:F6:8D:B7:A9","device_key":"ble-address:44:1b:f6:8d:b7:a9","kind":"rx","seq":374,"session":"s1","stream":"telemetry","text":"eq=18 frame=12B reas","timestamp":1790237592.4108675}
2026-09-24T11:13:12.412+03:00 [RX telemetry] {"data_b64":"b249aWRsZSBPSyB0aW1lPTExNTc=","description":"ble:LoRa-Chatter-1B44 44:1B:F6:8D:B7:A9","device_key":"ble-address:44:1b:f6:8d:b7:a9","kind":"rx","seq":375,"session":"s1","stream":"telemetry","text":"on=idle OK time=1157","timestamp":1790237592.4118211}
2026-09-24T11:13:12.412+03:00 [RX telemetry] {"data_b64":"IG1zIHJlc3BvbnNlPD0yMDE5bXM=","description":"ble:LoRa-Chatter-1B44 44:1B:F6:8D:B7:A9","device_key":"ble-address:44:1b:f6:8d:b7:a9","kind":"rx","seq":376,"session":"s1","stream":"telemetry","text":" ms response<=2019ms","timestamp":1790237592.412549}
2026-09-24T11:13:12.413+03:00 [RX telemetry] {"data_b64":"Cg==","description":"ble:LoRa-Chatter-1B44 44:1B:F6:8D:B7:A9","device_key":"ble-address:44:1b:f6:8d:b7:a9","kind":"rx","seq":377,"session":"s1","stream":"telemetry","text":"\n","timestamp":1790237592.4130726}
2026-09-24T11:13:12.478+03:00 [RX telemetry] {"data_b64":"ClRYIEhFQVJUQkVBVCBQSU5HIHM=","description":"ble:LoRa-Chatter-72E0 E0:72:A1:D5:4C:15","device_key":"ble-address:e0:72:a1:d5:4c:15","kind":"rx","seq":356,"session":"s2","stream":"telemetry","text":"\nTX HEARTBEAT PING s","timestamp":1790237592.4781127}
2026-09-24T11:13:12.479+03:00 [RX telemetry] {"data_b64":"ZXE9MTggZnJhbWU9MTJCIHJlYXM=","description":"ble:LoRa-Chatter-72E0 E0:72:A1:D5:4C:15","device_key":"ble-address:e0:72:a1:d5:4c:15","kind":"rx","seq":357,"session":"s2","stream":"telemetry","text":"eq=18 frame=12B reas","timestamp":1790237592.4791825}
2026-09-24T11:13:12.480+03:00 [RX telemetry] {"data_b64":"b249aWRsZSBPSyB0aW1lPTExNTY=","description":"ble:LoRa-Chatter-72E0 E0:72:A1:D5:4C:15","device_key":"ble-address:e0:72:a1:d5:4c:15","kind":"rx","seq":358,"session":"s2","stream":"telemetry","text":"on=idle OK time=1156","timestamp":1790237592.4794798}
2026-09-24T11:13:12.480+03:00 [RX telemetry] {"data_b64":"IG1zIHJlc3BvbnNlPD0yMDE5bXM=","description":"ble:LoRa-Chatter-72E0 E0:72:A1:D5:4C:15","device_key":"ble-address:e0:72:a1:d5:4c:15","kind":"rx","seq":359,"session":"s2","stream":"telemetry","text":" ms response<=2019ms","timestamp":1790237592.4805734}
2026-09-24T11:13:12.481+03:00 [RX telemetry] {"data_b64":"Cg==","description":"ble:LoRa-Chatter-72E0 E0:72:A1:D5:4C:15","device_key":"ble-address:e0:72:a1:d5:4c:15","kind":"rx","seq":360,"session":"s2","stream":"telemetry","text":"\n","timestamp":1790237592.4814708}
2026-09-24T11:13:14.435+03:00 [RX telemetry] {"data_b64":"SEVBUlRCRUFUIFRJTUVPVVQgcmU=","description":"ble:LoRa-Chatter-1B44 44:1B:F6:8D:B7:A9","device_key":"ble-address:44:1b:f6:8d:b7:a9","kind":"rx","seq":378,"session":"s1","stream":"telemetry","text":"HEARTBEAT TIMEOUT re","timestamp":1790237594.4350445}
2026-09-24T11:13:14.436+03:00 [RX telemetry] {"data_b64":"cXVlc3Q9RTEzMC8xOCBvdXRjb20=","description":"ble:LoRa-Chatter-1B44 44:1B:F6:8D:B7:A9","device_key":"ble-address:44:1b:f6:8d:b7:a9","kind":"rx","seq":379,"session":"s1","stream":"telemetry","text":"quest=E130/18 outcom","timestamp":1790237594.4358764}
2026-09-24T11:13:14.436+03:00 [RX telemetry] {"data_b64":"ZT1OUlAgUlE9MTcgcGVlcl9xPWs=","description":"ble:LoRa-Chatter-1B44 44:1B:F6:8D:B7:A9","device_key":"ble-address:44:1b:f6:8d:b7:a9","kind":"rx","seq":380,"session":"s1","stream":"telemetry","text":"e=NRP RQ=17 peer_q=k","timestamp":1790237594.4365659}
2026-09-24T11:13:14.437+03:00 [RX telemetry] {"data_b64":"bm93biByZWNvdmVyeT0yIGppdHQ=","description":"ble:LoRa-Chatter-1B44 44:1B:F6:8D:B7:A9","device_key":"ble-address:44:1b:f6:8d:b7:a9","kind":"rx","seq":381,"session":"s1","stream":"telemetry","text":"nown recovery=2 jitt","timestamp":1790237594.4375522}
2026-09-24T11:13:14.438+03:00 [RX telemetry] {"data_b64":"ZXI8PTIzMTJtcwo=","description":"ble:LoRa-Chatter-1B44 44:1B:F6:8D:B7:A9","device_key":"ble-address:44:1b:f6:8d:b7:a9","kind":"rx","seq":382,"session":"s1","stream":"telemetry","text":"er<=2312ms\n","timestamp":1790237594.4382482}
2026-09-24T11:13:14.457+03:00 [RX telemetry] {"data_b64":"SEVBUlRCRUFUIFRJTUVPVVQgcmU=","description":"ble:LoRa-Chatter-72E0 E0:72:A1:D5:4C:15","device_key":"ble-address:e0:72:a1:d5:4c:15","kind":"rx","seq":361,"session":"s2","stream":"telemetry","text":"HEARTBEAT TIMEOUT re","timestamp":1790237594.4575212}
2026-09-24T11:13:14.458+03:00 [RX telemetry] {"data_b64":"cXVlc3Q9Q0NFRC8xOCBvdXRjb20=","description":"ble:LoRa-Chatter-72E0 E0:72:A1:D5:4C:15","device_key":"ble-address:e0:72:a1:d5:4c:15","kind":"rx","seq":362,"session":"s2","stream":"telemetry","text":"quest=CCED/18 outcom","timestamp":1790237594.4585397}
2026-09-24T11:13:14.459+03:00 [RX telemetry] {"data_b64":"ZT1OUlAgUlE9NDEgcGVlcl9xPWs=","description":"ble:LoRa-Chatter-72E0 E0:72:A1:D5:4C:15","device_key":"ble-address:e0:72:a1:d5:4c:15","kind":"rx","seq":363,"session":"s2","stream":"telemetry","text":"e=NRP RQ=41 peer_q=k","timestamp":1790237594.4594126}
2026-09-24T11:13:14.460+03:00 [RX telemetry] {"data_b64":"bm93biByZWNvdmVyeT0yIGppdHQ=","description":"ble:LoRa-Chatter-72E0 E0:72:A1:D5:4C:15","device_key":"ble-address:e0:72:a1:d5:4c:15","kind":"rx","seq":364,"session":"s2","stream":"telemetry","text":"nown recovery=2 jitt","timestamp":1790237594.4601645}
2026-09-24T11:13:14.461+03:00 [RX telemetry] {"data_b64":"ZXI8PTIzMTJtcwo=","description":"ble:LoRa-Chatter-72E0 E0:72:A1:D5:4C:15","device_key":"ble-address:e0:72:a1:d5:4c:15","kind":"rx","seq":365,"session":"s2","stream":"telemetry","text":"er<=2312ms\n","timestamp":1790237594.4610918}
2026-09-24T11:13:24.044+03:00 [RX telemetry] {"data_b64":"ClRYIEhFQVJUQkVBVCBQSU5HIHM=","description":"ble:LoRa-Chatter-72E0 E0:72:A1:D5:4C:15","device_key":"ble-address:e0:72:a1:d5:4c:15","kind":"rx","seq":366,"session":"s2","stream":"telemetry","text":"\nTX HEARTBEAT PING s","timestamp":1790237604.0444367}
2026-09-24T11:13:24.045+03:00 [RX telemetry] {"data_b64":"ZXE9MTkgZnJhbWU9MTJCIHJlYXM=","description":"ble:LoRa-Chatter-72E0 E0:72:A1:D5:4C:15","device_key":"ble-address:e0:72:a1:d5:4c:15","kind":"rx","seq":367,"session":"s2","stream":"telemetry","text":"eq=19 frame=12B reas","timestamp":1790237604.0455413}
2026-09-24T11:13:24.046+03:00 [RX telemetry] {"data_b64":"b249aWRsZSBPSyB0aW1lPTExNTY=","description":"ble:LoRa-Chatter-72E0 E0:72:A1:D5:4C:15","device_key":"ble-address:e0:72:a1:d5:4c:15","kind":"rx","seq":368,"session":"s2","stream":"telemetry","text":"on=idle OK time=1156","timestamp":1790237604.0456192}
2026-09-24T11:13:24.046+03:00 [RX telemetry] {"data_b64":"IG1zIHJlc3BvbnNlPD0yMDE5bXM=","description":"ble:LoRa-Chatter-72E0 E0:72:A1:D5:4C:15","device_key":"ble-address:e0:72:a1:d5:4c:15","kind":"rx","seq":369,"session":"s2","stream":"telemetry","text":" ms response<=2019ms","timestamp":1790237604.046623}
2026-09-24T11:13:24.047+03:00 [RX telemetry] {"data_b64":"Cg==","description":"ble:LoRa-Chatter-72E0 E0:72:A1:D5:4C:15","device_key":"ble-address:e0:72:a1:d5:4c:15","kind":"rx","seq":370,"session":"s2","stream":"telemetry","text":"\n","timestamp":1790237604.0473006}
2026-09-24T11:13:24.047+03:00 [RX telemetry] {"data_b64":"ClNFU1NJT04gdD00OTIxcyBUWCA=","description":"ble:LoRa-Chatter-72E0 E0:72:A1:D5:4C:15","device_key":"ble-address:e0:72:a1:d5:4c:15","kind":"rx","seq":371,"session":"s2","stream":"telemetry","text":"\nSESSION t=4921s TX ","timestamp":1790237604.0475283}
2026-09-24T11:13:24.048+03:00 [RX telemetry] {"data_b64":"b2s9MjAgdXNlcj0wIGVjaG9fcmU=","description":"ble:LoRa-Chatter-72E0 E0:72:A1:D5:4C:15","device_key":"ble-address:e0:72:a1:d5:4c:15","kind":"rx","seq":372,"session":"s2","stream":"telemetry","text":"ok=20 user=0 echo_re","timestamp":1790237604.0483494}
2026-09-24T11:13:24.049+03:00 [RX telemetry] {"data_b64":"cT0wIGVjaG9fcmVwPTAgaGI9MjA=","description":"ble:LoRa-Chatter-72E0 E0:72:A1:D5:4C:15","device_key":"ble-address:e0:72:a1:d5:4c:15","kind":"rx","seq":373,"session":"s2","stream":"telemetry","text":"q=0 echo_rep=0 hb=20","timestamp":1790237604.0490072}
2026-09-24T11:13:24.050+03:00 [RX telemetry] {"data_b64":"KGlkbGU9MTgpIGVycj0wIHN0YXI=","description":"ble:LoRa-Chatter-72E0 E0:72:A1:D5:4C:15","device_key":"ble-address:e0:72:a1:d5:4c:15","kind":"rx","seq":374,"session":"s2","stream":"telemetry","text":"(idle=18) err=0 star","timestamp":1790237604.050047}
2026-09-24T11:13:24.050+03:00 [RX telemetry] {"data_b64":"dGVkPTIwIFJYIG9rPTkgdXNlcj0=","description":"ble:LoRa-Chatter-72E0 E0:72:A1:D5:4C:15","device_key":"ble-address:e0:72:a1:d5:4c:15","kind":"rx","seq":375,"session":"s2","stream":"telemetry","text":"ted=20 RX ok=9 user=","timestamp":1790237604.050125}
2026-09-24T11:13:24.051+03:00 [RX telemetry] {"data_b64":"MCBlY2hvX3JlcT0wIGVjaG9fcmU=","description":"ble:LoRa-Chatter-72E0 E0:72:A1:D5:4C:15","device_key":"ble-address:e0:72:a1:d5:4c:15","kind":"rx","seq":376,"session":"s2","stream":"telemetry","text":"0 echo_req=0 echo_re","timestamp":1790237604.0513096}
2026-09-24T11:13:24.051+03:00 [RX telemetry] {"data_b64":"cD0wIGhiPTIgY3JjPTAgaGRyPTA=","description":"ble:LoRa-Chatter-72E0 E0:72:A1:D5:4C:15","device_key":"ble-address:e0:72:a1:d5:4c:15","kind":"rx","seq":377,"session":"s2","stream":"telemetry","text":"p=0 hb=2 crc=0 hdr=0","timestamp":1790237604.0514457}
2026-09-24T11:13:24.052+03:00 [RX telemetry] {"data_b64":"IGJhZD0wIHJlYWRlcnI9MCByZXA=","description":"ble:LoRa-Chatter-72E0 E0:72:A1:D5:4C:15","device_key":"ble-address:e0:72:a1:d5:4c:15","kind":"rx","seq":378,"session":"s2","stream":"telemetry","text":" bad=0 readerr=0 rep","timestamp":1790237604.0522394}
2026-09-24T11:13:24.053+03:00 [RX telemetry] {"data_b64":"b3J0cz05IFE9NDElIGRyb3BzPTA=","description":"ble:LoRa-Chatter-72E0 E0:72:A1:D5:4C:15","device_key":"ble-address:e0:72:a1:d5:4c:15","kind":"rx","seq":379,"session":"s2","stream":"telemetry","text":"orts=9 Q=41% drops=0","timestamp":1790237604.0530314}
2026-09-24T11:13:24.054+03:00 [RX telemetry] {"data_b64":"IGZhdGFsPTAK","description":"ble:LoRa-Chatter-72E0 E0:72:A1:D5:4C:15","device_key":"ble-address:e0:72:a1:d5:4c:15","kind":"rx","seq":380,"session":"s2","stream":"telemetry","text":" fatal=0\n","timestamp":1790237604.05313}
2026-09-24T11:13:24.054+03:00 [RX telemetry] {"data_b64":"U0VTU0lPTiBDT1VSVEVTWSB3aW4=","description":"ble:LoRa-Chatter-72E0 E0:72:A1:D5:4C:15","device_key":"ble-address:e0:72:a1:d5:4c:15","kind":"rx","seq":381,"session":"s2","stream":"telemetry","text":"SESSION COURTESY win","timestamp":1790237604.0538585}
2026-09-24T11:13:24.055+03:00 [RX telemetry] {"data_b64":"ZG93PTkxMjNtcyBwZWVyX3JlbGU=","description":"ble:LoRa-Chatter-72E0 E0:72:A1:D5:4C:15","device_key":"ble-address:e0:72:a1:d5:4c:15","kind":"rx","seq":382,"session":"s2","stream":"telemetry","text":"dow=9123ms peer_rele","timestamp":1790237604.0543091}
2026-09-24T11:13:24.055+03:00 [RX telemetry] {"data_b64":"YXNlPTAgZXhwaXJlZD0wIHlpZWw=","description":"ble:LoRa-Chatter-72E0 E0:72:A1:D5:4C:15","device_key":"ble-address:e0:72:a1:d5:4c:15","kind":"rx","seq":383,"session":"s2","stream":"telemetry","text":"ase=0 expired=0 yiel","timestamp":1790237604.0548296}
2026-09-24T11:13:24.056+03:00 [RX telemetry] {"data_b64":"ZGluZz0wCg==","description":"ble:LoRa-Chatter-72E0 E0:72:A1:D5:4C:15","device_key":"ble-address:e0:72:a1:d5:4c:15","kind":"rx","seq":384,"session":"s2","stream":"telemetry","text":"ding=0\n","timestamp":1790237604.0555887}
2026-09-24T11:13:24.056+03:00 [RX telemetry] {"data_b64":"U0VTU0lPTiBESU8wX1RYIGFmZmU=","description":"ble:LoRa-Chatter-72E0 E0:72:A1:D5:4C:15","device_key":"ble-address:e0:72:a1:d5:4c:15","kind":"rx","seq":385,"session":"s2","stream":"telemetry","text":"SESSION DIO0_TX affe","timestamp":1790237604.0565026}
2026-09-24T11:13:24.057+03:00 [RX telemetry] {"data_b64":"Y3RlZD0wLzIwIGVwaXNvZGVzPTA=","description":"ble:LoRa-Chatter-72E0 E0:72:A1:D5:4C:15","device_key":"ble-address:e0:72:a1:d5:4c:15","kind":"rx","seq":386,"session":"s2","stream":"telemetry","text":"cted=0/20 episodes=0","timestamp":1790237604.0573015}
2026-09-24T11:13:24.058+03:00 [RX telemetry] {"data_b64":"IGF2Z19hbGw9MC4wMCBhdmdfYWY=","description":"ble:LoRa-Chatter-72E0 E0:72:A1:D5:4C:15","device_key":"ble-address:e0:72:a1:d5:4c:15","kind":"rx","seq":387,"session":"s2","stream":"telemetry","text":" avg_all=0.00 avg_af","timestamp":1790237604.0574162}
2026-09-24T11:13:24.058+03:00 [RX telemetry] {"data_b64":"ZmVjdGVkPTAuMDAgaGlnaF9wb2w=","description":"ble:LoRa-Chatter-72E0 E0:72:A1:D5:4C:15","device_key":"ble-address:e0:72:a1:d5:4c:15","kind":"rx","seq":388,"session":"s2","stream":"telemetry","text":"fected=0.00 high_pol","timestamp":1790237604.057865}
2026-09-24T11:13:24.059+03:00 [RX telemetry] {"data_b64":"bHM9MAo=","description":"ble:LoRa-Chatter-72E0 E0:72:A1:D5:4C:15","device_key":"ble-address:e0:72:a1:d5:4c:15","kind":"rx","seq":389,"session":"s2","stream":"telemetry","text":"ls=0\n","timestamp":1790237604.058305}
2026-09-24T11:13:24.059+03:00 [RX telemetry] {"data_b64":"U0VTU0lPTiBSWF9QT0xMIHBvbGw=","description":"ble:LoRa-Chatter-72E0 E0:72:A1:D5:4C:15","device_key":"ble-address:e0:72:a1:d5:4c:15","kind":"rx","seq":390,"session":"s2","stream":"telemetry","text":"SESSION RX_POLL poll","timestamp":1790237604.0588417}
2026-09-24T11:13:24.059+03:00 [RX telemetry] {"data_b64":"cz00ODczMDU2IHJ4ZG9uZT05IGk=","description":"ble:LoRa-Chatter-72E0 E0:72:A1:D5:4C:15","device_key":"ble-address:e0:72:a1:d5:4c:15","kind":"rx","seq":391,"session":"s2","stream":"telemetry","text":"s=4873056 rxdone=9 i","timestamp":1790237604.0596526}
2026-09-24T11:13:24.060+03:00 [RX telemetry] {"data_b64":"bnRlcnZhbD0xMDAwdXMgRElPMF8=","description":"ble:LoRa-Chatter-72E0 E0:72:A1:D5:4C:15","device_key":"ble-address:e0:72:a1:d5:4c:15","kind":"rx","seq":392,"session":"s2","stream":"telemetry","text":"nterval=1000us DIO0_","timestamp":1790237604.0603328}
2026-09-24T11:13:24.061+03:00 [RX telemetry] {"data_b64":"UlggZmFsc2VfaGlnaF9lcD0wIGg=","description":"ble:LoRa-Chatter-72E0 E0:72:A1:D5:4C:15","device_key":"ble-address:e0:72:a1:d5:4c:15","kind":"rx","seq":393,"session":"s2","stream":"telemetry","text":"RX false_high_ep=0 h","timestamp":1790237604.0604644}
2026-09-24T11:13:24.061+03:00 [RX telemetry] {"data_b64":"aWdoX3BvbGxzPTAgcnhkb25lX2w=","description":"ble:LoRa-Chatter-72E0 E0:72:A1:D5:4C:15","device_key":"ble-address:e0:72:a1:d5:4c:15","kind":"rx","seq":394,"session":"s2","stream":"telemetry","text":"igh_polls=0 rxdone_l","timestamp":1790237604.0612245}
2026-09-24T11:13:24.067+03:00 [RX telemetry] {"data_b64":"UEVFUl9SRVBPUlQgb3VyX3NlcT0=","description":"ble:LoRa-Chatter-1B44 44:1B:F6:8D:B7:A9","device_key":"ble-address:44:1b:f6:8d:b7:a9","kind":"rx","seq":383,"session":"s1","stream":"telemetry","text":"PEER_REPORT our_seq=","timestamp":1790237604.0675657}
2026-09-24T11:13:24.068+03:00 [RX telemetry] {"data_b64":"MTYgVFg9LTY0LzEzIFE0MQo=","description":"ble:LoRa-Chatter-1B44 44:1B:F6:8D:B7:A9","device_key":"ble-address:44:1b:f6:8d:b7:a9","kind":"rx","seq":384,"session":"s1","stream":"telemetry","text":"16 TX=-64/13 Q41\n","timestamp":1790237604.0684862}
2026-09-24T11:13:24.070+03:00 [RX telemetry] {"data_b64":"UlggSEVBUlRCRUFUIFBJTkcgc2U=","description":"ble:LoRa-Chatter-1B44 44:1B:F6:8D:B7:A9","device_key":"ble-address:44:1b:f6:8d:b7:a9","kind":"rx","seq":385,"session":"s1","stream":"telemetry","text":"RX HEARTBEAT PING se","timestamp":1790237604.0696175}
2026-09-24T11:13:24.070+03:00 [RX telemetry] {"data_b64":"c3Npb249Q0NFRCBzZXE9MTkgZnI=","description":"ble:LoRa-Chatter-1B44 44:1B:F6:8D:B7:A9","device_key":"ble-address:44:1b:f6:8d:b7:a9","kind":"rx","seq":386,"session":"s1","stream":"telemetry","text":"ssion=CCED seq=19 fr","timestamp":1790237604.0697048}
2026-09-24T11:13:24.070+03:00 [RX telemetry] {"data_b64":"YW1lPTEyQiBSWD0tNjgvMTQgUTE=","description":"ble:LoRa-Chatter-1B44 44:1B:F6:8D:B7:A9","device_key":"ble-address:44:1b:f6:8d:b7:a9","kind":"rx","seq":387,"session":"s1","stream":"telemetry","text":"ame=12B RX=-68/14 Q1","timestamp":1790237604.0700722}
2026-09-24T11:13:24.071+03:00 [RX telemetry] {"data_b64":"Nwo=","description":"ble:LoRa-Chatter-1B44 44:1B:F6:8D:B7:A9","device_key":"ble-address:44:1b:f6:8d:b7:a9","kind":"rx","seq":388,"session":"s1","stream":"telemetry","text":"7\n","timestamp":1790237604.0711327}
2026-09-24T11:13:24.088+03:00 [RX telemetry] {"data_b64":"b3c9MSBpc3I9ZGlzYWJsZWQK","description":"ble:LoRa-Chatter-72E0 E0:72:A1:D5:4C:15","device_key":"ble-address:e0:72:a1:d5:4c:15","kind":"rx","seq":395,"session":"s2","stream":"telemetry","text":"ow=1 isr=disabled\n","timestamp":1790237604.0878303}
2026-09-24T11:13:25.596+03:00 [RX telemetry] {"data_b64":"ClRYIEhFQVJUQkVBVCBQT05HIHM=","description":"ble:LoRa-Chatter-1B44 44:1B:F6:8D:B7:A9","device_key":"ble-address:44:1b:f6:8d:b7:a9","kind":"rx","seq":389,"session":"s1","stream":"telemetry","text":"\nTX HEARTBEAT PONG s","timestamp":1790237605.595801}
2026-09-24T11:13:25.596+03:00 [RX telemetry] {"data_b64":"ZXE9MTkgZnJhbWU9MTZCIHJlcXU=","description":"ble:LoRa-Chatter-1B44 44:1B:F6:8D:B7:A9","device_key":"ble-address:44:1b:f6:8d:b7:a9","kind":"rx","seq":390,"session":"s1","stream":"telemetry","text":"eq=19 frame=16B requ","timestamp":1790237605.5961325}
2026-09-24T11:13:25.597+03:00 [RX telemetry] {"data_b64":"ZXN0PUNDRUQvMTkgT0sgdGltZT0=","description":"ble:LoRa-Chatter-1B44 44:1B:F6:8D:B7:A9","device_key":"ble-address:44:1b:f6:8d:b7:a9","kind":"rx","seq":391,"session":"s1","stream":"telemetry","text":"est=CCED/19 OK time=","timestamp":1790237605.5970685}
2026-09-24T11:13:25.597+03:00 [RX telemetry] {"data_b64":"MTMyMCBtcwo=","description":"ble:LoRa-Chatter-1B44 44:1B:F6:8D:B7:A9","device_key":"ble-address:44:1b:f6:8d:b7:a9","kind":"rx","seq":392,"session":"s1","stream":"telemetry","text":"1320 ms\n","timestamp":1790237605.5974069}
2026-09-24T11:13:25.617+03:00 [RX telemetry] {"data_b64":"UEVFUl9SRVBPUlQgb3VyX3NlcT0=","description":"ble:LoRa-Chatter-72E0 E0:72:A1:D5:4C:15","device_key":"ble-address:e0:72:a1:d5:4c:15","kind":"rx","seq":396,"session":"s2","stream":"telemetry","text":"PEER_REPORT our_seq=","timestamp":1790237605.6176782}
2026-09-24T11:13:25.619+03:00 [RX telemetry] {"data_b64":"MTkgVFg9LTY4LzE0IFExNwo=","description":"ble:LoRa-Chatter-72E0 E0:72:A1:D5:4C:15","device_key":"ble-address:e0:72:a1:d5:4c:15","kind":"rx","seq":397,"session":"s2","stream":"telemetry","text":"19 TX=-68/14 Q17\n","timestamp":1790237605.6185126}
2026-09-24T11:13:25.619+03:00 [RX telemetry] {"data_b64":"UlggSEVBUlRCRUFUIFBPTkcgcmU=","description":"ble:LoRa-Chatter-72E0 E0:72:A1:D5:4C:15","device_key":"ble-address:e0:72:a1:d5:4c:15","kind":"rx","seq":398,"session":"s2","stream":"telemetry","text":"RX HEARTBEAT PONG re","timestamp":1790237605.6188679}
2026-09-24T11:13:25.620+03:00 [RX telemetry] {"data_b64":"cXVlc3Q9Q0NFRC8xOSBmcmFtZT0=","description":"ble:LoRa-Chatter-72E0 E0:72:A1:D5:4C:15","device_key":"ble-address:e0:72:a1:d5:4c:15","kind":"rx","seq":399,"session":"s2","stream":"telemetry","text":"quest=CCED/19 frame=","timestamp":1790237605.6197677}
2026-09-24T11:13:25.620+03:00 [RX telemetry] {"data_b64":"MTZCIFJYPS02My8xMiBRNDQgVFg=","description":"ble:LoRa-Chatter-72E0 E0:72:A1:D5:4C:15","device_key":"ble-address:e0:72:a1:d5:4c:15","kind":"rx","seq":400,"session":"s2","stream":"telemetry","text":"16B RX=-63/12 Q44 TX","timestamp":1790237605.6204228}
2026-09-24T11:13:25.621+03:00 [RX telemetry] {"data_b64":"PS02OC8xNCBRMTcK","description":"ble:LoRa-Chatter-72E0 E0:72:A1:D5:4C:15","device_key":"ble-address:e0:72:a1:d5:4c:15","kind":"rx","seq":401,"session":"s2","stream":"telemetry","text":"=-68/14 Q17\n","timestamp":1790237605.6209192}
2026-09-24T11:13:34.123+03:00 [RX telemetry] {"data_b64":"ClRYIEhFQVJUQkVBVCBQSU5HIHM=","description":"ble:LoRa-Chatter-72E0 E0:72:A1:D5:4C:15","device_key":"ble-address:e0:72:a1:d5:4c:15","kind":"rx","seq":402,"session":"s2","stream":"telemetry","text":"\nTX HEARTBEAT PING s","timestamp":1790237614.1228752}
2026-09-24T11:13:34.123+03:00 [RX telemetry] {"data_b64":"ZXE9MjAgZnJhbWU9MTJCIHJlYXM=","description":"ble:LoRa-Chatter-72E0 E0:72:A1:D5:4C:15","device_key":"ble-address:e0:72:a1:d5:4c:15","kind":"rx","seq":403,"session":"s2","stream":"telemetry","text":"eq=20 frame=12B reas","timestamp":1790237614.1234944}
2026-09-24T11:13:34.124+03:00 [RX telemetry] {"data_b64":"b249aWRsZSBPSyB0aW1lPTExNTY=","description":"ble:LoRa-Chatter-72E0 E0:72:A1:D5:4C:15","device_key":"ble-address:e0:72:a1:d5:4c:15","kind":"rx","seq":404,"session":"s2","stream":"telemetry","text":"on=idle OK time=1156","timestamp":1790237614.1240435}
2026-09-24T11:13:34.124+03:00 [RX telemetry] {"data_b64":"IG1zIHJlc3BvbnNlPD0yMDE5bXM=","description":"ble:LoRa-Chatter-72E0 E0:72:A1:D5:4C:15","device_key":"ble-address:e0:72:a1:d5:4c:15","kind":"rx","seq":405,"session":"s2","stream":"telemetry","text":" ms response<=2019ms","timestamp":1790237614.1246288}
2026-09-24T11:13:34.125+03:00 [RX telemetry] {"data_b64":"Cg==","description":"ble:LoRa-Chatter-72E0 E0:72:A1:D5:4C:15","device_key":"ble-address:e0:72:a1:d5:4c:15","kind":"rx","seq":406,"session":"s2","stream":"telemetry","text":"\n","timestamp":1790237614.125159}
2026-09-24T11:13:34.147+03:00 [RX telemetry] {"data_b64":"ClRYIEhFQVJUQkVBVCBQSU5HIHM=","description":"ble:LoRa-Chatter-1B44 44:1B:F6:8D:B7:A9","device_key":"ble-address:44:1b:f6:8d:b7:a9","kind":"rx","seq":393,"session":"s1","stream":"telemetry","text":"\nTX HEARTBEAT PING s","timestamp":1790237614.1467216}
2026-09-24T11:13:34.147+03:00 [RX telemetry] {"data_b64":"ZXE9MjAgZnJhbWU9MTJCIHJlYXM=","description":"ble:LoRa-Chatter-1B44 44:1B:F6:8D:B7:A9","device_key":"ble-address:44:1b:f6:8d:b7:a9","kind":"rx","seq":394,"session":"s1","stream":"telemetry","text":"eq=20 frame=12B reas","timestamp":1790237614.1477053}
2026-09-24T11:13:34.148+03:00 [RX telemetry] {"data_b64":"b249aWRsZSBPSyB0aW1lPTExNTc=","description":"ble:LoRa-Chatter-1B44 44:1B:F6:8D:B7:A9","device_key":"ble-address:44:1b:f6:8d:b7:a9","kind":"rx","seq":395,"session":"s1","stream":"telemetry","text":"on=idle OK time=1157","timestamp":1790237614.1477797}
2026-09-24T11:13:34.148+03:00 [RX telemetry] {"data_b64":"IG1zIHJlc3BvbnNlPD0yMDE5bXM=","description":"ble:LoRa-Chatter-1B44 44:1B:F6:8D:B7:A9","device_key":"ble-address:44:1b:f6:8d:b7:a9","kind":"rx","seq":396,"session":"s1","stream":"telemetry","text":" ms response<=2019ms","timestamp":1790237614.1484754}
2026-09-24T11:13:34.149+03:00 [RX telemetry] {"data_b64":"Cg==","description":"ble:LoRa-Chatter-1B44 44:1B:F6:8D:B7:A9","device_key":"ble-address:44:1b:f6:8d:b7:a9","kind":"rx","seq":397,"session":"s1","stream":"telemetry","text":"\n","timestamp":1790237614.1492002}
2026-09-24T11:13:36.148+03:00 [RX telemetry] {"data_b64":"SEVBUlRCRUFUIFRJTUVPVVQgcmU=","description":"ble:LoRa-Chatter-72E0 E0:72:A1:D5:4C:15","device_key":"ble-address:e0:72:a1:d5:4c:15","kind":"rx","seq":407,"session":"s2","stream":"telemetry","text":"HEARTBEAT TIMEOUT re","timestamp":1790237616.1480067}
2026-09-24T11:13:36.149+03:00 [RX telemetry] {"data_b64":"cXVlc3Q9Q0NFRC8yMCBvdXRjb20=","description":"ble:LoRa-Chatter-72E0 E0:72:A1:D5:4C:15","device_key":"ble-address:e0:72:a1:d5:4c:15","kind":"rx","seq":408,"session":"s2","stream":"telemetry","text":"quest=CCED/20 outcom","timestamp":1790237616.1491687}
2026-09-24T11:13:36.149+03:00 [RX telemetry] {"data_b64":"ZT1OUlAgUlE9NDIgcGVlcl9xPWs=","description":"ble:LoRa-Chatter-72E0 E0:72:A1:D5:4C:15","device_key":"ble-address:e0:72:a1:d5:4c:15","kind":"rx","seq":409,"session":"s2","stream":"telemetry","text":"e=NRP RQ=42 peer_q=k","timestamp":1790237616.1492498}
2026-09-24T11:13:36.150+03:00 [RX telemetry] {"data_b64":"bm93biByZWNvdmVyeT0xIGppdHQ=","description":"ble:LoRa-Chatter-72E0 E0:72:A1:D5:4C:15","device_key":"ble-address:e0:72:a1:d5:4c:15","kind":"rx","seq":410,"session":"s2","stream":"telemetry","text":"nown recovery=1 jitt","timestamp":1790237616.1502154}
2026-09-24T11:13:36.151+03:00 [RX telemetry] {"data_b64":"ZXI8PTExNTZtcwo=","description":"ble:LoRa-Chatter-72E0 E0:72:A1:D5:4C:15","device_key":"ble-address:e0:72:a1:d5:4c:15","kind":"rx","seq":411,"session":"s2","stream":"telemetry","text":"er<=1156ms\n","timestamp":1790237616.1511421}
2026-09-24T11:13:36.169+03:00 [RX telemetry] {"data_b64":"SEVBUlRCRUFUIFRJTUVPVVQgcmU=","description":"ble:LoRa-Chatter-1B44 44:1B:F6:8D:B7:A9","device_key":"ble-address:44:1b:f6:8d:b7:a9","kind":"rx","seq":398,"session":"s1","stream":"telemetry","text":"HEARTBEAT TIMEOUT re","timestamp":1790237616.1696985}
2026-09-24T11:13:36.170+03:00 [RX telemetry] {"data_b64":"cXVlc3Q9RTEzMC8yMCBvdXRjb20=","description":"ble:LoRa-Chatter-1B44 44:1B:F6:8D:B7:A9","device_key":"ble-address:44:1b:f6:8d:b7:a9","kind":"rx","seq":399,"session":"s1","stream":"telemetry","text":"quest=E130/20 outcom","timestamp":1790237616.1705632}
2026-09-24T11:13:36.171+03:00 [RX telemetry] {"data_b64":"ZT1OUlAgUlE9MTUgcGVlcl9xPWs=","description":"ble:LoRa-Chatter-1B44 44:1B:F6:8D:B7:A9","device_key":"ble-address:44:1b:f6:8d:b7:a9","kind":"rx","seq":400,"session":"s1","stream":"telemetry","text":"e=NRP RQ=15 peer_q=k","timestamp":1790237616.1715698}
2026-09-24T11:13:36.172+03:00 [RX telemetry] {"data_b64":"bm93biByZWNvdmVyeT0xIGppdHQ=","description":"ble:LoRa-Chatter-1B44 44:1B:F6:8D:B7:A9","device_key":"ble-address:44:1b:f6:8d:b7:a9","kind":"rx","seq":401,"session":"s1","stream":"telemetry","text":"nown recovery=1 jitt","timestamp":1790237616.1724246}
2026-09-24T11:13:36.173+03:00 [RX telemetry] {"data_b64":"ZXI8PTExNTZtcwo=","description":"ble:LoRa-Chatter-1B44 44:1B:F6:8D:B7:A9","device_key":"ble-address:44:1b:f6:8d:b7:a9","kind":"rx","seq":402,"session":"s1","stream":"telemetry","text":"er<=1156ms\n","timestamp":1790237616.1730068}
2026-09-24T11:13:41.423+03:00 [AGENT REQUEST] {"id":36,"op":"send_line","session":"s1","text":"/heartbeat off"}
2026-09-24T11:13:41.424+03:00 [TX] {"data_b64":"L2hlYXJ0YmVhdCBvZmYK","device_key":"ble-address:44:1b:f6:8d:b7:a9","kind":"tx","seq":403,"session":"s1","text":"/heartbeat off","timestamp":1790237621.4235256,"tx_id":13,"tx_state":"queued"}
2026-09-24T11:13:41.424+03:00 [AGENT RESPONSE] {"id":36,"ok":true,"result":{"state":"queued","tx_id":13}}
2026-09-24T11:13:41.424+03:00 [AGENT REQUEST] {"id":37,"op":"send_line","session":"s2","text":"/heartbeat off"}
2026-09-24T11:13:41.426+03:00 [TX] {"data_b64":"L2hlYXJ0YmVhdCBvZmYK","device_key":"ble-address:e0:72:a1:d5:4c:15","kind":"tx","seq":412,"session":"s2","text":"/heartbeat off","timestamp":1790237621.425168,"tx_id":13,"tx_state":"queued"}
2026-09-24T11:13:41.426+03:00 [AGENT RESPONSE] {"id":37,"ok":true,"result":{"state":"queued","tx_id":13}}
2026-09-24T11:13:41.427+03:00 [TX] {"data_b64":"L2hlYXJ0YmVhdCBvZmYK","description":"ble:LoRa-Chatter-1B44 44:1B:F6:8D:B7:A9","device_key":"ble-address:44:1b:f6:8d:b7:a9","kind":"tx","seq":404,"session":"s1","text":"/heartbeat off","timestamp":1790237621.4267044,"tx_id":13,"tx_state":"written"}
2026-09-24T11:13:41.427+03:00 [TX] {"data_b64":"L2hlYXJ0YmVhdCBvZmYK","description":"ble:LoRa-Chatter-72E0 E0:72:A1:D5:4C:15","device_key":"ble-address:e0:72:a1:d5:4c:15","kind":"tx","seq":413,"session":"s2","text":"/heartbeat off","timestamp":1790237621.4272325,"tx_id":13,"tx_state":"written"}
2026-09-24T11:13:41.480+03:00 [RX chat] {"data_b64":"W1NZU10gSEVBUlRCRUFUIE9GRgo=","description":"ble:LoRa-Chatter-1B44 44:1B:F6:8D:B7:A9","device_key":"ble-address:44:1b:f6:8d:b7:a9","kind":"rx","seq":405,"session":"s1","stream":"chat","text":"[SYS] HEARTBEAT OFF\n","timestamp":1790237621.4798346}
2026-09-24T11:13:41.503+03:00 [RX chat] {"data_b64":"W1NZU10gSEVBUlRCRUFUIE9GRgo=","description":"ble:LoRa-Chatter-72E0 E0:72:A1:D5:4C:15","device_key":"ble-address:e0:72:a1:d5:4c:15","kind":"rx","seq":414,"session":"s2","stream":"chat","text":"[SYS] HEARTBEAT OFF\n","timestamp":1790237621.5027678}
2026-09-24T11:13:42.290+03:00 [RX telemetry] {"data_b64":"ClNFU1NJT04gdD00OTgwcyBUWCA=","description":"ble:LoRa-Chatter-1B44 44:1B:F6:8D:B7:A9","device_key":"ble-address:44:1b:f6:8d:b7:a9","kind":"rx","seq":406,"session":"s1","stream":"telemetry","text":"\nSESSION t=4980s TX ","timestamp":1790237622.2900872}
2026-09-24T11:13:42.291+03:00 [RX telemetry] {"data_b64":"b2s9MjEgdXNlcj0wIGVjaG9fcmU=","description":"ble:LoRa-Chatter-1B44 44:1B:F6:8D:B7:A9","device_key":"ble-address:44:1b:f6:8d:b7:a9","kind":"rx","seq":407,"session":"s1","stream":"telemetry","text":"ok=21 user=0 echo_re","timestamp":1790237622.29102}
2026-09-24T11:13:42.291+03:00 [RX telemetry] {"data_b64":"cT0wIGVjaG9fcmVwPTAgaGI9MjE=","description":"ble:LoRa-Chatter-1B44 44:1B:F6:8D:B7:A9","device_key":"ble-address:44:1b:f6:8d:b7:a9","kind":"rx","seq":408,"session":"s1","stream":"telemetry","text":"q=0 echo_rep=0 hb=21","timestamp":1790237622.2917156}
2026-09-24T11:13:42.292+03:00 [RX telemetry] {"data_b64":"KGlkbGU9MTMpIGVycj0wIHN0YXI=","description":"ble:LoRa-Chatter-1B44 44:1B:F6:8D:B7:A9","device_key":"ble-address:44:1b:f6:8d:b7:a9","kind":"rx","seq":409,"session":"s1","stream":"telemetry","text":"(idle=13) err=0 star","timestamp":1790237622.2924452}
2026-09-24T11:13:42.293+03:00 [RX telemetry] {"data_b64":"dGVkPTIxIFJYIG9rPTEwIHVzZXI=","description":"ble:LoRa-Chatter-1B44 44:1B:F6:8D:B7:A9","device_key":"ble-address:44:1b:f6:8d:b7:a9","kind":"rx","seq":410,"session":"s1","stream":"telemetry","text":"ted=21 RX ok=10 user","timestamp":1790237622.2931201}
2026-09-24T11:13:42.294+03:00 [RX telemetry] {"data_b64":"PTAgZWNob19yZXE9MCBlY2hvX3I=","description":"ble:LoRa-Chatter-1B44 44:1B:F6:8D:B7:A9","device_key":"ble-address:44:1b:f6:8d:b7:a9","kind":"rx","seq":411,"session":"s1","stream":"telemetry","text":"=0 echo_req=0 echo_r","timestamp":1790237622.2939308}
2026-09-24T11:13:42.295+03:00 [RX telemetry] {"data_b64":"ZXA9MCBoYj04IGNyYz0wIGhkcj0=","description":"ble:LoRa-Chatter-1B44 44:1B:F6:8D:B7:A9","device_key":"ble-address:44:1b:f6:8d:b7:a9","kind":"rx","seq":412,"session":"s1","stream":"telemetry","text":"ep=0 hb=8 crc=0 hdr=","timestamp":1790237622.2946656}
2026-09-24T11:13:42.295+03:00 [RX telemetry] {"data_b64":"MCBiYWQ9MSByZWFkZXJyPTAgcmU=","description":"ble:LoRa-Chatter-1B44 44:1B:F6:8D:B7:A9","device_key":"ble-address:44:1b:f6:8d:b7:a9","kind":"rx","seq":413,"session":"s1","stream":"telemetry","text":"0 bad=1 readerr=0 re","timestamp":1790237622.2948983}
2026-09-24T11:13:42.295+03:00 [RX telemetry] {"data_b64":"cG9ydHM9OSBRPTE1JSBkcm9wcz0=","description":"ble:LoRa-Chatter-1B44 44:1B:F6:8D:B7:A9","device_key":"ble-address:44:1b:f6:8d:b7:a9","kind":"rx","seq":414,"session":"s1","stream":"telemetry","text":"ports=9 Q=15% drops=","timestamp":1790237622.2958407}
2026-09-24T11:13:42.296+03:00 [RX telemetry] {"data_b64":"MCBmYXRhbD0wCg==","description":"ble:LoRa-Chatter-1B44 44:1B:F6:8D:B7:A9","device_key":"ble-address:44:1b:f6:8d:b7:a9","kind":"rx","seq":415,"session":"s1","stream":"telemetry","text":"0 fatal=0\n","timestamp":1790237622.2964458}
2026-09-24T11:13:42.297+03:00 [RX telemetry] {"data_b64":"U0VTU0lPTiBDT1VSVEVTWSB3aW4=","description":"ble:LoRa-Chatter-1B44 44:1B:F6:8D:B7:A9","device_key":"ble-address:44:1b:f6:8d:b7:a9","kind":"rx","seq":416,"session":"s1","stream":"telemetry","text":"SESSION COURTESY win","timestamp":1790237622.2971287}
2026-09-24T11:13:42.297+03:00 [RX telemetry] {"data_b64":"ZG93PTkxMjNtcyBwZWVyX3JlbGU=","description":"ble:LoRa-Chatter-1B44 44:1B:F6:8D:B7:A9","device_key":"ble-address:44:1b:f6:8d:b7:a9","kind":"rx","seq":417,"session":"s1","stream":"telemetry","text":"dow=9123ms peer_rele","timestamp":1790237622.2976034}
2026-09-24T11:13:42.298+03:00 [RX telemetry] {"data_b64":"YXNlPTAgZXhwaXJlZD0wIHlpZWw=","description":"ble:LoRa-Chatter-1B44 44:1B:F6:8D:B7:A9","device_key":"ble-address:44:1b:f6:8d:b7:a9","kind":"rx","seq":418,"session":"s1","stream":"telemetry","text":"ase=0 expired=0 yiel","timestamp":1790237622.298258}
2026-09-24T11:13:42.299+03:00 [RX telemetry] {"data_b64":"ZGluZz0wCg==","description":"ble:LoRa-Chatter-1B44 44:1B:F6:8D:B7:A9","device_key":"ble-address:44:1b:f6:8d:b7:a9","kind":"rx","seq":419,"session":"s1","stream":"telemetry","text":"ding=0\n","timestamp":1790237622.2991893}
2026-09-24T11:13:42.300+03:00 [RX telemetry] {"data_b64":"U0VTU0lPTiBESU8wX1RYIGFmZmU=","description":"ble:LoRa-Chatter-1B44 44:1B:F6:8D:B7:A9","device_key":"ble-address:44:1b:f6:8d:b7:a9","kind":"rx","seq":420,"session":"s1","stream":"telemetry","text":"SESSION DIO0_TX affe","timestamp":1790237622.299952}
2026-09-24T11:13:42.300+03:00 [RX telemetry] {"data_b64":"Y3RlZD0wLzIxIGVwaXNvZGVzPTA=","description":"ble:LoRa-Chatter-1B44 44:1B:F6:8D:B7:A9","device_key":"ble-address:44:1b:f6:8d:b7:a9","kind":"rx","seq":421,"session":"s1","stream":"telemetry","text":"cted=0/21 episodes=0","timestamp":1790237622.3006349}
2026-09-24T11:13:42.301+03:00 [RX telemetry] {"data_b64":"IGF2Z19hbGw9MC4wMCBhdmdfYWY=","description":"ble:LoRa-Chatter-1B44 44:1B:F6:8D:B7:A9","device_key":"ble-address:44:1b:f6:8d:b7:a9","kind":"rx","seq":422,"session":"s1","stream":"telemetry","text":" avg_all=0.00 avg_af","timestamp":1790237622.3013127}
2026-09-24T11:13:42.302+03:00 [RX telemetry] {"data_b64":"ZmVjdGVkPTAuMDAgaGlnaF9wb2w=","description":"ble:LoRa-Chatter-1B44 44:1B:F6:8D:B7:A9","device_key":"ble-address:44:1b:f6:8d:b7:a9","kind":"rx","seq":423,"session":"s1","stream":"telemetry","text":"fected=0.00 high_pol","timestamp":1790237622.3016577}
2026-09-24T11:13:42.302+03:00 [RX telemetry] {"data_b64":"bHM9MAo=","description":"ble:LoRa-Chatter-1B44 44:1B:F6:8D:B7:A9","device_key":"ble-address:44:1b:f6:8d:b7:a9","kind":"rx","seq":424,"session":"s1","stream":"telemetry","text":"ls=0\n","timestamp":1790237622.302579}
2026-09-24T11:13:42.303+03:00 [RX telemetry] {"data_b64":"U0VTU0lPTiBSWF9QT0xMIHBvbGw=","description":"ble:LoRa-Chatter-1B44 44:1B:F6:8D:B7:A9","device_key":"ble-address:44:1b:f6:8d:b7:a9","kind":"rx","seq":425,"session":"s1","stream":"telemetry","text":"SESSION RX_POLL poll","timestamp":1790237622.3032935}
2026-09-24T11:13:42.304+03:00 [RX telemetry] {"data_b64":"cz00OTUxMjgyIHJ4ZG9uZT0xMSA=","description":"ble:LoRa-Chatter-1B44 44:1B:F6:8D:B7:A9","device_key":"ble-address:44:1b:f6:8d:b7:a9","kind":"rx","seq":426,"session":"s1","stream":"telemetry","text":"s=4951282 rxdone=11 ","timestamp":1790237622.3039649}
2026-09-24T11:13:42.305+03:00 [RX telemetry] {"data_b64":"aW50ZXJ2YWw9MTAwMHVzIERJTzA=","description":"ble:LoRa-Chatter-1B44 44:1B:F6:8D:B7:A9","device_key":"ble-address:44:1b:f6:8d:b7:a9","kind":"rx","seq":427,"session":"s1","stream":"telemetry","text":"interval=1000us DIO0","timestamp":1790237622.3049345}
2026-09-24T11:13:42.305+03:00 [RX telemetry] {"data_b64":"X1JYIGZhbHNlX2hpZ2hfZXA9MCA=","description":"ble:LoRa-Chatter-1B44 44:1B:F6:8D:B7:A9","device_key":"ble-address:44:1b:f6:8d:b7:a9","kind":"rx","seq":428,"session":"s1","stream":"telemetry","text":"_RX false_high_ep=0 ","timestamp":1790237622.3050058}
2026-09-24T11:13:42.306+03:00 [RX telemetry] {"data_b64":"aGlnaF9wb2xscz0wIHJ4ZG9uZV8=","description":"ble:LoRa-Chatter-1B44 44:1B:F6:8D:B7:A9","device_key":"ble-address:44:1b:f6:8d:b7:a9","kind":"rx","seq":429,"session":"s1","stream":"telemetry","text":"high_polls=0 rxdone_","timestamp":1790237622.3058984}
2026-09-24T11:13:42.307+03:00 [RX telemetry] {"data_b64":"bG93PTEgaXNyPWRpc2FibGVkCg==","description":"ble:LoRa-Chatter-1B44 44:1B:F6:8D:B7:A9","device_key":"ble-address:44:1b:f6:8d:b7:a9","kind":"rx","seq":430,"session":"s1","stream":"telemetry","text":"low=1 isr=disabled\n","timestamp":1790237622.3068}
2026-09-24T11:13:57.730+03:00 [AGENT REQUEST] {"id":38,"op":"observe","cursors":{"s1":367,"s2":350},"timeout_ms":10000}
2026-09-24T11:13:57.731+03:00 [AGENT RESPONSE] {"id":38,"ok":true,"result":{"cursors":{"s1":430,"s2":414},"lines":[{"seq_first":368,"seq_last":372,"session":"s1","stream":"telemetry","text":"HEARTBEAT TIMEOUT request=E130/17 outcome=NRP RQ=18 peer_q=known recovery=1 jitter<=1156ms"},{"seq_first":351,"seq_last":355,"session":"s2","stream":"telemetry","text":"HEARTBEAT TIMEOUT request=CCED/17 outcome=NRP RQ=44 peer_q=known recovery=1 jitter<=1156ms"},{"seq_first":373,"seq_last":373,"session":"s1","stream":"telemetry","text":""},{"seq_first":373,"seq_last":377,"session":"s1","stream":"telemetry","text":"TX HEARTBEAT PING seq=18 frame=12B reason=idle OK time=1157 ms response<=2019ms"},{"seq_first":356,"seq_last":356,"session":"s2","stream":"telemetry","text":""},{"seq_first":356,"seq_last":360,"session":"s2","stream":"telemetry","text":"TX HEARTBEAT PING seq=18 frame=12B reason=idle OK time=1156 ms response<=2019ms"},{"seq_first":378,"seq_last":382,"session":"s1","stream":"telemetry","text":"HEARTBEAT TIMEOUT request=E130/18 outcome=NRP RQ=17 peer_q=known recovery=2 jitter<=2312ms"},{"seq_first":361,"seq_last":365,"session":"s2","stream":"telemetry","text":"HEARTBEAT TIMEOUT request=CCED/18 outcome=NRP RQ=41 peer_q=known recovery=2 jitter<=2312ms"},{"seq_first":366,"seq_last":366,"session":"s2","stream":"telemetry","text":""},{"seq_first":366,"seq_last":370,"session":"s2","stream":"telemetry","text":"TX HEARTBEAT PING seq=19 frame=12B reason=idle OK time=1156 ms response<=2019ms"},{"seq_first":371,"seq_last":371,"session":"s2","stream":"telemetry","text":""},{"seq_first":371,"seq_last":380,"session":"s2","stream":"telemetry","text":"SESSION t=4921s TX ok=20 user=0 echo_req=0 echo_rep=0 hb=20(idle=18) err=0 started=20 RX ok=9 user=0 echo_req=0 echo_rep=0 hb=2 crc=0 hdr=0 bad=0 readerr=0 reports=9 Q=41% drops=0 fatal=0"},{"seq_first":381,"seq_last":384,"session":"s2","stream":"telemetry","text":"SESSION COURTESY window=9123ms peer_release=0 expired=0 yielding=0"},{"seq_first":385,"seq_last":389,"session":"s2","stream":"telemetry","text":"SESSION DIO0_TX affected=0/20 episodes=0 avg_all=0.00 avg_affected=0.00 high_polls=0"},{"seq_first":383,"seq_last":384,"session":"s1","stream":"telemetry","text":"PEER_REPORT our_seq=16 TX=-64/13 Q41"},{"seq_first":385,"seq_last":388,"session":"s1","stream":"telemetry","text":"RX HEARTBEAT PING session=CCED seq=19 frame=12B RX=-68/14 Q17"},{"seq_first":390,"seq_last":395,"session":"s2","stream":"telemetry","text":"SESSION RX_POLL polls=4873056 rxdone=9 interval=1000us DIO0_RX false_high_ep=0 high_polls=0 rxdone_low=1 isr=disabled"},{"seq_first":389,"seq_last":389,"session":"s1","stream":"telemetry","text":""},{"seq_first":389,"seq_last":392,"session":"s1","stream":"telemetry","text":"TX HEARTBEAT PONG seq=19 frame=16B request=CCED/19 OK time=1320 ms"},{"seq_first":396,"seq_last":397,"session":"s2","stream":"telemetry","text":"PEER_REPORT our_seq=19 TX=-68/14 Q17"},{"seq_first":398,"seq_last":401,"session":"s2","stream":"telemetry","text":"RX HEARTBEAT PONG request=CCED/19 frame=16B RX=-63/12 Q44 TX=-68/14 Q17"},{"seq_first":402,"seq_last":402,"session":"s2","stream":"telemetry","text":""},{"seq_first":402,"seq_last":406,"session":"s2","stream":"telemetry","text":"TX HEARTBEAT PING seq=20 frame=12B reason=idle OK time=1156 ms response<=2019ms"},{"seq_first":393,"seq_last":393,"session":"s1","stream":"telemetry","text":""},{"seq_first":393,"seq_last":397,"session":"s1","stream":"telemetry","text":"TX HEARTBEAT PING seq=20 frame=12B reason=idle OK time=1157 ms response<=2019ms"},{"seq_first":407,"seq_last":411,"session":"s2","stream":"telemetry","text":"HEARTBEAT TIMEOUT request=CCED/20 outcome=NRP RQ=42 peer_q=known recovery=1 jitter<=1156ms"},{"seq_first":398,"seq_last":402,"session":"s1","stream":"telemetry","text":"HEARTBEAT TIMEOUT request=E130/20 outcome=NRP RQ=15 peer_q=known recovery=1 jitter<=1156ms"},{"seq_first":405,"seq_last":405,"session":"s1","stream":"chat","text":"[SYS] HEARTBEAT OFF"},{"seq_first":414,"seq_last":414,"session":"s2","stream":"chat","text":"[SYS] HEARTBEAT OFF"},{"seq_first":406,"seq_last":406,"session":"s1","stream":"telemetry","text":""},{"seq_first":406,"seq_last":415,"session":"s1","stream":"telemetry","text":"SESSION t=4980s TX ok=21 user=0 echo_req=0 echo_rep=0 hb=21(idle=13) err=0 started=21 RX ok=10 user=0 echo_req=0 echo_rep=0 hb=8 crc=0 hdr=0 bad=1 readerr=0 reports=9 Q=15% drops=0 fatal=0"},{"seq_first":416,"seq_last":419,"session":"s1","stream":"telemetry","text":"SESSION COURTESY window=9123ms peer_release=0 expired=0 yielding=0"},{"seq_first":420,"seq_last":424,"session":"s1","stream":"telemetry","text":"SESSION DIO0_TX affected=0/21 episodes=0 avg_all=0.00 avg_affected=0.00 high_polls=0"},{"seq_first":425,"seq_last":430,"session":"s1","stream":"telemetry","text":"SESSION RX_POLL polls=4951282 rxdone=11 interval=1000us DIO0_RX false_high_ep=0 high_polls=0 rxdone_low=1 isr=disabled"}],"timed_out":false}}
2026-09-24T11:14:18.479+03:00 [AGENT REQUEST] {"id":39,"op":"send_line","session":"s1","text":"/sf 7"}
2026-09-24T11:14:18.480+03:00 [TX] {"data_b64":"L3NmIDcK","device_key":"ble-address:44:1b:f6:8d:b7:a9","kind":"tx","seq":431,"session":"s1","text":"/sf 7","timestamp":1790237658.480197,"tx_id":14,"tx_state":"queued"}
2026-09-24T11:14:18.481+03:00 [AGENT RESPONSE] {"id":39,"ok":true,"result":{"state":"queued","tx_id":14}}
2026-09-24T11:14:18.481+03:00 [AGENT REQUEST] {"id":40,"op":"send_line","session":"s2","text":"/sf 7"}
2026-09-24T11:14:18.482+03:00 [TX] {"data_b64":"L3NmIDcK","device_key":"ble-address:e0:72:a1:d5:4c:15","kind":"tx","seq":415,"session":"s2","text":"/sf 7","timestamp":1790237658.481831,"tx_id":14,"tx_state":"queued"}
2026-09-24T11:14:18.483+03:00 [AGENT RESPONSE] {"id":40,"ok":true,"result":{"state":"queued","tx_id":14}}
2026-09-24T11:14:18.483+03:00 [TX] {"data_b64":"L3NmIDcK","description":"ble:LoRa-Chatter-1B44 44:1B:F6:8D:B7:A9","device_key":"ble-address:44:1b:f6:8d:b7:a9","kind":"tx","seq":432,"session":"s1","text":"/sf 7","timestamp":1790237658.4835298,"tx_id":14,"tx_state":"written"}
2026-09-24T11:14:18.484+03:00 [AGENT REQUEST] {"id":41,"op":"send_line","session":"s1","text":"/bw 500"}
2026-09-24T11:14:18.485+03:00 [TX] {"data_b64":"L2J3IDUwMAo=","device_key":"ble-address:44:1b:f6:8d:b7:a9","kind":"tx","seq":433,"session":"s1","text":"/bw 500","timestamp":1790237658.4847064,"tx_id":15,"tx_state":"queued"}
2026-09-24T11:14:18.486+03:00 [AGENT RESPONSE] {"id":41,"ok":true,"result":{"state":"queued","tx_id":15}}
2026-09-24T11:14:18.486+03:00 [TX] {"data_b64":"L3NmIDcK","description":"ble:LoRa-Chatter-72E0 E0:72:A1:D5:4C:15","device_key":"ble-address:e0:72:a1:d5:4c:15","kind":"tx","seq":416,"session":"s2","text":"/sf 7","timestamp":1790237658.4848669,"tx_id":14,"tx_state":"written"}
2026-09-24T11:14:18.486+03:00 [AGENT REQUEST] {"id":42,"op":"send_line","session":"s2","text":"/bw 500"}
2026-09-24T11:14:18.488+03:00 [TX] {"data_b64":"L2J3IDUwMAo=","device_key":"ble-address:e0:72:a1:d5:4c:15","kind":"tx","seq":417,"session":"s2","text":"/bw 500","timestamp":1790237658.4871051,"tx_id":15,"tx_state":"queued"}
2026-09-24T11:14:18.488+03:00 [AGENT RESPONSE] {"id":42,"ok":true,"result":{"state":"queued","tx_id":15}}
2026-09-24T11:14:18.488+03:00 [TX] {"data_b64":"L2J3IDUwMAo=","description":"ble:LoRa-Chatter-1B44 44:1B:F6:8D:B7:A9","device_key":"ble-address:44:1b:f6:8d:b7:a9","kind":"tx","seq":434,"session":"s1","text":"/bw 500","timestamp":1790237658.487592,"tx_id":15,"tx_state":"written"}
2026-09-24T11:14:18.489+03:00 [AGENT REQUEST] {"id":43,"op":"send_line","session":"s1","text":"/config"}
2026-09-24T11:14:18.489+03:00 [TX] {"data_b64":"L2J3IDUwMAo=","description":"ble:LoRa-Chatter-72E0 E0:72:A1:D5:4C:15","device_key":"ble-address:e0:72:a1:d5:4c:15","kind":"tx","seq":418,"session":"s2","text":"/bw 500","timestamp":1790237658.489362,"tx_id":15,"tx_state":"written"}
2026-09-24T11:14:18.491+03:00 [TX] {"data_b64":"L2NvbmZpZwo=","device_key":"ble-address:44:1b:f6:8d:b7:a9","kind":"tx","seq":435,"session":"s1","text":"/config","timestamp":1790237658.4898372,"tx_id":16,"tx_state":"queued"}
2026-09-24T11:14:18.491+03:00 [AGENT RESPONSE] {"id":43,"ok":true,"result":{"state":"queued","tx_id":16}}
2026-09-24T11:14:18.491+03:00 [AGENT REQUEST] {"id":44,"op":"send_line","session":"s2","text":"/config"}
2026-09-24T11:14:18.492+03:00 [TX] {"data_b64":"L2NvbmZpZwo=","device_key":"ble-address:e0:72:a1:d5:4c:15","kind":"tx","seq":419,"session":"s2","text":"/config","timestamp":1790237658.491743,"tx_id":16,"tx_state":"queued"}
2026-09-24T11:14:18.493+03:00 [AGENT RESPONSE] {"id":44,"ok":true,"result":{"state":"queued","tx_id":16}}
2026-09-24T11:14:18.493+03:00 [TX] {"data_b64":"L2NvbmZpZwo=","description":"ble:LoRa-Chatter-1B44 44:1B:F6:8D:B7:A9","device_key":"ble-address:44:1b:f6:8d:b7:a9","kind":"tx","seq":436,"session":"s1","text":"/config","timestamp":1790237658.4921052,"tx_id":16,"tx_state":"written"}
2026-09-24T11:14:18.494+03:00 [TX] {"data_b64":"L2NvbmZpZwo=","description":"ble:LoRa-Chatter-72E0 E0:72:A1:D5:4C:15","device_key":"ble-address:e0:72:a1:d5:4c:15","kind":"tx","seq":420,"session":"s2","text":"/config","timestamp":1790237658.4939475,"tx_id":16,"tx_state":"written"}
2026-09-24T11:14:18.537+03:00 [RX chat] {"data_b64":"W1NZU10gU0YgNyBTQVZFRAo=","description":"ble:LoRa-Chatter-72E0 E0:72:A1:D5:4C:15","device_key":"ble-address:e0:72:a1:d5:4c:15","kind":"rx","seq":421,"session":"s2","stream":"chat","text":"[SYS] SF 7 SAVED\n","timestamp":1790237658.536762}
2026-09-24T11:14:18.560+03:00 [RX chat] {"data_b64":"W1NZU10gU0YgNyBTQVZFRAo=","description":"ble:LoRa-Chatter-1B44 44:1B:F6:8D:B7:A9","device_key":"ble-address:44:1b:f6:8d:b7:a9","kind":"rx","seq":437,"session":"s1","stream":"chat","text":"[SYS] SF 7 SAVED\n","timestamp":1790237658.5596104}
2026-09-24T11:14:18.561+03:00 [RX chat] {"data_b64":"W1NZU10gQlcgNTAwIGtIeiBTQVY=","description":"ble:LoRa-Chatter-1B44 44:1B:F6:8D:B7:A9","device_key":"ble-address:44:1b:f6:8d:b7:a9","kind":"rx","seq":438,"session":"s1","stream":"chat","text":"[SYS] BW 500 kHz SAV","timestamp":1790237658.5609822}
2026-09-24T11:14:18.561+03:00 [RX chat] {"data_b64":"RUQK","description":"ble:LoRa-Chatter-1B44 44:1B:F6:8D:B7:A9","device_key":"ble-address:44:1b:f6:8d:b7:a9","kind":"rx","seq":439,"session":"s1","stream":"chat","text":"ED\n","timestamp":1790237658.5610604}
2026-09-24T11:14:18.562+03:00 [RX chat] {"data_b64":"W1NZU10gQ0ZHIHNjaGVtYT0yIHM=","description":"ble:LoRa-Chatter-1B44 44:1B:F6:8D:B7:A9","device_key":"ble-address:44:1b:f6:8d:b7:a9","kind":"rx","seq":440,"session":"s1","stream":"chat","text":"[SYS] CFG schema=2 s","timestamp":1790237658.562592}
2026-09-24T11:14:18.563+03:00 [RX chat] {"data_b64":"dG9yYWdlPU5WUyBmcmVxX29vYj0=","description":"ble:LoRa-Chatter-1B44 44:1B:F6:8D:B7:A9","device_key":"ble-address:44:1b:f6:8d:b7:a9","kind":"rx","seq":441,"session":"s1","stream":"chat","text":"torage=NVS freq_oob=","timestamp":1790237658.563467}
2026-09-24T11:14:18.565+03:00 [RX chat] {"data_b64":"T0ZGCg==","description":"ble:LoRa-Chatter-1B44 44:1B:F6:8D:B7:A9","device_key":"ble-address:44:1b:f6:8d:b7:a9","kind":"rx","seq":442,"session":"s1","stream":"chat","text":"OFF\n","timestamp":1790237658.564423}
2026-09-24T11:14:18.565+03:00 [RX chat] {"data_b64":"W1NZU10gQ0ZHIFJBRElPIHBvd2U=","description":"ble:LoRa-Chatter-1B44 44:1B:F6:8D:B7:A9","device_key":"ble-address:44:1b:f6:8d:b7:a9","kind":"rx","seq":443,"session":"s1","stream":"chat","text":"[SYS] CFG RADIO powe","timestamp":1790237658.5649707}
2026-09-24T11:14:18.565+03:00 [RX chat] {"data_b64":"cj0yIGRCbSBmcmVxPTQ3MCBNSHo=","description":"ble:LoRa-Chatter-1B44 44:1B:F6:8D:B7:A9","device_key":"ble-address:44:1b:f6:8d:b7:a9","kind":"rx","seq":444,"session":"s1","stream":"chat","text":"r=2 dBm freq=470 MHz","timestamp":1790237658.5650287}
2026-09-24T11:14:18.568+03:00 [RX chat] {"data_b64":"IHNmPTcgYnc9NTAwIGtIego=","description":"ble:LoRa-Chatter-1B44 44:1B:F6:8D:B7:A9","device_key":"ble-address:44:1b:f6:8d:b7:a9","kind":"rx","seq":445,"session":"s1","stream":"chat","text":" sf=7 bw=500 kHz\n","timestamp":1790237658.5676446}
2026-09-24T11:14:18.568+03:00 [RX chat] {"data_b64":"W1NZU10gQ0ZHIExJTksgaGVhcnQ=","description":"ble:LoRa-Chatter-1B44 44:1B:F6:8D:B7:A9","device_key":"ble-address:44:1b:f6:8d:b7:a9","kind":"rx","seq":446,"session":"s1","stream":"chat","text":"[SYS] CFG LINK heart","timestamp":1790237658.5686386}
2026-09-24T11:14:18.569+03:00 [RX chat] {"data_b64":"YmVhdD1PRkYgcmV0cnk9T04gYXQ=","description":"ble:LoRa-Chatter-1B44 44:1B:F6:8D:B7:A9","device_key":"ble-address:44:1b:f6:8d:b7:a9","kind":"rx","seq":447,"session":"s1","stream":"chat","text":"beat=OFF retry=ON at","timestamp":1790237658.5694594}
2026-09-24T11:14:18.570+03:00 [RX chat] {"data_b64":"dGVtcHRzPTUgZGlhZz1PRkYK","description":"ble:LoRa-Chatter-1B44 44:1B:F6:8D:B7:A9","device_key":"ble-address:44:1b:f6:8d:b7:a9","kind":"rx","seq":448,"session":"s1","stream":"chat","text":"tempts=5 diag=OFF\n","timestamp":1790237658.5701773}
2026-09-24T11:14:18.582+03:00 [RX chat] {"data_b64":"W1NZU10gQlcgNTAwIGtIeiBTQVY=","description":"ble:LoRa-Chatter-72E0 E0:72:A1:D5:4C:15","device_key":"ble-address:e0:72:a1:d5:4c:15","kind":"rx","seq":422,"session":"s2","stream":"chat","text":"[SYS] BW 500 kHz SAV","timestamp":1790237658.5825715}
2026-09-24T11:14:18.583+03:00 [RX chat] {"data_b64":"RUQK","description":"ble:LoRa-Chatter-72E0 E0:72:A1:D5:4C:15","device_key":"ble-address:e0:72:a1:d5:4c:15","kind":"rx","seq":423,"session":"s2","stream":"chat","text":"ED\n","timestamp":1790237658.5834806}
2026-09-24T11:14:18.584+03:00 [RX chat] {"data_b64":"W1NZU10gQ0ZHIHNjaGVtYT0yIHM=","description":"ble:LoRa-Chatter-72E0 E0:72:A1:D5:4C:15","device_key":"ble-address:e0:72:a1:d5:4c:15","kind":"rx","seq":424,"session":"s2","stream":"chat","text":"[SYS] CFG schema=2 s","timestamp":1790237658.5841982}
2026-09-24T11:14:18.584+03:00 [RX chat] {"data_b64":"dG9yYWdlPU5WUyBmcmVxX29vYj0=","description":"ble:LoRa-Chatter-72E0 E0:72:A1:D5:4C:15","device_key":"ble-address:e0:72:a1:d5:4c:15","kind":"rx","seq":425,"session":"s2","stream":"chat","text":"torage=NVS freq_oob=","timestamp":1790237658.5847368}
2026-09-24T11:14:18.586+03:00 [RX chat] {"data_b64":"T0ZGCg==","description":"ble:LoRa-Chatter-72E0 E0:72:A1:D5:4C:15","device_key":"ble-address:e0:72:a1:d5:4c:15","kind":"rx","seq":426,"session":"s2","stream":"chat","text":"OFF\n","timestamp":1790237658.5855222}
2026-09-24T11:14:18.586+03:00 [RX chat] {"data_b64":"W1NZU10gQ0ZHIFJBRElPIHBvd2U=","description":"ble:LoRa-Chatter-72E0 E0:72:A1:D5:4C:15","device_key":"ble-address:e0:72:a1:d5:4c:15","kind":"rx","seq":427,"session":"s2","stream":"chat","text":"[SYS] CFG RADIO powe","timestamp":1790237658.5864244}
2026-09-24T11:14:18.587+03:00 [RX chat] {"data_b64":"cj0yIGRCbSBmcmVxPTQ3MCBNSHo=","description":"ble:LoRa-Chatter-72E0 E0:72:A1:D5:4C:15","device_key":"ble-address:e0:72:a1:d5:4c:15","kind":"rx","seq":428,"session":"s2","stream":"chat","text":"r=2 dBm freq=470 MHz","timestamp":1790237658.587182}
2026-09-24T11:14:18.588+03:00 [RX chat] {"data_b64":"IHNmPTcgYnc9NTAwIGtIego=","description":"ble:LoRa-Chatter-72E0 E0:72:A1:D5:4C:15","device_key":"ble-address:e0:72:a1:d5:4c:15","kind":"rx","seq":429,"session":"s2","stream":"chat","text":" sf=7 bw=500 kHz\n","timestamp":1790237658.5876446}
2026-09-24T11:14:18.588+03:00 [RX chat] {"data_b64":"W1NZU10gQ0ZHIExJTksgaGVhcnQ=","description":"ble:LoRa-Chatter-72E0 E0:72:A1:D5:4C:15","device_key":"ble-address:e0:72:a1:d5:4c:15","kind":"rx","seq":430,"session":"s2","stream":"chat","text":"[SYS] CFG LINK heart","timestamp":1790237658.5883143}
2026-09-24T11:14:18.589+03:00 [RX chat] {"data_b64":"YmVhdD1PRkYgcmV0cnk9T04gYXQ=","description":"ble:LoRa-Chatter-72E0 E0:72:A1:D5:4C:15","device_key":"ble-address:e0:72:a1:d5:4c:15","kind":"rx","seq":431,"session":"s2","stream":"chat","text":"beat=OFF retry=ON at","timestamp":1790237658.5892656}
2026-09-24T11:14:18.589+03:00 [RX chat] {"data_b64":"dGVtcHRzPTUgZGlhZz1PRkYK","description":"ble:LoRa-Chatter-72E0 E0:72:A1:D5:4C:15","device_key":"ble-address:e0:72:a1:d5:4c:15","kind":"rx","seq":432,"session":"s2","stream":"chat","text":"tempts=5 diag=OFF\n","timestamp":1790237658.5893447}
2026-09-24T11:14:24.028+03:00 [RX telemetry] {"data_b64":"ClNFU1NJT04gdD00OTgxcyBUWCA=","description":"ble:LoRa-Chatter-72E0 E0:72:A1:D5:4C:15","device_key":"ble-address:e0:72:a1:d5:4c:15","kind":"rx","seq":433,"session":"s2","stream":"telemetry","text":"\nSESSION t=4981s TX ","timestamp":1790237664.0280488}
2026-09-24T11:14:24.029+03:00 [RX telemetry] {"data_b64":"b2s9MjEgdXNlcj0wIGVjaG9fcmU=","description":"ble:LoRa-Chatter-72E0 E0:72:A1:D5:4C:15","device_key":"ble-address:e0:72:a1:d5:4c:15","kind":"rx","seq":434,"session":"s2","stream":"telemetry","text":"ok=21 user=0 echo_re","timestamp":1790237664.028539}
2026-09-24T11:14:24.029+03:00 [RX telemetry] {"data_b64":"cT0wIGVjaG9fcmVwPTAgaGI9MjE=","description":"ble:LoRa-Chatter-72E0 E0:72:A1:D5:4C:15","device_key":"ble-address:e0:72:a1:d5:4c:15","kind":"rx","seq":435,"session":"s2","stream":"telemetry","text":"q=0 echo_rep=0 hb=21","timestamp":1790237664.0294871}
2026-09-24T11:14:24.030+03:00 [RX telemetry] {"data_b64":"KGlkbGU9MTkpIGVycj0wIHN0YXI=","description":"ble:LoRa-Chatter-72E0 E0:72:A1:D5:4C:15","device_key":"ble-address:e0:72:a1:d5:4c:15","kind":"rx","seq":436,"session":"s2","stream":"telemetry","text":"(idle=19) err=0 star","timestamp":1790237664.030162}
2026-09-24T11:14:24.031+03:00 [RX telemetry] {"data_b64":"dGVkPTIxIFJYIG9rPTEwIHVzZXI=","description":"ble:LoRa-Chatter-72E0 E0:72:A1:D5:4C:15","device_key":"ble-address:e0:72:a1:d5:4c:15","kind":"rx","seq":437,"session":"s2","stream":"telemetry","text":"ted=21 RX ok=10 user","timestamp":1790237664.030551}
2026-09-24T11:14:24.031+03:00 [RX telemetry] {"data_b64":"PTAgZWNob19yZXE9MCBlY2hvX3I=","description":"ble:LoRa-Chatter-72E0 E0:72:A1:D5:4C:15","device_key":"ble-address:e0:72:a1:d5:4c:15","kind":"rx","seq":438,"session":"s2","stream":"telemetry","text":"=0 echo_req=0 echo_r","timestamp":1790237664.031095}
2026-09-24T11:14:24.032+03:00 [RX telemetry] {"data_b64":"ZXA9MCBoYj0yIGNyYz0wIGhkcj0=","description":"ble:LoRa-Chatter-72E0 E0:72:A1:D5:4C:15","device_key":"ble-address:e0:72:a1:d5:4c:15","kind":"rx","seq":439,"session":"s2","stream":"telemetry","text":"ep=0 hb=2 crc=0 hdr=","timestamp":1790237664.0322275}
2026-09-24T11:14:24.033+03:00 [RX telemetry] {"data_b64":"MCBiYWQ9MCByZWFkZXJyPTAgcmU=","description":"ble:LoRa-Chatter-72E0 E0:72:A1:D5:4C:15","device_key":"ble-address:e0:72:a1:d5:4c:15","kind":"rx","seq":440,"session":"s2","stream":"telemetry","text":"0 bad=0 readerr=0 re","timestamp":1790237664.032957}
2026-09-24T11:14:24.033+03:00 [RX telemetry] {"data_b64":"cG9ydHM9MTAgUT00MiUgZHJvcHM=","description":"ble:LoRa-Chatter-72E0 E0:72:A1:D5:4C:15","device_key":"ble-address:e0:72:a1:d5:4c:15","kind":"rx","seq":441,"session":"s2","stream":"telemetry","text":"ports=10 Q=42% drops","timestamp":1790237664.0330532}
2026-09-24T11:14:24.034+03:00 [RX telemetry] {"data_b64":"PTAgZmF0YWw9MAo=","description":"ble:LoRa-Chatter-72E0 E0:72:A1:D5:4C:15","device_key":"ble-address:e0:72:a1:d5:4c:15","kind":"rx","seq":442,"session":"s2","stream":"telemetry","text":"=0 fatal=0\n","timestamp":1790237664.0340006}
2026-09-24T11:14:24.034+03:00 [RX telemetry] {"data_b64":"U0VTU0lPTiBDT1VSVEVTWSB3aW4=","description":"ble:LoRa-Chatter-72E0 E0:72:A1:D5:4C:15","device_key":"ble-address:e0:72:a1:d5:4c:15","kind":"rx","seq":443,"session":"s2","stream":"telemetry","text":"SESSION COURTESY win","timestamp":1790237664.03425}
2026-09-24T11:14:24.035+03:00 [RX telemetry] {"data_b64":"ZG93PTUwMDBtcyBwZWVyX3JlbGU=","description":"ble:LoRa-Chatter-72E0 E0:72:A1:D5:4C:15","device_key":"ble-address:e0:72:a1:d5:4c:15","kind":"rx","seq":444,"session":"s2","stream":"telemetry","text":"dow=5000ms peer_rele","timestamp":1790237664.0352762}
2026-09-24T11:14:24.036+03:00 [RX telemetry] {"data_b64":"YXNlPTAgZXhwaXJlZD0wIHlpZWw=","description":"ble:LoRa-Chatter-72E0 E0:72:A1:D5:4C:15","device_key":"ble-address:e0:72:a1:d5:4c:15","kind":"rx","seq":445,"session":"s2","stream":"telemetry","text":"ase=0 expired=0 yiel","timestamp":1790237664.035533}
2026-09-24T11:14:24.036+03:00 [RX telemetry] {"data_b64":"ZGluZz0wCg==","description":"ble:LoRa-Chatter-72E0 E0:72:A1:D5:4C:15","device_key":"ble-address:e0:72:a1:d5:4c:15","kind":"rx","seq":446,"session":"s2","stream":"telemetry","text":"ding=0\n","timestamp":1790237664.0362434}
2026-09-24T11:14:24.037+03:00 [RX telemetry] {"data_b64":"U0VTU0lPTiBESU8wX1RYIGFmZmU=","description":"ble:LoRa-Chatter-72E0 E0:72:A1:D5:4C:15","device_key":"ble-address:e0:72:a1:d5:4c:15","kind":"rx","seq":447,"session":"s2","stream":"telemetry","text":"SESSION DIO0_TX affe","timestamp":1790237664.0371816}
2026-09-24T11:14:24.038+03:00 [RX telemetry] {"data_b64":"Y3RlZD0wLzIxIGVwaXNvZGVzPTA=","description":"ble:LoRa-Chatter-72E0 E0:72:A1:D5:4C:15","device_key":"ble-address:e0:72:a1:d5:4c:15","kind":"rx","seq":448,"session":"s2","stream":"telemetry","text":"cted=0/21 episodes=0","timestamp":1790237664.0382152}
2026-09-24T11:14:24.039+03:00 [RX telemetry] {"data_b64":"IGF2Z19hbGw9MC4wMCBhdmdfYWY=","description":"ble:LoRa-Chatter-72E0 E0:72:A1:D5:4C:15","device_key":"ble-address:e0:72:a1:d5:4c:15","kind":"rx","seq":449,"session":"s2","stream":"telemetry","text":" avg_all=0.00 avg_af","timestamp":1790237664.0383139}
2026-09-24T11:14:24.039+03:00 [RX telemetry] {"data_b64":"ZmVjdGVkPTAuMDAgaGlnaF9wb2w=","description":"ble:LoRa-Chatter-72E0 E0:72:A1:D5:4C:15","device_key":"ble-address:e0:72:a1:d5:4c:15","kind":"rx","seq":450,"session":"s2","stream":"telemetry","text":"fected=0.00 high_pol","timestamp":1790237664.038942}
2026-09-24T11:14:24.040+03:00 [RX telemetry] {"data_b64":"bHM9MAo=","description":"ble:LoRa-Chatter-72E0 E0:72:A1:D5:4C:15","device_key":"ble-address:e0:72:a1:d5:4c:15","kind":"rx","seq":451,"session":"s2","stream":"telemetry","text":"ls=0\n","timestamp":1790237664.0397265}
2026-09-24T11:14:24.040+03:00 [RX telemetry] {"data_b64":"U0VTU0lPTiBSWF9QT0xMIHBvbGw=","description":"ble:LoRa-Chatter-72E0 E0:72:A1:D5:4C:15","device_key":"ble-address:e0:72:a1:d5:4c:15","kind":"rx","seq":452,"session":"s2","stream":"telemetry","text":"SESSION RX_POLL poll","timestamp":1790237664.040085}
2026-09-24T11:14:24.041+03:00 [RX telemetry] {"data_b64":"cz00OTMxNjAxIHJ4ZG9uZT0xMCA=","description":"ble:LoRa-Chatter-72E0 E0:72:A1:D5:4C:15","device_key":"ble-address:e0:72:a1:d5:4c:15","kind":"rx","seq":453,"session":"s2","stream":"telemetry","text":"s=4931601 rxdone=10 ","timestamp":1790237664.0410173}
2026-09-24T11:14:24.041+03:00 [RX telemetry] {"data_b64":"aW50ZXJ2YWw9MTAwMHVzIERJTzA=","description":"ble:LoRa-Chatter-72E0 E0:72:A1:D5:4C:15","device_key":"ble-address:e0:72:a1:d5:4c:15","kind":"rx","seq":454,"session":"s2","stream":"telemetry","text":"interval=1000us DIO0","timestamp":1790237664.0416245}
2026-09-24T11:14:24.072+03:00 [RX telemetry] {"data_b64":"X1JYIGZhbHNlX2hpZ2hfZXA9MCA=","description":"ble:LoRa-Chatter-72E0 E0:72:A1:D5:4C:15","device_key":"ble-address:e0:72:a1:d5:4c:15","kind":"rx","seq":455,"session":"s2","stream":"telemetry","text":"_RX false_high_ep=0 ","timestamp":1790237664.0727048}
2026-09-24T11:14:24.073+03:00 [RX telemetry] {"data_b64":"aGlnaF9wb2xscz0wIHJ4ZG9uZV8=","description":"ble:LoRa-Chatter-72E0 E0:72:A1:D5:4C:15","device_key":"ble-address:e0:72:a1:d5:4c:15","kind":"rx","seq":456,"session":"s2","stream":"telemetry","text":"high_polls=0 rxdone_","timestamp":1790237664.0734558}
2026-09-24T11:14:24.074+03:00 [RX telemetry] {"data_b64":"bG93PTEgaXNyPWRpc2FibGVkCg==","description":"ble:LoRa-Chatter-72E0 E0:72:A1:D5:4C:15","device_key":"ble-address:e0:72:a1:d5:4c:15","kind":"rx","seq":457,"session":"s2","stream":"telemetry","text":"low=1 isr=disabled\n","timestamp":1790237664.074}
2026-09-24T11:14:33.307+03:00 [AGENT REQUEST] {"id":45,"op":"observe","cursors":{"s1":430,"s2":414},"timeout_ms":10000}
2026-09-24T11:14:33.308+03:00 [AGENT RESPONSE] {"id":45,"ok":true,"result":{"cursors":{"s1":448,"s2":457},"lines":[{"seq_first":421,"seq_last":421,"session":"s2","stream":"chat","text":"[SYS] SF 7 SAVED"},{"seq_first":437,"seq_last":437,"session":"s1","stream":"chat","text":"[SYS] SF 7 SAVED"},{"seq_first":438,"seq_last":439,"session":"s1","stream":"chat","text":"[SYS] BW 500 kHz SAVED"},{"seq_first":440,"seq_last":442,"session":"s1","stream":"chat","text":"[SYS] CFG schema=2 storage=NVS freq_oob=OFF"},{"seq_first":443,"seq_last":445,"session":"s1","stream":"chat","text":"[SYS] CFG RADIO power=2 dBm freq=470 MHz sf=7 bw=500 kHz"},{"seq_first":446,"seq_last":448,"session":"s1","stream":"chat","text":"[SYS] CFG LINK heartbeat=OFF retry=ON attempts=5 diag=OFF"},{"seq_first":422,"seq_last":423,"session":"s2","stream":"chat","text":"[SYS] BW 500 kHz SAVED"},{"seq_first":424,"seq_last":426,"session":"s2","stream":"chat","text":"[SYS] CFG schema=2 storage=NVS freq_oob=OFF"},{"seq_first":427,"seq_last":429,"session":"s2","stream":"chat","text":"[SYS] CFG RADIO power=2 dBm freq=470 MHz sf=7 bw=500 kHz"},{"seq_first":430,"seq_last":432,"session":"s2","stream":"chat","text":"[SYS] CFG LINK heartbeat=OFF retry=ON attempts=5 diag=OFF"},{"seq_first":433,"seq_last":433,"session":"s2","stream":"telemetry","text":""},{"seq_first":433,"seq_last":442,"session":"s2","stream":"telemetry","text":"SESSION t=4981s TX ok=21 user=0 echo_req=0 echo_rep=0 hb=21(idle=19) err=0 started=21 RX ok=10 user=0 echo_req=0 echo_rep=0 hb=2 crc=0 hdr=0 bad=0 readerr=0 reports=10 Q=42% drops=0 fatal=0"},{"seq_first":443,"seq_last":446,"session":"s2","stream":"telemetry","text":"SESSION COURTESY window=5000ms peer_release=0 expired=0 yielding=0"},{"seq_first":447,"seq_last":451,"session":"s2","stream":"telemetry","text":"SESSION DIO0_TX affected=0/21 episodes=0 avg_all=0.00 avg_affected=0.00 high_polls=0"},{"seq_first":452,"seq_last":457,"session":"s2","stream":"telemetry","text":"SESSION RX_POLL polls=4931601 rxdone=10 interval=1000us DIO0_RX false_high_ep=0 high_polls=0 rxdone_low=1 isr=disabled"}],"timed_out":false}}
2026-09-24T11:14:42.276+03:00 [RX telemetry] {"data_b64":"ClNFU1NJT04gdD01MDQwcyBUWCA=","description":"ble:LoRa-Chatter-1B44 44:1B:F6:8D:B7:A9","device_key":"ble-address:44:1b:f6:8d:b7:a9","kind":"rx","seq":449,"session":"s1","stream":"telemetry","text":"\nSESSION t=5040s TX ","timestamp":1790237682.2760363}
2026-09-24T11:14:42.277+03:00 [RX telemetry] {"data_b64":"b2s9MjEgdXNlcj0wIGVjaG9fcmU=","description":"ble:LoRa-Chatter-1B44 44:1B:F6:8D:B7:A9","device_key":"ble-address:44:1b:f6:8d:b7:a9","kind":"rx","seq":450,"session":"s1","stream":"telemetry","text":"ok=21 user=0 echo_re","timestamp":1790237682.2771626}
2026-09-24T11:14:42.278+03:00 [RX telemetry] {"data_b64":"cT0wIGVjaG9fcmVwPTAgaGI9MjE=","description":"ble:LoRa-Chatter-1B44 44:1B:F6:8D:B7:A9","device_key":"ble-address:44:1b:f6:8d:b7:a9","kind":"rx","seq":451,"session":"s1","stream":"telemetry","text":"q=0 echo_rep=0 hb=21","timestamp":1790237682.27728}
2026-09-24T11:14:42.278+03:00 [RX telemetry] {"data_b64":"KGlkbGU9MTMpIGVycj0wIHN0YXI=","description":"ble:LoRa-Chatter-1B44 44:1B:F6:8D:B7:A9","device_key":"ble-address:44:1b:f6:8d:b7:a9","kind":"rx","seq":452,"session":"s1","stream":"telemetry","text":"(idle=13) err=0 star","timestamp":1790237682.2780623}
2026-09-24T11:14:42.279+03:00 [RX telemetry] {"data_b64":"dGVkPTIxIFJYIG9rPTEwIHVzZXI=","description":"ble:LoRa-Chatter-1B44 44:1B:F6:8D:B7:A9","device_key":"ble-address:44:1b:f6:8d:b7:a9","kind":"rx","seq":453,"session":"s1","stream":"telemetry","text":"ted=21 RX ok=10 user","timestamp":1790237682.27925}
2026-09-24T11:14:42.280+03:00 [RX telemetry] {"data_b64":"PTAgZWNob19yZXE9MCBlY2hvX3I=","description":"ble:LoRa-Chatter-1B44 44:1B:F6:8D:B7:A9","device_key":"ble-address:44:1b:f6:8d:b7:a9","kind":"rx","seq":454,"session":"s1","stream":"telemetry","text":"=0 echo_req=0 echo_r","timestamp":1790237682.2793295}
2026-09-24T11:14:42.280+03:00 [RX telemetry] {"data_b64":"ZXA9MCBoYj04IGNyYz0wIGhkcj0=","description":"ble:LoRa-Chatter-1B44 44:1B:F6:8D:B7:A9","device_key":"ble-address:44:1b:f6:8d:b7:a9","kind":"rx","seq":455,"session":"s1","stream":"telemetry","text":"ep=0 hb=8 crc=0 hdr=","timestamp":1790237682.2799003}
2026-09-24T11:14:42.281+03:00 [RX telemetry] {"data_b64":"MCBiYWQ9MSByZWFkZXJyPTAgcmU=","description":"ble:LoRa-Chatter-1B44 44:1B:F6:8D:B7:A9","device_key":"ble-address:44:1b:f6:8d:b7:a9","kind":"rx","seq":456,"session":"s1","stream":"telemetry","text":"0 bad=1 readerr=0 re","timestamp":1790237682.281252}
2026-09-24T11:14:42.281+03:00 [RX telemetry] {"data_b64":"cG9ydHM9OSBRPTE1JSBkcm9wcz0=","description":"ble:LoRa-Chatter-1B44 44:1B:F6:8D:B7:A9","device_key":"ble-address:44:1b:f6:8d:b7:a9","kind":"rx","seq":457,"session":"s1","stream":"telemetry","text":"ports=9 Q=15% drops=","timestamp":1790237682.2813337}
2026-09-24T11:14:42.282+03:00 [RX telemetry] {"data_b64":"MCBmYXRhbD0wCg==","description":"ble:LoRa-Chatter-1B44 44:1B:F6:8D:B7:A9","device_key":"ble-address:44:1b:f6:8d:b7:a9","kind":"rx","seq":458,"session":"s1","stream":"telemetry","text":"0 fatal=0\n","timestamp":1790237682.2824156}
2026-09-24T11:14:42.283+03:00 [RX telemetry] {"data_b64":"U0VTU0lPTiBDT1VSVEVTWSB3aW4=","description":"ble:LoRa-Chatter-1B44 44:1B:F6:8D:B7:A9","device_key":"ble-address:44:1b:f6:8d:b7:a9","kind":"rx","seq":459,"session":"s1","stream":"telemetry","text":"SESSION COURTESY win","timestamp":1790237682.2825615}
2026-09-24T11:14:42.283+03:00 [RX telemetry] {"data_b64":"ZG93PTUwMDBtcyBwZWVyX3JlbGU=","description":"ble:LoRa-Chatter-1B44 44:1B:F6:8D:B7:A9","device_key":"ble-address:44:1b:f6:8d:b7:a9","kind":"rx","seq":460,"session":"s1","stream":"telemetry","text":"dow=5000ms peer_rele","timestamp":1790237682.2835815}
2026-09-24T11:14:42.284+03:00 [RX telemetry] {"data_b64":"YXNlPTAgZXhwaXJlZD0wIHlpZWw=","description":"ble:LoRa-Chatter-1B44 44:1B:F6:8D:B7:A9","device_key":"ble-address:44:1b:f6:8d:b7:a9","kind":"rx","seq":461,"session":"s1","stream":"telemetry","text":"ase=0 expired=0 yiel","timestamp":1790237682.2845557}
2026-09-24T11:14:42.285+03:00 [RX telemetry] {"data_b64":"ZGluZz0wCg==","description":"ble:LoRa-Chatter-1B44 44:1B:F6:8D:B7:A9","device_key":"ble-address:44:1b:f6:8d:b7:a9","kind":"rx","seq":462,"session":"s1","stream":"telemetry","text":"ding=0\n","timestamp":1790237682.2846322}
2026-09-24T11:14:42.285+03:00 [RX telemetry] {"data_b64":"U0VTU0lPTiBESU8wX1RYIGFmZmU=","description":"ble:LoRa-Chatter-1B44 44:1B:F6:8D:B7:A9","device_key":"ble-address:44:1b:f6:8d:b7:a9","kind":"rx","seq":463,"session":"s1","stream":"telemetry","text":"SESSION DIO0_TX affe","timestamp":1790237682.2857008}
2026-09-24T11:14:42.286+03:00 [RX telemetry] {"data_b64":"Y3RlZD0wLzIxIGVwaXNvZGVzPTA=","description":"ble:LoRa-Chatter-1B44 44:1B:F6:8D:B7:A9","device_key":"ble-address:44:1b:f6:8d:b7:a9","kind":"rx","seq":464,"session":"s1","stream":"telemetry","text":"cted=0/21 episodes=0","timestamp":1790237682.2857666}
2026-09-24T11:14:42.286+03:00 [RX telemetry] {"data_b64":"IGF2Z19hbGw9MC4wMCBhdmdfYWY=","description":"ble:LoRa-Chatter-1B44 44:1B:F6:8D:B7:A9","device_key":"ble-address:44:1b:f6:8d:b7:a9","kind":"rx","seq":465,"session":"s1","stream":"telemetry","text":" avg_all=0.00 avg_af","timestamp":1790237682.2865913}
2026-09-24T11:14:42.287+03:00 [RX telemetry] {"data_b64":"ZmVjdGVkPTAuMDAgaGlnaF9wb2w=","description":"ble:LoRa-Chatter-1B44 44:1B:F6:8D:B7:A9","device_key":"ble-address:44:1b:f6:8d:b7:a9","kind":"rx","seq":466,"session":"s1","stream":"telemetry","text":"fected=0.00 high_pol","timestamp":1790237682.2871778}
2026-09-24T11:14:42.288+03:00 [RX telemetry] {"data_b64":"bHM9MAo=","description":"ble:LoRa-Chatter-1B44 44:1B:F6:8D:B7:A9","device_key":"ble-address:44:1b:f6:8d:b7:a9","kind":"rx","seq":467,"session":"s1","stream":"telemetry","text":"ls=0\n","timestamp":1790237682.2880087}
2026-09-24T11:14:42.289+03:00 [RX telemetry] {"data_b64":"U0VTU0lPTiBSWF9QT0xMIHBvbGw=","description":"ble:LoRa-Chatter-1B44 44:1B:F6:8D:B7:A9","device_key":"ble-address:44:1b:f6:8d:b7:a9","kind":"rx","seq":468,"session":"s1","stream":"telemetry","text":"SESSION RX_POLL poll","timestamp":1790237682.2888682}
2026-09-24T11:14:42.290+03:00 [RX telemetry] {"data_b64":"cz01MDExMDAyIHJ4ZG9uZT0xMSA=","description":"ble:LoRa-Chatter-1B44 44:1B:F6:8D:B7:A9","device_key":"ble-address:44:1b:f6:8d:b7:a9","kind":"rx","seq":469,"session":"s1","stream":"telemetry","text":"s=5011002 rxdone=11 ","timestamp":1790237682.2897174}
2026-09-24T11:14:42.290+03:00 [RX telemetry] {"data_b64":"aW50ZXJ2YWw9MTAwMHVzIERJTzA=","description":"ble:LoRa-Chatter-1B44 44:1B:F6:8D:B7:A9","device_key":"ble-address:44:1b:f6:8d:b7:a9","kind":"rx","seq":470,"session":"s1","stream":"telemetry","text":"interval=1000us DIO0","timestamp":1790237682.2897835}
2026-09-24T11:14:42.291+03:00 [RX telemetry] {"data_b64":"X1JYIGZhbHNlX2hpZ2hfZXA9MCA=","description":"ble:LoRa-Chatter-1B44 44:1B:F6:8D:B7:A9","device_key":"ble-address:44:1b:f6:8d:b7:a9","kind":"rx","seq":471,"session":"s1","stream":"telemetry","text":"_RX false_high_ep=0 ","timestamp":1790237682.290992}
2026-09-24T11:14:42.291+03:00 [RX telemetry] {"data_b64":"aGlnaF9wb2xscz0wIHJ4ZG9uZV8=","description":"ble:LoRa-Chatter-1B44 44:1B:F6:8D:B7:A9","device_key":"ble-address:44:1b:f6:8d:b7:a9","kind":"rx","seq":472,"session":"s1","stream":"telemetry","text":"high_polls=0 rxdone_","timestamp":1790237682.291054}
2026-09-24T11:14:42.292+03:00 [RX telemetry] {"data_b64":"bG93PTEgaXNyPWRpc2FibGVkCg==","description":"ble:LoRa-Chatter-1B44 44:1B:F6:8D:B7:A9","device_key":"ble-address:44:1b:f6:8d:b7:a9","kind":"rx","seq":473,"session":"s1","stream":"telemetry","text":"low=1 isr=disabled\n","timestamp":1790237682.2920687}
2026-09-24T11:14:52.262+03:00 [AGENT REQUEST] {"id":46,"op":"send_line","session":"s1","text":"/heartbeat on"}
2026-09-24T11:14:52.263+03:00 [AGENT RESPONSE] {"id":46,"ok":true,"result":{"state":"queued","tx_id":17}}
2026-09-24T11:14:52.264+03:00 [TX] {"data_b64":"L2hlYXJ0YmVhdCBvbgo=","device_key":"ble-address:44:1b:f6:8d:b7:a9","kind":"tx","seq":474,"session":"s1","text":"/heartbeat on","timestamp":1790237692.2632806,"tx_id":17,"tx_state":"queued"}
2026-09-24T11:14:52.264+03:00 [AGENT REQUEST] {"id":47,"op":"send_line","session":"s2","text":"/heartbeat on"}
2026-09-24T11:14:52.266+03:00 [TX] {"data_b64":"L2hlYXJ0YmVhdCBvbgo=","device_key":"ble-address:e0:72:a1:d5:4c:15","kind":"tx","seq":458,"session":"s2","text":"/heartbeat on","timestamp":1790237692.2651298,"tx_id":17,"tx_state":"queued"}
2026-09-24T11:14:52.267+03:00 [AGENT RESPONSE] {"id":47,"ok":true,"result":{"state":"queued","tx_id":17}}
2026-09-24T11:14:52.267+03:00 [TX] {"data_b64":"L2hlYXJ0YmVhdCBvbgo=","description":"ble:LoRa-Chatter-1B44 44:1B:F6:8D:B7:A9","device_key":"ble-address:44:1b:f6:8d:b7:a9","kind":"tx","seq":475,"session":"s1","text":"/heartbeat on","timestamp":1790237692.2667358,"tx_id":17,"tx_state":"written"}
2026-09-24T11:14:52.268+03:00 [TX] {"data_b64":"L2hlYXJ0YmVhdCBvbgo=","description":"ble:LoRa-Chatter-72E0 E0:72:A1:D5:4C:15","device_key":"ble-address:e0:72:a1:d5:4c:15","kind":"tx","seq":459,"session":"s2","text":"/heartbeat on","timestamp":1790237692.2678437,"tx_id":17,"tx_state":"written"}
2026-09-24T11:14:52.332+03:00 [RX chat] {"data_b64":"W1NZU10gSEVBUlRCRUFUIE9OCg==","description":"ble:LoRa-Chatter-72E0 E0:72:A1:D5:4C:15","device_key":"ble-address:e0:72:a1:d5:4c:15","kind":"rx","seq":460,"session":"s2","stream":"chat","text":"[SYS] HEARTBEAT ON\n","timestamp":1790237692.3318624}
2026-09-24T11:14:52.355+03:00 [RX chat] {"data_b64":"W1NZU10gSEVBUlRCRUFUIE9OCg==","description":"ble:LoRa-Chatter-1B44 44:1B:F6:8D:B7:A9","device_key":"ble-address:44:1b:f6:8d:b7:a9","kind":"rx","seq":476,"session":"s1","stream":"chat","text":"[SYS] HEARTBEAT ON\n","timestamp":1790237692.3547502}
2026-09-24T11:14:57.327+03:00 [RX telemetry] {"data_b64":"ClRYIEhFQVJUQkVBVCBQSU5HIHM=","description":"ble:LoRa-Chatter-72E0 E0:72:A1:D5:4C:15","device_key":"ble-address:e0:72:a1:d5:4c:15","kind":"rx","seq":461,"session":"s2","stream":"telemetry","text":"\nTX HEARTBEAT PING s","timestamp":1790237697.3274112}
2026-09-24T11:14:57.328+03:00 [RX telemetry] {"data_b64":"ZXE9MjEgZnJhbWU9MTJCIHJlYXM=","description":"ble:LoRa-Chatter-72E0 E0:72:A1:D5:4C:15","device_key":"ble-address:e0:72:a1:d5:4c:15","kind":"rx","seq":462,"session":"s2","stream":"telemetry","text":"eq=21 frame=12B reas","timestamp":1790237697.3283145}
2026-09-24T11:14:57.329+03:00 [RX telemetry] {"data_b64":"b249aWRsZSBPSyB0aW1lPTEyIG0=","description":"ble:LoRa-Chatter-72E0 E0:72:A1:D5:4C:15","device_key":"ble-address:e0:72:a1:d5:4c:15","kind":"rx","seq":463,"session":"s2","stream":"telemetry","text":"on=idle OK time=12 m","timestamp":1790237697.3291585}
2026-09-24T11:14:57.331+03:00 [RX telemetry] {"data_b64":"cyByZXNwb25zZTw9NzEzbXMK","description":"ble:LoRa-Chatter-72E0 E0:72:A1:D5:4C:15","device_key":"ble-address:e0:72:a1:d5:4c:15","kind":"rx","seq":464,"session":"s2","stream":"telemetry","text":"s response<=713ms\n","timestamp":1790237697.3306658}
2026-09-24T11:14:57.349+03:00 [RX telemetry] {"data_b64":"UEVFUl9SRVBPUlQgb3VyX3NlcT0=","description":"ble:LoRa-Chatter-1B44 44:1B:F6:8D:B7:A9","device_key":"ble-address:44:1b:f6:8d:b7:a9","kind":"rx","seq":477,"session":"s1","stream":"telemetry","text":"PEER_REPORT our_seq=","timestamp":1790237697.349682}
2026-09-24T11:14:57.350+03:00 [RX telemetry] {"data_b64":"MTkgVFg9LTYzLzEyIFE0Mgo=","description":"ble:LoRa-Chatter-1B44 44:1B:F6:8D:B7:A9","device_key":"ble-address:44:1b:f6:8d:b7:a9","kind":"rx","seq":478,"session":"s1","stream":"telemetry","text":"19 TX=-63/12 Q42\n","timestamp":1790237697.3505912}
2026-09-24T11:14:57.351+03:00 [RX telemetry] {"data_b64":"UlggSEVBUlRCRUFUIFBJTkcgc2U=","description":"ble:LoRa-Chatter-1B44 44:1B:F6:8D:B7:A9","device_key":"ble-address:44:1b:f6:8d:b7:a9","kind":"rx","seq":479,"session":"s1","stream":"telemetry","text":"RX HEARTBEAT PING se","timestamp":1790237697.3516195}
2026-09-24T11:14:57.352+03:00 [RX telemetry] {"data_b64":"c3Npb249Q0NFRCBzZXE9MjEgZnI=","description":"ble:LoRa-Chatter-1B44 44:1B:F6:8D:B7:A9","device_key":"ble-address:44:1b:f6:8d:b7:a9","kind":"rx","seq":480,"session":"s1","stream":"telemetry","text":"ssion=CCED seq=21 fr","timestamp":1790237697.3527212}
2026-09-24T11:14:57.353+03:00 [RX telemetry] {"data_b64":"YW1lPTEyQiBSWD0tNjAvNSBRMTU=","description":"ble:LoRa-Chatter-1B44 44:1B:F6:8D:B7:A9","device_key":"ble-address:44:1b:f6:8d:b7:a9","kind":"rx","seq":481,"session":"s1","stream":"telemetry","text":"ame=12B RX=-60/5 Q15","timestamp":1790237697.3537614}
2026-09-24T11:14:57.354+03:00 [RX telemetry] {"data_b64":"Cg==","description":"ble:LoRa-Chatter-1B44 44:1B:F6:8D:B7:A9","device_key":"ble-address:44:1b:f6:8d:b7:a9","kind":"rx","seq":482,"session":"s1","stream":"telemetry","text":"\n","timestamp":1790237697.354747}
2026-09-24T11:14:57.530+03:00 [RX telemetry] {"data_b64":"ClRYIEhFQVJUQkVBVCBQT05HIHM=","description":"ble:LoRa-Chatter-1B44 44:1B:F6:8D:B7:A9","device_key":"ble-address:44:1b:f6:8d:b7:a9","kind":"rx","seq":483,"session":"s1","stream":"telemetry","text":"\nTX HEARTBEAT PONG s","timestamp":1790237697.5297952}
2026-09-24T11:14:57.530+03:00 [RX telemetry] {"data_b64":"ZXE9MjEgZnJhbWU9MTZCIHJlcXU=","description":"ble:LoRa-Chatter-1B44 44:1B:F6:8D:B7:A9","device_key":"ble-address:44:1b:f6:8d:b7:a9","kind":"rx","seq":484,"session":"s1","stream":"telemetry","text":"eq=21 frame=16B requ","timestamp":1790237697.530632}
2026-09-24T11:14:57.532+03:00 [RX telemetry] {"data_b64":"ZXN0PUNDRUQvMjEgT0sgdGltZT0=","description":"ble:LoRa-Chatter-1B44 44:1B:F6:8D:B7:A9","device_key":"ble-address:44:1b:f6:8d:b7:a9","kind":"rx","seq":485,"session":"s1","stream":"telemetry","text":"est=CCED/21 OK time=","timestamp":1790237697.531854}
2026-09-24T11:14:57.532+03:00 [RX telemetry] {"data_b64":"MTQgbXMK","description":"ble:LoRa-Chatter-1B44 44:1B:F6:8D:B7:A9","device_key":"ble-address:44:1b:f6:8d:b7:a9","kind":"rx","seq":486,"session":"s1","stream":"telemetry","text":"14 ms\n","timestamp":1790237697.5327313}
2026-09-24T11:14:57.551+03:00 [RX telemetry] {"data_b64":"UEVFUl9SRVBPUlQgb3VyX3NlcT0=","description":"ble:LoRa-Chatter-72E0 E0:72:A1:D5:4C:15","device_key":"ble-address:e0:72:a1:d5:4c:15","kind":"rx","seq":465,"session":"s2","stream":"telemetry","text":"PEER_REPORT our_seq=","timestamp":1790237697.5517259}
2026-09-24T11:14:57.552+03:00 [RX telemetry] {"data_b64":"MjEgVFg9LTYwLzUgUTE1Cg==","description":"ble:LoRa-Chatter-72E0 E0:72:A1:D5:4C:15","device_key":"ble-address:e0:72:a1:d5:4c:15","kind":"rx","seq":466,"session":"s2","stream":"telemetry","text":"21 TX=-60/5 Q15\n","timestamp":1790237697.5525324}
2026-09-24T11:14:57.553+03:00 [RX telemetry] {"data_b64":"UlggSEVBUlRCRUFUIFBPTkcgcmU=","description":"ble:LoRa-Chatter-72E0 E0:72:A1:D5:4C:15","device_key":"ble-address:e0:72:a1:d5:4c:15","kind":"rx","seq":467,"session":"s2","stream":"telemetry","text":"RX HEARTBEAT PONG re","timestamp":1790237697.5536528}
2026-09-24T11:14:57.554+03:00 [RX telemetry] {"data_b64":"cXVlc3Q9Q0NFRC8yMSBmcmFtZT0=","description":"ble:LoRa-Chatter-72E0 E0:72:A1:D5:4C:15","device_key":"ble-address:e0:72:a1:d5:4c:15","kind":"rx","seq":468,"session":"s2","stream":"telemetry","text":"quest=CCED/21 frame=","timestamp":1790237697.554365}
2026-09-24T11:14:57.555+03:00 [RX telemetry] {"data_b64":"MTZCIFJYPS01OC82IFE0NSBUWD0=","description":"ble:LoRa-Chatter-72E0 E0:72:A1:D5:4C:15","device_key":"ble-address:e0:72:a1:d5:4c:15","kind":"rx","seq":469,"session":"s2","stream":"telemetry","text":"16B RX=-58/6 Q45 TX=","timestamp":1790237697.5549452}
2026-09-24T11:14:57.555+03:00 [RX telemetry] {"data_b64":"LTYwLzUgUTE1Cg==","description":"ble:LoRa-Chatter-72E0 E0:72:A1:D5:4C:15","device_key":"ble-address:e0:72:a1:d5:4c:15","kind":"rx","seq":470,"session":"s2","stream":"telemetry","text":"-60/5 Q15\n","timestamp":1790237697.5556264}
2026-09-24T11:15:02.322+03:00 [RX telemetry] {"data_b64":"ClRYIEhFQVJUQkVBVCBQSU5HIHM=","description":"ble:LoRa-Chatter-72E0 E0:72:A1:D5:4C:15","device_key":"ble-address:e0:72:a1:d5:4c:15","kind":"rx","seq":471,"session":"s2","stream":"telemetry","text":"\nTX HEARTBEAT PING s","timestamp":1790237702.3219516}
2026-09-24T11:15:02.323+03:00 [RX telemetry] {"data_b64":"ZXE9MjIgZnJhbWU9MTJCIHJlYXM=","description":"ble:LoRa-Chatter-72E0 E0:72:A1:D5:4C:15","device_key":"ble-address:e0:72:a1:d5:4c:15","kind":"rx","seq":472,"session":"s2","stream":"telemetry","text":"eq=22 frame=12B reas","timestamp":1790237702.3228307}
2026-09-24T11:15:02.324+03:00 [RX telemetry] {"data_b64":"b249aWRsZSBPSyB0aW1lPTEyIG0=","description":"ble:LoRa-Chatter-72E0 E0:72:A1:D5:4C:15","device_key":"ble-address:e0:72:a1:d5:4c:15","kind":"rx","seq":473,"session":"s2","stream":"telemetry","text":"on=idle OK time=12 m","timestamp":1790237702.324077}
2026-09-24T11:15:02.325+03:00 [RX telemetry] {"data_b64":"cyByZXNwb25zZTw9NzEzbXMK","description":"ble:LoRa-Chatter-72E0 E0:72:A1:D5:4C:15","device_key":"ble-address:e0:72:a1:d5:4c:15","kind":"rx","seq":474,"session":"s2","stream":"telemetry","text":"s response<=713ms\n","timestamp":1790237702.3250318}
2026-09-24T11:15:02.344+03:00 [RX telemetry] {"data_b64":"ClRYIEhFQVJUQkVBVCBQSU5HIHM=","description":"ble:LoRa-Chatter-1B44 44:1B:F6:8D:B7:A9","device_key":"ble-address:44:1b:f6:8d:b7:a9","kind":"rx","seq":487,"session":"s1","stream":"telemetry","text":"\nTX HEARTBEAT PING s","timestamp":1790237702.3447292}
2026-09-24T11:15:02.345+03:00 [RX telemetry] {"data_b64":"ZXE9MjIgZnJhbWU9MTJCIHJlYXM=","description":"ble:LoRa-Chatter-1B44 44:1B:F6:8D:B7:A9","device_key":"ble-address:44:1b:f6:8d:b7:a9","kind":"rx","seq":488,"session":"s1","stream":"telemetry","text":"eq=22 frame=12B reas","timestamp":1790237702.345613}
2026-09-24T11:15:02.346+03:00 [RX telemetry] {"data_b64":"b249aWRsZSBPSyB0aW1lPTEyIG0=","description":"ble:LoRa-Chatter-1B44 44:1B:F6:8D:B7:A9","device_key":"ble-address:44:1b:f6:8d:b7:a9","kind":"rx","seq":489,"session":"s1","stream":"telemetry","text":"on=idle OK time=12 m","timestamp":1790237702.3466332}
2026-09-24T11:15:02.347+03:00 [RX telemetry] {"data_b64":"cyByZXNwb25zZTw9NzEzbXMK","description":"ble:LoRa-Chatter-1B44 44:1B:F6:8D:B7:A9","device_key":"ble-address:44:1b:f6:8d:b7:a9","kind":"rx","seq":490,"session":"s1","stream":"telemetry","text":"s response<=713ms\n","timestamp":1790237702.3476272}
2026-09-24T11:15:03.041+03:00 [RX telemetry] {"data_b64":"SEVBUlRCRUFUIFRJTUVPVVQgcmU=","description":"ble:LoRa-Chatter-72E0 E0:72:A1:D5:4C:15","device_key":"ble-address:e0:72:a1:d5:4c:15","kind":"rx","seq":475,"session":"s2","stream":"telemetry","text":"HEARTBEAT TIMEOUT re","timestamp":1790237703.04172}
2026-09-24T11:15:03.042+03:00 [RX telemetry] {"data_b64":"cXVlc3Q9Q0NFRC8yMiBvdXRjb20=","description":"ble:LoRa-Chatter-72E0 E0:72:A1:D5:4C:15","device_key":"ble-address:e0:72:a1:d5:4c:15","kind":"rx","seq":476,"session":"s2","stream":"telemetry","text":"quest=CCED/22 outcom","timestamp":1790237703.042531}
2026-09-24T11:15:03.044+03:00 [RX telemetry] {"data_b64":"ZT1OUlAgUlE9NDMgcGVlcl9xPWs=","description":"ble:LoRa-Chatter-72E0 E0:72:A1:D5:4C:15","device_key":"ble-address:e0:72:a1:d5:4c:15","kind":"rx","seq":477,"session":"s2","stream":"telemetry","text":"e=NRP RQ=43 peer_q=k","timestamp":1790237703.0440404}
2026-09-24T11:15:03.045+03:00 [RX telemetry] {"data_b64":"bm93biByZWNvdmVyeT0xIGppdHQ=","description":"ble:LoRa-Chatter-72E0 E0:72:A1:D5:4C:15","device_key":"ble-address:e0:72:a1:d5:4c:15","kind":"rx","seq":478,"session":"s2","stream":"telemetry","text":"nown recovery=1 jitt","timestamp":1790237703.0450103}
2026-09-24T11:15:03.046+03:00 [RX telemetry] {"data_b64":"ZXI8PTExbXMK","description":"ble:LoRa-Chatter-72E0 E0:72:A1:D5:4C:15","device_key":"ble-address:e0:72:a1:d5:4c:15","kind":"rx","seq":479,"session":"s2","stream":"telemetry","text":"er<=11ms\n","timestamp":1790237703.046133}
2026-09-24T11:15:03.064+03:00 [RX telemetry] {"data_b64":"SEVBUlRCRUFUIFRJTUVPVVQgcmU=","description":"ble:LoRa-Chatter-1B44 44:1B:F6:8D:B7:A9","device_key":"ble-address:44:1b:f6:8d:b7:a9","kind":"rx","seq":491,"session":"s1","stream":"telemetry","text":"HEARTBEAT TIMEOUT re","timestamp":1790237703.0646975}
2026-09-24T11:15:03.065+03:00 [RX telemetry] {"data_b64":"cXVlc3Q9RTEzMC8yMiBvdXRjb20=","description":"ble:LoRa-Chatter-1B44 44:1B:F6:8D:B7:A9","device_key":"ble-address:44:1b:f6:8d:b7:a9","kind":"rx","seq":492,"session":"s1","stream":"telemetry","text":"quest=E130/22 outcom","timestamp":1790237703.0655165}
2026-09-24T11:15:03.066+03:00 [RX telemetry] {"data_b64":"ZT1OUlAgUlE9MTQgcGVlcl9xPWs=","description":"ble:LoRa-Chatter-1B44 44:1B:F6:8D:B7:A9","device_key":"ble-address:44:1b:f6:8d:b7:a9","kind":"rx","seq":493,"session":"s1","stream":"telemetry","text":"e=NRP RQ=14 peer_q=k","timestamp":1790237703.0665922}
2026-09-24T11:15:03.068+03:00 [RX telemetry] {"data_b64":"bm93biByZWNvdmVyeT0xIGppdHQ=","description":"ble:LoRa-Chatter-1B44 44:1B:F6:8D:B7:A9","device_key":"ble-address:44:1b:f6:8d:b7:a9","kind":"rx","seq":494,"session":"s1","stream":"telemetry","text":"nown recovery=1 jitt","timestamp":1790237703.0679262}
2026-09-24T11:15:03.069+03:00 [RX telemetry] {"data_b64":"ZXI8PTExbXMK","description":"ble:LoRa-Chatter-1B44 44:1B:F6:8D:B7:A9","device_key":"ble-address:44:1b:f6:8d:b7:a9","kind":"rx","seq":495,"session":"s1","stream":"telemetry","text":"er<=11ms\n","timestamp":1790237703.0689025}
2026-09-24T11:15:07.319+03:00 [RX telemetry] {"data_b64":"ClRYIEhFQVJUQkVBVCBQSU5HIHM=","description":"ble:LoRa-Chatter-72E0 E0:72:A1:D5:4C:15","device_key":"ble-address:e0:72:a1:d5:4c:15","kind":"rx","seq":480,"session":"s2","stream":"telemetry","text":"\nTX HEARTBEAT PING s","timestamp":1790237707.3189688}
2026-09-24T11:15:07.320+03:00 [RX telemetry] {"data_b64":"ZXE9MjMgZnJhbWU9MTJCIHJlYXM=","description":"ble:LoRa-Chatter-72E0 E0:72:A1:D5:4C:15","device_key":"ble-address:e0:72:a1:d5:4c:15","kind":"rx","seq":481,"session":"s2","stream":"telemetry","text":"eq=23 frame=12B reas","timestamp":1790237707.3198996}
2026-09-24T11:15:07.321+03:00 [RX telemetry] {"data_b64":"b249aWRsZSBPSyB0aW1lPTEyIG0=","description":"ble:LoRa-Chatter-72E0 E0:72:A1:D5:4C:15","device_key":"ble-address:e0:72:a1:d5:4c:15","kind":"rx","seq":482,"session":"s2","stream":"telemetry","text":"on=idle OK time=12 m","timestamp":1790237707.3208427}
2026-09-24T11:15:07.322+03:00 [RX telemetry] {"data_b64":"cyByZXNwb25zZTw9NzEzbXMK","description":"ble:LoRa-Chatter-72E0 E0:72:A1:D5:4C:15","device_key":"ble-address:e0:72:a1:d5:4c:15","kind":"rx","seq":483,"session":"s2","stream":"telemetry","text":"s response<=713ms\n","timestamp":1790237707.3217337}
2026-09-24T11:15:07.340+03:00 [RX telemetry] {"data_b64":"UEVFUl9SRVBPUlQgb3VyX3NlcT0=","description":"ble:LoRa-Chatter-1B44 44:1B:F6:8D:B7:A9","device_key":"ble-address:44:1b:f6:8d:b7:a9","kind":"rx","seq":496,"session":"s1","stream":"telemetry","text":"PEER_REPORT our_seq=","timestamp":1790237707.3398054}
2026-09-24T11:15:07.341+03:00 [RX telemetry] {"data_b64":"MjEgVFg9LTU4LzYgUTQzCg==","description":"ble:LoRa-Chatter-1B44 44:1B:F6:8D:B7:A9","device_key":"ble-address:44:1b:f6:8d:b7:a9","kind":"rx","seq":497,"session":"s1","stream":"telemetry","text":"21 TX=-58/6 Q43\n","timestamp":1790237707.3408167}
2026-09-24T11:15:07.341+03:00 [RX telemetry] {"data_b64":"UlggSEVBUlRCRUFUIFBJTkcgc2U=","description":"ble:LoRa-Chatter-1B44 44:1B:F6:8D:B7:A9","device_key":"ble-address:44:1b:f6:8d:b7:a9","kind":"rx","seq":498,"session":"s1","stream":"telemetry","text":"RX HEARTBEAT PING se","timestamp":1790237707.341619}
2026-09-24T11:15:07.343+03:00 [RX telemetry] {"data_b64":"c3Npb249Q0NFRCBzZXE9MjMgZnI=","description":"ble:LoRa-Chatter-1B44 44:1B:F6:8D:B7:A9","device_key":"ble-address:44:1b:f6:8d:b7:a9","kind":"rx","seq":499,"session":"s1","stream":"telemetry","text":"ssion=CCED seq=23 fr","timestamp":1790237707.3427548}
2026-09-24T11:15:07.344+03:00 [RX telemetry] {"data_b64":"YW1lPTEyQiBSWD0tNjIvNiBRMTQ=","description":"ble:LoRa-Chatter-1B44 44:1B:F6:8D:B7:A9","device_key":"ble-address:44:1b:f6:8d:b7:a9","kind":"rx","seq":500,"session":"s1","stream":"telemetry","text":"ame=12B RX=-62/6 Q14","timestamp":1790237707.3438094}
2026-09-24T11:15:07.345+03:00 [RX telemetry] {"data_b64":"Cg==","description":"ble:LoRa-Chatter-1B44 44:1B:F6:8D:B7:A9","device_key":"ble-address:44:1b:f6:8d:b7:a9","kind":"rx","seq":501,"session":"s1","stream":"telemetry","text":"\n","timestamp":1790237707.3447168}
2026-09-24T11:15:07.446+03:00 [AGENT REQUEST] {"id":48,"op":"observe","cursors":{"s1":448,"s2":457},"timeout_ms":30000}
2026-09-24T11:15:07.447+03:00 [AGENT RESPONSE] {"id":48,"ok":true,"result":{"cursors":{"s1":501,"s2":483},"lines":[{"seq_first":449,"seq_last":449,"session":"s1","stream":"telemetry","text":""},{"seq_first":449,"seq_last":458,"session":"s1","stream":"telemetry","text":"SESSION t=5040s TX ok=21 user=0 echo_req=0 echo_rep=0 hb=21(idle=13) err=0 started=21 RX ok=10 user=0 echo_req=0 echo_rep=0 hb=8 crc=0 hdr=0 bad=1 readerr=0 reports=9 Q=15% drops=0 fatal=0"},{"seq_first":459,"seq_last":462,"session":"s1","stream":"telemetry","text":"SESSION COURTESY window=5000ms peer_release=0 expired=0 yielding=0"},{"seq_first":463,"seq_last":467,"session":"s1","stream":"telemetry","text":"SESSION DIO0_TX affected=0/21 episodes=0 avg_all=0.00 avg_affected=0.00 high_polls=0"},{"seq_first":468,"seq_last":473,"session":"s1","stream":"telemetry","text":"SESSION RX_POLL polls=5011002 rxdone=11 interval=1000us DIO0_RX false_high_ep=0 high_polls=0 rxdone_low=1 isr=disabled"},{"seq_first":460,"seq_last":460,"session":"s2","stream":"chat","text":"[SYS] HEARTBEAT ON"},{"seq_first":476,"seq_last":476,"session":"s1","stream":"chat","text":"[SYS] HEARTBEAT ON"},{"seq_first":461,"seq_last":461,"session":"s2","stream":"telemetry","text":""},{"seq_first":461,"seq_last":464,"session":"s2","stream":"telemetry","text":"TX HEARTBEAT PING seq=21 frame=12B reason=idle OK time=12 ms response<=713ms"},{"seq_first":477,"seq_last":478,"session":"s1","stream":"telemetry","text":"PEER_REPORT our_seq=19 TX=-63/12 Q42"},{"seq_first":479,"seq_last":482,"session":"s1","stream":"telemetry","text":"RX HEARTBEAT PING session=CCED seq=21 frame=12B RX=-60/5 Q15"},{"seq_first":483,"seq_last":483,"session":"s1","stream":"telemetry","text":""},{"seq_first":483,"seq_last":486,"session":"s1","stream":"telemetry","text":"TX HEARTBEAT PONG seq=21 frame=16B request=CCED/21 OK time=14 ms"},{"seq_first":465,"seq_last":466,"session":"s2","stream":"telemetry","text":"PEER_REPORT our_seq=21 TX=-60/5 Q15"},{"seq_first":467,"seq_last":470,"session":"s2","stream":"telemetry","text":"RX HEARTBEAT PONG request=CCED/21 frame=16B RX=-58/6 Q45 TX=-60/5 Q15"},{"seq_first":471,"seq_last":471,"session":"s2","stream":"telemetry","text":""},{"seq_first":471,"seq_last":474,"session":"s2","stream":"telemetry","text":"TX HEARTBEAT PING seq=22 frame=12B reason=idle OK time=12 ms response<=713ms"},{"seq_first":487,"seq_last":487,"session":"s1","stream":"telemetry","text":""},{"seq_first":487,"seq_last":490,"session":"s1","stream":"telemetry","text":"TX HEARTBEAT PING seq=22 frame=12B reason=idle OK time=12 ms response<=713ms"},{"seq_first":475,"seq_last":479,"session":"s2","stream":"telemetry","text":"HEARTBEAT TIMEOUT request=CCED/22 outcome=NRP RQ=43 peer_q=known recovery=1 jitter<=11ms"},{"seq_first":491,"seq_last":495,"session":"s1","stream":"telemetry","text":"HEARTBEAT TIMEOUT request=E130/22 outcome=NRP RQ=14 peer_q=known recovery=1 jitter<=11ms"},{"seq_first":480,"seq_last":480,"session":"s2","stream":"telemetry","text":""},{"seq_first":480,"seq_last":483,"session":"s2","stream":"telemetry","text":"TX HEARTBEAT PING seq=23 frame=12B reason=idle OK time=12 ms response<=713ms"},{"seq_first":496,"seq_last":497,"session":"s1","stream":"telemetry","text":"PEER_REPORT our_seq=21 TX=-58/6 Q43"},{"seq_first":498,"seq_last":501,"session":"s1","stream":"telemetry","text":"RX HEARTBEAT PING session=CCED seq=23 frame=12B RX=-62/6 Q14"}],"timed_out":false}}
2026-09-24T11:15:07.542+03:00 [RX telemetry] {"data_b64":"UEVFUl9SRVBPUlQgb3VyX3NlcT0=","description":"ble:LoRa-Chatter-72E0 E0:72:A1:D5:4C:15","device_key":"ble-address:e0:72:a1:d5:4c:15","kind":"rx","seq":484,"session":"s2","stream":"telemetry","text":"PEER_REPORT our_seq=","timestamp":1790237707.5419393}
2026-09-24T11:15:07.542+03:00 [RX telemetry] {"data_b64":"MjMgVFg9LTYyLzYgUTE0Cg==","description":"ble:LoRa-Chatter-72E0 E0:72:A1:D5:4C:15","device_key":"ble-address:e0:72:a1:d5:4c:15","kind":"rx","seq":485,"session":"s2","stream":"telemetry","text":"23 TX=-62/6 Q14\n","timestamp":1790237707.5426524}
2026-09-24T11:15:07.544+03:00 [RX telemetry] {"data_b64":"UlggSEVBUlRCRUFUIFBPTkcgcmU=","description":"ble:LoRa-Chatter-72E0 E0:72:A1:D5:4C:15","device_key":"ble-address:e0:72:a1:d5:4c:15","kind":"rx","seq":486,"session":"s2","stream":"telemetry","text":"RX HEARTBEAT PONG re","timestamp":1790237707.5440326}
2026-09-24T11:15:07.545+03:00 [RX telemetry] {"data_b64":"cXVlc3Q9Q0NFRC8yMyBmcmFtZT0=","description":"ble:LoRa-Chatter-72E0 E0:72:A1:D5:4C:15","device_key":"ble-address:e0:72:a1:d5:4c:15","kind":"rx","seq":487,"session":"s2","stream":"telemetry","text":"quest=CCED/23 frame=","timestamp":1790237707.5452788}
2026-09-24T11:15:07.546+03:00 [RX telemetry] {"data_b64":"MTZCIFJYPS01OC82IFE0NSBUWD0=","description":"ble:LoRa-Chatter-72E0 E0:72:A1:D5:4C:15","device_key":"ble-address:e0:72:a1:d5:4c:15","kind":"rx","seq":488,"session":"s2","stream":"telemetry","text":"16B RX=-58/6 Q45 TX=","timestamp":1790237707.5462198}
2026-09-24T11:15:07.547+03:00 [RX telemetry] {"data_b64":"LTYyLzYgUTE0Cg==","description":"ble:LoRa-Chatter-72E0 E0:72:A1:D5:4C:15","device_key":"ble-address:e0:72:a1:d5:4c:15","kind":"rx","seq":489,"session":"s2","stream":"telemetry","text":"-62/6 Q14\n","timestamp":1790237707.5471985}
2026-09-24T11:15:07.566+03:00 [RX telemetry] {"data_b64":"ClRYIEhFQVJUQkVBVCBQT05HIHM=","description":"ble:LoRa-Chatter-1B44 44:1B:F6:8D:B7:A9","device_key":"ble-address:44:1b:f6:8d:b7:a9","kind":"rx","seq":502,"session":"s1","stream":"telemetry","text":"\nTX HEARTBEAT PONG s","timestamp":1790237707.565775}
2026-09-24T11:15:07.566+03:00 [RX telemetry] {"data_b64":"ZXE9MjMgZnJhbWU9MTZCIHJlcXU=","description":"ble:LoRa-Chatter-1B44 44:1B:F6:8D:B7:A9","device_key":"ble-address:44:1b:f6:8d:b7:a9","kind":"rx","seq":503,"session":"s1","stream":"telemetry","text":"eq=23 frame=16B requ","timestamp":1790237707.566703}
2026-09-24T11:15:07.567+03:00 [RX telemetry] {"data_b64":"ZXN0PUNDRUQvMjMgT0sgdGltZT0=","description":"ble:LoRa-Chatter-1B44 44:1B:F6:8D:B7:A9","device_key":"ble-address:44:1b:f6:8d:b7:a9","kind":"rx","seq":504,"session":"s1","stream":"telemetry","text":"est=CCED/23 OK time=","timestamp":1790237707.5677483}
2026-09-24T11:15:07.569+03:00 [RX telemetry] {"data_b64":"MTQgbXMK","description":"ble:LoRa-Chatter-1B44 44:1B:F6:8D:B7:A9","device_key":"ble-address:44:1b:f6:8d:b7:a9","kind":"rx","seq":505,"session":"s1","stream":"telemetry","text":"14 ms\n","timestamp":1790237707.5687141}
2026-09-24T11:15:12.335+03:00 [RX telemetry] {"data_b64":"ClRYIEhFQVJUQkVBVCBQSU5HIHM=","description":"ble:LoRa-Chatter-1B44 44:1B:F6:8D:B7:A9","device_key":"ble-address:44:1b:f6:8d:b7:a9","kind":"rx","seq":506,"session":"s1","stream":"telemetry","text":"\nTX HEARTBEAT PING s","timestamp":1790237712.334905}
2026-09-24T11:15:12.336+03:00 [RX telemetry] {"data_b64":"ZXE9MjQgZnJhbWU9MTJCIHJlYXM=","description":"ble:LoRa-Chatter-1B44 44:1B:F6:8D:B7:A9","device_key":"ble-address:44:1b:f6:8d:b7:a9","kind":"rx","seq":507,"session":"s1","stream":"telemetry","text":"eq=24 frame=12B reas","timestamp":1790237712.3358788}
2026-09-24T11:15:12.336+03:00 [RX telemetry] {"data_b64":"b249aWRsZSBPSyB0aW1lPTEyIG0=","description":"ble:LoRa-Chatter-1B44 44:1B:F6:8D:B7:A9","device_key":"ble-address:44:1b:f6:8d:b7:a9","kind":"rx","seq":508,"session":"s1","stream":"telemetry","text":"on=idle OK time=12 m","timestamp":1790237712.3367054}
2026-09-24T11:15:12.338+03:00 [RX telemetry] {"data_b64":"cyByZXNwb25zZTw9NzEzbXMK","description":"ble:LoRa-Chatter-1B44 44:1B:F6:8D:B7:A9","device_key":"ble-address:44:1b:f6:8d:b7:a9","kind":"rx","seq":509,"session":"s1","stream":"telemetry","text":"s response<=713ms\n","timestamp":1790237712.3378146}
2026-09-24T11:15:12.358+03:00 [RX telemetry] {"data_b64":"ClRYIEhFQVJUQkVBVCBQSU5HIHM=","description":"ble:LoRa-Chatter-72E0 E0:72:A1:D5:4C:15","device_key":"ble-address:e0:72:a1:d5:4c:15","kind":"rx","seq":490,"session":"s2","stream":"telemetry","text":"\nTX HEARTBEAT PING s","timestamp":1790237712.358734}
2026-09-24T11:15:12.359+03:00 [RX telemetry] {"data_b64":"ZXE9MjQgZnJhbWU9MTJCIHJlYXM=","description":"ble:LoRa-Chatter-72E0 E0:72:A1:D5:4C:15","device_key":"ble-address:e0:72:a1:d5:4c:15","kind":"rx","seq":491,"session":"s2","stream":"telemetry","text":"eq=24 frame=12B reas","timestamp":1790237712.3595657}
2026-09-24T11:15:12.360+03:00 [RX telemetry] {"data_b64":"b249aWRsZSBPSyB0aW1lPTEyIG0=","description":"ble:LoRa-Chatter-72E0 E0:72:A1:D5:4C:15","device_key":"ble-address:e0:72:a1:d5:4c:15","kind":"rx","seq":492,"session":"s2","stream":"telemetry","text":"on=idle OK time=12 m","timestamp":1790237712.3606544}
2026-09-24T11:15:12.361+03:00 [RX telemetry] {"data_b64":"cyByZXNwb25zZTw9NzEzbXMK","description":"ble:LoRa-Chatter-72E0 E0:72:A1:D5:4C:15","device_key":"ble-address:e0:72:a1:d5:4c:15","kind":"rx","seq":493,"session":"s2","stream":"telemetry","text":"s response<=713ms\n","timestamp":1790237712.3615758}
2026-09-24T11:15:13.055+03:00 [RX telemetry] {"data_b64":"SEVBUlRCRUFUIFRJTUVPVVQgcmU=","description":"ble:LoRa-Chatter-1B44 44:1B:F6:8D:B7:A9","device_key":"ble-address:44:1b:f6:8d:b7:a9","kind":"rx","seq":510,"session":"s1","stream":"telemetry","text":"HEARTBEAT TIMEOUT re","timestamp":1790237713.055039}
2026-09-24T11:15:13.056+03:00 [RX telemetry] {"data_b64":"cXVlc3Q9RTEzMC8yNCBvdXRjb20=","description":"ble:LoRa-Chatter-1B44 44:1B:F6:8D:B7:A9","device_key":"ble-address:44:1b:f6:8d:b7:a9","kind":"rx","seq":511,"session":"s1","stream":"telemetry","text":"quest=E130/24 outcom","timestamp":1790237713.0559936}
2026-09-24T11:15:13.057+03:00 [RX telemetry] {"data_b64":"ZT1OUlAgUlE9MTMgcGVlcl9xPWs=","description":"ble:LoRa-Chatter-1B44 44:1B:F6:8D:B7:A9","device_key":"ble-address:44:1b:f6:8d:b7:a9","kind":"rx","seq":512,"session":"s1","stream":"telemetry","text":"e=NRP RQ=13 peer_q=k","timestamp":1790237713.0568435}
2026-09-24T11:15:13.058+03:00 [RX telemetry] {"data_b64":"bm93biByZWNvdmVyeT0xIGppdHQ=","description":"ble:LoRa-Chatter-1B44 44:1B:F6:8D:B7:A9","device_key":"ble-address:44:1b:f6:8d:b7:a9","kind":"rx","seq":513,"session":"s1","stream":"telemetry","text":"nown recovery=1 jitt","timestamp":1790237713.0580215}
2026-09-24T11:15:13.059+03:00 [RX telemetry] {"data_b64":"ZXI8PTExbXMK","description":"ble:LoRa-Chatter-1B44 44:1B:F6:8D:B7:A9","device_key":"ble-address:44:1b:f6:8d:b7:a9","kind":"rx","seq":514,"session":"s1","stream":"telemetry","text":"er<=11ms\n","timestamp":1790237713.059086}
2026-09-24T11:15:13.078+03:00 [RX telemetry] {"data_b64":"SEVBUlRCRUFUIFRJTUVPVVQgcmU=","description":"ble:LoRa-Chatter-72E0 E0:72:A1:D5:4C:15","device_key":"ble-address:e0:72:a1:d5:4c:15","kind":"rx","seq":494,"session":"s2","stream":"telemetry","text":"HEARTBEAT TIMEOUT re","timestamp":1790237713.078002}
2026-09-24T11:15:13.079+03:00 [RX telemetry] {"data_b64":"cXVlc3Q9Q0NFRC8yNCBvdXRjb20=","description":"ble:LoRa-Chatter-72E0 E0:72:A1:D5:4C:15","device_key":"ble-address:e0:72:a1:d5:4c:15","kind":"rx","seq":495,"session":"s2","stream":"telemetry","text":"quest=CCED/24 outcom","timestamp":1790237713.0789893}
2026-09-24T11:15:13.080+03:00 [RX telemetry] {"data_b64":"ZT1OUlAgUlE9NDMgcGVlcl9xPWs=","description":"ble:LoRa-Chatter-72E0 E0:72:A1:D5:4C:15","device_key":"ble-address:e0:72:a1:d5:4c:15","kind":"rx","seq":496,"session":"s2","stream":"telemetry","text":"e=NRP RQ=43 peer_q=k","timestamp":1790237713.079779}
2026-09-24T11:15:13.081+03:00 [RX telemetry] {"data_b64":"bm93biByZWNvdmVyeT0xIGppdHQ=","description":"ble:LoRa-Chatter-72E0 E0:72:A1:D5:4C:15","device_key":"ble-address:e0:72:a1:d5:4c:15","kind":"rx","seq":497,"session":"s2","stream":"telemetry","text":"nown recovery=1 jitt","timestamp":1790237713.0808337}
2026-09-24T11:15:13.082+03:00 [RX telemetry] {"data_b64":"ZXI8PTExbXMK","description":"ble:LoRa-Chatter-72E0 E0:72:A1:D5:4C:15","device_key":"ble-address:e0:72:a1:d5:4c:15","kind":"rx","seq":498,"session":"s2","stream":"telemetry","text":"er<=11ms\n","timestamp":1790237713.0819275}
2026-09-24T11:15:17.331+03:00 [RX telemetry] {"data_b64":"ClRYIEhFQVJUQkVBVCBQSU5HIHM=","description":"ble:LoRa-Chatter-1B44 44:1B:F6:8D:B7:A9","device_key":"ble-address:44:1b:f6:8d:b7:a9","kind":"rx","seq":515,"session":"s1","stream":"telemetry","text":"\nTX HEARTBEAT PING s","timestamp":1790237717.3309276}
2026-09-24T11:15:17.332+03:00 [RX telemetry] {"data_b64":"ZXE9MjUgZnJhbWU9MTJCIHJlYXM=","description":"ble:LoRa-Chatter-1B44 44:1B:F6:8D:B7:A9","device_key":"ble-address:44:1b:f6:8d:b7:a9","kind":"rx","seq":516,"session":"s1","stream":"telemetry","text":"eq=25 frame=12B reas","timestamp":1790237717.3318727}
2026-09-24T11:15:17.332+03:00 [RX telemetry] {"data_b64":"b249aWRsZSBPSyB0aW1lPTEyIG0=","description":"ble:LoRa-Chatter-1B44 44:1B:F6:8D:B7:A9","device_key":"ble-address:44:1b:f6:8d:b7:a9","kind":"rx","seq":517,"session":"s1","stream":"telemetry","text":"on=idle OK time=12 m","timestamp":1790237717.3326917}
2026-09-24T11:15:17.333+03:00 [RX telemetry] {"data_b64":"cyByZXNwb25zZTw9NzEzbXMK","description":"ble:LoRa-Chatter-1B44 44:1B:F6:8D:B7:A9","device_key":"ble-address:44:1b:f6:8d:b7:a9","kind":"rx","seq":518,"session":"s1","stream":"telemetry","text":"s response<=713ms\n","timestamp":1790237717.333671}
2026-09-24T11:15:17.351+03:00 [RX telemetry] {"data_b64":"UEVFUl9SRVBPUlQgb3VyX3NlcT0=","description":"ble:LoRa-Chatter-72E0 E0:72:A1:D5:4C:15","device_key":"ble-address:e0:72:a1:d5:4c:15","kind":"rx","seq":499,"session":"s2","stream":"telemetry","text":"PEER_REPORT our_seq=","timestamp":1790237717.351694}
2026-09-24T11:15:17.352+03:00 [RX telemetry] {"data_b64":"MjMgVFg9LTYyLzYgUTEzCg==","description":"ble:LoRa-Chatter-72E0 E0:72:A1:D5:4C:15","device_key":"ble-address:e0:72:a1:d5:4c:15","kind":"rx","seq":500,"session":"s2","stream":"telemetry","text":"23 TX=-62/6 Q13\n","timestamp":1790237717.3524852}
2026-09-24T11:15:17.354+03:00 [RX telemetry] {"data_b64":"UlggSEVBUlRCRUFUIFBJTkcgc2U=","description":"ble:LoRa-Chatter-72E0 E0:72:A1:D5:4C:15","device_key":"ble-address:e0:72:a1:d5:4c:15","kind":"rx","seq":501,"session":"s2","stream":"telemetry","text":"RX HEARTBEAT PING se","timestamp":1790237717.3541555}
2026-09-24T11:15:17.355+03:00 [RX telemetry] {"data_b64":"c3Npb249RTEzMCBzZXE9MjUgZnI=","description":"ble:LoRa-Chatter-72E0 E0:72:A1:D5:4C:15","device_key":"ble-address:e0:72:a1:d5:4c:15","kind":"rx","seq":502,"session":"s2","stream":"telemetry","text":"ssion=E130 seq=25 fr","timestamp":1790237717.3551433}
2026-09-24T11:15:17.356+03:00 [RX telemetry] {"data_b64":"YW1lPTEyQiBSWD0tNTkvNiBRNDM=","description":"ble:LoRa-Chatter-72E0 E0:72:A1:D5:4C:15","device_key":"ble-address:e0:72:a1:d5:4c:15","kind":"rx","seq":503,"session":"s2","stream":"telemetry","text":"ame=12B RX=-59/6 Q43","timestamp":1790237717.3560884}
2026-09-24T11:15:17.357+03:00 [RX telemetry] {"data_b64":"Cg==","description":"ble:LoRa-Chatter-72E0 E0:72:A1:D5:4C:15","device_key":"ble-address:e0:72:a1:d5:4c:15","kind":"rx","seq":504,"session":"s2","stream":"telemetry","text":"\n","timestamp":1790237717.3571148}
2026-09-24T11:15:17.555+03:00 [RX telemetry] {"data_b64":"UEVFUl9SRVBPUlQgb3VyX3NlcT0=","description":"ble:LoRa-Chatter-1B44 44:1B:F6:8D:B7:A9","device_key":"ble-address:44:1b:f6:8d:b7:a9","kind":"rx","seq":519,"session":"s1","stream":"telemetry","text":"PEER_REPORT our_seq=","timestamp":1790237717.5548813}
2026-09-24T11:15:17.555+03:00 [RX telemetry] {"data_b64":"MjUgVFg9LTU5LzYgUTQzCg==","description":"ble:LoRa-Chatter-1B44 44:1B:F6:8D:B7:A9","device_key":"ble-address:44:1b:f6:8d:b7:a9","kind":"rx","seq":520,"session":"s1","stream":"telemetry","text":"25 TX=-59/6 Q43\n","timestamp":1790237717.5557768}
2026-09-24T11:15:17.556+03:00 [RX telemetry] {"data_b64":"UlggSEVBUlRCRUFUIFBPTkcgcmU=","description":"ble:LoRa-Chatter-1B44 44:1B:F6:8D:B7:A9","device_key":"ble-address:44:1b:f6:8d:b7:a9","kind":"rx","seq":521,"session":"s1","stream":"telemetry","text":"RX HEARTBEAT PONG re","timestamp":1790237717.5565622}
2026-09-24T11:15:17.558+03:00 [RX telemetry] {"data_b64":"cXVlc3Q9RTEzMC8yNSBmcmFtZT0=","description":"ble:LoRa-Chatter-1B44 44:1B:F6:8D:B7:A9","device_key":"ble-address:44:1b:f6:8d:b7:a9","kind":"rx","seq":522,"session":"s1","stream":"telemetry","text":"quest=E130/25 frame=","timestamp":1790237717.5579355}
2026-09-24T11:15:17.558+03:00 [RX telemetry] {"data_b64":"MTZCIFJYPS01OS81IFExOSBUWD0=","description":"ble:LoRa-Chatter-1B44 44:1B:F6:8D:B7:A9","device_key":"ble-address:44:1b:f6:8d:b7:a9","kind":"rx","seq":523,"session":"s1","stream":"telemetry","text":"16B RX=-59/5 Q19 TX=","timestamp":1790237717.5586429}
2026-09-24T11:15:17.559+03:00 [RX telemetry] {"data_b64":"LTU5LzYgUTQzCg==","description":"ble:LoRa-Chatter-1B44 44:1B:F6:8D:B7:A9","device_key":"ble-address:44:1b:f6:8d:b7:a9","kind":"rx","seq":524,"session":"s1","stream":"telemetry","text":"-59/6 Q43\n","timestamp":1790237717.559583}
2026-09-24T11:15:17.578+03:00 [RX telemetry] {"data_b64":"ClRYIEhFQVJUQkVBVCBQT05HIHM=","description":"ble:LoRa-Chatter-72E0 E0:72:A1:D5:4C:15","device_key":"ble-address:e0:72:a1:d5:4c:15","kind":"rx","seq":505,"session":"s2","stream":"telemetry","text":"\nTX HEARTBEAT PONG s","timestamp":1790237717.5784636}
2026-09-24T11:15:17.579+03:00 [RX telemetry] {"data_b64":"ZXE9MjUgZnJhbWU9MTZCIHJlcXU=","description":"ble:LoRa-Chatter-72E0 E0:72:A1:D5:4C:15","device_key":"ble-address:e0:72:a1:d5:4c:15","kind":"rx","seq":506,"session":"s2","stream":"telemetry","text":"eq=25 frame=16B requ","timestamp":1790237717.579349}
2026-09-24T11:15:17.580+03:00 [RX telemetry] {"data_b64":"ZXN0PUUxMzAvMjUgT0sgdGltZT0=","description":"ble:LoRa-Chatter-72E0 E0:72:A1:D5:4C:15","device_key":"ble-address:e0:72:a1:d5:4c:15","kind":"rx","seq":507,"session":"s2","stream":"telemetry","text":"est=E130/25 OK time=","timestamp":1790237717.580447}
2026-09-24T11:15:17.581+03:00 [RX telemetry] {"data_b64":"MTQgbXMK","description":"ble:LoRa-Chatter-72E0 E0:72:A1:D5:4C:15","device_key":"ble-address:e0:72:a1:d5:4c:15","kind":"rx","seq":508,"session":"s2","stream":"telemetry","text":"14 ms\n","timestamp":1790237717.5815938}
2026-09-24T11:15:22.348+03:00 [RX telemetry] {"data_b64":"ClRYIEhFQVJUQkVBVCBQSU5HIHM=","description":"ble:LoRa-Chatter-72E0 E0:72:A1:D5:4C:15","device_key":"ble-address:e0:72:a1:d5:4c:15","kind":"rx","seq":509,"session":"s2","stream":"telemetry","text":"\nTX HEARTBEAT PING s","timestamp":1790237722.3484259}
2026-09-24T11:15:22.349+03:00 [RX telemetry] {"data_b64":"ZXE9MjYgZnJhbWU9MTJCIHJlYXM=","description":"ble:LoRa-Chatter-72E0 E0:72:A1:D5:4C:15","device_key":"ble-address:e0:72:a1:d5:4c:15","kind":"rx","seq":510,"session":"s2","stream":"telemetry","text":"eq=26 frame=12B reas","timestamp":1790237722.3492563}
2026-09-24T11:15:22.350+03:00 [RX telemetry] {"data_b64":"b249aWRsZSBPSyB0aW1lPTEyIG0=","description":"ble:LoRa-Chatter-72E0 E0:72:A1:D5:4C:15","device_key":"ble-address:e0:72:a1:d5:4c:15","kind":"rx","seq":511,"session":"s2","stream":"telemetry","text":"on=idle OK time=12 m","timestamp":1790237722.350291}
2026-09-24T11:15:22.351+03:00 [RX telemetry] {"data_b64":"cyByZXNwb25zZTw9NzEzbXMK","description":"ble:LoRa-Chatter-72E0 E0:72:A1:D5:4C:15","device_key":"ble-address:e0:72:a1:d5:4c:15","kind":"rx","seq":512,"session":"s2","stream":"telemetry","text":"s response<=713ms\n","timestamp":1790237722.3512568}
2026-09-24T11:15:22.370+03:00 [RX telemetry] {"data_b64":"ClRYIEhFQVJUQkVBVCBQSU5HIHM=","description":"ble:LoRa-Chatter-1B44 44:1B:F6:8D:B7:A9","device_key":"ble-address:44:1b:f6:8d:b7:a9","kind":"rx","seq":525,"session":"s1","stream":"telemetry","text":"\nTX HEARTBEAT PING s","timestamp":1790237722.3697572}
2026-09-24T11:15:22.370+03:00 [RX telemetry] {"data_b64":"ZXE9MjYgZnJhbWU9MTJCIHJlYXM=","description":"ble:LoRa-Chatter-1B44 44:1B:F6:8D:B7:A9","device_key":"ble-address:44:1b:f6:8d:b7:a9","kind":"rx","seq":526,"session":"s1","stream":"telemetry","text":"eq=26 frame=12B reas","timestamp":1790237722.3706305}
2026-09-24T11:15:22.371+03:00 [RX telemetry] {"data_b64":"b249aWRsZSBPSyB0aW1lPTEyIG0=","description":"ble:LoRa-Chatter-1B44 44:1B:F6:8D:B7:A9","device_key":"ble-address:44:1b:f6:8d:b7:a9","kind":"rx","seq":527,"session":"s1","stream":"telemetry","text":"on=idle OK time=12 m","timestamp":1790237722.3716571}
2026-09-24T11:15:22.373+03:00 [RX telemetry] {"data_b64":"cyByZXNwb25zZTw9NzEzbXMK","description":"ble:LoRa-Chatter-1B44 44:1B:F6:8D:B7:A9","device_key":"ble-address:44:1b:f6:8d:b7:a9","kind":"rx","seq":528,"session":"s1","stream":"telemetry","text":"s response<=713ms\n","timestamp":1790237722.3727534}
2026-09-24T11:15:23.046+03:00 [RX telemetry] {"data_b64":"SEVBUlRCRUFUIFRJTUVPVVQgcmU=","description":"ble:LoRa-Chatter-1B44 44:1B:F6:8D:B7:A9","device_key":"ble-address:44:1b:f6:8d:b7:a9","kind":"rx","seq":529,"session":"s1","stream":"telemetry","text":"HEARTBEAT TIMEOUT re","timestamp":1790237723.045962}
2026-09-24T11:15:23.047+03:00 [RX telemetry] {"data_b64":"cXVlc3Q9RTEzMC8yNiBvdXRjb20=","description":"ble:LoRa-Chatter-1B44 44:1B:F6:8D:B7:A9","device_key":"ble-address:44:1b:f6:8d:b7:a9","kind":"rx","seq":530,"session":"s1","stream":"telemetry","text":"quest=E130/26 outcom","timestamp":1790237723.0468814}
2026-09-24T11:15:23.047+03:00 [RX telemetry] {"data_b64":"ZT1OUlAgUlE9MTggcGVlcl9xPWs=","description":"ble:LoRa-Chatter-1B44 44:1B:F6:8D:B7:A9","device_key":"ble-address:44:1b:f6:8d:b7:a9","kind":"rx","seq":531,"session":"s1","stream":"telemetry","text":"e=NRP RQ=18 peer_q=k","timestamp":1790237723.0477402}
2026-09-24T11:15:23.048+03:00 [RX telemetry] {"data_b64":"bm93biByZWNvdmVyeT0xIGppdHQ=","description":"ble:LoRa-Chatter-1B44 44:1B:F6:8D:B7:A9","device_key":"ble-address:44:1b:f6:8d:b7:a9","kind":"rx","seq":532,"session":"s1","stream":"telemetry","text":"nown recovery=1 jitt","timestamp":1790237723.048749}
2026-09-24T11:15:23.050+03:00 [RX telemetry] {"data_b64":"ZXI8PTExbXMK","description":"ble:LoRa-Chatter-1B44 44:1B:F6:8D:B7:A9","device_key":"ble-address:44:1b:f6:8d:b7:a9","kind":"rx","seq":533,"session":"s1","stream":"telemetry","text":"er<=11ms\n","timestamp":1790237723.0498428}
2026-09-24T11:15:23.066+03:00 [RX telemetry] {"data_b64":"SEVBUlRCRUFUIFRJTUVPVVQgcmU=","description":"ble:LoRa-Chatter-72E0 E0:72:A1:D5:4C:15","device_key":"ble-address:e0:72:a1:d5:4c:15","kind":"rx","seq":513,"session":"s2","stream":"telemetry","text":"HEARTBEAT TIMEOUT re","timestamp":1790237723.0667405}
2026-09-24T11:15:23.067+03:00 [RX telemetry] {"data_b64":"cXVlc3Q9Q0NFRC8yNiBvdXRjb20=","description":"ble:LoRa-Chatter-72E0 E0:72:A1:D5:4C:15","device_key":"ble-address:e0:72:a1:d5:4c:15","kind":"rx","seq":514,"session":"s2","stream":"telemetry","text":"quest=CCED/26 outcom","timestamp":1790237723.0677004}
2026-09-24T11:15:23.069+03:00 [RX telemetry] {"data_b64":"ZT1OUlAgUlE9NDIgcGVlcl9xPWs=","description":"ble:LoRa-Chatter-72E0 E0:72:A1:D5:4C:15","device_key":"ble-address:e0:72:a1:d5:4c:15","kind":"rx","seq":515,"session":"s2","stream":"telemetry","text":"e=NRP RQ=42 peer_q=k","timestamp":1790237723.0690567}
2026-09-24T11:15:23.070+03:00 [RX telemetry] {"data_b64":"bm93biByZWNvdmVyeT0xIGppdHQ=","description":"ble:LoRa-Chatter-72E0 E0:72:A1:D5:4C:15","device_key":"ble-address:e0:72:a1:d5:4c:15","kind":"rx","seq":516,"session":"s2","stream":"telemetry","text":"nown recovery=1 jitt","timestamp":1790237723.0701556}
2026-09-24T11:15:23.071+03:00 [RX telemetry] {"data_b64":"ZXI8PTExbXMK","description":"ble:LoRa-Chatter-72E0 E0:72:A1:D5:4C:15","device_key":"ble-address:e0:72:a1:d5:4c:15","kind":"rx","seq":517,"session":"s2","stream":"telemetry","text":"er<=11ms\n","timestamp":1790237723.0712945}
2026-09-24T11:15:24.057+03:00 [RX telemetry] {"data_b64":"ClNFU1NJT04gdD01MDQxcyBUWCA=","description":"ble:LoRa-Chatter-72E0 E0:72:A1:D5:4C:15","device_key":"ble-address:e0:72:a1:d5:4c:15","kind":"rx","seq":518,"session":"s2","stream":"telemetry","text":"\nSESSION t=5041s TX ","timestamp":1790237724.0568225}
2026-09-24T11:15:24.058+03:00 [RX telemetry] {"data_b64":"b2s9MjcgdXNlcj0wIGVjaG9fcmU=","description":"ble:LoRa-Chatter-72E0 E0:72:A1:D5:4C:15","device_key":"ble-address:e0:72:a1:d5:4c:15","kind":"rx","seq":519,"session":"s2","stream":"telemetry","text":"ok=27 user=0 echo_re","timestamp":1790237724.0577912}
2026-09-24T11:15:24.059+03:00 [RX telemetry] {"data_b64":"cT0wIGVjaG9fcmVwPTAgaGI9Mjc=","description":"ble:LoRa-Chatter-72E0 E0:72:A1:D5:4C:15","device_key":"ble-address:e0:72:a1:d5:4c:15","kind":"rx","seq":520,"session":"s2","stream":"telemetry","text":"q=0 echo_rep=0 hb=27","timestamp":1790237724.0587583}
2026-09-24T11:15:24.060+03:00 [RX telemetry] {"data_b64":"KGlkbGU9MjQpIGVycj0wIHN0YXI=","description":"ble:LoRa-Chatter-72E0 E0:72:A1:D5:4C:15","device_key":"ble-address:e0:72:a1:d5:4c:15","kind":"rx","seq":521,"session":"s2","stream":"telemetry","text":"(idle=24) err=0 star","timestamp":1790237724.0598314}
2026-09-24T11:15:24.061+03:00 [RX telemetry] {"data_b64":"dGVkPTI3IFJYIG9rPTEzIHVzZXI=","description":"ble:LoRa-Chatter-72E0 E0:72:A1:D5:4C:15","device_key":"ble-address:e0:72:a1:d5:4c:15","kind":"rx","seq":522,"session":"s2","stream":"telemetry","text":"ted=27 RX ok=13 user","timestamp":1790237724.0608416}
2026-09-24T11:15:24.062+03:00 [RX telemetry] {"data_b64":"PTAgZWNob19yZXE9MCBlY2hvX3I=","description":"ble:LoRa-Chatter-72E0 E0:72:A1:D5:4C:15","device_key":"ble-address:e0:72:a1:d5:4c:15","kind":"rx","seq":523,"session":"s2","stream":"telemetry","text":"=0 echo_req=0 echo_r","timestamp":1790237724.0619109}
2026-09-24T11:15:24.063+03:00 [RX telemetry] {"data_b64":"ZXA9MCBoYj0zIGNyYz0wIGhkcj0=","description":"ble:LoRa-Chatter-72E0 E0:72:A1:D5:4C:15","device_key":"ble-address:e0:72:a1:d5:4c:15","kind":"rx","seq":524,"session":"s2","stream":"telemetry","text":"ep=0 hb=3 crc=0 hdr=","timestamp":1790237724.06293}
2026-09-24T11:15:24.064+03:00 [RX telemetry] {"data_b64":"MCBiYWQ9MCByZWFkZXJyPTAgcmU=","description":"ble:LoRa-Chatter-72E0 E0:72:A1:D5:4C:15","device_key":"ble-address:e0:72:a1:d5:4c:15","kind":"rx","seq":525,"session":"s2","stream":"telemetry","text":"0 bad=0 readerr=0 re","timestamp":1790237724.0639398}
2026-09-24T11:15:24.065+03:00 [RX telemetry] {"data_b64":"cG9ydHM9MTMgUT00MiUgZHJvcHM=","description":"ble:LoRa-Chatter-72E0 E0:72:A1:D5:4C:15","device_key":"ble-address:e0:72:a1:d5:4c:15","kind":"rx","seq":526,"session":"s2","stream":"telemetry","text":"ports=13 Q=42% drops","timestamp":1790237724.0649996}
2026-09-24T11:15:24.066+03:00 [RX telemetry] {"data_b64":"PTAgZmF0YWw9MAo=","description":"ble:LoRa-Chatter-72E0 E0:72:A1:D5:4C:15","device_key":"ble-address:e0:72:a1:d5:4c:15","kind":"rx","seq":527,"session":"s2","stream":"telemetry","text":"=0 fatal=0\n","timestamp":1790237724.0661995}
2026-09-24T11:15:24.067+03:00 [RX telemetry] {"data_b64":"U0VTU0lPTiBDT1VSVEVTWSB3aW4=","description":"ble:LoRa-Chatter-72E0 E0:72:A1:D5:4C:15","device_key":"ble-address:e0:72:a1:d5:4c:15","kind":"rx","seq":528,"session":"s2","stream":"telemetry","text":"SESSION COURTESY win","timestamp":1790237724.067216}
2026-09-24T11:15:24.068+03:00 [RX telemetry] {"data_b64":"ZG93PTUwMDBtcyBwZWVyX3JlbGU=","description":"ble:LoRa-Chatter-72E0 E0:72:A1:D5:4C:15","device_key":"ble-address:e0:72:a1:d5:4c:15","kind":"rx","seq":529,"session":"s2","stream":"telemetry","text":"dow=5000ms peer_rele","timestamp":1790237724.0682058}
2026-09-24T11:15:24.069+03:00 [RX telemetry] {"data_b64":"YXNlPTAgZXhwaXJlZD0wIHlpZWw=","description":"ble:LoRa-Chatter-72E0 E0:72:A1:D5:4C:15","device_key":"ble-address:e0:72:a1:d5:4c:15","kind":"rx","seq":530,"session":"s2","stream":"telemetry","text":"ase=0 expired=0 yiel","timestamp":1790237724.0692677}
2026-09-24T11:15:24.070+03:00 [RX telemetry] {"data_b64":"ZGluZz0wCg==","description":"ble:LoRa-Chatter-72E0 E0:72:A1:D5:4C:15","device_key":"ble-address:e0:72:a1:d5:4c:15","kind":"rx","seq":531,"session":"s2","stream":"telemetry","text":"ding=0\n","timestamp":1790237724.0702944}
2026-09-24T11:15:24.071+03:00 [RX telemetry] {"data_b64":"U0VTU0lPTiBESU8wX1RYIGFmZmU=","description":"ble:LoRa-Chatter-72E0 E0:72:A1:D5:4C:15","device_key":"ble-address:e0:72:a1:d5:4c:15","kind":"rx","seq":532,"session":"s2","stream":"telemetry","text":"SESSION DIO0_TX affe","timestamp":1790237724.0713024}
2026-09-24T11:15:24.072+03:00 [RX telemetry] {"data_b64":"Y3RlZD0wLzI3IGVwaXNvZGVzPTA=","description":"ble:LoRa-Chatter-72E0 E0:72:A1:D5:4C:15","device_key":"ble-address:e0:72:a1:d5:4c:15","kind":"rx","seq":533,"session":"s2","stream":"telemetry","text":"cted=0/27 episodes=0","timestamp":1790237724.0724726}
2026-09-24T11:15:24.073+03:00 [RX telemetry] {"data_b64":"IGF2Z19hbGw9MC4wMCBhdmdfYWY=","description":"ble:LoRa-Chatter-72E0 E0:72:A1:D5:4C:15","device_key":"ble-address:e0:72:a1:d5:4c:15","kind":"rx","seq":534,"session":"s2","stream":"telemetry","text":" avg_all=0.00 avg_af","timestamp":1790237724.073586}
2026-09-24T11:15:24.074+03:00 [RX telemetry] {"data_b64":"ZmVjdGVkPTAuMDAgaGlnaF9wb2w=","description":"ble:LoRa-Chatter-72E0 E0:72:A1:D5:4C:15","device_key":"ble-address:e0:72:a1:d5:4c:15","kind":"rx","seq":535,"session":"s2","stream":"telemetry","text":"fected=0.00 high_pol","timestamp":1790237724.0746076}
2026-09-24T11:15:24.075+03:00 [RX telemetry] {"data_b64":"bHM9MAo=","description":"ble:LoRa-Chatter-72E0 E0:72:A1:D5:4C:15","device_key":"ble-address:e0:72:a1:d5:4c:15","kind":"rx","seq":536,"session":"s2","stream":"telemetry","text":"ls=0\n","timestamp":1790237724.0756307}
2026-09-24T11:15:24.076+03:00 [RX telemetry] {"data_b64":"U0VTU0lPTiBSWF9QT0xMIHBvbGw=","description":"ble:LoRa-Chatter-72E0 E0:72:A1:D5:4C:15","device_key":"ble-address:e0:72:a1:d5:4c:15","kind":"rx","seq":537,"session":"s2","stream":"telemetry","text":"SESSION RX_POLL poll","timestamp":1790237724.0766454}
2026-09-24T11:15:24.077+03:00 [RX telemetry] {"data_b64":"cz00OTkxMTI3IHJ4ZG9uZT0xMyA=","description":"ble:LoRa-Chatter-72E0 E0:72:A1:D5:4C:15","device_key":"ble-address:e0:72:a1:d5:4c:15","kind":"rx","seq":538,"session":"s2","stream":"telemetry","text":"s=4991127 rxdone=13 ","timestamp":1790237724.0776703}
2026-09-24T11:15:24.078+03:00 [RX telemetry] {"data_b64":"aW50ZXJ2YWw9MTAwMHVzIERJTzA=","description":"ble:LoRa-Chatter-72E0 E0:72:A1:D5:4C:15","device_key":"ble-address:e0:72:a1:d5:4c:15","kind":"rx","seq":539,"session":"s2","stream":"telemetry","text":"interval=1000us DIO0","timestamp":1790237724.0786538}
2026-09-24T11:15:24.079+03:00 [RX telemetry] {"data_b64":"X1JYIGZhbHNlX2hpZ2hfZXA9MCA=","description":"ble:LoRa-Chatter-72E0 E0:72:A1:D5:4C:15","device_key":"ble-address:e0:72:a1:d5:4c:15","kind":"rx","seq":540,"session":"s2","stream":"telemetry","text":"_RX false_high_ep=0 ","timestamp":1790237724.0797157}
2026-09-24T11:15:24.080+03:00 [RX telemetry] {"data_b64":"aGlnaF9wb2xscz0wIHJ4ZG9uZV8=","description":"ble:LoRa-Chatter-72E0 E0:72:A1:D5:4C:15","device_key":"ble-address:e0:72:a1:d5:4c:15","kind":"rx","seq":541,"session":"s2","stream":"telemetry","text":"high_polls=0 rxdone_","timestamp":1790237724.0807433}
2026-09-24T11:15:24.082+03:00 [RX telemetry] {"data_b64":"bG93PTEgaXNyPWRpc2FibGVkCg==","description":"ble:LoRa-Chatter-72E0 E0:72:A1:D5:4C:15","device_key":"ble-address:e0:72:a1:d5:4c:15","kind":"rx","seq":542,"session":"s2","stream":"telemetry","text":"low=1 isr=disabled\n","timestamp":1790237724.0817766}
2026-09-24T11:15:27.342+03:00 [RX telemetry] {"data_b64":"UEVFUl9SRVBPUlQgb3VyX3NlcT0=","description":"ble:LoRa-Chatter-72E0 E0:72:A1:D5:4C:15","device_key":"ble-address:e0:72:a1:d5:4c:15","kind":"rx","seq":543,"session":"s2","stream":"telemetry","text":"PEER_REPORT our_seq=","timestamp":1790237727.3418763}
2026-09-24T11:15:27.342+03:00 [RX telemetry] {"data_b64":"MjUgVFg9LTU5LzUgUTE4Cg==","description":"ble:LoRa-Chatter-72E0 E0:72:A1:D5:4C:15","device_key":"ble-address:e0:72:a1:d5:4c:15","kind":"rx","seq":544,"session":"s2","stream":"telemetry","text":"25 TX=-59/5 Q18\n","timestamp":1790237727.3425496}
2026-09-24T11:15:27.343+03:00 [RX telemetry] {"data_b64":"UlggSEVBUlRCRUFUIFBJTkcgc2U=","description":"ble:LoRa-Chatter-72E0 E0:72:A1:D5:4C:15","device_key":"ble-address:e0:72:a1:d5:4c:15","kind":"rx","seq":545,"session":"s2","stream":"telemetry","text":"RX HEARTBEAT PING se","timestamp":1790237727.3436148}
2026-09-24T11:15:27.344+03:00 [RX telemetry] {"data_b64":"c3Npb249RTEzMCBzZXE9MjcgZnI=","description":"ble:LoRa-Chatter-72E0 E0:72:A1:D5:4C:15","device_key":"ble-address:e0:72:a1:d5:4c:15","kind":"rx","seq":546,"session":"s2","stream":"telemetry","text":"ssion=E130 seq=27 fr","timestamp":1790237727.3442883}
2026-09-24T11:15:27.345+03:00 [RX telemetry] {"data_b64":"YW1lPTEyQiBSWD0tNTkvNiBRNDI=","description":"ble:LoRa-Chatter-72E0 E0:72:A1:D5:4C:15","device_key":"ble-address:e0:72:a1:d5:4c:15","kind":"rx","seq":547,"session":"s2","stream":"telemetry","text":"ame=12B RX=-59/6 Q42","timestamp":1790237727.3450735}
2026-09-24T11:15:27.345+03:00 [RX telemetry] {"data_b64":"Cg==","description":"ble:LoRa-Chatter-72E0 E0:72:A1:D5:4C:15","device_key":"ble-address:e0:72:a1:d5:4c:15","kind":"rx","seq":548,"session":"s2","stream":"telemetry","text":"\n","timestamp":1790237727.3455987}
2026-09-24T11:15:27.365+03:00 [RX telemetry] {"data_b64":"ClRYIEhFQVJUQkVBVCBQSU5HIHM=","description":"ble:LoRa-Chatter-1B44 44:1B:F6:8D:B7:A9","device_key":"ble-address:44:1b:f6:8d:b7:a9","kind":"rx","seq":534,"session":"s1","stream":"telemetry","text":"\nTX HEARTBEAT PING s","timestamp":1790237727.3656826}
2026-09-24T11:15:27.366+03:00 [RX telemetry] {"data_b64":"ZXE9MjcgZnJhbWU9MTJCIHJlYXM=","description":"ble:LoRa-Chatter-1B44 44:1B:F6:8D:B7:A9","device_key":"ble-address:44:1b:f6:8d:b7:a9","kind":"rx","seq":535,"session":"s1","stream":"telemetry","text":"eq=27 frame=12B reas","timestamp":1790237727.3663604}
2026-09-24T11:15:27.367+03:00 [RX telemetry] {"data_b64":"b249aWRsZSBPSyB0aW1lPTEyIG0=","description":"ble:LoRa-Chatter-1B44 44:1B:F6:8D:B7:A9","device_key":"ble-address:44:1b:f6:8d:b7:a9","kind":"rx","seq":536,"session":"s1","stream":"telemetry","text":"on=idle OK time=12 m","timestamp":1790237727.3674982}
2026-09-24T11:15:27.368+03:00 [RX telemetry] {"data_b64":"cyByZXNwb25zZTw9NzEzbXMK","description":"ble:LoRa-Chatter-1B44 44:1B:F6:8D:B7:A9","device_key":"ble-address:44:1b:f6:8d:b7:a9","kind":"rx","seq":537,"session":"s1","stream":"telemetry","text":"s response<=713ms\n","timestamp":1790237727.368497}
2026-09-24T11:15:27.567+03:00 [RX telemetry] {"data_b64":"ClRYIEhFQVJUQkVBVCBQT05HIHM=","description":"ble:LoRa-Chatter-72E0 E0:72:A1:D5:4C:15","device_key":"ble-address:e0:72:a1:d5:4c:15","kind":"rx","seq":549,"session":"s2","stream":"telemetry","text":"\nTX HEARTBEAT PONG s","timestamp":1790237727.5669243}
2026-09-24T11:15:27.567+03:00 [RX telemetry] {"data_b64":"ZXE9MjcgZnJhbWU9MTZCIHJlcXU=","description":"ble:LoRa-Chatter-72E0 E0:72:A1:D5:4C:15","device_key":"ble-address:e0:72:a1:d5:4c:15","kind":"rx","seq":550,"session":"s2","stream":"telemetry","text":"eq=27 frame=16B requ","timestamp":1790237727.5675745}
2026-09-24T11:15:27.569+03:00 [RX telemetry] {"data_b64":"ZXN0PUUxMzAvMjcgT0sgdGltZT0=","description":"ble:LoRa-Chatter-72E0 E0:72:A1:D5:4C:15","device_key":"ble-address:e0:72:a1:d5:4c:15","kind":"rx","seq":551,"session":"s2","stream":"telemetry","text":"est=E130/27 OK time=","timestamp":1790237727.5689895}
2026-09-24T11:15:27.570+03:00 [RX telemetry] {"data_b64":"MTQgbXMK","description":"ble:LoRa-Chatter-72E0 E0:72:A1:D5:4C:15","device_key":"ble-address:e0:72:a1:d5:4c:15","kind":"rx","seq":552,"session":"s2","stream":"telemetry","text":"14 ms\n","timestamp":1790237727.5699756}
2026-09-24T11:15:27.589+03:00 [RX telemetry] {"data_b64":"UEVFUl9SRVBPUlQgb3VyX3NlcT0=","description":"ble:LoRa-Chatter-1B44 44:1B:F6:8D:B7:A9","device_key":"ble-address:44:1b:f6:8d:b7:a9","kind":"rx","seq":538,"session":"s1","stream":"telemetry","text":"PEER_REPORT our_seq=","timestamp":1790237727.5896254}
2026-09-24T11:15:27.590+03:00 [RX telemetry] {"data_b64":"MjcgVFg9LTU5LzYgUTQyCg==","description":"ble:LoRa-Chatter-1B44 44:1B:F6:8D:B7:A9","device_key":"ble-address:44:1b:f6:8d:b7:a9","kind":"rx","seq":539,"session":"s1","stream":"telemetry","text":"27 TX=-59/6 Q42\n","timestamp":1790237727.5904064}
2026-09-24T11:15:27.591+03:00 [RX telemetry] {"data_b64":"UlggSEVBUlRCRUFUIFBPTkcgcmU=","description":"ble:LoRa-Chatter-1B44 44:1B:F6:8D:B7:A9","device_key":"ble-address:44:1b:f6:8d:b7:a9","kind":"rx","seq":540,"session":"s1","stream":"telemetry","text":"RX HEARTBEAT PONG re","timestamp":1790237727.591427}
2026-09-24T11:15:27.592+03:00 [RX telemetry] {"data_b64":"cXVlc3Q9RTEzMC8yNyBmcmFtZT0=","description":"ble:LoRa-Chatter-1B44 44:1B:F6:8D:B7:A9","device_key":"ble-address:44:1b:f6:8d:b7:a9","kind":"rx","seq":541,"session":"s1","stream":"telemetry","text":"quest=E130/27 frame=","timestamp":1790237727.5924885}
2026-09-24T11:15:27.593+03:00 [RX telemetry] {"data_b64":"MTZCIFJYPS01OS81IFEyMiBUWD0=","description":"ble:LoRa-Chatter-1B44 44:1B:F6:8D:B7:A9","device_key":"ble-address:44:1b:f6:8d:b7:a9","kind":"rx","seq":542,"session":"s1","stream":"telemetry","text":"16B RX=-59/5 Q22 TX=","timestamp":1790237727.5934856}
2026-09-24T11:15:27.594+03:00 [RX telemetry] {"data_b64":"LTU5LzYgUTQyCg==","description":"ble:LoRa-Chatter-1B44 44:1B:F6:8D:B7:A9","device_key":"ble-address:44:1b:f6:8d:b7:a9","kind":"rx","seq":543,"session":"s1","stream":"telemetry","text":"-59/6 Q42\n","timestamp":1790237727.594453}
2026-09-24T11:15:32.337+03:00 [RX telemetry] {"data_b64":"UEVFUl9SRVBPUlQgb3VyX3NlcT0=","description":"ble:LoRa-Chatter-72E0 E0:72:A1:D5:4C:15","device_key":"ble-address:e0:72:a1:d5:4c:15","kind":"rx","seq":553,"session":"s2","stream":"telemetry","text":"PEER_REPORT our_seq=","timestamp":1790237732.3369548}
2026-09-24T11:15:32.338+03:00 [RX telemetry] {"data_b64":"MjcgVFg9LTU5LzUgUTIyCg==","description":"ble:LoRa-Chatter-72E0 E0:72:A1:D5:4C:15","device_key":"ble-address:e0:72:a1:d5:4c:15","kind":"rx","seq":554,"session":"s2","stream":"telemetry","text":"27 TX=-59/5 Q22\n","timestamp":1790237732.3378496}
2026-09-24T11:15:32.338+03:00 [RX telemetry] {"data_b64":"UlggSEVBUlRCRUFUIFBJTkcgc2U=","description":"ble:LoRa-Chatter-72E0 E0:72:A1:D5:4C:15","device_key":"ble-address:e0:72:a1:d5:4c:15","kind":"rx","seq":555,"session":"s2","stream":"telemetry","text":"RX HEARTBEAT PING se","timestamp":1790237732.338106}
2026-09-24T11:15:32.339+03:00 [RX telemetry] {"data_b64":"c3Npb249RTEzMCBzZXE9MjggZnI=","description":"ble:LoRa-Chatter-72E0 E0:72:A1:D5:4C:15","device_key":"ble-address:e0:72:a1:d5:4c:15","kind":"rx","seq":556,"session":"s2","stream":"telemetry","text":"ssion=E130 seq=28 fr","timestamp":1790237732.3390515}
2026-09-24T11:15:32.339+03:00 [RX telemetry] {"data_b64":"YW1lPTEyQiBSWD0tNTkvNiBRNDI=","description":"ble:LoRa-Chatter-72E0 E0:72:A1:D5:4C:15","device_key":"ble-address:e0:72:a1:d5:4c:15","kind":"rx","seq":557,"session":"s2","stream":"telemetry","text":"ame=12B RX=-59/6 Q42","timestamp":1790237732.339746}
2026-09-24T11:15:32.340+03:00 [RX telemetry] {"data_b64":"Cg==","description":"ble:LoRa-Chatter-72E0 E0:72:A1:D5:4C:15","device_key":"ble-address:e0:72:a1:d5:4c:15","kind":"rx","seq":558,"session":"s2","stream":"telemetry","text":"\n","timestamp":1790237732.3403995}
2026-09-24T11:15:32.359+03:00 [RX telemetry] {"data_b64":"ClRYIEhFQVJUQkVBVCBQSU5HIHM=","description":"ble:LoRa-Chatter-1B44 44:1B:F6:8D:B7:A9","device_key":"ble-address:44:1b:f6:8d:b7:a9","kind":"rx","seq":544,"session":"s1","stream":"telemetry","text":"\nTX HEARTBEAT PING s","timestamp":1790237732.359621}
2026-09-24T11:15:32.360+03:00 [RX telemetry] {"data_b64":"ZXE9MjggZnJhbWU9MTJCIHJlYXM=","description":"ble:LoRa-Chatter-1B44 44:1B:F6:8D:B7:A9","device_key":"ble-address:44:1b:f6:8d:b7:a9","kind":"rx","seq":545,"session":"s1","stream":"telemetry","text":"eq=28 frame=12B reas","timestamp":1790237732.3602824}
2026-09-24T11:15:32.361+03:00 [RX telemetry] {"data_b64":"b249aWRsZSBPSyB0aW1lPTEyIG0=","description":"ble:LoRa-Chatter-1B44 44:1B:F6:8D:B7:A9","device_key":"ble-address:44:1b:f6:8d:b7:a9","kind":"rx","seq":546,"session":"s1","stream":"telemetry","text":"on=idle OK time=12 m","timestamp":1790237732.3608685}
2026-09-24T11:15:32.361+03:00 [RX telemetry] {"data_b64":"cyByZXNwb25zZTw9NzEzbXMK","description":"ble:LoRa-Chatter-1B44 44:1B:F6:8D:B7:A9","device_key":"ble-address:44:1b:f6:8d:b7:a9","kind":"rx","seq":547,"session":"s1","stream":"telemetry","text":"s response<=713ms\n","timestamp":1790237732.3612492}
2026-09-24T11:15:32.562+03:00 [RX telemetry] {"data_b64":"ClRYIEhFQVJUQkVBVCBQT05HIHM=","description":"ble:LoRa-Chatter-72E0 E0:72:A1:D5:4C:15","device_key":"ble-address:e0:72:a1:d5:4c:15","kind":"rx","seq":559,"session":"s2","stream":"telemetry","text":"\nTX HEARTBEAT PONG s","timestamp":1790237732.561708}
2026-09-24T11:15:32.563+03:00 [RX telemetry] {"data_b64":"ZXE9MjggZnJhbWU9MTZCIHJlcXU=","description":"ble:LoRa-Chatter-72E0 E0:72:A1:D5:4C:15","device_key":"ble-address:e0:72:a1:d5:4c:15","kind":"rx","seq":560,"session":"s2","stream":"telemetry","text":"eq=28 frame=16B requ","timestamp":1790237732.5627215}
2026-09-24T11:15:32.563+03:00 [RX telemetry] {"data_b64":"ZXN0PUUxMzAvMjggT0sgdGltZT0=","description":"ble:LoRa-Chatter-72E0 E0:72:A1:D5:4C:15","device_key":"ble-address:e0:72:a1:d5:4c:15","kind":"rx","seq":561,"session":"s2","stream":"telemetry","text":"est=E130/28 OK time=","timestamp":1790237732.5636888}
2026-09-24T11:15:32.564+03:00 [RX telemetry] {"data_b64":"MTQgbXMK","description":"ble:LoRa-Chatter-72E0 E0:72:A1:D5:4C:15","device_key":"ble-address:e0:72:a1:d5:4c:15","kind":"rx","seq":562,"session":"s2","stream":"telemetry","text":"14 ms\n","timestamp":1790237732.5644944}
2026-09-24T11:15:32.584+03:00 [RX telemetry] {"data_b64":"UEVFUl9SRVBPUlQgb3VyX3NlcT0=","description":"ble:LoRa-Chatter-1B44 44:1B:F6:8D:B7:A9","device_key":"ble-address:44:1b:f6:8d:b7:a9","kind":"rx","seq":548,"session":"s1","stream":"telemetry","text":"PEER_REPORT our_seq=","timestamp":1790237732.5847096}
2026-09-24T11:15:32.585+03:00 [RX telemetry] {"data_b64":"MjggVFg9LTU5LzYgUTQyCg==","description":"ble:LoRa-Chatter-1B44 44:1B:F6:8D:B7:A9","device_key":"ble-address:44:1b:f6:8d:b7:a9","kind":"rx","seq":549,"session":"s1","stream":"telemetry","text":"28 TX=-59/6 Q42\n","timestamp":1790237732.585584}
2026-09-24T11:15:32.586+03:00 [RX telemetry] {"data_b64":"UlggSEVBUlRCRUFUIFBPTkcgcmU=","description":"ble:LoRa-Chatter-1B44 44:1B:F6:8D:B7:A9","device_key":"ble-address:44:1b:f6:8d:b7:a9","kind":"rx","seq":550,"session":"s1","stream":"telemetry","text":"RX HEARTBEAT PONG re","timestamp":1790237732.5863233}
2026-09-24T11:15:32.587+03:00 [RX telemetry] {"data_b64":"cXVlc3Q9RTEzMC8yOCBmcmFtZT0=","description":"ble:LoRa-Chatter-1B44 44:1B:F6:8D:B7:A9","device_key":"ble-address:44:1b:f6:8d:b7:a9","kind":"rx","seq":551,"session":"s1","stream":"telemetry","text":"quest=E130/28 frame=","timestamp":1790237732.587139}
2026-09-24T11:15:32.588+03:00 [RX telemetry] {"data_b64":"MTZCIFJYPS01OS81IFEyNiBUWD0=","description":"ble:LoRa-Chatter-1B44 44:1B:F6:8D:B7:A9","device_key":"ble-address:44:1b:f6:8d:b7:a9","kind":"rx","seq":552,"session":"s1","stream":"telemetry","text":"16B RX=-59/5 Q26 TX=","timestamp":1790237732.5880837}
2026-09-24T11:15:32.588+03:00 [RX telemetry] {"data_b64":"LTU5LzYgUTQyCg==","description":"ble:LoRa-Chatter-1B44 44:1B:F6:8D:B7:A9","device_key":"ble-address:44:1b:f6:8d:b7:a9","kind":"rx","seq":553,"session":"s1","stream":"telemetry","text":"-59/6 Q42\n","timestamp":1790237732.5881586}
2026-09-24T11:15:37.355+03:00 [RX telemetry] {"data_b64":"ClRYIEhFQVJUQkVBVCBQSU5HIHM=","description":"ble:LoRa-Chatter-1B44 44:1B:F6:8D:B7:A9","device_key":"ble-address:44:1b:f6:8d:b7:a9","kind":"rx","seq":554,"session":"s1","stream":"telemetry","text":"\nTX HEARTBEAT PING s","timestamp":1790237737.354988}
2026-09-24T11:15:37.356+03:00 [RX telemetry] {"data_b64":"ZXE9MjkgZnJhbWU9MTJCIHJlYXM=","description":"ble:LoRa-Chatter-1B44 44:1B:F6:8D:B7:A9","device_key":"ble-address:44:1b:f6:8d:b7:a9","kind":"rx","seq":555,"session":"s1","stream":"telemetry","text":"eq=29 frame=12B reas","timestamp":1790237737.356205}
2026-09-24T11:15:37.357+03:00 [RX telemetry] {"data_b64":"b249aWRsZSBPSyB0aW1lPTEyIG0=","description":"ble:LoRa-Chatter-1B44 44:1B:F6:8D:B7:A9","device_key":"ble-address:44:1b:f6:8d:b7:a9","kind":"rx","seq":556,"session":"s1","stream":"telemetry","text":"on=idle OK time=12 m","timestamp":1790237737.3563242}
2026-09-24T11:15:37.357+03:00 [RX telemetry] {"data_b64":"cyByZXNwb25zZTw9NzEzbXMK","description":"ble:LoRa-Chatter-1B44 44:1B:F6:8D:B7:A9","device_key":"ble-address:44:1b:f6:8d:b7:a9","kind":"rx","seq":557,"session":"s1","stream":"telemetry","text":"s response<=713ms\n","timestamp":1790237737.3574321}
2026-09-24T11:15:37.377+03:00 [RX telemetry] {"data_b64":"UEVFUl9SRVBPUlQgb3VyX3NlcT0=","description":"ble:LoRa-Chatter-72E0 E0:72:A1:D5:4C:15","device_key":"ble-address:e0:72:a1:d5:4c:15","kind":"rx","seq":563,"session":"s2","stream":"telemetry","text":"PEER_REPORT our_seq=","timestamp":1790237737.37677}
2026-09-24T11:15:37.378+03:00 [RX telemetry] {"data_b64":"MjggVFg9LTU5LzUgUTI2Cg==","description":"ble:LoRa-Chatter-72E0 E0:72:A1:D5:4C:15","device_key":"ble-address:e0:72:a1:d5:4c:15","kind":"rx","seq":564,"session":"s2","stream":"telemetry","text":"28 TX=-59/5 Q26\n","timestamp":1790237737.377659}
2026-09-24T11:15:37.378+03:00 [RX telemetry] {"data_b64":"UlggSEVBUlRCRUFUIFBJTkcgc2U=","description":"ble:LoRa-Chatter-72E0 E0:72:A1:D5:4C:15","device_key":"ble-address:e0:72:a1:d5:4c:15","kind":"rx","seq":565,"session":"s2","stream":"telemetry","text":"RX HEARTBEAT PING se","timestamp":1790237737.3785264}
2026-09-24T11:15:37.379+03:00 [RX telemetry] {"data_b64":"c3Npb249RTEzMCBzZXE9MjkgZnI=","description":"ble:LoRa-Chatter-72E0 E0:72:A1:D5:4C:15","device_key":"ble-address:e0:72:a1:d5:4c:15","kind":"rx","seq":566,"session":"s2","stream":"telemetry","text":"ssion=E130 seq=29 fr","timestamp":1790237737.3791485}
2026-09-24T11:15:37.380+03:00 [RX telemetry] {"data_b64":"YW1lPTEyQiBSWD0tNTkvNiBRNDI=","description":"ble:LoRa-Chatter-72E0 E0:72:A1:D5:4C:15","device_key":"ble-address:e0:72:a1:d5:4c:15","kind":"rx","seq":567,"session":"s2","stream":"telemetry","text":"ame=12B RX=-59/6 Q42","timestamp":1790237737.3800933}
2026-09-24T11:15:37.381+03:00 [RX telemetry] {"data_b64":"Cg==","description":"ble:LoRa-Chatter-72E0 E0:72:A1:D5:4C:15","device_key":"ble-address:e0:72:a1:d5:4c:15","kind":"rx","seq":568,"session":"s2","stream":"telemetry","text":"\n","timestamp":1790237737.3809361}
2026-09-24T11:15:37.558+03:00 [RX telemetry] {"data_b64":"ClRYIEhFQVJUQkVBVCBQT05HIHM=","description":"ble:LoRa-Chatter-72E0 E0:72:A1:D5:4C:15","device_key":"ble-address:e0:72:a1:d5:4c:15","kind":"rx","seq":569,"session":"s2","stream":"telemetry","text":"\nTX HEARTBEAT PONG s","timestamp":1790237737.557875}
2026-09-24T11:15:37.559+03:00 [RX telemetry] {"data_b64":"ZXE9MjkgZnJhbWU9MTZCIHJlcXU=","description":"ble:LoRa-Chatter-72E0 E0:72:A1:D5:4C:15","device_key":"ble-address:e0:72:a1:d5:4c:15","kind":"rx","seq":570,"session":"s2","stream":"telemetry","text":"eq=29 frame=16B requ","timestamp":1790237737.559163}
2026-09-24T11:15:37.559+03:00 [RX telemetry] {"data_b64":"ZXN0PUUxMzAvMjkgT0sgdGltZT0=","description":"ble:LoRa-Chatter-72E0 E0:72:A1:D5:4C:15","device_key":"ble-address:e0:72:a1:d5:4c:15","kind":"rx","seq":571,"session":"s2","stream":"telemetry","text":"est=E130/29 OK time=","timestamp":1790237737.5592391}
2026-09-24T11:15:37.559+03:00 [RX telemetry] {"data_b64":"MTQgbXMK","description":"ble:LoRa-Chatter-72E0 E0:72:A1:D5:4C:15","device_key":"ble-address:e0:72:a1:d5:4c:15","kind":"rx","seq":572,"session":"s2","stream":"telemetry","text":"14 ms\n","timestamp":1790237737.5592809}
2026-09-24T11:15:37.584+03:00 [RX telemetry] {"data_b64":"UEVFUl9SRVBPUlQgb3VyX3NlcT0=","description":"ble:LoRa-Chatter-1B44 44:1B:F6:8D:B7:A9","device_key":"ble-address:44:1b:f6:8d:b7:a9","kind":"rx","seq":558,"session":"s1","stream":"telemetry","text":"PEER_REPORT our_seq=","timestamp":1790237737.583787}
2026-09-24T11:15:37.585+03:00 [RX telemetry] {"data_b64":"MjkgVFg9LTU5LzYgUTQyCg==","description":"ble:LoRa-Chatter-1B44 44:1B:F6:8D:B7:A9","device_key":"ble-address:44:1b:f6:8d:b7:a9","kind":"rx","seq":559,"session":"s1","stream":"telemetry","text":"29 TX=-59/6 Q42\n","timestamp":1790237737.5848482}
2026-09-24T11:15:37.586+03:00 [RX telemetry] {"data_b64":"UlggSEVBUlRCRUFUIFBPTkcgcmU=","description":"ble:LoRa-Chatter-1B44 44:1B:F6:8D:B7:A9","device_key":"ble-address:44:1b:f6:8d:b7:a9","kind":"rx","seq":560,"session":"s1","stream":"telemetry","text":"RX HEARTBEAT PONG re","timestamp":1790237737.5857856}
2026-09-24T11:15:37.586+03:00 [RX telemetry] {"data_b64":"cXVlc3Q9RTEzMC8yOSBmcmFtZT0=","description":"ble:LoRa-Chatter-1B44 44:1B:F6:8D:B7:A9","device_key":"ble-address:44:1b:f6:8d:b7:a9","kind":"rx","seq":561,"session":"s1","stream":"telemetry","text":"quest=E130/29 frame=","timestamp":1790237737.5867333}
2026-09-24T11:15:37.588+03:00 [RX telemetry] {"data_b64":"MTZCIFJYPS01OS82IFEzMCBUWD0=","description":"ble:LoRa-Chatter-1B44 44:1B:F6:8D:B7:A9","device_key":"ble-address:44:1b:f6:8d:b7:a9","kind":"rx","seq":562,"session":"s1","stream":"telemetry","text":"16B RX=-59/6 Q30 TX=","timestamp":1790237737.5877485}
2026-09-24T11:15:37.588+03:00 [RX telemetry] {"data_b64":"LTU5LzYgUTQyCg==","description":"ble:LoRa-Chatter-1B44 44:1B:F6:8D:B7:A9","device_key":"ble-address:44:1b:f6:8d:b7:a9","kind":"rx","seq":563,"session":"s1","stream":"telemetry","text":"-59/6 Q42\n","timestamp":1790237737.5886781}
2026-09-24T11:15:40.161+03:00 [AGENT REQUEST] {"id":49,"op":"observe","cursors":{"s1":501,"s2":483},"timeout_ms":30000}
2026-09-24T11:15:40.162+03:00 [AGENT RESPONSE] {"id":49,"ok":true,"result":{"cursors":{"s1":563,"s2":572},"lines":[{"seq_first":484,"seq_last":485,"session":"s2","stream":"telemetry","text":"PEER_REPORT our_seq=23 TX=-62/6 Q14"},{"seq_first":486,"seq_last":489,"session":"s2","stream":"telemetry","text":"RX HEARTBEAT PONG request=CCED/23 frame=16B RX=-58/6 Q45 TX=-62/6 Q14"},{"seq_first":502,"seq_last":502,"session":"s1","stream":"telemetry","text":""},{"seq_first":502,"seq_last":505,"session":"s1","stream":"telemetry","text":"TX HEARTBEAT PONG seq=23 frame=16B request=CCED/23 OK time=14 ms"},{"seq_first":506,"seq_last":506,"session":"s1","stream":"telemetry","text":""},{"seq_first":506,"seq_last":509,"session":"s1","stream":"telemetry","text":"TX HEARTBEAT PING seq=24 frame=12B reason=idle OK time=12 ms response<=713ms"},{"seq_first":490,"seq_last":490,"session":"s2","stream":"telemetry","text":""},{"seq_first":490,"seq_last":493,"session":"s2","stream":"telemetry","text":"TX HEARTBEAT PING seq=24 frame=12B reason=idle OK time=12 ms response<=713ms"},{"seq_first":510,"seq_last":514,"session":"s1","stream":"telemetry","text":"HEARTBEAT TIMEOUT request=E130/24 outcome=NRP RQ=13 peer_q=known recovery=1 jitter<=11ms"},{"seq_first":494,"seq_last":498,"session":"s2","stream":"telemetry","text":"HEARTBEAT TIMEOUT request=CCED/24 outcome=NRP RQ=43 peer_q=known recovery=1 jitter<=11ms"},{"seq_first":515,"seq_last":515,"session":"s1","stream":"telemetry","text":""},{"seq_first":515,"seq_last":518,"session":"s1","stream":"telemetry","text":"TX HEARTBEAT PING seq=25 frame=12B reason=idle OK time=12 ms response<=713ms"},{"seq_first":499,"seq_last":500,"session":"s2","stream":"telemetry","text":"PEER_REPORT our_seq=23 TX=-62/6 Q13"},{"seq_first":501,"seq_last":504,"session":"s2","stream":"telemetry","text":"RX HEARTBEAT PING session=E130 seq=25 frame=12B RX=-59/6 Q43"},{"seq_first":519,"seq_last":520,"session":"s1","stream":"telemetry","text":"PEER_REPORT our_seq=25 TX=-59/6 Q43"},{"seq_first":521,"seq_last":524,"session":"s1","stream":"telemetry","text":"RX HEARTBEAT PONG request=E130/25 frame=16B RX=-59/5 Q19 TX=-59/6 Q43"},{"seq_first":505,"seq_last":505,"session":"s2","stream":"telemetry","text":""},{"seq_first":505,"seq_last":508,"session":"s2","stream":"telemetry","text":"TX HEARTBEAT PONG seq=25 frame=16B request=E130/25 OK time=14 ms"},{"seq_first":509,"seq_last":509,"session":"s2","stream":"telemetry","text":""},{"seq_first":509,"seq_last":512,"session":"s2","stream":"telemetry","text":"TX HEARTBEAT PING seq=26 frame=12B reason=idle OK time=12 ms response<=713ms"},{"seq_first":525,"seq_last":525,"session":"s1","stream":"telemetry","text":""},{"seq_first":525,"seq_last":528,"session":"s1","stream":"telemetry","text":"TX HEARTBEAT PING seq=26 frame=12B reason=idle OK time=12 ms response<=713ms"},{"seq_first":529,"seq_last":533,"session":"s1","stream":"telemetry","text":"HEARTBEAT TIMEOUT request=E130/26 outcome=NRP RQ=18 peer_q=known recovery=1 jitter<=11ms"},{"seq_first":513,"seq_last":517,"session":"s2","stream":"telemetry","text":"HEARTBEAT TIMEOUT request=CCED/26 outcome=NRP RQ=42 peer_q=known recovery=1 jitter<=11ms"},{"seq_first":518,"seq_last":518,"session":"s2","stream":"telemetry","text":""},{"seq_first":518,"seq_last":527,"session":"s2","stream":"telemetry","text":"SESSION t=5041s TX ok=27 user=0 echo_req=0 echo_rep=0 hb=27(idle=24) err=0 started=27 RX ok=13 user=0 echo_req=0 echo_rep=0 hb=3 crc=0 hdr=0 bad=0 readerr=0 reports=13 Q=42% drops=0 fatal=0"},{"seq_first":528,"seq_last":531,"session":"s2","stream":"telemetry","text":"SESSION COURTESY window=5000ms peer_release=0 expired=0 yielding=0"},{"seq_first":532,"seq_last":536,"session":"s2","stream":"telemetry","text":"SESSION DIO0_TX affected=0/27 episodes=0 avg_all=0.00 avg_affected=0.00 high_polls=0"},{"seq_first":537,"seq_last":542,"session":"s2","stream":"telemetry","text":"SESSION RX_POLL polls=4991127 rxdone=13 interval=1000us DIO0_RX false_high_ep=0 high_polls=0 rxdone_low=1 isr=disabled"},{"seq_first":543,"seq_last":544,"session":"s2","stream":"telemetry","text":"PEER_REPORT our_seq=25 TX=-59/5 Q18"},{"seq_first":545,"seq_last":548,"session":"s2","stream":"telemetry","text":"RX HEARTBEAT PING session=E130 seq=27 frame=12B RX=-59/6 Q42"},{"seq_first":534,"seq_last":534,"session":"s1","stream":"telemetry","text":""},{"seq_first":534,"seq_last":537,"session":"s1","stream":"telemetry","text":"TX HEARTBEAT PING seq=27 frame=12B reason=idle OK time=12 ms response<=713ms"},{"seq_first":549,"seq_last":549,"session":"s2","stream":"telemetry","text":""},{"seq_first":549,"seq_last":552,"session":"s2","stream":"telemetry","text":"TX HEARTBEAT PONG seq=27 frame=16B request=E130/27 OK time=14 ms"},{"seq_first":538,"seq_last":539,"session":"s1","stream":"telemetry","text":"PEER_REPORT our_seq=27 TX=-59/6 Q42"},{"seq_first":540,"seq_last":543,"session":"s1","stream":"telemetry","text":"RX HEARTBEAT PONG request=E130/27 frame=16B RX=-59/5 Q22 TX=-59/6 Q42"},{"seq_first":553,"seq_last":554,"session":"s2","stream":"telemetry","text":"PEER_REPORT our_seq=27 TX=-59/5 Q22"},{"seq_first":555,"seq_last":558,"session":"s2","stream":"telemetry","text":"RX HEARTBEAT PING session=E130 seq=28 frame=12B RX=-59/6 Q42"},{"seq_first":544,"seq_last":544,"session":"s1","stream":"telemetry","text":""},{"seq_first":544,"seq_last":547,"session":"s1","stream":"telemetry","text":"TX HEARTBEAT PING seq=28 frame=12B reason=idle OK time=12 ms response<=713ms"},{"seq_first":559,"seq_last":559,"session":"s2","stream":"telemetry","text":""},{"seq_first":559,"seq_last":562,"session":"s2","stream":"telemetry","text":"TX HEARTBEAT PONG seq=28 frame=16B request=E130/28 OK time=14 ms"},{"seq_first":548,"seq_last":549,"session":"s1","stream":"telemetry","text":"PEER_REPORT our_seq=28 TX=-59/6 Q42"},{"seq_first":550,"seq_last":553,"session":"s1","stream":"telemetry","text":"RX HEARTBEAT PONG request=E130/28 frame=16B RX=-59/5 Q26 TX=-59/6 Q42"},{"seq_first":554,"seq_last":554,"session":"s1","stream":"telemetry","text":""},{"seq_first":554,"seq_last":557,"session":"s1","stream":"telemetry","text":"TX HEARTBEAT PING seq=29 frame=12B reason=idle OK time=12 ms response<=713ms"},{"seq_first":563,"seq_last":564,"session":"s2","stream":"telemetry","text":"PEER_REPORT our_seq=28 TX=-59/5 Q26"},{"seq_first":565,"seq_last":568,"session":"s2","stream":"telemetry","text":"RX HEARTBEAT PING session=E130 seq=29 frame=12B RX=-59/6 Q42"},{"seq_first":569,"seq_last":569,"session":"s2","stream":"telemetry","text":""},{"seq_first":569,"seq_last":572,"session":"s2","stream":"telemetry","text":"TX HEARTBEAT PONG seq=29 frame=16B request=E130/29 OK time=14 ms"},{"seq_first":558,"seq_last":559,"session":"s1","stream":"telemetry","text":"PEER_REPORT our_seq=29 TX=-59/6 Q42"},{"seq_first":560,"seq_last":563,"session":"s1","stream":"telemetry","text":"RX HEARTBEAT PONG request=E130/29 frame=16B RX=-59/6 Q30 TX=-59/6 Q42"}],"timed_out":false}}
2026-09-24T11:15:42.260+03:00 [RX telemetry] {"data_b64":"ClNFU1NJT04gdD01MTAwcyBUWCA=","description":"ble:LoRa-Chatter-1B44 44:1B:F6:8D:B7:A9","device_key":"ble-address:44:1b:f6:8d:b7:a9","kind":"rx","seq":564,"session":"s1","stream":"telemetry","text":"\nSESSION t=5100s TX ","timestamp":1790237742.2601502}
2026-09-24T11:15:42.261+03:00 [RX telemetry] {"data_b64":"b2s9MzAgdXNlcj0wIGVjaG9fcmU=","description":"ble:LoRa-Chatter-1B44 44:1B:F6:8D:B7:A9","device_key":"ble-address:44:1b:f6:8d:b7:a9","kind":"rx","seq":565,"session":"s1","stream":"telemetry","text":"ok=30 user=0 echo_re","timestamp":1790237742.2611244}
2026-09-24T11:15:42.262+03:00 [RX telemetry] {"data_b64":"cT0wIGVjaG9fcmVwPTAgaGI9MzA=","description":"ble:LoRa-Chatter-1B44 44:1B:F6:8D:B7:A9","device_key":"ble-address:44:1b:f6:8d:b7:a9","kind":"rx","seq":566,"session":"s1","stream":"telemetry","text":"q=0 echo_rep=0 hb=30","timestamp":1790237742.261891}
2026-09-24T11:15:42.263+03:00 [RX telemetry] {"data_b64":"KGlkbGU9MjApIGVycj0wIHN0YXI=","description":"ble:LoRa-Chatter-1B44 44:1B:F6:8D:B7:A9","device_key":"ble-address:44:1b:f6:8d:b7:a9","kind":"rx","seq":567,"session":"s1","stream":"telemetry","text":"(idle=20) err=0 star","timestamp":1790237742.2630274}
2026-09-24T11:15:42.263+03:00 [RX telemetry] {"data_b64":"dGVkPTMwIFJYIG9rPTE2IHVzZXI=","description":"ble:LoRa-Chatter-1B44 44:1B:F6:8D:B7:A9","device_key":"ble-address:44:1b:f6:8d:b7:a9","kind":"rx","seq":568,"session":"s1","stream":"telemetry","text":"ted=30 RX ok=16 user","timestamp":1790237742.2631376}
2026-09-24T11:15:42.264+03:00 [RX telemetry] {"data_b64":"PTAgZWNob19yZXE9MCBlY2hvX3I=","description":"ble:LoRa-Chatter-1B44 44:1B:F6:8D:B7:A9","device_key":"ble-address:44:1b:f6:8d:b7:a9","kind":"rx","seq":569,"session":"s1","stream":"telemetry","text":"=0 echo_req=0 echo_r","timestamp":1790237742.263397}
2026-09-24T11:15:42.264+03:00 [RX telemetry] {"data_b64":"ZXA9MCBoYj0xMCBjcmM9MCBoZHI=","description":"ble:LoRa-Chatter-1B44 44:1B:F6:8D:B7:A9","device_key":"ble-address:44:1b:f6:8d:b7:a9","kind":"rx","seq":570,"session":"s1","stream":"telemetry","text":"ep=0 hb=10 crc=0 hdr","timestamp":1790237742.264632}
2026-09-24T11:15:42.265+03:00 [RX telemetry] {"data_b64":"PTAgYmFkPTEgcmVhZGVycj0wIHI=","description":"ble:LoRa-Chatter-1B44 44:1B:F6:8D:B7:A9","device_key":"ble-address:44:1b:f6:8d:b7:a9","kind":"rx","seq":571,"session":"s1","stream":"telemetry","text":"=0 bad=1 readerr=0 r","timestamp":1790237742.2647078}
2026-09-24T11:15:42.265+03:00 [RX telemetry] {"data_b64":"ZXBvcnRzPTE1IFE9MzAlIGRyb3A=","description":"ble:LoRa-Chatter-1B44 44:1B:F6:8D:B7:A9","device_key":"ble-address:44:1b:f6:8d:b7:a9","kind":"rx","seq":572,"session":"s1","stream":"telemetry","text":"eports=15 Q=30% drop","timestamp":1790237742.2652187}
2026-09-24T11:15:42.267+03:00 [RX telemetry] {"data_b64":"cz0wIGZhdGFsPTAK","description":"ble:LoRa-Chatter-1B44 44:1B:F6:8D:B7:A9","device_key":"ble-address:44:1b:f6:8d:b7:a9","kind":"rx","seq":573,"session":"s1","stream":"telemetry","text":"s=0 fatal=0\n","timestamp":1790237742.2676787}
2026-09-24T11:15:42.269+03:00 [RX telemetry] {"data_b64":"U0VTU0lPTiBDT1VSVEVTWSB3aW4=","description":"ble:LoRa-Chatter-1B44 44:1B:F6:8D:B7:A9","device_key":"ble-address:44:1b:f6:8d:b7:a9","kind":"rx","seq":574,"session":"s1","stream":"telemetry","text":"SESSION COURTESY win","timestamp":1790237742.2687213}
2026-09-24T11:15:42.269+03:00 [RX telemetry] {"data_b64":"ZG93PTUwMDBtcyBwZWVyX3JlbGU=","description":"ble:LoRa-Chatter-1B44 44:1B:F6:8D:B7:A9","device_key":"ble-address:44:1b:f6:8d:b7:a9","kind":"rx","seq":575,"session":"s1","stream":"telemetry","text":"dow=5000ms peer_rele","timestamp":1790237742.2688286}
2026-09-24T11:15:42.304+03:00 [RX telemetry] {"data_b64":"YXNlPTAgZXhwaXJlZD0wIHlpZWw=","description":"ble:LoRa-Chatter-1B44 44:1B:F6:8D:B7:A9","device_key":"ble-address:44:1b:f6:8d:b7:a9","kind":"rx","seq":576,"session":"s1","stream":"telemetry","text":"ase=0 expired=0 yiel","timestamp":1790237742.3047714}
2026-09-24T11:15:42.306+03:00 [RX telemetry] {"data_b64":"ZGluZz0wCg==","description":"ble:LoRa-Chatter-1B44 44:1B:F6:8D:B7:A9","device_key":"ble-address:44:1b:f6:8d:b7:a9","kind":"rx","seq":577,"session":"s1","stream":"telemetry","text":"ding=0\n","timestamp":1790237742.3056257}
2026-09-24T11:15:42.306+03:00 [RX telemetry] {"data_b64":"U0VTU0lPTiBESU8wX1RYIGFmZmU=","description":"ble:LoRa-Chatter-1B44 44:1B:F6:8D:B7:A9","device_key":"ble-address:44:1b:f6:8d:b7:a9","kind":"rx","seq":578,"session":"s1","stream":"telemetry","text":"SESSION DIO0_TX affe","timestamp":1790237742.3063304}
2026-09-24T11:15:42.307+03:00 [RX telemetry] {"data_b64":"Y3RlZD0wLzMwIGVwaXNvZGVzPTA=","description":"ble:LoRa-Chatter-1B44 44:1B:F6:8D:B7:A9","device_key":"ble-address:44:1b:f6:8d:b7:a9","kind":"rx","seq":579,"session":"s1","stream":"telemetry","text":"cted=0/30 episodes=0","timestamp":1790237742.3070605}
2026-09-24T11:15:42.308+03:00 [RX telemetry] {"data_b64":"IGF2Z19hbGw9MC4wMCBhdmdfYWY=","description":"ble:LoRa-Chatter-1B44 44:1B:F6:8D:B7:A9","device_key":"ble-address:44:1b:f6:8d:b7:a9","kind":"rx","seq":580,"session":"s1","stream":"telemetry","text":" avg_all=0.00 avg_af","timestamp":1790237742.307493}
2026-09-24T11:15:42.309+03:00 [RX telemetry] {"data_b64":"ZmVjdGVkPTAuMDAgaGlnaF9wb2w=","description":"ble:LoRa-Chatter-1B44 44:1B:F6:8D:B7:A9","device_key":"ble-address:44:1b:f6:8d:b7:a9","kind":"rx","seq":581,"session":"s1","stream":"telemetry","text":"fected=0.00 high_pol","timestamp":1790237742.308648}
2026-09-24T11:15:42.309+03:00 [RX telemetry] {"data_b64":"bHM9MAo=","description":"ble:LoRa-Chatter-1B44 44:1B:F6:8D:B7:A9","device_key":"ble-address:44:1b:f6:8d:b7:a9","kind":"rx","seq":582,"session":"s1","stream":"telemetry","text":"ls=0\n","timestamp":1790237742.3087518}
2026-09-24T11:15:42.310+03:00 [RX telemetry] {"data_b64":"U0VTU0lPTiBSWF9QT0xMIHBvbGw=","description":"ble:LoRa-Chatter-1B44 44:1B:F6:8D:B7:A9","device_key":"ble-address:44:1b:f6:8d:b7:a9","kind":"rx","seq":583,"session":"s1","stream":"telemetry","text":"SESSION RX_POLL poll","timestamp":1790237742.309885}
2026-09-24T11:15:42.310+03:00 [RX telemetry] {"data_b64":"cz01MDcwNDgyIHJ4ZG9uZT0xNyA=","description":"ble:LoRa-Chatter-1B44 44:1B:F6:8D:B7:A9","device_key":"ble-address:44:1b:f6:8d:b7:a9","kind":"rx","seq":584,"session":"s1","stream":"telemetry","text":"s=5070482 rxdone=17 ","timestamp":1790237742.3100038}
2026-09-24T11:15:42.311+03:00 [RX telemetry] {"data_b64":"aW50ZXJ2YWw9MTAwMHVzIERJTzA=","description":"ble:LoRa-Chatter-1B44 44:1B:F6:8D:B7:A9","device_key":"ble-address:44:1b:f6:8d:b7:a9","kind":"rx","seq":585,"session":"s1","stream":"telemetry","text":"interval=1000us DIO0","timestamp":1790237742.3109913}
2026-09-24T11:15:42.311+03:00 [RX telemetry] {"data_b64":"X1JYIGZhbHNlX2hpZ2hfZXA9MCA=","description":"ble:LoRa-Chatter-1B44 44:1B:F6:8D:B7:A9","device_key":"ble-address:44:1b:f6:8d:b7:a9","kind":"rx","seq":586,"session":"s1","stream":"telemetry","text":"_RX false_high_ep=0 ","timestamp":1790237742.311068}
2026-09-24T11:15:42.312+03:00 [RX telemetry] {"data_b64":"aGlnaF9wb2xscz0wIHJ4ZG9uZV8=","description":"ble:LoRa-Chatter-1B44 44:1B:F6:8D:B7:A9","device_key":"ble-address:44:1b:f6:8d:b7:a9","kind":"rx","seq":587,"session":"s1","stream":"telemetry","text":"high_polls=0 rxdone_","timestamp":1790237742.3123002}
2026-09-24T11:15:42.313+03:00 [RX telemetry] {"data_b64":"bG93PTEgaXNyPWRpc2FibGVkCg==","description":"ble:LoRa-Chatter-1B44 44:1B:F6:8D:B7:A9","device_key":"ble-address:44:1b:f6:8d:b7:a9","kind":"rx","seq":588,"session":"s1","stream":"telemetry","text":"low=1 isr=disabled\n","timestamp":1790237742.3129191}
2026-09-24T11:15:42.350+03:00 [RX telemetry] {"data_b64":"ClRYIEhFQVJUQkVBVCBQSU5HIHM=","description":"ble:LoRa-Chatter-1B44 44:1B:F6:8D:B7:A9","device_key":"ble-address:44:1b:f6:8d:b7:a9","kind":"rx","seq":589,"session":"s1","stream":"telemetry","text":"\nTX HEARTBEAT PING s","timestamp":1790237742.349708}
2026-09-24T11:15:42.350+03:00 [RX telemetry] {"data_b64":"ZXE9MzAgZnJhbWU9MTJCIHJlYXM=","description":"ble:LoRa-Chatter-1B44 44:1B:F6:8D:B7:A9","device_key":"ble-address:44:1b:f6:8d:b7:a9","kind":"rx","seq":590,"session":"s1","stream":"telemetry","text":"eq=30 frame=12B reas","timestamp":1790237742.350727}
2026-09-24T11:15:42.352+03:00 [RX telemetry] {"data_b64":"b249aWRsZSBPSyB0aW1lPTEyIG0=","description":"ble:LoRa-Chatter-1B44 44:1B:F6:8D:B7:A9","device_key":"ble-address:44:1b:f6:8d:b7:a9","kind":"rx","seq":591,"session":"s1","stream":"telemetry","text":"on=idle OK time=12 m","timestamp":1790237742.3515635}
2026-09-24T11:15:42.352+03:00 [RX telemetry] {"data_b64":"cyByZXNwb25zZTw9NzEzbXMK","description":"ble:LoRa-Chatter-1B44 44:1B:F6:8D:B7:A9","device_key":"ble-address:44:1b:f6:8d:b7:a9","kind":"rx","seq":592,"session":"s1","stream":"telemetry","text":"s response<=713ms\n","timestamp":1790237742.3519757}
2026-09-24T11:15:42.371+03:00 [RX telemetry] {"data_b64":"UEVFUl9SRVBPUlQgb3VyX3NlcT0=","description":"ble:LoRa-Chatter-72E0 E0:72:A1:D5:4C:15","device_key":"ble-address:e0:72:a1:d5:4c:15","kind":"rx","seq":573,"session":"s2","stream":"telemetry","text":"PEER_REPORT our_seq=","timestamp":1790237742.3717177}
2026-09-24T11:15:42.372+03:00 [RX telemetry] {"data_b64":"MjkgVFg9LTU5LzYgUTMwCg==","description":"ble:LoRa-Chatter-72E0 E0:72:A1:D5:4C:15","device_key":"ble-address:e0:72:a1:d5:4c:15","kind":"rx","seq":574,"session":"s2","stream":"telemetry","text":"29 TX=-59/6 Q30\n","timestamp":1790237742.3724728}
2026-09-24T11:15:42.373+03:00 [RX telemetry] {"data_b64":"UlggSEVBUlRCRUFUIFBJTkcgc2U=","description":"ble:LoRa-Chatter-72E0 E0:72:A1:D5:4C:15","device_key":"ble-address:e0:72:a1:d5:4c:15","kind":"rx","seq":575,"session":"s2","stream":"telemetry","text":"RX HEARTBEAT PING se","timestamp":1790237742.3732808}
2026-09-24T11:15:42.374+03:00 [RX telemetry] {"data_b64":"c3Npb249RTEzMCBzZXE9MzAgZnI=","description":"ble:LoRa-Chatter-72E0 E0:72:A1:D5:4C:15","device_key":"ble-address:e0:72:a1:d5:4c:15","kind":"rx","seq":576,"session":"s2","stream":"telemetry","text":"ssion=E130 seq=30 fr","timestamp":1790237742.3740768}
2026-09-24T11:15:42.374+03:00 [RX telemetry] {"data_b64":"YW1lPTEyQiBSWD0tNjAvNiBRNDI=","description":"ble:LoRa-Chatter-72E0 E0:72:A1:D5:4C:15","device_key":"ble-address:e0:72:a1:d5:4c:15","kind":"rx","seq":577,"session":"s2","stream":"telemetry","text":"ame=12B RX=-60/6 Q42","timestamp":1790237742.3748112}
2026-09-24T11:15:42.375+03:00 [RX telemetry] {"data_b64":"Cg==","description":"ble:LoRa-Chatter-72E0 E0:72:A1:D5:4C:15","device_key":"ble-address:e0:72:a1:d5:4c:15","kind":"rx","seq":578,"session":"s2","stream":"telemetry","text":"\n","timestamp":1790237742.3755574}
2026-09-24T11:15:42.574+03:00 [RX telemetry] {"data_b64":"UEVFUl9SRVBPUlQgb3VyX3NlcT0=","description":"ble:LoRa-Chatter-1B44 44:1B:F6:8D:B7:A9","device_key":"ble-address:44:1b:f6:8d:b7:a9","kind":"rx","seq":593,"session":"s1","stream":"telemetry","text":"PEER_REPORT our_seq=","timestamp":1790237742.5747373}
2026-09-24T11:15:42.575+03:00 [RX telemetry] {"data_b64":"MzAgVFg9LTYwLzYgUTQyCg==","description":"ble:LoRa-Chatter-1B44 44:1B:F6:8D:B7:A9","device_key":"ble-address:44:1b:f6:8d:b7:a9","kind":"rx","seq":594,"session":"s1","stream":"telemetry","text":"30 TX=-60/6 Q42\n","timestamp":1790237742.5755892}
2026-09-24T11:15:42.577+03:00 [RX telemetry] {"data_b64":"UlggSEVBUlRCRUFUIFBPTkcgcmU=","description":"ble:LoRa-Chatter-1B44 44:1B:F6:8D:B7:A9","device_key":"ble-address:44:1b:f6:8d:b7:a9","kind":"rx","seq":595,"session":"s1","stream":"telemetry","text":"RX HEARTBEAT PONG re","timestamp":1790237742.5768838}
2026-09-24T11:15:42.577+03:00 [RX telemetry] {"data_b64":"cXVlc3Q9RTEzMC8zMCBmcmFtZT0=","description":"ble:LoRa-Chatter-1B44 44:1B:F6:8D:B7:A9","device_key":"ble-address:44:1b:f6:8d:b7:a9","kind":"rx","seq":596,"session":"s1","stream":"telemetry","text":"quest=E130/30 frame=","timestamp":1790237742.57698}
2026-09-24T11:15:42.578+03:00 [RX telemetry] {"data_b64":"MTZCIFJYPS01OS81IFEzMyBUWD0=","description":"ble:LoRa-Chatter-1B44 44:1B:F6:8D:B7:A9","device_key":"ble-address:44:1b:f6:8d:b7:a9","kind":"rx","seq":597,"session":"s1","stream":"telemetry","text":"16B RX=-59/5 Q33 TX=","timestamp":1790237742.5776787}
2026-09-24T11:15:42.579+03:00 [RX telemetry] {"data_b64":"LTYwLzYgUTQyCg==","description":"ble:LoRa-Chatter-1B44 44:1B:F6:8D:B7:A9","device_key":"ble-address:44:1b:f6:8d:b7:a9","kind":"rx","seq":598,"session":"s1","stream":"telemetry","text":"-60/6 Q42\n","timestamp":1790237742.57874}
2026-09-24T11:15:42.597+03:00 [RX telemetry] {"data_b64":"ClRYIEhFQVJUQkVBVCBQT05HIHM=","description":"ble:LoRa-Chatter-72E0 E0:72:A1:D5:4C:15","device_key":"ble-address:e0:72:a1:d5:4c:15","kind":"rx","seq":579,"session":"s2","stream":"telemetry","text":"\nTX HEARTBEAT PONG s","timestamp":1790237742.5967739}
2026-09-24T11:15:42.597+03:00 [RX telemetry] {"data_b64":"ZXE9MzAgZnJhbWU9MTZCIHJlcXU=","description":"ble:LoRa-Chatter-72E0 E0:72:A1:D5:4C:15","device_key":"ble-address:e0:72:a1:d5:4c:15","kind":"rx","seq":580,"session":"s2","stream":"telemetry","text":"eq=30 frame=16B requ","timestamp":1790237742.5976472}
2026-09-24T11:15:42.599+03:00 [RX telemetry] {"data_b64":"ZXN0PUUxMzAvMzAgT0sgdGltZT0=","description":"ble:LoRa-Chatter-72E0 E0:72:A1:D5:4C:15","device_key":"ble-address:e0:72:a1:d5:4c:15","kind":"rx","seq":581,"session":"s2","stream":"telemetry","text":"est=E130/30 OK time=","timestamp":1790237742.599023}
2026-09-24T11:15:42.599+03:00 [RX telemetry] {"data_b64":"MTQgbXMK","description":"ble:LoRa-Chatter-72E0 E0:72:A1:D5:4C:15","device_key":"ble-address:e0:72:a1:d5:4c:15","kind":"rx","seq":582,"session":"s2","stream":"telemetry","text":"14 ms\n","timestamp":1790237742.599121}
2026-09-24T11:15:47.345+03:00 [RX telemetry] {"data_b64":"ClRYIEhFQVJUQkVBVCBQSU5HIHM=","description":"ble:LoRa-Chatter-1B44 44:1B:F6:8D:B7:A9","device_key":"ble-address:44:1b:f6:8d:b7:a9","kind":"rx","seq":599,"session":"s1","stream":"telemetry","text":"\nTX HEARTBEAT PING s","timestamp":1790237747.3450553}
2026-09-24T11:15:47.346+03:00 [RX telemetry] {"data_b64":"ZXE9MzEgZnJhbWU9MTJCIHJlYXM=","description":"ble:LoRa-Chatter-1B44 44:1B:F6:8D:B7:A9","device_key":"ble-address:44:1b:f6:8d:b7:a9","kind":"rx","seq":600,"session":"s1","stream":"telemetry","text":"eq=31 frame=12B reas","timestamp":1790237747.3462682}
2026-09-24T11:15:47.346+03:00 [RX telemetry] {"data_b64":"b249aWRsZSBPSyB0aW1lPTEyIG0=","description":"ble:LoRa-Chatter-1B44 44:1B:F6:8D:B7:A9","device_key":"ble-address:44:1b:f6:8d:b7:a9","kind":"rx","seq":601,"session":"s1","stream":"telemetry","text":"on=idle OK time=12 m","timestamp":1790237747.3464}
2026-09-24T11:15:47.347+03:00 [RX telemetry] {"data_b64":"cyByZXNwb25zZTw9NzEzbXMK","description":"ble:LoRa-Chatter-1B44 44:1B:F6:8D:B7:A9","device_key":"ble-address:44:1b:f6:8d:b7:a9","kind":"rx","seq":602,"session":"s1","stream":"telemetry","text":"s response<=713ms\n","timestamp":1790237747.3472412}
2026-09-24T11:15:47.367+03:00 [RX telemetry] {"data_b64":"UEVFUl9SRVBPUlQgb3VyX3NlcT0=","description":"ble:LoRa-Chatter-72E0 E0:72:A1:D5:4C:15","device_key":"ble-address:e0:72:a1:d5:4c:15","kind":"rx","seq":583,"session":"s2","stream":"telemetry","text":"PEER_REPORT our_seq=","timestamp":1790237747.3667436}
2026-09-24T11:15:47.367+03:00 [RX telemetry] {"data_b64":"MzAgVFg9LTU5LzUgUTMzCg==","description":"ble:LoRa-Chatter-72E0 E0:72:A1:D5:4C:15","device_key":"ble-address:e0:72:a1:d5:4c:15","kind":"rx","seq":584,"session":"s2","stream":"telemetry","text":"30 TX=-59/5 Q33\n","timestamp":1790237747.367499}
2026-09-24T11:15:47.368+03:00 [RX telemetry] {"data_b64":"UlggSEVBUlRCRUFUIFBJTkcgc2U=","description":"ble:LoRa-Chatter-72E0 E0:72:A1:D5:4C:15","device_key":"ble-address:e0:72:a1:d5:4c:15","kind":"rx","seq":585,"session":"s2","stream":"telemetry","text":"RX HEARTBEAT PING se","timestamp":1790237747.3682513}
2026-09-24T11:15:47.369+03:00 [RX telemetry] {"data_b64":"c3Npb249RTEzMCBzZXE9MzEgZnI=","description":"ble:LoRa-Chatter-72E0 E0:72:A1:D5:4C:15","device_key":"ble-address:e0:72:a1:d5:4c:15","kind":"rx","seq":586,"session":"s2","stream":"telemetry","text":"ssion=E130 seq=31 fr","timestamp":1790237747.3690388}
2026-09-24T11:15:47.369+03:00 [RX telemetry] {"data_b64":"YW1lPTEyQiBSWD0tNTkvNSBRNDI=","description":"ble:LoRa-Chatter-72E0 E0:72:A1:D5:4C:15","device_key":"ble-address:e0:72:a1:d5:4c:15","kind":"rx","seq":587,"session":"s2","stream":"telemetry","text":"ame=12B RX=-59/5 Q42","timestamp":1790237747.3694859}
2026-09-24T11:15:47.370+03:00 [RX telemetry] {"data_b64":"Cg==","description":"ble:LoRa-Chatter-72E0 E0:72:A1:D5:4C:15","device_key":"ble-address:e0:72:a1:d5:4c:15","kind":"rx","seq":588,"session":"s2","stream":"telemetry","text":"\n","timestamp":1790237747.3702283}
2026-09-24T11:15:47.570+03:00 [RX telemetry] {"data_b64":"UEVFUl9SRVBPUlQgb3VyX3NlcT0=","description":"ble:LoRa-Chatter-1B44 44:1B:F6:8D:B7:A9","device_key":"ble-address:44:1b:f6:8d:b7:a9","kind":"rx","seq":603,"session":"s1","stream":"telemetry","text":"PEER_REPORT our_seq=","timestamp":1790237747.5698519}
2026-09-24T11:15:47.571+03:00 [RX telemetry] {"data_b64":"MzEgVFg9LTU5LzUgUTQyCg==","description":"ble:LoRa-Chatter-1B44 44:1B:F6:8D:B7:A9","device_key":"ble-address:44:1b:f6:8d:b7:a9","kind":"rx","seq":604,"session":"s1","stream":"telemetry","text":"31 TX=-59/5 Q42\n","timestamp":1790237747.570777}
2026-09-24T11:15:47.572+03:00 [RX telemetry] {"data_b64":"UlggSEVBUlRCRUFUIFBPTkcgcmU=","description":"ble:LoRa-Chatter-1B44 44:1B:F6:8D:B7:A9","device_key":"ble-address:44:1b:f6:8d:b7:a9","kind":"rx","seq":605,"session":"s1","stream":"telemetry","text":"RX HEARTBEAT PONG re","timestamp":1790237747.5719643}
2026-09-24T11:15:47.572+03:00 [RX telemetry] {"data_b64":"cXVlc3Q9RTEzMC8zMSBmcmFtZT0=","description":"ble:LoRa-Chatter-1B44 44:1B:F6:8D:B7:A9","device_key":"ble-address:44:1b:f6:8d:b7:a9","kind":"rx","seq":606,"session":"s1","stream":"telemetry","text":"quest=E130/31 frame=","timestamp":1790237747.5720446}
2026-09-24T11:15:47.573+03:00 [RX telemetry] {"data_b64":"MTZCIFJYPS01OS81IFEzNiBUWD0=","description":"ble:LoRa-Chatter-1B44 44:1B:F6:8D:B7:A9","device_key":"ble-address:44:1b:f6:8d:b7:a9","kind":"rx","seq":607,"session":"s1","stream":"telemetry","text":"16B RX=-59/5 Q36 TX=","timestamp":1790237747.5728467}
2026-09-24T11:15:47.573+03:00 [RX telemetry] {"data_b64":"LTU5LzUgUTQyCg==","description":"ble:LoRa-Chatter-1B44 44:1B:F6:8D:B7:A9","device_key":"ble-address:44:1b:f6:8d:b7:a9","kind":"rx","seq":608,"session":"s1","stream":"telemetry","text":"-59/5 Q42\n","timestamp":1790237747.5736895}
2026-09-24T11:15:47.591+03:00 [RX telemetry] {"data_b64":"ClRYIEhFQVJUQkVBVCBQT05HIHM=","description":"ble:LoRa-Chatter-72E0 E0:72:A1:D5:4C:15","device_key":"ble-address:e0:72:a1:d5:4c:15","kind":"rx","seq":589,"session":"s2","stream":"telemetry","text":"\nTX HEARTBEAT PONG s","timestamp":1790237747.591695}
2026-09-24T11:15:47.592+03:00 [RX telemetry] {"data_b64":"ZXE9MzEgZnJhbWU9MTZCIHJlcXU=","description":"ble:LoRa-Chatter-72E0 E0:72:A1:D5:4C:15","device_key":"ble-address:e0:72:a1:d5:4c:15","kind":"rx","seq":590,"session":"s2","stream":"telemetry","text":"eq=31 frame=16B requ","timestamp":1790237747.5925806}
2026-09-24T11:15:47.593+03:00 [RX telemetry] {"data_b64":"ZXN0PUUxMzAvMzEgT0sgdGltZT0=","description":"ble:LoRa-Chatter-72E0 E0:72:A1:D5:4C:15","device_key":"ble-address:e0:72:a1:d5:4c:15","kind":"rx","seq":591,"session":"s2","stream":"telemetry","text":"est=E130/31 OK time=","timestamp":1790237747.5933495}
2026-09-24T11:15:47.594+03:00 [RX telemetry] {"data_b64":"MTQgbXMK","description":"ble:LoRa-Chatter-72E0 E0:72:A1:D5:4C:15","device_key":"ble-address:e0:72:a1:d5:4c:15","kind":"rx","seq":592,"session":"s2","stream":"telemetry","text":"14 ms\n","timestamp":1790237747.5935934}
2026-09-24T11:15:52.362+03:00 [RX telemetry] {"data_b64":"ClRYIEhFQVJUQkVBVCBQSU5HIHM=","description":"ble:LoRa-Chatter-72E0 E0:72:A1:D5:4C:15","device_key":"ble-address:e0:72:a1:d5:4c:15","kind":"rx","seq":593,"session":"s2","stream":"telemetry","text":"\nTX HEARTBEAT PING s","timestamp":1790237752.3619528}
2026-09-24T11:15:52.363+03:00 [RX telemetry] {"data_b64":"ZXE9MzIgZnJhbWU9MTJCIHJlYXM=","description":"ble:LoRa-Chatter-72E0 E0:72:A1:D5:4C:15","device_key":"ble-address:e0:72:a1:d5:4c:15","kind":"rx","seq":594,"session":"s2","stream":"telemetry","text":"eq=32 frame=12B reas","timestamp":1790237752.3627675}
2026-09-24T11:15:52.363+03:00 [RX telemetry] {"data_b64":"b249aWRsZSBPSyB0aW1lPTEyIG0=","description":"ble:LoRa-Chatter-72E0 E0:72:A1:D5:4C:15","device_key":"ble-address:e0:72:a1:d5:4c:15","kind":"rx","seq":595,"session":"s2","stream":"telemetry","text":"on=idle OK time=12 m","timestamp":1790237752.363635}
2026-09-24T11:15:52.364+03:00 [RX telemetry] {"data_b64":"cyByZXNwb25zZTw9NzEzbXMK","description":"ble:LoRa-Chatter-72E0 E0:72:A1:D5:4C:15","device_key":"ble-address:e0:72:a1:d5:4c:15","kind":"rx","seq":596,"session":"s2","stream":"telemetry","text":"s response<=713ms\n","timestamp":1790237752.3643177}
2026-09-24T11:15:52.385+03:00 [RX telemetry] {"data_b64":"ClRYIEhFQVJUQkVBVCBQSU5HIHM=","description":"ble:LoRa-Chatter-1B44 44:1B:F6:8D:B7:A9","device_key":"ble-address:44:1b:f6:8d:b7:a9","kind":"rx","seq":609,"session":"s1","stream":"telemetry","text":"\nTX HEARTBEAT PING s","timestamp":1790237752.3847542}
2026-09-24T11:15:52.385+03:00 [RX telemetry] {"data_b64":"ZXE9MzIgZnJhbWU9MTJCIHJlYXM=","description":"ble:LoRa-Chatter-1B44 44:1B:F6:8D:B7:A9","device_key":"ble-address:44:1b:f6:8d:b7:a9","kind":"rx","seq":610,"session":"s1","stream":"telemetry","text":"eq=32 frame=12B reas","timestamp":1790237752.3856385}
2026-09-24T11:15:52.386+03:00 [RX telemetry] {"data_b64":"b249aWRsZSBPSyB0aW1lPTEyIG0=","description":"ble:LoRa-Chatter-1B44 44:1B:F6:8D:B7:A9","device_key":"ble-address:44:1b:f6:8d:b7:a9","kind":"rx","seq":611,"session":"s1","stream":"telemetry","text":"on=idle OK time=12 m","timestamp":1790237752.3864098}
2026-09-24T11:15:52.387+03:00 [RX telemetry] {"data_b64":"cyByZXNwb25zZTw9NzEzbXMK","description":"ble:LoRa-Chatter-1B44 44:1B:F6:8D:B7:A9","device_key":"ble-address:44:1b:f6:8d:b7:a9","kind":"rx","seq":612,"session":"s1","stream":"telemetry","text":"s response<=713ms\n","timestamp":1790237752.3872697}
2026-09-24T11:15:53.060+03:00 [RX telemetry] {"data_b64":"SEVBUlRCRUFUIFRJTUVPVVQgcmU=","description":"ble:LoRa-Chatter-1B44 44:1B:F6:8D:B7:A9","device_key":"ble-address:44:1b:f6:8d:b7:a9","kind":"rx","seq":613,"session":"s1","stream":"telemetry","text":"HEARTBEAT TIMEOUT re","timestamp":1790237753.0599694}
2026-09-24T11:15:53.061+03:00 [RX telemetry] {"data_b64":"cXVlc3Q9RTEzMC8zMiBvdXRjb20=","description":"ble:LoRa-Chatter-1B44 44:1B:F6:8D:B7:A9","device_key":"ble-address:44:1b:f6:8d:b7:a9","kind":"rx","seq":614,"session":"s1","stream":"telemetry","text":"quest=E130/32 outcom","timestamp":1790237753.0609114}
2026-09-24T11:15:53.062+03:00 [RX telemetry] {"data_b64":"ZT1OUlAgUlE9MzUgcGVlcl9xPWs=","description":"ble:LoRa-Chatter-1B44 44:1B:F6:8D:B7:A9","device_key":"ble-address:44:1b:f6:8d:b7:a9","kind":"rx","seq":615,"session":"s1","stream":"telemetry","text":"e=NRP RQ=35 peer_q=k","timestamp":1790237753.0618608}
2026-09-24T11:15:53.062+03:00 [RX telemetry] {"data_b64":"bm93biByZWNvdmVyeT0xIGppdHQ=","description":"ble:LoRa-Chatter-1B44 44:1B:F6:8D:B7:A9","device_key":"ble-address:44:1b:f6:8d:b7:a9","kind":"rx","seq":616,"session":"s1","stream":"telemetry","text":"nown recovery=1 jitt","timestamp":1790237753.0624986}
2026-09-24T11:15:53.063+03:00 [RX telemetry] {"data_b64":"ZXI8PTExbXMK","description":"ble:LoRa-Chatter-1B44 44:1B:F6:8D:B7:A9","device_key":"ble-address:44:1b:f6:8d:b7:a9","kind":"rx","seq":617,"session":"s1","stream":"telemetry","text":"er<=11ms\n","timestamp":1790237753.063123}
2026-09-24T11:15:53.082+03:00 [RX telemetry] {"data_b64":"SEVBUlRCRUFUIFRJTUVPVVQgcmU=","description":"ble:LoRa-Chatter-72E0 E0:72:A1:D5:4C:15","device_key":"ble-address:e0:72:a1:d5:4c:15","kind":"rx","seq":597,"session":"s2","stream":"telemetry","text":"HEARTBEAT TIMEOUT re","timestamp":1790237753.081879}
2026-09-24T11:15:53.082+03:00 [RX telemetry] {"data_b64":"cXVlc3Q9Q0NFRC8zMiBvdXRjb20=","description":"ble:LoRa-Chatter-72E0 E0:72:A1:D5:4C:15","device_key":"ble-address:e0:72:a1:d5:4c:15","kind":"rx","seq":598,"session":"s2","stream":"telemetry","text":"quest=CCED/32 outcom","timestamp":1790237753.0826504}
2026-09-24T11:15:53.083+03:00 [RX telemetry] {"data_b64":"ZT1OUlAgUlE9NDAgcGVlcl9xPWs=","description":"ble:LoRa-Chatter-72E0 E0:72:A1:D5:4C:15","device_key":"ble-address:e0:72:a1:d5:4c:15","kind":"rx","seq":599,"session":"s2","stream":"telemetry","text":"e=NRP RQ=40 peer_q=k","timestamp":1790237753.0832589}
2026-09-24T11:15:53.084+03:00 [RX telemetry] {"data_b64":"bm93biByZWNvdmVyeT0xIGppdHQ=","description":"ble:LoRa-Chatter-72E0 E0:72:A1:D5:4C:15","device_key":"ble-address:e0:72:a1:d5:4c:15","kind":"rx","seq":600,"session":"s2","stream":"telemetry","text":"nown recovery=1 jitt","timestamp":1790237753.084138}
2026-09-24T11:15:53.085+03:00 [RX telemetry] {"data_b64":"ZXI8PTExbXMK","description":"ble:LoRa-Chatter-72E0 E0:72:A1:D5:4C:15","device_key":"ble-address:e0:72:a1:d5:4c:15","kind":"rx","seq":601,"session":"s2","stream":"telemetry","text":"er<=11ms\n","timestamp":1790237753.0848489}
2026-09-24T11:15:57.358+03:00 [RX telemetry] {"data_b64":"ClRYIEhFQVJUQkVBVCBQSU5HIHM=","description":"ble:LoRa-Chatter-72E0 E0:72:A1:D5:4C:15","device_key":"ble-address:e0:72:a1:d5:4c:15","kind":"rx","seq":602,"session":"s2","stream":"telemetry","text":"\nTX HEARTBEAT PING s","timestamp":1790237757.3578742}
2026-09-24T11:15:57.358+03:00 [RX telemetry] {"data_b64":"ZXE9MzMgZnJhbWU9MTJCIHJlYXM=","description":"ble:LoRa-Chatter-72E0 E0:72:A1:D5:4C:15","device_key":"ble-address:e0:72:a1:d5:4c:15","kind":"rx","seq":603,"session":"s2","stream":"telemetry","text":"eq=33 frame=12B reas","timestamp":1790237757.3587706}
2026-09-24T11:15:57.359+03:00 [RX telemetry] {"data_b64":"b249aWRsZSBPSyB0aW1lPTEyIG0=","description":"ble:LoRa-Chatter-72E0 E0:72:A1:D5:4C:15","device_key":"ble-address:e0:72:a1:d5:4c:15","kind":"rx","seq":604,"session":"s2","stream":"telemetry","text":"on=idle OK time=12 m","timestamp":1790237757.3595295}
2026-09-24T11:15:57.360+03:00 [RX telemetry] {"data_b64":"cyByZXNwb25zZTw9NzEzbXMK","description":"ble:LoRa-Chatter-72E0 E0:72:A1:D5:4C:15","device_key":"ble-address:e0:72:a1:d5:4c:15","kind":"rx","seq":605,"session":"s2","stream":"telemetry","text":"s response<=713ms\n","timestamp":1790237757.3601205}
2026-09-24T11:15:57.379+03:00 [RX telemetry] {"data_b64":"UEVFUl9SRVBPUlQgb3VyX3NlcT0=","description":"ble:LoRa-Chatter-1B44 44:1B:F6:8D:B7:A9","device_key":"ble-address:44:1b:f6:8d:b7:a9","kind":"rx","seq":618,"session":"s1","stream":"telemetry","text":"PEER_REPORT our_seq=","timestamp":1790237757.3797348}
2026-09-24T11:15:57.380+03:00 [RX telemetry] {"data_b64":"MzEgVFg9LTU5LzUgUTQwCg==","description":"ble:LoRa-Chatter-1B44 44:1B:F6:8D:B7:A9","device_key":"ble-address:44:1b:f6:8d:b7:a9","kind":"rx","seq":619,"session":"s1","stream":"telemetry","text":"31 TX=-59/5 Q40\n","timestamp":1790237757.380482}
2026-09-24T11:15:57.381+03:00 [RX telemetry] {"data_b64":"UlggSEVBUlRCRUFUIFBJTkcgc2U=","description":"ble:LoRa-Chatter-1B44 44:1B:F6:8D:B7:A9","device_key":"ble-address:44:1b:f6:8d:b7:a9","kind":"rx","seq":620,"session":"s1","stream":"telemetry","text":"RX HEARTBEAT PING se","timestamp":1790237757.381153}
2026-09-24T11:15:57.382+03:00 [RX telemetry] {"data_b64":"c3Npb249Q0NFRCBzZXE9MzMgZnI=","description":"ble:LoRa-Chatter-1B44 44:1B:F6:8D:B7:A9","device_key":"ble-address:44:1b:f6:8d:b7:a9","kind":"rx","seq":621,"session":"s1","stream":"telemetry","text":"ssion=CCED seq=33 fr","timestamp":1790237757.381851}
2026-09-24T11:15:57.382+03:00 [RX telemetry] {"data_b64":"YW1lPTEyQiBSWD0tNjAvNSBRMzU=","description":"ble:LoRa-Chatter-1B44 44:1B:F6:8D:B7:A9","device_key":"ble-address:44:1b:f6:8d:b7:a9","kind":"rx","seq":622,"session":"s1","stream":"telemetry","text":"ame=12B RX=-60/5 Q35","timestamp":1790237757.3823369}
2026-09-24T11:15:57.383+03:00 [RX telemetry] {"data_b64":"Cg==","description":"ble:LoRa-Chatter-1B44 44:1B:F6:8D:B7:A9","device_key":"ble-address:44:1b:f6:8d:b7:a9","kind":"rx","seq":623,"session":"s1","stream":"telemetry","text":"\n","timestamp":1790237757.383102}
2026-09-24T11:15:57.581+03:00 [RX telemetry] {"data_b64":"UEVFUl9SRVBPUlQgb3VyX3NlcT0=","description":"ble:LoRa-Chatter-72E0 E0:72:A1:D5:4C:15","device_key":"ble-address:e0:72:a1:d5:4c:15","kind":"rx","seq":606,"session":"s2","stream":"telemetry","text":"PEER_REPORT our_seq=","timestamp":1790237757.5817323}
2026-09-24T11:15:57.582+03:00 [RX telemetry] {"data_b64":"MzMgVFg9LTYwLzUgUTM1Cg==","description":"ble:LoRa-Chatter-72E0 E0:72:A1:D5:4C:15","device_key":"ble-address:e0:72:a1:d5:4c:15","kind":"rx","seq":607,"session":"s2","stream":"telemetry","text":"33 TX=-60/5 Q35\n","timestamp":1790237757.5825157}
2026-09-24T11:15:57.583+03:00 [RX telemetry] {"data_b64":"UlggSEVBUlRCRUFUIFBPTkcgcmU=","description":"ble:LoRa-Chatter-72E0 E0:72:A1:D5:4C:15","device_key":"ble-address:e0:72:a1:d5:4c:15","kind":"rx","seq":608,"session":"s2","stream":"telemetry","text":"RX HEARTBEAT PONG re","timestamp":1790237757.5830197}
2026-09-24T11:15:57.584+03:00 [RX telemetry] {"data_b64":"cXVlc3Q9Q0NFRC8zMyBmcmFtZT0=","description":"ble:LoRa-Chatter-72E0 E0:72:A1:D5:4C:15","device_key":"ble-address:e0:72:a1:d5:4c:15","kind":"rx","seq":609,"session":"s2","stream":"telemetry","text":"quest=CCED/33 frame=","timestamp":1790237757.5845168}
2026-09-24T11:15:57.585+03:00 [RX telemetry] {"data_b64":"MTZCIFJYPS01OC82IFE0MiBUWD0=","description":"ble:LoRa-Chatter-72E0 E0:72:A1:D5:4C:15","device_key":"ble-address:e0:72:a1:d5:4c:15","kind":"rx","seq":610,"session":"s2","stream":"telemetry","text":"16B RX=-58/6 Q42 TX=","timestamp":1790237757.5847487}
2026-09-24T11:15:57.585+03:00 [RX telemetry] {"data_b64":"LTYwLzUgUTM1Cg==","description":"ble:LoRa-Chatter-72E0 E0:72:A1:D5:4C:15","device_key":"ble-address:e0:72:a1:d5:4c:15","kind":"rx","seq":611,"session":"s2","stream":"telemetry","text":"-60/5 Q35\n","timestamp":1790237757.5852525}
2026-09-24T11:15:57.604+03:00 [RX telemetry] {"data_b64":"ClRYIEhFQVJUQkVBVCBQT05HIHM=","description":"ble:LoRa-Chatter-1B44 44:1B:F6:8D:B7:A9","device_key":"ble-address:44:1b:f6:8d:b7:a9","kind":"rx","seq":624,"session":"s1","stream":"telemetry","text":"\nTX HEARTBEAT PONG s","timestamp":1790237757.604689}
2026-09-24T11:15:57.605+03:00 [RX telemetry] {"data_b64":"ZXE9MzMgZnJhbWU9MTZCIHJlcXU=","description":"ble:LoRa-Chatter-1B44 44:1B:F6:8D:B7:A9","device_key":"ble-address:44:1b:f6:8d:b7:a9","kind":"rx","seq":625,"session":"s1","stream":"telemetry","text":"eq=33 frame=16B requ","timestamp":1790237757.605404}
2026-09-24T11:15:57.606+03:00 [RX telemetry] {"data_b64":"ZXN0PUNDRUQvMzMgT0sgdGltZT0=","description":"ble:LoRa-Chatter-1B44 44:1B:F6:8D:B7:A9","device_key":"ble-address:44:1b:f6:8d:b7:a9","kind":"rx","seq":626,"session":"s1","stream":"telemetry","text":"est=CCED/33 OK time=","timestamp":1790237757.6060843}
2026-09-24T11:15:57.607+03:00 [RX telemetry] {"data_b64":"MTQgbXMK","description":"ble:LoRa-Chatter-1B44 44:1B:F6:8D:B7:A9","device_key":"ble-address:44:1b:f6:8d:b7:a9","kind":"rx","seq":627,"session":"s1","stream":"telemetry","text":"14 ms\n","timestamp":1790237757.606913}
2026-09-24T11:16:02.374+03:00 [RX telemetry] {"data_b64":"ClRYIEhFQVJUQkVBVCBQSU5HIHM=","description":"ble:LoRa-Chatter-1B44 44:1B:F6:8D:B7:A9","device_key":"ble-address:44:1b:f6:8d:b7:a9","kind":"rx","seq":628,"session":"s1","stream":"telemetry","text":"\nTX HEARTBEAT PING s","timestamp":1790237762.3739529}
2026-09-24T11:16:02.375+03:00 [RX telemetry] {"data_b64":"ZXE9MzQgZnJhbWU9MTJCIHJlYXM=","description":"ble:LoRa-Chatter-1B44 44:1B:F6:8D:B7:A9","device_key":"ble-address:44:1b:f6:8d:b7:a9","kind":"rx","seq":629,"session":"s1","stream":"telemetry","text":"eq=34 frame=12B reas","timestamp":1790237762.3750942}
2026-09-24T11:16:02.375+03:00 [RX telemetry] {"data_b64":"b249aWRsZSBPSyB0aW1lPTEyIG0=","description":"ble:LoRa-Chatter-1B44 44:1B:F6:8D:B7:A9","device_key":"ble-address:44:1b:f6:8d:b7:a9","kind":"rx","seq":630,"session":"s1","stream":"telemetry","text":"on=idle OK time=12 m","timestamp":1790237762.3754647}
2026-09-24T11:16:02.376+03:00 [RX telemetry] {"data_b64":"cyByZXNwb25zZTw9NzEzbXMK","description":"ble:LoRa-Chatter-1B44 44:1B:F6:8D:B7:A9","device_key":"ble-address:44:1b:f6:8d:b7:a9","kind":"rx","seq":631,"session":"s1","stream":"telemetry","text":"s response<=713ms\n","timestamp":1790237762.3764756}
2026-09-24T11:16:02.396+03:00 [RX telemetry] {"data_b64":"ClRYIEhFQVJUQkVBVCBQSU5HIHM=","description":"ble:LoRa-Chatter-72E0 E0:72:A1:D5:4C:15","device_key":"ble-address:e0:72:a1:d5:4c:15","kind":"rx","seq":612,"session":"s2","stream":"telemetry","text":"\nTX HEARTBEAT PING s","timestamp":1790237762.3966715}
2026-09-24T11:16:02.397+03:00 [RX telemetry] {"data_b64":"ZXE9MzQgZnJhbWU9MTJCIHJlYXM=","description":"ble:LoRa-Chatter-72E0 E0:72:A1:D5:4C:15","device_key":"ble-address:e0:72:a1:d5:4c:15","kind":"rx","seq":613,"session":"s2","stream":"telemetry","text":"eq=34 frame=12B reas","timestamp":1790237762.397342}
2026-09-24T11:16:02.398+03:00 [RX telemetry] {"data_b64":"b249aWRsZSBPSyB0aW1lPTEyIG0=","description":"ble:LoRa-Chatter-72E0 E0:72:A1:D5:4C:15","device_key":"ble-address:e0:72:a1:d5:4c:15","kind":"rx","seq":614,"session":"s2","stream":"telemetry","text":"on=idle OK time=12 m","timestamp":1790237762.398133}
2026-09-24T11:16:02.399+03:00 [RX telemetry] {"data_b64":"cyByZXNwb25zZTw9NzEzbXMK","description":"ble:LoRa-Chatter-72E0 E0:72:A1:D5:4C:15","device_key":"ble-address:e0:72:a1:d5:4c:15","kind":"rx","seq":615,"session":"s2","stream":"telemetry","text":"s response<=713ms\n","timestamp":1790237762.399634}
2026-09-24T11:16:03.072+03:00 [RX telemetry] {"data_b64":"SEVBUlRCRUFUIFRJTUVPVVQgcmU=","description":"ble:LoRa-Chatter-72E0 E0:72:A1:D5:4C:15","device_key":"ble-address:e0:72:a1:d5:4c:15","kind":"rx","seq":616,"session":"s2","stream":"telemetry","text":"HEARTBEAT TIMEOUT re","timestamp":1790237763.0720758}
2026-09-24T11:16:03.073+03:00 [RX telemetry] {"data_b64":"cXVlc3Q9Q0NFRC8zNCBvdXRjb20=","description":"ble:LoRa-Chatter-72E0 E0:72:A1:D5:4C:15","device_key":"ble-address:e0:72:a1:d5:4c:15","kind":"rx","seq":617,"session":"s2","stream":"telemetry","text":"quest=CCED/34 outcom","timestamp":1790237763.0729961}
2026-09-24T11:16:03.073+03:00 [RX telemetry] {"data_b64":"ZT1OUlAgUlE9NDEgcGVlcl9xPWs=","description":"ble:LoRa-Chatter-72E0 E0:72:A1:D5:4C:15","device_key":"ble-address:e0:72:a1:d5:4c:15","kind":"rx","seq":618,"session":"s2","stream":"telemetry","text":"e=NRP RQ=41 peer_q=k","timestamp":1790237763.0732806}
2026-09-24T11:16:03.074+03:00 [RX telemetry] {"data_b64":"bm93biByZWNvdmVyeT0xIGppdHQ=","description":"ble:LoRa-Chatter-72E0 E0:72:A1:D5:4C:15","device_key":"ble-address:e0:72:a1:d5:4c:15","kind":"rx","seq":619,"session":"s2","stream":"telemetry","text":"nown recovery=1 jitt","timestamp":1790237763.0743613}
2026-09-24T11:16:03.075+03:00 [RX telemetry] {"data_b64":"ZXI8PTExbXMK","description":"ble:LoRa-Chatter-72E0 E0:72:A1:D5:4C:15","device_key":"ble-address:e0:72:a1:d5:4c:15","kind":"rx","seq":620,"session":"s2","stream":"telemetry","text":"er<=11ms\n","timestamp":1790237763.0752852}
2026-09-24T11:16:03.096+03:00 [RX telemetry] {"data_b64":"SEVBUlRCRUFUIFRJTUVPVVQgcmU=","description":"ble:LoRa-Chatter-1B44 44:1B:F6:8D:B7:A9","device_key":"ble-address:44:1b:f6:8d:b7:a9","kind":"rx","seq":632,"session":"s1","stream":"telemetry","text":"HEARTBEAT TIMEOUT re","timestamp":1790237763.0956194}
2026-09-24T11:16:03.097+03:00 [RX telemetry] {"data_b64":"cXVlc3Q9RTEzMC8zNCBvdXRjb20=","description":"ble:LoRa-Chatter-1B44 44:1B:F6:8D:B7:A9","device_key":"ble-address:44:1b:f6:8d:b7:a9","kind":"rx","seq":633,"session":"s1","stream":"telemetry","text":"quest=E130/34 outcom","timestamp":1790237763.0967557}
2026-09-24T11:16:03.098+03:00 [RX telemetry] {"data_b64":"ZT1OUlAgUlE9MzMgcGVlcl9xPWs=","description":"ble:LoRa-Chatter-1B44 44:1B:F6:8D:B7:A9","device_key":"ble-address:44:1b:f6:8d:b7:a9","kind":"rx","seq":634,"session":"s1","stream":"telemetry","text":"e=NRP RQ=33 peer_q=k","timestamp":1790237763.097894}
2026-09-24T11:16:03.098+03:00 [RX telemetry] {"data_b64":"bm93biByZWNvdmVyeT0xIGppdHQ=","description":"ble:LoRa-Chatter-1B44 44:1B:F6:8D:B7:A9","device_key":"ble-address:44:1b:f6:8d:b7:a9","kind":"rx","seq":635,"session":"s1","stream":"telemetry","text":"nown recovery=1 jitt","timestamp":1790237763.0979714}
2026-09-24T11:16:03.099+03:00 [RX telemetry] {"data_b64":"ZXI8PTExbXMK","description":"ble:LoRa-Chatter-1B44 44:1B:F6:8D:B7:A9","device_key":"ble-address:44:1b:f6:8d:b7:a9","kind":"rx","seq":636,"session":"s1","stream":"telemetry","text":"er<=11ms\n","timestamp":1790237763.098993}
2026-09-24T11:16:07.370+03:00 [RX telemetry] {"data_b64":"ClRYIEhFQVJUQkVBVCBQSU5HIHM=","description":"ble:LoRa-Chatter-1B44 44:1B:F6:8D:B7:A9","device_key":"ble-address:44:1b:f6:8d:b7:a9","kind":"rx","seq":637,"session":"s1","stream":"telemetry","text":"\nTX HEARTBEAT PING s","timestamp":1790237767.3699565}
2026-09-24T11:16:07.371+03:00 [RX telemetry] {"data_b64":"ZXE9MzUgZnJhbWU9MTJCIHJlYXM=","description":"ble:LoRa-Chatter-1B44 44:1B:F6:8D:B7:A9","device_key":"ble-address:44:1b:f6:8d:b7:a9","kind":"rx","seq":638,"session":"s1","stream":"telemetry","text":"eq=35 frame=12B reas","timestamp":1790237767.371052}
2026-09-24T11:16:07.371+03:00 [RX telemetry] {"data_b64":"b249aWRsZSBPSyB0aW1lPTEyIG0=","description":"ble:LoRa-Chatter-1B44 44:1B:F6:8D:B7:A9","device_key":"ble-address:44:1b:f6:8d:b7:a9","kind":"rx","seq":639,"session":"s1","stream":"telemetry","text":"on=idle OK time=12 m","timestamp":1790237767.3711321}
2026-09-24T11:16:07.374+03:00 [RX telemetry] {"data_b64":"cyByZXNwb25zZTw9NzEzbXMK","description":"ble:LoRa-Chatter-1B44 44:1B:F6:8D:B7:A9","device_key":"ble-address:44:1b:f6:8d:b7:a9","kind":"rx","seq":640,"session":"s1","stream":"telemetry","text":"s response<=713ms\n","timestamp":1790237767.374684}
2026-09-24T11:16:07.392+03:00 [RX telemetry] {"data_b64":"ClRYIEhFQVJUQkVBVCBQSU5HIHM=","description":"ble:LoRa-Chatter-72E0 E0:72:A1:D5:4C:15","device_key":"ble-address:e0:72:a1:d5:4c:15","kind":"rx","seq":621,"session":"s2","stream":"telemetry","text":"\nTX HEARTBEAT PING s","timestamp":1790237767.391985}
2026-09-24T11:16:07.393+03:00 [RX telemetry] {"data_b64":"ZXE9MzUgZnJhbWU9MTJCIHJlYXM=","description":"ble:LoRa-Chatter-72E0 E0:72:A1:D5:4C:15","device_key":"ble-address:e0:72:a1:d5:4c:15","kind":"rx","seq":622,"session":"s2","stream":"telemetry","text":"eq=35 frame=12B reas","timestamp":1790237767.3929117}
2026-09-24T11:16:07.394+03:00 [RX telemetry] {"data_b64":"b249aWRsZSBPSyB0aW1lPTEyIG0=","description":"ble:LoRa-Chatter-72E0 E0:72:A1:D5:4C:15","device_key":"ble-address:e0:72:a1:d5:4c:15","kind":"rx","seq":623,"session":"s2","stream":"telemetry","text":"on=idle OK time=12 m","timestamp":1790237767.3938317}
2026-09-24T11:16:07.394+03:00 [RX telemetry] {"data_b64":"cyByZXNwb25zZTw9NzEzbXMK","description":"ble:LoRa-Chatter-72E0 E0:72:A1:D5:4C:15","device_key":"ble-address:e0:72:a1:d5:4c:15","kind":"rx","seq":624,"session":"s2","stream":"telemetry","text":"s response<=713ms\n","timestamp":1790237767.3945441}
2026-09-24T11:16:08.089+03:00 [RX telemetry] {"data_b64":"SEVBUlRCRUFUIFRJTUVPVVQgcmU=","description":"ble:LoRa-Chatter-1B44 44:1B:F6:8D:B7:A9","device_key":"ble-address:44:1b:f6:8d:b7:a9","kind":"rx","seq":641,"session":"s1","stream":"telemetry","text":"HEARTBEAT TIMEOUT re","timestamp":1790237768.0890484}
2026-09-24T11:16:08.090+03:00 [RX telemetry] {"data_b64":"cXVlc3Q9RTEzMC8zNSBvdXRjb20=","description":"ble:LoRa-Chatter-1B44 44:1B:F6:8D:B7:A9","device_key":"ble-address:44:1b:f6:8d:b7:a9","kind":"rx","seq":642,"session":"s1","stream":"telemetry","text":"quest=E130/35 outcom","timestamp":1790237768.0899231}
2026-09-24T11:16:08.090+03:00 [RX telemetry] {"data_b64":"ZT1OUlAgUlE9MzIgcGVlcl9xPWs=","description":"ble:LoRa-Chatter-1B44 44:1B:F6:8D:B7:A9","device_key":"ble-address:44:1b:f6:8d:b7:a9","kind":"rx","seq":643,"session":"s1","stream":"telemetry","text":"e=NRP RQ=32 peer_q=k","timestamp":1790237768.090732}
2026-09-24T11:16:08.091+03:00 [RX telemetry] {"data_b64":"bm93biByZWNvdmVyeT0yIGppdHQ=","description":"ble:LoRa-Chatter-1B44 44:1B:F6:8D:B7:A9","device_key":"ble-address:44:1b:f6:8d:b7:a9","kind":"rx","seq":644,"session":"s1","stream":"telemetry","text":"nown recovery=2 jitt","timestamp":1790237768.0914338}
2026-09-24T11:16:08.092+03:00 [RX telemetry] {"data_b64":"ZXI8PTIybXMK","description":"ble:LoRa-Chatter-1B44 44:1B:F6:8D:B7:A9","device_key":"ble-address:44:1b:f6:8d:b7:a9","kind":"rx","seq":645,"session":"s1","stream":"telemetry","text":"er<=22ms\n","timestamp":1790237768.0920815}
2026-09-24T11:16:08.112+03:00 [RX telemetry] {"data_b64":"SEVBUlRCRUFUIFRJTUVPVVQgcmU=","description":"ble:LoRa-Chatter-72E0 E0:72:A1:D5:4C:15","device_key":"ble-address:e0:72:a1:d5:4c:15","kind":"rx","seq":625,"session":"s2","stream":"telemetry","text":"HEARTBEAT TIMEOUT re","timestamp":1790237768.1127243}
2026-09-24T11:16:08.113+03:00 [RX telemetry] {"data_b64":"cXVlc3Q9Q0NFRC8zNSBvdXRjb20=","description":"ble:LoRa-Chatter-72E0 E0:72:A1:D5:4C:15","device_key":"ble-address:e0:72:a1:d5:4c:15","kind":"rx","seq":626,"session":"s2","stream":"telemetry","text":"quest=CCED/35 outcom","timestamp":1790237768.1136258}
2026-09-24T11:16:08.114+03:00 [RX telemetry] {"data_b64":"ZT1OUlAgUlE9MzkgcGVlcl9xPWs=","description":"ble:LoRa-Chatter-72E0 E0:72:A1:D5:4C:15","device_key":"ble-address:e0:72:a1:d5:4c:15","kind":"rx","seq":627,"session":"s2","stream":"telemetry","text":"e=NRP RQ=39 peer_q=k","timestamp":1790237768.1144967}
2026-09-24T11:16:08.115+03:00 [RX telemetry] {"data_b64":"bm93biByZWNvdmVyeT0yIGppdHQ=","description":"ble:LoRa-Chatter-72E0 E0:72:A1:D5:4C:15","device_key":"ble-address:e0:72:a1:d5:4c:15","kind":"rx","seq":628,"session":"s2","stream":"telemetry","text":"nown recovery=2 jitt","timestamp":1790237768.1153533}
2026-09-24T11:16:08.116+03:00 [RX telemetry] {"data_b64":"ZXI8PTIybXMK","description":"ble:LoRa-Chatter-72E0 E0:72:A1:D5:4C:15","device_key":"ble-address:e0:72:a1:d5:4c:15","kind":"rx","seq":629,"session":"s2","stream":"telemetry","text":"er<=22ms\n","timestamp":1790237768.11604}
2026-09-24T11:16:12.364+03:00 [RX telemetry] {"data_b64":"UEVFUl9SRVBPUlQgb3VyX3NlcT0=","description":"ble:LoRa-Chatter-1B44 44:1B:F6:8D:B7:A9","device_key":"ble-address:44:1b:f6:8d:b7:a9","kind":"rx","seq":646,"session":"s1","stream":"telemetry","text":"PEER_REPORT our_seq=","timestamp":1790237772.3640387}
2026-09-24T11:16:12.365+03:00 [RX telemetry] {"data_b64":"MzMgVFg9LTU4LzYgUTM5Cg==","description":"ble:LoRa-Chatter-1B44 44:1B:F6:8D:B7:A9","device_key":"ble-address:44:1b:f6:8d:b7:a9","kind":"rx","seq":647,"session":"s1","stream":"telemetry","text":"33 TX=-58/6 Q39\n","timestamp":1790237772.3648858}
2026-09-24T11:16:12.388+03:00 [RX telemetry] {"data_b64":"ClRYIEhFQVJUQkVBVCBQSU5HIHM=","description":"ble:LoRa-Chatter-72E0 E0:72:A1:D5:4C:15","device_key":"ble-address:e0:72:a1:d5:4c:15","kind":"rx","seq":630,"session":"s2","stream":"telemetry","text":"\nTX HEARTBEAT PING s","timestamp":1790237772.3878589}
2026-09-24T11:16:12.388+03:00 [RX telemetry] {"data_b64":"ZXE9MzYgZnJhbWU9MTJCIHJlYXM=","description":"ble:LoRa-Chatter-72E0 E0:72:A1:D5:4C:15","device_key":"ble-address:e0:72:a1:d5:4c:15","kind":"rx","seq":631,"session":"s2","stream":"telemetry","text":"eq=36 frame=12B reas","timestamp":1790237772.3886633}
2026-09-24T11:16:12.389+03:00 [RX telemetry] {"data_b64":"b249aWRsZSBPSyB0aW1lPTEyIG0=","description":"ble:LoRa-Chatter-72E0 E0:72:A1:D5:4C:15","device_key":"ble-address:e0:72:a1:d5:4c:15","kind":"rx","seq":632,"session":"s2","stream":"telemetry","text":"on=idle OK time=12 m","timestamp":1790237772.3892322}
2026-09-24T11:16:12.390+03:00 [RX telemetry] {"data_b64":"cyByZXNwb25zZTw9NzEzbXMK","description":"ble:LoRa-Chatter-72E0 E0:72:A1:D5:4C:15","device_key":"ble-address:e0:72:a1:d5:4c:15","kind":"rx","seq":633,"session":"s2","stream":"telemetry","text":"s response<=713ms\n","timestamp":1790237772.3902326}
2026-09-24T11:16:12.409+03:00 [RX telemetry] {"data_b64":"UlggSEVBUlRCRUFUIFBJTkcgc2U=","description":"ble:LoRa-Chatter-1B44 44:1B:F6:8D:B7:A9","device_key":"ble-address:44:1b:f6:8d:b7:a9","kind":"rx","seq":648,"session":"s1","stream":"telemetry","text":"RX HEARTBEAT PING se","timestamp":1790237772.4087756}
2026-09-24T11:16:12.409+03:00 [RX telemetry] {"data_b64":"c3Npb249Q0NFRCBzZXE9MzYgZnI=","description":"ble:LoRa-Chatter-1B44 44:1B:F6:8D:B7:A9","device_key":"ble-address:44:1b:f6:8d:b7:a9","kind":"rx","seq":649,"session":"s1","stream":"telemetry","text":"ssion=CCED seq=36 fr","timestamp":1790237772.4095573}
2026-09-24T11:16:12.410+03:00 [RX telemetry] {"data_b64":"YW1lPTEyQiBSWD0tNjAvNSBRMzI=","description":"ble:LoRa-Chatter-1B44 44:1B:F6:8D:B7:A9","device_key":"ble-address:44:1b:f6:8d:b7:a9","kind":"rx","seq":650,"session":"s1","stream":"telemetry","text":"ame=12B RX=-60/5 Q32","timestamp":1790237772.4107516}
2026-09-24T11:16:12.411+03:00 [RX telemetry] {"data_b64":"Cg==","description":"ble:LoRa-Chatter-1B44 44:1B:F6:8D:B7:A9","device_key":"ble-address:44:1b:f6:8d:b7:a9","kind":"rx","seq":651,"session":"s1","stream":"telemetry","text":"\n","timestamp":1790237772.4114537}
2026-09-24T11:16:12.590+03:00 [RX telemetry] {"data_b64":"ClRYIEhFQVJUQkVBVCBQT05HIHM=","description":"ble:LoRa-Chatter-1B44 44:1B:F6:8D:B7:A9","device_key":"ble-address:44:1b:f6:8d:b7:a9","kind":"rx","seq":652,"session":"s1","stream":"telemetry","text":"\nTX HEARTBEAT PONG s","timestamp":1790237772.5899534}
2026-09-24T11:16:12.591+03:00 [RX telemetry] {"data_b64":"ZXE9MzYgZnJhbWU9MTZCIHJlcXU=","description":"ble:LoRa-Chatter-1B44 44:1B:F6:8D:B7:A9","device_key":"ble-address:44:1b:f6:8d:b7:a9","kind":"rx","seq":653,"session":"s1","stream":"telemetry","text":"eq=36 frame=16B requ","timestamp":1790237772.5912392}
2026-09-24T11:16:12.592+03:00 [RX telemetry] {"data_b64":"ZXN0PUNDRUQvMzYgT0sgdGltZT0=","description":"ble:LoRa-Chatter-1B44 44:1B:F6:8D:B7:A9","device_key":"ble-address:44:1b:f6:8d:b7:a9","kind":"rx","seq":654,"session":"s1","stream":"telemetry","text":"est=CCED/36 OK time=","timestamp":1790237772.5913477}
2026-09-24T11:16:12.592+03:00 [RX telemetry] {"data_b64":"MTQgbXMK","description":"ble:LoRa-Chatter-1B44 44:1B:F6:8D:B7:A9","device_key":"ble-address:44:1b:f6:8d:b7:a9","kind":"rx","seq":655,"session":"s1","stream":"telemetry","text":"14 ms\n","timestamp":1790237772.591697}
2026-09-24T11:16:12.611+03:00 [RX telemetry] {"data_b64":"UEVFUl9SRVBPUlQgb3VyX3NlcT0=","description":"ble:LoRa-Chatter-72E0 E0:72:A1:D5:4C:15","device_key":"ble-address:e0:72:a1:d5:4c:15","kind":"rx","seq":634,"session":"s2","stream":"telemetry","text":"PEER_REPORT our_seq=","timestamp":1790237772.61164}
2026-09-24T11:16:12.613+03:00 [RX telemetry] {"data_b64":"MzYgVFg9LTYwLzUgUTMyCg==","description":"ble:LoRa-Chatter-72E0 E0:72:A1:D5:4C:15","device_key":"ble-address:e0:72:a1:d5:4c:15","kind":"rx","seq":635,"session":"s2","stream":"telemetry","text":"36 TX=-60/5 Q32\n","timestamp":1790237772.6127343}
2026-09-24T11:16:12.613+03:00 [RX telemetry] {"data_b64":"UlggSEVBUlRCRUFUIFBPTkcgcmU=","description":"ble:LoRa-Chatter-72E0 E0:72:A1:D5:4C:15","device_key":"ble-address:e0:72:a1:d5:4c:15","kind":"rx","seq":636,"session":"s2","stream":"telemetry","text":"RX HEARTBEAT PONG re","timestamp":1790237772.6128726}
2026-09-24T11:16:12.614+03:00 [RX telemetry] {"data_b64":"cXVlc3Q9Q0NFRC8zNiBmcmFtZT0=","description":"ble:LoRa-Chatter-72E0 E0:72:A1:D5:4C:15","device_key":"ble-address:e0:72:a1:d5:4c:15","kind":"rx","seq":637,"session":"s2","stream":"telemetry","text":"quest=CCED/36 frame=","timestamp":1790237772.6140969}
2026-09-24T11:16:12.615+03:00 [RX telemetry] {"data_b64":"MTZCIFJYPS01OC82IFE0MSBUWD0=","description":"ble:LoRa-Chatter-72E0 E0:72:A1:D5:4C:15","device_key":"ble-address:e0:72:a1:d5:4c:15","kind":"rx","seq":638,"session":"s2","stream":"telemetry","text":"16B RX=-58/6 Q41 TX=","timestamp":1790237772.6148577}
2026-09-24T11:16:12.615+03:00 [RX telemetry] {"data_b64":"LTYwLzUgUTMyCg==","description":"ble:LoRa-Chatter-72E0 E0:72:A1:D5:4C:15","device_key":"ble-address:e0:72:a1:d5:4c:15","kind":"rx","seq":639,"session":"s2","stream":"telemetry","text":"-60/5 Q32\n","timestamp":1790237772.6154444}
2026-09-24T11:16:15.421+03:00 [AGENT REQUEST] {"id":50,"op":"observe","cursors":{"s1":563,"s2":572},"timeout_ms":30000}
2026-09-24T11:16:15.422+03:00 [AGENT RESPONSE] {"id":50,"ok":true,"result":{"cursors":{"s1":655,"s2":639},"lines":[{"seq_first":564,"seq_last":564,"session":"s1","stream":"telemetry","text":""},{"seq_first":564,"seq_last":573,"session":"s1","stream":"telemetry","text":"SESSION t=5100s TX ok=30 user=0 echo_req=0 echo_rep=0 hb=30(idle=20) err=0 started=30 RX ok=16 user=0 echo_req=0 echo_rep=0 hb=10 crc=0 hdr=0 bad=1 readerr=0 reports=15 Q=30% drops=0 fatal=0"},{"seq_first":574,"seq_last":577,"session":"s1","stream":"telemetry","text":"SESSION COURTESY window=5000ms peer_release=0 expired=0 yielding=0"},{"seq_first":578,"seq_last":582,"session":"s1","stream":"telemetry","text":"SESSION DIO0_TX affected=0/30 episodes=0 avg_all=0.00 avg_affected=0.00 high_polls=0"},{"seq_first":583,"seq_last":588,"session":"s1","stream":"telemetry","text":"SESSION RX_POLL polls=5070482 rxdone=17 interval=1000us DIO0_RX false_high_ep=0 high_polls=0 rxdone_low=1 isr=disabled"},{"seq_first":589,"seq_last":589,"session":"s1","stream":"telemetry","text":""},{"seq_first":589,"seq_last":592,"session":"s1","stream":"telemetry","text":"TX HEARTBEAT PING seq=30 frame=12B reason=idle OK time=12 ms response<=713ms"},{"seq_first":573,"seq_last":574,"session":"s2","stream":"telemetry","text":"PEER_REPORT our_seq=29 TX=-59/6 Q30"},{"seq_first":575,"seq_last":578,"session":"s2","stream":"telemetry","text":"RX HEARTBEAT PING session=E130 seq=30 frame=12B RX=-60/6 Q42"},{"seq_first":593,"seq_last":594,"session":"s1","stream":"telemetry","text":"PEER_REPORT our_seq=30 TX=-60/6 Q42"},{"seq_first":595,"seq_last":598,"session":"s1","stream":"telemetry","text":"RX HEARTBEAT PONG request=E130/30 frame=16B RX=-59/5 Q33 TX=-60/6 Q42"},{"seq_first":579,"seq_last":579,"session":"s2","stream":"telemetry","text":""},{"seq_first":579,"seq_last":582,"session":"s2","stream":"telemetry","text":"TX HEARTBEAT PONG seq=30 frame=16B request=E130/30 OK time=14 ms"},{"seq_first":599,"seq_last":599,"session":"s1","stream":"telemetry","text":""},{"seq_first":599,"seq_last":602,"session":"s1","stream":"telemetry","text":"TX HEARTBEAT PING seq=31 frame=12B reason=idle OK time=12 ms response<=713ms"},{"seq_first":583,"seq_last":584,"session":"s2","stream":"telemetry","text":"PEER_REPORT our_seq=30 TX=-59/5 Q33"},{"seq_first":585,"seq_last":588,"session":"s2","stream":"telemetry","text":"RX HEARTBEAT PING session=E130 seq=31 frame=12B RX=-59/5 Q42"},{"seq_first":603,"seq_last":604,"session":"s1","stream":"telemetry","text":"PEER_REPORT our_seq=31 TX=-59/5 Q42"},{"seq_first":605,"seq_last":608,"session":"s1","stream":"telemetry","text":"RX HEARTBEAT PONG request=E130/31 frame=16B RX=-59/5 Q36 TX=-59/5 Q42"},{"seq_first":589,"seq_last":589,"session":"s2","stream":"telemetry","text":""},{"seq_first":589,"seq_last":592,"session":"s2","stream":"telemetry","text":"TX HEARTBEAT PONG seq=31 frame=16B request=E130/31 OK time=14 ms"},{"seq_first":593,"seq_last":593,"session":"s2","stream":"telemetry","text":""},{"seq_first":593,"seq_last":596,"session":"s2","stream":"telemetry","text":"TX HEARTBEAT PING seq=32 frame=12B reason=idle OK time=12 ms response<=713ms"},{"seq_first":609,"seq_last":609,"session":"s1","stream":"telemetry","text":""},{"seq_first":609,"seq_last":612,"session":"s1","stream":"telemetry","text":"TX HEARTBEAT PING seq=32 frame=12B reason=idle OK time=12 ms response<=713ms"},{"seq_first":613,"seq_last":617,"session":"s1","stream":"telemetry","text":"HEARTBEAT TIMEOUT request=E130/32 outcome=NRP RQ=35 peer_q=known recovery=1 jitter<=11ms"},{"seq_first":597,"seq_last":601,"session":"s2","stream":"telemetry","text":"HEARTBEAT TIMEOUT request=CCED/32 outcome=NRP RQ=40 peer_q=known recovery=1 jitter<=11ms"},{"seq_first":602,"seq_last":602,"session":"s2","stream":"telemetry","text":""},{"seq_first":602,"seq_last":605,"session":"s2","stream":"telemetry","text":"TX HEARTBEAT PING seq=33 frame=12B reason=idle OK time=12 ms response<=713ms"},{"seq_first":618,"seq_last":619,"session":"s1","stream":"telemetry","text":"PEER_REPORT our_seq=31 TX=-59/5 Q40"},{"seq_first":620,"seq_last":623,"session":"s1","stream":"telemetry","text":"RX HEARTBEAT PING session=CCED seq=33 frame=12B RX=-60/5 Q35"},{"seq_first":606,"seq_last":607,"session":"s2","stream":"telemetry","text":"PEER_REPORT our_seq=33 TX=-60/5 Q35"},{"seq_first":608,"seq_last":611,"session":"s2","stream":"telemetry","text":"RX HEARTBEAT PONG request=CCED/33 frame=16B RX=-58/6 Q42 TX=-60/5 Q35"},{"seq_first":624,"seq_last":624,"session":"s1","stream":"telemetry","text":""},{"seq_first":624,"seq_last":627,"session":"s1","stream":"telemetry","text":"TX HEARTBEAT PONG seq=33 frame=16B request=CCED/33 OK time=14 ms"},{"seq_first":628,"seq_last":628,"session":"s1","stream":"telemetry","text":""},{"seq_first":628,"seq_last":631,"session":"s1","stream":"telemetry","text":"TX HEARTBEAT PING seq=34 frame=12B reason=idle OK time=12 ms response<=713ms"},{"seq_first":612,"seq_last":612,"session":"s2","stream":"telemetry","text":""},{"seq_first":612,"seq_last":615,"session":"s2","stream":"telemetry","text":"TX HEARTBEAT PING seq=34 frame=12B reason=idle OK time=12 ms response<=713ms"},{"seq_first":616,"seq_last":620,"session":"s2","stream":"telemetry","text":"HEARTBEAT TIMEOUT request=CCED/34 outcome=NRP RQ=41 peer_q=known recovery=1 jitter<=11ms"},{"seq_first":632,"seq_last":636,"session":"s1","stream":"telemetry","text":"HEARTBEAT TIMEOUT request=E130/34 outcome=NRP RQ=33 peer_q=known recovery=1 jitter<=11ms"},{"seq_first":637,"seq_last":637,"session":"s1","stream":"telemetry","text":""},{"seq_first":637,"seq_last":640,"session":"s1","stream":"telemetry","text":"TX HEARTBEAT PING seq=35 frame=12B reason=idle OK time=12 ms response<=713ms"},{"seq_first":621,"seq_last":621,"session":"s2","stream":"telemetry","text":""},{"seq_first":621,"seq_last":624,"session":"s2","stream":"telemetry","text":"TX HEARTBEAT PING seq=35 frame=12B reason=idle OK time=12 ms response<=713ms"},{"seq_first":641,"seq_last":645,"session":"s1","stream":"telemetry","text":"HEARTBEAT TIMEOUT request=E130/35 outcome=NRP RQ=32 peer_q=known recovery=2 jitter<=22ms"},{"seq_first":625,"seq_last":629,"session":"s2","stream":"telemetry","text":"HEARTBEAT TIMEOUT request=CCED/35 outcome=NRP RQ=39 peer_q=known recovery=2 jitter<=22ms"},{"seq_first":646,"seq_last":647,"session":"s1","stream":"telemetry","text":"PEER_REPORT our_seq=33 TX=-58/6 Q39"},{"seq_first":630,"seq_last":630,"session":"s2","stream":"telemetry","text":""},{"seq_first":630,"seq_last":633,"session":"s2","stream":"telemetry","text":"TX HEARTBEAT PING seq=36 frame=12B reason=idle OK time=12 ms response<=713ms"},{"seq_first":648,"seq_last":651,"session":"s1","stream":"telemetry","text":"RX HEARTBEAT PING session=CCED seq=36 frame=12B RX=-60/5 Q32"},{"seq_first":652,"seq_last":652,"session":"s1","stream":"telemetry","text":""},{"seq_first":652,"seq_last":655,"session":"s1","stream":"telemetry","text":"TX HEARTBEAT PONG seq=36 frame=16B request=CCED/36 OK time=14 ms"},{"seq_first":634,"seq_last":635,"session":"s2","stream":"telemetry","text":"PEER_REPORT our_seq=36 TX=-60/5 Q32"},{"seq_first":636,"seq_last":639,"session":"s2","stream":"telemetry","text":"RX HEARTBEAT PONG request=CCED/36 frame=16B RX=-58/6 Q41 TX=-60/5 Q32"}],"timed_out":false}}
2026-09-24T11:16:17.383+03:00 [RX telemetry] {"data_b64":"ClRYIEhFQVJUQkVBVCBQSU5HIHM=","description":"ble:LoRa-Chatter-72E0 E0:72:A1:D5:4C:15","device_key":"ble-address:e0:72:a1:d5:4c:15","kind":"rx","seq":640,"session":"s2","stream":"telemetry","text":"\nTX HEARTBEAT PING s","timestamp":1790237777.383059}
2026-09-24T11:16:17.384+03:00 [RX telemetry] {"data_b64":"ZXE9MzcgZnJhbWU9MTJCIHJlYXM=","description":"ble:LoRa-Chatter-72E0 E0:72:A1:D5:4C:15","device_key":"ble-address:e0:72:a1:d5:4c:15","kind":"rx","seq":641,"session":"s2","stream":"telemetry","text":"eq=37 frame=12B reas","timestamp":1790237777.3842373}
2026-09-24T11:16:17.384+03:00 [RX telemetry] {"data_b64":"b249aWRsZSBPSyB0aW1lPTEyIG0=","description":"ble:LoRa-Chatter-72E0 E0:72:A1:D5:4C:15","device_key":"ble-address:e0:72:a1:d5:4c:15","kind":"rx","seq":642,"session":"s2","stream":"telemetry","text":"on=idle OK time=12 m","timestamp":1790237777.3843153}
2026-09-24T11:16:17.385+03:00 [RX telemetry] {"data_b64":"cyByZXNwb25zZTw9NzEzbXMK","description":"ble:LoRa-Chatter-72E0 E0:72:A1:D5:4C:15","device_key":"ble-address:e0:72:a1:d5:4c:15","kind":"rx","seq":643,"session":"s2","stream":"telemetry","text":"s response<=713ms\n","timestamp":1790237777.385483}
2026-09-24T11:16:17.403+03:00 [RX telemetry] {"data_b64":"ClRYIEhFQVJUQkVBVCBQSU5HIHM=","description":"ble:LoRa-Chatter-1B44 44:1B:F6:8D:B7:A9","device_key":"ble-address:44:1b:f6:8d:b7:a9","kind":"rx","seq":656,"session":"s1","stream":"telemetry","text":"\nTX HEARTBEAT PING s","timestamp":1790237777.4036727}
2026-09-24T11:16:17.404+03:00 [RX telemetry] {"data_b64":"ZXE9MzcgZnJhbWU9MTJCIHJlYXM=","description":"ble:LoRa-Chatter-1B44 44:1B:F6:8D:B7:A9","device_key":"ble-address:44:1b:f6:8d:b7:a9","kind":"rx","seq":657,"session":"s1","stream":"telemetry","text":"eq=37 frame=12B reas","timestamp":1790237777.4042625}
2026-09-24T11:16:17.406+03:00 [RX telemetry] {"data_b64":"b249aWRsZSBPSyB0aW1lPTEyIG0=","description":"ble:LoRa-Chatter-1B44 44:1B:F6:8D:B7:A9","device_key":"ble-address:44:1b:f6:8d:b7:a9","kind":"rx","seq":658,"session":"s1","stream":"telemetry","text":"on=idle OK time=12 m","timestamp":1790237777.4066787}
2026-09-24T11:16:17.408+03:00 [RX telemetry] {"data_b64":"cyByZXNwb25zZTw9NzEzbXMK","description":"ble:LoRa-Chatter-1B44 44:1B:F6:8D:B7:A9","device_key":"ble-address:44:1b:f6:8d:b7:a9","kind":"rx","seq":659,"session":"s1","stream":"telemetry","text":"s response<=713ms\n","timestamp":1790237777.4079404}
2026-09-24T11:16:18.102+03:00 [RX telemetry] {"data_b64":"SEVBUlRCRUFUIFRJTUVPVVQgcmU=","description":"ble:LoRa-Chatter-72E0 E0:72:A1:D5:4C:15","device_key":"ble-address:e0:72:a1:d5:4c:15","kind":"rx","seq":644,"session":"s2","stream":"telemetry","text":"HEARTBEAT TIMEOUT re","timestamp":1790237778.1019344}
2026-09-24T11:16:18.103+03:00 [RX telemetry] {"data_b64":"cXVlc3Q9Q0NFRC8zNyBvdXRjb20=","description":"ble:LoRa-Chatter-72E0 E0:72:A1:D5:4C:15","device_key":"ble-address:e0:72:a1:d5:4c:15","kind":"rx","seq":645,"session":"s2","stream":"telemetry","text":"quest=CCED/37 outcom","timestamp":1790237778.1030517}
2026-09-24T11:16:18.103+03:00 [RX telemetry] {"data_b64":"ZT1OUlAgUlE9NDAgcGVlcl9xPWs=","description":"ble:LoRa-Chatter-72E0 E0:72:A1:D5:4C:15","device_key":"ble-address:e0:72:a1:d5:4c:15","kind":"rx","seq":646,"session":"s2","stream":"telemetry","text":"e=NRP RQ=40 peer_q=k","timestamp":1790237778.1032944}
2026-09-24T11:16:18.104+03:00 [RX telemetry] {"data_b64":"bm93biByZWNvdmVyeT0xIGppdHQ=","description":"ble:LoRa-Chatter-72E0 E0:72:A1:D5:4C:15","device_key":"ble-address:e0:72:a1:d5:4c:15","kind":"rx","seq":647,"session":"s2","stream":"telemetry","text":"nown recovery=1 jitt","timestamp":1790237778.1044142}
2026-09-24T11:16:18.105+03:00 [RX telemetry] {"data_b64":"ZXI8PTExbXMK","description":"ble:LoRa-Chatter-72E0 E0:72:A1:D5:4C:15","device_key":"ble-address:e0:72:a1:d5:4c:15","kind":"rx","seq":648,"session":"s2","stream":"telemetry","text":"er<=11ms\n","timestamp":1790237778.1053133}
2026-09-24T11:16:18.124+03:00 [RX telemetry] {"data_b64":"SEVBUlRCRUFUIFRJTUVPVVQgcmU=","description":"ble:LoRa-Chatter-1B44 44:1B:F6:8D:B7:A9","device_key":"ble-address:44:1b:f6:8d:b7:a9","kind":"rx","seq":660,"session":"s1","stream":"telemetry","text":"HEARTBEAT TIMEOUT re","timestamp":1790237778.1237082}
2026-09-24T11:16:18.124+03:00 [RX telemetry] {"data_b64":"cXVlc3Q9RTEzMC8zNyBvdXRjb20=","description":"ble:LoRa-Chatter-1B44 44:1B:F6:8D:B7:A9","device_key":"ble-address:44:1b:f6:8d:b7:a9","kind":"rx","seq":661,"session":"s1","stream":"telemetry","text":"quest=E130/37 outcom","timestamp":1790237778.1244063}
2026-09-24T11:16:18.125+03:00 [RX telemetry] {"data_b64":"ZT1OUlAgUlE9MzEgcGVlcl9xPWs=","description":"ble:LoRa-Chatter-1B44 44:1B:F6:8D:B7:A9","device_key":"ble-address:44:1b:f6:8d:b7:a9","kind":"rx","seq":662,"session":"s1","stream":"telemetry","text":"e=NRP RQ=31 peer_q=k","timestamp":1790237778.1254654}
2026-09-24T11:16:18.126+03:00 [RX telemetry] {"data_b64":"bm93biByZWNvdmVyeT0xIGppdHQ=","description":"ble:LoRa-Chatter-1B44 44:1B:F6:8D:B7:A9","device_key":"ble-address:44:1b:f6:8d:b7:a9","kind":"rx","seq":663,"session":"s1","stream":"telemetry","text":"nown recovery=1 jitt","timestamp":1790237778.126334}
2026-09-24T11:16:18.127+03:00 [RX telemetry] {"data_b64":"ZXI8PTExbXMK","description":"ble:LoRa-Chatter-1B44 44:1B:F6:8D:B7:A9","device_key":"ble-address:44:1b:f6:8d:b7:a9","kind":"rx","seq":664,"session":"s1","stream":"telemetry","text":"er<=11ms\n","timestamp":1790237778.1268923}
2026-09-24T11:16:22.378+03:00 [RX telemetry] {"data_b64":"ClRYIEhFQVJUQkVBVCBQSU5HIHM=","description":"ble:LoRa-Chatter-72E0 E0:72:A1:D5:4C:15","device_key":"ble-address:e0:72:a1:d5:4c:15","kind":"rx","seq":649,"session":"s2","stream":"telemetry","text":"\nTX HEARTBEAT PING s","timestamp":1790237782.3778431}
2026-09-24T11:16:22.379+03:00 [RX telemetry] {"data_b64":"ZXE9MzggZnJhbWU9MTJCIHJlYXM=","description":"ble:LoRa-Chatter-72E0 E0:72:A1:D5:4C:15","device_key":"ble-address:e0:72:a1:d5:4c:15","kind":"rx","seq":650,"session":"s2","stream":"telemetry","text":"eq=38 frame=12B reas","timestamp":1790237782.379217}
2026-09-24T11:16:22.379+03:00 [RX telemetry] {"data_b64":"b249aWRsZSBPSyB0aW1lPTEyIG0=","description":"ble:LoRa-Chatter-72E0 E0:72:A1:D5:4C:15","device_key":"ble-address:e0:72:a1:d5:4c:15","kind":"rx","seq":651,"session":"s2","stream":"telemetry","text":"on=idle OK time=12 m","timestamp":1790237782.3792949}
2026-09-24T11:16:22.380+03:00 [RX telemetry] {"data_b64":"cyByZXNwb25zZTw9NzEzbXMK","description":"ble:LoRa-Chatter-72E0 E0:72:A1:D5:4C:15","device_key":"ble-address:e0:72:a1:d5:4c:15","kind":"rx","seq":652,"session":"s2","stream":"telemetry","text":"s response<=713ms\n","timestamp":1790237782.3801584}
2026-09-24T11:16:22.399+03:00 [RX telemetry] {"data_b64":"ClRYIEhFQVJUQkVBVCBQSU5HIHM=","description":"ble:LoRa-Chatter-1B44 44:1B:F6:8D:B7:A9","device_key":"ble-address:44:1b:f6:8d:b7:a9","kind":"rx","seq":665,"session":"s1","stream":"telemetry","text":"\nTX HEARTBEAT PING s","timestamp":1790237782.3987272}
2026-09-24T11:16:22.399+03:00 [RX telemetry] {"data_b64":"ZXE9MzggZnJhbWU9MTJCIHJlYXM=","description":"ble:LoRa-Chatter-1B44 44:1B:F6:8D:B7:A9","device_key":"ble-address:44:1b:f6:8d:b7:a9","kind":"rx","seq":666,"session":"s1","stream":"telemetry","text":"eq=38 frame=12B reas","timestamp":1790237782.3996532}
2026-09-24T11:16:22.400+03:00 [RX telemetry] {"data_b64":"b249aWRsZSBPSyB0aW1lPTEyIG0=","description":"ble:LoRa-Chatter-1B44 44:1B:F6:8D:B7:A9","device_key":"ble-address:44:1b:f6:8d:b7:a9","kind":"rx","seq":667,"session":"s1","stream":"telemetry","text":"on=idle OK time=12 m","timestamp":1790237782.400514}
2026-09-24T11:16:22.401+03:00 [RX telemetry] {"data_b64":"cyByZXNwb25zZTw9NzEzbXMK","description":"ble:LoRa-Chatter-1B44 44:1B:F6:8D:B7:A9","device_key":"ble-address:44:1b:f6:8d:b7:a9","kind":"rx","seq":668,"session":"s1","stream":"telemetry","text":"s response<=713ms\n","timestamp":1790237782.4012778}
2026-09-24T11:16:23.097+03:00 [RX telemetry] {"data_b64":"SEVBUlRCRUFUIFRJTUVPVVQgcmU=","description":"ble:LoRa-Chatter-72E0 E0:72:A1:D5:4C:15","device_key":"ble-address:e0:72:a1:d5:4c:15","kind":"rx","seq":653,"session":"s2","stream":"telemetry","text":"HEARTBEAT TIMEOUT re","timestamp":1790237783.0970836}
2026-09-24T11:16:23.098+03:00 [RX telemetry] {"data_b64":"cXVlc3Q9Q0NFRC8zOCBvdXRjb20=","description":"ble:LoRa-Chatter-72E0 E0:72:A1:D5:4C:15","device_key":"ble-address:e0:72:a1:d5:4c:15","kind":"rx","seq":654,"session":"s2","stream":"telemetry","text":"quest=CCED/38 outcom","timestamp":1790237783.098203}
2026-09-24T11:16:23.099+03:00 [RX telemetry] {"data_b64":"ZT1OUlAgUlE9MzkgcGVlcl9xPWs=","description":"ble:LoRa-Chatter-72E0 E0:72:A1:D5:4C:15","device_key":"ble-address:e0:72:a1:d5:4c:15","kind":"rx","seq":655,"session":"s2","stream":"telemetry","text":"e=NRP RQ=39 peer_q=k","timestamp":1790237783.0982687}
2026-09-24T11:16:23.099+03:00 [RX telemetry] {"data_b64":"bm93biByZWNvdmVyeT0yIGppdHQ=","description":"ble:LoRa-Chatter-72E0 E0:72:A1:D5:4C:15","device_key":"ble-address:e0:72:a1:d5:4c:15","kind":"rx","seq":656,"session":"s2","stream":"telemetry","text":"nown recovery=2 jitt","timestamp":1790237783.098958}
2026-09-24T11:16:23.099+03:00 [RX telemetry] {"data_b64":"ZXI8PTIybXMK","description":"ble:LoRa-Chatter-72E0 E0:72:A1:D5:4C:15","device_key":"ble-address:e0:72:a1:d5:4c:15","kind":"rx","seq":657,"session":"s2","stream":"telemetry","text":"er<=22ms\n","timestamp":1790237783.0993412}
2026-09-24T11:16:23.118+03:00 [RX telemetry] {"data_b64":"SEVBUlRCRUFUIFRJTUVPVVQgcmU=","description":"ble:LoRa-Chatter-1B44 44:1B:F6:8D:B7:A9","device_key":"ble-address:44:1b:f6:8d:b7:a9","kind":"rx","seq":669,"session":"s1","stream":"telemetry","text":"HEARTBEAT TIMEOUT re","timestamp":1790237783.1186643}
2026-09-24T11:16:23.119+03:00 [RX telemetry] {"data_b64":"cXVlc3Q9RTEzMC8zOCBvdXRjb20=","description":"ble:LoRa-Chatter-1B44 44:1B:F6:8D:B7:A9","device_key":"ble-address:44:1b:f6:8d:b7:a9","kind":"rx","seq":670,"session":"s1","stream":"telemetry","text":"quest=E130/38 outcom","timestamp":1790237783.1195657}
2026-09-24T11:16:23.120+03:00 [RX telemetry] {"data_b64":"ZT1OUlAgUlE9MzAgcGVlcl9xPWs=","description":"ble:LoRa-Chatter-1B44 44:1B:F6:8D:B7:A9","device_key":"ble-address:44:1b:f6:8d:b7:a9","kind":"rx","seq":671,"session":"s1","stream":"telemetry","text":"e=NRP RQ=30 peer_q=k","timestamp":1790237783.1206434}
2026-09-24T11:16:23.121+03:00 [RX telemetry] {"data_b64":"bm93biByZWNvdmVyeT0yIGppdHQ=","description":"ble:LoRa-Chatter-1B44 44:1B:F6:8D:B7:A9","device_key":"ble-address:44:1b:f6:8d:b7:a9","kind":"rx","seq":672,"session":"s1","stream":"telemetry","text":"nown recovery=2 jitt","timestamp":1790237783.1214175}
2026-09-24T11:16:23.122+03:00 [RX telemetry] {"data_b64":"ZXI8PTIybXMK","description":"ble:LoRa-Chatter-1B44 44:1B:F6:8D:B7:A9","device_key":"ble-address:44:1b:f6:8d:b7:a9","kind":"rx","seq":673,"session":"s1","stream":"telemetry","text":"er<=22ms\n","timestamp":1790237783.122099}
2026-09-24T11:16:24.042+03:00 [RX telemetry] {"data_b64":"ClNFU1NJT04gdD01MTAxcyBUWCA=","description":"ble:LoRa-Chatter-72E0 E0:72:A1:D5:4C:15","device_key":"ble-address:e0:72:a1:d5:4c:15","kind":"rx","seq":658,"session":"s2","stream":"telemetry","text":"\nSESSION t=5101s TX ","timestamp":1790237784.0419323}
2026-09-24T11:16:24.043+03:00 [RX telemetry] {"data_b64":"b2s9MzkgdXNlcj0wIGVjaG9fcmU=","description":"ble:LoRa-Chatter-72E0 E0:72:A1:D5:4C:15","device_key":"ble-address:e0:72:a1:d5:4c:15","kind":"rx","seq":659,"session":"s2","stream":"telemetry","text":"ok=39 user=0 echo_re","timestamp":1790237784.0431838}
2026-09-24T11:16:24.043+03:00 [RX telemetry] {"data_b64":"cT0wIGVjaG9fcmVwPTAgaGI9Mzk=","description":"ble:LoRa-Chatter-72E0 E0:72:A1:D5:4C:15","device_key":"ble-address:e0:72:a1:d5:4c:15","kind":"rx","seq":660,"session":"s2","stream":"telemetry","text":"q=0 echo_rep=0 hb=39","timestamp":1790237784.043262}
2026-09-24T11:16:24.044+03:00 [RX telemetry] {"data_b64":"KGlkbGU9MzEpIGVycj0wIHN0YXI=","description":"ble:LoRa-Chatter-72E0 E0:72:A1:D5:4C:15","device_key":"ble-address:e0:72:a1:d5:4c:15","kind":"rx","seq":661,"session":"s2","stream":"telemetry","text":"(idle=31) err=0 star","timestamp":1790237784.044362}
2026-09-24T11:16:24.045+03:00 [RX telemetry] {"data_b64":"dGVkPTM5IFJYIG9rPTIwIHVzZXI=","description":"ble:LoRa-Chatter-72E0 E0:72:A1:D5:4C:15","device_key":"ble-address:e0:72:a1:d5:4c:15","kind":"rx","seq":662,"session":"s2","stream":"telemetry","text":"ted=39 RX ok=20 user","timestamp":1790237784.0451224}
2026-09-24T11:16:24.046+03:00 [RX telemetry] {"data_b64":"PTAgZWNob19yZXE9MCBlY2hvX3I=","description":"ble:LoRa-Chatter-72E0 E0:72:A1:D5:4C:15","device_key":"ble-address:e0:72:a1:d5:4c:15","kind":"rx","seq":663,"session":"s2","stream":"telemetry","text":"=0 echo_req=0 echo_r","timestamp":1790237784.0461202}
2026-09-24T11:16:24.047+03:00 [RX telemetry] {"data_b64":"ZXA9MCBoYj04IGNyYz0wIGhkcj0=","description":"ble:LoRa-Chatter-72E0 E0:72:A1:D5:4C:15","device_key":"ble-address:e0:72:a1:d5:4c:15","kind":"rx","seq":664,"session":"s2","stream":"telemetry","text":"ep=0 hb=8 crc=0 hdr=","timestamp":1790237784.0469406}
2026-09-24T11:16:24.049+03:00 [RX telemetry] {"data_b64":"MCBiYWQ9MCByZWFkZXJyPTAgcmU=","description":"ble:LoRa-Chatter-72E0 E0:72:A1:D5:4C:15","device_key":"ble-address:e0:72:a1:d5:4c:15","kind":"rx","seq":665,"session":"s2","stream":"telemetry","text":"0 bad=0 readerr=0 re","timestamp":1790237784.0496583}
2026-09-24T11:16:24.050+03:00 [RX telemetry] {"data_b64":"cG9ydHM9MjAgUT0zOSUgZHJvcHM=","description":"ble:LoRa-Chatter-72E0 E0:72:A1:D5:4C:15","device_key":"ble-address:e0:72:a1:d5:4c:15","kind":"rx","seq":666,"session":"s2","stream":"telemetry","text":"ports=20 Q=39% drops","timestamp":1790237784.0503817}
2026-09-24T11:16:24.051+03:00 [RX telemetry] {"data_b64":"PTAgZmF0YWw9MAo=","description":"ble:LoRa-Chatter-72E0 E0:72:A1:D5:4C:15","device_key":"ble-address:e0:72:a1:d5:4c:15","kind":"rx","seq":667,"session":"s2","stream":"telemetry","text":"=0 fatal=0\n","timestamp":1790237784.0507143}
2026-09-24T11:16:24.051+03:00 [RX telemetry] {"data_b64":"U0VTU0lPTiBDT1VSVEVTWSB3aW4=","description":"ble:LoRa-Chatter-72E0 E0:72:A1:D5:4C:15","device_key":"ble-address:e0:72:a1:d5:4c:15","kind":"rx","seq":668,"session":"s2","stream":"telemetry","text":"SESSION COURTESY win","timestamp":1790237784.0514038}
2026-09-24T11:16:24.052+03:00 [RX telemetry] {"data_b64":"ZG93PTUwMDBtcyBwZWVyX3JlbGU=","description":"ble:LoRa-Chatter-72E0 E0:72:A1:D5:4C:15","device_key":"ble-address:e0:72:a1:d5:4c:15","kind":"rx","seq":669,"session":"s2","stream":"telemetry","text":"dow=5000ms peer_rele","timestamp":1790237784.052119}
2026-09-24T11:16:24.053+03:00 [RX telemetry] {"data_b64":"YXNlPTAgZXhwaXJlZD0wIHlpZWw=","description":"ble:LoRa-Chatter-72E0 E0:72:A1:D5:4C:15","device_key":"ble-address:e0:72:a1:d5:4c:15","kind":"rx","seq":670,"session":"s2","stream":"telemetry","text":"ase=0 expired=0 yiel","timestamp":1790237784.0530446}
2026-09-24T11:16:24.053+03:00 [RX telemetry] {"data_b64":"ZGluZz0wCg==","description":"ble:LoRa-Chatter-72E0 E0:72:A1:D5:4C:15","device_key":"ble-address:e0:72:a1:d5:4c:15","kind":"rx","seq":671,"session":"s2","stream":"telemetry","text":"ding=0\n","timestamp":1790237784.0531206}
2026-09-24T11:16:24.054+03:00 [RX telemetry] {"data_b64":"U0VTU0lPTiBESU8wX1RYIGFmZmU=","description":"ble:LoRa-Chatter-72E0 E0:72:A1:D5:4C:15","device_key":"ble-address:e0:72:a1:d5:4c:15","kind":"rx","seq":672,"session":"s2","stream":"telemetry","text":"SESSION DIO0_TX affe","timestamp":1790237784.0541139}
2026-09-24T11:16:24.055+03:00 [RX telemetry] {"data_b64":"Y3RlZD0wLzM5IGVwaXNvZGVzPTA=","description":"ble:LoRa-Chatter-72E0 E0:72:A1:D5:4C:15","device_key":"ble-address:e0:72:a1:d5:4c:15","kind":"rx","seq":673,"session":"s2","stream":"telemetry","text":"cted=0/39 episodes=0","timestamp":1790237784.0543604}
2026-09-24T11:16:24.055+03:00 [RX telemetry] {"data_b64":"IGF2Z19hbGw9MC4wMCBhdmdfYWY=","description":"ble:LoRa-Chatter-72E0 E0:72:A1:D5:4C:15","device_key":"ble-address:e0:72:a1:d5:4c:15","kind":"rx","seq":674,"session":"s2","stream":"telemetry","text":" avg_all=0.00 avg_af","timestamp":1790237784.0554569}
2026-09-24T11:16:24.056+03:00 [RX telemetry] {"data_b64":"ZmVjdGVkPTAuMDAgaGlnaF9wb2w=","description":"ble:LoRa-Chatter-72E0 E0:72:A1:D5:4C:15","device_key":"ble-address:e0:72:a1:d5:4c:15","kind":"rx","seq":675,"session":"s2","stream":"telemetry","text":"fected=0.00 high_pol","timestamp":1790237784.0555096}
2026-09-24T11:16:24.056+03:00 [RX telemetry] {"data_b64":"bHM9MAo=","description":"ble:LoRa-Chatter-72E0 E0:72:A1:D5:4C:15","device_key":"ble-address:e0:72:a1:d5:4c:15","kind":"rx","seq":676,"session":"s2","stream":"telemetry","text":"ls=0\n","timestamp":1790237784.0562804}
2026-09-24T11:16:24.057+03:00 [RX telemetry] {"data_b64":"U0VTU0lPTiBSWF9QT0xMIHBvbGw=","description":"ble:LoRa-Chatter-72E0 E0:72:A1:D5:4C:15","device_key":"ble-address:e0:72:a1:d5:4c:15","kind":"rx","seq":677,"session":"s2","stream":"telemetry","text":"SESSION RX_POLL poll","timestamp":1790237784.0565367}
2026-09-24T11:16:24.057+03:00 [RX telemetry] {"data_b64":"cz01MDUwNTMyIHJ4ZG9uZT0yMCA=","description":"ble:LoRa-Chatter-72E0 E0:72:A1:D5:4C:15","device_key":"ble-address:e0:72:a1:d5:4c:15","kind":"rx","seq":678,"session":"s2","stream":"telemetry","text":"s=5050532 rxdone=20 ","timestamp":1790237784.0574288}
2026-09-24T11:16:24.058+03:00 [RX telemetry] {"data_b64":"aW50ZXJ2YWw9MTAwMHVzIERJTzA=","description":"ble:LoRa-Chatter-72E0 E0:72:A1:D5:4C:15","device_key":"ble-address:e0:72:a1:d5:4c:15","kind":"rx","seq":679,"session":"s2","stream":"telemetry","text":"interval=1000us DIO0","timestamp":1790237784.0582247}
2026-09-24T11:16:24.058+03:00 [RX telemetry] {"data_b64":"X1JYIGZhbHNlX2hpZ2hfZXA9MCA=","description":"ble:LoRa-Chatter-72E0 E0:72:A1:D5:4C:15","device_key":"ble-address:e0:72:a1:d5:4c:15","kind":"rx","seq":680,"session":"s2","stream":"telemetry","text":"_RX false_high_ep=0 ","timestamp":1790237784.0583029}
2026-09-24T11:16:24.059+03:00 [RX telemetry] {"data_b64":"aGlnaF9wb2xscz0wIHJ4ZG9uZV8=","description":"ble:LoRa-Chatter-72E0 E0:72:A1:D5:4C:15","device_key":"ble-address:e0:72:a1:d5:4c:15","kind":"rx","seq":681,"session":"s2","stream":"telemetry","text":"high_polls=0 rxdone_","timestamp":1790237784.0592015}
2026-09-24T11:16:24.060+03:00 [RX telemetry] {"data_b64":"bG93PTEgaXNyPWRpc2FibGVkCg==","description":"ble:LoRa-Chatter-72E0 E0:72:A1:D5:4C:15","device_key":"ble-address:e0:72:a1:d5:4c:15","kind":"rx","seq":682,"session":"s2","stream":"telemetry","text":"low=1 isr=disabled\n","timestamp":1790237784.0598705}
2026-09-24T11:16:27.394+03:00 [RX telemetry] {"data_b64":"UEVFUl9SRVBPUlQgb3VyX3NlcT0=","description":"ble:LoRa-Chatter-1B44 44:1B:F6:8D:B7:A9","device_key":"ble-address:44:1b:f6:8d:b7:a9","kind":"rx","seq":674,"session":"s1","stream":"telemetry","text":"PEER_REPORT our_seq=","timestamp":1790237787.3941512}
2026-09-24T11:16:27.395+03:00 [RX telemetry] {"data_b64":"MzYgVFg9LTU4LzYgUTM5Cg==","description":"ble:LoRa-Chatter-1B44 44:1B:F6:8D:B7:A9","device_key":"ble-address:44:1b:f6:8d:b7:a9","kind":"rx","seq":675,"session":"s1","stream":"telemetry","text":"36 TX=-58/6 Q39\n","timestamp":1790237787.3951142}
2026-09-24T11:16:27.396+03:00 [RX telemetry] {"data_b64":"UlggSEVBUlRCRUFUIFBJTkcgc2U=","description":"ble:LoRa-Chatter-1B44 44:1B:F6:8D:B7:A9","device_key":"ble-address:44:1b:f6:8d:b7:a9","kind":"rx","seq":676,"session":"s1","stream":"telemetry","text":"RX HEARTBEAT PING se","timestamp":1790237787.3955154}
2026-09-24T11:16:27.396+03:00 [RX telemetry] {"data_b64":"c3Npb249Q0NFRCBzZXE9MzkgZnI=","description":"ble:LoRa-Chatter-1B44 44:1B:F6:8D:B7:A9","device_key":"ble-address:44:1b:f6:8d:b7:a9","kind":"rx","seq":677,"session":"s1","stream":"telemetry","text":"ssion=CCED seq=39 fr","timestamp":1790237787.3966515}
2026-09-24T11:16:27.397+03:00 [RX telemetry] {"data_b64":"YW1lPTEyQiBSWD0tNjAvNSBRMzA=","description":"ble:LoRa-Chatter-1B44 44:1B:F6:8D:B7:A9","device_key":"ble-address:44:1b:f6:8d:b7:a9","kind":"rx","seq":678,"session":"s1","stream":"telemetry","text":"ame=12B RX=-60/5 Q30","timestamp":1790237787.3967645}
2026-09-24T11:16:27.397+03:00 [RX telemetry] {"data_b64":"Cg==","description":"ble:LoRa-Chatter-1B44 44:1B:F6:8D:B7:A9","device_key":"ble-address:44:1b:f6:8d:b7:a9","kind":"rx","seq":679,"session":"s1","stream":"telemetry","text":"\n","timestamp":1790237787.3977592}
2026-09-24T11:16:27.417+03:00 [RX telemetry] {"data_b64":"ClRYIEhFQVJUQkVBVCBQSU5HIHM=","description":"ble:LoRa-Chatter-72E0 E0:72:A1:D5:4C:15","device_key":"ble-address:e0:72:a1:d5:4c:15","kind":"rx","seq":683,"session":"s2","stream":"telemetry","text":"\nTX HEARTBEAT PING s","timestamp":1790237787.417598}
2026-09-24T11:16:27.418+03:00 [RX telemetry] {"data_b64":"ZXE9MzkgZnJhbWU9MTJCIHJlYXM=","description":"ble:LoRa-Chatter-72E0 E0:72:A1:D5:4C:15","device_key":"ble-address:e0:72:a1:d5:4c:15","kind":"rx","seq":684,"session":"s2","stream":"telemetry","text":"eq=39 frame=12B reas","timestamp":1790237787.4186826}
2026-09-24T11:16:27.419+03:00 [RX telemetry] {"data_b64":"b249aWRsZSBPSyB0aW1lPTEyIG0=","description":"ble:LoRa-Chatter-72E0 E0:72:A1:D5:4C:15","device_key":"ble-address:e0:72:a1:d5:4c:15","kind":"rx","seq":685,"session":"s2","stream":"telemetry","text":"on=idle OK time=12 m","timestamp":1790237787.4187589}
2026-09-24T11:16:27.419+03:00 [RX telemetry] {"data_b64":"cyByZXNwb25zZTw9NzEzbXMK","description":"ble:LoRa-Chatter-72E0 E0:72:A1:D5:4C:15","device_key":"ble-address:e0:72:a1:d5:4c:15","kind":"rx","seq":686,"session":"s2","stream":"telemetry","text":"s response<=713ms\n","timestamp":1790237787.4195518}
2026-09-24T11:16:27.618+03:00 [RX telemetry] {"data_b64":"ClRYIEhFQVJUQkVBVCBQT05HIHM=","description":"ble:LoRa-Chatter-1B44 44:1B:F6:8D:B7:A9","device_key":"ble-address:44:1b:f6:8d:b7:a9","kind":"rx","seq":680,"session":"s1","stream":"telemetry","text":"\nTX HEARTBEAT PONG s","timestamp":1790237787.6186028}
2026-09-24T11:16:27.619+03:00 [RX telemetry] {"data_b64":"ZXE9MzkgZnJhbWU9MTZCIHJlcXU=","description":"ble:LoRa-Chatter-1B44 44:1B:F6:8D:B7:A9","device_key":"ble-address:44:1b:f6:8d:b7:a9","kind":"rx","seq":681,"session":"s1","stream":"telemetry","text":"eq=39 frame=16B requ","timestamp":1790237787.619394}
2026-09-24T11:16:27.620+03:00 [RX telemetry] {"data_b64":"ZXN0PUNDRUQvMzkgT0sgdGltZT0=","description":"ble:LoRa-Chatter-1B44 44:1B:F6:8D:B7:A9","device_key":"ble-address:44:1b:f6:8d:b7:a9","kind":"rx","seq":682,"session":"s1","stream":"telemetry","text":"est=CCED/39 OK time=","timestamp":1790237787.6205645}
2026-09-24T11:16:27.621+03:00 [RX telemetry] {"data_b64":"MTQgbXMK","description":"ble:LoRa-Chatter-1B44 44:1B:F6:8D:B7:A9","device_key":"ble-address:44:1b:f6:8d:b7:a9","kind":"rx","seq":683,"session":"s1","stream":"telemetry","text":"14 ms\n","timestamp":1790237787.6215224}
2026-09-24T11:16:27.642+03:00 [RX telemetry] {"data_b64":"UEVFUl9SRVBPUlQgb3VyX3NlcT0=","description":"ble:LoRa-Chatter-72E0 E0:72:A1:D5:4C:15","device_key":"ble-address:e0:72:a1:d5:4c:15","kind":"rx","seq":687,"session":"s2","stream":"telemetry","text":"PEER_REPORT our_seq=","timestamp":1790237787.6418266}
2026-09-24T11:16:27.643+03:00 [RX telemetry] {"data_b64":"MzkgVFg9LTYwLzUgUTMwCg==","description":"ble:LoRa-Chatter-72E0 E0:72:A1:D5:4C:15","device_key":"ble-address:e0:72:a1:d5:4c:15","kind":"rx","seq":688,"session":"s2","stream":"telemetry","text":"39 TX=-60/5 Q30\n","timestamp":1790237787.643022}
2026-09-24T11:16:27.643+03:00 [RX telemetry] {"data_b64":"UlggSEVBUlRCRUFUIFBPTkcgcmU=","description":"ble:LoRa-Chatter-72E0 E0:72:A1:D5:4C:15","device_key":"ble-address:e0:72:a1:d5:4c:15","kind":"rx","seq":689,"session":"s2","stream":"telemetry","text":"RX HEARTBEAT PONG re","timestamp":1790237787.643113}
2026-09-24T11:16:27.644+03:00 [RX telemetry] {"data_b64":"cXVlc3Q9Q0NFRC8zOSBmcmFtZT0=","description":"ble:LoRa-Chatter-72E0 E0:72:A1:D5:4C:15","device_key":"ble-address:e0:72:a1:d5:4c:15","kind":"rx","seq":690,"session":"s2","stream":"telemetry","text":"quest=CCED/39 frame=","timestamp":1790237787.6441946}
2026-09-24T11:16:27.644+03:00 [RX telemetry] {"data_b64":"MTZCIFJYPS01OC81IFE0MSBUWD0=","description":"ble:LoRa-Chatter-72E0 E0:72:A1:D5:4C:15","device_key":"ble-address:e0:72:a1:d5:4c:15","kind":"rx","seq":691,"session":"s2","stream":"telemetry","text":"16B RX=-58/5 Q41 TX=","timestamp":1790237787.6444514}
2026-09-24T11:16:27.645+03:00 [RX telemetry] {"data_b64":"LTYwLzUgUTMwCg==","description":"ble:LoRa-Chatter-72E0 E0:72:A1:D5:4C:15","device_key":"ble-address:e0:72:a1:d5:4c:15","kind":"rx","seq":692,"session":"s2","stream":"telemetry","text":"-60/5 Q30\n","timestamp":1790237787.6455142}
2026-09-24T11:16:32.412+03:00 [RX telemetry] {"data_b64":"ClRYIEhFQVJUQkVBVCBQSU5HIHM=","description":"ble:LoRa-Chatter-72E0 E0:72:A1:D5:4C:15","device_key":"ble-address:e0:72:a1:d5:4c:15","kind":"rx","seq":693,"session":"s2","stream":"telemetry","text":"\nTX HEARTBEAT PING s","timestamp":1790237792.4121356}
2026-09-24T11:16:32.413+03:00 [RX telemetry] {"data_b64":"ZXE9NDAgZnJhbWU9MTJCIHJlYXM=","description":"ble:LoRa-Chatter-72E0 E0:72:A1:D5:4C:15","device_key":"ble-address:e0:72:a1:d5:4c:15","kind":"rx","seq":694,"session":"s2","stream":"telemetry","text":"eq=40 frame=12B reas","timestamp":1790237792.4131448}
2026-09-24T11:16:32.414+03:00 [RX telemetry] {"data_b64":"b249aWRsZSBPSyB0aW1lPTEyIG0=","description":"ble:LoRa-Chatter-72E0 E0:72:A1:D5:4C:15","device_key":"ble-address:e0:72:a1:d5:4c:15","kind":"rx","seq":695,"session":"s2","stream":"telemetry","text":"on=idle OK time=12 m","timestamp":1790237792.4140294}
2026-09-24T11:16:32.415+03:00 [RX telemetry] {"data_b64":"cyByZXNwb25zZTw9NzEzbXMK","description":"ble:LoRa-Chatter-72E0 E0:72:A1:D5:4C:15","device_key":"ble-address:e0:72:a1:d5:4c:15","kind":"rx","seq":696,"session":"s2","stream":"telemetry","text":"s response<=713ms\n","timestamp":1790237792.4149003}
2026-09-24T11:16:32.434+03:00 [RX telemetry] {"data_b64":"ClRYIEhFQVJUQkVBVCBQSU5HIHM=","description":"ble:LoRa-Chatter-1B44 44:1B:F6:8D:B7:A9","device_key":"ble-address:44:1b:f6:8d:b7:a9","kind":"rx","seq":684,"session":"s1","stream":"telemetry","text":"\nTX HEARTBEAT PING s","timestamp":1790237792.4338348}
2026-09-24T11:16:32.435+03:00 [RX telemetry] {"data_b64":"ZXE9NDAgZnJhbWU9MTJCIHJlYXM=","description":"ble:LoRa-Chatter-1B44 44:1B:F6:8D:B7:A9","device_key":"ble-address:44:1b:f6:8d:b7:a9","kind":"rx","seq":685,"session":"s1","stream":"telemetry","text":"eq=40 frame=12B reas","timestamp":1790237792.4348178}
2026-09-24T11:16:32.435+03:00 [RX telemetry] {"data_b64":"b249aWRsZSBPSyB0aW1lPTEyIG0=","description":"ble:LoRa-Chatter-1B44 44:1B:F6:8D:B7:A9","device_key":"ble-address:44:1b:f6:8d:b7:a9","kind":"rx","seq":686,"session":"s1","stream":"telemetry","text":"on=idle OK time=12 m","timestamp":1790237792.4356558}
2026-09-24T11:16:32.436+03:00 [RX telemetry] {"data_b64":"cyByZXNwb25zZTw9NzEzbXMK","description":"ble:LoRa-Chatter-1B44 44:1B:F6:8D:B7:A9","device_key":"ble-address:44:1b:f6:8d:b7:a9","kind":"rx","seq":687,"session":"s1","stream":"telemetry","text":"s response<=713ms\n","timestamp":1790237792.436446}
2026-09-24T11:16:33.109+03:00 [RX telemetry] {"data_b64":"SEVBUlRCRUFUIFRJTUVPVVQgcmU=","description":"ble:LoRa-Chatter-1B44 44:1B:F6:8D:B7:A9","device_key":"ble-address:44:1b:f6:8d:b7:a9","kind":"rx","seq":688,"session":"s1","stream":"telemetry","text":"HEARTBEAT TIMEOUT re","timestamp":1790237793.1090555}
2026-09-24T11:16:33.110+03:00 [RX telemetry] {"data_b64":"cXVlc3Q9RTEzMC80MCBvdXRjb20=","description":"ble:LoRa-Chatter-1B44 44:1B:F6:8D:B7:A9","device_key":"ble-address:44:1b:f6:8d:b7:a9","kind":"rx","seq":689,"session":"s1","stream":"telemetry","text":"quest=E130/40 outcom","timestamp":1790237793.1099691}
2026-09-24T11:16:33.111+03:00 [RX telemetry] {"data_b64":"ZT1OUlAgUlE9MjkgcGVlcl9xPWs=","description":"ble:LoRa-Chatter-1B44 44:1B:F6:8D:B7:A9","device_key":"ble-address:44:1b:f6:8d:b7:a9","kind":"rx","seq":690,"session":"s1","stream":"telemetry","text":"e=NRP RQ=29 peer_q=k","timestamp":1790237793.1107268}
2026-09-24T11:16:33.112+03:00 [RX telemetry] {"data_b64":"bm93biByZWNvdmVyeT0xIGppdHQ=","description":"ble:LoRa-Chatter-1B44 44:1B:F6:8D:B7:A9","device_key":"ble-address:44:1b:f6:8d:b7:a9","kind":"rx","seq":691,"session":"s1","stream":"telemetry","text":"nown recovery=1 jitt","timestamp":1790237793.111579}
2026-09-24T11:16:33.112+03:00 [RX telemetry] {"data_b64":"ZXI8PTExbXMK","description":"ble:LoRa-Chatter-1B44 44:1B:F6:8D:B7:A9","device_key":"ble-address:44:1b:f6:8d:b7:a9","kind":"rx","seq":692,"session":"s1","stream":"telemetry","text":"er<=11ms\n","timestamp":1790237793.1118062}
2026-09-24T11:16:33.132+03:00 [RX telemetry] {"data_b64":"SEVBUlRCRUFUIFRJTUVPVVQgcmU=","description":"ble:LoRa-Chatter-72E0 E0:72:A1:D5:4C:15","device_key":"ble-address:e0:72:a1:d5:4c:15","kind":"rx","seq":697,"session":"s2","stream":"telemetry","text":"HEARTBEAT TIMEOUT re","timestamp":1790237793.1317227}
2026-09-24T11:16:33.133+03:00 [RX telemetry] {"data_b64":"cXVlc3Q9Q0NFRC80MCBvdXRjb20=","description":"ble:LoRa-Chatter-72E0 E0:72:A1:D5:4C:15","device_key":"ble-address:e0:72:a1:d5:4c:15","kind":"rx","seq":698,"session":"s2","stream":"telemetry","text":"quest=CCED/40 outcom","timestamp":1790237793.132594}
2026-09-24T11:16:33.133+03:00 [RX telemetry] {"data_b64":"ZT1OUlAgUlE9NDEgcGVlcl9xPWs=","description":"ble:LoRa-Chatter-72E0 E0:72:A1:D5:4C:15","device_key":"ble-address:e0:72:a1:d5:4c:15","kind":"rx","seq":699,"session":"s2","stream":"telemetry","text":"e=NRP RQ=41 peer_q=k","timestamp":1790237793.132878}
2026-09-24T11:16:33.134+03:00 [RX telemetry] {"data_b64":"bm93biByZWNvdmVyeT0xIGppdHQ=","description":"ble:LoRa-Chatter-72E0 E0:72:A1:D5:4C:15","device_key":"ble-address:e0:72:a1:d5:4c:15","kind":"rx","seq":700,"session":"s2","stream":"telemetry","text":"nown recovery=1 jitt","timestamp":1790237793.1338167}
2026-09-24T11:16:33.135+03:00 [RX telemetry] {"data_b64":"ZXI8PTExbXMK","description":"ble:LoRa-Chatter-72E0 E0:72:A1:D5:4C:15","device_key":"ble-address:e0:72:a1:d5:4c:15","kind":"rx","seq":701,"session":"s2","stream":"telemetry","text":"er<=11ms\n","timestamp":1790237793.1347215}
2026-09-24T11:16:37.407+03:00 [RX telemetry] {"data_b64":"ClRYIEhFQVJUQkVBVCBQSU5HIHM=","description":"ble:LoRa-Chatter-72E0 E0:72:A1:D5:4C:15","device_key":"ble-address:e0:72:a1:d5:4c:15","kind":"rx","seq":702,"session":"s2","stream":"telemetry","text":"\nTX HEARTBEAT PING s","timestamp":1790237797.4071383}
2026-09-24T11:16:37.408+03:00 [RX telemetry] {"data_b64":"ZXE9NDEgZnJhbWU9MTJCIHJlYXM=","description":"ble:LoRa-Chatter-72E0 E0:72:A1:D5:4C:15","device_key":"ble-address:e0:72:a1:d5:4c:15","kind":"rx","seq":703,"session":"s2","stream":"telemetry","text":"eq=41 frame=12B reas","timestamp":1790237797.4079852}
2026-09-24T11:16:37.409+03:00 [RX telemetry] {"data_b64":"b249aWRsZSBPSyB0aW1lPTEyIG0=","description":"ble:LoRa-Chatter-72E0 E0:72:A1:D5:4C:15","device_key":"ble-address:e0:72:a1:d5:4c:15","kind":"rx","seq":704,"session":"s2","stream":"telemetry","text":"on=idle OK time=12 m","timestamp":1790237797.4089484}
2026-09-24T11:16:37.409+03:00 [RX telemetry] {"data_b64":"cyByZXNwb25zZTw9NzEzbXMK","description":"ble:LoRa-Chatter-72E0 E0:72:A1:D5:4C:15","device_key":"ble-address:e0:72:a1:d5:4c:15","kind":"rx","seq":705,"session":"s2","stream":"telemetry","text":"s response<=713ms\n","timestamp":1790237797.409561}
2026-09-24T11:16:37.428+03:00 [RX telemetry] {"data_b64":"ClRYIEhFQVJUQkVBVCBQSU5HIHM=","description":"ble:LoRa-Chatter-1B44 44:1B:F6:8D:B7:A9","device_key":"ble-address:44:1b:f6:8d:b7:a9","kind":"rx","seq":693,"session":"s1","stream":"telemetry","text":"\nTX HEARTBEAT PING s","timestamp":1790237797.4285989}
2026-09-24T11:16:37.429+03:00 [RX telemetry] {"data_b64":"ZXE9NDEgZnJhbWU9MTJCIHJlYXM=","description":"ble:LoRa-Chatter-1B44 44:1B:F6:8D:B7:A9","device_key":"ble-address:44:1b:f6:8d:b7:a9","kind":"rx","seq":694,"session":"s1","stream":"telemetry","text":"eq=41 frame=12B reas","timestamp":1790237797.4295893}
2026-09-24T11:16:37.431+03:00 [RX telemetry] {"data_b64":"b249aWRsZSBPSyB0aW1lPTEyIG0=","description":"ble:LoRa-Chatter-1B44 44:1B:F6:8D:B7:A9","device_key":"ble-address:44:1b:f6:8d:b7:a9","kind":"rx","seq":695,"session":"s1","stream":"telemetry","text":"on=idle OK time=12 m","timestamp":1790237797.4311278}
2026-09-24T11:16:37.432+03:00 [RX telemetry] {"data_b64":"cyByZXNwb25zZTw9NzEzbXMK","description":"ble:LoRa-Chatter-1B44 44:1B:F6:8D:B7:A9","device_key":"ble-address:44:1b:f6:8d:b7:a9","kind":"rx","seq":696,"session":"s1","stream":"telemetry","text":"s response<=713ms\n","timestamp":1790237797.4320693}
2026-09-24T11:16:38.127+03:00 [RX telemetry] {"data_b64":"SEVBUlRCRUFUIFRJTUVPVVQgcmU=","description":"ble:LoRa-Chatter-72E0 E0:72:A1:D5:4C:15","device_key":"ble-address:e0:72:a1:d5:4c:15","kind":"rx","seq":706,"session":"s2","stream":"telemetry","text":"HEARTBEAT TIMEOUT re","timestamp":1790237798.127144}
2026-09-24T11:16:38.128+03:00 [RX telemetry] {"data_b64":"cXVlc3Q9Q0NFRC80MSBvdXRjb20=","description":"ble:LoRa-Chatter-72E0 E0:72:A1:D5:4C:15","device_key":"ble-address:e0:72:a1:d5:4c:15","kind":"rx","seq":707,"session":"s2","stream":"telemetry","text":"quest=CCED/41 outcom","timestamp":1790237798.1286888}
2026-09-24T11:16:38.129+03:00 [RX telemetry] {"data_b64":"ZT1OUlAgUlE9MzggcGVlcl9xPWs=","description":"ble:LoRa-Chatter-72E0 E0:72:A1:D5:4C:15","device_key":"ble-address:e0:72:a1:d5:4c:15","kind":"rx","seq":708,"session":"s2","stream":"telemetry","text":"e=NRP RQ=38 peer_q=k","timestamp":1790237798.1287673}
2026-09-24T11:16:38.130+03:00 [RX telemetry] {"data_b64":"bm93biByZWNvdmVyeT0yIGppdHQ=","description":"ble:LoRa-Chatter-72E0 E0:72:A1:D5:4C:15","device_key":"ble-address:e0:72:a1:d5:4c:15","kind":"rx","seq":709,"session":"s2","stream":"telemetry","text":"nown recovery=2 jitt","timestamp":1790237798.129916}
2026-09-24T11:16:38.131+03:00 [RX telemetry] {"data_b64":"ZXI8PTIybXMK","description":"ble:LoRa-Chatter-72E0 E0:72:A1:D5:4C:15","device_key":"ble-address:e0:72:a1:d5:4c:15","kind":"rx","seq":710,"session":"s2","stream":"telemetry","text":"er<=22ms\n","timestamp":1790237798.1308575}
2026-09-24T11:16:38.148+03:00 [RX telemetry] {"data_b64":"SEVBUlRCRUFUIFRJTUVPVVQgcmU=","description":"ble:LoRa-Chatter-1B44 44:1B:F6:8D:B7:A9","device_key":"ble-address:44:1b:f6:8d:b7:a9","kind":"rx","seq":697,"session":"s1","stream":"telemetry","text":"HEARTBEAT TIMEOUT re","timestamp":1790237798.1487184}
2026-09-24T11:16:38.149+03:00 [RX telemetry] {"data_b64":"cXVlc3Q9RTEzMC80MSBvdXRjb20=","description":"ble:LoRa-Chatter-1B44 44:1B:F6:8D:B7:A9","device_key":"ble-address:44:1b:f6:8d:b7:a9","kind":"rx","seq":698,"session":"s1","stream":"telemetry","text":"quest=E130/41 outcom","timestamp":1790237798.1496105}
2026-09-24T11:16:38.151+03:00 [RX telemetry] {"data_b64":"ZT1OUlAgUlE9MjggcGVlcl9xPWs=","description":"ble:LoRa-Chatter-1B44 44:1B:F6:8D:B7:A9","device_key":"ble-address:44:1b:f6:8d:b7:a9","kind":"rx","seq":699,"session":"s1","stream":"telemetry","text":"e=NRP RQ=28 peer_q=k","timestamp":1790237798.1509929}
2026-09-24T11:16:38.152+03:00 [RX telemetry] {"data_b64":"bm93biByZWNvdmVyeT0yIGppdHQ=","description":"ble:LoRa-Chatter-1B44 44:1B:F6:8D:B7:A9","device_key":"ble-address:44:1b:f6:8d:b7:a9","kind":"rx","seq":700,"session":"s1","stream":"telemetry","text":"nown recovery=2 jitt","timestamp":1790237798.1520646}
2026-09-24T11:16:38.153+03:00 [RX telemetry] {"data_b64":"ZXI8PTIybXMK","description":"ble:LoRa-Chatter-1B44 44:1B:F6:8D:B7:A9","device_key":"ble-address:44:1b:f6:8d:b7:a9","kind":"rx","seq":701,"session":"s1","stream":"telemetry","text":"er<=22ms\n","timestamp":1790237798.1531024}
2026-09-24T11:16:42.289+03:00 [RX telemetry] {"data_b64":"ClNFU1NJT04gdD01MTYwcyBUWCA=","description":"ble:LoRa-Chatter-1B44 44:1B:F6:8D:B7:A9","device_key":"ble-address:44:1b:f6:8d:b7:a9","kind":"rx","seq":702,"session":"s1","stream":"telemetry","text":"\nSESSION t=5160s TX ","timestamp":1790237802.2890515}
2026-09-24T11:16:42.290+03:00 [RX telemetry] {"data_b64":"b2s9NDIgdXNlcj0wIGVjaG9fcmU=","description":"ble:LoRa-Chatter-1B44 44:1B:F6:8D:B7:A9","device_key":"ble-address:44:1b:f6:8d:b7:a9","kind":"rx","seq":703,"session":"s1","stream":"telemetry","text":"ok=42 user=0 echo_re","timestamp":1790237802.2898507}
2026-09-24T11:16:42.290+03:00 [RX telemetry] {"data_b64":"cT0wIGVjaG9fcmVwPTAgaGI9NDI=","description":"ble:LoRa-Chatter-1B44 44:1B:F6:8D:B7:A9","device_key":"ble-address:44:1b:f6:8d:b7:a9","kind":"rx","seq":704,"session":"s1","stream":"telemetry","text":"q=0 echo_rep=0 hb=42","timestamp":1790237802.2905805}
2026-09-24T11:16:42.292+03:00 [RX telemetry] {"data_b64":"KGlkbGU9MjkpIGVycj0wIHN0YXI=","description":"ble:LoRa-Chatter-1B44 44:1B:F6:8D:B7:A9","device_key":"ble-address:44:1b:f6:8d:b7:a9","kind":"rx","seq":705,"session":"s1","stream":"telemetry","text":"(idle=29) err=0 star","timestamp":1790237802.29179}
2026-09-24T11:16:42.292+03:00 [RX telemetry] {"data_b64":"dGVkPTQyIFJYIG9rPTIxIHVzZXI=","description":"ble:LoRa-Chatter-1B44 44:1B:F6:8D:B7:A9","device_key":"ble-address:44:1b:f6:8d:b7:a9","kind":"rx","seq":706,"session":"s1","stream":"telemetry","text":"ted=42 RX ok=21 user","timestamp":1790237802.2918704}
2026-09-24T11:16:42.293+03:00 [RX telemetry] {"data_b64":"PTAgZWNob19yZXE9MCBlY2hvX3I=","description":"ble:LoRa-Chatter-1B44 44:1B:F6:8D:B7:A9","device_key":"ble-address:44:1b:f6:8d:b7:a9","kind":"rx","seq":707,"session":"s1","stream":"telemetry","text":"=0 echo_req=0 echo_r","timestamp":1790237802.2929933}
2026-09-24T11:16:42.294+03:00 [RX telemetry] {"data_b64":"ZXA9MCBoYj0xMyBjcmM9MCBoZHI=","description":"ble:LoRa-Chatter-1B44 44:1B:F6:8D:B7:A9","device_key":"ble-address:44:1b:f6:8d:b7:a9","kind":"rx","seq":708,"session":"s1","stream":"telemetry","text":"ep=0 hb=13 crc=0 hdr","timestamp":1790237802.293594}
2026-09-24T11:16:42.294+03:00 [RX telemetry] {"data_b64":"PTAgYmFkPTEgcmVhZGVycj0wIHI=","description":"ble:LoRa-Chatter-1B44 44:1B:F6:8D:B7:A9","device_key":"ble-address:44:1b:f6:8d:b7:a9","kind":"rx","seq":709,"session":"s1","stream":"telemetry","text":"=0 bad=1 readerr=0 r","timestamp":1790237802.293899}
2026-09-24T11:16:42.295+03:00 [RX telemetry] {"data_b64":"ZXBvcnRzPTIwIFE9MjglIGRyb3A=","description":"ble:LoRa-Chatter-1B44 44:1B:F6:8D:B7:A9","device_key":"ble-address:44:1b:f6:8d:b7:a9","kind":"rx","seq":710,"session":"s1","stream":"telemetry","text":"eports=20 Q=28% drop","timestamp":1790237802.2951045}
2026-09-24T11:16:42.295+03:00 [RX telemetry] {"data_b64":"cz0wIGZhdGFsPTAK","description":"ble:LoRa-Chatter-1B44 44:1B:F6:8D:B7:A9","device_key":"ble-address:44:1b:f6:8d:b7:a9","kind":"rx","seq":711,"session":"s1","stream":"telemetry","text":"s=0 fatal=0\n","timestamp":1790237802.295182}
2026-09-24T11:16:42.296+03:00 [RX telemetry] {"data_b64":"U0VTU0lPTiBDT1VSVEVTWSB3aW4=","description":"ble:LoRa-Chatter-1B44 44:1B:F6:8D:B7:A9","device_key":"ble-address:44:1b:f6:8d:b7:a9","kind":"rx","seq":712,"session":"s1","stream":"telemetry","text":"SESSION COURTESY win","timestamp":1790237802.2957635}
2026-09-24T11:16:42.297+03:00 [RX telemetry] {"data_b64":"ZG93PTUwMDBtcyBwZWVyX3JlbGU=","description":"ble:LoRa-Chatter-1B44 44:1B:F6:8D:B7:A9","device_key":"ble-address:44:1b:f6:8d:b7:a9","kind":"rx","seq":713,"session":"s1","stream":"telemetry","text":"dow=5000ms peer_rele","timestamp":1790237802.2968025}
2026-09-24T11:16:42.298+03:00 [RX telemetry] {"data_b64":"YXNlPTAgZXhwaXJlZD0wIHlpZWw=","description":"ble:LoRa-Chatter-1B44 44:1B:F6:8D:B7:A9","device_key":"ble-address:44:1b:f6:8d:b7:a9","kind":"rx","seq":714,"session":"s1","stream":"telemetry","text":"ase=0 expired=0 yiel","timestamp":1790237802.2978032}
2026-09-24T11:16:42.298+03:00 [RX telemetry] {"data_b64":"ZGluZz0wCg==","description":"ble:LoRa-Chatter-1B44 44:1B:F6:8D:B7:A9","device_key":"ble-address:44:1b:f6:8d:b7:a9","kind":"rx","seq":715,"session":"s1","stream":"telemetry","text":"ding=0\n","timestamp":1790237802.2978797}
2026-09-24T11:16:42.299+03:00 [RX telemetry] {"data_b64":"U0VTU0lPTiBESU8wX1RYIGFmZmU=","description":"ble:LoRa-Chatter-1B44 44:1B:F6:8D:B7:A9","device_key":"ble-address:44:1b:f6:8d:b7:a9","kind":"rx","seq":716,"session":"s1","stream":"telemetry","text":"SESSION DIO0_TX affe","timestamp":1790237802.2986126}
2026-09-24T11:16:42.299+03:00 [RX telemetry] {"data_b64":"Y3RlZD0wLzQyIGVwaXNvZGVzPTA=","description":"ble:LoRa-Chatter-1B44 44:1B:F6:8D:B7:A9","device_key":"ble-address:44:1b:f6:8d:b7:a9","kind":"rx","seq":717,"session":"s1","stream":"telemetry","text":"cted=0/42 episodes=0","timestamp":1790237802.2991564}
2026-09-24T11:16:42.300+03:00 [RX telemetry] {"data_b64":"IGF2Z19hbGw9MC4wMCBhdmdfYWY=","description":"ble:LoRa-Chatter-1B44 44:1B:F6:8D:B7:A9","device_key":"ble-address:44:1b:f6:8d:b7:a9","kind":"rx","seq":718,"session":"s1","stream":"telemetry","text":" avg_all=0.00 avg_af","timestamp":1790237802.3000891}
2026-09-24T11:16:42.300+03:00 [RX telemetry] {"data_b64":"ZmVjdGVkPTAuMDAgaGlnaF9wb2w=","description":"ble:LoRa-Chatter-1B44 44:1B:F6:8D:B7:A9","device_key":"ble-address:44:1b:f6:8d:b7:a9","kind":"rx","seq":719,"session":"s1","stream":"telemetry","text":"fected=0.00 high_pol","timestamp":1790237802.300696}
2026-09-24T11:16:42.301+03:00 [RX telemetry] {"data_b64":"bHM9MAo=","description":"ble:LoRa-Chatter-1B44 44:1B:F6:8D:B7:A9","device_key":"ble-address:44:1b:f6:8d:b7:a9","kind":"rx","seq":720,"session":"s1","stream":"telemetry","text":"ls=0\n","timestamp":1790237802.3016262}
2026-09-24T11:16:42.302+03:00 [RX telemetry] {"data_b64":"U0VTU0lPTiBSWF9QT0xMIHBvbGw=","description":"ble:LoRa-Chatter-1B44 44:1B:F6:8D:B7:A9","device_key":"ble-address:44:1b:f6:8d:b7:a9","kind":"rx","seq":721,"session":"s1","stream":"telemetry","text":"SESSION RX_POLL poll","timestamp":1790237802.3024545}
2026-09-24T11:16:42.303+03:00 [RX telemetry] {"data_b64":"cz01MTI5ODg5IHJ4ZG9uZT0yMiA=","description":"ble:LoRa-Chatter-1B44 44:1B:F6:8D:B7:A9","device_key":"ble-address:44:1b:f6:8d:b7:a9","kind":"rx","seq":722,"session":"s1","stream":"telemetry","text":"s=5129889 rxdone=22 ","timestamp":1790237802.3031662}
2026-09-24T11:16:42.304+03:00 [RX telemetry] {"data_b64":"aW50ZXJ2YWw9MTAwMHVzIERJTzA=","description":"ble:LoRa-Chatter-1B44 44:1B:F6:8D:B7:A9","device_key":"ble-address:44:1b:f6:8d:b7:a9","kind":"rx","seq":723,"session":"s1","stream":"telemetry","text":"interval=1000us DIO0","timestamp":1790237802.3032231}
2026-09-24T11:16:42.304+03:00 [RX telemetry] {"data_b64":"X1JYIGZhbHNlX2hpZ2hfZXA9MCA=","description":"ble:LoRa-Chatter-1B44 44:1B:F6:8D:B7:A9","device_key":"ble-address:44:1b:f6:8d:b7:a9","kind":"rx","seq":724,"session":"s1","stream":"telemetry","text":"_RX false_high_ep=0 ","timestamp":1790237802.3041534}
2026-09-24T11:16:42.305+03:00 [RX telemetry] {"data_b64":"aGlnaF9wb2xscz0wIHJ4ZG9uZV8=","description":"ble:LoRa-Chatter-1B44 44:1B:F6:8D:B7:A9","device_key":"ble-address:44:1b:f6:8d:b7:a9","kind":"rx","seq":725,"session":"s1","stream":"telemetry","text":"high_polls=0 rxdone_","timestamp":1790237802.3051734}
2026-09-24T11:16:42.305+03:00 [RX telemetry] {"data_b64":"bG93PTEgaXNyPWRpc2FibGVkCg==","description":"ble:LoRa-Chatter-1B44 44:1B:F6:8D:B7:A9","device_key":"ble-address:44:1b:f6:8d:b7:a9","kind":"rx","seq":726,"session":"s1","stream":"telemetry","text":"low=1 isr=disabled\n","timestamp":1790237802.3052518}
2026-09-24T11:16:42.424+03:00 [RX telemetry] {"data_b64":"UEVFUl9SRVBPUlQgb3VyX3NlcT0=","description":"ble:LoRa-Chatter-1B44 44:1B:F6:8D:B7:A9","device_key":"ble-address:44:1b:f6:8d:b7:a9","kind":"rx","seq":727,"session":"s1","stream":"telemetry","text":"PEER_REPORT our_seq=","timestamp":1790237802.4239416}
2026-09-24T11:16:42.425+03:00 [RX telemetry] {"data_b64":"MzkgVFg9LTU4LzUgUTM4Cg==","description":"ble:LoRa-Chatter-1B44 44:1B:F6:8D:B7:A9","device_key":"ble-address:44:1b:f6:8d:b7:a9","kind":"rx","seq":728,"session":"s1","stream":"telemetry","text":"39 TX=-58/5 Q38\n","timestamp":1790237802.424904}
2026-09-24T11:16:42.427+03:00 [RX telemetry] {"data_b64":"UlggSEVBUlRCRUFUIFBJTkcgc2U=","description":"ble:LoRa-Chatter-1B44 44:1B:F6:8D:B7:A9","device_key":"ble-address:44:1b:f6:8d:b7:a9","kind":"rx","seq":729,"session":"s1","stream":"telemetry","text":"RX HEARTBEAT PING se","timestamp":1790237802.426818}
2026-09-24T11:16:42.427+03:00 [RX telemetry] {"data_b64":"c3Npb249Q0NFRCBzZXE9NDIgZnI=","description":"ble:LoRa-Chatter-1B44 44:1B:F6:8D:B7:A9","device_key":"ble-address:44:1b:f6:8d:b7:a9","kind":"rx","seq":730,"session":"s1","stream":"telemetry","text":"ssion=CCED seq=42 fr","timestamp":1790237802.427387}
2026-09-24T11:16:42.428+03:00 [RX telemetry] {"data_b64":"YW1lPTEyQiBSWD0tNjAvNSBRMjg=","description":"ble:LoRa-Chatter-1B44 44:1B:F6:8D:B7:A9","device_key":"ble-address:44:1b:f6:8d:b7:a9","kind":"rx","seq":731,"session":"s1","stream":"telemetry","text":"ame=12B RX=-60/5 Q28","timestamp":1790237802.4283187}
2026-09-24T11:16:42.428+03:00 [RX telemetry] {"data_b64":"Cg==","description":"ble:LoRa-Chatter-1B44 44:1B:F6:8D:B7:A9","device_key":"ble-address:44:1b:f6:8d:b7:a9","kind":"rx","seq":732,"session":"s1","stream":"telemetry","text":"\n","timestamp":1790237802.4284153}
2026-09-24T11:16:42.447+03:00 [RX telemetry] {"data_b64":"ClRYIEhFQVJUQkVBVCBQSU5HIHM=","description":"ble:LoRa-Chatter-72E0 E0:72:A1:D5:4C:15","device_key":"ble-address:e0:72:a1:d5:4c:15","kind":"rx","seq":711,"session":"s2","stream":"telemetry","text":"\nTX HEARTBEAT PING s","timestamp":1790237802.4468303}
2026-09-24T11:16:42.448+03:00 [RX telemetry] {"data_b64":"ZXE9NDIgZnJhbWU9MTJCIHJlYXM=","description":"ble:LoRa-Chatter-72E0 E0:72:A1:D5:4C:15","device_key":"ble-address:e0:72:a1:d5:4c:15","kind":"rx","seq":712,"session":"s2","stream":"telemetry","text":"eq=42 frame=12B reas","timestamp":1790237802.4476514}
2026-09-24T11:16:42.448+03:00 [RX telemetry] {"data_b64":"b249aWRsZSBPSyB0aW1lPTEyIG0=","description":"ble:LoRa-Chatter-72E0 E0:72:A1:D5:4C:15","device_key":"ble-address:e0:72:a1:d5:4c:15","kind":"rx","seq":713,"session":"s2","stream":"telemetry","text":"on=idle OK time=12 m","timestamp":1790237802.448002}
2026-09-24T11:16:42.449+03:00 [RX telemetry] {"data_b64":"cyByZXNwb25zZTw9NzEzbXMK","description":"ble:LoRa-Chatter-72E0 E0:72:A1:D5:4C:15","device_key":"ble-address:e0:72:a1:d5:4c:15","kind":"rx","seq":714,"session":"s2","stream":"telemetry","text":"s response<=713ms\n","timestamp":1790237802.4486697}
2026-09-24T11:16:42.627+03:00 [RX telemetry] {"data_b64":"UEVFUl9SRVBPUlQgb3VyX3NlcT0=","description":"ble:LoRa-Chatter-72E0 E0:72:A1:D5:4C:15","device_key":"ble-address:e0:72:a1:d5:4c:15","kind":"rx","seq":715,"session":"s2","stream":"telemetry","text":"PEER_REPORT our_seq=","timestamp":1790237802.626781}
2026-09-24T11:16:42.627+03:00 [RX telemetry] {"data_b64":"NDIgVFg9LTYwLzUgUTI4Cg==","description":"ble:LoRa-Chatter-72E0 E0:72:A1:D5:4C:15","device_key":"ble-address:e0:72:a1:d5:4c:15","kind":"rx","seq":716,"session":"s2","stream":"telemetry","text":"42 TX=-60/5 Q28\n","timestamp":1790237802.627528}
2026-09-24T11:16:42.649+03:00 [RX telemetry] {"data_b64":"ClRYIEhFQVJUQkVBVCBQT05HIHM=","description":"ble:LoRa-Chatter-1B44 44:1B:F6:8D:B7:A9","device_key":"ble-address:44:1b:f6:8d:b7:a9","kind":"rx","seq":733,"session":"s1","stream":"telemetry","text":"\nTX HEARTBEAT PONG s","timestamp":1790237802.648823}
2026-09-24T11:16:42.650+03:00 [RX telemetry] {"data_b64":"ZXE9NDIgZnJhbWU9MTZCIHJlcXU=","description":"ble:LoRa-Chatter-1B44 44:1B:F6:8D:B7:A9","device_key":"ble-address:44:1b:f6:8d:b7:a9","kind":"rx","seq":734,"session":"s1","stream":"telemetry","text":"eq=42 frame=16B requ","timestamp":1790237802.6498234}
2026-09-24T11:16:42.651+03:00 [RX telemetry] {"data_b64":"ZXN0PUNDRUQvNDIgT0sgdGltZT0=","description":"ble:LoRa-Chatter-1B44 44:1B:F6:8D:B7:A9","device_key":"ble-address:44:1b:f6:8d:b7:a9","kind":"rx","seq":735,"session":"s1","stream":"telemetry","text":"est=CCED/42 OK time=","timestamp":1790237802.6508281}
2026-09-24T11:16:42.651+03:00 [RX telemetry] {"data_b64":"MTQgbXMK","description":"ble:LoRa-Chatter-1B44 44:1B:F6:8D:B7:A9","device_key":"ble-address:44:1b:f6:8d:b7:a9","kind":"rx","seq":736,"session":"s1","stream":"telemetry","text":"14 ms\n","timestamp":1790237802.6517222}
2026-09-24T11:16:42.672+03:00 [RX telemetry] {"data_b64":"UlggSEVBUlRCRUFUIFBPTkcgcmU=","description":"ble:LoRa-Chatter-72E0 E0:72:A1:D5:4C:15","device_key":"ble-address:e0:72:a1:d5:4c:15","kind":"rx","seq":717,"session":"s2","stream":"telemetry","text":"RX HEARTBEAT PONG re","timestamp":1790237802.6716921}
2026-09-24T11:16:42.673+03:00 [RX telemetry] {"data_b64":"cXVlc3Q9Q0NFRC80MiBmcmFtZT0=","description":"ble:LoRa-Chatter-72E0 E0:72:A1:D5:4C:15","device_key":"ble-address:e0:72:a1:d5:4c:15","kind":"rx","seq":718,"session":"s2","stream":"telemetry","text":"quest=CCED/42 frame=","timestamp":1790237802.6730418}
2026-09-24T11:16:42.673+03:00 [RX telemetry] {"data_b64":"MTZCIFJYPS01OC82IFE0MSBUWD0=","description":"ble:LoRa-Chatter-72E0 E0:72:A1:D5:4C:15","device_key":"ble-address:e0:72:a1:d5:4c:15","kind":"rx","seq":719,"session":"s2","stream":"telemetry","text":"16B RX=-58/6 Q41 TX=","timestamp":1790237802.673119}
2026-09-24T11:16:42.674+03:00 [RX telemetry] {"data_b64":"LTYwLzUgUTI4Cg==","description":"ble:LoRa-Chatter-72E0 E0:72:A1:D5:4C:15","device_key":"ble-address:e0:72:a1:d5:4c:15","kind":"rx","seq":720,"session":"s2","stream":"telemetry","text":"-60/5 Q28\n","timestamp":1790237802.673701}
2026-09-24T11:16:47.419+03:00 [RX telemetry] {"data_b64":"ClRYIEhFQVJUQkVBVCBQSU5HIHM=","description":"ble:LoRa-Chatter-1B44 44:1B:F6:8D:B7:A9","device_key":"ble-address:44:1b:f6:8d:b7:a9","kind":"rx","seq":737,"session":"s1","stream":"telemetry","text":"\nTX HEARTBEAT PING s","timestamp":1790237807.4190924}
2026-09-24T11:16:47.420+03:00 [RX telemetry] {"data_b64":"ZXE9NDMgZnJhbWU9MTJCIHJlYXM=","description":"ble:LoRa-Chatter-1B44 44:1B:F6:8D:B7:A9","device_key":"ble-address:44:1b:f6:8d:b7:a9","kind":"rx","seq":738,"session":"s1","stream":"telemetry","text":"eq=43 frame=12B reas","timestamp":1790237807.420087}
2026-09-24T11:16:47.421+03:00 [RX telemetry] {"data_b64":"b249aWRsZSBPSyB0aW1lPTEyIG0=","description":"ble:LoRa-Chatter-1B44 44:1B:F6:8D:B7:A9","device_key":"ble-address:44:1b:f6:8d:b7:a9","kind":"rx","seq":739,"session":"s1","stream":"telemetry","text":"on=idle OK time=12 m","timestamp":1790237807.4208407}
2026-09-24T11:16:47.421+03:00 [RX telemetry] {"data_b64":"cyByZXNwb25zZTw9NzEzbXMK","description":"ble:LoRa-Chatter-1B44 44:1B:F6:8D:B7:A9","device_key":"ble-address:44:1b:f6:8d:b7:a9","kind":"rx","seq":740,"session":"s1","stream":"telemetry","text":"s response<=713ms\n","timestamp":1790237807.421677}
2026-09-24T11:16:47.442+03:00 [RX telemetry] {"data_b64":"ClRYIEhFQVJUQkVBVCBQSU5HIHM=","description":"ble:LoRa-Chatter-72E0 E0:72:A1:D5:4C:15","device_key":"ble-address:e0:72:a1:d5:4c:15","kind":"rx","seq":721,"session":"s2","stream":"telemetry","text":"\nTX HEARTBEAT PING s","timestamp":1790237807.441772}
2026-09-24T11:16:47.443+03:00 [RX telemetry] {"data_b64":"ZXE9NDMgZnJhbWU9MTJCIHJlYXM=","description":"ble:LoRa-Chatter-72E0 E0:72:A1:D5:4C:15","device_key":"ble-address:e0:72:a1:d5:4c:15","kind":"rx","seq":722,"session":"s2","stream":"telemetry","text":"eq=43 frame=12B reas","timestamp":1790237807.4430628}
2026-09-24T11:16:47.444+03:00 [RX telemetry] {"data_b64":"b249aWRsZSBPSyB0aW1lPTEyIG0=","description":"ble:LoRa-Chatter-72E0 E0:72:A1:D5:4C:15","device_key":"ble-address:e0:72:a1:d5:4c:15","kind":"rx","seq":723,"session":"s2","stream":"telemetry","text":"on=idle OK time=12 m","timestamp":1790237807.443177}
2026-09-24T11:16:47.444+03:00 [RX telemetry] {"data_b64":"cyByZXNwb25zZTw9NzEzbXMK","description":"ble:LoRa-Chatter-72E0 E0:72:A1:D5:4C:15","device_key":"ble-address:e0:72:a1:d5:4c:15","kind":"rx","seq":724,"session":"s2","stream":"telemetry","text":"s response<=713ms\n","timestamp":1790237807.4438593}
2026-09-24T11:16:48.139+03:00 [RX telemetry] {"data_b64":"SEVBUlRCRUFUIFRJTUVPVVQgcmU=","description":"ble:LoRa-Chatter-1B44 44:1B:F6:8D:B7:A9","device_key":"ble-address:44:1b:f6:8d:b7:a9","kind":"rx","seq":741,"session":"s1","stream":"telemetry","text":"HEARTBEAT TIMEOUT re","timestamp":1790237808.1389775}
2026-09-24T11:16:48.140+03:00 [RX telemetry] {"data_b64":"cXVlc3Q9RTEzMC80MyBvdXRjb20=","description":"ble:LoRa-Chatter-1B44 44:1B:F6:8D:B7:A9","device_key":"ble-address:44:1b:f6:8d:b7:a9","kind":"rx","seq":742,"session":"s1","stream":"telemetry","text":"quest=E130/43 outcom","timestamp":1790237808.140023}
2026-09-24T11:16:48.141+03:00 [RX telemetry] {"data_b64":"ZT1OUlAgUlE9MjcgcGVlcl9xPWs=","description":"ble:LoRa-Chatter-1B44 44:1B:F6:8D:B7:A9","device_key":"ble-address:44:1b:f6:8d:b7:a9","kind":"rx","seq":743,"session":"s1","stream":"telemetry","text":"e=NRP RQ=27 peer_q=k","timestamp":1790237808.1410923}
2026-09-24T11:16:48.142+03:00 [RX telemetry] {"data_b64":"bm93biByZWNvdmVyeT0xIGppdHQ=","description":"ble:LoRa-Chatter-1B44 44:1B:F6:8D:B7:A9","device_key":"ble-address:44:1b:f6:8d:b7:a9","kind":"rx","seq":744,"session":"s1","stream":"telemetry","text":"nown recovery=1 jitt","timestamp":1790237808.1420243}
2026-09-24T11:16:48.142+03:00 [RX telemetry] {"data_b64":"ZXI8PTExbXMK","description":"ble:LoRa-Chatter-1B44 44:1B:F6:8D:B7:A9","device_key":"ble-address:44:1b:f6:8d:b7:a9","kind":"rx","seq":745,"session":"s1","stream":"telemetry","text":"er<=11ms\n","timestamp":1790237808.1427486}
2026-09-24T11:16:48.163+03:00 [RX telemetry] {"data_b64":"SEVBUlRCRUFUIFRJTUVPVVQgcmU=","description":"ble:LoRa-Chatter-72E0 E0:72:A1:D5:4C:15","device_key":"ble-address:e0:72:a1:d5:4c:15","kind":"rx","seq":725,"session":"s2","stream":"telemetry","text":"HEARTBEAT TIMEOUT re","timestamp":1790237808.1626933}
2026-09-24T11:16:48.164+03:00 [RX telemetry] {"data_b64":"cXVlc3Q9Q0NFRC80MyBvdXRjb20=","description":"ble:LoRa-Chatter-72E0 E0:72:A1:D5:4C:15","device_key":"ble-address:e0:72:a1:d5:4c:15","kind":"rx","seq":726,"session":"s2","stream":"telemetry","text":"quest=CCED/43 outcom","timestamp":1790237808.163674}
2026-09-24T11:16:48.165+03:00 [RX telemetry] {"data_b64":"ZT1OUlAgUlE9MzggcGVlcl9xPWs=","description":"ble:LoRa-Chatter-72E0 E0:72:A1:D5:4C:15","device_key":"ble-address:e0:72:a1:d5:4c:15","kind":"rx","seq":727,"session":"s2","stream":"telemetry","text":"e=NRP RQ=38 peer_q=k","timestamp":1790237808.1646566}
2026-09-24T11:16:48.165+03:00 [RX telemetry] {"data_b64":"bm93biByZWNvdmVyeT0xIGppdHQ=","description":"ble:LoRa-Chatter-72E0 E0:72:A1:D5:4C:15","device_key":"ble-address:e0:72:a1:d5:4c:15","kind":"rx","seq":728,"session":"s2","stream":"telemetry","text":"nown recovery=1 jitt","timestamp":1790237808.1647353}
2026-09-24T11:16:48.165+03:00 [RX telemetry] {"data_b64":"ZXI8PTExbXMK","description":"ble:LoRa-Chatter-72E0 E0:72:A1:D5:4C:15","device_key":"ble-address:e0:72:a1:d5:4c:15","kind":"rx","seq":729,"session":"s2","stream":"telemetry","text":"er<=11ms\n","timestamp":1790237808.1651938}
2026-09-24T11:16:52.438+03:00 [RX telemetry] {"data_b64":"ClRYIEhFQVJUQkVBVCBQSU5HIHM=","description":"ble:LoRa-Chatter-72E0 E0:72:A1:D5:4C:15","device_key":"ble-address:e0:72:a1:d5:4c:15","kind":"rx","seq":730,"session":"s2","stream":"telemetry","text":"\nTX HEARTBEAT PING s","timestamp":1790237812.4379485}
2026-09-24T11:16:52.439+03:00 [RX telemetry] {"data_b64":"ZXE9NDQgZnJhbWU9MTJCIHJlYXM=","description":"ble:LoRa-Chatter-72E0 E0:72:A1:D5:4C:15","device_key":"ble-address:e0:72:a1:d5:4c:15","kind":"rx","seq":731,"session":"s2","stream":"telemetry","text":"eq=44 frame=12B reas","timestamp":1790237812.4392273}
2026-09-24T11:16:52.439+03:00 [RX telemetry] {"data_b64":"b249aWRsZSBPSyB0aW1lPTEyIG0=","description":"ble:LoRa-Chatter-72E0 E0:72:A1:D5:4C:15","device_key":"ble-address:e0:72:a1:d5:4c:15","kind":"rx","seq":732,"session":"s2","stream":"telemetry","text":"on=idle OK time=12 m","timestamp":1790237812.4393277}
2026-09-24T11:16:52.440+03:00 [RX telemetry] {"data_b64":"cyByZXNwb25zZTw9NzEzbXMK","description":"ble:LoRa-Chatter-72E0 E0:72:A1:D5:4C:15","device_key":"ble-address:e0:72:a1:d5:4c:15","kind":"rx","seq":733,"session":"s2","stream":"telemetry","text":"s response<=713ms\n","timestamp":1790237812.4404967}
2026-09-24T11:16:52.459+03:00 [RX telemetry] {"data_b64":"ClRYIEhFQVJUQkVBVCBQSU5HIHM=","description":"ble:LoRa-Chatter-1B44 44:1B:F6:8D:B7:A9","device_key":"ble-address:44:1b:f6:8d:b7:a9","kind":"rx","seq":746,"session":"s1","stream":"telemetry","text":"\nTX HEARTBEAT PING s","timestamp":1790237812.458766}
2026-09-24T11:16:52.459+03:00 [RX telemetry] {"data_b64":"ZXE9NDQgZnJhbWU9MTJCIHJlYXM=","description":"ble:LoRa-Chatter-1B44 44:1B:F6:8D:B7:A9","device_key":"ble-address:44:1b:f6:8d:b7:a9","kind":"rx","seq":747,"session":"s1","stream":"telemetry","text":"eq=44 frame=12B reas","timestamp":1790237812.4596975}
2026-09-24T11:16:52.461+03:00 [RX telemetry] {"data_b64":"b249aWRsZSBPSyB0aW1lPTEyIG0=","description":"ble:LoRa-Chatter-1B44 44:1B:F6:8D:B7:A9","device_key":"ble-address:44:1b:f6:8d:b7:a9","kind":"rx","seq":748,"session":"s1","stream":"telemetry","text":"on=idle OK time=12 m","timestamp":1790237812.4617496}
2026-09-24T11:16:52.462+03:00 [RX telemetry] {"data_b64":"cyByZXNwb25zZTw9NzEzbXMK","description":"ble:LoRa-Chatter-1B44 44:1B:F6:8D:B7:A9","device_key":"ble-address:44:1b:f6:8d:b7:a9","kind":"rx","seq":749,"session":"s1","stream":"telemetry","text":"s response<=713ms\n","timestamp":1790237812.4625986}
2026-09-24T11:16:53.157+03:00 [RX telemetry] {"data_b64":"SEVBUlRCRUFUIFRJTUVPVVQgcmU=","description":"ble:LoRa-Chatter-72E0 E0:72:A1:D5:4C:15","device_key":"ble-address:e0:72:a1:d5:4c:15","kind":"rx","seq":734,"session":"s2","stream":"telemetry","text":"HEARTBEAT TIMEOUT re","timestamp":1790237813.157056}
2026-09-24T11:16:53.158+03:00 [RX telemetry] {"data_b64":"cXVlc3Q9Q0NFRC80NCBvdXRjb20=","description":"ble:LoRa-Chatter-72E0 E0:72:A1:D5:4C:15","device_key":"ble-address:e0:72:a1:d5:4c:15","kind":"rx","seq":735,"session":"s2","stream":"telemetry","text":"quest=CCED/44 outcom","timestamp":1790237813.1580782}
2026-09-24T11:16:53.159+03:00 [RX telemetry] {"data_b64":"ZT1OUlAgUlE9MzggcGVlcl9xPWs=","description":"ble:LoRa-Chatter-72E0 E0:72:A1:D5:4C:15","device_key":"ble-address:e0:72:a1:d5:4c:15","kind":"rx","seq":736,"session":"s2","stream":"telemetry","text":"e=NRP RQ=38 peer_q=k","timestamp":1790237813.158185}
2026-09-24T11:16:53.160+03:00 [RX telemetry] {"data_b64":"bm93biByZWNvdmVyeT0yIGppdHQ=","description":"ble:LoRa-Chatter-72E0 E0:72:A1:D5:4C:15","device_key":"ble-address:e0:72:a1:d5:4c:15","kind":"rx","seq":737,"session":"s2","stream":"telemetry","text":"nown recovery=2 jitt","timestamp":1790237813.1597488}
2026-09-24T11:16:53.160+03:00 [RX telemetry] {"data_b64":"ZXI8PTIybXMK","description":"ble:LoRa-Chatter-72E0 E0:72:A1:D5:4C:15","device_key":"ble-address:e0:72:a1:d5:4c:15","kind":"rx","seq":738,"session":"s2","stream":"telemetry","text":"er<=22ms\n","timestamp":1790237813.1598287}
2026-09-24T11:16:53.180+03:00 [RX telemetry] {"data_b64":"SEVBUlRCRUFUIFRJTUVPVVQgcmU=","description":"ble:LoRa-Chatter-1B44 44:1B:F6:8D:B7:A9","device_key":"ble-address:44:1b:f6:8d:b7:a9","kind":"rx","seq":750,"session":"s1","stream":"telemetry","text":"HEARTBEAT TIMEOUT re","timestamp":1790237813.1801481}
2026-09-24T11:16:53.181+03:00 [RX telemetry] {"data_b64":"cXVlc3Q9RTEzMC80NCBvdXRjb20=","description":"ble:LoRa-Chatter-1B44 44:1B:F6:8D:B7:A9","device_key":"ble-address:44:1b:f6:8d:b7:a9","kind":"rx","seq":751,"session":"s1","stream":"telemetry","text":"quest=E130/44 outcom","timestamp":1790237813.1812816}
2026-09-24T11:16:53.182+03:00 [RX telemetry] {"data_b64":"ZT1OUlAgUlE9MjYgcGVlcl9xPWs=","description":"ble:LoRa-Chatter-1B44 44:1B:F6:8D:B7:A9","device_key":"ble-address:44:1b:f6:8d:b7:a9","kind":"rx","seq":752,"session":"s1","stream":"telemetry","text":"e=NRP RQ=26 peer_q=k","timestamp":1790237813.181427}
2026-09-24T11:16:53.182+03:00 [RX telemetry] {"data_b64":"bm93biByZWNvdmVyeT0yIGppdHQ=","description":"ble:LoRa-Chatter-1B44 44:1B:F6:8D:B7:A9","device_key":"ble-address:44:1b:f6:8d:b7:a9","kind":"rx","seq":753,"session":"s1","stream":"telemetry","text":"nown recovery=2 jitt","timestamp":1790237813.1824336}
2026-09-24T11:16:53.183+03:00 [RX telemetry] {"data_b64":"ZXI8PTIybXMK","description":"ble:LoRa-Chatter-1B44 44:1B:F6:8D:B7:A9","device_key":"ble-address:44:1b:f6:8d:b7:a9","kind":"rx","seq":754,"session":"s1","stream":"telemetry","text":"er<=22ms\n","timestamp":1790237813.183237}
2026-09-24T11:16:55.836+03:00 [AGENT REQUEST] {"id":51,"op":"send_line","session":"s1","text":"/heartbeat off"}
2026-09-24T11:16:55.838+03:00 [TX] {"data_b64":"L2hlYXJ0YmVhdCBvZmYK","device_key":"ble-address:44:1b:f6:8d:b7:a9","kind":"tx","seq":755,"session":"s1","text":"/heartbeat off","timestamp":1790237815.836955,"tx_id":18,"tx_state":"queued"}
2026-09-24T11:16:55.838+03:00 [AGENT RESPONSE] {"id":51,"ok":true,"result":{"state":"queued","tx_id":18}}
2026-09-24T11:16:55.838+03:00 [AGENT REQUEST] {"id":52,"op":"send_line","session":"s2","text":"/heartbeat off"}
2026-09-24T11:16:55.840+03:00 [TX] {"data_b64":"L2hlYXJ0YmVhdCBvZmYK","device_key":"ble-address:e0:72:a1:d5:4c:15","kind":"tx","seq":739,"session":"s2","text":"/heartbeat off","timestamp":1790237815.8387907,"tx_id":18,"tx_state":"queued"}
2026-09-24T11:16:55.841+03:00 [TX] {"data_b64":"L2hlYXJ0YmVhdCBvZmYK","description":"ble:LoRa-Chatter-1B44 44:1B:F6:8D:B7:A9","device_key":"ble-address:44:1b:f6:8d:b7:a9","kind":"tx","seq":756,"session":"s1","text":"/heartbeat off","timestamp":1790237815.8400605,"tx_id":18,"tx_state":"written"}
2026-09-24T11:16:55.841+03:00 [AGENT RESPONSE] {"id":52,"ok":true,"result":{"state":"queued","tx_id":18}}
2026-09-24T11:16:55.841+03:00 [TX] {"data_b64":"L2hlYXJ0YmVhdCBvZmYK","description":"ble:LoRa-Chatter-72E0 E0:72:A1:D5:4C:15","device_key":"ble-address:e0:72:a1:d5:4c:15","kind":"tx","seq":740,"session":"s2","text":"/heartbeat off","timestamp":1790237815.8411453,"tx_id":18,"tx_state":"written"}
2026-09-24T11:16:55.842+03:00 [AGENT REQUEST] {"id":53,"op":"send_line","session":"s1","text":"/diag off"}
2026-09-24T11:16:55.843+03:00 [TX] {"data_b64":"L2RpYWcgb2ZmCg==","device_key":"ble-address:44:1b:f6:8d:b7:a9","kind":"tx","seq":757,"session":"s1","text":"/diag off","timestamp":1790237815.8422978,"tx_id":19,"tx_state":"queued"}
2026-09-24T11:16:55.843+03:00 [AGENT RESPONSE] {"id":53,"ok":true,"result":{"state":"queued","tx_id":19}}
2026-09-24T11:16:55.843+03:00 [AGENT REQUEST] {"id":54,"op":"send_line","session":"s2","text":"/diag off"}
2026-09-24T11:16:55.844+03:00 [AGENT RESPONSE] {"id":54,"ok":true,"result":{"state":"queued","tx_id":19}}
2026-09-24T11:16:55.844+03:00 [TX] {"data_b64":"L2RpYWcgb2ZmCg==","device_key":"ble-address:e0:72:a1:d5:4c:15","kind":"tx","seq":741,"session":"s2","text":"/diag off","timestamp":1790237815.8439126,"tx_id":19,"tx_state":"queued"}
2026-09-24T11:16:55.845+03:00 [AGENT REQUEST] {"id":55,"op":"send_line","session":"s1","text":"/echo-loop stop"}
2026-09-24T11:16:55.846+03:00 [AGENT RESPONSE] {"id":55,"ok":true,"result":{"state":"queued","tx_id":20}}
2026-09-24T11:16:55.847+03:00 [TX] {"data_b64":"L2RpYWcgb2ZmCg==","description":"ble:LoRa-Chatter-1B44 44:1B:F6:8D:B7:A9","device_key":"ble-address:44:1b:f6:8d:b7:a9","kind":"tx","seq":758,"session":"s1","text":"/diag off","timestamp":1790237815.845657,"tx_id":19,"tx_state":"written"}
2026-09-24T11:16:55.848+03:00 [AGENT REQUEST] {"id":56,"op":"send_line","session":"s2","text":"/echo-loop stop"}
2026-09-24T11:16:55.848+03:00 [TX] {"data_b64":"L2RpYWcgb2ZmCg==","description":"ble:LoRa-Chatter-72E0 E0:72:A1:D5:4C:15","device_key":"ble-address:e0:72:a1:d5:4c:15","kind":"tx","seq":742,"session":"s2","text":"/diag off","timestamp":1790237815.8466914,"tx_id":19,"tx_state":"written"}
2026-09-24T11:16:55.849+03:00 [TX] {"data_b64":"L2VjaG8tbG9vcCBzdG9wCg==","device_key":"ble-address:44:1b:f6:8d:b7:a9","kind":"tx","seq":759,"session":"s1","text":"/echo-loop stop","timestamp":1790237815.8460793,"tx_id":20,"tx_state":"queued"}
2026-09-24T11:16:55.850+03:00 [TX] {"data_b64":"L2VjaG8tbG9vcCBzdG9wCg==","device_key":"ble-address:e0:72:a1:d5:4c:15","kind":"tx","seq":743,"session":"s2","text":"/echo-loop stop","timestamp":1790237815.8486896,"tx_id":20,"tx_state":"queued"}
2026-09-24T11:16:55.850+03:00 [TX] {"data_b64":"L2VjaG8tbG9vcCBzdG9wCg==","description":"ble:LoRa-Chatter-1B44 44:1B:F6:8D:B7:A9","device_key":"ble-address:44:1b:f6:8d:b7:a9","kind":"tx","seq":760,"session":"s1","text":"/echo-loop stop","timestamp":1790237815.8484917,"tx_id":20,"tx_state":"written"}
2026-09-24T11:16:55.851+03:00 [AGENT RESPONSE] {"id":56,"ok":true,"result":{"state":"queued","tx_id":20}}
2026-09-24T11:16:55.851+03:00 [TX] {"data_b64":"L2VjaG8tbG9vcCBzdG9wCg==","description":"ble:LoRa-Chatter-72E0 E0:72:A1:D5:4C:15","device_key":"ble-address:e0:72:a1:d5:4c:15","kind":"tx","seq":744,"session":"s2","text":"/echo-loop stop","timestamp":1790237815.8507643,"tx_id":20,"tx_state":"written"}
2026-09-24T11:16:55.851+03:00 [AGENT REQUEST] {"id":57,"op":"send_line","session":"s1","text":"/cancel all"}
2026-09-24T11:16:55.852+03:00 [AGENT RESPONSE] {"id":57,"ok":true,"result":{"state":"queued","tx_id":21}}
2026-09-24T11:16:55.852+03:00 [AGENT REQUEST] {"id":58,"op":"send_line","session":"s2","text":"/cancel all"}
2026-09-24T11:16:55.853+03:00 [TX] {"data_b64":"L2NhbmNlbCBhbGwK","device_key":"ble-address:44:1b:f6:8d:b7:a9","kind":"tx","seq":761,"session":"s1","text":"/cancel all","timestamp":1790237815.852043,"tx_id":21,"tx_state":"queued"}
2026-09-24T11:16:55.854+03:00 [TX] {"data_b64":"L2NhbmNlbCBhbGwK","description":"ble:LoRa-Chatter-1B44 44:1B:F6:8D:B7:A9","device_key":"ble-address:44:1b:f6:8d:b7:a9","kind":"tx","seq":762,"session":"s1","text":"/cancel all","timestamp":1790237815.853816,"tx_id":21,"tx_state":"written"}
2026-09-24T11:16:55.855+03:00 [TX] {"data_b64":"L2NhbmNlbCBhbGwK","device_key":"ble-address:e0:72:a1:d5:4c:15","kind":"tx","seq":745,"session":"s2","text":"/cancel all","timestamp":1790237815.8531659,"tx_id":21,"tx_state":"queued"}
2026-09-24T11:16:55.855+03:00 [AGENT RESPONSE] {"id":58,"ok":true,"result":{"state":"queued","tx_id":21}}
2026-09-24T11:16:55.856+03:00 [TX] {"data_b64":"L2NhbmNlbCBhbGwK","description":"ble:LoRa-Chatter-72E0 E0:72:A1:D5:4C:15","device_key":"ble-address:e0:72:a1:d5:4c:15","kind":"tx","seq":746,"session":"s2","text":"/cancel all","timestamp":1790237815.8556716,"tx_id":21,"tx_state":"written"}
2026-09-24T11:16:55.856+03:00 [AGENT REQUEST] {"id":59,"op":"send_line","session":"s1","text":"/power 2"}
2026-09-24T11:16:55.857+03:00 [TX] {"data_b64":"L3Bvd2VyIDIK","device_key":"ble-address:44:1b:f6:8d:b7:a9","kind":"tx","seq":763,"session":"s1","text":"/power 2","timestamp":1790237815.856497,"tx_id":22,"tx_state":"queued"}
2026-09-24T11:16:55.857+03:00 [AGENT RESPONSE] {"id":59,"ok":true,"result":{"state":"queued","tx_id":22}}
2026-09-24T11:16:55.857+03:00 [AGENT REQUEST] {"id":60,"op":"send_line","session":"s2","text":"/power 2"}
2026-09-24T11:16:55.859+03:00 [TX] {"data_b64":"L3Bvd2VyIDIK","device_key":"ble-address:e0:72:a1:d5:4c:15","kind":"tx","seq":747,"session":"s2","text":"/power 2","timestamp":1790237815.8579862,"tx_id":22,"tx_state":"queued"}
2026-09-24T11:16:55.859+03:00 [AGENT RESPONSE] {"id":60,"ok":true,"result":{"state":"queued","tx_id":22}}
2026-09-24T11:16:55.859+03:00 [AGENT REQUEST] {"id":61,"op":"send_line","session":"s1","text":"/config"}
2026-09-24T11:16:55.860+03:00 [TX] {"data_b64":"L3Bvd2VyIDIK","description":"ble:LoRa-Chatter-1B44 44:1B:F6:8D:B7:A9","device_key":"ble-address:44:1b:f6:8d:b7:a9","kind":"tx","seq":764,"session":"s1","text":"/power 2","timestamp":1790237815.858645,"tx_id":22,"tx_state":"written"}
2026-09-24T11:16:55.861+03:00 [TX] {"data_b64":"L2NvbmZpZwo=","device_key":"ble-address:44:1b:f6:8d:b7:a9","kind":"tx","seq":765,"session":"s1","text":"/config","timestamp":1790237815.8601575,"tx_id":23,"tx_state":"queued"}
2026-09-24T11:16:55.862+03:00 [TX] {"data_b64":"L3Bvd2VyIDIK","description":"ble:LoRa-Chatter-72E0 E0:72:A1:D5:4C:15","device_key":"ble-address:e0:72:a1:d5:4c:15","kind":"tx","seq":748,"session":"s2","text":"/power 2","timestamp":1790237815.8611128,"tx_id":22,"tx_state":"written"}
2026-09-24T11:16:55.863+03:00 [AGENT RESPONSE] {"id":61,"ok":true,"result":{"state":"queued","tx_id":23}}
2026-09-24T11:16:55.863+03:00 [AGENT REQUEST] {"id":62,"op":"send_line","session":"s2","text":"/config"}
2026-09-24T11:16:55.863+03:00 [TX] {"data_b64":"L2NvbmZpZwo=","description":"ble:LoRa-Chatter-1B44 44:1B:F6:8D:B7:A9","device_key":"ble-address:44:1b:f6:8d:b7:a9","kind":"tx","seq":766,"session":"s1","text":"/config","timestamp":1790237815.8625128,"tx_id":23,"tx_state":"written"}
2026-09-24T11:16:55.864+03:00 [TX] {"data_b64":"L2NvbmZpZwo=","device_key":"ble-address:e0:72:a1:d5:4c:15","kind":"tx","seq":749,"session":"s2","text":"/config","timestamp":1790237815.8633564,"tx_id":23,"tx_state":"queued"}
2026-09-24T11:16:55.864+03:00 [AGENT RESPONSE] {"id":62,"ok":true,"result":{"state":"queued","tx_id":23}}
2026-09-24T11:16:55.865+03:00 [TX] {"data_b64":"L2NvbmZpZwo=","description":"ble:LoRa-Chatter-72E0 E0:72:A1:D5:4C:15","device_key":"ble-address:e0:72:a1:d5:4c:15","kind":"tx","seq":750,"session":"s2","text":"/config","timestamp":1790237815.8653114,"tx_id":23,"tx_state":"written"}
2026-09-24T11:16:55.902+03:00 [RX chat] {"data_b64":"W1NZU10gSEVBUlRCRUFUIE9GRgo=","description":"ble:LoRa-Chatter-72E0 E0:72:A1:D5:4C:15","device_key":"ble-address:e0:72:a1:d5:4c:15","kind":"rx","seq":751,"session":"s2","stream":"chat","text":"[SYS] HEARTBEAT OFF\n","timestamp":1790237815.9018424}
2026-09-24T11:16:55.903+03:00 [RX chat] {"data_b64":"W1NZU10gRElBRyBhbHJlYWR5IE8=","description":"ble:LoRa-Chatter-72E0 E0:72:A1:D5:4C:15","device_key":"ble-address:e0:72:a1:d5:4c:15","kind":"rx","seq":752,"session":"s2","stream":"chat","text":"[SYS] DIAG already O","timestamp":1790237815.9029174}
2026-09-24T11:16:55.904+03:00 [RX chat] {"data_b64":"RkYK","description":"ble:LoRa-Chatter-72E0 E0:72:A1:D5:4C:15","device_key":"ble-address:e0:72:a1:d5:4c:15","kind":"rx","seq":753,"session":"s2","stream":"chat","text":"FF\n","timestamp":1790237815.9035695}
2026-09-24T11:16:55.904+03:00 [RX chat] {"data_b64":"W1NZU10gRUNITyBMT09QIGFscmU=","description":"ble:LoRa-Chatter-72E0 E0:72:A1:D5:4C:15","device_key":"ble-address:e0:72:a1:d5:4c:15","kind":"rx","seq":754,"session":"s2","stream":"chat","text":"[SYS] ECHO LOOP alre","timestamp":1790237815.9041579}
2026-09-24T11:16:55.905+03:00 [RX chat] {"data_b64":"YWR5IHN0b3BwZWQK","description":"ble:LoRa-Chatter-72E0 E0:72:A1:D5:4C:15","device_key":"ble-address:e0:72:a1:d5:4c:15","kind":"rx","seq":755,"session":"s2","stream":"chat","text":"ady stopped\n","timestamp":1790237815.9045248}
2026-09-24T11:16:55.924+03:00 [RX chat] {"data_b64":"W1NZU10gSEVBUlRCRUFUIE9GRgo=","description":"ble:LoRa-Chatter-1B44 44:1B:F6:8D:B7:A9","device_key":"ble-address:44:1b:f6:8d:b7:a9","kind":"rx","seq":767,"session":"s1","stream":"chat","text":"[SYS] HEARTBEAT OFF\n","timestamp":1790237815.9237733}
2026-09-24T11:16:55.925+03:00 [RX telemetry] {"data_b64":"REVMSVZFUlkgQ0FOQ0VMIEFMTCA=","description":"ble:LoRa-Chatter-1B44 44:1B:F6:8D:B7:A9","device_key":"ble-address:44:1b:f6:8d:b7:a9","kind":"rx","seq":768,"session":"s1","stream":"telemetry","text":"DELIVERY CANCEL ALL ","timestamp":1790237815.9246092}
2026-09-24T11:16:55.925+03:00 [RX telemetry] {"data_b64":"cGVuZGluZz1ub25lIHF1ZXVlX3I=","description":"ble:LoRa-Chatter-1B44 44:1B:F6:8D:B7:A9","device_key":"ble-address:44:1b:f6:8d:b7:a9","kind":"rx","seq":769,"session":"s1","stream":"telemetry","text":"pending=none queue_r","timestamp":1790237815.9256632}
2026-09-24T11:16:55.927+03:00 [RX telemetry] {"data_b64":"ZW1vdmVkPTAK","description":"ble:LoRa-Chatter-1B44 44:1B:F6:8D:B7:A9","device_key":"ble-address:44:1b:f6:8d:b7:a9","kind":"rx","seq":770,"session":"s1","stream":"telemetry","text":"emoved=0\n","timestamp":1790237815.926698}
2026-09-24T11:16:55.927+03:00 [RX chat] {"data_b64":"W1NZU10gREVMSVZFUlkgQ0FOQ0U=","description":"ble:LoRa-Chatter-1B44 44:1B:F6:8D:B7:A9","device_key":"ble-address:44:1b:f6:8d:b7:a9","kind":"rx","seq":771,"session":"s1","stream":"chat","text":"[SYS] DELIVERY CANCE","timestamp":1790237815.9274259}
2026-09-24T11:16:55.929+03:00 [RX chat] {"data_b64":"TDogbm90aGluZyBwZW5kaW5nCg==","description":"ble:LoRa-Chatter-1B44 44:1B:F6:8D:B7:A9","device_key":"ble-address:44:1b:f6:8d:b7:a9","kind":"rx","seq":772,"session":"s1","stream":"chat","text":"L: nothing pending\n","timestamp":1790237815.928335}
2026-09-24T11:16:55.930+03:00 [RX chat] {"data_b64":"W1NZU10gRElBRyBhbHJlYWR5IE8=","description":"ble:LoRa-Chatter-1B44 44:1B:F6:8D:B7:A9","device_key":"ble-address:44:1b:f6:8d:b7:a9","kind":"rx","seq":773,"session":"s1","stream":"chat","text":"[SYS] DIAG already O","timestamp":1790237815.9295368}
2026-09-24T11:16:55.931+03:00 [RX chat] {"data_b64":"RkYK","description":"ble:LoRa-Chatter-1B44 44:1B:F6:8D:B7:A9","device_key":"ble-address:44:1b:f6:8d:b7:a9","kind":"rx","seq":774,"session":"s1","stream":"chat","text":"FF\n","timestamp":1790237815.9296403}
2026-09-24T11:16:55.932+03:00 [RX chat] {"data_b64":"W1NZU10gRUNITyBMT09QIGFscmU=","description":"ble:LoRa-Chatter-1B44 44:1B:F6:8D:B7:A9","device_key":"ble-address:44:1b:f6:8d:b7:a9","kind":"rx","seq":775,"session":"s1","stream":"chat","text":"[SYS] ECHO LOOP alre","timestamp":1790237815.9304483}
2026-09-24T11:16:55.933+03:00 [RX chat] {"data_b64":"YWR5IHN0b3BwZWQK","description":"ble:LoRa-Chatter-1B44 44:1B:F6:8D:B7:A9","device_key":"ble-address:44:1b:f6:8d:b7:a9","kind":"rx","seq":776,"session":"s1","stream":"chat","text":"ady stopped\n","timestamp":1790237815.9305062}
2026-09-24T11:16:55.933+03:00 [RX chat] {"data_b64":"W1NZU10gUE9XRVIgMiBkQm0gU0E=","description":"ble:LoRa-Chatter-1B44 44:1B:F6:8D:B7:A9","device_key":"ble-address:44:1b:f6:8d:b7:a9","kind":"rx","seq":777,"session":"s1","stream":"chat","text":"[SYS] POWER 2 dBm SA","timestamp":1790237815.9312272}
2026-09-24T11:16:55.933+03:00 [RX chat] {"data_b64":"VkVECg==","description":"ble:LoRa-Chatter-1B44 44:1B:F6:8D:B7:A9","device_key":"ble-address:44:1b:f6:8d:b7:a9","kind":"rx","seq":778,"session":"s1","stream":"chat","text":"VED\n","timestamp":1790237815.931274}
2026-09-24T11:16:55.934+03:00 [RX chat] {"data_b64":"W1NZU10gQ0ZHIHNjaGVtYT0yIHM=","description":"ble:LoRa-Chatter-1B44 44:1B:F6:8D:B7:A9","device_key":"ble-address:44:1b:f6:8d:b7:a9","kind":"rx","seq":779,"session":"s1","stream":"chat","text":"[SYS] CFG schema=2 s","timestamp":1790237815.9324806}
2026-09-24T11:16:55.934+03:00 [RX chat] {"data_b64":"dG9yYWdlPU5WUyBmcmVxX29vYj0=","description":"ble:LoRa-Chatter-1B44 44:1B:F6:8D:B7:A9","device_key":"ble-address:44:1b:f6:8d:b7:a9","kind":"rx","seq":780,"session":"s1","stream":"chat","text":"torage=NVS freq_oob=","timestamp":1790237815.9325287}
2026-09-24T11:16:55.935+03:00 [RX chat] {"data_b64":"T0ZGCg==","description":"ble:LoRa-Chatter-1B44 44:1B:F6:8D:B7:A9","device_key":"ble-address:44:1b:f6:8d:b7:a9","kind":"rx","seq":781,"session":"s1","stream":"chat","text":"OFF\n","timestamp":1790237815.9327207}
2026-09-24T11:16:55.935+03:00 [RX chat] {"data_b64":"W1NZU10gQ0ZHIFJBRElPIHBvd2U=","description":"ble:LoRa-Chatter-1B44 44:1B:F6:8D:B7:A9","device_key":"ble-address:44:1b:f6:8d:b7:a9","kind":"rx","seq":782,"session":"s1","stream":"chat","text":"[SYS] CFG RADIO powe","timestamp":1790237815.9339216}
2026-09-24T11:16:55.936+03:00 [RX chat] {"data_b64":"cj0yIGRCbSBmcmVxPTQ3MCBNSHo=","description":"ble:LoRa-Chatter-1B44 44:1B:F6:8D:B7:A9","device_key":"ble-address:44:1b:f6:8d:b7:a9","kind":"rx","seq":783,"session":"s1","stream":"chat","text":"r=2 dBm freq=470 MHz","timestamp":1790237815.934915}
2026-09-24T11:16:55.936+03:00 [RX chat] {"data_b64":"IHNmPTcgYnc9NTAwIGtIego=","description":"ble:LoRa-Chatter-1B44 44:1B:F6:8D:B7:A9","device_key":"ble-address:44:1b:f6:8d:b7:a9","kind":"rx","seq":784,"session":"s1","stream":"chat","text":" sf=7 bw=500 kHz\n","timestamp":1790237815.9350226}
2026-09-24T11:16:55.937+03:00 [RX chat] {"data_b64":"W1NZU10gQ0ZHIExJTksgaGVhcnQ=","description":"ble:LoRa-Chatter-1B44 44:1B:F6:8D:B7:A9","device_key":"ble-address:44:1b:f6:8d:b7:a9","kind":"rx","seq":785,"session":"s1","stream":"chat","text":"[SYS] CFG LINK heart","timestamp":1790237815.936956}
2026-09-24T11:16:55.937+03:00 [RX chat] {"data_b64":"YmVhdD1PRkYgcmV0cnk9T04gYXQ=","description":"ble:LoRa-Chatter-1B44 44:1B:F6:8D:B7:A9","device_key":"ble-address:44:1b:f6:8d:b7:a9","kind":"rx","seq":786,"session":"s1","stream":"chat","text":"beat=OFF retry=ON at","timestamp":1790237815.9370353}
2026-09-24T11:16:55.937+03:00 [RX chat] {"data_b64":"dGVtcHRzPTUgZGlhZz1PRkYK","description":"ble:LoRa-Chatter-1B44 44:1B:F6:8D:B7:A9","device_key":"ble-address:44:1b:f6:8d:b7:a9","kind":"rx","seq":787,"session":"s1","stream":"chat","text":"tempts=5 diag=OFF\n","timestamp":1790237815.937078}
2026-09-24T11:16:55.949+03:00 [RX telemetry] {"data_b64":"REVMSVZFUlkgQ0FOQ0VMIEFMTCA=","description":"ble:LoRa-Chatter-72E0 E0:72:A1:D5:4C:15","device_key":"ble-address:e0:72:a1:d5:4c:15","kind":"rx","seq":756,"session":"s2","stream":"telemetry","text":"DELIVERY CANCEL ALL ","timestamp":1790237815.9489202}
2026-09-24T11:16:55.950+03:00 [RX telemetry] {"data_b64":"cGVuZGluZz1ub25lIHF1ZXVlX3I=","description":"ble:LoRa-Chatter-72E0 E0:72:A1:D5:4C:15","device_key":"ble-address:e0:72:a1:d5:4c:15","kind":"rx","seq":757,"session":"s2","stream":"telemetry","text":"pending=none queue_r","timestamp":1790237815.949931}
2026-09-24T11:16:55.950+03:00 [RX telemetry] {"data_b64":"ZW1vdmVkPTAK","description":"ble:LoRa-Chatter-72E0 E0:72:A1:D5:4C:15","device_key":"ble-address:e0:72:a1:d5:4c:15","kind":"rx","seq":758,"session":"s2","stream":"telemetry","text":"emoved=0\n","timestamp":1790237815.950009}
2026-09-24T11:16:55.951+03:00 [RX chat] {"data_b64":"W1NZU10gREVMSVZFUlkgQ0FOQ0U=","description":"ble:LoRa-Chatter-72E0 E0:72:A1:D5:4C:15","device_key":"ble-address:e0:72:a1:d5:4c:15","kind":"rx","seq":759,"session":"s2","stream":"chat","text":"[SYS] DELIVERY CANCE","timestamp":1790237815.951212}
2026-09-24T11:16:55.952+03:00 [RX chat] {"data_b64":"TDogbm90aGluZyBwZW5kaW5nCg==","description":"ble:LoRa-Chatter-72E0 E0:72:A1:D5:4C:15","device_key":"ble-address:e0:72:a1:d5:4c:15","kind":"rx","seq":760,"session":"s2","stream":"chat","text":"L: nothing pending\n","timestamp":1790237815.9513614}
2026-09-24T11:16:55.953+03:00 [RX chat] {"data_b64":"W1NZU10gUE9XRVIgMiBkQm0gU0E=","description":"ble:LoRa-Chatter-72E0 E0:72:A1:D5:4C:15","device_key":"ble-address:e0:72:a1:d5:4c:15","kind":"rx","seq":761,"session":"s2","stream":"chat","text":"[SYS] POWER 2 dBm SA","timestamp":1790237815.9527915}
2026-09-24T11:16:55.953+03:00 [RX chat] {"data_b64":"VkVECg==","description":"ble:LoRa-Chatter-72E0 E0:72:A1:D5:4C:15","device_key":"ble-address:e0:72:a1:d5:4c:15","kind":"rx","seq":762,"session":"s2","stream":"chat","text":"VED\n","timestamp":1790237815.9528673}
2026-09-24T11:16:55.954+03:00 [RX chat] {"data_b64":"W1NZU10gQ0ZHIHNjaGVtYT0yIHM=","description":"ble:LoRa-Chatter-72E0 E0:72:A1:D5:4C:15","device_key":"ble-address:e0:72:a1:d5:4c:15","kind":"rx","seq":763,"session":"s2","stream":"chat","text":"[SYS] CFG schema=2 s","timestamp":1790237815.9531631}
2026-09-24T11:16:55.954+03:00 [RX chat] {"data_b64":"dG9yYWdlPU5WUyBmcmVxX29vYj0=","description":"ble:LoRa-Chatter-72E0 E0:72:A1:D5:4C:15","device_key":"ble-address:e0:72:a1:d5:4c:15","kind":"rx","seq":764,"session":"s2","stream":"chat","text":"torage=NVS freq_oob=","timestamp":1790237815.9532099}
2026-09-24T11:16:55.955+03:00 [RX chat] {"data_b64":"T0ZGCg==","description":"ble:LoRa-Chatter-72E0 E0:72:A1:D5:4C:15","device_key":"ble-address:e0:72:a1:d5:4c:15","kind":"rx","seq":765,"session":"s2","stream":"chat","text":"OFF\n","timestamp":1790237815.954923}
2026-09-24T11:16:55.956+03:00 [RX chat] {"data_b64":"W1NZU10gQ0ZHIFJBRElPIHBvd2U=","description":"ble:LoRa-Chatter-72E0 E0:72:A1:D5:4C:15","device_key":"ble-address:e0:72:a1:d5:4c:15","kind":"rx","seq":766,"session":"s2","stream":"chat","text":"[SYS] CFG RADIO powe","timestamp":1790237815.955526}
2026-09-24T11:16:55.957+03:00 [RX chat] {"data_b64":"cj0yIGRCbSBmcmVxPTQ3MCBNSHo=","description":"ble:LoRa-Chatter-72E0 E0:72:A1:D5:4C:15","device_key":"ble-address:e0:72:a1:d5:4c:15","kind":"rx","seq":767,"session":"s2","stream":"chat","text":"r=2 dBm freq=470 MHz","timestamp":1790237815.9555845}
2026-09-24T11:16:55.957+03:00 [RX chat] {"data_b64":"IHNmPTcgYnc9NTAwIGtIego=","description":"ble:LoRa-Chatter-72E0 E0:72:A1:D5:4C:15","device_key":"ble-address:e0:72:a1:d5:4c:15","kind":"rx","seq":768,"session":"s2","stream":"chat","text":" sf=7 bw=500 kHz\n","timestamp":1790237815.9556239}
2026-09-24T11:16:55.958+03:00 [RX chat] {"data_b64":"W1NZU10gQ0ZHIExJTksgaGVhcnQ=","description":"ble:LoRa-Chatter-72E0 E0:72:A1:D5:4C:15","device_key":"ble-address:e0:72:a1:d5:4c:15","kind":"rx","seq":769,"session":"s2","stream":"chat","text":"[SYS] CFG LINK heart","timestamp":1790237815.9566743}
2026-09-24T11:16:55.958+03:00 [RX chat] {"data_b64":"YmVhdD1PRkYgcmV0cnk9T04gYXQ=","description":"ble:LoRa-Chatter-72E0 E0:72:A1:D5:4C:15","device_key":"ble-address:e0:72:a1:d5:4c:15","kind":"rx","seq":770,"session":"s2","stream":"chat","text":"beat=OFF retry=ON at","timestamp":1790237815.9567366}
2026-09-24T11:16:55.958+03:00 [RX chat] {"data_b64":"dGVtcHRzPTUgZGlhZz1PRkYK","description":"ble:LoRa-Chatter-72E0 E0:72:A1:D5:4C:15","device_key":"ble-address:e0:72:a1:d5:4c:15","kind":"rx","seq":771,"session":"s2","stream":"chat","text":"tempts=5 diag=OFF\n","timestamp":1790237815.9576926}
2026-09-24T11:17:11.294+03:00 [AGENT REQUEST] {"id":63,"op":"observe","cursors":{"s1":655,"s2":639},"timeout_ms":10000}
2026-09-24T11:17:11.296+03:00 [AGENT RESPONSE] {"id":63,"ok":true,"result":{"cursors":{"s1":787,"s2":771},"lines":[{"seq_first":640,"seq_last":640,"session":"s2","stream":"telemetry","text":""},{"seq_first":640,"seq_last":643,"session":"s2","stream":"telemetry","text":"TX HEARTBEAT PING seq=37 frame=12B reason=idle OK time=12 ms response<=713ms"},{"seq_first":656,"seq_last":656,"session":"s1","stream":"telemetry","text":""},{"seq_first":656,"seq_last":659,"session":"s1","stream":"telemetry","text":"TX HEARTBEAT PING seq=37 frame=12B reason=idle OK time=12 ms response<=713ms"},{"seq_first":644,"seq_last":648,"session":"s2","stream":"telemetry","text":"HEARTBEAT TIMEOUT request=CCED/37 outcome=NRP RQ=40 peer_q=known recovery=1 jitter<=11ms"},{"seq_first":660,"seq_last":664,"session":"s1","stream":"telemetry","text":"HEARTBEAT TIMEOUT request=E130/37 outcome=NRP RQ=31 peer_q=known recovery=1 jitter<=11ms"},{"seq_first":649,"seq_last":649,"session":"s2","stream":"telemetry","text":""},{"seq_first":649,"seq_last":652,"session":"s2","stream":"telemetry","text":"TX HEARTBEAT PING seq=38 frame=12B reason=idle OK time=12 ms response<=713ms"},{"seq_first":665,"seq_last":665,"session":"s1","stream":"telemetry","text":""},{"seq_first":665,"seq_last":668,"session":"s1","stream":"telemetry","text":"TX HEARTBEAT PING seq=38 frame=12B reason=idle OK time=12 ms response<=713ms"},{"seq_first":653,"seq_last":657,"session":"s2","stream":"telemetry","text":"HEARTBEAT TIMEOUT request=CCED/38 outcome=NRP RQ=39 peer_q=known recovery=2 jitter<=22ms"},{"seq_first":669,"seq_last":673,"session":"s1","stream":"telemetry","text":"HEARTBEAT TIMEOUT request=E130/38 outcome=NRP RQ=30 peer_q=known recovery=2 jitter<=22ms"},{"seq_first":658,"seq_last":658,"session":"s2","stream":"telemetry","text":""},{"seq_first":658,"seq_last":667,"session":"s2","stream":"telemetry","text":"SESSION t=5101s TX ok=39 user=0 echo_req=0 echo_rep=0 hb=39(idle=31) err=0 started=39 RX ok=20 user=0 echo_req=0 echo_rep=0 hb=8 crc=0 hdr=0 bad=0 readerr=0 reports=20 Q=39% drops=0 fatal=0"},{"seq_first":668,"seq_last":671,"session":"s2","stream":"telemetry","text":"SESSION COURTESY window=5000ms peer_release=0 expired=0 yielding=0"},{"seq_first":672,"seq_last":676,"session":"s2","stream":"telemetry","text":"SESSION DIO0_TX affected=0/39 episodes=0 avg_all=0.00 avg_affected=0.00 high_polls=0"},{"seq_first":677,"seq_last":682,"session":"s2","stream":"telemetry","text":"SESSION RX_POLL polls=5050532 rxdone=20 interval=1000us DIO0_RX false_high_ep=0 high_polls=0 rxdone_low=1 isr=disabled"},{"seq_first":674,"seq_last":675,"session":"s1","stream":"telemetry","text":"PEER_REPORT our_seq=36 TX=-58/6 Q39"},{"seq_first":676,"seq_last":679,"session":"s1","stream":"telemetry","text":"RX HEARTBEAT PING session=CCED seq=39 frame=12B RX=-60/5 Q30"},{"seq_first":683,"seq_last":683,"session":"s2","stream":"telemetry","text":""},{"seq_first":683,"seq_last":686,"session":"s2","stream":"telemetry","text":"TX HEARTBEAT PING seq=39 frame=12B reason=idle OK time=12 ms response<=713ms"},{"seq_first":680,"seq_last":680,"session":"s1","stream":"telemetry","text":""},{"seq_first":680,"seq_last":683,"session":"s1","stream":"telemetry","text":"TX HEARTBEAT PONG seq=39 frame=16B request=CCED/39 OK time=14 ms"},{"seq_first":687,"seq_last":688,"session":"s2","stream":"telemetry","text":"PEER_REPORT our_seq=39 TX=-60/5 Q30"},{"seq_first":689,"seq_last":692,"session":"s2","stream":"telemetry","text":"RX HEARTBEAT PONG request=CCED/39 frame=16B RX=-58/5 Q41 TX=-60/5 Q30"},{"seq_first":693,"seq_last":693,"session":"s2","stream":"telemetry","text":""},{"seq_first":693,"seq_last":696,"session":"s2","stream":"telemetry","text":"TX HEARTBEAT PING seq=40 frame=12B reason=idle OK time=12 ms response<=713ms"},{"seq_first":684,"seq_last":684,"session":"s1","stream":"telemetry","text":""},{"seq_first":684,"seq_last":687,"session":"s1","stream":"telemetry","text":"TX HEARTBEAT PING seq=40 frame=12B reason=idle OK time=12 ms response<=713ms"},{"seq_first":688,"seq_last":692,"session":"s1","stream":"telemetry","text":"HEARTBEAT TIMEOUT request=E130/40 outcome=NRP RQ=29 peer_q=known recovery=1 jitter<=11ms"},{"seq_first":697,"seq_last":701,"session":"s2","stream":"telemetry","text":"HEARTBEAT TIMEOUT request=CCED/40 outcome=NRP RQ=41 peer_q=known recovery=1 jitter<=11ms"},{"seq_first":702,"seq_last":702,"session":"s2","stream":"telemetry","text":""},{"seq_first":702,"seq_last":705,"session":"s2","stream":"telemetry","text":"TX HEARTBEAT PING seq=41 frame=12B reason=idle OK time=12 ms response<=713ms"},{"seq_first":693,"seq_last":693,"session":"s1","stream":"telemetry","text":""},{"seq_first":693,"seq_last":696,"session":"s1","stream":"telemetry","text":"TX HEARTBEAT PING seq=41 frame=12B reason=idle OK time=12 ms response<=713ms"},{"seq_first":706,"seq_last":710,"session":"s2","stream":"telemetry","text":"HEARTBEAT TIMEOUT request=CCED/41 outcome=NRP RQ=38 peer_q=known recovery=2 jitter<=22ms"},{"seq_first":697,"seq_last":701,"session":"s1","stream":"telemetry","text":"HEARTBEAT TIMEOUT request=E130/41 outcome=NRP RQ=28 peer_q=known recovery=2 jitter<=22ms"},{"seq_first":702,"seq_last":702,"session":"s1","stream":"telemetry","text":""},{"seq_first":702,"seq_last":711,"session":"s1","stream":"telemetry","text":"SESSION t=5160s TX ok=42 user=0 echo_req=0 echo_rep=0 hb=42(idle=29) err=0 started=42 RX ok=21 user=0 echo_req=0 echo_rep=0 hb=13 crc=0 hdr=0 bad=1 readerr=0 reports=20 Q=28% drops=0 fatal=0"},{"seq_first":712,"seq_last":715,"session":"s1","stream":"telemetry","text":"SESSION COURTESY window=5000ms peer_release=0 expired=0 yielding=0"},{"seq_first":716,"seq_last":720,"session":"s1","stream":"telemetry","text":"SESSION DIO0_TX affected=0/42 episodes=0 avg_all=0.00 avg_affected=0.00 high_polls=0"},{"seq_first":721,"seq_last":726,"session":"s1","stream":"telemetry","text":"SESSION RX_POLL polls=5129889 rxdone=22 interval=1000us DIO0_RX false_high_ep=0 high_polls=0 rxdone_low=1 isr=disabled"},{"seq_first":727,"seq_last":728,"session":"s1","stream":"telemetry","text":"PEER_REPORT our_seq=39 TX=-58/5 Q38"},{"seq_first":729,"seq_last":732,"session":"s1","stream":"telemetry","text":"RX HEARTBEAT PING session=CCED seq=42 frame=12B RX=-60/5 Q28"},{"seq_first":711,"seq_last":711,"session":"s2","stream":"telemetry","text":""},{"seq_first":711,"seq_last":714,"session":"s2","stream":"telemetry","text":"TX HEARTBEAT PING seq=42 frame=12B reason=idle OK time=12 ms response<=713ms"},{"seq_first":715,"seq_last":716,"session":"s2","stream":"telemetry","text":"PEER_REPORT our_seq=42 TX=-60/5 Q28"},{"seq_first":733,"seq_last":733,"session":"s1","stream":"telemetry","text":""},{"seq_first":733,"seq_last":736,"session":"s1","stream":"telemetry","text":"TX HEARTBEAT PONG seq=42 frame=16B request=CCED/42 OK time=14 ms"},{"seq_first":717,"seq_last":720,"session":"s2","stream":"telemetry","text":"RX HEARTBEAT PONG request=CCED/42 frame=16B RX=-58/6 Q41 TX=-60/5 Q28"},{"seq_first":737,"seq_last":737,"session":"s1","stream":"telemetry","text":""},{"seq_first":737,"seq_last":740,"session":"s1","stream":"telemetry","text":"TX HEARTBEAT PING seq=43 frame=12B reason=idle OK time=12 ms response<=713ms"},{"seq_first":721,"seq_last":721,"session":"s2","stream":"telemetry","text":""},{"seq_first":721,"seq_last":724,"session":"s2","stream":"telemetry","text":"TX HEARTBEAT PING seq=43 frame=12B reason=idle OK time=12 ms response<=713ms"},{"seq_first":741,"seq_last":745,"session":"s1","stream":"telemetry","text":"HEARTBEAT TIMEOUT request=E130/43 outcome=NRP RQ=27 peer_q=known recovery=1 jitter<=11ms"},{"seq_first":725,"seq_last":729,"session":"s2","stream":"telemetry","text":"HEARTBEAT TIMEOUT request=CCED/43 outcome=NRP RQ=38 peer_q=known recovery=1 jitter<=11ms"},{"seq_first":730,"seq_last":730,"session":"s2","stream":"telemetry","text":""},{"seq_first":730,"seq_last":733,"session":"s2","stream":"telemetry","text":"TX HEARTBEAT PING seq=44 frame=12B reason=idle OK time=12 ms response<=713ms"},{"seq_first":746,"seq_last":746,"session":"s1","stream":"telemetry","text":""},{"seq_first":746,"seq_last":749,"session":"s1","stream":"telemetry","text":"TX HEARTBEAT PING seq=44 frame=12B reason=idle OK time=12 ms response<=713ms"},{"seq_first":734,"seq_last":738,"session":"s2","stream":"telemetry","text":"HEARTBEAT TIMEOUT request=CCED/44 outcome=NRP RQ=38 peer_q=known recovery=2 jitter<=22ms"},{"seq_first":750,"seq_last":754,"session":"s1","stream":"telemetry","text":"HEARTBEAT TIMEOUT request=E130/44 outcome=NRP RQ=26 peer_q=known recovery=2 jitter<=22ms"},{"seq_first":751,"seq_last":751,"session":"s2","stream":"chat","text":"[SYS] HEARTBEAT OFF"},{"seq_first":752,"seq_last":753,"session":"s2","stream":"chat","text":"[SYS] DIAG already OFF"},{"seq_first":754,"seq_last":755,"session":"s2","stream":"chat","text":"[SYS] ECHO LOOP already stopped"},{"seq_first":767,"seq_last":767,"session":"s1","stream":"chat","text":"[SYS] HEARTBEAT OFF"},{"seq_first":768,"seq_last":770,"session":"s1","stream":"telemetry","text":"DELIVERY CANCEL ALL pending=none queue_removed=0"},{"seq_first":771,"seq_last":772,"session":"s1","stream":"chat","text":"[SYS] DELIVERY CANCEL: nothing pending"},{"seq_first":773,"seq_last":774,"session":"s1","stream":"chat","text":"[SYS] DIAG already OFF"},{"seq_first":775,"seq_last":776,"session":"s1","stream":"chat","text":"[SYS] ECHO LOOP already stopped"},{"seq_first":777,"seq_last":778,"session":"s1","stream":"chat","text":"[SYS] POWER 2 dBm SAVED"},{"seq_first":779,"seq_last":781,"session":"s1","stream":"chat","text":"[SYS] CFG schema=2 storage=NVS freq_oob=OFF"},{"seq_first":782,"seq_last":784,"session":"s1","stream":"chat","text":"[SYS] CFG RADIO power=2 dBm freq=470 MHz sf=7 bw=500 kHz"},{"seq_first":785,"seq_last":787,"session":"s1","stream":"chat","text":"[SYS] CFG LINK heartbeat=OFF retry=ON attempts=5 diag=OFF"},{"seq_first":756,"seq_last":758,"session":"s2","stream":"telemetry","text":"DELIVERY CANCEL ALL pending=none queue_removed=0"},{"seq_first":759,"seq_last":760,"session":"s2","stream":"chat","text":"[SYS] DELIVERY CANCEL: nothing pending"},{"seq_first":761,"seq_last":762,"session":"s2","stream":"chat","text":"[SYS] POWER 2 dBm SAVED"},{"seq_first":763,"seq_last":765,"session":"s2","stream":"chat","text":"[SYS] CFG schema=2 storage=NVS freq_oob=OFF"},{"seq_first":766,"seq_last":768,"session":"s2","stream":"chat","text":"[SYS] CFG RADIO power=2 dBm freq=470 MHz sf=7 bw=500 kHz"},{"seq_first":769,"seq_last":771,"session":"s2","stream":"chat","text":"[SYS] CFG LINK heartbeat=OFF retry=ON attempts=5 diag=OFF"}],"timed_out":false}}
2026-09-24T11:17:24.027+03:00 [RX telemetry] {"data_b64":"ClNFU1NJT04gdD01MTYxcyBUWCA=","description":"ble:LoRa-Chatter-72E0 E0:72:A1:D5:4C:15","device_key":"ble-address:e0:72:a1:d5:4c:15","kind":"rx","seq":772,"session":"s2","stream":"telemetry","text":"\nSESSION t=5161s TX ","timestamp":1790237844.0270972}
2026-09-24T11:17:24.028+03:00 [RX telemetry] {"data_b64":"b2s9NDUgdXNlcj0wIGVjaG9fcmU=","description":"ble:LoRa-Chatter-72E0 E0:72:A1:D5:4C:15","device_key":"ble-address:e0:72:a1:d5:4c:15","kind":"rx","seq":773,"session":"s2","stream":"telemetry","text":"ok=45 user=0 echo_re","timestamp":1790237844.0281842}
2026-09-24T11:17:24.028+03:00 [RX telemetry] {"data_b64":"cT0wIGVjaG9fcmVwPTAgaGI9NDU=","description":"ble:LoRa-Chatter-72E0 E0:72:A1:D5:4C:15","device_key":"ble-address:e0:72:a1:d5:4c:15","kind":"rx","seq":774,"session":"s2","stream":"telemetry","text":"q=0 echo_rep=0 hb=45","timestamp":1790237844.0282538}
2026-09-24T11:17:24.029+03:00 [RX telemetry] {"data_b64":"KGlkbGU9MzcpIGVycj0wIHN0YXI=","description":"ble:LoRa-Chatter-72E0 E0:72:A1:D5:4C:15","device_key":"ble-address:e0:72:a1:d5:4c:15","kind":"rx","seq":775,"session":"s2","stream":"telemetry","text":"(idle=37) err=0 star","timestamp":1790237844.0289702}
2026-09-24T11:17:24.029+03:00 [RX telemetry] {"data_b64":"dGVkPTQ1IFJYIG9rPTIyIHVzZXI=","description":"ble:LoRa-Chatter-72E0 E0:72:A1:D5:4C:15","device_key":"ble-address:e0:72:a1:d5:4c:15","kind":"rx","seq":776,"session":"s2","stream":"telemetry","text":"ted=45 RX ok=22 user","timestamp":1790237844.0295637}
2026-09-24T11:17:24.030+03:00 [RX telemetry] {"data_b64":"PTAgZWNob19yZXE9MCBlY2hvX3I=","description":"ble:LoRa-Chatter-72E0 E0:72:A1:D5:4C:15","device_key":"ble-address:e0:72:a1:d5:4c:15","kind":"rx","seq":777,"session":"s2","stream":"telemetry","text":"=0 echo_req=0 echo_r","timestamp":1790237844.0303366}
2026-09-24T11:17:24.031+03:00 [RX telemetry] {"data_b64":"ZXA9MCBoYj04IGNyYz0wIGhkcj0=","description":"ble:LoRa-Chatter-72E0 E0:72:A1:D5:4C:15","device_key":"ble-address:e0:72:a1:d5:4c:15","kind":"rx","seq":778,"session":"s2","stream":"telemetry","text":"ep=0 hb=8 crc=0 hdr=","timestamp":1790237844.0316432}
2026-09-24T11:17:24.032+03:00 [RX telemetry] {"data_b64":"MCBiYWQ9MCByZWFkZXJyPTAgcmU=","description":"ble:LoRa-Chatter-72E0 E0:72:A1:D5:4C:15","device_key":"ble-address:e0:72:a1:d5:4c:15","kind":"rx","seq":779,"session":"s2","stream":"telemetry","text":"0 bad=0 readerr=0 re","timestamp":1790237844.03251}
2026-09-24T11:17:24.033+03:00 [RX telemetry] {"data_b64":"cG9ydHM9MjIgUT0zOCUgZHJvcHM=","description":"ble:LoRa-Chatter-72E0 E0:72:A1:D5:4C:15","device_key":"ble-address:e0:72:a1:d5:4c:15","kind":"rx","seq":780,"session":"s2","stream":"telemetry","text":"ports=22 Q=38% drops","timestamp":1790237844.0332863}
2026-09-24T11:17:24.034+03:00 [RX telemetry] {"data_b64":"PTAgZmF0YWw9MAo=","description":"ble:LoRa-Chatter-72E0 E0:72:A1:D5:4C:15","device_key":"ble-address:e0:72:a1:d5:4c:15","kind":"rx","seq":781,"session":"s2","stream":"telemetry","text":"=0 fatal=0\n","timestamp":1790237844.0343266}
2026-09-24T11:17:24.035+03:00 [RX telemetry] {"data_b64":"U0VTU0lPTiBDT1VSVEVTWSB3aW4=","description":"ble:LoRa-Chatter-72E0 E0:72:A1:D5:4C:15","device_key":"ble-address:e0:72:a1:d5:4c:15","kind":"rx","seq":782,"session":"s2","stream":"telemetry","text":"SESSION COURTESY win","timestamp":1790237844.0344355}
2026-09-24T11:17:24.035+03:00 [RX telemetry] {"data_b64":"ZG93PTUwMDBtcyBwZWVyX3JlbGU=","description":"ble:LoRa-Chatter-72E0 E0:72:A1:D5:4C:15","device_key":"ble-address:e0:72:a1:d5:4c:15","kind":"rx","seq":783,"session":"s2","stream":"telemetry","text":"dow=5000ms peer_rele","timestamp":1790237844.035331}
2026-09-24T11:17:24.036+03:00 [RX telemetry] {"data_b64":"YXNlPTAgZXhwaXJlZD0wIHlpZWw=","description":"ble:LoRa-Chatter-72E0 E0:72:A1:D5:4C:15","device_key":"ble-address:e0:72:a1:d5:4c:15","kind":"rx","seq":784,"session":"s2","stream":"telemetry","text":"ase=0 expired=0 yiel","timestamp":1790237844.0360909}
2026-09-24T11:17:24.036+03:00 [RX telemetry] {"data_b64":"ZGluZz0wCg==","description":"ble:LoRa-Chatter-72E0 E0:72:A1:D5:4C:15","device_key":"ble-address:e0:72:a1:d5:4c:15","kind":"rx","seq":785,"session":"s2","stream":"telemetry","text":"ding=0\n","timestamp":1790237844.0362823}
2026-09-24T11:17:24.037+03:00 [RX telemetry] {"data_b64":"U0VTU0lPTiBESU8wX1RYIGFmZmU=","description":"ble:LoRa-Chatter-72E0 E0:72:A1:D5:4C:15","device_key":"ble-address:e0:72:a1:d5:4c:15","kind":"rx","seq":786,"session":"s2","stream":"telemetry","text":"SESSION DIO0_TX affe","timestamp":1790237844.0372524}
2026-09-24T11:17:24.038+03:00 [RX telemetry] {"data_b64":"Y3RlZD0wLzQ1IGVwaXNvZGVzPTA=","description":"ble:LoRa-Chatter-72E0 E0:72:A1:D5:4C:15","device_key":"ble-address:e0:72:a1:d5:4c:15","kind":"rx","seq":787,"session":"s2","stream":"telemetry","text":"cted=0/45 episodes=0","timestamp":1790237844.0380528}
2026-09-24T11:17:24.039+03:00 [RX telemetry] {"data_b64":"IGF2Z19hbGw9MC4wMCBhdmdfYWY=","description":"ble:LoRa-Chatter-72E0 E0:72:A1:D5:4C:15","device_key":"ble-address:e0:72:a1:d5:4c:15","kind":"rx","seq":788,"session":"s2","stream":"telemetry","text":" avg_all=0.00 avg_af","timestamp":1790237844.0389485}
2026-09-24T11:17:24.039+03:00 [RX telemetry] {"data_b64":"ZmVjdGVkPTAuMDAgaGlnaF9wb2w=","description":"ble:LoRa-Chatter-72E0 E0:72:A1:D5:4C:15","device_key":"ble-address:e0:72:a1:d5:4c:15","kind":"rx","seq":789,"session":"s2","stream":"telemetry","text":"fected=0.00 high_pol","timestamp":1790237844.0391686}
2026-09-24T11:17:24.040+03:00 [RX telemetry] {"data_b64":"bHM9MAo=","description":"ble:LoRa-Chatter-72E0 E0:72:A1:D5:4C:15","device_key":"ble-address:e0:72:a1:d5:4c:15","kind":"rx","seq":790,"session":"s2","stream":"telemetry","text":"ls=0\n","timestamp":1790237844.040248}
2026-09-24T11:17:24.040+03:00 [RX telemetry] {"data_b64":"U0VTU0lPTiBSWF9QT0xMIHBvbGw=","description":"ble:LoRa-Chatter-72E0 E0:72:A1:D5:4C:15","device_key":"ble-address:e0:72:a1:d5:4c:15","kind":"rx","seq":791,"session":"s2","stream":"telemetry","text":"SESSION RX_POLL poll","timestamp":1790237844.040457}
2026-09-24T11:17:24.041+03:00 [RX telemetry] {"data_b64":"cz01MTEwMDEyIHJ4ZG9uZT0yMiA=","description":"ble:LoRa-Chatter-72E0 E0:72:A1:D5:4C:15","device_key":"ble-address:e0:72:a1:d5:4c:15","kind":"rx","seq":792,"session":"s2","stream":"telemetry","text":"s=5110012 rxdone=22 ","timestamp":1790237844.0415184}
2026-09-24T11:17:24.042+03:00 [RX telemetry] {"data_b64":"aW50ZXJ2YWw9MTAwMHVzIERJTzA=","description":"ble:LoRa-Chatter-72E0 E0:72:A1:D5:4C:15","device_key":"ble-address:e0:72:a1:d5:4c:15","kind":"rx","seq":793,"session":"s2","stream":"telemetry","text":"interval=1000us DIO0","timestamp":1790237844.0416183}
2026-09-24T11:17:24.042+03:00 [RX telemetry] {"data_b64":"X1JYIGZhbHNlX2hpZ2hfZXA9MCA=","description":"ble:LoRa-Chatter-72E0 E0:72:A1:D5:4C:15","device_key":"ble-address:e0:72:a1:d5:4c:15","kind":"rx","seq":794,"session":"s2","stream":"telemetry","text":"_RX false_high_ep=0 ","timestamp":1790237844.0423326}
2026-09-24T11:17:24.043+03:00 [RX telemetry] {"data_b64":"aGlnaF9wb2xscz0wIHJ4ZG9uZV8=","description":"ble:LoRa-Chatter-72E0 E0:72:A1:D5:4C:15","device_key":"ble-address:e0:72:a1:d5:4c:15","kind":"rx","seq":795,"session":"s2","stream":"telemetry","text":"high_polls=0 rxdone_","timestamp":1790237844.0431113}
2026-09-24T11:17:24.043+03:00 [RX telemetry] {"data_b64":"bG93PTEgaXNyPWRpc2FibGVkCg==","description":"ble:LoRa-Chatter-72E0 E0:72:A1:D5:4C:15","device_key":"ble-address:e0:72:a1:d5:4c:15","kind":"rx","seq":796,"session":"s2","stream":"telemetry","text":"low=1 isr=disabled\n","timestamp":1790237844.0437734}
2026-09-24T11:17:29.401+03:00 [AGENT REQUEST] {"id":64,"op":"close","session":"s1"}
2026-09-24T11:17:31.925+03:00 [STATE] {"description":"ble:LoRa-Chatter-1B44 44:1B:F6:8D:B7:A9","device_key":"ble-address:44:1b:f6:8d:b7:a9","kind":"state","seq":788,"session":"s1","state":"closed","timestamp":1790237851.9249978}
2026-09-24T11:17:31.926+03:00 [AGENT RESPONSE] {"id":64,"ok":true,"result":{"session":"s1","state":"closed"}}
2026-09-24T11:17:31.926+03:00 [AGENT REQUEST] {"id":65,"op":"close","session":"s2"}
2026-09-24T11:17:33.882+03:00 [STATE] {"description":"ble:LoRa-Chatter-72E0 E0:72:A1:D5:4C:15","device_key":"ble-address:e0:72:a1:d5:4c:15","kind":"state","seq":797,"session":"s2","state":"closed","timestamp":1790237853.8823993}
2026-09-24T11:17:33.883+03:00 [AGENT RESPONSE] {"id":65,"ok":true,"result":{"session":"s2","state":"closed"}}
2026-09-24T11:17:43.773+03:00 [RUN] {"event":"stop","pid":21306}
