2026-09-26T23:43:39.533+03:00 [RUN] {"event":"start","pid":18034}
2026-09-26T23:43:39.533+03:00 [AGENT] {"console_log_path":"/tmp/chatter-main-bw500-noatten-20260926T204334Z.console.log","event":"ready","log_path":"/tmp/chatter-main-bw500-noatten-20260926T204334Z.log"}
2026-09-26T23:43:52.998+03:00 [AGENT REQUEST] {"id":1,"op":"discover","scope":"ble"}
2026-09-26T23:43:56.048+03:00 [AGENT RESPONSE] {"id":1,"ok":true,"result":{"devices":[{"detail":"44:1B:F6:8D:B7:A9","key":"ble-address:44:1b:f6:8d:b7:a9","kind":"ble","label":"BLE  LoRa-Chatter-1B44"},{"detail":"E0:72:A1:D5:4C:15","key":"ble-address:e0:72:a1:d5:4c:15","kind":"ble","label":"BLE  LoRa-Chatter-72E0"}]}}
2026-09-26T23:44:06.362+03:00 [AGENT REQUEST] {"id":2,"op":"open","device_key":"ble-address:44:1b:f6:8d:b7:a9","profile":"chatter"}
2026-09-26T23:44:06.364+03:00 [STATE] {"description":"ble:LoRa-Chatter-1B44 44:1B:F6:8D:B7:A9","device_key":"ble-address:44:1b:f6:8d:b7:a9","kind":"state","seq":1,"session":"s1","state":"reconnecting","timestamp":1790455446.3641078}
2026-09-26T23:44:11.227+03:00 [TX] {"data_b64":"L2lkCg==","description":"ble:LoRa-Chatter-1B44 44:1B:F6:8D:B7:A9","device_key":"ble-address:44:1b:f6:8d:b7:a9","kind":"tx","seq":2,"session":"s1","timestamp":1790455451.2272077,"tx_state":"connect-preamble-written"}
2026-09-26T23:44:11.227+03:00 [STATE] {"description":"ble:LoRa-Chatter-1B44 44:1B:F6:8D:B7:A9","device_key":"ble-address:44:1b:f6:8d:b7:a9","kind":"state","seq":3,"session":"s1","state":"connected","timestamp":1790455451.2272677}
2026-09-26T23:44:11.227+03:00 [AGENT RESPONSE] {"id":2,"ok":true,"result":{"description":"ble:LoRa-Chatter-1B44 44:1B:F6:8D:B7:A9","device_key":"ble-address:44:1b:f6:8d:b7:a9","latest_seq":3,"profile":"chatter","session":"s1","state":"connected","streams":["chat","telemetry"]}}
2026-09-26T23:44:11.228+03:00 [AGENT REQUEST] {"id":3,"op":"open","device_key":"ble-address:e0:72:a1:d5:4c:15","profile":"chatter"}
2026-09-26T23:44:11.230+03:00 [STATE] {"description":"ble:LoRa-Chatter-72E0 E0:72:A1:D5:4C:15","device_key":"ble-address:e0:72:a1:d5:4c:15","kind":"state","seq":1,"session":"s2","state":"reconnecting","timestamp":1790455451.229789}
2026-09-26T23:44:11.315+03:00 [RX chat] {"data_b64":"W1NZU10gQ0hBVFRFUiBOT0RFIEw=","description":"ble:LoRa-Chatter-1B44 44:1B:F6:8D:B7:A9","device_key":"ble-address:44:1b:f6:8d:b7:a9","kind":"rx","seq":4,"session":"s1","stream":"chat","text":"[SYS] CHATTER NODE L","timestamp":1790455451.3148277}
2026-09-26T23:44:11.315+03:00 [RX chat] {"data_b64":"b1JhLUNoYXR0ZXItMUI0NAo=","description":"ble:LoRa-Chatter-1B44 44:1B:F6:8D:B7:A9","device_key":"ble-address:44:1b:f6:8d:b7:a9","kind":"rx","seq":5,"session":"s1","stream":"chat","text":"oRa-Chatter-1B44\n","timestamp":1790455451.3151183}
2026-09-26T23:44:16.092+03:00 [TX] {"data_b64":"L2lkCg==","description":"ble:LoRa-Chatter-72E0 E0:72:A1:D5:4C:15","device_key":"ble-address:e0:72:a1:d5:4c:15","kind":"tx","seq":2,"session":"s2","timestamp":1790455456.0918412,"tx_state":"connect-preamble-written"}
2026-09-26T23:44:16.092+03:00 [AGENT RESPONSE] {"id":3,"ok":true,"result":{"description":"ble:LoRa-Chatter-72E0 E0:72:A1:D5:4C:15","device_key":"ble-address:e0:72:a1:d5:4c:15","latest_seq":3,"profile":"chatter","session":"s2","state":"connected","streams":["chat","telemetry"]}}
2026-09-26T23:44:16.092+03:00 [STATE] {"description":"ble:LoRa-Chatter-72E0 E0:72:A1:D5:4C:15","device_key":"ble-address:e0:72:a1:d5:4c:15","kind":"state","seq":3,"session":"s2","state":"connected","timestamp":1790455456.0919049}
2026-09-26T23:44:16.181+03:00 [RX chat] {"data_b64":"W1NZU10gQ0hBVFRFUiBOT0RFIEw=","description":"ble:LoRa-Chatter-72E0 E0:72:A1:D5:4C:15","device_key":"ble-address:e0:72:a1:d5:4c:15","kind":"rx","seq":4,"session":"s2","stream":"chat","text":"[SYS] CHATTER NODE L","timestamp":1790455456.1808085}
2026-09-26T23:44:16.181+03:00 [RX chat] {"data_b64":"b1JhLUNoYXR0ZXItNzJFMAo=","description":"ble:LoRa-Chatter-72E0 E0:72:A1:D5:4C:15","device_key":"ble-address:e0:72:a1:d5:4c:15","kind":"rx","seq":5,"session":"s2","stream":"chat","text":"oRa-Chatter-72E0\n","timestamp":1790455456.1808877}
2026-09-26T23:44:22.265+03:00 [AGENT REQUEST] {"id":4,"op":"send_line","session":"s1","text":"/id"}
2026-09-26T23:44:22.266+03:00 [TX] {"data_b64":"L2lkCg==","device_key":"ble-address:44:1b:f6:8d:b7:a9","kind":"tx","seq":6,"session":"s1","text":"/id","timestamp":1790455462.265645,"tx_id":1,"tx_state":"queued"}
2026-09-26T23:44:22.266+03:00 [AGENT RESPONSE] {"id":4,"ok":true,"result":{"state":"queued","tx_id":1}}
2026-09-26T23:44:22.266+03:00 [AGENT REQUEST] {"id":5,"op":"send_line","session":"s1","text":"/version"}
2026-09-26T23:44:22.266+03:00 [TX] {"data_b64":"L3ZlcnNpb24K","device_key":"ble-address:44:1b:f6:8d:b7:a9","kind":"tx","seq":7,"session":"s1","text":"/version","timestamp":1790455462.2664938,"tx_id":2,"tx_state":"queued"}
2026-09-26T23:44:22.266+03:00 [AGENT RESPONSE] {"id":5,"ok":true,"result":{"state":"queued","tx_id":2}}
2026-09-26T23:44:22.266+03:00 [AGENT REQUEST] {"id":6,"op":"send_line","session":"s1","text":"/config"}
2026-09-26T23:44:22.266+03:00 [AGENT RESPONSE] {"id":6,"ok":true,"result":{"state":"queued","tx_id":3}}
2026-09-26T23:44:22.266+03:00 [AGENT REQUEST] {"id":7,"op":"send_line","session":"s2","text":"/id"}
2026-09-26T23:44:22.267+03:00 [TX] {"data_b64":"L2NvbmZpZwo=","device_key":"ble-address:44:1b:f6:8d:b7:a9","kind":"tx","seq":8,"session":"s1","text":"/config","timestamp":1790455462.266899,"tx_id":3,"tx_state":"queued"}
2026-09-26T23:44:22.267+03:00 [TX] {"data_b64":"L2lkCg==","device_key":"ble-address:e0:72:a1:d5:4c:15","kind":"tx","seq":6,"session":"s2","text":"/id","timestamp":1790455462.266998,"tx_id":1,"tx_state":"queued"}
2026-09-26T23:44:22.267+03:00 [AGENT RESPONSE] {"id":7,"ok":true,"result":{"state":"queued","tx_id":1}}
2026-09-26T23:44:22.267+03:00 [TX] {"data_b64":"L2lkCg==","description":"ble:LoRa-Chatter-1B44 44:1B:F6:8D:B7:A9","device_key":"ble-address:44:1b:f6:8d:b7:a9","kind":"tx","seq":9,"session":"s1","text":"/id","timestamp":1790455462.2670887,"tx_id":1,"tx_state":"written"}
2026-09-26T23:44:22.268+03:00 [AGENT REQUEST] {"id":8,"op":"send_line","session":"s2","text":"/version"}
2026-09-26T23:44:22.268+03:00 [TX] {"data_b64":"L3ZlcnNpb24K","description":"ble:LoRa-Chatter-1B44 44:1B:F6:8D:B7:A9","device_key":"ble-address:44:1b:f6:8d:b7:a9","kind":"tx","seq":10,"session":"s1","text":"/version","timestamp":1790455462.2677312,"tx_id":2,"tx_state":"written"}
2026-09-26T23:44:22.268+03:00 [TX] {"data_b64":"L2lkCg==","description":"ble:LoRa-Chatter-72E0 E0:72:A1:D5:4C:15","device_key":"ble-address:e0:72:a1:d5:4c:15","kind":"tx","seq":7,"session":"s2","text":"/id","timestamp":1790455462.2681131,"tx_id":1,"tx_state":"written"}
2026-09-26T23:44:22.268+03:00 [TX] {"data_b64":"L2NvbmZpZwo=","description":"ble:LoRa-Chatter-1B44 44:1B:F6:8D:B7:A9","device_key":"ble-address:44:1b:f6:8d:b7:a9","kind":"tx","seq":11,"session":"s1","text":"/config","timestamp":1790455462.2681954,"tx_id":3,"tx_state":"written"}
2026-09-26T23:44:22.268+03:00 [TX] {"data_b64":"L3ZlcnNpb24K","device_key":"ble-address:e0:72:a1:d5:4c:15","kind":"tx","seq":8,"session":"s2","text":"/version","timestamp":1790455462.268332,"tx_id":2,"tx_state":"queued"}
2026-09-26T23:44:22.268+03:00 [AGENT RESPONSE] {"id":8,"ok":true,"result":{"state":"queued","tx_id":2}}
2026-09-26T23:44:22.268+03:00 [AGENT REQUEST] {"id":9,"op":"send_line","session":"s2","text":"/config"}
2026-09-26T23:44:22.269+03:00 [AGENT RESPONSE] {"id":9,"ok":true,"result":{"state":"queued","tx_id":3}}
2026-09-26T23:44:22.269+03:00 [TX] {"data_b64":"L3ZlcnNpb24K","description":"ble:LoRa-Chatter-72E0 E0:72:A1:D5:4C:15","device_key":"ble-address:e0:72:a1:d5:4c:15","kind":"tx","seq":9,"session":"s2","text":"/version","timestamp":1790455462.268924,"tx_id":2,"tx_state":"written"}
2026-09-26T23:44:22.269+03:00 [TX] {"data_b64":"L2NvbmZpZwo=","device_key":"ble-address:e0:72:a1:d5:4c:15","kind":"tx","seq":10,"session":"s2","text":"/config","timestamp":1790455462.2689996,"tx_id":3,"tx_state":"queued"}
2026-09-26T23:44:22.269+03:00 [AGENT REQUEST] {"id":10,"op":"observe","cursors":{"s1":3,"s2":3},"timeout_ms":1000}
2026-09-26T23:44:22.269+03:00 [AGENT RESPONSE] {"id":10,"ok":true,"result":{"cursors":{"s1":11,"s2":10},"lines":[{"seq_first":4,"seq_last":5,"session":"s1","stream":"chat","text":"[SYS] CHATTER NODE LoRa-Chatter-1B44"},{"seq_first":4,"seq_last":5,"session":"s2","stream":"chat","text":"[SYS] CHATTER NODE LoRa-Chatter-72E0"}],"timed_out":false}}
2026-09-26T23:44:22.269+03:00 [TX] {"data_b64":"L2NvbmZpZwo=","description":"ble:LoRa-Chatter-72E0 E0:72:A1:D5:4C:15","device_key":"ble-address:e0:72:a1:d5:4c:15","kind":"tx","seq":11,"session":"s2","text":"/config","timestamp":1790455462.2696533,"tx_id":3,"tx_state":"written"}
2026-09-26T23:44:22.339+03:00 [RX chat] {"data_b64":"W1NZU10gQ0hBVFRFUiBOT0RFIEw=","description":"ble:LoRa-Chatter-1B44 44:1B:F6:8D:B7:A9","device_key":"ble-address:44:1b:f6:8d:b7:a9","kind":"rx","seq":12,"session":"s1","stream":"chat","text":"[SYS] CHATTER NODE L","timestamp":1790455462.3393226}
2026-09-26T23:44:22.339+03:00 [RX chat] {"data_b64":"b1JhLUNoYXR0ZXItMUI0NAo=","description":"ble:LoRa-Chatter-1B44 44:1B:F6:8D:B7:A9","device_key":"ble-address:44:1b:f6:8d:b7:a9","kind":"rx","seq":13,"session":"s1","stream":"chat","text":"oRa-Chatter-1B44\n","timestamp":1790455462.3396058}
2026-09-26T23:44:22.341+03:00 [RX chat] {"data_b64":"W1NZU10gRklSTVdBUkUgQ2hhdHQ=","description":"ble:LoRa-Chatter-1B44 44:1B:F6:8D:B7:A9","device_key":"ble-address:44:1b:f6:8d:b7:a9","kind":"rx","seq":14,"session":"s1","stream":"chat","text":"[SYS] FIRMWARE Chatt","timestamp":1790455462.3409336}
2026-09-26T23:44:22.344+03:00 [RX chat] {"data_b64":"W1NZU10gQ0hBVFRFUiBOT0RFIEw=","description":"ble:LoRa-Chatter-72E0 E0:72:A1:D5:4C:15","device_key":"ble-address:e0:72:a1:d5:4c:15","kind":"rx","seq":12,"session":"s2","stream":"chat","text":"[SYS] CHATTER NODE L","timestamp":1790455462.3439567}
2026-09-26T23:44:22.344+03:00 [RX chat] {"data_b64":"b1JhLUNoYXR0ZXItNzJFMAo=","description":"ble:LoRa-Chatter-72E0 E0:72:A1:D5:4C:15","device_key":"ble-address:e0:72:a1:d5:4c:15","kind":"rx","seq":13,"session":"s2","stream":"chat","text":"oRa-Chatter-72E0\n","timestamp":1790455462.3439956}
2026-09-26T23:44:22.344+03:00 [RX chat] {"data_b64":"W1NZU10gRklSTVdBUkUgQ2hhdHQ=","description":"ble:LoRa-Chatter-72E0 E0:72:A1:D5:4C:15","device_key":"ble-address:e0:72:a1:d5:4c:15","kind":"rx","seq":14,"session":"s2","stream":"chat","text":"[SYS] FIRMWARE Chatt","timestamp":1790455462.3442261}
2026-09-26T23:44:22.345+03:00 [RX chat] {"data_b64":"ZXIgZ2l0PWI3NmZmYTA0YWI0N2E=","description":"ble:LoRa-Chatter-72E0 E0:72:A1:D5:4C:15","device_key":"ble-address:e0:72:a1:d5:4c:15","kind":"rx","seq":15,"session":"s2","stream":"chat","text":"er git=b76ffa04ab47a","timestamp":1790455462.3457055}
2026-09-26T23:44:22.346+03:00 [RX chat] {"data_b64":"M2YzNDRiODI3MDE1OWFiMjc0MjU=","description":"ble:LoRa-Chatter-72E0 E0:72:A1:D5:4C:15","device_key":"ble-address:e0:72:a1:d5:4c:15","kind":"rx","seq":16,"session":"s2","stream":"chat","text":"3f344b8270159ab27425","timestamp":1790455462.3460367}
2026-09-26T23:44:22.346+03:00 [RX chat] {"data_b64":"NmY2ZmY2MiBzdGF0ZT1kaXJ0eSA=","description":"ble:LoRa-Chatter-72E0 E0:72:A1:D5:4C:15","device_key":"ble-address:e0:72:a1:d5:4c:15","kind":"rx","seq":17,"session":"s2","stream":"chat","text":"6f6ff62 state=dirty ","timestamp":1790455462.3460603}
2026-09-26T23:44:22.348+03:00 [RX chat] {"data_b64":"ZW52PWVzcDMyLXMzLW4xNnI4Cg==","description":"ble:LoRa-Chatter-72E0 E0:72:A1:D5:4C:15","device_key":"ble-address:e0:72:a1:d5:4c:15","kind":"rx","seq":18,"session":"s2","stream":"chat","text":"env=esp32-s3-n16r8\n","timestamp":1790455462.347799}
2026-09-26T23:44:22.348+03:00 [RX chat] {"data_b64":"W1NZU10gRklSTVdBUkUgSU1BR0U=","description":"ble:LoRa-Chatter-72E0 E0:72:A1:D5:4C:15","device_key":"ble-address:e0:72:a1:d5:4c:15","kind":"rx","seq":19,"session":"s2","stream":"chat","text":"[SYS] FIRMWARE IMAGE","timestamp":1790455462.3481338}
2026-09-26T23:44:22.348+03:00 [RX chat] {"data_b64":"IHZhbGlkYXRpb25fc2hhMjU2PTU=","description":"ble:LoRa-Chatter-72E0 E0:72:A1:D5:4C:15","device_key":"ble-address:e0:72:a1:d5:4c:15","kind":"rx","seq":20,"session":"s2","stream":"chat","text":" validation_sha256=5","timestamp":1790455462.3483095}
2026-09-26T23:44:22.349+03:00 [RX chat] {"data_b64":"YjE5NzUzOTA1Nzk0NjM1NmNiOWI=","description":"ble:LoRa-Chatter-72E0 E0:72:A1:D5:4C:15","device_key":"ble-address:e0:72:a1:d5:4c:15","kind":"rx","seq":21,"session":"s2","stream":"chat","text":"b197539057946356cb9b","timestamp":1790455462.3498445}
2026-09-26T23:44:22.350+03:00 [RX chat] {"data_b64":"Mzc5YWFmYWFhZWY5NDg3YjUwMTQ=","description":"ble:LoRa-Chatter-72E0 E0:72:A1:D5:4C:15","device_key":"ble-address:e0:72:a1:d5:4c:15","kind":"rx","seq":22,"session":"s2","stream":"chat","text":"379aafaaaef9487b5014","timestamp":1790455462.3501525}
2026-09-26T23:44:22.350+03:00 [RX chat] {"data_b64":"NTJkNWM1MGM2YWRjOWFiYzZhZWU=","description":"ble:LoRa-Chatter-72E0 E0:72:A1:D5:4C:15","device_key":"ble-address:e0:72:a1:d5:4c:15","kind":"rx","seq":23,"session":"s2","stream":"chat","text":"52d5c50c6adc9abc6aee","timestamp":1790455462.3501773}
2026-09-26T23:44:22.351+03:00 [RX chat] {"data_b64":"YTg4IHN0YXR1cz1PSyBzbG90PTA=","description":"ble:LoRa-Chatter-72E0 E0:72:A1:D5:4C:15","device_key":"ble-address:e0:72:a1:d5:4c:15","kind":"rx","seq":24,"session":"s2","stream":"chat","text":"a88 status=OK slot=0","timestamp":1790455462.351731}
2026-09-26T23:44:22.352+03:00 [RX chat] {"data_b64":"Cg==","description":"ble:LoRa-Chatter-72E0 E0:72:A1:D5:4C:15","device_key":"ble-address:e0:72:a1:d5:4c:15","kind":"rx","seq":25,"session":"s2","stream":"chat","text":"\n","timestamp":1790455462.3520644}
2026-09-26T23:44:22.352+03:00 [RX chat] {"data_b64":"W1NZU10gQlVJTEQgTUVUQSB0b28=","description":"ble:LoRa-Chatter-72E0 E0:72:A1:D5:4C:15","device_key":"ble-address:e0:72:a1:d5:4c:15","kind":"rx","seq":26,"session":"s2","stream":"chat","text":"[SYS] BUILD META too","timestamp":1790455462.3521574}
2026-09-26T23:44:22.353+03:00 [RX chat] {"data_b64":"bGNoYWluX3NoYTI1Nj1hMDg3Yzc=","description":"ble:LoRa-Chatter-72E0 E0:72:A1:D5:4C:15","device_key":"ble-address:e0:72:a1:d5:4c:15","kind":"rx","seq":27,"session":"s2","stream":"chat","text":"lchain_sha256=a087c7","timestamp":1790455462.3537025}
2026-09-26T23:44:22.354+03:00 [RX chat] {"data_b64":"M2MwMDk0ZjdkNWM3YmNlOTZkM2I=","description":"ble:LoRa-Chatter-72E0 E0:72:A1:D5:4C:15","device_key":"ble-address:e0:72:a1:d5:4c:15","kind":"rx","seq":28,"session":"s2","stream":"chat","text":"3c0094f7d5c7bce96d3b","timestamp":1790455462.3539362}
2026-09-26T23:44:22.354+03:00 [RX chat] {"data_b64":"NDRiNTM0OTM2MTUyNzE5MDczMGM=","description":"ble:LoRa-Chatter-72E0 E0:72:A1:D5:4C:15","device_key":"ble-address:e0:72:a1:d5:4c:15","kind":"rx","seq":29,"session":"s2","stream":"chat","text":"44b5349361527190730c","timestamp":1790455462.3539798}
2026-09-26T23:44:22.356+03:00 [RX chat] {"data_b64":"YWM3NmFhZjgwODcyODliYmZiIHA=","description":"ble:LoRa-Chatter-72E0 E0:72:A1:D5:4C:15","device_key":"ble-address:e0:72:a1:d5:4c:15","kind":"rx","seq":30,"session":"s2","stream":"chat","text":"ac76aaf8087289bbfb p","timestamp":1790455462.3568258}
2026-09-26T23:44:22.357+03:00 [RX chat] {"data_b64":"aW89Ni4yLjAK","description":"ble:LoRa-Chatter-72E0 E0:72:A1:D5:4C:15","device_key":"ble-address:e0:72:a1:d5:4c:15","kind":"rx","seq":31,"session":"s2","stream":"chat","text":"io=6.2.0\n","timestamp":1790455462.3570518}
2026-09-26T23:44:22.357+03:00 [RX chat] {"data_b64":"W1NZU10gQ0ZHIHNjaGVtYT0yIHM=","description":"ble:LoRa-Chatter-72E0 E0:72:A1:D5:4C:15","device_key":"ble-address:e0:72:a1:d5:4c:15","kind":"rx","seq":32,"session":"s2","stream":"chat","text":"[SYS] CFG schema=2 s","timestamp":1790455462.3572726}
2026-09-26T23:44:22.357+03:00 [RX chat] {"data_b64":"dG9yYWdlPU5WUyBmcmVxX29vYj0=","description":"ble:LoRa-Chatter-72E0 E0:72:A1:D5:4C:15","device_key":"ble-address:e0:72:a1:d5:4c:15","kind":"rx","seq":33,"session":"s2","stream":"chat","text":"torage=NVS freq_oob=","timestamp":1790455462.357417}
2026-09-26T23:44:22.357+03:00 [RX chat] {"data_b64":"T0ZGCg==","description":"ble:LoRa-Chatter-72E0 E0:72:A1:D5:4C:15","device_key":"ble-address:e0:72:a1:d5:4c:15","kind":"rx","seq":34,"session":"s2","stream":"chat","text":"OFF\n","timestamp":1790455462.3574383}
2026-09-26T23:44:22.358+03:00 [RX chat] {"data_b64":"W1NZU10gQ0ZHIFJBRElPIHBvd2U=","description":"ble:LoRa-Chatter-72E0 E0:72:A1:D5:4C:15","device_key":"ble-address:e0:72:a1:d5:4c:15","kind":"rx","seq":35,"session":"s2","stream":"chat","text":"[SYS] CFG RADIO powe","timestamp":1790455462.3587008}
2026-09-26T23:44:22.359+03:00 [RX chat] {"data_b64":"cj0yIGRCbSBmcmVxPTQ3MCBNSHo=","description":"ble:LoRa-Chatter-72E0 E0:72:A1:D5:4C:15","device_key":"ble-address:e0:72:a1:d5:4c:15","kind":"rx","seq":36,"session":"s2","stream":"chat","text":"r=2 dBm freq=470 MHz","timestamp":1790455462.3588855}
2026-09-26T23:44:22.359+03:00 [RX chat] {"data_b64":"IHNmPTEyIGJ3PTUwMCBrSHoK","description":"ble:LoRa-Chatter-72E0 E0:72:A1:D5:4C:15","device_key":"ble-address:e0:72:a1:d5:4c:15","kind":"rx","seq":37,"session":"s2","stream":"chat","text":" sf=12 bw=500 kHz\n","timestamp":1790455462.359125}
2026-09-26T23:44:22.360+03:00 [RX chat] {"data_b64":"W1NZU10gQ0ZHIExJTksgaGVhcnQ=","description":"ble:LoRa-Chatter-72E0 E0:72:A1:D5:4C:15","device_key":"ble-address:e0:72:a1:d5:4c:15","kind":"rx","seq":38,"session":"s2","stream":"chat","text":"[SYS] CFG LINK heart","timestamp":1790455462.3607006}
2026-09-26T23:44:22.361+03:00 [RX chat] {"data_b64":"YmVhdD1PRkYgcmV0cnk9T04gYXQ=","description":"ble:LoRa-Chatter-72E0 E0:72:A1:D5:4C:15","device_key":"ble-address:e0:72:a1:d5:4c:15","kind":"rx","seq":39,"session":"s2","stream":"chat","text":"beat=OFF retry=ON at","timestamp":1790455462.360984}
2026-09-26T23:44:22.361+03:00 [RX chat] {"data_b64":"dGVtcHRzPTUgZGlhZz1PRkYK","description":"ble:LoRa-Chatter-72E0 E0:72:A1:D5:4C:15","device_key":"ble-address:e0:72:a1:d5:4c:15","kind":"rx","seq":40,"session":"s2","stream":"chat","text":"tempts=5 diag=OFF\n","timestamp":1790455462.3611283}
2026-09-26T23:44:22.384+03:00 [RX chat] {"data_b64":"ZXIgZ2l0PWI3NmZmYTA0YWI0N2E=","description":"ble:LoRa-Chatter-1B44 44:1B:F6:8D:B7:A9","device_key":"ble-address:44:1b:f6:8d:b7:a9","kind":"rx","seq":15,"session":"s1","stream":"chat","text":"er git=b76ffa04ab47a","timestamp":1790455462.384363}
2026-09-26T23:44:22.384+03:00 [RX chat] {"data_b64":"M2YzNDRiODI3MDE1OWFiMjc0MjU=","description":"ble:LoRa-Chatter-1B44 44:1B:F6:8D:B7:A9","device_key":"ble-address:44:1b:f6:8d:b7:a9","kind":"rx","seq":16,"session":"s1","stream":"chat","text":"3f344b8270159ab27425","timestamp":1790455462.3844757}
2026-09-26T23:44:22.385+03:00 [RX chat] {"data_b64":"NmY2ZmY2MiBzdGF0ZT1kaXJ0eSA=","description":"ble:LoRa-Chatter-1B44 44:1B:F6:8D:B7:A9","device_key":"ble-address:44:1b:f6:8d:b7:a9","kind":"rx","seq":17,"session":"s1","stream":"chat","text":"6f6ff62 state=dirty ","timestamp":1790455462.3845086}
2026-09-26T23:44:22.431+03:00 [RX chat] {"data_b64":"ZW52PWVzcDMyLXMzLW4xNnI4Cg==","description":"ble:LoRa-Chatter-1B44 44:1B:F6:8D:B7:A9","device_key":"ble-address:44:1b:f6:8d:b7:a9","kind":"rx","seq":18,"session":"s1","stream":"chat","text":"env=esp32-s3-n16r8\n","timestamp":1790455462.4309473}
2026-09-26T23:44:22.432+03:00 [RX chat] {"data_b64":"W1NZU10gRklSTVdBUkUgSU1BR0U=","description":"ble:LoRa-Chatter-1B44 44:1B:F6:8D:B7:A9","device_key":"ble-address:44:1b:f6:8d:b7:a9","kind":"rx","seq":19,"session":"s1","stream":"chat","text":"[SYS] FIRMWARE IMAGE","timestamp":1790455462.4322028}
2026-09-26T23:44:22.432+03:00 [RX chat] {"data_b64":"IHZhbGlkYXRpb25fc2hhMjU2PTU=","description":"ble:LoRa-Chatter-1B44 44:1B:F6:8D:B7:A9","device_key":"ble-address:44:1b:f6:8d:b7:a9","kind":"rx","seq":20,"session":"s1","stream":"chat","text":" validation_sha256=5","timestamp":1790455462.4322786}
2026-09-26T23:44:22.476+03:00 [RX chat] {"data_b64":"YjE5NzUzOTA1Nzk0NjM1NmNiOWI=","description":"ble:LoRa-Chatter-1B44 44:1B:F6:8D:B7:A9","device_key":"ble-address:44:1b:f6:8d:b7:a9","kind":"rx","seq":21,"session":"s1","stream":"chat","text":"b197539057946356cb9b","timestamp":1790455462.476254}
2026-09-26T23:44:22.476+03:00 [RX chat] {"data_b64":"Mzc5YWFmYWFhZWY5NDg3YjUwMTQ=","description":"ble:LoRa-Chatter-1B44 44:1B:F6:8D:B7:A9","device_key":"ble-address:44:1b:f6:8d:b7:a9","kind":"rx","seq":22,"session":"s1","stream":"chat","text":"379aafaaaef9487b5014","timestamp":1790455462.4763415}
2026-09-26T23:44:22.477+03:00 [RX chat] {"data_b64":"NTJkNWM1MGM2YWRjOWFiYzZhZWU=","description":"ble:LoRa-Chatter-1B44 44:1B:F6:8D:B7:A9","device_key":"ble-address:44:1b:f6:8d:b7:a9","kind":"rx","seq":23,"session":"s1","stream":"chat","text":"52d5c50c6adc9abc6aee","timestamp":1790455462.476392}
2026-09-26T23:44:22.522+03:00 [RX chat] {"data_b64":"YTg4IHN0YXR1cz1PSyBzbG90PTA=","description":"ble:LoRa-Chatter-1B44 44:1B:F6:8D:B7:A9","device_key":"ble-address:44:1b:f6:8d:b7:a9","kind":"rx","seq":24,"session":"s1","stream":"chat","text":"a88 status=OK slot=0","timestamp":1790455462.5220103}
2026-09-26T23:44:22.523+03:00 [RX chat] {"data_b64":"Cg==","description":"ble:LoRa-Chatter-1B44 44:1B:F6:8D:B7:A9","device_key":"ble-address:44:1b:f6:8d:b7:a9","kind":"rx","seq":25,"session":"s1","stream":"chat","text":"\n","timestamp":1790455462.522668}
2026-09-26T23:44:22.523+03:00 [RX chat] {"data_b64":"W1NZU10gQlVJTEQgTUVUQSB0b28=","description":"ble:LoRa-Chatter-1B44 44:1B:F6:8D:B7:A9","device_key":"ble-address:44:1b:f6:8d:b7:a9","kind":"rx","seq":26,"session":"s1","stream":"chat","text":"[SYS] BUILD META too","timestamp":1790455462.5229855}
2026-09-26T23:44:22.525+03:00 [RX chat] {"data_b64":"bGNoYWluX3NoYTI1Nj1hMDg3Yzc=","description":"ble:LoRa-Chatter-1B44 44:1B:F6:8D:B7:A9","device_key":"ble-address:44:1b:f6:8d:b7:a9","kind":"rx","seq":27,"session":"s1","stream":"chat","text":"lchain_sha256=a087c7","timestamp":1790455462.525521}
2026-09-26T23:44:22.565+03:00 [RX chat] {"data_b64":"M2MwMDk0ZjdkNWM3YmNlOTZkM2I=","description":"ble:LoRa-Chatter-1B44 44:1B:F6:8D:B7:A9","device_key":"ble-address:44:1b:f6:8d:b7:a9","kind":"rx","seq":28,"session":"s1","stream":"chat","text":"3c0094f7d5c7bce96d3b","timestamp":1790455462.5650551}
2026-09-26T23:44:22.566+03:00 [RX chat] {"data_b64":"NDRiNTM0OTM2MTUyNzE5MDczMGM=","description":"ble:LoRa-Chatter-1B44 44:1B:F6:8D:B7:A9","device_key":"ble-address:44:1b:f6:8d:b7:a9","kind":"rx","seq":29,"session":"s1","stream":"chat","text":"44b5349361527190730c","timestamp":1790455462.5655472}
2026-09-26T23:44:22.566+03:00 [RX chat] {"data_b64":"YWM3NmFhZjgwODcyODliYmZiIHA=","description":"ble:LoRa-Chatter-1B44 44:1B:F6:8D:B7:A9","device_key":"ble-address:44:1b:f6:8d:b7:a9","kind":"rx","seq":30,"session":"s1","stream":"chat","text":"ac76aaf8087289bbfb p","timestamp":1790455462.565618}
2026-09-26T23:44:22.610+03:00 [RX chat] {"data_b64":"aW89Ni4yLjAK","description":"ble:LoRa-Chatter-1B44 44:1B:F6:8D:B7:A9","device_key":"ble-address:44:1b:f6:8d:b7:a9","kind":"rx","seq":31,"session":"s1","stream":"chat","text":"io=6.2.0\n","timestamp":1790455462.6101122}
2026-09-26T23:44:22.611+03:00 [RX chat] {"data_b64":"W1NZU10gQ0ZHIHNjaGVtYT0yIHM=","description":"ble:LoRa-Chatter-1B44 44:1B:F6:8D:B7:A9","device_key":"ble-address:44:1b:f6:8d:b7:a9","kind":"rx","seq":32,"session":"s1","stream":"chat","text":"[SYS] CFG schema=2 s","timestamp":1790455462.6106641}
2026-09-26T23:44:22.611+03:00 [RX chat] {"data_b64":"dG9yYWdlPU5WUyBmcmVxX29vYj0=","description":"ble:LoRa-Chatter-1B44 44:1B:F6:8D:B7:A9","device_key":"ble-address:44:1b:f6:8d:b7:a9","kind":"rx","seq":33,"session":"s1","stream":"chat","text":"torage=NVS freq_oob=","timestamp":1790455462.6111155}
2026-09-26T23:44:22.656+03:00 [RX chat] {"data_b64":"T0ZGCg==","description":"ble:LoRa-Chatter-1B44 44:1B:F6:8D:B7:A9","device_key":"ble-address:44:1b:f6:8d:b7:a9","kind":"rx","seq":34,"session":"s1","stream":"chat","text":"OFF\n","timestamp":1790455462.656119}
2026-09-26T23:44:22.658+03:00 [RX chat] {"data_b64":"W1NZU10gQ0ZHIFJBRElPIHBvd2U=","description":"ble:LoRa-Chatter-1B44 44:1B:F6:8D:B7:A9","device_key":"ble-address:44:1b:f6:8d:b7:a9","kind":"rx","seq":35,"session":"s1","stream":"chat","text":"[SYS] CFG RADIO powe","timestamp":1790455462.6572926}
2026-09-26T23:44:22.658+03:00 [RX chat] {"data_b64":"cj0yIGRCbSBmcmVxPTQ3MCBNSHo=","description":"ble:LoRa-Chatter-1B44 44:1B:F6:8D:B7:A9","device_key":"ble-address:44:1b:f6:8d:b7:a9","kind":"rx","seq":36,"session":"s1","stream":"chat","text":"r=2 dBm freq=470 MHz","timestamp":1790455462.6574008}
2026-09-26T23:44:22.659+03:00 [RX chat] {"data_b64":"IHNmPTEyIGJ3PTUwMCBrSHoK","description":"ble:LoRa-Chatter-1B44 44:1B:F6:8D:B7:A9","device_key":"ble-address:44:1b:f6:8d:b7:a9","kind":"rx","seq":37,"session":"s1","stream":"chat","text":" sf=12 bw=500 kHz\n","timestamp":1790455462.6574852}
2026-09-26T23:44:22.700+03:00 [RX chat] {"data_b64":"W1NZU10gQ0ZHIExJTksgaGVhcnQ=","description":"ble:LoRa-Chatter-1B44 44:1B:F6:8D:B7:A9","device_key":"ble-address:44:1b:f6:8d:b7:a9","kind":"rx","seq":38,"session":"s1","stream":"chat","text":"[SYS] CFG LINK heart","timestamp":1790455462.6998193}
2026-09-26T23:44:22.746+03:00 [RX chat] {"data_b64":"YmVhdD1PRkYgcmV0cnk9T04gYXQ=","description":"ble:LoRa-Chatter-1B44 44:1B:F6:8D:B7:A9","device_key":"ble-address:44:1b:f6:8d:b7:a9","kind":"rx","seq":39,"session":"s1","stream":"chat","text":"beat=OFF retry=ON at","timestamp":1790455462.746269}
2026-09-26T23:44:22.746+03:00 [RX chat] {"data_b64":"dGVtcHRzPTUgZGlhZz1PRkYK","description":"ble:LoRa-Chatter-1B44 44:1B:F6:8D:B7:A9","device_key":"ble-address:44:1b:f6:8d:b7:a9","kind":"rx","seq":40,"session":"s1","stream":"chat","text":"tempts=5 diag=OFF\n","timestamp":1790455462.7463574}
2026-09-26T23:44:35.163+03:00 [AGENT REQUEST] {"id":11,"op":"observe","cursors":{"s1":11,"s2":10},"timeout_ms":1000}
2026-09-26T23:44:35.164+03:00 [AGENT RESPONSE] {"id":11,"ok":true,"result":{"cursors":{"s1":40,"s2":40},"lines":[{"seq_first":12,"seq_last":13,"session":"s1","stream":"chat","text":"[SYS] CHATTER NODE LoRa-Chatter-1B44"},{"seq_first":12,"seq_last":13,"session":"s2","stream":"chat","text":"[SYS] CHATTER NODE LoRa-Chatter-72E0"},{"seq_first":14,"seq_last":18,"session":"s2","stream":"chat","text":"[SYS] FIRMWARE Chatter git=b76ffa04ab47a3f344b8270159ab274256f6ff62 state=dirty env=esp32-s3-n16r8"},{"seq_first":19,"seq_last":25,"session":"s2","stream":"chat","text":"[SYS] FIRMWARE IMAGE validation_sha256=5b197539057946356cb9b379aafaaaef9487b501452d5c50c6adc9abc6aeea88 status=OK slot=0"},{"seq_first":26,"seq_last":31,"session":"s2","stream":"chat","text":"[SYS] BUILD META toolchain_sha256=a087c73c0094f7d5c7bce96d3b44b5349361527190730cac76aaf8087289bbfb pio=6.2.0"},{"seq_first":32,"seq_last":34,"session":"s2","stream":"chat","text":"[SYS] CFG schema=2 storage=NVS freq_oob=OFF"},{"seq_first":35,"seq_last":37,"session":"s2","stream":"chat","text":"[SYS] CFG RADIO power=2 dBm freq=470 MHz sf=12 bw=500 kHz"},{"seq_first":38,"seq_last":40,"session":"s2","stream":"chat","text":"[SYS] CFG LINK heartbeat=OFF retry=ON attempts=5 diag=OFF"},{"seq_first":14,"seq_last":18,"session":"s1","stream":"chat","text":"[SYS] FIRMWARE Chatter git=b76ffa04ab47a3f344b8270159ab274256f6ff62 state=dirty env=esp32-s3-n16r8"},{"seq_first":19,"seq_last":25,"session":"s1","stream":"chat","text":"[SYS] FIRMWARE IMAGE validation_sha256=5b197539057946356cb9b379aafaaaef9487b501452d5c50c6adc9abc6aeea88 status=OK slot=0"},{"seq_first":26,"seq_last":31,"session":"s1","stream":"chat","text":"[SYS] BUILD META toolchain_sha256=a087c73c0094f7d5c7bce96d3b44b5349361527190730cac76aaf8087289bbfb pio=6.2.0"},{"seq_first":32,"seq_last":34,"session":"s1","stream":"chat","text":"[SYS] CFG schema=2 storage=NVS freq_oob=OFF"},{"seq_first":35,"seq_last":37,"session":"s1","stream":"chat","text":"[SYS] CFG RADIO power=2 dBm freq=470 MHz sf=12 bw=500 kHz"},{"seq_first":38,"seq_last":40,"session":"s1","stream":"chat","text":"[SYS] CFG LINK heartbeat=OFF retry=ON attempts=5 diag=OFF"}],"timed_out":false}}
2026-09-26T23:44:48.710+03:00 [AGENT REQUEST] {"id":12,"op":"observe","cursors":{"s1":40,"s2":40},"timeout_ms":1000}
2026-09-26T23:44:49.710+03:00 [AGENT RESPONSE] {"id":12,"ok":true,"result":{"cursors":{"s1":40,"s2":40},"lines":[],"timed_out":true}}
2026-09-26T23:45:04.402+03:00 [AGENT REQUEST] {"id":13,"op":"send_line","session":"s1","text":"/id"}
2026-09-26T23:45:04.402+03:00 [TX] {"data_b64":"L2lkCg==","device_key":"ble-address:44:1b:f6:8d:b7:a9","kind":"tx","seq":41,"session":"s1","text":"/id","timestamp":1790455504.402238,"tx_id":4,"tx_state":"queued"}
2026-09-26T23:45:04.402+03:00 [AGENT RESPONSE] {"id":13,"ok":true,"result":{"state":"queued","tx_id":4}}
2026-09-26T23:45:04.402+03:00 [AGENT REQUEST] {"id":14,"op":"send_line","session":"s2","text":"/id"}
2026-09-26T23:45:04.403+03:00 [TX] {"data_b64":"L2lkCg==","device_key":"ble-address:e0:72:a1:d5:4c:15","kind":"tx","seq":41,"session":"s2","text":"/id","timestamp":1790455504.4029841,"tx_id":4,"tx_state":"queued"}
2026-09-26T23:45:04.403+03:00 [AGENT RESPONSE] {"id":14,"ok":true,"result":{"state":"queued","tx_id":4}}
2026-09-26T23:45:04.403+03:00 [TX] {"data_b64":"L2lkCg==","description":"ble:LoRa-Chatter-1B44 44:1B:F6:8D:B7:A9","device_key":"ble-address:44:1b:f6:8d:b7:a9","kind":"tx","seq":42,"session":"s1","text":"/id","timestamp":1790455504.4035408,"tx_id":4,"tx_state":"written"}
2026-09-26T23:45:04.403+03:00 [AGENT REQUEST] {"id":15,"op":"observe","cursors":{"s1":40,"s2":40},"timeout_ms":1000,"include_events":true}
2026-09-26T23:45:04.404+03:00 [TX] {"data_b64":"L2lkCg==","description":"ble:LoRa-Chatter-72E0 E0:72:A1:D5:4C:15","device_key":"ble-address:e0:72:a1:d5:4c:15","kind":"tx","seq":42,"session":"s2","text":"/id","timestamp":1790455504.4037838,"tx_id":4,"tx_state":"written"}
2026-09-26T23:45:04.404+03:00 [AGENT RESPONSE] {"id":15,"ok":true,"result":{"cursors":{"s1":42,"s2":42},"events":[{"data_b64":"L2lkCg==","device_key":"ble-address:44:1b:f6:8d:b7:a9","kind":"tx","seq":41,"session":"s1","text":"/id","timestamp":1790455504.402238,"tx_id":4,"tx_state":"queued"},{"data_b64":"L2lkCg==","device_key":"ble-address:e0:72:a1:d5:4c:15","kind":"tx","seq":41,"session":"s2","text":"/id","timestamp":1790455504.4029841,"tx_id":4,"tx_state":"queued"},{"data_b64":"L2lkCg==","description":"ble:LoRa-Chatter-1B44 44:1B:F6:8D:B7:A9","device_key":"ble-address:44:1b:f6:8d:b7:a9","kind":"tx","seq":42,"session":"s1","text":"/id","timestamp":1790455504.4035408,"tx_id":4,"tx_state":"written"},{"data_b64":"L2lkCg==","description":"ble:LoRa-Chatter-72E0 E0:72:A1:D5:4C:15","device_key":"ble-address:e0:72:a1:d5:4c:15","kind":"tx","seq":42,"session":"s2","text":"/id","timestamp":1790455504.4037838,"tx_id":4,"tx_state":"written"}],"lines":[],"timed_out":false}}
2026-09-26T23:45:04.462+03:00 [RX chat] {"data_b64":"W1NZU10gQ0hBVFRFUiBOT0RFIEw=","description":"ble:LoRa-Chatter-72E0 E0:72:A1:D5:4C:15","device_key":"ble-address:e0:72:a1:d5:4c:15","kind":"rx","seq":43,"session":"s2","stream":"chat","text":"[SYS] CHATTER NODE L","timestamp":1790455504.462115}
2026-09-26T23:45:04.462+03:00 [RX chat] {"data_b64":"b1JhLUNoYXR0ZXItNzJFMAo=","description":"ble:LoRa-Chatter-72E0 E0:72:A1:D5:4C:15","device_key":"ble-address:e0:72:a1:d5:4c:15","kind":"rx","seq":44,"session":"s2","stream":"chat","text":"oRa-Chatter-72E0\n","timestamp":1790455504.4621584}
2026-09-26T23:45:04.683+03:00 [RX chat] {"data_b64":"W1NZU10gQ0hBVFRFUiBOT0RFIEw=","description":"ble:LoRa-Chatter-1B44 44:1B:F6:8D:B7:A9","device_key":"ble-address:44:1b:f6:8d:b7:a9","kind":"rx","seq":43,"session":"s1","stream":"chat","text":"[SYS] CHATTER NODE L","timestamp":1790455504.6833513}
2026-09-26T23:45:04.683+03:00 [RX chat] {"data_b64":"b1JhLUNoYXR0ZXItMUI0NAo=","description":"ble:LoRa-Chatter-1B44 44:1B:F6:8D:B7:A9","device_key":"ble-address:44:1b:f6:8d:b7:a9","kind":"rx","seq":44,"session":"s1","stream":"chat","text":"oRa-Chatter-1B44\n","timestamp":1790455504.6833982}
2026-09-26T23:45:06.306+03:00 [RX telemetry] {"data_b64":"ClNFU1NJT04gdD0zMDBzIFRYIG8=","description":"ble:LoRa-Chatter-1B44 44:1B:F6:8D:B7:A9","device_key":"ble-address:44:1b:f6:8d:b7:a9","kind":"rx","seq":45,"session":"s1","stream":"telemetry","text":"\nSESSION t=300s TX o","timestamp":1790455506.3031392}
2026-09-26T23:45:06.307+03:00 [RX telemetry] {"data_b64":"az0wIHVzZXI9MCBlY2hvX3JlcT0=","description":"ble:LoRa-Chatter-1B44 44:1B:F6:8D:B7:A9","device_key":"ble-address:44:1b:f6:8d:b7:a9","kind":"rx","seq":46,"session":"s1","stream":"telemetry","text":"k=0 user=0 echo_req=","timestamp":1790455506.3032844}
2026-09-26T23:45:06.308+03:00 [RX telemetry] {"data_b64":"MCBlY2hvX3JlcD0wIGhiPTAoaWQ=","description":"ble:LoRa-Chatter-1B44 44:1B:F6:8D:B7:A9","device_key":"ble-address:44:1b:f6:8d:b7:a9","kind":"rx","seq":47,"session":"s1","stream":"telemetry","text":"0 echo_rep=0 hb=0(id","timestamp":1790455506.3078716}
2026-09-26T23:45:06.308+03:00 [RX telemetry] {"data_b64":"bGU9MCkgZXJyPTAgc3RhcnRlZD0=","description":"ble:LoRa-Chatter-1B44 44:1B:F6:8D:B7:A9","device_key":"ble-address:44:1b:f6:8d:b7:a9","kind":"rx","seq":48,"session":"s1","stream":"telemetry","text":"le=0) err=0 started=","timestamp":1790455506.3079755}
2026-09-26T23:45:06.309+03:00 [RX telemetry] {"data_b64":"MCBSWCBvaz0wIHVzZXI9MCBlY2g=","description":"ble:LoRa-Chatter-1B44 44:1B:F6:8D:B7:A9","device_key":"ble-address:44:1b:f6:8d:b7:a9","kind":"rx","seq":49,"session":"s1","stream":"telemetry","text":"0 RX ok=0 user=0 ech","timestamp":1790455506.3080657}
2026-09-26T23:45:06.310+03:00 [RX telemetry] {"data_b64":"b19yZXE9MCBlY2hvX3JlcD0wIGg=","description":"ble:LoRa-Chatter-1B44 44:1B:F6:8D:B7:A9","device_key":"ble-address:44:1b:f6:8d:b7:a9","kind":"rx","seq":50,"session":"s1","stream":"telemetry","text":"o_req=0 echo_rep=0 h","timestamp":1790455506.3081322}
2026-09-26T23:45:06.310+03:00 [RX telemetry] {"data_b64":"Yj0wIGNyYz0wIGhkcj0wIGJhZD0=","description":"ble:LoRa-Chatter-1B44 44:1B:F6:8D:B7:A9","device_key":"ble-address:44:1b:f6:8d:b7:a9","kind":"rx","seq":51,"session":"s1","stream":"telemetry","text":"b=0 crc=0 hdr=0 bad=","timestamp":1790455506.3081934}
2026-09-26T23:45:06.310+03:00 [RX telemetry] {"data_b64":"MCByZWFkZXJyPTAgcmVwb3J0cz0=","description":"ble:LoRa-Chatter-1B44 44:1B:F6:8D:B7:A9","device_key":"ble-address:44:1b:f6:8d:b7:a9","kind":"rx","seq":52,"session":"s1","stream":"telemetry","text":"0 readerr=0 reports=","timestamp":1790455506.3082547}
2026-09-26T23:45:06.310+03:00 [RX telemetry] {"data_b64":"MCBRPTAlIGRyb3BzPTAgZmF0YWw=","description":"ble:LoRa-Chatter-1B44 44:1B:F6:8D:B7:A9","device_key":"ble-address:44:1b:f6:8d:b7:a9","kind":"rx","seq":53,"session":"s1","stream":"telemetry","text":"0 Q=0% drops=0 fatal","timestamp":1790455506.3100207}
2026-09-26T23:45:06.310+03:00 [RX telemetry] {"data_b64":"PTAK","description":"ble:LoRa-Chatter-1B44 44:1B:F6:8D:B7:A9","device_key":"ble-address:44:1b:f6:8d:b7:a9","kind":"rx","seq":54,"session":"s1","stream":"telemetry","text":"=0\n","timestamp":1790455506.3100758}
2026-09-26T23:45:06.310+03:00 [RX telemetry] {"data_b64":"U0VTU0lPTiBDT1VSVEVTWSB3aW4=","description":"ble:LoRa-Chatter-1B44 44:1B:F6:8D:B7:A9","device_key":"ble-address:44:1b:f6:8d:b7:a9","kind":"rx","seq":55,"session":"s1","stream":"telemetry","text":"SESSION COURTESY win","timestamp":1790455506.3101232}
2026-09-26T23:45:06.349+03:00 [RX telemetry] {"data_b64":"ZG93PTUwMDBtcyBwZWVyX3JlbGU=","description":"ble:LoRa-Chatter-1B44 44:1B:F6:8D:B7:A9","device_key":"ble-address:44:1b:f6:8d:b7:a9","kind":"rx","seq":56,"session":"s1","stream":"telemetry","text":"dow=5000ms peer_rele","timestamp":1790455506.3488452}
2026-09-26T23:45:06.350+03:00 [RX telemetry] {"data_b64":"YXNlPTAgZXhwaXJlZD0wIHlpZWw=","description":"ble:LoRa-Chatter-1B44 44:1B:F6:8D:B7:A9","device_key":"ble-address:44:1b:f6:8d:b7:a9","kind":"rx","seq":57,"session":"s1","stream":"telemetry","text":"ase=0 expired=0 yiel","timestamp":1790455506.3496976}
2026-09-26T23:45:06.351+03:00 [RX telemetry] {"data_b64":"ZGluZz0wCg==","description":"ble:LoRa-Chatter-1B44 44:1B:F6:8D:B7:A9","device_key":"ble-address:44:1b:f6:8d:b7:a9","kind":"rx","seq":58,"session":"s1","stream":"telemetry","text":"ding=0\n","timestamp":1790455506.3504677}
2026-09-26T23:45:06.351+03:00 [RX telemetry] {"data_b64":"U0VTU0lPTiBESU8wX1RYIGFmZmU=","description":"ble:LoRa-Chatter-1B44 44:1B:F6:8D:B7:A9","device_key":"ble-address:44:1b:f6:8d:b7:a9","kind":"rx","seq":59,"session":"s1","stream":"telemetry","text":"SESSION DIO0_TX affe","timestamp":1790455506.3512967}
2026-09-26T23:45:06.351+03:00 [RX telemetry] {"data_b64":"Y3RlZD0wLzAgZXBpc29kZXM9MCA=","description":"ble:LoRa-Chatter-1B44 44:1B:F6:8D:B7:A9","device_key":"ble-address:44:1b:f6:8d:b7:a9","kind":"rx","seq":60,"session":"s1","stream":"telemetry","text":"cted=0/0 episodes=0 ","timestamp":1790455506.3513875}
2026-09-26T23:45:06.353+03:00 [RX telemetry] {"data_b64":"YXZnX2FsbD0wLjAwIGF2Z19hZmY=","description":"ble:LoRa-Chatter-1B44 44:1B:F6:8D:B7:A9","device_key":"ble-address:44:1b:f6:8d:b7:a9","kind":"rx","seq":61,"session":"s1","stream":"telemetry","text":"avg_all=0.00 avg_aff","timestamp":1790455506.3523943}
2026-09-26T23:45:06.353+03:00 [RX telemetry] {"data_b64":"ZWN0ZWQ9MC4wMCBoaWdoX3BvbGw=","description":"ble:LoRa-Chatter-1B44 44:1B:F6:8D:B7:A9","device_key":"ble-address:44:1b:f6:8d:b7:a9","kind":"rx","seq":62,"session":"s1","stream":"telemetry","text":"ected=0.00 high_poll","timestamp":1790455506.3529341}
2026-09-26T23:45:06.354+03:00 [RX telemetry] {"data_b64":"cz0wCg==","description":"ble:LoRa-Chatter-1B44 44:1B:F6:8D:B7:A9","device_key":"ble-address:44:1b:f6:8d:b7:a9","kind":"rx","seq":63,"session":"s1","stream":"telemetry","text":"s=0\n","timestamp":1790455506.3540998}
2026-09-26T23:45:06.354+03:00 [RX telemetry] {"data_b64":"U0VTU0lPTiBSWF9QT0xMIHBvbGw=","description":"ble:LoRa-Chatter-1B44 44:1B:F6:8D:B7:A9","device_key":"ble-address:44:1b:f6:8d:b7:a9","kind":"rx","seq":64,"session":"s1","stream":"telemetry","text":"SESSION RX_POLL poll","timestamp":1790455506.3541968}
2026-09-26T23:45:06.355+03:00 [RX telemetry] {"data_b64":"cz0yOTM2NTcgcnhkb25lPTAgaW4=","description":"ble:LoRa-Chatter-1B44 44:1B:F6:8D:B7:A9","device_key":"ble-address:44:1b:f6:8d:b7:a9","kind":"rx","seq":65,"session":"s1","stream":"telemetry","text":"s=293657 rxdone=0 in","timestamp":1790455506.3542614}
2026-09-26T23:45:06.356+03:00 [RX telemetry] {"data_b64":"dGVydmFsPTEwMDB1cyBESU8wX1I=","description":"ble:LoRa-Chatter-1B44 44:1B:F6:8D:B7:A9","device_key":"ble-address:44:1b:f6:8d:b7:a9","kind":"rx","seq":66,"session":"s1","stream":"telemetry","text":"terval=1000us DIO0_R","timestamp":1790455506.356054}
2026-09-26T23:45:06.356+03:00 [RX telemetry] {"data_b64":"WCBmYWxzZV9oaWdoX2VwPTAgaGk=","description":"ble:LoRa-Chatter-1B44 44:1B:F6:8D:B7:A9","device_key":"ble-address:44:1b:f6:8d:b7:a9","kind":"rx","seq":67,"session":"s1","stream":"telemetry","text":"X false_high_ep=0 hi","timestamp":1790455506.356155}
2026-09-26T23:45:06.357+03:00 [RX telemetry] {"data_b64":"Z2hfcG9sbHM9MCByeGRvbmVfbG8=","description":"ble:LoRa-Chatter-1B44 44:1B:F6:8D:B7:A9","device_key":"ble-address:44:1b:f6:8d:b7:a9","kind":"rx","seq":68,"session":"s1","stream":"telemetry","text":"gh_polls=0 rxdone_lo","timestamp":1790455506.3562226}
2026-09-26T23:45:06.357+03:00 [RX telemetry] {"data_b64":"dz0wIGlzcj1kaXNhYmxlZAo=","description":"ble:LoRa-Chatter-1B44 44:1B:F6:8D:B7:A9","device_key":"ble-address:44:1b:f6:8d:b7:a9","kind":"rx","seq":69,"session":"s1","stream":"telemetry","text":"w=0 isr=disabled\n","timestamp":1790455506.3567986}
2026-09-26T23:45:06.442+03:00 [RX telemetry] {"data_b64":"ClNFU1NJT04gdD01NzAwcyBUWCA=","description":"ble:LoRa-Chatter-72E0 E0:72:A1:D5:4C:15","device_key":"ble-address:e0:72:a1:d5:4c:15","kind":"rx","seq":45,"session":"s2","stream":"telemetry","text":"\nSESSION t=5700s TX ","timestamp":1790455506.442286}
2026-09-26T23:45:06.442+03:00 [RX telemetry] {"data_b64":"b2s9NCB1c2VyPTIgZWNob19yZXE=","description":"ble:LoRa-Chatter-72E0 E0:72:A1:D5:4C:15","device_key":"ble-address:e0:72:a1:d5:4c:15","kind":"rx","seq":46,"session":"s2","stream":"telemetry","text":"ok=4 user=2 echo_req","timestamp":1790455506.442364}
2026-09-26T23:45:06.442+03:00 [RX telemetry] {"data_b64":"PTAgZWNob19yZXA9MCBoYj0wKGk=","description":"ble:LoRa-Chatter-72E0 E0:72:A1:D5:4C:15","device_key":"ble-address:e0:72:a1:d5:4c:15","kind":"rx","seq":47,"session":"s2","stream":"telemetry","text":"=0 echo_rep=0 hb=0(i","timestamp":1790455506.4426737}
2026-09-26T23:45:06.443+03:00 [RX telemetry] {"data_b64":"ZGxlPTApIGVycj0wIHN0YXJ0ZWQ=","description":"ble:LoRa-Chatter-72E0 E0:72:A1:D5:4C:15","device_key":"ble-address:e0:72:a1:d5:4c:15","kind":"rx","seq":48,"session":"s2","stream":"telemetry","text":"dle=0) err=0 started","timestamp":1790455506.4437568}
2026-09-26T23:45:06.444+03:00 [RX telemetry] {"data_b64":"PTQgUlggb2s9NCB1c2VyPTIgZWM=","description":"ble:LoRa-Chatter-72E0 E0:72:A1:D5:4C:15","device_key":"ble-address:e0:72:a1:d5:4c:15","kind":"rx","seq":49,"session":"s2","stream":"telemetry","text":"=4 RX ok=4 user=2 ec","timestamp":1790455506.4441178}
2026-09-26T23:45:06.444+03:00 [RX telemetry] {"data_b64":"aG9fcmVxPTAgZWNob19yZXA9MCA=","description":"ble:LoRa-Chatter-72E0 E0:72:A1:D5:4C:15","device_key":"ble-address:e0:72:a1:d5:4c:15","kind":"rx","seq":50,"session":"s2","stream":"telemetry","text":"ho_req=0 echo_rep=0 ","timestamp":1790455506.4441419}
2026-09-26T23:45:06.445+03:00 [RX telemetry] {"data_b64":"aGI9MCBjcmM9MCBoZHI9MCBiYWQ=","description":"ble:LoRa-Chatter-72E0 E0:72:A1:D5:4C:15","device_key":"ble-address:e0:72:a1:d5:4c:15","kind":"rx","seq":51,"session":"s2","stream":"telemetry","text":"hb=0 crc=0 hdr=0 bad","timestamp":1790455506.4457047}
2026-09-26T23:45:06.446+03:00 [RX telemetry] {"data_b64":"PTQgcmVhZGVycj0wIHJlcG9ydHM=","description":"ble:LoRa-Chatter-72E0 E0:72:A1:D5:4C:15","device_key":"ble-address:e0:72:a1:d5:4c:15","kind":"rx","seq":52,"session":"s2","stream":"telemetry","text":"=4 readerr=0 reports","timestamp":1790455506.4460375}
2026-09-26T23:45:06.446+03:00 [RX telemetry] {"data_b64":"PTIgUT0xMDAlIGRyb3BzPTAgZmE=","description":"ble:LoRa-Chatter-72E0 E0:72:A1:D5:4C:15","device_key":"ble-address:e0:72:a1:d5:4c:15","kind":"rx","seq":53,"session":"s2","stream":"telemetry","text":"=2 Q=100% drops=0 fa","timestamp":1790455506.4460585}
2026-09-26T23:45:06.447+03:00 [RX telemetry] {"data_b64":"dGFsPTAK","description":"ble:LoRa-Chatter-72E0 E0:72:A1:D5:4C:15","device_key":"ble-address:e0:72:a1:d5:4c:15","kind":"rx","seq":54,"session":"s2","stream":"telemetry","text":"tal=0\n","timestamp":1790455506.4477053}
2026-09-26T23:45:06.447+03:00 [RX telemetry] {"data_b64":"U0VTU0lPTiBDT1VSVEVTWSB3aW4=","description":"ble:LoRa-Chatter-72E0 E0:72:A1:D5:4C:15","device_key":"ble-address:e0:72:a1:d5:4c:15","kind":"rx","seq":55,"session":"s2","stream":"telemetry","text":"SESSION COURTESY win","timestamp":1790455506.4478862}
2026-09-26T23:45:06.448+03:00 [RX telemetry] {"data_b64":"ZG93PTUwMDBtcyBwZWVyX3JlbGU=","description":"ble:LoRa-Chatter-72E0 E0:72:A1:D5:4C:15","device_key":"ble-address:e0:72:a1:d5:4c:15","kind":"rx","seq":56,"session":"s2","stream":"telemetry","text":"dow=5000ms peer_rele","timestamp":1790455506.448089}
2026-09-26T23:45:06.488+03:00 [RX telemetry] {"data_b64":"YXNlPTAgZXhwaXJlZD0wIHlpZWw=","description":"ble:LoRa-Chatter-72E0 E0:72:A1:D5:4C:15","device_key":"ble-address:e0:72:a1:d5:4c:15","kind":"rx","seq":57,"session":"s2","stream":"telemetry","text":"ase=0 expired=0 yiel","timestamp":1790455506.4884858}
2026-09-26T23:45:06.488+03:00 [RX telemetry] {"data_b64":"ZGluZz0wCg==","description":"ble:LoRa-Chatter-72E0 E0:72:A1:D5:4C:15","device_key":"ble-address:e0:72:a1:d5:4c:15","kind":"rx","seq":58,"session":"s2","stream":"telemetry","text":"ding=0\n","timestamp":1790455506.4885302}
2026-09-26T23:45:06.488+03:00 [RX telemetry] {"data_b64":"U0VTU0lPTiBESU8wX1RYIGFmZmU=","description":"ble:LoRa-Chatter-72E0 E0:72:A1:D5:4C:15","device_key":"ble-address:e0:72:a1:d5:4c:15","kind":"rx","seq":59,"session":"s2","stream":"telemetry","text":"SESSION DIO0_TX affe","timestamp":1790455506.4885619}
2026-09-26T23:45:06.489+03:00 [RX telemetry] {"data_b64":"Y3RlZD0wLzQgZXBpc29kZXM9MCA=","description":"ble:LoRa-Chatter-72E0 E0:72:A1:D5:4C:15","device_key":"ble-address:e0:72:a1:d5:4c:15","kind":"rx","seq":60,"session":"s2","stream":"telemetry","text":"cted=0/4 episodes=0 ","timestamp":1790455506.4889371}
2026-09-26T23:45:06.489+03:00 [RX telemetry] {"data_b64":"YXZnX2FsbD0wLjAwIGF2Z19hZmY=","description":"ble:LoRa-Chatter-72E0 E0:72:A1:D5:4C:15","device_key":"ble-address:e0:72:a1:d5:4c:15","kind":"rx","seq":61,"session":"s2","stream":"telemetry","text":"avg_all=0.00 avg_aff","timestamp":1790455506.4889562}
2026-09-26T23:45:06.489+03:00 [RX telemetry] {"data_b64":"ZWN0ZWQ9MC4wMCBoaWdoX3BvbGw=","description":"ble:LoRa-Chatter-72E0 E0:72:A1:D5:4C:15","device_key":"ble-address:e0:72:a1:d5:4c:15","kind":"rx","seq":62,"session":"s2","stream":"telemetry","text":"ected=0.00 high_poll","timestamp":1790455506.4898067}
2026-09-26T23:45:06.490+03:00 [RX telemetry] {"data_b64":"cz0wCg==","description":"ble:LoRa-Chatter-72E0 E0:72:A1:D5:4C:15","device_key":"ble-address:e0:72:a1:d5:4c:15","kind":"rx","seq":63,"session":"s2","stream":"telemetry","text":"s=0\n","timestamp":1790455506.4900265}
2026-09-26T23:45:06.490+03:00 [RX telemetry] {"data_b64":"U0VTU0lPTiBSWF9QT0xMIHBvbGw=","description":"ble:LoRa-Chatter-72E0 E0:72:A1:D5:4C:15","device_key":"ble-address:e0:72:a1:d5:4c:15","kind":"rx","seq":64,"session":"s2","stream":"telemetry","text":"SESSION RX_POLL poll","timestamp":1790455506.4901838}
2026-09-26T23:45:06.491+03:00 [RX telemetry] {"data_b64":"cz00ODA2OTUyIHJ4ZG9uZT04IGk=","description":"ble:LoRa-Chatter-72E0 E0:72:A1:D5:4C:15","device_key":"ble-address:e0:72:a1:d5:4c:15","kind":"rx","seq":65,"session":"s2","stream":"telemetry","text":"s=4806952 rxdone=8 i","timestamp":1790455506.4918}
2026-09-26T23:45:06.492+03:00 [RX telemetry] {"data_b64":"bnRlcnZhbD0xMDAwdXMgRElPMF8=","description":"ble:LoRa-Chatter-72E0 E0:72:A1:D5:4C:15","device_key":"ble-address:e0:72:a1:d5:4c:15","kind":"rx","seq":66,"session":"s2","stream":"telemetry","text":"nterval=1000us DIO0_","timestamp":1790455506.4920592}
2026-09-26T23:45:06.492+03:00 [RX telemetry] {"data_b64":"UlggZmFsc2VfaGlnaF9lcD0wIGg=","description":"ble:LoRa-Chatter-72E0 E0:72:A1:D5:4C:15","device_key":"ble-address:e0:72:a1:d5:4c:15","kind":"rx","seq":67,"session":"s2","stream":"telemetry","text":"RX false_high_ep=0 h","timestamp":1790455506.4920921}
2026-09-26T23:45:06.493+03:00 [RX telemetry] {"data_b64":"aWdoX3BvbGxzPTAgcnhkb25lX2w=","description":"ble:LoRa-Chatter-72E0 E0:72:A1:D5:4C:15","device_key":"ble-address:e0:72:a1:d5:4c:15","kind":"rx","seq":68,"session":"s2","stream":"telemetry","text":"igh_polls=0 rxdone_l","timestamp":1790455506.4937298}
2026-09-26T23:45:06.494+03:00 [RX telemetry] {"data_b64":"b3c9MCBpc3I9ZGlzYWJsZWQK","description":"ble:LoRa-Chatter-72E0 E0:72:A1:D5:4C:15","device_key":"ble-address:e0:72:a1:d5:4c:15","kind":"rx","seq":69,"session":"s2","stream":"telemetry","text":"ow=0 isr=disabled\n","timestamp":1790455506.4939458}
2026-09-26T23:45:19.440+03:00 [AGENT REQUEST] {"id":16,"op":"observe","cursors":{"s1":42,"s2":42},"timeout_ms":1000}
2026-09-26T23:45:19.441+03:00 [AGENT RESPONSE] {"id":16,"ok":true,"result":{"cursors":{"s1":69,"s2":69},"lines":[{"seq_first":43,"seq_last":44,"session":"s2","stream":"chat","text":"[SYS] CHATTER NODE LoRa-Chatter-72E0"},{"seq_first":43,"seq_last":44,"session":"s1","stream":"chat","text":"[SYS] CHATTER NODE LoRa-Chatter-1B44"},{"seq_first":45,"seq_last":45,"session":"s1","stream":"telemetry","text":""},{"seq_first":45,"seq_last":54,"session":"s1","stream":"telemetry","text":"SESSION t=300s TX ok=0 user=0 echo_req=0 echo_rep=0 hb=0(idle=0) err=0 started=0 RX ok=0 user=0 echo_req=0 echo_rep=0 hb=0 crc=0 hdr=0 bad=0 readerr=0 reports=0 Q=0% drops=0 fatal=0"},{"seq_first":55,"seq_last":58,"session":"s1","stream":"telemetry","text":"SESSION COURTESY window=5000ms peer_release=0 expired=0 yielding=0"},{"seq_first":59,"seq_last":63,"session":"s1","stream":"telemetry","text":"SESSION DIO0_TX affected=0/0 episodes=0 avg_all=0.00 avg_affected=0.00 high_polls=0"},{"seq_first":64,"seq_last":69,"session":"s1","stream":"telemetry","text":"SESSION RX_POLL polls=293657 rxdone=0 interval=1000us DIO0_RX false_high_ep=0 high_polls=0 rxdone_low=0 isr=disabled"},{"seq_first":45,"seq_last":45,"session":"s2","stream":"telemetry","text":""},{"seq_first":45,"seq_last":54,"session":"s2","stream":"telemetry","text":"SESSION t=5700s TX ok=4 user=2 echo_req=0 echo_rep=0 hb=0(idle=0) err=0 started=4 RX ok=4 user=2 echo_req=0 echo_rep=0 hb=0 crc=0 hdr=0 bad=4 readerr=0 reports=2 Q=100% drops=0 fatal=0"},{"seq_first":55,"seq_last":58,"session":"s2","stream":"telemetry","text":"SESSION COURTESY window=5000ms peer_release=0 expired=0 yielding=0"},{"seq_first":59,"seq_last":63,"session":"s2","stream":"telemetry","text":"SESSION DIO0_TX affected=0/4 episodes=0 avg_all=0.00 avg_affected=0.00 high_polls=0"},{"seq_first":64,"seq_last":69,"session":"s2","stream":"telemetry","text":"SESSION RX_POLL polls=4806952 rxdone=8 interval=1000us DIO0_RX false_high_ep=0 high_polls=0 rxdone_low=0 isr=disabled"}],"timed_out":false}}
2026-09-26T23:46:01.694+03:00 [AGENT REQUEST] {"id":17,"op":"send_line","session":"s1","text":"/heartbeat off"}
2026-09-26T23:46:01.695+03:00 [TX] {"data_b64":"L2hlYXJ0YmVhdCBvZmYK","device_key":"ble-address:44:1b:f6:8d:b7:a9","kind":"tx","seq":70,"session":"s1","text":"/heartbeat off","timestamp":1790455561.694911,"tx_id":5,"tx_state":"queued"}
2026-09-26T23:46:01.695+03:00 [AGENT RESPONSE] {"id":17,"ok":true,"result":{"state":"queued","tx_id":5}}
2026-09-26T23:46:01.695+03:00 [AGENT REQUEST] {"id":18,"op":"send_line","session":"s1","text":"/diag off"}
2026-09-26T23:46:01.695+03:00 [TX] {"data_b64":"L2RpYWcgb2ZmCg==","device_key":"ble-address:44:1b:f6:8d:b7:a9","kind":"tx","seq":71,"session":"s1","text":"/diag off","timestamp":1790455561.6956563,"tx_id":6,"tx_state":"queued"}
2026-09-26T23:46:01.695+03:00 [AGENT RESPONSE] {"id":18,"ok":true,"result":{"state":"queued","tx_id":6}}
2026-09-26T23:46:01.696+03:00 [TX] {"data_b64":"L2hlYXJ0YmVhdCBvZmYK","description":"ble:LoRa-Chatter-1B44 44:1B:F6:8D:B7:A9","device_key":"ble-address:44:1b:f6:8d:b7:a9","kind":"tx","seq":72,"session":"s1","text":"/heartbeat off","timestamp":1790455561.6959498,"tx_id":5,"tx_state":"written"}
2026-09-26T23:46:01.696+03:00 [AGENT REQUEST] {"id":19,"op":"send_line","session":"s1","text":"/echo-loop stop"}
2026-09-26T23:46:01.696+03:00 [AGENT RESPONSE] {"id":19,"ok":true,"result":{"state":"queued","tx_id":7}}
2026-09-26T23:46:01.696+03:00 [TX] {"data_b64":"L2VjaG8tbG9vcCBzdG9wCg==","device_key":"ble-address:44:1b:f6:8d:b7:a9","kind":"tx","seq":73,"session":"s1","text":"/echo-loop stop","timestamp":1790455561.6963243,"tx_id":7,"tx_state":"queued"}
2026-09-26T23:46:01.696+03:00 [AGENT REQUEST] {"id":20,"op":"send_line","session":"s2","text":"/heartbeat off"}
2026-09-26T23:46:01.696+03:00 [TX] {"data_b64":"L2RpYWcgb2ZmCg==","description":"ble:LoRa-Chatter-1B44 44:1B:F6:8D:B7:A9","device_key":"ble-address:44:1b:f6:8d:b7:a9","kind":"tx","seq":74,"session":"s1","text":"/diag off","timestamp":1790455561.6965113,"tx_id":6,"tx_state":"written"}
2026-09-26T23:46:01.697+03:00 [TX] {"data_b64":"L2hlYXJ0YmVhdCBvZmYK","device_key":"ble-address:e0:72:a1:d5:4c:15","kind":"tx","seq":70,"session":"s2","text":"/heartbeat off","timestamp":1790455561.696806,"tx_id":5,"tx_state":"queued"}
2026-09-26T23:46:01.697+03:00 [TX] {"data_b64":"L2VjaG8tbG9vcCBzdG9wCg==","description":"ble:LoRa-Chatter-1B44 44:1B:F6:8D:B7:A9","device_key":"ble-address:44:1b:f6:8d:b7:a9","kind":"tx","seq":75,"session":"s1","text":"/echo-loop stop","timestamp":1790455561.6971157,"tx_id":7,"tx_state":"written"}
2026-09-26T23:46:01.697+03:00 [AGENT RESPONSE] {"id":20,"ok":true,"result":{"state":"queued","tx_id":5}}
2026-09-26T23:46:01.697+03:00 [TX] {"data_b64":"L2hlYXJ0YmVhdCBvZmYK","description":"ble:LoRa-Chatter-72E0 E0:72:A1:D5:4C:15","device_key":"ble-address:e0:72:a1:d5:4c:15","kind":"tx","seq":71,"session":"s2","text":"/heartbeat off","timestamp":1790455561.6973429,"tx_id":5,"tx_state":"written"}
2026-09-26T23:46:01.697+03:00 [AGENT REQUEST] {"id":21,"op":"send_line","session":"s2","text":"/diag off"}
2026-09-26T23:46:01.697+03:00 [TX] {"data_b64":"L2RpYWcgb2ZmCg==","device_key":"ble-address:e0:72:a1:d5:4c:15","kind":"tx","seq":72,"session":"s2","text":"/diag off","timestamp":1790455561.697604,"tx_id":6,"tx_state":"queued"}
2026-09-26T23:46:01.697+03:00 [AGENT RESPONSE] {"id":21,"ok":true,"result":{"state":"queued","tx_id":6}}
2026-09-26T23:46:01.697+03:00 [AGENT REQUEST] {"id":22,"op":"send_line","session":"s2","text":"/echo-loop stop"}
2026-09-26T23:46:01.698+03:00 [TX] {"data_b64":"L2VjaG8tbG9vcCBzdG9wCg==","device_key":"ble-address:e0:72:a1:d5:4c:15","kind":"tx","seq":73,"session":"s2","text":"/echo-loop stop","timestamp":1790455561.6979287,"tx_id":7,"tx_state":"queued"}
2026-09-26T23:46:01.698+03:00 [AGENT RESPONSE] {"id":22,"ok":true,"result":{"state":"queued","tx_id":7}}
2026-09-26T23:46:01.698+03:00 [TX] {"data_b64":"L2RpYWcgb2ZmCg==","description":"ble:LoRa-Chatter-72E0 E0:72:A1:D5:4C:15","device_key":"ble-address:e0:72:a1:d5:4c:15","kind":"tx","seq":74,"session":"s2","text":"/diag off","timestamp":1790455561.6981397,"tx_id":6,"tx_state":"written"}
2026-09-26T23:46:01.698+03:00 [AGENT REQUEST] {"id":23,"op":"observe","cursors":{"s1":69,"s2":69},"timeout_ms":1000}
2026-09-26T23:46:01.698+03:00 [AGENT RESPONSE] {"id":23,"ok":true,"result":{"cursors":{"s1":75,"s2":74},"lines":[],"timed_out":false}}
2026-09-26T23:46:01.698+03:00 [TX] {"data_b64":"L2VjaG8tbG9vcCBzdG9wCg==","description":"ble:LoRa-Chatter-72E0 E0:72:A1:D5:4C:15","device_key":"ble-address:e0:72:a1:d5:4c:15","kind":"tx","seq":75,"session":"s2","text":"/echo-loop stop","timestamp":1790455561.6986227,"tx_id":7,"tx_state":"written"}
2026-09-26T23:46:01.831+03:00 [RX chat] {"data_b64":"W1NZU10gSEVBUlRCRUFUIE9GRgo=","description":"ble:LoRa-Chatter-1B44 44:1B:F6:8D:B7:A9","device_key":"ble-address:44:1b:f6:8d:b7:a9","kind":"rx","seq":76,"session":"s1","stream":"chat","text":"[SYS] HEARTBEAT OFF\n","timestamp":1790455561.8309715}
2026-09-26T23:46:01.832+03:00 [RX chat] {"data_b64":"W1NZU10gRElBRyBhbHJlYWR5IE8=","description":"ble:LoRa-Chatter-1B44 44:1B:F6:8D:B7:A9","device_key":"ble-address:44:1b:f6:8d:b7:a9","kind":"rx","seq":77,"session":"s1","stream":"chat","text":"[SYS] DIAG already O","timestamp":1790455561.8315668}
2026-09-26T23:46:01.832+03:00 [RX chat] {"data_b64":"RkYK","description":"ble:LoRa-Chatter-1B44 44:1B:F6:8D:B7:A9","device_key":"ble-address:44:1b:f6:8d:b7:a9","kind":"rx","seq":78,"session":"s1","stream":"chat","text":"FF\n","timestamp":1790455561.832031}
2026-09-26T23:46:01.832+03:00 [RX chat] {"data_b64":"W1NZU10gRUNITyBMT09QIGFscmU=","description":"ble:LoRa-Chatter-1B44 44:1B:F6:8D:B7:A9","device_key":"ble-address:44:1b:f6:8d:b7:a9","kind":"rx","seq":79,"session":"s1","stream":"chat","text":"[SYS] ECHO LOOP alre","timestamp":1790455561.8323605}
2026-09-26T23:46:01.834+03:00 [RX chat] {"data_b64":"YWR5IHN0b3BwZWQK","description":"ble:LoRa-Chatter-1B44 44:1B:F6:8D:B7:A9","device_key":"ble-address:44:1b:f6:8d:b7:a9","kind":"rx","seq":80,"session":"s1","stream":"chat","text":"ady stopped\n","timestamp":1790455561.833461}
2026-09-26T23:46:01.834+03:00 [RX chat] {"data_b64":"W1NZU10gSEVBUlRCRUFUIE9GRgo=","description":"ble:LoRa-Chatter-72E0 E0:72:A1:D5:4C:15","device_key":"ble-address:e0:72:a1:d5:4c:15","kind":"rx","seq":76,"session":"s2","stream":"chat","text":"[SYS] HEARTBEAT OFF\n","timestamp":1790455561.8340695}
2026-09-26T23:46:01.835+03:00 [RX chat] {"data_b64":"W1NZU10gRElBRyBhbHJlYWR5IE8=","description":"ble:LoRa-Chatter-72E0 E0:72:A1:D5:4C:15","device_key":"ble-address:e0:72:a1:d5:4c:15","kind":"rx","seq":77,"session":"s2","stream":"chat","text":"[SYS] DIAG already O","timestamp":1790455561.835355}
2026-09-26T23:46:01.836+03:00 [RX chat] {"data_b64":"RkYK","description":"ble:LoRa-Chatter-72E0 E0:72:A1:D5:4C:15","device_key":"ble-address:e0:72:a1:d5:4c:15","kind":"rx","seq":78,"session":"s2","stream":"chat","text":"FF\n","timestamp":1790455561.8360956}
2026-09-26T23:46:01.837+03:00 [RX chat] {"data_b64":"W1NZU10gRUNITyBMT09QIGFscmU=","description":"ble:LoRa-Chatter-72E0 E0:72:A1:D5:4C:15","device_key":"ble-address:e0:72:a1:d5:4c:15","kind":"rx","seq":79,"session":"s2","stream":"chat","text":"[SYS] ECHO LOOP alre","timestamp":1790455561.8366752}
2026-09-26T23:46:01.837+03:00 [RX chat] {"data_b64":"YWR5IHN0b3BwZWQK","description":"ble:LoRa-Chatter-72E0 E0:72:A1:D5:4C:15","device_key":"ble-address:e0:72:a1:d5:4c:15","kind":"rx","seq":80,"session":"s2","stream":"chat","text":"ady stopped\n","timestamp":1790455561.8375766}
2026-09-26T23:46:06.329+03:00 [RX telemetry] {"data_b64":"ClNFU1NJT04gdD0zNjBzIFRYIG8=","description":"ble:LoRa-Chatter-1B44 44:1B:F6:8D:B7:A9","device_key":"ble-address:44:1b:f6:8d:b7:a9","kind":"rx","seq":81,"session":"s1","stream":"telemetry","text":"\nSESSION t=360s TX o","timestamp":1790455566.3292017}
2026-09-26T23:46:06.329+03:00 [RX telemetry] {"data_b64":"az0wIHVzZXI9MCBlY2hvX3JlcT0=","description":"ble:LoRa-Chatter-1B44 44:1B:F6:8D:B7:A9","device_key":"ble-address:44:1b:f6:8d:b7:a9","kind":"rx","seq":82,"session":"s1","stream":"telemetry","text":"k=0 user=0 echo_req=","timestamp":1790455566.329278}
2026-09-26T23:46:06.329+03:00 [RX telemetry] {"data_b64":"MCBlY2hvX3JlcD0wIGhiPTAoaWQ=","description":"ble:LoRa-Chatter-1B44 44:1B:F6:8D:B7:A9","device_key":"ble-address:44:1b:f6:8d:b7:a9","kind":"rx","seq":83,"session":"s1","stream":"telemetry","text":"0 echo_rep=0 hb=0(id","timestamp":1790455566.3294349}
2026-09-26T23:46:06.330+03:00 [RX telemetry] {"data_b64":"bGU9MCkgZXJyPTAgc3RhcnRlZD0=","description":"ble:LoRa-Chatter-1B44 44:1B:F6:8D:B7:A9","device_key":"ble-address:44:1b:f6:8d:b7:a9","kind":"rx","seq":84,"session":"s1","stream":"telemetry","text":"le=0) err=0 started=","timestamp":1790455566.330824}
2026-09-26T23:46:06.331+03:00 [RX telemetry] {"data_b64":"MCBSWCBvaz0wIHVzZXI9MCBlY2g=","description":"ble:LoRa-Chatter-1B44 44:1B:F6:8D:B7:A9","device_key":"ble-address:44:1b:f6:8d:b7:a9","kind":"rx","seq":85,"session":"s1","stream":"telemetry","text":"0 RX ok=0 user=0 ech","timestamp":1790455566.3311112}
2026-09-26T23:46:06.331+03:00 [RX telemetry] {"data_b64":"b19yZXE9MCBlY2hvX3JlcD0wIGg=","description":"ble:LoRa-Chatter-1B44 44:1B:F6:8D:B7:A9","device_key":"ble-address:44:1b:f6:8d:b7:a9","kind":"rx","seq":86,"session":"s1","stream":"telemetry","text":"o_req=0 echo_rep=0 h","timestamp":1790455566.331351}
2026-09-26T23:46:06.334+03:00 [RX telemetry] {"data_b64":"Yj0wIGNyYz0wIGhkcj0wIGJhZD0=","description":"ble:LoRa-Chatter-1B44 44:1B:F6:8D:B7:A9","device_key":"ble-address:44:1b:f6:8d:b7:a9","kind":"rx","seq":87,"session":"s1","stream":"telemetry","text":"b=0 crc=0 hdr=0 bad=","timestamp":1790455566.3339722}
2026-09-26T23:46:06.334+03:00 [RX telemetry] {"data_b64":"MCByZWFkZXJyPTAgcmVwb3J0cz0=","description":"ble:LoRa-Chatter-1B44 44:1B:F6:8D:B7:A9","device_key":"ble-address:44:1b:f6:8d:b7:a9","kind":"rx","seq":88,"session":"s1","stream":"telemetry","text":"0 readerr=0 reports=","timestamp":1790455566.3340063}
2026-09-26T23:46:06.334+03:00 [RX telemetry] {"data_b64":"MCBRPTAlIGRyb3BzPTAgZmF0YWw=","description":"ble:LoRa-Chatter-1B44 44:1B:F6:8D:B7:A9","device_key":"ble-address:44:1b:f6:8d:b7:a9","kind":"rx","seq":89,"session":"s1","stream":"telemetry","text":"0 Q=0% drops=0 fatal","timestamp":1790455566.3344243}
2026-09-26T23:46:06.334+03:00 [RX telemetry] {"data_b64":"PTAK","description":"ble:LoRa-Chatter-1B44 44:1B:F6:8D:B7:A9","device_key":"ble-address:44:1b:f6:8d:b7:a9","kind":"rx","seq":90,"session":"s1","stream":"telemetry","text":"=0\n","timestamp":1790455566.334452}
2026-09-26T23:46:06.336+03:00 [RX telemetry] {"data_b64":"U0VTU0lPTiBDT1VSVEVTWSB3aW4=","description":"ble:LoRa-Chatter-1B44 44:1B:F6:8D:B7:A9","device_key":"ble-address:44:1b:f6:8d:b7:a9","kind":"rx","seq":91,"session":"s1","stream":"telemetry","text":"SESSION COURTESY win","timestamp":1790455566.3367863}
2026-09-26T23:46:06.337+03:00 [RX telemetry] {"data_b64":"ZG93PTUwMDBtcyBwZWVyX3JlbGU=","description":"ble:LoRa-Chatter-1B44 44:1B:F6:8D:B7:A9","device_key":"ble-address:44:1b:f6:8d:b7:a9","kind":"rx","seq":92,"session":"s1","stream":"telemetry","text":"dow=5000ms peer_rele","timestamp":1790455566.3370798}
2026-09-26T23:46:06.337+03:00 [RX telemetry] {"data_b64":"YXNlPTAgZXhwaXJlZD0wIHlpZWw=","description":"ble:LoRa-Chatter-1B44 44:1B:F6:8D:B7:A9","device_key":"ble-address:44:1b:f6:8d:b7:a9","kind":"rx","seq":93,"session":"s1","stream":"telemetry","text":"ase=0 expired=0 yiel","timestamp":1790455566.3371081}
2026-09-26T23:46:06.337+03:00 [RX telemetry] {"data_b64":"ZGluZz0wCg==","description":"ble:LoRa-Chatter-1B44 44:1B:F6:8D:B7:A9","device_key":"ble-address:44:1b:f6:8d:b7:a9","kind":"rx","seq":94,"session":"s1","stream":"telemetry","text":"ding=0\n","timestamp":1790455566.3373911}
2026-09-26T23:46:06.338+03:00 [RX telemetry] {"data_b64":"U0VTU0lPTiBESU8wX1RYIGFmZmU=","description":"ble:LoRa-Chatter-1B44 44:1B:F6:8D:B7:A9","device_key":"ble-address:44:1b:f6:8d:b7:a9","kind":"rx","seq":95,"session":"s1","stream":"telemetry","text":"SESSION DIO0_TX affe","timestamp":1790455566.3378844}
2026-09-26T23:46:06.340+03:00 [RX telemetry] {"data_b64":"Y3RlZD0wLzAgZXBpc29kZXM9MCA=","description":"ble:LoRa-Chatter-1B44 44:1B:F6:8D:B7:A9","device_key":"ble-address:44:1b:f6:8d:b7:a9","kind":"rx","seq":96,"session":"s1","stream":"telemetry","text":"cted=0/0 episodes=0 ","timestamp":1790455566.3401892}
2026-09-26T23:46:06.341+03:00 [RX telemetry] {"data_b64":"YXZnX2FsbD0wLjAwIGF2Z19hZmY=","description":"ble:LoRa-Chatter-1B44 44:1B:F6:8D:B7:A9","device_key":"ble-address:44:1b:f6:8d:b7:a9","kind":"rx","seq":97,"session":"s1","stream":"telemetry","text":"avg_all=0.00 avg_aff","timestamp":1790455566.3408568}
2026-09-26T23:46:06.341+03:00 [RX telemetry] {"data_b64":"ZWN0ZWQ9MC4wMCBoaWdoX3BvbGw=","description":"ble:LoRa-Chatter-1B44 44:1B:F6:8D:B7:A9","device_key":"ble-address:44:1b:f6:8d:b7:a9","kind":"rx","seq":98,"session":"s1","stream":"telemetry","text":"ected=0.00 high_poll","timestamp":1790455566.3408883}
2026-09-26T23:46:06.341+03:00 [RX telemetry] {"data_b64":"cz0wCg==","description":"ble:LoRa-Chatter-1B44 44:1B:F6:8D:B7:A9","device_key":"ble-address:44:1b:f6:8d:b7:a9","kind":"rx","seq":99,"session":"s1","stream":"telemetry","text":"s=0\n","timestamp":1790455566.3409123}
2026-09-26T23:46:06.341+03:00 [RX telemetry] {"data_b64":"U0VTU0lPTiBSWF9QT0xMIHBvbGw=","description":"ble:LoRa-Chatter-1B44 44:1B:F6:8D:B7:A9","device_key":"ble-address:44:1b:f6:8d:b7:a9","kind":"rx","seq":100,"session":"s1","stream":"telemetry","text":"SESSION RX_POLL poll","timestamp":1790455566.341217}
2026-09-26T23:46:06.342+03:00 [RX telemetry] {"data_b64":"cz0zNTE4NzMgcnhkb25lPTAgaW4=","description":"ble:LoRa-Chatter-1B44 44:1B:F6:8D:B7:A9","device_key":"ble-address:44:1b:f6:8d:b7:a9","kind":"rx","seq":101,"session":"s1","stream":"telemetry","text":"s=351873 rxdone=0 in","timestamp":1790455566.3420012}
2026-09-26T23:46:06.342+03:00 [RX telemetry] {"data_b64":"dGVydmFsPTEwMDB1cyBESU8wX1I=","description":"ble:LoRa-Chatter-1B44 44:1B:F6:8D:B7:A9","device_key":"ble-address:44:1b:f6:8d:b7:a9","kind":"rx","seq":102,"session":"s1","stream":"telemetry","text":"terval=1000us DIO0_R","timestamp":1790455566.3420255}
2026-09-26T23:46:06.342+03:00 [RX telemetry] {"data_b64":"WCBmYWxzZV9oaWdoX2VwPTAgaGk=","description":"ble:LoRa-Chatter-1B44 44:1B:F6:8D:B7:A9","device_key":"ble-address:44:1b:f6:8d:b7:a9","kind":"rx","seq":103,"session":"s1","stream":"telemetry","text":"X false_high_ep=0 hi","timestamp":1790455566.3421874}
2026-09-26T23:46:06.343+03:00 [RX telemetry] {"data_b64":"Z2hfcG9sbHM9MCByeGRvbmVfbG8=","description":"ble:LoRa-Chatter-1B44 44:1B:F6:8D:B7:A9","device_key":"ble-address:44:1b:f6:8d:b7:a9","kind":"rx","seq":104,"session":"s1","stream":"telemetry","text":"gh_polls=0 rxdone_lo","timestamp":1790455566.3437274}
2026-09-26T23:46:06.344+03:00 [RX telemetry] {"data_b64":"dz0wIGlzcj1kaXNhYmxlZAo=","description":"ble:LoRa-Chatter-1B44 44:1B:F6:8D:B7:A9","device_key":"ble-address:44:1b:f6:8d:b7:a9","kind":"rx","seq":105,"session":"s1","stream":"telemetry","text":"w=0 isr=disabled\n","timestamp":1790455566.343938}
2026-09-26T23:46:06.514+03:00 [RX telemetry] {"data_b64":"ClNFU1NJT04gdD01NzYwcyBUWCA=","description":"ble:LoRa-Chatter-72E0 E0:72:A1:D5:4C:15","device_key":"ble-address:e0:72:a1:d5:4c:15","kind":"rx","seq":81,"session":"s2","stream":"telemetry","text":"\nSESSION t=5760s TX ","timestamp":1790455566.5142398}
2026-09-26T23:46:06.514+03:00 [RX telemetry] {"data_b64":"b2s9NCB1c2VyPTIgZWNob19yZXE=","description":"ble:LoRa-Chatter-72E0 E0:72:A1:D5:4C:15","device_key":"ble-address:e0:72:a1:d5:4c:15","kind":"rx","seq":82,"session":"s2","stream":"telemetry","text":"ok=4 user=2 echo_req","timestamp":1790455566.5142875}
2026-09-26T23:46:06.561+03:00 [RX telemetry] {"data_b64":"PTAgZWNob19yZXA9MCBoYj0wKGk=","description":"ble:LoRa-Chatter-72E0 E0:72:A1:D5:4C:15","device_key":"ble-address:e0:72:a1:d5:4c:15","kind":"rx","seq":83,"session":"s2","stream":"telemetry","text":"=0 echo_rep=0 hb=0(i","timestamp":1790455566.561162}
2026-09-26T23:46:06.561+03:00 [RX telemetry] {"data_b64":"ZGxlPTApIGVycj0wIHN0YXJ0ZWQ=","description":"ble:LoRa-Chatter-72E0 E0:72:A1:D5:4C:15","device_key":"ble-address:e0:72:a1:d5:4c:15","kind":"rx","seq":84,"session":"s2","stream":"telemetry","text":"dle=0) err=0 started","timestamp":1790455566.5616598}
2026-09-26T23:46:06.561+03:00 [RX telemetry] {"data_b64":"PTQgUlggb2s9NCB1c2VyPTIgZWM=","description":"ble:LoRa-Chatter-72E0 E0:72:A1:D5:4C:15","device_key":"ble-address:e0:72:a1:d5:4c:15","kind":"rx","seq":85,"session":"s2","stream":"telemetry","text":"=4 RX ok=4 user=2 ec","timestamp":1790455566.561704}
2026-09-26T23:46:06.561+03:00 [RX telemetry] {"data_b64":"aG9fcmVxPTAgZWNob19yZXA9MCA=","description":"ble:LoRa-Chatter-72E0 E0:72:A1:D5:4C:15","device_key":"ble-address:e0:72:a1:d5:4c:15","kind":"rx","seq":86,"session":"s2","stream":"telemetry","text":"ho_req=0 echo_rep=0 ","timestamp":1790455566.5617292}
2026-09-26T23:46:06.562+03:00 [RX telemetry] {"data_b64":"aGI9MCBjcmM9MCBoZHI9MCBiYWQ=","description":"ble:LoRa-Chatter-72E0 E0:72:A1:D5:4C:15","device_key":"ble-address:e0:72:a1:d5:4c:15","kind":"rx","seq":87,"session":"s2","stream":"telemetry","text":"hb=0 crc=0 hdr=0 bad","timestamp":1790455566.561752}
2026-09-26T23:46:06.563+03:00 [RX telemetry] {"data_b64":"PTQgcmVhZGVycj0wIHJlcG9ydHM=","description":"ble:LoRa-Chatter-72E0 E0:72:A1:D5:4C:15","device_key":"ble-address:e0:72:a1:d5:4c:15","kind":"rx","seq":88,"session":"s2","stream":"telemetry","text":"=4 readerr=0 reports","timestamp":1790455566.5637999}
2026-09-26T23:46:06.564+03:00 [RX telemetry] {"data_b64":"PTIgUT0xMDAlIGRyb3BzPTAgZmE=","description":"ble:LoRa-Chatter-72E0 E0:72:A1:D5:4C:15","device_key":"ble-address:e0:72:a1:d5:4c:15","kind":"rx","seq":89,"session":"s2","stream":"telemetry","text":"=2 Q=100% drops=0 fa","timestamp":1790455566.5640602}
2026-09-26T23:46:06.564+03:00 [RX telemetry] {"data_b64":"dGFsPTAK","description":"ble:LoRa-Chatter-72E0 E0:72:A1:D5:4C:15","device_key":"ble-address:e0:72:a1:d5:4c:15","kind":"rx","seq":90,"session":"s2","stream":"telemetry","text":"tal=0\n","timestamp":1790455566.5643425}
2026-09-26T23:46:06.564+03:00 [RX telemetry] {"data_b64":"U0VTU0lPTiBDT1VSVEVTWSB3aW4=","description":"ble:LoRa-Chatter-72E0 E0:72:A1:D5:4C:15","device_key":"ble-address:e0:72:a1:d5:4c:15","kind":"rx","seq":91,"session":"s2","stream":"telemetry","text":"SESSION COURTESY win","timestamp":1790455566.564371}
2026-09-26T23:46:06.566+03:00 [RX telemetry] {"data_b64":"ZG93PTUwMDBtcyBwZWVyX3JlbGU=","description":"ble:LoRa-Chatter-72E0 E0:72:A1:D5:4C:15","device_key":"ble-address:e0:72:a1:d5:4c:15","kind":"rx","seq":92,"session":"s2","stream":"telemetry","text":"dow=5000ms peer_rele","timestamp":1790455566.566814}
2026-09-26T23:46:06.567+03:00 [RX telemetry] {"data_b64":"YXNlPTAgZXhwaXJlZD0wIHlpZWw=","description":"ble:LoRa-Chatter-72E0 E0:72:A1:D5:4C:15","device_key":"ble-address:e0:72:a1:d5:4c:15","kind":"rx","seq":93,"session":"s2","stream":"telemetry","text":"ase=0 expired=0 yiel","timestamp":1790455566.5671027}
2026-09-26T23:46:06.567+03:00 [RX telemetry] {"data_b64":"ZGluZz0wCg==","description":"ble:LoRa-Chatter-72E0 E0:72:A1:D5:4C:15","device_key":"ble-address:e0:72:a1:d5:4c:15","kind":"rx","seq":94,"session":"s2","stream":"telemetry","text":"ding=0\n","timestamp":1790455566.5671248}
2026-09-26T23:46:06.567+03:00 [RX telemetry] {"data_b64":"U0VTU0lPTiBESU8wX1RYIGFmZmU=","description":"ble:LoRa-Chatter-72E0 E0:72:A1:D5:4C:15","device_key":"ble-address:e0:72:a1:d5:4c:15","kind":"rx","seq":95,"session":"s2","stream":"telemetry","text":"SESSION DIO0_TX affe","timestamp":1790455566.5675607}
2026-09-26T23:46:06.567+03:00 [RX telemetry] {"data_b64":"Y3RlZD0wLzQgZXBpc29kZXM9MCA=","description":"ble:LoRa-Chatter-72E0 E0:72:A1:D5:4C:15","device_key":"ble-address:e0:72:a1:d5:4c:15","kind":"rx","seq":96,"session":"s2","stream":"telemetry","text":"cted=0/4 episodes=0 ","timestamp":1790455566.5675852}
2026-09-26T23:46:06.568+03:00 [RX telemetry] {"data_b64":"YXZnX2FsbD0wLjAwIGF2Z19hZmY=","description":"ble:LoRa-Chatter-72E0 E0:72:A1:D5:4C:15","device_key":"ble-address:e0:72:a1:d5:4c:15","kind":"rx","seq":97,"session":"s2","stream":"telemetry","text":"avg_all=0.00 avg_aff","timestamp":1790455566.5687385}
2026-09-26T23:46:06.569+03:00 [RX telemetry] {"data_b64":"ZWN0ZWQ9MC4wMCBoaWdoX3BvbGw=","description":"ble:LoRa-Chatter-72E0 E0:72:A1:D5:4C:15","device_key":"ble-address:e0:72:a1:d5:4c:15","kind":"rx","seq":98,"session":"s2","stream":"telemetry","text":"ected=0.00 high_poll","timestamp":1790455566.5689878}
2026-09-26T23:46:06.569+03:00 [RX telemetry] {"data_b64":"cz0wCg==","description":"ble:LoRa-Chatter-72E0 E0:72:A1:D5:4C:15","device_key":"ble-address:e0:72:a1:d5:4c:15","kind":"rx","seq":99,"session":"s2","stream":"telemetry","text":"s=0\n","timestamp":1790455566.5690804}
2026-09-26T23:46:06.571+03:00 [RX telemetry] {"data_b64":"U0VTU0lPTiBSWF9QT0xMIHBvbGw=","description":"ble:LoRa-Chatter-72E0 E0:72:A1:D5:4C:15","device_key":"ble-address:e0:72:a1:d5:4c:15","kind":"rx","seq":100,"session":"s2","stream":"telemetry","text":"SESSION RX_POLL poll","timestamp":1790455566.5709956}
2026-09-26T23:46:06.571+03:00 [RX telemetry] {"data_b64":"cz00ODY2NjgyIHJ4ZG9uZT04IGk=","description":"ble:LoRa-Chatter-72E0 E0:72:A1:D5:4C:15","device_key":"ble-address:e0:72:a1:d5:4c:15","kind":"rx","seq":101,"session":"s2","stream":"telemetry","text":"s=4866682 rxdone=8 i","timestamp":1790455566.5710187}
2026-09-26T23:46:06.571+03:00 [RX telemetry] {"data_b64":"bnRlcnZhbD0xMDAwdXMgRElPMF8=","description":"ble:LoRa-Chatter-72E0 E0:72:A1:D5:4C:15","device_key":"ble-address:e0:72:a1:d5:4c:15","kind":"rx","seq":102,"session":"s2","stream":"telemetry","text":"nterval=1000us DIO0_","timestamp":1790455566.5710313}
2026-09-26T23:46:06.572+03:00 [RX telemetry] {"data_b64":"UlggZmFsc2VfaGlnaF9lcD0wIGg=","description":"ble:LoRa-Chatter-72E0 E0:72:A1:D5:4C:15","device_key":"ble-address:e0:72:a1:d5:4c:15","kind":"rx","seq":103,"session":"s2","stream":"telemetry","text":"RX false_high_ep=0 h","timestamp":1790455566.5727043}
2026-09-26T23:46:06.573+03:00 [RX telemetry] {"data_b64":"aWdoX3BvbGxzPTAgcnhkb25lX2w=","description":"ble:LoRa-Chatter-72E0 E0:72:A1:D5:4C:15","device_key":"ble-address:e0:72:a1:d5:4c:15","kind":"rx","seq":104,"session":"s2","stream":"telemetry","text":"igh_polls=0 rxdone_l","timestamp":1790455566.5729377}
2026-09-26T23:46:06.573+03:00 [RX telemetry] {"data_b64":"b3c9MCBpc3I9ZGlzYWJsZWQK","description":"ble:LoRa-Chatter-72E0 E0:72:A1:D5:4C:15","device_key":"ble-address:e0:72:a1:d5:4c:15","kind":"rx","seq":105,"session":"s2","stream":"telemetry","text":"ow=0 isr=disabled\n","timestamp":1790455566.5731227}
2026-09-26T23:46:14.415+03:00 [AGENT REQUEST] {"id":24,"op":"observe","cursors":{"s1":75,"s2":74},"timeout_ms":1000}
2026-09-26T23:46:14.415+03:00 [AGENT RESPONSE] {"id":24,"ok":true,"result":{"cursors":{"s1":105,"s2":105},"lines":[{"seq_first":76,"seq_last":76,"session":"s1","stream":"chat","text":"[SYS] HEARTBEAT OFF"},{"seq_first":77,"seq_last":78,"session":"s1","stream":"chat","text":"[SYS] DIAG already OFF"},{"seq_first":79,"seq_last":80,"session":"s1","stream":"chat","text":"[SYS] ECHO LOOP already stopped"},{"seq_first":76,"seq_last":76,"session":"s2","stream":"chat","text":"[SYS] HEARTBEAT OFF"},{"seq_first":77,"seq_last":78,"session":"s2","stream":"chat","text":"[SYS] DIAG already OFF"},{"seq_first":79,"seq_last":80,"session":"s2","stream":"chat","text":"[SYS] ECHO LOOP already stopped"},{"seq_first":81,"seq_last":81,"session":"s1","stream":"telemetry","text":""},{"seq_first":81,"seq_last":90,"session":"s1","stream":"telemetry","text":"SESSION t=360s TX ok=0 user=0 echo_req=0 echo_rep=0 hb=0(idle=0) err=0 started=0 RX ok=0 user=0 echo_req=0 echo_rep=0 hb=0 crc=0 hdr=0 bad=0 readerr=0 reports=0 Q=0% drops=0 fatal=0"},{"seq_first":91,"seq_last":94,"session":"s1","stream":"telemetry","text":"SESSION COURTESY window=5000ms peer_release=0 expired=0 yielding=0"},{"seq_first":95,"seq_last":99,"session":"s1","stream":"telemetry","text":"SESSION DIO0_TX affected=0/0 episodes=0 avg_all=0.00 avg_affected=0.00 high_polls=0"},{"seq_first":100,"seq_last":105,"session":"s1","stream":"telemetry","text":"SESSION RX_POLL polls=351873 rxdone=0 interval=1000us DIO0_RX false_high_ep=0 high_polls=0 rxdone_low=0 isr=disabled"},{"seq_first":81,"seq_last":81,"session":"s2","stream":"telemetry","text":""},{"seq_first":81,"seq_last":90,"session":"s2","stream":"telemetry","text":"SESSION t=5760s TX ok=4 user=2 echo_req=0 echo_rep=0 hb=0(idle=0) err=0 started=4 RX ok=4 user=2 echo_req=0 echo_rep=0 hb=0 crc=0 hdr=0 bad=4 readerr=0 reports=2 Q=100% drops=0 fatal=0"},{"seq_first":91,"seq_last":94,"session":"s2","stream":"telemetry","text":"SESSION COURTESY window=5000ms peer_release=0 expired=0 yielding=0"},{"seq_first":95,"seq_last":99,"session":"s2","stream":"telemetry","text":"SESSION DIO0_TX affected=0/4 episodes=0 avg_all=0.00 avg_affected=0.00 high_polls=0"},{"seq_first":100,"seq_last":105,"session":"s2","stream":"telemetry","text":"SESSION RX_POLL polls=4866682 rxdone=8 interval=1000us DIO0_RX false_high_ep=0 high_polls=0 rxdone_low=0 isr=disabled"}],"timed_out":false}}
2026-09-26T23:46:31.742+03:00 [AGENT REQUEST] {"id":25,"op":"send_line","session":"s1","text":"/cancel all"}
2026-09-26T23:46:31.743+03:00 [TX] {"data_b64":"L2NhbmNlbCBhbGwK","device_key":"ble-address:44:1b:f6:8d:b7:a9","kind":"tx","seq":106,"session":"s1","text":"/cancel all","timestamp":1790455591.7427745,"tx_id":8,"tx_state":"queued"}
2026-09-26T23:46:31.743+03:00 [AGENT RESPONSE] {"id":25,"ok":true,"result":{"state":"queued","tx_id":8}}
2026-09-26T23:46:31.743+03:00 [AGENT REQUEST] {"id":26,"op":"send_line","session":"s1","text":"/power 2"}
2026-09-26T23:46:31.743+03:00 [AGENT RESPONSE] {"id":26,"ok":true,"result":{"state":"queued","tx_id":9}}
2026-09-26T23:46:31.743+03:00 [TX] {"data_b64":"L3Bvd2VyIDIK","device_key":"ble-address:44:1b:f6:8d:b7:a9","kind":"tx","seq":107,"session":"s1","text":"/power 2","timestamp":1790455591.7438235,"tx_id":9,"tx_state":"queued"}
2026-09-26T23:46:31.744+03:00 [AGENT REQUEST] {"id":27,"op":"send_line","session":"s1","text":"/freq 470"}
2026-09-26T23:46:31.744+03:00 [TX] {"data_b64":"L2ZyZXEgNDcwCg==","device_key":"ble-address:44:1b:f6:8d:b7:a9","kind":"tx","seq":108,"session":"s1","text":"/freq 470","timestamp":1790455591.7442687,"tx_id":10,"tx_state":"queued"}
2026-09-26T23:46:31.744+03:00 [AGENT RESPONSE] {"id":27,"ok":true,"result":{"state":"queued","tx_id":10}}
2026-09-26T23:46:31.745+03:00 [TX] {"data_b64":"L2NhbmNlbCBhbGwK","description":"ble:LoRa-Chatter-1B44 44:1B:F6:8D:B7:A9","device_key":"ble-address:44:1b:f6:8d:b7:a9","kind":"tx","seq":109,"session":"s1","text":"/cancel all","timestamp":1790455591.744339,"tx_id":8,"tx_state":"written"}
2026-09-26T23:46:31.745+03:00 [AGENT REQUEST] {"id":28,"op":"send_line","session":"s2","text":"/cancel all"}
2026-09-26T23:46:31.745+03:00 [TX] {"data_b64":"L3Bvd2VyIDIK","description":"ble:LoRa-Chatter-1B44 44:1B:F6:8D:B7:A9","device_key":"ble-address:44:1b:f6:8d:b7:a9","kind":"tx","seq":110,"session":"s1","text":"/power 2","timestamp":1790455591.745207,"tx_id":9,"tx_state":"written"}
2026-09-26T23:46:31.746+03:00 [TX] {"data_b64":"L2NhbmNlbCBhbGwK","device_key":"ble-address:e0:72:a1:d5:4c:15","kind":"tx","seq":106,"session":"s2","text":"/cancel all","timestamp":1790455591.7455814,"tx_id":8,"tx_state":"queued"}
2026-09-26T23:46:31.746+03:00 [AGENT RESPONSE] {"id":28,"ok":true,"result":{"state":"queued","tx_id":8}}
2026-09-26T23:46:31.746+03:00 [TX] {"data_b64":"L2ZyZXEgNDcwCg==","description":"ble:LoRa-Chatter-1B44 44:1B:F6:8D:B7:A9","device_key":"ble-address:44:1b:f6:8d:b7:a9","kind":"tx","seq":111,"session":"s1","text":"/freq 470","timestamp":1790455591.7459624,"tx_id":10,"tx_state":"written"}
2026-09-26T23:46:31.746+03:00 [TX] {"data_b64":"L2NhbmNlbCBhbGwK","description":"ble:LoRa-Chatter-72E0 E0:72:A1:D5:4C:15","device_key":"ble-address:e0:72:a1:d5:4c:15","kind":"tx","seq":107,"session":"s2","text":"/cancel all","timestamp":1790455591.7461927,"tx_id":8,"tx_state":"written"}
2026-09-26T23:46:31.746+03:00 [AGENT REQUEST] {"id":29,"op":"send_line","session":"s2","text":"/power 2"}
2026-09-26T23:46:31.746+03:00 [TX] {"data_b64":"L3Bvd2VyIDIK","device_key":"ble-address:e0:72:a1:d5:4c:15","kind":"tx","seq":108,"session":"s2","text":"/power 2","timestamp":1790455591.746499,"tx_id":9,"tx_state":"queued"}
2026-09-26T23:46:31.746+03:00 [AGENT RESPONSE] {"id":29,"ok":true,"result":{"state":"queued","tx_id":9}}
2026-09-26T23:46:31.746+03:00 [AGENT REQUEST] {"id":30,"op":"send_line","session":"s2","text":"/freq 470"}
2026-09-26T23:46:31.747+03:00 [TX] {"data_b64":"L2ZyZXEgNDcwCg==","device_key":"ble-address:e0:72:a1:d5:4c:15","kind":"tx","seq":109,"session":"s2","text":"/freq 470","timestamp":1790455591.7468884,"tx_id":10,"tx_state":"queued"}
2026-09-26T23:46:31.747+03:00 [AGENT RESPONSE] {"id":30,"ok":true,"result":{"state":"queued","tx_id":10}}
2026-09-26T23:46:31.747+03:00 [TX] {"data_b64":"L3Bvd2VyIDIK","description":"ble:LoRa-Chatter-72E0 E0:72:A1:D5:4C:15","device_key":"ble-address:e0:72:a1:d5:4c:15","kind":"tx","seq":110,"session":"s2","text":"/power 2","timestamp":1790455591.7471073,"tx_id":9,"tx_state":"written"}
2026-09-26T23:46:31.747+03:00 [AGENT REQUEST] {"id":31,"op":"observe","cursors":{"s1":105,"s2":105},"timeout_ms":1000}
2026-09-26T23:46:31.747+03:00 [AGENT RESPONSE] {"id":31,"ok":true,"result":{"cursors":{"s1":111,"s2":110},"lines":[],"timed_out":false}}
2026-09-26T23:46:31.747+03:00 [TX] {"data_b64":"L2ZyZXEgNDcwCg==","description":"ble:LoRa-Chatter-72E0 E0:72:A1:D5:4C:15","device_key":"ble-address:e0:72:a1:d5:4c:15","kind":"tx","seq":111,"session":"s2","text":"/freq 470","timestamp":1790455591.7476623,"tx_id":10,"tx_state":"written"}
2026-09-26T23:46:31.800+03:00 [RX telemetry] {"data_b64":"REVMSVZFUlkgQ0FOQ0VMIEFMTCA=","description":"ble:LoRa-Chatter-1B44 44:1B:F6:8D:B7:A9","device_key":"ble-address:44:1b:f6:8d:b7:a9","kind":"rx","seq":112,"session":"s1","stream":"telemetry","text":"DELIVERY CANCEL ALL ","timestamp":1790455591.8002782}
2026-09-26T23:46:31.801+03:00 [RX telemetry] {"data_b64":"cGVuZGluZz1ub25lIHF1ZXVlX3I=","description":"ble:LoRa-Chatter-1B44 44:1B:F6:8D:B7:A9","device_key":"ble-address:44:1b:f6:8d:b7:a9","kind":"rx","seq":113,"session":"s1","stream":"telemetry","text":"pending=none queue_r","timestamp":1790455591.8003814}
2026-09-26T23:46:31.801+03:00 [RX telemetry] {"data_b64":"ZW1vdmVkPTAK","description":"ble:LoRa-Chatter-1B44 44:1B:F6:8D:B7:A9","device_key":"ble-address:44:1b:f6:8d:b7:a9","kind":"rx","seq":114,"session":"s1","stream":"telemetry","text":"emoved=0\n","timestamp":1790455591.8004432}
2026-09-26T23:46:31.803+03:00 [RX chat] {"data_b64":"W1NZU10gREVMSVZFUlkgQ0FOQ0U=","description":"ble:LoRa-Chatter-1B44 44:1B:F6:8D:B7:A9","device_key":"ble-address:44:1b:f6:8d:b7:a9","kind":"rx","seq":115,"session":"s1","stream":"chat","text":"[SYS] DELIVERY CANCE","timestamp":1790455591.802378}
2026-09-26T23:46:31.803+03:00 [RX chat] {"data_b64":"TDogbm90aGluZyBwZW5kaW5nCg==","description":"ble:LoRa-Chatter-1B44 44:1B:F6:8D:B7:A9","device_key":"ble-address:44:1b:f6:8d:b7:a9","kind":"rx","seq":116,"session":"s1","stream":"chat","text":"L: nothing pending\n","timestamp":1790455591.8025186}
2026-09-26T23:46:31.803+03:00 [RX chat] {"data_b64":"W1NZU10gUE9XRVIgMiBkQm0gU0E=","description":"ble:LoRa-Chatter-1B44 44:1B:F6:8D:B7:A9","device_key":"ble-address:44:1b:f6:8d:b7:a9","kind":"rx","seq":117,"session":"s1","stream":"chat","text":"[SYS] POWER 2 dBm SA","timestamp":1790455591.8031964}
2026-09-26T23:46:31.804+03:00 [RX chat] {"data_b64":"VkVECg==","description":"ble:LoRa-Chatter-1B44 44:1B:F6:8D:B7:A9","device_key":"ble-address:44:1b:f6:8d:b7:a9","kind":"rx","seq":118,"session":"s1","stream":"chat","text":"VED\n","timestamp":1790455591.8040323}
2026-09-26T23:46:31.805+03:00 [RX chat] {"data_b64":"W1NZU10gRlJFUSA0NzAgTUh6IFM=","description":"ble:LoRa-Chatter-1B44 44:1B:F6:8D:B7:A9","device_key":"ble-address:44:1b:f6:8d:b7:a9","kind":"rx","seq":119,"session":"s1","stream":"chat","text":"[SYS] FREQ 470 MHz S","timestamp":1790455591.8045135}
2026-09-26T23:46:31.805+03:00 [RX chat] {"data_b64":"QVZFRAo=","description":"ble:LoRa-Chatter-1B44 44:1B:F6:8D:B7:A9","device_key":"ble-address:44:1b:f6:8d:b7:a9","kind":"rx","seq":120,"session":"s1","stream":"chat","text":"AVED\n","timestamp":1790455591.8045797}
2026-09-26T23:46:31.849+03:00 [RX telemetry] {"data_b64":"REVMSVZFUlkgQ0FOQ0VMIEFMTCA=","description":"ble:LoRa-Chatter-72E0 E0:72:A1:D5:4C:15","device_key":"ble-address:e0:72:a1:d5:4c:15","kind":"rx","seq":112,"session":"s2","stream":"telemetry","text":"DELIVERY CANCEL ALL ","timestamp":1790455591.8491526}
2026-09-26T23:46:31.849+03:00 [RX telemetry] {"data_b64":"cGVuZGluZz1ub25lIHF1ZXVlX3I=","description":"ble:LoRa-Chatter-72E0 E0:72:A1:D5:4C:15","device_key":"ble-address:e0:72:a1:d5:4c:15","kind":"rx","seq":113,"session":"s2","stream":"telemetry","text":"pending=none queue_r","timestamp":1790455591.8492706}
2026-09-26T23:46:31.850+03:00 [RX telemetry] {"data_b64":"ZW1vdmVkPTAK","description":"ble:LoRa-Chatter-72E0 E0:72:A1:D5:4C:15","device_key":"ble-address:e0:72:a1:d5:4c:15","kind":"rx","seq":114,"session":"s2","stream":"telemetry","text":"emoved=0\n","timestamp":1790455591.8501945}
2026-09-26T23:46:31.852+03:00 [RX chat] {"data_b64":"W1NZU10gREVMSVZFUlkgQ0FOQ0U=","description":"ble:LoRa-Chatter-72E0 E0:72:A1:D5:4C:15","device_key":"ble-address:e0:72:a1:d5:4c:15","kind":"rx","seq":115,"session":"s2","stream":"chat","text":"[SYS] DELIVERY CANCE","timestamp":1790455591.8524637}
2026-09-26T23:46:31.854+03:00 [RX chat] {"data_b64":"TDogbm90aGluZyBwZW5kaW5nCg==","description":"ble:LoRa-Chatter-72E0 E0:72:A1:D5:4C:15","device_key":"ble-address:e0:72:a1:d5:4c:15","kind":"rx","seq":116,"session":"s2","stream":"chat","text":"L: nothing pending\n","timestamp":1790455591.853294}
2026-09-26T23:46:31.854+03:00 [RX chat] {"data_b64":"W1NZU10gUE9XRVIgMiBkQm0gU0E=","description":"ble:LoRa-Chatter-72E0 E0:72:A1:D5:4C:15","device_key":"ble-address:e0:72:a1:d5:4c:15","kind":"rx","seq":117,"session":"s2","stream":"chat","text":"[SYS] POWER 2 dBm SA","timestamp":1790455591.8537571}
2026-09-26T23:46:31.855+03:00 [RX chat] {"data_b64":"VkVECg==","description":"ble:LoRa-Chatter-72E0 E0:72:A1:D5:4C:15","device_key":"ble-address:e0:72:a1:d5:4c:15","kind":"rx","seq":118,"session":"s2","stream":"chat","text":"VED\n","timestamp":1790455591.8550332}
2026-09-26T23:46:31.856+03:00 [RX chat] {"data_b64":"W1NZU10gRlJFUSA0NzAgTUh6IFM=","description":"ble:LoRa-Chatter-72E0 E0:72:A1:D5:4C:15","device_key":"ble-address:e0:72:a1:d5:4c:15","kind":"rx","seq":119,"session":"s2","stream":"chat","text":"[SYS] FREQ 470 MHz S","timestamp":1790455591.8555655}
2026-09-26T23:46:31.856+03:00 [RX chat] {"data_b64":"QVZFRAo=","description":"ble:LoRa-Chatter-72E0 E0:72:A1:D5:4C:15","device_key":"ble-address:e0:72:a1:d5:4c:15","kind":"rx","seq":120,"session":"s2","stream":"chat","text":"AVED\n","timestamp":1790455591.8556492}
2026-09-26T23:46:44.431+03:00 [AGENT REQUEST] {"id":32,"op":"observe","cursors":{"s1":111,"s2":110},"timeout_ms":1000}
2026-09-26T23:46:44.432+03:00 [AGENT RESPONSE] {"id":32,"ok":true,"result":{"cursors":{"s1":120,"s2":120},"lines":[{"seq_first":112,"seq_last":114,"session":"s1","stream":"telemetry","text":"DELIVERY CANCEL ALL pending=none queue_removed=0"},{"seq_first":115,"seq_last":116,"session":"s1","stream":"chat","text":"[SYS] DELIVERY CANCEL: nothing pending"},{"seq_first":117,"seq_last":118,"session":"s1","stream":"chat","text":"[SYS] POWER 2 dBm SAVED"},{"seq_first":119,"seq_last":120,"session":"s1","stream":"chat","text":"[SYS] FREQ 470 MHz SAVED"},{"seq_first":112,"seq_last":114,"session":"s2","stream":"telemetry","text":"DELIVERY CANCEL ALL pending=none queue_removed=0"},{"seq_first":115,"seq_last":116,"session":"s2","stream":"chat","text":"[SYS] DELIVERY CANCEL: nothing pending"},{"seq_first":117,"seq_last":118,"session":"s2","stream":"chat","text":"[SYS] POWER 2 dBm SAVED"},{"seq_first":119,"seq_last":120,"session":"s2","stream":"chat","text":"[SYS] FREQ 470 MHz SAVED"}],"timed_out":false}}
2026-09-26T23:46:59.685+03:00 [AGENT REQUEST] {"id":33,"op":"send_line","session":"s1","text":"/sf 7"}
2026-09-26T23:46:59.687+03:00 [TX] {"data_b64":"L3NmIDcK","device_key":"ble-address:44:1b:f6:8d:b7:a9","kind":"tx","seq":121,"session":"s1","text":"/sf 7","timestamp":1790455619.686983,"tx_id":11,"tx_state":"queued"}
2026-09-26T23:46:59.688+03:00 [AGENT RESPONSE] {"id":33,"ok":true,"result":{"state":"queued","tx_id":11}}
2026-09-26T23:46:59.688+03:00 [AGENT REQUEST] {"id":34,"op":"observe","cursors":{"s1":120,"s2":120},"timeout_ms":1000}
2026-09-26T23:46:59.688+03:00 [AGENT RESPONSE] {"id":34,"ok":true,"result":{"cursors":{"s1":121,"s2":120},"lines":[],"timed_out":false}}
2026-09-26T23:46:59.688+03:00 [TX] {"data_b64":"L3NmIDcK","description":"ble:LoRa-Chatter-1B44 44:1B:F6:8D:B7:A9","device_key":"ble-address:44:1b:f6:8d:b7:a9","kind":"tx","seq":122,"session":"s1","text":"/sf 7","timestamp":1790455619.6887062,"tx_id":11,"tx_state":"written"}
2026-09-26T23:46:59.743+03:00 [RX chat] {"data_b64":"W1NZU10gU0YgNyBTQVZFRAo=","description":"ble:LoRa-Chatter-1B44 44:1B:F6:8D:B7:A9","device_key":"ble-address:44:1b:f6:8d:b7:a9","kind":"rx","seq":123,"session":"s1","stream":"chat","text":"[SYS] SF 7 SAVED\n","timestamp":1790455619.7429552}
2026-09-26T23:47:06.313+03:00 [RX telemetry] {"data_b64":"ClNFU1NJT04gdD00MjBzIFRYIG8=","description":"ble:LoRa-Chatter-1B44 44:1B:F6:8D:B7:A9","device_key":"ble-address:44:1b:f6:8d:b7:a9","kind":"rx","seq":124,"session":"s1","stream":"telemetry","text":"\nSESSION t=420s TX o","timestamp":1790455626.313166}
2026-09-26T23:47:06.314+03:00 [RX telemetry] {"data_b64":"az0wIHVzZXI9MCBlY2hvX3JlcT0=","description":"ble:LoRa-Chatter-1B44 44:1B:F6:8D:B7:A9","device_key":"ble-address:44:1b:f6:8d:b7:a9","kind":"rx","seq":125,"session":"s1","stream":"telemetry","text":"k=0 user=0 echo_req=","timestamp":1790455626.3132842}
2026-09-26T23:47:06.314+03:00 [RX telemetry] {"data_b64":"MCBlY2hvX3JlcD0wIGhiPTAoaWQ=","description":"ble:LoRa-Chatter-1B44 44:1B:F6:8D:B7:A9","device_key":"ble-address:44:1b:f6:8d:b7:a9","kind":"rx","seq":126,"session":"s1","stream":"telemetry","text":"0 echo_rep=0 hb=0(id","timestamp":1790455626.3141086}
2026-09-26T23:47:06.315+03:00 [RX telemetry] {"data_b64":"bGU9MCkgZXJyPTAgc3RhcnRlZD0=","description":"ble:LoRa-Chatter-1B44 44:1B:F6:8D:B7:A9","device_key":"ble-address:44:1b:f6:8d:b7:a9","kind":"rx","seq":127,"session":"s1","stream":"telemetry","text":"le=0) err=0 started=","timestamp":1790455626.3150403}
2026-09-26T23:47:06.316+03:00 [RX telemetry] {"data_b64":"MCBSWCBvaz0wIHVzZXI9MCBlY2g=","description":"ble:LoRa-Chatter-1B44 44:1B:F6:8D:B7:A9","device_key":"ble-address:44:1b:f6:8d:b7:a9","kind":"rx","seq":128,"session":"s1","stream":"telemetry","text":"0 RX ok=0 user=0 ech","timestamp":1790455626.3159652}
2026-09-26T23:47:06.317+03:00 [RX telemetry] {"data_b64":"b19yZXE9MCBlY2hvX3JlcD0wIGg=","description":"ble:LoRa-Chatter-1B44 44:1B:F6:8D:B7:A9","device_key":"ble-address:44:1b:f6:8d:b7:a9","kind":"rx","seq":129,"session":"s1","stream":"telemetry","text":"o_req=0 echo_rep=0 h","timestamp":1790455626.3174374}
2026-09-26T23:47:06.318+03:00 [RX telemetry] {"data_b64":"Yj0wIGNyYz0wIGhkcj0wIGJhZD0=","description":"ble:LoRa-Chatter-1B44 44:1B:F6:8D:B7:A9","device_key":"ble-address:44:1b:f6:8d:b7:a9","kind":"rx","seq":130,"session":"s1","stream":"telemetry","text":"b=0 crc=0 hdr=0 bad=","timestamp":1790455626.318079}
2026-09-26T23:47:06.319+03:00 [RX telemetry] {"data_b64":"MCByZWFkZXJyPTAgcmVwb3J0cz0=","description":"ble:LoRa-Chatter-1B44 44:1B:F6:8D:B7:A9","device_key":"ble-address:44:1b:f6:8d:b7:a9","kind":"rx","seq":131,"session":"s1","stream":"telemetry","text":"0 readerr=0 reports=","timestamp":1790455626.318841}
2026-09-26T23:47:06.319+03:00 [RX telemetry] {"data_b64":"MCBRPTAlIGRyb3BzPTAgZmF0YWw=","description":"ble:LoRa-Chatter-1B44 44:1B:F6:8D:B7:A9","device_key":"ble-address:44:1b:f6:8d:b7:a9","kind":"rx","seq":132,"session":"s1","stream":"telemetry","text":"0 Q=0% drops=0 fatal","timestamp":1790455626.3194275}
2026-09-26T23:47:06.320+03:00 [RX telemetry] {"data_b64":"PTAK","description":"ble:LoRa-Chatter-1B44 44:1B:F6:8D:B7:A9","device_key":"ble-address:44:1b:f6:8d:b7:a9","kind":"rx","seq":133,"session":"s1","stream":"telemetry","text":"=0\n","timestamp":1790455626.3201597}
2026-09-26T23:47:06.321+03:00 [RX telemetry] {"data_b64":"U0VTU0lPTiBDT1VSVEVTWSB3aW4=","description":"ble:LoRa-Chatter-1B44 44:1B:F6:8D:B7:A9","device_key":"ble-address:44:1b:f6:8d:b7:a9","kind":"rx","seq":134,"session":"s1","stream":"telemetry","text":"SESSION COURTESY win","timestamp":1790455626.3208015}
2026-09-26T23:47:06.321+03:00 [RX telemetry] {"data_b64":"ZG93PTUwMDBtcyBwZWVyX3JlbGU=","description":"ble:LoRa-Chatter-1B44 44:1B:F6:8D:B7:A9","device_key":"ble-address:44:1b:f6:8d:b7:a9","kind":"rx","seq":135,"session":"s1","stream":"telemetry","text":"dow=5000ms peer_rele","timestamp":1790455626.3215718}
2026-09-26T23:47:06.322+03:00 [RX telemetry] {"data_b64":"YXNlPTAgZXhwaXJlZD0wIHlpZWw=","description":"ble:LoRa-Chatter-1B44 44:1B:F6:8D:B7:A9","device_key":"ble-address:44:1b:f6:8d:b7:a9","kind":"rx","seq":136,"session":"s1","stream":"telemetry","text":"ase=0 expired=0 yiel","timestamp":1790455626.3222039}
2026-09-26T23:47:06.323+03:00 [RX telemetry] {"data_b64":"ZGluZz0wCg==","description":"ble:LoRa-Chatter-1B44 44:1B:F6:8D:B7:A9","device_key":"ble-address:44:1b:f6:8d:b7:a9","kind":"rx","seq":137,"session":"s1","stream":"telemetry","text":"ding=0\n","timestamp":1790455626.3228743}
2026-09-26T23:47:06.324+03:00 [RX telemetry] {"data_b64":"U0VTU0lPTiBESU8wX1RYIGFmZmU=","description":"ble:LoRa-Chatter-1B44 44:1B:F6:8D:B7:A9","device_key":"ble-address:44:1b:f6:8d:b7:a9","kind":"rx","seq":138,"session":"s1","stream":"telemetry","text":"SESSION DIO0_TX affe","timestamp":1790455626.323855}
2026-09-26T23:47:06.324+03:00 [RX telemetry] {"data_b64":"Y3RlZD0wLzAgZXBpc29kZXM9MCA=","description":"ble:LoRa-Chatter-1B44 44:1B:F6:8D:B7:A9","device_key":"ble-address:44:1b:f6:8d:b7:a9","kind":"rx","seq":139,"session":"s1","stream":"telemetry","text":"cted=0/0 episodes=0 ","timestamp":1790455626.323924}
2026-09-26T23:47:06.325+03:00 [RX telemetry] {"data_b64":"YXZnX2FsbD0wLjAwIGF2Z19hZmY=","description":"ble:LoRa-Chatter-1B44 44:1B:F6:8D:B7:A9","device_key":"ble-address:44:1b:f6:8d:b7:a9","kind":"rx","seq":140,"session":"s1","stream":"telemetry","text":"avg_all=0.00 avg_aff","timestamp":1790455626.3247073}
2026-09-26T23:47:06.325+03:00 [RX telemetry] {"data_b64":"ZWN0ZWQ9MC4wMCBoaWdoX3BvbGw=","description":"ble:LoRa-Chatter-1B44 44:1B:F6:8D:B7:A9","device_key":"ble-address:44:1b:f6:8d:b7:a9","kind":"rx","seq":141,"session":"s1","stream":"telemetry","text":"ected=0.00 high_poll","timestamp":1790455626.3247979}
2026-09-26T23:47:06.326+03:00 [RX telemetry] {"data_b64":"cz0wCg==","description":"ble:LoRa-Chatter-1B44 44:1B:F6:8D:B7:A9","device_key":"ble-address:44:1b:f6:8d:b7:a9","kind":"rx","seq":142,"session":"s1","stream":"telemetry","text":"s=0\n","timestamp":1790455626.3261368}
2026-09-26T23:47:06.326+03:00 [RX telemetry] {"data_b64":"U0VTU0lPTiBSWF9QT0xMIHBvbGw=","description":"ble:LoRa-Chatter-1B44 44:1B:F6:8D:B7:A9","device_key":"ble-address:44:1b:f6:8d:b7:a9","kind":"rx","seq":143,"session":"s1","stream":"telemetry","text":"SESSION RX_POLL poll","timestamp":1790455626.326207}
2026-09-26T23:47:06.327+03:00 [RX telemetry] {"data_b64":"cz00MDMxOTAgcnhkb25lPTAgaW4=","description":"ble:LoRa-Chatter-1B44 44:1B:F6:8D:B7:A9","device_key":"ble-address:44:1b:f6:8d:b7:a9","kind":"rx","seq":144,"session":"s1","stream":"telemetry","text":"s=403190 rxdone=0 in","timestamp":1790455626.3262432}
2026-09-26T23:47:06.327+03:00 [RX telemetry] {"data_b64":"dGVydmFsPTEwMDB1cyBESU8wX1I=","description":"ble:LoRa-Chatter-1B44 44:1B:F6:8D:B7:A9","device_key":"ble-address:44:1b:f6:8d:b7:a9","kind":"rx","seq":145,"session":"s1","stream":"telemetry","text":"terval=1000us DIO0_R","timestamp":1790455626.327473}
2026-09-26T23:47:06.329+03:00 [RX telemetry] {"data_b64":"WCBmYWxzZV9oaWdoX2VwPTAgaGk=","description":"ble:LoRa-Chatter-1B44 44:1B:F6:8D:B7:A9","device_key":"ble-address:44:1b:f6:8d:b7:a9","kind":"rx","seq":146,"session":"s1","stream":"telemetry","text":"X false_high_ep=0 hi","timestamp":1790455626.3289003}
2026-09-26T23:47:06.329+03:00 [RX telemetry] {"data_b64":"Z2hfcG9sbHM9MCByeGRvbmVfbG8=","description":"ble:LoRa-Chatter-1B44 44:1B:F6:8D:B7:A9","device_key":"ble-address:44:1b:f6:8d:b7:a9","kind":"rx","seq":147,"session":"s1","stream":"telemetry","text":"gh_polls=0 rxdone_lo","timestamp":1790455626.329477}
2026-09-26T23:47:06.329+03:00 [RX telemetry] {"data_b64":"dz0wIGlzcj1kaXNhYmxlZAo=","description":"ble:LoRa-Chatter-1B44 44:1B:F6:8D:B7:A9","device_key":"ble-address:44:1b:f6:8d:b7:a9","kind":"rx","seq":148,"session":"s1","stream":"telemetry","text":"w=0 isr=disabled\n","timestamp":1790455626.329818}
2026-09-26T23:47:06.455+03:00 [RX telemetry] {"data_b64":"ClNFU1NJT04gdD01ODIwcyBUWCA=","description":"ble:LoRa-Chatter-72E0 E0:72:A1:D5:4C:15","device_key":"ble-address:e0:72:a1:d5:4c:15","kind":"rx","seq":121,"session":"s2","stream":"telemetry","text":"\nSESSION t=5820s TX ","timestamp":1790455626.4546578}
2026-09-26T23:47:06.456+03:00 [RX telemetry] {"data_b64":"b2s9NCB1c2VyPTIgZWNob19yZXE=","description":"ble:LoRa-Chatter-72E0 E0:72:A1:D5:4C:15","device_key":"ble-address:e0:72:a1:d5:4c:15","kind":"rx","seq":122,"session":"s2","stream":"telemetry","text":"ok=4 user=2 echo_req","timestamp":1790455626.455407}
2026-09-26T23:47:06.457+03:00 [RX telemetry] {"data_b64":"PTAgZWNob19yZXA9MCBoYj0wKGk=","description":"ble:LoRa-Chatter-72E0 E0:72:A1:D5:4C:15","device_key":"ble-address:e0:72:a1:d5:4c:15","kind":"rx","seq":123,"session":"s2","stream":"telemetry","text":"=0 echo_rep=0 hb=0(i","timestamp":1790455626.4558358}
2026-09-26T23:47:06.457+03:00 [RX telemetry] {"data_b64":"ZGxlPTApIGVycj0wIHN0YXJ0ZWQ=","description":"ble:LoRa-Chatter-72E0 E0:72:A1:D5:4C:15","device_key":"ble-address:e0:72:a1:d5:4c:15","kind":"rx","seq":124,"session":"s2","stream":"telemetry","text":"dle=0) err=0 started","timestamp":1790455626.456933}
2026-09-26T23:47:06.457+03:00 [RX telemetry] {"data_b64":"PTQgUlggb2s9NCB1c2VyPTIgZWM=","description":"ble:LoRa-Chatter-72E0 E0:72:A1:D5:4C:15","device_key":"ble-address:e0:72:a1:d5:4c:15","kind":"rx","seq":125,"session":"s2","stream":"telemetry","text":"=4 RX ok=4 user=2 ec","timestamp":1790455626.4570014}
2026-09-26T23:47:06.458+03:00 [RX telemetry] {"data_b64":"aG9fcmVxPTAgZWNob19yZXA9MCA=","description":"ble:LoRa-Chatter-72E0 E0:72:A1:D5:4C:15","device_key":"ble-address:e0:72:a1:d5:4c:15","kind":"rx","seq":126,"session":"s2","stream":"telemetry","text":"ho_req=0 echo_rep=0 ","timestamp":1790455626.4582233}
2026-09-26T23:47:06.460+03:00 [RX telemetry] {"data_b64":"aGI9MCBjcmM9MCBoZHI9MCBiYWQ=","description":"ble:LoRa-Chatter-72E0 E0:72:A1:D5:4C:15","device_key":"ble-address:e0:72:a1:d5:4c:15","kind":"rx","seq":127,"session":"s2","stream":"telemetry","text":"hb=0 crc=0 hdr=0 bad","timestamp":1790455626.4582915}
2026-09-26T23:47:06.460+03:00 [RX telemetry] {"data_b64":"PTQgcmVhZGVycj0wIHJlcG9ydHM=","description":"ble:LoRa-Chatter-72E0 E0:72:A1:D5:4C:15","device_key":"ble-address:e0:72:a1:d5:4c:15","kind":"rx","seq":128,"session":"s2","stream":"telemetry","text":"=4 readerr=0 reports","timestamp":1790455626.459576}
2026-09-26T23:47:06.461+03:00 [RX telemetry] {"data_b64":"PTIgUT0xMDAlIGRyb3BzPTAgZmE=","description":"ble:LoRa-Chatter-72E0 E0:72:A1:D5:4C:15","device_key":"ble-address:e0:72:a1:d5:4c:15","kind":"rx","seq":129,"session":"s2","stream":"telemetry","text":"=2 Q=100% drops=0 fa","timestamp":1790455626.4596357}
2026-09-26T23:47:06.462+03:00 [RX telemetry] {"data_b64":"dGFsPTAK","description":"ble:LoRa-Chatter-72E0 E0:72:A1:D5:4C:15","device_key":"ble-address:e0:72:a1:d5:4c:15","kind":"rx","seq":130,"session":"s2","stream":"telemetry","text":"tal=0\n","timestamp":1790455626.4596734}
2026-09-26T23:47:06.462+03:00 [RX telemetry] {"data_b64":"U0VTU0lPTiBDT1VSVEVTWSB3aW4=","description":"ble:LoRa-Chatter-72E0 E0:72:A1:D5:4C:15","device_key":"ble-address:e0:72:a1:d5:4c:15","kind":"rx","seq":131,"session":"s2","stream":"telemetry","text":"SESSION COURTESY win","timestamp":1790455626.4599304}
2026-09-26T23:47:06.463+03:00 [RX telemetry] {"data_b64":"ZG93PTUwMDBtcyBwZWVyX3JlbGU=","description":"ble:LoRa-Chatter-72E0 E0:72:A1:D5:4C:15","device_key":"ble-address:e0:72:a1:d5:4c:15","kind":"rx","seq":132,"session":"s2","stream":"telemetry","text":"dow=5000ms peer_rele","timestamp":1790455626.4610884}
2026-09-26T23:47:06.463+03:00 [RX telemetry] {"data_b64":"YXNlPTAgZXhwaXJlZD0wIHlpZWw=","description":"ble:LoRa-Chatter-72E0 E0:72:A1:D5:4C:15","device_key":"ble-address:e0:72:a1:d5:4c:15","kind":"rx","seq":133,"session":"s2","stream":"telemetry","text":"ase=0 expired=0 yiel","timestamp":1790455626.462435}
2026-09-26T23:47:06.463+03:00 [RX telemetry] {"data_b64":"ZGluZz0wCg==","description":"ble:LoRa-Chatter-72E0 E0:72:A1:D5:4C:15","device_key":"ble-address:e0:72:a1:d5:4c:15","kind":"rx","seq":134,"session":"s2","stream":"telemetry","text":"ding=0\n","timestamp":1790455626.4625137}
2026-09-26T23:47:06.463+03:00 [RX telemetry] {"data_b64":"U0VTU0lPTiBESU8wX1RYIGFmZmU=","description":"ble:LoRa-Chatter-72E0 E0:72:A1:D5:4C:15","device_key":"ble-address:e0:72:a1:d5:4c:15","kind":"rx","seq":135,"session":"s2","stream":"telemetry","text":"SESSION DIO0_TX affe","timestamp":1790455626.4625607}
2026-09-26T23:47:06.464+03:00 [RX telemetry] {"data_b64":"Y3RlZD0wLzQgZXBpc29kZXM9MCA=","description":"ble:LoRa-Chatter-72E0 E0:72:A1:D5:4C:15","device_key":"ble-address:e0:72:a1:d5:4c:15","kind":"rx","seq":136,"session":"s2","stream":"telemetry","text":"cted=0/4 episodes=0 ","timestamp":1790455626.463309}
2026-09-26T23:47:06.464+03:00 [RX telemetry] {"data_b64":"YXZnX2FsbD0wLjAwIGF2Z19hZmY=","description":"ble:LoRa-Chatter-72E0 E0:72:A1:D5:4C:15","device_key":"ble-address:e0:72:a1:d5:4c:15","kind":"rx","seq":137,"session":"s2","stream":"telemetry","text":"avg_all=0.00 avg_aff","timestamp":1790455626.4633548}
2026-09-26T23:47:06.464+03:00 [RX telemetry] {"data_b64":"ZWN0ZWQ9MC4wMCBoaWdoX3BvbGw=","description":"ble:LoRa-Chatter-72E0 E0:72:A1:D5:4C:15","device_key":"ble-address:e0:72:a1:d5:4c:15","kind":"rx","seq":138,"session":"s2","stream":"telemetry","text":"ected=0.00 high_poll","timestamp":1790455626.4644666}
2026-09-26T23:47:06.465+03:00 [RX telemetry] {"data_b64":"cz0wCg==","description":"ble:LoRa-Chatter-72E0 E0:72:A1:D5:4C:15","device_key":"ble-address:e0:72:a1:d5:4c:15","kind":"rx","seq":139,"session":"s2","stream":"telemetry","text":"s=0\n","timestamp":1790455626.4651816}
2026-09-26T23:47:06.465+03:00 [RX telemetry] {"data_b64":"U0VTU0lPTiBSWF9QT0xMIHBvbGw=","description":"ble:LoRa-Chatter-72E0 E0:72:A1:D5:4C:15","device_key":"ble-address:e0:72:a1:d5:4c:15","kind":"rx","seq":140,"session":"s2","stream":"telemetry","text":"SESSION RX_POLL poll","timestamp":1790455626.4657052}
2026-09-26T23:47:06.466+03:00 [RX telemetry] {"data_b64":"cz00OTA2NzAxIHJ4ZG9uZT04IGk=","description":"ble:LoRa-Chatter-72E0 E0:72:A1:D5:4C:15","device_key":"ble-address:e0:72:a1:d5:4c:15","kind":"rx","seq":141,"session":"s2","stream":"telemetry","text":"s=4906701 rxdone=8 i","timestamp":1790455626.466246}
2026-09-26T23:47:06.466+03:00 [RX telemetry] {"data_b64":"bnRlcnZhbD0xMDAwdXMgRElPMF8=","description":"ble:LoRa-Chatter-72E0 E0:72:A1:D5:4C:15","device_key":"ble-address:e0:72:a1:d5:4c:15","kind":"rx","seq":142,"session":"s2","stream":"telemetry","text":"nterval=1000us DIO0_","timestamp":1790455626.4663048}
2026-09-26T23:47:06.467+03:00 [RX telemetry] {"data_b64":"UlggZmFsc2VfaGlnaF9lcD0wIGg=","description":"ble:LoRa-Chatter-72E0 E0:72:A1:D5:4C:15","device_key":"ble-address:e0:72:a1:d5:4c:15","kind":"rx","seq":143,"session":"s2","stream":"telemetry","text":"RX false_high_ep=0 h","timestamp":1790455626.4673462}
2026-09-26T23:47:06.467+03:00 [RX telemetry] {"data_b64":"aWdoX3BvbGxzPTAgcnhkb25lX2w=","description":"ble:LoRa-Chatter-72E0 E0:72:A1:D5:4C:15","device_key":"ble-address:e0:72:a1:d5:4c:15","kind":"rx","seq":144,"session":"s2","stream":"telemetry","text":"igh_polls=0 rxdone_l","timestamp":1790455626.4673975}
2026-09-26T23:47:06.467+03:00 [RX telemetry] {"data_b64":"b3c9MCBpc3I9ZGlzYWJsZWQK","description":"ble:LoRa-Chatter-72E0 E0:72:A1:D5:4C:15","device_key":"ble-address:e0:72:a1:d5:4c:15","kind":"rx","seq":145,"session":"s2","stream":"telemetry","text":"ow=0 isr=disabled\n","timestamp":1790455626.4674473}
2026-09-26T23:47:12.441+03:00 [AGENT REQUEST] {"id":35,"op":"observe","cursors":{"s1":121,"s2":120},"timeout_ms":1000}
2026-09-26T23:47:12.441+03:00 [AGENT RESPONSE] {"id":35,"ok":true,"result":{"cursors":{"s1":148,"s2":145},"lines":[{"seq_first":123,"seq_last":123,"session":"s1","stream":"chat","text":"[SYS] SF 7 SAVED"},{"seq_first":124,"seq_last":124,"session":"s1","stream":"telemetry","text":""},{"seq_first":124,"seq_last":133,"session":"s1","stream":"telemetry","text":"SESSION t=420s TX ok=0 user=0 echo_req=0 echo_rep=0 hb=0(idle=0) err=0 started=0 RX ok=0 user=0 echo_req=0 echo_rep=0 hb=0 crc=0 hdr=0 bad=0 readerr=0 reports=0 Q=0% drops=0 fatal=0"},{"seq_first":134,"seq_last":137,"session":"s1","stream":"telemetry","text":"SESSION COURTESY window=5000ms peer_release=0 expired=0 yielding=0"},{"seq_first":138,"seq_last":142,"session":"s1","stream":"telemetry","text":"SESSION DIO0_TX affected=0/0 episodes=0 avg_all=0.00 avg_affected=0.00 high_polls=0"},{"seq_first":143,"seq_last":148,"session":"s1","stream":"telemetry","text":"SESSION RX_POLL polls=403190 rxdone=0 interval=1000us DIO0_RX false_high_ep=0 high_polls=0 rxdone_low=0 isr=disabled"},{"seq_first":121,"seq_last":121,"session":"s2","stream":"telemetry","text":""},{"seq_first":121,"seq_last":130,"session":"s2","stream":"telemetry","text":"SESSION t=5820s TX ok=4 user=2 echo_req=0 echo_rep=0 hb=0(idle=0) err=0 started=4 RX ok=4 user=2 echo_req=0 echo_rep=0 hb=0 crc=0 hdr=0 bad=4 readerr=0 reports=2 Q=100% drops=0 fatal=0"},{"seq_first":131,"seq_last":134,"session":"s2","stream":"telemetry","text":"SESSION COURTESY window=5000ms peer_release=0 expired=0 yielding=0"},{"seq_first":135,"seq_last":139,"session":"s2","stream":"telemetry","text":"SESSION DIO0_TX affected=0/4 episodes=0 avg_all=0.00 avg_affected=0.00 high_polls=0"},{"seq_first":140,"seq_last":145,"session":"s2","stream":"telemetry","text":"SESSION RX_POLL polls=4906701 rxdone=8 interval=1000us DIO0_RX false_high_ep=0 high_polls=0 rxdone_low=0 isr=disabled"}],"timed_out":false}}
2026-09-26T23:47:22.332+03:00 [RX telemetry] {"data_b64":"ClJYIENSQyBFUlJPUiBJUlE9MHg=","description":"ble:LoRa-Chatter-1B44 44:1B:F6:8D:B7:A9","device_key":"ble-address:44:1b:f6:8d:b7:a9","kind":"rx","seq":149,"session":"s1","stream":"telemetry","text":"\nRX CRC ERROR IRQ=0x","timestamp":1790455642.331803}
2026-09-26T23:47:22.332+03:00 [RX telemetry] {"data_b64":"NzAgUlg9LTExNi8tMTIgbGVuPTE=","description":"ble:LoRa-Chatter-1B44 44:1B:F6:8D:B7:A9","device_key":"ble-address:44:1b:f6:8d:b7:a9","kind":"rx","seq":150,"session":"s1","stream":"telemetry","text":"70 RX=-116/-12 len=1","timestamp":1790455642.3319128}
2026-09-26T23:47:22.332+03:00 [RX telemetry] {"data_b64":"NzkK","description":"ble:LoRa-Chatter-1B44 44:1B:F6:8D:B7:A9","device_key":"ble-address:44:1b:f6:8d:b7:a9","kind":"rx","seq":151,"session":"s1","stream":"telemetry","text":"79\n","timestamp":1790455642.3325849}
2026-09-26T23:47:26.407+03:00 [AGENT REQUEST] {"id":36,"op":"send_line","session":"s2","text":"/sf 7"}
2026-09-26T23:47:26.408+03:00 [TX] {"data_b64":"L3NmIDcK","device_key":"ble-address:e0:72:a1:d5:4c:15","kind":"tx","seq":146,"session":"s2","text":"/sf 7","timestamp":1790455646.4080617,"tx_id":11,"tx_state":"queued"}
2026-09-26T23:47:26.408+03:00 [AGENT RESPONSE] {"id":36,"ok":true,"result":{"state":"queued","tx_id":11}}
2026-09-26T23:47:26.408+03:00 [AGENT REQUEST] {"id":37,"op":"observe","cursors":{"s1":148,"s2":145},"timeout_ms":1000}
2026-09-26T23:47:26.409+03:00 [AGENT RESPONSE] {"id":37,"ok":true,"result":{"cursors":{"s1":151,"s2":146},"lines":[{"seq_first":149,"seq_last":149,"session":"s1","stream":"telemetry","text":""},{"seq_first":149,"seq_last":151,"session":"s1","stream":"telemetry","text":"RX CRC ERROR IRQ=0x70 RX=-116/-12 len=179"}],"timed_out":false}}
2026-09-26T23:47:26.409+03:00 [TX] {"data_b64":"L3NmIDcK","description":"ble:LoRa-Chatter-72E0 E0:72:A1:D5:4C:15","device_key":"ble-address:e0:72:a1:d5:4c:15","kind":"tx","seq":147,"session":"s2","text":"/sf 7","timestamp":1790455646.4093225,"tx_id":11,"tx_state":"written"}
2026-09-26T23:47:26.476+03:00 [RX chat] {"data_b64":"W1NZU10gU0YgNyBTQVZFRAo=","description":"ble:LoRa-Chatter-72E0 E0:72:A1:D5:4C:15","device_key":"ble-address:e0:72:a1:d5:4c:15","kind":"rx","seq":148,"session":"s2","stream":"chat","text":"[SYS] SF 7 SAVED\n","timestamp":1790455646.4764647}
2026-09-26T23:47:42.368+03:00 [AGENT REQUEST] {"id":38,"op":"observe","cursors":{"s1":151,"s2":146},"timeout_ms":1000}
2026-09-26T23:47:42.369+03:00 [AGENT RESPONSE] {"id":38,"ok":true,"result":{"cursors":{"s1":151,"s2":148},"lines":[{"seq_first":148,"seq_last":148,"session":"s2","stream":"chat","text":"[SYS] SF 7 SAVED"}],"timed_out":false}}
2026-09-26T23:47:56.411+03:00 [AGENT REQUEST] {"id":39,"op":"send_line","session":"s1","text":"/config"}
2026-09-26T23:47:56.411+03:00 [TX] {"data_b64":"L2NvbmZpZwo=","device_key":"ble-address:44:1b:f6:8d:b7:a9","kind":"tx","seq":152,"session":"s1","text":"/config","timestamp":1790455676.4113734,"tx_id":12,"tx_state":"queued"}
2026-09-26T23:47:56.411+03:00 [AGENT RESPONSE] {"id":39,"ok":true,"result":{"state":"queued","tx_id":12}}
2026-09-26T23:47:56.412+03:00 [AGENT REQUEST] {"id":40,"op":"send_line","session":"s2","text":"/config"}
2026-09-26T23:47:56.412+03:00 [TX] {"data_b64":"L2NvbmZpZwo=","device_key":"ble-address:e0:72:a1:d5:4c:15","kind":"tx","seq":149,"session":"s2","text":"/config","timestamp":1790455676.4121046,"tx_id":12,"tx_state":"queued"}
2026-09-26T23:47:56.412+03:00 [AGENT RESPONSE] {"id":40,"ok":true,"result":{"state":"queued","tx_id":12}}
2026-09-26T23:47:56.412+03:00 [TX] {"data_b64":"L2NvbmZpZwo=","description":"ble:LoRa-Chatter-1B44 44:1B:F6:8D:B7:A9","device_key":"ble-address:44:1b:f6:8d:b7:a9","kind":"tx","seq":153,"session":"s1","text":"/config","timestamp":1790455676.4126148,"tx_id":12,"tx_state":"written"}
2026-09-26T23:47:56.413+03:00 [TX] {"data_b64":"L2NvbmZpZwo=","description":"ble:LoRa-Chatter-72E0 E0:72:A1:D5:4C:15","device_key":"ble-address:e0:72:a1:d5:4c:15","kind":"tx","seq":150,"session":"s2","text":"/config","timestamp":1790455676.4128542,"tx_id":12,"tx_state":"written"}
2026-09-26T23:47:56.413+03:00 [AGENT REQUEST] {"id":41,"op":"observe","cursors":{"s1":151,"s2":148},"timeout_ms":1000}
2026-09-26T23:47:56.413+03:00 [AGENT RESPONSE] {"id":41,"ok":true,"result":{"cursors":{"s1":153,"s2":150},"lines":[],"timed_out":false}}
2026-09-26T23:47:56.494+03:00 [RX chat] {"data_b64":"W1NZU10gQ0ZHIHNjaGVtYT0yIHM=","description":"ble:LoRa-Chatter-72E0 E0:72:A1:D5:4C:15","device_key":"ble-address:e0:72:a1:d5:4c:15","kind":"rx","seq":151,"session":"s2","stream":"chat","text":"[SYS] CFG schema=2 s","timestamp":1790455676.4927351}
2026-09-26T23:47:56.495+03:00 [RX chat] {"data_b64":"dG9yYWdlPU5WUyBmcmVxX29vYj0=","description":"ble:LoRa-Chatter-72E0 E0:72:A1:D5:4C:15","device_key":"ble-address:e0:72:a1:d5:4c:15","kind":"rx","seq":152,"session":"s2","stream":"chat","text":"torage=NVS freq_oob=","timestamp":1790455676.4931715}
2026-09-26T23:47:56.496+03:00 [RX chat] {"data_b64":"T0ZGCg==","description":"ble:LoRa-Chatter-72E0 E0:72:A1:D5:4C:15","device_key":"ble-address:e0:72:a1:d5:4c:15","kind":"rx","seq":153,"session":"s2","stream":"chat","text":"OFF\n","timestamp":1790455676.495548}
2026-09-26T23:47:56.497+03:00 [RX chat] {"data_b64":"W1NZU10gQ0ZHIFJBRElPIHBvd2U=","description":"ble:LoRa-Chatter-72E0 E0:72:A1:D5:4C:15","device_key":"ble-address:e0:72:a1:d5:4c:15","kind":"rx","seq":154,"session":"s2","stream":"chat","text":"[SYS] CFG RADIO powe","timestamp":1790455676.4966774}
2026-09-26T23:47:56.497+03:00 [RX chat] {"data_b64":"cj0yIGRCbSBmcmVxPTQ3MCBNSHo=","description":"ble:LoRa-Chatter-72E0 E0:72:A1:D5:4C:15","device_key":"ble-address:e0:72:a1:d5:4c:15","kind":"rx","seq":155,"session":"s2","stream":"chat","text":"r=2 dBm freq=470 MHz","timestamp":1790455676.4967623}
2026-09-26T23:47:56.498+03:00 [RX chat] {"data_b64":"IHNmPTcgYnc9NTAwIGtIego=","description":"ble:LoRa-Chatter-72E0 E0:72:A1:D5:4C:15","device_key":"ble-address:e0:72:a1:d5:4c:15","kind":"rx","seq":156,"session":"s2","stream":"chat","text":" sf=7 bw=500 kHz\n","timestamp":1790455676.496832}
2026-09-26T23:47:56.498+03:00 [RX chat] {"data_b64":"W1NZU10gQ0ZHIExJTksgaGVhcnQ=","description":"ble:LoRa-Chatter-72E0 E0:72:A1:D5:4C:15","device_key":"ble-address:e0:72:a1:d5:4c:15","kind":"rx","seq":157,"session":"s2","stream":"chat","text":"[SYS] CFG LINK heart","timestamp":1790455676.4972892}
2026-09-26T23:47:56.498+03:00 [RX chat] {"data_b64":"YmVhdD1PRkYgcmV0cnk9T04gYXQ=","description":"ble:LoRa-Chatter-72E0 E0:72:A1:D5:4C:15","device_key":"ble-address:e0:72:a1:d5:4c:15","kind":"rx","seq":158,"session":"s2","stream":"chat","text":"beat=OFF retry=ON at","timestamp":1790455676.497361}
2026-09-26T23:47:56.498+03:00 [RX chat] {"data_b64":"dGVtcHRzPTUgZGlhZz1PRkYK","description":"ble:LoRa-Chatter-72E0 E0:72:A1:D5:4C:15","device_key":"ble-address:e0:72:a1:d5:4c:15","kind":"rx","seq":159,"session":"s2","stream":"chat","text":"tempts=5 diag=OFF\n","timestamp":1790455676.4974427}
2026-09-26T23:47:56.534+03:00 [RX chat] {"data_b64":"W1NZU10gQ0ZHIHNjaGVtYT0yIHM=","description":"ble:LoRa-Chatter-1B44 44:1B:F6:8D:B7:A9","device_key":"ble-address:44:1b:f6:8d:b7:a9","kind":"rx","seq":154,"session":"s1","stream":"chat","text":"[SYS] CFG schema=2 s","timestamp":1790455676.5331798}
2026-09-26T23:47:56.534+03:00 [RX chat] {"data_b64":"dG9yYWdlPU5WUyBmcmVxX29vYj0=","description":"ble:LoRa-Chatter-1B44 44:1B:F6:8D:B7:A9","device_key":"ble-address:44:1b:f6:8d:b7:a9","kind":"rx","seq":155,"session":"s1","stream":"chat","text":"torage=NVS freq_oob=","timestamp":1790455676.5332696}
2026-09-26T23:47:56.534+03:00 [RX chat] {"data_b64":"T0ZGCg==","description":"ble:LoRa-Chatter-1B44 44:1B:F6:8D:B7:A9","device_key":"ble-address:44:1b:f6:8d:b7:a9","kind":"rx","seq":156,"session":"s1","stream":"chat","text":"OFF\n","timestamp":1790455676.5333297}
2026-09-26T23:47:56.534+03:00 [RX chat] {"data_b64":"W1NZU10gQ0ZHIFJBRElPIHBvd2U=","description":"ble:LoRa-Chatter-1B44 44:1B:F6:8D:B7:A9","device_key":"ble-address:44:1b:f6:8d:b7:a9","kind":"rx","seq":157,"session":"s1","stream":"chat","text":"[SYS] CFG RADIO powe","timestamp":1790455676.5341465}
2026-09-26T23:47:56.576+03:00 [RX chat] {"data_b64":"cj0yIGRCbSBmcmVxPTQ3MCBNSHo=","description":"ble:LoRa-Chatter-1B44 44:1B:F6:8D:B7:A9","device_key":"ble-address:44:1b:f6:8d:b7:a9","kind":"rx","seq":158,"session":"s1","stream":"chat","text":"r=2 dBm freq=470 MHz","timestamp":1790455676.575753}
2026-09-26T23:47:56.577+03:00 [RX chat] {"data_b64":"IHNmPTcgYnc9NTAwIGtIego=","description":"ble:LoRa-Chatter-1B44 44:1B:F6:8D:B7:A9","device_key":"ble-address:44:1b:f6:8d:b7:a9","kind":"rx","seq":159,"session":"s1","stream":"chat","text":" sf=7 bw=500 kHz\n","timestamp":1790455676.5761876}
2026-09-26T23:47:56.577+03:00 [RX chat] {"data_b64":"W1NZU10gQ0ZHIExJTksgaGVhcnQ=","description":"ble:LoRa-Chatter-1B44 44:1B:F6:8D:B7:A9","device_key":"ble-address:44:1b:f6:8d:b7:a9","kind":"rx","seq":160,"session":"s1","stream":"chat","text":"[SYS] CFG LINK heart","timestamp":1790455676.5771127}
2026-09-26T23:47:56.620+03:00 [RX chat] {"data_b64":"YmVhdD1PRkYgcmV0cnk9T04gYXQ=","description":"ble:LoRa-Chatter-1B44 44:1B:F6:8D:B7:A9","device_key":"ble-address:44:1b:f6:8d:b7:a9","kind":"rx","seq":161,"session":"s1","stream":"chat","text":"beat=OFF retry=ON at","timestamp":1790455676.620232}
2026-09-26T23:47:56.620+03:00 [RX chat] {"data_b64":"dGVtcHRzPTUgZGlhZz1PRkYK","description":"ble:LoRa-Chatter-1B44 44:1B:F6:8D:B7:A9","device_key":"ble-address:44:1b:f6:8d:b7:a9","kind":"rx","seq":162,"session":"s1","stream":"chat","text":"tempts=5 diag=OFF\n","timestamp":1790455676.620276}
2026-09-26T23:48:06.296+03:00 [RX telemetry] {"data_b64":"ClNFU1NJT04gdD00ODBzIFRYIG8=","description":"ble:LoRa-Chatter-1B44 44:1B:F6:8D:B7:A9","device_key":"ble-address:44:1b:f6:8d:b7:a9","kind":"rx","seq":163,"session":"s1","stream":"telemetry","text":"\nSESSION t=480s TX o","timestamp":1790455686.2965288}
2026-09-26T23:48:06.297+03:00 [RX telemetry] {"data_b64":"az0wIHVzZXI9MCBlY2hvX3JlcT0=","description":"ble:LoRa-Chatter-1B44 44:1B:F6:8D:B7:A9","device_key":"ble-address:44:1b:f6:8d:b7:a9","kind":"rx","seq":164,"session":"s1","stream":"telemetry","text":"k=0 user=0 echo_req=","timestamp":1790455686.2966716}
2026-09-26T23:48:06.297+03:00 [RX telemetry] {"data_b64":"MCBlY2hvX3JlcD0wIGhiPTAoaWQ=","description":"ble:LoRa-Chatter-1B44 44:1B:F6:8D:B7:A9","device_key":"ble-address:44:1b:f6:8d:b7:a9","kind":"rx","seq":165,"session":"s1","stream":"telemetry","text":"0 echo_rep=0 hb=0(id","timestamp":1790455686.297487}
2026-09-26T23:48:06.298+03:00 [RX telemetry] {"data_b64":"bGU9MCkgZXJyPTAgc3RhcnRlZD0=","description":"ble:LoRa-Chatter-1B44 44:1B:F6:8D:B7:A9","device_key":"ble-address:44:1b:f6:8d:b7:a9","kind":"rx","seq":166,"session":"s1","stream":"telemetry","text":"le=0) err=0 started=","timestamp":1790455686.2985258}
2026-09-26T23:48:06.299+03:00 [RX telemetry] {"data_b64":"MCBSWCBvaz0wIHVzZXI9MCBlY2g=","description":"ble:LoRa-Chatter-1B44 44:1B:F6:8D:B7:A9","device_key":"ble-address:44:1b:f6:8d:b7:a9","kind":"rx","seq":167,"session":"s1","stream":"telemetry","text":"0 RX ok=0 user=0 ech","timestamp":1790455686.2992332}
2026-09-26T23:48:06.300+03:00 [RX telemetry] {"data_b64":"b19yZXE9MCBlY2hvX3JlcD0wIGg=","description":"ble:LoRa-Chatter-1B44 44:1B:F6:8D:B7:A9","device_key":"ble-address:44:1b:f6:8d:b7:a9","kind":"rx","seq":168,"session":"s1","stream":"telemetry","text":"o_req=0 echo_rep=0 h","timestamp":1790455686.300129}
2026-09-26T23:48:06.300+03:00 [RX telemetry] {"data_b64":"Yj0wIGNyYz0xIGhkcj0wIGJhZD0=","description":"ble:LoRa-Chatter-1B44 44:1B:F6:8D:B7:A9","device_key":"ble-address:44:1b:f6:8d:b7:a9","kind":"rx","seq":169,"session":"s1","stream":"telemetry","text":"b=0 crc=1 hdr=0 bad=","timestamp":1790455686.300204}
2026-09-26T23:48:06.302+03:00 [RX telemetry] {"data_b64":"MCByZWFkZXJyPTAgcmVwb3J0cz0=","description":"ble:LoRa-Chatter-1B44 44:1B:F6:8D:B7:A9","device_key":"ble-address:44:1b:f6:8d:b7:a9","kind":"rx","seq":170,"session":"s1","stream":"telemetry","text":"0 readerr=0 reports=","timestamp":1790455686.3023438}
2026-09-26T23:48:06.302+03:00 [RX telemetry] {"data_b64":"MCBRPTAlIGRyb3BzPTAgZmF0YWw=","description":"ble:LoRa-Chatter-1B44 44:1B:F6:8D:B7:A9","device_key":"ble-address:44:1b:f6:8d:b7:a9","kind":"rx","seq":171,"session":"s1","stream":"telemetry","text":"0 Q=0% drops=0 fatal","timestamp":1790455686.3024673}
2026-09-26T23:48:06.303+03:00 [RX telemetry] {"data_b64":"PTAK","description":"ble:LoRa-Chatter-1B44 44:1B:F6:8D:B7:A9","device_key":"ble-address:44:1b:f6:8d:b7:a9","kind":"rx","seq":172,"session":"s1","stream":"telemetry","text":"=0\n","timestamp":1790455686.3025117}
2026-09-26T23:48:06.303+03:00 [RX telemetry] {"data_b64":"U0VTU0lPTiBDT1VSVEVTWSB3aW4=","description":"ble:LoRa-Chatter-1B44 44:1B:F6:8D:B7:A9","device_key":"ble-address:44:1b:f6:8d:b7:a9","kind":"rx","seq":173,"session":"s1","stream":"telemetry","text":"SESSION COURTESY win","timestamp":1790455686.3025825}
2026-09-26T23:48:06.304+03:00 [RX telemetry] {"data_b64":"ZG93PTUwMDBtcyBwZWVyX3JlbGU=","description":"ble:LoRa-Chatter-1B44 44:1B:F6:8D:B7:A9","device_key":"ble-address:44:1b:f6:8d:b7:a9","kind":"rx","seq":174,"session":"s1","stream":"telemetry","text":"dow=5000ms peer_rele","timestamp":1790455686.303767}
2026-09-26T23:48:06.304+03:00 [RX telemetry] {"data_b64":"YXNlPTAgZXhwaXJlZD0wIHlpZWw=","description":"ble:LoRa-Chatter-1B44 44:1B:F6:8D:B7:A9","device_key":"ble-address:44:1b:f6:8d:b7:a9","kind":"rx","seq":175,"session":"s1","stream":"telemetry","text":"ase=0 expired=0 yiel","timestamp":1790455686.3038292}
2026-09-26T23:48:06.305+03:00 [RX telemetry] {"data_b64":"ZGluZz0wCg==","description":"ble:LoRa-Chatter-1B44 44:1B:F6:8D:B7:A9","device_key":"ble-address:44:1b:f6:8d:b7:a9","kind":"rx","seq":176,"session":"s1","stream":"telemetry","text":"ding=0\n","timestamp":1790455686.3049085}
2026-09-26T23:48:06.305+03:00 [RX telemetry] {"data_b64":"U0VTU0lPTiBESU8wX1RYIGFmZmU=","description":"ble:LoRa-Chatter-1B44 44:1B:F6:8D:B7:A9","device_key":"ble-address:44:1b:f6:8d:b7:a9","kind":"rx","seq":177,"session":"s1","stream":"telemetry","text":"SESSION DIO0_TX affe","timestamp":1790455686.304986}
2026-09-26T23:48:06.306+03:00 [RX telemetry] {"data_b64":"Y3RlZD0wLzAgZXBpc29kZXM9MCA=","description":"ble:LoRa-Chatter-1B44 44:1B:F6:8D:B7:A9","device_key":"ble-address:44:1b:f6:8d:b7:a9","kind":"rx","seq":178,"session":"s1","stream":"telemetry","text":"cted=0/0 episodes=0 ","timestamp":1790455686.3060105}
2026-09-26T23:48:06.306+03:00 [RX telemetry] {"data_b64":"YXZnX2FsbD0wLjAwIGF2Z19hZmY=","description":"ble:LoRa-Chatter-1B44 44:1B:F6:8D:B7:A9","device_key":"ble-address:44:1b:f6:8d:b7:a9","kind":"rx","seq":179,"session":"s1","stream":"telemetry","text":"avg_all=0.00 avg_aff","timestamp":1790455686.3060522}
2026-09-26T23:48:06.307+03:00 [RX telemetry] {"data_b64":"ZWN0ZWQ9MC4wMCBoaWdoX3BvbGw=","description":"ble:LoRa-Chatter-1B44 44:1B:F6:8D:B7:A9","device_key":"ble-address:44:1b:f6:8d:b7:a9","kind":"rx","seq":180,"session":"s1","stream":"telemetry","text":"ected=0.00 high_poll","timestamp":1790455686.306891}
2026-09-26T23:48:06.307+03:00 [RX telemetry] {"data_b64":"cz0wCg==","description":"ble:LoRa-Chatter-1B44 44:1B:F6:8D:B7:A9","device_key":"ble-address:44:1b:f6:8d:b7:a9","kind":"rx","seq":181,"session":"s1","stream":"telemetry","text":"s=0\n","timestamp":1790455686.3069448}
2026-09-26T23:48:06.307+03:00 [RX telemetry] {"data_b64":"U0VTU0lPTiBSWF9QT0xMIHBvbGw=","description":"ble:LoRa-Chatter-1B44 44:1B:F6:8D:B7:A9","device_key":"ble-address:44:1b:f6:8d:b7:a9","kind":"rx","seq":182,"session":"s1","stream":"telemetry","text":"SESSION RX_POLL poll","timestamp":1790455686.307686}
2026-09-26T23:48:06.308+03:00 [RX telemetry] {"data_b64":"cz00NDMyMDcgcnhkb25lPTEgaW4=","description":"ble:LoRa-Chatter-1B44 44:1B:F6:8D:B7:A9","device_key":"ble-address:44:1b:f6:8d:b7:a9","kind":"rx","seq":183,"session":"s1","stream":"telemetry","text":"s=443207 rxdone=1 in","timestamp":1790455686.3086357}
2026-09-26T23:48:06.309+03:00 [RX telemetry] {"data_b64":"dGVydmFsPTEwMDB1cyBESU8wX1I=","description":"ble:LoRa-Chatter-1B44 44:1B:F6:8D:B7:A9","device_key":"ble-address:44:1b:f6:8d:b7:a9","kind":"rx","seq":184,"session":"s1","stream":"telemetry","text":"terval=1000us DIO0_R","timestamp":1790455686.308705}
2026-09-26T23:48:06.309+03:00 [RX telemetry] {"data_b64":"WCBmYWxzZV9oaWdoX2VwPTAgaGk=","description":"ble:LoRa-Chatter-1B44 44:1B:F6:8D:B7:A9","device_key":"ble-address:44:1b:f6:8d:b7:a9","kind":"rx","seq":185,"session":"s1","stream":"telemetry","text":"X false_high_ep=0 hi","timestamp":1790455686.3094618}
2026-09-26T23:48:06.309+03:00 [RX telemetry] {"data_b64":"Z2hfcG9sbHM9MCByeGRvbmVfbG8=","description":"ble:LoRa-Chatter-1B44 44:1B:F6:8D:B7:A9","device_key":"ble-address:44:1b:f6:8d:b7:a9","kind":"rx","seq":186,"session":"s1","stream":"telemetry","text":"gh_polls=0 rxdone_lo","timestamp":1790455686.3095543}
2026-09-26T23:48:06.341+03:00 [RX telemetry] {"data_b64":"dz0wIGlzcj1kaXNhYmxlZAo=","description":"ble:LoRa-Chatter-1B44 44:1B:F6:8D:B7:A9","device_key":"ble-address:44:1b:f6:8d:b7:a9","kind":"rx","seq":187,"session":"s1","stream":"telemetry","text":"w=0 isr=disabled\n","timestamp":1790455686.3408527}
2026-09-26T23:48:06.437+03:00 [RX telemetry] {"data_b64":"ClNFU1NJT04gdD01ODgwcyBUWCA=","description":"ble:LoRa-Chatter-72E0 E0:72:A1:D5:4C:15","device_key":"ble-address:e0:72:a1:d5:4c:15","kind":"rx","seq":160,"session":"s2","stream":"telemetry","text":"\nSESSION t=5880s TX ","timestamp":1790455686.4368505}
2026-09-26T23:48:06.437+03:00 [RX telemetry] {"data_b64":"b2s9NCB1c2VyPTIgZWNob19yZXE=","description":"ble:LoRa-Chatter-72E0 E0:72:A1:D5:4C:15","device_key":"ble-address:e0:72:a1:d5:4c:15","kind":"rx","seq":161,"session":"s2","stream":"telemetry","text":"ok=4 user=2 echo_req","timestamp":1790455686.437645}
2026-09-26T23:48:06.438+03:00 [RX telemetry] {"data_b64":"PTAgZWNob19yZXA9MCBoYj0wKGk=","description":"ble:LoRa-Chatter-72E0 E0:72:A1:D5:4C:15","device_key":"ble-address:e0:72:a1:d5:4c:15","kind":"rx","seq":162,"session":"s2","stream":"telemetry","text":"=0 echo_rep=0 hb=0(i","timestamp":1790455686.4383252}
2026-09-26T23:48:06.439+03:00 [RX telemetry] {"data_b64":"ZGxlPTApIGVycj0wIHN0YXJ0ZWQ=","description":"ble:LoRa-Chatter-72E0 E0:72:A1:D5:4C:15","device_key":"ble-address:e0:72:a1:d5:4c:15","kind":"rx","seq":163,"session":"s2","stream":"telemetry","text":"dle=0) err=0 started","timestamp":1790455686.4391515}
2026-09-26T23:48:06.439+03:00 [RX telemetry] {"data_b64":"PTQgUlggb2s9NCB1c2VyPTIgZWM=","description":"ble:LoRa-Chatter-72E0 E0:72:A1:D5:4C:15","device_key":"ble-address:e0:72:a1:d5:4c:15","kind":"rx","seq":164,"session":"s2","stream":"telemetry","text":"=4 RX ok=4 user=2 ec","timestamp":1790455686.4392529}
2026-09-26T23:48:06.440+03:00 [RX telemetry] {"data_b64":"aG9fcmVxPTAgZWNob19yZXA9MCA=","description":"ble:LoRa-Chatter-72E0 E0:72:A1:D5:4C:15","device_key":"ble-address:e0:72:a1:d5:4c:15","kind":"rx","seq":165,"session":"s2","stream":"telemetry","text":"ho_req=0 echo_rep=0 ","timestamp":1790455686.4402535}
2026-09-26T23:48:06.440+03:00 [RX telemetry] {"data_b64":"aGI9MCBjcmM9MCBoZHI9MCBiYWQ=","description":"ble:LoRa-Chatter-72E0 E0:72:A1:D5:4C:15","device_key":"ble-address:e0:72:a1:d5:4c:15","kind":"rx","seq":166,"session":"s2","stream":"telemetry","text":"hb=0 crc=0 hdr=0 bad","timestamp":1790455686.4403386}
2026-09-26T23:48:06.485+03:00 [RX telemetry] {"data_b64":"PTQgcmVhZGVycj0wIHJlcG9ydHM=","description":"ble:LoRa-Chatter-72E0 E0:72:A1:D5:4C:15","device_key":"ble-address:e0:72:a1:d5:4c:15","kind":"rx","seq":167,"session":"s2","stream":"telemetry","text":"=4 readerr=0 reports","timestamp":1790455686.484544}
2026-09-26T23:48:06.485+03:00 [RX telemetry] {"data_b64":"PTIgUT0xMDAlIGRyb3BzPTAgZmE=","description":"ble:LoRa-Chatter-72E0 E0:72:A1:D5:4C:15","device_key":"ble-address:e0:72:a1:d5:4c:15","kind":"rx","seq":168,"session":"s2","stream":"telemetry","text":"=2 Q=100% drops=0 fa","timestamp":1790455686.4846516}
2026-09-26T23:48:06.485+03:00 [RX telemetry] {"data_b64":"dGFsPTAK","description":"ble:LoRa-Chatter-72E0 E0:72:A1:D5:4C:15","device_key":"ble-address:e0:72:a1:d5:4c:15","kind":"rx","seq":169,"session":"s2","stream":"telemetry","text":"tal=0\n","timestamp":1790455686.484747}
2026-09-26T23:48:06.489+03:00 [RX telemetry] {"data_b64":"U0VTU0lPTiBDT1VSVEVTWSB3aW4=","description":"ble:LoRa-Chatter-72E0 E0:72:A1:D5:4C:15","device_key":"ble-address:e0:72:a1:d5:4c:15","kind":"rx","seq":170,"session":"s2","stream":"telemetry","text":"SESSION COURTESY win","timestamp":1790455686.4884343}
2026-09-26T23:48:06.489+03:00 [RX telemetry] {"data_b64":"ZG93PTUwMDBtcyBwZWVyX3JlbGU=","description":"ble:LoRa-Chatter-72E0 E0:72:A1:D5:4C:15","device_key":"ble-address:e0:72:a1:d5:4c:15","kind":"rx","seq":171,"session":"s2","stream":"telemetry","text":"dow=5000ms peer_rele","timestamp":1790455686.4885151}
2026-09-26T23:48:06.489+03:00 [RX telemetry] {"data_b64":"YXNlPTAgZXhwaXJlZD0wIHlpZWw=","description":"ble:LoRa-Chatter-72E0 E0:72:A1:D5:4C:15","device_key":"ble-address:e0:72:a1:d5:4c:15","kind":"rx","seq":172,"session":"s2","stream":"telemetry","text":"ase=0 expired=0 yiel","timestamp":1790455686.4885569}
2026-09-26T23:48:06.490+03:00 [RX telemetry] {"data_b64":"ZGluZz0wCg==","description":"ble:LoRa-Chatter-72E0 E0:72:A1:D5:4C:15","device_key":"ble-address:e0:72:a1:d5:4c:15","kind":"rx","seq":173,"session":"s2","stream":"telemetry","text":"ding=0\n","timestamp":1790455686.4885905}
2026-09-26T23:48:06.490+03:00 [RX telemetry] {"data_b64":"U0VTU0lPTiBESU8wX1RYIGFmZmU=","description":"ble:LoRa-Chatter-72E0 E0:72:A1:D5:4C:15","device_key":"ble-address:e0:72:a1:d5:4c:15","kind":"rx","seq":174,"session":"s2","stream":"telemetry","text":"SESSION DIO0_TX affe","timestamp":1790455686.488637}
2026-09-26T23:48:06.491+03:00 [RX telemetry] {"data_b64":"Y3RlZD0wLzQgZXBpc29kZXM9MCA=","description":"ble:LoRa-Chatter-72E0 E0:72:A1:D5:4C:15","device_key":"ble-address:e0:72:a1:d5:4c:15","kind":"rx","seq":175,"session":"s2","stream":"telemetry","text":"cted=0/4 episodes=0 ","timestamp":1790455686.4887984}
2026-09-26T23:48:06.491+03:00 [RX telemetry] {"data_b64":"YXZnX2FsbD0wLjAwIGF2Z19hZmY=","description":"ble:LoRa-Chatter-72E0 E0:72:A1:D5:4C:15","device_key":"ble-address:e0:72:a1:d5:4c:15","kind":"rx","seq":176,"session":"s2","stream":"telemetry","text":"avg_all=0.00 avg_aff","timestamp":1790455686.4900005}
2026-09-26T23:48:06.491+03:00 [RX telemetry] {"data_b64":"ZWN0ZWQ9MC4wMCBoaWdoX3BvbGw=","description":"ble:LoRa-Chatter-72E0 E0:72:A1:D5:4C:15","device_key":"ble-address:e0:72:a1:d5:4c:15","kind":"rx","seq":177,"session":"s2","stream":"telemetry","text":"ected=0.00 high_poll","timestamp":1790455686.4913685}
2026-09-26T23:48:06.492+03:00 [RX telemetry] {"data_b64":"cz0wCg==","description":"ble:LoRa-Chatter-72E0 E0:72:A1:D5:4C:15","device_key":"ble-address:e0:72:a1:d5:4c:15","kind":"rx","seq":178,"session":"s2","stream":"telemetry","text":"s=0\n","timestamp":1790455686.4914653}
2026-09-26T23:48:06.492+03:00 [RX telemetry] {"data_b64":"U0VTU0lPTiBSWF9QT0xMIHBvbGw=","description":"ble:LoRa-Chatter-72E0 E0:72:A1:D5:4C:15","device_key":"ble-address:e0:72:a1:d5:4c:15","kind":"rx","seq":179,"session":"s2","stream":"telemetry","text":"SESSION RX_POLL poll","timestamp":1790455686.4921482}
2026-09-26T23:48:06.492+03:00 [RX telemetry] {"data_b64":"cz00OTU2NjEzIHJ4ZG9uZT04IGk=","description":"ble:LoRa-Chatter-72E0 E0:72:A1:D5:4C:15","device_key":"ble-address:e0:72:a1:d5:4c:15","kind":"rx","seq":180,"session":"s2","stream":"telemetry","text":"s=4956613 rxdone=8 i","timestamp":1790455686.4922569}
2026-09-26T23:48:06.493+03:00 [RX telemetry] {"data_b64":"bnRlcnZhbD0xMDAwdXMgRElPMF8=","description":"ble:LoRa-Chatter-72E0 E0:72:A1:D5:4C:15","device_key":"ble-address:e0:72:a1:d5:4c:15","kind":"rx","seq":181,"session":"s2","stream":"telemetry","text":"nterval=1000us DIO0_","timestamp":1790455686.4932435}
2026-09-26T23:48:06.493+03:00 [RX telemetry] {"data_b64":"UlggZmFsc2VfaGlnaF9lcD0wIGg=","description":"ble:LoRa-Chatter-72E0 E0:72:A1:D5:4C:15","device_key":"ble-address:e0:72:a1:d5:4c:15","kind":"rx","seq":182,"session":"s2","stream":"telemetry","text":"RX false_high_ep=0 h","timestamp":1790455686.4933493}
2026-09-26T23:48:06.494+03:00 [RX telemetry] {"data_b64":"aWdoX3BvbGxzPTAgcnhkb25lX2w=","description":"ble:LoRa-Chatter-72E0 E0:72:A1:D5:4C:15","device_key":"ble-address:e0:72:a1:d5:4c:15","kind":"rx","seq":183,"session":"s2","stream":"telemetry","text":"igh_polls=0 rxdone_l","timestamp":1790455686.4940784}
2026-09-26T23:48:06.494+03:00 [RX telemetry] {"data_b64":"b3c9MCBpc3I9ZGlzYWJsZWQK","description":"ble:LoRa-Chatter-72E0 E0:72:A1:D5:4C:15","device_key":"ble-address:e0:72:a1:d5:4c:15","kind":"rx","seq":184,"session":"s2","stream":"telemetry","text":"ow=0 isr=disabled\n","timestamp":1790455686.494139}
2026-09-26T23:48:09.518+03:00 [AGENT REQUEST] {"id":42,"op":"observe","cursors":{"s1":153,"s2":150},"timeout_ms":1000}
2026-09-26T23:48:09.519+03:00 [AGENT RESPONSE] {"id":42,"ok":true,"result":{"cursors":{"s1":187,"s2":184},"lines":[{"seq_first":151,"seq_last":153,"session":"s2","stream":"chat","text":"[SYS] CFG schema=2 storage=NVS freq_oob=OFF"},{"seq_first":154,"seq_last":156,"session":"s2","stream":"chat","text":"[SYS] CFG RADIO power=2 dBm freq=470 MHz sf=7 bw=500 kHz"},{"seq_first":157,"seq_last":159,"session":"s2","stream":"chat","text":"[SYS] CFG LINK heartbeat=OFF retry=ON attempts=5 diag=OFF"},{"seq_first":154,"seq_last":156,"session":"s1","stream":"chat","text":"[SYS] CFG schema=2 storage=NVS freq_oob=OFF"},{"seq_first":157,"seq_last":159,"session":"s1","stream":"chat","text":"[SYS] CFG RADIO power=2 dBm freq=470 MHz sf=7 bw=500 kHz"},{"seq_first":160,"seq_last":162,"session":"s1","stream":"chat","text":"[SYS] CFG LINK heartbeat=OFF retry=ON attempts=5 diag=OFF"},{"seq_first":163,"seq_last":163,"session":"s1","stream":"telemetry","text":""},{"seq_first":163,"seq_last":172,"session":"s1","stream":"telemetry","text":"SESSION t=480s TX ok=0 user=0 echo_req=0 echo_rep=0 hb=0(idle=0) err=0 started=0 RX ok=0 user=0 echo_req=0 echo_rep=0 hb=0 crc=1 hdr=0 bad=0 readerr=0 reports=0 Q=0% drops=0 fatal=0"},{"seq_first":173,"seq_last":176,"session":"s1","stream":"telemetry","text":"SESSION COURTESY window=5000ms peer_release=0 expired=0 yielding=0"},{"seq_first":177,"seq_last":181,"session":"s1","stream":"telemetry","text":"SESSION DIO0_TX affected=0/0 episodes=0 avg_all=0.00 avg_affected=0.00 high_polls=0"},{"seq_first":182,"seq_last":187,"session":"s1","stream":"telemetry","text":"SESSION RX_POLL polls=443207 rxdone=1 interval=1000us DIO0_RX false_high_ep=0 high_polls=0 rxdone_low=0 isr=disabled"},{"seq_first":160,"seq_last":160,"session":"s2","stream":"telemetry","text":""},{"seq_first":160,"seq_last":169,"session":"s2","stream":"telemetry","text":"SESSION t=5880s TX ok=4 user=2 echo_req=0 echo_rep=0 hb=0(idle=0) err=0 started=4 RX ok=4 user=2 echo_req=0 echo_rep=0 hb=0 crc=0 hdr=0 bad=4 readerr=0 reports=2 Q=100% drops=0 fatal=0"},{"seq_first":170,"seq_last":173,"session":"s2","stream":"telemetry","text":"SESSION COURTESY window=5000ms peer_release=0 expired=0 yielding=0"},{"seq_first":174,"seq_last":178,"session":"s2","stream":"telemetry","text":"SESSION DIO0_TX affected=0/4 episodes=0 avg_all=0.00 avg_affected=0.00 high_polls=0"},{"seq_first":179,"seq_last":184,"session":"s2","stream":"telemetry","text":"SESSION RX_POLL polls=4956613 rxdone=8 interval=1000us DIO0_RX false_high_ep=0 high_polls=0 rxdone_low=0 isr=disabled"}],"timed_out":false}}
2026-09-26T23:48:30.726+03:00 [AGENT REQUEST] {"id":43,"op":"send_line","session":"s1","text":"A"}
2026-09-26T23:48:30.726+03:00 [TX] {"data_b64":"QQo=","device_key":"ble-address:44:1b:f6:8d:b7:a9","kind":"tx","seq":188,"session":"s1","text":"A","timestamp":1790455710.7262506,"tx_id":13,"tx_state":"queued"}
2026-09-26T23:48:30.727+03:00 [AGENT RESPONSE] {"id":43,"ok":true,"result":{"state":"queued","tx_id":13}}
2026-09-26T23:48:30.727+03:00 [AGENT REQUEST] {"id":44,"op":"observe","cursors":{"s1":187,"s2":184},"timeout_ms":5000}
2026-09-26T23:48:30.727+03:00 [AGENT RESPONSE] {"id":44,"ok":true,"result":{"cursors":{"s1":188,"s2":184},"lines":[],"timed_out":false}}
2026-09-26T23:48:30.727+03:00 [TX] {"data_b64":"QQo=","description":"ble:LoRa-Chatter-1B44 44:1B:F6:8D:B7:A9","device_key":"ble-address:44:1b:f6:8d:b7:a9","kind":"tx","seq":189,"session":"s1","text":"A","timestamp":1790455710.7277925,"tx_id":13,"tx_state":"written"}
2026-09-26T23:48:30.820+03:00 [RX telemetry] {"data_b64":"REVMSVZFUlkgUVVFVUVEIHNvdXI=","description":"ble:LoRa-Chatter-1B44 44:1B:F6:8D:B7:A9","device_key":"ble-address:44:1b:f6:8d:b7:a9","kind":"rx","seq":190,"session":"s1","stream":"telemetry","text":"DELIVERY QUEUED sour","timestamp":1790455710.8197844}
2026-09-26T23:48:30.821+03:00 [RX telemetry] {"data_b64":"Y2U9MiBieXRlcz0xIHdhaXRpbmc=","description":"ble:LoRa-Chatter-1B44 44:1B:F6:8D:B7:A9","device_key":"ble-address:44:1b:f6:8d:b7:a9","kind":"rx","seq":191,"session":"s1","stream":"telemetry","text":"ce=2 bytes=1 waiting","timestamp":1790455710.820818}
2026-09-26T23:48:30.821+03:00 [RX telemetry] {"data_b64":"PTEvOCBpbl9mbGlnaHQ9MAo=","description":"ble:LoRa-Chatter-1B44 44:1B:F6:8D:B7:A9","device_key":"ble-address:44:1b:f6:8d:b7:a9","kind":"rx","seq":192,"session":"s1","stream":"telemetry","text":"=1/8 in_flight=0\n","timestamp":1790455710.8208883}
2026-09-26T23:48:30.822+03:00 [RX telemetry] {"data_b64":"ClRYIFVTRVIgc2VxPTAgZnJhbWU=","description":"ble:LoRa-Chatter-1B44 44:1B:F6:8D:B7:A9","device_key":"ble-address:44:1b:f6:8d:b7:a9","kind":"rx","seq":193,"session":"s1","stream":"telemetry","text":"\nTX USER seq=0 frame","timestamp":1790455710.8218992}
2026-09-26T23:48:30.822+03:00 [RX telemetry] {"data_b64":"PTEzQiB1c2VyPTFCIGF0dGVtcHQ=","description":"ble:LoRa-Chatter-1B44 44:1B:F6:8D:B7:A9","device_key":"ble-address:44:1b:f6:8d:b7:a9","kind":"rx","seq":194,"session":"s1","stream":"telemetry","text":"=13B user=1B attempt","timestamp":1790455710.8219843}
2026-09-26T23:48:30.823+03:00 [RX telemetry] {"data_b64":"PTEvNSBPSyB0aW1lPTEzIG1zCg==","description":"ble:LoRa-Chatter-1B44 44:1B:F6:8D:B7:A9","device_key":"ble-address:44:1b:f6:8d:b7:a9","kind":"rx","seq":195,"session":"s1","stream":"telemetry","text":"=1/5 OK time=13 ms\n","timestamp":1790455710.8229165}
2026-09-26T23:48:30.824+03:00 [RX chat] {"data_b64":"PiBBCg==","description":"ble:LoRa-Chatter-1B44 44:1B:F6:8D:B7:A9","device_key":"ble-address:44:1b:f6:8d:b7:a9","kind":"rx","seq":196,"session":"s1","stream":"chat","text":"> A\n","timestamp":1790455710.8232439}
2026-09-26T23:48:30.824+03:00 [RX telemetry] {"data_b64":"REVMSVZFUlkgV0FJVF9BQ0sgdXM=","description":"ble:LoRa-Chatter-1B44 44:1B:F6:8D:B7:A9","device_key":"ble-address:44:1b:f6:8d:b7:a9","kind":"rx","seq":197,"session":"s1","stream":"telemetry","text":"DELIVERY WAIT_ACK us","timestamp":1790455710.8241785}
2026-09-26T23:48:30.824+03:00 [RX telemetry] {"data_b64":"ZXI9MEJDNy8wIGF0dGVtcHQ9MS8=","description":"ble:LoRa-Chatter-1B44 44:1B:F6:8D:B7:A9","device_key":"ble-address:44:1b:f6:8d:b7:a9","kind":"rx","seq":198,"session":"s1","stream":"telemetry","text":"er=0BC7/0 attempt=1/","timestamp":1790455710.8242488}
2026-09-26T23:48:30.830+03:00 [RX telemetry] {"data_b64":"NSB0aW1lb3V0PTcxMm1zIHF1ZXU=","description":"ble:LoRa-Chatter-1B44 44:1B:F6:8D:B7:A9","device_key":"ble-address:44:1b:f6:8d:b7:a9","kind":"rx","seq":199,"session":"s1","stream":"telemetry","text":"5 timeout=712ms queu","timestamp":1790455710.8294551}
2026-09-26T23:48:30.830+03:00 [RX telemetry] {"data_b64":"ZT0wCg==","description":"ble:LoRa-Chatter-1B44 44:1B:F6:8D:B7:A9","device_key":"ble-address:44:1b:f6:8d:b7:a9","kind":"rx","seq":200,"session":"s1","stream":"telemetry","text":"e=0\n","timestamp":1790455710.8303974}
2026-09-26T23:48:30.870+03:00 [RX telemetry] {"data_b64":"ClJYIFVTRVIgc2Vzc2lvbj0wQkM=","description":"ble:LoRa-Chatter-72E0 E0:72:A1:D5:4C:15","device_key":"ble-address:e0:72:a1:d5:4c:15","kind":"rx","seq":185,"session":"s2","stream":"telemetry","text":"\nRX USER session=0BC","timestamp":1790455710.8702693}
2026-09-26T23:48:30.871+03:00 [RX telemetry] {"data_b64":"NyBzZXE9MCBmcmFtZT0xM0IgdXM=","description":"ble:LoRa-Chatter-72E0 E0:72:A1:D5:4C:15","device_key":"ble-address:e0:72:a1:d5:4c:15","kind":"rx","seq":186,"session":"s2","stream":"telemetry","text":"7 seq=0 frame=13B us","timestamp":1790455710.8704536}
2026-09-26T23:48:30.871+03:00 [RX telemetry] {"data_b64":"ZXI9MUIgUlg9LTQyLy0wIFExMDA=","description":"ble:LoRa-Chatter-72E0 E0:72:A1:D5:4C:15","device_key":"ble-address:e0:72:a1:d5:4c:15","kind":"rx","seq":187,"session":"s2","stream":"telemetry","text":"er=1B RX=-42/-0 Q100","timestamp":1790455710.871322}
2026-09-26T23:48:30.872+03:00 [RX telemetry] {"data_b64":"IGRpc3Bvc2l0aW9uPTAK","description":"ble:LoRa-Chatter-72E0 E0:72:A1:D5:4C:15","device_key":"ble-address:e0:72:a1:d5:4c:15","kind":"rx","seq":188,"session":"s2","stream":"telemetry","text":" disposition=0\n","timestamp":1790455710.8719695}
2026-09-26T23:48:30.872+03:00 [RX chat] {"data_b64":"PCBbLTQyLy0wIFExMDBdIEEK","description":"ble:LoRa-Chatter-72E0 E0:72:A1:D5:4C:15","device_key":"ble-address:e0:72:a1:d5:4c:15","kind":"rx","seq":189,"session":"s2","stream":"chat","text":"< [-42/-0 Q100] A\n","timestamp":1790455710.8724654}
2026-09-26T23:48:31.046+03:00 [RX telemetry] {"data_b64":"UEVFUl9SRVBPUlQgb3VyX3NlcT0=","description":"ble:LoRa-Chatter-1B44 44:1B:F6:8D:B7:A9","device_key":"ble-address:44:1b:f6:8d:b7:a9","kind":"rx","seq":201,"session":"s1","stream":"telemetry","text":"PEER_REPORT our_seq=","timestamp":1790455711.0451758}
2026-09-26T23:48:31.046+03:00 [RX telemetry] {"data_b64":"MCBUWD0tNDIvLTEgUTEwMAo=","description":"ble:LoRa-Chatter-1B44 44:1B:F6:8D:B7:A9","device_key":"ble-address:44:1b:f6:8d:b7:a9","kind":"rx","seq":202,"session":"s1","stream":"telemetry","text":"0 TX=-42/-1 Q100\n","timestamp":1790455711.0452945}
2026-09-26T23:48:31.046+03:00 [RX telemetry] {"data_b64":"ClJYIEFDSyBzZXNzaW9uPUEyNEY=","description":"ble:LoRa-Chatter-1B44 44:1B:F6:8D:B7:A9","device_key":"ble-address:44:1b:f6:8d:b7:a9","kind":"rx","seq":203,"session":"s1","stream":"telemetry","text":"\nRX ACK session=A24F","timestamp":1790455711.0457428}
2026-09-26T23:48:31.050+03:00 [RX telemetry] {"data_b64":"ClRYIEFDSyBzZXE9NCBhY2tfdG8=","description":"ble:LoRa-Chatter-72E0 E0:72:A1:D5:4C:15","device_key":"ble-address:e0:72:a1:d5:4c:15","kind":"rx","seq":190,"session":"s2","stream":"telemetry","text":"\nTX ACK seq=4 ack_to","timestamp":1790455711.0505416}
2026-09-26T23:48:31.051+03:00 [RX telemetry] {"data_b64":"PTBCQzcvMCBmcmFtZT0xNEIgT0s=","description":"ble:LoRa-Chatter-72E0 E0:72:A1:D5:4C:15","device_key":"ble-address:e0:72:a1:d5:4c:15","kind":"rx","seq":191,"session":"s2","stream":"telemetry","text":"=0BC7/0 frame=14B OK","timestamp":1790455711.05145}
2026-09-26T23:48:31.052+03:00 [RX telemetry] {"data_b64":"IHRpbWU9MTMgbXMgZ3VhcmQ9NTA=","description":"ble:LoRa-Chatter-72E0 E0:72:A1:D5:4C:15","device_key":"ble-address:e0:72:a1:d5:4c:15","kind":"rx","seq":192,"session":"s2","stream":"telemetry","text":" time=13 ms guard=50","timestamp":1790455711.0515146}
2026-09-26T23:48:31.052+03:00 [RX telemetry] {"data_b64":"MG1zCg==","description":"ble:LoRa-Chatter-72E0 E0:72:A1:D5:4C:15","device_key":"ble-address:e0:72:a1:d5:4c:15","kind":"rx","seq":193,"session":"s2","stream":"telemetry","text":"0ms\n","timestamp":1790455711.052215}
2026-09-26T23:48:31.093+03:00 [RX telemetry] {"data_b64":"IHNlcT00IGFja190bz0wQkM3LzA=","description":"ble:LoRa-Chatter-1B44 44:1B:F6:8D:B7:A9","device_key":"ble-address:44:1b:f6:8d:b7:a9","kind":"rx","seq":204,"session":"s1","stream":"telemetry","text":" seq=4 ack_to=0BC7/0","timestamp":1790455711.0928657}
2026-09-26T23:48:31.093+03:00 [RX telemetry] {"data_b64":"IGZyYW1lPTE0QiBSWD0tNDQvNCA=","description":"ble:LoRa-Chatter-1B44 44:1B:F6:8D:B7:A9","device_key":"ble-address:44:1b:f6:8d:b7:a9","kind":"rx","seq":205,"session":"s1","stream":"telemetry","text":" frame=14B RX=-44/4 ","timestamp":1790455711.0929556}
2026-09-26T23:48:31.093+03:00 [RX telemetry] {"data_b64":"UTAK","description":"ble:LoRa-Chatter-1B44 44:1B:F6:8D:B7:A9","device_key":"ble-address:44:1b:f6:8d:b7:a9","kind":"rx","seq":206,"session":"s1","stream":"telemetry","text":"Q0\n","timestamp":1790455711.0929956}
2026-09-26T23:48:31.093+03:00 [RX telemetry] {"data_b64":"REVMSVZFUlkgQUNLIHVzZXI9MEI=","description":"ble:LoRa-Chatter-1B44 44:1B:F6:8D:B7:A9","device_key":"ble-address:44:1b:f6:8d:b7:a9","kind":"rx","seq":207,"session":"s1","stream":"telemetry","text":"DELIVERY ACK user=0B","timestamp":1790455711.0930383}
2026-09-26T23:48:31.135+03:00 [RX telemetry] {"data_b64":"QzcvMCBhdHRlbXB0cz0xLzUgZWw=","description":"ble:LoRa-Chatter-1B44 44:1B:F6:8D:B7:A9","device_key":"ble-address:44:1b:f6:8d:b7:a9","kind":"rx","seq":208,"session":"s1","stream":"telemetry","text":"C7/0 attempts=1/5 el","timestamp":1790455711.1347852}
2026-09-26T23:48:31.136+03:00 [RX telemetry] {"data_b64":"YXBzZWQ9MjIzbXMgcXVldWU9MAo=","description":"ble:LoRa-Chatter-1B44 44:1B:F6:8D:B7:A9","device_key":"ble-address:44:1b:f6:8d:b7:a9","kind":"rx","seq":209,"session":"s1","stream":"telemetry","text":"apsed=223ms queue=0\n","timestamp":1790455711.1358774}
2026-09-26T23:48:31.274+03:00 [RX telemetry] {"data_b64":"ClJYIEhFQURFUiBFUlJPUiBJUlE=","description":"ble:LoRa-Chatter-72E0 E0:72:A1:D5:4C:15","device_key":"ble-address:e0:72:a1:d5:4c:15","kind":"rx","seq":194,"session":"s2","stream":"telemetry","text":"\nRX HEADER ERROR IRQ","timestamp":1790455711.2742596}
2026-09-26T23:48:31.274+03:00 [RX telemetry] {"data_b64":"PTB4NTAgUlg9LTExOC8tMTIK","description":"ble:LoRa-Chatter-72E0 E0:72:A1:D5:4C:15","device_key":"ble-address:e0:72:a1:d5:4c:15","kind":"rx","seq":195,"session":"s2","stream":"telemetry","text":"=0x50 RX=-118/-12\n","timestamp":1790455711.2743099}
2026-09-26T23:48:44.057+03:00 [AGENT REQUEST] {"id":45,"op":"observe","cursors":{"s1":188,"s2":184},"timeout_ms":5000}
2026-09-26T23:48:44.058+03:00 [AGENT RESPONSE] {"id":45,"ok":true,"result":{"cursors":{"s1":209,"s2":195},"lines":[{"seq_first":190,"seq_last":192,"session":"s1","stream":"telemetry","text":"DELIVERY QUEUED source=2 bytes=1 waiting=1/8 in_flight=0"},{"seq_first":193,"seq_last":193,"session":"s1","stream":"telemetry","text":""},{"seq_first":193,"seq_last":195,"session":"s1","stream":"telemetry","text":"TX USER seq=0 frame=13B user=1B attempt=1/5 OK time=13 ms"},{"seq_first":196,"seq_last":196,"session":"s1","stream":"chat","text":"> A"},{"seq_first":197,"seq_last":200,"session":"s1","stream":"telemetry","text":"DELIVERY WAIT_ACK user=0BC7/0 attempt=1/5 timeout=712ms queue=0"},{"seq_first":185,"seq_last":185,"session":"s2","stream":"telemetry","text":""},{"seq_first":185,"seq_last":188,"session":"s2","stream":"telemetry","text":"RX USER session=0BC7 seq=0 frame=13B user=1B RX=-42/-0 Q100 disposition=0"},{"seq_first":189,"seq_last":189,"session":"s2","stream":"chat","text":"< [-42/-0 Q100] A"},{"seq_first":201,"seq_last":202,"session":"s1","stream":"telemetry","text":"PEER_REPORT our_seq=0 TX=-42/-1 Q100"},{"seq_first":203,"seq_last":203,"session":"s1","stream":"telemetry","text":""},{"seq_first":190,"seq_last":190,"session":"s2","stream":"telemetry","text":""},{"seq_first":190,"seq_last":193,"session":"s2","stream":"telemetry","text":"TX ACK seq=4 ack_to=0BC7/0 frame=14B OK time=13 ms guard=500ms"},{"seq_first":203,"seq_last":206,"session":"s1","stream":"telemetry","text":"RX ACK session=A24F seq=4 ack_to=0BC7/0 frame=14B RX=-44/4 Q0"},{"seq_first":207,"seq_last":209,"session":"s1","stream":"telemetry","text":"DELIVERY ACK user=0BC7/0 attempts=1/5 elapsed=223ms queue=0"},{"seq_first":194,"seq_last":194,"session":"s2","stream":"telemetry","text":""},{"seq_first":194,"seq_last":195,"session":"s2","stream":"telemetry","text":"RX HEADER ERROR IRQ=0x50 RX=-118/-12"}],"timed_out":false}}
2026-09-26T23:49:02.684+03:00 [RX telemetry] {"data_b64":"ClJYIEhFQURFUiBFUlJPUiBJUlE=","description":"ble:LoRa-Chatter-72E0 E0:72:A1:D5:4C:15","device_key":"ble-address:e0:72:a1:d5:4c:15","kind":"rx","seq":196,"session":"s2","stream":"telemetry","text":"\nRX HEADER ERROR IRQ","timestamp":1790455742.6841958}
2026-09-26T23:49:02.684+03:00 [RX telemetry] {"data_b64":"PTB4NTAgUlg9LTExOS8tMTIK","description":"ble:LoRa-Chatter-72E0 E0:72:A1:D5:4C:15","device_key":"ble-address:e0:72:a1:d5:4c:15","kind":"rx","seq":197,"session":"s2","stream":"telemetry","text":"=0x50 RX=-119/-12\n","timestamp":1790455742.6842473}
2026-09-26T23:49:06.324+03:00 [RX telemetry] {"data_b64":"ClNFU1NJT04gdD01NDBzIFRYIG8=","description":"ble:LoRa-Chatter-1B44 44:1B:F6:8D:B7:A9","device_key":"ble-address:44:1b:f6:8d:b7:a9","kind":"rx","seq":210,"session":"s1","stream":"telemetry","text":"\nSESSION t=540s TX o","timestamp":1790455746.3238597}
2026-09-26T23:49:06.325+03:00 [RX telemetry] {"data_b64":"az0xIHVzZXI9MSBlY2hvX3JlcT0=","description":"ble:LoRa-Chatter-1B44 44:1B:F6:8D:B7:A9","device_key":"ble-address:44:1b:f6:8d:b7:a9","kind":"rx","seq":211,"session":"s1","stream":"telemetry","text":"k=1 user=1 echo_req=","timestamp":1790455746.3249383}
2026-09-26T23:49:06.325+03:00 [RX telemetry] {"data_b64":"MCBlY2hvX3JlcD0wIGhiPTAoaWQ=","description":"ble:LoRa-Chatter-1B44 44:1B:F6:8D:B7:A9","device_key":"ble-address:44:1b:f6:8d:b7:a9","kind":"rx","seq":212,"session":"s1","stream":"telemetry","text":"0 echo_rep=0 hb=0(id","timestamp":1790455746.3250537}
2026-09-26T23:49:06.326+03:00 [RX telemetry] {"data_b64":"bGU9MCkgZXJyPTAgc3RhcnRlZD0=","description":"ble:LoRa-Chatter-1B44 44:1B:F6:8D:B7:A9","device_key":"ble-address:44:1b:f6:8d:b7:a9","kind":"rx","seq":213,"session":"s1","stream":"telemetry","text":"le=0) err=0 started=","timestamp":1790455746.3261914}
2026-09-26T23:49:06.327+03:00 [RX telemetry] {"data_b64":"MSBSWCBvaz0xIHVzZXI9MCBlY2g=","description":"ble:LoRa-Chatter-1B44 44:1B:F6:8D:B7:A9","device_key":"ble-address:44:1b:f6:8d:b7:a9","kind":"rx","seq":214,"session":"s1","stream":"telemetry","text":"1 RX ok=1 user=0 ech","timestamp":1790455746.3262975}
2026-09-26T23:49:06.327+03:00 [RX telemetry] {"data_b64":"b19yZXE9MCBlY2hvX3JlcD0wIGg=","description":"ble:LoRa-Chatter-1B44 44:1B:F6:8D:B7:A9","device_key":"ble-address:44:1b:f6:8d:b7:a9","kind":"rx","seq":215,"session":"s1","stream":"telemetry","text":"o_req=0 echo_rep=0 h","timestamp":1790455746.3266644}
2026-09-26T23:49:06.328+03:00 [RX telemetry] {"data_b64":"Yj0wIGNyYz0xIGhkcj0wIGJhZD0=","description":"ble:LoRa-Chatter-1B44 44:1B:F6:8D:B7:A9","device_key":"ble-address:44:1b:f6:8d:b7:a9","kind":"rx","seq":216,"session":"s1","stream":"telemetry","text":"b=0 crc=1 hdr=0 bad=","timestamp":1790455746.328051}
2026-09-26T23:49:06.328+03:00 [RX telemetry] {"data_b64":"MCByZWFkZXJyPTAgcmVwb3J0cz0=","description":"ble:LoRa-Chatter-1B44 44:1B:F6:8D:B7:A9","device_key":"ble-address:44:1b:f6:8d:b7:a9","kind":"rx","seq":217,"session":"s1","stream":"telemetry","text":"0 readerr=0 reports=","timestamp":1790455746.328147}
2026-09-26T23:49:06.330+03:00 [RX telemetry] {"data_b64":"MSBRPTEwMCUgZHJvcHM9MCBmYXQ=","description":"ble:LoRa-Chatter-1B44 44:1B:F6:8D:B7:A9","device_key":"ble-address:44:1b:f6:8d:b7:a9","kind":"rx","seq":218,"session":"s1","stream":"telemetry","text":"1 Q=100% drops=0 fat","timestamp":1790455746.329847}
2026-09-26T23:49:06.330+03:00 [RX telemetry] {"data_b64":"YWw9MAo=","description":"ble:LoRa-Chatter-1B44 44:1B:F6:8D:B7:A9","device_key":"ble-address:44:1b:f6:8d:b7:a9","kind":"rx","seq":219,"session":"s1","stream":"telemetry","text":"al=0\n","timestamp":1790455746.3299272}
2026-09-26T23:49:06.331+03:00 [RX telemetry] {"data_b64":"U0VTU0lPTiBDT1VSVEVTWSB3aW4=","description":"ble:LoRa-Chatter-1B44 44:1B:F6:8D:B7:A9","device_key":"ble-address:44:1b:f6:8d:b7:a9","kind":"rx","seq":220,"session":"s1","stream":"telemetry","text":"SESSION COURTESY win","timestamp":1790455746.3311179}
2026-09-26T23:49:06.331+03:00 [RX telemetry] {"data_b64":"ZG93PTUwMDBtcyBwZWVyX3JlbGU=","description":"ble:LoRa-Chatter-1B44 44:1B:F6:8D:B7:A9","device_key":"ble-address:44:1b:f6:8d:b7:a9","kind":"rx","seq":221,"session":"s1","stream":"telemetry","text":"dow=5000ms peer_rele","timestamp":1790455746.331217}
2026-09-26T23:49:06.333+03:00 [RX telemetry] {"data_b64":"YXNlPTAgZXhwaXJlZD0wIHlpZWw=","description":"ble:LoRa-Chatter-1B44 44:1B:F6:8D:B7:A9","device_key":"ble-address:44:1b:f6:8d:b7:a9","kind":"rx","seq":222,"session":"s1","stream":"telemetry","text":"ase=0 expired=0 yiel","timestamp":1790455746.3326347}
2026-09-26T23:49:06.333+03:00 [RX telemetry] {"data_b64":"ZGluZz0wCg==","description":"ble:LoRa-Chatter-1B44 44:1B:F6:8D:B7:A9","device_key":"ble-address:44:1b:f6:8d:b7:a9","kind":"rx","seq":223,"session":"s1","stream":"telemetry","text":"ding=0\n","timestamp":1790455746.3327298}
2026-09-26T23:49:06.333+03:00 [RX telemetry] {"data_b64":"U0VTU0lPTiBESU8wX1RYIGFmZmU=","description":"ble:LoRa-Chatter-1B44 44:1B:F6:8D:B7:A9","device_key":"ble-address:44:1b:f6:8d:b7:a9","kind":"rx","seq":224,"session":"s1","stream":"telemetry","text":"SESSION DIO0_TX affe","timestamp":1790455746.3328166}
2026-09-26T23:49:06.334+03:00 [RX telemetry] {"data_b64":"Y3RlZD0wLzEgZXBpc29kZXM9MCA=","description":"ble:LoRa-Chatter-1B44 44:1B:F6:8D:B7:A9","device_key":"ble-address:44:1b:f6:8d:b7:a9","kind":"rx","seq":225,"session":"s1","stream":"telemetry","text":"cted=0/1 episodes=0 ","timestamp":1790455746.3339324}
2026-09-26T23:49:06.335+03:00 [RX telemetry] {"data_b64":"YXZnX2FsbD0wLjAwIGF2Z19hZmY=","description":"ble:LoRa-Chatter-1B44 44:1B:F6:8D:B7:A9","device_key":"ble-address:44:1b:f6:8d:b7:a9","kind":"rx","seq":226,"session":"s1","stream":"telemetry","text":"avg_all=0.00 avg_aff","timestamp":1790455746.3350008}
2026-09-26T23:49:06.335+03:00 [RX telemetry] {"data_b64":"ZWN0ZWQ9MC4wMCBoaWdoX3BvbGw=","description":"ble:LoRa-Chatter-1B44 44:1B:F6:8D:B7:A9","device_key":"ble-address:44:1b:f6:8d:b7:a9","kind":"rx","seq":227,"session":"s1","stream":"telemetry","text":"ected=0.00 high_poll","timestamp":1790455746.335086}
2026-09-26T23:49:06.336+03:00 [RX telemetry] {"data_b64":"cz0wCg==","description":"ble:LoRa-Chatter-1B44 44:1B:F6:8D:B7:A9","device_key":"ble-address:44:1b:f6:8d:b7:a9","kind":"rx","seq":228,"session":"s1","stream":"telemetry","text":"s=0\n","timestamp":1790455746.3361175}
2026-09-26T23:49:06.337+03:00 [RX telemetry] {"data_b64":"U0VTU0lPTiBSWF9QT0xMIHBvbGw=","description":"ble:LoRa-Chatter-1B44 44:1B:F6:8D:B7:A9","device_key":"ble-address:44:1b:f6:8d:b7:a9","kind":"rx","seq":229,"session":"s1","stream":"telemetry","text":"SESSION RX_POLL poll","timestamp":1790455746.337337}
2026-09-26T23:49:06.338+03:00 [RX telemetry] {"data_b64":"cz01MDI3ODcgcnhkb25lPTIgaW4=","description":"ble:LoRa-Chatter-1B44 44:1B:F6:8D:B7:A9","device_key":"ble-address:44:1b:f6:8d:b7:a9","kind":"rx","seq":230,"session":"s1","stream":"telemetry","text":"s=502787 rxdone=2 in","timestamp":1790455746.337989}
2026-09-26T23:49:06.338+03:00 [RX telemetry] {"data_b64":"dGVydmFsPTEwMDB1cyBESU8wX1I=","description":"ble:LoRa-Chatter-1B44 44:1B:F6:8D:B7:A9","device_key":"ble-address:44:1b:f6:8d:b7:a9","kind":"rx","seq":231,"session":"s1","stream":"telemetry","text":"terval=1000us DIO0_R","timestamp":1790455746.3380616}
2026-09-26T23:49:06.339+03:00 [RX telemetry] {"data_b64":"WCBmYWxzZV9oaWdoX2VwPTAgaGk=","description":"ble:LoRa-Chatter-1B44 44:1B:F6:8D:B7:A9","device_key":"ble-address:44:1b:f6:8d:b7:a9","kind":"rx","seq":232,"session":"s1","stream":"telemetry","text":"X false_high_ep=0 hi","timestamp":1790455746.33888}
2026-09-26T23:49:06.339+03:00 [RX telemetry] {"data_b64":"Z2hfcG9sbHM9MCByeGRvbmVfbG8=","description":"ble:LoRa-Chatter-1B44 44:1B:F6:8D:B7:A9","device_key":"ble-address:44:1b:f6:8d:b7:a9","kind":"rx","seq":233,"session":"s1","stream":"telemetry","text":"gh_polls=0 rxdone_lo","timestamp":1790455746.339514}
2026-09-26T23:49:06.339+03:00 [RX telemetry] {"data_b64":"dz0wIGlzcj1kaXNhYmxlZAo=","description":"ble:LoRa-Chatter-1B44 44:1B:F6:8D:B7:A9","device_key":"ble-address:44:1b:f6:8d:b7:a9","kind":"rx","seq":234,"session":"s1","stream":"telemetry","text":"w=0 isr=disabled\n","timestamp":1790455746.3395565}
2026-09-26T23:49:06.464+03:00 [RX telemetry] {"data_b64":"ClNFU1NJT04gdD01OTQwcyBUWCA=","description":"ble:LoRa-Chatter-72E0 E0:72:A1:D5:4C:15","device_key":"ble-address:e0:72:a1:d5:4c:15","kind":"rx","seq":198,"session":"s2","stream":"telemetry","text":"\nSESSION t=5940s TX ","timestamp":1790455746.4636662}
2026-09-26T23:49:06.465+03:00 [RX telemetry] {"data_b64":"b2s9NSB1c2VyPTIgZWNob19yZXE=","description":"ble:LoRa-Chatter-72E0 E0:72:A1:D5:4C:15","device_key":"ble-address:e0:72:a1:d5:4c:15","kind":"rx","seq":199,"session":"s2","stream":"telemetry","text":"ok=5 user=2 echo_req","timestamp":1790455746.4649892}
2026-09-26T23:49:06.465+03:00 [RX telemetry] {"data_b64":"PTAgZWNob19yZXA9MCBoYj0wKGk=","description":"ble:LoRa-Chatter-72E0 E0:72:A1:D5:4C:15","device_key":"ble-address:e0:72:a1:d5:4c:15","kind":"rx","seq":200,"session":"s2","stream":"telemetry","text":"=0 echo_rep=0 hb=0(i","timestamp":1790455746.4650676}
2026-09-26T23:49:06.466+03:00 [RX telemetry] {"data_b64":"ZGxlPTApIGVycj0wIHN0YXJ0ZWQ=","description":"ble:LoRa-Chatter-72E0 E0:72:A1:D5:4C:15","device_key":"ble-address:e0:72:a1:d5:4c:15","kind":"rx","seq":201,"session":"s2","stream":"telemetry","text":"dle=0) err=0 started","timestamp":1790455746.4665346}
2026-09-26T23:49:06.468+03:00 [RX telemetry] {"data_b64":"PTUgUlggb2s9NSB1c2VyPTMgZWM=","description":"ble:LoRa-Chatter-72E0 E0:72:A1:D5:4C:15","device_key":"ble-address:e0:72:a1:d5:4c:15","kind":"rx","seq":202,"session":"s2","stream":"telemetry","text":"=5 RX ok=5 user=3 ec","timestamp":1790455746.4676971}
2026-09-26T23:49:06.468+03:00 [RX telemetry] {"data_b64":"aG9fcmVxPTAgZWNob19yZXA9MCA=","description":"ble:LoRa-Chatter-72E0 E0:72:A1:D5:4C:15","device_key":"ble-address:e0:72:a1:d5:4c:15","kind":"rx","seq":203,"session":"s2","stream":"telemetry","text":"ho_req=0 echo_rep=0 ","timestamp":1790455746.467795}
2026-09-26T23:49:06.469+03:00 [RX telemetry] {"data_b64":"aGI9MCBjcmM9MCBoZHI9MiBiYWQ=","description":"ble:LoRa-Chatter-72E0 E0:72:A1:D5:4C:15","device_key":"ble-address:e0:72:a1:d5:4c:15","kind":"rx","seq":204,"session":"s2","stream":"telemetry","text":"hb=0 crc=0 hdr=2 bad","timestamp":1790455746.4687445}
2026-09-26T23:49:06.469+03:00 [RX telemetry] {"data_b64":"PTQgcmVhZGVycj0wIHJlcG9ydHM=","description":"ble:LoRa-Chatter-72E0 E0:72:A1:D5:4C:15","device_key":"ble-address:e0:72:a1:d5:4c:15","kind":"rx","seq":205,"session":"s2","stream":"telemetry","text":"=4 readerr=0 reports","timestamp":1790455746.4688516}
2026-09-26T23:49:06.470+03:00 [RX telemetry] {"data_b64":"PTIgUT0xMDAlIGRyb3BzPTAgZmE=","description":"ble:LoRa-Chatter-72E0 E0:72:A1:D5:4C:15","device_key":"ble-address:e0:72:a1:d5:4c:15","kind":"rx","seq":206,"session":"s2","stream":"telemetry","text":"=2 Q=100% drops=0 fa","timestamp":1790455746.470183}
2026-09-26T23:49:06.471+03:00 [RX telemetry] {"data_b64":"dGFsPTAK","description":"ble:LoRa-Chatter-72E0 E0:72:A1:D5:4C:15","device_key":"ble-address:e0:72:a1:d5:4c:15","kind":"rx","seq":207,"session":"s2","stream":"telemetry","text":"tal=0\n","timestamp":1790455746.4702766}
2026-09-26T23:49:06.471+03:00 [RX telemetry] {"data_b64":"U0VTU0lPTiBDT1VSVEVTWSB3aW4=","description":"ble:LoRa-Chatter-72E0 E0:72:A1:D5:4C:15","device_key":"ble-address:e0:72:a1:d5:4c:15","kind":"rx","seq":208,"session":"s2","stream":"telemetry","text":"SESSION COURTESY win","timestamp":1790455746.470902}
2026-09-26T23:49:06.472+03:00 [RX telemetry] {"data_b64":"ZG93PTUwMDBtcyBwZWVyX3JlbGU=","description":"ble:LoRa-Chatter-72E0 E0:72:A1:D5:4C:15","device_key":"ble-address:e0:72:a1:d5:4c:15","kind":"rx","seq":209,"session":"s2","stream":"telemetry","text":"dow=5000ms peer_rele","timestamp":1790455746.4720614}
2026-09-26T23:49:06.472+03:00 [RX telemetry] {"data_b64":"YXNlPTAgZXhwaXJlZD0wIHlpZWw=","description":"ble:LoRa-Chatter-72E0 E0:72:A1:D5:4C:15","device_key":"ble-address:e0:72:a1:d5:4c:15","kind":"rx","seq":210,"session":"s2","stream":"telemetry","text":"ase=0 expired=0 yiel","timestamp":1790455746.4721432}
2026-09-26T23:49:06.474+03:00 [RX telemetry] {"data_b64":"ZGluZz0wCg==","description":"ble:LoRa-Chatter-72E0 E0:72:A1:D5:4C:15","device_key":"ble-address:e0:72:a1:d5:4c:15","kind":"rx","seq":211,"session":"s2","stream":"telemetry","text":"ding=0\n","timestamp":1790455746.4735286}
2026-09-26T23:49:06.474+03:00 [RX telemetry] {"data_b64":"U0VTU0lPTiBESU8wX1RYIGFmZmU=","description":"ble:LoRa-Chatter-72E0 E0:72:A1:D5:4C:15","device_key":"ble-address:e0:72:a1:d5:4c:15","kind":"rx","seq":212,"session":"s2","stream":"telemetry","text":"SESSION DIO0_TX affe","timestamp":1790455746.473612}
2026-09-26T23:49:06.474+03:00 [RX telemetry] {"data_b64":"Y3RlZD0wLzUgZXBpc29kZXM9MCA=","description":"ble:LoRa-Chatter-72E0 E0:72:A1:D5:4C:15","device_key":"ble-address:e0:72:a1:d5:4c:15","kind":"rx","seq":213,"session":"s2","stream":"telemetry","text":"cted=0/5 episodes=0 ","timestamp":1790455746.4736679}
2026-09-26T23:49:06.474+03:00 [RX telemetry] {"data_b64":"YXZnX2FsbD0wLjAwIGF2Z19hZmY=","description":"ble:LoRa-Chatter-72E0 E0:72:A1:D5:4C:15","device_key":"ble-address:e0:72:a1:d5:4c:15","kind":"rx","seq":214,"session":"s2","stream":"telemetry","text":"avg_all=0.00 avg_aff","timestamp":1790455746.4737232}
2026-09-26T23:49:06.475+03:00 [RX telemetry] {"data_b64":"ZWN0ZWQ9MC4wMCBoaWdoX3BvbGw=","description":"ble:LoRa-Chatter-72E0 E0:72:A1:D5:4C:15","device_key":"ble-address:e0:72:a1:d5:4c:15","kind":"rx","seq":215,"session":"s2","stream":"telemetry","text":"ected=0.00 high_poll","timestamp":1790455746.47538}
2026-09-26T23:49:06.475+03:00 [RX telemetry] {"data_b64":"cz0wCg==","description":"ble:LoRa-Chatter-72E0 E0:72:A1:D5:4C:15","device_key":"ble-address:e0:72:a1:d5:4c:15","kind":"rx","seq":216,"session":"s2","stream":"telemetry","text":"s=0\n","timestamp":1790455746.4754605}
2026-09-26T23:49:06.475+03:00 [RX telemetry] {"data_b64":"U0VTU0lPTiBSWF9QT0xMIHBvbGw=","description":"ble:LoRa-Chatter-72E0 E0:72:A1:D5:4C:15","device_key":"ble-address:e0:72:a1:d5:4c:15","kind":"rx","seq":217,"session":"s2","stream":"telemetry","text":"SESSION RX_POLL poll","timestamp":1790455746.4755044}
2026-09-26T23:49:06.477+03:00 [RX telemetry] {"data_b64":"cz01MDA0NjE4IHJ4ZG9uZT0xMSA=","description":"ble:LoRa-Chatter-72E0 E0:72:A1:D5:4C:15","device_key":"ble-address:e0:72:a1:d5:4c:15","kind":"rx","seq":218,"session":"s2","stream":"telemetry","text":"s=5004618 rxdone=11 ","timestamp":1790455746.476956}
2026-09-26T23:49:06.477+03:00 [RX telemetry] {"data_b64":"aW50ZXJ2YWw9MTAwMHVzIERJTzA=","description":"ble:LoRa-Chatter-72E0 E0:72:A1:D5:4C:15","device_key":"ble-address:e0:72:a1:d5:4c:15","kind":"rx","seq":219,"session":"s2","stream":"telemetry","text":"interval=1000us DIO0","timestamp":1790455746.4775214}
2026-09-26T23:49:06.478+03:00 [RX telemetry] {"data_b64":"X1JYIGZhbHNlX2hpZ2hfZXA9MCA=","description":"ble:LoRa-Chatter-72E0 E0:72:A1:D5:4C:15","device_key":"ble-address:e0:72:a1:d5:4c:15","kind":"rx","seq":220,"session":"s2","stream":"telemetry","text":"_RX false_high_ep=0 ","timestamp":1790455746.478025}
2026-09-26T23:49:06.478+03:00 [RX telemetry] {"data_b64":"aGlnaF9wb2xscz0wIHJ4ZG9uZV8=","description":"ble:LoRa-Chatter-72E0 E0:72:A1:D5:4C:15","device_key":"ble-address:e0:72:a1:d5:4c:15","kind":"rx","seq":221,"session":"s2","stream":"telemetry","text":"high_polls=0 rxdone_","timestamp":1790455746.4784904}
2026-09-26T23:49:06.480+03:00 [RX telemetry] {"data_b64":"bG93PTAgaXNyPWRpc2FibGVkCg==","description":"ble:LoRa-Chatter-72E0 E0:72:A1:D5:4C:15","device_key":"ble-address:e0:72:a1:d5:4c:15","kind":"rx","seq":222,"session":"s2","stream":"telemetry","text":"low=0 isr=disabled\n","timestamp":1790455746.47988}
2026-09-26T23:49:52.140+03:00 [AGENT REQUEST] {"id":46,"op":"send_line","session":"s1","text":"A"}
2026-09-26T23:49:52.141+03:00 [AGENT RESPONSE] {"id":46,"ok":true,"result":{"state":"queued","tx_id":14}}
2026-09-26T23:49:52.141+03:00 [TX] {"data_b64":"QQo=","device_key":"ble-address:44:1b:f6:8d:b7:a9","kind":"tx","seq":235,"session":"s1","text":"A","timestamp":1790455792.140998,"tx_id":14,"tx_state":"queued"}
2026-09-26T23:49:52.142+03:00 [TX] {"data_b64":"QQo=","description":"ble:LoRa-Chatter-1B44 44:1B:F6:8D:B7:A9","device_key":"ble-address:44:1b:f6:8d:b7:a9","kind":"tx","seq":236,"session":"s1","text":"A","timestamp":1790455792.1420784,"tx_id":14,"tx_state":"written"}
2026-09-26T23:49:52.223+03:00 [RX telemetry] {"data_b64":"REVMSVZFUlkgUVVFVUVEIHNvdXI=","description":"ble:LoRa-Chatter-1B44 44:1B:F6:8D:B7:A9","device_key":"ble-address:44:1b:f6:8d:b7:a9","kind":"rx","seq":237,"session":"s1","stream":"telemetry","text":"DELIVERY QUEUED sour","timestamp":1790455792.2226813}
2026-09-26T23:49:52.225+03:00 [RX telemetry] {"data_b64":"Y2U9MiBieXRlcz0xIHdhaXRpbmc=","description":"ble:LoRa-Chatter-1B44 44:1B:F6:8D:B7:A9","device_key":"ble-address:44:1b:f6:8d:b7:a9","kind":"rx","seq":238,"session":"s1","stream":"telemetry","text":"ce=2 bytes=1 waiting","timestamp":1790455792.2250607}
2026-09-26T23:49:52.225+03:00 [RX telemetry] {"data_b64":"PTEvOCBpbl9mbGlnaHQ9MAo=","description":"ble:LoRa-Chatter-1B44 44:1B:F6:8D:B7:A9","device_key":"ble-address:44:1b:f6:8d:b7:a9","kind":"rx","seq":239,"session":"s1","stream":"telemetry","text":"=1/8 in_flight=0\n","timestamp":1790455792.225109}
2026-09-26T23:49:52.226+03:00 [RX telemetry] {"data_b64":"ClRYIFVTRVIgc2VxPTEgZnJhbWU=","description":"ble:LoRa-Chatter-1B44 44:1B:F6:8D:B7:A9","device_key":"ble-address:44:1b:f6:8d:b7:a9","kind":"rx","seq":240,"session":"s1","stream":"telemetry","text":"\nTX USER seq=1 frame","timestamp":1790455792.225853}
2026-09-26T23:49:52.226+03:00 [RX telemetry] {"data_b64":"PTEzQiB1c2VyPTFCIGF0dGVtcHQ=","description":"ble:LoRa-Chatter-1B44 44:1B:F6:8D:B7:A9","device_key":"ble-address:44:1b:f6:8d:b7:a9","kind":"rx","seq":241,"session":"s1","stream":"telemetry","text":"=13B user=1B attempt","timestamp":1790455792.2261765}
2026-09-26T23:49:52.226+03:00 [RX telemetry] {"data_b64":"PTEvNSBPSyB0aW1lPTEzIG1zCg==","description":"ble:LoRa-Chatter-1B44 44:1B:F6:8D:B7:A9","device_key":"ble-address:44:1b:f6:8d:b7:a9","kind":"rx","seq":242,"session":"s1","stream":"telemetry","text":"=1/5 OK time=13 ms\n","timestamp":1790455792.2261968}
2026-09-26T23:49:52.226+03:00 [RX chat] {"data_b64":"PiBBCg==","description":"ble:LoRa-Chatter-1B44 44:1B:F6:8D:B7:A9","device_key":"ble-address:44:1b:f6:8d:b7:a9","kind":"rx","seq":243,"session":"s1","stream":"chat","text":"> A\n","timestamp":1790455792.2264636}
2026-09-26T23:49:52.226+03:00 [RX telemetry] {"data_b64":"REVMSVZFUlkgV0FJVF9BQ0sgdXM=","description":"ble:LoRa-Chatter-1B44 44:1B:F6:8D:B7:A9","device_key":"ble-address:44:1b:f6:8d:b7:a9","kind":"rx","seq":244,"session":"s1","stream":"telemetry","text":"DELIVERY WAIT_ACK us","timestamp":1790455792.2265615}
2026-09-26T23:49:52.226+03:00 [RX telemetry] {"data_b64":"ZXI9MEJDNy8xIGF0dGVtcHQ9MS8=","description":"ble:LoRa-Chatter-1B44 44:1B:F6:8D:B7:A9","device_key":"ble-address:44:1b:f6:8d:b7:a9","kind":"rx","seq":245,"session":"s1","stream":"telemetry","text":"er=0BC7/1 attempt=1/","timestamp":1790455792.226863}
2026-09-26T23:49:52.230+03:00 [RX telemetry] {"data_b64":"NSB0aW1lb3V0PTcxMm1zIHF1ZXU=","description":"ble:LoRa-Chatter-1B44 44:1B:F6:8D:B7:A9","device_key":"ble-address:44:1b:f6:8d:b7:a9","kind":"rx","seq":246,"session":"s1","stream":"telemetry","text":"5 timeout=712ms queu","timestamp":1790455792.2299573}
2026-09-26T23:49:52.230+03:00 [RX telemetry] {"data_b64":"ZT0wCg==","description":"ble:LoRa-Chatter-1B44 44:1B:F6:8D:B7:A9","device_key":"ble-address:44:1b:f6:8d:b7:a9","kind":"rx","seq":247,"session":"s1","stream":"telemetry","text":"e=0\n","timestamp":1790455792.230097}
2026-09-26T23:49:52.272+03:00 [RX telemetry] {"data_b64":"UEVFUl9SRVBPUlQgb3VyX3NlcT0=","description":"ble:LoRa-Chatter-72E0 E0:72:A1:D5:4C:15","device_key":"ble-address:e0:72:a1:d5:4c:15","kind":"rx","seq":223,"session":"s2","stream":"telemetry","text":"PEER_REPORT our_seq=","timestamp":1790455792.2721531}
2026-09-26T23:49:52.363+03:00 [RX telemetry] {"data_b64":"NCBUWD0tNDQvNCBRMTAwCg==","description":"ble:LoRa-Chatter-72E0 E0:72:A1:D5:4C:15","device_key":"ble-address:e0:72:a1:d5:4c:15","kind":"rx","seq":224,"session":"s2","stream":"telemetry","text":"4 TX=-44/4 Q100\n","timestamp":1790455792.363057}
2026-09-26T23:49:52.366+03:00 [RX telemetry] {"data_b64":"ClJYIFVTRVIgc2Vzc2lvbj0wQkM=","description":"ble:LoRa-Chatter-72E0 E0:72:A1:D5:4C:15","device_key":"ble-address:e0:72:a1:d5:4c:15","kind":"rx","seq":225,"session":"s2","stream":"telemetry","text":"\nRX USER session=0BC","timestamp":1790455792.3656466}
2026-09-26T23:49:52.367+03:00 [RX telemetry] {"data_b64":"NyBzZXE9MSBmcmFtZT0xM0IgdXM=","description":"ble:LoRa-Chatter-72E0 E0:72:A1:D5:4C:15","device_key":"ble-address:e0:72:a1:d5:4c:15","kind":"rx","seq":226,"session":"s2","stream":"telemetry","text":"7 seq=1 frame=13B us","timestamp":1790455792.3659005}
2026-09-26T23:49:52.368+03:00 [RX telemetry] {"data_b64":"ZXI9MUIgUlg9LTQxLzYgUTEwMCA=","description":"ble:LoRa-Chatter-72E0 E0:72:A1:D5:4C:15","device_key":"ble-address:e0:72:a1:d5:4c:15","kind":"rx","seq":227,"session":"s2","stream":"telemetry","text":"er=1B RX=-41/6 Q100 ","timestamp":1790455792.367999}
2026-09-26T23:49:52.368+03:00 [RX telemetry] {"data_b64":"ZGlzcG9zaXRpb249MAo=","description":"ble:LoRa-Chatter-72E0 E0:72:A1:D5:4C:15","device_key":"ble-address:e0:72:a1:d5:4c:15","kind":"rx","seq":228,"session":"s2","stream":"telemetry","text":"disposition=0\n","timestamp":1790455792.3680718}
2026-09-26T23:49:52.369+03:00 [RX chat] {"data_b64":"PCBbLTQxLzYgUTEwMF0gQQo=","description":"ble:LoRa-Chatter-72E0 E0:72:A1:D5:4C:15","device_key":"ble-address:e0:72:a1:d5:4c:15","kind":"rx","seq":229,"session":"s2","stream":"chat","text":"< [-41/6 Q100] A\n","timestamp":1790455792.368889}
2026-09-26T23:49:52.449+03:00 [RX telemetry] {"data_b64":"UEVFUl9SRVBPUlQgb3VyX3NlcT0=","description":"ble:LoRa-Chatter-1B44 44:1B:F6:8D:B7:A9","device_key":"ble-address:44:1b:f6:8d:b7:a9","kind":"rx","seq":248,"session":"s1","stream":"telemetry","text":"PEER_REPORT our_seq=","timestamp":1790455792.448712}
2026-09-26T23:49:52.450+03:00 [RX telemetry] {"data_b64":"MSBUWD0tNDEvNiBRMTAwCg==","description":"ble:LoRa-Chatter-1B44 44:1B:F6:8D:B7:A9","device_key":"ble-address:44:1b:f6:8d:b7:a9","kind":"rx","seq":249,"session":"s1","stream":"telemetry","text":"1 TX=-41/6 Q100\n","timestamp":1790455792.4498622}
2026-09-26T23:49:52.451+03:00 [RX telemetry] {"data_b64":"ClJYIEFDSyBzZXNzaW9uPUEyNEY=","description":"ble:LoRa-Chatter-1B44 44:1B:F6:8D:B7:A9","device_key":"ble-address:44:1b:f6:8d:b7:a9","kind":"rx","seq":250,"session":"s1","stream":"telemetry","text":"\nRX ACK session=A24F","timestamp":1790455792.4508076}
2026-09-26T23:49:52.453+03:00 [RX telemetry] {"data_b64":"ClRYIEFDSyBzZXE9NSBhY2tfdG8=","description":"ble:LoRa-Chatter-72E0 E0:72:A1:D5:4C:15","device_key":"ble-address:e0:72:a1:d5:4c:15","kind":"rx","seq":230,"session":"s2","stream":"telemetry","text":"\nTX ACK seq=5 ack_to","timestamp":1790455792.4525118}
2026-09-26T23:49:52.454+03:00 [RX telemetry] {"data_b64":"PTBCQzcvMSBmcmFtZT0xNEIgT0s=","description":"ble:LoRa-Chatter-72E0 E0:72:A1:D5:4C:15","device_key":"ble-address:e0:72:a1:d5:4c:15","kind":"rx","seq":231,"session":"s2","stream":"telemetry","text":"=0BC7/1 frame=14B OK","timestamp":1790455792.4542632}
2026-09-26T23:49:52.455+03:00 [RX telemetry] {"data_b64":"IHRpbWU9MTMgbXMgZ3VhcmQ9NTA=","description":"ble:LoRa-Chatter-72E0 E0:72:A1:D5:4C:15","device_key":"ble-address:e0:72:a1:d5:4c:15","kind":"rx","seq":232,"session":"s2","stream":"telemetry","text":" time=13 ms guard=50","timestamp":1790455792.4553528}
2026-09-26T23:49:52.456+03:00 [RX telemetry] {"data_b64":"MG1zCg==","description":"ble:LoRa-Chatter-72E0 E0:72:A1:D5:4C:15","device_key":"ble-address:e0:72:a1:d5:4c:15","kind":"rx","seq":233,"session":"s2","stream":"telemetry","text":"0ms\n","timestamp":1790455792.4565656}
2026-09-26T23:49:52.493+03:00 [RX telemetry] {"data_b64":"IHNlcT01IGFja190bz0wQkM3LzE=","description":"ble:LoRa-Chatter-1B44 44:1B:F6:8D:B7:A9","device_key":"ble-address:44:1b:f6:8d:b7:a9","kind":"rx","seq":251,"session":"s1","stream":"telemetry","text":" seq=5 ack_to=0BC7/1","timestamp":1790455792.4929838}
2026-09-26T23:49:52.493+03:00 [RX telemetry] {"data_b64":"IGZyYW1lPTE0QiBSWD0tNDIvMiA=","description":"ble:LoRa-Chatter-1B44 44:1B:F6:8D:B7:A9","device_key":"ble-address:44:1b:f6:8d:b7:a9","kind":"rx","seq":252,"session":"s1","stream":"telemetry","text":" frame=14B RX=-42/2 ","timestamp":1790455792.4930856}
2026-09-26T23:49:52.494+03:00 [RX telemetry] {"data_b64":"UTEwMAo=","description":"ble:LoRa-Chatter-1B44 44:1B:F6:8D:B7:A9","device_key":"ble-address:44:1b:f6:8d:b7:a9","kind":"rx","seq":253,"session":"s1","stream":"telemetry","text":"Q100\n","timestamp":1790455792.4940324}
2026-09-26T23:49:52.495+03:00 [RX telemetry] {"data_b64":"REVMSVZFUlkgQUNLIHVzZXI9MEI=","description":"ble:LoRa-Chatter-1B44 44:1B:F6:8D:B7:A9","device_key":"ble-address:44:1b:f6:8d:b7:a9","kind":"rx","seq":254,"session":"s1","stream":"telemetry","text":"DELIVERY ACK user=0B","timestamp":1790455792.495114}
2026-09-26T23:49:52.537+03:00 [RX telemetry] {"data_b64":"QzcvMSBhdHRlbXB0cz0xLzUgZWw=","description":"ble:LoRa-Chatter-1B44 44:1B:F6:8D:B7:A9","device_key":"ble-address:44:1b:f6:8d:b7:a9","kind":"rx","seq":255,"session":"s1","stream":"telemetry","text":"C7/1 attempts=1/5 el","timestamp":1790455792.5370808}
2026-09-26T23:49:52.537+03:00 [RX telemetry] {"data_b64":"YXBzZWQ9MjIzbXMgcXVldWU9MAo=","description":"ble:LoRa-Chatter-1B44 44:1B:F6:8D:B7:A9","device_key":"ble-address:44:1b:f6:8d:b7:a9","kind":"rx","seq":256,"session":"s1","stream":"telemetry","text":"apsed=223ms queue=0\n","timestamp":1790455792.537437}
2026-09-26T23:49:53.251+03:00 [AGENT REQUEST] {"id":47,"op":"observe","cursors":{"s1":209,"s2":195},"timeout_ms":5000}
2026-09-26T23:49:53.252+03:00 [AGENT RESPONSE] {"id":47,"ok":true,"result":{"cursors":{"s1":256,"s2":233},"lines":[{"seq_first":196,"seq_last":196,"session":"s2","stream":"telemetry","text":""},{"seq_first":196,"seq_last":197,"session":"s2","stream":"telemetry","text":"RX HEADER ERROR IRQ=0x50 RX=-119/-12"},{"seq_first":210,"seq_last":210,"session":"s1","stream":"telemetry","text":""},{"seq_first":210,"seq_last":219,"session":"s1","stream":"telemetry","text":"SESSION t=540s TX ok=1 user=1 echo_req=0 echo_rep=0 hb=0(idle=0) err=0 started=1 RX ok=1 user=0 echo_req=0 echo_rep=0 hb=0 crc=1 hdr=0 bad=0 readerr=0 reports=1 Q=100% drops=0 fatal=0"},{"seq_first":220,"seq_last":223,"session":"s1","stream":"telemetry","text":"SESSION COURTESY window=5000ms peer_release=0 expired=0 yielding=0"},{"seq_first":224,"seq_last":228,"session":"s1","stream":"telemetry","text":"SESSION DIO0_TX affected=0/1 episodes=0 avg_all=0.00 avg_affected=0.00 high_polls=0"},{"seq_first":229,"seq_last":234,"session":"s1","stream":"telemetry","text":"SESSION RX_POLL polls=502787 rxdone=2 interval=1000us DIO0_RX false_high_ep=0 high_polls=0 rxdone_low=0 isr=disabled"},{"seq_first":198,"seq_last":198,"session":"s2","stream":"telemetry","text":""},{"seq_first":198,"seq_last":207,"session":"s2","stream":"telemetry","text":"SESSION t=5940s TX ok=5 user=2 echo_req=0 echo_rep=0 hb=0(idle=0) err=0 started=5 RX ok=5 user=3 echo_req=0 echo_rep=0 hb=0 crc=0 hdr=2 bad=4 readerr=0 reports=2 Q=100% drops=0 fatal=0"},{"seq_first":208,"seq_last":211,"session":"s2","stream":"telemetry","text":"SESSION COURTESY window=5000ms peer_release=0 expired=0 yielding=0"},{"seq_first":212,"seq_last":216,"session":"s2","stream":"telemetry","text":"SESSION DIO0_TX affected=0/5 episodes=0 avg_all=0.00 avg_affected=0.00 high_polls=0"},{"seq_first":217,"seq_last":222,"session":"s2","stream":"telemetry","text":"SESSION RX_POLL polls=5004618 rxdone=11 interval=1000us DIO0_RX false_high_ep=0 high_polls=0 rxdone_low=0 isr=disabled"},{"seq_first":237,"seq_last":239,"session":"s1","stream":"telemetry","text":"DELIVERY QUEUED source=2 bytes=1 waiting=1/8 in_flight=0"},{"seq_first":240,"seq_last":240,"session":"s1","stream":"telemetry","text":""},{"seq_first":240,"seq_last":242,"session":"s1","stream":"telemetry","text":"TX USER seq=1 frame=13B user=1B attempt=1/5 OK time=13 ms"},{"seq_first":243,"seq_last":243,"session":"s1","stream":"chat","text":"> A"},{"seq_first":244,"seq_last":247,"session":"s1","stream":"telemetry","text":"DELIVERY WAIT_ACK user=0BC7/1 attempt=1/5 timeout=712ms queue=0"},{"seq_first":223,"seq_last":224,"session":"s2","stream":"telemetry","text":"PEER_REPORT our_seq=4 TX=-44/4 Q100"},{"seq_first":225,"seq_last":225,"session":"s2","stream":"telemetry","text":""},{"seq_first":225,"seq_last":228,"session":"s2","stream":"telemetry","text":"RX USER session=0BC7 seq=1 frame=13B user=1B RX=-41/6 Q100 disposition=0"},{"seq_first":229,"seq_last":229,"session":"s2","stream":"chat","text":"< [-41/6 Q100] A"},{"seq_first":248,"seq_last":249,"session":"s1","stream":"telemetry","text":"PEER_REPORT our_seq=1 TX=-41/6 Q100"},{"seq_first":250,"seq_last":250,"session":"s1","stream":"telemetry","text":""},{"seq_first":230,"seq_last":230,"session":"s2","stream":"telemetry","text":""},{"seq_first":230,"seq_last":233,"session":"s2","stream":"telemetry","text":"TX ACK seq=5 ack_to=0BC7/1 frame=14B OK time=13 ms guard=500ms"},{"seq_first":250,"seq_last":253,"session":"s1","stream":"telemetry","text":"RX ACK session=A24F seq=5 ack_to=0BC7/1 frame=14B RX=-42/2 Q100"},{"seq_first":254,"seq_last":256,"session":"s1","stream":"telemetry","text":"DELIVERY ACK user=0BC7/1 attempts=1/5 elapsed=223ms queue=0"}],"timed_out":false}}
2026-09-26T23:49:54.368+03:00 [AGENT REQUEST] {"id":48,"op":"send_line","session":"s1","text":"A"}
2026-09-26T23:49:54.369+03:00 [TX] {"data_b64":"QQo=","device_key":"ble-address:44:1b:f6:8d:b7:a9","kind":"tx","seq":257,"session":"s1","text":"A","timestamp":1790455794.3688898,"tx_id":15,"tx_state":"queued"}
2026-09-26T23:49:54.370+03:00 [AGENT RESPONSE] {"id":48,"ok":true,"result":{"state":"queued","tx_id":15}}
2026-09-26T23:49:54.371+03:00 [TX] {"data_b64":"QQo=","description":"ble:LoRa-Chatter-1B44 44:1B:F6:8D:B7:A9","device_key":"ble-address:44:1b:f6:8d:b7:a9","kind":"tx","seq":258,"session":"s1","text":"A","timestamp":1790455794.3711214,"tx_id":15,"tx_state":"written"}
2026-09-26T23:49:54.429+03:00 [RX telemetry] {"data_b64":"REVMSVZFUlkgUVVFVUVEIHNvdXI=","description":"ble:LoRa-Chatter-1B44 44:1B:F6:8D:B7:A9","device_key":"ble-address:44:1b:f6:8d:b7:a9","kind":"rx","seq":259,"session":"s1","stream":"telemetry","text":"DELIVERY QUEUED sour","timestamp":1790455794.428492}
2026-09-26T23:49:54.430+03:00 [RX telemetry] {"data_b64":"Y2U9MiBieXRlcz0xIHdhaXRpbmc=","description":"ble:LoRa-Chatter-1B44 44:1B:F6:8D:B7:A9","device_key":"ble-address:44:1b:f6:8d:b7:a9","kind":"rx","seq":260,"session":"s1","stream":"telemetry","text":"ce=2 bytes=1 waiting","timestamp":1790455794.4287472}
2026-09-26T23:49:54.430+03:00 [RX telemetry] {"data_b64":"PTEvOCBpbl9mbGlnaHQ9MAo=","description":"ble:LoRa-Chatter-1B44 44:1B:F6:8D:B7:A9","device_key":"ble-address:44:1b:f6:8d:b7:a9","kind":"rx","seq":261,"session":"s1","stream":"telemetry","text":"=1/8 in_flight=0\n","timestamp":1790455794.4287817}
2026-09-26T23:49:54.430+03:00 [RX telemetry] {"data_b64":"ClRYIFVTRVIgc2VxPTIgZnJhbWU=","description":"ble:LoRa-Chatter-1B44 44:1B:F6:8D:B7:A9","device_key":"ble-address:44:1b:f6:8d:b7:a9","kind":"rx","seq":262,"session":"s1","stream":"telemetry","text":"\nTX USER seq=2 frame","timestamp":1790455794.4303653}
2026-09-26T23:49:54.430+03:00 [RX telemetry] {"data_b64":"PTEzQiB1c2VyPTFCIGF0dGVtcHQ=","description":"ble:LoRa-Chatter-1B44 44:1B:F6:8D:B7:A9","device_key":"ble-address:44:1b:f6:8d:b7:a9","kind":"rx","seq":263,"session":"s1","stream":"telemetry","text":"=13B user=1B attempt","timestamp":1790455794.4303982}
2026-09-26T23:49:54.432+03:00 [RX telemetry] {"data_b64":"PTEvNSBPSyB0aW1lPTEzIG1zCg==","description":"ble:LoRa-Chatter-1B44 44:1B:F6:8D:B7:A9","device_key":"ble-address:44:1b:f6:8d:b7:a9","kind":"rx","seq":264,"session":"s1","stream":"telemetry","text":"=1/5 OK time=13 ms\n","timestamp":1790455794.43186}
2026-09-26T23:49:54.432+03:00 [RX chat] {"data_b64":"PiBBCg==","description":"ble:LoRa-Chatter-1B44 44:1B:F6:8D:B7:A9","device_key":"ble-address:44:1b:f6:8d:b7:a9","kind":"rx","seq":265,"session":"s1","stream":"chat","text":"> A\n","timestamp":1790455794.4322689}
2026-09-26T23:49:54.432+03:00 [RX telemetry] {"data_b64":"REVMSVZFUlkgV0FJVF9BQ0sgdXM=","description":"ble:LoRa-Chatter-1B44 44:1B:F6:8D:B7:A9","device_key":"ble-address:44:1b:f6:8d:b7:a9","kind":"rx","seq":266,"session":"s1","stream":"telemetry","text":"DELIVERY WAIT_ACK us","timestamp":1790455794.4324539}
2026-09-26T23:49:54.432+03:00 [RX telemetry] {"data_b64":"ZXI9MEJDNy8yIGF0dGVtcHQ9MS8=","description":"ble:LoRa-Chatter-1B44 44:1B:F6:8D:B7:A9","device_key":"ble-address:44:1b:f6:8d:b7:a9","kind":"rx","seq":267,"session":"s1","stream":"telemetry","text":"er=0BC7/2 attempt=1/","timestamp":1790455794.4327714}
2026-09-26T23:49:54.434+03:00 [RX telemetry] {"data_b64":"NSB0aW1lb3V0PTcxMm1zIHF1ZXU=","description":"ble:LoRa-Chatter-1B44 44:1B:F6:8D:B7:A9","device_key":"ble-address:44:1b:f6:8d:b7:a9","kind":"rx","seq":268,"session":"s1","stream":"telemetry","text":"5 timeout=712ms queu","timestamp":1790455794.4341648}
2026-09-26T23:49:54.435+03:00 [RX telemetry] {"data_b64":"ZT0wCg==","description":"ble:LoRa-Chatter-1B44 44:1B:F6:8D:B7:A9","device_key":"ble-address:44:1b:f6:8d:b7:a9","kind":"rx","seq":269,"session":"s1","stream":"telemetry","text":"e=0\n","timestamp":1790455794.434853}
2026-09-26T23:49:54.478+03:00 [RX telemetry] {"data_b64":"UEVFUl9SRVBPUlQgb3VyX3NlcT0=","description":"ble:LoRa-Chatter-72E0 E0:72:A1:D5:4C:15","device_key":"ble-address:e0:72:a1:d5:4c:15","kind":"rx","seq":234,"session":"s2","stream":"telemetry","text":"PEER_REPORT our_seq=","timestamp":1790455794.4784906}
2026-09-26T23:49:54.479+03:00 [RX telemetry] {"data_b64":"NSBUWD0tNDIvMiBRMTAwCg==","description":"ble:LoRa-Chatter-72E0 E0:72:A1:D5:4C:15","device_key":"ble-address:e0:72:a1:d5:4c:15","kind":"rx","seq":235,"session":"s2","stream":"telemetry","text":"5 TX=-42/2 Q100\n","timestamp":1790455794.4785748}
2026-09-26T23:49:54.480+03:00 [RX telemetry] {"data_b64":"ClJYIFVTRVIgc2Vzc2lvbj0wQkM=","description":"ble:LoRa-Chatter-72E0 E0:72:A1:D5:4C:15","device_key":"ble-address:e0:72:a1:d5:4c:15","kind":"rx","seq":236,"session":"s2","stream":"telemetry","text":"\nRX USER session=0BC","timestamp":1790455794.4796906}
2026-09-26T23:49:54.481+03:00 [RX telemetry] {"data_b64":"NyBzZXE9MiBmcmFtZT0xM0IgdXM=","description":"ble:LoRa-Chatter-72E0 E0:72:A1:D5:4C:15","device_key":"ble-address:e0:72:a1:d5:4c:15","kind":"rx","seq":237,"session":"s2","stream":"telemetry","text":"7 seq=2 frame=13B us","timestamp":1790455794.4798615}
2026-09-26T23:49:54.482+03:00 [RX telemetry] {"data_b64":"ZXI9MUIgUlg9LTQxLzUgUTEwMCA=","description":"ble:LoRa-Chatter-72E0 E0:72:A1:D5:4C:15","device_key":"ble-address:e0:72:a1:d5:4c:15","kind":"rx","seq":238,"session":"s2","stream":"telemetry","text":"er=1B RX=-41/5 Q100 ","timestamp":1790455794.4799075}
2026-09-26T23:49:54.482+03:00 [RX telemetry] {"data_b64":"ZGlzcG9zaXRpb249MAo=","description":"ble:LoRa-Chatter-72E0 E0:72:A1:D5:4C:15","device_key":"ble-address:e0:72:a1:d5:4c:15","kind":"rx","seq":239,"session":"s2","stream":"telemetry","text":"disposition=0\n","timestamp":1790455794.4821303}
2026-09-26T23:49:54.483+03:00 [RX chat] {"data_b64":"PCBbLTQxLzUgUTEwMF0gQQo=","description":"ble:LoRa-Chatter-72E0 E0:72:A1:D5:4C:15","device_key":"ble-address:e0:72:a1:d5:4c:15","kind":"rx","seq":240,"session":"s2","stream":"chat","text":"< [-41/5 Q100] A\n","timestamp":1790455794.4828882}
2026-09-26T23:49:54.654+03:00 [RX telemetry] {"data_b64":"UEVFUl9SRVBPUlQgb3VyX3NlcT0=","description":"ble:LoRa-Chatter-1B44 44:1B:F6:8D:B7:A9","device_key":"ble-address:44:1b:f6:8d:b7:a9","kind":"rx","seq":270,"session":"s1","stream":"telemetry","text":"PEER_REPORT our_seq=","timestamp":1790455794.6535802}
2026-09-26T23:49:54.654+03:00 [RX telemetry] {"data_b64":"MiBUWD0tNDEvNSBRMTAwCg==","description":"ble:LoRa-Chatter-1B44 44:1B:F6:8D:B7:A9","device_key":"ble-address:44:1b:f6:8d:b7:a9","kind":"rx","seq":271,"session":"s1","stream":"telemetry","text":"2 TX=-41/5 Q100\n","timestamp":1790455794.654359}
2026-09-26T23:49:54.655+03:00 [RX telemetry] {"data_b64":"ClJYIEFDSyBzZXNzaW9uPUEyNEY=","description":"ble:LoRa-Chatter-1B44 44:1B:F6:8D:B7:A9","device_key":"ble-address:44:1b:f6:8d:b7:a9","kind":"rx","seq":272,"session":"s1","stream":"telemetry","text":"\nRX ACK session=A24F","timestamp":1790455794.6544523}
2026-09-26T23:49:54.657+03:00 [RX telemetry] {"data_b64":"ClRYIEFDSyBzZXE9NiBhY2tfdG8=","description":"ble:LoRa-Chatter-72E0 E0:72:A1:D5:4C:15","device_key":"ble-address:e0:72:a1:d5:4c:15","kind":"rx","seq":241,"session":"s2","stream":"telemetry","text":"\nTX ACK seq=6 ack_to","timestamp":1790455794.657605}
2026-09-26T23:49:54.662+03:00 [RX telemetry] {"data_b64":"PTBCQzcvMiBmcmFtZT0xNEIgT0s=","description":"ble:LoRa-Chatter-72E0 E0:72:A1:D5:4C:15","device_key":"ble-address:e0:72:a1:d5:4c:15","kind":"rx","seq":242,"session":"s2","stream":"telemetry","text":"=0BC7/2 frame=14B OK","timestamp":1790455794.6582668}
2026-09-26T23:49:54.663+03:00 [RX telemetry] {"data_b64":"IHRpbWU9MTMgbXMgZ3VhcmQ9NTA=","description":"ble:LoRa-Chatter-72E0 E0:72:A1:D5:4C:15","device_key":"ble-address:e0:72:a1:d5:4c:15","kind":"rx","seq":243,"session":"s2","stream":"telemetry","text":" time=13 ms guard=50","timestamp":1790455794.6587017}
2026-09-26T23:49:54.663+03:00 [RX telemetry] {"data_b64":"MG1zCg==","description":"ble:LoRa-Chatter-72E0 E0:72:A1:D5:4C:15","device_key":"ble-address:e0:72:a1:d5:4c:15","kind":"rx","seq":244,"session":"s2","stream":"telemetry","text":"0ms\n","timestamp":1790455794.6602213}
2026-09-26T23:49:54.698+03:00 [RX telemetry] {"data_b64":"IHNlcT02IGFja190bz0wQkM3LzI=","description":"ble:LoRa-Chatter-1B44 44:1B:F6:8D:B7:A9","device_key":"ble-address:44:1b:f6:8d:b7:a9","kind":"rx","seq":273,"session":"s1","stream":"telemetry","text":" seq=6 ack_to=0BC7/2","timestamp":1790455794.6978688}
2026-09-26T23:49:54.699+03:00 [RX telemetry] {"data_b64":"IGZyYW1lPTE0QiBSWD0tNDAvNiA=","description":"ble:LoRa-Chatter-1B44 44:1B:F6:8D:B7:A9","device_key":"ble-address:44:1b:f6:8d:b7:a9","kind":"rx","seq":274,"session":"s1","stream":"telemetry","text":" frame=14B RX=-40/6 ","timestamp":1790455794.6989582}
2026-09-26T23:49:54.699+03:00 [RX telemetry] {"data_b64":"UTEwMAo=","description":"ble:LoRa-Chatter-1B44 44:1B:F6:8D:B7:A9","device_key":"ble-address:44:1b:f6:8d:b7:a9","kind":"rx","seq":275,"session":"s1","stream":"telemetry","text":"Q100\n","timestamp":1790455794.6990323}
2026-09-26T23:49:54.700+03:00 [RX telemetry] {"data_b64":"REVMSVZFUlkgQUNLIHVzZXI9MEI=","description":"ble:LoRa-Chatter-1B44 44:1B:F6:8D:B7:A9","device_key":"ble-address:44:1b:f6:8d:b7:a9","kind":"rx","seq":276,"session":"s1","stream":"telemetry","text":"DELIVERY ACK user=0B","timestamp":1790455794.7000167}
2026-09-26T23:49:54.743+03:00 [RX telemetry] {"data_b64":"QzcvMiBhdHRlbXB0cz0xLzUgZWw=","description":"ble:LoRa-Chatter-1B44 44:1B:F6:8D:B7:A9","device_key":"ble-address:44:1b:f6:8d:b7:a9","kind":"rx","seq":277,"session":"s1","stream":"telemetry","text":"C7/2 attempts=1/5 el","timestamp":1790455794.742973}
2026-09-26T23:49:54.744+03:00 [RX telemetry] {"data_b64":"YXBzZWQ9MjIybXMgcXVldWU9MAo=","description":"ble:LoRa-Chatter-1B44 44:1B:F6:8D:B7:A9","device_key":"ble-address:44:1b:f6:8d:b7:a9","kind":"rx","seq":278,"session":"s1","stream":"telemetry","text":"apsed=222ms queue=0\n","timestamp":1790455794.7438557}
2026-09-26T23:49:55.472+03:00 [AGENT REQUEST] {"id":49,"op":"observe","cursors":{"s1":256,"s2":233},"timeout_ms":5000}
2026-09-26T23:49:55.473+03:00 [AGENT RESPONSE] {"id":49,"ok":true,"result":{"cursors":{"s1":278,"s2":244},"lines":[{"seq_first":259,"seq_last":261,"session":"s1","stream":"telemetry","text":"DELIVERY QUEUED source=2 bytes=1 waiting=1/8 in_flight=0"},{"seq_first":262,"seq_last":262,"session":"s1","stream":"telemetry","text":""},{"seq_first":262,"seq_last":264,"session":"s1","stream":"telemetry","text":"TX USER seq=2 frame=13B user=1B attempt=1/5 OK time=13 ms"},{"seq_first":265,"seq_last":265,"session":"s1","stream":"chat","text":"> A"},{"seq_first":266,"seq_last":269,"session":"s1","stream":"telemetry","text":"DELIVERY WAIT_ACK user=0BC7/2 attempt=1/5 timeout=712ms queue=0"},{"seq_first":234,"seq_last":235,"session":"s2","stream":"telemetry","text":"PEER_REPORT our_seq=5 TX=-42/2 Q100"},{"seq_first":236,"seq_last":236,"session":"s2","stream":"telemetry","text":""},{"seq_first":236,"seq_last":239,"session":"s2","stream":"telemetry","text":"RX USER session=0BC7 seq=2 frame=13B user=1B RX=-41/5 Q100 disposition=0"},{"seq_first":240,"seq_last":240,"session":"s2","stream":"chat","text":"< [-41/5 Q100] A"},{"seq_first":270,"seq_last":271,"session":"s1","stream":"telemetry","text":"PEER_REPORT our_seq=2 TX=-41/5 Q100"},{"seq_first":272,"seq_last":272,"session":"s1","stream":"telemetry","text":""},{"seq_first":241,"seq_last":241,"session":"s2","stream":"telemetry","text":""},{"seq_first":241,"seq_last":244,"session":"s2","stream":"telemetry","text":"TX ACK seq=6 ack_to=0BC7/2 frame=14B OK time=13 ms guard=500ms"},{"seq_first":272,"seq_last":275,"session":"s1","stream":"telemetry","text":"RX ACK session=A24F seq=6 ack_to=0BC7/2 frame=14B RX=-40/6 Q100"},{"seq_first":276,"seq_last":278,"session":"s1","stream":"telemetry","text":"DELIVERY ACK user=0BC7/2 attempts=1/5 elapsed=222ms queue=0"}],"timed_out":false}}
2026-09-26T23:49:56.576+03:00 [AGENT REQUEST] {"id":50,"op":"send_line","session":"s1","text":"A"}
2026-09-26T23:49:56.577+03:00 [TX] {"data_b64":"QQo=","device_key":"ble-address:44:1b:f6:8d:b7:a9","kind":"tx","seq":279,"session":"s1","text":"A","timestamp":1790455796.577048,"tx_id":16,"tx_state":"queued"}
2026-09-26T23:49:56.578+03:00 [AGENT RESPONSE] {"id":50,"ok":true,"result":{"state":"queued","tx_id":16}}
2026-09-26T23:49:56.578+03:00 [TX] {"data_b64":"QQo=","description":"ble:LoRa-Chatter-1B44 44:1B:F6:8D:B7:A9","device_key":"ble-address:44:1b:f6:8d:b7:a9","kind":"tx","seq":280,"session":"s1","text":"A","timestamp":1790455796.5786998,"tx_id":16,"tx_state":"written"}
2026-09-26T23:49:56.641+03:00 [RX telemetry] {"data_b64":"UEVFUl9SRVBPUlQgb3VyX3NlcT0=","description":"ble:LoRa-Chatter-72E0 E0:72:A1:D5:4C:15","device_key":"ble-address:e0:72:a1:d5:4c:15","kind":"rx","seq":245,"session":"s2","stream":"telemetry","text":"PEER_REPORT our_seq=","timestamp":1790455796.6376972}
2026-09-26T23:49:56.641+03:00 [RX telemetry] {"data_b64":"NiBUWD0tNDAvNiBRMTAwCg==","description":"ble:LoRa-Chatter-72E0 E0:72:A1:D5:4C:15","device_key":"ble-address:e0:72:a1:d5:4c:15","kind":"rx","seq":246,"session":"s2","stream":"telemetry","text":"6 TX=-40/6 Q100\n","timestamp":1790455796.6411831}
2026-09-26T23:49:56.642+03:00 [RX telemetry] {"data_b64":"ClJYIFVTRVIgc2Vzc2lvbj0wQkM=","description":"ble:LoRa-Chatter-72E0 E0:72:A1:D5:4C:15","device_key":"ble-address:e0:72:a1:d5:4c:15","kind":"rx","seq":247,"session":"s2","stream":"telemetry","text":"\nRX USER session=0BC","timestamp":1790455796.6412723}
2026-09-26T23:49:56.642+03:00 [RX telemetry] {"data_b64":"NyBzZXE9MyBmcmFtZT0xM0IgdXM=","description":"ble:LoRa-Chatter-72E0 E0:72:A1:D5:4C:15","device_key":"ble-address:e0:72:a1:d5:4c:15","kind":"rx","seq":248,"session":"s2","stream":"telemetry","text":"7 seq=3 frame=13B us","timestamp":1790455796.641313}
2026-09-26T23:49:56.642+03:00 [RX telemetry] {"data_b64":"ZXI9MUIgUlg9LTQwLzYgUTEwMCA=","description":"ble:LoRa-Chatter-72E0 E0:72:A1:D5:4C:15","device_key":"ble-address:e0:72:a1:d5:4c:15","kind":"rx","seq":249,"session":"s2","stream":"telemetry","text":"er=1B RX=-40/6 Q100 ","timestamp":1790455796.641343}
2026-09-26T23:49:56.642+03:00 [RX telemetry] {"data_b64":"ZGlzcG9zaXRpb249MAo=","description":"ble:LoRa-Chatter-72E0 E0:72:A1:D5:4C:15","device_key":"ble-address:e0:72:a1:d5:4c:15","kind":"rx","seq":250,"session":"s2","stream":"telemetry","text":"disposition=0\n","timestamp":1790455796.6413708}
2026-09-26T23:49:56.643+03:00 [RX chat] {"data_b64":"PCBbLTQwLzYgUTEwMF0gQQo=","description":"ble:LoRa-Chatter-72E0 E0:72:A1:D5:4C:15","device_key":"ble-address:e0:72:a1:d5:4c:15","kind":"rx","seq":251,"session":"s2","stream":"chat","text":"< [-40/6 Q100] A\n","timestamp":1790455796.642708}
2026-09-26T23:49:56.678+03:00 [RX telemetry] {"data_b64":"REVMSVZFUlkgUVVFVUVEIHNvdXI=","description":"ble:LoRa-Chatter-1B44 44:1B:F6:8D:B7:A9","device_key":"ble-address:44:1b:f6:8d:b7:a9","kind":"rx","seq":281,"session":"s1","stream":"telemetry","text":"DELIVERY QUEUED sour","timestamp":1790455796.677654}
2026-09-26T23:49:56.679+03:00 [RX telemetry] {"data_b64":"Y2U9MiBieXRlcz0xIHdhaXRpbmc=","description":"ble:LoRa-Chatter-1B44 44:1B:F6:8D:B7:A9","device_key":"ble-address:44:1b:f6:8d:b7:a9","kind":"rx","seq":282,"session":"s1","stream":"telemetry","text":"ce=2 bytes=1 waiting","timestamp":1790455796.6786718}
2026-09-26T23:49:56.679+03:00 [RX telemetry] {"data_b64":"PTEvOCBpbl9mbGlnaHQ9MAo=","description":"ble:LoRa-Chatter-1B44 44:1B:F6:8D:B7:A9","device_key":"ble-address:44:1b:f6:8d:b7:a9","kind":"rx","seq":283,"session":"s1","stream":"telemetry","text":"=1/8 in_flight=0\n","timestamp":1790455796.678779}
2026-09-26T23:49:56.723+03:00 [RX telemetry] {"data_b64":"ClRYIFVTRVIgc2VxPTMgZnJhbWU=","description":"ble:LoRa-Chatter-1B44 44:1B:F6:8D:B7:A9","device_key":"ble-address:44:1b:f6:8d:b7:a9","kind":"rx","seq":284,"session":"s1","stream":"telemetry","text":"\nTX USER seq=3 frame","timestamp":1790455796.7228396}
2026-09-26T23:49:56.724+03:00 [RX telemetry] {"data_b64":"PTEzQiB1c2VyPTFCIGF0dGVtcHQ=","description":"ble:LoRa-Chatter-1B44 44:1B:F6:8D:B7:A9","device_key":"ble-address:44:1b:f6:8d:b7:a9","kind":"rx","seq":285,"session":"s1","stream":"telemetry","text":"=13B user=1B attempt","timestamp":1790455796.7239823}
2026-09-26T23:49:56.724+03:00 [RX telemetry] {"data_b64":"PTEvNSBPSyB0aW1lPTEzIG1zCg==","description":"ble:LoRa-Chatter-1B44 44:1B:F6:8D:B7:A9","device_key":"ble-address:44:1b:f6:8d:b7:a9","kind":"rx","seq":286,"session":"s1","stream":"telemetry","text":"=1/5 OK time=13 ms\n","timestamp":1790455796.724052}
2026-09-26T23:49:56.768+03:00 [RX chat] {"data_b64":"PiBBCg==","description":"ble:LoRa-Chatter-1B44 44:1B:F6:8D:B7:A9","device_key":"ble-address:44:1b:f6:8d:b7:a9","kind":"rx","seq":287,"session":"s1","stream":"chat","text":"> A\n","timestamp":1790455796.7678556}
2026-09-26T23:49:56.769+03:00 [RX telemetry] {"data_b64":"REVMSVZFUlkgV0FJVF9BQ0sgdXM=","description":"ble:LoRa-Chatter-1B44 44:1B:F6:8D:B7:A9","device_key":"ble-address:44:1b:f6:8d:b7:a9","kind":"rx","seq":288,"session":"s1","stream":"telemetry","text":"DELIVERY WAIT_ACK us","timestamp":1790455796.7691674}
2026-09-26T23:49:56.769+03:00 [RX telemetry] {"data_b64":"ZXI9MEJDNy8zIGF0dGVtcHQ9MS8=","description":"ble:LoRa-Chatter-1B44 44:1B:F6:8D:B7:A9","device_key":"ble-address:44:1b:f6:8d:b7:a9","kind":"rx","seq":289,"session":"s1","stream":"telemetry","text":"er=0BC7/3 attempt=1/","timestamp":1790455796.7692716}
2026-09-26T23:49:56.770+03:00 [RX telemetry] {"data_b64":"NSB0aW1lb3V0PTcxMm1zIHF1ZXU=","description":"ble:LoRa-Chatter-1B44 44:1B:F6:8D:B7:A9","device_key":"ble-address:44:1b:f6:8d:b7:a9","kind":"rx","seq":290,"session":"s1","stream":"telemetry","text":"5 timeout=712ms queu","timestamp":1790455796.7705605}
2026-09-26T23:49:56.816+03:00 [RX telemetry] {"data_b64":"ZT0wCg==","description":"ble:LoRa-Chatter-1B44 44:1B:F6:8D:B7:A9","device_key":"ble-address:44:1b:f6:8d:b7:a9","kind":"rx","seq":291,"session":"s1","stream":"telemetry","text":"e=0\n","timestamp":1790455796.8158443}
2026-09-26T23:49:56.858+03:00 [RX telemetry] {"data_b64":"UEVFUl9SRVBPUlQgb3VyX3NlcT0=","description":"ble:LoRa-Chatter-1B44 44:1B:F6:8D:B7:A9","device_key":"ble-address:44:1b:f6:8d:b7:a9","kind":"rx","seq":292,"session":"s1","stream":"telemetry","text":"PEER_REPORT our_seq=","timestamp":1790455796.857943}
2026-09-26T23:49:56.858+03:00 [RX telemetry] {"data_b64":"MyBUWD0tNDAvNiBRMTAwCg==","description":"ble:LoRa-Chatter-1B44 44:1B:F6:8D:B7:A9","device_key":"ble-address:44:1b:f6:8d:b7:a9","kind":"rx","seq":293,"session":"s1","stream":"telemetry","text":"3 TX=-40/6 Q100\n","timestamp":1790455796.8585207}
2026-09-26T23:49:56.858+03:00 [RX telemetry] {"data_b64":"ClJYIEFDSyBzZXNzaW9uPUEyNEY=","description":"ble:LoRa-Chatter-1B44 44:1B:F6:8D:B7:A9","device_key":"ble-address:44:1b:f6:8d:b7:a9","kind":"rx","seq":294,"session":"s1","stream":"telemetry","text":"\nRX ACK session=A24F","timestamp":1790455796.8588035}
2026-09-26T23:49:56.866+03:00 [RX telemetry] {"data_b64":"ClRYIEFDSyBzZXE9NyBhY2tfdG8=","description":"ble:LoRa-Chatter-72E0 E0:72:A1:D5:4C:15","device_key":"ble-address:e0:72:a1:d5:4c:15","kind":"rx","seq":252,"session":"s2","stream":"telemetry","text":"\nTX ACK seq=7 ack_to","timestamp":1790455796.8652954}
2026-09-26T23:49:56.867+03:00 [RX telemetry] {"data_b64":"PTBCQzcvMyBmcmFtZT0xNEIgT0s=","description":"ble:LoRa-Chatter-72E0 E0:72:A1:D5:4C:15","device_key":"ble-address:e0:72:a1:d5:4c:15","kind":"rx","seq":253,"session":"s2","stream":"telemetry","text":"=0BC7/3 frame=14B OK","timestamp":1790455796.8671713}
2026-09-26T23:49:56.867+03:00 [RX telemetry] {"data_b64":"IHRpbWU9MTMgbXMgZ3VhcmQ9NTA=","description":"ble:LoRa-Chatter-72E0 E0:72:A1:D5:4C:15","device_key":"ble-address:e0:72:a1:d5:4c:15","kind":"rx","seq":254,"session":"s2","stream":"telemetry","text":" time=13 ms guard=50","timestamp":1790455796.8672347}
2026-09-26T23:49:56.867+03:00 [RX telemetry] {"data_b64":"MG1zCg==","description":"ble:LoRa-Chatter-72E0 E0:72:A1:D5:4C:15","device_key":"ble-address:e0:72:a1:d5:4c:15","kind":"rx","seq":255,"session":"s2","stream":"telemetry","text":"0ms\n","timestamp":1790455796.8672729}
2026-09-26T23:49:56.903+03:00 [RX telemetry] {"data_b64":"IHNlcT03IGFja190bz0wQkM3LzM=","description":"ble:LoRa-Chatter-1B44 44:1B:F6:8D:B7:A9","device_key":"ble-address:44:1b:f6:8d:b7:a9","kind":"rx","seq":295,"session":"s1","stream":"telemetry","text":" seq=7 ack_to=0BC7/3","timestamp":1790455796.9031959}
2026-09-26T23:49:56.903+03:00 [RX telemetry] {"data_b64":"IGZyYW1lPTE0QiBSWD0tMzUvMCA=","description":"ble:LoRa-Chatter-1B44 44:1B:F6:8D:B7:A9","device_key":"ble-address:44:1b:f6:8d:b7:a9","kind":"rx","seq":296,"session":"s1","stream":"telemetry","text":" frame=14B RX=-35/0 ","timestamp":1790455796.90331}
2026-09-26T23:49:56.904+03:00 [RX telemetry] {"data_b64":"UTEwMAo=","description":"ble:LoRa-Chatter-1B44 44:1B:F6:8D:B7:A9","device_key":"ble-address:44:1b:f6:8d:b7:a9","kind":"rx","seq":297,"session":"s1","stream":"telemetry","text":"Q100\n","timestamp":1790455796.9042304}
2026-09-26T23:49:56.908+03:00 [RX telemetry] {"data_b64":"REVMSVZFUlkgQUNLIHVzZXI9MEI=","description":"ble:LoRa-Chatter-1B44 44:1B:F6:8D:B7:A9","device_key":"ble-address:44:1b:f6:8d:b7:a9","kind":"rx","seq":298,"session":"s1","stream":"telemetry","text":"DELIVERY ACK user=0B","timestamp":1790455796.9085999}
2026-09-26T23:49:56.949+03:00 [RX telemetry] {"data_b64":"QzcvMyBhdHRlbXB0cz0xLzUgZWw=","description":"ble:LoRa-Chatter-1B44 44:1B:F6:8D:B7:A9","device_key":"ble-address:44:1b:f6:8d:b7:a9","kind":"rx","seq":299,"session":"s1","stream":"telemetry","text":"C7/3 attempts=1/5 el","timestamp":1790455796.949017}
2026-09-26T23:49:56.949+03:00 [RX telemetry] {"data_b64":"YXBzZWQ9MjIybXMgcXVldWU9MAo=","description":"ble:LoRa-Chatter-1B44 44:1B:F6:8D:B7:A9","device_key":"ble-address:44:1b:f6:8d:b7:a9","kind":"rx","seq":300,"session":"s1","stream":"telemetry","text":"apsed=222ms queue=0\n","timestamp":1790455796.9490623}
2026-09-26T23:49:57.679+03:00 [AGENT REQUEST] {"id":51,"op":"observe","cursors":{"s1":278,"s2":244},"timeout_ms":5000}
2026-09-26T23:49:57.680+03:00 [AGENT RESPONSE] {"id":51,"ok":true,"result":{"cursors":{"s1":300,"s2":255},"lines":[{"seq_first":245,"seq_last":246,"session":"s2","stream":"telemetry","text":"PEER_REPORT our_seq=6 TX=-40/6 Q100"},{"seq_first":247,"seq_last":247,"session":"s2","stream":"telemetry","text":""},{"seq_first":247,"seq_last":250,"session":"s2","stream":"telemetry","text":"RX USER session=0BC7 seq=3 frame=13B user=1B RX=-40/6 Q100 disposition=0"},{"seq_first":251,"seq_last":251,"session":"s2","stream":"chat","text":"< [-40/6 Q100] A"},{"seq_first":281,"seq_last":283,"session":"s1","stream":"telemetry","text":"DELIVERY QUEUED source=2 bytes=1 waiting=1/8 in_flight=0"},{"seq_first":284,"seq_last":284,"session":"s1","stream":"telemetry","text":""},{"seq_first":284,"seq_last":286,"session":"s1","stream":"telemetry","text":"TX USER seq=3 frame=13B user=1B attempt=1/5 OK time=13 ms"},{"seq_first":287,"seq_last":287,"session":"s1","stream":"chat","text":"> A"},{"seq_first":288,"seq_last":291,"session":"s1","stream":"telemetry","text":"DELIVERY WAIT_ACK user=0BC7/3 attempt=1/5 timeout=712ms queue=0"},{"seq_first":292,"seq_last":293,"session":"s1","stream":"telemetry","text":"PEER_REPORT our_seq=3 TX=-40/6 Q100"},{"seq_first":294,"seq_last":294,"session":"s1","stream":"telemetry","text":""},{"seq_first":252,"seq_last":252,"session":"s2","stream":"telemetry","text":""},{"seq_first":252,"seq_last":255,"session":"s2","stream":"telemetry","text":"TX ACK seq=7 ack_to=0BC7/3 frame=14B OK time=13 ms guard=500ms"},{"seq_first":294,"seq_last":297,"session":"s1","stream":"telemetry","text":"RX ACK session=A24F seq=7 ack_to=0BC7/3 frame=14B RX=-35/0 Q100"},{"seq_first":298,"seq_last":300,"session":"s1","stream":"telemetry","text":"DELIVERY ACK user=0BC7/3 attempts=1/5 elapsed=222ms queue=0"}],"timed_out":false}}
2026-09-26T23:49:58.783+03:00 [AGENT REQUEST] {"id":52,"op":"send_line","session":"s1","text":"A"}
2026-09-26T23:49:58.784+03:00 [TX] {"data_b64":"QQo=","device_key":"ble-address:44:1b:f6:8d:b7:a9","kind":"tx","seq":301,"session":"s1","text":"A","timestamp":1790455798.784064,"tx_id":17,"tx_state":"queued"}
2026-09-26T23:49:58.784+03:00 [AGENT RESPONSE] {"id":52,"ok":true,"result":{"state":"queued","tx_id":17}}
2026-09-26T23:49:58.785+03:00 [TX] {"data_b64":"QQo=","description":"ble:LoRa-Chatter-1B44 44:1B:F6:8D:B7:A9","device_key":"ble-address:44:1b:f6:8d:b7:a9","kind":"tx","seq":302,"session":"s1","text":"A","timestamp":1790455798.7850854,"tx_id":17,"tx_state":"written"}
2026-09-26T23:49:58.843+03:00 [RX telemetry] {"data_b64":"UEVFUl9SRVBPUlQgb3VyX3NlcT0=","description":"ble:LoRa-Chatter-72E0 E0:72:A1:D5:4C:15","device_key":"ble-address:e0:72:a1:d5:4c:15","kind":"rx","seq":256,"session":"s2","stream":"telemetry","text":"PEER_REPORT our_seq=","timestamp":1790455798.8428323}
2026-09-26T23:49:58.844+03:00 [RX telemetry] {"data_b64":"NyBUWD0tMzUvMCBRMTAwCg==","description":"ble:LoRa-Chatter-72E0 E0:72:A1:D5:4C:15","device_key":"ble-address:e0:72:a1:d5:4c:15","kind":"rx","seq":257,"session":"s2","stream":"telemetry","text":"7 TX=-35/0 Q100\n","timestamp":1790455798.8436613}
2026-09-26T23:49:58.845+03:00 [RX telemetry] {"data_b64":"ClJYIFVTRVIgc2Vzc2lvbj0wQkM=","description":"ble:LoRa-Chatter-72E0 E0:72:A1:D5:4C:15","device_key":"ble-address:e0:72:a1:d5:4c:15","kind":"rx","seq":258,"session":"s2","stream":"telemetry","text":"\nRX USER session=0BC","timestamp":1790455798.8445063}
2026-09-26T23:49:58.846+03:00 [RX telemetry] {"data_b64":"NyBzZXE9NCBmcmFtZT0xM0IgdXM=","description":"ble:LoRa-Chatter-72E0 E0:72:A1:D5:4C:15","device_key":"ble-address:e0:72:a1:d5:4c:15","kind":"rx","seq":259,"session":"s2","stream":"telemetry","text":"7 seq=4 frame=13B us","timestamp":1790455798.8455956}
2026-09-26T23:49:58.846+03:00 [RX telemetry] {"data_b64":"ZXI9MUIgUlg9LTQzLzUgUTEwMCA=","description":"ble:LoRa-Chatter-72E0 E0:72:A1:D5:4C:15","device_key":"ble-address:e0:72:a1:d5:4c:15","kind":"rx","seq":260,"session":"s2","stream":"telemetry","text":"er=1B RX=-43/5 Q100 ","timestamp":1790455798.8456976}
2026-09-26T23:49:58.847+03:00 [RX telemetry] {"data_b64":"ZGlzcG9zaXRpb249MAo=","description":"ble:LoRa-Chatter-72E0 E0:72:A1:D5:4C:15","device_key":"ble-address:e0:72:a1:d5:4c:15","kind":"rx","seq":261,"session":"s2","stream":"telemetry","text":"disposition=0\n","timestamp":1790455798.846891}
2026-09-26T23:49:58.847+03:00 [RX chat] {"data_b64":"PCBbLTQzLzUgUTEwMF0gQQo=","description":"ble:LoRa-Chatter-72E0 E0:72:A1:D5:4C:15","device_key":"ble-address:e0:72:a1:d5:4c:15","kind":"rx","seq":262,"session":"s2","stream":"chat","text":"< [-43/5 Q100] A\n","timestamp":1790455798.8470302}
2026-09-26T23:49:58.883+03:00 [RX telemetry] {"data_b64":"REVMSVZFUlkgUVVFVUVEIHNvdXI=","description":"ble:LoRa-Chatter-1B44 44:1B:F6:8D:B7:A9","device_key":"ble-address:44:1b:f6:8d:b7:a9","kind":"rx","seq":303,"session":"s1","stream":"telemetry","text":"DELIVERY QUEUED sour","timestamp":1790455798.882912}
2026-09-26T23:49:58.883+03:00 [RX telemetry] {"data_b64":"Y2U9MiBieXRlcz0xIHdhaXRpbmc=","description":"ble:LoRa-Chatter-1B44 44:1B:F6:8D:B7:A9","device_key":"ble-address:44:1b:f6:8d:b7:a9","kind":"rx","seq":304,"session":"s1","stream":"telemetry","text":"ce=2 bytes=1 waiting","timestamp":1790455798.883022}
2026-09-26T23:49:58.884+03:00 [RX telemetry] {"data_b64":"PTEvOCBpbl9mbGlnaHQ9MAo=","description":"ble:LoRa-Chatter-1B44 44:1B:F6:8D:B7:A9","device_key":"ble-address:44:1b:f6:8d:b7:a9","kind":"rx","seq":305,"session":"s1","stream":"telemetry","text":"=1/8 in_flight=0\n","timestamp":1790455798.8841062}
2026-09-26T23:49:58.928+03:00 [RX telemetry] {"data_b64":"ClRYIFVTRVIgc2VxPTQgZnJhbWU=","description":"ble:LoRa-Chatter-1B44 44:1B:F6:8D:B7:A9","device_key":"ble-address:44:1b:f6:8d:b7:a9","kind":"rx","seq":306,"session":"s1","stream":"telemetry","text":"\nTX USER seq=4 frame","timestamp":1790455798.927857}
2026-09-26T23:49:58.929+03:00 [RX telemetry] {"data_b64":"PTEzQiB1c2VyPTFCIGF0dGVtcHQ=","description":"ble:LoRa-Chatter-1B44 44:1B:F6:8D:B7:A9","device_key":"ble-address:44:1b:f6:8d:b7:a9","kind":"rx","seq":307,"session":"s1","stream":"telemetry","text":"=13B user=1B attempt","timestamp":1790455798.9290762}
2026-09-26T23:49:58.929+03:00 [RX telemetry] {"data_b64":"PTEvNSBPSyB0aW1lPTEzIG1zCg==","description":"ble:LoRa-Chatter-1B44 44:1B:F6:8D:B7:A9","device_key":"ble-address:44:1b:f6:8d:b7:a9","kind":"rx","seq":308,"session":"s1","stream":"telemetry","text":"=1/5 OK time=13 ms\n","timestamp":1790455798.929185}
2026-09-26T23:49:58.973+03:00 [RX chat] {"data_b64":"PiBBCg==","description":"ble:LoRa-Chatter-1B44 44:1B:F6:8D:B7:A9","device_key":"ble-address:44:1b:f6:8d:b7:a9","kind":"rx","seq":309,"session":"s1","stream":"chat","text":"> A\n","timestamp":1790455798.9730072}
2026-09-26T23:49:58.974+03:00 [RX telemetry] {"data_b64":"REVMSVZFUlkgV0FJVF9BQ0sgdXM=","description":"ble:LoRa-Chatter-1B44 44:1B:F6:8D:B7:A9","device_key":"ble-address:44:1b:f6:8d:b7:a9","kind":"rx","seq":310,"session":"s1","stream":"telemetry","text":"DELIVERY WAIT_ACK us","timestamp":1790455798.9734008}
2026-09-26T23:49:58.974+03:00 [RX telemetry] {"data_b64":"ZXI9MEJDNy80IGF0dGVtcHQ9MS8=","description":"ble:LoRa-Chatter-1B44 44:1B:F6:8D:B7:A9","device_key":"ble-address:44:1b:f6:8d:b7:a9","kind":"rx","seq":311,"session":"s1","stream":"telemetry","text":"er=0BC7/4 attempt=1/","timestamp":1790455798.9740148}
2026-09-26T23:49:58.975+03:00 [RX telemetry] {"data_b64":"NSB0aW1lb3V0PTcxMm1zIHF1ZXU=","description":"ble:LoRa-Chatter-1B44 44:1B:F6:8D:B7:A9","device_key":"ble-address:44:1b:f6:8d:b7:a9","kind":"rx","seq":312,"session":"s1","stream":"telemetry","text":"5 timeout=712ms queu","timestamp":1790455798.9752848}
2026-09-26T23:49:59.018+03:00 [RX telemetry] {"data_b64":"ZT0wCg==","description":"ble:LoRa-Chatter-1B44 44:1B:F6:8D:B7:A9","device_key":"ble-address:44:1b:f6:8d:b7:a9","kind":"rx","seq":313,"session":"s1","stream":"telemetry","text":"e=0\n","timestamp":1790455799.0180616}
2026-09-26T23:49:59.067+03:00 [RX telemetry] {"data_b64":"UEVFUl9SRVBPUlQgb3VyX3NlcT0=","description":"ble:LoRa-Chatter-1B44 44:1B:F6:8D:B7:A9","device_key":"ble-address:44:1b:f6:8d:b7:a9","kind":"rx","seq":314,"session":"s1","stream":"telemetry","text":"PEER_REPORT our_seq=","timestamp":1790455799.0658941}
2026-09-26T23:49:59.067+03:00 [RX telemetry] {"data_b64":"NCBUWD0tNDMvNSBRMTAwCg==","description":"ble:LoRa-Chatter-1B44 44:1B:F6:8D:B7:A9","device_key":"ble-address:44:1b:f6:8d:b7:a9","kind":"rx","seq":315,"session":"s1","stream":"telemetry","text":"4 TX=-43/5 Q100\n","timestamp":1790455799.0661516}
2026-09-26T23:49:59.067+03:00 [RX telemetry] {"data_b64":"ClJYIEFDSyBzZXNzaW9uPUEyNEY=","description":"ble:LoRa-Chatter-1B44 44:1B:F6:8D:B7:A9","device_key":"ble-address:44:1b:f6:8d:b7:a9","kind":"rx","seq":316,"session":"s1","stream":"telemetry","text":"\nRX ACK session=A24F","timestamp":1790455799.0665011}
2026-09-26T23:49:59.069+03:00 [RX telemetry] {"data_b64":"ClRYIEFDSyBzZXE9OCBhY2tfdG8=","description":"ble:LoRa-Chatter-72E0 E0:72:A1:D5:4C:15","device_key":"ble-address:e0:72:a1:d5:4c:15","kind":"rx","seq":263,"session":"s2","stream":"telemetry","text":"\nTX ACK seq=8 ack_to","timestamp":1790455799.069003}
2026-09-26T23:49:59.070+03:00 [RX telemetry] {"data_b64":"PTBCQzcvNCBmcmFtZT0xNEIgT0s=","description":"ble:LoRa-Chatter-72E0 E0:72:A1:D5:4C:15","device_key":"ble-address:e0:72:a1:d5:4c:15","kind":"rx","seq":264,"session":"s2","stream":"telemetry","text":"=0BC7/4 frame=14B OK","timestamp":1790455799.0699134}
2026-09-26T23:49:59.070+03:00 [RX telemetry] {"data_b64":"IHRpbWU9MTMgbXMgZ3VhcmQ9NTA=","description":"ble:LoRa-Chatter-72E0 E0:72:A1:D5:4C:15","device_key":"ble-address:e0:72:a1:d5:4c:15","kind":"rx","seq":265,"session":"s2","stream":"telemetry","text":" time=13 ms guard=50","timestamp":1790455799.069984}
2026-09-26T23:49:59.071+03:00 [RX telemetry] {"data_b64":"MG1zCg==","description":"ble:LoRa-Chatter-72E0 E0:72:A1:D5:4C:15","device_key":"ble-address:e0:72:a1:d5:4c:15","kind":"rx","seq":266,"session":"s2","stream":"telemetry","text":"0ms\n","timestamp":1790455799.0710044}
2026-09-26T23:49:59.108+03:00 [RX telemetry] {"data_b64":"IHNlcT04IGFja190bz0wQkM3LzQ=","description":"ble:LoRa-Chatter-1B44 44:1B:F6:8D:B7:A9","device_key":"ble-address:44:1b:f6:8d:b7:a9","kind":"rx","seq":317,"session":"s1","stream":"telemetry","text":" seq=8 ack_to=0BC7/4","timestamp":1790455799.1078382}
2026-09-26T23:49:59.109+03:00 [RX telemetry] {"data_b64":"IGZyYW1lPTE0QiBSWD0tNDEvMCA=","description":"ble:LoRa-Chatter-1B44 44:1B:F6:8D:B7:A9","device_key":"ble-address:44:1b:f6:8d:b7:a9","kind":"rx","seq":318,"session":"s1","stream":"telemetry","text":" frame=14B RX=-41/0 ","timestamp":1790455799.1089113}
2026-09-26T23:49:59.109+03:00 [RX telemetry] {"data_b64":"UTEwMAo=","description":"ble:LoRa-Chatter-1B44 44:1B:F6:8D:B7:A9","device_key":"ble-address:44:1b:f6:8d:b7:a9","kind":"rx","seq":319,"session":"s1","stream":"telemetry","text":"Q100\n","timestamp":1790455799.1089923}
2026-09-26T23:49:59.110+03:00 [RX telemetry] {"data_b64":"REVMSVZFUlkgQUNLIHVzZXI9MEI=","description":"ble:LoRa-Chatter-1B44 44:1B:F6:8D:B7:A9","device_key":"ble-address:44:1b:f6:8d:b7:a9","kind":"rx","seq":320,"session":"s1","stream":"telemetry","text":"DELIVERY ACK user=0B","timestamp":1790455799.1099367}
2026-09-26T23:49:59.153+03:00 [RX telemetry] {"data_b64":"QzcvNCBhdHRlbXB0cz0xLzUgZWw=","description":"ble:LoRa-Chatter-1B44 44:1B:F6:8D:B7:A9","device_key":"ble-address:44:1b:f6:8d:b7:a9","kind":"rx","seq":321,"session":"s1","stream":"telemetry","text":"C7/4 attempts=1/5 el","timestamp":1790455799.1531448}
2026-09-26T23:49:59.153+03:00 [RX telemetry] {"data_b64":"YXBzZWQ9MjIzbXMgcXVldWU9MAo=","description":"ble:LoRa-Chatter-1B44 44:1B:F6:8D:B7:A9","device_key":"ble-address:44:1b:f6:8d:b7:a9","kind":"rx","seq":322,"session":"s1","stream":"telemetry","text":"apsed=223ms queue=0\n","timestamp":1790455799.1532896}
2026-09-26T23:49:59.887+03:00 [AGENT REQUEST] {"id":53,"op":"observe","cursors":{"s1":300,"s2":255},"timeout_ms":5000}
2026-09-26T23:49:59.888+03:00 [AGENT RESPONSE] {"id":53,"ok":true,"result":{"cursors":{"s1":322,"s2":266},"lines":[{"seq_first":256,"seq_last":257,"session":"s2","stream":"telemetry","text":"PEER_REPORT our_seq=7 TX=-35/0 Q100"},{"seq_first":258,"seq_last":258,"session":"s2","stream":"telemetry","text":""},{"seq_first":258,"seq_last":261,"session":"s2","stream":"telemetry","text":"RX USER session=0BC7 seq=4 frame=13B user=1B RX=-43/5 Q100 disposition=0"},{"seq_first":262,"seq_last":262,"session":"s2","stream":"chat","text":"< [-43/5 Q100] A"},{"seq_first":303,"seq_last":305,"session":"s1","stream":"telemetry","text":"DELIVERY QUEUED source=2 bytes=1 waiting=1/8 in_flight=0"},{"seq_first":306,"seq_last":306,"session":"s1","stream":"telemetry","text":""},{"seq_first":306,"seq_last":308,"session":"s1","stream":"telemetry","text":"TX USER seq=4 frame=13B user=1B attempt=1/5 OK time=13 ms"},{"seq_first":309,"seq_last":309,"session":"s1","stream":"chat","text":"> A"},{"seq_first":310,"seq_last":313,"session":"s1","stream":"telemetry","text":"DELIVERY WAIT_ACK user=0BC7/4 attempt=1/5 timeout=712ms queue=0"},{"seq_first":314,"seq_last":315,"session":"s1","stream":"telemetry","text":"PEER_REPORT our_seq=4 TX=-43/5 Q100"},{"seq_first":316,"seq_last":316,"session":"s1","stream":"telemetry","text":""},{"seq_first":263,"seq_last":263,"session":"s2","stream":"telemetry","text":""},{"seq_first":263,"seq_last":266,"session":"s2","stream":"telemetry","text":"TX ACK seq=8 ack_to=0BC7/4 frame=14B OK time=13 ms guard=500ms"},{"seq_first":316,"seq_last":319,"session":"s1","stream":"telemetry","text":"RX ACK session=A24F seq=8 ack_to=0BC7/4 frame=14B RX=-41/0 Q100"},{"seq_first":320,"seq_last":322,"session":"s1","stream":"telemetry","text":"DELIVERY ACK user=0BC7/4 attempts=1/5 elapsed=223ms queue=0"}],"timed_out":false}}
2026-09-26T23:50:00.991+03:00 [AGENT REQUEST] {"id":54,"op":"send_line","session":"s1","text":"A"}
2026-09-26T23:50:00.992+03:00 [TX] {"data_b64":"QQo=","device_key":"ble-address:44:1b:f6:8d:b7:a9","kind":"tx","seq":323,"session":"s1","text":"A","timestamp":1790455800.9919047,"tx_id":18,"tx_state":"queued"}
2026-09-26T23:50:00.993+03:00 [AGENT RESPONSE] {"id":54,"ok":true,"result":{"state":"queued","tx_id":18}}
2026-09-26T23:50:00.994+03:00 [TX] {"data_b64":"QQo=","description":"ble:LoRa-Chatter-1B44 44:1B:F6:8D:B7:A9","device_key":"ble-address:44:1b:f6:8d:b7:a9","kind":"tx","seq":324,"session":"s1","text":"A","timestamp":1790455800.9938524,"tx_id":18,"tx_state":"written"}
2026-09-26T23:50:01.042+03:00 [RX telemetry] {"data_b64":"REVMSVZFUlkgUVVFVUVEIHNvdXI=","description":"ble:LoRa-Chatter-1B44 44:1B:F6:8D:B7:A9","device_key":"ble-address:44:1b:f6:8d:b7:a9","kind":"rx","seq":325,"session":"s1","stream":"telemetry","text":"DELIVERY QUEUED sour","timestamp":1790455801.0421596}
2026-09-26T23:50:01.042+03:00 [RX telemetry] {"data_b64":"Y2U9MiBieXRlcz0xIHdhaXRpbmc=","description":"ble:LoRa-Chatter-1B44 44:1B:F6:8D:B7:A9","device_key":"ble-address:44:1b:f6:8d:b7:a9","kind":"rx","seq":326,"session":"s1","stream":"telemetry","text":"ce=2 bytes=1 waiting","timestamp":1790455801.0424519}
2026-09-26T23:50:01.042+03:00 [RX telemetry] {"data_b64":"PTEvOCBpbl9mbGlnaHQ9MAo=","description":"ble:LoRa-Chatter-1B44 44:1B:F6:8D:B7:A9","device_key":"ble-address:44:1b:f6:8d:b7:a9","kind":"rx","seq":327,"session":"s1","stream":"telemetry","text":"=1/8 in_flight=0\n","timestamp":1790455801.0424805}
2026-09-26T23:50:01.044+03:00 [RX telemetry] {"data_b64":"ClRYIFVTRVIgc2VxPTUgZnJhbWU=","description":"ble:LoRa-Chatter-1B44 44:1B:F6:8D:B7:A9","device_key":"ble-address:44:1b:f6:8d:b7:a9","kind":"rx","seq":328,"session":"s1","stream":"telemetry","text":"\nTX USER seq=5 frame","timestamp":1790455801.0437841}
2026-09-26T23:50:01.044+03:00 [RX telemetry] {"data_b64":"PTEzQiB1c2VyPTFCIGF0dGVtcHQ=","description":"ble:LoRa-Chatter-1B44 44:1B:F6:8D:B7:A9","device_key":"ble-address:44:1b:f6:8d:b7:a9","kind":"rx","seq":329,"session":"s1","stream":"telemetry","text":"=13B user=1B attempt","timestamp":1790455801.044276}
2026-09-26T23:50:01.044+03:00 [RX telemetry] {"data_b64":"PTEvNSBPSyB0aW1lPTEzIG1zCg==","description":"ble:LoRa-Chatter-1B44 44:1B:F6:8D:B7:A9","device_key":"ble-address:44:1b:f6:8d:b7:a9","kind":"rx","seq":330,"session":"s1","stream":"telemetry","text":"=1/5 OK time=13 ms\n","timestamp":1790455801.0443027}
2026-09-26T23:50:01.045+03:00 [RX chat] {"data_b64":"PiBBCg==","description":"ble:LoRa-Chatter-1B44 44:1B:F6:8D:B7:A9","device_key":"ble-address:44:1b:f6:8d:b7:a9","kind":"rx","seq":331,"session":"s1","stream":"chat","text":"> A\n","timestamp":1790455801.0457144}
2026-09-26T23:50:01.046+03:00 [RX telemetry] {"data_b64":"REVMSVZFUlkgV0FJVF9BQ0sgdXM=","description":"ble:LoRa-Chatter-1B44 44:1B:F6:8D:B7:A9","device_key":"ble-address:44:1b:f6:8d:b7:a9","kind":"rx","seq":332,"session":"s1","stream":"telemetry","text":"DELIVERY WAIT_ACK us","timestamp":1790455801.0459392}
2026-09-26T23:50:01.046+03:00 [RX telemetry] {"data_b64":"ZXI9MEJDNy81IGF0dGVtcHQ9MS8=","description":"ble:LoRa-Chatter-1B44 44:1B:F6:8D:B7:A9","device_key":"ble-address:44:1b:f6:8d:b7:a9","kind":"rx","seq":333,"session":"s1","stream":"telemetry","text":"er=0BC7/5 attempt=1/","timestamp":1790455801.0461864}
2026-09-26T23:50:01.047+03:00 [RX telemetry] {"data_b64":"NSB0aW1lb3V0PTcxMm1zIHF1ZXU=","description":"ble:LoRa-Chatter-1B44 44:1B:F6:8D:B7:A9","device_key":"ble-address:44:1b:f6:8d:b7:a9","kind":"rx","seq":334,"session":"s1","stream":"telemetry","text":"5 timeout=712ms queu","timestamp":1790455801.0478618}
2026-09-26T23:50:01.048+03:00 [RX telemetry] {"data_b64":"ZT0wCg==","description":"ble:LoRa-Chatter-1B44 44:1B:F6:8D:B7:A9","device_key":"ble-address:44:1b:f6:8d:b7:a9","kind":"rx","seq":335,"session":"s1","stream":"telemetry","text":"e=0\n","timestamp":1790455801.048074}
2026-09-26T23:50:01.097+03:00 [RX telemetry] {"data_b64":"UEVFUl9SRVBPUlQgb3VyX3NlcT0=","description":"ble:LoRa-Chatter-72E0 E0:72:A1:D5:4C:15","device_key":"ble-address:e0:72:a1:d5:4c:15","kind":"rx","seq":267,"session":"s2","stream":"telemetry","text":"PEER_REPORT our_seq=","timestamp":1790455801.094521}
2026-09-26T23:50:01.098+03:00 [RX telemetry] {"data_b64":"OCBUWD0tNDEvMCBRMTAwCg==","description":"ble:LoRa-Chatter-72E0 E0:72:A1:D5:4C:15","device_key":"ble-address:e0:72:a1:d5:4c:15","kind":"rx","seq":268,"session":"s2","stream":"telemetry","text":"8 TX=-41/0 Q100\n","timestamp":1790455801.0946512}
2026-09-26T23:50:01.098+03:00 [RX telemetry] {"data_b64":"ClJYIFVTRVIgc2Vzc2lvbj0wQkM=","description":"ble:LoRa-Chatter-72E0 E0:72:A1:D5:4C:15","device_key":"ble-address:e0:72:a1:d5:4c:15","kind":"rx","seq":269,"session":"s2","stream":"telemetry","text":"\nRX USER session=0BC","timestamp":1790455801.0953}
2026-09-26T23:50:01.098+03:00 [RX telemetry] {"data_b64":"NyBzZXE9NSBmcmFtZT0xM0IgdXM=","description":"ble:LoRa-Chatter-72E0 E0:72:A1:D5:4C:15","device_key":"ble-address:e0:72:a1:d5:4c:15","kind":"rx","seq":270,"session":"s2","stream":"telemetry","text":"7 seq=5 frame=13B us","timestamp":1790455801.0954475}
2026-09-26T23:50:01.098+03:00 [RX telemetry] {"data_b64":"ZXI9MUIgUlg9LTM4LzUgUTEwMCA=","description":"ble:LoRa-Chatter-72E0 E0:72:A1:D5:4C:15","device_key":"ble-address:e0:72:a1:d5:4c:15","kind":"rx","seq":271,"session":"s2","stream":"telemetry","text":"er=1B RX=-38/5 Q100 ","timestamp":1790455801.095737}
2026-09-26T23:50:01.098+03:00 [RX telemetry] {"data_b64":"ZGlzcG9zaXRpb249MAo=","description":"ble:LoRa-Chatter-72E0 E0:72:A1:D5:4C:15","device_key":"ble-address:e0:72:a1:d5:4c:15","kind":"rx","seq":272,"session":"s2","stream":"telemetry","text":"disposition=0\n","timestamp":1790455801.0959418}
2026-09-26T23:50:01.098+03:00 [RX chat] {"data_b64":"PCBbLTM4LzUgUTEwMF0gQQo=","description":"ble:LoRa-Chatter-72E0 E0:72:A1:D5:4C:15","device_key":"ble-address:e0:72:a1:d5:4c:15","kind":"rx","seq":273,"session":"s2","stream":"chat","text":"< [-38/5 Q100] A\n","timestamp":1790455801.0962982}
2026-09-26T23:50:01.268+03:00 [RX telemetry] {"data_b64":"UEVFUl9SRVBPUlQgb3VyX3NlcT0=","description":"ble:LoRa-Chatter-1B44 44:1B:F6:8D:B7:A9","device_key":"ble-address:44:1b:f6:8d:b7:a9","kind":"rx","seq":336,"session":"s1","stream":"telemetry","text":"PEER_REPORT our_seq=","timestamp":1790455801.2679305}
2026-09-26T23:50:01.269+03:00 [RX telemetry] {"data_b64":"NSBUWD0tMzgvNSBRMTAwCg==","description":"ble:LoRa-Chatter-1B44 44:1B:F6:8D:B7:A9","device_key":"ble-address:44:1b:f6:8d:b7:a9","kind":"rx","seq":337,"session":"s1","stream":"telemetry","text":"5 TX=-38/5 Q100\n","timestamp":1790455801.2690299}
2026-09-26T23:50:01.269+03:00 [RX telemetry] {"data_b64":"ClJYIEFDSyBzZXNzaW9uPUEyNEY=","description":"ble:LoRa-Chatter-1B44 44:1B:F6:8D:B7:A9","device_key":"ble-address:44:1b:f6:8d:b7:a9","kind":"rx","seq":338,"session":"s1","stream":"telemetry","text":"\nRX ACK session=A24F","timestamp":1790455801.269145}
2026-09-26T23:50:01.273+03:00 [RX telemetry] {"data_b64":"ClRYIEFDSyBzZXE9OSBhY2tfdG8=","description":"ble:LoRa-Chatter-72E0 E0:72:A1:D5:4C:15","device_key":"ble-address:e0:72:a1:d5:4c:15","kind":"rx","seq":274,"session":"s2","stream":"telemetry","text":"\nTX ACK seq=9 ack_to","timestamp":1790455801.273469}
2026-09-26T23:50:01.274+03:00 [RX telemetry] {"data_b64":"PTBCQzcvNSBmcmFtZT0xNEIgT0s=","description":"ble:LoRa-Chatter-72E0 E0:72:A1:D5:4C:15","device_key":"ble-address:e0:72:a1:d5:4c:15","kind":"rx","seq":275,"session":"s2","stream":"telemetry","text":"=0BC7/5 frame=14B OK","timestamp":1790455801.274267}
2026-09-26T23:50:01.274+03:00 [RX telemetry] {"data_b64":"IHRpbWU9MTMgbXMgZ3VhcmQ9NTA=","description":"ble:LoRa-Chatter-72E0 E0:72:A1:D5:4C:15","device_key":"ble-address:e0:72:a1:d5:4c:15","kind":"rx","seq":276,"session":"s2","stream":"telemetry","text":" time=13 ms guard=50","timestamp":1790455801.2743673}
2026-09-26T23:50:01.275+03:00 [RX telemetry] {"data_b64":"MG1zCg==","description":"ble:LoRa-Chatter-72E0 E0:72:A1:D5:4C:15","device_key":"ble-address:e0:72:a1:d5:4c:15","kind":"rx","seq":277,"session":"s2","stream":"telemetry","text":"0ms\n","timestamp":1790455801.2753582}
2026-09-26T23:50:01.315+03:00 [RX telemetry] {"data_b64":"IHNlcT05IGFja190bz0wQkM3LzU=","description":"ble:LoRa-Chatter-1B44 44:1B:F6:8D:B7:A9","device_key":"ble-address:44:1b:f6:8d:b7:a9","kind":"rx","seq":339,"session":"s1","stream":"telemetry","text":" seq=9 ack_to=0BC7/5","timestamp":1790455801.3130271}
2026-09-26T23:50:01.316+03:00 [RX telemetry] {"data_b64":"IGZyYW1lPTE0QiBSWD0tNDAvLTA=","description":"ble:LoRa-Chatter-1B44 44:1B:F6:8D:B7:A9","device_key":"ble-address:44:1b:f6:8d:b7:a9","kind":"rx","seq":340,"session":"s1","stream":"telemetry","text":" frame=14B RX=-40/-0","timestamp":1790455801.3136253}
2026-09-26T23:50:01.316+03:00 [RX telemetry] {"data_b64":"IFExMDAK","description":"ble:LoRa-Chatter-1B44 44:1B:F6:8D:B7:A9","device_key":"ble-address:44:1b:f6:8d:b7:a9","kind":"rx","seq":341,"session":"s1","stream":"telemetry","text":" Q100\n","timestamp":1790455801.3137283}
2026-09-26T23:50:01.317+03:00 [RX telemetry] {"data_b64":"REVMSVZFUlkgQUNLIHVzZXI9MEI=","description":"ble:LoRa-Chatter-1B44 44:1B:F6:8D:B7:A9","device_key":"ble-address:44:1b:f6:8d:b7:a9","kind":"rx","seq":342,"session":"s1","stream":"telemetry","text":"DELIVERY ACK user=0B","timestamp":1790455801.3169343}
2026-09-26T23:50:01.358+03:00 [RX telemetry] {"data_b64":"QzcvNSBhdHRlbXB0cz0xLzUgZWw=","description":"ble:LoRa-Chatter-1B44 44:1B:F6:8D:B7:A9","device_key":"ble-address:44:1b:f6:8d:b7:a9","kind":"rx","seq":343,"session":"s1","stream":"telemetry","text":"C7/5 attempts=1/5 el","timestamp":1790455801.3579705}
2026-09-26T23:50:01.359+03:00 [RX telemetry] {"data_b64":"YXBzZWQ9MjIzbXMgcXVldWU9MAo=","description":"ble:LoRa-Chatter-1B44 44:1B:F6:8D:B7:A9","device_key":"ble-address:44:1b:f6:8d:b7:a9","kind":"rx","seq":344,"session":"s1","stream":"telemetry","text":"apsed=223ms queue=0\n","timestamp":1790455801.358464}
2026-09-26T23:50:02.094+03:00 [AGENT REQUEST] {"id":55,"op":"observe","cursors":{"s1":322,"s2":266},"timeout_ms":5000}
2026-09-26T23:50:02.095+03:00 [AGENT RESPONSE] {"id":55,"ok":true,"result":{"cursors":{"s1":344,"s2":277},"lines":[{"seq_first":325,"seq_last":327,"session":"s1","stream":"telemetry","text":"DELIVERY QUEUED source=2 bytes=1 waiting=1/8 in_flight=0"},{"seq_first":328,"seq_last":328,"session":"s1","stream":"telemetry","text":""},{"seq_first":328,"seq_last":330,"session":"s1","stream":"telemetry","text":"TX USER seq=5 frame=13B user=1B attempt=1/5 OK time=13 ms"},{"seq_first":331,"seq_last":331,"session":"s1","stream":"chat","text":"> A"},{"seq_first":332,"seq_last":335,"session":"s1","stream":"telemetry","text":"DELIVERY WAIT_ACK user=0BC7/5 attempt=1/5 timeout=712ms queue=0"},{"seq_first":267,"seq_last":268,"session":"s2","stream":"telemetry","text":"PEER_REPORT our_seq=8 TX=-41/0 Q100"},{"seq_first":269,"seq_last":269,"session":"s2","stream":"telemetry","text":""},{"seq_first":269,"seq_last":272,"session":"s2","stream":"telemetry","text":"RX USER session=0BC7 seq=5 frame=13B user=1B RX=-38/5 Q100 disposition=0"},{"seq_first":273,"seq_last":273,"session":"s2","stream":"chat","text":"< [-38/5 Q100] A"},{"seq_first":336,"seq_last":337,"session":"s1","stream":"telemetry","text":"PEER_REPORT our_seq=5 TX=-38/5 Q100"},{"seq_first":338,"seq_last":338,"session":"s1","stream":"telemetry","text":""},{"seq_first":274,"seq_last":274,"session":"s2","stream":"telemetry","text":""},{"seq_first":274,"seq_last":277,"session":"s2","stream":"telemetry","text":"TX ACK seq=9 ack_to=0BC7/5 frame=14B OK time=13 ms guard=500ms"},{"seq_first":338,"seq_last":341,"session":"s1","stream":"telemetry","text":"RX ACK session=A24F seq=9 ack_to=0BC7/5 frame=14B RX=-40/-0 Q100"},{"seq_first":342,"seq_last":344,"session":"s1","stream":"telemetry","text":"DELIVERY ACK user=0BC7/5 attempts=1/5 elapsed=223ms queue=0"}],"timed_out":false}}
2026-09-26T23:50:03.198+03:00 [AGENT REQUEST] {"id":56,"op":"send_line","session":"s1","text":"A"}
2026-09-26T23:50:03.199+03:00 [AGENT RESPONSE] {"id":56,"ok":true,"result":{"state":"queued","tx_id":19}}
2026-09-26T23:50:03.199+03:00 [TX] {"data_b64":"QQo=","device_key":"ble-address:44:1b:f6:8d:b7:a9","kind":"tx","seq":345,"session":"s1","text":"A","timestamp":1790455803.1987622,"tx_id":19,"tx_state":"queued"}
2026-09-26T23:50:03.201+03:00 [TX] {"data_b64":"QQo=","description":"ble:LoRa-Chatter-1B44 44:1B:F6:8D:B7:A9","device_key":"ble-address:44:1b:f6:8d:b7:a9","kind":"tx","seq":346,"session":"s1","text":"A","timestamp":1790455803.2013457,"tx_id":19,"tx_state":"written"}
2026-09-26T23:50:03.293+03:00 [RX telemetry] {"data_b64":"REVMSVZFUlkgUVVFVUVEIHNvdXI=","description":"ble:LoRa-Chatter-1B44 44:1B:F6:8D:B7:A9","device_key":"ble-address:44:1b:f6:8d:b7:a9","kind":"rx","seq":347,"session":"s1","stream":"telemetry","text":"DELIVERY QUEUED sour","timestamp":1790455803.293021}
2026-09-26T23:50:03.294+03:00 [RX telemetry] {"data_b64":"Y2U9MiBieXRlcz0xIHdhaXRpbmc=","description":"ble:LoRa-Chatter-1B44 44:1B:F6:8D:B7:A9","device_key":"ble-address:44:1b:f6:8d:b7:a9","kind":"rx","seq":348,"session":"s1","stream":"telemetry","text":"ce=2 bytes=1 waiting","timestamp":1790455803.2940845}
2026-09-26T23:50:03.294+03:00 [RX telemetry] {"data_b64":"PTEvOCBpbl9mbGlnaHQ9MAo=","description":"ble:LoRa-Chatter-1B44 44:1B:F6:8D:B7:A9","device_key":"ble-address:44:1b:f6:8d:b7:a9","kind":"rx","seq":349,"session":"s1","stream":"telemetry","text":"=1/8 in_flight=0\n","timestamp":1790455803.2942483}
2026-09-26T23:50:03.297+03:00 [RX telemetry] {"data_b64":"ClRYIFVTRVIgc2VxPTYgZnJhbWU=","description":"ble:LoRa-Chatter-1B44 44:1B:F6:8D:B7:A9","device_key":"ble-address:44:1b:f6:8d:b7:a9","kind":"rx","seq":350,"session":"s1","stream":"telemetry","text":"\nTX USER seq=6 frame","timestamp":1790455803.2975428}
2026-09-26T23:50:03.298+03:00 [RX telemetry] {"data_b64":"PTEzQiB1c2VyPTFCIGF0dGVtcHQ=","description":"ble:LoRa-Chatter-1B44 44:1B:F6:8D:B7:A9","device_key":"ble-address:44:1b:f6:8d:b7:a9","kind":"rx","seq":351,"session":"s1","stream":"telemetry","text":"=13B user=1B attempt","timestamp":1790455803.2984765}
2026-09-26T23:50:03.299+03:00 [RX telemetry] {"data_b64":"PTEvNSBPSyB0aW1lPTEzIG1zCg==","description":"ble:LoRa-Chatter-1B44 44:1B:F6:8D:B7:A9","device_key":"ble-address:44:1b:f6:8d:b7:a9","kind":"rx","seq":352,"session":"s1","stream":"telemetry","text":"=1/5 OK time=13 ms\n","timestamp":1790455803.2985451}
2026-09-26T23:50:03.301+03:00 [RX chat] {"data_b64":"PiBBCg==","description":"ble:LoRa-Chatter-1B44 44:1B:F6:8D:B7:A9","device_key":"ble-address:44:1b:f6:8d:b7:a9","kind":"rx","seq":353,"session":"s1","stream":"chat","text":"> A\n","timestamp":1790455803.3008602}
2026-09-26T23:50:03.301+03:00 [RX telemetry] {"data_b64":"REVMSVZFUlkgV0FJVF9BQ0sgdXM=","description":"ble:LoRa-Chatter-1B44 44:1B:F6:8D:B7:A9","device_key":"ble-address:44:1b:f6:8d:b7:a9","kind":"rx","seq":354,"session":"s1","stream":"telemetry","text":"DELIVERY WAIT_ACK us","timestamp":1790455803.301085}
2026-09-26T23:50:03.302+03:00 [RX telemetry] {"data_b64":"ZXI9MEJDNy82IGF0dGVtcHQ9MS8=","description":"ble:LoRa-Chatter-1B44 44:1B:F6:8D:B7:A9","device_key":"ble-address:44:1b:f6:8d:b7:a9","kind":"rx","seq":355,"session":"s1","stream":"telemetry","text":"er=0BC7/6 attempt=1/","timestamp":1790455803.301156}
2026-09-26T23:50:03.302+03:00 [RX telemetry] {"data_b64":"NSB0aW1lb3V0PTcxMm1zIHF1ZXU=","description":"ble:LoRa-Chatter-1B44 44:1B:F6:8D:B7:A9","device_key":"ble-address:44:1b:f6:8d:b7:a9","kind":"rx","seq":356,"session":"s1","stream":"telemetry","text":"5 timeout=712ms queu","timestamp":1790455803.3012366}
2026-09-26T23:50:03.302+03:00 [RX telemetry] {"data_b64":"ZT0wCg==","description":"ble:LoRa-Chatter-1B44 44:1B:F6:8D:B7:A9","device_key":"ble-address:44:1b:f6:8d:b7:a9","kind":"rx","seq":357,"session":"s1","stream":"telemetry","text":"e=0\n","timestamp":1790455803.3013039}
2026-09-26T23:50:03.343+03:00 [RX telemetry] {"data_b64":"UEVFUl9SRVBPUlQgb3VyX3NlcT0=","description":"ble:LoRa-Chatter-72E0 E0:72:A1:D5:4C:15","device_key":"ble-address:e0:72:a1:d5:4c:15","kind":"rx","seq":278,"session":"s2","stream":"telemetry","text":"PEER_REPORT our_seq=","timestamp":1790455803.3432157}
2026-09-26T23:50:03.344+03:00 [RX telemetry] {"data_b64":"OSBUWD0tNDAvLTEgUTEwMAo=","description":"ble:LoRa-Chatter-72E0 E0:72:A1:D5:4C:15","device_key":"ble-address:e0:72:a1:d5:4c:15","kind":"rx","seq":279,"session":"s2","stream":"telemetry","text":"9 TX=-40/-1 Q100\n","timestamp":1790455803.3441675}
2026-09-26T23:50:03.344+03:00 [RX telemetry] {"data_b64":"ClJYIFVTRVIgc2Vzc2lvbj0wQkM=","description":"ble:LoRa-Chatter-72E0 E0:72:A1:D5:4C:15","device_key":"ble-address:e0:72:a1:d5:4c:15","kind":"rx","seq":280,"session":"s2","stream":"telemetry","text":"\nRX USER session=0BC","timestamp":1790455803.3442423}
2026-09-26T23:50:03.346+03:00 [RX telemetry] {"data_b64":"NyBzZXE9NiBmcmFtZT0xM0IgdXM=","description":"ble:LoRa-Chatter-72E0 E0:72:A1:D5:4C:15","device_key":"ble-address:e0:72:a1:d5:4c:15","kind":"rx","seq":281,"session":"s2","stream":"telemetry","text":"7 seq=6 frame=13B us","timestamp":1790455803.3452222}
2026-09-26T23:50:03.346+03:00 [RX telemetry] {"data_b64":"ZXI9MUIgUlg9LTM4LzUgUTEwMCA=","description":"ble:LoRa-Chatter-72E0 E0:72:A1:D5:4C:15","device_key":"ble-address:e0:72:a1:d5:4c:15","kind":"rx","seq":282,"session":"s2","stream":"telemetry","text":"er=1B RX=-38/5 Q100 ","timestamp":1790455803.3453486}
2026-09-26T23:50:03.346+03:00 [RX telemetry] {"data_b64":"ZGlzcG9zaXRpb249MAo=","description":"ble:LoRa-Chatter-72E0 E0:72:A1:D5:4C:15","device_key":"ble-address:e0:72:a1:d5:4c:15","kind":"rx","seq":283,"session":"s2","stream":"telemetry","text":"disposition=0\n","timestamp":1790455803.3457544}
2026-09-26T23:50:03.347+03:00 [RX chat] {"data_b64":"PCBbLTM4LzUgUTEwMF0gQQo=","description":"ble:LoRa-Chatter-72E0 E0:72:A1:D5:4C:15","device_key":"ble-address:e0:72:a1:d5:4c:15","kind":"rx","seq":284,"session":"s2","stream":"chat","text":"< [-38/5 Q100] A\n","timestamp":1790455803.347042}
2026-09-26T23:50:03.521+03:00 [RX telemetry] {"data_b64":"UEVFUl9SRVBPUlQgb3VyX3NlcT0=","description":"ble:LoRa-Chatter-1B44 44:1B:F6:8D:B7:A9","device_key":"ble-address:44:1b:f6:8d:b7:a9","kind":"rx","seq":358,"session":"s1","stream":"telemetry","text":"PEER_REPORT our_seq=","timestamp":1790455803.5211303}
2026-09-26T23:50:03.521+03:00 [RX telemetry] {"data_b64":"NiBUWD0tMzgvNSBRMTAwCg==","description":"ble:LoRa-Chatter-1B44 44:1B:F6:8D:B7:A9","device_key":"ble-address:44:1b:f6:8d:b7:a9","kind":"rx","seq":359,"session":"s1","stream":"telemetry","text":"6 TX=-38/5 Q100\n","timestamp":1790455803.5211794}
2026-09-26T23:50:03.521+03:00 [RX telemetry] {"data_b64":"ClJYIEFDSyBzZXNzaW9uPUEyNEY=","description":"ble:LoRa-Chatter-1B44 44:1B:F6:8D:B7:A9","device_key":"ble-address:44:1b:f6:8d:b7:a9","kind":"rx","seq":360,"session":"s1","stream":"telemetry","text":"\nRX ACK session=A24F","timestamp":1790455803.5212028}
2026-09-26T23:50:03.522+03:00 [RX telemetry] {"data_b64":"ClRYIEFDSyBzZXE9MTAgYWNrX3Q=","description":"ble:LoRa-Chatter-72E0 E0:72:A1:D5:4C:15","device_key":"ble-address:e0:72:a1:d5:4c:15","kind":"rx","seq":285,"session":"s2","stream":"telemetry","text":"\nTX ACK seq=10 ack_t","timestamp":1790455803.5220168}
2026-09-26T23:50:03.522+03:00 [RX telemetry] {"data_b64":"bz0wQkM3LzYgZnJhbWU9MTRCIE8=","description":"ble:LoRa-Chatter-72E0 E0:72:A1:D5:4C:15","device_key":"ble-address:e0:72:a1:d5:4c:15","kind":"rx","seq":286,"session":"s2","stream":"telemetry","text":"o=0BC7/6 frame=14B O","timestamp":1790455803.522439}
2026-09-26T23:50:03.522+03:00 [RX telemetry] {"data_b64":"SyB0aW1lPTEzIG1zIGd1YXJkPTU=","description":"ble:LoRa-Chatter-72E0 E0:72:A1:D5:4C:15","device_key":"ble-address:e0:72:a1:d5:4c:15","kind":"rx","seq":287,"session":"s2","stream":"telemetry","text":"K time=13 ms guard=5","timestamp":1790455803.522463}
2026-09-26T23:50:03.524+03:00 [RX telemetry] {"data_b64":"MDBtcwo=","description":"ble:LoRa-Chatter-72E0 E0:72:A1:D5:4C:15","device_key":"ble-address:e0:72:a1:d5:4c:15","kind":"rx","seq":288,"session":"s2","stream":"telemetry","text":"00ms\n","timestamp":1790455803.5239422}
2026-09-26T23:50:03.565+03:00 [RX telemetry] {"data_b64":"IHNlcT0xMCBhY2tfdG89MEJDNy8=","description":"ble:LoRa-Chatter-1B44 44:1B:F6:8D:B7:A9","device_key":"ble-address:44:1b:f6:8d:b7:a9","kind":"rx","seq":361,"session":"s1","stream":"telemetry","text":" seq=10 ack_to=0BC7/","timestamp":1790455803.56459}
2026-09-26T23:50:03.565+03:00 [RX telemetry] {"data_b64":"NiBmcmFtZT0xNEIgUlg9LTM5LzA=","description":"ble:LoRa-Chatter-1B44 44:1B:F6:8D:B7:A9","device_key":"ble-address:44:1b:f6:8d:b7:a9","kind":"rx","seq":362,"session":"s1","stream":"telemetry","text":"6 frame=14B RX=-39/0","timestamp":1790455803.56468}
2026-09-26T23:50:03.565+03:00 [RX telemetry] {"data_b64":"IFExMDAK","description":"ble:LoRa-Chatter-1B44 44:1B:F6:8D:B7:A9","device_key":"ble-address:44:1b:f6:8d:b7:a9","kind":"rx","seq":363,"session":"s1","stream":"telemetry","text":" Q100\n","timestamp":1790455803.5652983}
2026-09-26T23:50:03.607+03:00 [RX telemetry] {"data_b64":"REVMSVZFUlkgQUNLIHVzZXI9MEI=","description":"ble:LoRa-Chatter-1B44 44:1B:F6:8D:B7:A9","device_key":"ble-address:44:1b:f6:8d:b7:a9","kind":"rx","seq":364,"session":"s1","stream":"telemetry","text":"DELIVERY ACK user=0B","timestamp":1790455803.6075554}
2026-09-26T23:50:03.608+03:00 [RX telemetry] {"data_b64":"QzcvNiBhdHRlbXB0cz0xLzUgZWw=","description":"ble:LoRa-Chatter-1B44 44:1B:F6:8D:B7:A9","device_key":"ble-address:44:1b:f6:8d:b7:a9","kind":"rx","seq":365,"session":"s1","stream":"telemetry","text":"C7/6 attempts=1/5 el","timestamp":1790455803.6080143}
2026-09-26T23:50:03.608+03:00 [RX telemetry] {"data_b64":"YXBzZWQ9MjIybXMgcXVldWU9MAo=","description":"ble:LoRa-Chatter-1B44 44:1B:F6:8D:B7:A9","device_key":"ble-address:44:1b:f6:8d:b7:a9","kind":"rx","seq":366,"session":"s1","stream":"telemetry","text":"apsed=222ms queue=0\n","timestamp":1790455803.608056}
2026-09-26T23:50:04.302+03:00 [AGENT REQUEST] {"id":57,"op":"observe","cursors":{"s1":344,"s2":277},"timeout_ms":5000}
2026-09-26T23:50:04.303+03:00 [AGENT RESPONSE] {"id":57,"ok":true,"result":{"cursors":{"s1":366,"s2":288},"lines":[{"seq_first":347,"seq_last":349,"session":"s1","stream":"telemetry","text":"DELIVERY QUEUED source=2 bytes=1 waiting=1/8 in_flight=0"},{"seq_first":350,"seq_last":350,"session":"s1","stream":"telemetry","text":""},{"seq_first":350,"seq_last":352,"session":"s1","stream":"telemetry","text":"TX USER seq=6 frame=13B user=1B attempt=1/5 OK time=13 ms"},{"seq_first":353,"seq_last":353,"session":"s1","stream":"chat","text":"> A"},{"seq_first":354,"seq_last":357,"session":"s1","stream":"telemetry","text":"DELIVERY WAIT_ACK user=0BC7/6 attempt=1/5 timeout=712ms queue=0"},{"seq_first":278,"seq_last":279,"session":"s2","stream":"telemetry","text":"PEER_REPORT our_seq=9 TX=-40/-1 Q100"},{"seq_first":280,"seq_last":280,"session":"s2","stream":"telemetry","text":""},{"seq_first":280,"seq_last":283,"session":"s2","stream":"telemetry","text":"RX USER session=0BC7 seq=6 frame=13B user=1B RX=-38/5 Q100 disposition=0"},{"seq_first":284,"seq_last":284,"session":"s2","stream":"chat","text":"< [-38/5 Q100] A"},{"seq_first":358,"seq_last":359,"session":"s1","stream":"telemetry","text":"PEER_REPORT our_seq=6 TX=-38/5 Q100"},{"seq_first":360,"seq_last":360,"session":"s1","stream":"telemetry","text":""},{"seq_first":285,"seq_last":285,"session":"s2","stream":"telemetry","text":""},{"seq_first":285,"seq_last":288,"session":"s2","stream":"telemetry","text":"TX ACK seq=10 ack_to=0BC7/6 frame=14B OK time=13 ms guard=500ms"},{"seq_first":360,"seq_last":363,"session":"s1","stream":"telemetry","text":"RX ACK session=A24F seq=10 ack_to=0BC7/6 frame=14B RX=-39/0 Q100"},{"seq_first":364,"seq_last":366,"session":"s1","stream":"telemetry","text":"DELIVERY ACK user=0BC7/6 attempts=1/5 elapsed=222ms queue=0"}],"timed_out":false}}
2026-09-26T23:50:05.406+03:00 [AGENT REQUEST] {"id":58,"op":"send_line","session":"s1","text":"A"}
2026-09-26T23:50:05.407+03:00 [TX] {"data_b64":"QQo=","device_key":"ble-address:44:1b:f6:8d:b7:a9","kind":"tx","seq":367,"session":"s1","text":"A","timestamp":1790455805.4068365,"tx_id":20,"tx_state":"queued"}
2026-09-26T23:50:05.408+03:00 [AGENT RESPONSE] {"id":58,"ok":true,"result":{"state":"queued","tx_id":20}}
2026-09-26T23:50:05.408+03:00 [TX] {"data_b64":"QQo=","description":"ble:LoRa-Chatter-1B44 44:1B:F6:8D:B7:A9","device_key":"ble-address:44:1b:f6:8d:b7:a9","kind":"tx","seq":368,"session":"s1","text":"A","timestamp":1790455805.4088495,"tx_id":20,"tx_state":"written"}
2026-09-26T23:50:05.498+03:00 [RX telemetry] {"data_b64":"REVMSVZFUlkgUVVFVUVEIHNvdXI=","description":"ble:LoRa-Chatter-1B44 44:1B:F6:8D:B7:A9","device_key":"ble-address:44:1b:f6:8d:b7:a9","kind":"rx","seq":369,"session":"s1","stream":"telemetry","text":"DELIVERY QUEUED sour","timestamp":1790455805.498027}
2026-09-26T23:50:05.499+03:00 [RX telemetry] {"data_b64":"Y2U9MiBieXRlcz0xIHdhaXRpbmc=","description":"ble:LoRa-Chatter-1B44 44:1B:F6:8D:B7:A9","device_key":"ble-address:44:1b:f6:8d:b7:a9","kind":"rx","seq":370,"session":"s1","stream":"telemetry","text":"ce=2 bytes=1 waiting","timestamp":1790455805.498843}
2026-09-26T23:50:05.499+03:00 [RX telemetry] {"data_b64":"PTEvOCBpbl9mbGlnaHQ9MAo=","description":"ble:LoRa-Chatter-1B44 44:1B:F6:8D:B7:A9","device_key":"ble-address:44:1b:f6:8d:b7:a9","kind":"rx","seq":371,"session":"s1","stream":"telemetry","text":"=1/8 in_flight=0\n","timestamp":1790455805.4991615}
2026-09-26T23:50:05.499+03:00 [RX telemetry] {"data_b64":"ClRYIFVTRVIgc2VxPTcgZnJhbWU=","description":"ble:LoRa-Chatter-1B44 44:1B:F6:8D:B7:A9","device_key":"ble-address:44:1b:f6:8d:b7:a9","kind":"rx","seq":372,"session":"s1","stream":"telemetry","text":"\nTX USER seq=7 frame","timestamp":1790455805.4992647}
2026-09-26T23:50:05.500+03:00 [RX telemetry] {"data_b64":"PTEzQiB1c2VyPTFCIGF0dGVtcHQ=","description":"ble:LoRa-Chatter-1B44 44:1B:F6:8D:B7:A9","device_key":"ble-address:44:1b:f6:8d:b7:a9","kind":"rx","seq":373,"session":"s1","stream":"telemetry","text":"=13B user=1B attempt","timestamp":1790455805.5006807}
2026-09-26T23:50:05.501+03:00 [RX telemetry] {"data_b64":"PTEvNSBPSyB0aW1lPTEzIG1zCg==","description":"ble:LoRa-Chatter-1B44 44:1B:F6:8D:B7:A9","device_key":"ble-address:44:1b:f6:8d:b7:a9","kind":"rx","seq":374,"session":"s1","stream":"telemetry","text":"=1/5 OK time=13 ms\n","timestamp":1790455805.5014272}
2026-09-26T23:50:05.502+03:00 [RX chat] {"data_b64":"PiBBCg==","description":"ble:LoRa-Chatter-1B44 44:1B:F6:8D:B7:A9","device_key":"ble-address:44:1b:f6:8d:b7:a9","kind":"rx","seq":375,"session":"s1","stream":"chat","text":"> A\n","timestamp":1790455805.5021977}
2026-09-26T23:50:05.502+03:00 [RX telemetry] {"data_b64":"REVMSVZFUlkgV0FJVF9BQ0sgdXM=","description":"ble:LoRa-Chatter-1B44 44:1B:F6:8D:B7:A9","device_key":"ble-address:44:1b:f6:8d:b7:a9","kind":"rx","seq":376,"session":"s1","stream":"telemetry","text":"DELIVERY WAIT_ACK us","timestamp":1790455805.5026126}
2026-09-26T23:50:05.504+03:00 [RX telemetry] {"data_b64":"ZXI9MEJDNy83IGF0dGVtcHQ9MS8=","description":"ble:LoRa-Chatter-1B44 44:1B:F6:8D:B7:A9","device_key":"ble-address:44:1b:f6:8d:b7:a9","kind":"rx","seq":377,"session":"s1","stream":"telemetry","text":"er=0BC7/7 attempt=1/","timestamp":1790455805.5044296}
2026-09-26T23:50:05.505+03:00 [RX telemetry] {"data_b64":"NSB0aW1lb3V0PTcxMm1zIHF1ZXU=","description":"ble:LoRa-Chatter-1B44 44:1B:F6:8D:B7:A9","device_key":"ble-address:44:1b:f6:8d:b7:a9","kind":"rx","seq":378,"session":"s1","stream":"telemetry","text":"5 timeout=712ms queu","timestamp":1790455805.5050619}
2026-09-26T23:50:05.505+03:00 [RX telemetry] {"data_b64":"ZT0wCg==","description":"ble:LoRa-Chatter-1B44 44:1B:F6:8D:B7:A9","device_key":"ble-address:44:1b:f6:8d:b7:a9","kind":"rx","seq":379,"session":"s1","stream":"telemetry","text":"e=0\n","timestamp":1790455805.5056977}
2026-09-26T23:50:05.551+03:00 [RX telemetry] {"data_b64":"UEVFUl9SRVBPUlQgb3VyX3NlcT0=","description":"ble:LoRa-Chatter-72E0 E0:72:A1:D5:4C:15","device_key":"ble-address:e0:72:a1:d5:4c:15","kind":"rx","seq":289,"session":"s2","stream":"telemetry","text":"PEER_REPORT our_seq=","timestamp":1790455805.5499058}
2026-09-26T23:50:05.551+03:00 [RX telemetry] {"data_b64":"MTAgVFg9LTM5LzAgUTEwMAo=","description":"ble:LoRa-Chatter-72E0 E0:72:A1:D5:4C:15","device_key":"ble-address:e0:72:a1:d5:4c:15","kind":"rx","seq":290,"session":"s2","stream":"telemetry","text":"10 TX=-39/0 Q100\n","timestamp":1790455805.5500872}
2026-09-26T23:50:05.551+03:00 [RX telemetry] {"data_b64":"ClJYIFVTRVIgc2Vzc2lvbj0wQkM=","description":"ble:LoRa-Chatter-72E0 E0:72:A1:D5:4C:15","device_key":"ble-address:e0:72:a1:d5:4c:15","kind":"rx","seq":291,"session":"s2","stream":"telemetry","text":"\nRX USER session=0BC","timestamp":1790455805.550483}
2026-09-26T23:50:05.553+03:00 [RX telemetry] {"data_b64":"NyBzZXE9NyBmcmFtZT0xM0IgdXM=","description":"ble:LoRa-Chatter-72E0 E0:72:A1:D5:4C:15","device_key":"ble-address:e0:72:a1:d5:4c:15","kind":"rx","seq":292,"session":"s2","stream":"telemetry","text":"7 seq=7 frame=13B us","timestamp":1790455805.5532467}
2026-09-26T23:50:05.554+03:00 [RX telemetry] {"data_b64":"ZXI9MUIgUlg9LTM5LzUgUTEwMCA=","description":"ble:LoRa-Chatter-72E0 E0:72:A1:D5:4C:15","device_key":"ble-address:e0:72:a1:d5:4c:15","kind":"rx","seq":293,"session":"s2","stream":"telemetry","text":"er=1B RX=-39/5 Q100 ","timestamp":1790455805.5535052}
2026-09-26T23:50:05.554+03:00 [RX telemetry] {"data_b64":"ZGlzcG9zaXRpb249MAo=","description":"ble:LoRa-Chatter-72E0 E0:72:A1:D5:4C:15","device_key":"ble-address:e0:72:a1:d5:4c:15","kind":"rx","seq":294,"session":"s2","stream":"telemetry","text":"disposition=0\n","timestamp":1790455805.5542512}
2026-09-26T23:50:05.554+03:00 [RX chat] {"data_b64":"PCBbLTM5LzUgUTEwMF0gQQo=","description":"ble:LoRa-Chatter-72E0 E0:72:A1:D5:4C:15","device_key":"ble-address:e0:72:a1:d5:4c:15","kind":"rx","seq":295,"session":"s2","stream":"chat","text":"< [-39/5 Q100] A\n","timestamp":1790455805.554651}
2026-09-26T23:50:05.723+03:00 [RX telemetry] {"data_b64":"UEVFUl9SRVBPUlQgb3VyX3NlcT0=","description":"ble:LoRa-Chatter-1B44 44:1B:F6:8D:B7:A9","device_key":"ble-address:44:1b:f6:8d:b7:a9","kind":"rx","seq":380,"session":"s1","stream":"telemetry","text":"PEER_REPORT our_seq=","timestamp":1790455805.7228825}
2026-09-26T23:50:05.724+03:00 [RX telemetry] {"data_b64":"NyBUWD0tMzkvNSBRMTAwCg==","description":"ble:LoRa-Chatter-1B44 44:1B:F6:8D:B7:A9","device_key":"ble-address:44:1b:f6:8d:b7:a9","kind":"rx","seq":381,"session":"s1","stream":"telemetry","text":"7 TX=-39/5 Q100\n","timestamp":1790455805.7240677}
2026-09-26T23:50:05.724+03:00 [RX telemetry] {"data_b64":"ClJYIEFDSyBzZXNzaW9uPUEyNEY=","description":"ble:LoRa-Chatter-1B44 44:1B:F6:8D:B7:A9","device_key":"ble-address:44:1b:f6:8d:b7:a9","kind":"rx","seq":382,"session":"s1","stream":"telemetry","text":"\nRX ACK session=A24F","timestamp":1790455805.724216}
2026-09-26T23:50:05.729+03:00 [RX telemetry] {"data_b64":"ClRYIEFDSyBzZXE9MTEgYWNrX3Q=","description":"ble:LoRa-Chatter-72E0 E0:72:A1:D5:4C:15","device_key":"ble-address:e0:72:a1:d5:4c:15","kind":"rx","seq":296,"session":"s2","stream":"telemetry","text":"\nTX ACK seq=11 ack_t","timestamp":1790455805.7283795}
2026-09-26T23:50:05.731+03:00 [RX telemetry] {"data_b64":"bz0wQkM3LzcgZnJhbWU9MTRCIE8=","description":"ble:LoRa-Chatter-72E0 E0:72:A1:D5:4C:15","device_key":"ble-address:e0:72:a1:d5:4c:15","kind":"rx","seq":297,"session":"s2","stream":"telemetry","text":"o=0BC7/7 frame=14B O","timestamp":1790455805.7308278}
2026-09-26T23:50:05.731+03:00 [RX telemetry] {"data_b64":"SyB0aW1lPTEzIG1zIGd1YXJkPTU=","description":"ble:LoRa-Chatter-72E0 E0:72:A1:D5:4C:15","device_key":"ble-address:e0:72:a1:d5:4c:15","kind":"rx","seq":298,"session":"s2","stream":"telemetry","text":"K time=13 ms guard=5","timestamp":1790455805.7310767}
2026-09-26T23:50:05.732+03:00 [RX telemetry] {"data_b64":"MDBtcwo=","description":"ble:LoRa-Chatter-72E0 E0:72:A1:D5:4C:15","device_key":"ble-address:e0:72:a1:d5:4c:15","kind":"rx","seq":299,"session":"s2","stream":"telemetry","text":"00ms\n","timestamp":1790455805.7311592}
2026-09-26T23:50:05.769+03:00 [RX telemetry] {"data_b64":"IHNlcT0xMSBhY2tfdG89MEJDNy8=","description":"ble:LoRa-Chatter-1B44 44:1B:F6:8D:B7:A9","device_key":"ble-address:44:1b:f6:8d:b7:a9","kind":"rx","seq":383,"session":"s1","stream":"telemetry","text":" seq=11 ack_to=0BC7/","timestamp":1790455805.7687116}
2026-09-26T23:50:05.769+03:00 [RX telemetry] {"data_b64":"NyBmcmFtZT0xNEIgUlg9LTQxLzM=","description":"ble:LoRa-Chatter-1B44 44:1B:F6:8D:B7:A9","device_key":"ble-address:44:1b:f6:8d:b7:a9","kind":"rx","seq":384,"session":"s1","stream":"telemetry","text":"7 frame=14B RX=-41/3","timestamp":1790455805.769682}
2026-09-26T23:50:05.770+03:00 [RX telemetry] {"data_b64":"IFExMDAK","description":"ble:LoRa-Chatter-1B44 44:1B:F6:8D:B7:A9","device_key":"ble-address:44:1b:f6:8d:b7:a9","kind":"rx","seq":385,"session":"s1","stream":"telemetry","text":" Q100\n","timestamp":1790455805.77037}
2026-09-26T23:50:05.814+03:00 [RX telemetry] {"data_b64":"REVMSVZFUlkgQUNLIHVzZXI9MEI=","description":"ble:LoRa-Chatter-1B44 44:1B:F6:8D:B7:A9","device_key":"ble-address:44:1b:f6:8d:b7:a9","kind":"rx","seq":386,"session":"s1","stream":"telemetry","text":"DELIVERY ACK user=0B","timestamp":1790455805.8131762}
2026-09-26T23:50:05.816+03:00 [RX telemetry] {"data_b64":"QzcvNyBhdHRlbXB0cz0xLzUgZWw=","description":"ble:LoRa-Chatter-1B44 44:1B:F6:8D:B7:A9","device_key":"ble-address:44:1b:f6:8d:b7:a9","kind":"rx","seq":387,"session":"s1","stream":"telemetry","text":"C7/7 attempts=1/5 el","timestamp":1790455805.8160846}
2026-09-26T23:50:05.817+03:00 [RX telemetry] {"data_b64":"YXBzZWQ9MjIybXMgcXVldWU9MAo=","description":"ble:LoRa-Chatter-1B44 44:1B:F6:8D:B7:A9","device_key":"ble-address:44:1b:f6:8d:b7:a9","kind":"rx","seq":388,"session":"s1","stream":"telemetry","text":"apsed=222ms queue=0\n","timestamp":1790455805.8169134}
2026-09-26T23:50:06.308+03:00 [RX telemetry] {"data_b64":"ClNFU1NJT04gdD02MDBzIFRYIG8=","description":"ble:LoRa-Chatter-1B44 44:1B:F6:8D:B7:A9","device_key":"ble-address:44:1b:f6:8d:b7:a9","kind":"rx","seq":389,"session":"s1","stream":"telemetry","text":"\nSESSION t=600s TX o","timestamp":1790455806.3077836}
2026-09-26T23:50:06.309+03:00 [RX telemetry] {"data_b64":"az04IHVzZXI9OCBlY2hvX3JlcT0=","description":"ble:LoRa-Chatter-1B44 44:1B:F6:8D:B7:A9","device_key":"ble-address:44:1b:f6:8d:b7:a9","kind":"rx","seq":390,"session":"s1","stream":"telemetry","text":"k=8 user=8 echo_req=","timestamp":1790455806.3091002}
2026-09-26T23:50:06.309+03:00 [RX telemetry] {"data_b64":"MCBlY2hvX3JlcD0wIGhiPTAoaWQ=","description":"ble:LoRa-Chatter-1B44 44:1B:F6:8D:B7:A9","device_key":"ble-address:44:1b:f6:8d:b7:a9","kind":"rx","seq":391,"session":"s1","stream":"telemetry","text":"0 echo_rep=0 hb=0(id","timestamp":1790455806.3092082}
2026-09-26T23:50:06.354+03:00 [RX telemetry] {"data_b64":"bGU9MCkgZXJyPTAgc3RhcnRlZD0=","description":"ble:LoRa-Chatter-1B44 44:1B:F6:8D:B7:A9","device_key":"ble-address:44:1b:f6:8d:b7:a9","kind":"rx","seq":392,"session":"s1","stream":"telemetry","text":"le=0) err=0 started=","timestamp":1790455806.353657}
2026-09-26T23:50:06.354+03:00 [RX telemetry] {"data_b64":"OCBSWCBvaz04IHVzZXI9MCBlY2g=","description":"ble:LoRa-Chatter-1B44 44:1B:F6:8D:B7:A9","device_key":"ble-address:44:1b:f6:8d:b7:a9","kind":"rx","seq":393,"session":"s1","stream":"telemetry","text":"8 RX ok=8 user=0 ech","timestamp":1790455806.3541918}
2026-09-26T23:50:06.354+03:00 [RX telemetry] {"data_b64":"b19yZXE9MCBlY2hvX3JlcD0wIGg=","description":"ble:LoRa-Chatter-1B44 44:1B:F6:8D:B7:A9","device_key":"ble-address:44:1b:f6:8d:b7:a9","kind":"rx","seq":394,"session":"s1","stream":"telemetry","text":"o_req=0 echo_rep=0 h","timestamp":1790455806.3542302}
2026-09-26T23:50:06.399+03:00 [RX telemetry] {"data_b64":"Yj0wIGNyYz0xIGhkcj0wIGJhZD0=","description":"ble:LoRa-Chatter-1B44 44:1B:F6:8D:B7:A9","device_key":"ble-address:44:1b:f6:8d:b7:a9","kind":"rx","seq":395,"session":"s1","stream":"telemetry","text":"b=0 crc=1 hdr=0 bad=","timestamp":1790455806.3994877}
2026-09-26T23:50:06.400+03:00 [RX telemetry] {"data_b64":"MCByZWFkZXJyPTAgcmVwb3J0cz0=","description":"ble:LoRa-Chatter-1B44 44:1B:F6:8D:B7:A9","device_key":"ble-address:44:1b:f6:8d:b7:a9","kind":"rx","seq":396,"session":"s1","stream":"telemetry","text":"0 readerr=0 reports=","timestamp":1790455806.3995528}
2026-09-26T23:50:06.400+03:00 [RX telemetry] {"data_b64":"OCBRPTEwMCUgZHJvcHM9MCBmYXQ=","description":"ble:LoRa-Chatter-1B44 44:1B:F6:8D:B7:A9","device_key":"ble-address:44:1b:f6:8d:b7:a9","kind":"rx","seq":397,"session":"s1","stream":"telemetry","text":"8 Q=100% drops=0 fat","timestamp":1790455806.3999257}
2026-09-26T23:50:06.442+03:00 [RX telemetry] {"data_b64":"YWw9MAo=","description":"ble:LoRa-Chatter-1B44 44:1B:F6:8D:B7:A9","device_key":"ble-address:44:1b:f6:8d:b7:a9","kind":"rx","seq":398,"session":"s1","stream":"telemetry","text":"al=0\n","timestamp":1790455806.4417832}
2026-09-26T23:50:06.488+03:00 [RX telemetry] {"data_b64":"U0VTU0lPTiBDT1VSVEVTWSB3aW4=","description":"ble:LoRa-Chatter-1B44 44:1B:F6:8D:B7:A9","device_key":"ble-address:44:1b:f6:8d:b7:a9","kind":"rx","seq":399,"session":"s1","stream":"telemetry","text":"SESSION COURTESY win","timestamp":1790455806.4878101}
2026-09-26T23:50:06.489+03:00 [RX telemetry] {"data_b64":"ZG93PTUwMDBtcyBwZWVyX3JlbGU=","description":"ble:LoRa-Chatter-1B44 44:1B:F6:8D:B7:A9","device_key":"ble-address:44:1b:f6:8d:b7:a9","kind":"rx","seq":400,"session":"s1","stream":"telemetry","text":"dow=5000ms peer_rele","timestamp":1790455806.4888554}
2026-09-26T23:50:06.489+03:00 [RX telemetry] {"data_b64":"YXNlPTAgZXhwaXJlZD0wIHlpZWw=","description":"ble:LoRa-Chatter-1B44 44:1B:F6:8D:B7:A9","device_key":"ble-address:44:1b:f6:8d:b7:a9","kind":"rx","seq":401,"session":"s1","stream":"telemetry","text":"ase=0 expired=0 yiel","timestamp":1790455806.4889545}
2026-09-26T23:50:06.493+03:00 [RX telemetry] {"data_b64":"ClNFU1NJT04gdD02MDAwcyBUWCA=","description":"ble:LoRa-Chatter-72E0 E0:72:A1:D5:4C:15","device_key":"ble-address:e0:72:a1:d5:4c:15","kind":"rx","seq":300,"session":"s2","stream":"telemetry","text":"\nSESSION t=6000s TX ","timestamp":1790455806.4926548}
2026-09-26T23:50:06.493+03:00 [RX telemetry] {"data_b64":"b2s9MTIgdXNlcj0yIGVjaG9fcmU=","description":"ble:LoRa-Chatter-72E0 E0:72:A1:D5:4C:15","device_key":"ble-address:e0:72:a1:d5:4c:15","kind":"rx","seq":301,"session":"s2","stream":"telemetry","text":"ok=12 user=2 echo_re","timestamp":1790455806.4929912}
2026-09-26T23:50:06.494+03:00 [RX telemetry] {"data_b64":"cT0wIGVjaG9fcmVwPTAgaGI9MCg=","description":"ble:LoRa-Chatter-72E0 E0:72:A1:D5:4C:15","device_key":"ble-address:e0:72:a1:d5:4c:15","kind":"rx","seq":302,"session":"s2","stream":"telemetry","text":"q=0 echo_rep=0 hb=0(","timestamp":1790455806.4943092}
2026-09-26T23:50:06.496+03:00 [RX telemetry] {"data_b64":"aWRsZT0wKSBlcnI9MCBzdGFydGU=","description":"ble:LoRa-Chatter-72E0 E0:72:A1:D5:4C:15","device_key":"ble-address:e0:72:a1:d5:4c:15","kind":"rx","seq":303,"session":"s2","stream":"telemetry","text":"idle=0) err=0 starte","timestamp":1790455806.4956696}
2026-09-26T23:50:06.497+03:00 [RX telemetry] {"data_b64":"ZD0xMiBSWCBvaz0xMiB1c2VyPTE=","description":"ble:LoRa-Chatter-72E0 E0:72:A1:D5:4C:15","device_key":"ble-address:e0:72:a1:d5:4c:15","kind":"rx","seq":304,"session":"s2","stream":"telemetry","text":"d=12 RX ok=12 user=1","timestamp":1790455806.4967833}
2026-09-26T23:50:06.498+03:00 [RX telemetry] {"data_b64":"MCBlY2hvX3JlcT0wIGVjaG9fcmU=","description":"ble:LoRa-Chatter-72E0 E0:72:A1:D5:4C:15","device_key":"ble-address:e0:72:a1:d5:4c:15","kind":"rx","seq":305,"session":"s2","stream":"telemetry","text":"0 echo_req=0 echo_re","timestamp":1790455806.4969063}
2026-09-26T23:50:06.498+03:00 [RX telemetry] {"data_b64":"cD0wIGhiPTAgY3JjPTAgaGRyPTI=","description":"ble:LoRa-Chatter-72E0 E0:72:A1:D5:4C:15","device_key":"ble-address:e0:72:a1:d5:4c:15","kind":"rx","seq":306,"session":"s2","stream":"telemetry","text":"p=0 hb=0 crc=0 hdr=2","timestamp":1790455806.498548}
2026-09-26T23:50:06.499+03:00 [RX telemetry] {"data_b64":"IGJhZD00IHJlYWRlcnI9MCByZXA=","description":"ble:LoRa-Chatter-72E0 E0:72:A1:D5:4C:15","device_key":"ble-address:e0:72:a1:d5:4c:15","kind":"rx","seq":307,"session":"s2","stream":"telemetry","text":" bad=4 readerr=0 rep","timestamp":1790455806.4986331}
2026-09-26T23:50:06.499+03:00 [RX telemetry] {"data_b64":"b3J0cz05IFE9MTAwJSBkcm9wcz0=","description":"ble:LoRa-Chatter-72E0 E0:72:A1:D5:4C:15","device_key":"ble-address:e0:72:a1:d5:4c:15","kind":"rx","seq":308,"session":"s2","stream":"telemetry","text":"orts=9 Q=100% drops=","timestamp":1790455806.4986916}
2026-09-26T23:50:06.500+03:00 [RX telemetry] {"data_b64":"MCBmYXRhbD0wCg==","description":"ble:LoRa-Chatter-72E0 E0:72:A1:D5:4C:15","device_key":"ble-address:e0:72:a1:d5:4c:15","kind":"rx","seq":309,"session":"s2","stream":"telemetry","text":"0 fatal=0\n","timestamp":1790455806.499851}
2026-09-26T23:50:06.501+03:00 [RX telemetry] {"data_b64":"U0VTU0lPTiBDT1VSVEVTWSB3aW4=","description":"ble:LoRa-Chatter-72E0 E0:72:A1:D5:4C:15","device_key":"ble-address:e0:72:a1:d5:4c:15","kind":"rx","seq":310,"session":"s2","stream":"telemetry","text":"SESSION COURTESY win","timestamp":1790455806.5010667}
2026-09-26T23:50:06.502+03:00 [RX telemetry] {"data_b64":"ZG93PTUwMDBtcyBwZWVyX3JlbGU=","description":"ble:LoRa-Chatter-72E0 E0:72:A1:D5:4C:15","device_key":"ble-address:e0:72:a1:d5:4c:15","kind":"rx","seq":311,"session":"s2","stream":"telemetry","text":"dow=5000ms peer_rele","timestamp":1790455806.5021396}
2026-09-26T23:50:06.503+03:00 [RX telemetry] {"data_b64":"YXNlPTAgZXhwaXJlZD0wIHlpZWw=","description":"ble:LoRa-Chatter-72E0 E0:72:A1:D5:4C:15","device_key":"ble-address:e0:72:a1:d5:4c:15","kind":"rx","seq":312,"session":"s2","stream":"telemetry","text":"ase=0 expired=0 yiel","timestamp":1790455806.5022125}
2026-09-26T23:50:06.503+03:00 [RX telemetry] {"data_b64":"ZGluZz0wCg==","description":"ble:LoRa-Chatter-72E0 E0:72:A1:D5:4C:15","device_key":"ble-address:e0:72:a1:d5:4c:15","kind":"rx","seq":313,"session":"s2","stream":"telemetry","text":"ding=0\n","timestamp":1790455806.502871}
2026-09-26T23:50:06.504+03:00 [RX telemetry] {"data_b64":"U0VTU0lPTiBESU8wX1RYIGFmZmU=","description":"ble:LoRa-Chatter-72E0 E0:72:A1:D5:4C:15","device_key":"ble-address:e0:72:a1:d5:4c:15","kind":"rx","seq":314,"session":"s2","stream":"telemetry","text":"SESSION DIO0_TX affe","timestamp":1790455806.5029774}
2026-09-26T23:50:06.504+03:00 [RX telemetry] {"data_b64":"Y3RlZD0wLzEyIGVwaXNvZGVzPTA=","description":"ble:LoRa-Chatter-72E0 E0:72:A1:D5:4C:15","device_key":"ble-address:e0:72:a1:d5:4c:15","kind":"rx","seq":315,"session":"s2","stream":"telemetry","text":"cted=0/12 episodes=0","timestamp":1790455806.503848}
2026-09-26T23:50:06.504+03:00 [RX telemetry] {"data_b64":"IGF2Z19hbGw9MC4wMCBhdmdfYWY=","description":"ble:LoRa-Chatter-72E0 E0:72:A1:D5:4C:15","device_key":"ble-address:e0:72:a1:d5:4c:15","kind":"rx","seq":316,"session":"s2","stream":"telemetry","text":" avg_all=0.00 avg_af","timestamp":1790455806.503922}
2026-09-26T23:50:06.504+03:00 [RX telemetry] {"data_b64":"ZmVjdGVkPTAuMDAgaGlnaF9wb2w=","description":"ble:LoRa-Chatter-72E0 E0:72:A1:D5:4C:15","device_key":"ble-address:e0:72:a1:d5:4c:15","kind":"rx","seq":317,"session":"s2","stream":"telemetry","text":"fected=0.00 high_pol","timestamp":1790455806.5047448}
2026-09-26T23:50:06.506+03:00 [RX telemetry] {"data_b64":"bHM9MAo=","description":"ble:LoRa-Chatter-72E0 E0:72:A1:D5:4C:15","device_key":"ble-address:e0:72:a1:d5:4c:15","kind":"rx","seq":318,"session":"s2","stream":"telemetry","text":"ls=0\n","timestamp":1790455806.505279}
2026-09-26T23:50:06.506+03:00 [RX telemetry] {"data_b64":"U0VTU0lPTiBSWF9QT0xMIHBvbGw=","description":"ble:LoRa-Chatter-72E0 E0:72:A1:D5:4C:15","device_key":"ble-address:e0:72:a1:d5:4c:15","kind":"rx","seq":319,"session":"s2","stream":"telemetry","text":"SESSION RX_POLL poll","timestamp":1790455806.5053463}
2026-09-26T23:50:06.508+03:00 [RX telemetry] {"data_b64":"cz01MDQ2Nzk1IHJ4ZG9uZT0xOCA=","description":"ble:LoRa-Chatter-72E0 E0:72:A1:D5:4C:15","device_key":"ble-address:e0:72:a1:d5:4c:15","kind":"rx","seq":320,"session":"s2","stream":"telemetry","text":"s=5046795 rxdone=18 ","timestamp":1790455806.5079396}
2026-09-26T23:50:06.508+03:00 [RX telemetry] {"data_b64":"aW50ZXJ2YWw9MTAwMHVzIERJTzA=","description":"ble:LoRa-Chatter-72E0 E0:72:A1:D5:4C:15","device_key":"ble-address:e0:72:a1:d5:4c:15","kind":"rx","seq":321,"session":"s2","stream":"telemetry","text":"interval=1000us DIO0","timestamp":1790455806.5083144}
2026-09-26T23:50:06.508+03:00 [RX telemetry] {"data_b64":"X1JYIGZhbHNlX2hpZ2hfZXA9MCA=","description":"ble:LoRa-Chatter-72E0 E0:72:A1:D5:4C:15","device_key":"ble-address:e0:72:a1:d5:4c:15","kind":"rx","seq":322,"session":"s2","stream":"telemetry","text":"_RX false_high_ep=0 ","timestamp":1790455806.5083506}
2026-09-26T23:50:06.508+03:00 [RX telemetry] {"data_b64":"aGlnaF9wb2xscz0wIHJ4ZG9uZV8=","description":"ble:LoRa-Chatter-72E0 E0:72:A1:D5:4C:15","device_key":"ble-address:e0:72:a1:d5:4c:15","kind":"rx","seq":323,"session":"s2","stream":"telemetry","text":"high_polls=0 rxdone_","timestamp":1790455806.5084913}
2026-09-26T23:50:06.509+03:00 [RX telemetry] {"data_b64":"bG93PTAgaXNyPWRpc2FibGVkCg==","description":"ble:LoRa-Chatter-72E0 E0:72:A1:D5:4C:15","device_key":"ble-address:e0:72:a1:d5:4c:15","kind":"rx","seq":324,"session":"s2","stream":"telemetry","text":"low=0 isr=disabled\n","timestamp":1790455806.5089855}
2026-09-26T23:50:06.510+03:00 [AGENT REQUEST] {"id":59,"op":"observe","cursors":{"s1":366,"s2":288},"timeout_ms":5000}
2026-09-26T23:50:06.510+03:00 [AGENT RESPONSE] {"id":59,"ok":true,"result":{"cursors":{"s1":401,"s2":324},"lines":[{"seq_first":369,"seq_last":371,"session":"s1","stream":"telemetry","text":"DELIVERY QUEUED source=2 bytes=1 waiting=1/8 in_flight=0"},{"seq_first":372,"seq_last":372,"session":"s1","stream":"telemetry","text":""},{"seq_first":372,"seq_last":374,"session":"s1","stream":"telemetry","text":"TX USER seq=7 frame=13B user=1B attempt=1/5 OK time=13 ms"},{"seq_first":375,"seq_last":375,"session":"s1","stream":"chat","text":"> A"},{"seq_first":376,"seq_last":379,"session":"s1","stream":"telemetry","text":"DELIVERY WAIT_ACK user=0BC7/7 attempt=1/5 timeout=712ms queue=0"},{"seq_first":289,"seq_last":290,"session":"s2","stream":"telemetry","text":"PEER_REPORT our_seq=10 TX=-39/0 Q100"},{"seq_first":291,"seq_last":291,"session":"s2","stream":"telemetry","text":""},{"seq_first":291,"seq_last":294,"session":"s2","stream":"telemetry","text":"RX USER session=0BC7 seq=7 frame=13B user=1B RX=-39/5 Q100 disposition=0"},{"seq_first":295,"seq_last":295,"session":"s2","stream":"chat","text":"< [-39/5 Q100] A"},{"seq_first":380,"seq_last":381,"session":"s1","stream":"telemetry","text":"PEER_REPORT our_seq=7 TX=-39/5 Q100"},{"seq_first":382,"seq_last":382,"session":"s1","stream":"telemetry","text":""},{"seq_first":296,"seq_last":296,"session":"s2","stream":"telemetry","text":""},{"seq_first":296,"seq_last":299,"session":"s2","stream":"telemetry","text":"TX ACK seq=11 ack_to=0BC7/7 frame=14B OK time=13 ms guard=500ms"},{"seq_first":382,"seq_last":385,"session":"s1","stream":"telemetry","text":"RX ACK session=A24F seq=11 ack_to=0BC7/7 frame=14B RX=-41/3 Q100"},{"seq_first":386,"seq_last":388,"session":"s1","stream":"telemetry","text":"DELIVERY ACK user=0BC7/7 attempts=1/5 elapsed=222ms queue=0"},{"seq_first":389,"seq_last":389,"session":"s1","stream":"telemetry","text":""},{"seq_first":389,"seq_last":398,"session":"s1","stream":"telemetry","text":"SESSION t=600s TX ok=8 user=8 echo_req=0 echo_rep=0 hb=0(idle=0) err=0 started=8 RX ok=8 user=0 echo_req=0 echo_rep=0 hb=0 crc=1 hdr=0 bad=0 readerr=0 reports=8 Q=100% drops=0 fatal=0"},{"seq_first":300,"seq_last":300,"session":"s2","stream":"telemetry","text":""},{"seq_first":300,"seq_last":309,"session":"s2","stream":"telemetry","text":"SESSION t=6000s TX ok=12 user=2 echo_req=0 echo_rep=0 hb=0(idle=0) err=0 started=12 RX ok=12 user=10 echo_req=0 echo_rep=0 hb=0 crc=0 hdr=2 bad=4 readerr=0 reports=9 Q=100% drops=0 fatal=0"},{"seq_first":310,"seq_last":313,"session":"s2","stream":"telemetry","text":"SESSION COURTESY window=5000ms peer_release=0 expired=0 yielding=0"},{"seq_first":314,"seq_last":318,"session":"s2","stream":"telemetry","text":"SESSION DIO0_TX affected=0/12 episodes=0 avg_all=0.00 avg_affected=0.00 high_polls=0"},{"seq_first":319,"seq_last":324,"session":"s2","stream":"telemetry","text":"SESSION RX_POLL polls=5046795 rxdone=18 interval=1000us DIO0_RX false_high_ep=0 high_polls=0 rxdone_low=0 isr=disabled"}],"timed_out":false}}
2026-09-26T23:50:06.534+03:00 [RX telemetry] {"data_b64":"ZGluZz0wCg==","description":"ble:LoRa-Chatter-1B44 44:1B:F6:8D:B7:A9","device_key":"ble-address:44:1b:f6:8d:b7:a9","kind":"rx","seq":402,"session":"s1","stream":"telemetry","text":"ding=0\n","timestamp":1790455806.5338175}
2026-09-26T23:50:06.534+03:00 [RX telemetry] {"data_b64":"U0VTU0lPTiBESU8wX1RYIGFmZmU=","description":"ble:LoRa-Chatter-1B44 44:1B:F6:8D:B7:A9","device_key":"ble-address:44:1b:f6:8d:b7:a9","kind":"rx","seq":403,"session":"s1","stream":"telemetry","text":"SESSION DIO0_TX affe","timestamp":1790455806.5338972}
2026-09-26T23:50:06.535+03:00 [RX telemetry] {"data_b64":"Y3RlZD0wLzggZXBpc29kZXM9MCA=","description":"ble:LoRa-Chatter-1B44 44:1B:F6:8D:B7:A9","device_key":"ble-address:44:1b:f6:8d:b7:a9","kind":"rx","seq":404,"session":"s1","stream":"telemetry","text":"cted=0/8 episodes=0 ","timestamp":1790455806.5349662}
2026-09-26T23:50:06.578+03:00 [RX telemetry] {"data_b64":"YXZnX2FsbD0wLjAwIGF2Z19hZmY=","description":"ble:LoRa-Chatter-1B44 44:1B:F6:8D:B7:A9","device_key":"ble-address:44:1b:f6:8d:b7:a9","kind":"rx","seq":405,"session":"s1","stream":"telemetry","text":"avg_all=0.00 avg_aff","timestamp":1790455806.5778546}
2026-09-26T23:50:06.579+03:00 [RX telemetry] {"data_b64":"ZWN0ZWQ9MC4wMCBoaWdoX3BvbGw=","description":"ble:LoRa-Chatter-1B44 44:1B:F6:8D:B7:A9","device_key":"ble-address:44:1b:f6:8d:b7:a9","kind":"rx","seq":406,"session":"s1","stream":"telemetry","text":"ected=0.00 high_poll","timestamp":1790455806.578776}
2026-09-26T23:50:06.579+03:00 [RX telemetry] {"data_b64":"cz0wCg==","description":"ble:LoRa-Chatter-1B44 44:1B:F6:8D:B7:A9","device_key":"ble-address:44:1b:f6:8d:b7:a9","kind":"rx","seq":407,"session":"s1","stream":"telemetry","text":"s=0\n","timestamp":1790455806.579696}
2026-09-26T23:50:06.582+03:00 [RX telemetry] {"data_b64":"U0VTU0lPTiBSWF9QT0xMIHBvbGw=","description":"ble:LoRa-Chatter-1B44 44:1B:F6:8D:B7:A9","device_key":"ble-address:44:1b:f6:8d:b7:a9","kind":"rx","seq":408,"session":"s1","stream":"telemetry","text":"SESSION RX_POLL poll","timestamp":1790455806.5823853}
2026-09-26T23:50:06.623+03:00 [RX telemetry] {"data_b64":"cz01NjEzNjQgcnhkb25lPTkgaW4=","description":"ble:LoRa-Chatter-1B44 44:1B:F6:8D:B7:A9","device_key":"ble-address:44:1b:f6:8d:b7:a9","kind":"rx","seq":409,"session":"s1","stream":"telemetry","text":"s=561364 rxdone=9 in","timestamp":1790455806.6229594}
2026-09-26T23:50:06.624+03:00 [RX telemetry] {"data_b64":"dGVydmFsPTEwMDB1cyBESU8wX1I=","description":"ble:LoRa-Chatter-1B44 44:1B:F6:8D:B7:A9","device_key":"ble-address:44:1b:f6:8d:b7:a9","kind":"rx","seq":410,"session":"s1","stream":"telemetry","text":"terval=1000us DIO0_R","timestamp":1790455806.6233542}
2026-09-26T23:50:06.624+03:00 [RX telemetry] {"data_b64":"WCBmYWxzZV9oaWdoX2VwPTAgaGk=","description":"ble:LoRa-Chatter-1B44 44:1B:F6:8D:B7:A9","device_key":"ble-address:44:1b:f6:8d:b7:a9","kind":"rx","seq":411,"session":"s1","stream":"telemetry","text":"X false_high_ep=0 hi","timestamp":1790455806.623448}
2026-09-26T23:50:06.668+03:00 [RX telemetry] {"data_b64":"Z2hfcG9sbHM9MCByeGRvbmVfbG8=","description":"ble:LoRa-Chatter-1B44 44:1B:F6:8D:B7:A9","device_key":"ble-address:44:1b:f6:8d:b7:a9","kind":"rx","seq":412,"session":"s1","stream":"telemetry","text":"gh_polls=0 rxdone_lo","timestamp":1790455806.668121}
2026-09-26T23:50:06.669+03:00 [RX telemetry] {"data_b64":"dz0wIGlzcj1kaXNhYmxlZAo=","description":"ble:LoRa-Chatter-1B44 44:1B:F6:8D:B7:A9","device_key":"ble-address:44:1b:f6:8d:b7:a9","kind":"rx","seq":413,"session":"s1","stream":"telemetry","text":"w=0 isr=disabled\n","timestamp":1790455806.669096}
2026-09-26T23:50:07.614+03:00 [AGENT REQUEST] {"id":60,"op":"send_line","session":"s1","text":"A"}
2026-09-26T23:50:07.615+03:00 [TX] {"data_b64":"QQo=","device_key":"ble-address:44:1b:f6:8d:b7:a9","kind":"tx","seq":414,"session":"s1","text":"A","timestamp":1790455807.614891,"tx_id":21,"tx_state":"queued"}
2026-09-26T23:50:07.616+03:00 [AGENT RESPONSE] {"id":60,"ok":true,"result":{"state":"queued","tx_id":21}}
2026-09-26T23:50:07.616+03:00 [TX] {"data_b64":"QQo=","description":"ble:LoRa-Chatter-1B44 44:1B:F6:8D:B7:A9","device_key":"ble-address:44:1b:f6:8d:b7:a9","kind":"tx","seq":415,"session":"s1","text":"A","timestamp":1790455807.6168487,"tx_id":21,"tx_state":"written"}
2026-09-26T23:50:07.707+03:00 [RX telemetry] {"data_b64":"REVMSVZFUlkgUVVFVUVEIHNvdXI=","description":"ble:LoRa-Chatter-1B44 44:1B:F6:8D:B7:A9","device_key":"ble-address:44:1b:f6:8d:b7:a9","kind":"rx","seq":416,"session":"s1","stream":"telemetry","text":"DELIVERY QUEUED sour","timestamp":1790455807.7047548}
2026-09-26T23:50:07.708+03:00 [RX telemetry] {"data_b64":"Y2U9MiBieXRlcz0xIHdhaXRpbmc=","description":"ble:LoRa-Chatter-1B44 44:1B:F6:8D:B7:A9","device_key":"ble-address:44:1b:f6:8d:b7:a9","kind":"rx","seq":417,"session":"s1","stream":"telemetry","text":"ce=2 bytes=1 waiting","timestamp":1790455807.7055097}
2026-09-26T23:50:07.708+03:00 [RX telemetry] {"data_b64":"PTEvOCBpbl9mbGlnaHQ9MAo=","description":"ble:LoRa-Chatter-1B44 44:1B:F6:8D:B7:A9","device_key":"ble-address:44:1b:f6:8d:b7:a9","kind":"rx","seq":418,"session":"s1","stream":"telemetry","text":"=1/8 in_flight=0\n","timestamp":1790455807.7056005}
2026-09-26T23:50:07.708+03:00 [RX telemetry] {"data_b64":"ClRYIFVTRVIgc2VxPTggZnJhbWU=","description":"ble:LoRa-Chatter-1B44 44:1B:F6:8D:B7:A9","device_key":"ble-address:44:1b:f6:8d:b7:a9","kind":"rx","seq":419,"session":"s1","stream":"telemetry","text":"\nTX USER seq=8 frame","timestamp":1790455807.705712}
2026-09-26T23:50:07.708+03:00 [RX telemetry] {"data_b64":"PTEzQiB1c2VyPTFCIGF0dGVtcHQ=","description":"ble:LoRa-Chatter-1B44 44:1B:F6:8D:B7:A9","device_key":"ble-address:44:1b:f6:8d:b7:a9","kind":"rx","seq":420,"session":"s1","stream":"telemetry","text":"=13B user=1B attempt","timestamp":1790455807.7057838}
2026-09-26T23:50:07.708+03:00 [RX telemetry] {"data_b64":"PTEvNSBPSyB0aW1lPTEzIG1zCg==","description":"ble:LoRa-Chatter-1B44 44:1B:F6:8D:B7:A9","device_key":"ble-address:44:1b:f6:8d:b7:a9","kind":"rx","seq":421,"session":"s1","stream":"telemetry","text":"=1/5 OK time=13 ms\n","timestamp":1790455807.705837}
2026-09-26T23:50:07.709+03:00 [RX chat] {"data_b64":"PiBBCg==","description":"ble:LoRa-Chatter-1B44 44:1B:F6:8D:B7:A9","device_key":"ble-address:44:1b:f6:8d:b7:a9","kind":"rx","seq":422,"session":"s1","stream":"chat","text":"> A\n","timestamp":1790455807.7078345}
2026-09-26T23:50:07.709+03:00 [RX telemetry] {"data_b64":"REVMSVZFUlkgV0FJVF9BQ0sgdXM=","description":"ble:LoRa-Chatter-1B44 44:1B:F6:8D:B7:A9","device_key":"ble-address:44:1b:f6:8d:b7:a9","kind":"rx","seq":423,"session":"s1","stream":"telemetry","text":"DELIVERY WAIT_ACK us","timestamp":1790455807.7082226}
2026-09-26T23:50:07.709+03:00 [RX telemetry] {"data_b64":"ZXI9MEJDNy84IGF0dGVtcHQ9MS8=","description":"ble:LoRa-Chatter-1B44 44:1B:F6:8D:B7:A9","device_key":"ble-address:44:1b:f6:8d:b7:a9","kind":"rx","seq":424,"session":"s1","stream":"telemetry","text":"er=0BC7/8 attempt=1/","timestamp":1790455807.7082558}
2026-09-26T23:50:07.709+03:00 [RX telemetry] {"data_b64":"NSB0aW1lb3V0PTcxMm1zIHF1ZXU=","description":"ble:LoRa-Chatter-1B44 44:1B:F6:8D:B7:A9","device_key":"ble-address:44:1b:f6:8d:b7:a9","kind":"rx","seq":425,"session":"s1","stream":"telemetry","text":"5 timeout=712ms queu","timestamp":1790455807.70828}
2026-09-26T23:50:07.709+03:00 [RX telemetry] {"data_b64":"ZT0wCg==","description":"ble:LoRa-Chatter-1B44 44:1B:F6:8D:B7:A9","device_key":"ble-address:44:1b:f6:8d:b7:a9","kind":"rx","seq":426,"session":"s1","stream":"telemetry","text":"e=0\n","timestamp":1790455807.7086692}
2026-09-26T23:50:07.753+03:00 [RX telemetry] {"data_b64":"UEVFUl9SRVBPUlQgb3VyX3NlcT0=","description":"ble:LoRa-Chatter-72E0 E0:72:A1:D5:4C:15","device_key":"ble-address:e0:72:a1:d5:4c:15","kind":"rx","seq":325,"session":"s2","stream":"telemetry","text":"PEER_REPORT our_seq=","timestamp":1790455807.7527432}
2026-09-26T23:50:07.754+03:00 [RX telemetry] {"data_b64":"MTEgVFg9LTQxLzMgUTEwMAo=","description":"ble:LoRa-Chatter-72E0 E0:72:A1:D5:4C:15","device_key":"ble-address:e0:72:a1:d5:4c:15","kind":"rx","seq":326,"session":"s2","stream":"telemetry","text":"11 TX=-41/3 Q100\n","timestamp":1790455807.75408}
2026-09-26T23:50:07.755+03:00 [RX telemetry] {"data_b64":"ClJYIFVTRVIgc2Vzc2lvbj0wQkM=","description":"ble:LoRa-Chatter-72E0 E0:72:A1:D5:4C:15","device_key":"ble-address:e0:72:a1:d5:4c:15","kind":"rx","seq":327,"session":"s2","stream":"telemetry","text":"\nRX USER session=0BC","timestamp":1790455807.7542171}
2026-09-26T23:50:07.755+03:00 [RX telemetry] {"data_b64":"NyBzZXE9OCBmcmFtZT0xM0IgdXM=","description":"ble:LoRa-Chatter-72E0 E0:72:A1:D5:4C:15","device_key":"ble-address:e0:72:a1:d5:4c:15","kind":"rx","seq":328,"session":"s2","stream":"telemetry","text":"7 seq=8 frame=13B us","timestamp":1790455807.754304}
2026-09-26T23:50:07.756+03:00 [RX telemetry] {"data_b64":"ZXI9MUIgUlg9LTM5LzYgUTEwMCA=","description":"ble:LoRa-Chatter-72E0 E0:72:A1:D5:4C:15","device_key":"ble-address:e0:72:a1:d5:4c:15","kind":"rx","seq":329,"session":"s2","stream":"telemetry","text":"er=1B RX=-39/6 Q100 ","timestamp":1790455807.755974}
2026-09-26T23:50:07.756+03:00 [RX telemetry] {"data_b64":"ZGlzcG9zaXRpb249MAo=","description":"ble:LoRa-Chatter-72E0 E0:72:A1:D5:4C:15","device_key":"ble-address:e0:72:a1:d5:4c:15","kind":"rx","seq":330,"session":"s2","stream":"telemetry","text":"disposition=0\n","timestamp":1790455807.7560496}
2026-09-26T23:50:07.756+03:00 [RX chat] {"data_b64":"PCBbLTM5LzYgUTEwMF0gQQo=","description":"ble:LoRa-Chatter-72E0 E0:72:A1:D5:4C:15","device_key":"ble-address:e0:72:a1:d5:4c:15","kind":"rx","seq":331,"session":"s2","stream":"chat","text":"< [-39/6 Q100] A\n","timestamp":1790455807.7561028}
2026-09-26T23:50:07.928+03:00 [RX telemetry] {"data_b64":"UEVFUl9SRVBPUlQgb3VyX3NlcT0=","description":"ble:LoRa-Chatter-1B44 44:1B:F6:8D:B7:A9","device_key":"ble-address:44:1b:f6:8d:b7:a9","kind":"rx","seq":427,"session":"s1","stream":"telemetry","text":"PEER_REPORT our_seq=","timestamp":1790455807.9277377}
2026-09-26T23:50:07.929+03:00 [RX telemetry] {"data_b64":"OCBUWD0tMzkvNiBRMTAwCg==","description":"ble:LoRa-Chatter-1B44 44:1B:F6:8D:B7:A9","device_key":"ble-address:44:1b:f6:8d:b7:a9","kind":"rx","seq":428,"session":"s1","stream":"telemetry","text":"8 TX=-39/6 Q100\n","timestamp":1790455807.928929}
2026-09-26T23:50:07.929+03:00 [RX telemetry] {"data_b64":"ClJYIEFDSyBzZXNzaW9uPUEyNEY=","description":"ble:LoRa-Chatter-1B44 44:1B:F6:8D:B7:A9","device_key":"ble-address:44:1b:f6:8d:b7:a9","kind":"rx","seq":429,"session":"s1","stream":"telemetry","text":"\nRX ACK session=A24F","timestamp":1790455807.9290073}
2026-09-26T23:50:07.935+03:00 [RX telemetry] {"data_b64":"ClRYIEFDSyBzZXE9MTIgYWNrX3Q=","description":"ble:LoRa-Chatter-72E0 E0:72:A1:D5:4C:15","device_key":"ble-address:e0:72:a1:d5:4c:15","kind":"rx","seq":332,"session":"s2","stream":"telemetry","text":"\nTX ACK seq=12 ack_t","timestamp":1790455807.9343667}
2026-09-26T23:50:07.935+03:00 [RX telemetry] {"data_b64":"bz0wQkM3LzggZnJhbWU9MTRCIE8=","description":"ble:LoRa-Chatter-72E0 E0:72:A1:D5:4C:15","device_key":"ble-address:e0:72:a1:d5:4c:15","kind":"rx","seq":333,"session":"s2","stream":"telemetry","text":"o=0BC7/8 frame=14B O","timestamp":1790455807.9345298}
2026-09-26T23:50:07.936+03:00 [RX telemetry] {"data_b64":"SyB0aW1lPTEzIG1zIGd1YXJkPTU=","description":"ble:LoRa-Chatter-72E0 E0:72:A1:D5:4C:15","device_key":"ble-address:e0:72:a1:d5:4c:15","kind":"rx","seq":334,"session":"s2","stream":"telemetry","text":"K time=13 ms guard=5","timestamp":1790455807.935491}
2026-09-26T23:50:07.936+03:00 [RX telemetry] {"data_b64":"MDBtcwo=","description":"ble:LoRa-Chatter-72E0 E0:72:A1:D5:4C:15","device_key":"ble-address:e0:72:a1:d5:4c:15","kind":"rx","seq":335,"session":"s2","stream":"telemetry","text":"00ms\n","timestamp":1790455807.9366157}
2026-09-26T23:50:07.973+03:00 [RX telemetry] {"data_b64":"IHNlcT0xMiBhY2tfdG89MEJDNy8=","description":"ble:LoRa-Chatter-1B44 44:1B:F6:8D:B7:A9","device_key":"ble-address:44:1b:f6:8d:b7:a9","kind":"rx","seq":430,"session":"s1","stream":"telemetry","text":" seq=12 ack_to=0BC7/","timestamp":1790455807.9730635}
2026-09-26T23:50:07.974+03:00 [RX telemetry] {"data_b64":"OCBmcmFtZT0xNEIgUlg9LTQwLzY=","description":"ble:LoRa-Chatter-1B44 44:1B:F6:8D:B7:A9","device_key":"ble-address:44:1b:f6:8d:b7:a9","kind":"rx","seq":431,"session":"s1","stream":"telemetry","text":"8 frame=14B RX=-40/6","timestamp":1790455807.9741924}
2026-09-26T23:50:07.975+03:00 [RX telemetry] {"data_b64":"IFExMDAK","description":"ble:LoRa-Chatter-1B44 44:1B:F6:8D:B7:A9","device_key":"ble-address:44:1b:f6:8d:b7:a9","kind":"rx","seq":432,"session":"s1","stream":"telemetry","text":" Q100\n","timestamp":1790455807.9742994}
2026-09-26T23:50:07.975+03:00 [RX telemetry] {"data_b64":"REVMSVZFUlkgQUNLIHVzZXI9MEI=","description":"ble:LoRa-Chatter-1B44 44:1B:F6:8D:B7:A9","device_key":"ble-address:44:1b:f6:8d:b7:a9","kind":"rx","seq":433,"session":"s1","stream":"telemetry","text":"DELIVERY ACK user=0B","timestamp":1790455807.9743874}
2026-09-26T23:50:08.018+03:00 [RX telemetry] {"data_b64":"QzcvOCBhdHRlbXB0cz0xLzUgZWw=","description":"ble:LoRa-Chatter-1B44 44:1B:F6:8D:B7:A9","device_key":"ble-address:44:1b:f6:8d:b7:a9","kind":"rx","seq":434,"session":"s1","stream":"telemetry","text":"C7/8 attempts=1/5 el","timestamp":1790455808.0179133}
2026-09-26T23:50:08.019+03:00 [RX telemetry] {"data_b64":"YXBzZWQ9MjIzbXMgcXVldWU9MAo=","description":"ble:LoRa-Chatter-1B44 44:1B:F6:8D:B7:A9","device_key":"ble-address:44:1b:f6:8d:b7:a9","kind":"rx","seq":435,"session":"s1","stream":"telemetry","text":"apsed=223ms queue=0\n","timestamp":1790455808.0188305}
2026-09-26T23:50:08.718+03:00 [AGENT REQUEST] {"id":61,"op":"observe","cursors":{"s1":401,"s2":324},"timeout_ms":5000}
2026-09-26T23:50:08.719+03:00 [AGENT RESPONSE] {"id":61,"ok":true,"result":{"cursors":{"s1":435,"s2":335},"lines":[{"seq_first":399,"seq_last":402,"session":"s1","stream":"telemetry","text":"SESSION COURTESY window=5000ms peer_release=0 expired=0 yielding=0"},{"seq_first":403,"seq_last":407,"session":"s1","stream":"telemetry","text":"SESSION DIO0_TX affected=0/8 episodes=0 avg_all=0.00 avg_affected=0.00 high_polls=0"},{"seq_first":408,"seq_last":413,"session":"s1","stream":"telemetry","text":"SESSION RX_POLL polls=561364 rxdone=9 interval=1000us DIO0_RX false_high_ep=0 high_polls=0 rxdone_low=0 isr=disabled"},{"seq_first":416,"seq_last":418,"session":"s1","stream":"telemetry","text":"DELIVERY QUEUED source=2 bytes=1 waiting=1/8 in_flight=0"},{"seq_first":419,"seq_last":419,"session":"s1","stream":"telemetry","text":""},{"seq_first":419,"seq_last":421,"session":"s1","stream":"telemetry","text":"TX USER seq=8 frame=13B user=1B attempt=1/5 OK time=13 ms"},{"seq_first":422,"seq_last":422,"session":"s1","stream":"chat","text":"> A"},{"seq_first":423,"seq_last":426,"session":"s1","stream":"telemetry","text":"DELIVERY WAIT_ACK user=0BC7/8 attempt=1/5 timeout=712ms queue=0"},{"seq_first":325,"seq_last":326,"session":"s2","stream":"telemetry","text":"PEER_REPORT our_seq=11 TX=-41/3 Q100"},{"seq_first":327,"seq_last":327,"session":"s2","stream":"telemetry","text":""},{"seq_first":327,"seq_last":330,"session":"s2","stream":"telemetry","text":"RX USER session=0BC7 seq=8 frame=13B user=1B RX=-39/6 Q100 disposition=0"},{"seq_first":331,"seq_last":331,"session":"s2","stream":"chat","text":"< [-39/6 Q100] A"},{"seq_first":427,"seq_last":428,"session":"s1","stream":"telemetry","text":"PEER_REPORT our_seq=8 TX=-39/6 Q100"},{"seq_first":429,"seq_last":429,"session":"s1","stream":"telemetry","text":""},{"seq_first":332,"seq_last":332,"session":"s2","stream":"telemetry","text":""},{"seq_first":332,"seq_last":335,"session":"s2","stream":"telemetry","text":"TX ACK seq=12 ack_to=0BC7/8 frame=14B OK time=13 ms guard=500ms"},{"seq_first":429,"seq_last":432,"session":"s1","stream":"telemetry","text":"RX ACK session=A24F seq=12 ack_to=0BC7/8 frame=14B RX=-40/6 Q100"},{"seq_first":433,"seq_last":435,"session":"s1","stream":"telemetry","text":"DELIVERY ACK user=0BC7/8 attempts=1/5 elapsed=223ms queue=0"}],"timed_out":false}}
2026-09-26T23:50:09.823+03:00 [AGENT REQUEST] {"id":62,"op":"send_line","session":"s1","text":"A"}
2026-09-26T23:50:09.825+03:00 [TX] {"data_b64":"QQo=","device_key":"ble-address:44:1b:f6:8d:b7:a9","kind":"tx","seq":436,"session":"s1","text":"A","timestamp":1790455809.8242536,"tx_id":22,"tx_state":"queued"}
2026-09-26T23:50:09.825+03:00 [AGENT RESPONSE] {"id":62,"ok":true,"result":{"state":"queued","tx_id":22}}
2026-09-26T23:50:09.827+03:00 [TX] {"data_b64":"QQo=","description":"ble:LoRa-Chatter-1B44 44:1B:F6:8D:B7:A9","device_key":"ble-address:44:1b:f6:8d:b7:a9","kind":"tx","seq":437,"session":"s1","text":"A","timestamp":1790455809.8263795,"tx_id":22,"tx_state":"written"}
2026-09-26T23:50:09.908+03:00 [RX telemetry] {"data_b64":"REVMSVZFUlkgUVVFVUVEIHNvdXI=","description":"ble:LoRa-Chatter-1B44 44:1B:F6:8D:B7:A9","device_key":"ble-address:44:1b:f6:8d:b7:a9","kind":"rx","seq":438,"session":"s1","stream":"telemetry","text":"DELIVERY QUEUED sour","timestamp":1790455809.9080474}
2026-09-26T23:50:09.909+03:00 [RX telemetry] {"data_b64":"Y2U9MiBieXRlcz0xIHdhaXRpbmc=","description":"ble:LoRa-Chatter-1B44 44:1B:F6:8D:B7:A9","device_key":"ble-address:44:1b:f6:8d:b7:a9","kind":"rx","seq":439,"session":"s1","stream":"telemetry","text":"ce=2 bytes=1 waiting","timestamp":1790455809.9081907}
2026-09-26T23:50:09.909+03:00 [RX telemetry] {"data_b64":"PTEvOCBpbl9mbGlnaHQ9MAo=","description":"ble:LoRa-Chatter-1B44 44:1B:F6:8D:B7:A9","device_key":"ble-address:44:1b:f6:8d:b7:a9","kind":"rx","seq":440,"session":"s1","stream":"telemetry","text":"=1/8 in_flight=0\n","timestamp":1790455809.9089596}
2026-09-26T23:50:09.910+03:00 [RX telemetry] {"data_b64":"ClRYIFVTRVIgc2VxPTkgZnJhbWU=","description":"ble:LoRa-Chatter-1B44 44:1B:F6:8D:B7:A9","device_key":"ble-address:44:1b:f6:8d:b7:a9","kind":"rx","seq":441,"session":"s1","stream":"telemetry","text":"\nTX USER seq=9 frame","timestamp":1790455809.910537}
2026-09-26T23:50:09.912+03:00 [RX telemetry] {"data_b64":"PTEzQiB1c2VyPTFCIGF0dGVtcHQ=","description":"ble:LoRa-Chatter-1B44 44:1B:F6:8D:B7:A9","device_key":"ble-address:44:1b:f6:8d:b7:a9","kind":"rx","seq":442,"session":"s1","stream":"telemetry","text":"=13B user=1B attempt","timestamp":1790455809.9116583}
2026-09-26T23:50:09.912+03:00 [RX telemetry] {"data_b64":"PTEvNSBPSyB0aW1lPTEzIG1zCg==","description":"ble:LoRa-Chatter-1B44 44:1B:F6:8D:B7:A9","device_key":"ble-address:44:1b:f6:8d:b7:a9","kind":"rx","seq":443,"session":"s1","stream":"telemetry","text":"=1/5 OK time=13 ms\n","timestamp":1790455809.9117732}
2026-09-26T23:50:09.913+03:00 [RX chat] {"data_b64":"PiBBCg==","description":"ble:LoRa-Chatter-1B44 44:1B:F6:8D:B7:A9","device_key":"ble-address:44:1b:f6:8d:b7:a9","kind":"rx","seq":444,"session":"s1","stream":"chat","text":"> A\n","timestamp":1790455809.9128506}
2026-09-26T23:50:09.913+03:00 [RX telemetry] {"data_b64":"REVMSVZFUlkgV0FJVF9BQ0sgdXM=","description":"ble:LoRa-Chatter-1B44 44:1B:F6:8D:B7:A9","device_key":"ble-address:44:1b:f6:8d:b7:a9","kind":"rx","seq":445,"session":"s1","stream":"telemetry","text":"DELIVERY WAIT_ACK us","timestamp":1790455809.9133372}
2026-09-26T23:50:09.914+03:00 [RX telemetry] {"data_b64":"ZXI9MEJDNy85IGF0dGVtcHQ9MS8=","description":"ble:LoRa-Chatter-1B44 44:1B:F6:8D:B7:A9","device_key":"ble-address:44:1b:f6:8d:b7:a9","kind":"rx","seq":446,"session":"s1","stream":"telemetry","text":"er=0BC7/9 attempt=1/","timestamp":1790455809.9142926}
2026-09-26T23:50:09.914+03:00 [RX telemetry] {"data_b64":"NSB0aW1lb3V0PTcxMm1zIHF1ZXU=","description":"ble:LoRa-Chatter-1B44 44:1B:F6:8D:B7:A9","device_key":"ble-address:44:1b:f6:8d:b7:a9","kind":"rx","seq":447,"session":"s1","stream":"telemetry","text":"5 timeout=712ms queu","timestamp":1790455809.9143522}
2026-09-26T23:50:09.914+03:00 [RX telemetry] {"data_b64":"ZT0wCg==","description":"ble:LoRa-Chatter-1B44 44:1B:F6:8D:B7:A9","device_key":"ble-address:44:1b:f6:8d:b7:a9","kind":"rx","seq":448,"session":"s1","stream":"telemetry","text":"e=0\n","timestamp":1790455809.9143884}
2026-09-26T23:50:09.957+03:00 [RX telemetry] {"data_b64":"UEVFUl9SRVBPUlQgb3VyX3NlcT0=","description":"ble:LoRa-Chatter-72E0 E0:72:A1:D5:4C:15","device_key":"ble-address:e0:72:a1:d5:4c:15","kind":"rx","seq":336,"session":"s2","stream":"telemetry","text":"PEER_REPORT our_seq=","timestamp":1790455809.956603}
2026-09-26T23:50:09.957+03:00 [RX telemetry] {"data_b64":"MTIgVFg9LTQwLzYgUTEwMAo=","description":"ble:LoRa-Chatter-72E0 E0:72:A1:D5:4C:15","device_key":"ble-address:e0:72:a1:d5:4c:15","kind":"rx","seq":337,"session":"s2","stream":"telemetry","text":"12 TX=-40/6 Q100\n","timestamp":1790455809.9573994}
2026-09-26T23:50:09.958+03:00 [RX telemetry] {"data_b64":"ClJYIFVTRVIgc2Vzc2lvbj0wQkM=","description":"ble:LoRa-Chatter-72E0 E0:72:A1:D5:4C:15","device_key":"ble-address:e0:72:a1:d5:4c:15","kind":"rx","seq":338,"session":"s2","stream":"telemetry","text":"\nRX USER session=0BC","timestamp":1790455809.9581962}
2026-09-26T23:50:09.959+03:00 [RX telemetry] {"data_b64":"NyBzZXE9OSBmcmFtZT0xM0IgdXM=","description":"ble:LoRa-Chatter-72E0 E0:72:A1:D5:4C:15","device_key":"ble-address:e0:72:a1:d5:4c:15","kind":"rx","seq":339,"session":"s2","stream":"telemetry","text":"7 seq=9 frame=13B us","timestamp":1790455809.959356}
2026-09-26T23:50:09.959+03:00 [RX telemetry] {"data_b64":"ZXI9MUIgUlg9LTM5LzYgUTEwMCA=","description":"ble:LoRa-Chatter-72E0 E0:72:A1:D5:4C:15","device_key":"ble-address:e0:72:a1:d5:4c:15","kind":"rx","seq":340,"session":"s2","stream":"telemetry","text":"er=1B RX=-39/6 Q100 ","timestamp":1790455809.9594731}
2026-09-26T23:50:09.960+03:00 [RX telemetry] {"data_b64":"ZGlzcG9zaXRpb249MAo=","description":"ble:LoRa-Chatter-72E0 E0:72:A1:D5:4C:15","device_key":"ble-address:e0:72:a1:d5:4c:15","kind":"rx","seq":341,"session":"s2","stream":"telemetry","text":"disposition=0\n","timestamp":1790455809.9605708}
2026-09-26T23:50:09.961+03:00 [RX chat] {"data_b64":"PCBbLTM5LzYgUTEwMF0gQQo=","description":"ble:LoRa-Chatter-72E0 E0:72:A1:D5:4C:15","device_key":"ble-address:e0:72:a1:d5:4c:15","kind":"rx","seq":342,"session":"s2","stream":"chat","text":"< [-39/6 Q100] A\n","timestamp":1790455809.9612367}
2026-09-26T23:50:10.133+03:00 [RX telemetry] {"data_b64":"UEVFUl9SRVBPUlQgb3VyX3NlcT0=","description":"ble:LoRa-Chatter-1B44 44:1B:F6:8D:B7:A9","device_key":"ble-address:44:1b:f6:8d:b7:a9","kind":"rx","seq":449,"session":"s1","stream":"telemetry","text":"PEER_REPORT our_seq=","timestamp":1790455810.132819}
2026-09-26T23:50:10.134+03:00 [RX telemetry] {"data_b64":"OSBUWD0tMzkvNiBRMTAwCg==","description":"ble:LoRa-Chatter-1B44 44:1B:F6:8D:B7:A9","device_key":"ble-address:44:1b:f6:8d:b7:a9","kind":"rx","seq":450,"session":"s1","stream":"telemetry","text":"9 TX=-39/6 Q100\n","timestamp":1790455810.1339636}
2026-09-26T23:50:10.134+03:00 [RX telemetry] {"data_b64":"ClJYIEFDSyBzZXNzaW9uPUEyNEY=","description":"ble:LoRa-Chatter-1B44 44:1B:F6:8D:B7:A9","device_key":"ble-address:44:1b:f6:8d:b7:a9","kind":"rx","seq":451,"session":"s1","stream":"telemetry","text":"\nRX ACK session=A24F","timestamp":1790455810.134049}
2026-09-26T23:50:10.179+03:00 [RX telemetry] {"data_b64":"IHNlcT0xMyBhY2tfdG89MEJDNy8=","description":"ble:LoRa-Chatter-1B44 44:1B:F6:8D:B7:A9","device_key":"ble-address:44:1b:f6:8d:b7:a9","kind":"rx","seq":452,"session":"s1","stream":"telemetry","text":" seq=13 ack_to=0BC7/","timestamp":1790455810.1779456}
2026-09-26T23:50:10.181+03:00 [RX telemetry] {"data_b64":"OSBmcmFtZT0xNEIgUlg9LTQxLzY=","description":"ble:LoRa-Chatter-1B44 44:1B:F6:8D:B7:A9","device_key":"ble-address:44:1b:f6:8d:b7:a9","kind":"rx","seq":453,"session":"s1","stream":"telemetry","text":"9 frame=14B RX=-41/6","timestamp":1790455810.1805453}
2026-09-26T23:50:10.181+03:00 [RX telemetry] {"data_b64":"IFExMDAK","description":"ble:LoRa-Chatter-1B44 44:1B:F6:8D:B7:A9","device_key":"ble-address:44:1b:f6:8d:b7:a9","kind":"rx","seq":454,"session":"s1","stream":"telemetry","text":" Q100\n","timestamp":1790455810.180641}
2026-09-26T23:50:10.182+03:00 [RX telemetry] {"data_b64":"REVMSVZFUlkgQUNLIHVzZXI9MEI=","description":"ble:LoRa-Chatter-1B44 44:1B:F6:8D:B7:A9","device_key":"ble-address:44:1b:f6:8d:b7:a9","kind":"rx","seq":455,"session":"s1","stream":"telemetry","text":"DELIVERY ACK user=0B","timestamp":1790455810.1820762}
2026-09-26T23:50:10.183+03:00 [RX telemetry] {"data_b64":"ClRYIEFDSyBzZXE9MTMgYWNrX3Q=","description":"ble:LoRa-Chatter-72E0 E0:72:A1:D5:4C:15","device_key":"ble-address:e0:72:a1:d5:4c:15","kind":"rx","seq":343,"session":"s2","stream":"telemetry","text":"\nTX ACK seq=13 ack_t","timestamp":1790455810.1829047}
2026-09-26T23:50:10.184+03:00 [RX telemetry] {"data_b64":"bz0wQkM3LzkgZnJhbWU9MTRCIE8=","description":"ble:LoRa-Chatter-72E0 E0:72:A1:D5:4C:15","device_key":"ble-address:e0:72:a1:d5:4c:15","kind":"rx","seq":344,"session":"s2","stream":"telemetry","text":"o=0BC7/9 frame=14B O","timestamp":1790455810.1837118}
2026-09-26T23:50:10.184+03:00 [RX telemetry] {"data_b64":"SyB0aW1lPTEzIG1zIGd1YXJkPTU=","description":"ble:LoRa-Chatter-72E0 E0:72:A1:D5:4C:15","device_key":"ble-address:e0:72:a1:d5:4c:15","kind":"rx","seq":345,"session":"s2","stream":"telemetry","text":"K time=13 ms guard=5","timestamp":1790455810.1837988}
2026-09-26T23:50:10.184+03:00 [RX telemetry] {"data_b64":"MDBtcwo=","description":"ble:LoRa-Chatter-72E0 E0:72:A1:D5:4C:15","device_key":"ble-address:e0:72:a1:d5:4c:15","kind":"rx","seq":346,"session":"s2","stream":"telemetry","text":"00ms\n","timestamp":1790455810.1845098}
2026-09-26T23:50:10.223+03:00 [RX telemetry] {"data_b64":"QzcvOSBhdHRlbXB0cz0xLzUgZWw=","description":"ble:LoRa-Chatter-1B44 44:1B:F6:8D:B7:A9","device_key":"ble-address:44:1b:f6:8d:b7:a9","kind":"rx","seq":456,"session":"s1","stream":"telemetry","text":"C7/9 attempts=1/5 el","timestamp":1790455810.2229629}
2026-09-26T23:50:10.224+03:00 [RX telemetry] {"data_b64":"YXBzZWQ9MjIzbXMgcXVldWU9MAo=","description":"ble:LoRa-Chatter-1B44 44:1B:F6:8D:B7:A9","device_key":"ble-address:44:1b:f6:8d:b7:a9","kind":"rx","seq":457,"session":"s1","stream":"telemetry","text":"apsed=223ms queue=0\n","timestamp":1790455810.2240145}
2026-09-26T23:50:10.929+03:00 [AGENT REQUEST] {"id":63,"op":"observe","cursors":{"s1":435,"s2":335},"timeout_ms":5000}
2026-09-26T23:50:10.932+03:00 [AGENT RESPONSE] {"id":63,"ok":true,"result":{"cursors":{"s1":457,"s2":346},"lines":[{"seq_first":438,"seq_last":440,"session":"s1","stream":"telemetry","text":"DELIVERY QUEUED source=2 bytes=1 waiting=1/8 in_flight=0"},{"seq_first":441,"seq_last":441,"session":"s1","stream":"telemetry","text":""},{"seq_first":441,"seq_last":443,"session":"s1","stream":"telemetry","text":"TX USER seq=9 frame=13B user=1B attempt=1/5 OK time=13 ms"},{"seq_first":444,"seq_last":444,"session":"s1","stream":"chat","text":"> A"},{"seq_first":445,"seq_last":448,"session":"s1","stream":"telemetry","text":"DELIVERY WAIT_ACK user=0BC7/9 attempt=1/5 timeout=712ms queue=0"},{"seq_first":336,"seq_last":337,"session":"s2","stream":"telemetry","text":"PEER_REPORT our_seq=12 TX=-40/6 Q100"},{"seq_first":338,"seq_last":338,"session":"s2","stream":"telemetry","text":""},{"seq_first":338,"seq_last":341,"session":"s2","stream":"telemetry","text":"RX USER session=0BC7 seq=9 frame=13B user=1B RX=-39/6 Q100 disposition=0"},{"seq_first":342,"seq_last":342,"session":"s2","stream":"chat","text":"< [-39/6 Q100] A"},{"seq_first":449,"seq_last":450,"session":"s1","stream":"telemetry","text":"PEER_REPORT our_seq=9 TX=-39/6 Q100"},{"seq_first":451,"seq_last":451,"session":"s1","stream":"telemetry","text":""},{"seq_first":451,"seq_last":454,"session":"s1","stream":"telemetry","text":"RX ACK session=A24F seq=13 ack_to=0BC7/9 frame=14B RX=-41/6 Q100"},{"seq_first":343,"seq_last":343,"session":"s2","stream":"telemetry","text":""},{"seq_first":343,"seq_last":346,"session":"s2","stream":"telemetry","text":"TX ACK seq=13 ack_to=0BC7/9 frame=14B OK time=13 ms guard=500ms"},{"seq_first":455,"seq_last":457,"session":"s1","stream":"telemetry","text":"DELIVERY ACK user=0BC7/9 attempts=1/5 elapsed=223ms queue=0"}],"timed_out":false}}
2026-09-26T23:50:12.033+03:00 [AGENT REQUEST] {"id":64,"op":"send_line","session":"s2","text":"B"}
2026-09-26T23:50:12.034+03:00 [TX] {"data_b64":"Qgo=","device_key":"ble-address:e0:72:a1:d5:4c:15","kind":"tx","seq":347,"session":"s2","text":"B","timestamp":1790455812.0341103,"tx_id":13,"tx_state":"queued"}
2026-09-26T23:50:12.035+03:00 [AGENT RESPONSE] {"id":64,"ok":true,"result":{"state":"queued","tx_id":13}}
2026-09-26T23:50:12.036+03:00 [TX] {"data_b64":"Qgo=","description":"ble:LoRa-Chatter-72E0 E0:72:A1:D5:4C:15","device_key":"ble-address:e0:72:a1:d5:4c:15","kind":"tx","seq":348,"session":"s2","text":"B","timestamp":1790455812.0359333,"tx_id":13,"tx_state":"written"}
2026-09-26T23:50:12.112+03:00 [RX telemetry] {"data_b64":"UEVFUl9SRVBPUlQgb3VyX3NlcT0=","description":"ble:LoRa-Chatter-1B44 44:1B:F6:8D:B7:A9","device_key":"ble-address:44:1b:f6:8d:b7:a9","kind":"rx","seq":458,"session":"s1","stream":"telemetry","text":"PEER_REPORT our_seq=","timestamp":1790455812.1122978}
2026-09-26T23:50:12.112+03:00 [RX telemetry] {"data_b64":"OSBUWD0tMzkvNiBRMTAwCg==","description":"ble:LoRa-Chatter-1B44 44:1B:F6:8D:B7:A9","device_key":"ble-address:44:1b:f6:8d:b7:a9","kind":"rx","seq":459,"session":"s1","stream":"telemetry","text":"9 TX=-39/6 Q100\n","timestamp":1790455812.1123872}
2026-09-26T23:50:12.113+03:00 [RX telemetry] {"data_b64":"ClJYIFVTRVIgc2Vzc2lvbj1BMjQ=","description":"ble:LoRa-Chatter-1B44 44:1B:F6:8D:B7:A9","device_key":"ble-address:44:1b:f6:8d:b7:a9","kind":"rx","seq":460,"session":"s1","stream":"telemetry","text":"\nRX USER session=A24","timestamp":1790455812.1135786}
2026-09-26T23:50:12.114+03:00 [RX telemetry] {"data_b64":"RiBzZXE9MTQgZnJhbWU9MTNCIHU=","description":"ble:LoRa-Chatter-1B44 44:1B:F6:8D:B7:A9","device_key":"ble-address:44:1b:f6:8d:b7:a9","kind":"rx","seq":461,"session":"s1","stream":"telemetry","text":"F seq=14 frame=13B u","timestamp":1790455812.1144443}
2026-09-26T23:50:12.115+03:00 [RX telemetry] {"data_b64":"c2VyPTFCIFJYPS00Mi80IFExMDA=","description":"ble:LoRa-Chatter-1B44 44:1B:F6:8D:B7:A9","device_key":"ble-address:44:1b:f6:8d:b7:a9","kind":"rx","seq":462,"session":"s1","stream":"telemetry","text":"ser=1B RX=-42/4 Q100","timestamp":1790455812.1145024}
2026-09-26T23:50:12.116+03:00 [RX telemetry] {"data_b64":"IGRpc3Bvc2l0aW9uPTAK","description":"ble:LoRa-Chatter-1B44 44:1B:F6:8D:B7:A9","device_key":"ble-address:44:1b:f6:8d:b7:a9","kind":"rx","seq":463,"session":"s1","stream":"telemetry","text":" disposition=0\n","timestamp":1790455812.116517}
2026-09-26T23:50:12.117+03:00 [RX chat] {"data_b64":"PCBbLTQyLzQgUTEwMF0gQgo=","description":"ble:LoRa-Chatter-1B44 44:1B:F6:8D:B7:A9","device_key":"ble-address:44:1b:f6:8d:b7:a9","kind":"rx","seq":464,"session":"s1","stream":"chat","text":"< [-42/4 Q100] B\n","timestamp":1790455812.1173244}
2026-09-26T23:50:12.166+03:00 [RX telemetry] {"data_b64":"REVMSVZFUlkgUVVFVUVEIHNvdXI=","description":"ble:LoRa-Chatter-72E0 E0:72:A1:D5:4C:15","device_key":"ble-address:e0:72:a1:d5:4c:15","kind":"rx","seq":349,"session":"s2","stream":"telemetry","text":"DELIVERY QUEUED sour","timestamp":1790455812.165038}
2026-09-26T23:50:12.167+03:00 [RX telemetry] {"data_b64":"Y2U9MiBieXRlcz0xIHdhaXRpbmc=","description":"ble:LoRa-Chatter-72E0 E0:72:A1:D5:4C:15","device_key":"ble-address:e0:72:a1:d5:4c:15","kind":"rx","seq":350,"session":"s2","stream":"telemetry","text":"ce=2 bytes=1 waiting","timestamp":1790455812.1653085}
2026-09-26T23:50:12.167+03:00 [RX telemetry] {"data_b64":"PTEvOCBpbl9mbGlnaHQ9MAo=","description":"ble:LoRa-Chatter-72E0 E0:72:A1:D5:4C:15","device_key":"ble-address:e0:72:a1:d5:4c:15","kind":"rx","seq":351,"session":"s2","stream":"telemetry","text":"=1/8 in_flight=0\n","timestamp":1790455812.1653721}
2026-09-26T23:50:12.167+03:00 [RX telemetry] {"data_b64":"ClRYIFVTRVIgc2VxPTE0IGZyYW0=","description":"ble:LoRa-Chatter-72E0 E0:72:A1:D5:4C:15","device_key":"ble-address:e0:72:a1:d5:4c:15","kind":"rx","seq":352,"session":"s2","stream":"telemetry","text":"\nTX USER seq=14 fram","timestamp":1790455812.1654775}
2026-09-26T23:50:12.169+03:00 [RX telemetry] {"data_b64":"ZT0xM0IgdXNlcj0xQiBhdHRlbXA=","description":"ble:LoRa-Chatter-72E0 E0:72:A1:D5:4C:15","device_key":"ble-address:e0:72:a1:d5:4c:15","kind":"rx","seq":353,"session":"s2","stream":"telemetry","text":"e=13B user=1B attemp","timestamp":1790455812.1688244}
2026-09-26T23:50:12.169+03:00 [RX telemetry] {"data_b64":"dD0xLzUgT0sgdGltZT0xMyBtcwo=","description":"ble:LoRa-Chatter-72E0 E0:72:A1:D5:4C:15","device_key":"ble-address:e0:72:a1:d5:4c:15","kind":"rx","seq":354,"session":"s2","stream":"telemetry","text":"t=1/5 OK time=13 ms\n","timestamp":1790455812.168912}
2026-09-26T23:50:12.169+03:00 [RX chat] {"data_b64":"PiBCCg==","description":"ble:LoRa-Chatter-72E0 E0:72:A1:D5:4C:15","device_key":"ble-address:e0:72:a1:d5:4c:15","kind":"rx","seq":355,"session":"s2","stream":"chat","text":"> B\n","timestamp":1790455812.1689653}
2026-09-26T23:50:12.169+03:00 [RX telemetry] {"data_b64":"REVMSVZFUlkgV0FJVF9BQ0sgdXM=","description":"ble:LoRa-Chatter-72E0 E0:72:A1:D5:4C:15","device_key":"ble-address:e0:72:a1:d5:4c:15","kind":"rx","seq":356,"session":"s2","stream":"telemetry","text":"DELIVERY WAIT_ACK us","timestamp":1790455812.1693165}
2026-09-26T23:50:12.170+03:00 [RX telemetry] {"data_b64":"ZXI9QTI0Ri8xNCBhdHRlbXB0PTE=","description":"ble:LoRa-Chatter-72E0 E0:72:A1:D5:4C:15","device_key":"ble-address:e0:72:a1:d5:4c:15","kind":"rx","seq":357,"session":"s2","stream":"telemetry","text":"er=A24F/14 attempt=1","timestamp":1790455812.1693594}
2026-09-26T23:50:12.170+03:00 [RX telemetry] {"data_b64":"LzUgdGltZW91dD03MTJtcyBxdWU=","description":"ble:LoRa-Chatter-72E0 E0:72:A1:D5:4C:15","device_key":"ble-address:e0:72:a1:d5:4c:15","kind":"rx","seq":358,"session":"s2","stream":"telemetry","text":"/5 timeout=712ms que","timestamp":1790455812.1693928}
2026-09-26T23:50:12.170+03:00 [RX telemetry] {"data_b64":"dWU9MAo=","description":"ble:LoRa-Chatter-72E0 E0:72:A1:D5:4C:15","device_key":"ble-address:e0:72:a1:d5:4c:15","kind":"rx","seq":359,"session":"s2","stream":"telemetry","text":"ue=0\n","timestamp":1790455812.169438}
2026-09-26T23:50:12.338+03:00 [RX telemetry] {"data_b64":"ClRYIEFDSyBzZXE9MTAgYWNrX3Q=","description":"ble:LoRa-Chatter-1B44 44:1B:F6:8D:B7:A9","device_key":"ble-address:44:1b:f6:8d:b7:a9","kind":"rx","seq":465,"session":"s1","stream":"telemetry","text":"\nTX ACK seq=10 ack_t","timestamp":1790455812.3382063}
2026-09-26T23:50:12.339+03:00 [RX telemetry] {"data_b64":"bz1BMjRGLzE0IGZyYW1lPTE0QiA=","description":"ble:LoRa-Chatter-1B44 44:1B:F6:8D:B7:A9","device_key":"ble-address:44:1b:f6:8d:b7:a9","kind":"rx","seq":466,"session":"s1","stream":"telemetry","text":"o=A24F/14 frame=14B ","timestamp":1790455812.3395193}
2026-09-26T23:50:12.340+03:00 [RX telemetry] {"data_b64":"T0sgdGltZT0xMyBtcyBndWFyZD0=","description":"ble:LoRa-Chatter-1B44 44:1B:F6:8D:B7:A9","device_key":"ble-address:44:1b:f6:8d:b7:a9","kind":"rx","seq":467,"session":"s1","stream":"telemetry","text":"OK time=13 ms guard=","timestamp":1790455812.3396022}
2026-09-26T23:50:12.341+03:00 [RX telemetry] {"data_b64":"UEVFUl9SRVBPUlQgb3VyX3NlcT0=","description":"ble:LoRa-Chatter-72E0 E0:72:A1:D5:4C:15","device_key":"ble-address:e0:72:a1:d5:4c:15","kind":"rx","seq":360,"session":"s2","stream":"telemetry","text":"PEER_REPORT our_seq=","timestamp":1790455812.3414826}
2026-09-26T23:50:12.342+03:00 [RX telemetry] {"data_b64":"MTQgVFg9LTQyLzQgUTEwMAo=","description":"ble:LoRa-Chatter-72E0 E0:72:A1:D5:4C:15","device_key":"ble-address:e0:72:a1:d5:4c:15","kind":"rx","seq":361,"session":"s2","stream":"telemetry","text":"14 TX=-42/4 Q100\n","timestamp":1790455812.3424025}
2026-09-26T23:50:12.346+03:00 [RX telemetry] {"data_b64":"ClJYIEFDSyBzZXNzaW9uPTBCQzc=","description":"ble:LoRa-Chatter-72E0 E0:72:A1:D5:4C:15","device_key":"ble-address:e0:72:a1:d5:4c:15","kind":"rx","seq":362,"session":"s2","stream":"telemetry","text":"\nRX ACK session=0BC7","timestamp":1790455812.3453639}
2026-09-26T23:50:12.347+03:00 [RX telemetry] {"data_b64":"IHNlcT0xMCBhY2tfdG89QTI0Ri8=","description":"ble:LoRa-Chatter-72E0 E0:72:A1:D5:4C:15","device_key":"ble-address:e0:72:a1:d5:4c:15","kind":"rx","seq":363,"session":"s2","stream":"telemetry","text":" seq=10 ack_to=A24F/","timestamp":1790455812.3473423}
2026-09-26T23:50:12.348+03:00 [RX telemetry] {"data_b64":"MTQgZnJhbWU9MTRCIFJYPS00My8=","description":"ble:LoRa-Chatter-72E0 E0:72:A1:D5:4C:15","device_key":"ble-address:e0:72:a1:d5:4c:15","kind":"rx","seq":364,"session":"s2","stream":"telemetry","text":"14 frame=14B RX=-43/","timestamp":1790455812.348133}
2026-09-26T23:50:12.348+03:00 [RX telemetry] {"data_b64":"NiBRMTAwCg==","description":"ble:LoRa-Chatter-72E0 E0:72:A1:D5:4C:15","device_key":"ble-address:e0:72:a1:d5:4c:15","kind":"rx","seq":365,"session":"s2","stream":"telemetry","text":"6 Q100\n","timestamp":1790455812.3481977}
2026-09-26T23:50:12.349+03:00 [RX telemetry] {"data_b64":"REVMSVZFUlkgQUNLIHVzZXI9QTI=","description":"ble:LoRa-Chatter-72E0 E0:72:A1:D5:4C:15","device_key":"ble-address:e0:72:a1:d5:4c:15","kind":"rx","seq":366,"session":"s2","stream":"telemetry","text":"DELIVERY ACK user=A2","timestamp":1790455812.3489888}
2026-09-26T23:50:12.349+03:00 [RX telemetry] {"data_b64":"NEYvMTQgYXR0ZW1wdHM9MS81IGU=","description":"ble:LoRa-Chatter-72E0 E0:72:A1:D5:4C:15","device_key":"ble-address:e0:72:a1:d5:4c:15","kind":"rx","seq":367,"session":"s2","stream":"telemetry","text":"4F/14 attempts=1/5 e","timestamp":1790455812.3494496}
2026-09-26T23:50:12.350+03:00 [RX telemetry] {"data_b64":"bGFwc2VkPTIyM21zIHF1ZXVlPTA=","description":"ble:LoRa-Chatter-72E0 E0:72:A1:D5:4C:15","device_key":"ble-address:e0:72:a1:d5:4c:15","kind":"rx","seq":368,"session":"s2","stream":"telemetry","text":"lapsed=223ms queue=0","timestamp":1790455812.3497934}
2026-09-26T23:50:12.350+03:00 [RX telemetry] {"data_b64":"Cg==","description":"ble:LoRa-Chatter-72E0 E0:72:A1:D5:4C:15","device_key":"ble-address:e0:72:a1:d5:4c:15","kind":"rx","seq":369,"session":"s2","stream":"telemetry","text":"\n","timestamp":1790455812.350242}
2026-09-26T23:50:12.382+03:00 [RX telemetry] {"data_b64":"NTAwbXMK","description":"ble:LoRa-Chatter-1B44 44:1B:F6:8D:B7:A9","device_key":"ble-address:44:1b:f6:8d:b7:a9","kind":"rx","seq":468,"session":"s1","stream":"telemetry","text":"500ms\n","timestamp":1790455812.3820753}
2026-09-26T23:50:13.137+03:00 [AGENT REQUEST] {"id":65,"op":"observe","cursors":{"s1":457,"s2":346},"timeout_ms":5000}
2026-09-26T23:50:13.138+03:00 [AGENT RESPONSE] {"id":65,"ok":true,"result":{"cursors":{"s1":468,"s2":369},"lines":[{"seq_first":458,"seq_last":459,"session":"s1","stream":"telemetry","text":"PEER_REPORT our_seq=9 TX=-39/6 Q100"},{"seq_first":460,"seq_last":460,"session":"s1","stream":"telemetry","text":""},{"seq_first":460,"seq_last":463,"session":"s1","stream":"telemetry","text":"RX USER session=A24F seq=14 frame=13B user=1B RX=-42/4 Q100 disposition=0"},{"seq_first":464,"seq_last":464,"session":"s1","stream":"chat","text":"< [-42/4 Q100] B"},{"seq_first":349,"seq_last":351,"session":"s2","stream":"telemetry","text":"DELIVERY QUEUED source=2 bytes=1 waiting=1/8 in_flight=0"},{"seq_first":352,"seq_last":352,"session":"s2","stream":"telemetry","text":""},{"seq_first":352,"seq_last":354,"session":"s2","stream":"telemetry","text":"TX USER seq=14 frame=13B user=1B attempt=1/5 OK time=13 ms"},{"seq_first":355,"seq_last":355,"session":"s2","stream":"chat","text":"> B"},{"seq_first":356,"seq_last":359,"session":"s2","stream":"telemetry","text":"DELIVERY WAIT_ACK user=A24F/14 attempt=1/5 timeout=712ms queue=0"},{"seq_first":465,"seq_last":465,"session":"s1","stream":"telemetry","text":""},{"seq_first":360,"seq_last":361,"session":"s2","stream":"telemetry","text":"PEER_REPORT our_seq=14 TX=-42/4 Q100"},{"seq_first":362,"seq_last":362,"session":"s2","stream":"telemetry","text":""},{"seq_first":362,"seq_last":365,"session":"s2","stream":"telemetry","text":"RX ACK session=0BC7 seq=10 ack_to=A24F/14 frame=14B RX=-43/6 Q100"},{"seq_first":366,"seq_last":369,"session":"s2","stream":"telemetry","text":"DELIVERY ACK user=A24F/14 attempts=1/5 elapsed=223ms queue=0"},{"seq_first":465,"seq_last":468,"session":"s1","stream":"telemetry","text":"TX ACK seq=10 ack_to=A24F/14 frame=14B OK time=13 ms guard=500ms"}],"timed_out":false}}
2026-09-26T23:50:14.240+03:00 [AGENT REQUEST] {"id":66,"op":"send_line","session":"s2","text":"B"}
2026-09-26T23:50:14.240+03:00 [TX] {"data_b64":"Qgo=","device_key":"ble-address:e0:72:a1:d5:4c:15","kind":"tx","seq":370,"session":"s2","text":"B","timestamp":1790455814.2403684,"tx_id":14,"tx_state":"queued"}
2026-09-26T23:50:14.241+03:00 [AGENT RESPONSE] {"id":66,"ok":true,"result":{"state":"queued","tx_id":14}}
2026-09-26T23:50:14.241+03:00 [TX] {"data_b64":"Qgo=","description":"ble:LoRa-Chatter-72E0 E0:72:A1:D5:4C:15","device_key":"ble-address:e0:72:a1:d5:4c:15","kind":"tx","seq":371,"session":"s2","text":"B","timestamp":1790455814.241441,"tx_id":14,"tx_state":"written"}
2026-09-26T23:50:14.319+03:00 [RX telemetry] {"data_b64":"UEVFUl9SRVBPUlQgb3VyX3NlcT0=","description":"ble:LoRa-Chatter-1B44 44:1B:F6:8D:B7:A9","device_key":"ble-address:44:1b:f6:8d:b7:a9","kind":"rx","seq":469,"session":"s1","stream":"telemetry","text":"PEER_REPORT our_seq=","timestamp":1790455814.3178287}
2026-09-26T23:50:14.320+03:00 [RX telemetry] {"data_b64":"MTAgVFg9LTQzLzYgUTEwMAo=","description":"ble:LoRa-Chatter-1B44 44:1B:F6:8D:B7:A9","device_key":"ble-address:44:1b:f6:8d:b7:a9","kind":"rx","seq":470,"session":"s1","stream":"telemetry","text":"10 TX=-43/6 Q100\n","timestamp":1790455814.3205812}
2026-09-26T23:50:14.321+03:00 [RX telemetry] {"data_b64":"ClJYIFVTRVIgc2Vzc2lvbj1BMjQ=","description":"ble:LoRa-Chatter-1B44 44:1B:F6:8D:B7:A9","device_key":"ble-address:44:1b:f6:8d:b7:a9","kind":"rx","seq":471,"session":"s1","stream":"telemetry","text":"\nRX USER session=A24","timestamp":1790455814.3206692}
2026-09-26T23:50:14.321+03:00 [RX telemetry] {"data_b64":"RiBzZXE9MTUgZnJhbWU9MTNCIHU=","description":"ble:LoRa-Chatter-1B44 44:1B:F6:8D:B7:A9","device_key":"ble-address:44:1b:f6:8d:b7:a9","kind":"rx","seq":472,"session":"s1","stream":"telemetry","text":"F seq=15 frame=13B u","timestamp":1790455814.3207138}
2026-09-26T23:50:14.323+03:00 [RX telemetry] {"data_b64":"c2VyPTFCIFJYPS0zNy82IFExMDA=","description":"ble:LoRa-Chatter-1B44 44:1B:F6:8D:B7:A9","device_key":"ble-address:44:1b:f6:8d:b7:a9","kind":"rx","seq":473,"session":"s1","stream":"telemetry","text":"ser=1B RX=-37/6 Q100","timestamp":1790455814.322249}
2026-09-26T23:50:14.323+03:00 [RX telemetry] {"data_b64":"IGRpc3Bvc2l0aW9uPTAK","description":"ble:LoRa-Chatter-1B44 44:1B:F6:8D:B7:A9","device_key":"ble-address:44:1b:f6:8d:b7:a9","kind":"rx","seq":474,"session":"s1","stream":"telemetry","text":" disposition=0\n","timestamp":1790455814.3225029}
2026-09-26T23:50:14.323+03:00 [RX chat] {"data_b64":"PCBbLTM3LzYgUTEwMF0gQgo=","description":"ble:LoRa-Chatter-1B44 44:1B:F6:8D:B7:A9","device_key":"ble-address:44:1b:f6:8d:b7:a9","kind":"rx","seq":475,"session":"s1","stream":"chat","text":"< [-37/6 Q100] B\n","timestamp":1790455814.3227584}
2026-09-26T23:50:14.367+03:00 [RX telemetry] {"data_b64":"REVMSVZFUlkgUVVFVUVEIHNvdXI=","description":"ble:LoRa-Chatter-72E0 E0:72:A1:D5:4C:15","device_key":"ble-address:e0:72:a1:d5:4c:15","kind":"rx","seq":372,"session":"s2","stream":"telemetry","text":"DELIVERY QUEUED sour","timestamp":1790455814.3669171}
2026-09-26T23:50:14.368+03:00 [RX telemetry] {"data_b64":"Y2U9MiBieXRlcz0xIHdhaXRpbmc=","description":"ble:LoRa-Chatter-72E0 E0:72:A1:D5:4C:15","device_key":"ble-address:e0:72:a1:d5:4c:15","kind":"rx","seq":373,"session":"s2","stream":"telemetry","text":"ce=2 bytes=1 waiting","timestamp":1790455814.3679774}
2026-09-26T23:50:14.369+03:00 [RX telemetry] {"data_b64":"PTEvOCBpbl9mbGlnaHQ9MAo=","description":"ble:LoRa-Chatter-72E0 E0:72:A1:D5:4C:15","device_key":"ble-address:e0:72:a1:d5:4c:15","kind":"rx","seq":374,"session":"s2","stream":"telemetry","text":"=1/8 in_flight=0\n","timestamp":1790455814.3689792}
2026-09-26T23:50:14.370+03:00 [RX telemetry] {"data_b64":"ClRYIFVTRVIgc2VxPTE1IGZyYW0=","description":"ble:LoRa-Chatter-72E0 E0:72:A1:D5:4C:15","device_key":"ble-address:e0:72:a1:d5:4c:15","kind":"rx","seq":375,"session":"s2","stream":"telemetry","text":"\nTX USER seq=15 fram","timestamp":1790455814.3690875}
2026-09-26T23:50:14.370+03:00 [RX telemetry] {"data_b64":"ZT0xM0IgdXNlcj0xQiBhdHRlbXA=","description":"ble:LoRa-Chatter-72E0 E0:72:A1:D5:4C:15","device_key":"ble-address:e0:72:a1:d5:4c:15","kind":"rx","seq":376,"session":"s2","stream":"telemetry","text":"e=13B user=1B attemp","timestamp":1790455814.3698163}
2026-09-26T23:50:14.373+03:00 [RX telemetry] {"data_b64":"dD0xLzUgT0sgdGltZT0xMyBtcwo=","description":"ble:LoRa-Chatter-72E0 E0:72:A1:D5:4C:15","device_key":"ble-address:e0:72:a1:d5:4c:15","kind":"rx","seq":377,"session":"s2","stream":"telemetry","text":"t=1/5 OK time=13 ms\n","timestamp":1790455814.3732543}
2026-09-26T23:50:14.374+03:00 [RX chat] {"data_b64":"PiBCCg==","description":"ble:LoRa-Chatter-72E0 E0:72:A1:D5:4C:15","device_key":"ble-address:e0:72:a1:d5:4c:15","kind":"rx","seq":378,"session":"s2","stream":"chat","text":"> B\n","timestamp":1790455814.3741963}
2026-09-26T23:50:14.374+03:00 [RX telemetry] {"data_b64":"REVMSVZFUlkgV0FJVF9BQ0sgdXM=","description":"ble:LoRa-Chatter-72E0 E0:72:A1:D5:4C:15","device_key":"ble-address:e0:72:a1:d5:4c:15","kind":"rx","seq":379,"session":"s2","stream":"telemetry","text":"DELIVERY WAIT_ACK us","timestamp":1790455814.3745425}
2026-09-26T23:50:14.375+03:00 [RX telemetry] {"data_b64":"ZXI9QTI0Ri8xNSBhdHRlbXB0PTE=","description":"ble:LoRa-Chatter-72E0 E0:72:A1:D5:4C:15","device_key":"ble-address:e0:72:a1:d5:4c:15","kind":"rx","seq":380,"session":"s2","stream":"telemetry","text":"er=A24F/15 attempt=1","timestamp":1790455814.374604}
2026-09-26T23:50:14.375+03:00 [RX telemetry] {"data_b64":"LzUgdGltZW91dD03MTJtcyBxdWU=","description":"ble:LoRa-Chatter-72E0 E0:72:A1:D5:4C:15","device_key":"ble-address:e0:72:a1:d5:4c:15","kind":"rx","seq":381,"session":"s2","stream":"telemetry","text":"/5 timeout=712ms que","timestamp":1790455814.375144}
2026-09-26T23:50:14.375+03:00 [RX telemetry] {"data_b64":"dWU9MAo=","description":"ble:LoRa-Chatter-72E0 E0:72:A1:D5:4C:15","device_key":"ble-address:e0:72:a1:d5:4c:15","kind":"rx","seq":382,"session":"s2","stream":"telemetry","text":"ue=0\n","timestamp":1790455814.3751862}
2026-09-26T23:50:14.543+03:00 [RX telemetry] {"data_b64":"ClRYIEFDSyBzZXE9MTEgYWNrX3Q=","description":"ble:LoRa-Chatter-1B44 44:1B:F6:8D:B7:A9","device_key":"ble-address:44:1b:f6:8d:b7:a9","kind":"rx","seq":476,"session":"s1","stream":"telemetry","text":"\nTX ACK seq=11 ack_t","timestamp":1790455814.542918}
2026-09-26T23:50:14.543+03:00 [RX telemetry] {"data_b64":"bz1BMjRGLzE1IGZyYW1lPTE0QiA=","description":"ble:LoRa-Chatter-1B44 44:1B:F6:8D:B7:A9","device_key":"ble-address:44:1b:f6:8d:b7:a9","kind":"rx","seq":477,"session":"s1","stream":"telemetry","text":"o=A24F/15 frame=14B ","timestamp":1790455814.5430672}
2026-09-26T23:50:14.544+03:00 [RX telemetry] {"data_b64":"T0sgdGltZT0xMyBtcyBndWFyZD0=","description":"ble:LoRa-Chatter-1B44 44:1B:F6:8D:B7:A9","device_key":"ble-address:44:1b:f6:8d:b7:a9","kind":"rx","seq":478,"session":"s1","stream":"telemetry","text":"OK time=13 ms guard=","timestamp":1790455814.5444007}
2026-09-26T23:50:14.548+03:00 [RX telemetry] {"data_b64":"UEVFUl9SRVBPUlQgb3VyX3NlcT0=","description":"ble:LoRa-Chatter-72E0 E0:72:A1:D5:4C:15","device_key":"ble-address:e0:72:a1:d5:4c:15","kind":"rx","seq":383,"session":"s2","stream":"telemetry","text":"PEER_REPORT our_seq=","timestamp":1790455814.5472066}
2026-09-26T23:50:14.549+03:00 [RX telemetry] {"data_b64":"MTUgVFg9LTM3LzYgUTEwMAo=","description":"ble:LoRa-Chatter-72E0 E0:72:A1:D5:4C:15","device_key":"ble-address:e0:72:a1:d5:4c:15","kind":"rx","seq":384,"session":"s2","stream":"telemetry","text":"15 TX=-37/6 Q100\n","timestamp":1790455814.5487015}
2026-09-26T23:50:14.550+03:00 [RX telemetry] {"data_b64":"ClJYIEFDSyBzZXNzaW9uPTBCQzc=","description":"ble:LoRa-Chatter-72E0 E0:72:A1:D5:4C:15","device_key":"ble-address:e0:72:a1:d5:4c:15","kind":"rx","seq":385,"session":"s2","stream":"telemetry","text":"\nRX ACK session=0BC7","timestamp":1790455814.550082}
2026-09-26T23:50:14.550+03:00 [RX telemetry] {"data_b64":"IHNlcT0xMSBhY2tfdG89QTI0Ri8=","description":"ble:LoRa-Chatter-72E0 E0:72:A1:D5:4C:15","device_key":"ble-address:e0:72:a1:d5:4c:15","kind":"rx","seq":386,"session":"s2","stream":"telemetry","text":" seq=11 ack_to=A24F/","timestamp":1790455814.5501823}
2026-09-26T23:50:14.551+03:00 [RX telemetry] {"data_b64":"MTUgZnJhbWU9MTRCIFJYPS00MS8=","description":"ble:LoRa-Chatter-72E0 E0:72:A1:D5:4C:15","device_key":"ble-address:e0:72:a1:d5:4c:15","kind":"rx","seq":387,"session":"s2","stream":"telemetry","text":"15 frame=14B RX=-41/","timestamp":1790455814.550226}
2026-09-26T23:50:14.551+03:00 [RX telemetry] {"data_b64":"NSBRMTAwCg==","description":"ble:LoRa-Chatter-72E0 E0:72:A1:D5:4C:15","device_key":"ble-address:e0:72:a1:d5:4c:15","kind":"rx","seq":388,"session":"s2","stream":"telemetry","text":"5 Q100\n","timestamp":1790455814.5514944}
2026-09-26T23:50:14.553+03:00 [RX telemetry] {"data_b64":"REVMSVZFUlkgQUNLIHVzZXI9QTI=","description":"ble:LoRa-Chatter-72E0 E0:72:A1:D5:4C:15","device_key":"ble-address:e0:72:a1:d5:4c:15","kind":"rx","seq":389,"session":"s2","stream":"telemetry","text":"DELIVERY ACK user=A2","timestamp":1790455814.5524242}
2026-09-26T23:50:14.553+03:00 [RX telemetry] {"data_b64":"NEYvMTUgYXR0ZW1wdHM9MS81IGU=","description":"ble:LoRa-Chatter-72E0 E0:72:A1:D5:4C:15","device_key":"ble-address:e0:72:a1:d5:4c:15","kind":"rx","seq":390,"session":"s2","stream":"telemetry","text":"4F/15 attempts=1/5 e","timestamp":1790455814.5532074}
2026-09-26T23:50:14.554+03:00 [RX telemetry] {"data_b64":"bGFwc2VkPTIyMm1zIHF1ZXVlPTA=","description":"ble:LoRa-Chatter-72E0 E0:72:A1:D5:4C:15","device_key":"ble-address:e0:72:a1:d5:4c:15","kind":"rx","seq":391,"session":"s2","stream":"telemetry","text":"lapsed=222ms queue=0","timestamp":1790455814.5540893}
2026-09-26T23:50:14.554+03:00 [RX telemetry] {"data_b64":"Cg==","description":"ble:LoRa-Chatter-72E0 E0:72:A1:D5:4C:15","device_key":"ble-address:e0:72:a1:d5:4c:15","kind":"rx","seq":392,"session":"s2","stream":"telemetry","text":"\n","timestamp":1790455814.5541518}
2026-09-26T23:50:14.588+03:00 [RX telemetry] {"data_b64":"NTAwbXMK","description":"ble:LoRa-Chatter-1B44 44:1B:F6:8D:B7:A9","device_key":"ble-address:44:1b:f6:8d:b7:a9","kind":"rx","seq":479,"session":"s1","stream":"telemetry","text":"500ms\n","timestamp":1790455814.5878801}
2026-09-26T23:50:15.347+03:00 [AGENT REQUEST] {"id":67,"op":"observe","cursors":{"s1":468,"s2":369},"timeout_ms":5000}
2026-09-26T23:50:15.349+03:00 [AGENT RESPONSE] {"id":67,"ok":true,"result":{"cursors":{"s1":479,"s2":392},"lines":[{"seq_first":469,"seq_last":470,"session":"s1","stream":"telemetry","text":"PEER_REPORT our_seq=10 TX=-43/6 Q100"},{"seq_first":471,"seq_last":471,"session":"s1","stream":"telemetry","text":""},{"seq_first":471,"seq_last":474,"session":"s1","stream":"telemetry","text":"RX USER session=A24F seq=15 frame=13B user=1B RX=-37/6 Q100 disposition=0"},{"seq_first":475,"seq_last":475,"session":"s1","stream":"chat","text":"< [-37/6 Q100] B"},{"seq_first":372,"seq_last":374,"session":"s2","stream":"telemetry","text":"DELIVERY QUEUED source=2 bytes=1 waiting=1/8 in_flight=0"},{"seq_first":375,"seq_last":375,"session":"s2","stream":"telemetry","text":""},{"seq_first":375,"seq_last":377,"session":"s2","stream":"telemetry","text":"TX USER seq=15 frame=13B user=1B attempt=1/5 OK time=13 ms"},{"seq_first":378,"seq_last":378,"session":"s2","stream":"chat","text":"> B"},{"seq_first":379,"seq_last":382,"session":"s2","stream":"telemetry","text":"DELIVERY WAIT_ACK user=A24F/15 attempt=1/5 timeout=712ms queue=0"},{"seq_first":476,"seq_last":476,"session":"s1","stream":"telemetry","text":""},{"seq_first":383,"seq_last":384,"session":"s2","stream":"telemetry","text":"PEER_REPORT our_seq=15 TX=-37/6 Q100"},{"seq_first":385,"seq_last":385,"session":"s2","stream":"telemetry","text":""},{"seq_first":385,"seq_last":388,"session":"s2","stream":"telemetry","text":"RX ACK session=0BC7 seq=11 ack_to=A24F/15 frame=14B RX=-41/5 Q100"},{"seq_first":389,"seq_last":392,"session":"s2","stream":"telemetry","text":"DELIVERY ACK user=A24F/15 attempts=1/5 elapsed=222ms queue=0"},{"seq_first":476,"seq_last":479,"session":"s1","stream":"telemetry","text":"TX ACK seq=11 ack_to=A24F/15 frame=14B OK time=13 ms guard=500ms"}],"timed_out":false}}
2026-09-26T23:50:16.450+03:00 [AGENT REQUEST] {"id":68,"op":"send_line","session":"s2","text":"B"}
2026-09-26T23:50:16.451+03:00 [TX] {"data_b64":"Qgo=","device_key":"ble-address:e0:72:a1:d5:4c:15","kind":"tx","seq":393,"session":"s2","text":"B","timestamp":1790455816.45079,"tx_id":15,"tx_state":"queued"}
2026-09-26T23:50:16.451+03:00 [AGENT RESPONSE] {"id":68,"ok":true,"result":{"state":"queued","tx_id":15}}
2026-09-26T23:50:16.451+03:00 [TX] {"data_b64":"Qgo=","description":"ble:LoRa-Chatter-72E0 E0:72:A1:D5:4C:15","device_key":"ble-address:e0:72:a1:d5:4c:15","kind":"tx","seq":394,"session":"s2","text":"B","timestamp":1790455816.451628,"tx_id":15,"tx_state":"written"}
2026-09-26T23:50:16.566+03:00 [RX telemetry] {"data_b64":"UEVFUl9SRVBPUlQgb3VyX3NlcT0=","description":"ble:LoRa-Chatter-1B44 44:1B:F6:8D:B7:A9","device_key":"ble-address:44:1b:f6:8d:b7:a9","kind":"rx","seq":480,"session":"s1","stream":"telemetry","text":"PEER_REPORT our_seq=","timestamp":1790455816.566256}
2026-09-26T23:50:16.566+03:00 [RX telemetry] {"data_b64":"MTEgVFg9LTQxLzUgUTEwMAo=","description":"ble:LoRa-Chatter-1B44 44:1B:F6:8D:B7:A9","device_key":"ble-address:44:1b:f6:8d:b7:a9","kind":"rx","seq":481,"session":"s1","stream":"telemetry","text":"11 TX=-41/5 Q100\n","timestamp":1790455816.566719}
2026-09-26T23:50:16.613+03:00 [RX telemetry] {"data_b64":"ClJYIFVTRVIgc2Vzc2lvbj1BMjQ=","description":"ble:LoRa-Chatter-1B44 44:1B:F6:8D:B7:A9","device_key":"ble-address:44:1b:f6:8d:b7:a9","kind":"rx","seq":482,"session":"s1","stream":"telemetry","text":"\nRX USER session=A24","timestamp":1790455816.61245}
2026-09-26T23:50:16.613+03:00 [RX telemetry] {"data_b64":"RiBzZXE9MTYgZnJhbWU9MTNCIHU=","description":"ble:LoRa-Chatter-1B44 44:1B:F6:8D:B7:A9","device_key":"ble-address:44:1b:f6:8d:b7:a9","kind":"rx","seq":483,"session":"s1","stream":"telemetry","text":"F seq=16 frame=13B u","timestamp":1790455816.6127264}
2026-09-26T23:50:16.613+03:00 [RX telemetry] {"data_b64":"c2VyPTFCIFJYPS0zNi8xIFExMDA=","description":"ble:LoRa-Chatter-1B44 44:1B:F6:8D:B7:A9","device_key":"ble-address:44:1b:f6:8d:b7:a9","kind":"rx","seq":484,"session":"s1","stream":"telemetry","text":"ser=1B RX=-36/1 Q100","timestamp":1790455816.6128912}
2026-09-26T23:50:16.614+03:00 [RX telemetry] {"data_b64":"IGRpc3Bvc2l0aW9uPTAK","description":"ble:LoRa-Chatter-1B44 44:1B:F6:8D:B7:A9","device_key":"ble-address:44:1b:f6:8d:b7:a9","kind":"rx","seq":485,"session":"s1","stream":"telemetry","text":" disposition=0\n","timestamp":1790455816.6141202}
2026-09-26T23:50:16.614+03:00 [RX chat] {"data_b64":"PCBbLTM2LzEgUTEwMF0gQgo=","description":"ble:LoRa-Chatter-1B44 44:1B:F6:8D:B7:A9","device_key":"ble-address:44:1b:f6:8d:b7:a9","kind":"rx","seq":486,"session":"s1","stream":"chat","text":"< [-36/1 Q100] B\n","timestamp":1790455816.614177}
2026-09-26T23:50:16.664+03:00 [RX telemetry] {"data_b64":"REVMSVZFUlkgUVVFVUVEIHNvdXI=","description":"ble:LoRa-Chatter-72E0 E0:72:A1:D5:4C:15","device_key":"ble-address:e0:72:a1:d5:4c:15","kind":"rx","seq":395,"session":"s2","stream":"telemetry","text":"DELIVERY QUEUED sour","timestamp":1790455816.6642623}
2026-09-26T23:50:16.665+03:00 [RX telemetry] {"data_b64":"Y2U9MiBieXRlcz0xIHdhaXRpbmc=","description":"ble:LoRa-Chatter-72E0 E0:72:A1:D5:4C:15","device_key":"ble-address:e0:72:a1:d5:4c:15","kind":"rx","seq":396,"session":"s2","stream":"telemetry","text":"ce=2 bytes=1 waiting","timestamp":1790455816.6643467}
2026-09-26T23:50:16.665+03:00 [RX telemetry] {"data_b64":"PTEvOCBpbl9mbGlnaHQ9MAo=","description":"ble:LoRa-Chatter-72E0 E0:72:A1:D5:4C:15","device_key":"ble-address:e0:72:a1:d5:4c:15","kind":"rx","seq":397,"session":"s2","stream":"telemetry","text":"=1/8 in_flight=0\n","timestamp":1790455816.6643894}
2026-09-26T23:50:16.665+03:00 [RX telemetry] {"data_b64":"ClRYIFVTRVIgc2VxPTE2IGZyYW0=","description":"ble:LoRa-Chatter-72E0 E0:72:A1:D5:4C:15","device_key":"ble-address:e0:72:a1:d5:4c:15","kind":"rx","seq":398,"session":"s2","stream":"telemetry","text":"\nTX USER seq=16 fram","timestamp":1790455816.6644423}
2026-09-26T23:50:16.665+03:00 [RX telemetry] {"data_b64":"ZT0xM0IgdXNlcj0xQiBhdHRlbXA=","description":"ble:LoRa-Chatter-72E0 E0:72:A1:D5:4C:15","device_key":"ble-address:e0:72:a1:d5:4c:15","kind":"rx","seq":399,"session":"s2","stream":"telemetry","text":"e=13B user=1B attemp","timestamp":1790455816.6651206}
2026-09-26T23:50:16.665+03:00 [RX telemetry] {"data_b64":"dD0xLzUgT0sgdGltZT0xMyBtcwo=","description":"ble:LoRa-Chatter-72E0 E0:72:A1:D5:4C:15","device_key":"ble-address:e0:72:a1:d5:4c:15","kind":"rx","seq":400,"session":"s2","stream":"telemetry","text":"t=1/5 OK time=13 ms\n","timestamp":1790455816.6651638}
2026-09-26T23:50:16.665+03:00 [RX chat] {"data_b64":"PiBCCg==","description":"ble:LoRa-Chatter-72E0 E0:72:A1:D5:4C:15","device_key":"ble-address:e0:72:a1:d5:4c:15","kind":"rx","seq":401,"session":"s2","stream":"chat","text":"> B\n","timestamp":1790455816.665197}
2026-09-26T23:50:16.666+03:00 [RX telemetry] {"data_b64":"REVMSVZFUlkgV0FJVF9BQ0sgdXM=","description":"ble:LoRa-Chatter-72E0 E0:72:A1:D5:4C:15","device_key":"ble-address:e0:72:a1:d5:4c:15","kind":"rx","seq":402,"session":"s2","stream":"telemetry","text":"DELIVERY WAIT_ACK us","timestamp":1790455816.666177}
2026-09-26T23:50:16.666+03:00 [RX telemetry] {"data_b64":"ZXI9QTI0Ri8xNiBhdHRlbXB0PTE=","description":"ble:LoRa-Chatter-72E0 E0:72:A1:D5:4C:15","device_key":"ble-address:e0:72:a1:d5:4c:15","kind":"rx","seq":403,"session":"s2","stream":"telemetry","text":"er=A24F/16 attempt=1","timestamp":1790455816.6665294}
2026-09-26T23:50:16.666+03:00 [RX telemetry] {"data_b64":"LzUgdGltZW91dD03MTJtcyBxdWU=","description":"ble:LoRa-Chatter-72E0 E0:72:A1:D5:4C:15","device_key":"ble-address:e0:72:a1:d5:4c:15","kind":"rx","seq":404,"session":"s2","stream":"telemetry","text":"/5 timeout=712ms que","timestamp":1790455816.6665668}
2026-09-26T23:50:16.666+03:00 [RX telemetry] {"data_b64":"dWU9MAo=","description":"ble:LoRa-Chatter-72E0 E0:72:A1:D5:4C:15","device_key":"ble-address:e0:72:a1:d5:4c:15","kind":"rx","seq":405,"session":"s2","stream":"telemetry","text":"ue=0\n","timestamp":1790455816.6667573}
2026-09-26T23:50:16.798+03:00 [RX telemetry] {"data_b64":"UEVFUl9SRVBPUlQgb3VyX3NlcT0=","description":"ble:LoRa-Chatter-72E0 E0:72:A1:D5:4C:15","device_key":"ble-address:e0:72:a1:d5:4c:15","kind":"rx","seq":406,"session":"s2","stream":"telemetry","text":"PEER_REPORT our_seq=","timestamp":1790455816.7981095}
2026-09-26T23:50:16.799+03:00 [RX telemetry] {"data_b64":"MTYgVFg9LTM2LzEgUTEwMAo=","description":"ble:LoRa-Chatter-72E0 E0:72:A1:D5:4C:15","device_key":"ble-address:e0:72:a1:d5:4c:15","kind":"rx","seq":407,"session":"s2","stream":"telemetry","text":"16 TX=-36/1 Q100\n","timestamp":1790455816.7982407}
2026-09-26T23:50:16.800+03:00 [RX telemetry] {"data_b64":"ClJYIEFDSyBzZXNzaW9uPTBCQzc=","description":"ble:LoRa-Chatter-72E0 E0:72:A1:D5:4C:15","device_key":"ble-address:e0:72:a1:d5:4c:15","kind":"rx","seq":408,"session":"s2","stream":"telemetry","text":"\nRX ACK session=0BC7","timestamp":1790455816.799203}
2026-09-26T23:50:16.800+03:00 [RX telemetry] {"data_b64":"IHNlcT0xMiBhY2tfdG89QTI0Ri8=","description":"ble:LoRa-Chatter-72E0 E0:72:A1:D5:4C:15","device_key":"ble-address:e0:72:a1:d5:4c:15","kind":"rx","seq":409,"session":"s2","stream":"telemetry","text":" seq=12 ack_to=A24F/","timestamp":1790455816.7998285}
2026-09-26T23:50:16.801+03:00 [RX telemetry] {"data_b64":"MTYgZnJhbWU9MTRCIFJYPS00MC8=","description":"ble:LoRa-Chatter-72E0 E0:72:A1:D5:4C:15","device_key":"ble-address:e0:72:a1:d5:4c:15","kind":"rx","seq":410,"session":"s2","stream":"telemetry","text":"16 frame=14B RX=-40/","timestamp":1790455816.8007066}
2026-09-26T23:50:16.802+03:00 [RX telemetry] {"data_b64":"NiBRMTAwCg==","description":"ble:LoRa-Chatter-72E0 E0:72:A1:D5:4C:15","device_key":"ble-address:e0:72:a1:d5:4c:15","kind":"rx","seq":411,"session":"s2","stream":"telemetry","text":"6 Q100\n","timestamp":1790455816.8008032}
2026-09-26T23:50:16.802+03:00 [RX telemetry] {"data_b64":"REVMSVZFUlkgQUNLIHVzZXI9QTI=","description":"ble:LoRa-Chatter-72E0 E0:72:A1:D5:4C:15","device_key":"ble-address:e0:72:a1:d5:4c:15","kind":"rx","seq":412,"session":"s2","stream":"telemetry","text":"DELIVERY ACK user=A2","timestamp":1790455816.8011117}
2026-09-26T23:50:16.803+03:00 [RX telemetry] {"data_b64":"NEYvMTYgYXR0ZW1wdHM9MS81IGU=","description":"ble:LoRa-Chatter-72E0 E0:72:A1:D5:4C:15","device_key":"ble-address:e0:72:a1:d5:4c:15","kind":"rx","seq":413,"session":"s2","stream":"telemetry","text":"4F/16 attempts=1/5 e","timestamp":1790455816.8019626}
2026-09-26T23:50:16.803+03:00 [RX telemetry] {"data_b64":"bGFwc2VkPTIyMm1zIHF1ZXVlPTA=","description":"ble:LoRa-Chatter-72E0 E0:72:A1:D5:4C:15","device_key":"ble-address:e0:72:a1:d5:4c:15","kind":"rx","seq":414,"session":"s2","stream":"telemetry","text":"lapsed=222ms queue=0","timestamp":1790455816.8032582}
2026-09-26T23:50:16.804+03:00 [RX telemetry] {"data_b64":"Cg==","description":"ble:LoRa-Chatter-72E0 E0:72:A1:D5:4C:15","device_key":"ble-address:e0:72:a1:d5:4c:15","kind":"rx","seq":415,"session":"s2","stream":"telemetry","text":"\n","timestamp":1790455816.8040733}
2026-09-26T23:50:16.837+03:00 [RX telemetry] {"data_b64":"ClRYIEFDSyBzZXE9MTIgYWNrX3Q=","description":"ble:LoRa-Chatter-1B44 44:1B:F6:8D:B7:A9","device_key":"ble-address:44:1b:f6:8d:b7:a9","kind":"rx","seq":487,"session":"s1","stream":"telemetry","text":"\nTX ACK seq=12 ack_t","timestamp":1790455816.8371189}
2026-09-26T23:50:16.838+03:00 [RX telemetry] {"data_b64":"bz1BMjRGLzE2IGZyYW1lPTE0QiA=","description":"ble:LoRa-Chatter-1B44 44:1B:F6:8D:B7:A9","device_key":"ble-address:44:1b:f6:8d:b7:a9","kind":"rx","seq":488,"session":"s1","stream":"telemetry","text":"o=A24F/16 frame=14B ","timestamp":1790455816.8372312}
2026-09-26T23:50:16.838+03:00 [RX telemetry] {"data_b64":"T0sgdGltZT0xMyBtcyBndWFyZD0=","description":"ble:LoRa-Chatter-1B44 44:1B:F6:8D:B7:A9","device_key":"ble-address:44:1b:f6:8d:b7:a9","kind":"rx","seq":489,"session":"s1","stream":"telemetry","text":"OK time=13 ms guard=","timestamp":1790455816.838688}
2026-09-26T23:50:16.885+03:00 [RX telemetry] {"data_b64":"NTAwbXMK","description":"ble:LoRa-Chatter-1B44 44:1B:F6:8D:B7:A9","device_key":"ble-address:44:1b:f6:8d:b7:a9","kind":"rx","seq":490,"session":"s1","stream":"telemetry","text":"500ms\n","timestamp":1790455816.884289}
2026-09-26T23:50:17.553+03:00 [AGENT REQUEST] {"id":69,"op":"observe","cursors":{"s1":479,"s2":392},"timeout_ms":5000}
2026-09-26T23:50:17.554+03:00 [AGENT RESPONSE] {"id":69,"ok":true,"result":{"cursors":{"s1":490,"s2":415},"lines":[{"seq_first":480,"seq_last":481,"session":"s1","stream":"telemetry","text":"PEER_REPORT our_seq=11 TX=-41/5 Q100"},{"seq_first":482,"seq_last":482,"session":"s1","stream":"telemetry","text":""},{"seq_first":482,"seq_last":485,"session":"s1","stream":"telemetry","text":"RX USER session=A24F seq=16 frame=13B user=1B RX=-36/1 Q100 disposition=0"},{"seq_first":486,"seq_last":486,"session":"s1","stream":"chat","text":"< [-36/1 Q100] B"},{"seq_first":395,"seq_last":397,"session":"s2","stream":"telemetry","text":"DELIVERY QUEUED source=2 bytes=1 waiting=1/8 in_flight=0"},{"seq_first":398,"seq_last":398,"session":"s2","stream":"telemetry","text":""},{"seq_first":398,"seq_last":400,"session":"s2","stream":"telemetry","text":"TX USER seq=16 frame=13B user=1B attempt=1/5 OK time=13 ms"},{"seq_first":401,"seq_last":401,"session":"s2","stream":"chat","text":"> B"},{"seq_first":402,"seq_last":405,"session":"s2","stream":"telemetry","text":"DELIVERY WAIT_ACK user=A24F/16 attempt=1/5 timeout=712ms queue=0"},{"seq_first":406,"seq_last":407,"session":"s2","stream":"telemetry","text":"PEER_REPORT our_seq=16 TX=-36/1 Q100"},{"seq_first":408,"seq_last":408,"session":"s2","stream":"telemetry","text":""},{"seq_first":408,"seq_last":411,"session":"s2","stream":"telemetry","text":"RX ACK session=0BC7 seq=12 ack_to=A24F/16 frame=14B RX=-40/6 Q100"},{"seq_first":412,"seq_last":415,"session":"s2","stream":"telemetry","text":"DELIVERY ACK user=A24F/16 attempts=1/5 elapsed=222ms queue=0"},{"seq_first":487,"seq_last":487,"session":"s1","stream":"telemetry","text":""},{"seq_first":487,"seq_last":490,"session":"s1","stream":"telemetry","text":"TX ACK seq=12 ack_to=A24F/16 frame=14B OK time=13 ms guard=500ms"}],"timed_out":false}}
2026-09-26T23:50:18.657+03:00 [AGENT REQUEST] {"id":70,"op":"send_line","session":"s2","text":"B"}
2026-09-26T23:50:18.658+03:00 [AGENT RESPONSE] {"id":70,"ok":true,"result":{"state":"queued","tx_id":16}}
2026-09-26T23:50:18.659+03:00 [TX] {"data_b64":"Qgo=","device_key":"ble-address:e0:72:a1:d5:4c:15","kind":"tx","seq":416,"session":"s2","text":"B","timestamp":1790455818.6578434,"tx_id":16,"tx_state":"queued"}
2026-09-26T23:50:18.660+03:00 [TX] {"data_b64":"Qgo=","description":"ble:LoRa-Chatter-72E0 E0:72:A1:D5:4C:15","device_key":"ble-address:e0:72:a1:d5:4c:15","kind":"tx","seq":417,"session":"s2","text":"B","timestamp":1790455818.6601422,"tx_id":16,"tx_state":"written"}
2026-09-26T23:50:18.726+03:00 [RX telemetry] {"data_b64":"UEVFUl9SRVBPUlQgb3VyX3NlcT0=","description":"ble:LoRa-Chatter-1B44 44:1B:F6:8D:B7:A9","device_key":"ble-address:44:1b:f6:8d:b7:a9","kind":"rx","seq":491,"session":"s1","stream":"telemetry","text":"PEER_REPORT our_seq=","timestamp":1790455818.7262132}
2026-09-26T23:50:18.726+03:00 [RX telemetry] {"data_b64":"MTIgVFg9LTQwLzYgUTEwMAo=","description":"ble:LoRa-Chatter-1B44 44:1B:F6:8D:B7:A9","device_key":"ble-address:44:1b:f6:8d:b7:a9","kind":"rx","seq":492,"session":"s1","stream":"telemetry","text":"12 TX=-40/6 Q100\n","timestamp":1790455818.7262726}
2026-09-26T23:50:18.730+03:00 [RX telemetry] {"data_b64":"ClJYIFVTRVIgc2Vzc2lvbj1BMjQ=","description":"ble:LoRa-Chatter-1B44 44:1B:F6:8D:B7:A9","device_key":"ble-address:44:1b:f6:8d:b7:a9","kind":"rx","seq":493,"session":"s1","stream":"telemetry","text":"\nRX USER session=A24","timestamp":1790455818.7303228}
2026-09-26T23:50:18.772+03:00 [RX telemetry] {"data_b64":"RiBzZXE9MTcgZnJhbWU9MTNCIHU=","description":"ble:LoRa-Chatter-1B44 44:1B:F6:8D:B7:A9","device_key":"ble-address:44:1b:f6:8d:b7:a9","kind":"rx","seq":494,"session":"s1","stream":"telemetry","text":"F seq=17 frame=13B u","timestamp":1790455818.7719631}
2026-09-26T23:50:18.772+03:00 [RX telemetry] {"data_b64":"c2VyPTFCIFJYPS0zOC8wIFExMDA=","description":"ble:LoRa-Chatter-1B44 44:1B:F6:8D:B7:A9","device_key":"ble-address:44:1b:f6:8d:b7:a9","kind":"rx","seq":495,"session":"s1","stream":"telemetry","text":"ser=1B RX=-38/0 Q100","timestamp":1790455818.772075}
2026-09-26T23:50:18.774+03:00 [RX telemetry] {"data_b64":"IGRpc3Bvc2l0aW9uPTAK","description":"ble:LoRa-Chatter-1B44 44:1B:F6:8D:B7:A9","device_key":"ble-address:44:1b:f6:8d:b7:a9","kind":"rx","seq":496,"session":"s1","stream":"telemetry","text":" disposition=0\n","timestamp":1790455818.77373}
2026-09-26T23:50:18.775+03:00 [RX chat] {"data_b64":"PCBbLTM4LzAgUTEwMF0gQgo=","description":"ble:LoRa-Chatter-1B44 44:1B:F6:8D:B7:A9","device_key":"ble-address:44:1b:f6:8d:b7:a9","kind":"rx","seq":497,"session":"s1","stream":"chat","text":"< [-38/0 Q100] B\n","timestamp":1790455818.7740364}
2026-09-26T23:50:18.776+03:00 [RX telemetry] {"data_b64":"REVMSVZFUlkgUVVFVUVEIHNvdXI=","description":"ble:LoRa-Chatter-72E0 E0:72:A1:D5:4C:15","device_key":"ble-address:e0:72:a1:d5:4c:15","kind":"rx","seq":418,"session":"s2","stream":"telemetry","text":"DELIVERY QUEUED sour","timestamp":1790455818.7763574}
2026-09-26T23:50:18.777+03:00 [RX telemetry] {"data_b64":"Y2U9MiBieXRlcz0xIHdhaXRpbmc=","description":"ble:LoRa-Chatter-72E0 E0:72:A1:D5:4C:15","device_key":"ble-address:e0:72:a1:d5:4c:15","kind":"rx","seq":419,"session":"s2","stream":"telemetry","text":"ce=2 bytes=1 waiting","timestamp":1790455818.7771084}
2026-09-26T23:50:18.778+03:00 [RX telemetry] {"data_b64":"PTEvOCBpbl9mbGlnaHQ9MAo=","description":"ble:LoRa-Chatter-72E0 E0:72:A1:D5:4C:15","device_key":"ble-address:e0:72:a1:d5:4c:15","kind":"rx","seq":420,"session":"s2","stream":"telemetry","text":"=1/8 in_flight=0\n","timestamp":1790455818.77832}
2026-09-26T23:50:18.779+03:00 [RX telemetry] {"data_b64":"ClRYIFVTRVIgc2VxPTE3IGZyYW0=","description":"ble:LoRa-Chatter-72E0 E0:72:A1:D5:4C:15","device_key":"ble-address:e0:72:a1:d5:4c:15","kind":"rx","seq":421,"session":"s2","stream":"telemetry","text":"\nTX USER seq=17 fram","timestamp":1790455818.779251}
2026-09-26T23:50:18.779+03:00 [RX telemetry] {"data_b64":"ZT0xM0IgdXNlcj0xQiBhdHRlbXA=","description":"ble:LoRa-Chatter-72E0 E0:72:A1:D5:4C:15","device_key":"ble-address:e0:72:a1:d5:4c:15","kind":"rx","seq":422,"session":"s2","stream":"telemetry","text":"e=13B user=1B attemp","timestamp":1790455818.779323}
2026-09-26T23:50:18.780+03:00 [RX telemetry] {"data_b64":"dD0xLzUgT0sgdGltZT0xMyBtcwo=","description":"ble:LoRa-Chatter-72E0 E0:72:A1:D5:4C:15","device_key":"ble-address:e0:72:a1:d5:4c:15","kind":"rx","seq":423,"session":"s2","stream":"telemetry","text":"t=1/5 OK time=13 ms\n","timestamp":1790455818.7802553}
2026-09-26T23:50:18.781+03:00 [RX chat] {"data_b64":"PiBCCg==","description":"ble:LoRa-Chatter-72E0 E0:72:A1:D5:4C:15","device_key":"ble-address:e0:72:a1:d5:4c:15","kind":"rx","seq":424,"session":"s2","stream":"chat","text":"> B\n","timestamp":1790455818.7810059}
2026-09-26T23:50:18.782+03:00 [RX telemetry] {"data_b64":"REVMSVZFUlkgV0FJVF9BQ0sgdXM=","description":"ble:LoRa-Chatter-72E0 E0:72:A1:D5:4C:15","device_key":"ble-address:e0:72:a1:d5:4c:15","kind":"rx","seq":425,"session":"s2","stream":"telemetry","text":"DELIVERY WAIT_ACK us","timestamp":1790455818.7819161}
2026-09-26T23:50:18.783+03:00 [RX telemetry] {"data_b64":"ZXI9QTI0Ri8xNyBhdHRlbXB0PTE=","description":"ble:LoRa-Chatter-72E0 E0:72:A1:D5:4C:15","device_key":"ble-address:e0:72:a1:d5:4c:15","kind":"rx","seq":426,"session":"s2","stream":"telemetry","text":"er=A24F/17 attempt=1","timestamp":1790455818.7827387}
2026-09-26T23:50:18.783+03:00 [RX telemetry] {"data_b64":"LzUgdGltZW91dD03MTJtcyBxdWU=","description":"ble:LoRa-Chatter-72E0 E0:72:A1:D5:4C:15","device_key":"ble-address:e0:72:a1:d5:4c:15","kind":"rx","seq":427,"session":"s2","stream":"telemetry","text":"/5 timeout=712ms que","timestamp":1790455818.7828398}
2026-09-26T23:50:18.784+03:00 [RX telemetry] {"data_b64":"dWU9MAo=","description":"ble:LoRa-Chatter-72E0 E0:72:A1:D5:4C:15","device_key":"ble-address:e0:72:a1:d5:4c:15","kind":"rx","seq":428,"session":"s2","stream":"telemetry","text":"ue=0\n","timestamp":1790455818.7837648}
2026-09-26T23:50:18.952+03:00 [RX telemetry] {"data_b64":"ClRYIEFDSyBzZXE9MTMgYWNrX3Q=","description":"ble:LoRa-Chatter-1B44 44:1B:F6:8D:B7:A9","device_key":"ble-address:44:1b:f6:8d:b7:a9","kind":"rx","seq":498,"session":"s1","stream":"telemetry","text":"\nTX ACK seq=13 ack_t","timestamp":1790455818.9522357}
2026-09-26T23:50:18.953+03:00 [RX telemetry] {"data_b64":"bz1BMjRGLzE3IGZyYW1lPTE0QiA=","description":"ble:LoRa-Chatter-1B44 44:1B:F6:8D:B7:A9","device_key":"ble-address:44:1b:f6:8d:b7:a9","kind":"rx","seq":499,"session":"s1","stream":"telemetry","text":"o=A24F/17 frame=14B ","timestamp":1790455818.9523811}
2026-09-26T23:50:18.954+03:00 [RX telemetry] {"data_b64":"T0sgdGltZT0xMyBtcyBndWFyZD0=","description":"ble:LoRa-Chatter-1B44 44:1B:F6:8D:B7:A9","device_key":"ble-address:44:1b:f6:8d:b7:a9","kind":"rx","seq":500,"session":"s1","stream":"telemetry","text":"OK time=13 ms guard=","timestamp":1790455818.9545732}
2026-09-26T23:50:18.957+03:00 [RX telemetry] {"data_b64":"UEVFUl9SRVBPUlQgb3VyX3NlcT0=","description":"ble:LoRa-Chatter-72E0 E0:72:A1:D5:4C:15","device_key":"ble-address:e0:72:a1:d5:4c:15","kind":"rx","seq":429,"session":"s2","stream":"telemetry","text":"PEER_REPORT our_seq=","timestamp":1790455818.9575436}
2026-09-26T23:50:18.959+03:00 [RX telemetry] {"data_b64":"MTcgVFg9LTM4LzAgUTEwMAo=","description":"ble:LoRa-Chatter-72E0 E0:72:A1:D5:4C:15","device_key":"ble-address:e0:72:a1:d5:4c:15","kind":"rx","seq":430,"session":"s2","stream":"telemetry","text":"17 TX=-38/0 Q100\n","timestamp":1790455818.958721}
2026-09-26T23:50:18.960+03:00 [RX telemetry] {"data_b64":"ClJYIEFDSyBzZXNzaW9uPTBCQzc=","description":"ble:LoRa-Chatter-72E0 E0:72:A1:D5:4C:15","device_key":"ble-address:e0:72:a1:d5:4c:15","kind":"rx","seq":431,"session":"s2","stream":"telemetry","text":"\nRX ACK session=0BC7","timestamp":1790455818.9598775}
2026-09-26T23:50:18.960+03:00 [RX telemetry] {"data_b64":"IHNlcT0xMyBhY2tfdG89QTI0Ri8=","description":"ble:LoRa-Chatter-72E0 E0:72:A1:D5:4C:15","device_key":"ble-address:e0:72:a1:d5:4c:15","kind":"rx","seq":432,"session":"s2","stream":"telemetry","text":" seq=13 ack_to=A24F/","timestamp":1790455818.9600005}
2026-09-26T23:50:18.962+03:00 [RX telemetry] {"data_b64":"MTcgZnJhbWU9MTRCIFJYPS00NC8=","description":"ble:LoRa-Chatter-72E0 E0:72:A1:D5:4C:15","device_key":"ble-address:e0:72:a1:d5:4c:15","kind":"rx","seq":433,"session":"s2","stream":"telemetry","text":"17 frame=14B RX=-44/","timestamp":1790455818.9618413}
2026-09-26T23:50:18.964+03:00 [RX telemetry] {"data_b64":"NCBRMTAwCg==","description":"ble:LoRa-Chatter-72E0 E0:72:A1:D5:4C:15","device_key":"ble-address:e0:72:a1:d5:4c:15","kind":"rx","seq":434,"session":"s2","stream":"telemetry","text":"4 Q100\n","timestamp":1790455818.9632955}
2026-09-26T23:50:18.964+03:00 [RX telemetry] {"data_b64":"REVMSVZFUlkgQUNLIHVzZXI9QTI=","description":"ble:LoRa-Chatter-72E0 E0:72:A1:D5:4C:15","device_key":"ble-address:e0:72:a1:d5:4c:15","kind":"rx","seq":435,"session":"s2","stream":"telemetry","text":"DELIVERY ACK user=A2","timestamp":1790455818.9636343}
2026-09-26T23:50:18.965+03:00 [RX telemetry] {"data_b64":"NEYvMTcgYXR0ZW1wdHM9MS81IGU=","description":"ble:LoRa-Chatter-72E0 E0:72:A1:D5:4C:15","device_key":"ble-address:e0:72:a1:d5:4c:15","kind":"rx","seq":436,"session":"s2","stream":"telemetry","text":"4F/17 attempts=1/5 e","timestamp":1790455818.9649205}
2026-09-26T23:50:18.965+03:00 [RX telemetry] {"data_b64":"bGFwc2VkPTIyMW1zIHF1ZXVlPTA=","description":"ble:LoRa-Chatter-72E0 E0:72:A1:D5:4C:15","device_key":"ble-address:e0:72:a1:d5:4c:15","kind":"rx","seq":437,"session":"s2","stream":"telemetry","text":"lapsed=221ms queue=0","timestamp":1790455818.9649816}
2026-09-26T23:50:18.965+03:00 [RX telemetry] {"data_b64":"Cg==","description":"ble:LoRa-Chatter-72E0 E0:72:A1:D5:4C:15","device_key":"ble-address:e0:72:a1:d5:4c:15","kind":"rx","seq":438,"session":"s2","stream":"telemetry","text":"\n","timestamp":1790455818.9650137}
2026-09-26T23:50:18.998+03:00 [RX telemetry] {"data_b64":"NTAwbXMK","description":"ble:LoRa-Chatter-1B44 44:1B:F6:8D:B7:A9","device_key":"ble-address:44:1b:f6:8d:b7:a9","kind":"rx","seq":501,"session":"s1","stream":"telemetry","text":"500ms\n","timestamp":1790455818.9980173}
2026-09-26T23:50:19.761+03:00 [AGENT REQUEST] {"id":71,"op":"observe","cursors":{"s1":490,"s2":415},"timeout_ms":5000}
2026-09-26T23:50:19.763+03:00 [AGENT RESPONSE] {"id":71,"ok":true,"result":{"cursors":{"s1":501,"s2":438},"lines":[{"seq_first":491,"seq_last":492,"session":"s1","stream":"telemetry","text":"PEER_REPORT our_seq=12 TX=-40/6 Q100"},{"seq_first":493,"seq_last":493,"session":"s1","stream":"telemetry","text":""},{"seq_first":493,"seq_last":496,"session":"s1","stream":"telemetry","text":"RX USER session=A24F seq=17 frame=13B user=1B RX=-38/0 Q100 disposition=0"},{"seq_first":497,"seq_last":497,"session":"s1","stream":"chat","text":"< [-38/0 Q100] B"},{"seq_first":418,"seq_last":420,"session":"s2","stream":"telemetry","text":"DELIVERY QUEUED source=2 bytes=1 waiting=1/8 in_flight=0"},{"seq_first":421,"seq_last":421,"session":"s2","stream":"telemetry","text":""},{"seq_first":421,"seq_last":423,"session":"s2","stream":"telemetry","text":"TX USER seq=17 frame=13B user=1B attempt=1/5 OK time=13 ms"},{"seq_first":424,"seq_last":424,"session":"s2","stream":"chat","text":"> B"},{"seq_first":425,"seq_last":428,"session":"s2","stream":"telemetry","text":"DELIVERY WAIT_ACK user=A24F/17 attempt=1/5 timeout=712ms queue=0"},{"seq_first":498,"seq_last":498,"session":"s1","stream":"telemetry","text":""},{"seq_first":429,"seq_last":430,"session":"s2","stream":"telemetry","text":"PEER_REPORT our_seq=17 TX=-38/0 Q100"},{"seq_first":431,"seq_last":431,"session":"s2","stream":"telemetry","text":""},{"seq_first":431,"seq_last":434,"session":"s2","stream":"telemetry","text":"RX ACK session=0BC7 seq=13 ack_to=A24F/17 frame=14B RX=-44/4 Q100"},{"seq_first":435,"seq_last":438,"session":"s2","stream":"telemetry","text":"DELIVERY ACK user=A24F/17 attempts=1/5 elapsed=221ms queue=0"},{"seq_first":498,"seq_last":501,"session":"s1","stream":"telemetry","text":"TX ACK seq=13 ack_to=A24F/17 frame=14B OK time=13 ms guard=500ms"}],"timed_out":false}}
2026-09-26T23:50:20.866+03:00 [AGENT REQUEST] {"id":72,"op":"send_line","session":"s2","text":"B"}
2026-09-26T23:50:20.868+03:00 [TX] {"data_b64":"Qgo=","device_key":"ble-address:e0:72:a1:d5:4c:15","kind":"tx","seq":439,"session":"s2","text":"B","timestamp":1790455820.867174,"tx_id":17,"tx_state":"queued"}
2026-09-26T23:50:20.869+03:00 [AGENT RESPONSE] {"id":72,"ok":true,"result":{"state":"queued","tx_id":17}}
2026-09-26T23:50:20.870+03:00 [TX] {"data_b64":"Qgo=","description":"ble:LoRa-Chatter-72E0 E0:72:A1:D5:4C:15","device_key":"ble-address:e0:72:a1:d5:4c:15","kind":"tx","seq":440,"session":"s2","text":"B","timestamp":1790455820.8697026,"tx_id":17,"tx_state":"written"}
2026-09-26T23:50:20.933+03:00 [RX telemetry] {"data_b64":"UEVFUl9SRVBPUlQgb3VyX3NlcT0=","description":"ble:LoRa-Chatter-1B44 44:1B:F6:8D:B7:A9","device_key":"ble-address:44:1b:f6:8d:b7:a9","kind":"rx","seq":502,"session":"s1","stream":"telemetry","text":"PEER_REPORT our_seq=","timestamp":1790455820.9328172}
2026-09-26T23:50:20.934+03:00 [RX telemetry] {"data_b64":"MTMgVFg9LTQ0LzUgUTEwMAo=","description":"ble:LoRa-Chatter-1B44 44:1B:F6:8D:B7:A9","device_key":"ble-address:44:1b:f6:8d:b7:a9","kind":"rx","seq":503,"session":"s1","stream":"telemetry","text":"13 TX=-44/5 Q100\n","timestamp":1790455820.9338965}
2026-09-26T23:50:20.934+03:00 [RX telemetry] {"data_b64":"ClJYIFVTRVIgc2Vzc2lvbj1BMjQ=","description":"ble:LoRa-Chatter-1B44 44:1B:F6:8D:B7:A9","device_key":"ble-address:44:1b:f6:8d:b7:a9","kind":"rx","seq":504,"session":"s1","stream":"telemetry","text":"\nRX USER session=A24","timestamp":1790455820.933978}
2026-09-26T23:50:20.938+03:00 [RX telemetry] {"data_b64":"REVMSVZFUlkgUVVFVUVEIHNvdXI=","description":"ble:LoRa-Chatter-72E0 E0:72:A1:D5:4C:15","device_key":"ble-address:e0:72:a1:d5:4c:15","kind":"rx","seq":441,"session":"s2","stream":"telemetry","text":"DELIVERY QUEUED sour","timestamp":1790455820.9379406}
2026-09-26T23:50:20.939+03:00 [RX telemetry] {"data_b64":"Y2U9MiBieXRlcz0xIHdhaXRpbmc=","description":"ble:LoRa-Chatter-72E0 E0:72:A1:D5:4C:15","device_key":"ble-address:e0:72:a1:d5:4c:15","kind":"rx","seq":442,"session":"s2","stream":"telemetry","text":"ce=2 bytes=1 waiting","timestamp":1790455820.9391384}
2026-09-26T23:50:20.939+03:00 [RX telemetry] {"data_b64":"PTEvOCBpbl9mbGlnaHQ9MAo=","description":"ble:LoRa-Chatter-72E0 E0:72:A1:D5:4C:15","device_key":"ble-address:e0:72:a1:d5:4c:15","kind":"rx","seq":443,"session":"s2","stream":"telemetry","text":"=1/8 in_flight=0\n","timestamp":1790455820.939209}
2026-09-26T23:50:20.940+03:00 [RX telemetry] {"data_b64":"ClRYIFVTRVIgc2VxPTE4IGZyYW0=","description":"ble:LoRa-Chatter-72E0 E0:72:A1:D5:4C:15","device_key":"ble-address:e0:72:a1:d5:4c:15","kind":"rx","seq":444,"session":"s2","stream":"telemetry","text":"\nTX USER seq=18 fram","timestamp":1790455820.9392889}
2026-09-26T23:50:20.940+03:00 [RX telemetry] {"data_b64":"ZT0xM0IgdXNlcj0xQiBhdHRlbXA=","description":"ble:LoRa-Chatter-72E0 E0:72:A1:D5:4C:15","device_key":"ble-address:e0:72:a1:d5:4c:15","kind":"rx","seq":445,"session":"s2","stream":"telemetry","text":"e=13B user=1B attemp","timestamp":1790455820.940198}
2026-09-26T23:50:20.941+03:00 [RX telemetry] {"data_b64":"dD0xLzUgT0sgdGltZT0xMyBtcwo=","description":"ble:LoRa-Chatter-72E0 E0:72:A1:D5:4C:15","device_key":"ble-address:e0:72:a1:d5:4c:15","kind":"rx","seq":446,"session":"s2","stream":"telemetry","text":"t=1/5 OK time=13 ms\n","timestamp":1790455820.9411976}
2026-09-26T23:50:20.942+03:00 [RX chat] {"data_b64":"PiBCCg==","description":"ble:LoRa-Chatter-72E0 E0:72:A1:D5:4C:15","device_key":"ble-address:e0:72:a1:d5:4c:15","kind":"rx","seq":447,"session":"s2","stream":"chat","text":"> B\n","timestamp":1790455820.9419682}
2026-09-26T23:50:20.943+03:00 [RX telemetry] {"data_b64":"REVMSVZFUlkgV0FJVF9BQ0sgdXM=","description":"ble:LoRa-Chatter-72E0 E0:72:A1:D5:4C:15","device_key":"ble-address:e0:72:a1:d5:4c:15","kind":"rx","seq":448,"session":"s2","stream":"telemetry","text":"DELIVERY WAIT_ACK us","timestamp":1790455820.9427884}
2026-09-26T23:50:20.943+03:00 [RX telemetry] {"data_b64":"ZXI9QTI0Ri8xOCBhdHRlbXB0PTE=","description":"ble:LoRa-Chatter-72E0 E0:72:A1:D5:4C:15","device_key":"ble-address:e0:72:a1:d5:4c:15","kind":"rx","seq":449,"session":"s2","stream":"telemetry","text":"er=A24F/18 attempt=1","timestamp":1790455820.9428346}
2026-09-26T23:50:20.943+03:00 [RX telemetry] {"data_b64":"LzUgdGltZW91dD03MTJtcyBxdWU=","description":"ble:LoRa-Chatter-72E0 E0:72:A1:D5:4C:15","device_key":"ble-address:e0:72:a1:d5:4c:15","kind":"rx","seq":450,"session":"s2","stream":"telemetry","text":"/5 timeout=712ms que","timestamp":1790455820.9437244}
2026-09-26T23:50:20.944+03:00 [RX telemetry] {"data_b64":"dWU9MAo=","description":"ble:LoRa-Chatter-72E0 E0:72:A1:D5:4C:15","device_key":"ble-address:e0:72:a1:d5:4c:15","kind":"rx","seq":451,"session":"s2","stream":"telemetry","text":"ue=0\n","timestamp":1790455820.943769}
2026-09-26T23:50:20.978+03:00 [RX telemetry] {"data_b64":"RiBzZXE9MTggZnJhbWU9MTNCIHU=","description":"ble:LoRa-Chatter-1B44 44:1B:F6:8D:B7:A9","device_key":"ble-address:44:1b:f6:8d:b7:a9","kind":"rx","seq":505,"session":"s1","stream":"telemetry","text":"F seq=18 frame=13B u","timestamp":1790455820.977946}
2026-09-26T23:50:20.978+03:00 [RX telemetry] {"data_b64":"c2VyPTFCIFJYPS0zOS8tMSBRMTA=","description":"ble:LoRa-Chatter-1B44 44:1B:F6:8D:B7:A9","device_key":"ble-address:44:1b:f6:8d:b7:a9","kind":"rx","seq":506,"session":"s1","stream":"telemetry","text":"ser=1B RX=-39/-1 Q10","timestamp":1790455820.9780722}
2026-09-26T23:50:20.979+03:00 [RX telemetry] {"data_b64":"MCBkaXNwb3NpdGlvbj0wCg==","description":"ble:LoRa-Chatter-1B44 44:1B:F6:8D:B7:A9","device_key":"ble-address:44:1b:f6:8d:b7:a9","kind":"rx","seq":507,"session":"s1","stream":"telemetry","text":"0 disposition=0\n","timestamp":1790455820.9793653}
2026-09-26T23:50:21.022+03:00 [RX chat] {"data_b64":"PCBbLTM5Ly0xIFExMDBdIEIK","description":"ble:LoRa-Chatter-1B44 44:1B:F6:8D:B7:A9","device_key":"ble-address:44:1b:f6:8d:b7:a9","kind":"rx","seq":508,"session":"s1","stream":"chat","text":"< [-39/-1 Q100] B\n","timestamp":1790455821.0223432}
2026-09-26T23:50:21.158+03:00 [RX telemetry] {"data_b64":"ClRYIEFDSyBzZXE9MTQgYWNrX3Q=","description":"ble:LoRa-Chatter-1B44 44:1B:F6:8D:B7:A9","device_key":"ble-address:44:1b:f6:8d:b7:a9","kind":"rx","seq":509,"session":"s1","stream":"telemetry","text":"\nTX ACK seq=14 ack_t","timestamp":1790455821.1577678}
2026-09-26T23:50:21.159+03:00 [RX telemetry] {"data_b64":"bz1BMjRGLzE4IGZyYW1lPTE0QiA=","description":"ble:LoRa-Chatter-1B44 44:1B:F6:8D:B7:A9","device_key":"ble-address:44:1b:f6:8d:b7:a9","kind":"rx","seq":510,"session":"s1","stream":"telemetry","text":"o=A24F/18 frame=14B ","timestamp":1790455821.158952}
2026-09-26T23:50:21.159+03:00 [RX telemetry] {"data_b64":"T0sgdGltZT0xMyBtcyBndWFyZD0=","description":"ble:LoRa-Chatter-1B44 44:1B:F6:8D:B7:A9","device_key":"ble-address:44:1b:f6:8d:b7:a9","kind":"rx","seq":511,"session":"s1","stream":"telemetry","text":"OK time=13 ms guard=","timestamp":1790455821.1590223}
2026-09-26T23:50:21.161+03:00 [RX telemetry] {"data_b64":"UEVFUl9SRVBPUlQgb3VyX3NlcT0=","description":"ble:LoRa-Chatter-72E0 E0:72:A1:D5:4C:15","device_key":"ble-address:e0:72:a1:d5:4c:15","kind":"rx","seq":452,"session":"s2","stream":"telemetry","text":"PEER_REPORT our_seq=","timestamp":1790455821.1615033}
2026-09-26T23:50:21.162+03:00 [RX telemetry] {"data_b64":"MTggVFg9LTM5Ly0xIFExMDAK","description":"ble:LoRa-Chatter-72E0 E0:72:A1:D5:4C:15","device_key":"ble-address:e0:72:a1:d5:4c:15","kind":"rx","seq":453,"session":"s2","stream":"telemetry","text":"18 TX=-39/-1 Q100\n","timestamp":1790455821.1622634}
2026-09-26T23:50:21.164+03:00 [RX telemetry] {"data_b64":"ClJYIEFDSyBzZXNzaW9uPTBCQzc=","description":"ble:LoRa-Chatter-72E0 E0:72:A1:D5:4C:15","device_key":"ble-address:e0:72:a1:d5:4c:15","kind":"rx","seq":454,"session":"s2","stream":"telemetry","text":"\nRX ACK session=0BC7","timestamp":1790455821.1637802}
2026-09-26T23:50:21.165+03:00 [RX telemetry] {"data_b64":"IHNlcT0xNCBhY2tfdG89QTI0Ri8=","description":"ble:LoRa-Chatter-72E0 E0:72:A1:D5:4C:15","device_key":"ble-address:e0:72:a1:d5:4c:15","kind":"rx","seq":455,"session":"s2","stream":"telemetry","text":" seq=14 ack_to=A24F/","timestamp":1790455821.1643827}
2026-09-26T23:50:21.165+03:00 [RX telemetry] {"data_b64":"MTggZnJhbWU9MTRCIFJYPS00MC8=","description":"ble:LoRa-Chatter-72E0 E0:72:A1:D5:4C:15","device_key":"ble-address:e0:72:a1:d5:4c:15","kind":"rx","seq":456,"session":"s2","stream":"telemetry","text":"18 frame=14B RX=-40/","timestamp":1790455821.1654558}
2026-09-26T23:50:21.165+03:00 [RX telemetry] {"data_b64":"NCBRMTAwCg==","description":"ble:LoRa-Chatter-72E0 E0:72:A1:D5:4C:15","device_key":"ble-address:e0:72:a1:d5:4c:15","kind":"rx","seq":457,"session":"s2","stream":"telemetry","text":"4 Q100\n","timestamp":1790455821.1655152}
2026-09-26T23:50:21.166+03:00 [RX telemetry] {"data_b64":"REVMSVZFUlkgQUNLIHVzZXI9QTI=","description":"ble:LoRa-Chatter-72E0 E0:72:A1:D5:4C:15","device_key":"ble-address:e0:72:a1:d5:4c:15","kind":"rx","seq":458,"session":"s2","stream":"telemetry","text":"DELIVERY ACK user=A2","timestamp":1790455821.166434}
2026-09-26T23:50:21.167+03:00 [RX telemetry] {"data_b64":"NEYvMTggYXR0ZW1wdHM9MS81IGU=","description":"ble:LoRa-Chatter-72E0 E0:72:A1:D5:4C:15","device_key":"ble-address:e0:72:a1:d5:4c:15","kind":"rx","seq":459,"session":"s2","stream":"telemetry","text":"4F/18 attempts=1/5 e","timestamp":1790455821.1671948}
2026-09-26T23:50:21.167+03:00 [RX telemetry] {"data_b64":"bGFwc2VkPTIyMm1zIHF1ZXVlPTA=","description":"ble:LoRa-Chatter-72E0 E0:72:A1:D5:4C:15","device_key":"ble-address:e0:72:a1:d5:4c:15","kind":"rx","seq":460,"session":"s2","stream":"telemetry","text":"lapsed=222ms queue=0","timestamp":1790455821.1672547}
2026-09-26T23:50:21.168+03:00 [RX telemetry] {"data_b64":"Cg==","description":"ble:LoRa-Chatter-72E0 E0:72:A1:D5:4C:15","device_key":"ble-address:e0:72:a1:d5:4c:15","kind":"rx","seq":461,"session":"s2","stream":"telemetry","text":"\n","timestamp":1790455821.1681309}
2026-09-26T23:50:21.202+03:00 [RX telemetry] {"data_b64":"NTAwbXMK","description":"ble:LoRa-Chatter-1B44 44:1B:F6:8D:B7:A9","device_key":"ble-address:44:1b:f6:8d:b7:a9","kind":"rx","seq":512,"session":"s1","stream":"telemetry","text":"500ms\n","timestamp":1790455821.2021472}
2026-09-26T23:50:21.970+03:00 [AGENT REQUEST] {"id":73,"op":"observe","cursors":{"s1":501,"s2":438},"timeout_ms":5000}
2026-09-26T23:50:21.971+03:00 [AGENT RESPONSE] {"id":73,"ok":true,"result":{"cursors":{"s1":512,"s2":461},"lines":[{"seq_first":502,"seq_last":503,"session":"s1","stream":"telemetry","text":"PEER_REPORT our_seq=13 TX=-44/5 Q100"},{"seq_first":504,"seq_last":504,"session":"s1","stream":"telemetry","text":""},{"seq_first":441,"seq_last":443,"session":"s2","stream":"telemetry","text":"DELIVERY QUEUED source=2 bytes=1 waiting=1/8 in_flight=0"},{"seq_first":444,"seq_last":444,"session":"s2","stream":"telemetry","text":""},{"seq_first":444,"seq_last":446,"session":"s2","stream":"telemetry","text":"TX USER seq=18 frame=13B user=1B attempt=1/5 OK time=13 ms"},{"seq_first":447,"seq_last":447,"session":"s2","stream":"chat","text":"> B"},{"seq_first":448,"seq_last":451,"session":"s2","stream":"telemetry","text":"DELIVERY WAIT_ACK user=A24F/18 attempt=1/5 timeout=712ms queue=0"},{"seq_first":504,"seq_last":507,"session":"s1","stream":"telemetry","text":"RX USER session=A24F seq=18 frame=13B user=1B RX=-39/-1 Q100 disposition=0"},{"seq_first":508,"seq_last":508,"session":"s1","stream":"chat","text":"< [-39/-1 Q100] B"},{"seq_first":509,"seq_last":509,"session":"s1","stream":"telemetry","text":""},{"seq_first":452,"seq_last":453,"session":"s2","stream":"telemetry","text":"PEER_REPORT our_seq=18 TX=-39/-1 Q100"},{"seq_first":454,"seq_last":454,"session":"s2","stream":"telemetry","text":""},{"seq_first":454,"seq_last":457,"session":"s2","stream":"telemetry","text":"RX ACK session=0BC7 seq=14 ack_to=A24F/18 frame=14B RX=-40/4 Q100"},{"seq_first":458,"seq_last":461,"session":"s2","stream":"telemetry","text":"DELIVERY ACK user=A24F/18 attempts=1/5 elapsed=222ms queue=0"},{"seq_first":509,"seq_last":512,"session":"s1","stream":"telemetry","text":"TX ACK seq=14 ack_to=A24F/18 frame=14B OK time=13 ms guard=500ms"}],"timed_out":false}}
2026-09-26T23:50:23.074+03:00 [AGENT REQUEST] {"id":74,"op":"send_line","session":"s2","text":"B"}
2026-09-26T23:50:23.076+03:00 [TX] {"data_b64":"Qgo=","device_key":"ble-address:e0:72:a1:d5:4c:15","kind":"tx","seq":462,"session":"s2","text":"B","timestamp":1790455823.075147,"tx_id":18,"tx_state":"queued"}
2026-09-26T23:50:23.076+03:00 [AGENT RESPONSE] {"id":74,"ok":true,"result":{"state":"queued","tx_id":18}}
2026-09-26T23:50:23.077+03:00 [TX] {"data_b64":"Qgo=","description":"ble:LoRa-Chatter-72E0 E0:72:A1:D5:4C:15","device_key":"ble-address:e0:72:a1:d5:4c:15","kind":"tx","seq":463,"session":"s2","text":"B","timestamp":1790455823.0771172,"tx_id":18,"tx_state":"written"}
2026-09-26T23:50:23.136+03:00 [RX telemetry] {"data_b64":"UEVFUl9SRVBPUlQgb3VyX3NlcT0=","description":"ble:LoRa-Chatter-1B44 44:1B:F6:8D:B7:A9","device_key":"ble-address:44:1b:f6:8d:b7:a9","kind":"rx","seq":513,"session":"s1","stream":"telemetry","text":"PEER_REPORT our_seq=","timestamp":1790455823.1364536}
2026-09-26T23:50:23.136+03:00 [RX telemetry] {"data_b64":"MTQgVFg9LTQwLzQgUTEwMAo=","description":"ble:LoRa-Chatter-1B44 44:1B:F6:8D:B7:A9","device_key":"ble-address:44:1b:f6:8d:b7:a9","kind":"rx","seq":514,"session":"s1","stream":"telemetry","text":"14 TX=-40/4 Q100\n","timestamp":1790455823.1365013}
2026-09-26T23:50:23.136+03:00 [RX telemetry] {"data_b64":"ClJYIFVTRVIgc2Vzc2lvbj1BMjQ=","description":"ble:LoRa-Chatter-1B44 44:1B:F6:8D:B7:A9","device_key":"ble-address:44:1b:f6:8d:b7:a9","kind":"rx","seq":515,"session":"s1","stream":"telemetry","text":"\nRX USER session=A24","timestamp":1790455823.136527}
2026-09-26T23:50:23.138+03:00 [RX telemetry] {"data_b64":"RiBzZXE9MTkgZnJhbWU9MTNCIHU=","description":"ble:LoRa-Chatter-1B44 44:1B:F6:8D:B7:A9","device_key":"ble-address:44:1b:f6:8d:b7:a9","kind":"rx","seq":516,"session":"s1","stream":"telemetry","text":"F seq=19 frame=13B u","timestamp":1790455823.1379187}
2026-09-26T23:50:23.138+03:00 [RX telemetry] {"data_b64":"c2VyPTFCIFJYPS00My82IFExMDA=","description":"ble:LoRa-Chatter-1B44 44:1B:F6:8D:B7:A9","device_key":"ble-address:44:1b:f6:8d:b7:a9","kind":"rx","seq":517,"session":"s1","stream":"telemetry","text":"ser=1B RX=-43/6 Q100","timestamp":1790455823.138407}
2026-09-26T23:50:23.138+03:00 [RX telemetry] {"data_b64":"IGRpc3Bvc2l0aW9uPTAK","description":"ble:LoRa-Chatter-1B44 44:1B:F6:8D:B7:A9","device_key":"ble-address:44:1b:f6:8d:b7:a9","kind":"rx","seq":518,"session":"s1","stream":"telemetry","text":" disposition=0\n","timestamp":1790455823.138445}
2026-09-26T23:50:23.139+03:00 [RX chat] {"data_b64":"PCBbLTQzLzYgUTEwMF0gQgo=","description":"ble:LoRa-Chatter-1B44 44:1B:F6:8D:B7:A9","device_key":"ble-address:44:1b:f6:8d:b7:a9","kind":"rx","seq":519,"session":"s1","stream":"chat","text":"< [-43/6 Q100] B\n","timestamp":1790455823.1398118}
2026-09-26T23:50:23.186+03:00 [RX telemetry] {"data_b64":"REVMSVZFUlkgUVVFVUVEIHNvdXI=","description":"ble:LoRa-Chatter-72E0 E0:72:A1:D5:4C:15","device_key":"ble-address:e0:72:a1:d5:4c:15","kind":"rx","seq":464,"session":"s2","stream":"telemetry","text":"DELIVERY QUEUED sour","timestamp":1790455823.18619}
2026-09-26T23:50:23.186+03:00 [RX telemetry] {"data_b64":"Y2U9MiBieXRlcz0xIHdhaXRpbmc=","description":"ble:LoRa-Chatter-72E0 E0:72:A1:D5:4C:15","device_key":"ble-address:e0:72:a1:d5:4c:15","kind":"rx","seq":465,"session":"s2","stream":"telemetry","text":"ce=2 bytes=1 waiting","timestamp":1790455823.1865468}
2026-09-26T23:50:23.186+03:00 [RX telemetry] {"data_b64":"PTEvOCBpbl9mbGlnaHQ9MAo=","description":"ble:LoRa-Chatter-72E0 E0:72:A1:D5:4C:15","device_key":"ble-address:e0:72:a1:d5:4c:15","kind":"rx","seq":466,"session":"s2","stream":"telemetry","text":"=1/8 in_flight=0\n","timestamp":1790455823.186769}
2026-09-26T23:50:23.187+03:00 [RX telemetry] {"data_b64":"ClRYIFVTRVIgc2VxPTE5IGZyYW0=","description":"ble:LoRa-Chatter-72E0 E0:72:A1:D5:4C:15","device_key":"ble-address:e0:72:a1:d5:4c:15","kind":"rx","seq":467,"session":"s2","stream":"telemetry","text":"\nTX USER seq=19 fram","timestamp":1790455823.1878252}
2026-09-26T23:50:23.188+03:00 [RX telemetry] {"data_b64":"ZT0xM0IgdXNlcj0xQiBhdHRlbXA=","description":"ble:LoRa-Chatter-72E0 E0:72:A1:D5:4C:15","device_key":"ble-address:e0:72:a1:d5:4c:15","kind":"rx","seq":468,"session":"s2","stream":"telemetry","text":"e=13B user=1B attemp","timestamp":1790455823.1880932}
2026-09-26T23:50:23.191+03:00 [RX telemetry] {"data_b64":"dD0xLzUgT0sgdGltZT0xMyBtcwo=","description":"ble:LoRa-Chatter-72E0 E0:72:A1:D5:4C:15","device_key":"ble-address:e0:72:a1:d5:4c:15","kind":"rx","seq":469,"session":"s2","stream":"telemetry","text":"t=1/5 OK time=13 ms\n","timestamp":1790455823.1910691}
2026-09-26T23:50:23.191+03:00 [RX chat] {"data_b64":"PiBCCg==","description":"ble:LoRa-Chatter-72E0 E0:72:A1:D5:4C:15","device_key":"ble-address:e0:72:a1:d5:4c:15","kind":"rx","seq":470,"session":"s2","stream":"chat","text":"> B\n","timestamp":1790455823.1912482}
2026-09-26T23:50:23.191+03:00 [RX telemetry] {"data_b64":"REVMSVZFUlkgV0FJVF9BQ0sgdXM=","description":"ble:LoRa-Chatter-72E0 E0:72:A1:D5:4C:15","device_key":"ble-address:e0:72:a1:d5:4c:15","kind":"rx","seq":471,"session":"s2","stream":"telemetry","text":"DELIVERY WAIT_ACK us","timestamp":1790455823.1913445}
2026-09-26T23:50:23.191+03:00 [RX telemetry] {"data_b64":"ZXI9QTI0Ri8xOSBhdHRlbXB0PTE=","description":"ble:LoRa-Chatter-72E0 E0:72:A1:D5:4C:15","device_key":"ble-address:e0:72:a1:d5:4c:15","kind":"rx","seq":472,"session":"s2","stream":"telemetry","text":"er=A24F/19 attempt=1","timestamp":1790455823.1913705}
2026-09-26T23:50:23.191+03:00 [RX telemetry] {"data_b64":"LzUgdGltZW91dD03MTJtcyBxdWU=","description":"ble:LoRa-Chatter-72E0 E0:72:A1:D5:4C:15","device_key":"ble-address:e0:72:a1:d5:4c:15","kind":"rx","seq":473,"session":"s2","stream":"telemetry","text":"/5 timeout=712ms que","timestamp":1790455823.1916246}
2026-09-26T23:50:23.193+03:00 [RX telemetry] {"data_b64":"dWU9MAo=","description":"ble:LoRa-Chatter-72E0 E0:72:A1:D5:4C:15","device_key":"ble-address:e0:72:a1:d5:4c:15","kind":"rx","seq":474,"session":"s2","stream":"telemetry","text":"ue=0\n","timestamp":1790455823.193453}
2026-09-26T23:50:23.364+03:00 [RX telemetry] {"data_b64":"ClRYIEFDSyBzZXE9MTUgYWNrX3Q=","description":"ble:LoRa-Chatter-1B44 44:1B:F6:8D:B7:A9","device_key":"ble-address:44:1b:f6:8d:b7:a9","kind":"rx","seq":520,"session":"s1","stream":"telemetry","text":"\nTX ACK seq=15 ack_t","timestamp":1790455823.3637795}
2026-09-26T23:50:23.364+03:00 [RX telemetry] {"data_b64":"bz1BMjRGLzE5IGZyYW1lPTE0QiA=","description":"ble:LoRa-Chatter-1B44 44:1B:F6:8D:B7:A9","device_key":"ble-address:44:1b:f6:8d:b7:a9","kind":"rx","seq":521,"session":"s1","stream":"telemetry","text":"o=A24F/19 frame=14B ","timestamp":1790455823.3639114}
2026-09-26T23:50:23.364+03:00 [RX telemetry] {"data_b64":"T0sgdGltZT0xMyBtcyBndWFyZD0=","description":"ble:LoRa-Chatter-1B44 44:1B:F6:8D:B7:A9","device_key":"ble-address:44:1b:f6:8d:b7:a9","kind":"rx","seq":522,"session":"s1","stream":"telemetry","text":"OK time=13 ms guard=","timestamp":1790455823.363954}
2026-09-26T23:50:23.406+03:00 [RX telemetry] {"data_b64":"NTAwbXMK","description":"ble:LoRa-Chatter-1B44 44:1B:F6:8D:B7:A9","device_key":"ble-address:44:1b:f6:8d:b7:a9","kind":"rx","seq":523,"session":"s1","stream":"telemetry","text":"500ms\n","timestamp":1790455823.4060583}
2026-09-26T23:50:23.411+03:00 [RX telemetry] {"data_b64":"UEVFUl9SRVBPUlQgb3VyX3NlcT0=","description":"ble:LoRa-Chatter-72E0 E0:72:A1:D5:4C:15","device_key":"ble-address:e0:72:a1:d5:4c:15","kind":"rx","seq":475,"session":"s2","stream":"telemetry","text":"PEER_REPORT our_seq=","timestamp":1790455823.4108248}
2026-09-26T23:50:23.411+03:00 [RX telemetry] {"data_b64":"MTkgVFg9LTQzLzYgUTEwMAo=","description":"ble:LoRa-Chatter-72E0 E0:72:A1:D5:4C:15","device_key":"ble-address:e0:72:a1:d5:4c:15","kind":"rx","seq":476,"session":"s2","stream":"telemetry","text":"19 TX=-43/6 Q100\n","timestamp":1790455823.4112747}
2026-09-26T23:50:23.411+03:00 [RX telemetry] {"data_b64":"ClJYIEFDSyBzZXNzaW9uPTBCQzc=","description":"ble:LoRa-Chatter-72E0 E0:72:A1:D5:4C:15","device_key":"ble-address:e0:72:a1:d5:4c:15","kind":"rx","seq":477,"session":"s2","stream":"telemetry","text":"\nRX ACK session=0BC7","timestamp":1790455823.4113255}
2026-09-26T23:50:23.414+03:00 [RX telemetry] {"data_b64":"IHNlcT0xNSBhY2tfdG89QTI0Ri8=","description":"ble:LoRa-Chatter-72E0 E0:72:A1:D5:4C:15","device_key":"ble-address:e0:72:a1:d5:4c:15","kind":"rx","seq":478,"session":"s2","stream":"telemetry","text":" seq=15 ack_to=A24F/","timestamp":1790455823.4138942}
2026-09-26T23:50:23.414+03:00 [RX telemetry] {"data_b64":"MTkgZnJhbWU9MTRCIFJYPS0zOC8=","description":"ble:LoRa-Chatter-72E0 E0:72:A1:D5:4C:15","device_key":"ble-address:e0:72:a1:d5:4c:15","kind":"rx","seq":479,"session":"s2","stream":"telemetry","text":"19 frame=14B RX=-38/","timestamp":1790455823.414026}
2026-09-26T23:50:23.414+03:00 [RX telemetry] {"data_b64":"LTAgUTEwMAo=","description":"ble:LoRa-Chatter-72E0 E0:72:A1:D5:4C:15","device_key":"ble-address:e0:72:a1:d5:4c:15","kind":"rx","seq":480,"session":"s2","stream":"telemetry","text":"-0 Q100\n","timestamp":1790455823.4142466}
2026-09-26T23:50:23.414+03:00 [RX telemetry] {"data_b64":"REVMSVZFUlkgQUNLIHVzZXI9QTI=","description":"ble:LoRa-Chatter-72E0 E0:72:A1:D5:4C:15","device_key":"ble-address:e0:72:a1:d5:4c:15","kind":"rx","seq":481,"session":"s2","stream":"telemetry","text":"DELIVERY ACK user=A2","timestamp":1790455823.4144025}
2026-09-26T23:50:23.415+03:00 [RX telemetry] {"data_b64":"NEYvMTkgYXR0ZW1wdHM9MS81IGU=","description":"ble:LoRa-Chatter-72E0 E0:72:A1:D5:4C:15","device_key":"ble-address:e0:72:a1:d5:4c:15","kind":"rx","seq":482,"session":"s2","stream":"telemetry","text":"4F/19 attempts=1/5 e","timestamp":1790455823.4156954}
2026-09-26T23:50:23.416+03:00 [RX telemetry] {"data_b64":"bGFwc2VkPTIyMm1zIHF1ZXVlPTA=","description":"ble:LoRa-Chatter-72E0 E0:72:A1:D5:4C:15","device_key":"ble-address:e0:72:a1:d5:4c:15","kind":"rx","seq":483,"session":"s2","stream":"telemetry","text":"lapsed=222ms queue=0","timestamp":1790455823.4160922}
2026-09-26T23:50:23.416+03:00 [RX telemetry] {"data_b64":"Cg==","description":"ble:LoRa-Chatter-72E0 E0:72:A1:D5:4C:15","device_key":"ble-address:e0:72:a1:d5:4c:15","kind":"rx","seq":484,"session":"s2","stream":"telemetry","text":"\n","timestamp":1790455823.4161243}
2026-09-26T23:50:24.179+03:00 [AGENT REQUEST] {"id":75,"op":"observe","cursors":{"s1":512,"s2":461},"timeout_ms":5000}
2026-09-26T23:50:24.182+03:00 [AGENT RESPONSE] {"id":75,"ok":true,"result":{"cursors":{"s1":523,"s2":484},"lines":[{"seq_first":513,"seq_last":514,"session":"s1","stream":"telemetry","text":"PEER_REPORT our_seq=14 TX=-40/4 Q100"},{"seq_first":515,"seq_last":515,"session":"s1","stream":"telemetry","text":""},{"seq_first":515,"seq_last":518,"session":"s1","stream":"telemetry","text":"RX USER session=A24F seq=19 frame=13B user=1B RX=-43/6 Q100 disposition=0"},{"seq_first":519,"seq_last":519,"session":"s1","stream":"chat","text":"< [-43/6 Q100] B"},{"seq_first":464,"seq_last":466,"session":"s2","stream":"telemetry","text":"DELIVERY QUEUED source=2 bytes=1 waiting=1/8 in_flight=0"},{"seq_first":467,"seq_last":467,"session":"s2","stream":"telemetry","text":""},{"seq_first":467,"seq_last":469,"session":"s2","stream":"telemetry","text":"TX USER seq=19 frame=13B user=1B attempt=1/5 OK time=13 ms"},{"seq_first":470,"seq_last":470,"session":"s2","stream":"chat","text":"> B"},{"seq_first":471,"seq_last":474,"session":"s2","stream":"telemetry","text":"DELIVERY WAIT_ACK user=A24F/19 attempt=1/5 timeout=712ms queue=0"},{"seq_first":520,"seq_last":520,"session":"s1","stream":"telemetry","text":""},{"seq_first":520,"seq_last":523,"session":"s1","stream":"telemetry","text":"TX ACK seq=15 ack_to=A24F/19 frame=14B OK time=13 ms guard=500ms"},{"seq_first":475,"seq_last":476,"session":"s2","stream":"telemetry","text":"PEER_REPORT our_seq=19 TX=-43/6 Q100"},{"seq_first":477,"seq_last":477,"session":"s2","stream":"telemetry","text":""},{"seq_first":477,"seq_last":480,"session":"s2","stream":"telemetry","text":"RX ACK session=0BC7 seq=15 ack_to=A24F/19 frame=14B RX=-38/-0 Q100"},{"seq_first":481,"seq_last":484,"session":"s2","stream":"telemetry","text":"DELIVERY ACK user=A24F/19 attempts=1/5 elapsed=222ms queue=0"}],"timed_out":false}}
2026-09-26T23:50:25.282+03:00 [AGENT REQUEST] {"id":76,"op":"send_line","session":"s2","text":"B"}
2026-09-26T23:50:25.282+03:00 [TX] {"data_b64":"Qgo=","device_key":"ble-address:e0:72:a1:d5:4c:15","kind":"tx","seq":485,"session":"s2","text":"B","timestamp":1790455825.2824206,"tx_id":19,"tx_state":"queued"}
2026-09-26T23:50:25.283+03:00 [AGENT RESPONSE] {"id":76,"ok":true,"result":{"state":"queued","tx_id":19}}
2026-09-26T23:50:25.283+03:00 [TX] {"data_b64":"Qgo=","description":"ble:LoRa-Chatter-72E0 E0:72:A1:D5:4C:15","device_key":"ble-address:e0:72:a1:d5:4c:15","kind":"tx","seq":486,"session":"s2","text":"B","timestamp":1790455825.2836587,"tx_id":19,"tx_state":"written"}
2026-09-26T23:50:25.347+03:00 [RX telemetry] {"data_b64":"REVMSVZFUlkgUVVFVUVEIHNvdXI=","description":"ble:LoRa-Chatter-72E0 E0:72:A1:D5:4C:15","device_key":"ble-address:e0:72:a1:d5:4c:15","kind":"rx","seq":487,"session":"s2","stream":"telemetry","text":"DELIVERY QUEUED sour","timestamp":1790455825.3475091}
2026-09-26T23:50:25.347+03:00 [RX telemetry] {"data_b64":"Y2U9MiBieXRlcz0xIHdhaXRpbmc=","description":"ble:LoRa-Chatter-72E0 E0:72:A1:D5:4C:15","device_key":"ble-address:e0:72:a1:d5:4c:15","kind":"rx","seq":488,"session":"s2","stream":"telemetry","text":"ce=2 bytes=1 waiting","timestamp":1790455825.3475482}
2026-09-26T23:50:25.347+03:00 [RX telemetry] {"data_b64":"PTEvOCBpbl9mbGlnaHQ9MAo=","description":"ble:LoRa-Chatter-72E0 E0:72:A1:D5:4C:15","device_key":"ble-address:e0:72:a1:d5:4c:15","kind":"rx","seq":489,"session":"s2","stream":"telemetry","text":"=1/8 in_flight=0\n","timestamp":1790455825.3475628}
2026-09-26T23:50:25.347+03:00 [RX telemetry] {"data_b64":"ClRYIFVTRVIgc2VxPTIwIGZyYW0=","description":"ble:LoRa-Chatter-72E0 E0:72:A1:D5:4C:15","device_key":"ble-address:e0:72:a1:d5:4c:15","kind":"rx","seq":490,"session":"s2","stream":"telemetry","text":"\nTX USER seq=20 fram","timestamp":1790455825.347583}
2026-09-26T23:50:25.348+03:00 [RX telemetry] {"data_b64":"ZT0xM0IgdXNlcj0xQiBhdHRlbXA=","description":"ble:LoRa-Chatter-72E0 E0:72:A1:D5:4C:15","device_key":"ble-address:e0:72:a1:d5:4c:15","kind":"rx","seq":491,"session":"s2","stream":"telemetry","text":"e=13B user=1B attemp","timestamp":1790455825.348824}
2026-09-26T23:50:25.349+03:00 [RX telemetry] {"data_b64":"dD0xLzUgT0sgdGltZT0xMyBtcwo=","description":"ble:LoRa-Chatter-72E0 E0:72:A1:D5:4C:15","device_key":"ble-address:e0:72:a1:d5:4c:15","kind":"rx","seq":492,"session":"s2","stream":"telemetry","text":"t=1/5 OK time=13 ms\n","timestamp":1790455825.34918}
2026-09-26T23:50:25.349+03:00 [RX chat] {"data_b64":"PiBCCg==","description":"ble:LoRa-Chatter-72E0 E0:72:A1:D5:4C:15","device_key":"ble-address:e0:72:a1:d5:4c:15","kind":"rx","seq":493,"session":"s2","stream":"chat","text":"> B\n","timestamp":1790455825.3492186}
2026-09-26T23:50:25.351+03:00 [RX telemetry] {"data_b64":"REVMSVZFUlkgV0FJVF9BQ0sgdXM=","description":"ble:LoRa-Chatter-72E0 E0:72:A1:D5:4C:15","device_key":"ble-address:e0:72:a1:d5:4c:15","kind":"rx","seq":494,"session":"s2","stream":"telemetry","text":"DELIVERY WAIT_ACK us","timestamp":1790455825.3517606}
2026-09-26T23:50:25.352+03:00 [RX telemetry] {"data_b64":"ZXI9QTI0Ri8yMCBhdHRlbXB0PTE=","description":"ble:LoRa-Chatter-72E0 E0:72:A1:D5:4C:15","device_key":"ble-address:e0:72:a1:d5:4c:15","kind":"rx","seq":495,"session":"s2","stream":"telemetry","text":"er=A24F/20 attempt=1","timestamp":1790455825.352154}
2026-09-26T23:50:25.352+03:00 [RX telemetry] {"data_b64":"LzUgdGltZW91dD03MTJtcyBxdWU=","description":"ble:LoRa-Chatter-72E0 E0:72:A1:D5:4C:15","device_key":"ble-address:e0:72:a1:d5:4c:15","kind":"rx","seq":496,"session":"s2","stream":"telemetry","text":"/5 timeout=712ms que","timestamp":1790455825.3521762}
2026-09-26T23:50:25.352+03:00 [RX telemetry] {"data_b64":"dWU9MAo=","description":"ble:LoRa-Chatter-72E0 E0:72:A1:D5:4C:15","device_key":"ble-address:e0:72:a1:d5:4c:15","kind":"rx","seq":497,"session":"s2","stream":"telemetry","text":"ue=0\n","timestamp":1790455825.352381}
2026-09-26T23:50:25.386+03:00 [RX telemetry] {"data_b64":"UEVFUl9SRVBPUlQgb3VyX3NlcT0=","description":"ble:LoRa-Chatter-1B44 44:1B:F6:8D:B7:A9","device_key":"ble-address:44:1b:f6:8d:b7:a9","kind":"rx","seq":524,"session":"s1","stream":"telemetry","text":"PEER_REPORT our_seq=","timestamp":1790455825.3862793}
2026-09-26T23:50:25.386+03:00 [RX telemetry] {"data_b64":"MTUgVFg9LTM5Ly0xIFExMDAK","description":"ble:LoRa-Chatter-1B44 44:1B:F6:8D:B7:A9","device_key":"ble-address:44:1b:f6:8d:b7:a9","kind":"rx","seq":525,"session":"s1","stream":"telemetry","text":"15 TX=-39/-1 Q100\n","timestamp":1790455825.386325}
2026-09-26T23:50:25.388+03:00 [RX telemetry] {"data_b64":"ClJYIFVTRVIgc2Vzc2lvbj1BMjQ=","description":"ble:LoRa-Chatter-1B44 44:1B:F6:8D:B7:A9","device_key":"ble-address:44:1b:f6:8d:b7:a9","kind":"rx","seq":526,"session":"s1","stream":"telemetry","text":"\nRX USER session=A24","timestamp":1790455825.3885748}
2026-09-26T23:50:25.432+03:00 [RX telemetry] {"data_b64":"RiBzZXE9MjAgZnJhbWU9MTNCIHU=","description":"ble:LoRa-Chatter-1B44 44:1B:F6:8D:B7:A9","device_key":"ble-address:44:1b:f6:8d:b7:a9","kind":"rx","seq":527,"session":"s1","stream":"telemetry","text":"F seq=20 frame=13B u","timestamp":1790455825.4316125}
2026-09-26T23:50:25.432+03:00 [RX telemetry] {"data_b64":"c2VyPTFCIFJYPS00MC81IFExMDA=","description":"ble:LoRa-Chatter-1B44 44:1B:F6:8D:B7:A9","device_key":"ble-address:44:1b:f6:8d:b7:a9","kind":"rx","seq":528,"session":"s1","stream":"telemetry","text":"ser=1B RX=-40/5 Q100","timestamp":1790455825.4323525}
2026-09-26T23:50:25.432+03:00 [RX telemetry] {"data_b64":"IGRpc3Bvc2l0aW9uPTAK","description":"ble:LoRa-Chatter-1B44 44:1B:F6:8D:B7:A9","device_key":"ble-address:44:1b:f6:8d:b7:a9","kind":"rx","seq":529,"session":"s1","stream":"telemetry","text":" disposition=0\n","timestamp":1790455825.4327903}
2026-09-26T23:50:25.477+03:00 [RX chat] {"data_b64":"PCBbLTQwLzUgUTEwMF0gQgo=","description":"ble:LoRa-Chatter-1B44 44:1B:F6:8D:B7:A9","device_key":"ble-address:44:1b:f6:8d:b7:a9","kind":"rx","seq":530,"session":"s1","stream":"chat","text":"< [-40/5 Q100] B\n","timestamp":1790455825.4767542}
2026-09-26T23:50:25.568+03:00 [RX telemetry] {"data_b64":"ClRYIEFDSyBzZXE9MTYgYWNrX3Q=","description":"ble:LoRa-Chatter-1B44 44:1B:F6:8D:B7:A9","device_key":"ble-address:44:1b:f6:8d:b7:a9","kind":"rx","seq":531,"session":"s1","stream":"telemetry","text":"\nTX ACK seq=16 ack_t","timestamp":1790455825.5679207}
2026-09-26T23:50:25.569+03:00 [RX telemetry] {"data_b64":"bz1BMjRGLzIwIGZyYW1lPTE0QiA=","description":"ble:LoRa-Chatter-1B44 44:1B:F6:8D:B7:A9","device_key":"ble-address:44:1b:f6:8d:b7:a9","kind":"rx","seq":532,"session":"s1","stream":"telemetry","text":"o=A24F/20 frame=14B ","timestamp":1790455825.5691893}
2026-09-26T23:50:25.570+03:00 [RX telemetry] {"data_b64":"T0sgdGltZT0xMyBtcyBndWFyZD0=","description":"ble:LoRa-Chatter-1B44 44:1B:F6:8D:B7:A9","device_key":"ble-address:44:1b:f6:8d:b7:a9","kind":"rx","seq":533,"session":"s1","stream":"telemetry","text":"OK time=13 ms guard=","timestamp":1790455825.5692961}
2026-09-26T23:50:25.573+03:00 [RX telemetry] {"data_b64":"UEVFUl9SRVBPUlQgb3VyX3NlcT0=","description":"ble:LoRa-Chatter-72E0 E0:72:A1:D5:4C:15","device_key":"ble-address:e0:72:a1:d5:4c:15","kind":"rx","seq":498,"session":"s2","stream":"telemetry","text":"PEER_REPORT our_seq=","timestamp":1790455825.572743}
2026-09-26T23:50:25.573+03:00 [RX telemetry] {"data_b64":"MjAgVFg9LTQwLzUgUTEwMAo=","description":"ble:LoRa-Chatter-72E0 E0:72:A1:D5:4C:15","device_key":"ble-address:e0:72:a1:d5:4c:15","kind":"rx","seq":499,"session":"s2","stream":"telemetry","text":"20 TX=-40/5 Q100\n","timestamp":1790455825.5728402}
2026-09-26T23:50:25.573+03:00 [RX telemetry] {"data_b64":"ClJYIEFDSyBzZXNzaW9uPTBCQzc=","description":"ble:LoRa-Chatter-72E0 E0:72:A1:D5:4C:15","device_key":"ble-address:e0:72:a1:d5:4c:15","kind":"rx","seq":500,"session":"s2","stream":"telemetry","text":"\nRX ACK session=0BC7","timestamp":1790455825.5729718}
2026-09-26T23:50:25.573+03:00 [RX telemetry] {"data_b64":"IHNlcT0xNiBhY2tfdG89QTI0Ri8=","description":"ble:LoRa-Chatter-72E0 E0:72:A1:D5:4C:15","device_key":"ble-address:e0:72:a1:d5:4c:15","kind":"rx","seq":501,"session":"s2","stream":"telemetry","text":" seq=16 ack_to=A24F/","timestamp":1790455825.5730731}
2026-09-26T23:50:25.573+03:00 [RX telemetry] {"data_b64":"MjAgZnJhbWU9MTRCIFJYPS00Mi8=","description":"ble:LoRa-Chatter-72E0 E0:72:A1:D5:4C:15","device_key":"ble-address:e0:72:a1:d5:4c:15","kind":"rx","seq":502,"session":"s2","stream":"telemetry","text":"20 frame=14B RX=-42/","timestamp":1790455825.5732045}
2026-09-26T23:50:25.574+03:00 [RX telemetry] {"data_b64":"NiBRMTAwCg==","description":"ble:LoRa-Chatter-72E0 E0:72:A1:D5:4C:15","device_key":"ble-address:e0:72:a1:d5:4c:15","kind":"rx","seq":503,"session":"s2","stream":"telemetry","text":"6 Q100\n","timestamp":1790455825.5743644}
2026-09-26T23:50:25.574+03:00 [RX telemetry] {"data_b64":"REVMSVZFUlkgQUNLIHVzZXI9QTI=","description":"ble:LoRa-Chatter-72E0 E0:72:A1:D5:4C:15","device_key":"ble-address:e0:72:a1:d5:4c:15","kind":"rx","seq":504,"session":"s2","stream":"telemetry","text":"DELIVERY ACK user=A2","timestamp":1790455825.5747788}
2026-09-26T23:50:25.579+03:00 [RX telemetry] {"data_b64":"NEYvMjAgYXR0ZW1wdHM9MS81IGU=","description":"ble:LoRa-Chatter-72E0 E0:72:A1:D5:4C:15","device_key":"ble-address:e0:72:a1:d5:4c:15","kind":"rx","seq":505,"session":"s2","stream":"telemetry","text":"4F/20 attempts=1/5 e","timestamp":1790455825.5789318}
2026-09-26T23:50:25.579+03:00 [RX telemetry] {"data_b64":"bGFwc2VkPTIyMm1zIHF1ZXVlPTA=","description":"ble:LoRa-Chatter-72E0 E0:72:A1:D5:4C:15","device_key":"ble-address:e0:72:a1:d5:4c:15","kind":"rx","seq":506,"session":"s2","stream":"telemetry","text":"lapsed=222ms queue=0","timestamp":1790455825.5789645}
2026-09-26T23:50:25.579+03:00 [RX telemetry] {"data_b64":"Cg==","description":"ble:LoRa-Chatter-72E0 E0:72:A1:D5:4C:15","device_key":"ble-address:e0:72:a1:d5:4c:15","kind":"rx","seq":507,"session":"s2","stream":"telemetry","text":"\n","timestamp":1790455825.579145}
2026-09-26T23:50:25.614+03:00 [RX telemetry] {"data_b64":"NTAwbXMK","description":"ble:LoRa-Chatter-1B44 44:1B:F6:8D:B7:A9","device_key":"ble-address:44:1b:f6:8d:b7:a9","kind":"rx","seq":534,"session":"s1","stream":"telemetry","text":"500ms\n","timestamp":1790455825.6139202}
2026-09-26T23:50:26.385+03:00 [AGENT REQUEST] {"id":77,"op":"observe","cursors":{"s1":523,"s2":484},"timeout_ms":5000}
2026-09-26T23:50:26.386+03:00 [AGENT RESPONSE] {"id":77,"ok":true,"result":{"cursors":{"s1":534,"s2":507},"lines":[{"seq_first":487,"seq_last":489,"session":"s2","stream":"telemetry","text":"DELIVERY QUEUED source=2 bytes=1 waiting=1/8 in_flight=0"},{"seq_first":490,"seq_last":490,"session":"s2","stream":"telemetry","text":""},{"seq_first":490,"seq_last":492,"session":"s2","stream":"telemetry","text":"TX USER seq=20 frame=13B user=1B attempt=1/5 OK time=13 ms"},{"seq_first":493,"seq_last":493,"session":"s2","stream":"chat","text":"> B"},{"seq_first":494,"seq_last":497,"session":"s2","stream":"telemetry","text":"DELIVERY WAIT_ACK user=A24F/20 attempt=1/5 timeout=712ms queue=0"},{"seq_first":524,"seq_last":525,"session":"s1","stream":"telemetry","text":"PEER_REPORT our_seq=15 TX=-39/-1 Q100"},{"seq_first":526,"seq_last":526,"session":"s1","stream":"telemetry","text":""},{"seq_first":526,"seq_last":529,"session":"s1","stream":"telemetry","text":"RX USER session=A24F seq=20 frame=13B user=1B RX=-40/5 Q100 disposition=0"},{"seq_first":530,"seq_last":530,"session":"s1","stream":"chat","text":"< [-40/5 Q100] B"},{"seq_first":531,"seq_last":531,"session":"s1","stream":"telemetry","text":""},{"seq_first":498,"seq_last":499,"session":"s2","stream":"telemetry","text":"PEER_REPORT our_seq=20 TX=-40/5 Q100"},{"seq_first":500,"seq_last":500,"session":"s2","stream":"telemetry","text":""},{"seq_first":500,"seq_last":503,"session":"s2","stream":"telemetry","text":"RX ACK session=0BC7 seq=16 ack_to=A24F/20 frame=14B RX=-42/6 Q100"},{"seq_first":504,"seq_last":507,"session":"s2","stream":"telemetry","text":"DELIVERY ACK user=A24F/20 attempts=1/5 elapsed=222ms queue=0"},{"seq_first":531,"seq_last":534,"session":"s1","stream":"telemetry","text":"TX ACK seq=16 ack_to=A24F/20 frame=14B OK time=13 ms guard=500ms"}],"timed_out":false}}
2026-09-26T23:50:27.489+03:00 [AGENT REQUEST] {"id":78,"op":"send_line","session":"s2","text":"B"}
2026-09-26T23:50:27.490+03:00 [TX] {"data_b64":"Qgo=","device_key":"ble-address:e0:72:a1:d5:4c:15","kind":"tx","seq":508,"session":"s2","text":"B","timestamp":1790455827.4893749,"tx_id":20,"tx_state":"queued"}
2026-09-26T23:50:27.490+03:00 [AGENT RESPONSE] {"id":78,"ok":true,"result":{"state":"queued","tx_id":20}}
2026-09-26T23:50:27.490+03:00 [TX] {"data_b64":"Qgo=","description":"ble:LoRa-Chatter-72E0 E0:72:A1:D5:4C:15","device_key":"ble-address:e0:72:a1:d5:4c:15","kind":"tx","seq":509,"session":"s2","text":"B","timestamp":1790455827.4908519,"tx_id":20,"tx_state":"written"}
2026-09-26T23:50:27.550+03:00 [RX telemetry] {"data_b64":"UEVFUl9SRVBPUlQgb3VyX3NlcT0=","description":"ble:LoRa-Chatter-1B44 44:1B:F6:8D:B7:A9","device_key":"ble-address:44:1b:f6:8d:b7:a9","kind":"rx","seq":535,"session":"s1","stream":"telemetry","text":"PEER_REPORT our_seq=","timestamp":1790455827.5493007}
2026-09-26T23:50:27.550+03:00 [RX telemetry] {"data_b64":"MTYgVFg9LTQyLzYgUTEwMAo=","description":"ble:LoRa-Chatter-1B44 44:1B:F6:8D:B7:A9","device_key":"ble-address:44:1b:f6:8d:b7:a9","kind":"rx","seq":536,"session":"s1","stream":"telemetry","text":"16 TX=-42/6 Q100\n","timestamp":1790455827.5496237}
2026-09-26T23:50:27.550+03:00 [RX telemetry] {"data_b64":"ClJYIFVTRVIgc2Vzc2lvbj1BMjQ=","description":"ble:LoRa-Chatter-1B44 44:1B:F6:8D:B7:A9","device_key":"ble-address:44:1b:f6:8d:b7:a9","kind":"rx","seq":537,"session":"s1","stream":"telemetry","text":"\nRX USER session=A24","timestamp":1790455827.5497499}
2026-09-26T23:50:27.552+03:00 [RX telemetry] {"data_b64":"REVMSVZFUlkgUVVFVUVEIHNvdXI=","description":"ble:LoRa-Chatter-72E0 E0:72:A1:D5:4C:15","device_key":"ble-address:e0:72:a1:d5:4c:15","kind":"rx","seq":510,"session":"s2","stream":"telemetry","text":"DELIVERY QUEUED sour","timestamp":1790455827.5521133}
2026-09-26T23:50:27.552+03:00 [RX telemetry] {"data_b64":"Y2U9MiBieXRlcz0xIHdhaXRpbmc=","description":"ble:LoRa-Chatter-72E0 E0:72:A1:D5:4C:15","device_key":"ble-address:e0:72:a1:d5:4c:15","kind":"rx","seq":511,"session":"s2","stream":"telemetry","text":"ce=2 bytes=1 waiting","timestamp":1790455827.5521567}
2026-09-26T23:50:27.552+03:00 [RX telemetry] {"data_b64":"PTEvOCBpbl9mbGlnaHQ9MAo=","description":"ble:LoRa-Chatter-72E0 E0:72:A1:D5:4C:15","device_key":"ble-address:e0:72:a1:d5:4c:15","kind":"rx","seq":512,"session":"s2","stream":"telemetry","text":"=1/8 in_flight=0\n","timestamp":1790455827.5526097}
2026-09-26T23:50:27.552+03:00 [RX telemetry] {"data_b64":"ClRYIFVTRVIgc2VxPTIxIGZyYW0=","description":"ble:LoRa-Chatter-72E0 E0:72:A1:D5:4C:15","device_key":"ble-address:e0:72:a1:d5:4c:15","kind":"rx","seq":513,"session":"s2","stream":"telemetry","text":"\nTX USER seq=21 fram","timestamp":1790455827.552637}
2026-09-26T23:50:27.554+03:00 [RX telemetry] {"data_b64":"ZT0xM0IgdXNlcj0xQiBhdHRlbXA=","description":"ble:LoRa-Chatter-72E0 E0:72:A1:D5:4C:15","device_key":"ble-address:e0:72:a1:d5:4c:15","kind":"rx","seq":514,"session":"s2","stream":"telemetry","text":"e=13B user=1B attemp","timestamp":1790455827.5540516}
2026-09-26T23:50:27.555+03:00 [RX telemetry] {"data_b64":"dD0xLzUgT0sgdGltZT0xMyBtcwo=","description":"ble:LoRa-Chatter-72E0 E0:72:A1:D5:4C:15","device_key":"ble-address:e0:72:a1:d5:4c:15","kind":"rx","seq":515,"session":"s2","stream":"telemetry","text":"t=1/5 OK time=13 ms\n","timestamp":1790455827.5541108}
2026-09-26T23:50:27.555+03:00 [RX chat] {"data_b64":"PiBCCg==","description":"ble:LoRa-Chatter-72E0 E0:72:A1:D5:4C:15","device_key":"ble-address:e0:72:a1:d5:4c:15","kind":"rx","seq":516,"session":"s2","stream":"chat","text":"> B\n","timestamp":1790455827.5549095}
2026-09-26T23:50:27.557+03:00 [RX telemetry] {"data_b64":"REVMSVZFUlkgV0FJVF9BQ0sgdXM=","description":"ble:LoRa-Chatter-72E0 E0:72:A1:D5:4C:15","device_key":"ble-address:e0:72:a1:d5:4c:15","kind":"rx","seq":517,"session":"s2","stream":"telemetry","text":"DELIVERY WAIT_ACK us","timestamp":1790455827.5568511}
2026-09-26T23:50:27.557+03:00 [RX telemetry] {"data_b64":"ZXI9QTI0Ri8yMSBhdHRlbXB0PTE=","description":"ble:LoRa-Chatter-72E0 E0:72:A1:D5:4C:15","device_key":"ble-address:e0:72:a1:d5:4c:15","kind":"rx","seq":518,"session":"s2","stream":"telemetry","text":"er=A24F/21 attempt=1","timestamp":1790455827.5568836}
2026-09-26T23:50:27.557+03:00 [RX telemetry] {"data_b64":"LzUgdGltZW91dD03MTJtcyBxdWU=","description":"ble:LoRa-Chatter-72E0 E0:72:A1:D5:4C:15","device_key":"ble-address:e0:72:a1:d5:4c:15","kind":"rx","seq":519,"session":"s2","stream":"telemetry","text":"/5 timeout=712ms que","timestamp":1790455827.5572684}
2026-09-26T23:50:27.557+03:00 [RX telemetry] {"data_b64":"dWU9MAo=","description":"ble:LoRa-Chatter-72E0 E0:72:A1:D5:4C:15","device_key":"ble-address:e0:72:a1:d5:4c:15","kind":"rx","seq":520,"session":"s2","stream":"telemetry","text":"ue=0\n","timestamp":1790455827.5572891}
2026-09-26T23:50:27.592+03:00 [RX telemetry] {"data_b64":"RiBzZXE9MjEgZnJhbWU9MTNCIHU=","description":"ble:LoRa-Chatter-1B44 44:1B:F6:8D:B7:A9","device_key":"ble-address:44:1b:f6:8d:b7:a9","kind":"rx","seq":538,"session":"s1","stream":"telemetry","text":"F seq=21 frame=13B u","timestamp":1790455827.592282}
2026-09-26T23:50:27.592+03:00 [RX telemetry] {"data_b64":"c2VyPTFCIFJYPS0zNi81IFExMDA=","description":"ble:LoRa-Chatter-1B44 44:1B:F6:8D:B7:A9","device_key":"ble-address:44:1b:f6:8d:b7:a9","kind":"rx","seq":539,"session":"s1","stream":"telemetry","text":"ser=1B RX=-36/5 Q100","timestamp":1790455827.5923517}
2026-09-26T23:50:27.592+03:00 [RX telemetry] {"data_b64":"IGRpc3Bvc2l0aW9uPTAK","description":"ble:LoRa-Chatter-1B44 44:1B:F6:8D:B7:A9","device_key":"ble-address:44:1b:f6:8d:b7:a9","kind":"rx","seq":540,"session":"s1","stream":"telemetry","text":" disposition=0\n","timestamp":1790455827.5927484}
2026-09-26T23:50:27.638+03:00 [RX chat] {"data_b64":"PCBbLTM2LzUgUTEwMF0gQgo=","description":"ble:LoRa-Chatter-1B44 44:1B:F6:8D:B7:A9","device_key":"ble-address:44:1b:f6:8d:b7:a9","kind":"rx","seq":541,"session":"s1","stream":"chat","text":"< [-36/5 Q100] B\n","timestamp":1790455827.63794}
2026-09-26T23:50:27.773+03:00 [RX telemetry] {"data_b64":"ClRYIEFDSyBzZXE9MTcgYWNrX3Q=","description":"ble:LoRa-Chatter-1B44 44:1B:F6:8D:B7:A9","device_key":"ble-address:44:1b:f6:8d:b7:a9","kind":"rx","seq":542,"session":"s1","stream":"telemetry","text":"\nTX ACK seq=17 ack_t","timestamp":1790455827.77301}
2026-09-26T23:50:27.774+03:00 [RX telemetry] {"data_b64":"bz1BMjRGLzIxIGZyYW1lPTE0QiA=","description":"ble:LoRa-Chatter-1B44 44:1B:F6:8D:B7:A9","device_key":"ble-address:44:1b:f6:8d:b7:a9","kind":"rx","seq":543,"session":"s1","stream":"telemetry","text":"o=A24F/21 frame=14B ","timestamp":1790455827.7735488}
2026-09-26T23:50:27.774+03:00 [RX telemetry] {"data_b64":"T0sgdGltZT0xMyBtcyBndWFyZD0=","description":"ble:LoRa-Chatter-1B44 44:1B:F6:8D:B7:A9","device_key":"ble-address:44:1b:f6:8d:b7:a9","kind":"rx","seq":544,"session":"s1","stream":"telemetry","text":"OK time=13 ms guard=","timestamp":1790455827.7743604}
2026-09-26T23:50:27.778+03:00 [RX telemetry] {"data_b64":"UEVFUl9SRVBPUlQgb3VyX3NlcT0=","description":"ble:LoRa-Chatter-72E0 E0:72:A1:D5:4C:15","device_key":"ble-address:e0:72:a1:d5:4c:15","kind":"rx","seq":521,"session":"s2","stream":"telemetry","text":"PEER_REPORT our_seq=","timestamp":1790455827.7775054}
2026-09-26T23:50:27.779+03:00 [RX telemetry] {"data_b64":"MjEgVFg9LTM2LzUgUTEwMAo=","description":"ble:LoRa-Chatter-72E0 E0:72:A1:D5:4C:15","device_key":"ble-address:e0:72:a1:d5:4c:15","kind":"rx","seq":522,"session":"s2","stream":"telemetry","text":"21 TX=-36/5 Q100\n","timestamp":1790455827.7781675}
2026-09-26T23:50:27.779+03:00 [RX telemetry] {"data_b64":"ClJYIEFDSyBzZXNzaW9uPTBCQzc=","description":"ble:LoRa-Chatter-72E0 E0:72:A1:D5:4C:15","device_key":"ble-address:e0:72:a1:d5:4c:15","kind":"rx","seq":523,"session":"s2","stream":"telemetry","text":"\nRX ACK session=0BC7","timestamp":1790455827.7782454}
2026-09-26T23:50:27.779+03:00 [RX telemetry] {"data_b64":"IHNlcT0xNyBhY2tfdG89QTI0Ri8=","description":"ble:LoRa-Chatter-72E0 E0:72:A1:D5:4C:15","device_key":"ble-address:e0:72:a1:d5:4c:15","kind":"rx","seq":524,"session":"s2","stream":"telemetry","text":" seq=17 ack_to=A24F/","timestamp":1790455827.7795572}
2026-09-26T23:50:27.781+03:00 [RX telemetry] {"data_b64":"MjEgZnJhbWU9MTRCIFJYPS00Mi8=","description":"ble:LoRa-Chatter-72E0 E0:72:A1:D5:4C:15","device_key":"ble-address:e0:72:a1:d5:4c:15","kind":"rx","seq":525,"session":"s2","stream":"telemetry","text":"21 frame=14B RX=-42/","timestamp":1790455827.7815487}
2026-09-26T23:50:27.782+03:00 [RX telemetry] {"data_b64":"NiBRMTAwCg==","description":"ble:LoRa-Chatter-72E0 E0:72:A1:D5:4C:15","device_key":"ble-address:e0:72:a1:d5:4c:15","kind":"rx","seq":526,"session":"s2","stream":"telemetry","text":"6 Q100\n","timestamp":1790455827.7825496}
2026-09-26T23:50:27.783+03:00 [RX telemetry] {"data_b64":"REVMSVZFUlkgQUNLIHVzZXI9QTI=","description":"ble:LoRa-Chatter-72E0 E0:72:A1:D5:4C:15","device_key":"ble-address:e0:72:a1:d5:4c:15","kind":"rx","seq":527,"session":"s2","stream":"telemetry","text":"DELIVERY ACK user=A2","timestamp":1790455827.7826314}
2026-09-26T23:50:27.783+03:00 [RX telemetry] {"data_b64":"NEYvMjEgYXR0ZW1wdHM9MS81IGU=","description":"ble:LoRa-Chatter-72E0 E0:72:A1:D5:4C:15","device_key":"ble-address:e0:72:a1:d5:4c:15","kind":"rx","seq":528,"session":"s2","stream":"telemetry","text":"4F/21 attempts=1/5 e","timestamp":1790455827.7834373}
2026-09-26T23:50:27.783+03:00 [RX telemetry] {"data_b64":"bGFwc2VkPTIyMm1zIHF1ZXVlPTA=","description":"ble:LoRa-Chatter-72E0 E0:72:A1:D5:4C:15","device_key":"ble-address:e0:72:a1:d5:4c:15","kind":"rx","seq":529,"session":"s2","stream":"telemetry","text":"lapsed=222ms queue=0","timestamp":1790455827.783482}
2026-09-26T23:50:27.784+03:00 [RX telemetry] {"data_b64":"Cg==","description":"ble:LoRa-Chatter-72E0 E0:72:A1:D5:4C:15","device_key":"ble-address:e0:72:a1:d5:4c:15","kind":"rx","seq":530,"session":"s2","stream":"telemetry","text":"\n","timestamp":1790455827.7840607}
2026-09-26T23:50:27.817+03:00 [RX telemetry] {"data_b64":"NTAwbXMK","description":"ble:LoRa-Chatter-1B44 44:1B:F6:8D:B7:A9","device_key":"ble-address:44:1b:f6:8d:b7:a9","kind":"rx","seq":545,"session":"s1","stream":"telemetry","text":"500ms\n","timestamp":1790455827.816891}
2026-09-26T23:50:28.592+03:00 [AGENT REQUEST] {"id":79,"op":"observe","cursors":{"s1":534,"s2":507},"timeout_ms":5000}
2026-09-26T23:50:28.595+03:00 [AGENT RESPONSE] {"id":79,"ok":true,"result":{"cursors":{"s1":545,"s2":530},"lines":[{"seq_first":535,"seq_last":536,"session":"s1","stream":"telemetry","text":"PEER_REPORT our_seq=16 TX=-42/6 Q100"},{"seq_first":537,"seq_last":537,"session":"s1","stream":"telemetry","text":""},{"seq_first":510,"seq_last":512,"session":"s2","stream":"telemetry","text":"DELIVERY QUEUED source=2 bytes=1 waiting=1/8 in_flight=0"},{"seq_first":513,"seq_last":513,"session":"s2","stream":"telemetry","text":""},{"seq_first":513,"seq_last":515,"session":"s2","stream":"telemetry","text":"TX USER seq=21 frame=13B user=1B attempt=1/5 OK time=13 ms"},{"seq_first":516,"seq_last":516,"session":"s2","stream":"chat","text":"> B"},{"seq_first":517,"seq_last":520,"session":"s2","stream":"telemetry","text":"DELIVERY WAIT_ACK user=A24F/21 attempt=1/5 timeout=712ms queue=0"},{"seq_first":537,"seq_last":540,"session":"s1","stream":"telemetry","text":"RX USER session=A24F seq=21 frame=13B user=1B RX=-36/5 Q100 disposition=0"},{"seq_first":541,"seq_last":541,"session":"s1","stream":"chat","text":"< [-36/5 Q100] B"},{"seq_first":542,"seq_last":542,"session":"s1","stream":"telemetry","text":""},{"seq_first":521,"seq_last":522,"session":"s2","stream":"telemetry","text":"PEER_REPORT our_seq=21 TX=-36/5 Q100"},{"seq_first":523,"seq_last":523,"session":"s2","stream":"telemetry","text":""},{"seq_first":523,"seq_last":526,"session":"s2","stream":"telemetry","text":"RX ACK session=0BC7 seq=17 ack_to=A24F/21 frame=14B RX=-42/6 Q100"},{"seq_first":527,"seq_last":530,"session":"s2","stream":"telemetry","text":"DELIVERY ACK user=A24F/21 attempts=1/5 elapsed=222ms queue=0"},{"seq_first":542,"seq_last":545,"session":"s1","stream":"telemetry","text":"TX ACK seq=17 ack_to=A24F/21 frame=14B OK time=13 ms guard=500ms"}],"timed_out":false}}
2026-09-26T23:50:29.698+03:00 [AGENT REQUEST] {"id":80,"op":"send_line","session":"s2","text":"B"}
2026-09-26T23:50:29.700+03:00 [TX] {"data_b64":"Qgo=","device_key":"ble-address:e0:72:a1:d5:4c:15","kind":"tx","seq":531,"session":"s2","text":"B","timestamp":1790455829.698905,"tx_id":21,"tx_state":"queued"}
2026-09-26T23:50:29.701+03:00 [AGENT RESPONSE] {"id":80,"ok":true,"result":{"state":"queued","tx_id":21}}
2026-09-26T23:50:29.701+03:00 [TX] {"data_b64":"Qgo=","description":"ble:LoRa-Chatter-72E0 E0:72:A1:D5:4C:15","device_key":"ble-address:e0:72:a1:d5:4c:15","kind":"tx","seq":532,"session":"s2","text":"B","timestamp":1790455829.7018814,"tx_id":21,"tx_state":"written"}
2026-09-26T23:50:29.753+03:00 [RX telemetry] {"data_b64":"UEVFUl9SRVBPUlQgb3VyX3NlcT0=","description":"ble:LoRa-Chatter-1B44 44:1B:F6:8D:B7:A9","device_key":"ble-address:44:1b:f6:8d:b7:a9","kind":"rx","seq":546,"session":"s1","stream":"telemetry","text":"PEER_REPORT our_seq=","timestamp":1790455829.752873}
2026-09-26T23:50:29.753+03:00 [RX telemetry] {"data_b64":"MTcgVFg9LTQyLzYgUTEwMAo=","description":"ble:LoRa-Chatter-1B44 44:1B:F6:8D:B7:A9","device_key":"ble-address:44:1b:f6:8d:b7:a9","kind":"rx","seq":547,"session":"s1","stream":"telemetry","text":"17 TX=-42/6 Q100\n","timestamp":1790455829.7529616}
2026-09-26T23:50:29.753+03:00 [RX telemetry] {"data_b64":"ClJYIFVTRVIgc2Vzc2lvbj1BMjQ=","description":"ble:LoRa-Chatter-1B44 44:1B:F6:8D:B7:A9","device_key":"ble-address:44:1b:f6:8d:b7:a9","kind":"rx","seq":548,"session":"s1","stream":"telemetry","text":"\nRX USER session=A24","timestamp":1790455829.7530177}
2026-09-26T23:50:29.756+03:00 [RX telemetry] {"data_b64":"RiBzZXE9MjIgZnJhbWU9MTNCIHU=","description":"ble:LoRa-Chatter-1B44 44:1B:F6:8D:B7:A9","device_key":"ble-address:44:1b:f6:8d:b7:a9","kind":"rx","seq":549,"session":"s1","stream":"telemetry","text":"F seq=22 frame=13B u","timestamp":1790455829.756528}
2026-09-26T23:50:29.760+03:00 [RX telemetry] {"data_b64":"c2VyPTFCIFJYPS0zOS8yIFExMDA=","description":"ble:LoRa-Chatter-1B44 44:1B:F6:8D:B7:A9","device_key":"ble-address:44:1b:f6:8d:b7:a9","kind":"rx","seq":550,"session":"s1","stream":"telemetry","text":"ser=1B RX=-39/2 Q100","timestamp":1790455829.75983}
2026-09-26T23:50:29.760+03:00 [RX telemetry] {"data_b64":"IGRpc3Bvc2l0aW9uPTAK","description":"ble:LoRa-Chatter-1B44 44:1B:F6:8D:B7:A9","device_key":"ble-address:44:1b:f6:8d:b7:a9","kind":"rx","seq":551,"session":"s1","stream":"telemetry","text":" disposition=0\n","timestamp":1790455829.7599034}
2026-09-26T23:50:29.760+03:00 [RX chat] {"data_b64":"PCBbLTM5LzIgUTEwMF0gQgo=","description":"ble:LoRa-Chatter-1B44 44:1B:F6:8D:B7:A9","device_key":"ble-address:44:1b:f6:8d:b7:a9","kind":"rx","seq":552,"session":"s1","stream":"chat","text":"< [-39/2 Q100] B\n","timestamp":1790455829.759957}
2026-09-26T23:50:29.801+03:00 [RX telemetry] {"data_b64":"REVMSVZFUlkgUVVFVUVEIHNvdXI=","description":"ble:LoRa-Chatter-72E0 E0:72:A1:D5:4C:15","device_key":"ble-address:e0:72:a1:d5:4c:15","kind":"rx","seq":533,"session":"s2","stream":"telemetry","text":"DELIVERY QUEUED sour","timestamp":1790455829.8011768}
2026-09-26T23:50:29.801+03:00 [RX telemetry] {"data_b64":"Y2U9MiBieXRlcz0xIHdhaXRpbmc=","description":"ble:LoRa-Chatter-72E0 E0:72:A1:D5:4C:15","device_key":"ble-address:e0:72:a1:d5:4c:15","kind":"rx","seq":534,"session":"s2","stream":"telemetry","text":"ce=2 bytes=1 waiting","timestamp":1790455829.8012319}
2026-09-26T23:50:29.801+03:00 [RX telemetry] {"data_b64":"PTEvOCBpbl9mbGlnaHQ9MAo=","description":"ble:LoRa-Chatter-72E0 E0:72:A1:D5:4C:15","device_key":"ble-address:e0:72:a1:d5:4c:15","kind":"rx","seq":535,"session":"s2","stream":"telemetry","text":"=1/8 in_flight=0\n","timestamp":1790455829.8016207}
2026-09-26T23:50:29.803+03:00 [RX telemetry] {"data_b64":"ClRYIFVTRVIgc2VxPTIyIGZyYW0=","description":"ble:LoRa-Chatter-72E0 E0:72:A1:D5:4C:15","device_key":"ble-address:e0:72:a1:d5:4c:15","kind":"rx","seq":536,"session":"s2","stream":"telemetry","text":"\nTX USER seq=22 fram","timestamp":1790455829.8028793}
2026-09-26T23:50:29.803+03:00 [RX telemetry] {"data_b64":"ZT0xM0IgdXNlcj0xQiBhdHRlbXA=","description":"ble:LoRa-Chatter-72E0 E0:72:A1:D5:4C:15","device_key":"ble-address:e0:72:a1:d5:4c:15","kind":"rx","seq":537,"session":"s2","stream":"telemetry","text":"e=13B user=1B attemp","timestamp":1790455829.8031662}
2026-09-26T23:50:29.803+03:00 [RX telemetry] {"data_b64":"dD0xLzUgT0sgdGltZT0xMyBtcwo=","description":"ble:LoRa-Chatter-72E0 E0:72:A1:D5:4C:15","device_key":"ble-address:e0:72:a1:d5:4c:15","kind":"rx","seq":538,"session":"s2","stream":"telemetry","text":"t=1/5 OK time=13 ms\n","timestamp":1790455829.803198}
2026-09-26T23:50:29.806+03:00 [RX chat] {"data_b64":"PiBCCg==","description":"ble:LoRa-Chatter-72E0 E0:72:A1:D5:4C:15","device_key":"ble-address:e0:72:a1:d5:4c:15","kind":"rx","seq":539,"session":"s2","stream":"chat","text":"> B\n","timestamp":1790455829.805399}
2026-09-26T23:50:29.806+03:00 [RX telemetry] {"data_b64":"REVMSVZFUlkgV0FJVF9BQ0sgdXM=","description":"ble:LoRa-Chatter-72E0 E0:72:A1:D5:4C:15","device_key":"ble-address:e0:72:a1:d5:4c:15","kind":"rx","seq":540,"session":"s2","stream":"telemetry","text":"DELIVERY WAIT_ACK us","timestamp":1790455829.8059711}
2026-09-26T23:50:29.807+03:00 [RX telemetry] {"data_b64":"ZXI9QTI0Ri8yMiBhdHRlbXB0PTE=","description":"ble:LoRa-Chatter-72E0 E0:72:A1:D5:4C:15","device_key":"ble-address:e0:72:a1:d5:4c:15","kind":"rx","seq":541,"session":"s2","stream":"telemetry","text":"er=A24F/22 attempt=1","timestamp":1790455829.8069015}
2026-09-26T23:50:29.808+03:00 [RX telemetry] {"data_b64":"LzUgdGltZW91dD03MTJtcyBxdWU=","description":"ble:LoRa-Chatter-72E0 E0:72:A1:D5:4C:15","device_key":"ble-address:e0:72:a1:d5:4c:15","kind":"rx","seq":542,"session":"s2","stream":"telemetry","text":"/5 timeout=712ms que","timestamp":1790455829.8080022}
2026-09-26T23:50:29.808+03:00 [RX telemetry] {"data_b64":"dWU9MAo=","description":"ble:LoRa-Chatter-72E0 E0:72:A1:D5:4C:15","device_key":"ble-address:e0:72:a1:d5:4c:15","kind":"rx","seq":543,"session":"s2","stream":"telemetry","text":"ue=0\n","timestamp":1790455829.8080735}
2026-09-26T23:50:29.977+03:00 [RX telemetry] {"data_b64":"ClRYIEFDSyBzZXE9MTggYWNrX3Q=","description":"ble:LoRa-Chatter-1B44 44:1B:F6:8D:B7:A9","device_key":"ble-address:44:1b:f6:8d:b7:a9","kind":"rx","seq":553,"session":"s1","stream":"telemetry","text":"\nTX ACK seq=18 ack_t","timestamp":1790455829.976767}
2026-09-26T23:50:29.978+03:00 [RX telemetry] {"data_b64":"bz1BMjRGLzIyIGZyYW1lPTE0QiA=","description":"ble:LoRa-Chatter-1B44 44:1B:F6:8D:B7:A9","device_key":"ble-address:44:1b:f6:8d:b7:a9","kind":"rx","seq":554,"session":"s1","stream":"telemetry","text":"o=A24F/22 frame=14B ","timestamp":1790455829.9778883}
2026-09-26T23:50:29.979+03:00 [RX telemetry] {"data_b64":"T0sgdGltZT0xMyBtcyBndWFyZD0=","description":"ble:LoRa-Chatter-1B44 44:1B:F6:8D:B7:A9","device_key":"ble-address:44:1b:f6:8d:b7:a9","kind":"rx","seq":555,"session":"s1","stream":"telemetry","text":"OK time=13 ms guard=","timestamp":1790455829.9796352}
2026-09-26T23:50:29.981+03:00 [RX telemetry] {"data_b64":"UEVFUl9SRVBPUlQgb3VyX3NlcT0=","description":"ble:LoRa-Chatter-72E0 E0:72:A1:D5:4C:15","device_key":"ble-address:e0:72:a1:d5:4c:15","kind":"rx","seq":544,"session":"s2","stream":"telemetry","text":"PEER_REPORT our_seq=","timestamp":1790455829.9814353}
2026-09-26T23:50:29.982+03:00 [RX telemetry] {"data_b64":"MjIgVFg9LTM5LzMgUTEwMAo=","description":"ble:LoRa-Chatter-72E0 E0:72:A1:D5:4C:15","device_key":"ble-address:e0:72:a1:d5:4c:15","kind":"rx","seq":545,"session":"s2","stream":"telemetry","text":"22 TX=-39/3 Q100\n","timestamp":1790455829.9826033}
2026-09-26T23:50:29.983+03:00 [RX telemetry] {"data_b64":"ClJYIEFDSyBzZXNzaW9uPTBCQzc=","description":"ble:LoRa-Chatter-72E0 E0:72:A1:D5:4C:15","device_key":"ble-address:e0:72:a1:d5:4c:15","kind":"rx","seq":546,"session":"s2","stream":"telemetry","text":"\nRX ACK session=0BC7","timestamp":1790455829.9827137}
2026-09-26T23:50:29.984+03:00 [RX telemetry] {"data_b64":"IHNlcT0xOCBhY2tfdG89QTI0Ri8=","description":"ble:LoRa-Chatter-72E0 E0:72:A1:D5:4C:15","device_key":"ble-address:e0:72:a1:d5:4c:15","kind":"rx","seq":547,"session":"s2","stream":"telemetry","text":" seq=18 ack_to=A24F/","timestamp":1790455829.9841387}
2026-09-26T23:50:29.984+03:00 [RX telemetry] {"data_b64":"MjIgZnJhbWU9MTRCIFJYPS00MS8=","description":"ble:LoRa-Chatter-72E0 E0:72:A1:D5:4C:15","device_key":"ble-address:e0:72:a1:d5:4c:15","kind":"rx","seq":548,"session":"s2","stream":"telemetry","text":"22 frame=14B RX=-41/","timestamp":1790455829.9842112}
2026-09-26T23:50:29.985+03:00 [RX telemetry] {"data_b64":"NSBRMTAwCg==","description":"ble:LoRa-Chatter-72E0 E0:72:A1:D5:4C:15","device_key":"ble-address:e0:72:a1:d5:4c:15","kind":"rx","seq":549,"session":"s2","stream":"telemetry","text":"5 Q100\n","timestamp":1790455829.9848502}
2026-09-26T23:50:29.985+03:00 [RX telemetry] {"data_b64":"REVMSVZFUlkgQUNLIHVzZXI9QTI=","description":"ble:LoRa-Chatter-72E0 E0:72:A1:D5:4C:15","device_key":"ble-address:e0:72:a1:d5:4c:15","kind":"rx","seq":550,"session":"s2","stream":"telemetry","text":"DELIVERY ACK user=A2","timestamp":1790455829.9855042}
2026-09-26T23:50:29.986+03:00 [RX telemetry] {"data_b64":"NEYvMjIgYXR0ZW1wdHM9MS81IGU=","description":"ble:LoRa-Chatter-72E0 E0:72:A1:D5:4C:15","device_key":"ble-address:e0:72:a1:d5:4c:15","kind":"rx","seq":551,"session":"s2","stream":"telemetry","text":"4F/22 attempts=1/5 e","timestamp":1790455829.9861548}
2026-09-26T23:50:29.987+03:00 [RX telemetry] {"data_b64":"bGFwc2VkPTIyMm1zIHF1ZXVlPTA=","description":"ble:LoRa-Chatter-72E0 E0:72:A1:D5:4C:15","device_key":"ble-address:e0:72:a1:d5:4c:15","kind":"rx","seq":552,"session":"s2","stream":"telemetry","text":"lapsed=222ms queue=0","timestamp":1790455829.9870524}
2026-09-26T23:50:29.988+03:00 [RX telemetry] {"data_b64":"Cg==","description":"ble:LoRa-Chatter-72E0 E0:72:A1:D5:4C:15","device_key":"ble-address:e0:72:a1:d5:4c:15","kind":"rx","seq":553,"session":"s2","stream":"telemetry","text":"\n","timestamp":1790455829.9880805}
2026-09-26T23:50:30.022+03:00 [RX telemetry] {"data_b64":"NTAwbXMK","description":"ble:LoRa-Chatter-1B44 44:1B:F6:8D:B7:A9","device_key":"ble-address:44:1b:f6:8d:b7:a9","kind":"rx","seq":556,"session":"s1","stream":"telemetry","text":"500ms\n","timestamp":1790455830.0218177}
2026-09-26T23:50:30.802+03:00 [AGENT REQUEST] {"id":81,"op":"observe","cursors":{"s1":545,"s2":530},"timeout_ms":5000}
2026-09-26T23:50:30.803+03:00 [AGENT RESPONSE] {"id":81,"ok":true,"result":{"cursors":{"s1":556,"s2":553},"lines":[{"seq_first":546,"seq_last":547,"session":"s1","stream":"telemetry","text":"PEER_REPORT our_seq=17 TX=-42/6 Q100"},{"seq_first":548,"seq_last":548,"session":"s1","stream":"telemetry","text":""},{"seq_first":548,"seq_last":551,"session":"s1","stream":"telemetry","text":"RX USER session=A24F seq=22 frame=13B user=1B RX=-39/2 Q100 disposition=0"},{"seq_first":552,"seq_last":552,"session":"s1","stream":"chat","text":"< [-39/2 Q100] B"},{"seq_first":533,"seq_last":535,"session":"s2","stream":"telemetry","text":"DELIVERY QUEUED source=2 bytes=1 waiting=1/8 in_flight=0"},{"seq_first":536,"seq_last":536,"session":"s2","stream":"telemetry","text":""},{"seq_first":536,"seq_last":538,"session":"s2","stream":"telemetry","text":"TX USER seq=22 frame=13B user=1B attempt=1/5 OK time=13 ms"},{"seq_first":539,"seq_last":539,"session":"s2","stream":"chat","text":"> B"},{"seq_first":540,"seq_last":543,"session":"s2","stream":"telemetry","text":"DELIVERY WAIT_ACK user=A24F/22 attempt=1/5 timeout=712ms queue=0"},{"seq_first":553,"seq_last":553,"session":"s1","stream":"telemetry","text":""},{"seq_first":544,"seq_last":545,"session":"s2","stream":"telemetry","text":"PEER_REPORT our_seq=22 TX=-39/3 Q100"},{"seq_first":546,"seq_last":546,"session":"s2","stream":"telemetry","text":""},{"seq_first":546,"seq_last":549,"session":"s2","stream":"telemetry","text":"RX ACK session=0BC7 seq=18 ack_to=A24F/22 frame=14B RX=-41/5 Q100"},{"seq_first":550,"seq_last":553,"session":"s2","stream":"telemetry","text":"DELIVERY ACK user=A24F/22 attempts=1/5 elapsed=222ms queue=0"},{"seq_first":553,"seq_last":556,"session":"s1","stream":"telemetry","text":"TX ACK seq=18 ack_to=A24F/22 frame=14B OK time=13 ms guard=500ms"}],"timed_out":false}}
2026-09-26T23:50:31.906+03:00 [AGENT REQUEST] {"id":82,"op":"send_line","session":"s2","text":"B"}
2026-09-26T23:50:31.906+03:00 [AGENT RESPONSE] {"id":82,"ok":true,"result":{"state":"queued","tx_id":22}}
2026-09-26T23:50:31.907+03:00 [TX] {"data_b64":"Qgo=","device_key":"ble-address:e0:72:a1:d5:4c:15","kind":"tx","seq":554,"session":"s2","text":"B","timestamp":1790455831.9063618,"tx_id":22,"tx_state":"queued"}
2026-09-26T23:50:31.907+03:00 [TX] {"data_b64":"Qgo=","description":"ble:LoRa-Chatter-72E0 E0:72:A1:D5:4C:15","device_key":"ble-address:e0:72:a1:d5:4c:15","kind":"tx","seq":555,"session":"s2","text":"B","timestamp":1790455831.9078362,"tx_id":22,"tx_state":"written"}
2026-09-26T23:50:31.958+03:00 [RX telemetry] {"data_b64":"UEVFUl9SRVBPUlQgb3VyX3NlcT0=","description":"ble:LoRa-Chatter-1B44 44:1B:F6:8D:B7:A9","device_key":"ble-address:44:1b:f6:8d:b7:a9","kind":"rx","seq":557,"session":"s1","stream":"telemetry","text":"PEER_REPORT our_seq=","timestamp":1790455831.9575465}
2026-09-26T23:50:31.958+03:00 [RX telemetry] {"data_b64":"MTggVFg9LTQxLzUgUTEwMAo=","description":"ble:LoRa-Chatter-1B44 44:1B:F6:8D:B7:A9","device_key":"ble-address:44:1b:f6:8d:b7:a9","kind":"rx","seq":558,"session":"s1","stream":"telemetry","text":"18 TX=-41/5 Q100\n","timestamp":1790455831.9576838}
2026-09-26T23:50:31.958+03:00 [RX telemetry] {"data_b64":"ClJYIFVTRVIgc2Vzc2lvbj1BMjQ=","description":"ble:LoRa-Chatter-1B44 44:1B:F6:8D:B7:A9","device_key":"ble-address:44:1b:f6:8d:b7:a9","kind":"rx","seq":559,"session":"s1","stream":"telemetry","text":"\nRX USER session=A24","timestamp":1790455831.9577785}
2026-09-26T23:50:31.961+03:00 [RX telemetry] {"data_b64":"RiBzZXE9MjMgZnJhbWU9MTNCIHU=","description":"ble:LoRa-Chatter-1B44 44:1B:F6:8D:B7:A9","device_key":"ble-address:44:1b:f6:8d:b7:a9","kind":"rx","seq":560,"session":"s1","stream":"telemetry","text":"F seq=23 frame=13B u","timestamp":1790455831.9601748}
2026-09-26T23:50:31.962+03:00 [RX telemetry] {"data_b64":"c2VyPTFCIFJYPS0zNS8tMSBRMTA=","description":"ble:LoRa-Chatter-1B44 44:1B:F6:8D:B7:A9","device_key":"ble-address:44:1b:f6:8d:b7:a9","kind":"rx","seq":561,"session":"s1","stream":"telemetry","text":"ser=1B RX=-35/-1 Q10","timestamp":1790455831.9605055}
2026-09-26T23:50:31.963+03:00 [RX telemetry] {"data_b64":"MCBkaXNwb3NpdGlvbj0wCg==","description":"ble:LoRa-Chatter-1B44 44:1B:F6:8D:B7:A9","device_key":"ble-address:44:1b:f6:8d:b7:a9","kind":"rx","seq":562,"session":"s1","stream":"telemetry","text":"0 disposition=0\n","timestamp":1790455831.9605782}
2026-09-26T23:50:31.963+03:00 [RX chat] {"data_b64":"PCBbLTM1Ly0xIFExMDBdIEIK","description":"ble:LoRa-Chatter-1B44 44:1B:F6:8D:B7:A9","device_key":"ble-address:44:1b:f6:8d:b7:a9","kind":"rx","seq":563,"session":"s1","stream":"chat","text":"< [-35/-1 Q100] B\n","timestamp":1790455831.9630392}
2026-09-26T23:50:32.009+03:00 [RX telemetry] {"data_b64":"REVMSVZFUlkgUVVFVUVEIHNvdXI=","description":"ble:LoRa-Chatter-72E0 E0:72:A1:D5:4C:15","device_key":"ble-address:e0:72:a1:d5:4c:15","kind":"rx","seq":556,"session":"s2","stream":"telemetry","text":"DELIVERY QUEUED sour","timestamp":1790455832.0092044}
2026-09-26T23:50:32.010+03:00 [RX telemetry] {"data_b64":"Y2U9MiBieXRlcz0xIHdhaXRpbmc=","description":"ble:LoRa-Chatter-72E0 E0:72:A1:D5:4C:15","device_key":"ble-address:e0:72:a1:d5:4c:15","kind":"rx","seq":557,"session":"s2","stream":"telemetry","text":"ce=2 bytes=1 waiting","timestamp":1790455832.0093353}
2026-09-26T23:50:32.010+03:00 [RX telemetry] {"data_b64":"PTEvOCBpbl9mbGlnaHQ9MAo=","description":"ble:LoRa-Chatter-72E0 E0:72:A1:D5:4C:15","device_key":"ble-address:e0:72:a1:d5:4c:15","kind":"rx","seq":558,"session":"s2","stream":"telemetry","text":"=1/8 in_flight=0\n","timestamp":1790455832.0094185}
2026-09-26T23:50:32.010+03:00 [RX telemetry] {"data_b64":"ClRYIFVTRVIgc2VxPTIzIGZyYW0=","description":"ble:LoRa-Chatter-72E0 E0:72:A1:D5:4C:15","device_key":"ble-address:e0:72:a1:d5:4c:15","kind":"rx","seq":559,"session":"s2","stream":"telemetry","text":"\nTX USER seq=23 fram","timestamp":1790455832.0095072}
2026-09-26T23:50:32.013+03:00 [RX telemetry] {"data_b64":"ZT0xM0IgdXNlcj0xQiBhdHRlbXA=","description":"ble:LoRa-Chatter-72E0 E0:72:A1:D5:4C:15","device_key":"ble-address:e0:72:a1:d5:4c:15","kind":"rx","seq":560,"session":"s2","stream":"telemetry","text":"e=13B user=1B attemp","timestamp":1790455832.0118833}
2026-09-26T23:50:32.013+03:00 [RX telemetry] {"data_b64":"dD0xLzUgT0sgdGltZT0xMyBtcwo=","description":"ble:LoRa-Chatter-72E0 E0:72:A1:D5:4C:15","device_key":"ble-address:e0:72:a1:d5:4c:15","kind":"rx","seq":561,"session":"s2","stream":"telemetry","text":"t=1/5 OK time=13 ms\n","timestamp":1790455832.0120292}
2026-09-26T23:50:32.014+03:00 [RX chat] {"data_b64":"PiBCCg==","description":"ble:LoRa-Chatter-72E0 E0:72:A1:D5:4C:15","device_key":"ble-address:e0:72:a1:d5:4c:15","kind":"rx","seq":562,"session":"s2","stream":"chat","text":"> B\n","timestamp":1790455832.0121367}
2026-09-26T23:50:32.014+03:00 [RX telemetry] {"data_b64":"REVMSVZFUlkgV0FJVF9BQ0sgdXM=","description":"ble:LoRa-Chatter-72E0 E0:72:A1:D5:4C:15","device_key":"ble-address:e0:72:a1:d5:4c:15","kind":"rx","seq":563,"session":"s2","stream":"telemetry","text":"DELIVERY WAIT_ACK us","timestamp":1790455832.0136502}
2026-09-26T23:50:32.015+03:00 [RX telemetry] {"data_b64":"ZXI9QTI0Ri8yMyBhdHRlbXB0PTE=","description":"ble:LoRa-Chatter-72E0 E0:72:A1:D5:4C:15","device_key":"ble-address:e0:72:a1:d5:4c:15","kind":"rx","seq":564,"session":"s2","stream":"telemetry","text":"er=A24F/23 attempt=1","timestamp":1790455832.0137348}
2026-09-26T23:50:32.016+03:00 [RX telemetry] {"data_b64":"LzUgdGltZW91dD03MTJtcyBxdWU=","description":"ble:LoRa-Chatter-72E0 E0:72:A1:D5:4C:15","device_key":"ble-address:e0:72:a1:d5:4c:15","kind":"rx","seq":565,"session":"s2","stream":"telemetry","text":"/5 timeout=712ms que","timestamp":1790455832.015737}
2026-09-26T23:50:32.016+03:00 [RX telemetry] {"data_b64":"dWU9MAo=","description":"ble:LoRa-Chatter-72E0 E0:72:A1:D5:4C:15","device_key":"ble-address:e0:72:a1:d5:4c:15","kind":"rx","seq":566,"session":"s2","stream":"telemetry","text":"ue=0\n","timestamp":1790455832.015836}
2026-09-26T23:50:32.182+03:00 [RX telemetry] {"data_b64":"ClRYIEFDSyBzZXE9MTkgYWNrX3Q=","description":"ble:LoRa-Chatter-1B44 44:1B:F6:8D:B7:A9","device_key":"ble-address:44:1b:f6:8d:b7:a9","kind":"rx","seq":564,"session":"s1","stream":"telemetry","text":"\nTX ACK seq=19 ack_t","timestamp":1790455832.1821396}
2026-09-26T23:50:32.183+03:00 [RX telemetry] {"data_b64":"bz1BMjRGLzIzIGZyYW1lPTE0QiA=","description":"ble:LoRa-Chatter-1B44 44:1B:F6:8D:B7:A9","device_key":"ble-address:44:1b:f6:8d:b7:a9","kind":"rx","seq":565,"session":"s1","stream":"telemetry","text":"o=A24F/23 frame=14B ","timestamp":1790455832.1822758}
2026-09-26T23:50:32.183+03:00 [RX telemetry] {"data_b64":"T0sgdGltZT0xMyBtcyBndWFyZD0=","description":"ble:LoRa-Chatter-1B44 44:1B:F6:8D:B7:A9","device_key":"ble-address:44:1b:f6:8d:b7:a9","kind":"rx","seq":566,"session":"s1","stream":"telemetry","text":"OK time=13 ms guard=","timestamp":1790455832.1835155}
2026-09-26T23:50:32.187+03:00 [RX telemetry] {"data_b64":"UEVFUl9SRVBPUlQgb3VyX3NlcT0=","description":"ble:LoRa-Chatter-72E0 E0:72:A1:D5:4C:15","device_key":"ble-address:e0:72:a1:d5:4c:15","kind":"rx","seq":567,"session":"s2","stream":"telemetry","text":"PEER_REPORT our_seq=","timestamp":1790455832.186604}
2026-09-26T23:50:32.188+03:00 [RX telemetry] {"data_b64":"MjMgVFg9LTM1Ly0xIFExMDAK","description":"ble:LoRa-Chatter-72E0 E0:72:A1:D5:4C:15","device_key":"ble-address:e0:72:a1:d5:4c:15","kind":"rx","seq":568,"session":"s2","stream":"telemetry","text":"23 TX=-35/-1 Q100\n","timestamp":1790455832.1876864}
2026-09-26T23:50:32.188+03:00 [RX telemetry] {"data_b64":"ClJYIEFDSyBzZXNzaW9uPTBCQzc=","description":"ble:LoRa-Chatter-72E0 E0:72:A1:D5:4C:15","device_key":"ble-address:e0:72:a1:d5:4c:15","kind":"rx","seq":569,"session":"s2","stream":"telemetry","text":"\nRX ACK session=0BC7","timestamp":1790455832.1877975}
2026-09-26T23:50:32.189+03:00 [RX telemetry] {"data_b64":"IHNlcT0xOSBhY2tfdG89QTI0Ri8=","description":"ble:LoRa-Chatter-72E0 E0:72:A1:D5:4C:15","device_key":"ble-address:e0:72:a1:d5:4c:15","kind":"rx","seq":570,"session":"s2","stream":"telemetry","text":" seq=19 ack_to=A24F/","timestamp":1790455832.1889484}
2026-09-26T23:50:32.190+03:00 [RX telemetry] {"data_b64":"MjMgZnJhbWU9MTRCIFJYPS00NC8=","description":"ble:LoRa-Chatter-72E0 E0:72:A1:D5:4C:15","device_key":"ble-address:e0:72:a1:d5:4c:15","kind":"rx","seq":571,"session":"s2","stream":"telemetry","text":"23 frame=14B RX=-44/","timestamp":1790455832.189245}
2026-09-26T23:50:32.190+03:00 [RX telemetry] {"data_b64":"NCBRMTAwCg==","description":"ble:LoRa-Chatter-72E0 E0:72:A1:D5:4C:15","device_key":"ble-address:e0:72:a1:d5:4c:15","kind":"rx","seq":572,"session":"s2","stream":"telemetry","text":"4 Q100\n","timestamp":1790455832.189843}
2026-09-26T23:50:32.191+03:00 [RX telemetry] {"data_b64":"REVMSVZFUlkgQUNLIHVzZXI9QTI=","description":"ble:LoRa-Chatter-72E0 E0:72:A1:D5:4C:15","device_key":"ble-address:e0:72:a1:d5:4c:15","kind":"rx","seq":573,"session":"s2","stream":"telemetry","text":"DELIVERY ACK user=A2","timestamp":1790455832.1906526}
2026-09-26T23:50:32.191+03:00 [RX telemetry] {"data_b64":"NEYvMjMgYXR0ZW1wdHM9MS81IGU=","description":"ble:LoRa-Chatter-72E0 E0:72:A1:D5:4C:15","device_key":"ble-address:e0:72:a1:d5:4c:15","kind":"rx","seq":574,"session":"s2","stream":"telemetry","text":"4F/23 attempts=1/5 e","timestamp":1790455832.1907318}
2026-09-26T23:50:32.192+03:00 [RX telemetry] {"data_b64":"bGFwc2VkPTIyMm1zIHF1ZXVlPTA=","description":"ble:LoRa-Chatter-72E0 E0:72:A1:D5:4C:15","device_key":"ble-address:e0:72:a1:d5:4c:15","kind":"rx","seq":575,"session":"s2","stream":"telemetry","text":"lapsed=222ms queue=0","timestamp":1790455832.1915796}
2026-09-26T23:50:32.193+03:00 [RX telemetry] {"data_b64":"Cg==","description":"ble:LoRa-Chatter-72E0 E0:72:A1:D5:4C:15","device_key":"ble-address:e0:72:a1:d5:4c:15","kind":"rx","seq":576,"session":"s2","stream":"telemetry","text":"\n","timestamp":1790455832.1934414}
2026-09-26T23:50:32.227+03:00 [RX telemetry] {"data_b64":"NTAwbXMK","description":"ble:LoRa-Chatter-1B44 44:1B:F6:8D:B7:A9","device_key":"ble-address:44:1b:f6:8d:b7:a9","kind":"rx","seq":567,"session":"s1","stream":"telemetry","text":"500ms\n","timestamp":1790455832.227315}
2026-09-26T23:50:33.012+03:00 [AGENT REQUEST] {"id":83,"op":"observe","cursors":{"s1":556,"s2":553},"timeout_ms":5000}
2026-09-26T23:50:33.014+03:00 [AGENT RESPONSE] {"id":83,"ok":true,"result":{"cursors":{"s1":567,"s2":576},"lines":[{"seq_first":557,"seq_last":558,"session":"s1","stream":"telemetry","text":"PEER_REPORT our_seq=18 TX=-41/5 Q100"},{"seq_first":559,"seq_last":559,"session":"s1","stream":"telemetry","text":""},{"seq_first":559,"seq_last":562,"session":"s1","stream":"telemetry","text":"RX USER session=A24F seq=23 frame=13B user=1B RX=-35/-1 Q100 disposition=0"},{"seq_first":563,"seq_last":563,"session":"s1","stream":"chat","text":"< [-35/-1 Q100] B"},{"seq_first":556,"seq_last":558,"session":"s2","stream":"telemetry","text":"DELIVERY QUEUED source=2 bytes=1 waiting=1/8 in_flight=0"},{"seq_first":559,"seq_last":559,"session":"s2","stream":"telemetry","text":""},{"seq_first":559,"seq_last":561,"session":"s2","stream":"telemetry","text":"TX USER seq=23 frame=13B user=1B attempt=1/5 OK time=13 ms"},{"seq_first":562,"seq_last":562,"session":"s2","stream":"chat","text":"> B"},{"seq_first":563,"seq_last":566,"session":"s2","stream":"telemetry","text":"DELIVERY WAIT_ACK user=A24F/23 attempt=1/5 timeout=712ms queue=0"},{"seq_first":564,"seq_last":564,"session":"s1","stream":"telemetry","text":""},{"seq_first":567,"seq_last":568,"session":"s2","stream":"telemetry","text":"PEER_REPORT our_seq=23 TX=-35/-1 Q100"},{"seq_first":569,"seq_last":569,"session":"s2","stream":"telemetry","text":""},{"seq_first":569,"seq_last":572,"session":"s2","stream":"telemetry","text":"RX ACK session=0BC7 seq=19 ack_to=A24F/23 frame=14B RX=-44/4 Q100"},{"seq_first":573,"seq_last":576,"session":"s2","stream":"telemetry","text":"DELIVERY ACK user=A24F/23 attempts=1/5 elapsed=222ms queue=0"},{"seq_first":564,"seq_last":567,"session":"s1","stream":"telemetry","text":"TX ACK seq=19 ack_to=A24F/23 frame=14B OK time=13 ms guard=500ms"}],"timed_out":false}}
2026-09-26T23:51:06.291+03:00 [RX telemetry] {"data_b64":"ClNFU1NJT04gdD02NjBzIFRYIG8=","description":"ble:LoRa-Chatter-1B44 44:1B:F6:8D:B7:A9","device_key":"ble-address:44:1b:f6:8d:b7:a9","kind":"rx","seq":568,"session":"s1","stream":"telemetry","text":"\nSESSION t=660s TX o","timestamp":1790455866.291035}
2026-09-26T23:51:06.291+03:00 [RX telemetry] {"data_b64":"az0yMCB1c2VyPTEwIGVjaG9fcmU=","description":"ble:LoRa-Chatter-1B44 44:1B:F6:8D:B7:A9","device_key":"ble-address:44:1b:f6:8d:b7:a9","kind":"rx","seq":569,"session":"s1","stream":"telemetry","text":"k=20 user=10 echo_re","timestamp":1790455866.291147}
2026-09-26T23:51:06.293+03:00 [RX telemetry] {"data_b64":"cT0wIGVjaG9fcmVwPTAgaGI9MCg=","description":"ble:LoRa-Chatter-1B44 44:1B:F6:8D:B7:A9","device_key":"ble-address:44:1b:f6:8d:b7:a9","kind":"rx","seq":570,"session":"s1","stream":"telemetry","text":"q=0 echo_rep=0 hb=0(","timestamp":1790455866.2935152}
2026-09-26T23:51:06.294+03:00 [RX telemetry] {"data_b64":"aWRsZT0wKSBlcnI9MCBzdGFydGU=","description":"ble:LoRa-Chatter-1B44 44:1B:F6:8D:B7:A9","device_key":"ble-address:44:1b:f6:8d:b7:a9","kind":"rx","seq":571,"session":"s1","stream":"telemetry","text":"idle=0) err=0 starte","timestamp":1790455866.2944865}
2026-09-26T23:51:06.295+03:00 [RX telemetry] {"data_b64":"ZD0yMCBSWCBvaz0yMCB1c2VyPTE=","description":"ble:LoRa-Chatter-1B44 44:1B:F6:8D:B7:A9","device_key":"ble-address:44:1b:f6:8d:b7:a9","kind":"rx","seq":572,"session":"s1","stream":"telemetry","text":"d=20 RX ok=20 user=1","timestamp":1790455866.2945914}
2026-09-26T23:51:06.296+03:00 [RX telemetry] {"data_b64":"MCBlY2hvX3JlcT0wIGVjaG9fcmU=","description":"ble:LoRa-Chatter-1B44 44:1B:F6:8D:B7:A9","device_key":"ble-address:44:1b:f6:8d:b7:a9","kind":"rx","seq":573,"session":"s1","stream":"telemetry","text":"0 echo_req=0 echo_re","timestamp":1790455866.2956793}
2026-09-26T23:51:06.296+03:00 [RX telemetry] {"data_b64":"cD0wIGhiPTAgY3JjPTEgaGRyPTA=","description":"ble:LoRa-Chatter-1B44 44:1B:F6:8D:B7:A9","device_key":"ble-address:44:1b:f6:8d:b7:a9","kind":"rx","seq":574,"session":"s1","stream":"telemetry","text":"p=0 hb=0 crc=1 hdr=0","timestamp":1790455866.2957733}
2026-09-26T23:51:06.297+03:00 [RX telemetry] {"data_b64":"IGJhZD0wIHJlYWRlcnI9MCByZXA=","description":"ble:LoRa-Chatter-1B44 44:1B:F6:8D:B7:A9","device_key":"ble-address:44:1b:f6:8d:b7:a9","kind":"rx","seq":575,"session":"s1","stream":"telemetry","text":" bad=0 readerr=0 rep","timestamp":1790455866.2958395}
2026-09-26T23:51:06.298+03:00 [RX telemetry] {"data_b64":"b3J0cz0yMCBRPTEwMCUgZHJvcHM=","description":"ble:LoRa-Chatter-1B44 44:1B:F6:8D:B7:A9","device_key":"ble-address:44:1b:f6:8d:b7:a9","kind":"rx","seq":576,"session":"s1","stream":"telemetry","text":"orts=20 Q=100% drops","timestamp":1790455866.2970178}
2026-09-26T23:51:06.298+03:00 [RX telemetry] {"data_b64":"PTAgZmF0YWw9MAo=","description":"ble:LoRa-Chatter-1B44 44:1B:F6:8D:B7:A9","device_key":"ble-address:44:1b:f6:8d:b7:a9","kind":"rx","seq":577,"session":"s1","stream":"telemetry","text":"=0 fatal=0\n","timestamp":1790455866.297108}
2026-09-26T23:51:06.299+03:00 [RX telemetry] {"data_b64":"U0VTU0lPTiBDT1VSVEVTWSB3aW4=","description":"ble:LoRa-Chatter-1B44 44:1B:F6:8D:B7:A9","device_key":"ble-address:44:1b:f6:8d:b7:a9","kind":"rx","seq":578,"session":"s1","stream":"telemetry","text":"SESSION COURTESY win","timestamp":1790455866.297828}
2026-09-26T23:51:06.299+03:00 [RX telemetry] {"data_b64":"ZG93PTUwMDBtcyBwZWVyX3JlbGU=","description":"ble:LoRa-Chatter-1B44 44:1B:F6:8D:B7:A9","device_key":"ble-address:44:1b:f6:8d:b7:a9","kind":"rx","seq":579,"session":"s1","stream":"telemetry","text":"dow=5000ms peer_rele","timestamp":1790455866.2992215}
2026-09-26T23:51:06.299+03:00 [RX telemetry] {"data_b64":"YXNlPTAgZXhwaXJlZD0wIHlpZWw=","description":"ble:LoRa-Chatter-1B44 44:1B:F6:8D:B7:A9","device_key":"ble-address:44:1b:f6:8d:b7:a9","kind":"rx","seq":580,"session":"s1","stream":"telemetry","text":"ase=0 expired=0 yiel","timestamp":1790455866.299305}
2026-09-26T23:51:06.300+03:00 [RX telemetry] {"data_b64":"ZGluZz0wCg==","description":"ble:LoRa-Chatter-1B44 44:1B:F6:8D:B7:A9","device_key":"ble-address:44:1b:f6:8d:b7:a9","kind":"rx","seq":581,"session":"s1","stream":"telemetry","text":"ding=0\n","timestamp":1790455866.3004422}
2026-09-26T23:51:06.302+03:00 [RX telemetry] {"data_b64":"U0VTU0lPTiBESU8wX1RYIGFmZmU=","description":"ble:LoRa-Chatter-1B44 44:1B:F6:8D:B7:A9","device_key":"ble-address:44:1b:f6:8d:b7:a9","kind":"rx","seq":582,"session":"s1","stream":"telemetry","text":"SESSION DIO0_TX affe","timestamp":1790455866.3016841}
2026-09-26T23:51:06.303+03:00 [RX telemetry] {"data_b64":"Y3RlZD0wLzIwIGVwaXNvZGVzPTA=","description":"ble:LoRa-Chatter-1B44 44:1B:F6:8D:B7:A9","device_key":"ble-address:44:1b:f6:8d:b7:a9","kind":"rx","seq":583,"session":"s1","stream":"telemetry","text":"cted=0/20 episodes=0","timestamp":1790455866.3017793}
2026-09-26T23:51:06.303+03:00 [RX telemetry] {"data_b64":"IGF2Z19hbGw9MC4wMCBhdmdfYWY=","description":"ble:LoRa-Chatter-1B44 44:1B:F6:8D:B7:A9","device_key":"ble-address:44:1b:f6:8d:b7:a9","kind":"rx","seq":584,"session":"s1","stream":"telemetry","text":" avg_all=0.00 avg_af","timestamp":1790455866.302009}
2026-09-26T23:51:06.304+03:00 [RX telemetry] {"data_b64":"ZmVjdGVkPTAuMDAgaGlnaF9wb2w=","description":"ble:LoRa-Chatter-1B44 44:1B:F6:8D:B7:A9","device_key":"ble-address:44:1b:f6:8d:b7:a9","kind":"rx","seq":585,"session":"s1","stream":"telemetry","text":"fected=0.00 high_pol","timestamp":1790455866.3036928}
2026-09-26T23:51:06.304+03:00 [RX telemetry] {"data_b64":"bHM9MAo=","description":"ble:LoRa-Chatter-1B44 44:1B:F6:8D:B7:A9","device_key":"ble-address:44:1b:f6:8d:b7:a9","kind":"rx","seq":586,"session":"s1","stream":"telemetry","text":"ls=0\n","timestamp":1790455866.3037825}
2026-09-26T23:51:06.304+03:00 [RX telemetry] {"data_b64":"U0VTU0lPTiBSWF9QT0xMIHBvbGw=","description":"ble:LoRa-Chatter-1B44 44:1B:F6:8D:B7:A9","device_key":"ble-address:44:1b:f6:8d:b7:a9","kind":"rx","seq":587,"session":"s1","stream":"telemetry","text":"SESSION RX_POLL poll","timestamp":1790455866.3045824}
2026-09-26T23:51:06.305+03:00 [RX telemetry] {"data_b64":"cz02MDc1ODQgcnhkb25lPTIxIGk=","description":"ble:LoRa-Chatter-1B44 44:1B:F6:8D:B7:A9","device_key":"ble-address:44:1b:f6:8d:b7:a9","kind":"rx","seq":588,"session":"s1","stream":"telemetry","text":"s=607584 rxdone=21 i","timestamp":1790455866.3046386}
2026-09-26T23:51:06.305+03:00 [RX telemetry] {"data_b64":"bnRlcnZhbD0xMDAwdXMgRElPMF8=","description":"ble:LoRa-Chatter-1B44 44:1B:F6:8D:B7:A9","device_key":"ble-address:44:1b:f6:8d:b7:a9","kind":"rx","seq":589,"session":"s1","stream":"telemetry","text":"nterval=1000us DIO0_","timestamp":1790455866.3046825}
2026-09-26T23:51:06.306+03:00 [RX telemetry] {"data_b64":"UlggZmFsc2VfaGlnaF9lcD0wIGg=","description":"ble:LoRa-Chatter-1B44 44:1B:F6:8D:B7:A9","device_key":"ble-address:44:1b:f6:8d:b7:a9","kind":"rx","seq":590,"session":"s1","stream":"telemetry","text":"RX false_high_ep=0 h","timestamp":1790455866.3056753}
2026-09-26T23:51:06.306+03:00 [RX telemetry] {"data_b64":"aWdoX3BvbGxzPTAgcnhkb25lX2w=","description":"ble:LoRa-Chatter-1B44 44:1B:F6:8D:B7:A9","device_key":"ble-address:44:1b:f6:8d:b7:a9","kind":"rx","seq":591,"session":"s1","stream":"telemetry","text":"igh_polls=0 rxdone_l","timestamp":1790455866.3057432}
2026-09-26T23:51:06.306+03:00 [RX telemetry] {"data_b64":"b3c9MCBpc3I9ZGlzYWJsZWQK","description":"ble:LoRa-Chatter-1B44 44:1B:F6:8D:B7:A9","device_key":"ble-address:44:1b:f6:8d:b7:a9","kind":"rx","seq":592,"session":"s1","stream":"telemetry","text":"ow=0 isr=disabled\n","timestamp":1790455866.3058066}
2026-09-26T23:51:06.432+03:00 [RX telemetry] {"data_b64":"ClNFU1NJT04gdD02MDYwcyBUWCA=","description":"ble:LoRa-Chatter-72E0 E0:72:A1:D5:4C:15","device_key":"ble-address:e0:72:a1:d5:4c:15","kind":"rx","seq":577,"session":"s2","stream":"telemetry","text":"\nSESSION t=6060s TX ","timestamp":1790455866.4314778}
2026-09-26T23:51:06.433+03:00 [RX telemetry] {"data_b64":"b2s9MjQgdXNlcj0xMiBlY2hvX3I=","description":"ble:LoRa-Chatter-72E0 E0:72:A1:D5:4C:15","device_key":"ble-address:e0:72:a1:d5:4c:15","kind":"rx","seq":578,"session":"s2","stream":"telemetry","text":"ok=24 user=12 echo_r","timestamp":1790455866.4320607}
2026-09-26T23:51:06.433+03:00 [RX telemetry] {"data_b64":"ZXE9MCBlY2hvX3JlcD0wIGhiPTA=","description":"ble:LoRa-Chatter-72E0 E0:72:A1:D5:4C:15","device_key":"ble-address:e0:72:a1:d5:4c:15","kind":"rx","seq":579,"session":"s2","stream":"telemetry","text":"eq=0 echo_rep=0 hb=0","timestamp":1790455866.4321313}
2026-09-26T23:51:06.433+03:00 [RX telemetry] {"data_b64":"KGlkbGU9MCkgZXJyPTAgc3RhcnQ=","description":"ble:LoRa-Chatter-72E0 E0:72:A1:D5:4C:15","device_key":"ble-address:e0:72:a1:d5:4c:15","kind":"rx","seq":580,"session":"s2","stream":"telemetry","text":"(idle=0) err=0 start","timestamp":1790455866.432885}
2026-09-26T23:51:06.433+03:00 [RX telemetry] {"data_b64":"ZWQ9MjQgUlggb2s9MjQgdXNlcj0=","description":"ble:LoRa-Chatter-72E0 E0:72:A1:D5:4C:15","device_key":"ble-address:e0:72:a1:d5:4c:15","kind":"rx","seq":581,"session":"s2","stream":"telemetry","text":"ed=24 RX ok=24 user=","timestamp":1790455866.4329638}
2026-09-26T23:51:06.434+03:00 [RX telemetry] {"data_b64":"MTIgZWNob19yZXE9MCBlY2hvX3I=","description":"ble:LoRa-Chatter-72E0 E0:72:A1:D5:4C:15","device_key":"ble-address:e0:72:a1:d5:4c:15","kind":"rx","seq":582,"session":"s2","stream":"telemetry","text":"12 echo_req=0 echo_r","timestamp":1790455866.4342177}
2026-09-26T23:51:06.435+03:00 [RX telemetry] {"data_b64":"ZXA9MCBoYj0wIGNyYz0wIGhkcj0=","description":"ble:LoRa-Chatter-72E0 E0:72:A1:D5:4C:15","device_key":"ble-address:e0:72:a1:d5:4c:15","kind":"rx","seq":583,"session":"s2","stream":"telemetry","text":"ep=0 hb=0 crc=0 hdr=","timestamp":1790455866.4347572}
2026-09-26T23:51:06.435+03:00 [RX telemetry] {"data_b64":"MiBiYWQ9NCByZWFkZXJyPTAgcmU=","description":"ble:LoRa-Chatter-72E0 E0:72:A1:D5:4C:15","device_key":"ble-address:e0:72:a1:d5:4c:15","kind":"rx","seq":584,"session":"s2","stream":"telemetry","text":"2 bad=4 readerr=0 re","timestamp":1790455866.434812}
2026-09-26T23:51:06.436+03:00 [RX telemetry] {"data_b64":"cG9ydHM9MjEgUT0xMDAlIGRyb3A=","description":"ble:LoRa-Chatter-72E0 E0:72:A1:D5:4C:15","device_key":"ble-address:e0:72:a1:d5:4c:15","kind":"rx","seq":585,"session":"s2","stream":"telemetry","text":"ports=21 Q=100% drop","timestamp":1790455866.4359818}
2026-09-26T23:51:06.436+03:00 [RX telemetry] {"data_b64":"cz0wIGZhdGFsPTAK","description":"ble:LoRa-Chatter-72E0 E0:72:A1:D5:4C:15","device_key":"ble-address:e0:72:a1:d5:4c:15","kind":"rx","seq":586,"session":"s2","stream":"telemetry","text":"s=0 fatal=0\n","timestamp":1790455866.4367044}
2026-09-26T23:51:06.437+03:00 [RX telemetry] {"data_b64":"U0VTU0lPTiBDT1VSVEVTWSB3aW4=","description":"ble:LoRa-Chatter-72E0 E0:72:A1:D5:4C:15","device_key":"ble-address:e0:72:a1:d5:4c:15","kind":"rx","seq":587,"session":"s2","stream":"telemetry","text":"SESSION COURTESY win","timestamp":1790455866.4367537}
2026-09-26T23:51:06.438+03:00 [RX telemetry] {"data_b64":"ZG93PTUwMDBtcyBwZWVyX3JlbGU=","description":"ble:LoRa-Chatter-72E0 E0:72:A1:D5:4C:15","device_key":"ble-address:e0:72:a1:d5:4c:15","kind":"rx","seq":588,"session":"s2","stream":"telemetry","text":"dow=5000ms peer_rele","timestamp":1790455866.4379258}
2026-09-26T23:51:06.438+03:00 [RX telemetry] {"data_b64":"YXNlPTAgZXhwaXJlZD0wIHlpZWw=","description":"ble:LoRa-Chatter-72E0 E0:72:A1:D5:4C:15","device_key":"ble-address:e0:72:a1:d5:4c:15","kind":"rx","seq":589,"session":"s2","stream":"telemetry","text":"ase=0 expired=0 yiel","timestamp":1790455866.4386084}
2026-09-26T23:51:06.439+03:00 [RX telemetry] {"data_b64":"ZGluZz0wCg==","description":"ble:LoRa-Chatter-72E0 E0:72:A1:D5:4C:15","device_key":"ble-address:e0:72:a1:d5:4c:15","kind":"rx","seq":590,"session":"s2","stream":"telemetry","text":"ding=0\n","timestamp":1790455866.438651}
2026-09-26T23:51:06.441+03:00 [RX telemetry] {"data_b64":"U0VTU0lPTiBESU8wX1RYIGFmZmU=","description":"ble:LoRa-Chatter-72E0 E0:72:A1:D5:4C:15","device_key":"ble-address:e0:72:a1:d5:4c:15","kind":"rx","seq":591,"session":"s2","stream":"telemetry","text":"SESSION DIO0_TX affe","timestamp":1790455866.4408016}
2026-09-26T23:51:06.441+03:00 [RX telemetry] {"data_b64":"Y3RlZD0wLzI0IGVwaXNvZGVzPTA=","description":"ble:LoRa-Chatter-72E0 E0:72:A1:D5:4C:15","device_key":"ble-address:e0:72:a1:d5:4c:15","kind":"rx","seq":592,"session":"s2","stream":"telemetry","text":"cted=0/24 episodes=0","timestamp":1790455866.4408813}
2026-09-26T23:51:06.441+03:00 [RX telemetry] {"data_b64":"IGF2Z19hbGw9MC4wMCBhdmdfYWY=","description":"ble:LoRa-Chatter-72E0 E0:72:A1:D5:4C:15","device_key":"ble-address:e0:72:a1:d5:4c:15","kind":"rx","seq":593,"session":"s2","stream":"telemetry","text":" avg_all=0.00 avg_af","timestamp":1790455866.441073}
2026-09-26T23:51:06.443+03:00 [RX telemetry] {"data_b64":"ZmVjdGVkPTAuMDAgaGlnaF9wb2w=","description":"ble:LoRa-Chatter-72E0 E0:72:A1:D5:4C:15","device_key":"ble-address:e0:72:a1:d5:4c:15","kind":"rx","seq":594,"session":"s2","stream":"telemetry","text":"fected=0.00 high_pol","timestamp":1790455866.442896}
2026-09-26T23:51:06.443+03:00 [RX telemetry] {"data_b64":"bHM9MAo=","description":"ble:LoRa-Chatter-72E0 E0:72:A1:D5:4C:15","device_key":"ble-address:e0:72:a1:d5:4c:15","kind":"rx","seq":595,"session":"s2","stream":"telemetry","text":"ls=0\n","timestamp":1790455866.4432986}
2026-09-26T23:51:06.444+03:00 [RX telemetry] {"data_b64":"U0VTU0lPTiBSWF9QT0xMIHBvbGw=","description":"ble:LoRa-Chatter-72E0 E0:72:A1:D5:4C:15","device_key":"ble-address:e0:72:a1:d5:4c:15","kind":"rx","seq":596,"session":"s2","stream":"telemetry","text":"SESSION RX_POLL poll","timestamp":1790455866.4433486}
2026-09-26T23:51:06.444+03:00 [RX telemetry] {"data_b64":"cz01MTAwNzMyIHJ4ZG9uZT0zMCA=","description":"ble:LoRa-Chatter-72E0 E0:72:A1:D5:4C:15","device_key":"ble-address:e0:72:a1:d5:4c:15","kind":"rx","seq":597,"session":"s2","stream":"telemetry","text":"s=5100732 rxdone=30 ","timestamp":1790455866.44382}
2026-09-26T23:51:06.444+03:00 [RX telemetry] {"data_b64":"aW50ZXJ2YWw9MTAwMHVzIERJTzA=","description":"ble:LoRa-Chatter-72E0 E0:72:A1:D5:4C:15","device_key":"ble-address:e0:72:a1:d5:4c:15","kind":"rx","seq":598,"session":"s2","stream":"telemetry","text":"interval=1000us DIO0","timestamp":1790455866.44386}
2026-09-26T23:51:06.444+03:00 [RX telemetry] {"data_b64":"X1JYIGZhbHNlX2hpZ2hfZXA9MCA=","description":"ble:LoRa-Chatter-72E0 E0:72:A1:D5:4C:15","device_key":"ble-address:e0:72:a1:d5:4c:15","kind":"rx","seq":599,"session":"s2","stream":"telemetry","text":"_RX false_high_ep=0 ","timestamp":1790455866.4448087}
2026-09-26T23:51:06.445+03:00 [RX telemetry] {"data_b64":"aGlnaF9wb2xscz0wIHJ4ZG9uZV8=","description":"ble:LoRa-Chatter-72E0 E0:72:A1:D5:4C:15","device_key":"ble-address:e0:72:a1:d5:4c:15","kind":"rx","seq":600,"session":"s2","stream":"telemetry","text":"high_polls=0 rxdone_","timestamp":1790455866.4452603}
2026-09-26T23:51:06.445+03:00 [RX telemetry] {"data_b64":"bG93PTAgaXNyPWRpc2FibGVkCg==","description":"ble:LoRa-Chatter-72E0 E0:72:A1:D5:4C:15","device_key":"ble-address:e0:72:a1:d5:4c:15","kind":"rx","seq":601,"session":"s2","stream":"telemetry","text":"low=0 isr=disabled\n","timestamp":1790455866.4452884}
2026-09-26T23:51:29.564+03:00 [RX telemetry] {"data_b64":"ClJYIEhFQURFUiBFUlJPUiBJUlE=","description":"ble:LoRa-Chatter-72E0 E0:72:A1:D5:4C:15","device_key":"ble-address:e0:72:a1:d5:4c:15","kind":"rx","seq":602,"session":"s2","stream":"telemetry","text":"\nRX HEADER ERROR IRQ","timestamp":1790455889.5630887}
2026-09-26T23:51:29.565+03:00 [RX telemetry] {"data_b64":"PTB4NTAgUlg9LTExNi8tMTEK","description":"ble:LoRa-Chatter-72E0 E0:72:A1:D5:4C:15","device_key":"ble-address:e0:72:a1:d5:4c:15","kind":"rx","seq":603,"session":"s2","stream":"telemetry","text":"=0x50 RX=-116/-11\n","timestamp":1790455889.5633783}
2026-09-26T23:51:38.608+03:00 [RX telemetry] {"data_b64":"ClJYIENSQyBFUlJPUiBJUlE9MHg=","description":"ble:LoRa-Chatter-72E0 E0:72:A1:D5:4C:15","device_key":"ble-address:e0:72:a1:d5:4c:15","kind":"rx","seq":604,"session":"s2","stream":"telemetry","text":"\nRX CRC ERROR IRQ=0x","timestamp":1790455898.6080365}
2026-09-26T23:51:38.608+03:00 [RX telemetry] {"data_b64":"NzAgUlg9LTExOC8tMTIgbGVuPTc=","description":"ble:LoRa-Chatter-72E0 E0:72:A1:D5:4C:15","device_key":"ble-address:e0:72:a1:d5:4c:15","kind":"rx","seq":605,"session":"s2","stream":"telemetry","text":"70 RX=-118/-12 len=7","timestamp":1790455898.6081817}
2026-09-26T23:51:38.609+03:00 [RX telemetry] {"data_b64":"Nwo=","description":"ble:LoRa-Chatter-72E0 E0:72:A1:D5:4C:15","device_key":"ble-address:e0:72:a1:d5:4c:15","kind":"rx","seq":606,"session":"s2","stream":"telemetry","text":"7\n","timestamp":1790455898.6082253}
2026-09-26T23:52:06.276+03:00 [RX telemetry] {"data_b64":"ClNFU1NJT04gdD03MjBzIFRYIG8=","description":"ble:LoRa-Chatter-1B44 44:1B:F6:8D:B7:A9","device_key":"ble-address:44:1b:f6:8d:b7:a9","kind":"rx","seq":593,"session":"s1","stream":"telemetry","text":"\nSESSION t=720s TX o","timestamp":1790455926.276017}
2026-09-26T23:52:06.277+03:00 [RX telemetry] {"data_b64":"az0yMCB1c2VyPTEwIGVjaG9fcmU=","description":"ble:LoRa-Chatter-1B44 44:1B:F6:8D:B7:A9","device_key":"ble-address:44:1b:f6:8d:b7:a9","kind":"rx","seq":594,"session":"s1","stream":"telemetry","text":"k=20 user=10 echo_re","timestamp":1790455926.2761211}
2026-09-26T23:52:06.277+03:00 [RX telemetry] {"data_b64":"cT0wIGVjaG9fcmVwPTAgaGI9MCg=","description":"ble:LoRa-Chatter-1B44 44:1B:F6:8D:B7:A9","device_key":"ble-address:44:1b:f6:8d:b7:a9","kind":"rx","seq":595,"session":"s1","stream":"telemetry","text":"q=0 echo_rep=0 hb=0(","timestamp":1790455926.2770145}
2026-09-26T23:52:06.278+03:00 [RX telemetry] {"data_b64":"aWRsZT0wKSBlcnI9MCBzdGFydGU=","description":"ble:LoRa-Chatter-1B44 44:1B:F6:8D:B7:A9","device_key":"ble-address:44:1b:f6:8d:b7:a9","kind":"rx","seq":596,"session":"s1","stream":"telemetry","text":"idle=0) err=0 starte","timestamp":1790455926.2781854}
2026-09-26T23:52:06.279+03:00 [RX telemetry] {"data_b64":"ZD0yMCBSWCBvaz0yMCB1c2VyPTE=","description":"ble:LoRa-Chatter-1B44 44:1B:F6:8D:B7:A9","device_key":"ble-address:44:1b:f6:8d:b7:a9","kind":"rx","seq":597,"session":"s1","stream":"telemetry","text":"d=20 RX ok=20 user=1","timestamp":1790455926.2782822}
2026-09-26T23:52:06.280+03:00 [RX telemetry] {"data_b64":"MCBlY2hvX3JlcT0wIGVjaG9fcmU=","description":"ble:LoRa-Chatter-1B44 44:1B:F6:8D:B7:A9","device_key":"ble-address:44:1b:f6:8d:b7:a9","kind":"rx","seq":598,"session":"s1","stream":"telemetry","text":"0 echo_req=0 echo_re","timestamp":1790455926.2795837}
2026-09-26T23:52:06.281+03:00 [RX telemetry] {"data_b64":"cD0wIGhiPTAgY3JjPTEgaGRyPTA=","description":"ble:LoRa-Chatter-1B44 44:1B:F6:8D:B7:A9","device_key":"ble-address:44:1b:f6:8d:b7:a9","kind":"rx","seq":599,"session":"s1","stream":"telemetry","text":"p=0 hb=0 crc=1 hdr=0","timestamp":1790455926.279679}
2026-09-26T23:52:06.281+03:00 [RX telemetry] {"data_b64":"IGJhZD0wIHJlYWRlcnI9MCByZXA=","description":"ble:LoRa-Chatter-1B44 44:1B:F6:8D:B7:A9","device_key":"ble-address:44:1b:f6:8d:b7:a9","kind":"rx","seq":600,"session":"s1","stream":"telemetry","text":" bad=0 readerr=0 rep","timestamp":1790455926.2797425}
2026-09-26T23:52:06.282+03:00 [RX telemetry] {"data_b64":"b3J0cz0yMCBRPTEwMCUgZHJvcHM=","description":"ble:LoRa-Chatter-1B44 44:1B:F6:8D:B7:A9","device_key":"ble-address:44:1b:f6:8d:b7:a9","kind":"rx","seq":601,"session":"s1","stream":"telemetry","text":"orts=20 Q=100% drops","timestamp":1790455926.2826688}
2026-09-26T23:52:06.321+03:00 [RX telemetry] {"data_b64":"PTAgZmF0YWw9MAo=","description":"ble:LoRa-Chatter-1B44 44:1B:F6:8D:B7:A9","device_key":"ble-address:44:1b:f6:8d:b7:a9","kind":"rx","seq":602,"session":"s1","stream":"telemetry","text":"=0 fatal=0\n","timestamp":1790455926.3210592}
2026-09-26T23:52:06.322+03:00 [RX telemetry] {"data_b64":"U0VTU0lPTiBDT1VSVEVTWSB3aW4=","description":"ble:LoRa-Chatter-1B44 44:1B:F6:8D:B7:A9","device_key":"ble-address:44:1b:f6:8d:b7:a9","kind":"rx","seq":603,"session":"s1","stream":"telemetry","text":"SESSION COURTESY win","timestamp":1790455926.3211644}
2026-09-26T23:52:06.322+03:00 [RX telemetry] {"data_b64":"ZG93PTUwMDBtcyBwZWVyX3JlbGU=","description":"ble:LoRa-Chatter-1B44 44:1B:F6:8D:B7:A9","device_key":"ble-address:44:1b:f6:8d:b7:a9","kind":"rx","seq":604,"session":"s1","stream":"telemetry","text":"dow=5000ms peer_rele","timestamp":1790455926.3212066}
2026-09-26T23:52:06.322+03:00 [RX telemetry] {"data_b64":"YXNlPTAgZXhwaXJlZD0wIHlpZWw=","description":"ble:LoRa-Chatter-1B44 44:1B:F6:8D:B7:A9","device_key":"ble-address:44:1b:f6:8d:b7:a9","kind":"rx","seq":605,"session":"s1","stream":"telemetry","text":"ase=0 expired=0 yiel","timestamp":1790455926.3218522}
2026-09-26T23:52:06.322+03:00 [RX telemetry] {"data_b64":"ZGluZz0wCg==","description":"ble:LoRa-Chatter-1B44 44:1B:F6:8D:B7:A9","device_key":"ble-address:44:1b:f6:8d:b7:a9","kind":"rx","seq":606,"session":"s1","stream":"telemetry","text":"ding=0\n","timestamp":1790455926.321898}
2026-09-26T23:52:06.322+03:00 [RX telemetry] {"data_b64":"U0VTU0lPTiBESU8wX1RYIGFmZmU=","description":"ble:LoRa-Chatter-1B44 44:1B:F6:8D:B7:A9","device_key":"ble-address:44:1b:f6:8d:b7:a9","kind":"rx","seq":607,"session":"s1","stream":"telemetry","text":"SESSION DIO0_TX affe","timestamp":1790455926.3219266}
2026-09-26T23:52:06.323+03:00 [RX telemetry] {"data_b64":"Y3RlZD0wLzIwIGVwaXNvZGVzPTA=","description":"ble:LoRa-Chatter-1B44 44:1B:F6:8D:B7:A9","device_key":"ble-address:44:1b:f6:8d:b7:a9","kind":"rx","seq":608,"session":"s1","stream":"telemetry","text":"cted=0/20 episodes=0","timestamp":1790455926.3230734}
2026-09-26T23:52:06.323+03:00 [RX telemetry] {"data_b64":"IGF2Z19hbGw9MC4wMCBhdmdfYWY=","description":"ble:LoRa-Chatter-1B44 44:1B:F6:8D:B7:A9","device_key":"ble-address:44:1b:f6:8d:b7:a9","kind":"rx","seq":609,"session":"s1","stream":"telemetry","text":" avg_all=0.00 avg_af","timestamp":1790455926.323108}
2026-09-26T23:52:06.323+03:00 [RX telemetry] {"data_b64":"ZmVjdGVkPTAuMDAgaGlnaF9wb2w=","description":"ble:LoRa-Chatter-1B44 44:1B:F6:8D:B7:A9","device_key":"ble-address:44:1b:f6:8d:b7:a9","kind":"rx","seq":610,"session":"s1","stream":"telemetry","text":"fected=0.00 high_pol","timestamp":1790455926.323307}
2026-09-26T23:52:06.325+03:00 [RX telemetry] {"data_b64":"bHM9MAo=","description":"ble:LoRa-Chatter-1B44 44:1B:F6:8D:B7:A9","device_key":"ble-address:44:1b:f6:8d:b7:a9","kind":"rx","seq":611,"session":"s1","stream":"telemetry","text":"ls=0\n","timestamp":1790455926.325827}
2026-09-26T23:52:06.326+03:00 [RX telemetry] {"data_b64":"U0VTU0lPTiBSWF9QT0xMIHBvbGw=","description":"ble:LoRa-Chatter-1B44 44:1B:F6:8D:B7:A9","device_key":"ble-address:44:1b:f6:8d:b7:a9","kind":"rx","seq":612,"session":"s1","stream":"telemetry","text":"SESSION RX_POLL poll","timestamp":1790455926.326256}
2026-09-26T23:52:06.326+03:00 [RX telemetry] {"data_b64":"cz02NDc1NzIgcnhkb25lPTIxIGk=","description":"ble:LoRa-Chatter-1B44 44:1B:F6:8D:B7:A9","device_key":"ble-address:44:1b:f6:8d:b7:a9","kind":"rx","seq":613,"session":"s1","stream":"telemetry","text":"s=647572 rxdone=21 i","timestamp":1790455926.326288}
2026-09-26T23:52:06.326+03:00 [RX telemetry] {"data_b64":"bnRlcnZhbD0xMDAwdXMgRElPMF8=","description":"ble:LoRa-Chatter-1B44 44:1B:F6:8D:B7:A9","device_key":"ble-address:44:1b:f6:8d:b7:a9","kind":"rx","seq":614,"session":"s1","stream":"telemetry","text":"nterval=1000us DIO0_","timestamp":1790455926.3263083}
2026-09-26T23:52:06.328+03:00 [RX telemetry] {"data_b64":"UlggZmFsc2VfaGlnaF9lcD0wIGg=","description":"ble:LoRa-Chatter-1B44 44:1B:F6:8D:B7:A9","device_key":"ble-address:44:1b:f6:8d:b7:a9","kind":"rx","seq":615,"session":"s1","stream":"telemetry","text":"RX false_high_ep=0 h","timestamp":1790455926.3288243}
2026-09-26T23:52:06.329+03:00 [RX telemetry] {"data_b64":"aWdoX3BvbGxzPTAgcnhkb25lX2w=","description":"ble:LoRa-Chatter-1B44 44:1B:F6:8D:B7:A9","device_key":"ble-address:44:1b:f6:8d:b7:a9","kind":"rx","seq":616,"session":"s1","stream":"telemetry","text":"igh_polls=0 rxdone_l","timestamp":1790455926.329184}
2026-09-26T23:52:06.329+03:00 [RX telemetry] {"data_b64":"b3c9MCBpc3I9ZGlzYWJsZWQK","description":"ble:LoRa-Chatter-1B44 44:1B:F6:8D:B7:A9","device_key":"ble-address:44:1b:f6:8d:b7:a9","kind":"rx","seq":617,"session":"s1","stream":"telemetry","text":"ow=0 isr=disabled\n","timestamp":1790455926.3292158}
2026-09-26T23:52:06.414+03:00 [RX telemetry] {"data_b64":"ClNFU1NJT04gdD02MTIwcyBUWCA=","description":"ble:LoRa-Chatter-72E0 E0:72:A1:D5:4C:15","device_key":"ble-address:e0:72:a1:d5:4c:15","kind":"rx","seq":607,"session":"s2","stream":"telemetry","text":"\nSESSION t=6120s TX ","timestamp":1790455926.4140813}
2026-09-26T23:52:06.414+03:00 [RX telemetry] {"data_b64":"b2s9MjQgdXNlcj0xMiBlY2hvX3I=","description":"ble:LoRa-Chatter-72E0 E0:72:A1:D5:4C:15","device_key":"ble-address:e0:72:a1:d5:4c:15","kind":"rx","seq":608,"session":"s2","stream":"telemetry","text":"ok=24 user=12 echo_r","timestamp":1790455926.4145095}
2026-09-26T23:52:06.417+03:00 [RX telemetry] {"data_b64":"ZXE9MCBlY2hvX3JlcD0wIGhiPTA=","description":"ble:LoRa-Chatter-72E0 E0:72:A1:D5:4C:15","device_key":"ble-address:e0:72:a1:d5:4c:15","kind":"rx","seq":609,"session":"s2","stream":"telemetry","text":"eq=0 echo_rep=0 hb=0","timestamp":1790455926.4169266}
2026-09-26T23:52:06.417+03:00 [RX telemetry] {"data_b64":"KGlkbGU9MCkgZXJyPTAgc3RhcnQ=","description":"ble:LoRa-Chatter-72E0 E0:72:A1:D5:4C:15","device_key":"ble-address:e0:72:a1:d5:4c:15","kind":"rx","seq":610,"session":"s2","stream":"telemetry","text":"(idle=0) err=0 start","timestamp":1790455926.4177132}
2026-09-26T23:52:06.417+03:00 [RX telemetry] {"data_b64":"ZWQ9MjQgUlggb2s9MjQgdXNlcj0=","description":"ble:LoRa-Chatter-72E0 E0:72:A1:D5:4C:15","device_key":"ble-address:e0:72:a1:d5:4c:15","kind":"rx","seq":611,"session":"s2","stream":"telemetry","text":"ed=24 RX ok=24 user=","timestamp":1790455926.417737}
2026-09-26T23:52:06.460+03:00 [RX telemetry] {"data_b64":"MTIgZWNob19yZXE9MCBlY2hvX3I=","description":"ble:LoRa-Chatter-72E0 E0:72:A1:D5:4C:15","device_key":"ble-address:e0:72:a1:d5:4c:15","kind":"rx","seq":612,"session":"s2","stream":"telemetry","text":"12 echo_req=0 echo_r","timestamp":1790455926.4601395}
2026-09-26T23:52:06.460+03:00 [RX telemetry] {"data_b64":"ZXA9MCBoYj0wIGNyYz0xIGhkcj0=","description":"ble:LoRa-Chatter-72E0 E0:72:A1:D5:4C:15","device_key":"ble-address:e0:72:a1:d5:4c:15","kind":"rx","seq":613,"session":"s2","stream":"telemetry","text":"ep=0 hb=0 crc=1 hdr=","timestamp":1790455926.4602208}
2026-09-26T23:52:06.461+03:00 [RX telemetry] {"data_b64":"MyBiYWQ9NCByZWFkZXJyPTAgcmU=","description":"ble:LoRa-Chatter-72E0 E0:72:A1:D5:4C:15","device_key":"ble-address:e0:72:a1:d5:4c:15","kind":"rx","seq":614,"session":"s2","stream":"telemetry","text":"3 bad=4 readerr=0 re","timestamp":1790455926.4614506}
2026-09-26T23:52:06.462+03:00 [RX telemetry] {"data_b64":"cG9ydHM9MjEgUT0xMDAlIGRyb3A=","description":"ble:LoRa-Chatter-72E0 E0:72:A1:D5:4C:15","device_key":"ble-address:e0:72:a1:d5:4c:15","kind":"rx","seq":615,"session":"s2","stream":"telemetry","text":"ports=21 Q=100% drop","timestamp":1790455926.4622993}
2026-09-26T23:52:06.463+03:00 [RX telemetry] {"data_b64":"cz0wIGZhdGFsPTAK","description":"ble:LoRa-Chatter-72E0 E0:72:A1:D5:4C:15","device_key":"ble-address:e0:72:a1:d5:4c:15","kind":"rx","seq":616,"session":"s2","stream":"telemetry","text":"s=0 fatal=0\n","timestamp":1790455926.4630785}
2026-09-26T23:52:06.464+03:00 [RX telemetry] {"data_b64":"U0VTU0lPTiBDT1VSVEVTWSB3aW4=","description":"ble:LoRa-Chatter-72E0 E0:72:A1:D5:4C:15","device_key":"ble-address:e0:72:a1:d5:4c:15","kind":"rx","seq":617,"session":"s2","stream":"telemetry","text":"SESSION COURTESY win","timestamp":1790455926.464003}
2026-09-26T23:52:06.465+03:00 [RX telemetry] {"data_b64":"ZG93PTUwMDBtcyBwZWVyX3JlbGU=","description":"ble:LoRa-Chatter-72E0 E0:72:A1:D5:4C:15","device_key":"ble-address:e0:72:a1:d5:4c:15","kind":"rx","seq":618,"session":"s2","stream":"telemetry","text":"dow=5000ms peer_rele","timestamp":1790455926.4640608}
2026-09-26T23:52:06.466+03:00 [RX telemetry] {"data_b64":"YXNlPTAgZXhwaXJlZD0wIHlpZWw=","description":"ble:LoRa-Chatter-72E0 E0:72:A1:D5:4C:15","device_key":"ble-address:e0:72:a1:d5:4c:15","kind":"rx","seq":619,"session":"s2","stream":"telemetry","text":"ase=0 expired=0 yiel","timestamp":1790455926.464603}
2026-09-26T23:52:06.466+03:00 [RX telemetry] {"data_b64":"ZGluZz0wCg==","description":"ble:LoRa-Chatter-72E0 E0:72:A1:D5:4C:15","device_key":"ble-address:e0:72:a1:d5:4c:15","kind":"rx","seq":620,"session":"s2","stream":"telemetry","text":"ding=0\n","timestamp":1790455926.466257}
2026-09-26T23:52:06.467+03:00 [RX telemetry] {"data_b64":"U0VTU0lPTiBESU8wX1RYIGFmZmU=","description":"ble:LoRa-Chatter-72E0 E0:72:A1:D5:4C:15","device_key":"ble-address:e0:72:a1:d5:4c:15","kind":"rx","seq":621,"session":"s2","stream":"telemetry","text":"SESSION DIO0_TX affe","timestamp":1790455926.4663706}
2026-09-26T23:52:06.467+03:00 [RX telemetry] {"data_b64":"Y3RlZD0wLzI0IGVwaXNvZGVzPTA=","description":"ble:LoRa-Chatter-72E0 E0:72:A1:D5:4C:15","device_key":"ble-address:e0:72:a1:d5:4c:15","kind":"rx","seq":622,"session":"s2","stream":"telemetry","text":"cted=0/24 episodes=0","timestamp":1790455926.4664538}
2026-09-26T23:52:06.468+03:00 [RX telemetry] {"data_b64":"IGF2Z19hbGw9MC4wMCBhdmdfYWY=","description":"ble:LoRa-Chatter-72E0 E0:72:A1:D5:4C:15","device_key":"ble-address:e0:72:a1:d5:4c:15","kind":"rx","seq":623,"session":"s2","stream":"telemetry","text":" avg_all=0.00 avg_af","timestamp":1790455926.4684653}
2026-09-26T23:52:06.470+03:00 [RX telemetry] {"data_b64":"ZmVjdGVkPTAuMDAgaGlnaF9wb2w=","description":"ble:LoRa-Chatter-72E0 E0:72:A1:D5:4C:15","device_key":"ble-address:e0:72:a1:d5:4c:15","kind":"rx","seq":624,"session":"s2","stream":"telemetry","text":"fected=0.00 high_pol","timestamp":1790455926.4698591}
2026-09-26T23:52:06.470+03:00 [RX telemetry] {"data_b64":"bHM9MAo=","description":"ble:LoRa-Chatter-72E0 E0:72:A1:D5:4C:15","device_key":"ble-address:e0:72:a1:d5:4c:15","kind":"rx","seq":625,"session":"s2","stream":"telemetry","text":"ls=0\n","timestamp":1790455926.4699712}
2026-09-26T23:52:06.473+03:00 [RX telemetry] {"data_b64":"U0VTU0lPTiBSWF9QT0xMIHBvbGw=","description":"ble:LoRa-Chatter-72E0 E0:72:A1:D5:4C:15","device_key":"ble-address:e0:72:a1:d5:4c:15","kind":"rx","seq":626,"session":"s2","stream":"telemetry","text":"SESSION RX_POLL poll","timestamp":1790455926.471187}
2026-09-26T23:52:06.473+03:00 [RX telemetry] {"data_b64":"cz01MTUyODM3IHJ4ZG9uZT0zMiA=","description":"ble:LoRa-Chatter-72E0 E0:72:A1:D5:4C:15","device_key":"ble-address:e0:72:a1:d5:4c:15","kind":"rx","seq":627,"session":"s2","stream":"telemetry","text":"s=5152837 rxdone=32 ","timestamp":1790455926.4717028}
2026-09-26T23:52:06.474+03:00 [RX telemetry] {"data_b64":"aW50ZXJ2YWw9MTAwMHVzIERJTzA=","description":"ble:LoRa-Chatter-72E0 E0:72:A1:D5:4C:15","device_key":"ble-address:e0:72:a1:d5:4c:15","kind":"rx","seq":628,"session":"s2","stream":"telemetry","text":"interval=1000us DIO0","timestamp":1790455926.4736722}
2026-09-26T23:52:06.474+03:00 [RX telemetry] {"data_b64":"X1JYIGZhbHNlX2hpZ2hfZXA9MCA=","description":"ble:LoRa-Chatter-72E0 E0:72:A1:D5:4C:15","device_key":"ble-address:e0:72:a1:d5:4c:15","kind":"rx","seq":629,"session":"s2","stream":"telemetry","text":"_RX false_high_ep=0 ","timestamp":1790455926.4737074}
2026-09-26T23:52:06.474+03:00 [RX telemetry] {"data_b64":"aGlnaF9wb2xscz0wIHJ4ZG9uZV8=","description":"ble:LoRa-Chatter-72E0 E0:72:A1:D5:4C:15","device_key":"ble-address:e0:72:a1:d5:4c:15","kind":"rx","seq":630,"session":"s2","stream":"telemetry","text":"high_polls=0 rxdone_","timestamp":1790455926.4737267}
2026-09-26T23:52:06.474+03:00 [RX telemetry] {"data_b64":"bG93PTAgaXNyPWRpc2FibGVkCg==","description":"ble:LoRa-Chatter-72E0 E0:72:A1:D5:4C:15","device_key":"ble-address:e0:72:a1:d5:4c:15","kind":"rx","seq":631,"session":"s2","stream":"telemetry","text":"low=0 isr=disabled\n","timestamp":1790455926.473742}
2026-09-26T23:52:11.854+03:00 [AGENT REQUEST] {"id":84,"op":"send_line","session":"s1","text":"7A0801XX"}
2026-09-26T23:52:11.855+03:00 [TX] {"data_b64":"N0EwODAxWFgK","device_key":"ble-address:44:1b:f6:8d:b7:a9","kind":"tx","seq":618,"session":"s1","text":"7A0801XX","timestamp":1790455931.8551323,"tx_id":23,"tx_state":"queued"}
2026-09-26T23:52:11.855+03:00 [AGENT RESPONSE] {"id":84,"ok":true,"result":{"state":"queued","tx_id":23}}
2026-09-26T23:52:11.856+03:00 [TX] {"data_b64":"N0EwODAxWFgK","description":"ble:LoRa-Chatter-1B44 44:1B:F6:8D:B7:A9","device_key":"ble-address:44:1b:f6:8d:b7:a9","kind":"tx","seq":619,"session":"s1","text":"7A0801XX","timestamp":1790455931.8561256,"tx_id":23,"tx_state":"written"}
2026-09-26T23:52:11.944+03:00 [RX telemetry] {"data_b64":"REVMSVZFUlkgUVVFVUVEIHNvdXI=","description":"ble:LoRa-Chatter-1B44 44:1B:F6:8D:B7:A9","device_key":"ble-address:44:1b:f6:8d:b7:a9","kind":"rx","seq":620,"session":"s1","stream":"telemetry","text":"DELIVERY QUEUED sour","timestamp":1790455931.944093}
2026-09-26T23:52:11.944+03:00 [RX telemetry] {"data_b64":"Y2U9MiBieXRlcz04IHdhaXRpbmc=","description":"ble:LoRa-Chatter-1B44 44:1B:F6:8D:B7:A9","device_key":"ble-address:44:1b:f6:8d:b7:a9","kind":"rx","seq":621,"session":"s1","stream":"telemetry","text":"ce=2 bytes=8 waiting","timestamp":1790455931.944508}
2026-09-26T23:52:11.946+03:00 [RX telemetry] {"data_b64":"PTEvOCBpbl9mbGlnaHQ9MAo=","description":"ble:LoRa-Chatter-1B44 44:1B:F6:8D:B7:A9","device_key":"ble-address:44:1b:f6:8d:b7:a9","kind":"rx","seq":622,"session":"s1","stream":"telemetry","text":"=1/8 in_flight=0\n","timestamp":1790455931.9460013}
2026-09-26T23:52:11.946+03:00 [RX telemetry] {"data_b64":"ClRYIFVTRVIgc2VxPTIwIGZyYW0=","description":"ble:LoRa-Chatter-1B44 44:1B:F6:8D:B7:A9","device_key":"ble-address:44:1b:f6:8d:b7:a9","kind":"rx","seq":623,"session":"s1","stream":"telemetry","text":"\nTX USER seq=20 fram","timestamp":1790455931.9464965}
2026-09-26T23:52:11.946+03:00 [RX telemetry] {"data_b64":"ZT0yMEIgdXNlcj04QiBhdHRlbXA=","description":"ble:LoRa-Chatter-1B44 44:1B:F6:8D:B7:A9","device_key":"ble-address:44:1b:f6:8d:b7:a9","kind":"rx","seq":624,"session":"s1","stream":"telemetry","text":"e=20B user=8B attemp","timestamp":1790455931.9465282}
2026-09-26T23:52:11.947+03:00 [RX telemetry] {"data_b64":"dD0xLzUgT0sgdGltZT0xNiBtcwo=","description":"ble:LoRa-Chatter-1B44 44:1B:F6:8D:B7:A9","device_key":"ble-address:44:1b:f6:8d:b7:a9","kind":"rx","seq":625,"session":"s1","stream":"telemetry","text":"t=1/5 OK time=16 ms\n","timestamp":1790455931.9478486}
2026-09-26T23:52:11.948+03:00 [RX chat] {"data_b64":"PiA3QTA4MDFYWAo=","description":"ble:LoRa-Chatter-1B44 44:1B:F6:8D:B7:A9","device_key":"ble-address:44:1b:f6:8d:b7:a9","kind":"rx","seq":626,"session":"s1","stream":"chat","text":"> 7A0801XX\n","timestamp":1790455931.9481733}
2026-09-26T23:52:11.948+03:00 [RX telemetry] {"data_b64":"REVMSVZFUlkgV0FJVF9BQ0sgdXM=","description":"ble:LoRa-Chatter-1B44 44:1B:F6:8D:B7:A9","device_key":"ble-address:44:1b:f6:8d:b7:a9","kind":"rx","seq":627,"session":"s1","stream":"telemetry","text":"DELIVERY WAIT_ACK us","timestamp":1790455931.948405}
2026-09-26T23:52:11.948+03:00 [RX telemetry] {"data_b64":"ZXI9MEJDNy8yMCBhdHRlbXB0PTE=","description":"ble:LoRa-Chatter-1B44 44:1B:F6:8D:B7:A9","device_key":"ble-address:44:1b:f6:8d:b7:a9","kind":"rx","seq":628,"session":"s1","stream":"telemetry","text":"er=0BC7/20 attempt=1","timestamp":1790455931.94844}
2026-09-26T23:52:11.950+03:00 [RX telemetry] {"data_b64":"LzUgdGltZW91dD03MTJtcyBxdWU=","description":"ble:LoRa-Chatter-1B44 44:1B:F6:8D:B7:A9","device_key":"ble-address:44:1b:f6:8d:b7:a9","kind":"rx","seq":629,"session":"s1","stream":"telemetry","text":"/5 timeout=712ms que","timestamp":1790455931.9508433}
2026-09-26T23:52:11.951+03:00 [RX telemetry] {"data_b64":"dWU9MAo=","description":"ble:LoRa-Chatter-1B44 44:1B:F6:8D:B7:A9","device_key":"ble-address:44:1b:f6:8d:b7:a9","kind":"rx","seq":630,"session":"s1","stream":"telemetry","text":"ue=0\n","timestamp":1790455931.9511094}
2026-09-26T23:52:11.995+03:00 [RX telemetry] {"data_b64":"UEVFUl9SRVBPUlQgb3VyX3NlcT0=","description":"ble:LoRa-Chatter-72E0 E0:72:A1:D5:4C:15","device_key":"ble-address:e0:72:a1:d5:4c:15","kind":"rx","seq":632,"session":"s2","stream":"telemetry","text":"PEER_REPORT our_seq=","timestamp":1790455931.9951549}
2026-09-26T23:52:11.995+03:00 [RX telemetry] {"data_b64":"MjMgVFg9LTM1Ly0xIFExMDAK","description":"ble:LoRa-Chatter-72E0 E0:72:A1:D5:4C:15","device_key":"ble-address:e0:72:a1:d5:4c:15","kind":"rx","seq":633,"session":"s2","stream":"telemetry","text":"23 TX=-35/-1 Q100\n","timestamp":1790455931.995279}
2026-09-26T23:52:11.996+03:00 [RX telemetry] {"data_b64":"ClJYIFVTRVIgc2Vzc2lvbj0wQkM=","description":"ble:LoRa-Chatter-72E0 E0:72:A1:D5:4C:15","device_key":"ble-address:e0:72:a1:d5:4c:15","kind":"rx","seq":634,"session":"s2","stream":"telemetry","text":"\nRX USER session=0BC","timestamp":1790455931.9965374}
2026-09-26T23:52:11.997+03:00 [RX telemetry] {"data_b64":"NyBzZXE9MjAgZnJhbWU9MjBCIHU=","description":"ble:LoRa-Chatter-72E0 E0:72:A1:D5:4C:15","device_key":"ble-address:e0:72:a1:d5:4c:15","kind":"rx","seq":635,"session":"s2","stream":"telemetry","text":"7 seq=20 frame=20B u","timestamp":1790455931.997429}
2026-09-26T23:52:11.998+03:00 [RX telemetry] {"data_b64":"c2VyPThCIFJYPS00Mi8yIFExMDA=","description":"ble:LoRa-Chatter-72E0 E0:72:A1:D5:4C:15","device_key":"ble-address:e0:72:a1:d5:4c:15","kind":"rx","seq":636,"session":"s2","stream":"telemetry","text":"ser=8B RX=-42/2 Q100","timestamp":1790455931.997524}
2026-09-26T23:52:11.998+03:00 [RX telemetry] {"data_b64":"IGRpc3Bvc2l0aW9uPTAK","description":"ble:LoRa-Chatter-72E0 E0:72:A1:D5:4C:15","device_key":"ble-address:e0:72:a1:d5:4c:15","kind":"rx","seq":637,"session":"s2","stream":"telemetry","text":" disposition=0\n","timestamp":1790455931.9983516}
2026-09-26T23:52:11.999+03:00 [RX chat] {"data_b64":"PCBbLTQyLzIgUTEwMF0gN0EwODA=","description":"ble:LoRa-Chatter-72E0 E0:72:A1:D5:4C:15","device_key":"ble-address:e0:72:a1:d5:4c:15","kind":"rx","seq":638,"session":"s2","stream":"chat","text":"< [-42/2 Q100] 7A080","timestamp":1790455931.999197}
2026-09-26T23:52:12.000+03:00 [RX chat] {"data_b64":"MVhYCg==","description":"ble:LoRa-Chatter-72E0 E0:72:A1:D5:4C:15","device_key":"ble-address:e0:72:a1:d5:4c:15","kind":"rx","seq":639,"session":"s2","stream":"chat","text":"1XX\n","timestamp":1790455931.9998302}
2026-09-26T23:52:12.170+03:00 [RX telemetry] {"data_b64":"UEVFUl9SRVBPUlQgb3VyX3NlcT0=","description":"ble:LoRa-Chatter-1B44 44:1B:F6:8D:B7:A9","device_key":"ble-address:44:1b:f6:8d:b7:a9","kind":"rx","seq":631,"session":"s1","stream":"telemetry","text":"PEER_REPORT our_seq=","timestamp":1790455932.1699164}
2026-09-26T23:52:12.171+03:00 [RX telemetry] {"data_b64":"MjAgVFg9LTQyLzMgUTEwMAo=","description":"ble:LoRa-Chatter-1B44 44:1B:F6:8D:B7:A9","device_key":"ble-address:44:1b:f6:8d:b7:a9","kind":"rx","seq":632,"session":"s1","stream":"telemetry","text":"20 TX=-42/3 Q100\n","timestamp":1790455932.170334}
2026-09-26T23:52:12.172+03:00 [RX telemetry] {"data_b64":"ClJYIEFDSyBzZXNzaW9uPUEyNEY=","description":"ble:LoRa-Chatter-1B44 44:1B:F6:8D:B7:A9","device_key":"ble-address:44:1b:f6:8d:b7:a9","kind":"rx","seq":633,"session":"s1","stream":"telemetry","text":"\nRX ACK session=A24F","timestamp":1790455932.172314}
2026-09-26T23:52:12.175+03:00 [RX telemetry] {"data_b64":"ClRYIEFDSyBzZXE9MjQgYWNrX3Q=","description":"ble:LoRa-Chatter-72E0 E0:72:A1:D5:4C:15","device_key":"ble-address:e0:72:a1:d5:4c:15","kind":"rx","seq":640,"session":"s2","stream":"telemetry","text":"\nTX ACK seq=24 ack_t","timestamp":1790455932.1751676}
2026-09-26T23:52:12.176+03:00 [RX telemetry] {"data_b64":"bz0wQkM3LzIwIGZyYW1lPTE0QiA=","description":"ble:LoRa-Chatter-72E0 E0:72:A1:D5:4C:15","device_key":"ble-address:e0:72:a1:d5:4c:15","kind":"rx","seq":641,"session":"s2","stream":"telemetry","text":"o=0BC7/20 frame=14B ","timestamp":1790455932.1763275}
2026-09-26T23:52:12.177+03:00 [RX telemetry] {"data_b64":"T0sgdGltZT0xMyBtcyBndWFyZD0=","description":"ble:LoRa-Chatter-72E0 E0:72:A1:D5:4C:15","device_key":"ble-address:e0:72:a1:d5:4c:15","kind":"rx","seq":642,"session":"s2","stream":"telemetry","text":"OK time=13 ms guard=","timestamp":1790455932.1773112}
2026-09-26T23:52:12.178+03:00 [RX telemetry] {"data_b64":"NTAwbXMK","description":"ble:LoRa-Chatter-72E0 E0:72:A1:D5:4C:15","device_key":"ble-address:e0:72:a1:d5:4c:15","kind":"rx","seq":643,"session":"s2","stream":"telemetry","text":"500ms\n","timestamp":1790455932.1781254}
2026-09-26T23:52:12.215+03:00 [RX telemetry] {"data_b64":"IHNlcT0yNCBhY2tfdG89MEJDNy8=","description":"ble:LoRa-Chatter-1B44 44:1B:F6:8D:B7:A9","device_key":"ble-address:44:1b:f6:8d:b7:a9","kind":"rx","seq":634,"session":"s1","stream":"telemetry","text":" seq=24 ack_to=0BC7/","timestamp":1790455932.2147875}
2026-09-26T23:52:12.215+03:00 [RX telemetry] {"data_b64":"MjAgZnJhbWU9MTRCIFJYPS00My8=","description":"ble:LoRa-Chatter-1B44 44:1B:F6:8D:B7:A9","device_key":"ble-address:44:1b:f6:8d:b7:a9","kind":"rx","seq":635,"session":"s1","stream":"telemetry","text":"20 frame=14B RX=-43/","timestamp":1790455932.2149131}
2026-09-26T23:52:12.216+03:00 [RX telemetry] {"data_b64":"NCBRMTAwCg==","description":"ble:LoRa-Chatter-1B44 44:1B:F6:8D:B7:A9","device_key":"ble-address:44:1b:f6:8d:b7:a9","kind":"rx","seq":636,"session":"s1","stream":"telemetry","text":"4 Q100\n","timestamp":1790455932.2162724}
2026-09-26T23:52:12.262+03:00 [RX telemetry] {"data_b64":"REVMSVZFUlkgQUNLIHVzZXI9MEI=","description":"ble:LoRa-Chatter-1B44 44:1B:F6:8D:B7:A9","device_key":"ble-address:44:1b:f6:8d:b7:a9","kind":"rx","seq":637,"session":"s1","stream":"telemetry","text":"DELIVERY ACK user=0B","timestamp":1790455932.2615097}
2026-09-26T23:52:12.262+03:00 [RX telemetry] {"data_b64":"QzcvMjAgYXR0ZW1wdHM9MS81IGU=","description":"ble:LoRa-Chatter-1B44 44:1B:F6:8D:B7:A9","device_key":"ble-address:44:1b:f6:8d:b7:a9","kind":"rx","seq":638,"session":"s1","stream":"telemetry","text":"C7/20 attempts=1/5 e","timestamp":1790455932.261628}
2026-09-26T23:52:12.262+03:00 [RX telemetry] {"data_b64":"bGFwc2VkPTIyMm1zIHF1ZXVlPTA=","description":"ble:LoRa-Chatter-1B44 44:1B:F6:8D:B7:A9","device_key":"ble-address:44:1b:f6:8d:b7:a9","kind":"rx","seq":639,"session":"s1","stream":"telemetry","text":"lapsed=222ms queue=0","timestamp":1790455932.2616975}
2026-09-26T23:52:12.305+03:00 [RX telemetry] {"data_b64":"Cg==","description":"ble:LoRa-Chatter-1B44 44:1B:F6:8D:B7:A9","device_key":"ble-address:44:1b:f6:8d:b7:a9","kind":"rx","seq":640,"session":"s1","stream":"telemetry","text":"\n","timestamp":1790455932.305504}
2026-09-26T23:52:12.959+03:00 [AGENT REQUEST] {"id":85,"op":"observe","cursors":{"s1":567,"s2":576},"timeout_ms":6000}
2026-09-26T23:52:12.960+03:00 [AGENT RESPONSE] {"id":85,"ok":true,"result":{"cursors":{"s1":640,"s2":643},"lines":[{"seq_first":568,"seq_last":568,"session":"s1","stream":"telemetry","text":""},{"seq_first":568,"seq_last":577,"session":"s1","stream":"telemetry","text":"SESSION t=660s TX ok=20 user=10 echo_req=0 echo_rep=0 hb=0(idle=0) err=0 started=20 RX ok=20 user=10 echo_req=0 echo_rep=0 hb=0 crc=1 hdr=0 bad=0 readerr=0 reports=20 Q=100% drops=0 fatal=0"},{"seq_first":578,"seq_last":581,"session":"s1","stream":"telemetry","text":"SESSION COURTESY window=5000ms peer_release=0 expired=0 yielding=0"},{"seq_first":582,"seq_last":586,"session":"s1","stream":"telemetry","text":"SESSION DIO0_TX affected=0/20 episodes=0 avg_all=0.00 avg_affected=0.00 high_polls=0"},{"seq_first":587,"seq_last":592,"session":"s1","stream":"telemetry","text":"SESSION RX_POLL polls=607584 rxdone=21 interval=1000us DIO0_RX false_high_ep=0 high_polls=0 rxdone_low=0 isr=disabled"},{"seq_first":577,"seq_last":577,"session":"s2","stream":"telemetry","text":""},{"seq_first":577,"seq_last":586,"session":"s2","stream":"telemetry","text":"SESSION t=6060s TX ok=24 user=12 echo_req=0 echo_rep=0 hb=0(idle=0) err=0 started=24 RX ok=24 user=12 echo_req=0 echo_rep=0 hb=0 crc=0 hdr=2 bad=4 readerr=0 reports=21 Q=100% drops=0 fatal=0"},{"seq_first":587,"seq_last":590,"session":"s2","stream":"telemetry","text":"SESSION COURTESY window=5000ms peer_release=0 expired=0 yielding=0"},{"seq_first":591,"seq_last":595,"session":"s2","stream":"telemetry","text":"SESSION DIO0_TX affected=0/24 episodes=0 avg_all=0.00 avg_affected=0.00 high_polls=0"},{"seq_first":596,"seq_last":601,"session":"s2","stream":"telemetry","text":"SESSION RX_POLL polls=5100732 rxdone=30 interval=1000us DIO0_RX false_high_ep=0 high_polls=0 rxdone_low=0 isr=disabled"},{"seq_first":602,"seq_last":602,"session":"s2","stream":"telemetry","text":""},{"seq_first":602,"seq_last":603,"session":"s2","stream":"telemetry","text":"RX HEADER ERROR IRQ=0x50 RX=-116/-11"},{"seq_first":604,"seq_last":604,"session":"s2","stream":"telemetry","text":""},{"seq_first":604,"seq_last":606,"session":"s2","stream":"telemetry","text":"RX CRC ERROR IRQ=0x70 RX=-118/-12 len=77"},{"seq_first":593,"seq_last":593,"session":"s1","stream":"telemetry","text":""},{"seq_first":593,"seq_last":602,"session":"s1","stream":"telemetry","text":"SESSION t=720s TX ok=20 user=10 echo_req=0 echo_rep=0 hb=0(idle=0) err=0 started=20 RX ok=20 user=10 echo_req=0 echo_rep=0 hb=0 crc=1 hdr=0 bad=0 readerr=0 reports=20 Q=100% drops=0 fatal=0"},{"seq_first":603,"seq_last":606,"session":"s1","stream":"telemetry","text":"SESSION COURTESY window=5000ms peer_release=0 expired=0 yielding=0"},{"seq_first":607,"seq_last":611,"session":"s1","stream":"telemetry","text":"SESSION DIO0_TX affected=0/20 episodes=0 avg_all=0.00 avg_affected=0.00 high_polls=0"},{"seq_first":612,"seq_last":617,"session":"s1","stream":"telemetry","text":"SESSION RX_POLL polls=647572 rxdone=21 interval=1000us DIO0_RX false_high_ep=0 high_polls=0 rxdone_low=0 isr=disabled"},{"seq_first":607,"seq_last":607,"session":"s2","stream":"telemetry","text":""},{"seq_first":607,"seq_last":616,"session":"s2","stream":"telemetry","text":"SESSION t=6120s TX ok=24 user=12 echo_req=0 echo_rep=0 hb=0(idle=0) err=0 started=24 RX ok=24 user=12 echo_req=0 echo_rep=0 hb=0 crc=1 hdr=3 bad=4 readerr=0 reports=21 Q=100% drops=0 fatal=0"},{"seq_first":617,"seq_last":620,"session":"s2","stream":"telemetry","text":"SESSION COURTESY window=5000ms peer_release=0 expired=0 yielding=0"},{"seq_first":621,"seq_last":625,"session":"s2","stream":"telemetry","text":"SESSION DIO0_TX affected=0/24 episodes=0 avg_all=0.00 avg_affected=0.00 high_polls=0"},{"seq_first":626,"seq_last":631,"session":"s2","stream":"telemetry","text":"SESSION RX_POLL polls=5152837 rxdone=32 interval=1000us DIO0_RX false_high_ep=0 high_polls=0 rxdone_low=0 isr=disabled"},{"seq_first":620,"seq_last":622,"session":"s1","stream":"telemetry","text":"DELIVERY QUEUED source=2 bytes=8 waiting=1/8 in_flight=0"},{"seq_first":623,"seq_last":623,"session":"s1","stream":"telemetry","text":""},{"seq_first":623,"seq_last":625,"session":"s1","stream":"telemetry","text":"TX USER seq=20 frame=20B user=8B attempt=1/5 OK time=16 ms"},{"seq_first":626,"seq_last":626,"session":"s1","stream":"chat","text":"> 7A0801XX"},{"seq_first":627,"seq_last":630,"session":"s1","stream":"telemetry","text":"DELIVERY WAIT_ACK user=0BC7/20 attempt=1/5 timeout=712ms queue=0"},{"seq_first":632,"seq_last":633,"session":"s2","stream":"telemetry","text":"PEER_REPORT our_seq=23 TX=-35/-1 Q100"},{"seq_first":634,"seq_last":634,"session":"s2","stream":"telemetry","text":""},{"seq_first":634,"seq_last":637,"session":"s2","stream":"telemetry","text":"RX USER session=0BC7 seq=20 frame=20B user=8B RX=-42/2 Q100 disposition=0"},{"seq_first":638,"seq_last":639,"session":"s2","stream":"chat","text":"< [-42/2 Q100] 7A0801XX"},{"seq_first":631,"seq_last":632,"session":"s1","stream":"telemetry","text":"PEER_REPORT our_seq=20 TX=-42/3 Q100"},{"seq_first":633,"seq_last":633,"session":"s1","stream":"telemetry","text":""},{"seq_first":640,"seq_last":640,"session":"s2","stream":"telemetry","text":""},{"seq_first":640,"seq_last":643,"session":"s2","stream":"telemetry","text":"TX ACK seq=24 ack_to=0BC7/20 frame=14B OK time=13 ms guard=500ms"},{"seq_first":633,"seq_last":636,"session":"s1","stream":"telemetry","text":"RX ACK session=A24F seq=24 ack_to=0BC7/20 frame=14B RX=-43/4 Q100"},{"seq_first":637,"seq_last":640,"session":"s1","stream":"telemetry","text":"DELIVERY ACK user=0BC7/20 attempts=1/5 elapsed=222ms queue=0"}],"timed_out":false}}
2026-09-26T23:52:14.066+03:00 [AGENT REQUEST] {"id":86,"op":"send_line","session":"s1","text":"7A0802XX"}
2026-09-26T23:52:14.069+03:00 [TX] {"data_b64":"N0EwODAyWFgK","device_key":"ble-address:44:1b:f6:8d:b7:a9","kind":"tx","seq":641,"session":"s1","text":"7A0802XX","timestamp":1790455934.0681643,"tx_id":24,"tx_state":"queued"}
2026-09-26T23:52:14.070+03:00 [AGENT RESPONSE] {"id":86,"ok":true,"result":{"state":"queued","tx_id":24}}
2026-09-26T23:52:14.071+03:00 [TX] {"data_b64":"N0EwODAyWFgK","description":"ble:LoRa-Chatter-1B44 44:1B:F6:8D:B7:A9","device_key":"ble-address:44:1b:f6:8d:b7:a9","kind":"tx","seq":642,"session":"s1","text":"7A0802XX","timestamp":1790455934.0706625,"tx_id":24,"tx_state":"written"}
2026-09-26T23:52:14.151+03:00 [RX telemetry] {"data_b64":"REVMSVZFUlkgUVVFVUVEIHNvdXI=","description":"ble:LoRa-Chatter-1B44 44:1B:F6:8D:B7:A9","device_key":"ble-address:44:1b:f6:8d:b7:a9","kind":"rx","seq":643,"session":"s1","stream":"telemetry","text":"DELIVERY QUEUED sour","timestamp":1790455934.1498535}
2026-09-26T23:52:14.152+03:00 [RX telemetry] {"data_b64":"Y2U9MiBieXRlcz04IHdhaXRpbmc=","description":"ble:LoRa-Chatter-1B44 44:1B:F6:8D:B7:A9","device_key":"ble-address:44:1b:f6:8d:b7:a9","kind":"rx","seq":644,"session":"s1","stream":"telemetry","text":"ce=2 bytes=8 waiting","timestamp":1790455934.150541}
2026-09-26T23:52:14.153+03:00 [RX telemetry] {"data_b64":"PTEvOCBpbl9mbGlnaHQ9MAo=","description":"ble:LoRa-Chatter-1B44 44:1B:F6:8D:B7:A9","device_key":"ble-address:44:1b:f6:8d:b7:a9","kind":"rx","seq":645,"session":"s1","stream":"telemetry","text":"=1/8 in_flight=0\n","timestamp":1790455934.1506355}
2026-09-26T23:52:14.153+03:00 [RX telemetry] {"data_b64":"ClRYIFVTRVIgc2VxPTIxIGZyYW0=","description":"ble:LoRa-Chatter-1B44 44:1B:F6:8D:B7:A9","device_key":"ble-address:44:1b:f6:8d:b7:a9","kind":"rx","seq":646,"session":"s1","stream":"telemetry","text":"\nTX USER seq=21 fram","timestamp":1790455934.1533127}
2026-09-26T23:52:14.154+03:00 [RX telemetry] {"data_b64":"ZT0yMEIgdXNlcj04QiBhdHRlbXA=","description":"ble:LoRa-Chatter-1B44 44:1B:F6:8D:B7:A9","device_key":"ble-address:44:1b:f6:8d:b7:a9","kind":"rx","seq":647,"session":"s1","stream":"telemetry","text":"e=20B user=8B attemp","timestamp":1790455934.1534543}
2026-09-26T23:52:14.157+03:00 [RX telemetry] {"data_b64":"dD0xLzUgT0sgdGltZT0xNiBtcwo=","description":"ble:LoRa-Chatter-1B44 44:1B:F6:8D:B7:A9","device_key":"ble-address:44:1b:f6:8d:b7:a9","kind":"rx","seq":648,"session":"s1","stream":"telemetry","text":"t=1/5 OK time=16 ms\n","timestamp":1790455934.1559758}
2026-09-26T23:52:14.157+03:00 [RX chat] {"data_b64":"PiA3QTA4MDJYWAo=","description":"ble:LoRa-Chatter-1B44 44:1B:F6:8D:B7:A9","device_key":"ble-address:44:1b:f6:8d:b7:a9","kind":"rx","seq":649,"session":"s1","stream":"chat","text":"> 7A0802XX\n","timestamp":1790455934.1561522}
2026-09-26T23:52:14.157+03:00 [RX telemetry] {"data_b64":"REVMSVZFUlkgV0FJVF9BQ0sgdXM=","description":"ble:LoRa-Chatter-1B44 44:1B:F6:8D:B7:A9","device_key":"ble-address:44:1b:f6:8d:b7:a9","kind":"rx","seq":650,"session":"s1","stream":"telemetry","text":"DELIVERY WAIT_ACK us","timestamp":1790455934.1566422}
2026-09-26T23:52:14.157+03:00 [RX telemetry] {"data_b64":"ZXI9MEJDNy8yMSBhdHRlbXB0PTE=","description":"ble:LoRa-Chatter-1B44 44:1B:F6:8D:B7:A9","device_key":"ble-address:44:1b:f6:8d:b7:a9","kind":"rx","seq":651,"session":"s1","stream":"telemetry","text":"er=0BC7/21 attempt=1","timestamp":1790455934.1567104}
2026-09-26T23:52:14.157+03:00 [RX telemetry] {"data_b64":"LzUgdGltZW91dD03MTJtcyBxdWU=","description":"ble:LoRa-Chatter-1B44 44:1B:F6:8D:B7:A9","device_key":"ble-address:44:1b:f6:8d:b7:a9","kind":"rx","seq":652,"session":"s1","stream":"telemetry","text":"/5 timeout=712ms que","timestamp":1790455934.156754}
2026-09-26T23:52:14.158+03:00 [RX telemetry] {"data_b64":"dWU9MAo=","description":"ble:LoRa-Chatter-1B44 44:1B:F6:8D:B7:A9","device_key":"ble-address:44:1b:f6:8d:b7:a9","kind":"rx","seq":653,"session":"s1","stream":"telemetry","text":"ue=0\n","timestamp":1790455934.1580837}
2026-09-26T23:52:14.200+03:00 [RX telemetry] {"data_b64":"UEVFUl9SRVBPUlQgb3VyX3NlcT0=","description":"ble:LoRa-Chatter-72E0 E0:72:A1:D5:4C:15","device_key":"ble-address:e0:72:a1:d5:4c:15","kind":"rx","seq":644,"session":"s2","stream":"telemetry","text":"PEER_REPORT our_seq=","timestamp":1790455934.1997695}
2026-09-26T23:52:14.201+03:00 [RX telemetry] {"data_b64":"MjQgVFg9LTQzLzQgUTEwMAo=","description":"ble:LoRa-Chatter-72E0 E0:72:A1:D5:4C:15","device_key":"ble-address:e0:72:a1:d5:4c:15","kind":"rx","seq":645,"session":"s2","stream":"telemetry","text":"24 TX=-43/4 Q100\n","timestamp":1790455934.2008677}
2026-09-26T23:52:14.201+03:00 [RX telemetry] {"data_b64":"ClJYIFVTRVIgc2Vzc2lvbj0wQkM=","description":"ble:LoRa-Chatter-72E0 E0:72:A1:D5:4C:15","device_key":"ble-address:e0:72:a1:d5:4c:15","kind":"rx","seq":646,"session":"s2","stream":"telemetry","text":"\nRX USER session=0BC","timestamp":1790455934.2009673}
2026-09-26T23:52:14.202+03:00 [RX telemetry] {"data_b64":"NyBzZXE9MjEgZnJhbWU9MjBCIHU=","description":"ble:LoRa-Chatter-72E0 E0:72:A1:D5:4C:15","device_key":"ble-address:e0:72:a1:d5:4c:15","kind":"rx","seq":647,"session":"s2","stream":"telemetry","text":"7 seq=21 frame=20B u","timestamp":1790455934.2025502}
2026-09-26T23:52:14.203+03:00 [RX telemetry] {"data_b64":"c2VyPThCIFJYPS01MC81IFExMDA=","description":"ble:LoRa-Chatter-72E0 E0:72:A1:D5:4C:15","device_key":"ble-address:e0:72:a1:d5:4c:15","kind":"rx","seq":648,"session":"s2","stream":"telemetry","text":"ser=8B RX=-50/5 Q100","timestamp":1790455934.2035265}
2026-09-26T23:52:14.204+03:00 [RX telemetry] {"data_b64":"IGRpc3Bvc2l0aW9uPTAK","description":"ble:LoRa-Chatter-72E0 E0:72:A1:D5:4C:15","device_key":"ble-address:e0:72:a1:d5:4c:15","kind":"rx","seq":649,"session":"s2","stream":"telemetry","text":" disposition=0\n","timestamp":1790455934.203587}
2026-09-26T23:52:14.204+03:00 [RX chat] {"data_b64":"PCBbLTUwLzUgUTEwMF0gN0EwODA=","description":"ble:LoRa-Chatter-72E0 E0:72:A1:D5:4C:15","device_key":"ble-address:e0:72:a1:d5:4c:15","kind":"rx","seq":650,"session":"s2","stream":"chat","text":"< [-50/5 Q100] 7A080","timestamp":1790455934.2044318}
2026-09-26T23:52:14.206+03:00 [RX chat] {"data_b64":"MlhYCg==","description":"ble:LoRa-Chatter-72E0 E0:72:A1:D5:4C:15","device_key":"ble-address:e0:72:a1:d5:4c:15","kind":"rx","seq":651,"session":"s2","stream":"chat","text":"2XX\n","timestamp":1790455934.2062144}
2026-09-26T23:52:14.375+03:00 [RX telemetry] {"data_b64":"UEVFUl9SRVBPUlQgb3VyX3NlcT0=","description":"ble:LoRa-Chatter-1B44 44:1B:F6:8D:B7:A9","device_key":"ble-address:44:1b:f6:8d:b7:a9","kind":"rx","seq":654,"session":"s1","stream":"telemetry","text":"PEER_REPORT our_seq=","timestamp":1790455934.3748195}
2026-09-26T23:52:14.376+03:00 [RX telemetry] {"data_b64":"MjEgVFg9LTUwLzUgUTEwMAo=","description":"ble:LoRa-Chatter-1B44 44:1B:F6:8D:B7:A9","device_key":"ble-address:44:1b:f6:8d:b7:a9","kind":"rx","seq":655,"session":"s1","stream":"telemetry","text":"21 TX=-50/5 Q100\n","timestamp":1790455934.375851}
2026-09-26T23:52:14.377+03:00 [RX telemetry] {"data_b64":"ClJYIEFDSyBzZXNzaW9uPUEyNEY=","description":"ble:LoRa-Chatter-1B44 44:1B:F6:8D:B7:A9","device_key":"ble-address:44:1b:f6:8d:b7:a9","kind":"rx","seq":656,"session":"s1","stream":"telemetry","text":"\nRX ACK session=A24F","timestamp":1790455934.3769705}
2026-09-26T23:52:14.381+03:00 [RX telemetry] {"data_b64":"ClRYIEFDSyBzZXE9MjUgYWNrX3Q=","description":"ble:LoRa-Chatter-72E0 E0:72:A1:D5:4C:15","device_key":"ble-address:e0:72:a1:d5:4c:15","kind":"rx","seq":652,"session":"s2","stream":"telemetry","text":"\nTX ACK seq=25 ack_t","timestamp":1790455934.380668}
2026-09-26T23:52:14.381+03:00 [RX telemetry] {"data_b64":"bz0wQkM3LzIxIGZyYW1lPTE0QiA=","description":"ble:LoRa-Chatter-72E0 E0:72:A1:D5:4C:15","device_key":"ble-address:e0:72:a1:d5:4c:15","kind":"rx","seq":653,"session":"s2","stream":"telemetry","text":"o=0BC7/21 frame=14B ","timestamp":1790455934.381461}
2026-09-26T23:52:14.382+03:00 [RX telemetry] {"data_b64":"T0sgdGltZT0xMyBtcyBndWFyZD0=","description":"ble:LoRa-Chatter-72E0 E0:72:A1:D5:4C:15","device_key":"ble-address:e0:72:a1:d5:4c:15","kind":"rx","seq":654,"session":"s2","stream":"telemetry","text":"OK time=13 ms guard=","timestamp":1790455934.3822596}
2026-09-26T23:52:14.383+03:00 [RX telemetry] {"data_b64":"NTAwbXMK","description":"ble:LoRa-Chatter-72E0 E0:72:A1:D5:4C:15","device_key":"ble-address:e0:72:a1:d5:4c:15","kind":"rx","seq":655,"session":"s2","stream":"telemetry","text":"500ms\n","timestamp":1790455934.3825839}
2026-09-26T23:52:14.420+03:00 [RX telemetry] {"data_b64":"IHNlcT0yNSBhY2tfdG89MEJDNy8=","description":"ble:LoRa-Chatter-1B44 44:1B:F6:8D:B7:A9","device_key":"ble-address:44:1b:f6:8d:b7:a9","kind":"rx","seq":657,"session":"s1","stream":"telemetry","text":" seq=25 ack_to=0BC7/","timestamp":1790455934.4200416}
2026-09-26T23:52:14.420+03:00 [RX telemetry] {"data_b64":"MjEgZnJhbWU9MTRCIFJYPS00Ny8=","description":"ble:LoRa-Chatter-1B44 44:1B:F6:8D:B7:A9","device_key":"ble-address:44:1b:f6:8d:b7:a9","kind":"rx","seq":658,"session":"s1","stream":"telemetry","text":"21 frame=14B RX=-47/","timestamp":1790455934.4201303}
2026-09-26T23:52:14.422+03:00 [RX telemetry] {"data_b64":"NiBRMTAwCg==","description":"ble:LoRa-Chatter-1B44 44:1B:F6:8D:B7:A9","device_key":"ble-address:44:1b:f6:8d:b7:a9","kind":"rx","seq":659,"session":"s1","stream":"telemetry","text":"6 Q100\n","timestamp":1790455934.4216611}
2026-09-26T23:52:14.466+03:00 [RX telemetry] {"data_b64":"REVMSVZFUlkgQUNLIHVzZXI9MEI=","description":"ble:LoRa-Chatter-1B44 44:1B:F6:8D:B7:A9","device_key":"ble-address:44:1b:f6:8d:b7:a9","kind":"rx","seq":660,"session":"s1","stream":"telemetry","text":"DELIVERY ACK user=0B","timestamp":1790455934.4647493}
2026-09-26T23:52:14.467+03:00 [RX telemetry] {"data_b64":"QzcvMjEgYXR0ZW1wdHM9MS81IGU=","description":"ble:LoRa-Chatter-1B44 44:1B:F6:8D:B7:A9","device_key":"ble-address:44:1b:f6:8d:b7:a9","kind":"rx","seq":661,"session":"s1","stream":"telemetry","text":"C7/21 attempts=1/5 e","timestamp":1790455934.4669356}
2026-09-26T23:52:14.468+03:00 [RX telemetry] {"data_b64":"bGFwc2VkPTIyMW1zIHF1ZXVlPTA=","description":"ble:LoRa-Chatter-1B44 44:1B:F6:8D:B7:A9","device_key":"ble-address:44:1b:f6:8d:b7:a9","kind":"rx","seq":662,"session":"s1","stream":"telemetry","text":"lapsed=221ms queue=0","timestamp":1790455934.4681802}
2026-09-26T23:52:14.509+03:00 [RX telemetry] {"data_b64":"Cg==","description":"ble:LoRa-Chatter-1B44 44:1B:F6:8D:B7:A9","device_key":"ble-address:44:1b:f6:8d:b7:a9","kind":"rx","seq":663,"session":"s1","stream":"telemetry","text":"\n","timestamp":1790455934.5094748}
2026-09-26T23:52:15.169+03:00 [AGENT REQUEST] {"id":87,"op":"observe","cursors":{"s1":640,"s2":643},"timeout_ms":6000}
2026-09-26T23:52:15.170+03:00 [AGENT RESPONSE] {"id":87,"ok":true,"result":{"cursors":{"s1":663,"s2":655},"lines":[{"seq_first":643,"seq_last":645,"session":"s1","stream":"telemetry","text":"DELIVERY QUEUED source=2 bytes=8 waiting=1/8 in_flight=0"},{"seq_first":646,"seq_last":646,"session":"s1","stream":"telemetry","text":""},{"seq_first":646,"seq_last":648,"session":"s1","stream":"telemetry","text":"TX USER seq=21 frame=20B user=8B attempt=1/5 OK time=16 ms"},{"seq_first":649,"seq_last":649,"session":"s1","stream":"chat","text":"> 7A0802XX"},{"seq_first":650,"seq_last":653,"session":"s1","stream":"telemetry","text":"DELIVERY WAIT_ACK user=0BC7/21 attempt=1/5 timeout=712ms queue=0"},{"seq_first":644,"seq_last":645,"session":"s2","stream":"telemetry","text":"PEER_REPORT our_seq=24 TX=-43/4 Q100"},{"seq_first":646,"seq_last":646,"session":"s2","stream":"telemetry","text":""},{"seq_first":646,"seq_last":649,"session":"s2","stream":"telemetry","text":"RX USER session=0BC7 seq=21 frame=20B user=8B RX=-50/5 Q100 disposition=0"},{"seq_first":650,"seq_last":651,"session":"s2","stream":"chat","text":"< [-50/5 Q100] 7A0802XX"},{"seq_first":654,"seq_last":655,"session":"s1","stream":"telemetry","text":"PEER_REPORT our_seq=21 TX=-50/5 Q100"},{"seq_first":656,"seq_last":656,"session":"s1","stream":"telemetry","text":""},{"seq_first":652,"seq_last":652,"session":"s2","stream":"telemetry","text":""},{"seq_first":652,"seq_last":655,"session":"s2","stream":"telemetry","text":"TX ACK seq=25 ack_to=0BC7/21 frame=14B OK time=13 ms guard=500ms"},{"seq_first":656,"seq_last":659,"session":"s1","stream":"telemetry","text":"RX ACK session=A24F seq=25 ack_to=0BC7/21 frame=14B RX=-47/6 Q100"},{"seq_first":660,"seq_last":663,"session":"s1","stream":"telemetry","text":"DELIVERY ACK user=0BC7/21 attempts=1/5 elapsed=221ms queue=0"}],"timed_out":false}}
2026-09-26T23:52:16.274+03:00 [AGENT REQUEST] {"id":88,"op":"send_line","session":"s1","text":"7A0803XX"}
2026-09-26T23:52:16.274+03:00 [AGENT RESPONSE] {"id":88,"ok":true,"result":{"state":"queued","tx_id":25}}
2026-09-26T23:52:16.275+03:00 [TX] {"data_b64":"N0EwODAzWFgK","device_key":"ble-address:44:1b:f6:8d:b7:a9","kind":"tx","seq":664,"session":"s1","text":"7A0803XX","timestamp":1790455936.274515,"tx_id":25,"tx_state":"queued"}
2026-09-26T23:52:16.276+03:00 [TX] {"data_b64":"N0EwODAzWFgK","description":"ble:LoRa-Chatter-1B44 44:1B:F6:8D:B7:A9","device_key":"ble-address:44:1b:f6:8d:b7:a9","kind":"tx","seq":665,"session":"s1","text":"7A0803XX","timestamp":1790455936.2766213,"tx_id":25,"tx_state":"written"}
2026-09-26T23:52:16.355+03:00 [RX telemetry] {"data_b64":"REVMSVZFUlkgUVVFVUVEIHNvdXI=","description":"ble:LoRa-Chatter-1B44 44:1B:F6:8D:B7:A9","device_key":"ble-address:44:1b:f6:8d:b7:a9","kind":"rx","seq":666,"session":"s1","stream":"telemetry","text":"DELIVERY QUEUED sour","timestamp":1790455936.3547573}
2026-09-26T23:52:16.356+03:00 [RX telemetry] {"data_b64":"Y2U9MiBieXRlcz04IHdhaXRpbmc=","description":"ble:LoRa-Chatter-1B44 44:1B:F6:8D:B7:A9","device_key":"ble-address:44:1b:f6:8d:b7:a9","kind":"rx","seq":667,"session":"s1","stream":"telemetry","text":"ce=2 bytes=8 waiting","timestamp":1790455936.3558733}
2026-09-26T23:52:16.356+03:00 [RX telemetry] {"data_b64":"PTEvOCBpbl9mbGlnaHQ9MAo=","description":"ble:LoRa-Chatter-1B44 44:1B:F6:8D:B7:A9","device_key":"ble-address:44:1b:f6:8d:b7:a9","kind":"rx","seq":668,"session":"s1","stream":"telemetry","text":"=1/8 in_flight=0\n","timestamp":1790455936.3559463}
2026-09-26T23:52:16.357+03:00 [RX telemetry] {"data_b64":"ClRYIFVTRVIgc2VxPTIyIGZyYW0=","description":"ble:LoRa-Chatter-1B44 44:1B:F6:8D:B7:A9","device_key":"ble-address:44:1b:f6:8d:b7:a9","kind":"rx","seq":669,"session":"s1","stream":"telemetry","text":"\nTX USER seq=22 fram","timestamp":1790455936.3572705}
2026-09-26T23:52:16.358+03:00 [RX telemetry] {"data_b64":"ZT0yMEIgdXNlcj04QiBhdHRlbXA=","description":"ble:LoRa-Chatter-1B44 44:1B:F6:8D:B7:A9","device_key":"ble-address:44:1b:f6:8d:b7:a9","kind":"rx","seq":670,"session":"s1","stream":"telemetry","text":"e=20B user=8B attemp","timestamp":1790455936.35806}
2026-09-26T23:52:16.359+03:00 [RX telemetry] {"data_b64":"dD0xLzUgT0sgdGltZT0xOCBtcwo=","description":"ble:LoRa-Chatter-1B44 44:1B:F6:8D:B7:A9","device_key":"ble-address:44:1b:f6:8d:b7:a9","kind":"rx","seq":671,"session":"s1","stream":"telemetry","text":"t=1/5 OK time=18 ms\n","timestamp":1790455936.359037}
2026-09-26T23:52:16.359+03:00 [RX chat] {"data_b64":"PiA3QTA4MDNYWAo=","description":"ble:LoRa-Chatter-1B44 44:1B:F6:8D:B7:A9","device_key":"ble-address:44:1b:f6:8d:b7:a9","kind":"rx","seq":672,"session":"s1","stream":"chat","text":"> 7A0803XX\n","timestamp":1790455936.3591604}
2026-09-26T23:52:16.361+03:00 [RX telemetry] {"data_b64":"REVMSVZFUlkgV0FJVF9BQ0sgdXM=","description":"ble:LoRa-Chatter-1B44 44:1B:F6:8D:B7:A9","device_key":"ble-address:44:1b:f6:8d:b7:a9","kind":"rx","seq":673,"session":"s1","stream":"telemetry","text":"DELIVERY WAIT_ACK us","timestamp":1790455936.3607101}
2026-09-26T23:52:16.362+03:00 [RX telemetry] {"data_b64":"ZXI9MEJDNy8yMiBhdHRlbXB0PTE=","description":"ble:LoRa-Chatter-1B44 44:1B:F6:8D:B7:A9","device_key":"ble-address:44:1b:f6:8d:b7:a9","kind":"rx","seq":674,"session":"s1","stream":"telemetry","text":"er=0BC7/22 attempt=1","timestamp":1790455936.3614824}
2026-09-26T23:52:16.362+03:00 [RX telemetry] {"data_b64":"LzUgdGltZW91dD03MTJtcyBxdWU=","description":"ble:LoRa-Chatter-1B44 44:1B:F6:8D:B7:A9","device_key":"ble-address:44:1b:f6:8d:b7:a9","kind":"rx","seq":675,"session":"s1","stream":"telemetry","text":"/5 timeout=712ms que","timestamp":1790455936.3615866}
2026-09-26T23:52:16.362+03:00 [RX telemetry] {"data_b64":"dWU9MAo=","description":"ble:LoRa-Chatter-1B44 44:1B:F6:8D:B7:A9","device_key":"ble-address:44:1b:f6:8d:b7:a9","kind":"rx","seq":676,"session":"s1","stream":"telemetry","text":"ue=0\n","timestamp":1790455936.3620524}
2026-09-26T23:52:16.405+03:00 [RX telemetry] {"data_b64":"UEVFUl9SRVBPUlQgb3VyX3NlcT0=","description":"ble:LoRa-Chatter-72E0 E0:72:A1:D5:4C:15","device_key":"ble-address:e0:72:a1:d5:4c:15","kind":"rx","seq":656,"session":"s2","stream":"telemetry","text":"PEER_REPORT our_seq=","timestamp":1790455936.405257}
2026-09-26T23:52:16.405+03:00 [RX telemetry] {"data_b64":"MjUgVFg9LTQ3LzYgUTEwMAo=","description":"ble:LoRa-Chatter-72E0 E0:72:A1:D5:4C:15","device_key":"ble-address:e0:72:a1:d5:4c:15","kind":"rx","seq":657,"session":"s2","stream":"telemetry","text":"25 TX=-47/6 Q100\n","timestamp":1790455936.4053047}
2026-09-26T23:52:16.406+03:00 [RX telemetry] {"data_b64":"ClJYIFVTRVIgc2Vzc2lvbj0wQkM=","description":"ble:LoRa-Chatter-72E0 E0:72:A1:D5:4C:15","device_key":"ble-address:e0:72:a1:d5:4c:15","kind":"rx","seq":658,"session":"s2","stream":"telemetry","text":"\nRX USER session=0BC","timestamp":1790455936.4058156}
2026-09-26T23:52:16.406+03:00 [RX telemetry] {"data_b64":"NyBzZXE9MjIgZnJhbWU9MjBCIHU=","description":"ble:LoRa-Chatter-72E0 E0:72:A1:D5:4C:15","device_key":"ble-address:e0:72:a1:d5:4c:15","kind":"rx","seq":659,"session":"s2","stream":"telemetry","text":"7 seq=22 frame=20B u","timestamp":1790455936.4058604}
2026-09-26T23:52:16.409+03:00 [RX telemetry] {"data_b64":"c2VyPThCIFJYPS00Mi81IFExMDA=","description":"ble:LoRa-Chatter-72E0 E0:72:A1:D5:4C:15","device_key":"ble-address:e0:72:a1:d5:4c:15","kind":"rx","seq":660,"session":"s2","stream":"telemetry","text":"ser=8B RX=-42/5 Q100","timestamp":1790455936.4090636}
2026-09-26T23:52:16.409+03:00 [RX telemetry] {"data_b64":"IGRpc3Bvc2l0aW9uPTAK","description":"ble:LoRa-Chatter-72E0 E0:72:A1:D5:4C:15","device_key":"ble-address:e0:72:a1:d5:4c:15","kind":"rx","seq":661,"session":"s2","stream":"telemetry","text":" disposition=0\n","timestamp":1790455936.409111}
2026-09-26T23:52:16.409+03:00 [RX chat] {"data_b64":"PCBbLTQyLzUgUTEwMF0gN0EwODA=","description":"ble:LoRa-Chatter-72E0 E0:72:A1:D5:4C:15","device_key":"ble-address:e0:72:a1:d5:4c:15","kind":"rx","seq":662,"session":"s2","stream":"chat","text":"< [-42/5 Q100] 7A080","timestamp":1790455936.4098082}
2026-09-26T23:52:16.410+03:00 [RX chat] {"data_b64":"M1hYCg==","description":"ble:LoRa-Chatter-72E0 E0:72:A1:D5:4C:15","device_key":"ble-address:e0:72:a1:d5:4c:15","kind":"rx","seq":663,"session":"s2","stream":"chat","text":"3XX\n","timestamp":1790455936.4098377}
2026-09-26T23:52:16.580+03:00 [RX telemetry] {"data_b64":"UEVFUl9SRVBPUlQgb3VyX3NlcT0=","description":"ble:LoRa-Chatter-1B44 44:1B:F6:8D:B7:A9","device_key":"ble-address:44:1b:f6:8d:b7:a9","kind":"rx","seq":677,"session":"s1","stream":"telemetry","text":"PEER_REPORT our_seq=","timestamp":1790455936.5797539}
2026-09-26T23:52:16.581+03:00 [RX telemetry] {"data_b64":"MjIgVFg9LTQyLzUgUTEwMAo=","description":"ble:LoRa-Chatter-1B44 44:1B:F6:8D:B7:A9","device_key":"ble-address:44:1b:f6:8d:b7:a9","kind":"rx","seq":678,"session":"s1","stream":"telemetry","text":"22 TX=-42/5 Q100\n","timestamp":1790455936.5808144}
2026-09-26T23:52:16.582+03:00 [RX telemetry] {"data_b64":"ClJYIEFDSyBzZXNzaW9uPUEyNEY=","description":"ble:LoRa-Chatter-1B44 44:1B:F6:8D:B7:A9","device_key":"ble-address:44:1b:f6:8d:b7:a9","kind":"rx","seq":679,"session":"s1","stream":"telemetry","text":"\nRX ACK session=A24F","timestamp":1790455936.5818048}
2026-09-26T23:52:16.588+03:00 [RX telemetry] {"data_b64":"ClRYIEFDSyBzZXE9MjYgYWNrX3Q=","description":"ble:LoRa-Chatter-72E0 E0:72:A1:D5:4C:15","device_key":"ble-address:e0:72:a1:d5:4c:15","kind":"rx","seq":664,"session":"s2","stream":"telemetry","text":"\nTX ACK seq=26 ack_t","timestamp":1790455936.584587}
2026-09-26T23:52:16.589+03:00 [RX telemetry] {"data_b64":"bz0wQkM3LzIyIGZyYW1lPTE0QiA=","description":"ble:LoRa-Chatter-72E0 E0:72:A1:D5:4C:15","device_key":"ble-address:e0:72:a1:d5:4c:15","kind":"rx","seq":665,"session":"s2","stream":"telemetry","text":"o=0BC7/22 frame=14B ","timestamp":1790455936.585452}
2026-09-26T23:52:16.589+03:00 [RX telemetry] {"data_b64":"T0sgdGltZT0xMyBtcyBndWFyZD0=","description":"ble:LoRa-Chatter-72E0 E0:72:A1:D5:4C:15","device_key":"ble-address:e0:72:a1:d5:4c:15","kind":"rx","seq":666,"session":"s2","stream":"telemetry","text":"OK time=13 ms guard=","timestamp":1790455936.5855653}
2026-09-26T23:52:16.589+03:00 [RX telemetry] {"data_b64":"NTAwbXMK","description":"ble:LoRa-Chatter-72E0 E0:72:A1:D5:4C:15","device_key":"ble-address:e0:72:a1:d5:4c:15","kind":"rx","seq":667,"session":"s2","stream":"telemetry","text":"500ms\n","timestamp":1790455936.5864916}
2026-09-26T23:52:16.627+03:00 [RX telemetry] {"data_b64":"IHNlcT0yNiBhY2tfdG89MEJDNy8=","description":"ble:LoRa-Chatter-1B44 44:1B:F6:8D:B7:A9","device_key":"ble-address:44:1b:f6:8d:b7:a9","kind":"rx","seq":680,"session":"s1","stream":"telemetry","text":" seq=26 ack_to=0BC7/","timestamp":1790455936.6261954}
2026-09-26T23:52:16.628+03:00 [RX telemetry] {"data_b64":"MjIgZnJhbWU9MTRCIFJYPS00NS8=","description":"ble:LoRa-Chatter-1B44 44:1B:F6:8D:B7:A9","device_key":"ble-address:44:1b:f6:8d:b7:a9","kind":"rx","seq":681,"session":"s1","stream":"telemetry","text":"22 frame=14B RX=-45/","timestamp":1790455936.6275332}
2026-09-26T23:52:16.628+03:00 [RX telemetry] {"data_b64":"NSBRMTAwCg==","description":"ble:LoRa-Chatter-1B44 44:1B:F6:8D:B7:A9","device_key":"ble-address:44:1b:f6:8d:b7:a9","kind":"rx","seq":682,"session":"s1","stream":"telemetry","text":"5 Q100\n","timestamp":1790455936.6276107}
2026-09-26T23:52:16.671+03:00 [RX telemetry] {"data_b64":"REVMSVZFUlkgQUNLIHVzZXI9MEI=","description":"ble:LoRa-Chatter-1B44 44:1B:F6:8D:B7:A9","device_key":"ble-address:44:1b:f6:8d:b7:a9","kind":"rx","seq":683,"session":"s1","stream":"telemetry","text":"DELIVERY ACK user=0B","timestamp":1790455936.670299}
2026-09-26T23:52:16.671+03:00 [RX telemetry] {"data_b64":"QzcvMjIgYXR0ZW1wdHM9MS81IGU=","description":"ble:LoRa-Chatter-1B44 44:1B:F6:8D:B7:A9","device_key":"ble-address:44:1b:f6:8d:b7:a9","kind":"rx","seq":684,"session":"s1","stream":"telemetry","text":"C7/22 attempts=1/5 e","timestamp":1790455936.6715739}
2026-09-26T23:52:16.672+03:00 [RX telemetry] {"data_b64":"bGFwc2VkPTIyM21zIHF1ZXVlPTA=","description":"ble:LoRa-Chatter-1B44 44:1B:F6:8D:B7:A9","device_key":"ble-address:44:1b:f6:8d:b7:a9","kind":"rx","seq":685,"session":"s1","stream":"telemetry","text":"lapsed=223ms queue=0","timestamp":1790455936.6726828}
2026-09-26T23:52:16.715+03:00 [RX telemetry] {"data_b64":"Cg==","description":"ble:LoRa-Chatter-1B44 44:1B:F6:8D:B7:A9","device_key":"ble-address:44:1b:f6:8d:b7:a9","kind":"rx","seq":686,"session":"s1","stream":"telemetry","text":"\n","timestamp":1790455936.7148757}
2026-09-26T23:52:17.378+03:00 [AGENT REQUEST] {"id":89,"op":"observe","cursors":{"s1":663,"s2":655},"timeout_ms":6000}
2026-09-26T23:52:17.379+03:00 [AGENT RESPONSE] {"id":89,"ok":true,"result":{"cursors":{"s1":686,"s2":667},"lines":[{"seq_first":666,"seq_last":668,"session":"s1","stream":"telemetry","text":"DELIVERY QUEUED source=2 bytes=8 waiting=1/8 in_flight=0"},{"seq_first":669,"seq_last":669,"session":"s1","stream":"telemetry","text":""},{"seq_first":669,"seq_last":671,"session":"s1","stream":"telemetry","text":"TX USER seq=22 frame=20B user=8B attempt=1/5 OK time=18 ms"},{"seq_first":672,"seq_last":672,"session":"s1","stream":"chat","text":"> 7A0803XX"},{"seq_first":673,"seq_last":676,"session":"s1","stream":"telemetry","text":"DELIVERY WAIT_ACK user=0BC7/22 attempt=1/5 timeout=712ms queue=0"},{"seq_first":656,"seq_last":657,"session":"s2","stream":"telemetry","text":"PEER_REPORT our_seq=25 TX=-47/6 Q100"},{"seq_first":658,"seq_last":658,"session":"s2","stream":"telemetry","text":""},{"seq_first":658,"seq_last":661,"session":"s2","stream":"telemetry","text":"RX USER session=0BC7 seq=22 frame=20B user=8B RX=-42/5 Q100 disposition=0"},{"seq_first":662,"seq_last":663,"session":"s2","stream":"chat","text":"< [-42/5 Q100] 7A0803XX"},{"seq_first":677,"seq_last":678,"session":"s1","stream":"telemetry","text":"PEER_REPORT our_seq=22 TX=-42/5 Q100"},{"seq_first":679,"seq_last":679,"session":"s1","stream":"telemetry","text":""},{"seq_first":664,"seq_last":664,"session":"s2","stream":"telemetry","text":""},{"seq_first":664,"seq_last":667,"session":"s2","stream":"telemetry","text":"TX ACK seq=26 ack_to=0BC7/22 frame=14B OK time=13 ms guard=500ms"},{"seq_first":679,"seq_last":682,"session":"s1","stream":"telemetry","text":"RX ACK session=A24F seq=26 ack_to=0BC7/22 frame=14B RX=-45/5 Q100"},{"seq_first":683,"seq_last":686,"session":"s1","stream":"telemetry","text":"DELIVERY ACK user=0BC7/22 attempts=1/5 elapsed=223ms queue=0"}],"timed_out":false}}
2026-09-26T23:52:18.482+03:00 [AGENT REQUEST] {"id":90,"op":"send_line","session":"s2","text":"7B0801XX"}
2026-09-26T23:52:18.483+03:00 [TX] {"data_b64":"N0IwODAxWFgK","device_key":"ble-address:e0:72:a1:d5:4c:15","kind":"tx","seq":668,"session":"s2","text":"7B0801XX","timestamp":1790455938.4829447,"tx_id":23,"tx_state":"queued"}
2026-09-26T23:52:18.484+03:00 [AGENT RESPONSE] {"id":90,"ok":true,"result":{"state":"queued","tx_id":23}}
2026-09-26T23:52:18.484+03:00 [TX] {"data_b64":"N0IwODAxWFgK","description":"ble:LoRa-Chatter-72E0 E0:72:A1:D5:4C:15","device_key":"ble-address:e0:72:a1:d5:4c:15","kind":"tx","seq":669,"session":"s2","text":"7B0801XX","timestamp":1790455938.4847603,"tx_id":23,"tx_state":"written"}
2026-09-26T23:52:18.561+03:00 [RX telemetry] {"data_b64":"UEVFUl9SRVBPUlQgb3VyX3NlcT0=","description":"ble:LoRa-Chatter-1B44 44:1B:F6:8D:B7:A9","device_key":"ble-address:44:1b:f6:8d:b7:a9","kind":"rx","seq":687,"session":"s1","stream":"telemetry","text":"PEER_REPORT our_seq=","timestamp":1790455938.5598063}
2026-09-26T23:52:18.562+03:00 [RX telemetry] {"data_b64":"MjIgVFg9LTQyLzUgUTEwMAo=","description":"ble:LoRa-Chatter-1B44 44:1B:F6:8D:B7:A9","device_key":"ble-address:44:1b:f6:8d:b7:a9","kind":"rx","seq":688,"session":"s1","stream":"telemetry","text":"22 TX=-42/5 Q100\n","timestamp":1790455938.562172}
2026-09-26T23:52:18.562+03:00 [RX telemetry] {"data_b64":"ClJYIFVTRVIgc2Vzc2lvbj1BMjQ=","description":"ble:LoRa-Chatter-1B44 44:1B:F6:8D:B7:A9","device_key":"ble-address:44:1b:f6:8d:b7:a9","kind":"rx","seq":689,"session":"s1","stream":"telemetry","text":"\nRX USER session=A24","timestamp":1790455938.562273}
2026-09-26T23:52:18.566+03:00 [RX telemetry] {"data_b64":"REVMSVZFUlkgUVVFVUVEIHNvdXI=","description":"ble:LoRa-Chatter-72E0 E0:72:A1:D5:4C:15","device_key":"ble-address:e0:72:a1:d5:4c:15","kind":"rx","seq":670,"session":"s2","stream":"telemetry","text":"DELIVERY QUEUED sour","timestamp":1790455938.5660918}
2026-09-26T23:52:18.567+03:00 [RX telemetry] {"data_b64":"Y2U9MiBieXRlcz04IHdhaXRpbmc=","description":"ble:LoRa-Chatter-72E0 E0:72:A1:D5:4C:15","device_key":"ble-address:e0:72:a1:d5:4c:15","kind":"rx","seq":671,"session":"s2","stream":"telemetry","text":"ce=2 bytes=8 waiting","timestamp":1790455938.5666184}
2026-09-26T23:52:18.568+03:00 [RX telemetry] {"data_b64":"PTEvOCBpbl9mbGlnaHQ9MAo=","description":"ble:LoRa-Chatter-72E0 E0:72:A1:D5:4C:15","device_key":"ble-address:e0:72:a1:d5:4c:15","kind":"rx","seq":672,"session":"s2","stream":"telemetry","text":"=1/8 in_flight=0\n","timestamp":1790455938.56765}
2026-09-26T23:52:18.568+03:00 [RX telemetry] {"data_b64":"ClRYIFVTRVIgc2VxPTI3IGZyYW0=","description":"ble:LoRa-Chatter-72E0 E0:72:A1:D5:4C:15","device_key":"ble-address:e0:72:a1:d5:4c:15","kind":"rx","seq":673,"session":"s2","stream":"telemetry","text":"\nTX USER seq=27 fram","timestamp":1790455938.5677607}
2026-09-26T23:52:18.568+03:00 [RX telemetry] {"data_b64":"ZT0yMEIgdXNlcj04QiBhdHRlbXA=","description":"ble:LoRa-Chatter-72E0 E0:72:A1:D5:4C:15","device_key":"ble-address:e0:72:a1:d5:4c:15","kind":"rx","seq":674,"session":"s2","stream":"telemetry","text":"e=20B user=8B attemp","timestamp":1790455938.5678391}
2026-09-26T23:52:18.570+03:00 [RX telemetry] {"data_b64":"dD0xLzUgT0sgdGltZT0xNiBtcwo=","description":"ble:LoRa-Chatter-72E0 E0:72:A1:D5:4C:15","device_key":"ble-address:e0:72:a1:d5:4c:15","kind":"rx","seq":675,"session":"s2","stream":"telemetry","text":"t=1/5 OK time=16 ms\n","timestamp":1790455938.5693781}
2026-09-26T23:52:18.570+03:00 [RX chat] {"data_b64":"PiA3QjA4MDFYWAo=","description":"ble:LoRa-Chatter-72E0 E0:72:A1:D5:4C:15","device_key":"ble-address:e0:72:a1:d5:4c:15","kind":"rx","seq":676,"session":"s2","stream":"chat","text":"> 7B0801XX\n","timestamp":1790455938.5695043}
2026-09-26T23:52:18.571+03:00 [RX telemetry] {"data_b64":"REVMSVZFUlkgV0FJVF9BQ0sgdXM=","description":"ble:LoRa-Chatter-72E0 E0:72:A1:D5:4C:15","device_key":"ble-address:e0:72:a1:d5:4c:15","kind":"rx","seq":677,"session":"s2","stream":"telemetry","text":"DELIVERY WAIT_ACK us","timestamp":1790455938.5702026}
2026-09-26T23:52:18.571+03:00 [RX telemetry] {"data_b64":"ZXI9QTI0Ri8yNyBhdHRlbXB0PTE=","description":"ble:LoRa-Chatter-72E0 E0:72:A1:D5:4C:15","device_key":"ble-address:e0:72:a1:d5:4c:15","kind":"rx","seq":678,"session":"s2","stream":"telemetry","text":"er=A24F/27 attempt=1","timestamp":1790455938.5702918}
2026-09-26T23:52:18.572+03:00 [RX telemetry] {"data_b64":"LzUgdGltZW91dD03MTJtcyBxdWU=","description":"ble:LoRa-Chatter-72E0 E0:72:A1:D5:4C:15","device_key":"ble-address:e0:72:a1:d5:4c:15","kind":"rx","seq":679,"session":"s2","stream":"telemetry","text":"/5 timeout=712ms que","timestamp":1790455938.571758}
2026-09-26T23:52:18.572+03:00 [RX telemetry] {"data_b64":"dWU9MAo=","description":"ble:LoRa-Chatter-72E0 E0:72:A1:D5:4C:15","device_key":"ble-address:e0:72:a1:d5:4c:15","kind":"rx","seq":680,"session":"s2","stream":"telemetry","text":"ue=0\n","timestamp":1790455938.5722814}
2026-09-26T23:52:18.605+03:00 [RX telemetry] {"data_b64":"RiBzZXE9MjcgZnJhbWU9MjBCIHU=","description":"ble:LoRa-Chatter-1B44 44:1B:F6:8D:B7:A9","device_key":"ble-address:44:1b:f6:8d:b7:a9","kind":"rx","seq":690,"session":"s1","stream":"telemetry","text":"F seq=27 frame=20B u","timestamp":1790455938.6049268}
2026-09-26T23:52:18.606+03:00 [RX telemetry] {"data_b64":"c2VyPThCIFJYPS00Mi81IFExMDA=","description":"ble:LoRa-Chatter-1B44 44:1B:F6:8D:B7:A9","device_key":"ble-address:44:1b:f6:8d:b7:a9","kind":"rx","seq":691,"session":"s1","stream":"telemetry","text":"ser=8B RX=-42/5 Q100","timestamp":1790455938.6058333}
2026-09-26T23:52:18.606+03:00 [RX telemetry] {"data_b64":"IGRpc3Bvc2l0aW9uPTAK","description":"ble:LoRa-Chatter-1B44 44:1B:F6:8D:B7:A9","device_key":"ble-address:44:1b:f6:8d:b7:a9","kind":"rx","seq":692,"session":"s1","stream":"telemetry","text":" disposition=0\n","timestamp":1790455938.6066098}
2026-09-26T23:52:18.650+03:00 [RX chat] {"data_b64":"PCBbLTQyLzUgUTEwMF0gN0IwODA=","description":"ble:LoRa-Chatter-1B44 44:1B:F6:8D:B7:A9","device_key":"ble-address:44:1b:f6:8d:b7:a9","kind":"rx","seq":693,"session":"s1","stream":"chat","text":"< [-42/5 Q100] 7B080","timestamp":1790455938.6498256}
2026-09-26T23:52:18.651+03:00 [RX chat] {"data_b64":"MVhYCg==","description":"ble:LoRa-Chatter-1B44 44:1B:F6:8D:B7:A9","device_key":"ble-address:44:1b:f6:8d:b7:a9","kind":"rx","seq":694,"session":"s1","stream":"chat","text":"1XX\n","timestamp":1790455938.650813}
2026-09-26T23:52:18.788+03:00 [RX telemetry] {"data_b64":"ClRYIEFDSyBzZXE9MjMgYWNrX3Q=","description":"ble:LoRa-Chatter-1B44 44:1B:F6:8D:B7:A9","device_key":"ble-address:44:1b:f6:8d:b7:a9","kind":"rx","seq":695,"session":"s1","stream":"telemetry","text":"\nTX ACK seq=23 ack_t","timestamp":1790455938.787964}
2026-09-26T23:52:18.789+03:00 [RX telemetry] {"data_b64":"bz1BMjRGLzI3IGZyYW1lPTE0QiA=","description":"ble:LoRa-Chatter-1B44 44:1B:F6:8D:B7:A9","device_key":"ble-address:44:1b:f6:8d:b7:a9","kind":"rx","seq":696,"session":"s1","stream":"telemetry","text":"o=A24F/27 frame=14B ","timestamp":1790455938.7882674}
2026-09-26T23:52:18.789+03:00 [RX telemetry] {"data_b64":"T0sgdGltZT0xMyBtcyBndWFyZD0=","description":"ble:LoRa-Chatter-1B44 44:1B:F6:8D:B7:A9","device_key":"ble-address:44:1b:f6:8d:b7:a9","kind":"rx","seq":697,"session":"s1","stream":"telemetry","text":"OK time=13 ms guard=","timestamp":1790455938.788298}
2026-09-26T23:52:18.791+03:00 [RX telemetry] {"data_b64":"UEVFUl9SRVBPUlQgb3VyX3NlcT0=","description":"ble:LoRa-Chatter-72E0 E0:72:A1:D5:4C:15","device_key":"ble-address:e0:72:a1:d5:4c:15","kind":"rx","seq":681,"session":"s2","stream":"telemetry","text":"PEER_REPORT our_seq=","timestamp":1790455938.7907143}
2026-09-26T23:52:18.791+03:00 [RX telemetry] {"data_b64":"MjcgVFg9LTQyLzUgUTEwMAo=","description":"ble:LoRa-Chatter-72E0 E0:72:A1:D5:4C:15","device_key":"ble-address:e0:72:a1:d5:4c:15","kind":"rx","seq":682,"session":"s2","stream":"telemetry","text":"27 TX=-42/5 Q100\n","timestamp":1790455938.7914283}
2026-09-26T23:52:18.791+03:00 [RX telemetry] {"data_b64":"ClJYIEFDSyBzZXNzaW9uPTBCQzc=","description":"ble:LoRa-Chatter-72E0 E0:72:A1:D5:4C:15","device_key":"ble-address:e0:72:a1:d5:4c:15","kind":"rx","seq":683,"session":"s2","stream":"telemetry","text":"\nRX ACK session=0BC7","timestamp":1790455938.7914686}
2026-09-26T23:52:18.791+03:00 [RX telemetry] {"data_b64":"IHNlcT0yMyBhY2tfdG89QTI0Ri8=","description":"ble:LoRa-Chatter-72E0 E0:72:A1:D5:4C:15","device_key":"ble-address:e0:72:a1:d5:4c:15","kind":"rx","seq":684,"session":"s2","stream":"telemetry","text":" seq=23 ack_to=A24F/","timestamp":1790455938.791485}
2026-09-26T23:52:18.792+03:00 [RX telemetry] {"data_b64":"MjcgZnJhbWU9MTRCIFJYPS00My8=","description":"ble:LoRa-Chatter-72E0 E0:72:A1:D5:4C:15","device_key":"ble-address:e0:72:a1:d5:4c:15","kind":"rx","seq":685,"session":"s2","stream":"telemetry","text":"27 frame=14B RX=-43/","timestamp":1790455938.7920635}
2026-09-26T23:52:18.792+03:00 [RX telemetry] {"data_b64":"NCBRMTAwCg==","description":"ble:LoRa-Chatter-72E0 E0:72:A1:D5:4C:15","device_key":"ble-address:e0:72:a1:d5:4c:15","kind":"rx","seq":686,"session":"s2","stream":"telemetry","text":"4 Q100\n","timestamp":1790455938.7920878}
2026-09-26T23:52:18.792+03:00 [RX telemetry] {"data_b64":"REVMSVZFUlkgQUNLIHVzZXI9QTI=","description":"ble:LoRa-Chatter-72E0 E0:72:A1:D5:4C:15","device_key":"ble-address:e0:72:a1:d5:4c:15","kind":"rx","seq":687,"session":"s2","stream":"telemetry","text":"DELIVERY ACK user=A2","timestamp":1790455938.7923796}
2026-09-26T23:52:18.795+03:00 [RX telemetry] {"data_b64":"NEYvMjcgYXR0ZW1wdHM9MS81IGU=","description":"ble:LoRa-Chatter-72E0 E0:72:A1:D5:4C:15","device_key":"ble-address:e0:72:a1:d5:4c:15","kind":"rx","seq":688,"session":"s2","stream":"telemetry","text":"4F/27 attempts=1/5 e","timestamp":1790455938.794872}
2026-09-26T23:52:18.795+03:00 [RX telemetry] {"data_b64":"bGFwc2VkPTIyMm1zIHF1ZXVlPTA=","description":"ble:LoRa-Chatter-72E0 E0:72:A1:D5:4C:15","device_key":"ble-address:e0:72:a1:d5:4c:15","kind":"rx","seq":689,"session":"s2","stream":"telemetry","text":"lapsed=222ms queue=0","timestamp":1790455938.7951853}
2026-09-26T23:52:18.795+03:00 [RX telemetry] {"data_b64":"Cg==","description":"ble:LoRa-Chatter-72E0 E0:72:A1:D5:4C:15","device_key":"ble-address:e0:72:a1:d5:4c:15","kind":"rx","seq":690,"session":"s2","stream":"telemetry","text":"\n","timestamp":1790455938.7954657}
2026-09-26T23:52:18.829+03:00 [RX telemetry] {"data_b64":"NTAwbXMK","description":"ble:LoRa-Chatter-1B44 44:1B:F6:8D:B7:A9","device_key":"ble-address:44:1b:f6:8d:b7:a9","kind":"rx","seq":698,"session":"s1","stream":"telemetry","text":"500ms\n","timestamp":1790455938.8291802}
2026-09-26T23:52:19.587+03:00 [AGENT REQUEST] {"id":91,"op":"observe","cursors":{"s1":686,"s2":667},"timeout_ms":6000}
2026-09-26T23:52:19.588+03:00 [AGENT RESPONSE] {"id":91,"ok":true,"result":{"cursors":{"s1":698,"s2":690},"lines":[{"seq_first":687,"seq_last":688,"session":"s1","stream":"telemetry","text":"PEER_REPORT our_seq=22 TX=-42/5 Q100"},{"seq_first":689,"seq_last":689,"session":"s1","stream":"telemetry","text":""},{"seq_first":670,"seq_last":672,"session":"s2","stream":"telemetry","text":"DELIVERY QUEUED source=2 bytes=8 waiting=1/8 in_flight=0"},{"seq_first":673,"seq_last":673,"session":"s2","stream":"telemetry","text":""},{"seq_first":673,"seq_last":675,"session":"s2","stream":"telemetry","text":"TX USER seq=27 frame=20B user=8B attempt=1/5 OK time=16 ms"},{"seq_first":676,"seq_last":676,"session":"s2","stream":"chat","text":"> 7B0801XX"},{"seq_first":677,"seq_last":680,"session":"s2","stream":"telemetry","text":"DELIVERY WAIT_ACK user=A24F/27 attempt=1/5 timeout=712ms queue=0"},{"seq_first":689,"seq_last":692,"session":"s1","stream":"telemetry","text":"RX USER session=A24F seq=27 frame=20B user=8B RX=-42/5 Q100 disposition=0"},{"seq_first":693,"seq_last":694,"session":"s1","stream":"chat","text":"< [-42/5 Q100] 7B0801XX"},{"seq_first":695,"seq_last":695,"session":"s1","stream":"telemetry","text":""},{"seq_first":681,"seq_last":682,"session":"s2","stream":"telemetry","text":"PEER_REPORT our_seq=27 TX=-42/5 Q100"},{"seq_first":683,"seq_last":683,"session":"s2","stream":"telemetry","text":""},{"seq_first":683,"seq_last":686,"session":"s2","stream":"telemetry","text":"RX ACK session=0BC7 seq=23 ack_to=A24F/27 frame=14B RX=-43/4 Q100"},{"seq_first":687,"seq_last":690,"session":"s2","stream":"telemetry","text":"DELIVERY ACK user=A24F/27 attempts=1/5 elapsed=222ms queue=0"},{"seq_first":695,"seq_last":698,"session":"s1","stream":"telemetry","text":"TX ACK seq=23 ack_to=A24F/27 frame=14B OK time=13 ms guard=500ms"}],"timed_out":false}}
2026-09-26T23:52:20.691+03:00 [AGENT REQUEST] {"id":92,"op":"send_line","session":"s2","text":"7B0802XX"}
2026-09-26T23:52:20.692+03:00 [TX] {"data_b64":"N0IwODAyWFgK","device_key":"ble-address:e0:72:a1:d5:4c:15","kind":"tx","seq":691,"session":"s2","text":"7B0802XX","timestamp":1790455940.6919813,"tx_id":24,"tx_state":"queued"}
2026-09-26T23:52:20.693+03:00 [AGENT RESPONSE] {"id":92,"ok":true,"result":{"state":"queued","tx_id":24}}
2026-09-26T23:52:20.694+03:00 [TX] {"data_b64":"N0IwODAyWFgK","description":"ble:LoRa-Chatter-72E0 E0:72:A1:D5:4C:15","device_key":"ble-address:e0:72:a1:d5:4c:15","kind":"tx","seq":692,"session":"s2","text":"7B0802XX","timestamp":1790455940.6940248,"tx_id":24,"tx_state":"written"}
2026-09-26T23:52:20.769+03:00 [RX telemetry] {"data_b64":"UEVFUl9SRVBPUlQgb3VyX3NlcT0=","description":"ble:LoRa-Chatter-1B44 44:1B:F6:8D:B7:A9","device_key":"ble-address:44:1b:f6:8d:b7:a9","kind":"rx","seq":699,"session":"s1","stream":"telemetry","text":"PEER_REPORT our_seq=","timestamp":1790455940.7664554}
2026-09-26T23:52:20.770+03:00 [RX telemetry] {"data_b64":"MjMgVFg9LTQzLzUgUTEwMAo=","description":"ble:LoRa-Chatter-1B44 44:1B:F6:8D:B7:A9","device_key":"ble-address:44:1b:f6:8d:b7:a9","kind":"rx","seq":700,"session":"s1","stream":"telemetry","text":"23 TX=-43/5 Q100\n","timestamp":1790455940.7697241}
2026-09-26T23:52:20.772+03:00 [RX telemetry] {"data_b64":"ClJYIFVTRVIgc2Vzc2lvbj1BMjQ=","description":"ble:LoRa-Chatter-1B44 44:1B:F6:8D:B7:A9","device_key":"ble-address:44:1b:f6:8d:b7:a9","kind":"rx","seq":701,"session":"s1","stream":"telemetry","text":"\nRX USER session=A24","timestamp":1790455940.771386}
2026-09-26T23:52:20.773+03:00 [RX telemetry] {"data_b64":"REVMSVZFUlkgUVVFVUVEIHNvdXI=","description":"ble:LoRa-Chatter-72E0 E0:72:A1:D5:4C:15","device_key":"ble-address:e0:72:a1:d5:4c:15","kind":"rx","seq":693,"session":"s2","stream":"telemetry","text":"DELIVERY QUEUED sour","timestamp":1790455940.7710943}
2026-09-26T23:52:20.775+03:00 [RX telemetry] {"data_b64":"Y2U9MiBieXRlcz04IHdhaXRpbmc=","description":"ble:LoRa-Chatter-72E0 E0:72:A1:D5:4C:15","device_key":"ble-address:e0:72:a1:d5:4c:15","kind":"rx","seq":694,"session":"s2","stream":"telemetry","text":"ce=2 bytes=8 waiting","timestamp":1790455940.7740479}
2026-09-26T23:52:20.776+03:00 [RX telemetry] {"data_b64":"PTEvOCBpbl9mbGlnaHQ9MAo=","description":"ble:LoRa-Chatter-72E0 E0:72:A1:D5:4C:15","device_key":"ble-address:e0:72:a1:d5:4c:15","kind":"rx","seq":695,"session":"s2","stream":"telemetry","text":"=1/8 in_flight=0\n","timestamp":1790455940.7741513}
2026-09-26T23:52:20.776+03:00 [RX telemetry] {"data_b64":"ClRYIFVTRVIgc2VxPTI4IGZyYW0=","description":"ble:LoRa-Chatter-72E0 E0:72:A1:D5:4C:15","device_key":"ble-address:e0:72:a1:d5:4c:15","kind":"rx","seq":696,"session":"s2","stream":"telemetry","text":"\nTX USER seq=28 fram","timestamp":1790455940.77424}
2026-09-26T23:52:20.776+03:00 [RX telemetry] {"data_b64":"ZT0yMEIgdXNlcj04QiBhdHRlbXA=","description":"ble:LoRa-Chatter-72E0 E0:72:A1:D5:4C:15","device_key":"ble-address:e0:72:a1:d5:4c:15","kind":"rx","seq":697,"session":"s2","stream":"telemetry","text":"e=20B user=8B attemp","timestamp":1790455940.7743168}
2026-09-26T23:52:20.777+03:00 [RX telemetry] {"data_b64":"dD0xLzUgT0sgdGltZT0xNiBtcwo=","description":"ble:LoRa-Chatter-72E0 E0:72:A1:D5:4C:15","device_key":"ble-address:e0:72:a1:d5:4c:15","kind":"rx","seq":698,"session":"s2","stream":"telemetry","text":"t=1/5 OK time=16 ms\n","timestamp":1790455940.7743785}
2026-09-26T23:52:20.777+03:00 [RX chat] {"data_b64":"PiA3QjA4MDJYWAo=","description":"ble:LoRa-Chatter-72E0 E0:72:A1:D5:4C:15","device_key":"ble-address:e0:72:a1:d5:4c:15","kind":"rx","seq":699,"session":"s2","stream":"chat","text":"> 7B0802XX\n","timestamp":1790455940.77446}
2026-09-26T23:52:20.777+03:00 [RX telemetry] {"data_b64":"REVMSVZFUlkgV0FJVF9BQ0sgdXM=","description":"ble:LoRa-Chatter-72E0 E0:72:A1:D5:4C:15","device_key":"ble-address:e0:72:a1:d5:4c:15","kind":"rx","seq":700,"session":"s2","stream":"telemetry","text":"DELIVERY WAIT_ACK us","timestamp":1790455940.7754192}
2026-09-26T23:52:20.777+03:00 [RX telemetry] {"data_b64":"ZXI9QTI0Ri8yOCBhdHRlbXB0PTE=","description":"ble:LoRa-Chatter-72E0 E0:72:A1:D5:4C:15","device_key":"ble-address:e0:72:a1:d5:4c:15","kind":"rx","seq":701,"session":"s2","stream":"telemetry","text":"er=A24F/28 attempt=1","timestamp":1790455940.7754996}
2026-09-26T23:52:20.777+03:00 [RX telemetry] {"data_b64":"LzUgdGltZW91dD03MTJtcyBxdWU=","description":"ble:LoRa-Chatter-72E0 E0:72:A1:D5:4C:15","device_key":"ble-address:e0:72:a1:d5:4c:15","kind":"rx","seq":702,"session":"s2","stream":"telemetry","text":"/5 timeout=712ms que","timestamp":1790455940.7764363}
2026-09-26T23:52:20.777+03:00 [RX telemetry] {"data_b64":"dWU9MAo=","description":"ble:LoRa-Chatter-72E0 E0:72:A1:D5:4C:15","device_key":"ble-address:e0:72:a1:d5:4c:15","kind":"rx","seq":703,"session":"s2","stream":"telemetry","text":"ue=0\n","timestamp":1790455940.7770178}
2026-09-26T23:52:20.810+03:00 [RX telemetry] {"data_b64":"RiBzZXE9MjggZnJhbWU9MjBCIHU=","description":"ble:LoRa-Chatter-1B44 44:1B:F6:8D:B7:A9","device_key":"ble-address:44:1b:f6:8d:b7:a9","kind":"rx","seq":702,"session":"s1","stream":"telemetry","text":"F seq=28 frame=20B u","timestamp":1790455940.8097825}
2026-09-26T23:52:20.811+03:00 [RX telemetry] {"data_b64":"c2VyPThCIFJYPS00Ny81IFExMDA=","description":"ble:LoRa-Chatter-1B44 44:1B:F6:8D:B7:A9","device_key":"ble-address:44:1b:f6:8d:b7:a9","kind":"rx","seq":703,"session":"s1","stream":"telemetry","text":"ser=8B RX=-47/5 Q100","timestamp":1790455940.8102868}
2026-09-26T23:52:20.812+03:00 [RX telemetry] {"data_b64":"IGRpc3Bvc2l0aW9uPTAK","description":"ble:LoRa-Chatter-1B44 44:1B:F6:8D:B7:A9","device_key":"ble-address:44:1b:f6:8d:b7:a9","kind":"rx","seq":704,"session":"s1","stream":"telemetry","text":" disposition=0\n","timestamp":1790455940.8117144}
2026-09-26T23:52:20.854+03:00 [RX chat] {"data_b64":"PCBbLTQ3LzUgUTEwMF0gN0IwODA=","description":"ble:LoRa-Chatter-1B44 44:1B:F6:8D:B7:A9","device_key":"ble-address:44:1b:f6:8d:b7:a9","kind":"rx","seq":705,"session":"s1","stream":"chat","text":"< [-47/5 Q100] 7B080","timestamp":1790455940.8545878}
2026-09-26T23:52:20.855+03:00 [RX chat] {"data_b64":"MlhYCg==","description":"ble:LoRa-Chatter-1B44 44:1B:F6:8D:B7:A9","device_key":"ble-address:44:1b:f6:8d:b7:a9","kind":"rx","seq":706,"session":"s1","stream":"chat","text":"2XX\n","timestamp":1790455940.8546307}
2026-09-26T23:52:20.990+03:00 [RX telemetry] {"data_b64":"ClRYIEFDSyBzZXE9MjQgYWNrX3Q=","description":"ble:LoRa-Chatter-1B44 44:1B:F6:8D:B7:A9","device_key":"ble-address:44:1b:f6:8d:b7:a9","kind":"rx","seq":707,"session":"s1","stream":"telemetry","text":"\nTX ACK seq=24 ack_t","timestamp":1790455940.9899652}
2026-09-26T23:52:20.991+03:00 [RX telemetry] {"data_b64":"bz1BMjRGLzI4IGZyYW1lPTE0QiA=","description":"ble:LoRa-Chatter-1B44 44:1B:F6:8D:B7:A9","device_key":"ble-address:44:1b:f6:8d:b7:a9","kind":"rx","seq":708,"session":"s1","stream":"telemetry","text":"o=A24F/28 frame=14B ","timestamp":1790455940.9908903}
2026-09-26T23:52:20.992+03:00 [RX telemetry] {"data_b64":"T0sgdGltZT0xMyBtcyBndWFyZD0=","description":"ble:LoRa-Chatter-1B44 44:1B:F6:8D:B7:A9","device_key":"ble-address:44:1b:f6:8d:b7:a9","kind":"rx","seq":709,"session":"s1","stream":"telemetry","text":"OK time=13 ms guard=","timestamp":1790455940.991884}
2026-09-26T23:52:20.995+03:00 [RX telemetry] {"data_b64":"UEVFUl9SRVBPUlQgb3VyX3NlcT0=","description":"ble:LoRa-Chatter-72E0 E0:72:A1:D5:4C:15","device_key":"ble-address:e0:72:a1:d5:4c:15","kind":"rx","seq":704,"session":"s2","stream":"telemetry","text":"PEER_REPORT our_seq=","timestamp":1790455940.995555}
2026-09-26T23:52:20.996+03:00 [RX telemetry] {"data_b64":"MjggVFg9LTQ3LzUgUTEwMAo=","description":"ble:LoRa-Chatter-72E0 E0:72:A1:D5:4C:15","device_key":"ble-address:e0:72:a1:d5:4c:15","kind":"rx","seq":705,"session":"s2","stream":"telemetry","text":"28 TX=-47/5 Q100\n","timestamp":1790455940.9965498}
2026-09-26T23:52:20.997+03:00 [RX telemetry] {"data_b64":"ClJYIEFDSyBzZXNzaW9uPTBCQzc=","description":"ble:LoRa-Chatter-72E0 E0:72:A1:D5:4C:15","device_key":"ble-address:e0:72:a1:d5:4c:15","kind":"rx","seq":706,"session":"s2","stream":"telemetry","text":"\nRX ACK session=0BC7","timestamp":1790455940.9976702}
2026-09-26T23:52:20.998+03:00 [RX telemetry] {"data_b64":"IHNlcT0yNCBhY2tfdG89QTI0Ri8=","description":"ble:LoRa-Chatter-72E0 E0:72:A1:D5:4C:15","device_key":"ble-address:e0:72:a1:d5:4c:15","kind":"rx","seq":707,"session":"s2","stream":"telemetry","text":" seq=24 ack_to=A24F/","timestamp":1790455940.9977448}
2026-09-26T23:52:20.999+03:00 [RX telemetry] {"data_b64":"MjggZnJhbWU9MTRCIFJYPS00OS8=","description":"ble:LoRa-Chatter-72E0 E0:72:A1:D5:4C:15","device_key":"ble-address:e0:72:a1:d5:4c:15","kind":"rx","seq":708,"session":"s2","stream":"telemetry","text":"28 frame=14B RX=-49/","timestamp":1790455940.9993465}
2026-09-26T23:52:21.038+03:00 [RX telemetry] {"data_b64":"NTAwbXMK","description":"ble:LoRa-Chatter-1B44 44:1B:F6:8D:B7:A9","device_key":"ble-address:44:1b:f6:8d:b7:a9","kind":"rx","seq":710,"session":"s1","stream":"telemetry","text":"500ms\n","timestamp":1790455941.0381258}
2026-09-26T23:52:21.040+03:00 [RX telemetry] {"data_b64":"NSBRMTAwCg==","description":"ble:LoRa-Chatter-72E0 E0:72:A1:D5:4C:15","device_key":"ble-address:e0:72:a1:d5:4c:15","kind":"rx","seq":709,"session":"s2","stream":"telemetry","text":"5 Q100\n","timestamp":1790455941.039625}
2026-09-26T23:52:21.040+03:00 [RX telemetry] {"data_b64":"REVMSVZFUlkgQUNLIHVzZXI9QTI=","description":"ble:LoRa-Chatter-72E0 E0:72:A1:D5:4C:15","device_key":"ble-address:e0:72:a1:d5:4c:15","kind":"rx","seq":710,"session":"s2","stream":"telemetry","text":"DELIVERY ACK user=A2","timestamp":1790455941.040358}
2026-09-26T23:52:21.040+03:00 [RX telemetry] {"data_b64":"NEYvMjggYXR0ZW1wdHM9MS81IGU=","description":"ble:LoRa-Chatter-72E0 E0:72:A1:D5:4C:15","device_key":"ble-address:e0:72:a1:d5:4c:15","kind":"rx","seq":711,"session":"s2","stream":"telemetry","text":"4F/28 attempts=1/5 e","timestamp":1790455941.0404384}
2026-09-26T23:52:21.041+03:00 [RX telemetry] {"data_b64":"bGFwc2VkPTIyMm1zIHF1ZXVlPTA=","description":"ble:LoRa-Chatter-72E0 E0:72:A1:D5:4C:15","device_key":"ble-address:e0:72:a1:d5:4c:15","kind":"rx","seq":712,"session":"s2","stream":"telemetry","text":"lapsed=222ms queue=0","timestamp":1790455941.041471}
2026-09-26T23:52:21.042+03:00 [RX telemetry] {"data_b64":"Cg==","description":"ble:LoRa-Chatter-72E0 E0:72:A1:D5:4C:15","device_key":"ble-address:e0:72:a1:d5:4c:15","kind":"rx","seq":713,"session":"s2","stream":"telemetry","text":"\n","timestamp":1790455941.0422957}
2026-09-26T23:52:21.794+03:00 [AGENT REQUEST] {"id":93,"op":"observe","cursors":{"s1":698,"s2":690},"timeout_ms":6000}
2026-09-26T23:52:21.795+03:00 [AGENT RESPONSE] {"id":93,"ok":true,"result":{"cursors":{"s1":710,"s2":713},"lines":[{"seq_first":699,"seq_last":700,"session":"s1","stream":"telemetry","text":"PEER_REPORT our_seq=23 TX=-43/5 Q100"},{"seq_first":701,"seq_last":701,"session":"s1","stream":"telemetry","text":""},{"seq_first":693,"seq_last":695,"session":"s2","stream":"telemetry","text":"DELIVERY QUEUED source=2 bytes=8 waiting=1/8 in_flight=0"},{"seq_first":696,"seq_last":696,"session":"s2","stream":"telemetry","text":""},{"seq_first":696,"seq_last":698,"session":"s2","stream":"telemetry","text":"TX USER seq=28 frame=20B user=8B attempt=1/5 OK time=16 ms"},{"seq_first":699,"seq_last":699,"session":"s2","stream":"chat","text":"> 7B0802XX"},{"seq_first":700,"seq_last":703,"session":"s2","stream":"telemetry","text":"DELIVERY WAIT_ACK user=A24F/28 attempt=1/5 timeout=712ms queue=0"},{"seq_first":701,"seq_last":704,"session":"s1","stream":"telemetry","text":"RX USER session=A24F seq=28 frame=20B user=8B RX=-47/5 Q100 disposition=0"},{"seq_first":705,"seq_last":706,"session":"s1","stream":"chat","text":"< [-47/5 Q100] 7B0802XX"},{"seq_first":707,"seq_last":707,"session":"s1","stream":"telemetry","text":""},{"seq_first":704,"seq_last":705,"session":"s2","stream":"telemetry","text":"PEER_REPORT our_seq=28 TX=-47/5 Q100"},{"seq_first":706,"seq_last":706,"session":"s2","stream":"telemetry","text":""},{"seq_first":707,"seq_last":710,"session":"s1","stream":"telemetry","text":"TX ACK seq=24 ack_to=A24F/28 frame=14B OK time=13 ms guard=500ms"},{"seq_first":706,"seq_last":709,"session":"s2","stream":"telemetry","text":"RX ACK session=0BC7 seq=24 ack_to=A24F/28 frame=14B RX=-49/5 Q100"},{"seq_first":710,"seq_last":713,"session":"s2","stream":"telemetry","text":"DELIVERY ACK user=A24F/28 attempts=1/5 elapsed=222ms queue=0"}],"timed_out":false}}
2026-09-26T23:52:22.899+03:00 [AGENT REQUEST] {"id":94,"op":"send_line","session":"s2","text":"7B0803XX"}
2026-09-26T23:52:22.902+03:00 [TX] {"data_b64":"N0IwODAzWFgK","device_key":"ble-address:e0:72:a1:d5:4c:15","kind":"tx","seq":714,"session":"s2","text":"7B0803XX","timestamp":1790455942.9000928,"tx_id":25,"tx_state":"queued"}
2026-09-26T23:52:22.903+03:00 [AGENT RESPONSE] {"id":94,"ok":true,"result":{"state":"queued","tx_id":25}}
2026-09-26T23:52:22.905+03:00 [TX] {"data_b64":"N0IwODAzWFgK","description":"ble:LoRa-Chatter-72E0 E0:72:A1:D5:4C:15","device_key":"ble-address:e0:72:a1:d5:4c:15","kind":"tx","seq":715,"session":"s2","text":"7B0803XX","timestamp":1790455942.9046288,"tx_id":25,"tx_state":"written"}
2026-09-26T23:52:22.970+03:00 [RX telemetry] {"data_b64":"UEVFUl9SRVBPUlQgb3VyX3NlcT0=","description":"ble:LoRa-Chatter-1B44 44:1B:F6:8D:B7:A9","device_key":"ble-address:44:1b:f6:8d:b7:a9","kind":"rx","seq":711,"session":"s1","stream":"telemetry","text":"PEER_REPORT our_seq=","timestamp":1790455942.9698653}
2026-09-26T23:52:22.970+03:00 [RX telemetry] {"data_b64":"MjQgVFg9LTQ5LzUgUTEwMAo=","description":"ble:LoRa-Chatter-1B44 44:1B:F6:8D:B7:A9","device_key":"ble-address:44:1b:f6:8d:b7:a9","kind":"rx","seq":712,"session":"s1","stream":"telemetry","text":"24 TX=-49/5 Q100\n","timestamp":1790455942.9699514}
2026-09-26T23:52:22.971+03:00 [RX telemetry] {"data_b64":"ClJYIFVTRVIgc2Vzc2lvbj1BMjQ=","description":"ble:LoRa-Chatter-1B44 44:1B:F6:8D:B7:A9","device_key":"ble-address:44:1b:f6:8d:b7:a9","kind":"rx","seq":713,"session":"s1","stream":"telemetry","text":"\nRX USER session=A24","timestamp":1790455942.9712632}
2026-09-26T23:52:22.972+03:00 [RX telemetry] {"data_b64":"RiBzZXE9MjkgZnJhbWU9MjBCIHU=","description":"ble:LoRa-Chatter-1B44 44:1B:F6:8D:B7:A9","device_key":"ble-address:44:1b:f6:8d:b7:a9","kind":"rx","seq":714,"session":"s1","stream":"telemetry","text":"F seq=29 frame=20B u","timestamp":1790455942.9721472}
2026-09-26T23:52:22.973+03:00 [RX telemetry] {"data_b64":"c2VyPThCIFJYPS00OS81IFExMDA=","description":"ble:LoRa-Chatter-1B44 44:1B:F6:8D:B7:A9","device_key":"ble-address:44:1b:f6:8d:b7:a9","kind":"rx","seq":715,"session":"s1","stream":"telemetry","text":"ser=8B RX=-49/5 Q100","timestamp":1790455942.9722416}
2026-09-26T23:52:22.974+03:00 [RX telemetry] {"data_b64":"IGRpc3Bvc2l0aW9uPTAK","description":"ble:LoRa-Chatter-1B44 44:1B:F6:8D:B7:A9","device_key":"ble-address:44:1b:f6:8d:b7:a9","kind":"rx","seq":716,"session":"s1","stream":"telemetry","text":" disposition=0\n","timestamp":1790455942.9734986}
2026-09-26T23:52:22.974+03:00 [RX chat] {"data_b64":"PCBbLTQ5LzUgUTEwMF0gN0IwODA=","description":"ble:LoRa-Chatter-1B44 44:1B:F6:8D:B7:A9","device_key":"ble-address:44:1b:f6:8d:b7:a9","kind":"rx","seq":717,"session":"s1","stream":"chat","text":"< [-49/5 Q100] 7B080","timestamp":1790455942.9735851}
2026-09-26T23:52:22.975+03:00 [RX chat] {"data_b64":"M1hYCg==","description":"ble:LoRa-Chatter-1B44 44:1B:F6:8D:B7:A9","device_key":"ble-address:44:1b:f6:8d:b7:a9","kind":"rx","seq":718,"session":"s1","stream":"chat","text":"3XX\n","timestamp":1790455942.974794}
2026-09-26T23:52:23.020+03:00 [RX telemetry] {"data_b64":"REVMSVZFUlkgUVVFVUVEIHNvdXI=","description":"ble:LoRa-Chatter-72E0 E0:72:A1:D5:4C:15","device_key":"ble-address:e0:72:a1:d5:4c:15","kind":"rx","seq":716,"session":"s2","stream":"telemetry","text":"DELIVERY QUEUED sour","timestamp":1790455943.0199976}
2026-09-26T23:52:23.021+03:00 [RX telemetry] {"data_b64":"Y2U9MiBieXRlcz04IHdhaXRpbmc=","description":"ble:LoRa-Chatter-72E0 E0:72:A1:D5:4C:15","device_key":"ble-address:e0:72:a1:d5:4c:15","kind":"rx","seq":717,"session":"s2","stream":"telemetry","text":"ce=2 bytes=8 waiting","timestamp":1790455943.0203862}
2026-09-26T23:52:23.022+03:00 [RX telemetry] {"data_b64":"PTEvOCBpbl9mbGlnaHQ9MAo=","description":"ble:LoRa-Chatter-72E0 E0:72:A1:D5:4C:15","device_key":"ble-address:e0:72:a1:d5:4c:15","kind":"rx","seq":718,"session":"s2","stream":"telemetry","text":"=1/8 in_flight=0\n","timestamp":1790455943.021939}
2026-09-26T23:52:23.024+03:00 [RX telemetry] {"data_b64":"ClNIT1JUX1RYX0RJQUcgdGltZT0=","description":"ble:LoRa-Chatter-72E0 E0:72:A1:D5:4C:15","device_key":"ble-address:e0:72:a1:d5:4c:15","kind":"rx","seq":719,"session":"s2","stream":"telemetry","text":"\nSHORT_TX_DIAG time=","timestamp":1790455943.023925}
2026-09-26T23:52:23.025+03:00 [RX telemetry] {"data_b64":"MTQxMDEgdXMgZXhwZWN0ZWQ9MTU=","description":"ble:LoRa-Chatter-72E0 E0:72:A1:D5:4C:15","device_key":"ble-address:e0:72:a1:d5:4c:15","kind":"rx","seq":720,"session":"s2","stream":"telemetry","text":"14101 us expected=15","timestamp":1790455943.0251203}
2026-09-26T23:52:23.026+03:00 [RX telemetry] {"data_b64":"MDAwIHVzIG1pbj0xNDI1MCB1cyA=","description":"ble:LoRa-Chatter-72E0 E0:72:A1:D5:4C:15","device_key":"ble-address:e0:72:a1:d5:4c:15","kind":"rx","seq":721,"session":"s2","stream":"telemetry","text":"000 us min=14250 us ","timestamp":1790455943.0252175}
2026-09-26T23:52:23.026+03:00 [RX telemetry] {"data_b64":"RElPMD0xIElSUT0weDA4IFR4RG8=","description":"ble:LoRa-Chatter-72E0 E0:72:A1:D5:4C:15","device_key":"ble-address:e0:72:a1:d5:4c:15","kind":"rx","seq":722,"session":"s2","stream":"telemetry","text":"DIO0=1 IRQ=0x08 TxDo","timestamp":1790455943.0252833}
2026-09-26T23:52:23.027+03:00 [RX telemetry] {"data_b64":"bmU9MSBPcE1vZGU9MHg4OSBtb2Q=","description":"ble:LoRa-Chatter-72E0 E0:72:A1:D5:4C:15","device_key":"ble-address:e0:72:a1:d5:4c:15","kind":"rx","seq":723,"session":"s2","stream":"telemetry","text":"ne=1 OpMode=0x89 mod","timestamp":1790455943.027023}
2026-09-26T23:52:23.027+03:00 [RX telemetry] {"data_b64":"ZT0xIGNsZWFudXA9MAo=","description":"ble:LoRa-Chatter-72E0 E0:72:A1:D5:4C:15","device_key":"ble-address:e0:72:a1:d5:4c:15","kind":"rx","seq":724,"session":"s2","stream":"telemetry","text":"e=1 cleanup=0\n","timestamp":1790455943.0271337}
2026-09-26T23:52:23.028+03:00 [RX telemetry] {"data_b64":"ClRYIEZBVEFMIHN0YXRlPS0zMDA=","description":"ble:LoRa-Chatter-72E0 E0:72:A1:D5:4C:15","device_key":"ble-address:e0:72:a1:d5:4c:15","kind":"rx","seq":725,"session":"s2","stream":"telemetry","text":"\nTX FATAL state=-300","timestamp":1790455943.028173}
2026-09-26T23:52:23.029+03:00 [RX telemetry] {"data_b64":"MDAgc2VxPTI5IGZyYW1lPTIwQiA=","description":"ble:LoRa-Chatter-72E0 E0:72:A1:D5:4C:15","device_key":"ble-address:e0:72:a1:d5:4c:15","kind":"rx","seq":726,"session":"s2","stream":"telemetry","text":"00 seq=29 frame=20B ","timestamp":1790455943.0286598}
2026-09-26T23:52:23.030+03:00 [RX telemetry] {"data_b64":"dGltZT0xNSBtcwo=","description":"ble:LoRa-Chatter-72E0 E0:72:A1:D5:4C:15","device_key":"ble-address:e0:72:a1:d5:4c:15","kind":"rx","seq":727,"session":"s2","stream":"telemetry","text":"time=15 ms\n","timestamp":1790455943.029983}
2026-09-26T23:52:23.032+03:00 [RX telemetry] {"data_b64":"CkZBVEFMIHJlYXNvbj1SQURJT18=","description":"ble:LoRa-Chatter-72E0 E0:72:A1:D5:4C:15","device_key":"ble-address:e0:72:a1:d5:4c:15","kind":"rx","seq":728,"session":"s2","stream":"telemetry","text":"\nFATAL reason=RADIO_","timestamp":1790455943.0318232}
2026-09-26T23:52:23.033+03:00 [RX telemetry] {"data_b64":"T1BFUkFUSU9OIHBoYXNlPVRYIHM=","description":"ble:LoRa-Chatter-72E0 E0:72:A1:D5:4C:15","device_key":"ble-address:e0:72:a1:d5:4c:15","kind":"rx","seq":729,"session":"s2","stream":"telemetry","text":"OPERATION phase=TX s","timestamp":1790455943.0319254}
2026-09-26T23:52:23.034+03:00 [RX telemetry] {"data_b64":"dGF0ZT0tMzAwMDAgZGV0YWlsPS0=","description":"ble:LoRa-Chatter-72E0 E0:72:A1:D5:4C:15","device_key":"ble-address:e0:72:a1:d5:4c:15","kind":"rx","seq":730,"session":"s2","stream":"telemetry","text":"tate=-30000 detail=-","timestamp":1790455943.031963}
2026-09-26T23:52:23.034+03:00 [RX telemetry] {"data_b64":"IHJlYm9vdF9pbj0yMDAwbXMK","description":"ble:LoRa-Chatter-72E0 E0:72:A1:D5:4C:15","device_key":"ble-address:e0:72:a1:d5:4c:15","kind":"rx","seq":731,"session":"s2","stream":"telemetry","text":" reboot_in=2000ms\n","timestamp":1790455943.0319915}
2026-09-26T23:52:23.034+03:00 [RX chat] {"data_b64":"W1NZU10gUkFESU8gRkFUQUwgVFg=","description":"ble:LoRa-Chatter-72E0 E0:72:A1:D5:4C:15","device_key":"ble-address:e0:72:a1:d5:4c:15","kind":"rx","seq":732,"session":"s2","stream":"chat","text":"[SYS] RADIO FATAL TX","timestamp":1790455943.0320263}
2026-09-26T23:52:23.036+03:00 [RX chat] {"data_b64":"ICgtMzAwMDApLCByZWJvb3Rpbmc=","description":"ble:LoRa-Chatter-72E0 E0:72:A1:D5:4C:15","device_key":"ble-address:e0:72:a1:d5:4c:15","kind":"rx","seq":733,"session":"s2","stream":"chat","text":" (-30000), rebooting","timestamp":1790455943.0354848}
2026-09-26T23:52:23.037+03:00 [RX chat] {"data_b64":"Cg==","description":"ble:LoRa-Chatter-72E0 E0:72:A1:D5:4C:15","device_key":"ble-address:e0:72:a1:d5:4c:15","kind":"rx","seq":734,"session":"s2","stream":"chat","text":"\n","timestamp":1790455943.0355294}
2026-09-26T23:52:23.037+03:00 [RX telemetry] {"data_b64":"ClNFU1NJT04gdD02MTM2cyBUWCA=","description":"ble:LoRa-Chatter-72E0 E0:72:A1:D5:4C:15","device_key":"ble-address:e0:72:a1:d5:4c:15","kind":"rx","seq":735,"session":"s2","stream":"telemetry","text":"\nSESSION t=6136s TX ","timestamp":1790455943.035775}
2026-09-26T23:52:23.037+03:00 [RX telemetry] {"data_b64":"b2s9MjkgdXNlcj0xNCBlY2hvX3I=","description":"ble:LoRa-Chatter-72E0 E0:72:A1:D5:4C:15","device_key":"ble-address:e0:72:a1:d5:4c:15","kind":"rx","seq":736,"session":"s2","stream":"telemetry","text":"ok=29 user=14 echo_r","timestamp":1790455943.0365396}
2026-09-26T23:52:23.037+03:00 [RX telemetry] {"data_b64":"ZXE9MCBlY2hvX3JlcD0wIGhiPTA=","description":"ble:LoRa-Chatter-72E0 E0:72:A1:D5:4C:15","device_key":"ble-address:e0:72:a1:d5:4c:15","kind":"rx","seq":737,"session":"s2","stream":"telemetry","text":"eq=0 echo_rep=0 hb=0","timestamp":1790455943.0366027}
2026-09-26T23:52:23.037+03:00 [RX telemetry] {"data_b64":"KGlkbGU9MCkgZXJyPTEgc3RhcnQ=","description":"ble:LoRa-Chatter-72E0 E0:72:A1:D5:4C:15","device_key":"ble-address:e0:72:a1:d5:4c:15","kind":"rx","seq":738,"session":"s2","stream":"telemetry","text":"(idle=0) err=1 start","timestamp":1790455943.0366428}
2026-09-26T23:52:23.037+03:00 [RX telemetry] {"data_b64":"ZWQ9MzAgUlggb2s9MjkgdXNlcj0=","description":"ble:LoRa-Chatter-72E0 E0:72:A1:D5:4C:15","device_key":"ble-address:e0:72:a1:d5:4c:15","kind":"rx","seq":739,"session":"s2","stream":"telemetry","text":"ed=30 RX ok=29 user=","timestamp":1790455943.0366826}
2026-09-26T23:52:23.037+03:00 [RX telemetry] {"data_b64":"MTUgZWNob19yZXE9MCBlY2hvX3I=","description":"ble:LoRa-Chatter-72E0 E0:72:A1:D5:4C:15","device_key":"ble-address:e0:72:a1:d5:4c:15","kind":"rx","seq":740,"session":"s2","stream":"telemetry","text":"15 echo_req=0 echo_r","timestamp":1790455943.0367186}
2026-09-26T23:52:23.037+03:00 [RX telemetry] {"data_b64":"ZXA9MCBoYj0wIGNyYz0xIGhkcj0=","description":"ble:LoRa-Chatter-72E0 E0:72:A1:D5:4C:15","device_key":"ble-address:e0:72:a1:d5:4c:15","kind":"rx","seq":741,"session":"s2","stream":"telemetry","text":"ep=0 hb=0 crc=1 hdr=","timestamp":1790455943.0367882}
2026-09-26T23:52:23.037+03:00 [RX telemetry] {"data_b64":"MyBiYWQ9NCByZWFkZXJyPTAgcmU=","description":"ble:LoRa-Chatter-72E0 E0:72:A1:D5:4C:15","device_key":"ble-address:e0:72:a1:d5:4c:15","kind":"rx","seq":742,"session":"s2","stream":"telemetry","text":"3 bad=4 readerr=0 re","timestamp":1790455943.0368233}
2026-09-26T23:52:23.066+03:00 [RX telemetry] {"data_b64":"cG9ydHM9MjYgUT0xMDAlIGRyb3A=","description":"ble:LoRa-Chatter-72E0 E0:72:A1:D5:4C:15","device_key":"ble-address:e0:72:a1:d5:4c:15","kind":"rx","seq":743,"session":"s2","stream":"telemetry","text":"ports=26 Q=100% drop","timestamp":1790455943.066003}
2026-09-26T23:52:23.066+03:00 [RX telemetry] {"data_b64":"cz0wIGZhdGFsPTEK","description":"ble:LoRa-Chatter-72E0 E0:72:A1:D5:4C:15","device_key":"ble-address:e0:72:a1:d5:4c:15","kind":"rx","seq":744,"session":"s2","stream":"telemetry","text":"s=0 fatal=1\n","timestamp":1790455943.066087}
2026-09-26T23:52:23.067+03:00 [RX telemetry] {"data_b64":"U0VTU0lPTiBDT1VSVEVTWSB3aW4=","description":"ble:LoRa-Chatter-72E0 E0:72:A1:D5:4C:15","device_key":"ble-address:e0:72:a1:d5:4c:15","kind":"rx","seq":745,"session":"s2","stream":"telemetry","text":"SESSION COURTESY win","timestamp":1790455943.0672555}
2026-09-26T23:52:23.067+03:00 [RX telemetry] {"data_b64":"ZG93PTUwMDBtcyBwZWVyX3JlbGU=","description":"ble:LoRa-Chatter-72E0 E0:72:A1:D5:4C:15","device_key":"ble-address:e0:72:a1:d5:4c:15","kind":"rx","seq":746,"session":"s2","stream":"telemetry","text":"dow=5000ms peer_rele","timestamp":1790455943.0673265}
2026-09-26T23:52:23.069+03:00 [RX telemetry] {"data_b64":"YXNlPTAgZXhwaXJlZD0wIHlpZWw=","description":"ble:LoRa-Chatter-72E0 E0:72:A1:D5:4C:15","device_key":"ble-address:e0:72:a1:d5:4c:15","kind":"rx","seq":747,"session":"s2","stream":"telemetry","text":"ase=0 expired=0 yiel","timestamp":1790455943.06839}
2026-09-26T23:52:23.069+03:00 [RX telemetry] {"data_b64":"ZGluZz0wCg==","description":"ble:LoRa-Chatter-72E0 E0:72:A1:D5:4C:15","device_key":"ble-address:e0:72:a1:d5:4c:15","kind":"rx","seq":748,"session":"s2","stream":"telemetry","text":"ding=0\n","timestamp":1790455943.0684898}
2026-09-26T23:52:23.069+03:00 [RX telemetry] {"data_b64":"U0VTU0lPTiBESU8wX1RYIGFmZmU=","description":"ble:LoRa-Chatter-72E0 E0:72:A1:D5:4C:15","device_key":"ble-address:e0:72:a1:d5:4c:15","kind":"rx","seq":749,"session":"s2","stream":"telemetry","text":"SESSION DIO0_TX affe","timestamp":1790455943.0688932}
2026-09-26T23:52:23.070+03:00 [RX telemetry] {"data_b64":"Y3RlZD0wLzMwIGVwaXNvZGVzPTA=","description":"ble:LoRa-Chatter-72E0 E0:72:A1:D5:4C:15","device_key":"ble-address:e0:72:a1:d5:4c:15","kind":"rx","seq":750,"session":"s2","stream":"telemetry","text":"cted=0/30 episodes=0","timestamp":1790455943.07016}
2026-09-26T23:52:23.071+03:00 [RX telemetry] {"data_b64":"IGF2Z19hbGw9MC4wMCBhdmdfYWY=","description":"ble:LoRa-Chatter-72E0 E0:72:A1:D5:4C:15","device_key":"ble-address:e0:72:a1:d5:4c:15","kind":"rx","seq":751,"session":"s2","stream":"telemetry","text":" avg_all=0.00 avg_af","timestamp":1790455943.0711584}
2026-09-26T23:52:23.071+03:00 [RX telemetry] {"data_b64":"ZmVjdGVkPTAuMDAgaGlnaF9wb2w=","description":"ble:LoRa-Chatter-72E0 E0:72:A1:D5:4C:15","device_key":"ble-address:e0:72:a1:d5:4c:15","kind":"rx","seq":752,"session":"s2","stream":"telemetry","text":"fected=0.00 high_pol","timestamp":1790455943.0712266}
2026-09-26T23:52:23.072+03:00 [RX telemetry] {"data_b64":"bHM9MAo=","description":"ble:LoRa-Chatter-72E0 E0:72:A1:D5:4C:15","device_key":"ble-address:e0:72:a1:d5:4c:15","kind":"rx","seq":753,"session":"s2","stream":"telemetry","text":"ls=0\n","timestamp":1790455943.0721982}
2026-09-26T23:52:23.072+03:00 [RX telemetry] {"data_b64":"U0VTU0lPTiBSWF9QT0xMIHBvbGw=","description":"ble:LoRa-Chatter-72E0 E0:72:A1:D5:4C:15","device_key":"ble-address:e0:72:a1:d5:4c:15","kind":"rx","seq":754,"session":"s2","stream":"telemetry","text":"SESSION RX_POLL poll","timestamp":1790455943.0722773}
2026-09-26T23:52:23.072+03:00 [RX telemetry] {"data_b64":"cz01MTY0NjYwIHJ4ZG9uZT0zNyA=","description":"ble:LoRa-Chatter-72E0 E0:72:A1:D5:4C:15","device_key":"ble-address:e0:72:a1:d5:4c:15","kind":"rx","seq":755,"session":"s2","stream":"telemetry","text":"s=5164660 rxdone=37 ","timestamp":1790455943.0723078}
2026-09-26T23:52:23.073+03:00 [RX telemetry] {"data_b64":"aW50ZXJ2YWw9MTAwMHVzIERJTzA=","description":"ble:LoRa-Chatter-72E0 E0:72:A1:D5:4C:15","device_key":"ble-address:e0:72:a1:d5:4c:15","kind":"rx","seq":756,"session":"s2","stream":"telemetry","text":"interval=1000us DIO0","timestamp":1790455943.0735273}
2026-09-26T23:52:23.073+03:00 [RX telemetry] {"data_b64":"X1JYIGZhbHNlX2hpZ2hfZXA9MCA=","description":"ble:LoRa-Chatter-72E0 E0:72:A1:D5:4C:15","device_key":"ble-address:e0:72:a1:d5:4c:15","kind":"rx","seq":757,"session":"s2","stream":"telemetry","text":"_RX false_high_ep=0 ","timestamp":1790455943.0735977}
2026-09-26T23:52:23.073+03:00 [RX telemetry] {"data_b64":"aGlnaF9wb2xscz0wIHJ4ZG9uZV8=","description":"ble:LoRa-Chatter-72E0 E0:72:A1:D5:4C:15","device_key":"ble-address:e0:72:a1:d5:4c:15","kind":"rx","seq":758,"session":"s2","stream":"telemetry","text":"high_polls=0 rxdone_","timestamp":1790455943.073646}
2026-09-26T23:52:23.076+03:00 [RX telemetry] {"data_b64":"bG93PTAgaXNyPWRpc2FibGVkCg==","description":"ble:LoRa-Chatter-72E0 E0:72:A1:D5:4C:15","device_key":"ble-address:e0:72:a1:d5:4c:15","kind":"rx","seq":759,"session":"s2","stream":"telemetry","text":"low=0 isr=disabled\n","timestamp":1790455943.0760844}
2026-09-26T23:52:23.196+03:00 [RX telemetry] {"data_b64":"ClRYIEFDSyBzZXE9MjUgYWNrX3Q=","description":"ble:LoRa-Chatter-1B44 44:1B:F6:8D:B7:A9","device_key":"ble-address:44:1b:f6:8d:b7:a9","kind":"rx","seq":719,"session":"s1","stream":"telemetry","text":"\nTX ACK seq=25 ack_t","timestamp":1790455943.1952417}
2026-09-26T23:52:23.197+03:00 [RX telemetry] {"data_b64":"bz1BMjRGLzI5IGZyYW1lPTE0QiA=","description":"ble:LoRa-Chatter-1B44 44:1B:F6:8D:B7:A9","device_key":"ble-address:44:1b:f6:8d:b7:a9","kind":"rx","seq":720,"session":"s1","stream":"telemetry","text":"o=A24F/29 frame=14B ","timestamp":1790455943.196722}
2026-09-26T23:52:23.197+03:00 [RX telemetry] {"data_b64":"T0sgdGltZT0xMyBtcyBndWFyZD0=","description":"ble:LoRa-Chatter-1B44 44:1B:F6:8D:B7:A9","device_key":"ble-address:44:1b:f6:8d:b7:a9","kind":"rx","seq":721,"session":"s1","stream":"telemetry","text":"OK time=13 ms guard=","timestamp":1790455943.1968236}
2026-09-26T23:52:23.240+03:00 [RX telemetry] {"data_b64":"NTAwbXMK","description":"ble:LoRa-Chatter-1B44 44:1B:F6:8D:B7:A9","device_key":"ble-address:44:1b:f6:8d:b7:a9","kind":"rx","seq":722,"session":"s1","stream":"telemetry","text":"500ms\n","timestamp":1790455943.2400131}
2026-09-26T23:52:24.003+03:00 [AGENT REQUEST] {"id":95,"op":"observe","cursors":{"s1":710,"s2":713},"timeout_ms":6000}
2026-09-26T23:52:24.004+03:00 [AGENT RESPONSE] {"id":95,"ok":true,"result":{"cursors":{"s1":722,"s2":759},"lines":[{"seq_first":711,"seq_last":712,"session":"s1","stream":"telemetry","text":"PEER_REPORT our_seq=24 TX=-49/5 Q100"},{"seq_first":713,"seq_last":713,"session":"s1","stream":"telemetry","text":""},{"seq_first":713,"seq_last":716,"session":"s1","stream":"telemetry","text":"RX USER session=A24F seq=29 frame=20B user=8B RX=-49/5 Q100 disposition=0"},{"seq_first":717,"seq_last":718,"session":"s1","stream":"chat","text":"< [-49/5 Q100] 7B0803XX"},{"seq_first":716,"seq_last":718,"session":"s2","stream":"telemetry","text":"DELIVERY QUEUED source=2 bytes=8 waiting=1/8 in_flight=0"},{"seq_first":719,"seq_last":719,"session":"s2","stream":"telemetry","text":""},{"seq_first":719,"seq_last":724,"session":"s2","stream":"telemetry","text":"SHORT_TX_DIAG time=14101 us expected=15000 us min=14250 us DIO0=1 IRQ=0x08 TxDone=1 OpMode=0x89 mode=1 cleanup=0"},{"seq_first":725,"seq_last":725,"session":"s2","stream":"telemetry","text":""},{"seq_first":725,"seq_last":727,"session":"s2","stream":"telemetry","text":"TX FATAL state=-30000 seq=29 frame=20B time=15 ms"},{"seq_first":728,"seq_last":728,"session":"s2","stream":"telemetry","text":""},{"seq_first":728,"seq_last":731,"session":"s2","stream":"telemetry","text":"FATAL reason=RADIO_OPERATION phase=TX state=-30000 detail=- reboot_in=2000ms"},{"seq_first":732,"seq_last":734,"session":"s2","stream":"chat","text":"[SYS] RADIO FATAL TX (-30000), rebooting"},{"seq_first":735,"seq_last":735,"session":"s2","stream":"telemetry","text":""},{"seq_first":735,"seq_last":744,"session":"s2","stream":"telemetry","text":"SESSION t=6136s TX ok=29 user=14 echo_req=0 echo_rep=0 hb=0(idle=0) err=1 started=30 RX ok=29 user=15 echo_req=0 echo_rep=0 hb=0 crc=1 hdr=3 bad=4 readerr=0 reports=26 Q=100% drops=0 fatal=1"},{"seq_first":745,"seq_last":748,"session":"s2","stream":"telemetry","text":"SESSION COURTESY window=5000ms peer_release=0 expired=0 yielding=0"},{"seq_first":749,"seq_last":753,"session":"s2","stream":"telemetry","text":"SESSION DIO0_TX affected=0/30 episodes=0 avg_all=0.00 avg_affected=0.00 high_polls=0"},{"seq_first":754,"seq_last":759,"session":"s2","stream":"telemetry","text":"SESSION RX_POLL polls=5164660 rxdone=37 interval=1000us DIO0_RX false_high_ep=0 high_polls=0 rxdone_low=0 isr=disabled"},{"seq_first":719,"seq_last":719,"session":"s1","stream":"telemetry","text":""},{"seq_first":719,"seq_last":722,"session":"s1","stream":"telemetry","text":"TX ACK seq=25 ack_to=A24F/29 frame=14B OK time=13 ms guard=500ms"}],"timed_out":false}}
2026-09-26T23:52:25.108+03:00 [AGENT REQUEST] {"id":96,"op":"observe","cursors":{"s1":722,"s2":759},"timeout_ms":6000}
2026-09-26T23:52:25.479+03:00 [STATE] {"description":"ble:LoRa-Chatter-72E0 E0:72:A1:D5:4C:15","device_key":"ble-address:e0:72:a1:d5:4c:15","error":"LoRa-Chatter-72E0 is disconnected","kind":"state","seq":760,"session":"s2","state":"disconnected","timestamp":1790455945.479201}
2026-09-26T23:52:25.481+03:00 [AGENT RESPONSE] {"id":96,"ok":true,"result":{"cursors":{"s1":722,"s2":760},"lines":[],"timed_out":false}}
2026-09-26T23:52:25.780+03:00 [STATE] {"description":"ble:LoRa-Chatter-72E0 E0:72:A1:D5:4C:15","device_key":"ble-address:e0:72:a1:d5:4c:15","kind":"state","seq":761,"session":"s2","state":"reconnecting","timestamp":1790455945.7795224}
2026-09-26T23:52:26.213+03:00 [AGENT REQUEST] {"id":97,"op":"observe","cursors":{"s1":722,"s2":760},"timeout_ms":6000}
2026-09-26T23:52:26.214+03:00 [AGENT RESPONSE] {"id":97,"ok":true,"result":{"cursors":{"s1":722,"s2":761},"lines":[],"timed_out":false}}
2026-09-26T23:52:26.570+03:00 [RX telemetry] {"data_b64":"ClJYIEJBRCBGUkFNRTogdG9vIHM=","description":"ble:LoRa-Chatter-1B44 44:1B:F6:8D:B7:A9","device_key":"ble-address:44:1b:f6:8d:b7:a9","kind":"rx","seq":723,"session":"s1","stream":"telemetry","text":"\nRX BAD FRAME: too s","timestamp":1790455946.5701883}
2026-09-26T23:52:26.571+03:00 [RX telemetry] {"data_b64":"aG9ydCBsZW49MSBSWD0tNjEvNAo=","description":"ble:LoRa-Chatter-1B44 44:1B:F6:8D:B7:A9","device_key":"ble-address:44:1b:f6:8d:b7:a9","kind":"rx","seq":724,"session":"s1","stream":"telemetry","text":"hort len=1 RX=-61/4\n","timestamp":1790455946.571326}
2026-09-26T23:52:27.318+03:00 [AGENT REQUEST] {"id":98,"op":"observe","cursors":{"s1":722,"s2":761},"timeout_ms":6000}
2026-09-26T23:52:27.319+03:00 [AGENT RESPONSE] {"id":98,"ok":true,"result":{"cursors":{"s1":724,"s2":761},"lines":[{"seq_first":723,"seq_last":723,"session":"s1","stream":"telemetry","text":""},{"seq_first":723,"seq_last":724,"session":"s1","stream":"telemetry","text":"RX BAD FRAME: too short len=1 RX=-61/4"}],"timed_out":false}}
2026-09-26T23:52:28.423+03:00 [AGENT REQUEST] {"id":99,"op":"observe","cursors":{"s1":724,"s2":761},"timeout_ms":6000}
2026-09-26T23:52:29.527+03:00 [AGENT REQUEST] {"id":100,"op":"observe","cursors":{"s1":724,"s2":761},"timeout_ms":6000}
2026-09-26T23:52:29.995+03:00 [TX] {"data_b64":"L2lkCg==","description":"ble:LoRa-Chatter-72E0 E0:72:A1:D5:4C:15","device_key":"ble-address:e0:72:a1:d5:4c:15","kind":"tx","seq":762,"session":"s2","timestamp":1790455949.9948225,"tx_state":"connect-preamble-written"}
2026-09-26T23:52:29.995+03:00 [AGENT RESPONSE] {"id":99,"ok":true,"result":{"cursors":{"s1":724,"s2":763},"lines":[],"timed_out":false}}
2026-09-26T23:52:29.995+03:00 [STATE] {"description":"ble:LoRa-Chatter-72E0 E0:72:A1:D5:4C:15","device_key":"ble-address:e0:72:a1:d5:4c:15","kind":"state","seq":763,"session":"s2","state":"connected","timestamp":1790455949.9948552}
2026-09-26T23:52:29.995+03:00 [AGENT RESPONSE] {"id":100,"ok":true,"result":{"cursors":{"s1":724,"s2":763},"lines":[],"timed_out":false}}
2026-09-26T23:52:30.086+03:00 [RX chat] {"data_b64":"W1NZU10gQ0hBVFRFUiBOT0RFIEw=","description":"ble:LoRa-Chatter-72E0 E0:72:A1:D5:4C:15","device_key":"ble-address:e0:72:a1:d5:4c:15","kind":"rx","seq":764,"session":"s2","stream":"chat","text":"[SYS] CHATTER NODE L","timestamp":1790455950.0857575}
2026-09-26T23:52:30.086+03:00 [RX chat] {"data_b64":"b1JhLUNoYXR0ZXItNzJFMAo=","description":"ble:LoRa-Chatter-72E0 E0:72:A1:D5:4C:15","device_key":"ble-address:e0:72:a1:d5:4c:15","kind":"rx","seq":765,"session":"s2","stream":"chat","text":"oRa-Chatter-72E0\n","timestamp":1790455950.08633}
2026-09-26T23:52:30.633+03:00 [AGENT REQUEST] {"id":101,"op":"observe","cursors":{"s1":724,"s2":763},"timeout_ms":6000}
2026-09-26T23:52:30.634+03:00 [AGENT RESPONSE] {"id":101,"ok":true,"result":{"cursors":{"s1":724,"s2":765},"lines":[{"seq_first":764,"seq_last":765,"session":"s2","stream":"chat","text":"[SYS] CHATTER NODE LoRa-Chatter-72E0"}],"timed_out":false}}
2026-09-26T23:52:31.739+03:00 [AGENT REQUEST] {"id":102,"op":"observe","cursors":{"s1":724,"s2":765},"timeout_ms":6000}
2026-09-26T23:52:32.843+03:00 [AGENT REQUEST] {"id":103,"op":"observe","cursors":{"s1":724,"s2":765},"timeout_ms":6000}
2026-09-26T23:52:33.948+03:00 [AGENT REQUEST] {"id":104,"op":"observe","cursors":{"s1":724,"s2":765},"timeout_ms":6000}
2026-09-26T23:52:35.053+03:00 [AGENT REQUEST] {"id":105,"op":"observe","cursors":{"s1":724,"s2":765},"timeout_ms":6000}
2026-09-26T23:52:36.157+03:00 [AGENT REQUEST] {"id":106,"op":"observe","cursors":{"s1":724,"s2":765},"timeout_ms":6000}
2026-09-26T23:52:37.261+03:00 [AGENT REQUEST] {"id":107,"op":"send_line","session":"s1","text":"7A0804XX"}
2026-09-26T23:52:37.265+03:00 [TX] {"data_b64":"N0EwODA0WFgK","device_key":"ble-address:44:1b:f6:8d:b7:a9","kind":"tx","seq":725,"session":"s1","text":"7A0804XX","timestamp":1790455957.2622228,"tx_id":26,"tx_state":"queued"}
2026-09-26T23:52:37.266+03:00 [AGENT RESPONSE] {"id":102,"ok":true,"result":{"cursors":{"s1":725,"s2":765},"lines":[],"timed_out":false}}
2026-09-26T23:52:37.266+03:00 [AGENT RESPONSE] {"id":103,"ok":true,"result":{"cursors":{"s1":725,"s2":765},"lines":[],"timed_out":false}}
2026-09-26T23:52:37.266+03:00 [AGENT RESPONSE] {"id":104,"ok":true,"result":{"cursors":{"s1":725,"s2":765},"lines":[],"timed_out":false}}
2026-09-26T23:52:37.266+03:00 [AGENT RESPONSE] {"id":105,"ok":true,"result":{"cursors":{"s1":725,"s2":765},"lines":[],"timed_out":false}}
2026-09-26T23:52:37.267+03:00 [TX] {"data_b64":"N0EwODA0WFgK","description":"ble:LoRa-Chatter-1B44 44:1B:F6:8D:B7:A9","device_key":"ble-address:44:1b:f6:8d:b7:a9","kind":"tx","seq":726,"session":"s1","text":"7A0804XX","timestamp":1790455957.2668867,"tx_id":26,"tx_state":"written"}
2026-09-26T23:52:37.267+03:00 [AGENT RESPONSE] {"id":106,"ok":true,"result":{"cursors":{"s1":725,"s2":765},"lines":[],"timed_out":false}}
2026-09-26T23:52:37.267+03:00 [AGENT RESPONSE] {"id":107,"ok":true,"result":{"state":"queued","tx_id":26}}
2026-09-26T23:52:37.325+03:00 [RX telemetry] {"data_b64":"REVMSVZFUlkgUVVFVUVEIHNvdXI=","description":"ble:LoRa-Chatter-1B44 44:1B:F6:8D:B7:A9","device_key":"ble-address:44:1b:f6:8d:b7:a9","kind":"rx","seq":727,"session":"s1","stream":"telemetry","text":"DELIVERY QUEUED sour","timestamp":1790455957.3249273}
2026-09-26T23:52:37.325+03:00 [RX telemetry] {"data_b64":"Y2U9MiBieXRlcz04IHdhaXRpbmc=","description":"ble:LoRa-Chatter-1B44 44:1B:F6:8D:B7:A9","device_key":"ble-address:44:1b:f6:8d:b7:a9","kind":"rx","seq":728,"session":"s1","stream":"telemetry","text":"ce=2 bytes=8 waiting","timestamp":1790455957.3250453}
2026-09-26T23:52:37.326+03:00 [RX telemetry] {"data_b64":"PTEvOCBpbl9mbGlnaHQ9MAo=","description":"ble:LoRa-Chatter-1B44 44:1B:F6:8D:B7:A9","device_key":"ble-address:44:1b:f6:8d:b7:a9","kind":"rx","seq":729,"session":"s1","stream":"telemetry","text":"=1/8 in_flight=0\n","timestamp":1790455957.3264568}
2026-09-26T23:52:37.327+03:00 [RX telemetry] {"data_b64":"ClRYIFVTRVIgc2VxPTI2IGZyYW0=","description":"ble:LoRa-Chatter-1B44 44:1B:F6:8D:B7:A9","device_key":"ble-address:44:1b:f6:8d:b7:a9","kind":"rx","seq":730,"session":"s1","stream":"telemetry","text":"\nTX USER seq=26 fram","timestamp":1790455957.3272283}
2026-09-26T23:52:37.328+03:00 [RX telemetry] {"data_b64":"ZT0yMEIgdXNlcj04QiBhdHRlbXA=","description":"ble:LoRa-Chatter-1B44 44:1B:F6:8D:B7:A9","device_key":"ble-address:44:1b:f6:8d:b7:a9","kind":"rx","seq":731,"session":"s1","stream":"telemetry","text":"e=20B user=8B attemp","timestamp":1790455957.327305}
2026-09-26T23:52:37.329+03:00 [RX telemetry] {"data_b64":"dD0xLzUgT0sgdGltZT0xNiBtcwo=","description":"ble:LoRa-Chatter-1B44 44:1B:F6:8D:B7:A9","device_key":"ble-address:44:1b:f6:8d:b7:a9","kind":"rx","seq":732,"session":"s1","stream":"telemetry","text":"t=1/5 OK time=16 ms\n","timestamp":1790455957.3286388}
2026-09-26T23:52:37.329+03:00 [RX chat] {"data_b64":"PiA3QTA4MDRYWAo=","description":"ble:LoRa-Chatter-1B44 44:1B:F6:8D:B7:A9","device_key":"ble-address:44:1b:f6:8d:b7:a9","kind":"rx","seq":733,"session":"s1","stream":"chat","text":"> 7A0804XX\n","timestamp":1790455957.3287582}
2026-09-26T23:52:37.330+03:00 [RX telemetry] {"data_b64":"REVMSVZFUlkgV0FJVF9BQ0sgdXM=","description":"ble:LoRa-Chatter-1B44 44:1B:F6:8D:B7:A9","device_key":"ble-address:44:1b:f6:8d:b7:a9","kind":"rx","seq":734,"session":"s1","stream":"telemetry","text":"DELIVERY WAIT_ACK us","timestamp":1790455957.3300989}
2026-09-26T23:52:37.331+03:00 [RX telemetry] {"data_b64":"ZXI9MEJDNy8yNiBhdHRlbXB0PTE=","description":"ble:LoRa-Chatter-1B44 44:1B:F6:8D:B7:A9","device_key":"ble-address:44:1b:f6:8d:b7:a9","kind":"rx","seq":735,"session":"s1","stream":"telemetry","text":"er=0BC7/26 attempt=1","timestamp":1790455957.3301845}
2026-09-26T23:52:37.331+03:00 [RX telemetry] {"data_b64":"LzUgdGltZW91dD03MTJtcyBxdWU=","description":"ble:LoRa-Chatter-1B44 44:1B:F6:8D:B7:A9","device_key":"ble-address:44:1b:f6:8d:b7:a9","kind":"rx","seq":736,"session":"s1","stream":"telemetry","text":"/5 timeout=712ms que","timestamp":1790455957.33025}
2026-09-26T23:52:37.331+03:00 [RX telemetry] {"data_b64":"dWU9MAo=","description":"ble:LoRa-Chatter-1B44 44:1B:F6:8D:B7:A9","device_key":"ble-address:44:1b:f6:8d:b7:a9","kind":"rx","seq":737,"session":"s1","stream":"telemetry","text":"ue=0\n","timestamp":1790455957.3309157}
2026-09-26T23:52:37.376+03:00 [RX telemetry] {"data_b64":"UEVFUl9SRVBPUlQgb3VyX3NlcT0=","description":"ble:LoRa-Chatter-72E0 E0:72:A1:D5:4C:15","device_key":"ble-address:e0:72:a1:d5:4c:15","kind":"rx","seq":766,"session":"s2","stream":"telemetry","text":"PEER_REPORT our_seq=","timestamp":1790455957.3757422}
2026-09-26T23:52:37.377+03:00 [RX telemetry] {"data_b64":"MjkgVFg9LTQ5LzUgUTEwMAo=","description":"ble:LoRa-Chatter-72E0 E0:72:A1:D5:4C:15","device_key":"ble-address:e0:72:a1:d5:4c:15","kind":"rx","seq":767,"session":"s2","stream":"telemetry","text":"29 TX=-49/5 Q100\n","timestamp":1790455957.3771756}
2026-09-26T23:52:37.377+03:00 [RX telemetry] {"data_b64":"ClJYIFVTRVIgc2Vzc2lvbj0wQkM=","description":"ble:LoRa-Chatter-72E0 E0:72:A1:D5:4C:15","device_key":"ble-address:e0:72:a1:d5:4c:15","kind":"rx","seq":768,"session":"s2","stream":"telemetry","text":"\nRX USER session=0BC","timestamp":1790455957.3772647}
2026-09-26T23:52:37.378+03:00 [RX telemetry] {"data_b64":"NyBzZXE9MjYgZnJhbWU9MjBCIHU=","description":"ble:LoRa-Chatter-72E0 E0:72:A1:D5:4C:15","device_key":"ble-address:e0:72:a1:d5:4c:15","kind":"rx","seq":769,"session":"s2","stream":"telemetry","text":"7 seq=26 frame=20B u","timestamp":1790455957.3773327}
2026-09-26T23:52:37.378+03:00 [RX telemetry] {"data_b64":"c2VyPThCIFJYPS00OC81IFEwIGQ=","description":"ble:LoRa-Chatter-72E0 E0:72:A1:D5:4C:15","device_key":"ble-address:e0:72:a1:d5:4c:15","kind":"rx","seq":770,"session":"s2","stream":"telemetry","text":"ser=8B RX=-48/5 Q0 d","timestamp":1790455957.378457}
2026-09-26T23:52:37.379+03:00 [RX telemetry] {"data_b64":"aXNwb3NpdGlvbj0wCg==","description":"ble:LoRa-Chatter-72E0 E0:72:A1:D5:4C:15","device_key":"ble-address:e0:72:a1:d5:4c:15","kind":"rx","seq":771,"session":"s2","stream":"telemetry","text":"isposition=0\n","timestamp":1790455957.3793118}
2026-09-26T23:52:37.380+03:00 [RX chat] {"data_b64":"PCBbLTQ4LzUgUTBdIDdBMDgwNFg=","description":"ble:LoRa-Chatter-72E0 E0:72:A1:D5:4C:15","device_key":"ble-address:e0:72:a1:d5:4c:15","kind":"rx","seq":772,"session":"s2","stream":"chat","text":"< [-48/5 Q0] 7A0804X","timestamp":1790455957.3793983}
2026-09-26T23:52:37.380+03:00 [RX chat] {"data_b64":"WAo=","description":"ble:LoRa-Chatter-72E0 E0:72:A1:D5:4C:15","device_key":"ble-address:e0:72:a1:d5:4c:15","kind":"rx","seq":773,"session":"s2","stream":"chat","text":"X\n","timestamp":1790455957.3800898}
2026-09-26T23:52:37.550+03:00 [RX telemetry] {"data_b64":"UEVFUl9SRVBPUlQgb3VyX3NlcT0=","description":"ble:LoRa-Chatter-1B44 44:1B:F6:8D:B7:A9","device_key":"ble-address:44:1b:f6:8d:b7:a9","kind":"rx","seq":738,"session":"s1","stream":"telemetry","text":"PEER_REPORT our_seq=","timestamp":1790455957.5496793}
2026-09-26T23:52:37.551+03:00 [RX telemetry] {"data_b64":"MjYgVFg9LTQ4LzUgUTAK","description":"ble:LoRa-Chatter-1B44 44:1B:F6:8D:B7:A9","device_key":"ble-address:44:1b:f6:8d:b7:a9","kind":"rx","seq":739,"session":"s1","stream":"telemetry","text":"26 TX=-48/5 Q0\n","timestamp":1790455957.551279}
2026-09-26T23:52:37.551+03:00 [RX telemetry] {"data_b64":"ClJYIEFDSyBzZXNzaW9uPTYzQTY=","description":"ble:LoRa-Chatter-1B44 44:1B:F6:8D:B7:A9","device_key":"ble-address:44:1b:f6:8d:b7:a9","kind":"rx","seq":740,"session":"s1","stream":"telemetry","text":"\nRX ACK session=63A6","timestamp":1790455957.5513716}
2026-09-26T23:52:37.556+03:00 [RX telemetry] {"data_b64":"ClRYIEFDSyBzZXE9MCBhY2tfdG8=","description":"ble:LoRa-Chatter-72E0 E0:72:A1:D5:4C:15","device_key":"ble-address:e0:72:a1:d5:4c:15","kind":"rx","seq":774,"session":"s2","stream":"telemetry","text":"\nTX ACK seq=0 ack_to","timestamp":1790455957.5553277}
2026-09-26T23:52:37.556+03:00 [RX telemetry] {"data_b64":"PTBCQzcvMjYgZnJhbWU9MTRCIE8=","description":"ble:LoRa-Chatter-72E0 E0:72:A1:D5:4C:15","device_key":"ble-address:e0:72:a1:d5:4c:15","kind":"rx","seq":775,"session":"s2","stream":"telemetry","text":"=0BC7/26 frame=14B O","timestamp":1790455957.5564036}
2026-09-26T23:52:37.557+03:00 [RX telemetry] {"data_b64":"SyB0aW1lPTE0IG1zIGd1YXJkPTU=","description":"ble:LoRa-Chatter-72E0 E0:72:A1:D5:4C:15","device_key":"ble-address:e0:72:a1:d5:4c:15","kind":"rx","seq":776,"session":"s2","stream":"telemetry","text":"K time=14 ms guard=5","timestamp":1790455957.5564935}
2026-09-26T23:52:37.557+03:00 [RX telemetry] {"data_b64":"MDBtcwo=","description":"ble:LoRa-Chatter-72E0 E0:72:A1:D5:4C:15","device_key":"ble-address:e0:72:a1:d5:4c:15","kind":"rx","seq":777,"session":"s2","stream":"telemetry","text":"00ms\n","timestamp":1790455957.557466}
2026-09-26T23:52:37.595+03:00 [RX telemetry] {"data_b64":"IHNlcT0wIGFja190bz0wQkM3LzI=","description":"ble:LoRa-Chatter-1B44 44:1B:F6:8D:B7:A9","device_key":"ble-address:44:1b:f6:8d:b7:a9","kind":"rx","seq":741,"session":"s1","stream":"telemetry","text":" seq=0 ack_to=0BC7/2","timestamp":1790455957.5949671}
2026-09-26T23:52:37.596+03:00 [RX telemetry] {"data_b64":"NiBmcmFtZT0xNEIgUlg9LTQ5LzY=","description":"ble:LoRa-Chatter-1B44 44:1B:F6:8D:B7:A9","device_key":"ble-address:44:1b:f6:8d:b7:a9","kind":"rx","seq":742,"session":"s1","stream":"telemetry","text":"6 frame=14B RX=-49/6","timestamp":1790455957.5963652}
2026-09-26T23:52:37.597+03:00 [RX telemetry] {"data_b64":"IFExMDAK","description":"ble:LoRa-Chatter-1B44 44:1B:F6:8D:B7:A9","device_key":"ble-address:44:1b:f6:8d:b7:a9","kind":"rx","seq":743,"session":"s1","stream":"telemetry","text":" Q100\n","timestamp":1790455957.5965598}
2026-09-26T23:52:37.599+03:00 [RX telemetry] {"data_b64":"REVMSVZFUlkgQUNLIHVzZXI9MEI=","description":"ble:LoRa-Chatter-1B44 44:1B:F6:8D:B7:A9","device_key":"ble-address:44:1b:f6:8d:b7:a9","kind":"rx","seq":744,"session":"s1","stream":"telemetry","text":"DELIVERY ACK user=0B","timestamp":1790455957.5983603}
2026-09-26T23:52:37.639+03:00 [RX telemetry] {"data_b64":"QzcvMjYgYXR0ZW1wdHM9MS81IGU=","description":"ble:LoRa-Chatter-1B44 44:1B:F6:8D:B7:A9","device_key":"ble-address:44:1b:f6:8d:b7:a9","kind":"rx","seq":745,"session":"s1","stream":"telemetry","text":"C7/26 attempts=1/5 e","timestamp":1790455957.6394508}
2026-09-26T23:52:37.640+03:00 [RX telemetry] {"data_b64":"bGFwc2VkPTIyMm1zIHF1ZXVlPTA=","description":"ble:LoRa-Chatter-1B44 44:1B:F6:8D:B7:A9","device_key":"ble-address:44:1b:f6:8d:b7:a9","kind":"rx","seq":746,"session":"s1","stream":"telemetry","text":"lapsed=222ms queue=0","timestamp":1790455957.6404955}
2026-09-26T23:52:37.641+03:00 [RX telemetry] {"data_b64":"Cg==","description":"ble:LoRa-Chatter-1B44 44:1B:F6:8D:B7:A9","device_key":"ble-address:44:1b:f6:8d:b7:a9","kind":"rx","seq":747,"session":"s1","stream":"telemetry","text":"\n","timestamp":1790455957.640556}
2026-09-26T23:52:38.364+03:00 [AGENT REQUEST] {"id":108,"op":"observe","cursors":{"s1":724,"s2":765},"timeout_ms":6000}
2026-09-26T23:52:38.365+03:00 [AGENT RESPONSE] {"id":108,"ok":true,"result":{"cursors":{"s1":747,"s2":777},"lines":[{"seq_first":727,"seq_last":729,"session":"s1","stream":"telemetry","text":"DELIVERY QUEUED source=2 bytes=8 waiting=1/8 in_flight=0"},{"seq_first":730,"seq_last":730,"session":"s1","stream":"telemetry","text":""},{"seq_first":730,"seq_last":732,"session":"s1","stream":"telemetry","text":"TX USER seq=26 frame=20B user=8B attempt=1/5 OK time=16 ms"},{"seq_first":733,"seq_last":733,"session":"s1","stream":"chat","text":"> 7A0804XX"},{"seq_first":734,"seq_last":737,"session":"s1","stream":"telemetry","text":"DELIVERY WAIT_ACK user=0BC7/26 attempt=1/5 timeout=712ms queue=0"},{"seq_first":766,"seq_last":767,"session":"s2","stream":"telemetry","text":"PEER_REPORT our_seq=29 TX=-49/5 Q100"},{"seq_first":768,"seq_last":768,"session":"s2","stream":"telemetry","text":""},{"seq_first":768,"seq_last":771,"session":"s2","stream":"telemetry","text":"RX USER session=0BC7 seq=26 frame=20B user=8B RX=-48/5 Q0 disposition=0"},{"seq_first":772,"seq_last":773,"session":"s2","stream":"chat","text":"< [-48/5 Q0] 7A0804XX"},{"seq_first":738,"seq_last":739,"session":"s1","stream":"telemetry","text":"PEER_REPORT our_seq=26 TX=-48/5 Q0"},{"seq_first":740,"seq_last":740,"session":"s1","stream":"telemetry","text":""},{"seq_first":774,"seq_last":774,"session":"s2","stream":"telemetry","text":""},{"seq_first":774,"seq_last":777,"session":"s2","stream":"telemetry","text":"TX ACK seq=0 ack_to=0BC7/26 frame=14B OK time=14 ms guard=500ms"},{"seq_first":740,"seq_last":743,"session":"s1","stream":"telemetry","text":"RX ACK session=63A6 seq=0 ack_to=0BC7/26 frame=14B RX=-49/6 Q100"},{"seq_first":744,"seq_last":747,"session":"s1","stream":"telemetry","text":"DELIVERY ACK user=0BC7/26 attempts=1/5 elapsed=222ms queue=0"}],"timed_out":false}}
2026-09-26T23:52:39.468+03:00 [AGENT REQUEST] {"id":109,"op":"send_line","session":"s1","text":"7A0805XX"}
2026-09-26T23:52:39.470+03:00 [TX] {"data_b64":"N0EwODA1WFgK","device_key":"ble-address:44:1b:f6:8d:b7:a9","kind":"tx","seq":748,"session":"s1","text":"7A0805XX","timestamp":1790455959.4691076,"tx_id":27,"tx_state":"queued"}
2026-09-26T23:52:39.470+03:00 [AGENT RESPONSE] {"id":109,"ok":true,"result":{"state":"queued","tx_id":27}}
2026-09-26T23:52:39.471+03:00 [TX] {"data_b64":"N0EwODA1WFgK","description":"ble:LoRa-Chatter-1B44 44:1B:F6:8D:B7:A9","device_key":"ble-address:44:1b:f6:8d:b7:a9","kind":"tx","seq":749,"session":"s1","text":"7A0805XX","timestamp":1790455959.4712634,"tx_id":27,"tx_state":"written"}
2026-09-26T23:52:39.530+03:00 [RX telemetry] {"data_b64":"REVMSVZFUlkgUVVFVUVEIHNvdXI=","description":"ble:LoRa-Chatter-1B44 44:1B:F6:8D:B7:A9","device_key":"ble-address:44:1b:f6:8d:b7:a9","kind":"rx","seq":750,"session":"s1","stream":"telemetry","text":"DELIVERY QUEUED sour","timestamp":1790455959.530014}
2026-09-26T23:52:39.531+03:00 [RX telemetry] {"data_b64":"Y2U9MiBieXRlcz04IHdhaXRpbmc=","description":"ble:LoRa-Chatter-1B44 44:1B:F6:8D:B7:A9","device_key":"ble-address:44:1b:f6:8d:b7:a9","kind":"rx","seq":751,"session":"s1","stream":"telemetry","text":"ce=2 bytes=8 waiting","timestamp":1790455959.531429}
2026-09-26T23:52:39.532+03:00 [RX telemetry] {"data_b64":"PTEvOCBpbl9mbGlnaHQ9MAo=","description":"ble:LoRa-Chatter-1B44 44:1B:F6:8D:B7:A9","device_key":"ble-address:44:1b:f6:8d:b7:a9","kind":"rx","seq":752,"session":"s1","stream":"telemetry","text":"=1/8 in_flight=0\n","timestamp":1790455959.5315044}
2026-09-26T23:52:39.532+03:00 [RX telemetry] {"data_b64":"ClRYIFVTRVIgc2VxPTI3IGZyYW0=","description":"ble:LoRa-Chatter-1B44 44:1B:F6:8D:B7:A9","device_key":"ble-address:44:1b:f6:8d:b7:a9","kind":"rx","seq":753,"session":"s1","stream":"telemetry","text":"\nTX USER seq=27 fram","timestamp":1790455959.531568}
2026-09-26T23:52:39.533+03:00 [RX telemetry] {"data_b64":"ZT0yMEIgdXNlcj04QiBhdHRlbXA=","description":"ble:LoRa-Chatter-1B44 44:1B:F6:8D:B7:A9","device_key":"ble-address:44:1b:f6:8d:b7:a9","kind":"rx","seq":754,"session":"s1","stream":"telemetry","text":"e=20B user=8B attemp","timestamp":1790455959.5329425}
2026-09-26T23:52:39.533+03:00 [RX telemetry] {"data_b64":"dD0xLzUgT0sgdGltZT0xNiBtcwo=","description":"ble:LoRa-Chatter-1B44 44:1B:F6:8D:B7:A9","device_key":"ble-address:44:1b:f6:8d:b7:a9","kind":"rx","seq":755,"session":"s1","stream":"telemetry","text":"t=1/5 OK time=16 ms\n","timestamp":1790455959.5330184}
2026-09-26T23:52:39.534+03:00 [RX chat] {"data_b64":"PiA3QTA4MDVYWAo=","description":"ble:LoRa-Chatter-1B44 44:1B:F6:8D:B7:A9","device_key":"ble-address:44:1b:f6:8d:b7:a9","kind":"rx","seq":756,"session":"s1","stream":"chat","text":"> 7A0805XX\n","timestamp":1790455959.534286}
2026-09-26T23:52:39.536+03:00 [RX telemetry] {"data_b64":"REVMSVZFUlkgV0FJVF9BQ0sgdXM=","description":"ble:LoRa-Chatter-1B44 44:1B:F6:8D:B7:A9","device_key":"ble-address:44:1b:f6:8d:b7:a9","kind":"rx","seq":757,"session":"s1","stream":"telemetry","text":"DELIVERY WAIT_ACK us","timestamp":1790455959.5354402}
2026-09-26T23:52:39.536+03:00 [RX telemetry] {"data_b64":"ZXI9MEJDNy8yNyBhdHRlbXB0PTE=","description":"ble:LoRa-Chatter-1B44 44:1B:F6:8D:B7:A9","device_key":"ble-address:44:1b:f6:8d:b7:a9","kind":"rx","seq":758,"session":"s1","stream":"telemetry","text":"er=0BC7/27 attempt=1","timestamp":1790455959.5355341}
2026-09-26T23:52:39.536+03:00 [RX telemetry] {"data_b64":"LzUgdGltZW91dD03MTJtcyBxdWU=","description":"ble:LoRa-Chatter-1B44 44:1B:F6:8D:B7:A9","device_key":"ble-address:44:1b:f6:8d:b7:a9","kind":"rx","seq":759,"session":"s1","stream":"telemetry","text":"/5 timeout=712ms que","timestamp":1790455959.5358188}
2026-09-26T23:52:39.536+03:00 [RX telemetry] {"data_b64":"dWU9MAo=","description":"ble:LoRa-Chatter-1B44 44:1B:F6:8D:B7:A9","device_key":"ble-address:44:1b:f6:8d:b7:a9","kind":"rx","seq":760,"session":"s1","stream":"telemetry","text":"ue=0\n","timestamp":1790455959.5358937}
2026-09-26T23:52:39.582+03:00 [RX telemetry] {"data_b64":"UEVFUl9SRVBPUlQgb3VyX3NlcT0=","description":"ble:LoRa-Chatter-72E0 E0:72:A1:D5:4C:15","device_key":"ble-address:e0:72:a1:d5:4c:15","kind":"rx","seq":778,"session":"s2","stream":"telemetry","text":"PEER_REPORT our_seq=","timestamp":1790455959.5797067}
2026-09-26T23:52:39.584+03:00 [RX telemetry] {"data_b64":"MCBUWD0tNDkvNiBRMTAwCg==","description":"ble:LoRa-Chatter-72E0 E0:72:A1:D5:4C:15","device_key":"ble-address:e0:72:a1:d5:4c:15","kind":"rx","seq":779,"session":"s2","stream":"telemetry","text":"0 TX=-49/6 Q100\n","timestamp":1790455959.5827665}
2026-09-26T23:52:39.585+03:00 [RX telemetry] {"data_b64":"ClJYIFVTRVIgc2Vzc2lvbj0wQkM=","description":"ble:LoRa-Chatter-72E0 E0:72:A1:D5:4C:15","device_key":"ble-address:e0:72:a1:d5:4c:15","kind":"rx","seq":780,"session":"s2","stream":"telemetry","text":"\nRX USER session=0BC","timestamp":1790455959.5845745}
2026-09-26T23:52:39.586+03:00 [RX telemetry] {"data_b64":"NyBzZXE9MjcgZnJhbWU9MjBCIHU=","description":"ble:LoRa-Chatter-72E0 E0:72:A1:D5:4C:15","device_key":"ble-address:e0:72:a1:d5:4c:15","kind":"rx","seq":781,"session":"s2","stream":"telemetry","text":"7 seq=27 frame=20B u","timestamp":1790455959.5846884}
2026-09-26T23:52:39.586+03:00 [RX telemetry] {"data_b64":"c2VyPThCIFJYPS00OC82IFEwIGQ=","description":"ble:LoRa-Chatter-72E0 E0:72:A1:D5:4C:15","device_key":"ble-address:e0:72:a1:d5:4c:15","kind":"rx","seq":782,"session":"s2","stream":"telemetry","text":"ser=8B RX=-48/6 Q0 d","timestamp":1790455959.5847473}
2026-09-26T23:52:39.586+03:00 [RX telemetry] {"data_b64":"aXNwb3NpdGlvbj0wCg==","description":"ble:LoRa-Chatter-72E0 E0:72:A1:D5:4C:15","device_key":"ble-address:e0:72:a1:d5:4c:15","kind":"rx","seq":783,"session":"s2","stream":"telemetry","text":"isposition=0\n","timestamp":1790455959.5857956}
2026-09-26T23:52:39.586+03:00 [RX chat] {"data_b64":"PCBbLTQ4LzYgUTBdIDdBMDgwNVg=","description":"ble:LoRa-Chatter-72E0 E0:72:A1:D5:4C:15","device_key":"ble-address:e0:72:a1:d5:4c:15","kind":"rx","seq":784,"session":"s2","stream":"chat","text":"< [-48/6 Q0] 7A0805X","timestamp":1790455959.585865}
2026-09-26T23:52:39.586+03:00 [RX chat] {"data_b64":"WAo=","description":"ble:LoRa-Chatter-72E0 E0:72:A1:D5:4C:15","device_key":"ble-address:e0:72:a1:d5:4c:15","kind":"rx","seq":785,"session":"s2","stream":"chat","text":"X\n","timestamp":1790455959.585902}
2026-09-26T23:52:39.755+03:00 [RX telemetry] {"data_b64":"UEVFUl9SRVBPUlQgb3VyX3NlcT0=","description":"ble:LoRa-Chatter-1B44 44:1B:F6:8D:B7:A9","device_key":"ble-address:44:1b:f6:8d:b7:a9","kind":"rx","seq":761,"session":"s1","stream":"telemetry","text":"PEER_REPORT our_seq=","timestamp":1790455959.7548351}
2026-09-26T23:52:39.755+03:00 [RX telemetry] {"data_b64":"MjcgVFg9LTQ4LzYgUTAK","description":"ble:LoRa-Chatter-1B44 44:1B:F6:8D:B7:A9","device_key":"ble-address:44:1b:f6:8d:b7:a9","kind":"rx","seq":762,"session":"s1","stream":"telemetry","text":"27 TX=-48/6 Q0\n","timestamp":1790455959.754885}
2026-09-26T23:52:39.755+03:00 [RX telemetry] {"data_b64":"ClJYIEFDSyBzZXNzaW9uPTYzQTY=","description":"ble:LoRa-Chatter-1B44 44:1B:F6:8D:B7:A9","device_key":"ble-address:44:1b:f6:8d:b7:a9","kind":"rx","seq":763,"session":"s1","stream":"telemetry","text":"\nRX ACK session=63A6","timestamp":1790455959.7553976}
2026-09-26T23:52:39.759+03:00 [RX telemetry] {"data_b64":"ClRYIEFDSyBzZXE9MSBhY2tfdG8=","description":"ble:LoRa-Chatter-72E0 E0:72:A1:D5:4C:15","device_key":"ble-address:e0:72:a1:d5:4c:15","kind":"rx","seq":786,"session":"s2","stream":"telemetry","text":"\nTX ACK seq=1 ack_to","timestamp":1790455959.759138}
2026-09-26T23:52:39.759+03:00 [RX telemetry] {"data_b64":"PTBCQzcvMjcgZnJhbWU9MTRCIE8=","description":"ble:LoRa-Chatter-72E0 E0:72:A1:D5:4C:15","device_key":"ble-address:e0:72:a1:d5:4c:15","kind":"rx","seq":787,"session":"s2","stream":"telemetry","text":"=0BC7/27 frame=14B O","timestamp":1790455959.759196}
2026-09-26T23:52:39.759+03:00 [RX telemetry] {"data_b64":"SyB0aW1lPTE0IG1zIGd1YXJkPTU=","description":"ble:LoRa-Chatter-72E0 E0:72:A1:D5:4C:15","device_key":"ble-address:e0:72:a1:d5:4c:15","kind":"rx","seq":788,"session":"s2","stream":"telemetry","text":"K time=14 ms guard=5","timestamp":1790455959.7596521}
2026-09-26T23:52:39.763+03:00 [RX telemetry] {"data_b64":"MDBtcwo=","description":"ble:LoRa-Chatter-72E0 E0:72:A1:D5:4C:15","device_key":"ble-address:e0:72:a1:d5:4c:15","kind":"rx","seq":789,"session":"s2","stream":"telemetry","text":"00ms\n","timestamp":1790455959.7626987}
2026-09-26T23:52:39.800+03:00 [RX telemetry] {"data_b64":"IHNlcT0xIGFja190bz0wQkM3LzI=","description":"ble:LoRa-Chatter-1B44 44:1B:F6:8D:B7:A9","device_key":"ble-address:44:1b:f6:8d:b7:a9","kind":"rx","seq":764,"session":"s1","stream":"telemetry","text":" seq=1 ack_to=0BC7/2","timestamp":1790455959.8003333}
2026-09-26T23:52:39.802+03:00 [RX telemetry] {"data_b64":"NyBmcmFtZT0xNEIgUlg9LTQ5LzY=","description":"ble:LoRa-Chatter-1B44 44:1B:F6:8D:B7:A9","device_key":"ble-address:44:1b:f6:8d:b7:a9","kind":"rx","seq":765,"session":"s1","stream":"telemetry","text":"7 frame=14B RX=-49/6","timestamp":1790455959.8016288}
2026-09-26T23:52:39.802+03:00 [RX telemetry] {"data_b64":"IFExMDAK","description":"ble:LoRa-Chatter-1B44 44:1B:F6:8D:B7:A9","device_key":"ble-address:44:1b:f6:8d:b7:a9","kind":"rx","seq":766,"session":"s1","stream":"telemetry","text":" Q100\n","timestamp":1790455959.801714}
2026-09-26T23:52:39.844+03:00 [RX telemetry] {"data_b64":"REVMSVZFUlkgQUNLIHVzZXI9MEI=","description":"ble:LoRa-Chatter-1B44 44:1B:F6:8D:B7:A9","device_key":"ble-address:44:1b:f6:8d:b7:a9","kind":"rx","seq":767,"session":"s1","stream":"telemetry","text":"DELIVERY ACK user=0B","timestamp":1790455959.8443553}
2026-09-26T23:52:39.844+03:00 [RX telemetry] {"data_b64":"QzcvMjcgYXR0ZW1wdHM9MS81IGU=","description":"ble:LoRa-Chatter-1B44 44:1B:F6:8D:B7:A9","device_key":"ble-address:44:1b:f6:8d:b7:a9","kind":"rx","seq":768,"session":"s1","stream":"telemetry","text":"C7/27 attempts=1/5 e","timestamp":1790455959.8444211}
2026-09-26T23:52:39.845+03:00 [RX telemetry] {"data_b64":"bGFwc2VkPTIyMm1zIHF1ZXVlPTA=","description":"ble:LoRa-Chatter-1B44 44:1B:F6:8D:B7:A9","device_key":"ble-address:44:1b:f6:8d:b7:a9","kind":"rx","seq":769,"session":"s1","stream":"telemetry","text":"lapsed=222ms queue=0","timestamp":1790455959.8448606}
2026-09-26T23:52:39.892+03:00 [RX telemetry] {"data_b64":"Cg==","description":"ble:LoRa-Chatter-1B44 44:1B:F6:8D:B7:A9","device_key":"ble-address:44:1b:f6:8d:b7:a9","kind":"rx","seq":770,"session":"s1","stream":"telemetry","text":"\n","timestamp":1790455959.891913}
2026-09-26T23:52:40.572+03:00 [AGENT REQUEST] {"id":110,"op":"observe","cursors":{"s1":747,"s2":777},"timeout_ms":6000}
2026-09-26T23:52:40.573+03:00 [AGENT RESPONSE] {"id":110,"ok":true,"result":{"cursors":{"s1":770,"s2":789},"lines":[{"seq_first":750,"seq_last":752,"session":"s1","stream":"telemetry","text":"DELIVERY QUEUED source=2 bytes=8 waiting=1/8 in_flight=0"},{"seq_first":753,"seq_last":753,"session":"s1","stream":"telemetry","text":""},{"seq_first":753,"seq_last":755,"session":"s1","stream":"telemetry","text":"TX USER seq=27 frame=20B user=8B attempt=1/5 OK time=16 ms"},{"seq_first":756,"seq_last":756,"session":"s1","stream":"chat","text":"> 7A0805XX"},{"seq_first":757,"seq_last":760,"session":"s1","stream":"telemetry","text":"DELIVERY WAIT_ACK user=0BC7/27 attempt=1/5 timeout=712ms queue=0"},{"seq_first":778,"seq_last":779,"session":"s2","stream":"telemetry","text":"PEER_REPORT our_seq=0 TX=-49/6 Q100"},{"seq_first":780,"seq_last":780,"session":"s2","stream":"telemetry","text":""},{"seq_first":780,"seq_last":783,"session":"s2","stream":"telemetry","text":"RX USER session=0BC7 seq=27 frame=20B user=8B RX=-48/6 Q0 disposition=0"},{"seq_first":784,"seq_last":785,"session":"s2","stream":"chat","text":"< [-48/6 Q0] 7A0805XX"},{"seq_first":761,"seq_last":762,"session":"s1","stream":"telemetry","text":"PEER_REPORT our_seq=27 TX=-48/6 Q0"},{"seq_first":763,"seq_last":763,"session":"s1","stream":"telemetry","text":""},{"seq_first":786,"seq_last":786,"session":"s2","stream":"telemetry","text":""},{"seq_first":786,"seq_last":789,"session":"s2","stream":"telemetry","text":"TX ACK seq=1 ack_to=0BC7/27 frame=14B OK time=14 ms guard=500ms"},{"seq_first":763,"seq_last":766,"session":"s1","stream":"telemetry","text":"RX ACK session=63A6 seq=1 ack_to=0BC7/27 frame=14B RX=-49/6 Q100"},{"seq_first":767,"seq_last":770,"session":"s1","stream":"telemetry","text":"DELIVERY ACK user=0BC7/27 attempts=1/5 elapsed=222ms queue=0"}],"timed_out":false}}
2026-09-26T23:52:41.675+03:00 [AGENT REQUEST] {"id":111,"op":"send_line","session":"s1","text":"7A0806XX"}
2026-09-26T23:52:41.683+03:00 [TX] {"data_b64":"N0EwODA2WFgK","device_key":"ble-address:44:1b:f6:8d:b7:a9","kind":"tx","seq":771,"session":"s1","text":"7A0806XX","timestamp":1790455961.6759026,"tx_id":28,"tx_state":"queued"}
2026-09-26T23:52:41.683+03:00 [AGENT RESPONSE] {"id":111,"ok":true,"result":{"state":"queued","tx_id":28}}
2026-09-26T23:52:41.683+03:00 [TX] {"data_b64":"N0EwODA2WFgK","description":"ble:LoRa-Chatter-1B44 44:1B:F6:8D:B7:A9","device_key":"ble-address:44:1b:f6:8d:b7:a9","kind":"tx","seq":772,"session":"s1","text":"7A0806XX","timestamp":1790455961.6768901,"tx_id":28,"tx_state":"written"}
2026-09-26T23:52:41.735+03:00 [RX telemetry] {"data_b64":"REVMSVZFUlkgUVVFVUVEIHNvdXI=","description":"ble:LoRa-Chatter-1B44 44:1B:F6:8D:B7:A9","device_key":"ble-address:44:1b:f6:8d:b7:a9","kind":"rx","seq":773,"session":"s1","stream":"telemetry","text":"DELIVERY QUEUED sour","timestamp":1790455961.7347314}
2026-09-26T23:52:41.736+03:00 [RX telemetry] {"data_b64":"Y2U9MiBieXRlcz04IHdhaXRpbmc=","description":"ble:LoRa-Chatter-1B44 44:1B:F6:8D:B7:A9","device_key":"ble-address:44:1b:f6:8d:b7:a9","kind":"rx","seq":774,"session":"s1","stream":"telemetry","text":"ce=2 bytes=8 waiting","timestamp":1790455961.7359967}
2026-09-26T23:52:41.738+03:00 [RX telemetry] {"data_b64":"PTEvOCBpbl9mbGlnaHQ9MAo=","description":"ble:LoRa-Chatter-1B44 44:1B:F6:8D:B7:A9","device_key":"ble-address:44:1b:f6:8d:b7:a9","kind":"rx","seq":775,"session":"s1","stream":"telemetry","text":"=1/8 in_flight=0\n","timestamp":1790455961.7376692}
2026-09-26T23:52:41.738+03:00 [RX telemetry] {"data_b64":"ClRYIFVTRVIgc2VxPTI4IGZyYW0=","description":"ble:LoRa-Chatter-1B44 44:1B:F6:8D:B7:A9","device_key":"ble-address:44:1b:f6:8d:b7:a9","kind":"rx","seq":776,"session":"s1","stream":"telemetry","text":"\nTX USER seq=28 fram","timestamp":1790455961.737803}
2026-09-26T23:52:41.739+03:00 [RX telemetry] {"data_b64":"ZT0yMEIgdXNlcj04QiBhdHRlbXA=","description":"ble:LoRa-Chatter-1B44 44:1B:F6:8D:B7:A9","device_key":"ble-address:44:1b:f6:8d:b7:a9","kind":"rx","seq":777,"session":"s1","stream":"telemetry","text":"e=20B user=8B attemp","timestamp":1790455961.7378914}
2026-09-26T23:52:41.739+03:00 [RX telemetry] {"data_b64":"dD0xLzUgT0sgdGltZT0xNiBtcwo=","description":"ble:LoRa-Chatter-1B44 44:1B:F6:8D:B7:A9","device_key":"ble-address:44:1b:f6:8d:b7:a9","kind":"rx","seq":778,"session":"s1","stream":"telemetry","text":"t=1/5 OK time=16 ms\n","timestamp":1790455961.7379615}
2026-09-26T23:52:41.741+03:00 [RX chat] {"data_b64":"PiA3QTA4MDZYWAo=","description":"ble:LoRa-Chatter-1B44 44:1B:F6:8D:B7:A9","device_key":"ble-address:44:1b:f6:8d:b7:a9","kind":"rx","seq":779,"session":"s1","stream":"chat","text":"> 7A0806XX\n","timestamp":1790455961.740036}
2026-09-26T23:52:41.742+03:00 [RX telemetry] {"data_b64":"REVMSVZFUlkgV0FJVF9BQ0sgdXM=","description":"ble:LoRa-Chatter-1B44 44:1B:F6:8D:B7:A9","device_key":"ble-address:44:1b:f6:8d:b7:a9","kind":"rx","seq":780,"session":"s1","stream":"telemetry","text":"DELIVERY WAIT_ACK us","timestamp":1790455961.7403462}
2026-09-26T23:52:41.742+03:00 [RX telemetry] {"data_b64":"ZXI9MEJDNy8yOCBhdHRlbXB0PTE=","description":"ble:LoRa-Chatter-1B44 44:1B:F6:8D:B7:A9","device_key":"ble-address:44:1b:f6:8d:b7:a9","kind":"rx","seq":781,"session":"s1","stream":"telemetry","text":"er=0BC7/28 attempt=1","timestamp":1790455961.7411263}
2026-09-26T23:52:41.742+03:00 [RX telemetry] {"data_b64":"LzUgdGltZW91dD03MTJtcyBxdWU=","description":"ble:LoRa-Chatter-1B44 44:1B:F6:8D:B7:A9","device_key":"ble-address:44:1b:f6:8d:b7:a9","kind":"rx","seq":782,"session":"s1","stream":"telemetry","text":"/5 timeout=712ms que","timestamp":1790455961.7412617}
2026-09-26T23:52:41.742+03:00 [RX telemetry] {"data_b64":"dWU9MAo=","description":"ble:LoRa-Chatter-1B44 44:1B:F6:8D:B7:A9","device_key":"ble-address:44:1b:f6:8d:b7:a9","kind":"rx","seq":783,"session":"s1","stream":"telemetry","text":"ue=0\n","timestamp":1790455961.7413266}
2026-09-26T23:52:41.787+03:00 [RX telemetry] {"data_b64":"UEVFUl9SRVBPUlQgb3VyX3NlcT0=","description":"ble:LoRa-Chatter-72E0 E0:72:A1:D5:4C:15","device_key":"ble-address:e0:72:a1:d5:4c:15","kind":"rx","seq":790,"session":"s2","stream":"telemetry","text":"PEER_REPORT our_seq=","timestamp":1790455961.786059}
2026-09-26T23:52:41.787+03:00 [RX telemetry] {"data_b64":"MSBUWD0tNDkvNiBRMTAwCg==","description":"ble:LoRa-Chatter-72E0 E0:72:A1:D5:4C:15","device_key":"ble-address:e0:72:a1:d5:4c:15","kind":"rx","seq":791,"session":"s2","stream":"telemetry","text":"1 TX=-49/6 Q100\n","timestamp":1790455961.7866075}
2026-09-26T23:52:41.788+03:00 [RX telemetry] {"data_b64":"ClJYIFVTRVIgc2Vzc2lvbj0wQkM=","description":"ble:LoRa-Chatter-72E0 E0:72:A1:D5:4C:15","device_key":"ble-address:e0:72:a1:d5:4c:15","kind":"rx","seq":792,"session":"s2","stream":"telemetry","text":"\nRX USER session=0BC","timestamp":1790455961.7867267}
2026-09-26T23:52:41.789+03:00 [RX telemetry] {"data_b64":"NyBzZXE9MjggZnJhbWU9MjBCIHU=","description":"ble:LoRa-Chatter-72E0 E0:72:A1:D5:4C:15","device_key":"ble-address:e0:72:a1:d5:4c:15","kind":"rx","seq":793,"session":"s2","stream":"telemetry","text":"7 seq=28 frame=20B u","timestamp":1790455961.788902}
2026-09-26T23:52:41.790+03:00 [RX telemetry] {"data_b64":"c2VyPThCIFJYPS00OC82IFEwIGQ=","description":"ble:LoRa-Chatter-72E0 E0:72:A1:D5:4C:15","device_key":"ble-address:e0:72:a1:d5:4c:15","kind":"rx","seq":794,"session":"s2","stream":"telemetry","text":"ser=8B RX=-48/6 Q0 d","timestamp":1790455961.7890186}
2026-09-26T23:52:41.790+03:00 [RX telemetry] {"data_b64":"aXNwb3NpdGlvbj0wCg==","description":"ble:LoRa-Chatter-72E0 E0:72:A1:D5:4C:15","device_key":"ble-address:e0:72:a1:d5:4c:15","kind":"rx","seq":795,"session":"s2","stream":"telemetry","text":"isposition=0\n","timestamp":1790455961.7890596}
2026-09-26T23:52:41.790+03:00 [RX chat] {"data_b64":"PCBbLTQ4LzYgUTBdIDdBMDgwNlg=","description":"ble:LoRa-Chatter-72E0 E0:72:A1:D5:4C:15","device_key":"ble-address:e0:72:a1:d5:4c:15","kind":"rx","seq":796,"session":"s2","stream":"chat","text":"< [-48/6 Q0] 7A0806X","timestamp":1790455961.789107}
2026-09-26T23:52:41.790+03:00 [RX chat] {"data_b64":"WAo=","description":"ble:LoRa-Chatter-72E0 E0:72:A1:D5:4C:15","device_key":"ble-address:e0:72:a1:d5:4c:15","kind":"rx","seq":797,"session":"s2","stream":"chat","text":"X\n","timestamp":1790455961.7900217}
2026-09-26T23:52:41.965+03:00 [RX telemetry] {"data_b64":"UEVFUl9SRVBPUlQgb3VyX3NlcT0=","description":"ble:LoRa-Chatter-1B44 44:1B:F6:8D:B7:A9","device_key":"ble-address:44:1b:f6:8d:b7:a9","kind":"rx","seq":784,"session":"s1","stream":"telemetry","text":"PEER_REPORT our_seq=","timestamp":1790455961.959899}
2026-09-26T23:52:41.967+03:00 [RX telemetry] {"data_b64":"ClRYIEFDSyBzZXE9MiBhY2tfdG8=","description":"ble:LoRa-Chatter-72E0 E0:72:A1:D5:4C:15","device_key":"ble-address:e0:72:a1:d5:4c:15","kind":"rx","seq":798,"session":"s2","stream":"telemetry","text":"\nTX ACK seq=2 ack_to","timestamp":1790455961.9665585}
2026-09-26T23:52:41.968+03:00 [RX telemetry] {"data_b64":"PTBCQzcvMjggZnJhbWU9MTRCIE8=","description":"ble:LoRa-Chatter-72E0 E0:72:A1:D5:4C:15","device_key":"ble-address:e0:72:a1:d5:4c:15","kind":"rx","seq":799,"session":"s2","stream":"telemetry","text":"=0BC7/28 frame=14B O","timestamp":1790455961.967663}
2026-09-26T23:52:41.969+03:00 [RX telemetry] {"data_b64":"MjggVFg9LTQ4LzYgUTAK","description":"ble:LoRa-Chatter-1B44 44:1B:F6:8D:B7:A9","device_key":"ble-address:44:1b:f6:8d:b7:a9","kind":"rx","seq":785,"session":"s1","stream":"telemetry","text":"28 TX=-48/6 Q0\n","timestamp":1790455961.9681542}
2026-09-26T23:52:41.970+03:00 [RX telemetry] {"data_b64":"SyB0aW1lPTE0IG1zIGd1YXJkPTU=","description":"ble:LoRa-Chatter-72E0 E0:72:A1:D5:4C:15","device_key":"ble-address:e0:72:a1:d5:4c:15","kind":"rx","seq":800,"session":"s2","stream":"telemetry","text":"K time=14 ms guard=5","timestamp":1790455961.969034}
2026-09-26T23:52:41.970+03:00 [RX telemetry] {"data_b64":"ClJYIEFDSyBzZXNzaW9uPTYzQTY=","description":"ble:LoRa-Chatter-1B44 44:1B:F6:8D:B7:A9","device_key":"ble-address:44:1b:f6:8d:b7:a9","kind":"rx","seq":786,"session":"s1","stream":"telemetry","text":"\nRX ACK session=63A6","timestamp":1790455961.9682426}
2026-09-26T23:52:41.970+03:00 [RX telemetry] {"data_b64":"MDBtcwo=","description":"ble:LoRa-Chatter-72E0 E0:72:A1:D5:4C:15","device_key":"ble-address:e0:72:a1:d5:4c:15","kind":"rx","seq":801,"session":"s2","stream":"telemetry","text":"00ms\n","timestamp":1790455961.969104}
2026-09-26T23:52:42.006+03:00 [RX telemetry] {"data_b64":"IHNlcT0yIGFja190bz0wQkM3LzI=","description":"ble:LoRa-Chatter-1B44 44:1B:F6:8D:B7:A9","device_key":"ble-address:44:1b:f6:8d:b7:a9","kind":"rx","seq":787,"session":"s1","stream":"telemetry","text":" seq=2 ack_to=0BC7/2","timestamp":1790455962.0057697}
2026-09-26T23:52:42.006+03:00 [RX telemetry] {"data_b64":"OCBmcmFtZT0xNEIgUlg9LTQ5LzY=","description":"ble:LoRa-Chatter-1B44 44:1B:F6:8D:B7:A9","device_key":"ble-address:44:1b:f6:8d:b7:a9","kind":"rx","seq":788,"session":"s1","stream":"telemetry","text":"8 frame=14B RX=-49/6","timestamp":1790455962.0066261}
2026-09-26T23:52:42.007+03:00 [RX telemetry] {"data_b64":"IFExMDAK","description":"ble:LoRa-Chatter-1B44 44:1B:F6:8D:B7:A9","device_key":"ble-address:44:1b:f6:8d:b7:a9","kind":"rx","seq":789,"session":"s1","stream":"telemetry","text":" Q100\n","timestamp":1790455962.0074244}
2026-09-26T23:52:42.051+03:00 [RX telemetry] {"data_b64":"REVMSVZFUlkgQUNLIHVzZXI9MEI=","description":"ble:LoRa-Chatter-1B44 44:1B:F6:8D:B7:A9","device_key":"ble-address:44:1b:f6:8d:b7:a9","kind":"rx","seq":790,"session":"s1","stream":"telemetry","text":"DELIVERY ACK user=0B","timestamp":1790455962.0504072}
2026-09-26T23:52:42.051+03:00 [RX telemetry] {"data_b64":"QzcvMjggYXR0ZW1wdHM9MS81IGU=","description":"ble:LoRa-Chatter-1B44 44:1B:F6:8D:B7:A9","device_key":"ble-address:44:1b:f6:8d:b7:a9","kind":"rx","seq":791,"session":"s1","stream":"telemetry","text":"C7/28 attempts=1/5 e","timestamp":1790455962.0508027}
2026-09-26T23:52:42.051+03:00 [RX telemetry] {"data_b64":"bGFwc2VkPTIyM21zIHF1ZXVlPTA=","description":"ble:LoRa-Chatter-1B44 44:1B:F6:8D:B7:A9","device_key":"ble-address:44:1b:f6:8d:b7:a9","kind":"rx","seq":792,"session":"s1","stream":"telemetry","text":"lapsed=223ms queue=0","timestamp":1790455962.0508842}
2026-09-26T23:52:42.096+03:00 [RX telemetry] {"data_b64":"Cg==","description":"ble:LoRa-Chatter-1B44 44:1B:F6:8D:B7:A9","device_key":"ble-address:44:1b:f6:8d:b7:a9","kind":"rx","seq":793,"session":"s1","stream":"telemetry","text":"\n","timestamp":1790455962.0956132}
2026-09-26T23:52:42.779+03:00 [AGENT REQUEST] {"id":112,"op":"observe","cursors":{"s1":770,"s2":789},"timeout_ms":6000}
2026-09-26T23:52:42.780+03:00 [AGENT RESPONSE] {"id":112,"ok":true,"result":{"cursors":{"s1":793,"s2":801},"lines":[{"seq_first":773,"seq_last":775,"session":"s1","stream":"telemetry","text":"DELIVERY QUEUED source=2 bytes=8 waiting=1/8 in_flight=0"},{"seq_first":776,"seq_last":776,"session":"s1","stream":"telemetry","text":""},{"seq_first":776,"seq_last":778,"session":"s1","stream":"telemetry","text":"TX USER seq=28 frame=20B user=8B attempt=1/5 OK time=16 ms"},{"seq_first":779,"seq_last":779,"session":"s1","stream":"chat","text":"> 7A0806XX"},{"seq_first":780,"seq_last":783,"session":"s1","stream":"telemetry","text":"DELIVERY WAIT_ACK user=0BC7/28 attempt=1/5 timeout=712ms queue=0"},{"seq_first":790,"seq_last":791,"session":"s2","stream":"telemetry","text":"PEER_REPORT our_seq=1 TX=-49/6 Q100"},{"seq_first":792,"seq_last":792,"session":"s2","stream":"telemetry","text":""},{"seq_first":792,"seq_last":795,"session":"s2","stream":"telemetry","text":"RX USER session=0BC7 seq=28 frame=20B user=8B RX=-48/6 Q0 disposition=0"},{"seq_first":796,"seq_last":797,"session":"s2","stream":"chat","text":"< [-48/6 Q0] 7A0806XX"},{"seq_first":798,"seq_last":798,"session":"s2","stream":"telemetry","text":""},{"seq_first":784,"seq_last":785,"session":"s1","stream":"telemetry","text":"PEER_REPORT our_seq=28 TX=-48/6 Q0"},{"seq_first":786,"seq_last":786,"session":"s1","stream":"telemetry","text":""},{"seq_first":798,"seq_last":801,"session":"s2","stream":"telemetry","text":"TX ACK seq=2 ack_to=0BC7/28 frame=14B OK time=14 ms guard=500ms"},{"seq_first":786,"seq_last":789,"session":"s1","stream":"telemetry","text":"RX ACK session=63A6 seq=2 ack_to=0BC7/28 frame=14B RX=-49/6 Q100"},{"seq_first":790,"seq_last":793,"session":"s1","stream":"telemetry","text":"DELIVERY ACK user=0BC7/28 attempts=1/5 elapsed=223ms queue=0"}],"timed_out":false}}
2026-09-26T23:52:43.883+03:00 [AGENT REQUEST] {"id":113,"op":"send_line","session":"s1","text":"7A0807XX"}
2026-09-26T23:52:43.884+03:00 [TX] {"data_b64":"N0EwODA3WFgK","device_key":"ble-address:44:1b:f6:8d:b7:a9","kind":"tx","seq":794,"session":"s1","text":"7A0807XX","timestamp":1790455963.8841028,"tx_id":29,"tx_state":"queued"}
2026-09-26T23:52:43.885+03:00 [AGENT RESPONSE] {"id":113,"ok":true,"result":{"state":"queued","tx_id":29}}
2026-09-26T23:52:43.886+03:00 [TX] {"data_b64":"N0EwODA3WFgK","description":"ble:LoRa-Chatter-1B44 44:1B:F6:8D:B7:A9","device_key":"ble-address:44:1b:f6:8d:b7:a9","kind":"tx","seq":795,"session":"s1","text":"7A0807XX","timestamp":1790455963.886137,"tx_id":29,"tx_state":"written"}
2026-09-26T23:52:43.941+03:00 [RX telemetry] {"data_b64":"REVMSVZFUlkgUVVFVUVEIHNvdXI=","description":"ble:LoRa-Chatter-1B44 44:1B:F6:8D:B7:A9","device_key":"ble-address:44:1b:f6:8d:b7:a9","kind":"rx","seq":796,"session":"s1","stream":"telemetry","text":"DELIVERY QUEUED sour","timestamp":1790455963.940593}
2026-09-26T23:52:43.941+03:00 [RX telemetry] {"data_b64":"Y2U9MiBieXRlcz04IHdhaXRpbmc=","description":"ble:LoRa-Chatter-1B44 44:1B:F6:8D:B7:A9","device_key":"ble-address:44:1b:f6:8d:b7:a9","kind":"rx","seq":797,"session":"s1","stream":"telemetry","text":"ce=2 bytes=8 waiting","timestamp":1790455963.9406843}
2026-09-26T23:52:43.941+03:00 [RX telemetry] {"data_b64":"PTEvOCBpbl9mbGlnaHQ9MAo=","description":"ble:LoRa-Chatter-1B44 44:1B:F6:8D:B7:A9","device_key":"ble-address:44:1b:f6:8d:b7:a9","kind":"rx","seq":798,"session":"s1","stream":"telemetry","text":"=1/8 in_flight=0\n","timestamp":1790455963.9407234}
2026-09-26T23:52:43.943+03:00 [RX telemetry] {"data_b64":"ClRYIFVTRVIgc2VxPTI5IGZyYW0=","description":"ble:LoRa-Chatter-1B44 44:1B:F6:8D:B7:A9","device_key":"ble-address:44:1b:f6:8d:b7:a9","kind":"rx","seq":799,"session":"s1","stream":"telemetry","text":"\nTX USER seq=29 fram","timestamp":1790455963.9425113}
2026-09-26T23:52:43.943+03:00 [RX telemetry] {"data_b64":"ZT0yMEIgdXNlcj04QiBhdHRlbXA=","description":"ble:LoRa-Chatter-1B44 44:1B:F6:8D:B7:A9","device_key":"ble-address:44:1b:f6:8d:b7:a9","kind":"rx","seq":800,"session":"s1","stream":"telemetry","text":"e=20B user=8B attemp","timestamp":1790455963.9425962}
2026-09-26T23:52:43.943+03:00 [RX telemetry] {"data_b64":"dD0xLzUgT0sgdGltZT0xNiBtcwo=","description":"ble:LoRa-Chatter-1B44 44:1B:F6:8D:B7:A9","device_key":"ble-address:44:1b:f6:8d:b7:a9","kind":"rx","seq":801,"session":"s1","stream":"telemetry","text":"t=1/5 OK time=16 ms\n","timestamp":1790455963.9426363}
2026-09-26T23:52:43.944+03:00 [RX chat] {"data_b64":"PiA3QTA4MDdYWAo=","description":"ble:LoRa-Chatter-1B44 44:1B:F6:8D:B7:A9","device_key":"ble-address:44:1b:f6:8d:b7:a9","kind":"rx","seq":802,"session":"s1","stream":"chat","text":"> 7A0807XX\n","timestamp":1790455963.9442997}
2026-09-26T23:52:43.946+03:00 [RX telemetry] {"data_b64":"REVMSVZFUlkgV0FJVF9BQ0sgdXM=","description":"ble:LoRa-Chatter-1B44 44:1B:F6:8D:B7:A9","device_key":"ble-address:44:1b:f6:8d:b7:a9","kind":"rx","seq":803,"session":"s1","stream":"telemetry","text":"DELIVERY WAIT_ACK us","timestamp":1790455963.9460938}
2026-09-26T23:52:43.947+03:00 [RX telemetry] {"data_b64":"ZXI9MEJDNy8yOSBhdHRlbXB0PTE=","description":"ble:LoRa-Chatter-1B44 44:1B:F6:8D:B7:A9","device_key":"ble-address:44:1b:f6:8d:b7:a9","kind":"rx","seq":804,"session":"s1","stream":"telemetry","text":"er=0BC7/29 attempt=1","timestamp":1790455963.9462094}
2026-09-26T23:52:43.947+03:00 [RX telemetry] {"data_b64":"LzUgdGltZW91dD03MTJtcyBxdWU=","description":"ble:LoRa-Chatter-1B44 44:1B:F6:8D:B7:A9","device_key":"ble-address:44:1b:f6:8d:b7:a9","kind":"rx","seq":805,"session":"s1","stream":"telemetry","text":"/5 timeout=712ms que","timestamp":1790455963.946278}
2026-09-26T23:52:43.947+03:00 [RX telemetry] {"data_b64":"dWU9MAo=","description":"ble:LoRa-Chatter-1B44 44:1B:F6:8D:B7:A9","device_key":"ble-address:44:1b:f6:8d:b7:a9","kind":"rx","seq":806,"session":"s1","stream":"telemetry","text":"ue=0\n","timestamp":1790455963.9472811}
2026-09-26T23:52:43.991+03:00 [RX telemetry] {"data_b64":"UEVFUl9SRVBPUlQgb3VyX3NlcT0=","description":"ble:LoRa-Chatter-72E0 E0:72:A1:D5:4C:15","device_key":"ble-address:e0:72:a1:d5:4c:15","kind":"rx","seq":802,"session":"s2","stream":"telemetry","text":"PEER_REPORT our_seq=","timestamp":1790455963.9900208}
2026-09-26T23:52:43.991+03:00 [RX telemetry] {"data_b64":"MiBUWD0tNDkvNiBRMTAwCg==","description":"ble:LoRa-Chatter-72E0 E0:72:A1:D5:4C:15","device_key":"ble-address:e0:72:a1:d5:4c:15","kind":"rx","seq":803,"session":"s2","stream":"telemetry","text":"2 TX=-49/6 Q100\n","timestamp":1790455963.9901202}
2026-09-26T23:52:43.991+03:00 [RX telemetry] {"data_b64":"ClJYIFVTRVIgc2Vzc2lvbj0wQkM=","description":"ble:LoRa-Chatter-72E0 E0:72:A1:D5:4C:15","device_key":"ble-address:e0:72:a1:d5:4c:15","kind":"rx","seq":804,"session":"s2","stream":"telemetry","text":"\nRX USER session=0BC","timestamp":1790455963.9906583}
2026-09-26T23:52:43.993+03:00 [RX telemetry] {"data_b64":"NyBzZXE9MjkgZnJhbWU9MjBCIHU=","description":"ble:LoRa-Chatter-72E0 E0:72:A1:D5:4C:15","device_key":"ble-address:e0:72:a1:d5:4c:15","kind":"rx","seq":805,"session":"s2","stream":"telemetry","text":"7 seq=29 frame=20B u","timestamp":1790455963.9929414}
2026-09-26T23:52:43.994+03:00 [RX telemetry] {"data_b64":"c2VyPThCIFJYPS01MS82IFEwIGQ=","description":"ble:LoRa-Chatter-72E0 E0:72:A1:D5:4C:15","device_key":"ble-address:e0:72:a1:d5:4c:15","kind":"rx","seq":806,"session":"s2","stream":"telemetry","text":"ser=8B RX=-51/6 Q0 d","timestamp":1790455963.9938374}
2026-09-26T23:52:43.994+03:00 [RX telemetry] {"data_b64":"aXNwb3NpdGlvbj0wCg==","description":"ble:LoRa-Chatter-72E0 E0:72:A1:D5:4C:15","device_key":"ble-address:e0:72:a1:d5:4c:15","kind":"rx","seq":807,"session":"s2","stream":"telemetry","text":"isposition=0\n","timestamp":1790455963.993932}
2026-09-26T23:52:43.995+03:00 [RX chat] {"data_b64":"PCBbLTUxLzYgUTBdIDdBMDgwN1g=","description":"ble:LoRa-Chatter-72E0 E0:72:A1:D5:4C:15","device_key":"ble-address:e0:72:a1:d5:4c:15","kind":"rx","seq":808,"session":"s2","stream":"chat","text":"< [-51/6 Q0] 7A0807X","timestamp":1790455963.9951425}
2026-09-26T23:52:43.996+03:00 [RX chat] {"data_b64":"WAo=","description":"ble:LoRa-Chatter-72E0 E0:72:A1:D5:4C:15","device_key":"ble-address:e0:72:a1:d5:4c:15","kind":"rx","seq":809,"session":"s2","stream":"chat","text":"X\n","timestamp":1790455963.9959545}
2026-09-26T23:52:44.170+03:00 [RX telemetry] {"data_b64":"UEVFUl9SRVBPUlQgb3VyX3NlcT0=","description":"ble:LoRa-Chatter-1B44 44:1B:F6:8D:B7:A9","device_key":"ble-address:44:1b:f6:8d:b7:a9","kind":"rx","seq":807,"session":"s1","stream":"telemetry","text":"PEER_REPORT our_seq=","timestamp":1790455964.1697223}
2026-09-26T23:52:44.171+03:00 [RX telemetry] {"data_b64":"MjkgVFg9LTUxLzYgUTAK","description":"ble:LoRa-Chatter-1B44 44:1B:F6:8D:B7:A9","device_key":"ble-address:44:1b:f6:8d:b7:a9","kind":"rx","seq":808,"session":"s1","stream":"telemetry","text":"29 TX=-51/6 Q0\n","timestamp":1790455964.1698174}
2026-09-26T23:52:44.172+03:00 [RX telemetry] {"data_b64":"ClRYIEFDSyBzZXE9MyBhY2tfdG8=","description":"ble:LoRa-Chatter-72E0 E0:72:A1:D5:4C:15","device_key":"ble-address:e0:72:a1:d5:4c:15","kind":"rx","seq":810,"session":"s2","stream":"telemetry","text":"\nTX ACK seq=3 ack_to","timestamp":1790455964.1705909}
2026-09-26T23:52:44.172+03:00 [RX telemetry] {"data_b64":"ClJYIEFDSyBzZXNzaW9uPTYzQTY=","description":"ble:LoRa-Chatter-1B44 44:1B:F6:8D:B7:A9","device_key":"ble-address:44:1b:f6:8d:b7:a9","kind":"rx","seq":809,"session":"s1","stream":"telemetry","text":"\nRX ACK session=63A6","timestamp":1790455964.169879}
2026-09-26T23:52:44.173+03:00 [RX telemetry] {"data_b64":"PTBCQzcvMjkgZnJhbWU9MTRCIE8=","description":"ble:LoRa-Chatter-72E0 E0:72:A1:D5:4C:15","device_key":"ble-address:e0:72:a1:d5:4c:15","kind":"rx","seq":811,"session":"s2","stream":"telemetry","text":"=0BC7/29 frame=14B O","timestamp":1790455964.1722512}
2026-09-26T23:52:44.173+03:00 [RX telemetry] {"data_b64":"SyB0aW1lPTE0IG1zIGd1YXJkPTU=","description":"ble:LoRa-Chatter-72E0 E0:72:A1:D5:4C:15","device_key":"ble-address:e0:72:a1:d5:4c:15","kind":"rx","seq":812,"session":"s2","stream":"telemetry","text":"K time=14 ms guard=5","timestamp":1790455964.1723223}
2026-09-26T23:52:44.173+03:00 [RX telemetry] {"data_b64":"MDBtcwo=","description":"ble:LoRa-Chatter-72E0 E0:72:A1:D5:4C:15","device_key":"ble-address:e0:72:a1:d5:4c:15","kind":"rx","seq":813,"session":"s2","stream":"telemetry","text":"00ms\n","timestamp":1790455964.1723776}
2026-09-26T23:52:44.211+03:00 [RX telemetry] {"data_b64":"IHNlcT0zIGFja190bz0wQkM3LzI=","description":"ble:LoRa-Chatter-1B44 44:1B:F6:8D:B7:A9","device_key":"ble-address:44:1b:f6:8d:b7:a9","kind":"rx","seq":810,"session":"s1","stream":"telemetry","text":" seq=3 ack_to=0BC7/2","timestamp":1790455964.2107906}
2026-09-26T23:52:44.212+03:00 [RX telemetry] {"data_b64":"OSBmcmFtZT0xNEIgUlg9LTQ5LzY=","description":"ble:LoRa-Chatter-1B44 44:1B:F6:8D:B7:A9","device_key":"ble-address:44:1b:f6:8d:b7:a9","kind":"rx","seq":811,"session":"s1","stream":"telemetry","text":"9 frame=14B RX=-49/6","timestamp":1790455964.2122712}
2026-09-26T23:52:44.213+03:00 [RX telemetry] {"data_b64":"IFExMDAK","description":"ble:LoRa-Chatter-1B44 44:1B:F6:8D:B7:A9","device_key":"ble-address:44:1b:f6:8d:b7:a9","kind":"rx","seq":812,"session":"s1","stream":"telemetry","text":" Q100\n","timestamp":1790455964.2123587}
2026-09-26T23:52:44.213+03:00 [RX telemetry] {"data_b64":"REVMSVZFUlkgQUNLIHVzZXI9MEI=","description":"ble:LoRa-Chatter-1B44 44:1B:F6:8D:B7:A9","device_key":"ble-address:44:1b:f6:8d:b7:a9","kind":"rx","seq":813,"session":"s1","stream":"telemetry","text":"DELIVERY ACK user=0B","timestamp":1790455964.2131045}
2026-09-26T23:52:44.255+03:00 [RX telemetry] {"data_b64":"QzcvMjkgYXR0ZW1wdHM9MS81IGU=","description":"ble:LoRa-Chatter-1B44 44:1B:F6:8D:B7:A9","device_key":"ble-address:44:1b:f6:8d:b7:a9","kind":"rx","seq":814,"session":"s1","stream":"telemetry","text":"C7/29 attempts=1/5 e","timestamp":1790455964.254842}
2026-09-26T23:52:44.256+03:00 [RX telemetry] {"data_b64":"bGFwc2VkPTIyMW1zIHF1ZXVlPTA=","description":"ble:LoRa-Chatter-1B44 44:1B:F6:8D:B7:A9","device_key":"ble-address:44:1b:f6:8d:b7:a9","kind":"rx","seq":815,"session":"s1","stream":"telemetry","text":"lapsed=221ms queue=0","timestamp":1790455964.2562335}
2026-09-26T23:52:44.256+03:00 [RX telemetry] {"data_b64":"Cg==","description":"ble:LoRa-Chatter-1B44 44:1B:F6:8D:B7:A9","device_key":"ble-address:44:1b:f6:8d:b7:a9","kind":"rx","seq":816,"session":"s1","stream":"telemetry","text":"\n","timestamp":1790455964.2563188}
2026-09-26T23:52:44.986+03:00 [AGENT REQUEST] {"id":114,"op":"observe","cursors":{"s1":793,"s2":801},"timeout_ms":6000}
2026-09-26T23:52:44.986+03:00 [AGENT RESPONSE] {"id":114,"ok":true,"result":{"cursors":{"s1":816,"s2":813},"lines":[{"seq_first":796,"seq_last":798,"session":"s1","stream":"telemetry","text":"DELIVERY QUEUED source=2 bytes=8 waiting=1/8 in_flight=0"},{"seq_first":799,"seq_last":799,"session":"s1","stream":"telemetry","text":""},{"seq_first":799,"seq_last":801,"session":"s1","stream":"telemetry","text":"TX USER seq=29 frame=20B user=8B attempt=1/5 OK time=16 ms"},{"seq_first":802,"seq_last":802,"session":"s1","stream":"chat","text":"> 7A0807XX"},{"seq_first":803,"seq_last":806,"session":"s1","stream":"telemetry","text":"DELIVERY WAIT_ACK user=0BC7/29 attempt=1/5 timeout=712ms queue=0"},{"seq_first":802,"seq_last":803,"session":"s2","stream":"telemetry","text":"PEER_REPORT our_seq=2 TX=-49/6 Q100"},{"seq_first":804,"seq_last":804,"session":"s2","stream":"telemetry","text":""},{"seq_first":804,"seq_last":807,"session":"s2","stream":"telemetry","text":"RX USER session=0BC7 seq=29 frame=20B user=8B RX=-51/6 Q0 disposition=0"},{"seq_first":808,"seq_last":809,"session":"s2","stream":"chat","text":"< [-51/6 Q0] 7A0807XX"},{"seq_first":807,"seq_last":808,"session":"s1","stream":"telemetry","text":"PEER_REPORT our_seq=29 TX=-51/6 Q0"},{"seq_first":809,"seq_last":809,"session":"s1","stream":"telemetry","text":""},{"seq_first":810,"seq_last":810,"session":"s2","stream":"telemetry","text":""},{"seq_first":810,"seq_last":813,"session":"s2","stream":"telemetry","text":"TX ACK seq=3 ack_to=0BC7/29 frame=14B OK time=14 ms guard=500ms"},{"seq_first":809,"seq_last":812,"session":"s1","stream":"telemetry","text":"RX ACK session=63A6 seq=3 ack_to=0BC7/29 frame=14B RX=-49/6 Q100"},{"seq_first":813,"seq_last":816,"session":"s1","stream":"telemetry","text":"DELIVERY ACK user=0BC7/29 attempts=1/5 elapsed=221ms queue=0"}],"timed_out":false}}
2026-09-26T23:52:46.090+03:00 [AGENT REQUEST] {"id":115,"op":"send_line","session":"s1","text":"7A0808XX"}
2026-09-26T23:52:46.092+03:00 [TX] {"data_b64":"N0EwODA4WFgK","device_key":"ble-address:44:1b:f6:8d:b7:a9","kind":"tx","seq":817,"session":"s1","text":"7A0808XX","timestamp":1790455966.0911522,"tx_id":30,"tx_state":"queued"}
2026-09-26T23:52:46.092+03:00 [AGENT RESPONSE] {"id":115,"ok":true,"result":{"state":"queued","tx_id":30}}
2026-09-26T23:52:46.092+03:00 [TX] {"data_b64":"N0EwODA4WFgK","description":"ble:LoRa-Chatter-1B44 44:1B:F6:8D:B7:A9","device_key":"ble-address:44:1b:f6:8d:b7:a9","kind":"tx","seq":818,"session":"s1","text":"7A0808XX","timestamp":1790455966.092867,"tx_id":30,"tx_state":"written"}
2026-09-26T23:52:46.145+03:00 [RX telemetry] {"data_b64":"REVMSVZFUlkgUVVFVUVEIHNvdXI=","description":"ble:LoRa-Chatter-1B44 44:1B:F6:8D:B7:A9","device_key":"ble-address:44:1b:f6:8d:b7:a9","kind":"rx","seq":819,"session":"s1","stream":"telemetry","text":"DELIVERY QUEUED sour","timestamp":1790455966.144961}
2026-09-26T23:52:46.149+03:00 [RX telemetry] {"data_b64":"Y2U9MiBieXRlcz04IHdhaXRpbmc=","description":"ble:LoRa-Chatter-1B44 44:1B:F6:8D:B7:A9","device_key":"ble-address:44:1b:f6:8d:b7:a9","kind":"rx","seq":820,"session":"s1","stream":"telemetry","text":"ce=2 bytes=8 waiting","timestamp":1790455966.1478984}
2026-09-26T23:52:46.149+03:00 [RX telemetry] {"data_b64":"PTEvOCBpbl9mbGlnaHQ9MAo=","description":"ble:LoRa-Chatter-1B44 44:1B:F6:8D:B7:A9","device_key":"ble-address:44:1b:f6:8d:b7:a9","kind":"rx","seq":821,"session":"s1","stream":"telemetry","text":"=1/8 in_flight=0\n","timestamp":1790455966.148056}
2026-09-26T23:52:46.152+03:00 [RX telemetry] {"data_b64":"ClRYIFVTRVIgc2VxPTMwIGZyYW0=","description":"ble:LoRa-Chatter-1B44 44:1B:F6:8D:B7:A9","device_key":"ble-address:44:1b:f6:8d:b7:a9","kind":"rx","seq":822,"session":"s1","stream":"telemetry","text":"\nTX USER seq=30 fram","timestamp":1790455966.1515322}
2026-09-26T23:52:46.153+03:00 [RX telemetry] {"data_b64":"ZT0yMEIgdXNlcj04QiBhdHRlbXA=","description":"ble:LoRa-Chatter-1B44 44:1B:F6:8D:B7:A9","device_key":"ble-address:44:1b:f6:8d:b7:a9","kind":"rx","seq":823,"session":"s1","stream":"telemetry","text":"e=20B user=8B attemp","timestamp":1790455966.1529932}
2026-09-26T23:52:46.153+03:00 [RX telemetry] {"data_b64":"dD0xLzUgT0sgdGltZT0xOCBtcwo=","description":"ble:LoRa-Chatter-1B44 44:1B:F6:8D:B7:A9","device_key":"ble-address:44:1b:f6:8d:b7:a9","kind":"rx","seq":824,"session":"s1","stream":"telemetry","text":"t=1/5 OK time=18 ms\n","timestamp":1790455966.1530619}
2026-09-26T23:52:46.153+03:00 [RX chat] {"data_b64":"PiA3QTA4MDhYWAo=","description":"ble:LoRa-Chatter-1B44 44:1B:F6:8D:B7:A9","device_key":"ble-address:44:1b:f6:8d:b7:a9","kind":"rx","seq":825,"session":"s1","stream":"chat","text":"> 7A0808XX\n","timestamp":1790455966.1531131}
2026-09-26T23:52:46.154+03:00 [RX telemetry] {"data_b64":"REVMSVZFUlkgV0FJVF9BQ0sgdXM=","description":"ble:LoRa-Chatter-1B44 44:1B:F6:8D:B7:A9","device_key":"ble-address:44:1b:f6:8d:b7:a9","kind":"rx","seq":826,"session":"s1","stream":"telemetry","text":"DELIVERY WAIT_ACK us","timestamp":1790455966.1534812}
2026-09-26T23:52:46.154+03:00 [RX telemetry] {"data_b64":"ZXI9MEJDNy8zMCBhdHRlbXB0PTE=","description":"ble:LoRa-Chatter-1B44 44:1B:F6:8D:B7:A9","device_key":"ble-address:44:1b:f6:8d:b7:a9","kind":"rx","seq":827,"session":"s1","stream":"telemetry","text":"er=0BC7/30 attempt=1","timestamp":1790455966.153521}
2026-09-26T23:52:46.154+03:00 [RX telemetry] {"data_b64":"LzUgdGltZW91dD03MTJtcyBxdWU=","description":"ble:LoRa-Chatter-1B44 44:1B:F6:8D:B7:A9","device_key":"ble-address:44:1b:f6:8d:b7:a9","kind":"rx","seq":828,"session":"s1","stream":"telemetry","text":"/5 timeout=712ms que","timestamp":1790455966.1535523}
2026-09-26T23:52:46.154+03:00 [RX telemetry] {"data_b64":"dWU9MAo=","description":"ble:LoRa-Chatter-1B44 44:1B:F6:8D:B7:A9","device_key":"ble-address:44:1b:f6:8d:b7:a9","kind":"rx","seq":829,"session":"s1","stream":"telemetry","text":"ue=0\n","timestamp":1790455966.1535816}
2026-09-26T23:52:46.196+03:00 [RX telemetry] {"data_b64":"UEVFUl9SRVBPUlQgb3VyX3NlcT0=","description":"ble:LoRa-Chatter-72E0 E0:72:A1:D5:4C:15","device_key":"ble-address:e0:72:a1:d5:4c:15","kind":"rx","seq":814,"session":"s2","stream":"telemetry","text":"PEER_REPORT our_seq=","timestamp":1790455966.196344}
2026-09-26T23:52:46.197+03:00 [RX telemetry] {"data_b64":"MyBUWD0tNDkvNiBRMTAwCg==","description":"ble:LoRa-Chatter-72E0 E0:72:A1:D5:4C:15","device_key":"ble-address:e0:72:a1:d5:4c:15","kind":"rx","seq":815,"session":"s2","stream":"telemetry","text":"3 TX=-49/6 Q100\n","timestamp":1790455966.1964314}
2026-09-26T23:52:46.197+03:00 [RX telemetry] {"data_b64":"ClJYIFVTRVIgc2Vzc2lvbj0wQkM=","description":"ble:LoRa-Chatter-72E0 E0:72:A1:D5:4C:15","device_key":"ble-address:e0:72:a1:d5:4c:15","kind":"rx","seq":816,"session":"s2","stream":"telemetry","text":"\nRX USER session=0BC","timestamp":1790455966.1964638}
2026-09-26T23:52:46.198+03:00 [RX telemetry] {"data_b64":"NyBzZXE9MzAgZnJhbWU9MjBCIHU=","description":"ble:LoRa-Chatter-72E0 E0:72:A1:D5:4C:15","device_key":"ble-address:e0:72:a1:d5:4c:15","kind":"rx","seq":817,"session":"s2","stream":"telemetry","text":"7 seq=30 frame=20B u","timestamp":1790455966.1973643}
2026-09-26T23:52:46.199+03:00 [RX telemetry] {"data_b64":"c2VyPThCIFJYPS00OC81IFEwIGQ=","description":"ble:LoRa-Chatter-72E0 E0:72:A1:D5:4C:15","device_key":"ble-address:e0:72:a1:d5:4c:15","kind":"rx","seq":818,"session":"s2","stream":"telemetry","text":"ser=8B RX=-48/5 Q0 d","timestamp":1790455966.1977909}
2026-09-26T23:52:46.200+03:00 [RX telemetry] {"data_b64":"aXNwb3NpdGlvbj0wCg==","description":"ble:LoRa-Chatter-72E0 E0:72:A1:D5:4C:15","device_key":"ble-address:e0:72:a1:d5:4c:15","kind":"rx","seq":819,"session":"s2","stream":"telemetry","text":"isposition=0\n","timestamp":1790455966.2001593}
2026-09-26T23:52:46.200+03:00 [RX chat] {"data_b64":"PCBbLTQ4LzUgUTBdIDdBMDgwOFg=","description":"ble:LoRa-Chatter-72E0 E0:72:A1:D5:4C:15","device_key":"ble-address:e0:72:a1:d5:4c:15","kind":"rx","seq":820,"session":"s2","stream":"chat","text":"< [-48/5 Q0] 7A0808X","timestamp":1790455966.2002726}
2026-09-26T23:52:46.200+03:00 [RX chat] {"data_b64":"WAo=","description":"ble:LoRa-Chatter-72E0 E0:72:A1:D5:4C:15","device_key":"ble-address:e0:72:a1:d5:4c:15","kind":"rx","seq":821,"session":"s2","stream":"chat","text":"X\n","timestamp":1790455966.2002985}
2026-09-26T23:52:46.371+03:00 [RX telemetry] {"data_b64":"UEVFUl9SRVBPUlQgb3VyX3NlcT0=","description":"ble:LoRa-Chatter-1B44 44:1B:F6:8D:B7:A9","device_key":"ble-address:44:1b:f6:8d:b7:a9","kind":"rx","seq":830,"session":"s1","stream":"telemetry","text":"PEER_REPORT our_seq=","timestamp":1790455966.370598}
2026-09-26T23:52:46.372+03:00 [RX telemetry] {"data_b64":"MzAgVFg9LTQ4LzUgUTAK","description":"ble:LoRa-Chatter-1B44 44:1B:F6:8D:B7:A9","device_key":"ble-address:44:1b:f6:8d:b7:a9","kind":"rx","seq":831,"session":"s1","stream":"telemetry","text":"30 TX=-48/5 Q0\n","timestamp":1790455966.3719447}
2026-09-26T23:52:46.372+03:00 [RX telemetry] {"data_b64":"ClJYIEFDSyBzZXNzaW9uPTYzQTY=","description":"ble:LoRa-Chatter-1B44 44:1B:F6:8D:B7:A9","device_key":"ble-address:44:1b:f6:8d:b7:a9","kind":"rx","seq":832,"session":"s1","stream":"telemetry","text":"\nRX ACK session=63A6","timestamp":1790455966.3720467}
2026-09-26T23:52:46.374+03:00 [RX telemetry] {"data_b64":"ClRYIEFDSyBzZXE9NCBhY2tfdG8=","description":"ble:LoRa-Chatter-72E0 E0:72:A1:D5:4C:15","device_key":"ble-address:e0:72:a1:d5:4c:15","kind":"rx","seq":822,"session":"s2","stream":"telemetry","text":"\nTX ACK seq=4 ack_to","timestamp":1790455966.3745227}
2026-09-26T23:52:46.375+03:00 [RX telemetry] {"data_b64":"PTBCQzcvMzAgZnJhbWU9MTRCIE8=","description":"ble:LoRa-Chatter-72E0 E0:72:A1:D5:4C:15","device_key":"ble-address:e0:72:a1:d5:4c:15","kind":"rx","seq":823,"session":"s2","stream":"telemetry","text":"=0BC7/30 frame=14B O","timestamp":1790455966.375296}
2026-09-26T23:52:46.375+03:00 [RX telemetry] {"data_b64":"SyB0aW1lPTE0IG1zIGd1YXJkPTU=","description":"ble:LoRa-Chatter-72E0 E0:72:A1:D5:4C:15","device_key":"ble-address:e0:72:a1:d5:4c:15","kind":"rx","seq":824,"session":"s2","stream":"telemetry","text":"K time=14 ms guard=5","timestamp":1790455966.3753452}
2026-09-26T23:52:46.376+03:00 [RX telemetry] {"data_b64":"MDBtcwo=","description":"ble:LoRa-Chatter-72E0 E0:72:A1:D5:4C:15","device_key":"ble-address:e0:72:a1:d5:4c:15","kind":"rx","seq":825,"session":"s2","stream":"telemetry","text":"00ms\n","timestamp":1790455966.3763752}
2026-09-26T23:52:46.414+03:00 [RX telemetry] {"data_b64":"IHNlcT00IGFja190bz0wQkM3LzM=","description":"ble:LoRa-Chatter-1B44 44:1B:F6:8D:B7:A9","device_key":"ble-address:44:1b:f6:8d:b7:a9","kind":"rx","seq":833,"session":"s1","stream":"telemetry","text":" seq=4 ack_to=0BC7/3","timestamp":1790455966.4144208}
2026-09-26T23:52:46.414+03:00 [RX telemetry] {"data_b64":"MCBmcmFtZT0xNEIgUlg9LTQ3LzU=","description":"ble:LoRa-Chatter-1B44 44:1B:F6:8D:B7:A9","device_key":"ble-address:44:1b:f6:8d:b7:a9","kind":"rx","seq":834,"session":"s1","stream":"telemetry","text":"0 frame=14B RX=-47/5","timestamp":1790455966.414815}
2026-09-26T23:52:46.415+03:00 [RX telemetry] {"data_b64":"IFExMDAK","description":"ble:LoRa-Chatter-1B44 44:1B:F6:8D:B7:A9","device_key":"ble-address:44:1b:f6:8d:b7:a9","kind":"rx","seq":835,"session":"s1","stream":"telemetry","text":" Q100\n","timestamp":1790455966.41506}
2026-09-26T23:52:46.462+03:00 [RX telemetry] {"data_b64":"REVMSVZFUlkgQUNLIHVzZXI9MEI=","description":"ble:LoRa-Chatter-1B44 44:1B:F6:8D:B7:A9","device_key":"ble-address:44:1b:f6:8d:b7:a9","kind":"rx","seq":836,"session":"s1","stream":"telemetry","text":"DELIVERY ACK user=0B","timestamp":1790455966.4607847}
2026-09-26T23:52:46.462+03:00 [RX telemetry] {"data_b64":"QzcvMzAgYXR0ZW1wdHM9MS81IGU=","description":"ble:LoRa-Chatter-1B44 44:1B:F6:8D:B7:A9","device_key":"ble-address:44:1b:f6:8d:b7:a9","kind":"rx","seq":837,"session":"s1","stream":"telemetry","text":"C7/30 attempts=1/5 e","timestamp":1790455966.4612687}
2026-09-26T23:52:46.462+03:00 [RX telemetry] {"data_b64":"bGFwc2VkPTIyMW1zIHF1ZXVlPTA=","description":"ble:LoRa-Chatter-1B44 44:1B:F6:8D:B7:A9","device_key":"ble-address:44:1b:f6:8d:b7:a9","kind":"rx","seq":838,"session":"s1","stream":"telemetry","text":"lapsed=221ms queue=0","timestamp":1790455966.461649}
2026-09-26T23:52:46.505+03:00 [RX telemetry] {"data_b64":"Cg==","description":"ble:LoRa-Chatter-1B44 44:1B:F6:8D:B7:A9","device_key":"ble-address:44:1b:f6:8d:b7:a9","kind":"rx","seq":839,"session":"s1","stream":"telemetry","text":"\n","timestamp":1790455966.5049784}
2026-09-26T23:52:47.194+03:00 [AGENT REQUEST] {"id":116,"op":"observe","cursors":{"s1":816,"s2":813},"timeout_ms":6000}
2026-09-26T23:52:47.195+03:00 [AGENT RESPONSE] {"id":116,"ok":true,"result":{"cursors":{"s1":839,"s2":825},"lines":[{"seq_first":819,"seq_last":821,"session":"s1","stream":"telemetry","text":"DELIVERY QUEUED source=2 bytes=8 waiting=1/8 in_flight=0"},{"seq_first":822,"seq_last":822,"session":"s1","stream":"telemetry","text":""},{"seq_first":822,"seq_last":824,"session":"s1","stream":"telemetry","text":"TX USER seq=30 frame=20B user=8B attempt=1/5 OK time=18 ms"},{"seq_first":825,"seq_last":825,"session":"s1","stream":"chat","text":"> 7A0808XX"},{"seq_first":826,"seq_last":829,"session":"s1","stream":"telemetry","text":"DELIVERY WAIT_ACK user=0BC7/30 attempt=1/5 timeout=712ms queue=0"},{"seq_first":814,"seq_last":815,"session":"s2","stream":"telemetry","text":"PEER_REPORT our_seq=3 TX=-49/6 Q100"},{"seq_first":816,"seq_last":816,"session":"s2","stream":"telemetry","text":""},{"seq_first":816,"seq_last":819,"session":"s2","stream":"telemetry","text":"RX USER session=0BC7 seq=30 frame=20B user=8B RX=-48/5 Q0 disposition=0"},{"seq_first":820,"seq_last":821,"session":"s2","stream":"chat","text":"< [-48/5 Q0] 7A0808XX"},{"seq_first":830,"seq_last":831,"session":"s1","stream":"telemetry","text":"PEER_REPORT our_seq=30 TX=-48/5 Q0"},{"seq_first":832,"seq_last":832,"session":"s1","stream":"telemetry","text":""},{"seq_first":822,"seq_last":822,"session":"s2","stream":"telemetry","text":""},{"seq_first":822,"seq_last":825,"session":"s2","stream":"telemetry","text":"TX ACK seq=4 ack_to=0BC7/30 frame=14B OK time=14 ms guard=500ms"},{"seq_first":832,"seq_last":835,"session":"s1","stream":"telemetry","text":"RX ACK session=63A6 seq=4 ack_to=0BC7/30 frame=14B RX=-47/5 Q100"},{"seq_first":836,"seq_last":839,"session":"s1","stream":"telemetry","text":"DELIVERY ACK user=0BC7/30 attempts=1/5 elapsed=221ms queue=0"}],"timed_out":false}}
2026-09-26T23:52:48.298+03:00 [AGENT REQUEST] {"id":117,"op":"send_line","session":"s1","text":"7A0809XX"}
2026-09-26T23:52:48.299+03:00 [TX] {"data_b64":"N0EwODA5WFgK","device_key":"ble-address:44:1b:f6:8d:b7:a9","kind":"tx","seq":840,"session":"s1","text":"7A0809XX","timestamp":1790455968.2990155,"tx_id":31,"tx_state":"queued"}
2026-09-26T23:52:48.300+03:00 [AGENT RESPONSE] {"id":117,"ok":true,"result":{"state":"queued","tx_id":31}}
2026-09-26T23:52:48.301+03:00 [TX] {"data_b64":"N0EwODA5WFgK","description":"ble:LoRa-Chatter-1B44 44:1B:F6:8D:B7:A9","device_key":"ble-address:44:1b:f6:8d:b7:a9","kind":"tx","seq":841,"session":"s1","text":"7A0809XX","timestamp":1790455968.3010364,"tx_id":31,"tx_state":"written"}
2026-09-26T23:52:48.352+03:00 [RX telemetry] {"data_b64":"REVMSVZFUlkgUVVFVUVEIHNvdXI=","description":"ble:LoRa-Chatter-1B44 44:1B:F6:8D:B7:A9","device_key":"ble-address:44:1b:f6:8d:b7:a9","kind":"rx","seq":842,"session":"s1","stream":"telemetry","text":"DELIVERY QUEUED sour","timestamp":1790455968.35183}
2026-09-26T23:52:48.353+03:00 [RX telemetry] {"data_b64":"Y2U9MiBieXRlcz04IHdhaXRpbmc=","description":"ble:LoRa-Chatter-1B44 44:1B:F6:8D:B7:A9","device_key":"ble-address:44:1b:f6:8d:b7:a9","kind":"rx","seq":843,"session":"s1","stream":"telemetry","text":"ce=2 bytes=8 waiting","timestamp":1790455968.351991}
2026-09-26T23:52:48.353+03:00 [RX telemetry] {"data_b64":"PTEvOCBpbl9mbGlnaHQ9MAo=","description":"ble:LoRa-Chatter-1B44 44:1B:F6:8D:B7:A9","device_key":"ble-address:44:1b:f6:8d:b7:a9","kind":"rx","seq":844,"session":"s1","stream":"telemetry","text":"=1/8 in_flight=0\n","timestamp":1790455968.3529785}
2026-09-26T23:52:48.356+03:00 [RX telemetry] {"data_b64":"ClRYIFVTRVIgc2VxPTMxIGZyYW0=","description":"ble:LoRa-Chatter-1B44 44:1B:F6:8D:B7:A9","device_key":"ble-address:44:1b:f6:8d:b7:a9","kind":"rx","seq":845,"session":"s1","stream":"telemetry","text":"\nTX USER seq=31 fram","timestamp":1790455968.3546696}
2026-09-26T23:52:48.356+03:00 [RX telemetry] {"data_b64":"ZT0yMEIgdXNlcj04QiBhdHRlbXA=","description":"ble:LoRa-Chatter-1B44 44:1B:F6:8D:B7:A9","device_key":"ble-address:44:1b:f6:8d:b7:a9","kind":"rx","seq":846,"session":"s1","stream":"telemetry","text":"e=20B user=8B attemp","timestamp":1790455968.3547888}
2026-09-26T23:52:48.356+03:00 [RX telemetry] {"data_b64":"dD0xLzUgT0sgdGltZT0xNiBtcwo=","description":"ble:LoRa-Chatter-1B44 44:1B:F6:8D:B7:A9","device_key":"ble-address:44:1b:f6:8d:b7:a9","kind":"rx","seq":847,"session":"s1","stream":"telemetry","text":"t=1/5 OK time=16 ms\n","timestamp":1790455968.3548563}
2026-09-26T23:52:48.357+03:00 [RX chat] {"data_b64":"PiA3QTA4MDlYWAo=","description":"ble:LoRa-Chatter-1B44 44:1B:F6:8D:B7:A9","device_key":"ble-address:44:1b:f6:8d:b7:a9","kind":"rx","seq":848,"session":"s1","stream":"chat","text":"> 7A0809XX\n","timestamp":1790455968.3553188}
2026-09-26T23:52:48.357+03:00 [RX telemetry] {"data_b64":"REVMSVZFUlkgV0FJVF9BQ0sgdXM=","description":"ble:LoRa-Chatter-1B44 44:1B:F6:8D:B7:A9","device_key":"ble-address:44:1b:f6:8d:b7:a9","kind":"rx","seq":849,"session":"s1","stream":"telemetry","text":"DELIVERY WAIT_ACK us","timestamp":1790455968.3556736}
2026-09-26T23:52:48.357+03:00 [RX telemetry] {"data_b64":"ZXI9MEJDNy8zMSBhdHRlbXB0PTE=","description":"ble:LoRa-Chatter-1B44 44:1B:F6:8D:B7:A9","device_key":"ble-address:44:1b:f6:8d:b7:a9","kind":"rx","seq":850,"session":"s1","stream":"telemetry","text":"er=0BC7/31 attempt=1","timestamp":1790455968.3557522}
2026-09-26T23:52:48.357+03:00 [RX telemetry] {"data_b64":"LzUgdGltZW91dD03MTJtcyBxdWU=","description":"ble:LoRa-Chatter-1B44 44:1B:F6:8D:B7:A9","device_key":"ble-address:44:1b:f6:8d:b7:a9","kind":"rx","seq":851,"session":"s1","stream":"telemetry","text":"/5 timeout=712ms que","timestamp":1790455968.3558102}
2026-09-26T23:52:48.357+03:00 [RX telemetry] {"data_b64":"dWU9MAo=","description":"ble:LoRa-Chatter-1B44 44:1B:F6:8D:B7:A9","device_key":"ble-address:44:1b:f6:8d:b7:a9","kind":"rx","seq":852,"session":"s1","stream":"telemetry","text":"ue=0\n","timestamp":1790455968.3568769}
2026-09-26T23:52:48.401+03:00 [RX telemetry] {"data_b64":"UEVFUl9SRVBPUlQgb3VyX3NlcT0=","description":"ble:LoRa-Chatter-72E0 E0:72:A1:D5:4C:15","device_key":"ble-address:e0:72:a1:d5:4c:15","kind":"rx","seq":826,"session":"s2","stream":"telemetry","text":"PEER_REPORT our_seq=","timestamp":1790455968.4010153}
2026-09-26T23:52:48.403+03:00 [RX telemetry] {"data_b64":"NCBUWD0tNDcvNSBRMTAwCg==","description":"ble:LoRa-Chatter-72E0 E0:72:A1:D5:4C:15","device_key":"ble-address:e0:72:a1:d5:4c:15","kind":"rx","seq":827,"session":"s2","stream":"telemetry","text":"4 TX=-47/5 Q100\n","timestamp":1790455968.40219}
2026-09-26T23:52:48.403+03:00 [RX telemetry] {"data_b64":"ClJYIFVTRVIgc2Vzc2lvbj0wQkM=","description":"ble:LoRa-Chatter-72E0 E0:72:A1:D5:4C:15","device_key":"ble-address:e0:72:a1:d5:4c:15","kind":"rx","seq":828,"session":"s2","stream":"telemetry","text":"\nRX USER session=0BC","timestamp":1790455968.4022813}
2026-09-26T23:52:48.404+03:00 [RX telemetry] {"data_b64":"NyBzZXE9MzEgZnJhbWU9MjBCIHU=","description":"ble:LoRa-Chatter-72E0 E0:72:A1:D5:4C:15","device_key":"ble-address:e0:72:a1:d5:4c:15","kind":"rx","seq":829,"session":"s2","stream":"telemetry","text":"7 seq=31 frame=20B u","timestamp":1790455968.402335}
2026-09-26T23:52:48.404+03:00 [RX telemetry] {"data_b64":"c2VyPThCIFJYPS00Ni82IFEwIGQ=","description":"ble:LoRa-Chatter-72E0 E0:72:A1:D5:4C:15","device_key":"ble-address:e0:72:a1:d5:4c:15","kind":"rx","seq":830,"session":"s2","stream":"telemetry","text":"ser=8B RX=-46/6 Q0 d","timestamp":1790455968.4033875}
2026-09-26T23:52:48.404+03:00 [RX telemetry] {"data_b64":"aXNwb3NpdGlvbj0wCg==","description":"ble:LoRa-Chatter-72E0 E0:72:A1:D5:4C:15","device_key":"ble-address:e0:72:a1:d5:4c:15","kind":"rx","seq":831,"session":"s2","stream":"telemetry","text":"isposition=0\n","timestamp":1790455968.404606}
2026-09-26T23:52:48.445+03:00 [RX chat] {"data_b64":"PCBbLTQ2LzYgUTBdIDdBMDgwOVg=","description":"ble:LoRa-Chatter-72E0 E0:72:A1:D5:4C:15","device_key":"ble-address:e0:72:a1:d5:4c:15","kind":"rx","seq":832,"session":"s2","stream":"chat","text":"< [-46/6 Q0] 7A0809X","timestamp":1790455968.4447203}
2026-09-26T23:52:48.490+03:00 [RX chat] {"data_b64":"WAo=","description":"ble:LoRa-Chatter-72E0 E0:72:A1:D5:4C:15","device_key":"ble-address:e0:72:a1:d5:4c:15","kind":"rx","seq":833,"session":"s2","stream":"chat","text":"X\n","timestamp":1790455968.4898396}
2026-09-26T23:52:48.575+03:00 [RX telemetry] {"data_b64":"UEVFUl9SRVBPUlQgb3VyX3NlcT0=","description":"ble:LoRa-Chatter-1B44 44:1B:F6:8D:B7:A9","device_key":"ble-address:44:1b:f6:8d:b7:a9","kind":"rx","seq":853,"session":"s1","stream":"telemetry","text":"PEER_REPORT our_seq=","timestamp":1790455968.574789}
2026-09-26T23:52:48.576+03:00 [RX telemetry] {"data_b64":"MzEgVFg9LTQ2LzYgUTAK","description":"ble:LoRa-Chatter-1B44 44:1B:F6:8D:B7:A9","device_key":"ble-address:44:1b:f6:8d:b7:a9","kind":"rx","seq":854,"session":"s1","stream":"telemetry","text":"31 TX=-46/6 Q0\n","timestamp":1790455968.576124}
2026-09-26T23:52:48.576+03:00 [RX telemetry] {"data_b64":"ClJYIEFDSyBzZXNzaW9uPTYzQTY=","description":"ble:LoRa-Chatter-1B44 44:1B:F6:8D:B7:A9","device_key":"ble-address:44:1b:f6:8d:b7:a9","kind":"rx","seq":855,"session":"s1","stream":"telemetry","text":"\nRX ACK session=63A6","timestamp":1790455968.5762558}
2026-09-26T23:52:48.582+03:00 [RX telemetry] {"data_b64":"ClRYIEFDSyBzZXE9NSBhY2tfdG8=","description":"ble:LoRa-Chatter-72E0 E0:72:A1:D5:4C:15","device_key":"ble-address:e0:72:a1:d5:4c:15","kind":"rx","seq":834,"session":"s2","stream":"telemetry","text":"\nTX ACK seq=5 ack_to","timestamp":1790455968.581637}
2026-09-26T23:52:48.584+03:00 [RX telemetry] {"data_b64":"PTBCQzcvMzEgZnJhbWU9MTRCIE8=","description":"ble:LoRa-Chatter-72E0 E0:72:A1:D5:4C:15","device_key":"ble-address:e0:72:a1:d5:4c:15","kind":"rx","seq":835,"session":"s2","stream":"telemetry","text":"=0BC7/31 frame=14B O","timestamp":1790455968.583439}
2026-09-26T23:52:48.584+03:00 [RX telemetry] {"data_b64":"SyB0aW1lPTE0IG1zIGd1YXJkPTU=","description":"ble:LoRa-Chatter-72E0 E0:72:A1:D5:4C:15","device_key":"ble-address:e0:72:a1:d5:4c:15","kind":"rx","seq":836,"session":"s2","stream":"telemetry","text":"K time=14 ms guard=5","timestamp":1790455968.5835543}
2026-09-26T23:52:48.584+03:00 [RX telemetry] {"data_b64":"MDBtcwo=","description":"ble:LoRa-Chatter-72E0 E0:72:A1:D5:4C:15","device_key":"ble-address:e0:72:a1:d5:4c:15","kind":"rx","seq":837,"session":"s2","stream":"telemetry","text":"00ms\n","timestamp":1790455968.5836234}
2026-09-26T23:52:48.622+03:00 [RX telemetry] {"data_b64":"IHNlcT01IGFja190bz0wQkM3LzM=","description":"ble:LoRa-Chatter-1B44 44:1B:F6:8D:B7:A9","device_key":"ble-address:44:1b:f6:8d:b7:a9","kind":"rx","seq":856,"session":"s1","stream":"telemetry","text":" seq=5 ack_to=0BC7/3","timestamp":1790455968.6208453}
2026-09-26T23:52:48.622+03:00 [RX telemetry] {"data_b64":"MSBmcmFtZT0xNEIgUlg9LTUyLzU=","description":"ble:LoRa-Chatter-1B44 44:1B:F6:8D:B7:A9","device_key":"ble-address:44:1b:f6:8d:b7:a9","kind":"rx","seq":857,"session":"s1","stream":"telemetry","text":"1 frame=14B RX=-52/5","timestamp":1790455968.62145}
2026-09-26T23:52:48.622+03:00 [RX telemetry] {"data_b64":"IFExMDAK","description":"ble:LoRa-Chatter-1B44 44:1B:F6:8D:B7:A9","device_key":"ble-address:44:1b:f6:8d:b7:a9","kind":"rx","seq":858,"session":"s1","stream":"telemetry","text":" Q100\n","timestamp":1790455968.621549}
2026-09-26T23:52:48.623+03:00 [RX telemetry] {"data_b64":"REVMSVZFUlkgQUNLIHVzZXI9MEI=","description":"ble:LoRa-Chatter-1B44 44:1B:F6:8D:B7:A9","device_key":"ble-address:44:1b:f6:8d:b7:a9","kind":"rx","seq":859,"session":"s1","stream":"telemetry","text":"DELIVERY ACK user=0B","timestamp":1790455968.622784}
2026-09-26T23:52:48.665+03:00 [RX telemetry] {"data_b64":"QzcvMzEgYXR0ZW1wdHM9MS81IGU=","description":"ble:LoRa-Chatter-1B44 44:1B:F6:8D:B7:A9","device_key":"ble-address:44:1b:f6:8d:b7:a9","kind":"rx","seq":860,"session":"s1","stream":"telemetry","text":"C7/31 attempts=1/5 e","timestamp":1790455968.664905}
2026-09-26T23:52:48.666+03:00 [RX telemetry] {"data_b64":"bGFwc2VkPTIyMm1zIHF1ZXVlPTA=","description":"ble:LoRa-Chatter-1B44 44:1B:F6:8D:B7:A9","device_key":"ble-address:44:1b:f6:8d:b7:a9","kind":"rx","seq":861,"session":"s1","stream":"telemetry","text":"lapsed=222ms queue=0","timestamp":1790455968.6663537}
2026-09-26T23:52:48.667+03:00 [RX telemetry] {"data_b64":"Cg==","description":"ble:LoRa-Chatter-1B44 44:1B:F6:8D:B7:A9","device_key":"ble-address:44:1b:f6:8d:b7:a9","kind":"rx","seq":862,"session":"s1","stream":"telemetry","text":"\n","timestamp":1790455968.6664562}
2026-09-26T23:52:49.404+03:00 [AGENT REQUEST] {"id":118,"op":"observe","cursors":{"s1":839,"s2":825},"timeout_ms":6000}
2026-09-26T23:52:49.405+03:00 [AGENT RESPONSE] {"id":118,"ok":true,"result":{"cursors":{"s1":862,"s2":837},"lines":[{"seq_first":842,"seq_last":844,"session":"s1","stream":"telemetry","text":"DELIVERY QUEUED source=2 bytes=8 waiting=1/8 in_flight=0"},{"seq_first":845,"seq_last":845,"session":"s1","stream":"telemetry","text":""},{"seq_first":845,"seq_last":847,"session":"s1","stream":"telemetry","text":"TX USER seq=31 frame=20B user=8B attempt=1/5 OK time=16 ms"},{"seq_first":848,"seq_last":848,"session":"s1","stream":"chat","text":"> 7A0809XX"},{"seq_first":849,"seq_last":852,"session":"s1","stream":"telemetry","text":"DELIVERY WAIT_ACK user=0BC7/31 attempt=1/5 timeout=712ms queue=0"},{"seq_first":826,"seq_last":827,"session":"s2","stream":"telemetry","text":"PEER_REPORT our_seq=4 TX=-47/5 Q100"},{"seq_first":828,"seq_last":828,"session":"s2","stream":"telemetry","text":""},{"seq_first":828,"seq_last":831,"session":"s2","stream":"telemetry","text":"RX USER session=0BC7 seq=31 frame=20B user=8B RX=-46/6 Q0 disposition=0"},{"seq_first":832,"seq_last":833,"session":"s2","stream":"chat","text":"< [-46/6 Q0] 7A0809XX"},{"seq_first":853,"seq_last":854,"session":"s1","stream":"telemetry","text":"PEER_REPORT our_seq=31 TX=-46/6 Q0"},{"seq_first":855,"seq_last":855,"session":"s1","stream":"telemetry","text":""},{"seq_first":834,"seq_last":834,"session":"s2","stream":"telemetry","text":""},{"seq_first":834,"seq_last":837,"session":"s2","stream":"telemetry","text":"TX ACK seq=5 ack_to=0BC7/31 frame=14B OK time=14 ms guard=500ms"},{"seq_first":855,"seq_last":858,"session":"s1","stream":"telemetry","text":"RX ACK session=63A6 seq=5 ack_to=0BC7/31 frame=14B RX=-52/5 Q100"},{"seq_first":859,"seq_last":862,"session":"s1","stream":"telemetry","text":"DELIVERY ACK user=0BC7/31 attempts=1/5 elapsed=222ms queue=0"}],"timed_out":false}}
2026-09-26T23:52:50.507+03:00 [AGENT REQUEST] {"id":119,"op":"send_line","session":"s1","text":"7A0810XX"}
2026-09-26T23:52:50.508+03:00 [TX] {"data_b64":"N0EwODEwWFgK","device_key":"ble-address:44:1b:f6:8d:b7:a9","kind":"tx","seq":863,"session":"s1","text":"7A0810XX","timestamp":1790455970.5077336,"tx_id":32,"tx_state":"queued"}
2026-09-26T23:52:50.508+03:00 [AGENT RESPONSE] {"id":119,"ok":true,"result":{"state":"queued","tx_id":32}}
2026-09-26T23:52:50.508+03:00 [TX] {"data_b64":"N0EwODEwWFgK","description":"ble:LoRa-Chatter-1B44 44:1B:F6:8D:B7:A9","device_key":"ble-address:44:1b:f6:8d:b7:a9","kind":"tx","seq":864,"session":"s1","text":"7A0810XX","timestamp":1790455970.5086572,"tx_id":32,"tx_state":"written"}
2026-09-26T23:52:50.833+03:00 [RX telemetry] {"data_b64":"UEVFUl9SRVBPUlQgb3VyX3NlcT0=","description":"ble:LoRa-Chatter-72E0 E0:72:A1:D5:4C:15","device_key":"ble-address:e0:72:a1:d5:4c:15","kind":"rx","seq":838,"session":"s2","stream":"telemetry","text":"PEER_REPORT our_seq=","timestamp":1790455970.8317306}
2026-09-26T23:52:50.833+03:00 [RX telemetry] {"data_b64":"NSBUWD0tNTIvNSBRMTAwCg==","description":"ble:LoRa-Chatter-72E0 E0:72:A1:D5:4C:15","device_key":"ble-address:e0:72:a1:d5:4c:15","kind":"rx","seq":839,"session":"s2","stream":"telemetry","text":"5 TX=-52/5 Q100\n","timestamp":1790455970.8318937}
2026-09-26T23:52:50.833+03:00 [RX telemetry] {"data_b64":"ClJYIFVTRVIgc2Vzc2lvbj0wQkM=","description":"ble:LoRa-Chatter-72E0 E0:72:A1:D5:4C:15","device_key":"ble-address:e0:72:a1:d5:4c:15","kind":"rx","seq":840,"session":"s2","stream":"telemetry","text":"\nRX USER session=0BC","timestamp":1790455970.8319407}
2026-09-26T23:52:50.834+03:00 [RX telemetry] {"data_b64":"NyBzZXE9MzIgZnJhbWU9MjBCIHU=","description":"ble:LoRa-Chatter-72E0 E0:72:A1:D5:4C:15","device_key":"ble-address:e0:72:a1:d5:4c:15","kind":"rx","seq":841,"session":"s2","stream":"telemetry","text":"7 seq=32 frame=20B u","timestamp":1790455970.8342333}
2026-09-26T23:52:50.834+03:00 [RX telemetry] {"data_b64":"c2VyPThCIFJYPS01MS81IFEwIGQ=","description":"ble:LoRa-Chatter-72E0 E0:72:A1:D5:4C:15","device_key":"ble-address:e0:72:a1:d5:4c:15","kind":"rx","seq":842,"session":"s2","stream":"telemetry","text":"ser=8B RX=-51/5 Q0 d","timestamp":1790455970.8342671}
2026-09-26T23:52:50.834+03:00 [RX telemetry] {"data_b64":"aXNwb3NpdGlvbj0wCg==","description":"ble:LoRa-Chatter-72E0 E0:72:A1:D5:4C:15","device_key":"ble-address:e0:72:a1:d5:4c:15","kind":"rx","seq":843,"session":"s2","stream":"telemetry","text":"isposition=0\n","timestamp":1790455970.8342817}
2026-09-26T23:52:50.835+03:00 [RX chat] {"data_b64":"PCBbLTUxLzUgUTBdIDdBMDgxMFg=","description":"ble:LoRa-Chatter-72E0 E0:72:A1:D5:4C:15","device_key":"ble-address:e0:72:a1:d5:4c:15","kind":"rx","seq":844,"session":"s2","stream":"chat","text":"< [-51/5 Q0] 7A0810X","timestamp":1790455970.8351705}
2026-09-26T23:52:50.835+03:00 [RX chat] {"data_b64":"WAo=","description":"ble:LoRa-Chatter-72E0 E0:72:A1:D5:4C:15","device_key":"ble-address:e0:72:a1:d5:4c:15","kind":"rx","seq":845,"session":"s2","stream":"chat","text":"X\n","timestamp":1790455970.8355868}
2026-09-26T23:52:50.836+03:00 [RX telemetry] {"data_b64":"ClRYIEFDSyBzZXE9NiBhY2tfdG8=","description":"ble:LoRa-Chatter-72E0 E0:72:A1:D5:4C:15","device_key":"ble-address:e0:72:a1:d5:4c:15","kind":"rx","seq":846,"session":"s2","stream":"telemetry","text":"\nTX ACK seq=6 ack_to","timestamp":1790455970.8358715}
2026-09-26T23:52:50.836+03:00 [RX telemetry] {"data_b64":"PTBCQzcvMzIgZnJhbWU9MTRCIE8=","description":"ble:LoRa-Chatter-72E0 E0:72:A1:D5:4C:15","device_key":"ble-address:e0:72:a1:d5:4c:15","kind":"rx","seq":847,"session":"s2","stream":"telemetry","text":"=0BC7/32 frame=14B O","timestamp":1790455970.8363314}
2026-09-26T23:52:50.836+03:00 [RX telemetry] {"data_b64":"SyB0aW1lPTE0IG1zIGd1YXJkPTU=","description":"ble:LoRa-Chatter-72E0 E0:72:A1:D5:4C:15","device_key":"ble-address:e0:72:a1:d5:4c:15","kind":"rx","seq":848,"session":"s2","stream":"telemetry","text":"K time=14 ms guard=5","timestamp":1790455970.8363543}
2026-09-26T23:52:50.836+03:00 [RX telemetry] {"data_b64":"MDBtcwo=","description":"ble:LoRa-Chatter-72E0 E0:72:A1:D5:4C:15","device_key":"ble-address:e0:72:a1:d5:4c:15","kind":"rx","seq":849,"session":"s2","stream":"telemetry","text":"00ms\n","timestamp":1790455970.8363664}
2026-09-26T23:52:50.915+03:00 [RX telemetry] {"data_b64":"REVMSVZFUlkgUVVFVUVEIHNvdXI=","description":"ble:LoRa-Chatter-1B44 44:1B:F6:8D:B7:A9","device_key":"ble-address:44:1b:f6:8d:b7:a9","kind":"rx","seq":865,"session":"s1","stream":"telemetry","text":"DELIVERY QUEUED sour","timestamp":1790455970.9151428}
2026-09-26T23:52:50.915+03:00 [RX telemetry] {"data_b64":"Y2U9MiBieXRlcz04IHdhaXRpbmc=","description":"ble:LoRa-Chatter-1B44 44:1B:F6:8D:B7:A9","device_key":"ble-address:44:1b:f6:8d:b7:a9","kind":"rx","seq":866,"session":"s1","stream":"telemetry","text":"ce=2 bytes=8 waiting","timestamp":1790455970.9151871}
2026-09-26T23:52:50.959+03:00 [RX telemetry] {"data_b64":"PTEvOCBpbl9mbGlnaHQ9MAo=","description":"ble:LoRa-Chatter-1B44 44:1B:F6:8D:B7:A9","device_key":"ble-address:44:1b:f6:8d:b7:a9","kind":"rx","seq":867,"session":"s1","stream":"telemetry","text":"=1/8 in_flight=0\n","timestamp":1790455970.9591575}
2026-09-26T23:52:50.959+03:00 [RX telemetry] {"data_b64":"ClRYIFVTRVIgc2VxPTMyIGZyYW0=","description":"ble:LoRa-Chatter-1B44 44:1B:F6:8D:B7:A9","device_key":"ble-address:44:1b:f6:8d:b7:a9","kind":"rx","seq":868,"session":"s1","stream":"telemetry","text":"\nTX USER seq=32 fram","timestamp":1790455970.9592338}
2026-09-26T23:52:51.004+03:00 [RX telemetry] {"data_b64":"ZT0yMEIgdXNlcj04QiBhdHRlbXA=","description":"ble:LoRa-Chatter-1B44 44:1B:F6:8D:B7:A9","device_key":"ble-address:44:1b:f6:8d:b7:a9","kind":"rx","seq":869,"session":"s1","stream":"telemetry","text":"e=20B user=8B attemp","timestamp":1790455971.0041313}
2026-09-26T23:52:51.004+03:00 [RX telemetry] {"data_b64":"dD0xLzUgT0sgdGltZT0xNiBtcwo=","description":"ble:LoRa-Chatter-1B44 44:1B:F6:8D:B7:A9","device_key":"ble-address:44:1b:f6:8d:b7:a9","kind":"rx","seq":870,"session":"s1","stream":"telemetry","text":"t=1/5 OK time=16 ms\n","timestamp":1790455971.004199}
2026-09-26T23:52:51.004+03:00 [RX chat] {"data_b64":"PiA3QTA4MTBYWAo=","description":"ble:LoRa-Chatter-1B44 44:1B:F6:8D:B7:A9","device_key":"ble-address:44:1b:f6:8d:b7:a9","kind":"rx","seq":871,"session":"s1","stream":"chat","text":"> 7A0810XX\n","timestamp":1790455971.0045805}
2026-09-26T23:52:51.050+03:00 [RX telemetry] {"data_b64":"REVMSVZFUlkgV0FJVF9BQ0sgdXM=","description":"ble:LoRa-Chatter-1B44 44:1B:F6:8D:B7:A9","device_key":"ble-address:44:1b:f6:8d:b7:a9","kind":"rx","seq":872,"session":"s1","stream":"telemetry","text":"DELIVERY WAIT_ACK us","timestamp":1790455971.0506177}
2026-09-26T23:52:51.051+03:00 [RX telemetry] {"data_b64":"ZXI9MEJDNy8zMiBhdHRlbXB0PTE=","description":"ble:LoRa-Chatter-1B44 44:1B:F6:8D:B7:A9","device_key":"ble-address:44:1b:f6:8d:b7:a9","kind":"rx","seq":873,"session":"s1","stream":"telemetry","text":"er=0BC7/32 attempt=1","timestamp":1790455971.0506864}
2026-09-26T23:52:51.051+03:00 [RX telemetry] {"data_b64":"LzUgdGltZW91dD03MTJtcyBxdWU=","description":"ble:LoRa-Chatter-1B44 44:1B:F6:8D:B7:A9","device_key":"ble-address:44:1b:f6:8d:b7:a9","kind":"rx","seq":874,"session":"s1","stream":"telemetry","text":"/5 timeout=712ms que","timestamp":1790455971.0511806}
2026-09-26T23:52:51.095+03:00 [RX telemetry] {"data_b64":"dWU9MAo=","description":"ble:LoRa-Chatter-1B44 44:1B:F6:8D:B7:A9","device_key":"ble-address:44:1b:f6:8d:b7:a9","kind":"rx","seq":875,"session":"s1","stream":"telemetry","text":"ue=0\n","timestamp":1790455971.095124}
2026-09-26T23:52:51.095+03:00 [RX telemetry] {"data_b64":"UEVFUl9SRVBPUlQgb3VyX3NlcT0=","description":"ble:LoRa-Chatter-1B44 44:1B:F6:8D:B7:A9","device_key":"ble-address:44:1b:f6:8d:b7:a9","kind":"rx","seq":876,"session":"s1","stream":"telemetry","text":"PEER_REPORT our_seq=","timestamp":1790455971.0955021}
2026-09-26T23:52:51.140+03:00 [RX telemetry] {"data_b64":"MzIgVFg9LTUxLzUgUTAK","description":"ble:LoRa-Chatter-1B44 44:1B:F6:8D:B7:A9","device_key":"ble-address:44:1b:f6:8d:b7:a9","kind":"rx","seq":877,"session":"s1","stream":"telemetry","text":"32 TX=-51/5 Q0\n","timestamp":1790455971.1401846}
2026-09-26T23:52:51.140+03:00 [RX telemetry] {"data_b64":"ClJYIEFDSyBzZXNzaW9uPTYzQTY=","description":"ble:LoRa-Chatter-1B44 44:1B:F6:8D:B7:A9","device_key":"ble-address:44:1b:f6:8d:b7:a9","kind":"rx","seq":878,"session":"s1","stream":"telemetry","text":"\nRX ACK session=63A6","timestamp":1790455971.140367}
2026-09-26T23:52:51.140+03:00 [RX telemetry] {"data_b64":"IHNlcT02IGFja190bz0wQkM3LzM=","description":"ble:LoRa-Chatter-1B44 44:1B:F6:8D:B7:A9","device_key":"ble-address:44:1b:f6:8d:b7:a9","kind":"rx","seq":879,"session":"s1","stream":"telemetry","text":" seq=6 ack_to=0BC7/3","timestamp":1790455971.1404238}
2026-09-26T23:52:51.184+03:00 [RX telemetry] {"data_b64":"MiBmcmFtZT0xNEIgUlg9LTUwLzY=","description":"ble:LoRa-Chatter-1B44 44:1B:F6:8D:B7:A9","device_key":"ble-address:44:1b:f6:8d:b7:a9","kind":"rx","seq":880,"session":"s1","stream":"telemetry","text":"2 frame=14B RX=-50/6","timestamp":1790455971.1842325}
2026-09-26T23:52:51.184+03:00 [RX telemetry] {"data_b64":"IFExMDAK","description":"ble:LoRa-Chatter-1B44 44:1B:F6:8D:B7:A9","device_key":"ble-address:44:1b:f6:8d:b7:a9","kind":"rx","seq":881,"session":"s1","stream":"telemetry","text":" Q100\n","timestamp":1790455971.184372}
2026-09-26T23:52:51.184+03:00 [RX telemetry] {"data_b64":"REVMSVZFUlkgQUNLIHVzZXI9MEI=","description":"ble:LoRa-Chatter-1B44 44:1B:F6:8D:B7:A9","device_key":"ble-address:44:1b:f6:8d:b7:a9","kind":"rx","seq":882,"session":"s1","stream":"telemetry","text":"DELIVERY ACK user=0B","timestamp":1790455971.1844075}
2026-09-26T23:52:51.187+03:00 [RX telemetry] {"data_b64":"QzcvMzIgYXR0ZW1wdHM9MS81IGU=","description":"ble:LoRa-Chatter-1B44 44:1B:F6:8D:B7:A9","device_key":"ble-address:44:1b:f6:8d:b7:a9","kind":"rx","seq":883,"session":"s1","stream":"telemetry","text":"C7/32 attempts=1/5 e","timestamp":1790455971.1869893}
2026-09-26T23:52:51.230+03:00 [RX telemetry] {"data_b64":"bGFwc2VkPTIyMW1zIHF1ZXVlPTA=","description":"ble:LoRa-Chatter-1B44 44:1B:F6:8D:B7:A9","device_key":"ble-address:44:1b:f6:8d:b7:a9","kind":"rx","seq":884,"session":"s1","stream":"telemetry","text":"lapsed=221ms queue=0","timestamp":1790455971.2297044}
2026-09-26T23:52:51.230+03:00 [RX telemetry] {"data_b64":"Cg==","description":"ble:LoRa-Chatter-1B44 44:1B:F6:8D:B7:A9","device_key":"ble-address:44:1b:f6:8d:b7:a9","kind":"rx","seq":885,"session":"s1","stream":"telemetry","text":"\n","timestamp":1790455971.2304418}
2026-09-26T23:52:51.611+03:00 [AGENT REQUEST] {"id":120,"op":"observe","cursors":{"s1":862,"s2":837},"timeout_ms":6000}
2026-09-26T23:52:51.613+03:00 [AGENT RESPONSE] {"id":120,"ok":true,"result":{"cursors":{"s1":885,"s2":849},"lines":[{"seq_first":838,"seq_last":839,"session":"s2","stream":"telemetry","text":"PEER_REPORT our_seq=5 TX=-52/5 Q100"},{"seq_first":840,"seq_last":840,"session":"s2","stream":"telemetry","text":""},{"seq_first":840,"seq_last":843,"session":"s2","stream":"telemetry","text":"RX USER session=0BC7 seq=32 frame=20B user=8B RX=-51/5 Q0 disposition=0"},{"seq_first":844,"seq_last":845,"session":"s2","stream":"chat","text":"< [-51/5 Q0] 7A0810XX"},{"seq_first":846,"seq_last":846,"session":"s2","stream":"telemetry","text":""},{"seq_first":846,"seq_last":849,"session":"s2","stream":"telemetry","text":"TX ACK seq=6 ack_to=0BC7/32 frame=14B OK time=14 ms guard=500ms"},{"seq_first":865,"seq_last":867,"session":"s1","stream":"telemetry","text":"DELIVERY QUEUED source=2 bytes=8 waiting=1/8 in_flight=0"},{"seq_first":868,"seq_last":868,"session":"s1","stream":"telemetry","text":""},{"seq_first":868,"seq_last":870,"session":"s1","stream":"telemetry","text":"TX USER seq=32 frame=20B user=8B attempt=1/5 OK time=16 ms"},{"seq_first":871,"seq_last":871,"session":"s1","stream":"chat","text":"> 7A0810XX"},{"seq_first":872,"seq_last":875,"session":"s1","stream":"telemetry","text":"DELIVERY WAIT_ACK user=0BC7/32 attempt=1/5 timeout=712ms queue=0"},{"seq_first":876,"seq_last":877,"session":"s1","stream":"telemetry","text":"PEER_REPORT our_seq=32 TX=-51/5 Q0"},{"seq_first":878,"seq_last":878,"session":"s1","stream":"telemetry","text":""},{"seq_first":878,"seq_last":881,"session":"s1","stream":"telemetry","text":"RX ACK session=63A6 seq=6 ack_to=0BC7/32 frame=14B RX=-50/6 Q100"},{"seq_first":882,"seq_last":885,"session":"s1","stream":"telemetry","text":"DELIVERY ACK user=0BC7/32 attempts=1/5 elapsed=221ms queue=0"}],"timed_out":false}}
2026-09-26T23:52:52.717+03:00 [AGENT REQUEST] {"id":121,"op":"observe","cursors":{"s1":885,"s2":849},"timeout_ms":6000}
2026-09-26T23:52:53.821+03:00 [AGENT REQUEST] {"id":122,"op":"observe","cursors":{"s1":885,"s2":849},"timeout_ms":6000}
2026-09-26T23:52:54.925+03:00 [AGENT REQUEST] {"id":123,"op":"observe","cursors":{"s1":885,"s2":849},"timeout_ms":6000}
2026-09-26T23:52:56.029+03:00 [AGENT REQUEST] {"id":124,"op":"observe","cursors":{"s1":885,"s2":849},"timeout_ms":6000}
2026-09-26T23:52:57.133+03:00 [AGENT REQUEST] {"id":125,"op":"observe","cursors":{"s1":885,"s2":849},"timeout_ms":6000}
2026-09-26T23:52:58.238+03:00 [AGENT REQUEST] {"id":126,"op":"observe","cursors":{"s1":885,"s2":849},"timeout_ms":6000}
2026-09-26T23:52:58.718+03:00 [AGENT RESPONSE] {"id":121,"ok":true,"result":{"cursors":{"s1":885,"s2":849},"lines":[],"timed_out":true}}
2026-09-26T23:52:59.341+03:00 [AGENT REQUEST] {"id":127,"op":"observe","cursors":{"s1":885,"s2":849},"timeout_ms":6000}
2026-09-26T23:52:59.822+03:00 [AGENT RESPONSE] {"id":122,"ok":true,"result":{"cursors":{"s1":885,"s2":849},"lines":[],"timed_out":true}}
2026-09-26T23:53:00.445+03:00 [AGENT REQUEST] {"id":128,"op":"observe","cursors":{"s1":885,"s2":849},"timeout_ms":6000}
2026-09-26T23:53:00.926+03:00 [AGENT RESPONSE] {"id":123,"ok":true,"result":{"cursors":{"s1":885,"s2":849},"lines":[],"timed_out":true}}
2026-09-26T23:53:01.549+03:00 [AGENT REQUEST] {"id":129,"op":"observe","cursors":{"s1":885,"s2":849},"timeout_ms":6000}
2026-09-26T23:53:02.030+03:00 [AGENT RESPONSE] {"id":124,"ok":true,"result":{"cursors":{"s1":885,"s2":849},"lines":[],"timed_out":true}}
2026-09-26T23:53:02.440+03:00 [RX telemetry] {"data_b64":"ClJYIENSQyBFUlJPUiBJUlE9MHg=","description":"ble:LoRa-Chatter-72E0 E0:72:A1:D5:4C:15","device_key":"ble-address:e0:72:a1:d5:4c:15","kind":"rx","seq":850,"session":"s2","stream":"telemetry","text":"\nRX CRC ERROR IRQ=0x","timestamp":1790455982.4400923}
2026-09-26T23:53:02.444+03:00 [AGENT RESPONSE] {"id":125,"ok":true,"result":{"cursors":{"s1":885,"s2":850},"lines":[{"seq_first":850,"seq_last":850,"session":"s2","stream":"telemetry","text":""}],"timed_out":false}}
2026-09-26T23:53:02.444+03:00 [RX telemetry] {"data_b64":"NzAgUlg9LTExNi8tMTIgbGVuPTY=","description":"ble:LoRa-Chatter-72E0 E0:72:A1:D5:4C:15","device_key":"ble-address:e0:72:a1:d5:4c:15","kind":"rx","seq":851,"session":"s2","stream":"telemetry","text":"70 RX=-116/-12 len=6","timestamp":1790455982.444484}
2026-09-26T23:53:02.445+03:00 [RX telemetry] {"data_b64":"OAo=","description":"ble:LoRa-Chatter-72E0 E0:72:A1:D5:4C:15","device_key":"ble-address:e0:72:a1:d5:4c:15","kind":"rx","seq":852,"session":"s2","stream":"telemetry","text":"8\n","timestamp":1790455982.4445553}
2026-09-26T23:53:02.445+03:00 [AGENT RESPONSE] {"id":127,"ok":true,"result":{"cursors":{"s1":885,"s2":850},"lines":[{"seq_first":850,"seq_last":850,"session":"s2","stream":"telemetry","text":""}],"timed_out":false}}
2026-09-26T23:53:02.445+03:00 [AGENT RESPONSE] {"id":126,"ok":true,"result":{"cursors":{"s1":885,"s2":850},"lines":[{"seq_first":850,"seq_last":850,"session":"s2","stream":"telemetry","text":""}],"timed_out":false}}
2026-09-26T23:53:02.445+03:00 [AGENT RESPONSE] {"id":128,"ok":true,"result":{"cursors":{"s1":885,"s2":850},"lines":[{"seq_first":850,"seq_last":850,"session":"s2","stream":"telemetry","text":""}],"timed_out":false}}
2026-09-26T23:53:02.445+03:00 [AGENT RESPONSE] {"id":129,"ok":true,"result":{"cursors":{"s1":885,"s2":850},"lines":[{"seq_first":850,"seq_last":850,"session":"s2","stream":"telemetry","text":""}],"timed_out":false}}
2026-09-26T23:53:02.654+03:00 [AGENT REQUEST] {"id":130,"op":"observe","cursors":{"s1":885,"s2":850},"timeout_ms":6000}
2026-09-26T23:53:02.655+03:00 [AGENT RESPONSE] {"id":130,"ok":true,"result":{"cursors":{"s1":885,"s2":852},"lines":[{"seq_first":850,"seq_last":852,"session":"s2","stream":"telemetry","text":"RX CRC ERROR IRQ=0x70 RX=-116/-12 len=68"}],"timed_out":false}}
2026-09-26T23:53:03.758+03:00 [AGENT REQUEST] {"id":131,"op":"observe","cursors":{"s1":885,"s2":852},"timeout_ms":6000}
2026-09-26T23:53:04.863+03:00 [AGENT REQUEST] {"id":132,"op":"send_line","session":"s2","text":"7B0804XX"}
2026-09-26T23:53:04.864+03:00 [TX] {"data_b64":"N0IwODA0WFgK","device_key":"ble-address:e0:72:a1:d5:4c:15","kind":"tx","seq":853,"session":"s2","text":"7B0804XX","timestamp":1790455984.8637164,"tx_id":26,"tx_state":"queued"}
2026-09-26T23:53:04.865+03:00 [AGENT RESPONSE] {"id":131,"ok":true,"result":{"cursors":{"s1":885,"s2":853},"lines":[],"timed_out":false}}
2026-09-26T23:53:04.865+03:00 [AGENT RESPONSE] {"id":132,"ok":true,"result":{"state":"queued","tx_id":26}}
2026-09-26T23:53:04.866+03:00 [TX] {"data_b64":"N0IwODA0WFgK","description":"ble:LoRa-Chatter-72E0 E0:72:A1:D5:4C:15","device_key":"ble-address:e0:72:a1:d5:4c:15","kind":"tx","seq":854,"session":"s2","text":"7B0804XX","timestamp":1790455984.8661537,"tx_id":26,"tx_state":"written"}
2026-09-26T23:53:04.955+03:00 [RX telemetry] {"data_b64":"UEVFUl9SRVBPUlQgb3VyX3NlcT0=","description":"ble:LoRa-Chatter-1B44 44:1B:F6:8D:B7:A9","device_key":"ble-address:44:1b:f6:8d:b7:a9","kind":"rx","seq":886,"session":"s1","stream":"telemetry","text":"PEER_REPORT our_seq=","timestamp":1790455984.9549737}
2026-09-26T23:53:04.956+03:00 [RX telemetry] {"data_b64":"MzIgVFg9LTUxLzUgUTAK","description":"ble:LoRa-Chatter-1B44 44:1B:F6:8D:B7:A9","device_key":"ble-address:44:1b:f6:8d:b7:a9","kind":"rx","seq":887,"session":"s1","stream":"telemetry","text":"32 TX=-51/5 Q0\n","timestamp":1790455984.9553406}
2026-09-26T23:53:04.957+03:00 [RX telemetry] {"data_b64":"ClJYIFVTRVIgc2Vzc2lvbj02M0E=","description":"ble:LoRa-Chatter-1B44 44:1B:F6:8D:B7:A9","device_key":"ble-address:44:1b:f6:8d:b7:a9","kind":"rx","seq":888,"session":"s1","stream":"telemetry","text":"\nRX USER session=63A","timestamp":1790455984.9563162}
2026-09-26T23:53:05.000+03:00 [RX telemetry] {"data_b64":"NiBzZXE9NyBmcmFtZT0yMEIgdXM=","description":"ble:LoRa-Chatter-1B44 44:1B:F6:8D:B7:A9","device_key":"ble-address:44:1b:f6:8d:b7:a9","kind":"rx","seq":889,"session":"s1","stream":"telemetry","text":"6 seq=7 frame=20B us","timestamp":1790455985.0003214}
2026-09-26T23:53:05.001+03:00 [RX telemetry] {"data_b64":"ZXI9OEIgUlg9LTQ2LzUgUTEwMCA=","description":"ble:LoRa-Chatter-1B44 44:1B:F6:8D:B7:A9","device_key":"ble-address:44:1b:f6:8d:b7:a9","kind":"rx","seq":890,"session":"s1","stream":"telemetry","text":"er=8B RX=-46/5 Q100 ","timestamp":1790455985.0004265}
2026-09-26T23:53:05.002+03:00 [RX telemetry] {"data_b64":"ZGlzcG9zaXRpb249MAo=","description":"ble:LoRa-Chatter-1B44 44:1B:F6:8D:B7:A9","device_key":"ble-address:44:1b:f6:8d:b7:a9","kind":"rx","seq":891,"session":"s1","stream":"telemetry","text":"disposition=0\n","timestamp":1790455985.0017815}
2026-09-26T23:53:05.002+03:00 [RX chat] {"data_b64":"PCBbLTQ2LzUgUTEwMF0gN0IwODA=","description":"ble:LoRa-Chatter-1B44 44:1B:F6:8D:B7:A9","device_key":"ble-address:44:1b:f6:8d:b7:a9","kind":"rx","seq":892,"session":"s1","stream":"chat","text":"< [-46/5 Q100] 7B080","timestamp":1790455985.0018907}
2026-09-26T23:53:05.003+03:00 [RX chat] {"data_b64":"NFhYCg==","description":"ble:LoRa-Chatter-1B44 44:1B:F6:8D:B7:A9","device_key":"ble-address:44:1b:f6:8d:b7:a9","kind":"rx","seq":893,"session":"s1","stream":"chat","text":"4XX\n","timestamp":1790455985.0032797}
2026-09-26T23:53:05.004+03:00 [RX telemetry] {"data_b64":"REVMSVZFUlkgUVVFVUVEIHNvdXI=","description":"ble:LoRa-Chatter-72E0 E0:72:A1:D5:4C:15","device_key":"ble-address:e0:72:a1:d5:4c:15","kind":"rx","seq":855,"session":"s2","stream":"telemetry","text":"DELIVERY QUEUED sour","timestamp":1790455985.004471}
2026-09-26T23:53:05.006+03:00 [RX telemetry] {"data_b64":"Y2U9MiBieXRlcz04IHdhaXRpbmc=","description":"ble:LoRa-Chatter-72E0 E0:72:A1:D5:4C:15","device_key":"ble-address:e0:72:a1:d5:4c:15","kind":"rx","seq":856,"session":"s2","stream":"telemetry","text":"ce=2 bytes=8 waiting","timestamp":1790455985.005662}
2026-09-26T23:53:05.006+03:00 [RX telemetry] {"data_b64":"PTEvOCBpbl9mbGlnaHQ9MAo=","description":"ble:LoRa-Chatter-72E0 E0:72:A1:D5:4C:15","device_key":"ble-address:e0:72:a1:d5:4c:15","kind":"rx","seq":857,"session":"s2","stream":"telemetry","text":"=1/8 in_flight=0\n","timestamp":1790455985.005766}
2026-09-26T23:53:05.007+03:00 [RX telemetry] {"data_b64":"ClRYIFVTRVIgc2VxPTcgZnJhbWU=","description":"ble:LoRa-Chatter-72E0 E0:72:A1:D5:4C:15","device_key":"ble-address:e0:72:a1:d5:4c:15","kind":"rx","seq":858,"session":"s2","stream":"telemetry","text":"\nTX USER seq=7 frame","timestamp":1790455985.006377}
2026-09-26T23:53:05.007+03:00 [RX telemetry] {"data_b64":"PTIwQiB1c2VyPThCIGF0dGVtcHQ=","description":"ble:LoRa-Chatter-72E0 E0:72:A1:D5:4C:15","device_key":"ble-address:e0:72:a1:d5:4c:15","kind":"rx","seq":859,"session":"s2","stream":"telemetry","text":"=20B user=8B attempt","timestamp":1790455985.0068429}
2026-09-26T23:53:05.008+03:00 [RX telemetry] {"data_b64":"PTEvNSBPSyB0aW1lPTE2IG1zCg==","description":"ble:LoRa-Chatter-72E0 E0:72:A1:D5:4C:15","device_key":"ble-address:e0:72:a1:d5:4c:15","kind":"rx","seq":860,"session":"s2","stream":"telemetry","text":"=1/5 OK time=16 ms\n","timestamp":1790455985.0078669}
2026-09-26T23:53:05.008+03:00 [RX chat] {"data_b64":"PiA3QjA4MDRYWAo=","description":"ble:LoRa-Chatter-72E0 E0:72:A1:D5:4C:15","device_key":"ble-address:e0:72:a1:d5:4c:15","kind":"rx","seq":861,"session":"s2","stream":"chat","text":"> 7B0804XX\n","timestamp":1790455985.007996}
2026-09-26T23:53:05.010+03:00 [RX telemetry] {"data_b64":"REVMSVZFUlkgV0FJVF9BQ0sgdXM=","description":"ble:LoRa-Chatter-72E0 E0:72:A1:D5:4C:15","device_key":"ble-address:e0:72:a1:d5:4c:15","kind":"rx","seq":862,"session":"s2","stream":"telemetry","text":"DELIVERY WAIT_ACK us","timestamp":1790455985.0095854}
2026-09-26T23:53:05.010+03:00 [RX telemetry] {"data_b64":"ZXI9NjNBNi83IGF0dGVtcHQ9MS8=","description":"ble:LoRa-Chatter-72E0 E0:72:A1:D5:4C:15","device_key":"ble-address:e0:72:a1:d5:4c:15","kind":"rx","seq":863,"session":"s2","stream":"telemetry","text":"er=63A6/7 attempt=1/","timestamp":1790455985.009657}
2026-09-26T23:53:05.010+03:00 [RX telemetry] {"data_b64":"NSB0aW1lb3V0PTcxMm1zIHF1ZXU=","description":"ble:LoRa-Chatter-72E0 E0:72:A1:D5:4C:15","device_key":"ble-address:e0:72:a1:d5:4c:15","kind":"rx","seq":864,"session":"s2","stream":"telemetry","text":"5 timeout=712ms queu","timestamp":1790455985.0098095}
2026-09-26T23:53:05.010+03:00 [RX telemetry] {"data_b64":"ZT0wCg==","description":"ble:LoRa-Chatter-72E0 E0:72:A1:D5:4C:15","device_key":"ble-address:e0:72:a1:d5:4c:15","kind":"rx","seq":865,"session":"s2","stream":"telemetry","text":"e=0\n","timestamp":1790455985.010579}
2026-09-26T23:53:05.181+03:00 [RX telemetry] {"data_b64":"ClRYIEFDSyBzZXE9MzMgYWNrX3Q=","description":"ble:LoRa-Chatter-1B44 44:1B:F6:8D:B7:A9","device_key":"ble-address:44:1b:f6:8d:b7:a9","kind":"rx","seq":894,"session":"s1","stream":"telemetry","text":"\nTX ACK seq=33 ack_t","timestamp":1790455985.1803591}
2026-09-26T23:53:05.181+03:00 [RX telemetry] {"data_b64":"bz02M0E2LzcgZnJhbWU9MTRCIE8=","description":"ble:LoRa-Chatter-1B44 44:1B:F6:8D:B7:A9","device_key":"ble-address:44:1b:f6:8d:b7:a9","kind":"rx","seq":895,"session":"s1","stream":"telemetry","text":"o=63A6/7 frame=14B O","timestamp":1790455985.1805255}
2026-09-26T23:53:05.182+03:00 [RX telemetry] {"data_b64":"SyB0aW1lPTEzIG1zIGd1YXJkPTU=","description":"ble:LoRa-Chatter-1B44 44:1B:F6:8D:B7:A9","device_key":"ble-address:44:1b:f6:8d:b7:a9","kind":"rx","seq":896,"session":"s1","stream":"telemetry","text":"K time=13 ms guard=5","timestamp":1790455985.1817923}
2026-09-26T23:53:05.184+03:00 [RX telemetry] {"data_b64":"UEVFUl9SRVBPUlQgb3VyX3NlcT0=","description":"ble:LoRa-Chatter-72E0 E0:72:A1:D5:4C:15","device_key":"ble-address:e0:72:a1:d5:4c:15","kind":"rx","seq":866,"session":"s2","stream":"telemetry","text":"PEER_REPORT our_seq=","timestamp":1790455985.1836333}
2026-09-26T23:53:05.185+03:00 [RX telemetry] {"data_b64":"NyBUWD0tNDYvNSBRMTAwCg==","description":"ble:LoRa-Chatter-72E0 E0:72:A1:D5:4C:15","device_key":"ble-address:e0:72:a1:d5:4c:15","kind":"rx","seq":867,"session":"s2","stream":"telemetry","text":"7 TX=-46/5 Q100\n","timestamp":1790455985.184742}
2026-09-26T23:53:05.187+03:00 [RX telemetry] {"data_b64":"ClJYIEFDSyBzZXNzaW9uPTBCQzc=","description":"ble:LoRa-Chatter-72E0 E0:72:A1:D5:4C:15","device_key":"ble-address:e0:72:a1:d5:4c:15","kind":"rx","seq":868,"session":"s2","stream":"telemetry","text":"\nRX ACK session=0BC7","timestamp":1790455985.1861653}
2026-09-26T23:53:05.187+03:00 [RX telemetry] {"data_b64":"IHNlcT0zMyBhY2tfdG89NjNBNi8=","description":"ble:LoRa-Chatter-72E0 E0:72:A1:D5:4C:15","device_key":"ble-address:e0:72:a1:d5:4c:15","kind":"rx","seq":869,"session":"s2","stream":"telemetry","text":" seq=33 ack_to=63A6/","timestamp":1790455985.186287}
2026-09-26T23:53:05.187+03:00 [RX telemetry] {"data_b64":"NyBmcmFtZT0xNEIgUlg9LTUwLzY=","description":"ble:LoRa-Chatter-72E0 E0:72:A1:D5:4C:15","device_key":"ble-address:e0:72:a1:d5:4c:15","kind":"rx","seq":870,"session":"s2","stream":"telemetry","text":"7 frame=14B RX=-50/6","timestamp":1790455985.1866643}
2026-09-26T23:53:05.189+03:00 [RX telemetry] {"data_b64":"IFEwCg==","description":"ble:LoRa-Chatter-72E0 E0:72:A1:D5:4C:15","device_key":"ble-address:e0:72:a1:d5:4c:15","kind":"rx","seq":871,"session":"s2","stream":"telemetry","text":" Q0\n","timestamp":1790455985.1887467}
2026-09-26T23:53:05.189+03:00 [RX telemetry] {"data_b64":"REVMSVZFUlkgQUNLIHVzZXI9NjM=","description":"ble:LoRa-Chatter-72E0 E0:72:A1:D5:4C:15","device_key":"ble-address:e0:72:a1:d5:4c:15","kind":"rx","seq":872,"session":"s2","stream":"telemetry","text":"DELIVERY ACK user=63","timestamp":1790455985.188852}
2026-09-26T23:53:05.189+03:00 [RX telemetry] {"data_b64":"QTYvNyBhdHRlbXB0cz0xLzUgZWw=","description":"ble:LoRa-Chatter-72E0 E0:72:A1:D5:4C:15","device_key":"ble-address:e0:72:a1:d5:4c:15","kind":"rx","seq":873,"session":"s2","stream":"telemetry","text":"A6/7 attempts=1/5 el","timestamp":1790455985.1889179}
2026-09-26T23:53:05.190+03:00 [RX telemetry] {"data_b64":"YXBzZWQ9MjIybXMgcXVldWU9MAo=","description":"ble:LoRa-Chatter-72E0 E0:72:A1:D5:4C:15","device_key":"ble-address:e0:72:a1:d5:4c:15","kind":"rx","seq":874,"session":"s2","stream":"telemetry","text":"apsed=222ms queue=0\n","timestamp":1790455985.1900418}
2026-09-26T23:53:05.224+03:00 [RX telemetry] {"data_b64":"MDBtcwo=","description":"ble:LoRa-Chatter-1B44 44:1B:F6:8D:B7:A9","device_key":"ble-address:44:1b:f6:8d:b7:a9","kind":"rx","seq":897,"session":"s1","stream":"telemetry","text":"00ms\n","timestamp":1790455985.2237704}
2026-09-26T23:53:05.967+03:00 [AGENT REQUEST] {"id":133,"op":"observe","cursors":{"s1":885,"s2":852},"timeout_ms":6000}
2026-09-26T23:53:05.968+03:00 [AGENT RESPONSE] {"id":133,"ok":true,"result":{"cursors":{"s1":897,"s2":874},"lines":[{"seq_first":886,"seq_last":887,"session":"s1","stream":"telemetry","text":"PEER_REPORT our_seq=32 TX=-51/5 Q0"},{"seq_first":888,"seq_last":888,"session":"s1","stream":"telemetry","text":""},{"seq_first":888,"seq_last":891,"session":"s1","stream":"telemetry","text":"RX USER session=63A6 seq=7 frame=20B user=8B RX=-46/5 Q100 disposition=0"},{"seq_first":892,"seq_last":893,"session":"s1","stream":"chat","text":"< [-46/5 Q100] 7B0804XX"},{"seq_first":855,"seq_last":857,"session":"s2","stream":"telemetry","text":"DELIVERY QUEUED source=2 bytes=8 waiting=1/8 in_flight=0"},{"seq_first":858,"seq_last":858,"session":"s2","stream":"telemetry","text":""},{"seq_first":858,"seq_last":860,"session":"s2","stream":"telemetry","text":"TX USER seq=7 frame=20B user=8B attempt=1/5 OK time=16 ms"},{"seq_first":861,"seq_last":861,"session":"s2","stream":"chat","text":"> 7B0804XX"},{"seq_first":862,"seq_last":865,"session":"s2","stream":"telemetry","text":"DELIVERY WAIT_ACK user=63A6/7 attempt=1/5 timeout=712ms queue=0"},{"seq_first":894,"seq_last":894,"session":"s1","stream":"telemetry","text":""},{"seq_first":866,"seq_last":867,"session":"s2","stream":"telemetry","text":"PEER_REPORT our_seq=7 TX=-46/5 Q100"},{"seq_first":868,"seq_last":868,"session":"s2","stream":"telemetry","text":""},{"seq_first":868,"seq_last":871,"session":"s2","stream":"telemetry","text":"RX ACK session=0BC7 seq=33 ack_to=63A6/7 frame=14B RX=-50/6 Q0"},{"seq_first":872,"seq_last":874,"session":"s2","stream":"telemetry","text":"DELIVERY ACK user=63A6/7 attempts=1/5 elapsed=222ms queue=0"},{"seq_first":894,"seq_last":897,"session":"s1","stream":"telemetry","text":"TX ACK seq=33 ack_to=63A6/7 frame=14B OK time=13 ms guard=500ms"}],"timed_out":false}}
2026-09-26T23:53:06.303+03:00 [RX telemetry] {"data_b64":"ClNFU1NJT04gdD03ODBzIFRYIG8=","description":"ble:LoRa-Chatter-1B44 44:1B:F6:8D:B7:A9","device_key":"ble-address:44:1b:f6:8d:b7:a9","kind":"rx","seq":898,"session":"s1","stream":"telemetry","text":"\nSESSION t=780s TX o","timestamp":1790455986.3035815}
2026-09-26T23:53:06.304+03:00 [RX telemetry] {"data_b64":"az0zNCB1c2VyPTIwIGVjaG9fcmU=","description":"ble:LoRa-Chatter-1B44 44:1B:F6:8D:B7:A9","device_key":"ble-address:44:1b:f6:8d:b7:a9","kind":"rx","seq":899,"session":"s1","stream":"telemetry","text":"k=34 user=20 echo_re","timestamp":1790455986.30424}
2026-09-26T23:53:06.305+03:00 [RX telemetry] {"data_b64":"cT0wIGVjaG9fcmVwPTAgaGI9MCg=","description":"ble:LoRa-Chatter-1B44 44:1B:F6:8D:B7:A9","device_key":"ble-address:44:1b:f6:8d:b7:a9","kind":"rx","seq":900,"session":"s1","stream":"telemetry","text":"q=0 echo_rep=0 hb=0(","timestamp":1790455986.305847}
2026-09-26T23:53:06.306+03:00 [RX telemetry] {"data_b64":"aWRsZT0wKSBlcnI9MCBzdGFydGU=","description":"ble:LoRa-Chatter-1B44 44:1B:F6:8D:B7:A9","device_key":"ble-address:44:1b:f6:8d:b7:a9","kind":"rx","seq":901,"session":"s1","stream":"telemetry","text":"idle=0) err=0 starte","timestamp":1790455986.3062348}
2026-09-26T23:53:06.306+03:00 [RX telemetry] {"data_b64":"ZD0zNCBSWCBvaz0zNCB1c2VyPTE=","description":"ble:LoRa-Chatter-1B44 44:1B:F6:8D:B7:A9","device_key":"ble-address:44:1b:f6:8d:b7:a9","kind":"rx","seq":902,"session":"s1","stream":"telemetry","text":"d=34 RX ok=34 user=1","timestamp":1790455986.3062668}
2026-09-26T23:53:06.306+03:00 [RX telemetry] {"data_b64":"NCBlY2hvX3JlcT0wIGVjaG9fcmU=","description":"ble:LoRa-Chatter-1B44 44:1B:F6:8D:B7:A9","device_key":"ble-address:44:1b:f6:8d:b7:a9","kind":"rx","seq":903,"session":"s1","stream":"telemetry","text":"4 echo_req=0 echo_re","timestamp":1790455986.306706}
2026-09-26T23:53:06.306+03:00 [RX telemetry] {"data_b64":"cD0wIGhiPTAgY3JjPTEgaGRyPTA=","description":"ble:LoRa-Chatter-1B44 44:1B:F6:8D:B7:A9","device_key":"ble-address:44:1b:f6:8d:b7:a9","kind":"rx","seq":904,"session":"s1","stream":"telemetry","text":"p=0 hb=0 crc=1 hdr=0","timestamp":1790455986.3067293}
2026-09-26T23:53:06.310+03:00 [RX telemetry] {"data_b64":"IGJhZD0xIHJlYWRlcnI9MCByZXA=","description":"ble:LoRa-Chatter-1B44 44:1B:F6:8D:B7:A9","device_key":"ble-address:44:1b:f6:8d:b7:a9","kind":"rx","seq":905,"session":"s1","stream":"telemetry","text":" bad=1 readerr=0 rep","timestamp":1790455986.3098242}
2026-09-26T23:53:06.311+03:00 [RX telemetry] {"data_b64":"b3J0cz0zNCBRPTEwMCUgZHJvcHM=","description":"ble:LoRa-Chatter-1B44 44:1B:F6:8D:B7:A9","device_key":"ble-address:44:1b:f6:8d:b7:a9","kind":"rx","seq":906,"session":"s1","stream":"telemetry","text":"orts=34 Q=100% drops","timestamp":1790455986.3101656}
2026-09-26T23:53:06.311+03:00 [RX telemetry] {"data_b64":"PTAgZmF0YWw9MAo=","description":"ble:LoRa-Chatter-1B44 44:1B:F6:8D:B7:A9","device_key":"ble-address:44:1b:f6:8d:b7:a9","kind":"rx","seq":907,"session":"s1","stream":"telemetry","text":"=0 fatal=0\n","timestamp":1790455986.3113554}
2026-09-26T23:53:06.311+03:00 [RX telemetry] {"data_b64":"U0VTU0lPTiBDT1VSVEVTWSB3aW4=","description":"ble:LoRa-Chatter-1B44 44:1B:F6:8D:B7:A9","device_key":"ble-address:44:1b:f6:8d:b7:a9","kind":"rx","seq":908,"session":"s1","stream":"telemetry","text":"SESSION COURTESY win","timestamp":1790455986.311408}
2026-09-26T23:53:06.311+03:00 [RX telemetry] {"data_b64":"ZG93PTUwMDBtcyBwZWVyX3JlbGU=","description":"ble:LoRa-Chatter-1B44 44:1B:F6:8D:B7:A9","device_key":"ble-address:44:1b:f6:8d:b7:a9","kind":"rx","seq":909,"session":"s1","stream":"telemetry","text":"dow=5000ms peer_rele","timestamp":1790455986.3114371}
2026-09-26T23:53:06.311+03:00 [RX telemetry] {"data_b64":"YXNlPTAgZXhwaXJlZD0wIHlpZWw=","description":"ble:LoRa-Chatter-1B44 44:1B:F6:8D:B7:A9","device_key":"ble-address:44:1b:f6:8d:b7:a9","kind":"rx","seq":910,"session":"s1","stream":"telemetry","text":"ase=0 expired=0 yiel","timestamp":1790455986.3114529}
2026-09-26T23:53:06.311+03:00 [RX telemetry] {"data_b64":"ZGluZz0wCg==","description":"ble:LoRa-Chatter-1B44 44:1B:F6:8D:B7:A9","device_key":"ble-address:44:1b:f6:8d:b7:a9","kind":"rx","seq":911,"session":"s1","stream":"telemetry","text":"ding=0\n","timestamp":1790455986.3114696}
2026-09-26T23:53:06.315+03:00 [RX telemetry] {"data_b64":"U0VTU0lPTiBESU8wX1RYIGFmZmU=","description":"ble:LoRa-Chatter-1B44 44:1B:F6:8D:B7:A9","device_key":"ble-address:44:1b:f6:8d:b7:a9","kind":"rx","seq":912,"session":"s1","stream":"telemetry","text":"SESSION DIO0_TX affe","timestamp":1790455986.3146057}
2026-09-26T23:53:06.316+03:00 [RX telemetry] {"data_b64":"Y3RlZD0wLzM0IGVwaXNvZGVzPTA=","description":"ble:LoRa-Chatter-1B44 44:1B:F6:8D:B7:A9","device_key":"ble-address:44:1b:f6:8d:b7:a9","kind":"rx","seq":913,"session":"s1","stream":"telemetry","text":"cted=0/34 episodes=0","timestamp":1790455986.3147733}
2026-09-26T23:53:06.316+03:00 [RX telemetry] {"data_b64":"IGF2Z19hbGw9MC4wMCBhdmdfYWY=","description":"ble:LoRa-Chatter-1B44 44:1B:F6:8D:B7:A9","device_key":"ble-address:44:1b:f6:8d:b7:a9","kind":"rx","seq":914,"session":"s1","stream":"telemetry","text":" avg_all=0.00 avg_af","timestamp":1790455986.3162837}
2026-09-26T23:53:06.316+03:00 [RX telemetry] {"data_b64":"ZmVjdGVkPTAuMDAgaGlnaF9wb2w=","description":"ble:LoRa-Chatter-1B44 44:1B:F6:8D:B7:A9","device_key":"ble-address:44:1b:f6:8d:b7:a9","kind":"rx","seq":915,"session":"s1","stream":"telemetry","text":"fected=0.00 high_pol","timestamp":1790455986.3165767}
2026-09-26T23:53:06.316+03:00 [RX telemetry] {"data_b64":"bHM9MAo=","description":"ble:LoRa-Chatter-1B44 44:1B:F6:8D:B7:A9","device_key":"ble-address:44:1b:f6:8d:b7:a9","kind":"rx","seq":916,"session":"s1","stream":"telemetry","text":"ls=0\n","timestamp":1790455986.3166234}
2026-09-26T23:53:06.316+03:00 [RX telemetry] {"data_b64":"U0VTU0lPTiBSWF9QT0xMIHBvbGw=","description":"ble:LoRa-Chatter-1B44 44:1B:F6:8D:B7:A9","device_key":"ble-address:44:1b:f6:8d:b7:a9","kind":"rx","seq":917,"session":"s1","stream":"telemetry","text":"SESSION RX_POLL poll","timestamp":1790455986.3166482}
2026-09-26T23:53:06.317+03:00 [RX telemetry] {"data_b64":"cz02OTk3MTMgcnhkb25lPTM2IGk=","description":"ble:LoRa-Chatter-1B44 44:1B:F6:8D:B7:A9","device_key":"ble-address:44:1b:f6:8d:b7:a9","kind":"rx","seq":918,"session":"s1","stream":"telemetry","text":"s=699713 rxdone=36 i","timestamp":1790455986.3171666}
2026-09-26T23:53:06.317+03:00 [RX telemetry] {"data_b64":"bnRlcnZhbD0xMDAwdXMgRElPMF8=","description":"ble:LoRa-Chatter-1B44 44:1B:F6:8D:B7:A9","device_key":"ble-address:44:1b:f6:8d:b7:a9","kind":"rx","seq":919,"session":"s1","stream":"telemetry","text":"nterval=1000us DIO0_","timestamp":1790455986.3172004}
2026-09-26T23:53:06.317+03:00 [RX telemetry] {"data_b64":"UlggZmFsc2VfaGlnaF9lcD0wIGg=","description":"ble:LoRa-Chatter-1B44 44:1B:F6:8D:B7:A9","device_key":"ble-address:44:1b:f6:8d:b7:a9","kind":"rx","seq":920,"session":"s1","stream":"telemetry","text":"RX false_high_ep=0 h","timestamp":1790455986.3172238}
2026-09-26T23:53:06.319+03:00 [RX telemetry] {"data_b64":"aWdoX3BvbGxzPTAgcnhkb25lX2w=","description":"ble:LoRa-Chatter-1B44 44:1B:F6:8D:B7:A9","device_key":"ble-address:44:1b:f6:8d:b7:a9","kind":"rx","seq":921,"session":"s1","stream":"telemetry","text":"igh_polls=0 rxdone_l","timestamp":1790455986.319755}
2026-09-26T23:53:06.320+03:00 [RX telemetry] {"data_b64":"b3c9MCBpc3I9ZGlzYWJsZWQK","description":"ble:LoRa-Chatter-1B44 44:1B:F6:8D:B7:A9","device_key":"ble-address:44:1b:f6:8d:b7:a9","kind":"rx","seq":922,"session":"s1","stream":"telemetry","text":"ow=0 isr=disabled\n","timestamp":1790455986.3200402}
2026-09-26T23:53:07.071+03:00 [AGENT REQUEST] {"id":134,"op":"observe","cursors":{"s1":897,"s2":874},"timeout_ms":6000}
2026-09-26T23:53:07.072+03:00 [AGENT RESPONSE] {"id":134,"ok":true,"result":{"cursors":{"s1":922,"s2":874},"lines":[{"seq_first":898,"seq_last":898,"session":"s1","stream":"telemetry","text":""},{"seq_first":898,"seq_last":907,"session":"s1","stream":"telemetry","text":"SESSION t=780s TX ok=34 user=20 echo_req=0 echo_rep=0 hb=0(idle=0) err=0 started=34 RX ok=34 user=14 echo_req=0 echo_rep=0 hb=0 crc=1 hdr=0 bad=1 readerr=0 reports=34 Q=100% drops=0 fatal=0"},{"seq_first":908,"seq_last":911,"session":"s1","stream":"telemetry","text":"SESSION COURTESY window=5000ms peer_release=0 expired=0 yielding=0"},{"seq_first":912,"seq_last":916,"session":"s1","stream":"telemetry","text":"SESSION DIO0_TX affected=0/34 episodes=0 avg_all=0.00 avg_affected=0.00 high_polls=0"},{"seq_first":917,"seq_last":922,"session":"s1","stream":"telemetry","text":"SESSION RX_POLL polls=699713 rxdone=36 interval=1000us DIO0_RX false_high_ep=0 high_polls=0 rxdone_low=0 isr=disabled"}],"timed_out":false}}
2026-09-26T23:53:08.176+03:00 [AGENT REQUEST] {"id":135,"op":"observe","cursors":{"s1":922,"s2":874},"timeout_ms":6000}
2026-09-26T23:53:09.279+03:00 [AGENT REQUEST] {"id":136,"op":"observe","cursors":{"s1":922,"s2":874},"timeout_ms":6000}
2026-09-26T23:53:10.382+03:00 [AGENT REQUEST] {"id":137,"op":"observe","cursors":{"s1":922,"s2":874},"timeout_ms":6000}
2026-09-26T23:53:11.486+03:00 [AGENT REQUEST] {"id":138,"op":"observe","cursors":{"s1":922,"s2":874},"timeout_ms":6000}
2026-09-26T23:53:12.590+03:00 [AGENT REQUEST] {"id":139,"op":"observe","cursors":{"s1":922,"s2":874},"timeout_ms":6000}
2026-09-26T23:53:13.698+03:00 [AGENT REQUEST] {"id":140,"op":"observe","cursors":{"s1":922,"s2":874},"timeout_ms":6000}
2026-09-26T23:53:14.179+03:00 [AGENT RESPONSE] {"id":135,"ok":true,"result":{"cursors":{"s1":922,"s2":874},"lines":[],"timed_out":true}}
2026-09-26T23:53:14.801+03:00 [AGENT REQUEST] {"id":141,"op":"observe","cursors":{"s1":922,"s2":874},"timeout_ms":6000}
2026-09-26T23:53:15.281+03:00 [AGENT RESPONSE] {"id":136,"ok":true,"result":{"cursors":{"s1":922,"s2":874},"lines":[],"timed_out":true}}
2026-09-26T23:53:15.904+03:00 [AGENT REQUEST] {"id":142,"op":"observe","cursors":{"s1":922,"s2":874},"timeout_ms":6000}
2026-09-26T23:53:16.383+03:00 [AGENT RESPONSE] {"id":137,"ok":true,"result":{"cursors":{"s1":922,"s2":874},"lines":[],"timed_out":true}}
2026-09-26T23:53:17.008+03:00 [AGENT REQUEST] {"id":143,"op":"observe","cursors":{"s1":922,"s2":874},"timeout_ms":6000}
2026-09-26T23:53:17.487+03:00 [AGENT RESPONSE] {"id":138,"ok":true,"result":{"cursors":{"s1":922,"s2":874},"lines":[],"timed_out":true}}
2026-09-26T23:53:18.111+03:00 [AGENT REQUEST] {"id":144,"op":"observe","cursors":{"s1":922,"s2":874},"timeout_ms":6000}
2026-09-26T23:53:18.591+03:00 [AGENT RESPONSE] {"id":139,"ok":true,"result":{"cursors":{"s1":922,"s2":874},"lines":[],"timed_out":true}}
2026-09-26T23:53:19.215+03:00 [AGENT REQUEST] {"id":145,"op":"send_line","session":"s2","text":"7B0805XX"}
2026-09-26T23:53:19.220+03:00 [TX] {"data_b64":"N0IwODA1WFgK","device_key":"ble-address:e0:72:a1:d5:4c:15","kind":"tx","seq":875,"session":"s2","text":"7B0805XX","timestamp":1790455999.2159495,"tx_id":27,"tx_state":"queued"}
2026-09-26T23:53:19.220+03:00 [AGENT RESPONSE] {"id":140,"ok":true,"result":{"cursors":{"s1":922,"s2":875},"lines":[],"timed_out":false}}
2026-09-26T23:53:19.220+03:00 [AGENT RESPONSE] {"id":141,"ok":true,"result":{"cursors":{"s1":922,"s2":875},"lines":[],"timed_out":false}}
2026-09-26T23:53:19.220+03:00 [AGENT RESPONSE] {"id":142,"ok":true,"result":{"cursors":{"s1":922,"s2":875},"lines":[],"timed_out":false}}
2026-09-26T23:53:19.221+03:00 [AGENT RESPONSE] {"id":143,"ok":true,"result":{"cursors":{"s1":922,"s2":875},"lines":[],"timed_out":false}}
2026-09-26T23:53:19.221+03:00 [AGENT RESPONSE] {"id":144,"ok":true,"result":{"cursors":{"s1":922,"s2":875},"lines":[],"timed_out":false}}
2026-09-26T23:53:19.221+03:00 [TX] {"data_b64":"N0IwODA1WFgK","description":"ble:LoRa-Chatter-72E0 E0:72:A1:D5:4C:15","device_key":"ble-address:e0:72:a1:d5:4c:15","kind":"tx","seq":876,"session":"s2","text":"7B0805XX","timestamp":1790455999.2214038,"tx_id":27,"tx_state":"written"}
2026-09-26T23:53:19.222+03:00 [AGENT RESPONSE] {"id":145,"ok":true,"result":{"state":"queued","tx_id":27}}
2026-09-26T23:53:19.310+03:00 [RX telemetry] {"data_b64":"UEVFUl9SRVBPUlQgb3VyX3NlcT0=","description":"ble:LoRa-Chatter-1B44 44:1B:F6:8D:B7:A9","device_key":"ble-address:44:1b:f6:8d:b7:a9","kind":"rx","seq":923,"session":"s1","stream":"telemetry","text":"PEER_REPORT our_seq=","timestamp":1790455999.3099363}
2026-09-26T23:53:19.310+03:00 [RX telemetry] {"data_b64":"MzMgVFg9LTUwLzYgUTEwMAo=","description":"ble:LoRa-Chatter-1B44 44:1B:F6:8D:B7:A9","device_key":"ble-address:44:1b:f6:8d:b7:a9","kind":"rx","seq":924,"session":"s1","stream":"telemetry","text":"33 TX=-50/6 Q100\n","timestamp":1790455999.310033}
2026-09-26T23:53:19.311+03:00 [RX telemetry] {"data_b64":"ClJYIFVTRVIgc2Vzc2lvbj02M0E=","description":"ble:LoRa-Chatter-1B44 44:1B:F6:8D:B7:A9","device_key":"ble-address:44:1b:f6:8d:b7:a9","kind":"rx","seq":925,"session":"s1","stream":"telemetry","text":"\nRX USER session=63A","timestamp":1790455999.311489}
2026-09-26T23:53:19.312+03:00 [RX telemetry] {"data_b64":"NiBzZXE9OCBmcmFtZT0yMEIgdXM=","description":"ble:LoRa-Chatter-1B44 44:1B:F6:8D:B7:A9","device_key":"ble-address:44:1b:f6:8d:b7:a9","kind":"rx","seq":926,"session":"s1","stream":"telemetry","text":"6 seq=8 frame=20B us","timestamp":1790455999.3115768}
2026-09-26T23:53:19.312+03:00 [RX telemetry] {"data_b64":"ZXI9OEIgUlg9LTQ5LzYgUTEwMCA=","description":"ble:LoRa-Chatter-1B44 44:1B:F6:8D:B7:A9","device_key":"ble-address:44:1b:f6:8d:b7:a9","kind":"rx","seq":927,"session":"s1","stream":"telemetry","text":"er=8B RX=-49/6 Q100 ","timestamp":1790455999.3116167}
2026-09-26T23:53:19.314+03:00 [RX telemetry] {"data_b64":"ZGlzcG9zaXRpb249MAo=","description":"ble:LoRa-Chatter-1B44 44:1B:F6:8D:B7:A9","device_key":"ble-address:44:1b:f6:8d:b7:a9","kind":"rx","seq":928,"session":"s1","stream":"telemetry","text":"disposition=0\n","timestamp":1790455999.3136044}
2026-09-26T23:53:19.315+03:00 [RX chat] {"data_b64":"PCBbLTQ5LzYgUTEwMF0gN0IwODA=","description":"ble:LoRa-Chatter-1B44 44:1B:F6:8D:B7:A9","device_key":"ble-address:44:1b:f6:8d:b7:a9","kind":"rx","seq":929,"session":"s1","stream":"chat","text":"< [-49/6 Q100] 7B080","timestamp":1790455999.314655}
2026-09-26T23:53:19.315+03:00 [RX chat] {"data_b64":"NVhYCg==","description":"ble:LoRa-Chatter-1B44 44:1B:F6:8D:B7:A9","device_key":"ble-address:44:1b:f6:8d:b7:a9","kind":"rx","seq":930,"session":"s1","stream":"chat","text":"5XX\n","timestamp":1790455999.3155677}
2026-09-26T23:53:19.359+03:00 [RX telemetry] {"data_b64":"REVMSVZFUlkgUVVFVUVEIHNvdXI=","description":"ble:LoRa-Chatter-72E0 E0:72:A1:D5:4C:15","device_key":"ble-address:e0:72:a1:d5:4c:15","kind":"rx","seq":877,"session":"s2","stream":"telemetry","text":"DELIVERY QUEUED sour","timestamp":1790455999.358942}
2026-09-26T23:53:19.360+03:00 [RX telemetry] {"data_b64":"Y2U9MiBieXRlcz04IHdhaXRpbmc=","description":"ble:LoRa-Chatter-72E0 E0:72:A1:D5:4C:15","device_key":"ble-address:e0:72:a1:d5:4c:15","kind":"rx","seq":878,"session":"s2","stream":"telemetry","text":"ce=2 bytes=8 waiting","timestamp":1790455999.3601296}
2026-09-26T23:53:19.361+03:00 [RX telemetry] {"data_b64":"PTEvOCBpbl9mbGlnaHQ9MAo=","description":"ble:LoRa-Chatter-72E0 E0:72:A1:D5:4C:15","device_key":"ble-address:e0:72:a1:d5:4c:15","kind":"rx","seq":879,"session":"s2","stream":"telemetry","text":"=1/8 in_flight=0\n","timestamp":1790455999.3604867}
2026-09-26T23:53:19.361+03:00 [RX telemetry] {"data_b64":"ClRYIFVTRVIgc2VxPTggZnJhbWU=","description":"ble:LoRa-Chatter-72E0 E0:72:A1:D5:4C:15","device_key":"ble-address:e0:72:a1:d5:4c:15","kind":"rx","seq":880,"session":"s2","stream":"telemetry","text":"\nTX USER seq=8 frame","timestamp":1790455999.3614867}
2026-09-26T23:53:19.362+03:00 [RX telemetry] {"data_b64":"PTIwQiB1c2VyPThCIGF0dGVtcHQ=","description":"ble:LoRa-Chatter-72E0 E0:72:A1:D5:4C:15","device_key":"ble-address:e0:72:a1:d5:4c:15","kind":"rx","seq":881,"session":"s2","stream":"telemetry","text":"=20B user=8B attempt","timestamp":1790455999.3622093}
2026-09-26T23:53:19.404+03:00 [RX telemetry] {"data_b64":"PTEvNSBPSyB0aW1lPTE3IG1zCg==","description":"ble:LoRa-Chatter-72E0 E0:72:A1:D5:4C:15","device_key":"ble-address:e0:72:a1:d5:4c:15","kind":"rx","seq":882,"session":"s2","stream":"telemetry","text":"=1/5 OK time=17 ms\n","timestamp":1790455999.4039056}
2026-09-26T23:53:19.405+03:00 [RX chat] {"data_b64":"PiA3QjA4MDVYWAo=","description":"ble:LoRa-Chatter-72E0 E0:72:A1:D5:4C:15","device_key":"ble-address:e0:72:a1:d5:4c:15","kind":"rx","seq":883,"session":"s2","stream":"chat","text":"> 7B0805XX\n","timestamp":1790455999.4040022}
2026-09-26T23:53:19.406+03:00 [RX telemetry] {"data_b64":"REVMSVZFUlkgV0FJVF9BQ0sgdXM=","description":"ble:LoRa-Chatter-72E0 E0:72:A1:D5:4C:15","device_key":"ble-address:e0:72:a1:d5:4c:15","kind":"rx","seq":884,"session":"s2","stream":"telemetry","text":"DELIVERY WAIT_ACK us","timestamp":1790455999.4057562}
2026-09-26T23:53:19.407+03:00 [RX telemetry] {"data_b64":"ZXI9NjNBNi84IGF0dGVtcHQ9MS8=","description":"ble:LoRa-Chatter-72E0 E0:72:A1:D5:4C:15","device_key":"ble-address:e0:72:a1:d5:4c:15","kind":"rx","seq":885,"session":"s2","stream":"telemetry","text":"er=63A6/8 attempt=1/","timestamp":1790455999.4066505}
2026-09-26T23:53:19.407+03:00 [RX telemetry] {"data_b64":"NSB0aW1lb3V0PTcxMm1zIHF1ZXU=","description":"ble:LoRa-Chatter-72E0 E0:72:A1:D5:4C:15","device_key":"ble-address:e0:72:a1:d5:4c:15","kind":"rx","seq":886,"session":"s2","stream":"telemetry","text":"5 timeout=712ms queu","timestamp":1790455999.4067054}
2026-09-26T23:53:19.407+03:00 [RX telemetry] {"data_b64":"ZT0wCg==","description":"ble:LoRa-Chatter-72E0 E0:72:A1:D5:4C:15","device_key":"ble-address:e0:72:a1:d5:4c:15","kind":"rx","seq":887,"session":"s2","stream":"telemetry","text":"e=0\n","timestamp":1790455999.4075165}
2026-09-26T23:53:19.535+03:00 [RX telemetry] {"data_b64":"ClRYIEFDSyBzZXE9MzQgYWNrX3Q=","description":"ble:LoRa-Chatter-1B44 44:1B:F6:8D:B7:A9","device_key":"ble-address:44:1b:f6:8d:b7:a9","kind":"rx","seq":931,"session":"s1","stream":"telemetry","text":"\nTX ACK seq=34 ack_t","timestamp":1790455999.5343857}
2026-09-26T23:53:19.535+03:00 [RX telemetry] {"data_b64":"bz02M0E2LzggZnJhbWU9MTRCIE8=","description":"ble:LoRa-Chatter-1B44 44:1B:F6:8D:B7:A9","device_key":"ble-address:44:1b:f6:8d:b7:a9","kind":"rx","seq":932,"session":"s1","stream":"telemetry","text":"o=63A6/8 frame=14B O","timestamp":1790455999.5345566}
2026-09-26T23:53:19.536+03:00 [RX telemetry] {"data_b64":"SyB0aW1lPTEzIG1zIGd1YXJkPTU=","description":"ble:LoRa-Chatter-1B44 44:1B:F6:8D:B7:A9","device_key":"ble-address:44:1b:f6:8d:b7:a9","kind":"rx","seq":933,"session":"s1","stream":"telemetry","text":"K time=13 ms guard=5","timestamp":1790455999.5361438}
2026-09-26T23:53:19.541+03:00 [RX telemetry] {"data_b64":"UEVFUl9SRVBPUlQgb3VyX3NlcT0=","description":"ble:LoRa-Chatter-72E0 E0:72:A1:D5:4C:15","device_key":"ble-address:e0:72:a1:d5:4c:15","kind":"rx","seq":888,"session":"s2","stream":"telemetry","text":"PEER_REPORT our_seq=","timestamp":1790455999.5406895}
2026-09-26T23:53:19.542+03:00 [RX telemetry] {"data_b64":"OCBUWD0tNDkvNiBRMTAwCg==","description":"ble:LoRa-Chatter-72E0 E0:72:A1:D5:4C:15","device_key":"ble-address:e0:72:a1:d5:4c:15","kind":"rx","seq":889,"session":"s2","stream":"telemetry","text":"8 TX=-49/6 Q100\n","timestamp":1790455999.541991}
2026-09-26T23:53:19.543+03:00 [RX telemetry] {"data_b64":"ClJYIEFDSyBzZXNzaW9uPTBCQzc=","description":"ble:LoRa-Chatter-72E0 E0:72:A1:D5:4C:15","device_key":"ble-address:e0:72:a1:d5:4c:15","kind":"rx","seq":890,"session":"s2","stream":"telemetry","text":"\nRX ACK session=0BC7","timestamp":1790455999.5429575}
2026-09-26T23:53:19.543+03:00 [RX telemetry] {"data_b64":"IHNlcT0zNCBhY2tfdG89NjNBNi8=","description":"ble:LoRa-Chatter-72E0 E0:72:A1:D5:4C:15","device_key":"ble-address:e0:72:a1:d5:4c:15","kind":"rx","seq":891,"session":"s2","stream":"telemetry","text":" seq=34 ack_to=63A6/","timestamp":1790455999.5430725}
2026-09-26T23:53:19.545+03:00 [RX telemetry] {"data_b64":"OCBmcmFtZT0xNEIgUlg9LTUzLzY=","description":"ble:LoRa-Chatter-72E0 E0:72:A1:D5:4C:15","device_key":"ble-address:e0:72:a1:d5:4c:15","kind":"rx","seq":892,"session":"s2","stream":"telemetry","text":"8 frame=14B RX=-53/6","timestamp":1790455999.5444012}
2026-09-26T23:53:19.546+03:00 [RX telemetry] {"data_b64":"IFExMDAK","description":"ble:LoRa-Chatter-72E0 E0:72:A1:D5:4C:15","device_key":"ble-address:e0:72:a1:d5:4c:15","kind":"rx","seq":893,"session":"s2","stream":"telemetry","text":" Q100\n","timestamp":1790455999.5445297}
2026-09-26T23:53:19.546+03:00 [RX telemetry] {"data_b64":"REVMSVZFUlkgQUNLIHVzZXI9NjM=","description":"ble:LoRa-Chatter-72E0 E0:72:A1:D5:4C:15","device_key":"ble-address:e0:72:a1:d5:4c:15","kind":"rx","seq":894,"session":"s2","stream":"telemetry","text":"DELIVERY ACK user=63","timestamp":1790455999.5446067}
2026-09-26T23:53:19.547+03:00 [RX telemetry] {"data_b64":"QTYvOCBhdHRlbXB0cz0xLzUgZWw=","description":"ble:LoRa-Chatter-72E0 E0:72:A1:D5:4C:15","device_key":"ble-address:e0:72:a1:d5:4c:15","kind":"rx","seq":895,"session":"s2","stream":"telemetry","text":"A6/8 attempts=1/5 el","timestamp":1790455999.5460951}
2026-09-26T23:53:19.547+03:00 [RX telemetry] {"data_b64":"YXBzZWQ9MjIxbXMgcXVldWU9MAo=","description":"ble:LoRa-Chatter-72E0 E0:72:A1:D5:4C:15","device_key":"ble-address:e0:72:a1:d5:4c:15","kind":"rx","seq":896,"session":"s2","stream":"telemetry","text":"apsed=221ms queue=0\n","timestamp":1790455999.5462246}
2026-09-26T23:53:19.579+03:00 [RX telemetry] {"data_b64":"MDBtcwo=","description":"ble:LoRa-Chatter-1B44 44:1B:F6:8D:B7:A9","device_key":"ble-address:44:1b:f6:8d:b7:a9","kind":"rx","seq":934,"session":"s1","stream":"telemetry","text":"00ms\n","timestamp":1790455999.5788934}
2026-09-26T23:53:20.319+03:00 [AGENT REQUEST] {"id":146,"op":"observe","cursors":{"s1":922,"s2":874},"timeout_ms":6000}
2026-09-26T23:53:20.320+03:00 [AGENT RESPONSE] {"id":146,"ok":true,"result":{"cursors":{"s1":934,"s2":896},"lines":[{"seq_first":923,"seq_last":924,"session":"s1","stream":"telemetry","text":"PEER_REPORT our_seq=33 TX=-50/6 Q100"},{"seq_first":925,"seq_last":925,"session":"s1","stream":"telemetry","text":""},{"seq_first":925,"seq_last":928,"session":"s1","stream":"telemetry","text":"RX USER session=63A6 seq=8 frame=20B user=8B RX=-49/6 Q100 disposition=0"},{"seq_first":929,"seq_last":930,"session":"s1","stream":"chat","text":"< [-49/6 Q100] 7B0805XX"},{"seq_first":877,"seq_last":879,"session":"s2","stream":"telemetry","text":"DELIVERY QUEUED source=2 bytes=8 waiting=1/8 in_flight=0"},{"seq_first":880,"seq_last":880,"session":"s2","stream":"telemetry","text":""},{"seq_first":880,"seq_last":882,"session":"s2","stream":"telemetry","text":"TX USER seq=8 frame=20B user=8B attempt=1/5 OK time=17 ms"},{"seq_first":883,"seq_last":883,"session":"s2","stream":"chat","text":"> 7B0805XX"},{"seq_first":884,"seq_last":887,"session":"s2","stream":"telemetry","text":"DELIVERY WAIT_ACK user=63A6/8 attempt=1/5 timeout=712ms queue=0"},{"seq_first":931,"seq_last":931,"session":"s1","stream":"telemetry","text":""},{"seq_first":888,"seq_last":889,"session":"s2","stream":"telemetry","text":"PEER_REPORT our_seq=8 TX=-49/6 Q100"},{"seq_first":890,"seq_last":890,"session":"s2","stream":"telemetry","text":""},{"seq_first":890,"seq_last":893,"session":"s2","stream":"telemetry","text":"RX ACK session=0BC7 seq=34 ack_to=63A6/8 frame=14B RX=-53/6 Q100"},{"seq_first":894,"seq_last":896,"session":"s2","stream":"telemetry","text":"DELIVERY ACK user=63A6/8 attempts=1/5 elapsed=221ms queue=0"},{"seq_first":931,"seq_last":934,"session":"s1","stream":"telemetry","text":"TX ACK seq=34 ack_to=63A6/8 frame=14B OK time=13 ms guard=500ms"}],"timed_out":false}}
2026-09-26T23:53:21.423+03:00 [AGENT REQUEST] {"id":147,"op":"observe","cursors":{"s1":934,"s2":896},"timeout_ms":6000}
2026-09-26T23:53:22.528+03:00 [AGENT REQUEST] {"id":148,"op":"observe","cursors":{"s1":934,"s2":896},"timeout_ms":6000}
2026-09-26T23:53:23.494+03:00 [RX telemetry] {"data_b64":"ClJYIEhFQURFUiBFUlJPUiBJUlE=","description":"ble:LoRa-Chatter-1B44 44:1B:F6:8D:B7:A9","device_key":"ble-address:44:1b:f6:8d:b7:a9","kind":"rx","seq":935,"session":"s1","stream":"telemetry","text":"\nRX HEADER ERROR IRQ","timestamp":1790456003.4940255}
2026-09-26T23:53:23.496+03:00 [AGENT RESPONSE] {"id":147,"ok":true,"result":{"cursors":{"s1":936,"s2":896},"lines":[{"seq_first":935,"seq_last":935,"session":"s1","stream":"telemetry","text":""},{"seq_first":935,"seq_last":936,"session":"s1","stream":"telemetry","text":"RX HEADER ERROR IRQ=0x50 RX=-115/-12"}],"timed_out":false}}
2026-09-26T23:53:23.496+03:00 [RX telemetry] {"data_b64":"PTB4NTAgUlg9LTExNS8tMTIK","description":"ble:LoRa-Chatter-1B44 44:1B:F6:8D:B7:A9","device_key":"ble-address:44:1b:f6:8d:b7:a9","kind":"rx","seq":936,"session":"s1","stream":"telemetry","text":"=0x50 RX=-115/-12\n","timestamp":1790456003.4941366}
2026-09-26T23:53:23.496+03:00 [AGENT RESPONSE] {"id":148,"ok":true,"result":{"cursors":{"s1":936,"s2":896},"lines":[{"seq_first":935,"seq_last":935,"session":"s1","stream":"telemetry","text":""},{"seq_first":935,"seq_last":936,"session":"s1","stream":"telemetry","text":"RX HEADER ERROR IRQ=0x50 RX=-115/-12"}],"timed_out":false}}
2026-09-26T23:53:23.632+03:00 [AGENT REQUEST] {"id":149,"op":"observe","cursors":{"s1":936,"s2":896},"timeout_ms":6000}
2026-09-26T23:53:24.736+03:00 [AGENT REQUEST] {"id":150,"op":"observe","cursors":{"s1":936,"s2":896},"timeout_ms":6000}
2026-09-26T23:53:25.839+03:00 [AGENT REQUEST] {"id":151,"op":"observe","cursors":{"s1":936,"s2":896},"timeout_ms":6000}
2026-09-26T23:53:26.558+03:00 [AGENT RESPONSE] {"id":149,"ok":true,"result":{"cursors":{"s1":936,"s2":897},"lines":[{"seq_first":897,"seq_last":897,"session":"s2","stream":"telemetry","text":""}],"timed_out":false}}
2026-09-26T23:53:26.559+03:00 [RX telemetry] {"data_b64":"ClNFU1NJT04gdD02MHMgVFggb2s=","description":"ble:LoRa-Chatter-72E0 E0:72:A1:D5:4C:15","device_key":"ble-address:e0:72:a1:d5:4c:15","kind":"rx","seq":897,"session":"s2","stream":"telemetry","text":"\nSESSION t=60s TX ok","timestamp":1790456006.5582666}
2026-09-26T23:53:26.559+03:00 [AGENT RESPONSE] {"id":150,"ok":true,"result":{"cursors":{"s1":936,"s2":897},"lines":[{"seq_first":897,"seq_last":897,"session":"s2","stream":"telemetry","text":""}],"timed_out":false}}
2026-09-26T23:53:26.559+03:00 [RX telemetry] {"data_b64":"PTkgdXNlcj0yIGVjaG9fcmVxPTA=","description":"ble:LoRa-Chatter-72E0 E0:72:A1:D5:4C:15","device_key":"ble-address:e0:72:a1:d5:4c:15","kind":"rx","seq":898,"session":"s2","stream":"telemetry","text":"=9 user=2 echo_req=0","timestamp":1790456006.5594497}
2026-09-26T23:53:26.559+03:00 [RX telemetry] {"data_b64":"IGVjaG9fcmVwPTAgaGI9MChpZGw=","description":"ble:LoRa-Chatter-72E0 E0:72:A1:D5:4C:15","device_key":"ble-address:e0:72:a1:d5:4c:15","kind":"rx","seq":899,"session":"s2","stream":"telemetry","text":" echo_rep=0 hb=0(idl","timestamp":1790456006.5595772}
2026-09-26T23:53:26.560+03:00 [AGENT RESPONSE] {"id":151,"ok":true,"result":{"cursors":{"s1":936,"s2":897},"lines":[{"seq_first":897,"seq_last":897,"session":"s2","stream":"telemetry","text":""}],"timed_out":false}}
2026-09-26T23:53:26.560+03:00 [RX telemetry] {"data_b64":"ZT0wKSBlcnI9MCBzdGFydGVkPTk=","description":"ble:LoRa-Chatter-72E0 E0:72:A1:D5:4C:15","device_key":"ble-address:e0:72:a1:d5:4c:15","kind":"rx","seq":900,"session":"s2","stream":"telemetry","text":"e=0) err=0 started=9","timestamp":1790456006.5605235}
2026-09-26T23:53:26.561+03:00 [RX telemetry] {"data_b64":"IFJYIG9rPTkgdXNlcj03IGVjaG8=","description":"ble:LoRa-Chatter-72E0 E0:72:A1:D5:4C:15","device_key":"ble-address:e0:72:a1:d5:4c:15","kind":"rx","seq":901,"session":"s2","stream":"telemetry","text":" RX ok=9 user=7 echo","timestamp":1790456006.5608413}
2026-09-26T23:53:26.561+03:00 [RX telemetry] {"data_b64":"X3JlcT0wIGVjaG9fcmVwPTAgaGI=","description":"ble:LoRa-Chatter-72E0 E0:72:A1:D5:4C:15","device_key":"ble-address:e0:72:a1:d5:4c:15","kind":"rx","seq":902,"session":"s2","stream":"telemetry","text":"_req=0 echo_rep=0 hb","timestamp":1790456006.5610716}
2026-09-26T23:53:26.562+03:00 [RX telemetry] {"data_b64":"PTAgY3JjPTEgaGRyPTAgYmFkPTA=","description":"ble:LoRa-Chatter-72E0 E0:72:A1:D5:4C:15","device_key":"ble-address:e0:72:a1:d5:4c:15","kind":"rx","seq":903,"session":"s2","stream":"telemetry","text":"=0 crc=1 hdr=0 bad=0","timestamp":1790456006.562758}
2026-09-26T23:53:26.563+03:00 [RX telemetry] {"data_b64":"IHJlYWRlcnI9MCByZXBvcnRzPTk=","description":"ble:LoRa-Chatter-72E0 E0:72:A1:D5:4C:15","device_key":"ble-address:e0:72:a1:d5:4c:15","kind":"rx","seq":904,"session":"s2","stream":"telemetry","text":" readerr=0 reports=9","timestamp":1790456006.5630968}
2026-09-26T23:53:26.563+03:00 [RX telemetry] {"data_b64":"IFE9MTAwJSBkcm9wcz0wIGZhdGE=","description":"ble:LoRa-Chatter-72E0 E0:72:A1:D5:4C:15","device_key":"ble-address:e0:72:a1:d5:4c:15","kind":"rx","seq":905,"session":"s2","stream":"telemetry","text":" Q=100% drops=0 fata","timestamp":1790456006.563121}
2026-09-26T23:53:26.563+03:00 [RX telemetry] {"data_b64":"bD0wCg==","description":"ble:LoRa-Chatter-72E0 E0:72:A1:D5:4C:15","device_key":"ble-address:e0:72:a1:d5:4c:15","kind":"rx","seq":906,"session":"s2","stream":"telemetry","text":"l=0\n","timestamp":1790456006.5633068}
2026-09-26T23:53:26.564+03:00 [RX telemetry] {"data_b64":"U0VTU0lPTiBDT1VSVEVTWSB3aW4=","description":"ble:LoRa-Chatter-72E0 E0:72:A1:D5:4C:15","device_key":"ble-address:e0:72:a1:d5:4c:15","kind":"rx","seq":907,"session":"s2","stream":"telemetry","text":"SESSION COURTESY win","timestamp":1790456006.5646791}
2026-09-26T23:53:26.565+03:00 [RX telemetry] {"data_b64":"ZG93PTUwMDBtcyBwZWVyX3JlbGU=","description":"ble:LoRa-Chatter-72E0 E0:72:A1:D5:4C:15","device_key":"ble-address:e0:72:a1:d5:4c:15","kind":"rx","seq":908,"session":"s2","stream":"telemetry","text":"dow=5000ms peer_rele","timestamp":1790456006.5649576}
2026-09-26T23:53:26.565+03:00 [RX telemetry] {"data_b64":"YXNlPTAgZXhwaXJlZD0wIHlpZWw=","description":"ble:LoRa-Chatter-72E0 E0:72:A1:D5:4C:15","device_key":"ble-address:e0:72:a1:d5:4c:15","kind":"rx","seq":909,"session":"s2","stream":"telemetry","text":"ase=0 expired=0 yiel","timestamp":1790456006.565135}
2026-09-26T23:53:26.566+03:00 [RX telemetry] {"data_b64":"ZGluZz0wCg==","description":"ble:LoRa-Chatter-72E0 E0:72:A1:D5:4C:15","device_key":"ble-address:e0:72:a1:d5:4c:15","kind":"rx","seq":910,"session":"s2","stream":"telemetry","text":"ding=0\n","timestamp":1790456006.5666888}
2026-09-26T23:53:26.567+03:00 [RX telemetry] {"data_b64":"U0VTU0lPTiBESU8wX1RYIGFmZmU=","description":"ble:LoRa-Chatter-72E0 E0:72:A1:D5:4C:15","device_key":"ble-address:e0:72:a1:d5:4c:15","kind":"rx","seq":911,"session":"s2","stream":"telemetry","text":"SESSION DIO0_TX affe","timestamp":1790456006.567001}
2026-09-26T23:53:26.567+03:00 [RX telemetry] {"data_b64":"Y3RlZD0wLzkgZXBpc29kZXM9MCA=","description":"ble:LoRa-Chatter-72E0 E0:72:A1:D5:4C:15","device_key":"ble-address:e0:72:a1:d5:4c:15","kind":"rx","seq":912,"session":"s2","stream":"telemetry","text":"cted=0/9 episodes=0 ","timestamp":1790456006.5670667}
2026-09-26T23:53:26.569+03:00 [RX telemetry] {"data_b64":"YXZnX2FsbD0wLjAwIGF2Z19hZmY=","description":"ble:LoRa-Chatter-72E0 E0:72:A1:D5:4C:15","device_key":"ble-address:e0:72:a1:d5:4c:15","kind":"rx","seq":913,"session":"s2","stream":"telemetry","text":"avg_all=0.00 avg_aff","timestamp":1790456006.5689776}
2026-09-26T23:53:26.569+03:00 [RX telemetry] {"data_b64":"ZWN0ZWQ9MC4wMCBoaWdoX3BvbGw=","description":"ble:LoRa-Chatter-72E0 E0:72:A1:D5:4C:15","device_key":"ble-address:e0:72:a1:d5:4c:15","kind":"rx","seq":914,"session":"s2","stream":"telemetry","text":"ected=0.00 high_poll","timestamp":1790456006.5690613}
2026-09-26T23:53:26.569+03:00 [RX telemetry] {"data_b64":"cz0wCg==","description":"ble:LoRa-Chatter-72E0 E0:72:A1:D5:4C:15","device_key":"ble-address:e0:72:a1:d5:4c:15","kind":"rx","seq":915,"session":"s2","stream":"telemetry","text":"s=0\n","timestamp":1790456006.5698369}
2026-09-26T23:53:26.570+03:00 [RX telemetry] {"data_b64":"U0VTU0lPTiBSWF9QT0xMIHBvbGw=","description":"ble:LoRa-Chatter-72E0 E0:72:A1:D5:4C:15","device_key":"ble-address:e0:72:a1:d5:4c:15","kind":"rx","seq":916,"session":"s2","stream":"telemetry","text":"SESSION RX_POLL poll","timestamp":1790456006.5708046}
2026-09-26T23:53:26.571+03:00 [RX telemetry] {"data_b64":"cz00NzA3NCByeGRvbmU9MTAgaW4=","description":"ble:LoRa-Chatter-72E0 E0:72:A1:D5:4C:15","device_key":"ble-address:e0:72:a1:d5:4c:15","kind":"rx","seq":917,"session":"s2","stream":"telemetry","text":"s=47074 rxdone=10 in","timestamp":1790456006.5712118}
2026-09-26T23:53:26.571+03:00 [RX telemetry] {"data_b64":"dGVydmFsPTEwMDB1cyBESU8wX1I=","description":"ble:LoRa-Chatter-72E0 E0:72:A1:D5:4C:15","device_key":"ble-address:e0:72:a1:d5:4c:15","kind":"rx","seq":918,"session":"s2","stream":"telemetry","text":"terval=1000us DIO0_R","timestamp":1790456006.571234}
2026-09-26T23:53:26.573+03:00 [RX telemetry] {"data_b64":"WCBmYWxzZV9oaWdoX2VwPTAgaGk=","description":"ble:LoRa-Chatter-72E0 E0:72:A1:D5:4C:15","device_key":"ble-address:e0:72:a1:d5:4c:15","kind":"rx","seq":919,"session":"s2","stream":"telemetry","text":"X false_high_ep=0 hi","timestamp":1790456006.5738437}
2026-09-26T23:53:26.574+03:00 [RX telemetry] {"data_b64":"Z2hfcG9sbHM9MCByeGRvbmVfbG8=","description":"ble:LoRa-Chatter-72E0 E0:72:A1:D5:4C:15","device_key":"ble-address:e0:72:a1:d5:4c:15","kind":"rx","seq":920,"session":"s2","stream":"telemetry","text":"gh_polls=0 rxdone_lo","timestamp":1790456006.5742173}
2026-09-26T23:53:26.574+03:00 [RX telemetry] {"data_b64":"dz0wIGlzcj1kaXNhYmxlZAo=","description":"ble:LoRa-Chatter-72E0 E0:72:A1:D5:4C:15","device_key":"ble-address:e0:72:a1:d5:4c:15","kind":"rx","seq":921,"session":"s2","stream":"telemetry","text":"w=0 isr=disabled\n","timestamp":1790456006.5742497}
2026-09-26T23:53:26.945+03:00 [AGENT REQUEST] {"id":152,"op":"observe","cursors":{"s1":936,"s2":897},"timeout_ms":6000}
2026-09-26T23:53:26.946+03:00 [AGENT RESPONSE] {"id":152,"ok":true,"result":{"cursors":{"s1":936,"s2":921},"lines":[{"seq_first":897,"seq_last":906,"session":"s2","stream":"telemetry","text":"SESSION t=60s TX ok=9 user=2 echo_req=0 echo_rep=0 hb=0(idle=0) err=0 started=9 RX ok=9 user=7 echo_req=0 echo_rep=0 hb=0 crc=1 hdr=0 bad=0 readerr=0 reports=9 Q=100% drops=0 fatal=0"},{"seq_first":907,"seq_last":910,"session":"s2","stream":"telemetry","text":"SESSION COURTESY window=5000ms peer_release=0 expired=0 yielding=0"},{"seq_first":911,"seq_last":915,"session":"s2","stream":"telemetry","text":"SESSION DIO0_TX affected=0/9 episodes=0 avg_all=0.00 avg_affected=0.00 high_polls=0"},{"seq_first":916,"seq_last":921,"session":"s2","stream":"telemetry","text":"SESSION RX_POLL polls=47074 rxdone=10 interval=1000us DIO0_RX false_high_ep=0 high_polls=0 rxdone_low=0 isr=disabled"}],"timed_out":false}}
2026-09-26T23:53:28.049+03:00 [AGENT REQUEST] {"id":153,"op":"observe","cursors":{"s1":936,"s2":921},"timeout_ms":6000}
2026-09-26T23:53:29.153+03:00 [AGENT REQUEST] {"id":154,"op":"observe","cursors":{"s1":936,"s2":921},"timeout_ms":6000}
2026-09-26T23:53:30.257+03:00 [AGENT REQUEST] {"id":155,"op":"observe","cursors":{"s1":936,"s2":921},"timeout_ms":6000}
2026-09-26T23:53:31.364+03:00 [AGENT REQUEST] {"id":156,"op":"observe","cursors":{"s1":936,"s2":921},"timeout_ms":6000}
2026-09-26T23:53:32.469+03:00 [AGENT REQUEST] {"id":157,"op":"observe","cursors":{"s1":936,"s2":921},"timeout_ms":6000}
2026-09-26T23:53:33.034+03:00 [AGENT RESPONSE] {"id":153,"ok":true,"result":{"cursors":{"s1":938,"s2":921},"lines":[{"seq_first":937,"seq_last":937,"session":"s1","stream":"telemetry","text":""},{"seq_first":937,"seq_last":938,"session":"s1","stream":"telemetry","text":"RX HEADER ERROR IRQ=0x50 RX=-114/-12"}],"timed_out":false}}
2026-09-26T23:53:33.037+03:00 [RX telemetry] {"data_b64":"ClJYIEhFQURFUiBFUlJPUiBJUlE=","description":"ble:LoRa-Chatter-1B44 44:1B:F6:8D:B7:A9","device_key":"ble-address:44:1b:f6:8d:b7:a9","kind":"rx","seq":937,"session":"s1","stream":"telemetry","text":"\nRX HEADER ERROR IRQ","timestamp":1790456013.0340114}
2026-09-26T23:53:33.037+03:00 [RX telemetry] {"data_b64":"PTB4NTAgUlg9LTExNC8tMTIK","description":"ble:LoRa-Chatter-1B44 44:1B:F6:8D:B7:A9","device_key":"ble-address:44:1b:f6:8d:b7:a9","kind":"rx","seq":938,"session":"s1","stream":"telemetry","text":"=0x50 RX=-114/-12\n","timestamp":1790456013.0341918}
2026-09-26T23:53:33.038+03:00 [AGENT RESPONSE] {"id":154,"ok":true,"result":{"cursors":{"s1":938,"s2":921},"lines":[{"seq_first":937,"seq_last":937,"session":"s1","stream":"telemetry","text":""},{"seq_first":937,"seq_last":938,"session":"s1","stream":"telemetry","text":"RX HEADER ERROR IRQ=0x50 RX=-114/-12"}],"timed_out":false}}
2026-09-26T23:53:33.038+03:00 [AGENT RESPONSE] {"id":155,"ok":true,"result":{"cursors":{"s1":938,"s2":921},"lines":[{"seq_first":937,"seq_last":937,"session":"s1","stream":"telemetry","text":""},{"seq_first":937,"seq_last":938,"session":"s1","stream":"telemetry","text":"RX HEADER ERROR IRQ=0x50 RX=-114/-12"}],"timed_out":false}}
2026-09-26T23:53:33.038+03:00 [AGENT RESPONSE] {"id":157,"ok":true,"result":{"cursors":{"s1":938,"s2":921},"lines":[{"seq_first":937,"seq_last":937,"session":"s1","stream":"telemetry","text":""},{"seq_first":937,"seq_last":938,"session":"s1","stream":"telemetry","text":"RX HEADER ERROR IRQ=0x50 RX=-114/-12"}],"timed_out":false}}
2026-09-26T23:53:33.038+03:00 [AGENT RESPONSE] {"id":156,"ok":true,"result":{"cursors":{"s1":938,"s2":921},"lines":[{"seq_first":937,"seq_last":937,"session":"s1","stream":"telemetry","text":""},{"seq_first":937,"seq_last":938,"session":"s1","stream":"telemetry","text":"RX HEADER ERROR IRQ=0x50 RX=-114/-12"}],"timed_out":false}}
2026-09-26T23:53:33.574+03:00 [AGENT REQUEST] {"id":158,"op":"send_line","session":"s2","text":"7B0806XX"}
2026-09-26T23:53:33.582+03:00 [TX] {"data_b64":"N0IwODA2WFgK","device_key":"ble-address:e0:72:a1:d5:4c:15","kind":"tx","seq":922,"session":"s2","text":"7B0806XX","timestamp":1790456013.574518,"tx_id":28,"tx_state":"queued"}
2026-09-26T23:53:33.582+03:00 [AGENT RESPONSE] {"id":158,"ok":true,"result":{"state":"queued","tx_id":28}}
2026-09-26T23:53:33.582+03:00 [TX] {"data_b64":"N0IwODA2WFgK","description":"ble:LoRa-Chatter-72E0 E0:72:A1:D5:4C:15","device_key":"ble-address:e0:72:a1:d5:4c:15","kind":"tx","seq":923,"session":"s2","text":"7B0806XX","timestamp":1790456013.5785506,"tx_id":28,"tx_state":"written"}
2026-09-26T23:53:33.664+03:00 [RX telemetry] {"data_b64":"UEVFUl9SRVBPUlQgb3VyX3NlcT0=","description":"ble:LoRa-Chatter-1B44 44:1B:F6:8D:B7:A9","device_key":"ble-address:44:1b:f6:8d:b7:a9","kind":"rx","seq":939,"session":"s1","stream":"telemetry","text":"PEER_REPORT our_seq=","timestamp":1790456013.6637757}
2026-09-26T23:53:33.665+03:00 [RX telemetry] {"data_b64":"MzQgVFg9LTUzLzYgUTEwMAo=","description":"ble:LoRa-Chatter-1B44 44:1B:F6:8D:B7:A9","device_key":"ble-address:44:1b:f6:8d:b7:a9","kind":"rx","seq":940,"session":"s1","stream":"telemetry","text":"34 TX=-53/6 Q100\n","timestamp":1790456013.6652992}
2026-09-26T23:53:33.666+03:00 [RX telemetry] {"data_b64":"ClJYIFVTRVIgc2Vzc2lvbj02M0E=","description":"ble:LoRa-Chatter-1B44 44:1B:F6:8D:B7:A9","device_key":"ble-address:44:1b:f6:8d:b7:a9","kind":"rx","seq":941,"session":"s1","stream":"telemetry","text":"\nRX USER session=63A","timestamp":1790456013.6663728}
2026-09-26T23:53:33.669+03:00 [RX telemetry] {"data_b64":"REVMSVZFUlkgUVVFVUVEIHNvdXI=","description":"ble:LoRa-Chatter-72E0 E0:72:A1:D5:4C:15","device_key":"ble-address:e0:72:a1:d5:4c:15","kind":"rx","seq":924,"session":"s2","stream":"telemetry","text":"DELIVERY QUEUED sour","timestamp":1790456013.668451}
2026-09-26T23:53:33.670+03:00 [RX telemetry] {"data_b64":"Y2U9MiBieXRlcz04IHdhaXRpbmc=","description":"ble:LoRa-Chatter-72E0 E0:72:A1:D5:4C:15","device_key":"ble-address:e0:72:a1:d5:4c:15","kind":"rx","seq":925,"session":"s2","stream":"telemetry","text":"ce=2 bytes=8 waiting","timestamp":1790456013.6698604}
2026-09-26T23:53:33.670+03:00 [RX telemetry] {"data_b64":"PTEvOCBpbl9mbGlnaHQ9MAo=","description":"ble:LoRa-Chatter-72E0 E0:72:A1:D5:4C:15","device_key":"ble-address:e0:72:a1:d5:4c:15","kind":"rx","seq":926,"session":"s2","stream":"telemetry","text":"=1/8 in_flight=0\n","timestamp":1790456013.6699255}
2026-09-26T23:53:33.672+03:00 [RX telemetry] {"data_b64":"ClRYIFVTRVIgc2VxPTkgZnJhbWU=","description":"ble:LoRa-Chatter-72E0 E0:72:A1:D5:4C:15","device_key":"ble-address:e0:72:a1:d5:4c:15","kind":"rx","seq":927,"session":"s2","stream":"telemetry","text":"\nTX USER seq=9 frame","timestamp":1790456013.6714692}
2026-09-26T23:53:33.673+03:00 [RX telemetry] {"data_b64":"PTIwQiB1c2VyPThCIGF0dGVtcHQ=","description":"ble:LoRa-Chatter-72E0 E0:72:A1:D5:4C:15","device_key":"ble-address:e0:72:a1:d5:4c:15","kind":"rx","seq":928,"session":"s2","stream":"telemetry","text":"=20B user=8B attempt","timestamp":1790456013.672431}
2026-09-26T23:53:33.673+03:00 [RX telemetry] {"data_b64":"PTEvNSBPSyB0aW1lPTE2IG1zCg==","description":"ble:LoRa-Chatter-72E0 E0:72:A1:D5:4C:15","device_key":"ble-address:e0:72:a1:d5:4c:15","kind":"rx","seq":929,"session":"s2","stream":"telemetry","text":"=1/5 OK time=16 ms\n","timestamp":1790456013.6732488}
2026-09-26T23:53:33.674+03:00 [RX chat] {"data_b64":"PiA3QjA4MDZYWAo=","description":"ble:LoRa-Chatter-72E0 E0:72:A1:D5:4C:15","device_key":"ble-address:e0:72:a1:d5:4c:15","kind":"rx","seq":930,"session":"s2","stream":"chat","text":"> 7B0806XX\n","timestamp":1790456013.6733506}
2026-09-26T23:53:33.675+03:00 [RX telemetry] {"data_b64":"REVMSVZFUlkgV0FJVF9BQ0sgdXM=","description":"ble:LoRa-Chatter-72E0 E0:72:A1:D5:4C:15","device_key":"ble-address:e0:72:a1:d5:4c:15","kind":"rx","seq":931,"session":"s2","stream":"telemetry","text":"DELIVERY WAIT_ACK us","timestamp":1790456013.6747022}
2026-09-26T23:53:33.676+03:00 [RX telemetry] {"data_b64":"ZXI9NjNBNi85IGF0dGVtcHQ9MS8=","description":"ble:LoRa-Chatter-72E0 E0:72:A1:D5:4C:15","device_key":"ble-address:e0:72:a1:d5:4c:15","kind":"rx","seq":932,"session":"s2","stream":"telemetry","text":"er=63A6/9 attempt=1/","timestamp":1790456013.6762555}
2026-09-26T23:53:33.676+03:00 [RX telemetry] {"data_b64":"NSB0aW1lb3V0PTcxMm1zIHF1ZXU=","description":"ble:LoRa-Chatter-72E0 E0:72:A1:D5:4C:15","device_key":"ble-address:e0:72:a1:d5:4c:15","kind":"rx","seq":933,"session":"s2","stream":"telemetry","text":"5 timeout=712ms queu","timestamp":1790456013.6763406}
2026-09-26T23:53:33.677+03:00 [RX telemetry] {"data_b64":"ZT0wCg==","description":"ble:LoRa-Chatter-72E0 E0:72:A1:D5:4C:15","device_key":"ble-address:e0:72:a1:d5:4c:15","kind":"rx","seq":934,"session":"s2","stream":"telemetry","text":"e=0\n","timestamp":1790456013.6763883}
2026-09-26T23:53:33.711+03:00 [RX telemetry] {"data_b64":"NiBzZXE9OSBmcmFtZT0yMEIgdXM=","description":"ble:LoRa-Chatter-1B44 44:1B:F6:8D:B7:A9","device_key":"ble-address:44:1b:f6:8d:b7:a9","kind":"rx","seq":942,"session":"s1","stream":"telemetry","text":"6 seq=9 frame=20B us","timestamp":1790456013.710691}
2026-09-26T23:53:33.711+03:00 [RX telemetry] {"data_b64":"ZXI9OEIgUlg9LTU1LzUgUTEwMCA=","description":"ble:LoRa-Chatter-1B44 44:1B:F6:8D:B7:A9","device_key":"ble-address:44:1b:f6:8d:b7:a9","kind":"rx","seq":943,"session":"s1","stream":"telemetry","text":"er=8B RX=-55/5 Q100 ","timestamp":1790456013.710773}
2026-09-26T23:53:33.754+03:00 [RX telemetry] {"data_b64":"ZGlzcG9zaXRpb249MAo=","description":"ble:LoRa-Chatter-1B44 44:1B:F6:8D:B7:A9","device_key":"ble-address:44:1b:f6:8d:b7:a9","kind":"rx","seq":944,"session":"s1","stream":"telemetry","text":"disposition=0\n","timestamp":1790456013.7539058}
2026-09-26T23:53:33.755+03:00 [RX chat] {"data_b64":"PCBbLTU1LzUgUTEwMF0gN0IwODA=","description":"ble:LoRa-Chatter-1B44 44:1B:F6:8D:B7:A9","device_key":"ble-address:44:1b:f6:8d:b7:a9","kind":"rx","seq":945,"session":"s1","stream":"chat","text":"< [-55/5 Q100] 7B080","timestamp":1790456013.7551298}
2026-09-26T23:53:33.755+03:00 [RX chat] {"data_b64":"NlhYCg==","description":"ble:LoRa-Chatter-1B44 44:1B:F6:8D:B7:A9","device_key":"ble-address:44:1b:f6:8d:b7:a9","kind":"rx","seq":946,"session":"s1","stream":"chat","text":"6XX\n","timestamp":1790456013.755225}
2026-09-26T23:53:33.890+03:00 [RX telemetry] {"data_b64":"ClRYIEFDSyBzZXE9MzUgYWNrX3Q=","description":"ble:LoRa-Chatter-1B44 44:1B:F6:8D:B7:A9","device_key":"ble-address:44:1b:f6:8d:b7:a9","kind":"rx","seq":947,"session":"s1","stream":"telemetry","text":"\nTX ACK seq=35 ack_t","timestamp":1790456013.8897564}
2026-09-26T23:53:33.891+03:00 [RX telemetry] {"data_b64":"bz02M0E2LzkgZnJhbWU9MTRCIE8=","description":"ble:LoRa-Chatter-1B44 44:1B:F6:8D:B7:A9","device_key":"ble-address:44:1b:f6:8d:b7:a9","kind":"rx","seq":948,"session":"s1","stream":"telemetry","text":"o=63A6/9 frame=14B O","timestamp":1790456013.890867}
2026-09-26T23:53:33.892+03:00 [RX telemetry] {"data_b64":"SyB0aW1lPTEzIG1zIGd1YXJkPTU=","description":"ble:LoRa-Chatter-1B44 44:1B:F6:8D:B7:A9","device_key":"ble-address:44:1b:f6:8d:b7:a9","kind":"rx","seq":949,"session":"s1","stream":"telemetry","text":"K time=13 ms guard=5","timestamp":1790456013.8918538}
2026-09-26T23:53:33.898+03:00 [RX telemetry] {"data_b64":"UEVFUl9SRVBPUlQgb3VyX3NlcT0=","description":"ble:LoRa-Chatter-72E0 E0:72:A1:D5:4C:15","device_key":"ble-address:e0:72:a1:d5:4c:15","kind":"rx","seq":935,"session":"s2","stream":"telemetry","text":"PEER_REPORT our_seq=","timestamp":1790456013.897701}
2026-09-26T23:53:33.899+03:00 [RX telemetry] {"data_b64":"OSBUWD0tNTUvNSBRMTAwCg==","description":"ble:LoRa-Chatter-72E0 E0:72:A1:D5:4C:15","device_key":"ble-address:e0:72:a1:d5:4c:15","kind":"rx","seq":936,"session":"s2","stream":"telemetry","text":"9 TX=-55/5 Q100\n","timestamp":1790456013.898852}
2026-09-26T23:53:33.900+03:00 [RX telemetry] {"data_b64":"ClJYIEFDSyBzZXNzaW9uPTBCQzc=","description":"ble:LoRa-Chatter-72E0 E0:72:A1:D5:4C:15","device_key":"ble-address:e0:72:a1:d5:4c:15","kind":"rx","seq":937,"session":"s2","stream":"telemetry","text":"\nRX ACK session=0BC7","timestamp":1790456013.8996382}
2026-09-26T23:53:33.900+03:00 [RX telemetry] {"data_b64":"IHNlcT0zNSBhY2tfdG89NjNBNi8=","description":"ble:LoRa-Chatter-72E0 E0:72:A1:D5:4C:15","device_key":"ble-address:e0:72:a1:d5:4c:15","kind":"rx","seq":938,"session":"s2","stream":"telemetry","text":" seq=35 ack_to=63A6/","timestamp":1790456013.8997102}
2026-09-26T23:53:33.901+03:00 [RX telemetry] {"data_b64":"OSBmcmFtZT0xNEIgUlg9LTYxLzU=","description":"ble:LoRa-Chatter-72E0 E0:72:A1:D5:4C:15","device_key":"ble-address:e0:72:a1:d5:4c:15","kind":"rx","seq":939,"session":"s2","stream":"telemetry","text":"9 frame=14B RX=-61/5","timestamp":1790456013.9000323}
2026-09-26T23:53:33.901+03:00 [RX telemetry] {"data_b64":"IFExMDAK","description":"ble:LoRa-Chatter-72E0 E0:72:A1:D5:4C:15","device_key":"ble-address:e0:72:a1:d5:4c:15","kind":"rx","seq":940,"session":"s2","stream":"telemetry","text":" Q100\n","timestamp":1790456013.900091}
2026-09-26T23:53:33.901+03:00 [RX telemetry] {"data_b64":"REVMSVZFUlkgQUNLIHVzZXI9NjM=","description":"ble:LoRa-Chatter-72E0 E0:72:A1:D5:4C:15","device_key":"ble-address:e0:72:a1:d5:4c:15","kind":"rx","seq":941,"session":"s2","stream":"telemetry","text":"DELIVERY ACK user=63","timestamp":1790456013.9001305}
2026-09-26T23:53:33.901+03:00 [RX telemetry] {"data_b64":"QTYvOSBhdHRlbXB0cz0xLzUgZWw=","description":"ble:LoRa-Chatter-72E0 E0:72:A1:D5:4C:15","device_key":"ble-address:e0:72:a1:d5:4c:15","kind":"rx","seq":942,"session":"s2","stream":"telemetry","text":"A6/9 attempts=1/5 el","timestamp":1790456013.9011629}
2026-09-26T23:53:33.901+03:00 [RX telemetry] {"data_b64":"YXBzZWQ9MjIwbXMgcXVldWU9MAo=","description":"ble:LoRa-Chatter-72E0 E0:72:A1:D5:4C:15","device_key":"ble-address:e0:72:a1:d5:4c:15","kind":"rx","seq":943,"session":"s2","stream":"telemetry","text":"apsed=220ms queue=0\n","timestamp":1790456013.9012022}
2026-09-26T23:53:33.934+03:00 [RX telemetry] {"data_b64":"MDBtcwo=","description":"ble:LoRa-Chatter-1B44 44:1B:F6:8D:B7:A9","device_key":"ble-address:44:1b:f6:8d:b7:a9","kind":"rx","seq":950,"session":"s1","stream":"telemetry","text":"00ms\n","timestamp":1790456013.9339707}
2026-09-26T23:53:34.677+03:00 [AGENT REQUEST] {"id":159,"op":"observe","cursors":{"s1":938,"s2":921},"timeout_ms":6000}
2026-09-26T23:53:34.678+03:00 [AGENT RESPONSE] {"id":159,"ok":true,"result":{"cursors":{"s1":950,"s2":943},"lines":[{"seq_first":939,"seq_last":940,"session":"s1","stream":"telemetry","text":"PEER_REPORT our_seq=34 TX=-53/6 Q100"},{"seq_first":941,"seq_last":941,"session":"s1","stream":"telemetry","text":""},{"seq_first":924,"seq_last":926,"session":"s2","stream":"telemetry","text":"DELIVERY QUEUED source=2 bytes=8 waiting=1/8 in_flight=0"},{"seq_first":927,"seq_last":927,"session":"s2","stream":"telemetry","text":""},{"seq_first":927,"seq_last":929,"session":"s2","stream":"telemetry","text":"TX USER seq=9 frame=20B user=8B attempt=1/5 OK time=16 ms"},{"seq_first":930,"seq_last":930,"session":"s2","stream":"chat","text":"> 7B0806XX"},{"seq_first":931,"seq_last":934,"session":"s2","stream":"telemetry","text":"DELIVERY WAIT_ACK user=63A6/9 attempt=1/5 timeout=712ms queue=0"},{"seq_first":941,"seq_last":944,"session":"s1","stream":"telemetry","text":"RX USER session=63A6 seq=9 frame=20B user=8B RX=-55/5 Q100 disposition=0"},{"seq_first":945,"seq_last":946,"session":"s1","stream":"chat","text":"< [-55/5 Q100] 7B0806XX"},{"seq_first":947,"seq_last":947,"session":"s1","stream":"telemetry","text":""},{"seq_first":935,"seq_last":936,"session":"s2","stream":"telemetry","text":"PEER_REPORT our_seq=9 TX=-55/5 Q100"},{"seq_first":937,"seq_last":937,"session":"s2","stream":"telemetry","text":""},{"seq_first":937,"seq_last":940,"session":"s2","stream":"telemetry","text":"RX ACK session=0BC7 seq=35 ack_to=63A6/9 frame=14B RX=-61/5 Q100"},{"seq_first":941,"seq_last":943,"session":"s2","stream":"telemetry","text":"DELIVERY ACK user=63A6/9 attempts=1/5 elapsed=220ms queue=0"},{"seq_first":947,"seq_last":950,"session":"s1","stream":"telemetry","text":"TX ACK seq=35 ack_to=63A6/9 frame=14B OK time=13 ms guard=500ms"}],"timed_out":false}}
2026-09-26T23:53:35.782+03:00 [AGENT REQUEST] {"id":160,"op":"send_line","session":"s2","text":"7B0807XX"}
2026-09-26T23:53:35.783+03:00 [TX] {"data_b64":"N0IwODA3WFgK","device_key":"ble-address:e0:72:a1:d5:4c:15","kind":"tx","seq":944,"session":"s2","text":"7B0807XX","timestamp":1790456015.7831612,"tx_id":29,"tx_state":"queued"}
2026-09-26T23:53:35.783+03:00 [AGENT RESPONSE] {"id":160,"ok":true,"result":{"state":"queued","tx_id":29}}
2026-09-26T23:53:35.784+03:00 [TX] {"data_b64":"N0IwODA3WFgK","description":"ble:LoRa-Chatter-72E0 E0:72:A1:D5:4C:15","device_key":"ble-address:e0:72:a1:d5:4c:15","kind":"tx","seq":945,"session":"s2","text":"7B0807XX","timestamp":1790456015.7841873,"tx_id":29,"tx_state":"written"}
2026-09-26T23:53:36.145+03:00 [RX telemetry] {"data_b64":"REVMSVZFUlkgUVVFVUVEIHNvdXI=","description":"ble:LoRa-Chatter-72E0 E0:72:A1:D5:4C:15","device_key":"ble-address:e0:72:a1:d5:4c:15","kind":"rx","seq":946,"session":"s2","stream":"telemetry","text":"DELIVERY QUEUED sour","timestamp":1790456016.144826}
2026-09-26T23:53:36.146+03:00 [RX telemetry] {"data_b64":"Y2U9MiBieXRlcz04IHdhaXRpbmc=","description":"ble:LoRa-Chatter-72E0 E0:72:A1:D5:4C:15","device_key":"ble-address:e0:72:a1:d5:4c:15","kind":"rx","seq":947,"session":"s2","stream":"telemetry","text":"ce=2 bytes=8 waiting","timestamp":1790456016.146247}
2026-09-26T23:53:36.189+03:00 [RX telemetry] {"data_b64":"PTEvOCBpbl9mbGlnaHQ9MAo=","description":"ble:LoRa-Chatter-72E0 E0:72:A1:D5:4C:15","device_key":"ble-address:e0:72:a1:d5:4c:15","kind":"rx","seq":948,"session":"s2","stream":"telemetry","text":"=1/8 in_flight=0\n","timestamp":1790456016.1890106}
2026-09-26T23:53:36.190+03:00 [RX telemetry] {"data_b64":"ClRYIFVTRVIgc2VxPTEwIGZyYW0=","description":"ble:LoRa-Chatter-72E0 E0:72:A1:D5:4C:15","device_key":"ble-address:e0:72:a1:d5:4c:15","kind":"rx","seq":949,"session":"s2","stream":"telemetry","text":"\nTX USER seq=10 fram","timestamp":1790456016.1902292}
2026-09-26T23:53:36.191+03:00 [RX telemetry] {"data_b64":"ZT0yMEIgdXNlcj04QiBhdHRlbXA=","description":"ble:LoRa-Chatter-72E0 E0:72:A1:D5:4C:15","device_key":"ble-address:e0:72:a1:d5:4c:15","kind":"rx","seq":950,"session":"s2","stream":"telemetry","text":"e=20B user=8B attemp","timestamp":1790456016.1903222}
2026-09-26T23:53:36.192+03:00 [RX telemetry] {"data_b64":"dD0xLzUgT0sgdGltZT0xNiBtcwo=","description":"ble:LoRa-Chatter-72E0 E0:72:A1:D5:4C:15","device_key":"ble-address:e0:72:a1:d5:4c:15","kind":"rx","seq":951,"session":"s2","stream":"telemetry","text":"t=1/5 OK time=16 ms\n","timestamp":1790456016.1919315}
2026-09-26T23:53:36.193+03:00 [RX chat] {"data_b64":"PiA3QjA4MDdYWAo=","description":"ble:LoRa-Chatter-72E0 E0:72:A1:D5:4C:15","device_key":"ble-address:e0:72:a1:d5:4c:15","kind":"rx","seq":952,"session":"s2","stream":"chat","text":"> 7B0807XX\n","timestamp":1790456016.1920333}
2026-09-26T23:53:36.193+03:00 [RX telemetry] {"data_b64":"REVMSVZFUlkgV0FJVF9BQ0sgdXM=","description":"ble:LoRa-Chatter-72E0 E0:72:A1:D5:4C:15","device_key":"ble-address:e0:72:a1:d5:4c:15","kind":"rx","seq":953,"session":"s2","stream":"telemetry","text":"DELIVERY WAIT_ACK us","timestamp":1790456016.192939}
2026-09-26T23:53:36.194+03:00 [RX telemetry] {"data_b64":"ZXI9NjNBNi8xMCBhdHRlbXB0PTE=","description":"ble:LoRa-Chatter-72E0 E0:72:A1:D5:4C:15","device_key":"ble-address:e0:72:a1:d5:4c:15","kind":"rx","seq":954,"session":"s2","stream":"telemetry","text":"er=63A6/10 attempt=1","timestamp":1790456016.1937695}
2026-09-26T23:53:36.194+03:00 [RX telemetry] {"data_b64":"LzUgdGltZW91dD03MTJtcyBxdWU=","description":"ble:LoRa-Chatter-72E0 E0:72:A1:D5:4C:15","device_key":"ble-address:e0:72:a1:d5:4c:15","kind":"rx","seq":955,"session":"s2","stream":"telemetry","text":"/5 timeout=712ms que","timestamp":1790456016.1941133}
2026-09-26T23:53:36.195+03:00 [RX telemetry] {"data_b64":"dWU9MAo=","description":"ble:LoRa-Chatter-72E0 E0:72:A1:D5:4C:15","device_key":"ble-address:e0:72:a1:d5:4c:15","kind":"rx","seq":956,"session":"s2","stream":"telemetry","text":"ue=0\n","timestamp":1790456016.1941743}
2026-09-26T23:53:36.195+03:00 [RX telemetry] {"data_b64":"UEVFUl9SRVBPUlQgb3VyX3NlcT0=","description":"ble:LoRa-Chatter-72E0 E0:72:A1:D5:4C:15","device_key":"ble-address:e0:72:a1:d5:4c:15","kind":"rx","seq":957,"session":"s2","stream":"telemetry","text":"PEER_REPORT our_seq=","timestamp":1790456016.195571}
2026-09-26T23:53:36.196+03:00 [RX telemetry] {"data_b64":"MTAgVFg9LTUzLzYgUTEwMAo=","description":"ble:LoRa-Chatter-72E0 E0:72:A1:D5:4C:15","device_key":"ble-address:e0:72:a1:d5:4c:15","kind":"rx","seq":958,"session":"s2","stream":"telemetry","text":"10 TX=-53/6 Q100\n","timestamp":1790456016.1956363}
2026-09-26T23:53:36.197+03:00 [RX telemetry] {"data_b64":"ClJYIEFDSyBzZXNzaW9uPTBCQzc=","description":"ble:LoRa-Chatter-72E0 E0:72:A1:D5:4C:15","device_key":"ble-address:e0:72:a1:d5:4c:15","kind":"rx","seq":959,"session":"s2","stream":"telemetry","text":"\nRX ACK session=0BC7","timestamp":1790456016.1967213}
2026-09-26T23:53:36.197+03:00 [RX telemetry] {"data_b64":"IHNlcT0zNiBhY2tfdG89NjNBNi8=","description":"ble:LoRa-Chatter-72E0 E0:72:A1:D5:4C:15","device_key":"ble-address:e0:72:a1:d5:4c:15","kind":"rx","seq":960,"session":"s2","stream":"telemetry","text":" seq=36 ack_to=63A6/","timestamp":1790456016.1972265}
2026-09-26T23:53:36.198+03:00 [RX telemetry] {"data_b64":"MTAgZnJhbWU9MTRCIFJYPS01My8=","description":"ble:LoRa-Chatter-72E0 E0:72:A1:D5:4C:15","device_key":"ble-address:e0:72:a1:d5:4c:15","kind":"rx","seq":961,"session":"s2","stream":"telemetry","text":"10 frame=14B RX=-53/","timestamp":1790456016.1983757}
2026-09-26T23:53:36.199+03:00 [RX telemetry] {"data_b64":"NiBRMTAwCg==","description":"ble:LoRa-Chatter-72E0 E0:72:A1:D5:4C:15","device_key":"ble-address:e0:72:a1:d5:4c:15","kind":"rx","seq":962,"session":"s2","stream":"telemetry","text":"6 Q100\n","timestamp":1790456016.1984494}
2026-09-26T23:53:36.199+03:00 [RX telemetry] {"data_b64":"REVMSVZFUlkgQUNLIHVzZXI9NjM=","description":"ble:LoRa-Chatter-72E0 E0:72:A1:D5:4C:15","device_key":"ble-address:e0:72:a1:d5:4c:15","kind":"rx","seq":963,"session":"s2","stream":"telemetry","text":"DELIVERY ACK user=63","timestamp":1790456016.199327}
2026-09-26T23:53:36.199+03:00 [RX telemetry] {"data_b64":"QTYvMTAgYXR0ZW1wdHM9MS81IGU=","description":"ble:LoRa-Chatter-72E0 E0:72:A1:D5:4C:15","device_key":"ble-address:e0:72:a1:d5:4c:15","kind":"rx","seq":964,"session":"s2","stream":"telemetry","text":"A6/10 attempts=1/5 e","timestamp":1790456016.1994176}
2026-09-26T23:53:36.200+03:00 [RX telemetry] {"data_b64":"bGFwc2VkPTIyMm1zIHF1ZXVlPTA=","description":"ble:LoRa-Chatter-72E0 E0:72:A1:D5:4C:15","device_key":"ble-address:e0:72:a1:d5:4c:15","kind":"rx","seq":965,"session":"s2","stream":"telemetry","text":"lapsed=222ms queue=0","timestamp":1790456016.2002916}
2026-09-26T23:53:36.200+03:00 [RX telemetry] {"data_b64":"Cg==","description":"ble:LoRa-Chatter-72E0 E0:72:A1:D5:4C:15","device_key":"ble-address:e0:72:a1:d5:4c:15","kind":"rx","seq":966,"session":"s2","stream":"telemetry","text":"\n","timestamp":1790456016.2003582}
2026-09-26T23:53:36.320+03:00 [RX telemetry] {"data_b64":"UEVFUl9SRVBPUlQgb3VyX3NlcT0=","description":"ble:LoRa-Chatter-1B44 44:1B:F6:8D:B7:A9","device_key":"ble-address:44:1b:f6:8d:b7:a9","kind":"rx","seq":951,"session":"s1","stream":"telemetry","text":"PEER_REPORT our_seq=","timestamp":1790456016.3201256}
2026-09-26T23:53:36.321+03:00 [RX telemetry] {"data_b64":"MzUgVFg9LTYxLzUgUTEwMAo=","description":"ble:LoRa-Chatter-1B44 44:1B:F6:8D:B7:A9","device_key":"ble-address:44:1b:f6:8d:b7:a9","kind":"rx","seq":952,"session":"s1","stream":"telemetry","text":"35 TX=-61/5 Q100\n","timestamp":1790456016.3211596}
2026-09-26T23:53:36.366+03:00 [RX telemetry] {"data_b64":"ClJYIFVTRVIgc2Vzc2lvbj02M0E=","description":"ble:LoRa-Chatter-1B44 44:1B:F6:8D:B7:A9","device_key":"ble-address:44:1b:f6:8d:b7:a9","kind":"rx","seq":953,"session":"s1","stream":"telemetry","text":"\nRX USER session=63A","timestamp":1790456016.366521}
2026-09-26T23:53:36.367+03:00 [RX telemetry] {"data_b64":"NiBzZXE9MTAgZnJhbWU9MjBCIHU=","description":"ble:LoRa-Chatter-1B44 44:1B:F6:8D:B7:A9","device_key":"ble-address:44:1b:f6:8d:b7:a9","kind":"rx","seq":954,"session":"s1","stream":"telemetry","text":"6 seq=10 frame=20B u","timestamp":1790456016.3665938}
2026-09-26T23:53:36.410+03:00 [RX telemetry] {"data_b64":"c2VyPThCIFJYPS01My82IFExMDA=","description":"ble:LoRa-Chatter-1B44 44:1B:F6:8D:B7:A9","device_key":"ble-address:44:1b:f6:8d:b7:a9","kind":"rx","seq":955,"session":"s1","stream":"telemetry","text":"ser=8B RX=-53/6 Q100","timestamp":1790456016.4097974}
2026-09-26T23:53:36.410+03:00 [RX telemetry] {"data_b64":"IGRpc3Bvc2l0aW9uPTAK","description":"ble:LoRa-Chatter-1B44 44:1B:F6:8D:B7:A9","device_key":"ble-address:44:1b:f6:8d:b7:a9","kind":"rx","seq":956,"session":"s1","stream":"telemetry","text":" disposition=0\n","timestamp":1790456016.410071}
2026-09-26T23:53:36.410+03:00 [RX chat] {"data_b64":"PCBbLTUzLzYgUTEwMF0gN0IwODA=","description":"ble:LoRa-Chatter-1B44 44:1B:F6:8D:B7:A9","device_key":"ble-address:44:1b:f6:8d:b7:a9","kind":"rx","seq":957,"session":"s1","stream":"chat","text":"< [-53/6 Q100] 7B080","timestamp":1790456016.4107277}
2026-09-26T23:53:36.453+03:00 [RX chat] {"data_b64":"N1hYCg==","description":"ble:LoRa-Chatter-1B44 44:1B:F6:8D:B7:A9","device_key":"ble-address:44:1b:f6:8d:b7:a9","kind":"rx","seq":958,"session":"s1","stream":"chat","text":"7XX\n","timestamp":1790456016.4533355}
2026-09-26T23:53:36.453+03:00 [RX telemetry] {"data_b64":"ClRYIEFDSyBzZXE9MzYgYWNrX3Q=","description":"ble:LoRa-Chatter-1B44 44:1B:F6:8D:B7:A9","device_key":"ble-address:44:1b:f6:8d:b7:a9","kind":"rx","seq":959,"session":"s1","stream":"telemetry","text":"\nTX ACK seq=36 ack_t","timestamp":1790456016.4536908}
2026-09-26T23:53:36.455+03:00 [RX telemetry] {"data_b64":"bz02M0E2LzEwIGZyYW1lPTE0QiA=","description":"ble:LoRa-Chatter-1B44 44:1B:F6:8D:B7:A9","device_key":"ble-address:44:1b:f6:8d:b7:a9","kind":"rx","seq":960,"session":"s1","stream":"telemetry","text":"o=63A6/10 frame=14B ","timestamp":1790456016.4548721}
2026-09-26T23:53:36.499+03:00 [RX telemetry] {"data_b64":"T0sgdGltZT0xMyBtcyBndWFyZD0=","description":"ble:LoRa-Chatter-1B44 44:1B:F6:8D:B7:A9","device_key":"ble-address:44:1b:f6:8d:b7:a9","kind":"rx","seq":961,"session":"s1","stream":"telemetry","text":"OK time=13 ms guard=","timestamp":1790456016.498711}
2026-09-26T23:53:36.499+03:00 [RX telemetry] {"data_b64":"NTAwbXMK","description":"ble:LoRa-Chatter-1B44 44:1B:F6:8D:B7:A9","device_key":"ble-address:44:1b:f6:8d:b7:a9","kind":"rx","seq":962,"session":"s1","stream":"telemetry","text":"500ms\n","timestamp":1790456016.4993744}
2026-09-26T23:53:36.886+03:00 [AGENT REQUEST] {"id":161,"op":"observe","cursors":{"s1":950,"s2":943},"timeout_ms":6000}
2026-09-26T23:53:36.887+03:00 [AGENT RESPONSE] {"id":161,"ok":true,"result":{"cursors":{"s1":962,"s2":966},"lines":[{"seq_first":946,"seq_last":948,"session":"s2","stream":"telemetry","text":"DELIVERY QUEUED source=2 bytes=8 waiting=1/8 in_flight=0"},{"seq_first":949,"seq_last":949,"session":"s2","stream":"telemetry","text":""},{"seq_first":949,"seq_last":951,"session":"s2","stream":"telemetry","text":"TX USER seq=10 frame=20B user=8B attempt=1/5 OK time=16 ms"},{"seq_first":952,"seq_last":952,"session":"s2","stream":"chat","text":"> 7B0807XX"},{"seq_first":953,"seq_last":956,"session":"s2","stream":"telemetry","text":"DELIVERY WAIT_ACK user=63A6/10 attempt=1/5 timeout=712ms queue=0"},{"seq_first":957,"seq_last":958,"session":"s2","stream":"telemetry","text":"PEER_REPORT our_seq=10 TX=-53/6 Q100"},{"seq_first":959,"seq_last":959,"session":"s2","stream":"telemetry","text":""},{"seq_first":959,"seq_last":962,"session":"s2","stream":"telemetry","text":"RX ACK session=0BC7 seq=36 ack_to=63A6/10 frame=14B RX=-53/6 Q100"},{"seq_first":963,"seq_last":966,"session":"s2","stream":"telemetry","text":"DELIVERY ACK user=63A6/10 attempts=1/5 elapsed=222ms queue=0"},{"seq_first":951,"seq_last":952,"session":"s1","stream":"telemetry","text":"PEER_REPORT our_seq=35 TX=-61/5 Q100"},{"seq_first":953,"seq_last":953,"session":"s1","stream":"telemetry","text":""},{"seq_first":953,"seq_last":956,"session":"s1","stream":"telemetry","text":"RX USER session=63A6 seq=10 frame=20B user=8B RX=-53/6 Q100 disposition=0"},{"seq_first":957,"seq_last":958,"session":"s1","stream":"chat","text":"< [-53/6 Q100] 7B0807XX"},{"seq_first":959,"seq_last":959,"session":"s1","stream":"telemetry","text":""},{"seq_first":959,"seq_last":962,"session":"s1","stream":"telemetry","text":"TX ACK seq=36 ack_to=63A6/10 frame=14B OK time=13 ms guard=500ms"}],"timed_out":false}}
2026-09-26T23:53:37.991+03:00 [AGENT REQUEST] {"id":162,"op":"send_line","session":"s2","text":"7B0808XX"}
2026-09-26T23:53:37.993+03:00 [TX] {"data_b64":"N0IwODA4WFgK","device_key":"ble-address:e0:72:a1:d5:4c:15","kind":"tx","seq":967,"session":"s2","text":"7B0808XX","timestamp":1790456017.9919362,"tx_id":30,"tx_state":"queued"}
2026-09-26T23:53:37.994+03:00 [AGENT RESPONSE] {"id":162,"ok":true,"result":{"state":"queued","tx_id":30}}
2026-09-26T23:53:37.995+03:00 [TX] {"data_b64":"N0IwODA4WFgK","description":"ble:LoRa-Chatter-72E0 E0:72:A1:D5:4C:15","device_key":"ble-address:e0:72:a1:d5:4c:15","kind":"tx","seq":968,"session":"s2","text":"7B0808XX","timestamp":1790456017.9947133,"tx_id":30,"tx_state":"written"}
2026-09-26T23:53:38.119+03:00 [RX telemetry] {"data_b64":"UEVFUl9SRVBPUlQgb3VyX3NlcT0=","description":"ble:LoRa-Chatter-1B44 44:1B:F6:8D:B7:A9","device_key":"ble-address:44:1b:f6:8d:b7:a9","kind":"rx","seq":963,"session":"s1","stream":"telemetry","text":"PEER_REPORT our_seq=","timestamp":1790456018.1188347}
2026-09-26T23:53:38.121+03:00 [RX telemetry] {"data_b64":"MzYgVFg9LTUzLzYgUTEwMAo=","description":"ble:LoRa-Chatter-1B44 44:1B:F6:8D:B7:A9","device_key":"ble-address:44:1b:f6:8d:b7:a9","kind":"rx","seq":964,"session":"s1","stream":"telemetry","text":"36 TX=-53/6 Q100\n","timestamp":1790456018.120527}
2026-09-26T23:53:38.123+03:00 [RX telemetry] {"data_b64":"ClJYIFVTRVIgc2Vzc2lvbj02M0E=","description":"ble:LoRa-Chatter-1B44 44:1B:F6:8D:B7:A9","device_key":"ble-address:44:1b:f6:8d:b7:a9","kind":"rx","seq":965,"session":"s1","stream":"telemetry","text":"\nRX USER session=63A","timestamp":1790456018.1227734}
2026-09-26T23:53:38.124+03:00 [RX telemetry] {"data_b64":"REVMSVZFUlkgUVVFVUVEIHNvdXI=","description":"ble:LoRa-Chatter-72E0 E0:72:A1:D5:4C:15","device_key":"ble-address:e0:72:a1:d5:4c:15","kind":"rx","seq":969,"session":"s2","stream":"telemetry","text":"DELIVERY QUEUED sour","timestamp":1790456018.124101}
2026-09-26T23:53:38.128+03:00 [RX telemetry] {"data_b64":"Y2U9MiBieXRlcz04IHdhaXRpbmc=","description":"ble:LoRa-Chatter-72E0 E0:72:A1:D5:4C:15","device_key":"ble-address:e0:72:a1:d5:4c:15","kind":"rx","seq":970,"session":"s2","stream":"telemetry","text":"ce=2 bytes=8 waiting","timestamp":1790456018.1260552}
2026-09-26T23:53:38.129+03:00 [RX telemetry] {"data_b64":"PTEvOCBpbl9mbGlnaHQ9MAo=","description":"ble:LoRa-Chatter-72E0 E0:72:A1:D5:4C:15","device_key":"ble-address:e0:72:a1:d5:4c:15","kind":"rx","seq":971,"session":"s2","stream":"telemetry","text":"=1/8 in_flight=0\n","timestamp":1790456018.126211}
2026-09-26T23:53:38.129+03:00 [RX telemetry] {"data_b64":"ClRYIFVTRVIgc2VxPTExIGZyYW0=","description":"ble:LoRa-Chatter-72E0 E0:72:A1:D5:4C:15","device_key":"ble-address:e0:72:a1:d5:4c:15","kind":"rx","seq":972,"session":"s2","stream":"telemetry","text":"\nTX USER seq=11 fram","timestamp":1790456018.1263175}
2026-09-26T23:53:38.130+03:00 [RX telemetry] {"data_b64":"ZT0yMEIgdXNlcj04QiBhdHRlbXA=","description":"ble:LoRa-Chatter-72E0 E0:72:A1:D5:4C:15","device_key":"ble-address:e0:72:a1:d5:4c:15","kind":"rx","seq":973,"session":"s2","stream":"telemetry","text":"e=20B user=8B attemp","timestamp":1790456018.126935}
2026-09-26T23:53:38.130+03:00 [RX telemetry] {"data_b64":"dD0xLzUgT0sgdGltZT0xNiBtcwo=","description":"ble:LoRa-Chatter-72E0 E0:72:A1:D5:4C:15","device_key":"ble-address:e0:72:a1:d5:4c:15","kind":"rx","seq":974,"session":"s2","stream":"telemetry","text":"t=1/5 OK time=16 ms\n","timestamp":1790456018.1271007}
2026-09-26T23:53:38.132+03:00 [RX chat] {"data_b64":"PiA3QjA4MDhYWAo=","description":"ble:LoRa-Chatter-72E0 E0:72:A1:D5:4C:15","device_key":"ble-address:e0:72:a1:d5:4c:15","kind":"rx","seq":975,"session":"s2","stream":"chat","text":"> 7B0808XX\n","timestamp":1790456018.1317396}
2026-09-26T23:53:38.132+03:00 [RX telemetry] {"data_b64":"REVMSVZFUlkgV0FJVF9BQ0sgdXM=","description":"ble:LoRa-Chatter-72E0 E0:72:A1:D5:4C:15","device_key":"ble-address:e0:72:a1:d5:4c:15","kind":"rx","seq":976,"session":"s2","stream":"telemetry","text":"DELIVERY WAIT_ACK us","timestamp":1790456018.1324258}
2026-09-26T23:53:38.132+03:00 [RX telemetry] {"data_b64":"ZXI9NjNBNi8xMSBhdHRlbXB0PTE=","description":"ble:LoRa-Chatter-72E0 E0:72:A1:D5:4C:15","device_key":"ble-address:e0:72:a1:d5:4c:15","kind":"rx","seq":977,"session":"s2","stream":"telemetry","text":"er=63A6/11 attempt=1","timestamp":1790456018.1324725}
2026-09-26T23:53:38.133+03:00 [RX telemetry] {"data_b64":"LzUgdGltZW91dD03MTJtcyBxdWU=","description":"ble:LoRa-Chatter-72E0 E0:72:A1:D5:4C:15","device_key":"ble-address:e0:72:a1:d5:4c:15","kind":"rx","seq":978,"session":"s2","stream":"telemetry","text":"/5 timeout=712ms que","timestamp":1790456018.1325042}
2026-09-26T23:53:38.133+03:00 [RX telemetry] {"data_b64":"dWU9MAo=","description":"ble:LoRa-Chatter-72E0 E0:72:A1:D5:4C:15","device_key":"ble-address:e0:72:a1:d5:4c:15","kind":"rx","seq":979,"session":"s2","stream":"telemetry","text":"ue=0\n","timestamp":1790456018.1325321}
2026-09-26T23:53:38.164+03:00 [RX telemetry] {"data_b64":"NiBzZXE9MTEgZnJhbWU9MjBCIHU=","description":"ble:LoRa-Chatter-1B44 44:1B:F6:8D:B7:A9","device_key":"ble-address:44:1b:f6:8d:b7:a9","kind":"rx","seq":966,"session":"s1","stream":"telemetry","text":"6 seq=11 frame=20B u","timestamp":1790456018.1638963}
2026-09-26T23:53:38.166+03:00 [RX telemetry] {"data_b64":"c2VyPThCIFJYPS01My81IFExMDA=","description":"ble:LoRa-Chatter-1B44 44:1B:F6:8D:B7:A9","device_key":"ble-address:44:1b:f6:8d:b7:a9","kind":"rx","seq":967,"session":"s1","stream":"telemetry","text":"ser=8B RX=-53/5 Q100","timestamp":1790456018.1655536}
2026-09-26T23:53:38.167+03:00 [RX telemetry] {"data_b64":"IGRpc3Bvc2l0aW9uPTAK","description":"ble:LoRa-Chatter-1B44 44:1B:F6:8D:B7:A9","device_key":"ble-address:44:1b:f6:8d:b7:a9","kind":"rx","seq":968,"session":"s1","stream":"telemetry","text":" disposition=0\n","timestamp":1790456018.1667328}
2026-09-26T23:53:38.209+03:00 [RX chat] {"data_b64":"PCBbLTUzLzUgUTEwMF0gN0IwODA=","description":"ble:LoRa-Chatter-1B44 44:1B:F6:8D:B7:A9","device_key":"ble-address:44:1b:f6:8d:b7:a9","kind":"rx","seq":969,"session":"s1","stream":"chat","text":"< [-53/5 Q100] 7B080","timestamp":1790456018.209001}
2026-09-26T23:53:38.210+03:00 [RX chat] {"data_b64":"OFhYCg==","description":"ble:LoRa-Chatter-1B44 44:1B:F6:8D:B7:A9","device_key":"ble-address:44:1b:f6:8d:b7:a9","kind":"rx","seq":970,"session":"s1","stream":"chat","text":"8XX\n","timestamp":1790456018.2090893}
2026-09-26T23:53:38.346+03:00 [RX telemetry] {"data_b64":"ClRYIEFDSyBzZXE9MzcgYWNrX3Q=","description":"ble:LoRa-Chatter-1B44 44:1B:F6:8D:B7:A9","device_key":"ble-address:44:1b:f6:8d:b7:a9","kind":"rx","seq":971,"session":"s1","stream":"telemetry","text":"\nTX ACK seq=37 ack_t","timestamp":1790456018.3458006}
2026-09-26T23:53:38.346+03:00 [RX telemetry] {"data_b64":"bz02M0E2LzExIGZyYW1lPTE0QiA=","description":"ble:LoRa-Chatter-1B44 44:1B:F6:8D:B7:A9","device_key":"ble-address:44:1b:f6:8d:b7:a9","kind":"rx","seq":972,"session":"s1","stream":"telemetry","text":"o=63A6/11 frame=14B ","timestamp":1790456018.3467605}
2026-09-26T23:53:38.347+03:00 [RX telemetry] {"data_b64":"T0sgdGltZT0xMyBtcyBndWFyZD0=","description":"ble:LoRa-Chatter-1B44 44:1B:F6:8D:B7:A9","device_key":"ble-address:44:1b:f6:8d:b7:a9","kind":"rx","seq":973,"session":"s1","stream":"telemetry","text":"OK time=13 ms guard=","timestamp":1790456018.346813}
2026-09-26T23:53:38.348+03:00 [RX telemetry] {"data_b64":"UEVFUl9SRVBPUlQgb3VyX3NlcT0=","description":"ble:LoRa-Chatter-72E0 E0:72:A1:D5:4C:15","device_key":"ble-address:e0:72:a1:d5:4c:15","kind":"rx","seq":980,"session":"s2","stream":"telemetry","text":"PEER_REPORT our_seq=","timestamp":1790456018.3478694}
2026-09-26T23:53:38.348+03:00 [RX telemetry] {"data_b64":"MTEgVFg9LTUzLzUgUTEwMAo=","description":"ble:LoRa-Chatter-72E0 E0:72:A1:D5:4C:15","device_key":"ble-address:e0:72:a1:d5:4c:15","kind":"rx","seq":981,"session":"s2","stream":"telemetry","text":"11 TX=-53/5 Q100\n","timestamp":1790456018.3485603}
2026-09-26T23:53:38.348+03:00 [RX telemetry] {"data_b64":"ClJYIEFDSyBzZXNzaW9uPTBCQzc=","description":"ble:LoRa-Chatter-72E0 E0:72:A1:D5:4C:15","device_key":"ble-address:e0:72:a1:d5:4c:15","kind":"rx","seq":982,"session":"s2","stream":"telemetry","text":"\nRX ACK session=0BC7","timestamp":1790456018.3486032}
2026-09-26T23:53:38.350+03:00 [RX telemetry] {"data_b64":"IHNlcT0zNyBhY2tfdG89NjNBNi8=","description":"ble:LoRa-Chatter-72E0 E0:72:A1:D5:4C:15","device_key":"ble-address:e0:72:a1:d5:4c:15","kind":"rx","seq":983,"session":"s2","stream":"telemetry","text":" seq=37 ack_to=63A6/","timestamp":1790456018.349938}
2026-09-26T23:53:38.350+03:00 [RX telemetry] {"data_b64":"MTEgZnJhbWU9MTRCIFJYPS01NC8=","description":"ble:LoRa-Chatter-72E0 E0:72:A1:D5:4C:15","device_key":"ble-address:e0:72:a1:d5:4c:15","kind":"rx","seq":984,"session":"s2","stream":"telemetry","text":"11 frame=14B RX=-54/","timestamp":1790456018.3505304}
2026-09-26T23:53:38.350+03:00 [RX telemetry] {"data_b64":"NSBRMTAwCg==","description":"ble:LoRa-Chatter-72E0 E0:72:A1:D5:4C:15","device_key":"ble-address:e0:72:a1:d5:4c:15","kind":"rx","seq":985,"session":"s2","stream":"telemetry","text":"5 Q100\n","timestamp":1790456018.3505867}
2026-09-26T23:53:38.352+03:00 [RX telemetry] {"data_b64":"REVMSVZFUlkgQUNLIHVzZXI9NjM=","description":"ble:LoRa-Chatter-72E0 E0:72:A1:D5:4C:15","device_key":"ble-address:e0:72:a1:d5:4c:15","kind":"rx","seq":986,"session":"s2","stream":"telemetry","text":"DELIVERY ACK user=63","timestamp":1790456018.352449}
2026-09-26T23:53:38.353+03:00 [RX telemetry] {"data_b64":"QTYvMTEgYXR0ZW1wdHM9MS81IGU=","description":"ble:LoRa-Chatter-72E0 E0:72:A1:D5:4C:15","device_key":"ble-address:e0:72:a1:d5:4c:15","kind":"rx","seq":987,"session":"s2","stream":"telemetry","text":"A6/11 attempts=1/5 e","timestamp":1790456018.3530147}
2026-09-26T23:53:38.353+03:00 [RX telemetry] {"data_b64":"bGFwc2VkPTIyMm1zIHF1ZXVlPTA=","description":"ble:LoRa-Chatter-72E0 E0:72:A1:D5:4C:15","device_key":"ble-address:e0:72:a1:d5:4c:15","kind":"rx","seq":988,"session":"s2","stream":"telemetry","text":"lapsed=222ms queue=0","timestamp":1790456018.3530402}
2026-09-26T23:53:38.353+03:00 [RX telemetry] {"data_b64":"Cg==","description":"ble:LoRa-Chatter-72E0 E0:72:A1:D5:4C:15","device_key":"ble-address:e0:72:a1:d5:4c:15","kind":"rx","seq":989,"session":"s2","stream":"telemetry","text":"\n","timestamp":1790456018.3530564}
2026-09-26T23:53:38.389+03:00 [RX telemetry] {"data_b64":"NTAwbXMK","description":"ble:LoRa-Chatter-1B44 44:1B:F6:8D:B7:A9","device_key":"ble-address:44:1b:f6:8d:b7:a9","kind":"rx","seq":974,"session":"s1","stream":"telemetry","text":"500ms\n","timestamp":1790456018.3888497}
2026-09-26T23:53:39.098+03:00 [AGENT REQUEST] {"id":163,"op":"observe","cursors":{"s1":962,"s2":966},"timeout_ms":6000}
2026-09-26T23:53:39.100+03:00 [AGENT RESPONSE] {"id":163,"ok":true,"result":{"cursors":{"s1":974,"s2":989},"lines":[{"seq_first":963,"seq_last":964,"session":"s1","stream":"telemetry","text":"PEER_REPORT our_seq=36 TX=-53/6 Q100"},{"seq_first":965,"seq_last":965,"session":"s1","stream":"telemetry","text":""},{"seq_first":969,"seq_last":971,"session":"s2","stream":"telemetry","text":"DELIVERY QUEUED source=2 bytes=8 waiting=1/8 in_flight=0"},{"seq_first":972,"seq_last":972,"session":"s2","stream":"telemetry","text":""},{"seq_first":972,"seq_last":974,"session":"s2","stream":"telemetry","text":"TX USER seq=11 frame=20B user=8B attempt=1/5 OK time=16 ms"},{"seq_first":975,"seq_last":975,"session":"s2","stream":"chat","text":"> 7B0808XX"},{"seq_first":976,"seq_last":979,"session":"s2","stream":"telemetry","text":"DELIVERY WAIT_ACK user=63A6/11 attempt=1/5 timeout=712ms queue=0"},{"seq_first":965,"seq_last":968,"session":"s1","stream":"telemetry","text":"RX USER session=63A6 seq=11 frame=20B user=8B RX=-53/5 Q100 disposition=0"},{"seq_first":969,"seq_last":970,"session":"s1","stream":"chat","text":"< [-53/5 Q100] 7B0808XX"},{"seq_first":971,"seq_last":971,"session":"s1","stream":"telemetry","text":""},{"seq_first":980,"seq_last":981,"session":"s2","stream":"telemetry","text":"PEER_REPORT our_seq=11 TX=-53/5 Q100"},{"seq_first":982,"seq_last":982,"session":"s2","stream":"telemetry","text":""},{"seq_first":982,"seq_last":985,"session":"s2","stream":"telemetry","text":"RX ACK session=0BC7 seq=37 ack_to=63A6/11 frame=14B RX=-54/5 Q100"},{"seq_first":986,"seq_last":989,"session":"s2","stream":"telemetry","text":"DELIVERY ACK user=63A6/11 attempts=1/5 elapsed=222ms queue=0"},{"seq_first":971,"seq_last":974,"session":"s1","stream":"telemetry","text":"TX ACK seq=37 ack_to=63A6/11 frame=14B OK time=13 ms guard=500ms"}],"timed_out":false}}
2026-09-26T23:53:40.201+03:00 [AGENT REQUEST] {"id":164,"op":"send_line","session":"s2","text":"7B0809XX"}
2026-09-26T23:53:40.202+03:00 [TX] {"data_b64":"N0IwODA5WFgK","device_key":"ble-address:e0:72:a1:d5:4c:15","kind":"tx","seq":990,"session":"s2","text":"7B0809XX","timestamp":1790456020.2020104,"tx_id":31,"tx_state":"queued"}
2026-09-26T23:53:40.203+03:00 [AGENT RESPONSE] {"id":164,"ok":true,"result":{"state":"queued","tx_id":31}}
2026-09-26T23:53:40.204+03:00 [TX] {"data_b64":"N0IwODA5WFgK","description":"ble:LoRa-Chatter-72E0 E0:72:A1:D5:4C:15","device_key":"ble-address:e0:72:a1:d5:4c:15","kind":"tx","seq":991,"session":"s2","text":"7B0809XX","timestamp":1790456020.2040222,"tx_id":31,"tx_state":"written"}
2026-09-26T23:53:40.279+03:00 [RX telemetry] {"data_b64":"UEVFUl9SRVBPUlQgb3VyX3NlcT0=","description":"ble:LoRa-Chatter-1B44 44:1B:F6:8D:B7:A9","device_key":"ble-address:44:1b:f6:8d:b7:a9","kind":"rx","seq":975,"session":"s1","stream":"telemetry","text":"PEER_REPORT our_seq=","timestamp":1790456020.2788854}
2026-09-26T23:53:40.281+03:00 [RX telemetry] {"data_b64":"MzcgVFg9LTU0LzUgUTEwMAo=","description":"ble:LoRa-Chatter-1B44 44:1B:F6:8D:B7:A9","device_key":"ble-address:44:1b:f6:8d:b7:a9","kind":"rx","seq":976,"session":"s1","stream":"telemetry","text":"37 TX=-54/5 Q100\n","timestamp":1790456020.2804754}
2026-09-26T23:53:40.281+03:00 [RX telemetry] {"data_b64":"ClJYIFVTRVIgc2Vzc2lvbj02M0E=","description":"ble:LoRa-Chatter-1B44 44:1B:F6:8D:B7:A9","device_key":"ble-address:44:1b:f6:8d:b7:a9","kind":"rx","seq":977,"session":"s1","stream":"telemetry","text":"\nRX USER session=63A","timestamp":1790456020.2805574}
2026-09-26T23:53:40.281+03:00 [RX telemetry] {"data_b64":"NiBzZXE9MTIgZnJhbWU9MjBCIHU=","description":"ble:LoRa-Chatter-1B44 44:1B:F6:8D:B7:A9","device_key":"ble-address:44:1b:f6:8d:b7:a9","kind":"rx","seq":978,"session":"s1","stream":"telemetry","text":"6 seq=12 frame=20B u","timestamp":1790456020.2806258}
2026-09-26T23:53:40.282+03:00 [RX telemetry] {"data_b64":"c2VyPThCIFJYPS02NC82IFExMDA=","description":"ble:LoRa-Chatter-1B44 44:1B:F6:8D:B7:A9","device_key":"ble-address:44:1b:f6:8d:b7:a9","kind":"rx","seq":979,"session":"s1","stream":"telemetry","text":"ser=8B RX=-64/6 Q100","timestamp":1790456020.2820935}
2026-09-26T23:53:40.282+03:00 [RX telemetry] {"data_b64":"IGRpc3Bvc2l0aW9uPTAK","description":"ble:LoRa-Chatter-1B44 44:1B:F6:8D:B7:A9","device_key":"ble-address:44:1b:f6:8d:b7:a9","kind":"rx","seq":980,"session":"s1","stream":"telemetry","text":" disposition=0\n","timestamp":1790456020.282148}
2026-09-26T23:53:40.284+03:00 [RX chat] {"data_b64":"PCBbLTY0LzYgUTEwMF0gN0IwODA=","description":"ble:LoRa-Chatter-1B44 44:1B:F6:8D:B7:A9","device_key":"ble-address:44:1b:f6:8d:b7:a9","kind":"rx","seq":981,"session":"s1","stream":"chat","text":"< [-64/6 Q100] 7B080","timestamp":1790456020.2835064}
2026-09-26T23:53:40.285+03:00 [RX chat] {"data_b64":"OVhYCg==","description":"ble:LoRa-Chatter-1B44 44:1B:F6:8D:B7:A9","device_key":"ble-address:44:1b:f6:8d:b7:a9","kind":"rx","seq":982,"session":"s1","stream":"chat","text":"9XX\n","timestamp":1790456020.2843676}
2026-09-26T23:53:40.330+03:00 [RX telemetry] {"data_b64":"REVMSVZFUlkgUVVFVUVEIHNvdXI=","description":"ble:LoRa-Chatter-72E0 E0:72:A1:D5:4C:15","device_key":"ble-address:e0:72:a1:d5:4c:15","kind":"rx","seq":992,"session":"s2","stream":"telemetry","text":"DELIVERY QUEUED sour","timestamp":1790456020.3294623}
2026-09-26T23:53:40.331+03:00 [RX telemetry] {"data_b64":"Y2U9MiBieXRlcz04IHdhaXRpbmc=","description":"ble:LoRa-Chatter-72E0 E0:72:A1:D5:4C:15","device_key":"ble-address:e0:72:a1:d5:4c:15","kind":"rx","seq":993,"session":"s2","stream":"telemetry","text":"ce=2 bytes=8 waiting","timestamp":1790456020.3312564}
2026-09-26T23:53:40.332+03:00 [RX telemetry] {"data_b64":"PTEvOCBpbl9mbGlnaHQ9MAo=","description":"ble:LoRa-Chatter-72E0 E0:72:A1:D5:4C:15","device_key":"ble-address:e0:72:a1:d5:4c:15","kind":"rx","seq":994,"session":"s2","stream":"telemetry","text":"=1/8 in_flight=0\n","timestamp":1790456020.3313675}
2026-09-26T23:53:40.333+03:00 [RX telemetry] {"data_b64":"ClRYIFVTRVIgc2VxPTEyIGZyYW0=","description":"ble:LoRa-Chatter-72E0 E0:72:A1:D5:4C:15","device_key":"ble-address:e0:72:a1:d5:4c:15","kind":"rx","seq":995,"session":"s2","stream":"telemetry","text":"\nTX USER seq=12 fram","timestamp":1790456020.3329551}
2026-09-26T23:53:40.334+03:00 [RX telemetry] {"data_b64":"ZT0yMEIgdXNlcj04QiBhdHRlbXA=","description":"ble:LoRa-Chatter-72E0 E0:72:A1:D5:4C:15","device_key":"ble-address:e0:72:a1:d5:4c:15","kind":"rx","seq":996,"session":"s2","stream":"telemetry","text":"e=20B user=8B attemp","timestamp":1790456020.3330824}
2026-09-26T23:53:40.335+03:00 [RX telemetry] {"data_b64":"dD0xLzUgT0sgdGltZT0xNiBtcwo=","description":"ble:LoRa-Chatter-72E0 E0:72:A1:D5:4C:15","device_key":"ble-address:e0:72:a1:d5:4c:15","kind":"rx","seq":997,"session":"s2","stream":"telemetry","text":"t=1/5 OK time=16 ms\n","timestamp":1790456020.3331547}
2026-09-26T23:53:40.335+03:00 [RX chat] {"data_b64":"PiA3QjA4MDlYWAo=","description":"ble:LoRa-Chatter-72E0 E0:72:A1:D5:4C:15","device_key":"ble-address:e0:72:a1:d5:4c:15","kind":"rx","seq":998,"session":"s2","stream":"chat","text":"> 7B0809XX\n","timestamp":1790456020.333911}
2026-09-26T23:53:40.336+03:00 [RX telemetry] {"data_b64":"REVMSVZFUlkgV0FJVF9BQ0sgdXM=","description":"ble:LoRa-Chatter-72E0 E0:72:A1:D5:4C:15","device_key":"ble-address:e0:72:a1:d5:4c:15","kind":"rx","seq":999,"session":"s2","stream":"telemetry","text":"DELIVERY WAIT_ACK us","timestamp":1790456020.334655}
2026-09-26T23:53:40.336+03:00 [RX telemetry] {"data_b64":"ZXI9NjNBNi8xMiBhdHRlbXB0PTE=","description":"ble:LoRa-Chatter-72E0 E0:72:A1:D5:4C:15","device_key":"ble-address:e0:72:a1:d5:4c:15","kind":"rx","seq":1000,"session":"s2","stream":"telemetry","text":"er=63A6/12 attempt=1","timestamp":1790456020.3346992}
2026-09-26T23:53:40.336+03:00 [RX telemetry] {"data_b64":"LzUgdGltZW91dD03MTJtcyBxdWU=","description":"ble:LoRa-Chatter-72E0 E0:72:A1:D5:4C:15","device_key":"ble-address:e0:72:a1:d5:4c:15","kind":"rx","seq":1001,"session":"s2","stream":"telemetry","text":"/5 timeout=712ms que","timestamp":1790456020.3359935}
2026-09-26T23:53:40.337+03:00 [RX telemetry] {"data_b64":"dWU9MAo=","description":"ble:LoRa-Chatter-72E0 E0:72:A1:D5:4C:15","device_key":"ble-address:e0:72:a1:d5:4c:15","kind":"rx","seq":1002,"session":"s2","stream":"telemetry","text":"ue=0\n","timestamp":1790456020.336564}
2026-09-26T23:53:40.504+03:00 [RX telemetry] {"data_b64":"ClRYIEFDSyBzZXE9MzggYWNrX3Q=","description":"ble:LoRa-Chatter-1B44 44:1B:F6:8D:B7:A9","device_key":"ble-address:44:1b:f6:8d:b7:a9","kind":"rx","seq":983,"session":"s1","stream":"telemetry","text":"\nTX ACK seq=38 ack_t","timestamp":1790456020.503799}
2026-09-26T23:53:40.505+03:00 [RX telemetry] {"data_b64":"bz02M0E2LzEyIGZyYW1lPTE0QiA=","description":"ble:LoRa-Chatter-1B44 44:1B:F6:8D:B7:A9","device_key":"ble-address:44:1b:f6:8d:b7:a9","kind":"rx","seq":984,"session":"s1","stream":"telemetry","text":"o=63A6/12 frame=14B ","timestamp":1790456020.505054}
2026-09-26T23:53:40.506+03:00 [RX telemetry] {"data_b64":"T0sgdGltZT0xMyBtcyBndWFyZD0=","description":"ble:LoRa-Chatter-1B44 44:1B:F6:8D:B7:A9","device_key":"ble-address:44:1b:f6:8d:b7:a9","kind":"rx","seq":985,"session":"s1","stream":"telemetry","text":"OK time=13 ms guard=","timestamp":1790456020.5059674}
2026-09-26T23:53:40.509+03:00 [RX telemetry] {"data_b64":"UEVFUl9SRVBPUlQgb3VyX3NlcT0=","description":"ble:LoRa-Chatter-72E0 E0:72:A1:D5:4C:15","device_key":"ble-address:e0:72:a1:d5:4c:15","kind":"rx","seq":1003,"session":"s2","stream":"telemetry","text":"PEER_REPORT our_seq=","timestamp":1790456020.5085256}
2026-09-26T23:53:40.510+03:00 [RX telemetry] {"data_b64":"MTIgVFg9LTY0LzYgUTEwMAo=","description":"ble:LoRa-Chatter-72E0 E0:72:A1:D5:4C:15","device_key":"ble-address:e0:72:a1:d5:4c:15","kind":"rx","seq":1004,"session":"s2","stream":"telemetry","text":"12 TX=-64/6 Q100\n","timestamp":1790456020.5099382}
2026-09-26T23:53:40.510+03:00 [RX telemetry] {"data_b64":"ClJYIEFDSyBzZXNzaW9uPTBCQzc=","description":"ble:LoRa-Chatter-72E0 E0:72:A1:D5:4C:15","device_key":"ble-address:e0:72:a1:d5:4c:15","kind":"rx","seq":1005,"session":"s2","stream":"telemetry","text":"\nRX ACK session=0BC7","timestamp":1790456020.5100505}
2026-09-26T23:53:40.513+03:00 [RX telemetry] {"data_b64":"IHNlcT0zOCBhY2tfdG89NjNBNi8=","description":"ble:LoRa-Chatter-72E0 E0:72:A1:D5:4C:15","device_key":"ble-address:e0:72:a1:d5:4c:15","kind":"rx","seq":1006,"session":"s2","stream":"telemetry","text":" seq=38 ack_to=63A6/","timestamp":1790456020.5123336}
2026-09-26T23:53:40.513+03:00 [RX telemetry] {"data_b64":"MTIgZnJhbWU9MTRCIFJYPS02Mi8=","description":"ble:LoRa-Chatter-72E0 E0:72:A1:D5:4C:15","device_key":"ble-address:e0:72:a1:d5:4c:15","kind":"rx","seq":1007,"session":"s2","stream":"telemetry","text":"12 frame=14B RX=-62/","timestamp":1790456020.5124912}
2026-09-26T23:53:40.514+03:00 [RX telemetry] {"data_b64":"NiBRMTAwCg==","description":"ble:LoRa-Chatter-72E0 E0:72:A1:D5:4C:15","device_key":"ble-address:e0:72:a1:d5:4c:15","kind":"rx","seq":1008,"session":"s2","stream":"telemetry","text":"6 Q100\n","timestamp":1790456020.512563}
2026-09-26T23:53:40.514+03:00 [RX telemetry] {"data_b64":"REVMSVZFUlkgQUNLIHVzZXI9NjM=","description":"ble:LoRa-Chatter-72E0 E0:72:A1:D5:4C:15","device_key":"ble-address:e0:72:a1:d5:4c:15","kind":"rx","seq":1009,"session":"s2","stream":"telemetry","text":"DELIVERY ACK user=63","timestamp":1790456020.5144632}
2026-09-26T23:53:40.518+03:00 [RX telemetry] {"data_b64":"QTYvMTIgYXR0ZW1wdHM9MS81IGU=","description":"ble:LoRa-Chatter-72E0 E0:72:A1:D5:4C:15","device_key":"ble-address:e0:72:a1:d5:4c:15","kind":"rx","seq":1010,"session":"s2","stream":"telemetry","text":"A6/12 attempts=1/5 e","timestamp":1790456020.5171251}
2026-09-26T23:53:40.518+03:00 [RX telemetry] {"data_b64":"bGFwc2VkPTIyMm1zIHF1ZXVlPTA=","description":"ble:LoRa-Chatter-72E0 E0:72:A1:D5:4C:15","device_key":"ble-address:e0:72:a1:d5:4c:15","kind":"rx","seq":1011,"session":"s2","stream":"telemetry","text":"lapsed=222ms queue=0","timestamp":1790456020.5174205}
2026-09-26T23:53:40.519+03:00 [RX telemetry] {"data_b64":"Cg==","description":"ble:LoRa-Chatter-72E0 E0:72:A1:D5:4C:15","device_key":"ble-address:e0:72:a1:d5:4c:15","kind":"rx","seq":1012,"session":"s2","stream":"telemetry","text":"\n","timestamp":1790456020.5190408}
2026-09-26T23:53:40.550+03:00 [RX telemetry] {"data_b64":"NTAwbXMK","description":"ble:LoRa-Chatter-1B44 44:1B:F6:8D:B7:A9","device_key":"ble-address:44:1b:f6:8d:b7:a9","kind":"rx","seq":986,"session":"s1","stream":"telemetry","text":"500ms\n","timestamp":1790456020.5500524}
2026-09-26T23:53:41.305+03:00 [AGENT REQUEST] {"id":165,"op":"observe","cursors":{"s1":974,"s2":989},"timeout_ms":6000}
2026-09-26T23:53:41.306+03:00 [AGENT RESPONSE] {"id":165,"ok":true,"result":{"cursors":{"s1":986,"s2":1012},"lines":[{"seq_first":975,"seq_last":976,"session":"s1","stream":"telemetry","text":"PEER_REPORT our_seq=37 TX=-54/5 Q100"},{"seq_first":977,"seq_last":977,"session":"s1","stream":"telemetry","text":""},{"seq_first":977,"seq_last":980,"session":"s1","stream":"telemetry","text":"RX USER session=63A6 seq=12 frame=20B user=8B RX=-64/6 Q100 disposition=0"},{"seq_first":981,"seq_last":982,"session":"s1","stream":"chat","text":"< [-64/6 Q100] 7B0809XX"},{"seq_first":992,"seq_last":994,"session":"s2","stream":"telemetry","text":"DELIVERY QUEUED source=2 bytes=8 waiting=1/8 in_flight=0"},{"seq_first":995,"seq_last":995,"session":"s2","stream":"telemetry","text":""},{"seq_first":995,"seq_last":997,"session":"s2","stream":"telemetry","text":"TX USER seq=12 frame=20B user=8B attempt=1/5 OK time=16 ms"},{"seq_first":998,"seq_last":998,"session":"s2","stream":"chat","text":"> 7B0809XX"},{"seq_first":999,"seq_last":1002,"session":"s2","stream":"telemetry","text":"DELIVERY WAIT_ACK user=63A6/12 attempt=1/5 timeout=712ms queue=0"},{"seq_first":983,"seq_last":983,"session":"s1","stream":"telemetry","text":""},{"seq_first":1003,"seq_last":1004,"session":"s2","stream":"telemetry","text":"PEER_REPORT our_seq=12 TX=-64/6 Q100"},{"seq_first":1005,"seq_last":1005,"session":"s2","stream":"telemetry","text":""},{"seq_first":1005,"seq_last":1008,"session":"s2","stream":"telemetry","text":"RX ACK session=0BC7 seq=38 ack_to=63A6/12 frame=14B RX=-62/6 Q100"},{"seq_first":1009,"seq_last":1012,"session":"s2","stream":"telemetry","text":"DELIVERY ACK user=63A6/12 attempts=1/5 elapsed=222ms queue=0"},{"seq_first":983,"seq_last":986,"session":"s1","stream":"telemetry","text":"TX ACK seq=38 ack_to=63A6/12 frame=14B OK time=13 ms guard=500ms"}],"timed_out":false}}
2026-09-26T23:53:42.411+03:00 [AGENT REQUEST] {"id":166,"op":"observe","cursors":{"s1":986,"s2":1012},"timeout_ms":6000}
2026-09-26T23:53:43.514+03:00 [AGENT REQUEST] {"id":167,"op":"observe","cursors":{"s1":986,"s2":1012},"timeout_ms":6000}
2026-09-26T23:53:44.618+03:00 [AGENT REQUEST] {"id":168,"op":"observe","cursors":{"s1":986,"s2":1012},"timeout_ms":6000}
2026-09-26T23:53:45.723+03:00 [AGENT REQUEST] {"id":169,"op":"observe","cursors":{"s1":986,"s2":1012},"timeout_ms":6000}
2026-09-26T23:53:46.827+03:00 [AGENT REQUEST] {"id":170,"op":"observe","cursors":{"s1":986,"s2":1012},"timeout_ms":6000}
2026-09-26T23:53:47.932+03:00 [AGENT REQUEST] {"id":171,"op":"observe","cursors":{"s1":986,"s2":1012},"timeout_ms":6000}
2026-09-26T23:53:48.413+03:00 [AGENT RESPONSE] {"id":166,"ok":true,"result":{"cursors":{"s1":986,"s2":1012},"lines":[],"timed_out":true}}
2026-09-26T23:53:49.035+03:00 [AGENT REQUEST] {"id":172,"op":"observe","cursors":{"s1":986,"s2":1012},"timeout_ms":6000}
2026-09-26T23:53:49.515+03:00 [AGENT RESPONSE] {"id":167,"ok":true,"result":{"cursors":{"s1":986,"s2":1012},"lines":[],"timed_out":true}}
2026-09-26T23:53:50.139+03:00 [AGENT REQUEST] {"id":173,"op":"observe","cursors":{"s1":986,"s2":1012},"timeout_ms":6000}
2026-09-26T23:53:50.619+03:00 [AGENT RESPONSE] {"id":168,"ok":true,"result":{"cursors":{"s1":986,"s2":1012},"lines":[],"timed_out":true}}
2026-09-26T23:53:51.243+03:00 [AGENT REQUEST] {"id":174,"op":"observe","cursors":{"s1":986,"s2":1012},"timeout_ms":6000}
2026-09-26T23:53:51.726+03:00 [AGENT RESPONSE] {"id":169,"ok":true,"result":{"cursors":{"s1":986,"s2":1012},"lines":[],"timed_out":true}}
2026-09-26T23:53:52.346+03:00 [AGENT REQUEST] {"id":175,"op":"observe","cursors":{"s1":986,"s2":1012},"timeout_ms":6000}
2026-09-26T23:53:52.829+03:00 [AGENT RESPONSE] {"id":170,"ok":true,"result":{"cursors":{"s1":986,"s2":1012},"lines":[],"timed_out":true}}
2026-09-26T23:53:53.449+03:00 [AGENT REQUEST] {"id":176,"op":"observe","cursors":{"s1":986,"s2":1012},"timeout_ms":6000}
2026-09-26T23:53:53.933+03:00 [AGENT RESPONSE] {"id":171,"ok":true,"result":{"cursors":{"s1":986,"s2":1012},"lines":[],"timed_out":true}}
2026-09-26T23:53:54.553+03:00 [AGENT REQUEST] {"id":177,"op":"send_line","session":"s2","text":"7B0810XX"}
2026-09-26T23:53:54.561+03:00 [TX] {"data_b64":"N0IwODEwWFgK","device_key":"ble-address:e0:72:a1:d5:4c:15","kind":"tx","seq":1013,"session":"s2","text":"7B0810XX","timestamp":1790456034.5539975,"tx_id":32,"tx_state":"queued"}
2026-09-26T23:53:54.562+03:00 [AGENT RESPONSE] {"id":172,"ok":true,"result":{"cursors":{"s1":986,"s2":1013},"lines":[],"timed_out":false}}
2026-09-26T23:53:54.562+03:00 [TX] {"data_b64":"N0IwODEwWFgK","description":"ble:LoRa-Chatter-72E0 E0:72:A1:D5:4C:15","device_key":"ble-address:e0:72:a1:d5:4c:15","kind":"tx","seq":1014,"session":"s2","text":"7B0810XX","timestamp":1790456034.5591366,"tx_id":32,"tx_state":"written"}
2026-09-26T23:53:54.562+03:00 [AGENT RESPONSE] {"id":173,"ok":true,"result":{"cursors":{"s1":986,"s2":1013},"lines":[],"timed_out":false}}
2026-09-26T23:53:54.562+03:00 [AGENT RESPONSE] {"id":174,"ok":true,"result":{"cursors":{"s1":986,"s2":1013},"lines":[],"timed_out":false}}
2026-09-26T23:53:54.562+03:00 [AGENT RESPONSE] {"id":175,"ok":true,"result":{"cursors":{"s1":986,"s2":1013},"lines":[],"timed_out":false}}
2026-09-26T23:53:54.563+03:00 [AGENT RESPONSE] {"id":176,"ok":true,"result":{"cursors":{"s1":986,"s2":1013},"lines":[],"timed_out":false}}
2026-09-26T23:53:54.563+03:00 [AGENT RESPONSE] {"id":177,"ok":true,"result":{"state":"queued","tx_id":32}}
2026-09-26T23:53:54.680+03:00 [RX telemetry] {"data_b64":"UEVFUl9SRVBPUlQgb3VyX3NlcT0=","description":"ble:LoRa-Chatter-1B44 44:1B:F6:8D:B7:A9","device_key":"ble-address:44:1b:f6:8d:b7:a9","kind":"rx","seq":987,"session":"s1","stream":"telemetry","text":"PEER_REPORT our_seq=","timestamp":1790456034.679845}
2026-09-26T23:53:54.683+03:00 [RX telemetry] {"data_b64":"MzggVFg9LTYyLzYgUTEwMAo=","description":"ble:LoRa-Chatter-1B44 44:1B:F6:8D:B7:A9","device_key":"ble-address:44:1b:f6:8d:b7:a9","kind":"rx","seq":988,"session":"s1","stream":"telemetry","text":"38 TX=-62/6 Q100\n","timestamp":1790456034.6820145}
2026-09-26T23:53:54.684+03:00 [RX telemetry] {"data_b64":"ClJYIFVTRVIgc2Vzc2lvbj02M0E=","description":"ble:LoRa-Chatter-1B44 44:1B:F6:8D:B7:A9","device_key":"ble-address:44:1b:f6:8d:b7:a9","kind":"rx","seq":989,"session":"s1","stream":"telemetry","text":"\nRX USER session=63A","timestamp":1790456034.6821165}
2026-09-26T23:53:54.684+03:00 [RX telemetry] {"data_b64":"NiBzZXE9MTMgZnJhbWU9MjBCIHU=","description":"ble:LoRa-Chatter-1B44 44:1B:F6:8D:B7:A9","device_key":"ble-address:44:1b:f6:8d:b7:a9","kind":"rx","seq":990,"session":"s1","stream":"telemetry","text":"6 seq=13 frame=20B u","timestamp":1790456034.682629}
2026-09-26T23:53:54.684+03:00 [RX telemetry] {"data_b64":"c2VyPThCIFJYPS00OS81IFExMDA=","description":"ble:LoRa-Chatter-1B44 44:1B:F6:8D:B7:A9","device_key":"ble-address:44:1b:f6:8d:b7:a9","kind":"rx","seq":991,"session":"s1","stream":"telemetry","text":"ser=8B RX=-49/5 Q100","timestamp":1790456034.6837125}
2026-09-26T23:53:54.684+03:00 [RX telemetry] {"data_b64":"IGRpc3Bvc2l0aW9uPTAK","description":"ble:LoRa-Chatter-1B44 44:1B:F6:8D:B7:A9","device_key":"ble-address:44:1b:f6:8d:b7:a9","kind":"rx","seq":992,"session":"s1","stream":"telemetry","text":" disposition=0\n","timestamp":1790456034.6838124}
2026-09-26T23:53:54.684+03:00 [RX chat] {"data_b64":"PCBbLTQ5LzUgUTEwMF0gN0IwODE=","description":"ble:LoRa-Chatter-1B44 44:1B:F6:8D:B7:A9","device_key":"ble-address:44:1b:f6:8d:b7:a9","kind":"rx","seq":993,"session":"s1","stream":"chat","text":"< [-49/5 Q100] 7B081","timestamp":1790456034.6839023}
2026-09-26T23:53:54.685+03:00 [RX chat] {"data_b64":"MFhYCg==","description":"ble:LoRa-Chatter-1B44 44:1B:F6:8D:B7:A9","device_key":"ble-address:44:1b:f6:8d:b7:a9","kind":"rx","seq":994,"session":"s1","stream":"chat","text":"0XX\n","timestamp":1790456034.6839745}
2026-09-26T23:53:54.728+03:00 [RX telemetry] {"data_b64":"REVMSVZFUlkgUVVFVUVEIHNvdXI=","description":"ble:LoRa-Chatter-72E0 E0:72:A1:D5:4C:15","device_key":"ble-address:e0:72:a1:d5:4c:15","kind":"rx","seq":1015,"session":"s2","stream":"telemetry","text":"DELIVERY QUEUED sour","timestamp":1790456034.7282934}
2026-09-26T23:53:54.728+03:00 [RX telemetry] {"data_b64":"Y2U9MiBieXRlcz04IHdhaXRpbmc=","description":"ble:LoRa-Chatter-72E0 E0:72:A1:D5:4C:15","device_key":"ble-address:e0:72:a1:d5:4c:15","kind":"rx","seq":1016,"session":"s2","stream":"telemetry","text":"ce=2 bytes=8 waiting","timestamp":1790456034.7284255}
2026-09-26T23:53:54.728+03:00 [RX telemetry] {"data_b64":"PTEvOCBpbl9mbGlnaHQ9MAo=","description":"ble:LoRa-Chatter-72E0 E0:72:A1:D5:4C:15","device_key":"ble-address:e0:72:a1:d5:4c:15","kind":"rx","seq":1017,"session":"s2","stream":"telemetry","text":"=1/8 in_flight=0\n","timestamp":1790456034.7284472}
2026-09-26T23:53:54.730+03:00 [RX telemetry] {"data_b64":"ClRYIFVTRVIgc2VxPTEzIGZyYW0=","description":"ble:LoRa-Chatter-72E0 E0:72:A1:D5:4C:15","device_key":"ble-address:e0:72:a1:d5:4c:15","kind":"rx","seq":1018,"session":"s2","stream":"telemetry","text":"\nTX USER seq=13 fram","timestamp":1790456034.7299843}
2026-09-26T23:53:54.730+03:00 [RX telemetry] {"data_b64":"ZT0yMEIgdXNlcj04QiBhdHRlbXA=","description":"ble:LoRa-Chatter-72E0 E0:72:A1:D5:4C:15","device_key":"ble-address:e0:72:a1:d5:4c:15","kind":"rx","seq":1019,"session":"s2","stream":"telemetry","text":"e=20B user=8B attemp","timestamp":1790456034.7304685}
2026-09-26T23:53:54.730+03:00 [RX telemetry] {"data_b64":"dD0xLzUgT0sgdGltZT0xNiBtcwo=","description":"ble:LoRa-Chatter-72E0 E0:72:A1:D5:4C:15","device_key":"ble-address:e0:72:a1:d5:4c:15","kind":"rx","seq":1020,"session":"s2","stream":"telemetry","text":"t=1/5 OK time=16 ms\n","timestamp":1790456034.730495}
2026-09-26T23:53:54.732+03:00 [RX chat] {"data_b64":"PiA3QjA4MTBYWAo=","description":"ble:LoRa-Chatter-72E0 E0:72:A1:D5:4C:15","device_key":"ble-address:e0:72:a1:d5:4c:15","kind":"rx","seq":1021,"session":"s2","stream":"chat","text":"> 7B0810XX\n","timestamp":1790456034.731983}
2026-09-26T23:53:54.732+03:00 [RX telemetry] {"data_b64":"REVMSVZFUlkgV0FJVF9BQ0sgdXM=","description":"ble:LoRa-Chatter-72E0 E0:72:A1:D5:4C:15","device_key":"ble-address:e0:72:a1:d5:4c:15","kind":"rx","seq":1022,"session":"s2","stream":"telemetry","text":"DELIVERY WAIT_ACK us","timestamp":1790456034.7323534}
2026-09-26T23:53:54.732+03:00 [RX telemetry] {"data_b64":"ZXI9NjNBNi8xMyBhdHRlbXB0PTE=","description":"ble:LoRa-Chatter-72E0 E0:72:A1:D5:4C:15","device_key":"ble-address:e0:72:a1:d5:4c:15","kind":"rx","seq":1023,"session":"s2","stream":"telemetry","text":"er=63A6/13 attempt=1","timestamp":1790456034.7323868}
2026-09-26T23:53:54.734+03:00 [RX telemetry] {"data_b64":"LzUgdGltZW91dD03MTJtcyBxdWU=","description":"ble:LoRa-Chatter-72E0 E0:72:A1:D5:4C:15","device_key":"ble-address:e0:72:a1:d5:4c:15","kind":"rx","seq":1024,"session":"s2","stream":"telemetry","text":"/5 timeout=712ms que","timestamp":1790456034.7340026}
2026-09-26T23:53:54.734+03:00 [RX telemetry] {"data_b64":"dWU9MAo=","description":"ble:LoRa-Chatter-72E0 E0:72:A1:D5:4C:15","device_key":"ble-address:e0:72:a1:d5:4c:15","kind":"rx","seq":1025,"session":"s2","stream":"telemetry","text":"ue=0\n","timestamp":1790456034.7344663}
2026-09-26T23:53:54.905+03:00 [RX telemetry] {"data_b64":"ClRYIEFDSyBzZXE9MzkgYWNrX3Q=","description":"ble:LoRa-Chatter-1B44 44:1B:F6:8D:B7:A9","device_key":"ble-address:44:1b:f6:8d:b7:a9","kind":"rx","seq":995,"session":"s1","stream":"telemetry","text":"\nTX ACK seq=39 ack_t","timestamp":1790456034.9050448}
2026-09-26T23:53:54.906+03:00 [RX telemetry] {"data_b64":"bz02M0E2LzEzIGZyYW1lPTE0QiA=","description":"ble:LoRa-Chatter-1B44 44:1B:F6:8D:B7:A9","device_key":"ble-address:44:1b:f6:8d:b7:a9","kind":"rx","seq":996,"session":"s1","stream":"telemetry","text":"o=63A6/13 frame=14B ","timestamp":1790456034.9058485}
2026-09-26T23:53:54.906+03:00 [RX telemetry] {"data_b64":"T0sgdGltZT0xMyBtcyBndWFyZD0=","description":"ble:LoRa-Chatter-1B44 44:1B:F6:8D:B7:A9","device_key":"ble-address:44:1b:f6:8d:b7:a9","kind":"rx","seq":997,"session":"s1","stream":"telemetry","text":"OK time=13 ms guard=","timestamp":1790456034.9064467}
2026-09-26T23:53:54.909+03:00 [RX telemetry] {"data_b64":"UEVFUl9SRVBPUlQgb3VyX3NlcT0=","description":"ble:LoRa-Chatter-72E0 E0:72:A1:D5:4C:15","device_key":"ble-address:e0:72:a1:d5:4c:15","kind":"rx","seq":1026,"session":"s2","stream":"telemetry","text":"PEER_REPORT our_seq=","timestamp":1790456034.9087021}
2026-09-26T23:53:54.910+03:00 [RX telemetry] {"data_b64":"MTMgVFg9LTQ5LzUgUTEwMAo=","description":"ble:LoRa-Chatter-72E0 E0:72:A1:D5:4C:15","device_key":"ble-address:e0:72:a1:d5:4c:15","kind":"rx","seq":1027,"session":"s2","stream":"telemetry","text":"13 TX=-49/5 Q100\n","timestamp":1790456034.9095597}
2026-09-26T23:53:54.910+03:00 [RX telemetry] {"data_b64":"ClJYIEFDSyBzZXNzaW9uPTBCQzc=","description":"ble:LoRa-Chatter-72E0 E0:72:A1:D5:4C:15","device_key":"ble-address:e0:72:a1:d5:4c:15","kind":"rx","seq":1028,"session":"s2","stream":"telemetry","text":"\nRX ACK session=0BC7","timestamp":1790456034.9096417}
2026-09-26T23:53:54.911+03:00 [RX telemetry] {"data_b64":"IHNlcT0zOSBhY2tfdG89NjNBNi8=","description":"ble:LoRa-Chatter-72E0 E0:72:A1:D5:4C:15","device_key":"ble-address:e0:72:a1:d5:4c:15","kind":"rx","seq":1029,"session":"s2","stream":"telemetry","text":" seq=39 ack_to=63A6/","timestamp":1790456034.9114206}
2026-09-26T23:53:54.914+03:00 [RX telemetry] {"data_b64":"MTMgZnJhbWU9MTRCIFJYPS01MC8=","description":"ble:LoRa-Chatter-72E0 E0:72:A1:D5:4C:15","device_key":"ble-address:e0:72:a1:d5:4c:15","kind":"rx","seq":1030,"session":"s2","stream":"telemetry","text":"13 frame=14B RX=-50/","timestamp":1790456034.9126043}
2026-09-26T23:53:54.914+03:00 [RX telemetry] {"data_b64":"NSBRMTAwCg==","description":"ble:LoRa-Chatter-72E0 E0:72:A1:D5:4C:15","device_key":"ble-address:e0:72:a1:d5:4c:15","kind":"rx","seq":1031,"session":"s2","stream":"telemetry","text":"5 Q100\n","timestamp":1790456034.91288}
2026-09-26T23:53:54.914+03:00 [RX telemetry] {"data_b64":"REVMSVZFUlkgQUNLIHVzZXI9NjM=","description":"ble:LoRa-Chatter-72E0 E0:72:A1:D5:4C:15","device_key":"ble-address:e0:72:a1:d5:4c:15","kind":"rx","seq":1032,"session":"s2","stream":"telemetry","text":"DELIVERY ACK user=63","timestamp":1790456034.9129372}
2026-09-26T23:53:54.914+03:00 [RX telemetry] {"data_b64":"QTYvMTMgYXR0ZW1wdHM9MS81IGU=","description":"ble:LoRa-Chatter-72E0 E0:72:A1:D5:4C:15","device_key":"ble-address:e0:72:a1:d5:4c:15","kind":"rx","seq":1033,"session":"s2","stream":"telemetry","text":"A6/13 attempts=1/5 e","timestamp":1790456034.9142287}
2026-09-26T23:53:54.915+03:00 [RX telemetry] {"data_b64":"bGFwc2VkPTIxOW1zIHF1ZXVlPTA=","description":"ble:LoRa-Chatter-72E0 E0:72:A1:D5:4C:15","device_key":"ble-address:e0:72:a1:d5:4c:15","kind":"rx","seq":1034,"session":"s2","stream":"telemetry","text":"lapsed=219ms queue=0","timestamp":1790456034.915346}
2026-09-26T23:53:54.916+03:00 [RX telemetry] {"data_b64":"Cg==","description":"ble:LoRa-Chatter-72E0 E0:72:A1:D5:4C:15","device_key":"ble-address:e0:72:a1:d5:4c:15","kind":"rx","seq":1035,"session":"s2","stream":"telemetry","text":"\n","timestamp":1790456034.9159503}
2026-09-26T23:53:54.949+03:00 [RX telemetry] {"data_b64":"NTAwbXMK","description":"ble:LoRa-Chatter-1B44 44:1B:F6:8D:B7:A9","device_key":"ble-address:44:1b:f6:8d:b7:a9","kind":"rx","seq":998,"session":"s1","stream":"telemetry","text":"500ms\n","timestamp":1790456034.9490554}
2026-09-26T23:53:55.658+03:00 [AGENT REQUEST] {"id":178,"op":"observe","cursors":{"s1":986,"s2":1012},"timeout_ms":6000}
2026-09-26T23:53:55.659+03:00 [AGENT RESPONSE] {"id":178,"ok":true,"result":{"cursors":{"s1":998,"s2":1035},"lines":[{"seq_first":987,"seq_last":988,"session":"s1","stream":"telemetry","text":"PEER_REPORT our_seq=38 TX=-62/6 Q100"},{"seq_first":989,"seq_last":989,"session":"s1","stream":"telemetry","text":""},{"seq_first":989,"seq_last":992,"session":"s1","stream":"telemetry","text":"RX USER session=63A6 seq=13 frame=20B user=8B RX=-49/5 Q100 disposition=0"},{"seq_first":993,"seq_last":994,"session":"s1","stream":"chat","text":"< [-49/5 Q100] 7B0810XX"},{"seq_first":1015,"seq_last":1017,"session":"s2","stream":"telemetry","text":"DELIVERY QUEUED source=2 bytes=8 waiting=1/8 in_flight=0"},{"seq_first":1018,"seq_last":1018,"session":"s2","stream":"telemetry","text":""},{"seq_first":1018,"seq_last":1020,"session":"s2","stream":"telemetry","text":"TX USER seq=13 frame=20B user=8B attempt=1/5 OK time=16 ms"},{"seq_first":1021,"seq_last":1021,"session":"s2","stream":"chat","text":"> 7B0810XX"},{"seq_first":1022,"seq_last":1025,"session":"s2","stream":"telemetry","text":"DELIVERY WAIT_ACK user=63A6/13 attempt=1/5 timeout=712ms queue=0"},{"seq_first":995,"seq_last":995,"session":"s1","stream":"telemetry","text":""},{"seq_first":1026,"seq_last":1027,"session":"s2","stream":"telemetry","text":"PEER_REPORT our_seq=13 TX=-49/5 Q100"},{"seq_first":1028,"seq_last":1028,"session":"s2","stream":"telemetry","text":""},{"seq_first":1028,"seq_last":1031,"session":"s2","stream":"telemetry","text":"RX ACK session=0BC7 seq=39 ack_to=63A6/13 frame=14B RX=-50/5 Q100"},{"seq_first":1032,"seq_last":1035,"session":"s2","stream":"telemetry","text":"DELIVERY ACK user=63A6/13 attempts=1/5 elapsed=219ms queue=0"},{"seq_first":995,"seq_last":998,"session":"s1","stream":"telemetry","text":"TX ACK seq=39 ack_to=63A6/13 frame=14B OK time=13 ms guard=500ms"}],"timed_out":false}}
2026-09-26T23:53:56.763+03:00 [AGENT REQUEST] {"id":179,"op":"observe","cursors":{"s1":998,"s2":1035},"timeout_ms":6000}
2026-09-26T23:53:57.867+03:00 [AGENT REQUEST] {"id":180,"op":"observe","cursors":{"s1":998,"s2":1035},"timeout_ms":6000}
2026-09-26T23:53:58.971+03:00 [AGENT REQUEST] {"id":181,"op":"observe","cursors":{"s1":998,"s2":1035},"timeout_ms":6000}
2026-09-26T23:54:00.075+03:00 [AGENT REQUEST] {"id":182,"op":"observe","cursors":{"s1":998,"s2":1035},"timeout_ms":6000}
2026-09-26T23:54:01.178+03:00 [AGENT REQUEST] {"id":183,"op":"observe","cursors":{"s1":998,"s2":1035},"timeout_ms":6000}
2026-09-26T23:54:02.282+03:00 [AGENT REQUEST] {"id":184,"op":"observe","cursors":{"s1":998,"s2":1035},"timeout_ms":6000}
2026-09-26T23:54:02.764+03:00 [AGENT RESPONSE] {"id":179,"ok":true,"result":{"cursors":{"s1":998,"s2":1035},"lines":[],"timed_out":true}}
2026-09-26T23:54:03.385+03:00 [AGENT REQUEST] {"id":185,"op":"observe","cursors":{"s1":998,"s2":1035},"timeout_ms":6000}
2026-09-26T23:54:03.868+03:00 [AGENT RESPONSE] {"id":180,"ok":true,"result":{"cursors":{"s1":998,"s2":1035},"lines":[],"timed_out":true}}
2026-09-26T23:54:04.489+03:00 [AGENT REQUEST] {"id":186,"op":"observe","cursors":{"s1":998,"s2":1035},"timeout_ms":6000}
2026-09-26T23:54:04.972+03:00 [AGENT RESPONSE] {"id":181,"ok":true,"result":{"cursors":{"s1":998,"s2":1035},"lines":[],"timed_out":true}}
2026-09-26T23:54:05.592+03:00 [AGENT REQUEST] {"id":187,"op":"observe","cursors":{"s1":998,"s2":1035},"timeout_ms":6000}
2026-09-26T23:54:06.078+03:00 [AGENT RESPONSE] {"id":182,"ok":true,"result":{"cursors":{"s1":998,"s2":1035},"lines":[],"timed_out":true}}
2026-09-26T23:54:06.293+03:00 [AGENT RESPONSE] {"id":183,"ok":true,"result":{"cursors":{"s1":999,"s2":1035},"lines":[{"seq_first":999,"seq_last":999,"session":"s1","stream":"telemetry","text":""}],"timed_out":false}}
2026-09-26T23:54:06.295+03:00 [RX telemetry] {"data_b64":"ClNFU1NJT04gdD04NDBzIFRYIG8=","description":"ble:LoRa-Chatter-1B44 44:1B:F6:8D:B7:A9","device_key":"ble-address:44:1b:f6:8d:b7:a9","kind":"rx","seq":999,"session":"s1","stream":"telemetry","text":"\nSESSION t=840s TX o","timestamp":1790456046.2891045}
2026-09-26T23:54:06.297+03:00 [AGENT RESPONSE] {"id":186,"ok":true,"result":{"cursors":{"s1":999,"s2":1035},"lines":[{"seq_first":999,"seq_last":999,"session":"s1","stream":"telemetry","text":""}],"timed_out":false}}
2026-09-26T23:54:06.299+03:00 [RX telemetry] {"data_b64":"az00MCB1c2VyPTIwIGVjaG9fcmU=","description":"ble:LoRa-Chatter-1B44 44:1B:F6:8D:B7:A9","device_key":"ble-address:44:1b:f6:8d:b7:a9","kind":"rx","seq":1000,"session":"s1","stream":"telemetry","text":"k=40 user=20 echo_re","timestamp":1790456046.297743}
2026-09-26T23:54:06.299+03:00 [RX telemetry] {"data_b64":"cT0wIGVjaG9fcmVwPTAgaGI9MCg=","description":"ble:LoRa-Chatter-1B44 44:1B:F6:8D:B7:A9","device_key":"ble-address:44:1b:f6:8d:b7:a9","kind":"rx","seq":1001,"session":"s1","stream":"telemetry","text":"q=0 echo_rep=0 hb=0(","timestamp":1790456046.2978547}
2026-09-26T23:54:06.299+03:00 [RX telemetry] {"data_b64":"aWRsZT0wKSBlcnI9MCBzdGFydGU=","description":"ble:LoRa-Chatter-1B44 44:1B:F6:8D:B7:A9","device_key":"ble-address:44:1b:f6:8d:b7:a9","kind":"rx","seq":1002,"session":"s1","stream":"telemetry","text":"idle=0) err=0 starte","timestamp":1790456046.2979174}
2026-09-26T23:54:06.299+03:00 [RX telemetry] {"data_b64":"ZD00MCBSWCBvaz00MCB1c2VyPTI=","description":"ble:LoRa-Chatter-1B44 44:1B:F6:8D:B7:A9","device_key":"ble-address:44:1b:f6:8d:b7:a9","kind":"rx","seq":1003,"session":"s1","stream":"telemetry","text":"d=40 RX ok=40 user=2","timestamp":1790456046.2979655}
2026-09-26T23:54:06.300+03:00 [RX telemetry] {"data_b64":"MCBlY2hvX3JlcT0wIGVjaG9fcmU=","description":"ble:LoRa-Chatter-1B44 44:1B:F6:8D:B7:A9","device_key":"ble-address:44:1b:f6:8d:b7:a9","kind":"rx","seq":1004,"session":"s1","stream":"telemetry","text":"0 echo_req=0 echo_re","timestamp":1790456046.2979956}
2026-09-26T23:54:06.300+03:00 [RX telemetry] {"data_b64":"cD0wIGhiPTAgY3JjPTEgaGRyPTI=","description":"ble:LoRa-Chatter-1B44 44:1B:F6:8D:B7:A9","device_key":"ble-address:44:1b:f6:8d:b7:a9","kind":"rx","seq":1005,"session":"s1","stream":"telemetry","text":"p=0 hb=0 crc=1 hdr=2","timestamp":1790456046.298027}
2026-09-26T23:54:06.300+03:00 [RX telemetry] {"data_b64":"IGJhZD0xIHJlYWRlcnI9MCByZXA=","description":"ble:LoRa-Chatter-1B44 44:1B:F6:8D:B7:A9","device_key":"ble-address:44:1b:f6:8d:b7:a9","kind":"rx","seq":1006,"session":"s1","stream":"telemetry","text":" bad=1 readerr=0 rep","timestamp":1790456046.2980533}
2026-09-26T23:54:06.300+03:00 [RX telemetry] {"data_b64":"b3J0cz00MCBRPTEwMCUgZHJvcHM=","description":"ble:LoRa-Chatter-1B44 44:1B:F6:8D:B7:A9","device_key":"ble-address:44:1b:f6:8d:b7:a9","kind":"rx","seq":1007,"session":"s1","stream":"telemetry","text":"orts=40 Q=100% drops","timestamp":1790456046.2980795}
2026-09-26T23:54:06.301+03:00 [RX telemetry] {"data_b64":"PTAgZmF0YWw9MAo=","description":"ble:LoRa-Chatter-1B44 44:1B:F6:8D:B7:A9","device_key":"ble-address:44:1b:f6:8d:b7:a9","kind":"rx","seq":1008,"session":"s1","stream":"telemetry","text":"=0 fatal=0\n","timestamp":1790456046.2981057}
2026-09-26T23:54:06.301+03:00 [RX telemetry] {"data_b64":"U0VTU0lPTiBDT1VSVEVTWSB3aW4=","description":"ble:LoRa-Chatter-1B44 44:1B:F6:8D:B7:A9","device_key":"ble-address:44:1b:f6:8d:b7:a9","kind":"rx","seq":1009,"session":"s1","stream":"telemetry","text":"SESSION COURTESY win","timestamp":1790456046.3003075}
2026-09-26T23:54:06.301+03:00 [RX telemetry] {"data_b64":"ZG93PTUwMDBtcyBwZWVyX3JlbGU=","description":"ble:LoRa-Chatter-1B44 44:1B:F6:8D:B7:A9","device_key":"ble-address:44:1b:f6:8d:b7:a9","kind":"rx","seq":1010,"session":"s1","stream":"telemetry","text":"dow=5000ms peer_rele","timestamp":1790456046.3003578}
2026-09-26T23:54:06.301+03:00 [AGENT RESPONSE] {"id":185,"ok":true,"result":{"cursors":{"s1":999,"s2":1035},"lines":[{"seq_first":999,"seq_last":999,"session":"s1","stream":"telemetry","text":""}],"timed_out":false}}
2026-09-26T23:54:06.301+03:00 [RX telemetry] {"data_b64":"YXNlPTAgZXhwaXJlZD0wIHlpZWw=","description":"ble:LoRa-Chatter-1B44 44:1B:F6:8D:B7:A9","device_key":"ble-address:44:1b:f6:8d:b7:a9","kind":"rx","seq":1011,"session":"s1","stream":"telemetry","text":"ase=0 expired=0 yiel","timestamp":1790456046.3003867}
2026-09-26T23:54:06.302+03:00 [RX telemetry] {"data_b64":"ZGluZz0wCg==","description":"ble:LoRa-Chatter-1B44 44:1B:F6:8D:B7:A9","device_key":"ble-address:44:1b:f6:8d:b7:a9","kind":"rx","seq":1012,"session":"s1","stream":"telemetry","text":"ding=0\n","timestamp":1790456046.3017733}
2026-09-26T23:54:06.302+03:00 [RX telemetry] {"data_b64":"U0VTU0lPTiBESU8wX1RYIGFmZmU=","description":"ble:LoRa-Chatter-1B44 44:1B:F6:8D:B7:A9","device_key":"ble-address:44:1b:f6:8d:b7:a9","kind":"rx","seq":1013,"session":"s1","stream":"telemetry","text":"SESSION DIO0_TX affe","timestamp":1790456046.3018289}
2026-09-26T23:54:06.302+03:00 [AGENT RESPONSE] {"id":187,"ok":true,"result":{"cursors":{"s1":999,"s2":1035},"lines":[{"seq_first":999,"seq_last":999,"session":"s1","stream":"telemetry","text":""}],"timed_out":false}}
2026-09-26T23:54:06.302+03:00 [RX telemetry] {"data_b64":"Y3RlZD0wLzQwIGVwaXNvZGVzPTA=","description":"ble:LoRa-Chatter-1B44 44:1B:F6:8D:B7:A9","device_key":"ble-address:44:1b:f6:8d:b7:a9","kind":"rx","seq":1014,"session":"s1","stream":"telemetry","text":"cted=0/40 episodes=0","timestamp":1790456046.3018577}
2026-09-26T23:54:06.303+03:00 [AGENT RESPONSE] {"id":184,"ok":true,"result":{"cursors":{"s1":1008,"s2":1035},"lines":[{"seq_first":999,"seq_last":999,"session":"s1","stream":"telemetry","text":""},{"seq_first":999,"seq_last":1008,"session":"s1","stream":"telemetry","text":"SESSION t=840s TX ok=40 user=20 echo_req=0 echo_rep=0 hb=0(idle=0) err=0 started=40 RX ok=40 user=20 echo_req=0 echo_rep=0 hb=0 crc=1 hdr=2 bad=1 readerr=0 reports=40 Q=100% drops=0 fatal=0"}],"timed_out":false}}
2026-09-26T23:54:06.303+03:00 [RX telemetry] {"data_b64":"IGF2Z19hbGw9MC4wMCBhdmdfYWY=","description":"ble:LoRa-Chatter-1B44 44:1B:F6:8D:B7:A9","device_key":"ble-address:44:1b:f6:8d:b7:a9","kind":"rx","seq":1015,"session":"s1","stream":"telemetry","text":" avg_all=0.00 avg_af","timestamp":1790456046.3018816}
2026-09-26T23:54:06.303+03:00 [RX telemetry] {"data_b64":"ZmVjdGVkPTAuMDAgaGlnaF9wb2w=","description":"ble:LoRa-Chatter-1B44 44:1B:F6:8D:B7:A9","device_key":"ble-address:44:1b:f6:8d:b7:a9","kind":"rx","seq":1016,"session":"s1","stream":"telemetry","text":"fected=0.00 high_pol","timestamp":1790456046.3019054}
2026-09-26T23:54:06.303+03:00 [RX telemetry] {"data_b64":"bHM9MAo=","description":"ble:LoRa-Chatter-1B44 44:1B:F6:8D:B7:A9","device_key":"ble-address:44:1b:f6:8d:b7:a9","kind":"rx","seq":1017,"session":"s1","stream":"telemetry","text":"ls=0\n","timestamp":1790456046.301929}
2026-09-26T23:54:06.303+03:00 [RX telemetry] {"data_b64":"U0VTU0lPTiBSWF9QT0xMIHBvbGw=","description":"ble:LoRa-Chatter-1B44 44:1B:F6:8D:B7:A9","device_key":"ble-address:44:1b:f6:8d:b7:a9","kind":"rx","seq":1018,"session":"s1","stream":"telemetry","text":"SESSION RX_POLL poll","timestamp":1790456046.3029923}
2026-09-26T23:54:06.304+03:00 [RX telemetry] {"data_b64":"cz03NTQxNDIgcnhkb25lPTQ0IGk=","description":"ble:LoRa-Chatter-1B44 44:1B:F6:8D:B7:A9","device_key":"ble-address:44:1b:f6:8d:b7:a9","kind":"rx","seq":1019,"session":"s1","stream":"telemetry","text":"s=754142 rxdone=44 i","timestamp":1790456046.3038054}
2026-09-26T23:54:06.304+03:00 [RX telemetry] {"data_b64":"bnRlcnZhbD0xMDAwdXMgRElPMF8=","description":"ble:LoRa-Chatter-1B44 44:1B:F6:8D:B7:A9","device_key":"ble-address:44:1b:f6:8d:b7:a9","kind":"rx","seq":1020,"session":"s1","stream":"telemetry","text":"nterval=1000us DIO0_","timestamp":1790456046.3038402}
2026-09-26T23:54:06.305+03:00 [RX telemetry] {"data_b64":"UlggZmFsc2VfaGlnaF9lcD0wIGg=","description":"ble:LoRa-Chatter-1B44 44:1B:F6:8D:B7:A9","device_key":"ble-address:44:1b:f6:8d:b7:a9","kind":"rx","seq":1021,"session":"s1","stream":"telemetry","text":"RX false_high_ep=0 h","timestamp":1790456046.3046734}
2026-09-26T23:54:06.305+03:00 [RX telemetry] {"data_b64":"aWdoX3BvbGxzPTAgcnhkb25lX2w=","description":"ble:LoRa-Chatter-1B44 44:1B:F6:8D:B7:A9","device_key":"ble-address:44:1b:f6:8d:b7:a9","kind":"rx","seq":1022,"session":"s1","stream":"telemetry","text":"igh_polls=0 rxdone_l","timestamp":1790456046.3047063}
2026-09-26T23:54:06.305+03:00 [RX telemetry] {"data_b64":"b3c9MSBpc3I9ZGlzYWJsZWQK","description":"ble:LoRa-Chatter-1B44 44:1B:F6:8D:B7:A9","device_key":"ble-address:44:1b:f6:8d:b7:a9","kind":"rx","seq":1023,"session":"s1","stream":"telemetry","text":"ow=1 isr=disabled\n","timestamp":1790456046.3052247}
2026-09-26T23:54:06.696+03:00 [AGENT REQUEST] {"id":188,"op":"observe","cursors":{"s1":999,"s2":1035},"timeout_ms":6000}
2026-09-26T23:54:06.698+03:00 [AGENT RESPONSE] {"id":188,"ok":true,"result":{"cursors":{"s1":1023,"s2":1035},"lines":[{"seq_first":999,"seq_last":1008,"session":"s1","stream":"telemetry","text":"SESSION t=840s TX ok=40 user=20 echo_req=0 echo_rep=0 hb=0(idle=0) err=0 started=40 RX ok=40 user=20 echo_req=0 echo_rep=0 hb=0 crc=1 hdr=2 bad=1 readerr=0 reports=40 Q=100% drops=0 fatal=0"},{"seq_first":1009,"seq_last":1012,"session":"s1","stream":"telemetry","text":"SESSION COURTESY window=5000ms peer_release=0 expired=0 yielding=0"},{"seq_first":1013,"seq_last":1017,"session":"s1","stream":"telemetry","text":"SESSION DIO0_TX affected=0/40 episodes=0 avg_all=0.00 avg_affected=0.00 high_polls=0"},{"seq_first":1018,"seq_last":1023,"session":"s1","stream":"telemetry","text":"SESSION RX_POLL polls=754142 rxdone=44 interval=1000us DIO0_RX false_high_ep=0 high_polls=0 rxdone_low=1 isr=disabled"}],"timed_out":false}}
2026-09-26T23:54:07.800+03:00 [AGENT REQUEST] {"id":189,"op":"observe","cursors":{"s1":1023,"s2":1035},"timeout_ms":6000}
2026-09-26T23:54:08.913+03:00 [AGENT REQUEST] {"id":190,"op":"send_line","session":"s1","text":"7A1601XXXXXXXXXX"}
2026-09-26T23:54:08.915+03:00 [TX] {"data_b64":"N0ExNjAxWFhYWFhYWFhYWAo=","device_key":"ble-address:44:1b:f6:8d:b7:a9","kind":"tx","seq":1024,"session":"s1","text":"7A1601XXXXXXXXXX","timestamp":1790456048.913655,"tx_id":33,"tx_state":"queued"}
2026-09-26T23:54:08.916+03:00 [AGENT RESPONSE] {"id":189,"ok":true,"result":{"cursors":{"s1":1024,"s2":1035},"lines":[],"timed_out":false}}
2026-09-26T23:54:08.916+03:00 [AGENT RESPONSE] {"id":190,"ok":true,"result":{"state":"queued","tx_id":33}}
2026-09-26T23:54:08.917+03:00 [TX] {"data_b64":"N0ExNjAxWFhYWFhYWFhYWAo=","description":"ble:LoRa-Chatter-1B44 44:1B:F6:8D:B7:A9","device_key":"ble-address:44:1b:f6:8d:b7:a9","kind":"tx","seq":1025,"session":"s1","text":"7A1601XXXXXXXXXX","timestamp":1790456048.9169972,"tx_id":33,"tx_state":"written"}
2026-09-26T23:54:08.989+03:00 [RX telemetry] {"data_b64":"REVMSVZFUlkgUVVFVUVEIHNvdXI=","description":"ble:LoRa-Chatter-1B44 44:1B:F6:8D:B7:A9","device_key":"ble-address:44:1b:f6:8d:b7:a9","kind":"rx","seq":1026,"session":"s1","stream":"telemetry","text":"DELIVERY QUEUED sour","timestamp":1790456048.9887407}
2026-09-26T23:54:08.990+03:00 [RX telemetry] {"data_b64":"Y2U9MiBieXRlcz0xNiB3YWl0aW4=","description":"ble:LoRa-Chatter-1B44 44:1B:F6:8D:B7:A9","device_key":"ble-address:44:1b:f6:8d:b7:a9","kind":"rx","seq":1027,"session":"s1","stream":"telemetry","text":"ce=2 bytes=16 waitin","timestamp":1790456048.9891143}
2026-09-26T23:54:08.991+03:00 [RX telemetry] {"data_b64":"Zz0xLzggaW5fZmxpZ2h0PTAK","description":"ble:LoRa-Chatter-1B44 44:1B:F6:8D:B7:A9","device_key":"ble-address:44:1b:f6:8d:b7:a9","kind":"rx","seq":1028,"session":"s1","stream":"telemetry","text":"g=1/8 in_flight=0\n","timestamp":1790456048.9910228}
2026-09-26T23:54:08.992+03:00 [RX telemetry] {"data_b64":"ClRYIFVTRVIgc2VxPTQwIGZyYW0=","description":"ble:LoRa-Chatter-1B44 44:1B:F6:8D:B7:A9","device_key":"ble-address:44:1b:f6:8d:b7:a9","kind":"rx","seq":1029,"session":"s1","stream":"telemetry","text":"\nTX USER seq=40 fram","timestamp":1790456048.9920945}
2026-09-26T23:54:08.993+03:00 [RX telemetry] {"data_b64":"ZT0yOEIgdXNlcj0xNkIgYXR0ZW0=","description":"ble:LoRa-Chatter-1B44 44:1B:F6:8D:B7:A9","device_key":"ble-address:44:1b:f6:8d:b7:a9","kind":"rx","seq":1030,"session":"s1","stream":"telemetry","text":"e=28B user=16B attem","timestamp":1790456048.9922233}
2026-09-26T23:54:08.994+03:00 [RX telemetry] {"data_b64":"cHQ9MS81IE9LIHRpbWU9MTggbXM=","description":"ble:LoRa-Chatter-1B44 44:1B:F6:8D:B7:A9","device_key":"ble-address:44:1b:f6:8d:b7:a9","kind":"rx","seq":1031,"session":"s1","stream":"telemetry","text":"pt=1/5 OK time=18 ms","timestamp":1790456048.9935079}
2026-09-26T23:54:08.994+03:00 [RX telemetry] {"data_b64":"Cg==","description":"ble:LoRa-Chatter-1B44 44:1B:F6:8D:B7:A9","device_key":"ble-address:44:1b:f6:8d:b7:a9","kind":"rx","seq":1032,"session":"s1","stream":"telemetry","text":"\n","timestamp":1790456048.993566}
2026-09-26T23:54:08.995+03:00 [RX chat] {"data_b64":"PiA3QTE2MDFYWFhYWFhYWFhYCg==","description":"ble:LoRa-Chatter-1B44 44:1B:F6:8D:B7:A9","device_key":"ble-address:44:1b:f6:8d:b7:a9","kind":"rx","seq":1033,"session":"s1","stream":"chat","text":"> 7A1601XXXXXXXXXX\n","timestamp":1790456048.9951985}
2026-09-26T23:54:08.996+03:00 [RX telemetry] {"data_b64":"REVMSVZFUlkgV0FJVF9BQ0sgdXM=","description":"ble:LoRa-Chatter-1B44 44:1B:F6:8D:B7:A9","device_key":"ble-address:44:1b:f6:8d:b7:a9","kind":"rx","seq":1034,"session":"s1","stream":"telemetry","text":"DELIVERY WAIT_ACK us","timestamp":1790456048.9954257}
2026-09-26T23:54:08.996+03:00 [RX telemetry] {"data_b64":"ZXI9MEJDNy80MCBhdHRlbXB0PTE=","description":"ble:LoRa-Chatter-1B44 44:1B:F6:8D:B7:A9","device_key":"ble-address:44:1b:f6:8d:b7:a9","kind":"rx","seq":1035,"session":"s1","stream":"telemetry","text":"er=0BC7/40 attempt=1","timestamp":1790456048.9963756}
2026-09-26T23:54:08.997+03:00 [RX telemetry] {"data_b64":"LzUgdGltZW91dD03MTJtcyBxdWU=","description":"ble:LoRa-Chatter-1B44 44:1B:F6:8D:B7:A9","device_key":"ble-address:44:1b:f6:8d:b7:a9","kind":"rx","seq":1036,"session":"s1","stream":"telemetry","text":"/5 timeout=712ms que","timestamp":1790456048.996448}
2026-09-26T23:54:08.997+03:00 [RX telemetry] {"data_b64":"dWU9MAo=","description":"ble:LoRa-Chatter-1B44 44:1B:F6:8D:B7:A9","device_key":"ble-address:44:1b:f6:8d:b7:a9","kind":"rx","seq":1037,"session":"s1","stream":"telemetry","text":"ue=0\n","timestamp":1790456048.996483}
2026-09-26T23:54:09.042+03:00 [RX telemetry] {"data_b64":"UEVFUl9SRVBPUlQgb3VyX3NlcT0=","description":"ble:LoRa-Chatter-72E0 E0:72:A1:D5:4C:15","device_key":"ble-address:e0:72:a1:d5:4c:15","kind":"rx","seq":1036,"session":"s2","stream":"telemetry","text":"PEER_REPORT our_seq=","timestamp":1790456049.0420387}
2026-09-26T23:54:09.043+03:00 [RX telemetry] {"data_b64":"MTMgVFg9LTQ5LzUgUTEwMAo=","description":"ble:LoRa-Chatter-72E0 E0:72:A1:D5:4C:15","device_key":"ble-address:e0:72:a1:d5:4c:15","kind":"rx","seq":1037,"session":"s2","stream":"telemetry","text":"13 TX=-49/5 Q100\n","timestamp":1790456049.042159}
2026-09-26T23:54:09.043+03:00 [RX telemetry] {"data_b64":"ClJYIFVTRVIgc2Vzc2lvbj0wQkM=","description":"ble:LoRa-Chatter-72E0 E0:72:A1:D5:4C:15","device_key":"ble-address:e0:72:a1:d5:4c:15","kind":"rx","seq":1038,"session":"s2","stream":"telemetry","text":"\nRX USER session=0BC","timestamp":1790456049.0422466}
2026-09-26T23:54:09.044+03:00 [RX telemetry] {"data_b64":"NyBzZXE9NDAgZnJhbWU9MjhCIHU=","description":"ble:LoRa-Chatter-72E0 E0:72:A1:D5:4C:15","device_key":"ble-address:e0:72:a1:d5:4c:15","kind":"rx","seq":1039,"session":"s2","stream":"telemetry","text":"7 seq=40 frame=28B u","timestamp":1790456049.042346}
2026-09-26T23:54:09.044+03:00 [RX telemetry] {"data_b64":"c2VyPTE2QiBSWD0tNDQvNSBRMTA=","description":"ble:LoRa-Chatter-72E0 E0:72:A1:D5:4C:15","device_key":"ble-address:e0:72:a1:d5:4c:15","kind":"rx","seq":1040,"session":"s2","stream":"telemetry","text":"ser=16B RX=-44/5 Q10","timestamp":1790456049.0434802}
2026-09-26T23:54:09.045+03:00 [RX telemetry] {"data_b64":"MCBkaXNwb3NpdGlvbj0wCg==","description":"ble:LoRa-Chatter-72E0 E0:72:A1:D5:4C:15","device_key":"ble-address:e0:72:a1:d5:4c:15","kind":"rx","seq":1041,"session":"s2","stream":"telemetry","text":"0 disposition=0\n","timestamp":1790456049.0443907}
2026-09-26T23:54:09.045+03:00 [RX chat] {"data_b64":"PCBbLTQ0LzUgUTEwMF0gN0ExNjA=","description":"ble:LoRa-Chatter-72E0 E0:72:A1:D5:4C:15","device_key":"ble-address:e0:72:a1:d5:4c:15","kind":"rx","seq":1042,"session":"s2","stream":"chat","text":"< [-44/5 Q100] 7A160","timestamp":1790456049.0444918}
2026-09-26T23:54:09.046+03:00 [RX chat] {"data_b64":"MVhYWFhYWFhYWFgK","description":"ble:LoRa-Chatter-72E0 E0:72:A1:D5:4C:15","device_key":"ble-address:e0:72:a1:d5:4c:15","kind":"rx","seq":1043,"session":"s2","stream":"chat","text":"1XXXXXXXXXX\n","timestamp":1790456049.0456626}
2026-09-26T23:54:09.215+03:00 [RX telemetry] {"data_b64":"UEVFUl9SRVBPUlQgb3VyX3NlcT0=","description":"ble:LoRa-Chatter-1B44 44:1B:F6:8D:B7:A9","device_key":"ble-address:44:1b:f6:8d:b7:a9","kind":"rx","seq":1038,"session":"s1","stream":"telemetry","text":"PEER_REPORT our_seq=","timestamp":1790456049.2148466}
2026-09-26T23:54:09.217+03:00 [RX telemetry] {"data_b64":"NDAgVFg9LTQ0LzUgUTEwMAo=","description":"ble:LoRa-Chatter-1B44 44:1B:F6:8D:B7:A9","device_key":"ble-address:44:1b:f6:8d:b7:a9","kind":"rx","seq":1039,"session":"s1","stream":"telemetry","text":"40 TX=-44/5 Q100\n","timestamp":1790456049.2162893}
2026-09-26T23:54:09.217+03:00 [RX telemetry] {"data_b64":"ClJYIEFDSyBzZXNzaW9uPTYzQTY=","description":"ble:LoRa-Chatter-1B44 44:1B:F6:8D:B7:A9","device_key":"ble-address:44:1b:f6:8d:b7:a9","kind":"rx","seq":1040,"session":"s1","stream":"telemetry","text":"\nRX ACK session=63A6","timestamp":1790456049.216391}
2026-09-26T23:54:09.219+03:00 [RX telemetry] {"data_b64":"ClRYIEFDSyBzZXE9MTQgYWNrX3Q=","description":"ble:LoRa-Chatter-72E0 E0:72:A1:D5:4C:15","device_key":"ble-address:e0:72:a1:d5:4c:15","kind":"rx","seq":1044,"session":"s2","stream":"telemetry","text":"\nTX ACK seq=14 ack_t","timestamp":1790456049.2188056}
2026-09-26T23:54:09.220+03:00 [RX telemetry] {"data_b64":"bz0wQkM3LzQwIGZyYW1lPTE0QiA=","description":"ble:LoRa-Chatter-72E0 E0:72:A1:D5:4C:15","device_key":"ble-address:e0:72:a1:d5:4c:15","kind":"rx","seq":1045,"session":"s2","stream":"telemetry","text":"o=0BC7/40 frame=14B ","timestamp":1790456049.219868}
2026-09-26T23:54:09.223+03:00 [RX telemetry] {"data_b64":"T0sgdGltZT0xNCBtcyBndWFyZD0=","description":"ble:LoRa-Chatter-72E0 E0:72:A1:D5:4C:15","device_key":"ble-address:e0:72:a1:d5:4c:15","kind":"rx","seq":1046,"session":"s2","stream":"telemetry","text":"OK time=14 ms guard=","timestamp":1790456049.2227988}
2026-09-26T23:54:09.224+03:00 [RX telemetry] {"data_b64":"NTAwbXMK","description":"ble:LoRa-Chatter-72E0 E0:72:A1:D5:4C:15","device_key":"ble-address:e0:72:a1:d5:4c:15","kind":"rx","seq":1047,"session":"s2","stream":"telemetry","text":"500ms\n","timestamp":1790456049.224206}
2026-09-26T23:54:09.260+03:00 [RX telemetry] {"data_b64":"IHNlcT0xNCBhY2tfdG89MEJDNy8=","description":"ble:LoRa-Chatter-1B44 44:1B:F6:8D:B7:A9","device_key":"ble-address:44:1b:f6:8d:b7:a9","kind":"rx","seq":1041,"session":"s1","stream":"telemetry","text":" seq=14 ack_to=0BC7/","timestamp":1790456049.2602556}
2026-09-26T23:54:09.260+03:00 [RX telemetry] {"data_b64":"NDAgZnJhbWU9MTRCIFJYPS00NC8=","description":"ble:LoRa-Chatter-1B44 44:1B:F6:8D:B7:A9","device_key":"ble-address:44:1b:f6:8d:b7:a9","kind":"rx","seq":1042,"session":"s1","stream":"telemetry","text":"40 frame=14B RX=-44/","timestamp":1790456049.2603545}
2026-09-26T23:54:09.261+03:00 [RX telemetry] {"data_b64":"NSBRMTAwCg==","description":"ble:LoRa-Chatter-1B44 44:1B:F6:8D:B7:A9","device_key":"ble-address:44:1b:f6:8d:b7:a9","kind":"rx","seq":1043,"session":"s1","stream":"telemetry","text":"5 Q100\n","timestamp":1790456049.2614179}
2026-09-26T23:54:09.307+03:00 [RX telemetry] {"data_b64":"REVMSVZFUlkgQUNLIHVzZXI9MEI=","description":"ble:LoRa-Chatter-1B44 44:1B:F6:8D:B7:A9","device_key":"ble-address:44:1b:f6:8d:b7:a9","kind":"rx","seq":1044,"session":"s1","stream":"telemetry","text":"DELIVERY ACK user=0B","timestamp":1790456049.3067222}
2026-09-26T23:54:09.309+03:00 [RX telemetry] {"data_b64":"QzcvNDAgYXR0ZW1wdHM9MS81IGU=","description":"ble:LoRa-Chatter-1B44 44:1B:F6:8D:B7:A9","device_key":"ble-address:44:1b:f6:8d:b7:a9","kind":"rx","seq":1045,"session":"s1","stream":"telemetry","text":"C7/40 attempts=1/5 e","timestamp":1790456049.3089128}
2026-09-26T23:54:09.309+03:00 [RX telemetry] {"data_b64":"bGFwc2VkPTIyMm1zIHF1ZXVlPTA=","description":"ble:LoRa-Chatter-1B44 44:1B:F6:8D:B7:A9","device_key":"ble-address:44:1b:f6:8d:b7:a9","kind":"rx","seq":1046,"session":"s1","stream":"telemetry","text":"lapsed=222ms queue=0","timestamp":1790456049.3089907}
2026-09-26T23:54:09.349+03:00 [RX telemetry] {"data_b64":"Cg==","description":"ble:LoRa-Chatter-1B44 44:1B:F6:8D:B7:A9","device_key":"ble-address:44:1b:f6:8d:b7:a9","kind":"rx","seq":1047,"session":"s1","stream":"telemetry","text":"\n","timestamp":1790456049.3488443}
2026-09-26T23:54:10.017+03:00 [AGENT REQUEST] {"id":191,"op":"observe","cursors":{"s1":1023,"s2":1035},"timeout_ms":6000}
2026-09-26T23:54:10.018+03:00 [AGENT RESPONSE] {"id":191,"ok":true,"result":{"cursors":{"s1":1047,"s2":1047},"lines":[{"seq_first":1026,"seq_last":1028,"session":"s1","stream":"telemetry","text":"DELIVERY QUEUED source=2 bytes=16 waiting=1/8 in_flight=0"},{"seq_first":1029,"seq_last":1029,"session":"s1","stream":"telemetry","text":""},{"seq_first":1029,"seq_last":1032,"session":"s1","stream":"telemetry","text":"TX USER seq=40 frame=28B user=16B attempt=1/5 OK time=18 ms"},{"seq_first":1033,"seq_last":1033,"session":"s1","stream":"chat","text":"> 7A1601XXXXXXXXXX"},{"seq_first":1034,"seq_last":1037,"session":"s1","stream":"telemetry","text":"DELIVERY WAIT_ACK user=0BC7/40 attempt=1/5 timeout=712ms queue=0"},{"seq_first":1036,"seq_last":1037,"session":"s2","stream":"telemetry","text":"PEER_REPORT our_seq=13 TX=-49/5 Q100"},{"seq_first":1038,"seq_last":1038,"session":"s2","stream":"telemetry","text":""},{"seq_first":1038,"seq_last":1041,"session":"s2","stream":"telemetry","text":"RX USER session=0BC7 seq=40 frame=28B user=16B RX=-44/5 Q100 disposition=0"},{"seq_first":1042,"seq_last":1043,"session":"s2","stream":"chat","text":"< [-44/5 Q100] 7A1601XXXXXXXXXX"},{"seq_first":1038,"seq_last":1039,"session":"s1","stream":"telemetry","text":"PEER_REPORT our_seq=40 TX=-44/5 Q100"},{"seq_first":1040,"seq_last":1040,"session":"s1","stream":"telemetry","text":""},{"seq_first":1044,"seq_last":1044,"session":"s2","stream":"telemetry","text":""},{"seq_first":1044,"seq_last":1047,"session":"s2","stream":"telemetry","text":"TX ACK seq=14 ack_to=0BC7/40 frame=14B OK time=14 ms guard=500ms"},{"seq_first":1040,"seq_last":1043,"session":"s1","stream":"telemetry","text":"RX ACK session=63A6 seq=14 ack_to=0BC7/40 frame=14B RX=-44/5 Q100"},{"seq_first":1044,"seq_last":1047,"session":"s1","stream":"telemetry","text":"DELIVERY ACK user=0BC7/40 attempts=1/5 elapsed=222ms queue=0"}],"timed_out":false}}
2026-09-26T23:54:11.121+03:00 [AGENT REQUEST] {"id":192,"op":"send_line","session":"s1","text":"7A1602XXXXXXXXXX"}
2026-09-26T23:54:11.122+03:00 [TX] {"data_b64":"N0ExNjAyWFhYWFhYWFhYWAo=","device_key":"ble-address:44:1b:f6:8d:b7:a9","kind":"tx","seq":1048,"session":"s1","text":"7A1602XXXXXXXXXX","timestamp":1790456051.1220376,"tx_id":34,"tx_state":"queued"}
2026-09-26T23:54:11.123+03:00 [AGENT RESPONSE] {"id":192,"ok":true,"result":{"state":"queued","tx_id":34}}
2026-09-26T23:54:11.124+03:00 [TX] {"data_b64":"N0ExNjAyWFhYWFhYWFhYWAo=","description":"ble:LoRa-Chatter-1B44 44:1B:F6:8D:B7:A9","device_key":"ble-address:44:1b:f6:8d:b7:a9","kind":"tx","seq":1049,"session":"s1","text":"7A1602XXXXXXXXXX","timestamp":1790456051.1241934,"tx_id":34,"tx_state":"written"}
2026-09-26T23:54:11.194+03:00 [RX telemetry] {"data_b64":"REVMSVZFUlkgUVVFVUVEIHNvdXI=","description":"ble:LoRa-Chatter-1B44 44:1B:F6:8D:B7:A9","device_key":"ble-address:44:1b:f6:8d:b7:a9","kind":"rx","seq":1050,"session":"s1","stream":"telemetry","text":"DELIVERY QUEUED sour","timestamp":1790456051.1939104}
2026-09-26T23:54:11.195+03:00 [RX telemetry] {"data_b64":"Y2U9MiBieXRlcz0xNiB3YWl0aW4=","description":"ble:LoRa-Chatter-1B44 44:1B:F6:8D:B7:A9","device_key":"ble-address:44:1b:f6:8d:b7:a9","kind":"rx","seq":1051,"session":"s1","stream":"telemetry","text":"ce=2 bytes=16 waitin","timestamp":1790456051.1953754}
2026-09-26T23:54:11.196+03:00 [RX telemetry] {"data_b64":"Zz0xLzggaW5fZmxpZ2h0PTAK","description":"ble:LoRa-Chatter-1B44 44:1B:F6:8D:B7:A9","device_key":"ble-address:44:1b:f6:8d:b7:a9","kind":"rx","seq":1052,"session":"s1","stream":"telemetry","text":"g=1/8 in_flight=0\n","timestamp":1790456051.1954749}
2026-09-26T23:54:11.198+03:00 [RX telemetry] {"data_b64":"ClRYIFVTRVIgc2VxPTQxIGZyYW0=","description":"ble:LoRa-Chatter-1B44 44:1B:F6:8D:B7:A9","device_key":"ble-address:44:1b:f6:8d:b7:a9","kind":"rx","seq":1053,"session":"s1","stream":"telemetry","text":"\nTX USER seq=41 fram","timestamp":1790456051.1975405}
2026-09-26T23:54:11.198+03:00 [RX telemetry] {"data_b64":"ZT0yOEIgdXNlcj0xNkIgYXR0ZW0=","description":"ble:LoRa-Chatter-1B44 44:1B:F6:8D:B7:A9","device_key":"ble-address:44:1b:f6:8d:b7:a9","kind":"rx","seq":1054,"session":"s1","stream":"telemetry","text":"e=28B user=16B attem","timestamp":1790456051.1980438}
2026-09-26T23:54:11.200+03:00 [RX telemetry] {"data_b64":"cHQ9MS81IE9LIHRpbWU9MTggbXM=","description":"ble:LoRa-Chatter-1B44 44:1B:F6:8D:B7:A9","device_key":"ble-address:44:1b:f6:8d:b7:a9","kind":"rx","seq":1055,"session":"s1","stream":"telemetry","text":"pt=1/5 OK time=18 ms","timestamp":1790456051.1996627}
2026-09-26T23:54:11.200+03:00 [RX telemetry] {"data_b64":"Cg==","description":"ble:LoRa-Chatter-1B44 44:1B:F6:8D:B7:A9","device_key":"ble-address:44:1b:f6:8d:b7:a9","kind":"rx","seq":1056,"session":"s1","stream":"telemetry","text":"\n","timestamp":1790456051.1997623}
2026-09-26T23:54:11.200+03:00 [RX chat] {"data_b64":"PiA3QTE2MDJYWFhYWFhYWFhYCg==","description":"ble:LoRa-Chatter-1B44 44:1B:F6:8D:B7:A9","device_key":"ble-address:44:1b:f6:8d:b7:a9","kind":"rx","seq":1057,"session":"s1","stream":"chat","text":"> 7A1602XXXXXXXXXX\n","timestamp":1790456051.1998494}
2026-09-26T23:54:11.238+03:00 [RX telemetry] {"data_b64":"REVMSVZFUlkgV0FJVF9BQ0sgdXM=","description":"ble:LoRa-Chatter-1B44 44:1B:F6:8D:B7:A9","device_key":"ble-address:44:1b:f6:8d:b7:a9","kind":"rx","seq":1058,"session":"s1","stream":"telemetry","text":"DELIVERY WAIT_ACK us","timestamp":1790456051.238355}
2026-09-26T23:54:11.239+03:00 [RX telemetry] {"data_b64":"ZXI9MEJDNy80MSBhdHRlbXB0PTE=","description":"ble:LoRa-Chatter-1B44 44:1B:F6:8D:B7:A9","device_key":"ble-address:44:1b:f6:8d:b7:a9","kind":"rx","seq":1059,"session":"s1","stream":"telemetry","text":"er=0BC7/41 attempt=1","timestamp":1790456051.2393825}
2026-09-26T23:54:11.239+03:00 [RX telemetry] {"data_b64":"LzUgdGltZW91dD03MTJtcyBxdWU=","description":"ble:LoRa-Chatter-1B44 44:1B:F6:8D:B7:A9","device_key":"ble-address:44:1b:f6:8d:b7:a9","kind":"rx","seq":1060,"session":"s1","stream":"telemetry","text":"/5 timeout=712ms que","timestamp":1790456051.2394378}
2026-09-26T23:54:11.241+03:00 [RX telemetry] {"data_b64":"dWU9MAo=","description":"ble:LoRa-Chatter-1B44 44:1B:F6:8D:B7:A9","device_key":"ble-address:44:1b:f6:8d:b7:a9","kind":"rx","seq":1061,"session":"s1","stream":"telemetry","text":"ue=0\n","timestamp":1790456051.2411673}
2026-09-26T23:54:11.244+03:00 [RX telemetry] {"data_b64":"UEVFUl9SRVBPUlQgb3VyX3NlcT0=","description":"ble:LoRa-Chatter-72E0 E0:72:A1:D5:4C:15","device_key":"ble-address:e0:72:a1:d5:4c:15","kind":"rx","seq":1048,"session":"s2","stream":"telemetry","text":"PEER_REPORT our_seq=","timestamp":1790456051.244215}
2026-09-26T23:54:11.245+03:00 [RX telemetry] {"data_b64":"MTQgVFg9LTQ0LzUgUTEwMAo=","description":"ble:LoRa-Chatter-72E0 E0:72:A1:D5:4C:15","device_key":"ble-address:e0:72:a1:d5:4c:15","kind":"rx","seq":1049,"session":"s2","stream":"telemetry","text":"14 TX=-44/5 Q100\n","timestamp":1790456051.245096}
2026-09-26T23:54:11.245+03:00 [RX telemetry] {"data_b64":"ClJYIFVTRVIgc2Vzc2lvbj0wQkM=","description":"ble:LoRa-Chatter-72E0 E0:72:A1:D5:4C:15","device_key":"ble-address:e0:72:a1:d5:4c:15","kind":"rx","seq":1050,"session":"s2","stream":"telemetry","text":"\nRX USER session=0BC","timestamp":1790456051.2451515}
2026-09-26T23:54:11.246+03:00 [RX telemetry] {"data_b64":"NyBzZXE9NDEgZnJhbWU9MjhCIHU=","description":"ble:LoRa-Chatter-72E0 E0:72:A1:D5:4C:15","device_key":"ble-address:e0:72:a1:d5:4c:15","kind":"rx","seq":1051,"session":"s2","stream":"telemetry","text":"7 seq=41 frame=28B u","timestamp":1790456051.245937}
2026-09-26T23:54:11.246+03:00 [RX telemetry] {"data_b64":"c2VyPTE2QiBSWD0tNDgvNiBRMTA=","description":"ble:LoRa-Chatter-72E0 E0:72:A1:D5:4C:15","device_key":"ble-address:e0:72:a1:d5:4c:15","kind":"rx","seq":1052,"session":"s2","stream":"telemetry","text":"ser=16B RX=-48/6 Q10","timestamp":1790456051.245983}
2026-09-26T23:54:11.247+03:00 [RX telemetry] {"data_b64":"MCBkaXNwb3NpdGlvbj0wCg==","description":"ble:LoRa-Chatter-72E0 E0:72:A1:D5:4C:15","device_key":"ble-address:e0:72:a1:d5:4c:15","kind":"rx","seq":1053,"session":"s2","stream":"telemetry","text":"0 disposition=0\n","timestamp":1790456051.2467647}
2026-09-26T23:54:11.247+03:00 [RX chat] {"data_b64":"PCBbLTQ4LzYgUTEwMF0gN0ExNjA=","description":"ble:LoRa-Chatter-72E0 E0:72:A1:D5:4C:15","device_key":"ble-address:e0:72:a1:d5:4c:15","kind":"rx","seq":1054,"session":"s2","stream":"chat","text":"< [-48/6 Q100] 7A160","timestamp":1790456051.2468145}
2026-09-26T23:54:11.248+03:00 [RX chat] {"data_b64":"MlhYWFhYWFhYWFgK","description":"ble:LoRa-Chatter-72E0 E0:72:A1:D5:4C:15","device_key":"ble-address:e0:72:a1:d5:4c:15","kind":"rx","seq":1055,"session":"s2","stream":"chat","text":"2XXXXXXXXXX\n","timestamp":1790456051.2478774}
2026-09-26T23:54:11.419+03:00 [RX telemetry] {"data_b64":"UEVFUl9SRVBPUlQgb3VyX3NlcT0=","description":"ble:LoRa-Chatter-1B44 44:1B:F6:8D:B7:A9","device_key":"ble-address:44:1b:f6:8d:b7:a9","kind":"rx","seq":1062,"session":"s1","stream":"telemetry","text":"PEER_REPORT our_seq=","timestamp":1790456051.4190202}
2026-09-26T23:54:11.420+03:00 [RX telemetry] {"data_b64":"NDEgVFg9LTQ4LzYgUTEwMAo=","description":"ble:LoRa-Chatter-1B44 44:1B:F6:8D:B7:A9","device_key":"ble-address:44:1b:f6:8d:b7:a9","kind":"rx","seq":1063,"session":"s1","stream":"telemetry","text":"41 TX=-48/6 Q100\n","timestamp":1790456051.4191084}
2026-09-26T23:54:11.420+03:00 [RX telemetry] {"data_b64":"ClJYIEFDSyBzZXNzaW9uPTYzQTY=","description":"ble:LoRa-Chatter-1B44 44:1B:F6:8D:B7:A9","device_key":"ble-address:44:1b:f6:8d:b7:a9","kind":"rx","seq":1064,"session":"s1","stream":"telemetry","text":"\nRX ACK session=63A6","timestamp":1790456051.4203176}
2026-09-26T23:54:11.428+03:00 [RX telemetry] {"data_b64":"ClRYIEFDSyBzZXE9MTUgYWNrX3Q=","description":"ble:LoRa-Chatter-72E0 E0:72:A1:D5:4C:15","device_key":"ble-address:e0:72:a1:d5:4c:15","kind":"rx","seq":1056,"session":"s2","stream":"telemetry","text":"\nTX ACK seq=15 ack_t","timestamp":1790456051.4279432}
2026-09-26T23:54:11.429+03:00 [RX telemetry] {"data_b64":"bz0wQkM3LzQxIGZyYW1lPTE0QiA=","description":"ble:LoRa-Chatter-72E0 E0:72:A1:D5:4C:15","device_key":"ble-address:e0:72:a1:d5:4c:15","kind":"rx","seq":1057,"session":"s2","stream":"telemetry","text":"o=0BC7/41 frame=14B ","timestamp":1790456051.4281025}
2026-09-26T23:54:11.430+03:00 [RX telemetry] {"data_b64":"T0sgdGltZT0xNCBtcyBndWFyZD0=","description":"ble:LoRa-Chatter-72E0 E0:72:A1:D5:4C:15","device_key":"ble-address:e0:72:a1:d5:4c:15","kind":"rx","seq":1058,"session":"s2","stream":"telemetry","text":"OK time=14 ms guard=","timestamp":1790456051.4297423}
2026-09-26T23:54:11.430+03:00 [RX telemetry] {"data_b64":"NTAwbXMK","description":"ble:LoRa-Chatter-72E0 E0:72:A1:D5:4C:15","device_key":"ble-address:e0:72:a1:d5:4c:15","kind":"rx","seq":1059,"session":"s2","stream":"telemetry","text":"500ms\n","timestamp":1790456051.430225}
2026-09-26T23:54:11.509+03:00 [RX telemetry] {"data_b64":"IHNlcT0xNSBhY2tfdG89MEJDNy8=","description":"ble:LoRa-Chatter-1B44 44:1B:F6:8D:B7:A9","device_key":"ble-address:44:1b:f6:8d:b7:a9","kind":"rx","seq":1065,"session":"s1","stream":"telemetry","text":" seq=15 ack_to=0BC7/","timestamp":1790456051.5091941}
2026-09-26T23:54:11.510+03:00 [RX telemetry] {"data_b64":"NDEgZnJhbWU9MTRCIFJYPS00NS8=","description":"ble:LoRa-Chatter-1B44 44:1B:F6:8D:B7:A9","device_key":"ble-address:44:1b:f6:8d:b7:a9","kind":"rx","seq":1066,"session":"s1","stream":"telemetry","text":"41 frame=14B RX=-45/","timestamp":1790456051.5092795}
2026-09-26T23:54:11.511+03:00 [RX telemetry] {"data_b64":"NSBRMTAwCg==","description":"ble:LoRa-Chatter-1B44 44:1B:F6:8D:B7:A9","device_key":"ble-address:44:1b:f6:8d:b7:a9","kind":"rx","seq":1067,"session":"s1","stream":"telemetry","text":"5 Q100\n","timestamp":1790456051.5109491}
2026-09-26T23:54:11.554+03:00 [RX telemetry] {"data_b64":"REVMSVZFUlkgQUNLIHVzZXI9MEI=","description":"ble:LoRa-Chatter-1B44 44:1B:F6:8D:B7:A9","device_key":"ble-address:44:1b:f6:8d:b7:a9","kind":"rx","seq":1068,"session":"s1","stream":"telemetry","text":"DELIVERY ACK user=0B","timestamp":1790456051.55386}
2026-09-26T23:54:11.556+03:00 [RX telemetry] {"data_b64":"QzcvNDEgYXR0ZW1wdHM9MS81IGU=","description":"ble:LoRa-Chatter-1B44 44:1B:F6:8D:B7:A9","device_key":"ble-address:44:1b:f6:8d:b7:a9","kind":"rx","seq":1069,"session":"s1","stream":"telemetry","text":"C7/41 attempts=1/5 e","timestamp":1790456051.5558646}
2026-09-26T23:54:11.556+03:00 [RX telemetry] {"data_b64":"bGFwc2VkPTIyMm1zIHF1ZXVlPTA=","description":"ble:LoRa-Chatter-1B44 44:1B:F6:8D:B7:A9","device_key":"ble-address:44:1b:f6:8d:b7:a9","kind":"rx","seq":1070,"session":"s1","stream":"telemetry","text":"lapsed=222ms queue=0","timestamp":1790456051.555947}
2026-09-26T23:54:11.645+03:00 [RX telemetry] {"data_b64":"Cg==","description":"ble:LoRa-Chatter-1B44 44:1B:F6:8D:B7:A9","device_key":"ble-address:44:1b:f6:8d:b7:a9","kind":"rx","seq":1071,"session":"s1","stream":"telemetry","text":"\n","timestamp":1790456051.6444893}
2026-09-26T23:54:12.226+03:00 [AGENT REQUEST] {"id":193,"op":"observe","cursors":{"s1":1047,"s2":1047},"timeout_ms":6000}
2026-09-26T23:54:12.227+03:00 [AGENT RESPONSE] {"id":193,"ok":true,"result":{"cursors":{"s1":1071,"s2":1059},"lines":[{"seq_first":1050,"seq_last":1052,"session":"s1","stream":"telemetry","text":"DELIVERY QUEUED source=2 bytes=16 waiting=1/8 in_flight=0"},{"seq_first":1053,"seq_last":1053,"session":"s1","stream":"telemetry","text":""},{"seq_first":1053,"seq_last":1056,"session":"s1","stream":"telemetry","text":"TX USER seq=41 frame=28B user=16B attempt=1/5 OK time=18 ms"},{"seq_first":1057,"seq_last":1057,"session":"s1","stream":"chat","text":"> 7A1602XXXXXXXXXX"},{"seq_first":1058,"seq_last":1061,"session":"s1","stream":"telemetry","text":"DELIVERY WAIT_ACK user=0BC7/41 attempt=1/5 timeout=712ms queue=0"},{"seq_first":1048,"seq_last":1049,"session":"s2","stream":"telemetry","text":"PEER_REPORT our_seq=14 TX=-44/5 Q100"},{"seq_first":1050,"seq_last":1050,"session":"s2","stream":"telemetry","text":""},{"seq_first":1050,"seq_last":1053,"session":"s2","stream":"telemetry","text":"RX USER session=0BC7 seq=41 frame=28B user=16B RX=-48/6 Q100 disposition=0"},{"seq_first":1054,"seq_last":1055,"session":"s2","stream":"chat","text":"< [-48/6 Q100] 7A1602XXXXXXXXXX"},{"seq_first":1062,"seq_last":1063,"session":"s1","stream":"telemetry","text":"PEER_REPORT our_seq=41 TX=-48/6 Q100"},{"seq_first":1064,"seq_last":1064,"session":"s1","stream":"telemetry","text":""},{"seq_first":1056,"seq_last":1056,"session":"s2","stream":"telemetry","text":""},{"seq_first":1056,"seq_last":1059,"session":"s2","stream":"telemetry","text":"TX ACK seq=15 ack_to=0BC7/41 frame=14B OK time=14 ms guard=500ms"},{"seq_first":1064,"seq_last":1067,"session":"s1","stream":"telemetry","text":"RX ACK session=63A6 seq=15 ack_to=0BC7/41 frame=14B RX=-45/5 Q100"},{"seq_first":1068,"seq_last":1071,"session":"s1","stream":"telemetry","text":"DELIVERY ACK user=0BC7/41 attempts=1/5 elapsed=222ms queue=0"}],"timed_out":false}}
2026-09-26T23:54:13.330+03:00 [AGENT REQUEST] {"id":194,"op":"send_line","session":"s1","text":"7A1603XXXXXXXXXX"}
2026-09-26T23:54:13.331+03:00 [TX] {"data_b64":"N0ExNjAzWFhYWFhYWFhYWAo=","device_key":"ble-address:44:1b:f6:8d:b7:a9","kind":"tx","seq":1072,"session":"s1","text":"7A1603XXXXXXXXXX","timestamp":1790456053.3306305,"tx_id":35,"tx_state":"queued"}
2026-09-26T23:54:13.332+03:00 [AGENT RESPONSE] {"id":194,"ok":true,"result":{"state":"queued","tx_id":35}}
2026-09-26T23:54:13.332+03:00 [TX] {"data_b64":"N0ExNjAzWFhYWFhYWFhYWAo=","description":"ble:LoRa-Chatter-1B44 44:1B:F6:8D:B7:A9","device_key":"ble-address:44:1b:f6:8d:b7:a9","kind":"tx","seq":1073,"session":"s1","text":"7A1603XXXXXXXXXX","timestamp":1790456053.3325078,"tx_id":35,"tx_state":"written"}
2026-09-26T23:54:13.404+03:00 [RX telemetry] {"data_b64":"REVMSVZFUlkgUVVFVUVEIHNvdXI=","description":"ble:LoRa-Chatter-1B44 44:1B:F6:8D:B7:A9","device_key":"ble-address:44:1b:f6:8d:b7:a9","kind":"rx","seq":1074,"session":"s1","stream":"telemetry","text":"DELIVERY QUEUED sour","timestamp":1790456053.402938}
2026-09-26T23:54:13.405+03:00 [RX telemetry] {"data_b64":"Y2U9MiBieXRlcz0xNiB3YWl0aW4=","description":"ble:LoRa-Chatter-1B44 44:1B:F6:8D:B7:A9","device_key":"ble-address:44:1b:f6:8d:b7:a9","kind":"rx","seq":1075,"session":"s1","stream":"telemetry","text":"ce=2 bytes=16 waitin","timestamp":1790456053.4030344}
2026-09-26T23:54:13.405+03:00 [RX telemetry] {"data_b64":"Zz0xLzggaW5fZmxpZ2h0PTAK","description":"ble:LoRa-Chatter-1B44 44:1B:F6:8D:B7:A9","device_key":"ble-address:44:1b:f6:8d:b7:a9","kind":"rx","seq":1076,"session":"s1","stream":"telemetry","text":"g=1/8 in_flight=0\n","timestamp":1790456053.403096}
2026-09-26T23:54:13.405+03:00 [RX telemetry] {"data_b64":"ClRYIFVTRVIgc2VxPTQyIGZyYW0=","description":"ble:LoRa-Chatter-1B44 44:1B:F6:8D:B7:A9","device_key":"ble-address:44:1b:f6:8d:b7:a9","kind":"rx","seq":1077,"session":"s1","stream":"telemetry","text":"\nTX USER seq=42 fram","timestamp":1790456053.40318}
2026-09-26T23:54:13.405+03:00 [RX telemetry] {"data_b64":"ZT0yOEIgdXNlcj0xNkIgYXR0ZW0=","description":"ble:LoRa-Chatter-1B44 44:1B:F6:8D:B7:A9","device_key":"ble-address:44:1b:f6:8d:b7:a9","kind":"rx","seq":1078,"session":"s1","stream":"telemetry","text":"e=28B user=16B attem","timestamp":1790456053.403252}
2026-09-26T23:54:13.406+03:00 [RX telemetry] {"data_b64":"cHQ9MS81IE9LIHRpbWU9MTggbXM=","description":"ble:LoRa-Chatter-1B44 44:1B:F6:8D:B7:A9","device_key":"ble-address:44:1b:f6:8d:b7:a9","kind":"rx","seq":1079,"session":"s1","stream":"telemetry","text":"pt=1/5 OK time=18 ms","timestamp":1790456053.4033065}
2026-09-26T23:54:13.406+03:00 [RX telemetry] {"data_b64":"Cg==","description":"ble:LoRa-Chatter-1B44 44:1B:F6:8D:B7:A9","device_key":"ble-address:44:1b:f6:8d:b7:a9","kind":"rx","seq":1080,"session":"s1","stream":"telemetry","text":"\n","timestamp":1790456053.4043245}
2026-09-26T23:54:13.406+03:00 [RX chat] {"data_b64":"PiA3QTE2MDNYWFhYWFhYWFhYCg==","description":"ble:LoRa-Chatter-1B44 44:1B:F6:8D:B7:A9","device_key":"ble-address:44:1b:f6:8d:b7:a9","kind":"rx","seq":1081,"session":"s1","stream":"chat","text":"> 7A1603XXXXXXXXXX\n","timestamp":1790456053.4043882}
2026-09-26T23:54:13.407+03:00 [RX telemetry] {"data_b64":"REVMSVZFUlkgV0FJVF9BQ0sgdXM=","description":"ble:LoRa-Chatter-1B44 44:1B:F6:8D:B7:A9","device_key":"ble-address:44:1b:f6:8d:b7:a9","kind":"rx","seq":1082,"session":"s1","stream":"telemetry","text":"DELIVERY WAIT_ACK us","timestamp":1790456053.4050224}
2026-09-26T23:54:13.407+03:00 [RX telemetry] {"data_b64":"ZXI9MEJDNy80MiBhdHRlbXB0PTE=","description":"ble:LoRa-Chatter-1B44 44:1B:F6:8D:B7:A9","device_key":"ble-address:44:1b:f6:8d:b7:a9","kind":"rx","seq":1083,"session":"s1","stream":"telemetry","text":"er=0BC7/42 attempt=1","timestamp":1790456053.405068}
2026-09-26T23:54:13.407+03:00 [RX telemetry] {"data_b64":"LzUgdGltZW91dD03MTJtcyBxdWU=","description":"ble:LoRa-Chatter-1B44 44:1B:F6:8D:B7:A9","device_key":"ble-address:44:1b:f6:8d:b7:a9","kind":"rx","seq":1084,"session":"s1","stream":"telemetry","text":"/5 timeout=712ms que","timestamp":1790456053.4074743}
2026-09-26T23:54:13.407+03:00 [RX telemetry] {"data_b64":"dWU9MAo=","description":"ble:LoRa-Chatter-1B44 44:1B:F6:8D:B7:A9","device_key":"ble-address:44:1b:f6:8d:b7:a9","kind":"rx","seq":1085,"session":"s1","stream":"telemetry","text":"ue=0\n","timestamp":1790456053.4075332}
2026-09-26T23:54:13.449+03:00 [RX telemetry] {"data_b64":"UEVFUl9SRVBPUlQgb3VyX3NlcT0=","description":"ble:LoRa-Chatter-72E0 E0:72:A1:D5:4C:15","device_key":"ble-address:e0:72:a1:d5:4c:15","kind":"rx","seq":1060,"session":"s2","stream":"telemetry","text":"PEER_REPORT our_seq=","timestamp":1790456053.4488232}
2026-09-26T23:54:13.449+03:00 [RX telemetry] {"data_b64":"MTUgVFg9LTQ1LzUgUTEwMAo=","description":"ble:LoRa-Chatter-72E0 E0:72:A1:D5:4C:15","device_key":"ble-address:e0:72:a1:d5:4c:15","kind":"rx","seq":1061,"session":"s2","stream":"telemetry","text":"15 TX=-45/5 Q100\n","timestamp":1790456053.4489725}
2026-09-26T23:54:13.449+03:00 [RX telemetry] {"data_b64":"ClJYIFVTRVIgc2Vzc2lvbj0wQkM=","description":"ble:LoRa-Chatter-72E0 E0:72:A1:D5:4C:15","device_key":"ble-address:e0:72:a1:d5:4c:15","kind":"rx","seq":1062,"session":"s2","stream":"telemetry","text":"\nRX USER session=0BC","timestamp":1790456053.4495962}
2026-09-26T23:54:13.450+03:00 [RX telemetry] {"data_b64":"NyBzZXE9NDIgZnJhbWU9MjhCIHU=","description":"ble:LoRa-Chatter-72E0 E0:72:A1:D5:4C:15","device_key":"ble-address:e0:72:a1:d5:4c:15","kind":"rx","seq":1063,"session":"s2","stream":"telemetry","text":"7 seq=42 frame=28B u","timestamp":1790456053.4501138}
2026-09-26T23:54:13.450+03:00 [RX telemetry] {"data_b64":"c2VyPTE2QiBSWD0tNDEvMSBRMTA=","description":"ble:LoRa-Chatter-72E0 E0:72:A1:D5:4C:15","device_key":"ble-address:e0:72:a1:d5:4c:15","kind":"rx","seq":1064,"session":"s2","stream":"telemetry","text":"ser=16B RX=-41/1 Q10","timestamp":1790456053.450148}
2026-09-26T23:54:13.450+03:00 [RX telemetry] {"data_b64":"MCBkaXNwb3NpdGlvbj0wCg==","description":"ble:LoRa-Chatter-72E0 E0:72:A1:D5:4C:15","device_key":"ble-address:e0:72:a1:d5:4c:15","kind":"rx","seq":1065,"session":"s2","stream":"telemetry","text":"0 disposition=0\n","timestamp":1790456053.4505253}
2026-09-26T23:54:13.451+03:00 [RX chat] {"data_b64":"PCBbLTQxLzEgUTEwMF0gN0ExNjA=","description":"ble:LoRa-Chatter-72E0 E0:72:A1:D5:4C:15","device_key":"ble-address:e0:72:a1:d5:4c:15","kind":"rx","seq":1066,"session":"s2","stream":"chat","text":"< [-41/1 Q100] 7A160","timestamp":1790456053.4517787}
2026-09-26T23:54:13.452+03:00 [RX chat] {"data_b64":"M1hYWFhYWFhYWFgK","description":"ble:LoRa-Chatter-72E0 E0:72:A1:D5:4C:15","device_key":"ble-address:e0:72:a1:d5:4c:15","kind":"rx","seq":1067,"session":"s2","stream":"chat","text":"3XXXXXXXXXX\n","timestamp":1790456053.4521315}
2026-09-26T23:54:13.623+03:00 [RX telemetry] {"data_b64":"UEVFUl9SRVBPUlQgb3VyX3NlcT0=","description":"ble:LoRa-Chatter-1B44 44:1B:F6:8D:B7:A9","device_key":"ble-address:44:1b:f6:8d:b7:a9","kind":"rx","seq":1086,"session":"s1","stream":"telemetry","text":"PEER_REPORT our_seq=","timestamp":1790456053.6231492}
2026-09-26T23:54:13.623+03:00 [RX telemetry] {"data_b64":"NDIgVFg9LTQxLzEgUTEwMAo=","description":"ble:LoRa-Chatter-1B44 44:1B:F6:8D:B7:A9","device_key":"ble-address:44:1b:f6:8d:b7:a9","kind":"rx","seq":1087,"session":"s1","stream":"telemetry","text":"42 TX=-41/1 Q100\n","timestamp":1790456053.6232162}
2026-09-26T23:54:13.623+03:00 [RX telemetry] {"data_b64":"ClJYIEFDSyBzZXNzaW9uPTYzQTY=","description":"ble:LoRa-Chatter-1B44 44:1B:F6:8D:B7:A9","device_key":"ble-address:44:1b:f6:8d:b7:a9","kind":"rx","seq":1088,"session":"s1","stream":"telemetry","text":"\nRX ACK session=63A6","timestamp":1790456053.6236575}
2026-09-26T23:54:13.628+03:00 [RX telemetry] {"data_b64":"ClRYIEFDSyBzZXE9MTYgYWNrX3Q=","description":"ble:LoRa-Chatter-72E0 E0:72:A1:D5:4C:15","device_key":"ble-address:e0:72:a1:d5:4c:15","kind":"rx","seq":1068,"session":"s2","stream":"telemetry","text":"\nTX ACK seq=16 ack_t","timestamp":1790456053.6282175}
2026-09-26T23:54:13.628+03:00 [RX telemetry] {"data_b64":"bz0wQkM3LzQyIGZyYW1lPTE0QiA=","description":"ble:LoRa-Chatter-72E0 E0:72:A1:D5:4C:15","device_key":"ble-address:e0:72:a1:d5:4c:15","kind":"rx","seq":1069,"session":"s2","stream":"telemetry","text":"o=0BC7/42 frame=14B ","timestamp":1790456053.6282685}
2026-09-26T23:54:13.629+03:00 [RX telemetry] {"data_b64":"T0sgdGltZT0xNCBtcyBndWFyZD0=","description":"ble:LoRa-Chatter-72E0 E0:72:A1:D5:4C:15","device_key":"ble-address:e0:72:a1:d5:4c:15","kind":"rx","seq":1070,"session":"s2","stream":"telemetry","text":"OK time=14 ms guard=","timestamp":1790456053.628794}
2026-09-26T23:54:13.630+03:00 [RX telemetry] {"data_b64":"NTAwbXMK","description":"ble:LoRa-Chatter-72E0 E0:72:A1:D5:4C:15","device_key":"ble-address:e0:72:a1:d5:4c:15","kind":"rx","seq":1071,"session":"s2","stream":"telemetry","text":"500ms\n","timestamp":1790456053.6304262}
2026-09-26T23:54:13.673+03:00 [RX telemetry] {"data_b64":"IHNlcT0xNiBhY2tfdG89MEJDNy8=","description":"ble:LoRa-Chatter-1B44 44:1B:F6:8D:B7:A9","device_key":"ble-address:44:1b:f6:8d:b7:a9","kind":"rx","seq":1089,"session":"s1","stream":"telemetry","text":" seq=16 ack_to=0BC7/","timestamp":1790456053.6726518}
2026-09-26T23:54:13.673+03:00 [RX telemetry] {"data_b64":"NDIgZnJhbWU9MTRCIFJYPS00NS8=","description":"ble:LoRa-Chatter-1B44 44:1B:F6:8D:B7:A9","device_key":"ble-address:44:1b:f6:8d:b7:a9","kind":"rx","seq":1090,"session":"s1","stream":"telemetry","text":"42 frame=14B RX=-45/","timestamp":1790456053.6729107}
2026-09-26T23:54:13.673+03:00 [RX telemetry] {"data_b64":"NSBRMTAwCg==","description":"ble:LoRa-Chatter-1B44 44:1B:F6:8D:B7:A9","device_key":"ble-address:44:1b:f6:8d:b7:a9","kind":"rx","seq":1091,"session":"s1","stream":"telemetry","text":"5 Q100\n","timestamp":1790456053.6729538}
2026-09-26T23:54:13.714+03:00 [RX telemetry] {"data_b64":"REVMSVZFUlkgQUNLIHVzZXI9MEI=","description":"ble:LoRa-Chatter-1B44 44:1B:F6:8D:B7:A9","device_key":"ble-address:44:1b:f6:8d:b7:a9","kind":"rx","seq":1092,"session":"s1","stream":"telemetry","text":"DELIVERY ACK user=0B","timestamp":1790456053.714081}
2026-09-26T23:54:13.714+03:00 [RX telemetry] {"data_b64":"QzcvNDIgYXR0ZW1wdHM9MS81IGU=","description":"ble:LoRa-Chatter-1B44 44:1B:F6:8D:B7:A9","device_key":"ble-address:44:1b:f6:8d:b7:a9","kind":"rx","seq":1093,"session":"s1","stream":"telemetry","text":"C7/42 attempts=1/5 e","timestamp":1790456053.7141428}
2026-09-26T23:54:13.714+03:00 [RX telemetry] {"data_b64":"bGFwc2VkPTIyMm1zIHF1ZXVlPTA=","description":"ble:LoRa-Chatter-1B44 44:1B:F6:8D:B7:A9","device_key":"ble-address:44:1b:f6:8d:b7:a9","kind":"rx","seq":1094,"session":"s1","stream":"telemetry","text":"lapsed=222ms queue=0","timestamp":1790456053.7141695}
2026-09-26T23:54:13.760+03:00 [RX telemetry] {"data_b64":"Cg==","description":"ble:LoRa-Chatter-1B44 44:1B:F6:8D:B7:A9","device_key":"ble-address:44:1b:f6:8d:b7:a9","kind":"rx","seq":1095,"session":"s1","stream":"telemetry","text":"\n","timestamp":1790456053.7602334}
2026-09-26T23:54:14.434+03:00 [AGENT REQUEST] {"id":195,"op":"observe","cursors":{"s1":1071,"s2":1059},"timeout_ms":6000}
2026-09-26T23:54:14.435+03:00 [AGENT RESPONSE] {"id":195,"ok":true,"result":{"cursors":{"s1":1095,"s2":1071},"lines":[{"seq_first":1074,"seq_last":1076,"session":"s1","stream":"telemetry","text":"DELIVERY QUEUED source=2 bytes=16 waiting=1/8 in_flight=0"},{"seq_first":1077,"seq_last":1077,"session":"s1","stream":"telemetry","text":""},{"seq_first":1077,"seq_last":1080,"session":"s1","stream":"telemetry","text":"TX USER seq=42 frame=28B user=16B attempt=1/5 OK time=18 ms"},{"seq_first":1081,"seq_last":1081,"session":"s1","stream":"chat","text":"> 7A1603XXXXXXXXXX"},{"seq_first":1082,"seq_last":1085,"session":"s1","stream":"telemetry","text":"DELIVERY WAIT_ACK user=0BC7/42 attempt=1/5 timeout=712ms queue=0"},{"seq_first":1060,"seq_last":1061,"session":"s2","stream":"telemetry","text":"PEER_REPORT our_seq=15 TX=-45/5 Q100"},{"seq_first":1062,"seq_last":1062,"session":"s2","stream":"telemetry","text":""},{"seq_first":1062,"seq_last":1065,"session":"s2","stream":"telemetry","text":"RX USER session=0BC7 seq=42 frame=28B user=16B RX=-41/1 Q100 disposition=0"},{"seq_first":1066,"seq_last":1067,"session":"s2","stream":"chat","text":"< [-41/1 Q100] 7A1603XXXXXXXXXX"},{"seq_first":1086,"seq_last":1087,"session":"s1","stream":"telemetry","text":"PEER_REPORT our_seq=42 TX=-41/1 Q100"},{"seq_first":1088,"seq_last":1088,"session":"s1","stream":"telemetry","text":""},{"seq_first":1068,"seq_last":1068,"session":"s2","stream":"telemetry","text":""},{"seq_first":1068,"seq_last":1071,"session":"s2","stream":"telemetry","text":"TX ACK seq=16 ack_to=0BC7/42 frame=14B OK time=14 ms guard=500ms"},{"seq_first":1088,"seq_last":1091,"session":"s1","stream":"telemetry","text":"RX ACK session=63A6 seq=16 ack_to=0BC7/42 frame=14B RX=-45/5 Q100"},{"seq_first":1092,"seq_last":1095,"session":"s1","stream":"telemetry","text":"DELIVERY ACK user=0BC7/42 attempts=1/5 elapsed=222ms queue=0"}],"timed_out":false}}
2026-09-26T23:54:15.540+03:00 [AGENT REQUEST] {"id":196,"op":"send_line","session":"s2","text":"7B1601XXXXXXXXXX"}
2026-09-26T23:54:15.542+03:00 [TX] {"data_b64":"N0IxNjAxWFhYWFhYWFhYWAo=","device_key":"ble-address:e0:72:a1:d5:4c:15","kind":"tx","seq":1072,"session":"s2","text":"7B1601XXXXXXXXXX","timestamp":1790456055.5412223,"tx_id":33,"tx_state":"queued"}
2026-09-26T23:54:15.542+03:00 [AGENT RESPONSE] {"id":196,"ok":true,"result":{"state":"queued","tx_id":33}}
2026-09-26T23:54:15.543+03:00 [TX] {"data_b64":"N0IxNjAxWFhYWFhYWFhYWAo=","description":"ble:LoRa-Chatter-72E0 E0:72:A1:D5:4C:15","device_key":"ble-address:e0:72:a1:d5:4c:15","kind":"tx","seq":1073,"session":"s2","text":"7B1601XXXXXXXXXX","timestamp":1790456055.5430143,"tx_id":33,"tx_state":"written"}
2026-09-26T23:54:15.604+03:00 [RX telemetry] {"data_b64":"UEVFUl9SRVBPUlQgb3VyX3NlcT0=","description":"ble:LoRa-Chatter-1B44 44:1B:F6:8D:B7:A9","device_key":"ble-address:44:1b:f6:8d:b7:a9","kind":"rx","seq":1096,"session":"s1","stream":"telemetry","text":"PEER_REPORT our_seq=","timestamp":1790456055.6039903}
2026-09-26T23:54:15.606+03:00 [RX telemetry] {"data_b64":"NDIgVFg9LTQxLzEgUTEwMAo=","description":"ble:LoRa-Chatter-1B44 44:1B:F6:8D:B7:A9","device_key":"ble-address:44:1b:f6:8d:b7:a9","kind":"rx","seq":1097,"session":"s1","stream":"telemetry","text":"42 TX=-41/1 Q100\n","timestamp":1790456055.605483}
2026-09-26T23:54:15.606+03:00 [RX telemetry] {"data_b64":"ClJYIFVTRVIgc2Vzc2lvbj02M0E=","description":"ble:LoRa-Chatter-1B44 44:1B:F6:8D:B7:A9","device_key":"ble-address:44:1b:f6:8d:b7:a9","kind":"rx","seq":1098,"session":"s1","stream":"telemetry","text":"\nRX USER session=63A","timestamp":1790456055.605606}
2026-09-26T23:54:15.606+03:00 [RX telemetry] {"data_b64":"NiBzZXE9MTcgZnJhbWU9MjhCIHU=","description":"ble:LoRa-Chatter-1B44 44:1B:F6:8D:B7:A9","device_key":"ble-address:44:1b:f6:8d:b7:a9","kind":"rx","seq":1099,"session":"s1","stream":"telemetry","text":"6 seq=17 frame=28B u","timestamp":1790456055.605691}
2026-09-26T23:54:15.607+03:00 [RX telemetry] {"data_b64":"c2VyPTE2QiBSWD0tNTMvNSBRMTA=","description":"ble:LoRa-Chatter-1B44 44:1B:F6:8D:B7:A9","device_key":"ble-address:44:1b:f6:8d:b7:a9","kind":"rx","seq":1100,"session":"s1","stream":"telemetry","text":"ser=16B RX=-53/5 Q10","timestamp":1790456055.6071286}
2026-09-26T23:54:15.607+03:00 [RX telemetry] {"data_b64":"MCBkaXNwb3NpdGlvbj0wCg==","description":"ble:LoRa-Chatter-1B44 44:1B:F6:8D:B7:A9","device_key":"ble-address:44:1b:f6:8d:b7:a9","kind":"rx","seq":1101,"session":"s1","stream":"telemetry","text":"0 disposition=0\n","timestamp":1790456055.6071906}
2026-09-26T23:54:15.608+03:00 [RX chat] {"data_b64":"PCBbLTUzLzUgUTEwMF0gN0IxNjA=","description":"ble:LoRa-Chatter-1B44 44:1B:F6:8D:B7:A9","device_key":"ble-address:44:1b:f6:8d:b7:a9","kind":"rx","seq":1102,"session":"s1","stream":"chat","text":"< [-53/5 Q100] 7B160","timestamp":1790456055.608229}
2026-09-26T23:54:15.609+03:00 [RX chat] {"data_b64":"MVhYWFhYWFhYWFgK","description":"ble:LoRa-Chatter-1B44 44:1B:F6:8D:B7:A9","device_key":"ble-address:44:1b:f6:8d:b7:a9","kind":"rx","seq":1103,"session":"s1","stream":"chat","text":"1XXXXXXXXXX\n","timestamp":1790456055.609209}
2026-09-26T23:54:15.656+03:00 [RX telemetry] {"data_b64":"REVMSVZFUlkgUVVFVUVEIHNvdXI=","description":"ble:LoRa-Chatter-72E0 E0:72:A1:D5:4C:15","device_key":"ble-address:e0:72:a1:d5:4c:15","kind":"rx","seq":1074,"session":"s2","stream":"telemetry","text":"DELIVERY QUEUED sour","timestamp":1790456055.6546931}
2026-09-26T23:54:15.659+03:00 [RX telemetry] {"data_b64":"Y2U9MiBieXRlcz0xNiB3YWl0aW4=","description":"ble:LoRa-Chatter-72E0 E0:72:A1:D5:4C:15","device_key":"ble-address:e0:72:a1:d5:4c:15","kind":"rx","seq":1075,"session":"s2","stream":"telemetry","text":"ce=2 bytes=16 waitin","timestamp":1790456055.6589074}
2026-09-26T23:54:15.660+03:00 [RX telemetry] {"data_b64":"Zz0xLzggaW5fZmxpZ2h0PTAK","description":"ble:LoRa-Chatter-72E0 E0:72:A1:D5:4C:15","device_key":"ble-address:e0:72:a1:d5:4c:15","kind":"rx","seq":1076,"session":"s2","stream":"telemetry","text":"g=1/8 in_flight=0\n","timestamp":1790456055.6590173}
2026-09-26T23:54:15.660+03:00 [RX telemetry] {"data_b64":"ClRYIFVTRVIgc2VxPTE3IGZyYW0=","description":"ble:LoRa-Chatter-72E0 E0:72:A1:D5:4C:15","device_key":"ble-address:e0:72:a1:d5:4c:15","kind":"rx","seq":1077,"session":"s2","stream":"telemetry","text":"\nTX USER seq=17 fram","timestamp":1790456055.6591096}
2026-09-26T23:54:15.661+03:00 [RX telemetry] {"data_b64":"ZT0yOEIgdXNlcj0xNkIgYXR0ZW0=","description":"ble:LoRa-Chatter-72E0 E0:72:A1:D5:4C:15","device_key":"ble-address:e0:72:a1:d5:4c:15","kind":"rx","seq":1078,"session":"s2","stream":"telemetry","text":"e=28B user=16B attem","timestamp":1790456055.659186}
2026-09-26T23:54:15.661+03:00 [RX telemetry] {"data_b64":"cHQ9MS81IE9LIHRpbWU9MTkgbXM=","description":"ble:LoRa-Chatter-72E0 E0:72:A1:D5:4C:15","device_key":"ble-address:e0:72:a1:d5:4c:15","kind":"rx","seq":1079,"session":"s2","stream":"telemetry","text":"pt=1/5 OK time=19 ms","timestamp":1790456055.6592202}
2026-09-26T23:54:15.661+03:00 [RX telemetry] {"data_b64":"Cg==","description":"ble:LoRa-Chatter-72E0 E0:72:A1:D5:4C:15","device_key":"ble-address:e0:72:a1:d5:4c:15","kind":"rx","seq":1080,"session":"s2","stream":"telemetry","text":"\n","timestamp":1790456055.659251}
2026-09-26T23:54:15.661+03:00 [RX chat] {"data_b64":"PiA3QjE2MDFYWFhYWFhYWFhYCg==","description":"ble:LoRa-Chatter-72E0 E0:72:A1:D5:4C:15","device_key":"ble-address:e0:72:a1:d5:4c:15","kind":"rx","seq":1081,"session":"s2","stream":"chat","text":"> 7B1601XXXXXXXXXX\n","timestamp":1790456055.6592832}
2026-09-26T23:54:15.661+03:00 [RX telemetry] {"data_b64":"REVMSVZFUlkgV0FJVF9BQ0sgdXM=","description":"ble:LoRa-Chatter-72E0 E0:72:A1:D5:4C:15","device_key":"ble-address:e0:72:a1:d5:4c:15","kind":"rx","seq":1082,"session":"s2","stream":"telemetry","text":"DELIVERY WAIT_ACK us","timestamp":1790456055.6606247}
2026-09-26T23:54:15.662+03:00 [RX telemetry] {"data_b64":"ZXI9NjNBNi8xNyBhdHRlbXB0PTE=","description":"ble:LoRa-Chatter-72E0 E0:72:A1:D5:4C:15","device_key":"ble-address:e0:72:a1:d5:4c:15","kind":"rx","seq":1083,"session":"s2","stream":"telemetry","text":"er=63A6/17 attempt=1","timestamp":1790456055.6606982}
2026-09-26T23:54:15.662+03:00 [RX telemetry] {"data_b64":"LzUgdGltZW91dD03MTJtcyBxdWU=","description":"ble:LoRa-Chatter-72E0 E0:72:A1:D5:4C:15","device_key":"ble-address:e0:72:a1:d5:4c:15","kind":"rx","seq":1084,"session":"s2","stream":"telemetry","text":"/5 timeout=712ms que","timestamp":1790456055.6607535}
2026-09-26T23:54:15.662+03:00 [RX telemetry] {"data_b64":"dWU9MAo=","description":"ble:LoRa-Chatter-72E0 E0:72:A1:D5:4C:15","device_key":"ble-address:e0:72:a1:d5:4c:15","kind":"rx","seq":1085,"session":"s2","stream":"telemetry","text":"ue=0\n","timestamp":1790456055.6612923}
2026-09-26T23:54:15.831+03:00 [RX telemetry] {"data_b64":"ClRYIEFDSyBzZXE9NDMgYWNrX3Q=","description":"ble:LoRa-Chatter-1B44 44:1B:F6:8D:B7:A9","device_key":"ble-address:44:1b:f6:8d:b7:a9","kind":"rx","seq":1104,"session":"s1","stream":"telemetry","text":"\nTX ACK seq=43 ack_t","timestamp":1790456055.830013}
2026-09-26T23:54:15.831+03:00 [RX telemetry] {"data_b64":"bz02M0E2LzE3IGZyYW1lPTE0QiA=","description":"ble:LoRa-Chatter-1B44 44:1B:F6:8D:B7:A9","device_key":"ble-address:44:1b:f6:8d:b7:a9","kind":"rx","seq":1105,"session":"s1","stream":"telemetry","text":"o=63A6/17 frame=14B ","timestamp":1790456055.8312232}
2026-09-26T23:54:15.832+03:00 [RX telemetry] {"data_b64":"T0sgdGltZT0xMyBtcyBndWFyZD0=","description":"ble:LoRa-Chatter-1B44 44:1B:F6:8D:B7:A9","device_key":"ble-address:44:1b:f6:8d:b7:a9","kind":"rx","seq":1106,"session":"s1","stream":"telemetry","text":"OK time=13 ms guard=","timestamp":1790456055.8321245}
2026-09-26T23:54:15.834+03:00 [RX telemetry] {"data_b64":"UEVFUl9SRVBPUlQgb3VyX3NlcT0=","description":"ble:LoRa-Chatter-72E0 E0:72:A1:D5:4C:15","device_key":"ble-address:e0:72:a1:d5:4c:15","kind":"rx","seq":1086,"session":"s2","stream":"telemetry","text":"PEER_REPORT our_seq=","timestamp":1790456055.8344965}
2026-09-26T23:54:15.836+03:00 [RX telemetry] {"data_b64":"MTcgVFg9LTUzLzUgUTEwMAo=","description":"ble:LoRa-Chatter-72E0 E0:72:A1:D5:4C:15","device_key":"ble-address:e0:72:a1:d5:4c:15","kind":"rx","seq":1087,"session":"s2","stream":"telemetry","text":"17 TX=-53/5 Q100\n","timestamp":1790456055.8352401}
2026-09-26T23:54:15.836+03:00 [RX telemetry] {"data_b64":"ClJYIEFDSyBzZXNzaW9uPTBCQzc=","description":"ble:LoRa-Chatter-72E0 E0:72:A1:D5:4C:15","device_key":"ble-address:e0:72:a1:d5:4c:15","kind":"rx","seq":1088,"session":"s2","stream":"telemetry","text":"\nRX ACK session=0BC7","timestamp":1790456055.8362103}
2026-09-26T23:54:15.837+03:00 [RX telemetry] {"data_b64":"IHNlcT00MyBhY2tfdG89NjNBNi8=","description":"ble:LoRa-Chatter-72E0 E0:72:A1:D5:4C:15","device_key":"ble-address:e0:72:a1:d5:4c:15","kind":"rx","seq":1089,"session":"s2","stream":"telemetry","text":" seq=43 ack_to=63A6/","timestamp":1790456055.8369677}
2026-09-26T23:54:15.838+03:00 [RX telemetry] {"data_b64":"MTcgZnJhbWU9MTRCIFJYPS00Ny8=","description":"ble:LoRa-Chatter-72E0 E0:72:A1:D5:4C:15","device_key":"ble-address:e0:72:a1:d5:4c:15","kind":"rx","seq":1090,"session":"s2","stream":"telemetry","text":"17 frame=14B RX=-47/","timestamp":1790456055.837252}
2026-09-26T23:54:15.838+03:00 [RX telemetry] {"data_b64":"NSBRMTAwCg==","description":"ble:LoRa-Chatter-72E0 E0:72:A1:D5:4C:15","device_key":"ble-address:e0:72:a1:d5:4c:15","kind":"rx","seq":1091,"session":"s2","stream":"telemetry","text":"5 Q100\n","timestamp":1790456055.8373451}
2026-09-26T23:54:15.839+03:00 [RX telemetry] {"data_b64":"REVMSVZFUlkgQUNLIHVzZXI9NjM=","description":"ble:LoRa-Chatter-72E0 E0:72:A1:D5:4C:15","device_key":"ble-address:e0:72:a1:d5:4c:15","kind":"rx","seq":1092,"session":"s2","stream":"telemetry","text":"DELIVERY ACK user=63","timestamp":1790456055.8386426}
2026-09-26T23:54:15.840+03:00 [RX telemetry] {"data_b64":"QTYvMTcgYXR0ZW1wdHM9MS81IGU=","description":"ble:LoRa-Chatter-72E0 E0:72:A1:D5:4C:15","device_key":"ble-address:e0:72:a1:d5:4c:15","kind":"rx","seq":1093,"session":"s2","stream":"telemetry","text":"A6/17 attempts=1/5 e","timestamp":1790456055.8405325}
2026-09-26T23:54:15.841+03:00 [RX telemetry] {"data_b64":"bGFwc2VkPTIyMW1zIHF1ZXVlPTA=","description":"ble:LoRa-Chatter-72E0 E0:72:A1:D5:4C:15","device_key":"ble-address:e0:72:a1:d5:4c:15","kind":"rx","seq":1094,"session":"s2","stream":"telemetry","text":"lapsed=221ms queue=0","timestamp":1790456055.8413084}
2026-09-26T23:54:15.841+03:00 [RX telemetry] {"data_b64":"Cg==","description":"ble:LoRa-Chatter-72E0 E0:72:A1:D5:4C:15","device_key":"ble-address:e0:72:a1:d5:4c:15","kind":"rx","seq":1095,"session":"s2","stream":"telemetry","text":"\n","timestamp":1790456055.8413572}
2026-09-26T23:54:15.876+03:00 [RX telemetry] {"data_b64":"NTAwbXMK","description":"ble:LoRa-Chatter-1B44 44:1B:F6:8D:B7:A9","device_key":"ble-address:44:1b:f6:8d:b7:a9","kind":"rx","seq":1107,"session":"s1","stream":"telemetry","text":"500ms\n","timestamp":1790456055.8754082}
2026-09-26T23:54:16.645+03:00 [AGENT REQUEST] {"id":197,"op":"observe","cursors":{"s1":1095,"s2":1071},"timeout_ms":6000}
2026-09-26T23:54:16.646+03:00 [AGENT RESPONSE] {"id":197,"ok":true,"result":{"cursors":{"s1":1107,"s2":1095},"lines":[{"seq_first":1096,"seq_last":1097,"session":"s1","stream":"telemetry","text":"PEER_REPORT our_seq=42 TX=-41/1 Q100"},{"seq_first":1098,"seq_last":1098,"session":"s1","stream":"telemetry","text":""},{"seq_first":1098,"seq_last":1101,"session":"s1","stream":"telemetry","text":"RX USER session=63A6 seq=17 frame=28B user=16B RX=-53/5 Q100 disposition=0"},{"seq_first":1102,"seq_last":1103,"session":"s1","stream":"chat","text":"< [-53/5 Q100] 7B1601XXXXXXXXXX"},{"seq_first":1074,"seq_last":1076,"session":"s2","stream":"telemetry","text":"DELIVERY QUEUED source=2 bytes=16 waiting=1/8 in_flight=0"},{"seq_first":1077,"seq_last":1077,"session":"s2","stream":"telemetry","text":""},{"seq_first":1077,"seq_last":1080,"session":"s2","stream":"telemetry","text":"TX USER seq=17 frame=28B user=16B attempt=1/5 OK time=19 ms"},{"seq_first":1081,"seq_last":1081,"session":"s2","stream":"chat","text":"> 7B1601XXXXXXXXXX"},{"seq_first":1082,"seq_last":1085,"session":"s2","stream":"telemetry","text":"DELIVERY WAIT_ACK user=63A6/17 attempt=1/5 timeout=712ms queue=0"},{"seq_first":1104,"seq_last":1104,"session":"s1","stream":"telemetry","text":""},{"seq_first":1086,"seq_last":1087,"session":"s2","stream":"telemetry","text":"PEER_REPORT our_seq=17 TX=-53/5 Q100"},{"seq_first":1088,"seq_last":1088,"session":"s2","stream":"telemetry","text":""},{"seq_first":1088,"seq_last":1091,"session":"s2","stream":"telemetry","text":"RX ACK session=0BC7 seq=43 ack_to=63A6/17 frame=14B RX=-47/5 Q100"},{"seq_first":1092,"seq_last":1095,"session":"s2","stream":"telemetry","text":"DELIVERY ACK user=63A6/17 attempts=1/5 elapsed=221ms queue=0"},{"seq_first":1104,"seq_last":1107,"session":"s1","stream":"telemetry","text":"TX ACK seq=43 ack_to=63A6/17 frame=14B OK time=13 ms guard=500ms"}],"timed_out":false}}
2026-09-26T23:54:17.749+03:00 [AGENT REQUEST] {"id":198,"op":"observe","cursors":{"s1":1107,"s2":1095},"timeout_ms":6000}
2026-09-26T23:54:18.854+03:00 [AGENT REQUEST] {"id":199,"op":"observe","cursors":{"s1":1107,"s2":1095},"timeout_ms":6000}
2026-09-26T23:54:19.958+03:00 [AGENT REQUEST] {"id":200,"op":"observe","cursors":{"s1":1107,"s2":1095},"timeout_ms":6000}
2026-09-26T23:54:23.750+03:00 [AGENT RESPONSE] {"id":198,"ok":true,"result":{"cursors":{"s1":1107,"s2":1095},"lines":[],"timed_out":true}}
2026-09-26T23:54:24.855+03:00 [AGENT RESPONSE] {"id":199,"ok":true,"result":{"cursors":{"s1":1107,"s2":1095},"lines":[],"timed_out":true}}
2026-09-26T23:54:25.959+03:00 [AGENT RESPONSE] {"id":200,"ok":true,"result":{"cursors":{"s1":1107,"s2":1095},"lines":[],"timed_out":true}}
2026-09-26T23:54:26.544+03:00 [RX telemetry] {"data_b64":"ClNFU1NJT04gdD0xMjBzIFRYIG8=","description":"ble:LoRa-Chatter-72E0 E0:72:A1:D5:4C:15","device_key":"ble-address:e0:72:a1:d5:4c:15","kind":"rx","seq":1096,"session":"s2","stream":"telemetry","text":"\nSESSION t=120s TX o","timestamp":1790456066.543872}
2026-09-26T23:54:26.546+03:00 [RX telemetry] {"data_b64":"az0xOCB1c2VyPTggZWNob19yZXE=","description":"ble:LoRa-Chatter-72E0 E0:72:A1:D5:4C:15","device_key":"ble-address:e0:72:a1:d5:4c:15","kind":"rx","seq":1097,"session":"s2","stream":"telemetry","text":"k=18 user=8 echo_req","timestamp":1790456066.5456064}
2026-09-26T23:54:26.547+03:00 [RX telemetry] {"data_b64":"PTAgZWNob19yZXA9MCBoYj0wKGk=","description":"ble:LoRa-Chatter-72E0 E0:72:A1:D5:4C:15","device_key":"ble-address:e0:72:a1:d5:4c:15","kind":"rx","seq":1098,"session":"s2","stream":"telemetry","text":"=0 echo_rep=0 hb=0(i","timestamp":1790456066.5457144}
2026-09-26T23:54:26.548+03:00 [RX telemetry] {"data_b64":"ZGxlPTApIGVycj0wIHN0YXJ0ZWQ=","description":"ble:LoRa-Chatter-72E0 E0:72:A1:D5:4C:15","device_key":"ble-address:e0:72:a1:d5:4c:15","kind":"rx","seq":1099,"session":"s2","stream":"telemetry","text":"dle=0) err=0 started","timestamp":1790456066.5465543}
2026-09-26T23:54:26.549+03:00 [RX telemetry] {"data_b64":"PTE4IFJYIG9rPTE4IHVzZXI9MTA=","description":"ble:LoRa-Chatter-72E0 E0:72:A1:D5:4C:15","device_key":"ble-address:e0:72:a1:d5:4c:15","kind":"rx","seq":1100,"session":"s2","stream":"telemetry","text":"=18 RX ok=18 user=10","timestamp":1790456066.5474768}
2026-09-26T23:54:26.550+03:00 [RX telemetry] {"data_b64":"IGVjaG9fcmVxPTAgZWNob19yZXA=","description":"ble:LoRa-Chatter-72E0 E0:72:A1:D5:4C:15","device_key":"ble-address:e0:72:a1:d5:4c:15","kind":"rx","seq":1101,"session":"s2","stream":"telemetry","text":" echo_req=0 echo_rep","timestamp":1790456066.548917}
2026-09-26T23:54:26.550+03:00 [RX telemetry] {"data_b64":"PTAgaGI9MCBjcmM9MSBoZHI9MCA=","description":"ble:LoRa-Chatter-72E0 E0:72:A1:D5:4C:15","device_key":"ble-address:e0:72:a1:d5:4c:15","kind":"rx","seq":1102,"session":"s2","stream":"telemetry","text":"=0 hb=0 crc=1 hdr=0 ","timestamp":1790456066.549024}
2026-09-26T23:54:26.552+03:00 [RX telemetry] {"data_b64":"YmFkPTAgcmVhZGVycj0wIHJlcG8=","description":"ble:LoRa-Chatter-72E0 E0:72:A1:D5:4C:15","device_key":"ble-address:e0:72:a1:d5:4c:15","kind":"rx","seq":1103,"session":"s2","stream":"telemetry","text":"bad=0 readerr=0 repo","timestamp":1790456066.5523574}
2026-09-26T23:54:26.553+03:00 [RX telemetry] {"data_b64":"cnRzPTE4IFE9MTAwJSBkcm9wcz0=","description":"ble:LoRa-Chatter-72E0 E0:72:A1:D5:4C:15","device_key":"ble-address:e0:72:a1:d5:4c:15","kind":"rx","seq":1104,"session":"s2","stream":"telemetry","text":"rts=18 Q=100% drops=","timestamp":1790456066.5524416}
2026-09-26T23:54:26.553+03:00 [RX telemetry] {"data_b64":"MCBmYXRhbD0wCg==","description":"ble:LoRa-Chatter-72E0 E0:72:A1:D5:4C:15","device_key":"ble-address:e0:72:a1:d5:4c:15","kind":"rx","seq":1105,"session":"s2","stream":"telemetry","text":"0 fatal=0\n","timestamp":1790456066.5524962}
2026-09-26T23:54:26.553+03:00 [RX telemetry] {"data_b64":"U0VTU0lPTiBDT1VSVEVTWSB3aW4=","description":"ble:LoRa-Chatter-72E0 E0:72:A1:D5:4C:15","device_key":"ble-address:e0:72:a1:d5:4c:15","kind":"rx","seq":1106,"session":"s2","stream":"telemetry","text":"SESSION COURTESY win","timestamp":1790456066.552592}
2026-09-26T23:54:26.553+03:00 [RX telemetry] {"data_b64":"ZG93PTUwMDBtcyBwZWVyX3JlbGU=","description":"ble:LoRa-Chatter-72E0 E0:72:A1:D5:4C:15","device_key":"ble-address:e0:72:a1:d5:4c:15","kind":"rx","seq":1107,"session":"s2","stream":"telemetry","text":"dow=5000ms peer_rele","timestamp":1790456066.5526512}
2026-09-26T23:54:26.554+03:00 [RX telemetry] {"data_b64":"YXNlPTAgZXhwaXJlZD0wIHlpZWw=","description":"ble:LoRa-Chatter-72E0 E0:72:A1:D5:4C:15","device_key":"ble-address:e0:72:a1:d5:4c:15","kind":"rx","seq":1108,"session":"s2","stream":"telemetry","text":"ase=0 expired=0 yiel","timestamp":1790456066.5527012}
2026-09-26T23:54:26.554+03:00 [RX telemetry] {"data_b64":"ZGluZz0wCg==","description":"ble:LoRa-Chatter-72E0 E0:72:A1:D5:4C:15","device_key":"ble-address:e0:72:a1:d5:4c:15","kind":"rx","seq":1109,"session":"s2","stream":"telemetry","text":"ding=0\n","timestamp":1790456066.552736}
2026-09-26T23:54:26.554+03:00 [RX telemetry] {"data_b64":"U0VTU0lPTiBESU8wX1RYIGFmZmU=","description":"ble:LoRa-Chatter-72E0 E0:72:A1:D5:4C:15","device_key":"ble-address:e0:72:a1:d5:4c:15","kind":"rx","seq":1110,"session":"s2","stream":"telemetry","text":"SESSION DIO0_TX affe","timestamp":1790456066.55393}
2026-09-26T23:54:26.555+03:00 [RX telemetry] {"data_b64":"Y3RlZD0wLzE4IGVwaXNvZGVzPTA=","description":"ble:LoRa-Chatter-72E0 E0:72:A1:D5:4C:15","device_key":"ble-address:e0:72:a1:d5:4c:15","kind":"rx","seq":1111,"session":"s2","stream":"telemetry","text":"cted=0/18 episodes=0","timestamp":1790456066.555201}
2026-09-26T23:54:26.557+03:00 [RX telemetry] {"data_b64":"IGF2Z19hbGw9MC4wMCBhdmdfYWY=","description":"ble:LoRa-Chatter-72E0 E0:72:A1:D5:4C:15","device_key":"ble-address:e0:72:a1:d5:4c:15","kind":"rx","seq":1112,"session":"s2","stream":"telemetry","text":" avg_all=0.00 avg_af","timestamp":1790456066.5564678}
2026-09-26T23:54:26.557+03:00 [RX telemetry] {"data_b64":"ZmVjdGVkPTAuMDAgaGlnaF9wb2w=","description":"ble:LoRa-Chatter-72E0 E0:72:A1:D5:4C:15","device_key":"ble-address:e0:72:a1:d5:4c:15","kind":"rx","seq":1113,"session":"s2","stream":"telemetry","text":"fected=0.00 high_pol","timestamp":1790456066.556583}
2026-09-26T23:54:26.557+03:00 [RX telemetry] {"data_b64":"bHM9MAo=","description":"ble:LoRa-Chatter-72E0 E0:72:A1:D5:4C:15","device_key":"ble-address:e0:72:a1:d5:4c:15","kind":"rx","seq":1114,"session":"s2","stream":"telemetry","text":"ls=0\n","timestamp":1790456066.5566208}
2026-09-26T23:54:26.557+03:00 [RX telemetry] {"data_b64":"U0VTU0lPTiBSWF9QT0xMIHBvbGw=","description":"ble:LoRa-Chatter-72E0 E0:72:A1:D5:4C:15","device_key":"ble-address:e0:72:a1:d5:4c:15","kind":"rx","seq":1115,"session":"s2","stream":"telemetry","text":"SESSION RX_POLL poll","timestamp":1790456066.5566795}
2026-09-26T23:54:26.558+03:00 [RX telemetry] {"data_b64":"cz04ODQxNiByeGRvbmU9MTkgaW4=","description":"ble:LoRa-Chatter-72E0 E0:72:A1:D5:4C:15","device_key":"ble-address:e0:72:a1:d5:4c:15","kind":"rx","seq":1116,"session":"s2","stream":"telemetry","text":"s=88416 rxdone=19 in","timestamp":1790456066.5575469}
2026-09-26T23:54:26.558+03:00 [RX telemetry] {"data_b64":"dGVydmFsPTEwMDB1cyBESU8wX1I=","description":"ble:LoRa-Chatter-72E0 E0:72:A1:D5:4C:15","device_key":"ble-address:e0:72:a1:d5:4c:15","kind":"rx","seq":1117,"session":"s2","stream":"telemetry","text":"terval=1000us DIO0_R","timestamp":1790456066.557617}
2026-09-26T23:54:26.558+03:00 [RX telemetry] {"data_b64":"WCBmYWxzZV9oaWdoX2VwPTAgaGk=","description":"ble:LoRa-Chatter-72E0 E0:72:A1:D5:4C:15","device_key":"ble-address:e0:72:a1:d5:4c:15","kind":"rx","seq":1118,"session":"s2","stream":"telemetry","text":"X false_high_ep=0 hi","timestamp":1790456066.5579362}
2026-09-26T23:54:26.559+03:00 [RX telemetry] {"data_b64":"Z2hfcG9sbHM9MCByeGRvbmVfbG8=","description":"ble:LoRa-Chatter-72E0 E0:72:A1:D5:4C:15","device_key":"ble-address:e0:72:a1:d5:4c:15","kind":"rx","seq":1119,"session":"s2","stream":"telemetry","text":"gh_polls=0 rxdone_lo","timestamp":1790456066.559329}
2026-09-26T23:54:26.560+03:00 [RX telemetry] {"data_b64":"dz0wIGlzcj1kaXNhYmxlZAo=","description":"ble:LoRa-Chatter-72E0 E0:72:A1:D5:4C:15","device_key":"ble-address:e0:72:a1:d5:4c:15","kind":"rx","seq":1120,"session":"s2","stream":"telemetry","text":"w=0 isr=disabled\n","timestamp":1790456066.5598764}
2026-09-26T23:54:44.326+03:00 [AGENT REQUEST] {"id":10001,"op":"send_line","session":"s1","text":"/cancel all"}
2026-09-26T23:54:44.326+03:00 [TX] {"data_b64":"L2NhbmNlbCBhbGwK","device_key":"ble-address:44:1b:f6:8d:b7:a9","kind":"tx","seq":1108,"session":"s1","text":"/cancel all","timestamp":1790456084.3262882,"tx_id":36,"tx_state":"queued"}
2026-09-26T23:54:44.327+03:00 [AGENT RESPONSE] {"id":10001,"ok":true,"result":{"state":"queued","tx_id":36}}
2026-09-26T23:54:44.327+03:00 [AGENT REQUEST] {"id":10002,"op":"send_line","session":"s2","text":"/cancel all"}
2026-09-26T23:54:44.327+03:00 [AGENT RESPONSE] {"id":10002,"ok":true,"result":{"state":"queued","tx_id":34}}
2026-09-26T23:54:44.327+03:00 [TX] {"data_b64":"L2NhbmNlbCBhbGwK","device_key":"ble-address:e0:72:a1:d5:4c:15","kind":"tx","seq":1121,"session":"s2","text":"/cancel all","timestamp":1790456084.32735,"tx_id":34,"tx_state":"queued"}
2026-09-26T23:54:44.328+03:00 [TX] {"data_b64":"L2NhbmNlbCBhbGwK","description":"ble:LoRa-Chatter-1B44 44:1B:F6:8D:B7:A9","device_key":"ble-address:44:1b:f6:8d:b7:a9","kind":"tx","seq":1109,"session":"s1","text":"/cancel all","timestamp":1790456084.3277314,"tx_id":36,"tx_state":"written"}
2026-09-26T23:54:44.328+03:00 [AGENT REQUEST] {"id":10003,"op":"observe","cursors":{"s1":567,"s2":576},"timeout_ms":5000}
2026-09-26T23:54:44.329+03:00 [AGENT RESPONSE] {"id":10003,"ok":true,"result":{"cursors":{"s1":1109,"s2":1121},"lines":[{"seq_first":568,"seq_last":568,"session":"s1","stream":"telemetry","text":""},{"seq_first":568,"seq_last":577,"session":"s1","stream":"telemetry","text":"SESSION t=660s TX ok=20 user=10 echo_req=0 echo_rep=0 hb=0(idle=0) err=0 started=20 RX ok=20 user=10 echo_req=0 echo_rep=0 hb=0 crc=1 hdr=0 bad=0 readerr=0 reports=20 Q=100% drops=0 fatal=0"},{"seq_first":578,"seq_last":581,"session":"s1","stream":"telemetry","text":"SESSION COURTESY window=5000ms peer_release=0 expired=0 yielding=0"},{"seq_first":582,"seq_last":586,"session":"s1","stream":"telemetry","text":"SESSION DIO0_TX affected=0/20 episodes=0 avg_all=0.00 avg_affected=0.00 high_polls=0"},{"seq_first":587,"seq_last":592,"session":"s1","stream":"telemetry","text":"SESSION RX_POLL polls=607584 rxdone=21 interval=1000us DIO0_RX false_high_ep=0 high_polls=0 rxdone_low=0 isr=disabled"},{"seq_first":577,"seq_last":577,"session":"s2","stream":"telemetry","text":""},{"seq_first":577,"seq_last":586,"session":"s2","stream":"telemetry","text":"SESSION t=6060s TX ok=24 user=12 echo_req=0 echo_rep=0 hb=0(idle=0) err=0 started=24 RX ok=24 user=12 echo_req=0 echo_rep=0 hb=0 crc=0 hdr=2 bad=4 readerr=0 reports=21 Q=100% drops=0 fatal=0"},{"seq_first":587,"seq_last":590,"session":"s2","stream":"telemetry","text":"SESSION COURTESY window=5000ms peer_release=0 expired=0 yielding=0"},{"seq_first":591,"seq_last":595,"session":"s2","stream":"telemetry","text":"SESSION DIO0_TX affected=0/24 episodes=0 avg_all=0.00 avg_affected=0.00 high_polls=0"},{"seq_first":596,"seq_last":601,"session":"s2","stream":"telemetry","text":"SESSION RX_POLL polls=5100732 rxdone=30 interval=1000us DIO0_RX false_high_ep=0 high_polls=0 rxdone_low=0 isr=disabled"},{"seq_first":602,"seq_last":602,"session":"s2","stream":"telemetry","text":""},{"seq_first":602,"seq_last":603,"session":"s2","stream":"telemetry","text":"RX HEADER ERROR IRQ=0x50 RX=-116/-11"},{"seq_first":604,"seq_last":604,"session":"s2","stream":"telemetry","text":""},{"seq_first":604,"seq_last":606,"session":"s2","stream":"telemetry","text":"RX CRC ERROR IRQ=0x70 RX=-118/-12 len=77"},{"seq_first":593,"seq_last":593,"session":"s1","stream":"telemetry","text":""},{"seq_first":593,"seq_last":602,"session":"s1","stream":"telemetry","text":"SESSION t=720s TX ok=20 user=10 echo_req=0 echo_rep=0 hb=0(idle=0) err=0 started=20 RX ok=20 user=10 echo_req=0 echo_rep=0 hb=0 crc=1 hdr=0 bad=0 readerr=0 reports=20 Q=100% drops=0 fatal=0"},{"seq_first":603,"seq_last":606,"session":"s1","stream":"telemetry","text":"SESSION COURTESY window=5000ms peer_release=0 expired=0 yielding=0"},{"seq_first":607,"seq_last":611,"session":"s1","stream":"telemetry","text":"SESSION DIO0_TX affected=0/20 episodes=0 avg_all=0.00 avg_affected=0.00 high_polls=0"},{"seq_first":612,"seq_last":617,"session":"s1","stream":"telemetry","text":"SESSION RX_POLL polls=647572 rxdone=21 interval=1000us DIO0_RX false_high_ep=0 high_polls=0 rxdone_low=0 isr=disabled"},{"seq_first":607,"seq_last":607,"session":"s2","stream":"telemetry","text":""},{"seq_first":607,"seq_last":616,"session":"s2","stream":"telemetry","text":"SESSION t=6120s TX ok=24 user=12 echo_req=0 echo_rep=0 hb=0(idle=0) err=0 started=24 RX ok=24 user=12 echo_req=0 echo_rep=0 hb=0 crc=1 hdr=3 bad=4 readerr=0 reports=21 Q=100% drops=0 fatal=0"},{"seq_first":617,"seq_last":620,"session":"s2","stream":"telemetry","text":"SESSION COURTESY window=5000ms peer_release=0 expired=0 yielding=0"},{"seq_first":621,"seq_last":625,"session":"s2","stream":"telemetry","text":"SESSION DIO0_TX affected=0/24 episodes=0 avg_all=0.00 avg_affected=0.00 high_polls=0"},{"seq_first":626,"seq_last":631,"session":"s2","stream":"telemetry","text":"SESSION RX_POLL polls=5152837 rxdone=32 interval=1000us DIO0_RX false_high_ep=0 high_polls=0 rxdone_low=0 isr=disabled"},{"seq_first":620,"seq_last":622,"session":"s1","stream":"telemetry","text":"DELIVERY QUEUED source=2 bytes=8 waiting=1/8 in_flight=0"},{"seq_first":623,"seq_last":623,"session":"s1","stream":"telemetry","text":""},{"seq_first":623,"seq_last":625,"session":"s1","stream":"telemetry","text":"TX USER seq=20 frame=20B user=8B attempt=1/5 OK time=16 ms"},{"seq_first":626,"seq_last":626,"session":"s1","stream":"chat","text":"> 7A0801XX"},{"seq_first":627,"seq_last":630,"session":"s1","stream":"telemetry","text":"DELIVERY WAIT_ACK user=0BC7/20 attempt=1/5 timeout=712ms queue=0"},{"seq_first":632,"seq_last":633,"session":"s2","stream":"telemetry","text":"PEER_REPORT our_seq=23 TX=-35/-1 Q100"},{"seq_first":634,"seq_last":634,"session":"s2","stream":"telemetry","text":""},{"seq_first":634,"seq_last":637,"session":"s2","stream":"telemetry","text":"RX USER session=0BC7 seq=20 frame=20B user=8B RX=-42/2 Q100 disposition=0"},{"seq_first":638,"seq_last":639,"session":"s2","stream":"chat","text":"< [-42/2 Q100] 7A0801XX"},{"seq_first":631,"seq_last":632,"session":"s1","stream":"telemetry","text":"PEER_REPORT our_seq=20 TX=-42/3 Q100"},{"seq_first":633,"seq_last":633,"session":"s1","stream":"telemetry","text":""},{"seq_first":640,"seq_last":640,"session":"s2","stream":"telemetry","text":""},{"seq_first":640,"seq_last":643,"session":"s2","stream":"telemetry","text":"TX ACK seq=24 ack_to=0BC7/20 frame=14B OK time=13 ms guard=500ms"},{"seq_first":633,"seq_last":636,"session":"s1","stream":"telemetry","text":"RX ACK session=A24F seq=24 ack_to=0BC7/20 frame=14B RX=-43/4 Q100"},{"seq_first":637,"seq_last":640,"session":"s1","stream":"telemetry","text":"DELIVERY ACK user=0BC7/20 attempts=1/5 elapsed=222ms queue=0"},{"seq_first":643,"seq_last":645,"session":"s1","stream":"telemetry","text":"DELIVERY QUEUED source=2 bytes=8 waiting=1/8 in_flight=0"},{"seq_first":646,"seq_last":646,"session":"s1","stream":"telemetry","text":""},{"seq_first":646,"seq_last":648,"session":"s1","stream":"telemetry","text":"TX USER seq=21 frame=20B user=8B attempt=1/5 OK time=16 ms"},{"seq_first":649,"seq_last":649,"session":"s1","stream":"chat","text":"> 7A0802XX"},{"seq_first":650,"seq_last":653,"session":"s1","stream":"telemetry","text":"DELIVERY WAIT_ACK user=0BC7/21 attempt=1/5 timeout=712ms queue=0"},{"seq_first":644,"seq_last":645,"session":"s2","stream":"telemetry","text":"PEER_REPORT our_seq=24 TX=-43/4 Q100"},{"seq_first":646,"seq_last":646,"session":"s2","stream":"telemetry","text":""},{"seq_first":646,"seq_last":649,"session":"s2","stream":"telemetry","text":"RX USER session=0BC7 seq=21 frame=20B user=8B RX=-50/5 Q100 disposition=0"},{"seq_first":650,"seq_last":651,"session":"s2","stream":"chat","text":"< [-50/5 Q100] 7A0802XX"},{"seq_first":654,"seq_last":655,"session":"s1","stream":"telemetry","text":"PEER_REPORT our_seq=21 TX=-50/5 Q100"},{"seq_first":656,"seq_last":656,"session":"s1","stream":"telemetry","text":""},{"seq_first":652,"seq_last":652,"session":"s2","stream":"telemetry","text":""},{"seq_first":652,"seq_last":655,"session":"s2","stream":"telemetry","text":"TX ACK seq=25 ack_to=0BC7/21 frame=14B OK time=13 ms guard=500ms"},{"seq_first":656,"seq_last":659,"session":"s1","stream":"telemetry","text":"RX ACK session=A24F seq=25 ack_to=0BC7/21 frame=14B RX=-47/6 Q100"},{"seq_first":660,"seq_last":663,"session":"s1","stream":"telemetry","text":"DELIVERY ACK user=0BC7/21 attempts=1/5 elapsed=221ms queue=0"},{"seq_first":666,"seq_last":668,"session":"s1","stream":"telemetry","text":"DELIVERY QUEUED source=2 bytes=8 waiting=1/8 in_flight=0"},{"seq_first":669,"seq_last":669,"session":"s1","stream":"telemetry","text":""},{"seq_first":669,"seq_last":671,"session":"s1","stream":"telemetry","text":"TX USER seq=22 frame=20B user=8B attempt=1/5 OK time=18 ms"},{"seq_first":672,"seq_last":672,"session":"s1","stream":"chat","text":"> 7A0803XX"},{"seq_first":673,"seq_last":676,"session":"s1","stream":"telemetry","text":"DELIVERY WAIT_ACK user=0BC7/22 attempt=1/5 timeout=712ms queue=0"},{"seq_first":656,"seq_last":657,"session":"s2","stream":"telemetry","text":"PEER_REPORT our_seq=25 TX=-47/6 Q100"},{"seq_first":658,"seq_last":658,"session":"s2","stream":"telemetry","text":""},{"seq_first":658,"seq_last":661,"session":"s2","stream":"telemetry","text":"RX USER session=0BC7 seq=22 frame=20B user=8B RX=-42/5 Q100 disposition=0"},{"seq_first":662,"seq_last":663,"session":"s2","stream":"chat","text":"< [-42/5 Q100] 7A0803XX"},{"seq_first":677,"seq_last":678,"session":"s1","stream":"telemetry","text":"PEER_REPORT our_seq=22 TX=-42/5 Q100"},{"seq_first":679,"seq_last":679,"session":"s1","stream":"telemetry","text":""},{"seq_first":664,"seq_last":664,"session":"s2","stream":"telemetry","text":""},{"seq_first":664,"seq_last":667,"session":"s2","stream":"telemetry","text":"TX ACK seq=26 ack_to=0BC7/22 frame=14B OK time=13 ms guard=500ms"},{"seq_first":679,"seq_last":682,"session":"s1","stream":"telemetry","text":"RX ACK session=A24F seq=26 ack_to=0BC7/22 frame=14B RX=-45/5 Q100"},{"seq_first":683,"seq_last":686,"session":"s1","stream":"telemetry","text":"DELIVERY ACK user=0BC7/22 attempts=1/5 elapsed=223ms queue=0"},{"seq_first":687,"seq_last":688,"session":"s1","stream":"telemetry","text":"PEER_REPORT our_seq=22 TX=-42/5 Q100"},{"seq_first":689,"seq_last":689,"session":"s1","stream":"telemetry","text":""},{"seq_first":670,"seq_last":672,"session":"s2","stream":"telemetry","text":"DELIVERY QUEUED source=2 bytes=8 waiting=1/8 in_flight=0"},{"seq_first":673,"seq_last":673,"session":"s2","stream":"telemetry","text":""},{"seq_first":673,"seq_last":675,"session":"s2","stream":"telemetry","text":"TX USER seq=27 frame=20B user=8B attempt=1/5 OK time=16 ms"},{"seq_first":676,"seq_last":676,"session":"s2","stream":"chat","text":"> 7B0801XX"},{"seq_first":677,"seq_last":680,"session":"s2","stream":"telemetry","text":"DELIVERY WAIT_ACK user=A24F/27 attempt=1/5 timeout=712ms queue=0"},{"seq_first":689,"seq_last":692,"session":"s1","stream":"telemetry","text":"RX USER session=A24F seq=27 frame=20B user=8B RX=-42/5 Q100 disposition=0"},{"seq_first":693,"seq_last":694,"session":"s1","stream":"chat","text":"< [-42/5 Q100] 7B0801XX"},{"seq_first":695,"seq_last":695,"session":"s1","stream":"telemetry","text":""},{"seq_first":681,"seq_last":682,"session":"s2","stream":"telemetry","text":"PEER_REPORT our_seq=27 TX=-42/5 Q100"},{"seq_first":683,"seq_last":683,"session":"s2","stream":"telemetry","text":""},{"seq_first":683,"seq_last":686,"session":"s2","stream":"telemetry","text":"RX ACK session=0BC7 seq=23 ack_to=A24F/27 frame=14B RX=-43/4 Q100"},{"seq_first":687,"seq_last":690,"session":"s2","stream":"telemetry","text":"DELIVERY ACK user=A24F/27 attempts=1/5 elapsed=222ms queue=0"},{"seq_first":695,"seq_last":698,"session":"s1","stream":"telemetry","text":"TX ACK seq=23 ack_to=A24F/27 frame=14B OK time=13 ms guard=500ms"},{"seq_first":699,"seq_last":700,"session":"s1","stream":"telemetry","text":"PEER_REPORT our_seq=23 TX=-43/5 Q100"},{"seq_first":701,"seq_last":701,"session":"s1","stream":"telemetry","text":""},{"seq_first":693,"seq_last":695,"session":"s2","stream":"telemetry","text":"DELIVERY QUEUED source=2 bytes=8 waiting=1/8 in_flight=0"},{"seq_first":696,"seq_last":696,"session":"s2","stream":"telemetry","text":""},{"seq_first":696,"seq_last":698,"session":"s2","stream":"telemetry","text":"TX USER seq=28 frame=20B user=8B attempt=1/5 OK time=16 ms"},{"seq_first":699,"seq_last":699,"session":"s2","stream":"chat","text":"> 7B0802XX"},{"seq_first":700,"seq_last":703,"session":"s2","stream":"telemetry","text":"DELIVERY WAIT_ACK user=A24F/28 attempt=1/5 timeout=712ms queue=0"},{"seq_first":701,"seq_last":704,"session":"s1","stream":"telemetry","text":"RX USER session=A24F seq=28 frame=20B user=8B RX=-47/5 Q100 disposition=0"},{"seq_first":705,"seq_last":706,"session":"s1","stream":"chat","text":"< [-47/5 Q100] 7B0802XX"},{"seq_first":707,"seq_last":707,"session":"s1","stream":"telemetry","text":""},{"seq_first":704,"seq_last":705,"session":"s2","stream":"telemetry","text":"PEER_REPORT our_seq=28 TX=-47/5 Q100"},{"seq_first":706,"seq_last":706,"session":"s2","stream":"telemetry","text":""},{"seq_first":707,"seq_last":710,"session":"s1","stream":"telemetry","text":"TX ACK seq=24 ack_to=A24F/28 frame=14B OK time=13 ms guard=500ms"},{"seq_first":706,"seq_last":709,"session":"s2","stream":"telemetry","text":"RX ACK session=0BC7 seq=24 ack_to=A24F/28 frame=14B RX=-49/5 Q100"},{"seq_first":710,"seq_last":713,"session":"s2","stream":"telemetry","text":"DELIVERY ACK user=A24F/28 attempts=1/5 elapsed=222ms queue=0"},{"seq_first":711,"seq_last":712,"session":"s1","stream":"telemetry","text":"PEER_REPORT our_seq=24 TX=-49/5 Q100"},{"seq_first":713,"seq_last":713,"session":"s1","stream":"telemetry","text":""},{"seq_first":713,"seq_last":716,"session":"s1","stream":"telemetry","text":"RX USER session=A24F seq=29 frame=20B user=8B RX=-49/5 Q100 disposition=0"},{"seq_first":717,"seq_last":718,"session":"s1","stream":"chat","text":"< [-49/5 Q100] 7B0803XX"},{"seq_first":716,"seq_last":718,"session":"s2","stream":"telemetry","text":"DELIVERY QUEUED source=2 bytes=8 waiting=1/8 in_flight=0"},{"seq_first":719,"seq_last":719,"session":"s2","stream":"telemetry","text":""},{"seq_first":719,"seq_last":724,"session":"s2","stream":"telemetry","text":"SHORT_TX_DIAG time=14101 us expected=15000 us min=14250 us DIO0=1 IRQ=0x08 TxDone=1 OpMode=0x89 mode=1 cleanup=0"},{"seq_first":725,"seq_last":725,"session":"s2","stream":"telemetry","text":""},{"seq_first":725,"seq_last":727,"session":"s2","stream":"telemetry","text":"TX FATAL state=-30000 seq=29 frame=20B time=15 ms"},{"seq_first":728,"seq_last":728,"session":"s2","stream":"telemetry","text":""},{"seq_first":728,"seq_last":731,"session":"s2","stream":"telemetry","text":"FATAL reason=RADIO_OPERATION phase=TX state=-30000 detail=- reboot_in=2000ms"},{"seq_first":732,"seq_last":734,"session":"s2","stream":"chat","text":"[SYS] RADIO FATAL TX (-30000), rebooting"},{"seq_first":735,"seq_last":735,"session":"s2","stream":"telemetry","text":""},{"seq_first":735,"seq_last":744,"session":"s2","stream":"telemetry","text":"SESSION t=6136s TX ok=29 user=14 echo_req=0 echo_rep=0 hb=0(idle=0) err=1 started=30 RX ok=29 user=15 echo_req=0 echo_rep=0 hb=0 crc=1 hdr=3 bad=4 readerr=0 reports=26 Q=100% drops=0 fatal=1"},{"seq_first":745,"seq_last":748,"session":"s2","stream":"telemetry","text":"SESSION COURTESY window=5000ms peer_release=0 expired=0 yielding=0"},{"seq_first":749,"seq_last":753,"session":"s2","stream":"telemetry","text":"SESSION DIO0_TX affected=0/30 episodes=0 avg_all=0.00 avg_affected=0.00 high_polls=0"},{"seq_first":754,"seq_last":759,"session":"s2","stream":"telemetry","text":"SESSION RX_POLL polls=5164660 rxdone=37 interval=1000us DIO0_RX false_high_ep=0 high_polls=0 rxdone_low=0 isr=disabled"},{"seq_first":719,"seq_last":719,"session":"s1","stream":"telemetry","text":""},{"seq_first":719,"seq_last":722,"session":"s1","stream":"telemetry","text":"TX ACK seq=25 ack_to=A24F/29 frame=14B OK time=13 ms guard=500ms"},{"seq_first":723,"seq_last":723,"session":"s1","stream":"telemetry","text":""},{"seq_first":723,"seq_last":724,"session":"s1","stream":"telemetry","text":"RX BAD FRAME: too short len=1 RX=-61/4"},{"seq_first":764,"seq_last":765,"session":"s2","stream":"chat","text":"[SYS] CHATTER NODE LoRa-Chatter-72E0"},{"seq_first":727,"seq_last":729,"session":"s1","stream":"telemetry","text":"DELIVERY QUEUED source=2 bytes=8 waiting=1/8 in_flight=0"},{"seq_first":730,"seq_last":730,"session":"s1","stream":"telemetry","text":""},{"seq_first":730,"seq_last":732,"session":"s1","stream":"telemetry","text":"TX USER seq=26 frame=20B user=8B attempt=1/5 OK time=16 ms"},{"seq_first":733,"seq_last":733,"session":"s1","stream":"chat","text":"> 7A0804XX"},{"seq_first":734,"seq_last":737,"session":"s1","stream":"telemetry","text":"DELIVERY WAIT_ACK user=0BC7/26 attempt=1/5 timeout=712ms queue=0"},{"seq_first":766,"seq_last":767,"session":"s2","stream":"telemetry","text":"PEER_REPORT our_seq=29 TX=-49/5 Q100"},{"seq_first":768,"seq_last":768,"session":"s2","stream":"telemetry","text":""},{"seq_first":768,"seq_last":771,"session":"s2","stream":"telemetry","text":"RX USER session=0BC7 seq=26 frame=20B user=8B RX=-48/5 Q0 disposition=0"},{"seq_first":772,"seq_last":773,"session":"s2","stream":"chat","text":"< [-48/5 Q0] 7A0804XX"},{"seq_first":738,"seq_last":739,"session":"s1","stream":"telemetry","text":"PEER_REPORT our_seq=26 TX=-48/5 Q0"},{"seq_first":740,"seq_last":740,"session":"s1","stream":"telemetry","text":""},{"seq_first":774,"seq_last":774,"session":"s2","stream":"telemetry","text":""},{"seq_first":774,"seq_last":777,"session":"s2","stream":"telemetry","text":"TX ACK seq=0 ack_to=0BC7/26 frame=14B OK time=14 ms guard=500ms"},{"seq_first":740,"seq_last":743,"session":"s1","stream":"telemetry","text":"RX ACK session=63A6 seq=0 ack_to=0BC7/26 frame=14B RX=-49/6 Q100"},{"seq_first":744,"seq_last":747,"session":"s1","stream":"telemetry","text":"DELIVERY ACK user=0BC7/26 attempts=1/5 elapsed=222ms queue=0"},{"seq_first":750,"seq_last":752,"session":"s1","stream":"telemetry","text":"DELIVERY QUEUED source=2 bytes=8 waiting=1/8 in_flight=0"},{"seq_first":753,"seq_last":753,"session":"s1","stream":"telemetry","text":""},{"seq_first":753,"seq_last":755,"session":"s1","stream":"telemetry","text":"TX USER seq=27 frame=20B user=8B attempt=1/5 OK time=16 ms"},{"seq_first":756,"seq_last":756,"session":"s1","stream":"chat","text":"> 7A0805XX"},{"seq_first":757,"seq_last":760,"session":"s1","stream":"telemetry","text":"DELIVERY WAIT_ACK user=0BC7/27 attempt=1/5 timeout=712ms queue=0"},{"seq_first":778,"seq_last":779,"session":"s2","stream":"telemetry","text":"PEER_REPORT our_seq=0 TX=-49/6 Q100"},{"seq_first":780,"seq_last":780,"session":"s2","stream":"telemetry","text":""},{"seq_first":780,"seq_last":783,"session":"s2","stream":"telemetry","text":"RX USER session=0BC7 seq=27 frame=20B user=8B RX=-48/6 Q0 disposition=0"},{"seq_first":784,"seq_last":785,"session":"s2","stream":"chat","text":"< [-48/6 Q0] 7A0805XX"},{"seq_first":761,"seq_last":762,"session":"s1","stream":"telemetry","text":"PEER_REPORT our_seq=27 TX=-48/6 Q0"},{"seq_first":763,"seq_last":763,"session":"s1","stream":"telemetry","text":""},{"seq_first":786,"seq_last":786,"session":"s2","stream":"telemetry","text":""},{"seq_first":786,"seq_last":789,"session":"s2","stream":"telemetry","text":"TX ACK seq=1 ack_to=0BC7/27 frame=14B OK time=14 ms guard=500ms"},{"seq_first":763,"seq_last":766,"session":"s1","stream":"telemetry","text":"RX ACK session=63A6 seq=1 ack_to=0BC7/27 frame=14B RX=-49/6 Q100"},{"seq_first":767,"seq_last":770,"session":"s1","stream":"telemetry","text":"DELIVERY ACK user=0BC7/27 attempts=1/5 elapsed=222ms queue=0"},{"seq_first":773,"seq_last":775,"session":"s1","stream":"telemetry","text":"DELIVERY QUEUED source=2 bytes=8 waiting=1/8 in_flight=0"},{"seq_first":776,"seq_last":776,"session":"s1","stream":"telemetry","text":""},{"seq_first":776,"seq_last":778,"session":"s1","stream":"telemetry","text":"TX USER seq=28 frame=20B user=8B attempt=1/5 OK time=16 ms"},{"seq_first":779,"seq_last":779,"session":"s1","stream":"chat","text":"> 7A0806XX"},{"seq_first":780,"seq_last":783,"session":"s1","stream":"telemetry","text":"DELIVERY WAIT_ACK user=0BC7/28 attempt=1/5 timeout=712ms queue=0"},{"seq_first":790,"seq_last":791,"session":"s2","stream":"telemetry","text":"PEER_REPORT our_seq=1 TX=-49/6 Q100"},{"seq_first":792,"seq_last":792,"session":"s2","stream":"telemetry","text":""},{"seq_first":792,"seq_last":795,"session":"s2","stream":"telemetry","text":"RX USER session=0BC7 seq=28 frame=20B user=8B RX=-48/6 Q0 disposition=0"},{"seq_first":796,"seq_last":797,"session":"s2","stream":"chat","text":"< [-48/6 Q0] 7A0806XX"},{"seq_first":798,"seq_last":798,"session":"s2","stream":"telemetry","text":""},{"seq_first":784,"seq_last":785,"session":"s1","stream":"telemetry","text":"PEER_REPORT our_seq=28 TX=-48/6 Q0"},{"seq_first":786,"seq_last":786,"session":"s1","stream":"telemetry","text":""},{"seq_first":798,"seq_last":801,"session":"s2","stream":"telemetry","text":"TX ACK seq=2 ack_to=0BC7/28 frame=14B OK time=14 ms guard=500ms"},{"seq_first":786,"seq_last":789,"session":"s1","stream":"telemetry","text":"RX ACK session=63A6 seq=2 ack_to=0BC7/28 frame=14B RX=-49/6 Q100"},{"seq_first":790,"seq_last":793,"session":"s1","stream":"telemetry","text":"DELIVERY ACK user=0BC7/28 attempts=1/5 elapsed=223ms queue=0"},{"seq_first":796,"seq_last":798,"session":"s1","stream":"telemetry","text":"DELIVERY QUEUED source=2 bytes=8 waiting=1/8 in_flight=0"},{"seq_first":799,"seq_last":799,"session":"s1","stream":"telemetry","text":""},{"seq_first":799,"seq_last":801,"session":"s1","stream":"telemetry","text":"TX USER seq=29 frame=20B user=8B attempt=1/5 OK time=16 ms"},{"seq_first":802,"seq_last":802,"session":"s1","stream":"chat","text":"> 7A0807XX"},{"seq_first":803,"seq_last":806,"session":"s1","stream":"telemetry","text":"DELIVERY WAIT_ACK user=0BC7/29 attempt=1/5 timeout=712ms queue=0"},{"seq_first":802,"seq_last":803,"session":"s2","stream":"telemetry","text":"PEER_REPORT our_seq=2 TX=-49/6 Q100"},{"seq_first":804,"seq_last":804,"session":"s2","stream":"telemetry","text":""},{"seq_first":804,"seq_last":807,"session":"s2","stream":"telemetry","text":"RX USER session=0BC7 seq=29 frame=20B user=8B RX=-51/6 Q0 disposition=0"},{"seq_first":808,"seq_last":809,"session":"s2","stream":"chat","text":"< [-51/6 Q0] 7A0807XX"},{"seq_first":807,"seq_last":808,"session":"s1","stream":"telemetry","text":"PEER_REPORT our_seq=29 TX=-51/6 Q0"},{"seq_first":809,"seq_last":809,"session":"s1","stream":"telemetry","text":""},{"seq_first":810,"seq_last":810,"session":"s2","stream":"telemetry","text":""},{"seq_first":810,"seq_last":813,"session":"s2","stream":"telemetry","text":"TX ACK seq=3 ack_to=0BC7/29 frame=14B OK time=14 ms guard=500ms"},{"seq_first":809,"seq_last":812,"session":"s1","stream":"telemetry","text":"RX ACK session=63A6 seq=3 ack_to=0BC7/29 frame=14B RX=-49/6 Q100"},{"seq_first":813,"seq_last":816,"session":"s1","stream":"telemetry","text":"DELIVERY ACK user=0BC7/29 attempts=1/5 elapsed=221ms queue=0"},{"seq_first":819,"seq_last":821,"session":"s1","stream":"telemetry","text":"DELIVERY QUEUED source=2 bytes=8 waiting=1/8 in_flight=0"},{"seq_first":822,"seq_last":822,"session":"s1","stream":"telemetry","text":""},{"seq_first":822,"seq_last":824,"session":"s1","stream":"telemetry","text":"TX USER seq=30 frame=20B user=8B attempt=1/5 OK time=18 ms"},{"seq_first":825,"seq_last":825,"session":"s1","stream":"chat","text":"> 7A0808XX"},{"seq_first":826,"seq_last":829,"session":"s1","stream":"telemetry","text":"DELIVERY WAIT_ACK user=0BC7/30 attempt=1/5 timeout=712ms queue=0"},{"seq_first":814,"seq_last":815,"session":"s2","stream":"telemetry","text":"PEER_REPORT our_seq=3 TX=-49/6 Q100"},{"seq_first":816,"seq_last":816,"session":"s2","stream":"telemetry","text":""},{"seq_first":816,"seq_last":819,"session":"s2","stream":"telemetry","text":"RX USER session=0BC7 seq=30 frame=20B user=8B RX=-48/5 Q0 disposition=0"},{"seq_first":820,"seq_last":821,"session":"s2","stream":"chat","text":"< [-48/5 Q0] 7A0808XX"},{"seq_first":830,"seq_last":831,"session":"s1","stream":"telemetry","text":"PEER_REPORT our_seq=30 TX=-48/5 Q0"},{"seq_first":832,"seq_last":832,"session":"s1","stream":"telemetry","text":""},{"seq_first":822,"seq_last":822,"session":"s2","stream":"telemetry","text":""},{"seq_first":822,"seq_last":825,"session":"s2","stream":"telemetry","text":"TX ACK seq=4 ack_to=0BC7/30 frame=14B OK time=14 ms guard=500ms"},{"seq_first":832,"seq_last":835,"session":"s1","stream":"telemetry","text":"RX ACK session=63A6 seq=4 ack_to=0BC7/30 frame=14B RX=-47/5 Q100"},{"seq_first":836,"seq_last":839,"session":"s1","stream":"telemetry","text":"DELIVERY ACK user=0BC7/30 attempts=1/5 elapsed=221ms queue=0"},{"seq_first":842,"seq_last":844,"session":"s1","stream":"telemetry","text":"DELIVERY QUEUED source=2 bytes=8 waiting=1/8 in_flight=0"},{"seq_first":845,"seq_last":845,"session":"s1","stream":"telemetry","text":""},{"seq_first":845,"seq_last":847,"session":"s1","stream":"telemetry","text":"TX USER seq=31 frame=20B user=8B attempt=1/5 OK time=16 ms"},{"seq_first":848,"seq_last":848,"session":"s1","stream":"chat","text":"> 7A0809XX"},{"seq_first":849,"seq_last":852,"session":"s1","stream":"telemetry","text":"DELIVERY WAIT_ACK user=0BC7/31 attempt=1/5 timeout=712ms queue=0"},{"seq_first":826,"seq_last":827,"session":"s2","stream":"telemetry","text":"PEER_REPORT our_seq=4 TX=-47/5 Q100"},{"seq_first":828,"seq_last":828,"session":"s2","stream":"telemetry","text":""},{"seq_first":828,"seq_last":831,"session":"s2","stream":"telemetry","text":"RX USER session=0BC7 seq=31 frame=20B user=8B RX=-46/6 Q0 disposition=0"},{"seq_first":832,"seq_last":833,"session":"s2","stream":"chat","text":"< [-46/6 Q0] 7A0809XX"},{"seq_first":853,"seq_last":854,"session":"s1","stream":"telemetry","text":"PEER_REPORT our_seq=31 TX=-46/6 Q0"},{"seq_first":855,"seq_last":855,"session":"s1","stream":"telemetry","text":""},{"seq_first":834,"seq_last":834,"session":"s2","stream":"telemetry","text":""},{"seq_first":834,"seq_last":837,"session":"s2","stream":"telemetry","text":"TX ACK seq=5 ack_to=0BC7/31 frame=14B OK time=14 ms guard=500ms"},{"seq_first":855,"seq_last":858,"session":"s1","stream":"telemetry","text":"RX ACK session=63A6 seq=5 ack_to=0BC7/31 frame=14B RX=-52/5 Q100"},{"seq_first":859,"seq_last":862,"session":"s1","stream":"telemetry","text":"DELIVERY ACK user=0BC7/31 attempts=1/5 elapsed=222ms queue=0"},{"seq_first":838,"seq_last":839,"session":"s2","stream":"telemetry","text":"PEER_REPORT our_seq=5 TX=-52/5 Q100"},{"seq_first":840,"seq_last":840,"session":"s2","stream":"telemetry","text":""},{"seq_first":840,"seq_last":843,"session":"s2","stream":"telemetry","text":"RX USER session=0BC7 seq=32 frame=20B user=8B RX=-51/5 Q0 disposition=0"},{"seq_first":844,"seq_last":845,"session":"s2","stream":"chat","text":"< [-51/5 Q0] 7A0810XX"},{"seq_first":846,"seq_last":846,"session":"s2","stream":"telemetry","text":""},{"seq_first":846,"seq_last":849,"session":"s2","stream":"telemetry","text":"TX ACK seq=6 ack_to=0BC7/32 frame=14B OK time=14 ms guard=500ms"},{"seq_first":865,"seq_last":867,"session":"s1","stream":"telemetry","text":"DELIVERY QUEUED source=2 bytes=8 waiting=1/8 in_flight=0"},{"seq_first":868,"seq_last":868,"session":"s1","stream":"telemetry","text":""},{"seq_first":868,"seq_last":870,"session":"s1","stream":"telemetry","text":"TX USER seq=32 frame=20B user=8B attempt=1/5 OK time=16 ms"},{"seq_first":871,"seq_last":871,"session":"s1","stream":"chat","text":"> 7A0810XX"},{"seq_first":872,"seq_last":875,"session":"s1","stream":"telemetry","text":"DELIVERY WAIT_ACK user=0BC7/32 attempt=1/5 timeout=712ms queue=0"},{"seq_first":876,"seq_last":877,"session":"s1","stream":"telemetry","text":"PEER_REPORT our_seq=32 TX=-51/5 Q0"},{"seq_first":878,"seq_last":878,"session":"s1","stream":"telemetry","text":""},{"seq_first":878,"seq_last":881,"session":"s1","stream":"telemetry","text":"RX ACK session=63A6 seq=6 ack_to=0BC7/32 frame=14B RX=-50/6 Q100"},{"seq_first":882,"seq_last":885,"session":"s1","stream":"telemetry","text":"DELIVERY ACK user=0BC7/32 attempts=1/5 elapsed=221ms queue=0"},{"seq_first":850,"seq_last":850,"session":"s2","stream":"telemetry","text":""},{"seq_first":850,"seq_last":852,"session":"s2","stream":"telemetry","text":"RX CRC ERROR IRQ=0x70 RX=-116/-12 len=68"},{"seq_first":886,"seq_last":887,"session":"s1","stream":"telemetry","text":"PEER_REPORT our_seq=32 TX=-51/5 Q0"},{"seq_first":888,"seq_last":888,"session":"s1","stream":"telemetry","text":""},{"seq_first":888,"seq_last":891,"session":"s1","stream":"telemetry","text":"RX USER session=63A6 seq=7 frame=20B user=8B RX=-46/5 Q100 disposition=0"},{"seq_first":892,"seq_last":893,"session":"s1","stream":"chat","text":"< [-46/5 Q100] 7B0804XX"},{"seq_first":855,"seq_last":857,"session":"s2","stream":"telemetry","text":"DELIVERY QUEUED source=2 bytes=8 waiting=1/8 in_flight=0"},{"seq_first":858,"seq_last":858,"session":"s2","stream":"telemetry","text":""},{"seq_first":858,"seq_last":860,"session":"s2","stream":"telemetry","text":"TX USER seq=7 frame=20B user=8B attempt=1/5 OK time=16 ms"},{"seq_first":861,"seq_last":861,"session":"s2","stream":"chat","text":"> 7B0804XX"},{"seq_first":862,"seq_last":865,"session":"s2","stream":"telemetry","text":"DELIVERY WAIT_ACK user=63A6/7 attempt=1/5 timeout=712ms queue=0"},{"seq_first":894,"seq_last":894,"session":"s1","stream":"telemetry","text":""},{"seq_first":866,"seq_last":867,"session":"s2","stream":"telemetry","text":"PEER_REPORT our_seq=7 TX=-46/5 Q100"},{"seq_first":868,"seq_last":868,"session":"s2","stream":"telemetry","text":""},{"seq_first":868,"seq_last":871,"session":"s2","stream":"telemetry","text":"RX ACK session=0BC7 seq=33 ack_to=63A6/7 frame=14B RX=-50/6 Q0"},{"seq_first":872,"seq_last":874,"session":"s2","stream":"telemetry","text":"DELIVERY ACK user=63A6/7 attempts=1/5 elapsed=222ms queue=0"},{"seq_first":894,"seq_last":897,"session":"s1","stream":"telemetry","text":"TX ACK seq=33 ack_to=63A6/7 frame=14B OK time=13 ms guard=500ms"},{"seq_first":898,"seq_last":898,"session":"s1","stream":"telemetry","text":""},{"seq_first":898,"seq_last":907,"session":"s1","stream":"telemetry","text":"SESSION t=780s TX ok=34 user=20 echo_req=0 echo_rep=0 hb=0(idle=0) err=0 started=34 RX ok=34 user=14 echo_req=0 echo_rep=0 hb=0 crc=1 hdr=0 bad=1 readerr=0 reports=34 Q=100% drops=0 fatal=0"},{"seq_first":908,"seq_last":911,"session":"s1","stream":"telemetry","text":"SESSION COURTESY window=5000ms peer_release=0 expired=0 yielding=0"},{"seq_first":912,"seq_last":916,"session":"s1","stream":"telemetry","text":"SESSION DIO0_TX affected=0/34 episodes=0 avg_all=0.00 avg_affected=0.00 high_polls=0"},{"seq_first":917,"seq_last":922,"session":"s1","stream":"telemetry","text":"SESSION RX_POLL polls=699713 rxdone=36 interval=1000us DIO0_RX false_high_ep=0 high_polls=0 rxdone_low=0 isr=disabled"},{"seq_first":923,"seq_last":924,"session":"s1","stream":"telemetry","text":"PEER_REPORT our_seq=33 TX=-50/6 Q100"},{"seq_first":925,"seq_last":925,"session":"s1","stream":"telemetry","text":""},{"seq_first":925,"seq_last":928,"session":"s1","stream":"telemetry","text":"RX USER session=63A6 seq=8 frame=20B user=8B RX=-49/6 Q100 disposition=0"},{"seq_first":929,"seq_last":930,"session":"s1","stream":"chat","text":"< [-49/6 Q100] 7B0805XX"},{"seq_first":877,"seq_last":879,"session":"s2","stream":"telemetry","text":"DELIVERY QUEUED source=2 bytes=8 waiting=1/8 in_flight=0"},{"seq_first":880,"seq_last":880,"session":"s2","stream":"telemetry","text":""},{"seq_first":880,"seq_last":882,"session":"s2","stream":"telemetry","text":"TX USER seq=8 frame=20B user=8B attempt=1/5 OK time=17 ms"},{"seq_first":883,"seq_last":883,"session":"s2","stream":"chat","text":"> 7B0805XX"},{"seq_first":884,"seq_last":887,"session":"s2","stream":"telemetry","text":"DELIVERY WAIT_ACK user=63A6/8 attempt=1/5 timeout=712ms queue=0"},{"seq_first":931,"seq_last":931,"session":"s1","stream":"telemetry","text":""},{"seq_first":888,"seq_last":889,"session":"s2","stream":"telemetry","text":"PEER_REPORT our_seq=8 TX=-49/6 Q100"},{"seq_first":890,"seq_last":890,"session":"s2","stream":"telemetry","text":""},{"seq_first":890,"seq_last":893,"session":"s2","stream":"telemetry","text":"RX ACK session=0BC7 seq=34 ack_to=63A6/8 frame=14B RX=-53/6 Q100"},{"seq_first":894,"seq_last":896,"session":"s2","stream":"telemetry","text":"DELIVERY ACK user=63A6/8 attempts=1/5 elapsed=221ms queue=0"},{"seq_first":931,"seq_last":934,"session":"s1","stream":"telemetry","text":"TX ACK seq=34 ack_to=63A6/8 frame=14B OK time=13 ms guard=500ms"},{"seq_first":935,"seq_last":935,"session":"s1","stream":"telemetry","text":""},{"seq_first":935,"seq_last":936,"session":"s1","stream":"telemetry","text":"RX HEADER ERROR IRQ=0x50 RX=-115/-12"},{"seq_first":897,"seq_last":897,"session":"s2","stream":"telemetry","text":""},{"seq_first":897,"seq_last":906,"session":"s2","stream":"telemetry","text":"SESSION t=60s TX ok=9 user=2 echo_req=0 echo_rep=0 hb=0(idle=0) err=0 started=9 RX ok=9 user=7 echo_req=0 echo_rep=0 hb=0 crc=1 hdr=0 bad=0 readerr=0 reports=9 Q=100% drops=0 fatal=0"},{"seq_first":907,"seq_last":910,"session":"s2","stream":"telemetry","text":"SESSION COURTESY window=5000ms peer_release=0 expired=0 yielding=0"},{"seq_first":911,"seq_last":915,"session":"s2","stream":"telemetry","text":"SESSION DIO0_TX affected=0/9 episodes=0 avg_all=0.00 avg_affected=0.00 high_polls=0"},{"seq_first":916,"seq_last":921,"session":"s2","stream":"telemetry","text":"SESSION RX_POLL polls=47074 rxdone=10 interval=1000us DIO0_RX false_high_ep=0 high_polls=0 rxdone_low=0 isr=disabled"},{"seq_first":937,"seq_last":937,"session":"s1","stream":"telemetry","text":""},{"seq_first":937,"seq_last":938,"session":"s1","stream":"telemetry","text":"RX HEADER ERROR IRQ=0x50 RX=-114/-12"},{"seq_first":939,"seq_last":940,"session":"s1","stream":"telemetry","text":"PEER_REPORT our_seq=34 TX=-53/6 Q100"},{"seq_first":941,"seq_last":941,"session":"s1","stream":"telemetry","text":""},{"seq_first":924,"seq_last":926,"session":"s2","stream":"telemetry","text":"DELIVERY QUEUED source=2 bytes=8 waiting=1/8 in_flight=0"},{"seq_first":927,"seq_last":927,"session":"s2","stream":"telemetry","text":""},{"seq_first":927,"seq_last":929,"session":"s2","stream":"telemetry","text":"TX USER seq=9 frame=20B user=8B attempt=1/5 OK time=16 ms"},{"seq_first":930,"seq_last":930,"session":"s2","stream":"chat","text":"> 7B0806XX"},{"seq_first":931,"seq_last":934,"session":"s2","stream":"telemetry","text":"DELIVERY WAIT_ACK user=63A6/9 attempt=1/5 timeout=712ms queue=0"},{"seq_first":941,"seq_last":944,"session":"s1","stream":"telemetry","text":"RX USER session=63A6 seq=9 frame=20B user=8B RX=-55/5 Q100 disposition=0"},{"seq_first":945,"seq_last":946,"session":"s1","stream":"chat","text":"< [-55/5 Q100] 7B0806XX"},{"seq_first":947,"seq_last":947,"session":"s1","stream":"telemetry","text":""},{"seq_first":935,"seq_last":936,"session":"s2","stream":"telemetry","text":"PEER_REPORT our_seq=9 TX=-55/5 Q100"},{"seq_first":937,"seq_last":937,"session":"s2","stream":"telemetry","text":""},{"seq_first":937,"seq_last":940,"session":"s2","stream":"telemetry","text":"RX ACK session=0BC7 seq=35 ack_to=63A6/9 frame=14B RX=-61/5 Q100"},{"seq_first":941,"seq_last":943,"session":"s2","stream":"telemetry","text":"DELIVERY ACK user=63A6/9 attempts=1/5 elapsed=220ms queue=0"},{"seq_first":947,"seq_last":950,"session":"s1","stream":"telemetry","text":"TX ACK seq=35 ack_to=63A6/9 frame=14B OK time=13 ms guard=500ms"},{"seq_first":946,"seq_last":948,"session":"s2","stream":"telemetry","text":"DELIVERY QUEUED source=2 bytes=8 waiting=1/8 in_flight=0"},{"seq_first":949,"seq_last":949,"session":"s2","stream":"telemetry","text":""},{"seq_first":949,"seq_last":951,"session":"s2","stream":"telemetry","text":"TX USER seq=10 frame=20B user=8B attempt=1/5 OK time=16 ms"},{"seq_first":952,"seq_last":952,"session":"s2","stream":"chat","text":"> 7B0807XX"},{"seq_first":953,"seq_last":956,"session":"s2","stream":"telemetry","text":"DELIVERY WAIT_ACK user=63A6/10 attempt=1/5 timeout=712ms queue=0"},{"seq_first":957,"seq_last":958,"session":"s2","stream":"telemetry","text":"PEER_REPORT our_seq=10 TX=-53/6 Q100"},{"seq_first":959,"seq_last":959,"session":"s2","stream":"telemetry","text":""},{"seq_first":959,"seq_last":962,"session":"s2","stream":"telemetry","text":"RX ACK session=0BC7 seq=36 ack_to=63A6/10 frame=14B RX=-53/6 Q100"},{"seq_first":963,"seq_last":966,"session":"s2","stream":"telemetry","text":"DELIVERY ACK user=63A6/10 attempts=1/5 elapsed=222ms queue=0"},{"seq_first":951,"seq_last":952,"session":"s1","stream":"telemetry","text":"PEER_REPORT our_seq=35 TX=-61/5 Q100"},{"seq_first":953,"seq_last":953,"session":"s1","stream":"telemetry","text":""},{"seq_first":953,"seq_last":956,"session":"s1","stream":"telemetry","text":"RX USER session=63A6 seq=10 frame=20B user=8B RX=-53/6 Q100 disposition=0"},{"seq_first":957,"seq_last":958,"session":"s1","stream":"chat","text":"< [-53/6 Q100] 7B0807XX"},{"seq_first":959,"seq_last":959,"session":"s1","stream":"telemetry","text":""},{"seq_first":959,"seq_last":962,"session":"s1","stream":"telemetry","text":"TX ACK seq=36 ack_to=63A6/10 frame=14B OK time=13 ms guard=500ms"},{"seq_first":963,"seq_last":964,"session":"s1","stream":"telemetry","text":"PEER_REPORT our_seq=36 TX=-53/6 Q100"},{"seq_first":965,"seq_last":965,"session":"s1","stream":"telemetry","text":""},{"seq_first":969,"seq_last":971,"session":"s2","stream":"telemetry","text":"DELIVERY QUEUED source=2 bytes=8 waiting=1/8 in_flight=0"},{"seq_first":972,"seq_last":972,"session":"s2","stream":"telemetry","text":""},{"seq_first":972,"seq_last":974,"session":"s2","stream":"telemetry","text":"TX USER seq=11 frame=20B user=8B attempt=1/5 OK time=16 ms"},{"seq_first":975,"seq_last":975,"session":"s2","stream":"chat","text":"> 7B0808XX"},{"seq_first":976,"seq_last":979,"session":"s2","stream":"telemetry","text":"DELIVERY WAIT_ACK user=63A6/11 attempt=1/5 timeout=712ms queue=0"},{"seq_first":965,"seq_last":968,"session":"s1","stream":"telemetry","text":"RX USER session=63A6 seq=11 frame=20B user=8B RX=-53/5 Q100 disposition=0"},{"seq_first":969,"seq_last":970,"session":"s1","stream":"chat","text":"< [-53/5 Q100] 7B0808XX"},{"seq_first":971,"seq_last":971,"session":"s1","stream":"telemetry","text":""},{"seq_first":980,"seq_last":981,"session":"s2","stream":"telemetry","text":"PEER_REPORT our_seq=11 TX=-53/5 Q100"},{"seq_first":982,"seq_last":982,"session":"s2","stream":"telemetry","text":""},{"seq_first":982,"seq_last":985,"session":"s2","stream":"telemetry","text":"RX ACK session=0BC7 seq=37 ack_to=63A6/11 frame=14B RX=-54/5 Q100"},{"seq_first":986,"seq_last":989,"session":"s2","stream":"telemetry","text":"DELIVERY ACK user=63A6/11 attempts=1/5 elapsed=222ms queue=0"},{"seq_first":971,"seq_last":974,"session":"s1","stream":"telemetry","text":"TX ACK seq=37 ack_to=63A6/11 frame=14B OK time=13 ms guard=500ms"},{"seq_first":975,"seq_last":976,"session":"s1","stream":"telemetry","text":"PEER_REPORT our_seq=37 TX=-54/5 Q100"},{"seq_first":977,"seq_last":977,"session":"s1","stream":"telemetry","text":""},{"seq_first":977,"seq_last":980,"session":"s1","stream":"telemetry","text":"RX USER session=63A6 seq=12 frame=20B user=8B RX=-64/6 Q100 disposition=0"},{"seq_first":981,"seq_last":982,"session":"s1","stream":"chat","text":"< [-64/6 Q100] 7B0809XX"},{"seq_first":992,"seq_last":994,"session":"s2","stream":"telemetry","text":"DELIVERY QUEUED source=2 bytes=8 waiting=1/8 in_flight=0"},{"seq_first":995,"seq_last":995,"session":"s2","stream":"telemetry","text":""},{"seq_first":995,"seq_last":997,"session":"s2","stream":"telemetry","text":"TX USER seq=12 frame=20B user=8B attempt=1/5 OK time=16 ms"},{"seq_first":998,"seq_last":998,"session":"s2","stream":"chat","text":"> 7B0809XX"},{"seq_first":999,"seq_last":1002,"session":"s2","stream":"telemetry","text":"DELIVERY WAIT_ACK user=63A6/12 attempt=1/5 timeout=712ms queue=0"},{"seq_first":983,"seq_last":983,"session":"s1","stream":"telemetry","text":""},{"seq_first":1003,"seq_last":1004,"session":"s2","stream":"telemetry","text":"PEER_REPORT our_seq=12 TX=-64/6 Q100"},{"seq_first":1005,"seq_last":1005,"session":"s2","stream":"telemetry","text":""},{"seq_first":1005,"seq_last":1008,"session":"s2","stream":"telemetry","text":"RX ACK session=0BC7 seq=38 ack_to=63A6/12 frame=14B RX=-62/6 Q100"},{"seq_first":1009,"seq_last":1012,"session":"s2","stream":"telemetry","text":"DELIVERY ACK user=63A6/12 attempts=1/5 elapsed=222ms queue=0"},{"seq_first":983,"seq_last":986,"session":"s1","stream":"telemetry","text":"TX ACK seq=38 ack_to=63A6/12 frame=14B OK time=13 ms guard=500ms"},{"seq_first":987,"seq_last":988,"session":"s1","stream":"telemetry","text":"PEER_REPORT our_seq=38 TX=-62/6 Q100"},{"seq_first":989,"seq_last":989,"session":"s1","stream":"telemetry","text":""},{"seq_first":989,"seq_last":992,"session":"s1","stream":"telemetry","text":"RX USER session=63A6 seq=13 frame=20B user=8B RX=-49/5 Q100 disposition=0"},{"seq_first":993,"seq_last":994,"session":"s1","stream":"chat","text":"< [-49/5 Q100] 7B0810XX"},{"seq_first":1015,"seq_last":1017,"session":"s2","stream":"telemetry","text":"DELIVERY QUEUED source=2 bytes=8 waiting=1/8 in_flight=0"},{"seq_first":1018,"seq_last":1018,"session":"s2","stream":"telemetry","text":""},{"seq_first":1018,"seq_last":1020,"session":"s2","stream":"telemetry","text":"TX USER seq=13 frame=20B user=8B attempt=1/5 OK time=16 ms"},{"seq_first":1021,"seq_last":1021,"session":"s2","stream":"chat","text":"> 7B0810XX"},{"seq_first":1022,"seq_last":1025,"session":"s2","stream":"telemetry","text":"DELIVERY WAIT_ACK user=63A6/13 attempt=1/5 timeout=712ms queue=0"},{"seq_first":995,"seq_last":995,"session":"s1","stream":"telemetry","text":""},{"seq_first":1026,"seq_last":1027,"session":"s2","stream":"telemetry","text":"PEER_REPORT our_seq=13 TX=-49/5 Q100"},{"seq_first":1028,"seq_last":1028,"session":"s2","stream":"telemetry","text":""},{"seq_first":1028,"seq_last":1031,"session":"s2","stream":"telemetry","text":"RX ACK session=0BC7 seq=39 ack_to=63A6/13 frame=14B RX=-50/5 Q100"},{"seq_first":1032,"seq_last":1035,"session":"s2","stream":"telemetry","text":"DELIVERY ACK user=63A6/13 attempts=1/5 elapsed=219ms queue=0"},{"seq_first":995,"seq_last":998,"session":"s1","stream":"telemetry","text":"TX ACK seq=39 ack_to=63A6/13 frame=14B OK time=13 ms guard=500ms"},{"seq_first":999,"seq_last":999,"session":"s1","stream":"telemetry","text":""},{"seq_first":999,"seq_last":1008,"session":"s1","stream":"telemetry","text":"SESSION t=840s TX ok=40 user=20 echo_req=0 echo_rep=0 hb=0(idle=0) err=0 started=40 RX ok=40 user=20 echo_req=0 echo_rep=0 hb=0 crc=1 hdr=2 bad=1 readerr=0 reports=40 Q=100% drops=0 fatal=0"},{"seq_first":1009,"seq_last":1012,"session":"s1","stream":"telemetry","text":"SESSION COURTESY window=5000ms peer_release=0 expired=0 yielding=0"},{"seq_first":1013,"seq_last":1017,"session":"s1","stream":"telemetry","text":"SESSION DIO0_TX affected=0/40 episodes=0 avg_all=0.00 avg_affected=0.00 high_polls=0"},{"seq_first":1018,"seq_last":1023,"session":"s1","stream":"telemetry","text":"SESSION RX_POLL polls=754142 rxdone=44 interval=1000us DIO0_RX false_high_ep=0 high_polls=0 rxdone_low=1 isr=disabled"},{"seq_first":1026,"seq_last":1028,"session":"s1","stream":"telemetry","text":"DELIVERY QUEUED source=2 bytes=16 waiting=1/8 in_flight=0"},{"seq_first":1029,"seq_last":1029,"session":"s1","stream":"telemetry","text":""},{"seq_first":1029,"seq_last":1032,"session":"s1","stream":"telemetry","text":"TX USER seq=40 frame=28B user=16B attempt=1/5 OK time=18 ms"},{"seq_first":1033,"seq_last":1033,"session":"s1","stream":"chat","text":"> 7A1601XXXXXXXXXX"},{"seq_first":1034,"seq_last":1037,"session":"s1","stream":"telemetry","text":"DELIVERY WAIT_ACK user=0BC7/40 attempt=1/5 timeout=712ms queue=0"},{"seq_first":1036,"seq_last":1037,"session":"s2","stream":"telemetry","text":"PEER_REPORT our_seq=13 TX=-49/5 Q100"},{"seq_first":1038,"seq_last":1038,"session":"s2","stream":"telemetry","text":""},{"seq_first":1038,"seq_last":1041,"session":"s2","stream":"telemetry","text":"RX USER session=0BC7 seq=40 frame=28B user=16B RX=-44/5 Q100 disposition=0"},{"seq_first":1042,"seq_last":1043,"session":"s2","stream":"chat","text":"< [-44/5 Q100] 7A1601XXXXXXXXXX"},{"seq_first":1038,"seq_last":1039,"session":"s1","stream":"telemetry","text":"PEER_REPORT our_seq=40 TX=-44/5 Q100"},{"seq_first":1040,"seq_last":1040,"session":"s1","stream":"telemetry","text":""},{"seq_first":1044,"seq_last":1044,"session":"s2","stream":"telemetry","text":""},{"seq_first":1044,"seq_last":1047,"session":"s2","stream":"telemetry","text":"TX ACK seq=14 ack_to=0BC7/40 frame=14B OK time=14 ms guard=500ms"},{"seq_first":1040,"seq_last":1043,"session":"s1","stream":"telemetry","text":"RX ACK session=63A6 seq=14 ack_to=0BC7/40 frame=14B RX=-44/5 Q100"},{"seq_first":1044,"seq_last":1047,"session":"s1","stream":"telemetry","text":"DELIVERY ACK user=0BC7/40 attempts=1/5 elapsed=222ms queue=0"},{"seq_first":1050,"seq_last":1052,"session":"s1","stream":"telemetry","text":"DELIVERY QUEUED source=2 bytes=16 waiting=1/8 in_flight=0"},{"seq_first":1053,"seq_last":1053,"session":"s1","stream":"telemetry","text":""},{"seq_first":1053,"seq_last":1056,"session":"s1","stream":"telemetry","text":"TX USER seq=41 frame=28B user=16B attempt=1/5 OK time=18 ms"},{"seq_first":1057,"seq_last":1057,"session":"s1","stream":"chat","text":"> 7A1602XXXXXXXXXX"},{"seq_first":1058,"seq_last":1061,"session":"s1","stream":"telemetry","text":"DELIVERY WAIT_ACK user=0BC7/41 attempt=1/5 timeout=712ms queue=0"},{"seq_first":1048,"seq_last":1049,"session":"s2","stream":"telemetry","text":"PEER_REPORT our_seq=14 TX=-44/5 Q100"},{"seq_first":1050,"seq_last":1050,"session":"s2","stream":"telemetry","text":""},{"seq_first":1050,"seq_last":1053,"session":"s2","stream":"telemetry","text":"RX USER session=0BC7 seq=41 frame=28B user=16B RX=-48/6 Q100 disposition=0"},{"seq_first":1054,"seq_last":1055,"session":"s2","stream":"chat","text":"< [-48/6 Q100] 7A1602XXXXXXXXXX"},{"seq_first":1062,"seq_last":1063,"session":"s1","stream":"telemetry","text":"PEER_REPORT our_seq=41 TX=-48/6 Q100"},{"seq_first":1064,"seq_last":1064,"session":"s1","stream":"telemetry","text":""},{"seq_first":1056,"seq_last":1056,"session":"s2","stream":"telemetry","text":""},{"seq_first":1056,"seq_last":1059,"session":"s2","stream":"telemetry","text":"TX ACK seq=15 ack_to=0BC7/41 frame=14B OK time=14 ms guard=500ms"},{"seq_first":1064,"seq_last":1067,"session":"s1","stream":"telemetry","text":"RX ACK session=63A6 seq=15 ack_to=0BC7/41 frame=14B RX=-45/5 Q100"},{"seq_first":1068,"seq_last":1071,"session":"s1","stream":"telemetry","text":"DELIVERY ACK user=0BC7/41 attempts=1/5 elapsed=222ms queue=0"},{"seq_first":1074,"seq_last":1076,"session":"s1","stream":"telemetry","text":"DELIVERY QUEUED source=2 bytes=16 waiting=1/8 in_flight=0"},{"seq_first":1077,"seq_last":1077,"session":"s1","stream":"telemetry","text":""},{"seq_first":1077,"seq_last":1080,"session":"s1","stream":"telemetry","text":"TX USER seq=42 frame=28B user=16B attempt=1/5 OK time=18 ms"},{"seq_first":1081,"seq_last":1081,"session":"s1","stream":"chat","text":"> 7A1603XXXXXXXXXX"},{"seq_first":1082,"seq_last":1085,"session":"s1","stream":"telemetry","text":"DELIVERY WAIT_ACK user=0BC7/42 attempt=1/5 timeout=712ms queue=0"},{"seq_first":1060,"seq_last":1061,"session":"s2","stream":"telemetry","text":"PEER_REPORT our_seq=15 TX=-45/5 Q100"},{"seq_first":1062,"seq_last":1062,"session":"s2","stream":"telemetry","text":""},{"seq_first":1062,"seq_last":1065,"session":"s2","stream":"telemetry","text":"RX USER session=0BC7 seq=42 frame=28B user=16B RX=-41/1 Q100 disposition=0"},{"seq_first":1066,"seq_last":1067,"session":"s2","stream":"chat","text":"< [-41/1 Q100] 7A1603XXXXXXXXXX"},{"seq_first":1086,"seq_last":1087,"session":"s1","stream":"telemetry","text":"PEER_REPORT our_seq=42 TX=-41/1 Q100"},{"seq_first":1088,"seq_last":1088,"session":"s1","stream":"telemetry","text":""},{"seq_first":1068,"seq_last":1068,"session":"s2","stream":"telemetry","text":""},{"seq_first":1068,"seq_last":1071,"session":"s2","stream":"telemetry","text":"TX ACK seq=16 ack_to=0BC7/42 frame=14B OK time=14 ms guard=500ms"},{"seq_first":1088,"seq_last":1091,"session":"s1","stream":"telemetry","text":"RX ACK session=63A6 seq=16 ack_to=0BC7/42 frame=14B RX=-45/5 Q100"},{"seq_first":1092,"seq_last":1095,"session":"s1","stream":"telemetry","text":"DELIVERY ACK user=0BC7/42 attempts=1/5 elapsed=222ms queue=0"},{"seq_first":1096,"seq_last":1097,"session":"s1","stream":"telemetry","text":"PEER_REPORT our_seq=42 TX=-41/1 Q100"},{"seq_first":1098,"seq_last":1098,"session":"s1","stream":"telemetry","text":""},{"seq_first":1098,"seq_last":1101,"session":"s1","stream":"telemetry","text":"RX USER session=63A6 seq=17 frame=28B user=16B RX=-53/5 Q100 disposition=0"},{"seq_first":1102,"seq_last":1103,"session":"s1","stream":"chat","text":"< [-53/5 Q100] 7B1601XXXXXXXXXX"},{"seq_first":1074,"seq_last":1076,"session":"s2","stream":"telemetry","text":"DELIVERY QUEUED source=2 bytes=16 waiting=1/8 in_flight=0"},{"seq_first":1077,"seq_last":1077,"session":"s2","stream":"telemetry","text":""},{"seq_first":1077,"seq_last":1080,"session":"s2","stream":"telemetry","text":"TX USER seq=17 frame=28B user=16B attempt=1/5 OK time=19 ms"},{"seq_first":1081,"seq_last":1081,"session":"s2","stream":"chat","text":"> 7B1601XXXXXXXXXX"},{"seq_first":1082,"seq_last":1085,"session":"s2","stream":"telemetry","text":"DELIVERY WAIT_ACK user=63A6/17 attempt=1/5 timeout=712ms queue=0"},{"seq_first":1104,"seq_last":1104,"session":"s1","stream":"telemetry","text":""},{"seq_first":1086,"seq_last":1087,"session":"s2","stream":"telemetry","text":"PEER_REPORT our_seq=17 TX=-53/5 Q100"},{"seq_first":1088,"seq_last":1088,"session":"s2","stream":"telemetry","text":""},{"seq_first":1088,"seq_last":1091,"session":"s2","stream":"telemetry","text":"RX ACK session=0BC7 seq=43 ack_to=63A6/17 frame=14B RX=-47/5 Q100"},{"seq_first":1092,"seq_last":1095,"session":"s2","stream":"telemetry","text":"DELIVERY ACK user=63A6/17 attempts=1/5 elapsed=221ms queue=0"},{"seq_first":1104,"seq_last":1107,"session":"s1","stream":"telemetry","text":"TX ACK seq=43 ack_to=63A6/17 frame=14B OK time=13 ms guard=500ms"},{"seq_first":1096,"seq_last":1096,"session":"s2","stream":"telemetry","text":""},{"seq_first":1096,"seq_last":1105,"session":"s2","stream":"telemetry","text":"SESSION t=120s TX ok=18 user=8 echo_req=0 echo_rep=0 hb=0(idle=0) err=0 started=18 RX ok=18 user=10 echo_req=0 echo_rep=0 hb=0 crc=1 hdr=0 bad=0 readerr=0 reports=18 Q=100% drops=0 fatal=0"},{"seq_first":1106,"seq_last":1109,"session":"s2","stream":"telemetry","text":"SESSION COURTESY window=5000ms peer_release=0 expired=0 yielding=0"},{"seq_first":1110,"seq_last":1114,"session":"s2","stream":"telemetry","text":"SESSION DIO0_TX affected=0/18 episodes=0 avg_all=0.00 avg_affected=0.00 high_polls=0"},{"seq_first":1115,"seq_last":1120,"session":"s2","stream":"telemetry","text":"SESSION RX_POLL polls=88416 rxdone=19 interval=1000us DIO0_RX false_high_ep=0 high_polls=0 rxdone_low=0 isr=disabled"}],"timed_out":false}}
2026-09-26T23:54:44.330+03:00 [TX] {"data_b64":"L2NhbmNlbCBhbGwK","description":"ble:LoRa-Chatter-72E0 E0:72:A1:D5:4C:15","device_key":"ble-address:e0:72:a1:d5:4c:15","kind":"tx","seq":1122,"session":"s2","text":"/cancel all","timestamp":1790456084.329937,"tx_id":34,"tx_state":"written"}
2026-09-26T23:54:44.628+03:00 [RX telemetry] {"data_b64":"REVMSVZFUlkgQ0FOQ0VMIEFMTCA=","description":"ble:LoRa-Chatter-1B44 44:1B:F6:8D:B7:A9","device_key":"ble-address:44:1b:f6:8d:b7:a9","kind":"rx","seq":1110,"session":"s1","stream":"telemetry","text":"DELIVERY CANCEL ALL ","timestamp":1790456084.6283233}
2026-09-26T23:54:44.628+03:00 [RX telemetry] {"data_b64":"cGVuZGluZz1ub25lIHF1ZXVlX3I=","description":"ble:LoRa-Chatter-1B44 44:1B:F6:8D:B7:A9","device_key":"ble-address:44:1b:f6:8d:b7:a9","kind":"rx","seq":1111,"session":"s1","stream":"telemetry","text":"pending=none queue_r","timestamp":1790456084.6283672}
2026-09-26T23:54:44.628+03:00 [RX telemetry] {"data_b64":"ZW1vdmVkPTAK","description":"ble:LoRa-Chatter-1B44 44:1B:F6:8D:B7:A9","device_key":"ble-address:44:1b:f6:8d:b7:a9","kind":"rx","seq":1112,"session":"s1","stream":"telemetry","text":"emoved=0\n","timestamp":1790456084.628386}
2026-09-26T23:54:44.629+03:00 [RX chat] {"data_b64":"W1NZU10gREVMSVZFUlkgQ0FOQ0U=","description":"ble:LoRa-Chatter-1B44 44:1B:F6:8D:B7:A9","device_key":"ble-address:44:1b:f6:8d:b7:a9","kind":"rx","seq":1113,"session":"s1","stream":"chat","text":"[SYS] DELIVERY CANCE","timestamp":1790456084.628827}
2026-09-26T23:54:44.631+03:00 [RX chat] {"data_b64":"TDogbm90aGluZyBwZW5kaW5nCg==","description":"ble:LoRa-Chatter-1B44 44:1B:F6:8D:B7:A9","device_key":"ble-address:44:1b:f6:8d:b7:a9","kind":"rx","seq":1114,"session":"s1","stream":"chat","text":"L: nothing pending\n","timestamp":1790456084.630922}
2026-09-26T23:54:44.631+03:00 [RX telemetry] {"data_b64":"REVMSVZFUlkgQ0FOQ0VMIEFMTCA=","description":"ble:LoRa-Chatter-72E0 E0:72:A1:D5:4C:15","device_key":"ble-address:e0:72:a1:d5:4c:15","kind":"rx","seq":1123,"session":"s2","stream":"telemetry","text":"DELIVERY CANCEL ALL ","timestamp":1790456084.6312947}
2026-09-26T23:54:44.634+03:00 [RX telemetry] {"data_b64":"cGVuZGluZz1ub25lIHF1ZXVlX3I=","description":"ble:LoRa-Chatter-72E0 E0:72:A1:D5:4C:15","device_key":"ble-address:e0:72:a1:d5:4c:15","kind":"rx","seq":1124,"session":"s2","stream":"telemetry","text":"pending=none queue_r","timestamp":1790456084.633853}
2026-09-26T23:54:44.634+03:00 [RX telemetry] {"data_b64":"ZW1vdmVkPTAK","description":"ble:LoRa-Chatter-72E0 E0:72:A1:D5:4C:15","device_key":"ble-address:e0:72:a1:d5:4c:15","kind":"rx","seq":1125,"session":"s2","stream":"telemetry","text":"emoved=0\n","timestamp":1790456084.6343844}
2026-09-26T23:54:44.634+03:00 [RX chat] {"data_b64":"W1NZU10gREVMSVZFUlkgQ0FOQ0U=","description":"ble:LoRa-Chatter-72E0 E0:72:A1:D5:4C:15","device_key":"ble-address:e0:72:a1:d5:4c:15","kind":"rx","seq":1126,"session":"s2","stream":"chat","text":"[SYS] DELIVERY CANCE","timestamp":1790456084.6344275}
2026-09-26T23:54:44.636+03:00 [RX chat] {"data_b64":"TDogbm90aGluZyBwZW5kaW5nCg==","description":"ble:LoRa-Chatter-72E0 E0:72:A1:D5:4C:15","device_key":"ble-address:e0:72:a1:d5:4c:15","kind":"rx","seq":1127,"session":"s2","stream":"chat","text":"L: nothing pending\n","timestamp":1790456084.6359112}
2026-09-26T23:55:06.272+03:00 [RX telemetry] {"data_b64":"ClNFU1NJT04gdD05MDBzIFRYIG8=","description":"ble:LoRa-Chatter-1B44 44:1B:F6:8D:B7:A9","device_key":"ble-address:44:1b:f6:8d:b7:a9","kind":"rx","seq":1115,"session":"s1","stream":"telemetry","text":"\nSESSION t=900s TX o","timestamp":1790456106.2721622}
2026-09-26T23:55:06.272+03:00 [RX telemetry] {"data_b64":"az00NCB1c2VyPTIzIGVjaG9fcmU=","description":"ble:LoRa-Chatter-1B44 44:1B:F6:8D:B7:A9","device_key":"ble-address:44:1b:f6:8d:b7:a9","kind":"rx","seq":1116,"session":"s1","stream":"telemetry","text":"k=44 user=23 echo_re","timestamp":1790456106.272234}
2026-09-26T23:55:06.274+03:00 [RX telemetry] {"data_b64":"cT0wIGVjaG9fcmVwPTAgaGI9MCg=","description":"ble:LoRa-Chatter-1B44 44:1B:F6:8D:B7:A9","device_key":"ble-address:44:1b:f6:8d:b7:a9","kind":"rx","seq":1117,"session":"s1","stream":"telemetry","text":"q=0 echo_rep=0 hb=0(","timestamp":1790456106.273906}
2026-09-26T23:55:06.274+03:00 [RX telemetry] {"data_b64":"aWRsZT0wKSBlcnI9MCBzdGFydGU=","description":"ble:LoRa-Chatter-1B44 44:1B:F6:8D:B7:A9","device_key":"ble-address:44:1b:f6:8d:b7:a9","kind":"rx","seq":1118,"session":"s1","stream":"telemetry","text":"idle=0) err=0 starte","timestamp":1790456106.274316}
2026-09-26T23:55:06.274+03:00 [RX telemetry] {"data_b64":"ZD00NCBSWCBvaz00NCB1c2VyPTI=","description":"ble:LoRa-Chatter-1B44 44:1B:F6:8D:B7:A9","device_key":"ble-address:44:1b:f6:8d:b7:a9","kind":"rx","seq":1119,"session":"s1","stream":"telemetry","text":"d=44 RX ok=44 user=2","timestamp":1790456106.2743373}
2026-09-26T23:55:06.277+03:00 [RX telemetry] {"data_b64":"MSBlY2hvX3JlcT0wIGVjaG9fcmU=","description":"ble:LoRa-Chatter-1B44 44:1B:F6:8D:B7:A9","device_key":"ble-address:44:1b:f6:8d:b7:a9","kind":"rx","seq":1120,"session":"s1","stream":"telemetry","text":"1 echo_req=0 echo_re","timestamp":1790456106.276796}
2026-09-26T23:55:06.277+03:00 [RX telemetry] {"data_b64":"cD0wIGhiPTAgY3JjPTEgaGRyPTI=","description":"ble:LoRa-Chatter-1B44 44:1B:F6:8D:B7:A9","device_key":"ble-address:44:1b:f6:8d:b7:a9","kind":"rx","seq":1121,"session":"s1","stream":"telemetry","text":"p=0 hb=0 crc=1 hdr=2","timestamp":1790456106.277111}
2026-09-26T23:55:06.277+03:00 [RX telemetry] {"data_b64":"IGJhZD0xIHJlYWRlcnI9MCByZXA=","description":"ble:LoRa-Chatter-1B44 44:1B:F6:8D:B7:A9","device_key":"ble-address:44:1b:f6:8d:b7:a9","kind":"rx","seq":1122,"session":"s1","stream":"telemetry","text":" bad=1 readerr=0 rep","timestamp":1790456106.2773066}
2026-09-26T23:55:06.277+03:00 [RX telemetry] {"data_b64":"b3J0cz00NCBRPTEwMCUgZHJvcHM=","description":"ble:LoRa-Chatter-1B44 44:1B:F6:8D:B7:A9","device_key":"ble-address:44:1b:f6:8d:b7:a9","kind":"rx","seq":1123,"session":"s1","stream":"telemetry","text":"orts=44 Q=100% drops","timestamp":1790456106.2773395}
2026-09-26T23:55:06.277+03:00 [RX telemetry] {"data_b64":"PTAgZmF0YWw9MAo=","description":"ble:LoRa-Chatter-1B44 44:1B:F6:8D:B7:A9","device_key":"ble-address:44:1b:f6:8d:b7:a9","kind":"rx","seq":1124,"session":"s1","stream":"telemetry","text":"=0 fatal=0\n","timestamp":1790456106.2777765}
2026-09-26T23:55:06.279+03:00 [RX telemetry] {"data_b64":"U0VTU0lPTiBDT1VSVEVTWSB3aW4=","description":"ble:LoRa-Chatter-1B44 44:1B:F6:8D:B7:A9","device_key":"ble-address:44:1b:f6:8d:b7:a9","kind":"rx","seq":1125,"session":"s1","stream":"telemetry","text":"SESSION COURTESY win","timestamp":1790456106.279745}
2026-09-26T23:55:06.280+03:00 [RX telemetry] {"data_b64":"ZG93PTUwMDBtcyBwZWVyX3JlbGU=","description":"ble:LoRa-Chatter-1B44 44:1B:F6:8D:B7:A9","device_key":"ble-address:44:1b:f6:8d:b7:a9","kind":"rx","seq":1126,"session":"s1","stream":"telemetry","text":"dow=5000ms peer_rele","timestamp":1790456106.2800112}
2026-09-26T23:55:06.280+03:00 [RX telemetry] {"data_b64":"YXNlPTAgZXhwaXJlZD0wIHlpZWw=","description":"ble:LoRa-Chatter-1B44 44:1B:F6:8D:B7:A9","device_key":"ble-address:44:1b:f6:8d:b7:a9","kind":"rx","seq":1127,"session":"s1","stream":"telemetry","text":"ase=0 expired=0 yiel","timestamp":1790456106.2801597}
2026-09-26T23:55:06.280+03:00 [RX telemetry] {"data_b64":"ZGluZz0wCg==","description":"ble:LoRa-Chatter-1B44 44:1B:F6:8D:B7:A9","device_key":"ble-address:44:1b:f6:8d:b7:a9","kind":"rx","seq":1128,"session":"s1","stream":"telemetry","text":"ding=0\n","timestamp":1790456106.280573}
2026-09-26T23:55:06.280+03:00 [RX telemetry] {"data_b64":"U0VTU0lPTiBESU8wX1RYIGFmZmU=","description":"ble:LoRa-Chatter-1B44 44:1B:F6:8D:B7:A9","device_key":"ble-address:44:1b:f6:8d:b7:a9","kind":"rx","seq":1129,"session":"s1","stream":"telemetry","text":"SESSION DIO0_TX affe","timestamp":1790456106.2805998}
2026-09-26T23:55:06.281+03:00 [RX telemetry] {"data_b64":"Y3RlZD0wLzQ0IGVwaXNvZGVzPTA=","description":"ble:LoRa-Chatter-1B44 44:1B:F6:8D:B7:A9","device_key":"ble-address:44:1b:f6:8d:b7:a9","kind":"rx","seq":1130,"session":"s1","stream":"telemetry","text":"cted=0/44 episodes=0","timestamp":1790456106.2817886}
2026-09-26T23:55:06.282+03:00 [RX telemetry] {"data_b64":"IGF2Z19hbGw9MC4wMCBhdmdfYWY=","description":"ble:LoRa-Chatter-1B44 44:1B:F6:8D:B7:A9","device_key":"ble-address:44:1b:f6:8d:b7:a9","kind":"rx","seq":1131,"session":"s1","stream":"telemetry","text":" avg_all=0.00 avg_af","timestamp":1790456106.2824805}
2026-09-26T23:55:06.282+03:00 [RX telemetry] {"data_b64":"ZmVjdGVkPTAuMDAgaGlnaF9wb2w=","description":"ble:LoRa-Chatter-1B44 44:1B:F6:8D:B7:A9","device_key":"ble-address:44:1b:f6:8d:b7:a9","kind":"rx","seq":1132,"session":"s1","stream":"telemetry","text":"fected=0.00 high_pol","timestamp":1790456106.282501}
2026-09-26T23:55:06.283+03:00 [RX telemetry] {"data_b64":"bHM9MAo=","description":"ble:LoRa-Chatter-1B44 44:1B:F6:8D:B7:A9","device_key":"ble-address:44:1b:f6:8d:b7:a9","kind":"rx","seq":1133,"session":"s1","stream":"telemetry","text":"ls=0\n","timestamp":1790456106.2837732}
2026-09-26T23:55:06.284+03:00 [RX telemetry] {"data_b64":"U0VTU0lPTiBSWF9QT0xMIHBvbGw=","description":"ble:LoRa-Chatter-1B44 44:1B:F6:8D:B7:A9","device_key":"ble-address:44:1b:f6:8d:b7:a9","kind":"rx","seq":1134,"session":"s1","stream":"telemetry","text":"SESSION RX_POLL poll","timestamp":1790456106.2841537}
2026-09-26T23:55:06.284+03:00 [RX telemetry] {"data_b64":"cz04MTI4NDAgcnhkb25lPTQ4IGk=","description":"ble:LoRa-Chatter-1B44 44:1B:F6:8D:B7:A9","device_key":"ble-address:44:1b:f6:8d:b7:a9","kind":"rx","seq":1135,"session":"s1","stream":"telemetry","text":"s=812840 rxdone=48 i","timestamp":1790456106.2843368}
2026-09-26T23:55:06.317+03:00 [RX telemetry] {"data_b64":"bnRlcnZhbD0xMDAwdXMgRElPMF8=","description":"ble:LoRa-Chatter-1B44 44:1B:F6:8D:B7:A9","device_key":"ble-address:44:1b:f6:8d:b7:a9","kind":"rx","seq":1136,"session":"s1","stream":"telemetry","text":"nterval=1000us DIO0_","timestamp":1790456106.3172772}
2026-09-26T23:55:06.317+03:00 [RX telemetry] {"data_b64":"UlggZmFsc2VfaGlnaF9lcD0wIGg=","description":"ble:LoRa-Chatter-1B44 44:1B:F6:8D:B7:A9","device_key":"ble-address:44:1b:f6:8d:b7:a9","kind":"rx","seq":1137,"session":"s1","stream":"telemetry","text":"RX false_high_ep=0 h","timestamp":1790456106.3173385}
2026-09-26T23:55:06.319+03:00 [RX telemetry] {"data_b64":"aWdoX3BvbGxzPTAgcnhkb25lX2w=","description":"ble:LoRa-Chatter-1B44 44:1B:F6:8D:B7:A9","device_key":"ble-address:44:1b:f6:8d:b7:a9","kind":"rx","seq":1138,"session":"s1","stream":"telemetry","text":"igh_polls=0 rxdone_l","timestamp":1790456106.3188646}
2026-09-26T23:55:06.319+03:00 [RX telemetry] {"data_b64":"b3c9MSBpc3I9ZGlzYWJsZWQK","description":"ble:LoRa-Chatter-1B44 44:1B:F6:8D:B7:A9","device_key":"ble-address:44:1b:f6:8d:b7:a9","kind":"rx","seq":1139,"session":"s1","stream":"telemetry","text":"ow=1 isr=disabled\n","timestamp":1790456106.3192222}
2026-09-26T23:55:14.955+03:00 [AGENT REQUEST] {"id":10004,"op":"observe","cursors":{"s1":1109,"s2":1121},"timeout_ms":5000}
2026-09-26T23:55:14.956+03:00 [AGENT RESPONSE] {"id":10004,"ok":true,"result":{"cursors":{"s1":1139,"s2":1127},"lines":[{"seq_first":1110,"seq_last":1112,"session":"s1","stream":"telemetry","text":"DELIVERY CANCEL ALL pending=none queue_removed=0"},{"seq_first":1113,"seq_last":1114,"session":"s1","stream":"chat","text":"[SYS] DELIVERY CANCEL: nothing pending"},{"seq_first":1123,"seq_last":1125,"session":"s2","stream":"telemetry","text":"DELIVERY CANCEL ALL pending=none queue_removed=0"},{"seq_first":1126,"seq_last":1127,"session":"s2","stream":"chat","text":"[SYS] DELIVERY CANCEL: nothing pending"},{"seq_first":1115,"seq_last":1115,"session":"s1","stream":"telemetry","text":""},{"seq_first":1115,"seq_last":1124,"session":"s1","stream":"telemetry","text":"SESSION t=900s TX ok=44 user=23 echo_req=0 echo_rep=0 hb=0(idle=0) err=0 started=44 RX ok=44 user=21 echo_req=0 echo_rep=0 hb=0 crc=1 hdr=2 bad=1 readerr=0 reports=44 Q=100% drops=0 fatal=0"},{"seq_first":1125,"seq_last":1128,"session":"s1","stream":"telemetry","text":"SESSION COURTESY window=5000ms peer_release=0 expired=0 yielding=0"},{"seq_first":1129,"seq_last":1133,"session":"s1","stream":"telemetry","text":"SESSION DIO0_TX affected=0/44 episodes=0 avg_all=0.00 avg_affected=0.00 high_polls=0"},{"seq_first":1134,"seq_last":1139,"session":"s1","stream":"telemetry","text":"SESSION RX_POLL polls=812840 rxdone=48 interval=1000us DIO0_RX false_high_ep=0 high_polls=0 rxdone_low=1 isr=disabled"}],"timed_out":false}}
2026-09-26T23:55:26.528+03:00 [RX telemetry] {"data_b64":"ClNFU1NJT04gdD0xODBzIFRYIG8=","description":"ble:LoRa-Chatter-72E0 E0:72:A1:D5:4C:15","device_key":"ble-address:e0:72:a1:d5:4c:15","kind":"rx","seq":1128,"session":"s2","stream":"telemetry","text":"\nSESSION t=180s TX o","timestamp":1790456126.527657}
2026-09-26T23:55:26.530+03:00 [RX telemetry] {"data_b64":"az0xOCB1c2VyPTggZWNob19yZXE=","description":"ble:LoRa-Chatter-72E0 E0:72:A1:D5:4C:15","device_key":"ble-address:e0:72:a1:d5:4c:15","kind":"rx","seq":1129,"session":"s2","stream":"telemetry","text":"k=18 user=8 echo_req","timestamp":1790456126.5293791}
2026-09-26T23:55:26.530+03:00 [RX telemetry] {"data_b64":"PTAgZWNob19yZXA9MCBoYj0wKGk=","description":"ble:LoRa-Chatter-72E0 E0:72:A1:D5:4C:15","device_key":"ble-address:e0:72:a1:d5:4c:15","kind":"rx","seq":1130,"session":"s2","stream":"telemetry","text":"=0 echo_rep=0 hb=0(i","timestamp":1790456126.52949}
2026-09-26T23:55:26.531+03:00 [RX telemetry] {"data_b64":"ZGxlPTApIGVycj0wIHN0YXJ0ZWQ=","description":"ble:LoRa-Chatter-72E0 E0:72:A1:D5:4C:15","device_key":"ble-address:e0:72:a1:d5:4c:15","kind":"rx","seq":1131,"session":"s2","stream":"telemetry","text":"dle=0) err=0 started","timestamp":1790456126.5295475}
2026-09-26T23:55:26.533+03:00 [RX telemetry] {"data_b64":"PTE4IFJYIG9rPTE4IHVzZXI9MTA=","description":"ble:LoRa-Chatter-72E0 E0:72:A1:D5:4C:15","device_key":"ble-address:e0:72:a1:d5:4c:15","kind":"rx","seq":1132,"session":"s2","stream":"telemetry","text":"=18 RX ok=18 user=10","timestamp":1790456126.530903}
2026-09-26T23:55:26.534+03:00 [RX telemetry] {"data_b64":"IGVjaG9fcmVxPTAgZWNob19yZXA=","description":"ble:LoRa-Chatter-72E0 E0:72:A1:D5:4C:15","device_key":"ble-address:e0:72:a1:d5:4c:15","kind":"rx","seq":1133,"session":"s2","stream":"telemetry","text":" echo_req=0 echo_rep","timestamp":1790456126.5312226}
2026-09-26T23:55:26.535+03:00 [RX telemetry] {"data_b64":"PTAgaGI9MCBjcmM9MSBoZHI9MCA=","description":"ble:LoRa-Chatter-72E0 E0:72:A1:D5:4C:15","device_key":"ble-address:e0:72:a1:d5:4c:15","kind":"rx","seq":1134,"session":"s2","stream":"telemetry","text":"=0 hb=0 crc=1 hdr=0 ","timestamp":1790456126.5323374}
2026-09-26T23:55:26.535+03:00 [RX telemetry] {"data_b64":"YmFkPTAgcmVhZGVycj0wIHJlcG8=","description":"ble:LoRa-Chatter-72E0 E0:72:A1:D5:4C:15","device_key":"ble-address:e0:72:a1:d5:4c:15","kind":"rx","seq":1135,"session":"s2","stream":"telemetry","text":"bad=0 readerr=0 repo","timestamp":1790456126.5324492}
2026-09-26T23:55:26.535+03:00 [RX telemetry] {"data_b64":"cnRzPTE4IFE9MTAwJSBkcm9wcz0=","description":"ble:LoRa-Chatter-72E0 E0:72:A1:D5:4C:15","device_key":"ble-address:e0:72:a1:d5:4c:15","kind":"rx","seq":1136,"session":"s2","stream":"telemetry","text":"rts=18 Q=100% drops=","timestamp":1790456126.534284}
2026-09-26T23:55:26.537+03:00 [RX telemetry] {"data_b64":"MCBmYXRhbD0wCg==","description":"ble:LoRa-Chatter-72E0 E0:72:A1:D5:4C:15","device_key":"ble-address:e0:72:a1:d5:4c:15","kind":"rx","seq":1137,"session":"s2","stream":"telemetry","text":"0 fatal=0\n","timestamp":1790456126.5367773}
2026-09-26T23:55:26.537+03:00 [RX telemetry] {"data_b64":"U0VTU0lPTiBDT1VSVEVTWSB3aW4=","description":"ble:LoRa-Chatter-72E0 E0:72:A1:D5:4C:15","device_key":"ble-address:e0:72:a1:d5:4c:15","kind":"rx","seq":1138,"session":"s2","stream":"telemetry","text":"SESSION COURTESY win","timestamp":1790456126.5368912}
2026-09-26T23:55:26.537+03:00 [RX telemetry] {"data_b64":"ZG93PTUwMDBtcyBwZWVyX3JlbGU=","description":"ble:LoRa-Chatter-72E0 E0:72:A1:D5:4C:15","device_key":"ble-address:e0:72:a1:d5:4c:15","kind":"rx","seq":1139,"session":"s2","stream":"telemetry","text":"dow=5000ms peer_rele","timestamp":1790456126.5369554}
2026-09-26T23:55:26.537+03:00 [RX telemetry] {"data_b64":"YXNlPTAgZXhwaXJlZD0wIHlpZWw=","description":"ble:LoRa-Chatter-72E0 E0:72:A1:D5:4C:15","device_key":"ble-address:e0:72:a1:d5:4c:15","kind":"rx","seq":1140,"session":"s2","stream":"telemetry","text":"ase=0 expired=0 yiel","timestamp":1790456126.5370123}
2026-09-26T23:55:26.537+03:00 [RX telemetry] {"data_b64":"ZGluZz0wCg==","description":"ble:LoRa-Chatter-72E0 E0:72:A1:D5:4C:15","device_key":"ble-address:e0:72:a1:d5:4c:15","kind":"rx","seq":1141,"session":"s2","stream":"telemetry","text":"ding=0\n","timestamp":1790456126.5370533}
2026-09-26T23:55:26.538+03:00 [RX telemetry] {"data_b64":"U0VTU0lPTiBESU8wX1RYIGFmZmU=","description":"ble:LoRa-Chatter-72E0 E0:72:A1:D5:4C:15","device_key":"ble-address:e0:72:a1:d5:4c:15","kind":"rx","seq":1142,"session":"s2","stream":"telemetry","text":"SESSION DIO0_TX affe","timestamp":1790456126.5383604}
2026-09-26T23:55:26.539+03:00 [RX telemetry] {"data_b64":"Y3RlZD0wLzE4IGVwaXNvZGVzPTA=","description":"ble:LoRa-Chatter-72E0 E0:72:A1:D5:4C:15","device_key":"ble-address:e0:72:a1:d5:4c:15","kind":"rx","seq":1143,"session":"s2","stream":"telemetry","text":"cted=0/18 episodes=0","timestamp":1790456126.5384247}
2026-09-26T23:55:26.539+03:00 [RX telemetry] {"data_b64":"IGF2Z19hbGw9MC4wMCBhdmdfYWY=","description":"ble:LoRa-Chatter-72E0 E0:72:A1:D5:4C:15","device_key":"ble-address:e0:72:a1:d5:4c:15","kind":"rx","seq":1144,"session":"s2","stream":"telemetry","text":" avg_all=0.00 avg_af","timestamp":1790456126.5395918}
2026-09-26T23:55:26.540+03:00 [RX telemetry] {"data_b64":"ZmVjdGVkPTAuMDAgaGlnaF9wb2w=","description":"ble:LoRa-Chatter-72E0 E0:72:A1:D5:4C:15","device_key":"ble-address:e0:72:a1:d5:4c:15","kind":"rx","seq":1145,"session":"s2","stream":"telemetry","text":"fected=0.00 high_pol","timestamp":1790456126.5396569}
2026-09-26T23:55:26.540+03:00 [RX telemetry] {"data_b64":"bHM9MAo=","description":"ble:LoRa-Chatter-72E0 E0:72:A1:D5:4C:15","device_key":"ble-address:e0:72:a1:d5:4c:15","kind":"rx","seq":1146,"session":"s2","stream":"telemetry","text":"ls=0\n","timestamp":1790456126.5406508}
2026-09-26T23:55:26.541+03:00 [RX telemetry] {"data_b64":"U0VTU0lPTiBSWF9QT0xMIHBvbGw=","description":"ble:LoRa-Chatter-72E0 E0:72:A1:D5:4C:15","device_key":"ble-address:e0:72:a1:d5:4c:15","kind":"rx","seq":1147,"session":"s2","stream":"telemetry","text":"SESSION RX_POLL poll","timestamp":1790456126.5407116}
2026-09-26T23:55:26.541+03:00 [RX telemetry] {"data_b64":"cz0xNDgxOTMgcnhkb25lPTE5IGk=","description":"ble:LoRa-Chatter-72E0 E0:72:A1:D5:4C:15","device_key":"ble-address:e0:72:a1:d5:4c:15","kind":"rx","seq":1148,"session":"s2","stream":"telemetry","text":"s=148193 rxdone=19 i","timestamp":1790456126.54074}
2026-09-26T23:55:26.542+03:00 [RX telemetry] {"data_b64":"bnRlcnZhbD0xMDAwdXMgRElPMF8=","description":"ble:LoRa-Chatter-72E0 E0:72:A1:D5:4C:15","device_key":"ble-address:e0:72:a1:d5:4c:15","kind":"rx","seq":1149,"session":"s2","stream":"telemetry","text":"nterval=1000us DIO0_","timestamp":1790456126.5422044}
2026-09-26T23:55:26.543+03:00 [RX telemetry] {"data_b64":"UlggZmFsc2VfaGlnaF9lcD0wIGg=","description":"ble:LoRa-Chatter-72E0 E0:72:A1:D5:4C:15","device_key":"ble-address:e0:72:a1:d5:4c:15","kind":"rx","seq":1150,"session":"s2","stream":"telemetry","text":"RX false_high_ep=0 h","timestamp":1790456126.5429394}
2026-09-26T23:55:26.543+03:00 [RX telemetry] {"data_b64":"aWdoX3BvbGxzPTAgcnhkb25lX2w=","description":"ble:LoRa-Chatter-72E0 E0:72:A1:D5:4C:15","device_key":"ble-address:e0:72:a1:d5:4c:15","kind":"rx","seq":1151,"session":"s2","stream":"telemetry","text":"igh_polls=0 rxdone_l","timestamp":1790456126.5429854}
2026-09-26T23:55:26.573+03:00 [RX telemetry] {"data_b64":"b3c9MCBpc3I9ZGlzYWJsZWQK","description":"ble:LoRa-Chatter-72E0 E0:72:A1:D5:4C:15","device_key":"ble-address:e0:72:a1:d5:4c:15","kind":"rx","seq":1152,"session":"s2","stream":"telemetry","text":"ow=0 isr=disabled\n","timestamp":1790456126.572878}
2026-09-26T23:55:35.183+03:00 [AGENT REQUEST] {"id":10005,"op":"send_line","session":"s1","text":"/config"}
2026-09-26T23:55:35.183+03:00 [TX] {"data_b64":"L2NvbmZpZwo=","device_key":"ble-address:44:1b:f6:8d:b7:a9","kind":"tx","seq":1140,"session":"s1","text":"/config","timestamp":1790456135.1833658,"tx_id":37,"tx_state":"queued"}
2026-09-26T23:55:35.184+03:00 [AGENT RESPONSE] {"id":10005,"ok":true,"result":{"state":"queued","tx_id":37}}
2026-09-26T23:55:35.184+03:00 [AGENT REQUEST] {"id":10006,"op":"send_line","session":"s2","text":"/config"}
2026-09-26T23:55:35.184+03:00 [TX] {"data_b64":"L2NvbmZpZwo=","device_key":"ble-address:e0:72:a1:d5:4c:15","kind":"tx","seq":1153,"session":"s2","text":"/config","timestamp":1790456135.184419,"tx_id":35,"tx_state":"queued"}
2026-09-26T23:55:35.185+03:00 [AGENT RESPONSE] {"id":10006,"ok":true,"result":{"state":"queued","tx_id":35}}
2026-09-26T23:55:35.185+03:00 [TX] {"data_b64":"L2NvbmZpZwo=","description":"ble:LoRa-Chatter-1B44 44:1B:F6:8D:B7:A9","device_key":"ble-address:44:1b:f6:8d:b7:a9","kind":"tx","seq":1141,"session":"s1","text":"/config","timestamp":1790456135.185155,"tx_id":37,"tx_state":"written"}
2026-09-26T23:55:35.185+03:00 [AGENT REQUEST] {"id":10007,"op":"observe","cursors":{"s1":1139,"s2":1127},"timeout_ms":5000}
2026-09-26T23:55:35.186+03:00 [TX] {"data_b64":"L2NvbmZpZwo=","description":"ble:LoRa-Chatter-72E0 E0:72:A1:D5:4C:15","device_key":"ble-address:e0:72:a1:d5:4c:15","kind":"tx","seq":1154,"session":"s2","text":"/config","timestamp":1790456135.185617,"tx_id":35,"tx_state":"written"}
2026-09-26T23:55:35.186+03:00 [AGENT RESPONSE] {"id":10007,"ok":true,"result":{"cursors":{"s1":1141,"s2":1154},"lines":[{"seq_first":1128,"seq_last":1128,"session":"s2","stream":"telemetry","text":""},{"seq_first":1128,"seq_last":1137,"session":"s2","stream":"telemetry","text":"SESSION t=180s TX ok=18 user=8 echo_req=0 echo_rep=0 hb=0(idle=0) err=0 started=18 RX ok=18 user=10 echo_req=0 echo_rep=0 hb=0 crc=1 hdr=0 bad=0 readerr=0 reports=18 Q=100% drops=0 fatal=0"},{"seq_first":1138,"seq_last":1141,"session":"s2","stream":"telemetry","text":"SESSION COURTESY window=5000ms peer_release=0 expired=0 yielding=0"},{"seq_first":1142,"seq_last":1146,"session":"s2","stream":"telemetry","text":"SESSION DIO0_TX affected=0/18 episodes=0 avg_all=0.00 avg_affected=0.00 high_polls=0"},{"seq_first":1147,"seq_last":1152,"session":"s2","stream":"telemetry","text":"SESSION RX_POLL polls=148193 rxdone=19 interval=1000us DIO0_RX false_high_ep=0 high_polls=0 rxdone_low=0 isr=disabled"}],"timed_out":false}}
2026-09-26T23:55:35.254+03:00 [RX chat] {"data_b64":"W1NZU10gQ0ZHIHNjaGVtYT0yIHM=","description":"ble:LoRa-Chatter-1B44 44:1B:F6:8D:B7:A9","device_key":"ble-address:44:1b:f6:8d:b7:a9","kind":"rx","seq":1142,"session":"s1","stream":"chat","text":"[SYS] CFG schema=2 s","timestamp":1790456135.2538364}
2026-09-26T23:55:35.255+03:00 [RX chat] {"data_b64":"dG9yYWdlPU5WUyBmcmVxX29vYj0=","description":"ble:LoRa-Chatter-1B44 44:1B:F6:8D:B7:A9","device_key":"ble-address:44:1b:f6:8d:b7:a9","kind":"rx","seq":1143,"session":"s1","stream":"chat","text":"torage=NVS freq_oob=","timestamp":1790456135.2539687}
2026-09-26T23:55:35.256+03:00 [RX chat] {"data_b64":"T0ZGCg==","description":"ble:LoRa-Chatter-1B44 44:1B:F6:8D:B7:A9","device_key":"ble-address:44:1b:f6:8d:b7:a9","kind":"rx","seq":1144,"session":"s1","stream":"chat","text":"OFF\n","timestamp":1790456135.2556794}
2026-09-26T23:55:35.256+03:00 [RX chat] {"data_b64":"W1NZU10gQ0ZHIFJBRElPIHBvd2U=","description":"ble:LoRa-Chatter-1B44 44:1B:F6:8D:B7:A9","device_key":"ble-address:44:1b:f6:8d:b7:a9","kind":"rx","seq":1145,"session":"s1","stream":"chat","text":"[SYS] CFG RADIO powe","timestamp":1790456135.2560537}
2026-09-26T23:55:35.258+03:00 [RX chat] {"data_b64":"W1NZU10gQ0ZHIHNjaGVtYT0yIHM=","description":"ble:LoRa-Chatter-72E0 E0:72:A1:D5:4C:15","device_key":"ble-address:e0:72:a1:d5:4c:15","kind":"rx","seq":1155,"session":"s2","stream":"chat","text":"[SYS] CFG schema=2 s","timestamp":1790456135.2582874}
2026-09-26T23:55:35.260+03:00 [RX chat] {"data_b64":"dG9yYWdlPU5WUyBmcmVxX29vYj0=","description":"ble:LoRa-Chatter-72E0 E0:72:A1:D5:4C:15","device_key":"ble-address:e0:72:a1:d5:4c:15","kind":"rx","seq":1156,"session":"s2","stream":"chat","text":"torage=NVS freq_oob=","timestamp":1790456135.2598174}
2026-09-26T23:55:35.261+03:00 [RX chat] {"data_b64":"T0ZGCg==","description":"ble:LoRa-Chatter-72E0 E0:72:A1:D5:4C:15","device_key":"ble-address:e0:72:a1:d5:4c:15","kind":"rx","seq":1157,"session":"s2","stream":"chat","text":"OFF\n","timestamp":1790456135.2598867}
2026-09-26T23:55:35.261+03:00 [RX chat] {"data_b64":"W1NZU10gQ0ZHIFJBRElPIHBvd2U=","description":"ble:LoRa-Chatter-72E0 E0:72:A1:D5:4C:15","device_key":"ble-address:e0:72:a1:d5:4c:15","kind":"rx","seq":1158,"session":"s2","stream":"chat","text":"[SYS] CFG RADIO powe","timestamp":1790456135.2604795}
2026-09-26T23:55:35.261+03:00 [RX chat] {"data_b64":"cj0yIGRCbSBmcmVxPTQ3MCBNSHo=","description":"ble:LoRa-Chatter-72E0 E0:72:A1:D5:4C:15","device_key":"ble-address:e0:72:a1:d5:4c:15","kind":"rx","seq":1159,"session":"s2","stream":"chat","text":"r=2 dBm freq=470 MHz","timestamp":1790456135.261128}
2026-09-26T23:55:35.262+03:00 [RX chat] {"data_b64":"IHNmPTcgYnc9NTAwIGtIego=","description":"ble:LoRa-Chatter-72E0 E0:72:A1:D5:4C:15","device_key":"ble-address:e0:72:a1:d5:4c:15","kind":"rx","seq":1160,"session":"s2","stream":"chat","text":" sf=7 bw=500 kHz\n","timestamp":1790456135.2621317}
2026-09-26T23:55:35.264+03:00 [RX chat] {"data_b64":"W1NZU10gQ0ZHIExJTksgaGVhcnQ=","description":"ble:LoRa-Chatter-72E0 E0:72:A1:D5:4C:15","device_key":"ble-address:e0:72:a1:d5:4c:15","kind":"rx","seq":1161,"session":"s2","stream":"chat","text":"[SYS] CFG LINK heart","timestamp":1790456135.2633362}
2026-09-26T23:55:35.264+03:00 [RX chat] {"data_b64":"YmVhdD1PRkYgcmV0cnk9T04gYXQ=","description":"ble:LoRa-Chatter-72E0 E0:72:A1:D5:4C:15","device_key":"ble-address:e0:72:a1:d5:4c:15","kind":"rx","seq":1162,"session":"s2","stream":"chat","text":"beat=OFF retry=ON at","timestamp":1790456135.2634525}
2026-09-26T23:55:35.265+03:00 [RX chat] {"data_b64":"dGVtcHRzPTUgZGlhZz1PRkYK","description":"ble:LoRa-Chatter-72E0 E0:72:A1:D5:4C:15","device_key":"ble-address:e0:72:a1:d5:4c:15","kind":"rx","seq":1163,"session":"s2","stream":"chat","text":"tempts=5 diag=OFF\n","timestamp":1790456135.264443}
2026-09-26T23:55:35.299+03:00 [RX chat] {"data_b64":"cj0yIGRCbSBmcmVxPTQ3MCBNSHo=","description":"ble:LoRa-Chatter-1B44 44:1B:F6:8D:B7:A9","device_key":"ble-address:44:1b:f6:8d:b7:a9","kind":"rx","seq":1146,"session":"s1","stream":"chat","text":"r=2 dBm freq=470 MHz","timestamp":1790456135.2976446}
2026-09-26T23:55:35.299+03:00 [RX chat] {"data_b64":"IHNmPTcgYnc9NTAwIGtIego=","description":"ble:LoRa-Chatter-1B44 44:1B:F6:8D:B7:A9","device_key":"ble-address:44:1b:f6:8d:b7:a9","kind":"rx","seq":1147,"session":"s1","stream":"chat","text":" sf=7 bw=500 kHz\n","timestamp":1790456135.2977843}
2026-09-26T23:55:35.302+03:00 [RX chat] {"data_b64":"W1NZU10gQ0ZHIExJTksgaGVhcnQ=","description":"ble:LoRa-Chatter-1B44 44:1B:F6:8D:B7:A9","device_key":"ble-address:44:1b:f6:8d:b7:a9","kind":"rx","seq":1148,"session":"s1","stream":"chat","text":"[SYS] CFG LINK heart","timestamp":1790456135.3019617}
2026-09-26T23:55:35.344+03:00 [RX chat] {"data_b64":"YmVhdD1PRkYgcmV0cnk9T04gYXQ=","description":"ble:LoRa-Chatter-1B44 44:1B:F6:8D:B7:A9","device_key":"ble-address:44:1b:f6:8d:b7:a9","kind":"rx","seq":1149,"session":"s1","stream":"chat","text":"beat=OFF retry=ON at","timestamp":1790456135.3436081}
2026-09-26T23:55:35.344+03:00 [RX chat] {"data_b64":"dGVtcHRzPTUgZGlhZz1PRkYK","description":"ble:LoRa-Chatter-1B44 44:1B:F6:8D:B7:A9","device_key":"ble-address:44:1b:f6:8d:b7:a9","kind":"rx","seq":1150,"session":"s1","stream":"chat","text":"tempts=5 diag=OFF\n","timestamp":1790456135.3436842}
2026-09-26T23:55:47.875+03:00 [AGENT REQUEST] {"id":10008,"op":"observe","cursors":{"s1":1141,"s2":1154},"timeout_ms":5000}
2026-09-26T23:55:47.876+03:00 [AGENT RESPONSE] {"id":10008,"ok":true,"result":{"cursors":{"s1":1150,"s2":1163},"lines":[{"seq_first":1142,"seq_last":1144,"session":"s1","stream":"chat","text":"[SYS] CFG schema=2 storage=NVS freq_oob=OFF"},{"seq_first":1155,"seq_last":1157,"session":"s2","stream":"chat","text":"[SYS] CFG schema=2 storage=NVS freq_oob=OFF"},{"seq_first":1158,"seq_last":1160,"session":"s2","stream":"chat","text":"[SYS] CFG RADIO power=2 dBm freq=470 MHz sf=7 bw=500 kHz"},{"seq_first":1161,"seq_last":1163,"session":"s2","stream":"chat","text":"[SYS] CFG LINK heartbeat=OFF retry=ON attempts=5 diag=OFF"},{"seq_first":1145,"seq_last":1147,"session":"s1","stream":"chat","text":"[SYS] CFG RADIO power=2 dBm freq=470 MHz sf=7 bw=500 kHz"},{"seq_first":1148,"seq_last":1150,"session":"s1","stream":"chat","text":"[SYS] CFG LINK heartbeat=OFF retry=ON attempts=5 diag=OFF"}],"timed_out":false}}
2026-09-26T23:56:06.190+03:00 [AGENT REQUEST] {"id":10009,"op":"close","session":"s1"}
2026-09-26T23:56:06.304+03:00 [RX telemetry] {"data_b64":"ClNFU1NJT04gdD05NjBzIFRYIG8=","description":"ble:LoRa-Chatter-1B44 44:1B:F6:8D:B7:A9","device_key":"ble-address:44:1b:f6:8d:b7:a9","kind":"rx","seq":1151,"session":"s1","stream":"telemetry","text":"\nSESSION t=960s TX o","timestamp":1790456166.3046095}
2026-09-26T23:56:09.049+03:00 [STATE] {"description":"ble:LoRa-Chatter-1B44 44:1B:F6:8D:B7:A9","device_key":"ble-address:44:1b:f6:8d:b7:a9","kind":"state","seq":1152,"session":"s1","state":"closed","timestamp":1790456169.0490456}
2026-09-26T23:56:09.051+03:00 [AGENT RESPONSE] {"id":10009,"ok":true,"result":{"session":"s1","state":"closed"}}
2026-09-26T23:56:09.051+03:00 [AGENT REQUEST] {"id":10010,"op":"close","session":"s2"}
2026-09-26T23:56:11.076+03:00 [STATE] {"description":"ble:LoRa-Chatter-72E0 E0:72:A1:D5:4C:15","device_key":"ble-address:e0:72:a1:d5:4c:15","kind":"state","seq":1164,"session":"s2","state":"closed","timestamp":1790456171.0765362}
2026-09-26T23:56:11.077+03:00 [AGENT RESPONSE] {"id":10010,"ok":true,"result":{"session":"s2","state":"closed"}}
2026-09-26T23:56:18.507+03:00 [RUN] {"event":"stop","pid":18034}
